# Blender 5.0.1
# www.blender.org
mtllib AntebrazoIzquierdo_Manato.mtl
g Antebrazo_Izquierdo_Manato_Norano_Body_1.001
v 0.383471 1.324463 -0.194335 0.5019 0.5019 0.0000
v 0.413593 1.332855 -0.236883 0.5019 0.5019 0.0000
v 0.404994 1.333619 -0.210050 0.5019 0.5019 0.0000
v 0.410603 1.325189 -0.262095 0.5019 0.5019 0.0000
v 0.401021 1.313566 -0.285879 0.5019 0.5019 0.0000
v 0.318810 1.277289 -0.225620 0.5019 0.5019 0.0000
v 0.328341 1.288545 -0.203358 0.5019 0.5019 0.0000
v 0.338855 1.277287 -0.201569 0.5019 0.5019 0.0000
v 0.330193 1.263098 -0.223021 0.5019 0.5019 0.0000
v 0.336888 1.258962 -0.253639 0.5019 0.5019 0.0000
v 0.325339 1.270968 -0.256335 0.5019 0.5019 0.0000
v 0.345805 1.301705 -0.189715 0.5019 0.5019 0.0000
v 0.364672 1.313274 -0.190022 0.5019 0.5019 0.0000
v 0.374970 1.302185 -0.190503 0.5019 0.5019 0.0000
v 0.357642 1.291126 -0.192489 0.5019 0.5019 0.0000
v 0.415876 1.323175 -0.202310 0.5019 0.5019 0.0000
v 0.393581 1.313473 -0.188635 0.5019 0.5019 0.0000
v 0.423069 1.324497 -0.231046 0.5019 0.5019 0.0000
v 0.420683 1.314610 -0.256136 0.5019 0.5019 0.0000
v 0.411124 1.301952 -0.280187 0.5019 0.5019 0.0000
v 0.386425 1.298881 -0.302438 0.5019 0.5019 0.0000
v 0.398577 1.286405 -0.297292 0.5019 0.5019 0.0000
v 0.367212 1.285578 -0.299469 0.5019 0.5019 0.0000
v 0.380046 1.273505 -0.294291 0.5019 0.5019 0.0000
v 0.345336 1.274647 -0.281257 0.5019 0.5019 0.0000
v 0.357047 1.263037 -0.276932 0.5019 0.5019 0.0000
v 0.325339 1.270968 -0.256335 0.5019 0.5019 0.0000
v 0.349535 1.265506 -0.196957 0.5019 0.5019 0.0000
v 0.339541 1.253211 -0.217114 0.5019 0.5019 0.0000
v 0.346176 1.246518 -0.252008 0.5019 0.5019 0.0000
v 0.369049 1.279502 -0.189471 0.5019 0.5019 0.0000
v 0.413254 1.271284 -0.292343 0.5019 0.5019 0.0000
v 0.433953 1.302827 -0.249350 0.5019 0.5019 0.0000
v 0.430605 1.316376 -0.224412 0.5019 0.5019 0.0000
v 0.437378 1.311205 -0.219318 0.5019 0.5019 0.0000
v 0.420781 1.317063 -0.200435 0.5019 0.5019 0.0000
v 0.402706 1.306236 -0.186504 0.5019 0.5019 0.0000
v 0.385103 1.291503 -0.186594 0.5019 0.5019 0.0000
v 0.336888 1.258962 -0.253639 0.5019 0.5019 0.0000
v 0.346176 1.246518 -0.252008 0.5019 0.5019 0.0000
v 0.369097 1.249799 -0.274126 0.5019 0.5019 0.0000
v 0.394538 1.259616 -0.287987 0.5019 0.5019 0.0000
v 0.397857 1.277312 -0.177608 0.5019 0.5019 0.0000
v 0.381874 1.265429 -0.181352 0.5019 0.5019 0.0000
v 0.415778 1.294444 -0.180789 0.5019 0.5019 0.0000
v 0.416688 1.257848 -0.168696 0.5019 0.5019 0.0000
v 0.397875 1.246627 -0.170600 0.5019 0.5019 0.0000
v 0.418166 1.292150 -0.178885 0.5019 0.5019 0.0000
v 0.438776 1.269714 -0.172318 0.5019 0.5019 0.0000
v 0.432617 1.243687 -0.161382 0.5019 0.5019 0.0000
v 0.407841 1.235818 -0.166236 0.5019 0.5019 0.0000
v 0.448658 1.254826 -0.165873 0.5019 0.5019 0.0000
v 0.431160 1.307567 -0.195724 0.5019 0.5019 0.0000
v 0.434075 1.305777 -0.193941 0.5019 0.5019 0.0000
v 0.437631 1.301561 -0.191652 0.5019 0.5019 0.0000
v 0.453642 1.280231 -0.185019 0.5019 0.5019 0.0000
v 0.455783 1.280719 -0.183318 0.5019 0.5019 0.0000
v 0.364490 1.246981 -0.184749 0.5019 0.5019 0.0000
v 0.392174 1.219876 -0.171601 0.5019 0.5019 0.0000
v 0.378404 1.232326 -0.175006 0.5019 0.5019 0.0000
v 0.361656 1.250725 -0.187408 0.5019 0.5019 0.0000
v 0.350807 1.237702 -0.207415 0.5019 0.5019 0.0000
v 0.354945 1.232773 -0.203253 0.5019 0.5019 0.0000
v 0.352975 1.230786 -0.201113 0.5019 0.5019 0.0000
v 0.380210 1.205972 -0.190132 0.5019 0.5019 0.0000
v 0.366019 1.217373 -0.195120 0.5019 0.5019 0.0000
v 0.351915 1.230942 -0.230165 0.5019 0.5019 0.0000
v 0.354229 1.227730 -0.227811 0.5019 0.5019 0.0000
v 0.368105 1.209937 -0.224274 0.5019 0.5019 0.0000
v 0.353890 1.225891 -0.227775 0.5019 0.5019 0.0000
v 0.378899 1.199052 -0.220691 0.5019 0.5019 0.0000
v 0.351915 1.230942 -0.230165 0.5019 0.5019 0.0000
v 0.364021 1.229538 -0.253933 0.5019 0.5019 0.0000
v 0.354229 1.227730 -0.227811 0.5019 0.5019 0.0000
v 0.380778 1.209729 -0.248348 0.5019 0.5019 0.0000
v 0.353890 1.225891 -0.227775 0.5019 0.5019 0.0000
v 0.368105 1.209937 -0.224274 0.5019 0.5019 0.0000
v 0.387344 1.202561 -0.245588 0.5019 0.5019 0.0000
v 0.388875 1.190872 -0.219016 0.5019 0.5019 0.0000
v 0.388707 1.193267 -0.219816 0.5019 0.5019 0.0000
v 0.389724 1.199399 -0.189768 0.5019 0.5019 0.0000
v 0.394860 1.195206 -0.243851 0.5019 0.5019 0.0000
v 0.393850 1.197282 -0.243335 0.5019 0.5019 0.0000
v 0.388707 1.193267 -0.219816 0.5019 0.5019 0.0000
v 0.388875 1.190872 -0.219016 0.5019 0.5019 0.0000
v 0.411596 1.183166 -0.185642 0.5019 0.5019 0.0000
v 0.411019 1.176572 -0.213318 0.5019 0.5019 0.0000
v 0.411019 1.176572 -0.213318 0.5019 0.5019 0.0000
v 0.402102 1.190642 -0.242052 0.5019 0.5019 0.0000
v 0.381541 1.198936 -0.221120 0.5019 0.5019 0.0000
v 0.382974 1.205815 -0.191346 0.5019 0.5019 0.0000
v 0.400201 1.213258 -0.169812 0.5019 0.5019 0.0000
v 0.417615 1.198974 -0.167340 0.5019 0.5019 0.0000
v 0.424917 1.287811 -0.272339 0.5019 0.5019 0.0000
v 0.437805 1.301966 -0.248127 0.5019 0.5019 0.0000
v 0.440929 1.310447 -0.217398 0.5019 0.5019 0.0000
v 0.447349 1.304250 -0.213135 0.5019 0.5019 0.0000
v 0.462367 1.284604 -0.203797 0.5019 0.5019 0.0000
v 0.466089 1.285907 -0.202010 0.5019 0.5019 0.0000
v 0.447838 1.292520 -0.242251 0.5019 0.5019 0.0000
v 0.463429 1.283103 -0.219867 0.5019 0.5019 0.0000
v 0.466679 1.283947 -0.220272 0.5019 0.5019 0.0000
v 0.476232 1.266531 -0.196991 0.5019 0.5019 0.0000
v 0.439311 1.275105 -0.265647 0.5019 0.5019 0.0000
v 0.450718 1.263732 -0.260102 0.5019 0.5019 0.0000
v 0.460549 1.278175 -0.235174 0.5019 0.5019 0.0000
v 0.463419 1.277816 -0.235164 0.5019 0.5019 0.0000
v 0.477861 1.259014 -0.222646 0.5019 0.5019 0.0000
v 0.453675 1.261266 -0.259006 0.5019 0.5019 0.0000
v 0.471961 1.244030 -0.248651 0.5019 0.5019 0.0000
v 0.427099 1.257802 -0.283923 0.5019 0.5019 0.0000
v 0.438464 1.246504 -0.277354 0.5019 0.5019 0.0000
v 0.408151 1.242886 -0.282498 0.5019 0.5019 0.0000
v 0.460210 1.241057 -0.160590 0.5019 0.5019 0.0000
v 0.446206 1.228944 -0.155477 0.5019 0.5019 0.0000
v 0.479007 1.218554 -0.156809 0.5019 0.5019 0.0000
v 0.466803 1.208430 -0.151103 0.5019 0.5019 0.0000
v 0.431241 1.214516 -0.158300 0.5019 0.5019 0.0000
v 0.415106 1.228215 -0.163409 0.5019 0.5019 0.0000
v 0.453328 1.193503 -0.153835 0.5019 0.5019 0.0000
v 0.466484 1.263343 -0.178345 0.5019 0.5019 0.0000
v 0.475057 1.247785 -0.175387 0.5019 0.5019 0.0000
v 0.483303 1.249801 -0.193651 0.5019 0.5019 0.0000
v 0.485710 1.244080 -0.216589 0.5019 0.5019 0.0000
v 0.499780 1.223007 -0.207893 0.5019 0.5019 0.0000
v 0.497139 1.227953 -0.186672 0.5019 0.5019 0.0000
v 0.490083 1.224489 -0.169003 0.5019 0.5019 0.0000
v 0.481134 1.231406 -0.241177 0.5019 0.5019 0.0000
v 0.494993 1.211195 -0.229946 0.5019 0.5019 0.0000
v 0.440571 1.243817 -0.276088 0.5019 0.5019 0.0000
v 0.458761 1.226311 -0.266204 0.5019 0.5019 0.0000
v 0.469543 1.215114 -0.257128 0.5019 0.5019 0.0000
v 0.484831 1.196862 -0.244918 0.5019 0.5019 0.0000
v 0.435961 1.161277 -0.209957 0.5019 0.5019 0.0000
v 0.433089 1.168443 -0.183479 0.5019 0.5019 0.0000
v 0.438976 1.178276 -0.164252 0.5019 0.5019 0.0000
v 0.450682 1.153689 -0.183260 0.5019 0.5019 0.0000
v 0.453624 1.150403 -0.206091 0.5019 0.5019 0.0000
v 0.455639 1.162490 -0.162482 0.5019 0.5019 0.0000
v 0.435961 1.161277 -0.209957 0.5019 0.5019 0.0000
v 0.446868 1.164425 -0.231962 0.5019 0.5019 0.0000
v 0.421650 1.176923 -0.236440 0.5019 0.5019 0.0000
v 0.509319 1.205236 -0.201797 0.5019 0.5019 0.0000
v 0.507965 1.209842 -0.181583 0.5019 0.5019 0.0000
v 0.504556 1.195771 -0.220401 0.5019 0.5019 0.0000
v 0.438699 1.209633 -0.266354 0.5019 0.5019 0.0000
v 0.421878 1.226646 -0.275902 0.5019 0.5019 0.0000
v 0.451224 1.196036 -0.258023 0.5019 0.5019 0.0000
v 0.384179 1.232853 -0.271484 0.5019 0.5019 0.0000
v 0.398694 1.213308 -0.264635 0.5019 0.5019 0.0000
v 0.401507 1.211396 -0.262510 0.5019 0.5019 0.0000
v 0.405379 1.206922 -0.262162 0.5019 0.5019 0.0000
v 0.403980 1.209093 -0.262002 0.5019 0.5019 0.0000
v 0.417295 1.197126 -0.256623 0.5019 0.5019 0.0000
v 0.434881 1.183957 -0.248537 0.5019 0.5019 0.0000
v 0.466581 1.179423 -0.247865 0.5019 0.5019 0.0000
v 0.468427 1.178721 -0.150288 0.5019 0.5019 0.0000
v 0.481882 1.193300 -0.148419 0.5019 0.5019 0.0000
v 0.453624 1.150403 -0.206091 0.5019 0.5019 0.0000
v 0.464008 1.154520 -0.226431 0.5019 0.5019 0.0000
v 0.481207 1.131276 -0.202831 0.5019 0.5019 0.0000
v 0.473973 1.133654 -0.182074 0.5019 0.5019 0.0000
v 0.479367 1.165833 -0.237854 0.5019 0.5019 0.0000
v 0.527715 1.173732 -0.190287 0.5019 0.5019 0.0000
v 0.525284 1.178644 -0.171857 0.5019 0.5019 0.0000
v 0.523845 1.164328 -0.208349 0.5019 0.5019 0.0000
v 0.498091 1.206126 -0.160642 0.5019 0.5019 0.0000
v 0.495537 1.182235 -0.235180 0.5019 0.5019 0.0000
v 0.515369 1.153991 -0.220093 0.5019 0.5019 0.0000
v 0.501278 1.142488 -0.222719 0.5019 0.5019 0.0000
v 0.492408 1.135649 -0.216629 0.5019 0.5019 0.0000
v 0.487512 1.156630 -0.145134 0.5019 0.5019 0.0000
v 0.474146 1.141197 -0.162330 0.5019 0.5019 0.0000
v 0.501904 1.168585 -0.144133 0.5019 0.5019 0.0000
v 0.516643 1.177450 -0.155203 0.5019 0.5019 0.0000
v 0.388515 1.202342 -0.245381 0.5019 0.5019 0.0000
v 0.381541 1.198936 -0.221120 0.5019 0.5019 0.0000
v 0.378899 1.199052 -0.220691 0.5019 0.5019 0.0000
v 0.513618 1.153702 -0.141348 0.5019 0.5019 0.0000
v 0.500571 1.145170 -0.139959 0.5019 0.5019 0.0000
v 0.527860 1.159680 -0.150695 0.5019 0.5019 0.0000
v 0.490960 1.135821 -0.147659 0.5019 0.5019 0.0000
v 0.536513 1.160378 -0.166056 0.5019 0.5019 0.0000
v 0.486360 1.127818 -0.160525 0.5019 0.5019 0.0000
v 0.486584 1.121046 -0.177890 0.5019 0.5019 0.0000
v 0.494359 1.117896 -0.197719 0.5019 0.5019 0.0000
v 0.481207 1.131276 -0.202831 0.5019 0.5019 0.0000
v 0.494359 1.117896 -0.197719 0.5019 0.5019 0.0000
v 0.508771 1.122281 -0.211838 0.5019 0.5019 0.0000
v 0.523962 1.132490 -0.214722 0.5019 0.5019 0.0000
v 0.536576 1.146795 -0.203813 0.5019 0.5019 0.0000
v 0.540113 1.156272 -0.185692 0.5019 0.5019 0.0000
v 0.498132 1.103280 -0.173279 0.5019 1.0000 0.0000
v 0.513665 1.087664 -0.186088 0.5019 1.0000 0.0000
v 0.505145 1.101294 -0.192231 0.5019 1.0000 0.0000
v 0.544542 1.028900 -0.049684 0.5019 1.0000 0.0000
v 0.549980 1.029121 -0.046165 0.5019 1.0000 0.0000
v 0.549093 1.026210 -0.048341 0.5019 1.0000 0.0000
v 0.547396 1.145367 -0.183843 0.5019 0.5019 0.0000
v 0.544111 1.150572 -0.163088 0.5019 0.5019 0.0000
v 0.542452 1.135469 -0.202373 0.5019 0.5019 0.0000
v 0.529061 1.122800 -0.211800 0.5019 0.5019 0.0000
v 0.502384 1.110770 -0.193567 0.5019 0.5019 0.0000
v 0.515418 1.114684 -0.206860 0.5019 0.5019 0.0000
v 0.494290 1.118911 -0.158280 0.5019 0.5019 0.0000
v 0.495081 1.112898 -0.174783 0.5019 0.5019 0.0000
v 0.502384 1.110770 -0.193567 0.5019 0.5019 0.0000
v 0.497569 1.126900 -0.145106 0.5019 0.5019 0.0000
v 0.507418 1.136508 -0.136982 0.5019 0.5019 0.0000
v 0.559909 1.091903 -0.100977 0.5019 1.0000 0.0000
v 0.560443 1.105674 -0.111133 0.5019 1.0000 0.0000
v 0.570212 1.096742 -0.106685 0.5019 1.0000 0.0000
v 0.569755 1.088641 -0.099324 0.5019 1.0000 0.0000
v 0.566686 1.074259 -0.093656 0.5019 1.0000 0.0000
v 0.560642 1.070658 -0.097334 0.5019 1.0000 0.0000
v 0.556125 1.090149 -0.096913 0.5019 1.0000 0.0000
v 0.548466 1.106063 -0.106085 0.5019 1.0000 0.0000
v 0.577678 1.083170 -0.099463 0.5019 1.0000 0.0000
v 0.585200 1.086727 -0.113185 0.5019 1.0000 0.0000
v 0.568966 1.103632 -0.115231 0.5019 1.0000 0.0000
v 0.576210 1.100947 -0.121403 0.5019 1.0000 0.0000
v 0.549577 1.118281 -0.121034 0.5019 1.0000 0.0000
v 0.563776 1.114781 -0.129801 0.5019 1.0000 0.0000
v 0.547822 1.108490 -0.104727 0.5019 1.0000 0.0000
v 0.548382 1.127448 -0.138703 0.5019 1.0000 0.0000
v 0.532475 1.118355 -0.116631 0.5019 1.0000 0.0000
v 0.549577 1.118281 -0.121034 0.5019 1.0000 0.0000
v 0.531875 1.119847 -0.113706 0.5019 1.0000 0.0000
v 0.534736 1.123969 -0.124514 0.5019 1.0000 0.0000
v 0.532475 1.118355 -0.116631 0.5019 1.0000 0.0000
v 0.580188 1.097985 -0.142689 0.5019 1.0000 0.0000
v 0.569161 1.112676 -0.149211 0.5019 1.0000 0.0000
v 0.581560 1.089959 -0.168403 0.5019 1.0000 0.0000
v 0.570776 1.105816 -0.174602 0.5019 1.0000 0.0000
v 0.591260 1.084239 -0.136835 0.5019 1.0000 0.0000
v 0.591255 1.075849 -0.163411 0.5019 1.0000 0.0000
v 0.556126 1.126052 -0.155678 0.5019 1.0000 0.0000
v 0.568658 1.091361 -0.195135 0.5019 1.0000 0.0000
v 0.577238 1.078095 -0.191186 0.5019 1.0000 0.0000
v 0.554642 1.110765 -0.195866 0.5019 1.0000 0.0000
v 0.587276 1.062963 -0.184703 0.5019 1.0000 0.0000
v 0.581379 1.054591 -0.195025 0.5019 1.0000 0.0000
v 0.569832 1.068121 -0.200818 0.5019 1.0000 0.0000
v 0.563103 1.054138 -0.200575 0.5019 1.0000 0.0000
v 0.574174 1.044126 -0.196207 0.5019 1.0000 0.0000
v 0.555280 1.074009 -0.203051 0.5019 1.0000 0.0000
v 0.551494 1.065970 -0.201649 0.5019 1.0000 0.0000
v 0.553841 1.090584 -0.203463 0.5019 1.0000 0.0000
v 0.543799 1.072962 -0.201015 0.5019 1.0000 0.0000
v 0.542734 1.100729 -0.203709 0.5019 1.0000 0.0000
v 0.529666 1.092741 -0.201514 0.5019 1.0000 0.0000
v 0.603046 1.061899 -0.100079 0.5019 1.0000 0.0000
v 0.607153 1.053370 -0.095947 0.5019 1.0000 0.0000
v 0.601524 1.053116 -0.087208 0.5019 1.0000 0.0000
v 0.596367 1.060322 -0.090361 0.5019 1.0000 0.0000
v 0.600439 1.067161 -0.102608 0.5019 1.0000 0.0000
v 0.592580 1.064996 -0.092406 0.5019 1.0000 0.0000
v 0.602428 1.056379 -0.110052 0.5019 1.0000 0.0000
v 0.606942 1.048116 -0.104281 0.5019 1.0000 0.0000
v 0.600520 1.062968 -0.116416 0.5019 1.0000 0.0000
v 0.588862 1.055473 -0.086504 0.5019 1.0000 0.0000
v 0.593769 1.048916 -0.083406 0.5019 1.0000 0.0000
v 0.584323 1.060018 -0.087715 0.5019 1.0000 0.0000
v 0.608779 1.044019 -0.081061 0.5019 1.0000 0.0000
v 0.614561 1.043320 -0.089752 0.5019 1.0000 0.0000
v 0.600617 1.039885 -0.076839 0.5019 1.0000 0.0000
v 0.614869 1.038121 -0.097953 0.5019 1.0000 0.0000
v 0.597240 1.047630 -0.113320 0.5019 1.0000 0.0000
v 0.601207 1.040855 -0.108297 0.5019 1.0000 0.0000
v 0.609966 1.030700 -0.102518 0.5019 1.0000 0.0000
v 0.600309 1.023972 -0.100487 0.5019 1.0000 0.0000
v 0.609966 1.030700 -0.102518 0.5019 1.0000 0.0000
v 0.601207 1.040855 -0.108297 0.5019 1.0000 0.0000
v 0.593412 1.035240 -0.105558 0.5019 1.0000 0.0000
v 0.609966 1.030700 -0.102518 0.5019 1.0000 0.0000
v 0.609198 1.030158 -0.100374 0.5019 1.0000 0.0000
v 0.614046 1.037004 -0.096554 0.5019 1.0000 0.0000
v 0.614869 1.038121 -0.097953 0.5019 1.0000 0.0000
v 0.600309 1.023972 -0.100487 0.5019 1.0000 0.0000
v 0.601987 1.025411 -0.098797 0.5019 1.0000 0.0000
v 0.597240 1.047630 -0.113320 0.5019 1.0000 0.0000
v 0.588316 1.039946 -0.111568 0.5019 1.0000 0.0000
v 0.613521 1.041304 -0.089592 0.5019 1.0000 0.0000
v 0.614561 1.043320 -0.089752 0.5019 1.0000 0.0000
v 0.601650 1.038524 -0.077958 0.5019 1.0000 0.0000
v 0.600617 1.039885 -0.076839 0.5019 1.0000 0.0000
v 0.608779 1.044019 -0.081061 0.5019 1.0000 0.0000
v 0.608101 1.041629 -0.082623 0.5019 1.0000 0.0000
v 0.600617 1.039885 -0.076839 0.5019 1.0000 0.0000
v 0.593240 1.031632 -0.079452 0.5019 1.0000 0.0000
v 0.586680 1.041211 -0.085508 0.5019 1.0000 0.0000
v 0.593769 1.048916 -0.083406 0.5019 1.0000 0.0000
v 0.600617 1.039885 -0.076839 0.5019 1.0000 0.0000
v 0.601650 1.038524 -0.077958 0.5019 1.0000 0.0000
v 0.595085 1.031383 -0.080453 0.5019 1.0000 0.0000
v 0.593240 1.031632 -0.079452 0.5019 1.0000 0.0000
v 0.588862 1.055473 -0.086504 0.5019 1.0000 0.0000
v 0.581717 1.047379 -0.089014 0.5019 1.0000 0.0000
v 0.578555 1.040749 -0.099371 0.5019 1.0000 0.0000
v 0.585318 1.034496 -0.095877 0.5019 1.0000 0.0000
v 0.577856 1.051275 -0.089801 0.5019 1.0000 0.0000
v 0.584323 1.060018 -0.087715 0.5019 1.0000 0.0000
v 0.573133 1.043818 -0.101486 0.5019 1.0000 0.0000
v 0.592489 1.024291 -0.090180 0.5019 1.0000 0.0000
v 0.563103 1.054138 -0.200575 0.5019 1.0000 0.0000
v 0.555075 1.044121 -0.194186 0.5019 1.0000 0.0000
v 0.574174 1.044126 -0.196207 0.5019 1.0000 0.0000
v 0.549638 1.050222 -0.191512 0.5019 1.0000 0.0000
v 0.551494 1.065970 -0.201649 0.5019 1.0000 0.0000
v 0.540245 1.061406 -0.192537 0.5019 1.0000 0.0000
v 0.543799 1.072962 -0.201015 0.5019 1.0000 0.0000
v 0.529979 1.072180 -0.192507 0.5019 1.0000 0.0000
v 0.529666 1.092741 -0.201514 0.5019 1.0000 0.0000
v 0.520457 1.088812 -0.194119 0.5019 1.0000 0.0000
v 0.599574 1.073824 -0.118648 0.5019 1.0000 0.0000
v 0.601800 1.067423 -0.147198 0.5019 1.0000 0.0000
v 0.601455 1.071410 -0.133596 0.5019 1.0000 0.0000
v 0.596846 1.075003 -0.105480 0.5019 1.0000 0.0000
v 0.585957 1.071387 -0.094378 0.5019 1.0000 0.0000
v 0.598871 1.054663 -0.172941 0.5019 1.0000 0.0000
v 0.600807 1.061300 -0.161274 0.5019 1.0000 0.0000
v 0.595476 1.046175 -0.183428 0.5019 1.0000 0.0000
v 0.599318 1.068579 -0.117793 0.5019 1.0000 0.0000
v 0.597630 1.070873 -0.104089 0.5019 1.0000 0.0000
v 0.602212 1.066263 -0.132358 0.5019 1.0000 0.0000
v 0.602480 1.061979 -0.145505 0.5019 1.0000 0.0000
v 0.601354 1.056019 -0.160310 0.5019 1.0000 0.0000
v 0.599141 1.048895 -0.171157 0.5019 1.0000 0.0000
v 0.595515 1.041291 -0.182375 0.5019 1.0000 0.0000
v 0.590772 1.068750 -0.092460 0.5019 1.0000 0.0000
v 0.570962 1.072387 -0.093253 0.5019 1.0000 0.0000
v 0.577059 1.066510 -0.090989 0.5019 1.0000 0.0000
v 0.604733 1.061635 -0.130893 0.5019 1.0000 0.0000
v 0.604689 1.056862 -0.143677 0.5019 1.0000 0.0000
v 0.604069 1.051243 -0.158919 0.5019 1.0000 0.0000
v 0.600674 1.043245 -0.170144 0.5019 1.0000 0.0000
v 0.597063 1.037436 -0.181710 0.5019 1.0000 0.0000
v 0.606681 1.042860 -0.156098 0.5019 1.0000 0.0000
v 0.605929 1.042902 -0.145800 0.5019 1.0000 0.0000
v 0.603962 1.035281 -0.163908 0.5019 1.0000 0.0000
v 0.609801 1.032946 -0.152852 0.5019 1.0000 0.0000
v 0.606536 1.033754 -0.143960 0.5019 1.0000 0.0000
v 0.606847 1.028078 -0.160316 0.5019 1.0000 0.0000
v 0.605824 1.042433 -0.140607 0.5019 1.0000 0.0000
v 0.607961 1.048377 -0.137073 0.5019 1.0000 0.0000
v 0.608276 1.052907 -0.128034 0.5019 1.0000 0.0000
v 0.600237 1.034036 -0.138987 0.5019 1.0000 0.0000
v 0.600776 1.030868 -0.139170 0.5019 1.0000 0.0000
v 0.602815 1.051916 -0.117739 0.5019 1.0000 0.0000
v 0.618063 1.016379 -0.148190 0.5019 1.0000 0.0000
v 0.617276 1.014784 -0.147798 0.5019 1.0000 0.0000
v 0.614556 1.015735 -0.139753 0.5019 1.0000 0.0000
v 0.615845 1.017740 -0.139389 0.5019 1.0000 0.0000
v 0.617276 1.014784 -0.147798 0.5019 1.0000 0.0000
v 0.621970 1.007328 -0.145476 0.5019 1.0000 0.0000
v 0.619743 1.008424 -0.137451 0.5019 1.0000 0.0000
v 0.614556 1.015735 -0.139753 0.5019 1.0000 0.0000
v 0.615294 1.011998 -0.155410 0.5019 1.0000 0.0000
v 0.614813 1.010890 -0.153746 0.5019 1.0000 0.0000
v 0.614813 1.010890 -0.153746 0.5019 1.0000 0.0000
v 0.618642 1.002639 -0.151958 0.5019 1.0000 0.0000
v 0.615401 1.021028 -0.149447 0.5019 1.0000 0.0000
v 0.612723 1.022104 -0.140703 0.5019 1.0000 0.0000
v 0.612483 1.016330 -0.156822 0.5019 1.0000 0.0000
v 0.605790 1.019017 -0.135099 0.5019 1.0000 0.0000
v 0.609007 1.013046 -0.134681 0.5019 1.0000 0.0000
v 0.608597 1.014551 -0.133288 0.5019 1.0000 0.0000
v 0.613312 1.005529 -0.131873 0.5019 1.0000 0.0000
v 0.609007 1.013046 -0.134681 0.5019 1.0000 0.0000
v 0.597078 1.026140 -0.165441 0.5019 1.0000 0.0000
v 0.599433 1.021310 -0.162071 0.5019 1.0000 0.0000
v 0.605532 1.010587 -0.158739 0.5019 1.0000 0.0000
v 0.600340 1.031415 -0.172180 0.5019 1.0000 0.0000
v 0.599139 1.029998 -0.180208 0.5019 1.0000 0.0000
v 0.607058 1.042773 -0.115154 0.5019 1.0000 0.0000
v 0.612305 1.042547 -0.124110 0.5019 1.0000 0.0000
v 0.610725 1.036874 -0.133569 0.5019 1.0000 0.0000
v 0.612649 1.033569 -0.110515 0.5019 1.0000 0.0000
v 0.618447 1.033032 -0.120456 0.5019 1.0000 0.0000
v 0.598804 1.038060 -0.111592 0.5019 1.0000 0.0000
v 0.604348 1.028732 -0.106254 0.5019 1.0000 0.0000
v 0.616903 1.027336 -0.129481 0.5019 1.0000 0.0000
v 0.604688 1.030441 -0.136208 0.5019 1.0000 0.0000
v 0.609820 1.020212 -0.132837 0.5019 1.0000 0.0000
v 0.616036 1.030004 -0.108695 0.5019 1.0000 0.0000
v 0.606503 1.024193 -0.104267 0.5019 1.0000 0.0000
v 0.621477 1.029449 -0.118340 0.5019 1.0000 0.0000
v 0.589469 1.029827 -0.113980 0.5019 1.0000 0.0000
v 0.598804 1.038060 -0.111592 0.5019 1.0000 0.0000
v 0.604348 1.028732 -0.106254 0.5019 1.0000 0.0000
v 0.595915 1.021147 -0.109324 0.5019 1.0000 0.0000
v 0.606503 1.024193 -0.104267 0.5019 1.0000 0.0000
v 0.598379 1.016635 -0.107612 0.5019 1.0000 0.0000
v 0.563431 1.061641 -0.092887 0.5019 1.0000 0.0000
v 0.570962 1.072387 -0.093253 0.5019 1.0000 0.0000
v 0.577059 1.066510 -0.090989 0.5019 1.0000 0.0000
v 0.566686 1.074259 -0.093656 0.5019 1.0000 0.0000
v 0.570308 1.057479 -0.092008 0.5019 1.0000 0.0000
v 0.565421 1.048494 -0.102806 0.5019 1.0000 0.0000
v 0.558529 1.052655 -0.103070 0.5019 1.0000 0.0000
v 0.609820 1.020212 -0.132837 0.5019 1.0000 0.0000
v 0.604688 1.030441 -0.136208 0.5019 1.0000 0.0000
v 0.593053 1.025485 -0.133090 0.5019 1.0000 0.0000
v 0.600718 1.015035 -0.129422 0.5019 1.0000 0.0000
v 0.600237 1.034036 -0.138987 0.5019 1.0000 0.0000
v 0.590802 1.028417 -0.137214 0.5019 1.0000 0.0000
v 0.609007 1.013046 -0.134681 0.5019 1.0000 0.0000
v 0.613312 1.005529 -0.131873 0.5019 1.0000 0.0000
v 0.606401 0.999208 -0.133514 0.5019 1.0000 0.0000
v 0.601237 1.007922 -0.134898 0.5019 1.0000 0.0000
v 0.608597 1.014551 -0.133288 0.5019 1.0000 0.0000
v 0.609007 1.013046 -0.134681 0.5019 1.0000 0.0000
v 0.601237 1.007922 -0.134898 0.5019 1.0000 0.0000
v 0.599492 1.008490 -0.133661 0.5019 1.0000 0.0000
v 0.589103 1.023396 -0.138783 0.5019 1.0000 0.0000
v 0.600776 1.030868 -0.139170 0.5019 1.0000 0.0000
v 0.605790 1.019017 -0.135099 0.5019 1.0000 0.0000
v 0.596226 1.012598 -0.135238 0.5019 1.0000 0.0000
v 0.608510 1.006046 -0.157310 0.5019 1.0000 0.0000
v 0.608673 1.005413 -0.155970 0.5019 1.0000 0.0000
v 0.608673 1.005413 -0.155970 0.5019 1.0000 0.0000
v 0.613723 0.998458 -0.153925 0.5019 1.0000 0.0000
v 0.608673 1.005413 -0.155970 0.5019 1.0000 0.0000
v 0.608510 1.006046 -0.157310 0.5019 1.0000 0.0000
v 0.600345 1.001958 -0.153309 0.5019 1.0000 0.0000
v 0.601371 1.001720 -0.152442 0.5019 1.0000 0.0000
v 0.613723 0.998458 -0.153925 0.5019 1.0000 0.0000
v 0.608673 1.005413 -0.155970 0.5019 1.0000 0.0000
v 0.601371 1.001720 -0.152442 0.5019 1.0000 0.0000
v 0.607311 0.994632 -0.150523 0.5019 1.0000 0.0000
v 0.599433 1.021310 -0.162071 0.5019 1.0000 0.0000
v 0.590798 1.017825 -0.158952 0.5019 1.0000 0.0000
v 0.597440 1.007090 -0.154933 0.5019 1.0000 0.0000
v 0.605532 1.010587 -0.158739 0.5019 1.0000 0.0000
v 0.592773 1.021714 -0.162546 0.5019 1.0000 0.0000
v 0.590486 1.030877 -0.187703 0.5019 1.0000 0.0000
v 0.589357 1.033914 -0.190303 0.5019 1.0000 0.0000
v 0.593756 1.025652 -0.186023 0.5019 1.0000 0.0000
v 0.591824 1.039771 -0.190118 0.5019 1.0000 0.0000
v 0.602762 1.020193 -0.178859 0.5019 1.0000 0.0000
v 0.602904 1.021203 -0.170519 0.5019 1.0000 0.0000
v 0.598499 1.016583 -0.183805 0.5019 1.0000 0.0000
v 0.596777 1.018575 -0.164176 0.5019 1.0000 0.0000
v 0.584547 1.025390 -0.190404 0.5019 1.0000 0.0000
v 0.587329 1.020794 -0.187197 0.5019 1.0000 0.0000
v 0.579092 1.036118 -0.193078 0.5019 1.0000 0.0000
v 0.581692 1.029059 -0.191695 0.5019 1.0000 0.0000
v 0.579092 1.036118 -0.193078 0.5019 1.0000 0.0000
v 0.565231 1.035899 -0.190476 0.5019 1.0000 0.0000
v 0.570622 1.030083 -0.188652 0.5019 1.0000 0.0000
v 0.592617 1.012313 -0.184518 0.5019 1.0000 0.0000
v 0.607399 1.013443 -0.169850 0.5019 1.0000 0.0000
v 0.607424 1.012227 -0.177854 0.5019 1.0000 0.0000
v 0.610785 1.008656 -0.169397 0.5019 1.0000 0.0000
v 0.610510 1.007434 -0.177210 0.5019 1.0000 0.0000
v 0.602719 1.011312 -0.162378 0.5019 1.0000 0.0000
v 0.606563 1.006861 -0.161634 0.5019 1.0000 0.0000
v 0.603491 1.008820 -0.182788 0.5019 1.0000 0.0000
v 0.606340 1.003724 -0.182231 0.5019 1.0000 0.0000
v 0.592995 1.005472 -0.161043 0.5019 1.0000 0.0000
v 0.587905 1.012381 -0.162860 0.5019 1.0000 0.0000
v 0.595710 1.000268 -0.160031 0.5019 1.0000 0.0000
v 0.592773 1.021714 -0.162546 0.5019 1.0000 0.0000
v 0.587905 1.012381 -0.162860 0.5019 1.0000 0.0000
v 0.585445 1.021260 -0.160427 0.5019 1.0000 0.0000
v 0.579006 1.040099 -0.111831 0.5019 1.0000 0.0000
v 0.571141 1.039848 -0.112806 0.5019 1.0000 0.0000
v 0.563713 1.043505 -0.114711 0.5019 1.0000 0.0000
v 0.555759 1.046380 -0.116743 0.5019 1.0000 0.0000
v 0.584463 1.036031 -0.116476 0.5019 1.0000 0.0000
v 0.574972 1.034521 -0.126326 0.5019 1.0000 0.0000
v 0.581186 1.031816 -0.124756 0.5019 1.0000 0.0000
v 0.569867 1.035651 -0.125691 0.5019 1.0000 0.0000
v 0.554148 1.042728 -0.129409 0.5019 1.0000 0.0000
v 0.562887 1.039485 -0.127329 0.5019 1.0000 0.0000
v 0.544991 1.053409 -0.116230 0.5019 1.0000 0.0000
v 0.539577 1.053921 -0.137695 0.5019 1.0000 0.0000
v 0.556924 1.057779 -0.102741 0.5019 1.0000 0.0000
v 0.592489 1.024291 -0.090180 0.5019 1.0000 0.0000
v 0.594727 1.024959 -0.089780 0.5019 1.0000 0.0000
v 0.596720 1.004153 -0.183745 0.5019 1.0000 0.0000
v 0.587329 1.020794 -0.187197 0.5019 1.0000 0.0000
v 0.581120 1.016661 -0.183063 0.5019 1.0000 0.0000
v 0.586402 1.008752 -0.181531 0.5019 1.0000 0.0000
v 0.592617 1.012313 -0.184518 0.5019 1.0000 0.0000
v 0.584547 1.025390 -0.190404 0.5019 1.0000 0.0000
v 0.576901 1.021338 -0.185264 0.5019 1.0000 0.0000
v 0.596720 1.004153 -0.183745 0.5019 1.0000 0.0000
v 0.590713 1.000877 -0.180038 0.5019 1.0000 0.0000
v 0.581692 1.029059 -0.191695 0.5019 1.0000 0.0000
v 0.574270 1.024284 -0.186130 0.5019 1.0000 0.0000
v 0.552664 1.039418 -0.144184 0.5019 1.0000 0.0000
v 0.561808 1.035470 -0.141047 0.5019 1.0000 0.0000
v 0.551822 1.037736 -0.154865 0.5019 1.0000 0.0000
v 0.561276 1.032063 -0.153059 0.5019 1.0000 0.0000
v 0.541168 1.050596 -0.156226 0.5019 1.0000 0.0000
v 0.568689 1.031352 -0.138609 0.5019 1.0000 0.0000
v 0.568004 1.027057 -0.151417 0.5019 1.0000 0.0000
v 0.561205 1.029667 -0.164218 0.5019 1.0000 0.0000
v 0.568413 1.023803 -0.161510 0.5019 1.0000 0.0000
v 0.551312 1.036952 -0.167609 0.5019 1.0000 0.0000
v 0.575247 1.030556 -0.137836 0.5019 1.0000 0.0000
v 0.574314 1.025011 -0.151335 0.5019 1.0000 0.0000
v 0.576654 1.022244 -0.159369 0.5019 1.0000 0.0000
v 0.582950 1.029436 -0.133456 0.5019 1.0000 0.0000
v 0.582185 1.026643 -0.140996 0.5019 1.0000 0.0000
v 0.579695 1.021892 -0.150107 0.5019 1.0000 0.0000
v 0.552273 1.038422 -0.181650 0.5019 1.0000 0.0000
v 0.562451 1.029823 -0.177573 0.5019 1.0000 0.0000
v 0.542450 1.049523 -0.175609 0.5019 1.0000 0.0000
v 0.567989 1.023985 -0.175513 0.5019 1.0000 0.0000
v 0.570054 1.020783 -0.173975 0.5019 1.0000 0.0000
v 0.577973 1.018728 -0.163774 0.5019 1.0000 0.0000
v 0.575851 1.016287 -0.172875 0.5019 1.0000 0.0000
v 0.587856 1.025090 -0.122428 0.5019 1.0000 0.0000
v 0.594285 1.015115 -0.119168 0.5019 1.0000 0.0000
v 0.596860 1.010899 -0.117193 0.5019 1.0000 0.0000
v 0.603152 1.010663 -0.127254 0.5019 1.0000 0.0000
v 0.612542 1.016117 -0.131135 0.5019 1.0000 0.0000
v 0.585421 1.017521 -0.148276 0.5019 1.0000 0.0000
v 0.603613 0.994998 -0.141676 0.5019 1.0000 0.0000
v 0.597525 1.002133 -0.144039 0.5019 1.0000 0.0000
v 0.597525 1.002133 -0.144039 0.5019 1.0000 0.0000
v 0.595821 1.002126 -0.144173 0.5019 1.0000 0.0000
v 0.592572 1.006731 -0.145677 0.5019 1.0000 0.0000
v 0.582227 1.007655 -0.170794 0.5019 1.0000 0.0000
v 0.592995 1.005472 -0.161043 0.5019 1.0000 0.0000
v 0.586974 1.000026 -0.169571 0.5019 1.0000 0.0000
v 0.639691 0.980863 -0.068069 0.5019 1.0000 0.0000
v 0.638394 0.980060 -0.065251 0.5019 1.0000 0.0000
v 0.642804 0.981207 -0.063825 0.5019 1.0000 0.0000
v 0.642633 0.981743 -0.067667 0.5019 1.0000 0.0000
v 0.640447 0.983898 -0.071231 0.5019 1.0000 0.0000
v 0.636227 0.982884 -0.070690 0.5019 1.0000 0.0000
v 0.633376 0.982197 -0.067972 0.5019 1.0000 0.0000
v 0.642633 0.981743 -0.067667 0.5019 1.0000 0.0000
v 0.642804 0.981207 -0.063825 0.5019 1.0000 0.0000
v 0.645781 0.984712 -0.063538 0.5019 1.0000 0.0000
v 0.644846 0.983958 -0.066234 0.5019 1.0000 0.0000
v 0.640447 0.983898 -0.071231 0.5019 1.0000 0.0000
v 0.642978 0.985898 -0.069583 0.5019 1.0000 0.0000
v 0.630860 0.998128 -0.080794 0.5019 1.0000 0.0000
v 0.634138 0.992944 -0.077808 0.5019 1.0000 0.0000
v 0.637999 0.996776 -0.074271 0.5019 1.0000 0.0000
v 0.634811 1.002543 -0.076890 0.5019 1.0000 0.0000
v 0.637445 0.987769 -0.074508 0.5019 1.0000 0.0000
v 0.640456 0.990898 -0.072110 0.5019 1.0000 0.0000
v 0.634138 0.992944 -0.077808 0.5019 1.0000 0.0000
v 0.628892 0.990347 -0.076584 0.5019 1.0000 0.0000
v 0.633058 0.985507 -0.072926 0.5019 1.0000 0.0000
v 0.637445 0.987769 -0.074508 0.5019 1.0000 0.0000
v 0.630860 0.998128 -0.080794 0.5019 1.0000 0.0000
v 0.622425 0.996639 -0.080013 0.5019 1.0000 0.0000
v 0.638075 1.000095 -0.068192 0.5019 1.0000 0.0000
v 0.641349 0.995082 -0.065714 0.5019 1.0000 0.0000
v 0.635056 1.005751 -0.070675 0.5019 1.0000 0.0000
v 0.644999 0.990730 -0.063249 0.5019 1.0000 0.0000
v 0.652911 0.966001 -0.097865 0.5019 1.0000 0.0000
v 0.653673 0.966923 -0.095180 0.5019 1.0000 0.0000
v 0.654266 0.971665 -0.094650 0.5019 1.0000 0.0000
v 0.653279 0.969240 -0.099854 0.5019 1.0000 0.0000
v 0.651108 0.967936 -0.101226 0.5019 1.0000 0.0000
v 0.642542 0.955145 -0.136076 0.5019 1.0000 0.0000
v 0.639708 0.958539 -0.138313 0.5019 1.0000 0.0000
v 0.636142 0.956543 -0.136437 0.5019 1.0000 0.0000
v 0.639336 0.953801 -0.134564 0.5019 1.0000 0.0000
v 0.641441 0.952443 -0.131835 0.5019 1.0000 0.0000
v 0.642542 0.955145 -0.136076 0.5019 1.0000 0.0000
v 0.645323 0.957014 -0.135390 0.5019 1.0000 0.0000
v 0.642693 0.960803 -0.137659 0.5019 1.0000 0.0000
v 0.639708 0.958539 -0.138313 0.5019 1.0000 0.0000
v 0.645067 0.953604 -0.131831 0.5019 1.0000 0.0000
v 0.646282 0.956016 -0.133846 0.5019 1.0000 0.0000
v 0.645067 0.953604 -0.131831 0.5019 1.0000 0.0000
v 0.643320 0.987536 -0.056659 0.5019 1.0000 0.0000
v 0.644754 0.986528 -0.058560 0.5019 1.0000 0.0000
v 0.640960 0.982996 -0.057864 0.5019 1.0000 0.0000
v 0.639686 0.984933 -0.055743 0.5019 1.0000 0.0000
v 0.638035 0.987720 -0.054714 0.5019 1.0000 0.0000
v 0.640830 0.991721 -0.056860 0.5019 1.0000 0.0000
v 0.636050 0.984817 -0.056000 0.5019 1.0000 0.0000
v 0.639686 0.984933 -0.055743 0.5019 1.0000 0.0000
v 0.640960 0.982996 -0.057864 0.5019 1.0000 0.0000
v 0.636030 0.982392 -0.058567 0.5019 1.0000 0.0000
v 0.638035 0.987720 -0.054714 0.5019 1.0000 0.0000
v 0.642095 0.981665 -0.060683 0.5019 1.0000 0.0000
v 0.645705 0.985643 -0.060991 0.5019 1.0000 0.0000
v 0.642095 0.981665 -0.060683 0.5019 1.0000 0.0000
v 0.636764 0.980646 -0.062057 0.5019 1.0000 0.0000
v 0.629899 0.984795 -0.069896 0.5019 1.0000 0.0000
v 0.636339 0.981083 -0.110822 0.5019 1.0000 0.0000
v 0.628491 0.979916 -0.109573 0.5019 1.0000 0.0000
v 0.636195 0.971940 -0.105407 0.5019 1.0000 0.0000
v 0.640633 0.974010 -0.107349 0.5019 1.0000 0.0000
v 0.641413 0.985399 -0.108082 0.5019 1.0000 0.0000
v 0.636339 0.981083 -0.110822 0.5019 1.0000 0.0000
v 0.640633 0.974010 -0.107349 0.5019 1.0000 0.0000
v 0.645833 0.978880 -0.104958 0.5019 1.0000 0.0000
v 0.634648 0.983516 -0.111922 0.5019 1.0000 0.0000
v 0.634648 0.983516 -0.111922 0.5019 1.0000 0.0000
v 0.639470 0.988156 -0.109371 0.5019 1.0000 0.0000
v 0.644216 0.969070 -0.104723 0.5019 1.0000 0.0000
v 0.640350 0.967089 -0.102459 0.5019 1.0000 0.0000
v 0.644216 0.969070 -0.104723 0.5019 1.0000 0.0000
v 0.648456 0.972199 -0.103841 0.5019 1.0000 0.0000
v 0.632226 0.971355 -0.099470 0.5019 1.0000 0.0000
v 0.637184 0.966673 -0.097294 0.5019 1.0000 0.0000
v 0.626311 0.982161 -0.110656 0.5019 1.0000 0.0000
v 0.624685 0.980651 -0.101693 0.5019 1.0000 0.0000
v 0.622111 0.982579 -0.102744 0.5019 1.0000 0.0000
v 0.651235 0.964096 -0.094381 0.5019 1.0000 0.0000
v 0.650685 0.963992 -0.098055 0.5019 1.0000 0.0000
v 0.650967 0.965369 -0.090769 0.5019 1.0000 0.0000
v 0.653574 0.968514 -0.091724 0.5019 1.0000 0.0000
v 0.647917 0.965712 -0.102011 0.5019 1.0000 0.0000
v 0.642777 0.989348 -0.101223 0.5019 1.0000 0.0000
v 0.641014 0.992386 -0.102446 0.5019 1.0000 0.0000
v 0.646780 0.982901 -0.099094 0.5019 1.0000 0.0000
v 0.637406 0.993021 -0.095452 0.5019 1.0000 0.0000
v 0.639637 0.990171 -0.094281 0.5019 1.0000 0.0000
v 0.644758 0.983296 -0.091612 0.5019 1.0000 0.0000
v 0.649534 0.968135 -0.087127 0.5019 1.0000 0.0000
v 0.652300 0.970293 -0.087696 0.5019 1.0000 0.0000
v 0.646260 0.964466 -0.090730 0.5019 1.0000 0.0000
v 0.650967 0.965369 -0.090769 0.5019 1.0000 0.0000
v 0.651235 0.964096 -0.094381 0.5019 1.0000 0.0000
v 0.646757 0.963024 -0.094542 0.5019 1.0000 0.0000
v 0.649534 0.968135 -0.087127 0.5019 1.0000 0.0000
v 0.646420 0.967286 -0.087234 0.5019 1.0000 0.0000
v 0.650685 0.963992 -0.098055 0.5019 1.0000 0.0000
v 0.647632 0.962925 -0.097921 0.5019 1.0000 0.0000
v 0.647917 0.965712 -0.102011 0.5019 1.0000 0.0000
v 0.643996 0.964252 -0.099987 0.5019 1.0000 0.0000
v 0.642148 0.963968 -0.095316 0.5019 1.0000 0.0000
v 0.634803 0.976468 -0.142631 0.5019 1.0000 0.0000
v 0.632952 0.979407 -0.143531 0.5019 1.0000 0.0000
v 0.628411 0.974866 -0.145149 0.5019 1.0000 0.0000
v 0.629792 0.972258 -0.144207 0.5019 1.0000 0.0000
v 0.637510 0.980518 -0.136651 0.5019 1.0000 0.0000
v 0.635527 0.983439 -0.137573 0.5019 1.0000 0.0000
v 0.623838 0.970509 -0.142266 0.5019 1.0000 0.0000
v 0.629792 0.972258 -0.144207 0.5019 1.0000 0.0000
v 0.628411 0.974866 -0.145149 0.5019 1.0000 0.0000
v 0.625372 0.980071 -0.146684 0.5019 1.0000 0.0000
v 0.629708 0.983912 -0.144773 0.5019 1.0000 0.0000
v 0.625372 0.980071 -0.146684 0.5019 1.0000 0.0000
v 0.619295 0.976629 -0.144202 0.5019 1.0000 0.0000
v 0.632293 0.987766 -0.139138 0.5019 1.0000 0.0000
v 0.631620 0.969528 -0.143141 0.5019 1.0000 0.0000
v 0.636644 0.973419 -0.141524 0.5019 1.0000 0.0000
v 0.635502 0.964394 -0.141031 0.5019 1.0000 0.0000
v 0.639041 0.967471 -0.139741 0.5019 1.0000 0.0000
v 0.631620 0.969528 -0.143141 0.5019 1.0000 0.0000
v 0.631477 0.961585 -0.139004 0.5019 1.0000 0.0000
v 0.635502 0.964394 -0.141031 0.5019 1.0000 0.0000
v 0.626217 0.967971 -0.141151 0.5019 1.0000 0.0000
v 0.639082 0.977356 -0.135578 0.5019 1.0000 0.0000
v 0.642106 0.971616 -0.134219 0.5019 1.0000 0.0000
v 0.647942 0.957462 -0.129300 0.5019 1.0000 0.0000
v 0.647887 0.958100 -0.126571 0.5019 1.0000 0.0000
v 0.648018 0.961820 -0.126246 0.5019 1.0000 0.0000
v 0.648196 0.960500 -0.131107 0.5019 1.0000 0.0000
v 0.624724 0.967081 -0.156992 0.5019 1.0000 0.0000
v 0.621538 0.970198 -0.156717 0.5019 1.0000 0.0000
v 0.626065 0.973101 -0.160403 0.5019 1.0000 0.0000
v 0.628281 0.969516 -0.160373 0.5019 1.0000 0.0000
v 0.627548 0.963832 -0.157978 0.5019 1.0000 0.0000
v 0.630153 0.965934 -0.160311 0.5019 1.0000 0.0000
v 0.624724 0.967081 -0.156992 0.5019 1.0000 0.0000
v 0.619373 0.964210 -0.157802 0.5019 1.0000 0.0000
v 0.616373 0.967671 -0.157847 0.5019 1.0000 0.0000
v 0.621538 0.970198 -0.156717 0.5019 1.0000 0.0000
v 0.627548 0.963832 -0.157978 0.5019 1.0000 0.0000
v 0.623989 0.960849 -0.158466 0.5019 1.0000 0.0000
v 0.629389 0.969984 -0.164344 0.5019 1.0000 0.0000
v 0.627319 0.973110 -0.164526 0.5019 1.0000 0.0000
v 0.631869 0.966101 -0.164086 0.5019 1.0000 0.0000
v 0.624087 0.975431 -0.159943 0.5019 1.0000 0.0000
v 0.618186 0.972732 -0.156833 0.5019 1.0000 0.0000
v 0.625832 0.976281 -0.164909 0.5019 1.0000 0.0000
v 0.618186 0.972732 -0.156833 0.5019 1.0000 0.0000
v 0.641062 0.972310 -0.126885 0.5019 1.0000 0.0000
v 0.645895 0.964901 -0.132468 0.5019 1.0000 0.0000
v 0.645411 0.966133 -0.126545 0.5019 1.0000 0.0000
v 0.644130 0.965543 -0.123925 0.5019 1.0000 0.0000
v 0.637853 0.978230 -0.129076 0.5019 1.0000 0.0000
v 0.637360 0.970599 -0.122544 0.5019 1.0000 0.0000
v 0.633183 0.976412 -0.124051 0.5019 1.0000 0.0000
v 0.641788 0.963910 -0.121230 0.5019 1.0000 0.0000
v 0.646242 0.961540 -0.123286 0.5019 1.0000 0.0000
v 0.621766 1.005378 -0.136386 0.5019 1.0000 0.0000
v 0.614840 1.002766 -0.130942 0.5019 1.0000 0.0000
v 0.614840 1.002766 -0.130942 0.5019 1.0000 0.0000
v 0.624264 1.004322 -0.144528 0.5019 1.0000 0.0000
v 0.628723 0.960650 -0.135473 0.5019 1.0000 0.0000
v 0.627231 0.961088 -0.130871 0.5019 1.0000 0.0000
v 0.632402 0.956334 -0.129063 0.5019 1.0000 0.0000
v 0.633524 0.955793 -0.133050 0.5019 1.0000 0.0000
v 0.622328 0.968414 -0.133112 0.5019 1.0000 0.0000
v 0.637349 0.953496 -0.131896 0.5019 1.0000 0.0000
v 0.636467 0.953927 -0.128308 0.5019 1.0000 0.0000
v 0.633350 0.957998 -0.124280 0.5019 1.0000 0.0000
v 0.628338 0.963396 -0.124948 0.5019 1.0000 0.0000
v 0.637335 0.955254 -0.124382 0.5019 1.0000 0.0000
v 0.639107 0.995452 -0.103899 0.5019 1.0000 0.0000
v 0.635466 0.995811 -0.096914 0.5019 1.0000 0.0000
v 0.631675 1.000917 -0.099222 0.5019 1.0000 0.0000
v 0.635440 1.000369 -0.106301 0.5019 1.0000 0.0000
v 0.637404 0.991158 -0.110646 0.5019 1.0000 0.0000
v 0.633596 0.996075 -0.113003 0.5019 1.0000 0.0000
v 0.631827 1.006551 -0.108763 0.5019 1.0000 0.0000
v 0.627394 1.006940 -0.101185 0.5019 1.0000 0.0000
v 0.630103 1.002293 -0.116128 0.5019 1.0000 0.0000
v 0.625149 0.997942 -0.095755 0.5019 1.0000 0.0000
v 0.629116 0.992625 -0.093099 0.5019 1.0000 0.0000
v 0.621179 1.004420 -0.098367 0.5019 1.0000 0.0000
v 0.631135 0.990350 -0.092144 0.5019 1.0000 0.0000
v 0.616956 0.961894 -0.162438 0.5019 1.0000 0.0000
v 0.617494 0.961600 -0.168449 0.5019 1.0000 0.0000
v 0.614891 0.964398 -0.169087 0.5019 1.0000 0.0000
v 0.613704 0.965256 -0.162894 0.5019 1.0000 0.0000
v 0.622126 0.958763 -0.162225 0.5019 1.0000 0.0000
v 0.622095 0.958395 -0.167151 0.5019 1.0000 0.0000
v 0.611510 0.968367 -0.163646 0.5019 1.0000 0.0000
v 0.617805 0.964844 -0.172517 0.5019 1.0000 0.0000
v 0.619891 0.962232 -0.171522 0.5019 1.0000 0.0000
v 0.614594 0.967937 -0.172742 0.5019 1.0000 0.0000
v 0.623354 0.959058 -0.169393 0.5019 1.0000 0.0000
v 0.631844 0.987118 -0.056843 0.5019 1.0000 0.0000
v 0.636280 0.990751 -0.055111 0.5019 1.0000 0.0000
v 0.630759 0.984454 -0.060157 0.5019 1.0000 0.0000
v 0.632981 0.994475 -0.056515 0.5019 1.0000 0.0000
v 0.628317 0.990314 -0.058117 0.5019 1.0000 0.0000
v 0.636280 0.990751 -0.055111 0.5019 1.0000 0.0000
v 0.632981 0.994475 -0.056515 0.5019 1.0000 0.0000
v 0.638139 0.996469 -0.059075 0.5019 1.0000 0.0000
v 0.627017 0.987094 -0.061934 0.5019 1.0000 0.0000
v 0.631498 0.982594 -0.064105 0.5019 1.0000 0.0000
v 0.646555 0.971450 -0.085777 0.5019 1.0000 0.0000
v 0.651250 0.972612 -0.087511 0.5019 1.0000 0.0000
v 0.642459 0.968558 -0.087574 0.5019 1.0000 0.0000
v 0.646555 0.971450 -0.085777 0.5019 1.0000 0.0000
v 0.622366 0.991696 -0.064670 0.5019 1.0000 0.0000
v 0.624013 0.995039 -0.060478 0.5019 1.0000 0.0000
v 0.622948 0.990134 -0.068657 0.5019 1.0000 0.0000
v 0.627782 0.985335 -0.066010 0.5019 1.0000 0.0000
v 0.617600 1.000908 -0.065854 0.5019 1.0000 0.0000
v 0.617684 0.997120 -0.073061 0.5019 1.0000 0.0000
v 0.628502 0.998981 -0.058708 0.5019 1.0000 0.0000
v 0.624999 1.004405 -0.061334 0.5019 1.0000 0.0000
v 0.639295 0.980866 -0.087998 0.5019 1.0000 0.0000
v 0.633015 0.987776 -0.091037 0.5019 1.0000 0.0000
v 0.627284 0.984653 -0.094813 0.5019 1.0000 0.0000
v 0.633015 0.987776 -0.091037 0.5019 1.0000 0.0000
v 0.639295 0.980866 -0.087998 0.5019 1.0000 0.0000
v 0.634124 0.977116 -0.089612 0.5019 1.0000 0.0000
v 0.631135 0.990350 -0.092144 0.5019 1.0000 0.0000
v 0.643221 0.975648 -0.086329 0.5019 1.0000 0.0000
v 0.648467 0.978137 -0.089101 0.5019 1.0000 0.0000
v 0.643221 0.975648 -0.086329 0.5019 1.0000 0.0000
v 0.638629 0.971515 -0.088127 0.5019 1.0000 0.0000
v 0.650976 0.976818 -0.096621 0.5019 1.0000 0.0000
v 0.623103 1.006758 -0.062671 0.5019 1.0000 0.0000
v 0.615839 1.003497 -0.067453 0.5019 1.0000 0.0000
v 0.615867 0.999785 -0.074586 0.5019 1.0000 0.0000
v 0.613970 1.034896 -0.078414 0.5019 1.0000 0.0000
v 0.607470 1.031792 -0.074931 0.5019 1.0000 0.0000
v 0.601650 1.038524 -0.077958 0.5019 1.0000 0.0000
v 0.608101 1.041629 -0.082623 0.5019 1.0000 0.0000
v 0.619186 1.034950 -0.085645 0.5019 1.0000 0.0000
v 0.613521 1.041304 -0.089592 0.5019 1.0000 0.0000
v 0.615935 1.031837 -0.076966 0.5019 1.0000 0.0000
v 0.621324 1.031947 -0.083940 0.5019 1.0000 0.0000
v 0.609614 1.029171 -0.073740 0.5019 1.0000 0.0000
v 0.618954 1.030877 -0.092422 0.5019 1.0000 0.0000
v 0.614046 1.037004 -0.096554 0.5019 1.0000 0.0000
v 0.621110 1.028077 -0.090736 0.5019 1.0000 0.0000
v 0.616407 1.022786 -0.095503 0.5019 1.0000 0.0000
v 0.618033 1.019459 -0.093323 0.5019 1.0000 0.0000
v 0.622724 1.024524 -0.088556 0.5019 1.0000 0.0000
v 0.608404 1.016415 -0.092435 0.5019 1.0000 0.0000
v 0.616407 1.022786 -0.095503 0.5019 1.0000 0.0000
v 0.606107 1.019428 -0.094533 0.5019 1.0000 0.0000
v 0.618033 1.019459 -0.093323 0.5019 1.0000 0.0000
v 0.614553 1.025420 -0.097040 0.5019 1.0000 0.0000
v 0.614553 1.025420 -0.097040 0.5019 1.0000 0.0000
v 0.622693 1.028056 -0.082127 0.5019 1.0000 0.0000
v 0.628472 0.958603 -0.163706 0.5019 1.0000 0.0000
v 0.631961 0.962844 -0.162970 0.5019 1.0000 0.0000
v 0.631692 0.962108 -0.166951 0.5019 1.0000 0.0000
v 0.629185 0.960148 -0.161149 0.5019 1.0000 0.0000
v 0.621385 0.976764 -0.174487 0.5019 1.0000 0.0000
v 0.623573 0.978850 -0.170406 0.5019 1.0000 0.0000
v 0.622134 0.981578 -0.171017 0.5019 1.0000 0.0000
v 0.619804 0.979406 -0.174976 0.5019 1.0000 0.0000
v 0.617237 0.974366 -0.175959 0.5019 1.0000 0.0000
v 0.615815 0.976402 -0.176309 0.5019 1.0000 0.0000
v 0.623443 0.973177 -0.173768 0.5019 1.0000 0.0000
v 0.625461 0.975407 -0.169982 0.5019 1.0000 0.0000
v 0.619443 0.970261 -0.175138 0.5019 1.0000 0.0000
v 0.622309 0.982536 -0.165792 0.5019 1.0000 0.0000
v 0.623828 0.979798 -0.165410 0.5019 1.0000 0.0000
v 0.647259 0.959011 -0.124055 0.5019 1.0000 0.0000
v 0.632971 0.985925 -0.113000 0.5019 1.0000 0.0000
v 0.628502 0.998981 -0.058708 0.5019 1.0000 0.0000
v 0.635391 1.000364 -0.061272 0.5019 1.0000 0.0000
v 0.624999 1.004405 -0.061334 0.5019 1.0000 0.0000
v 0.631557 1.006750 -0.064525 0.5019 1.0000 0.0000
v 0.621353 1.009446 -0.064076 0.5019 1.0000 0.0000
v 0.627848 1.011976 -0.067489 0.5019 1.0000 0.0000
v 0.629807 1.009360 -0.065931 0.5019 1.0000 0.0000
v 0.623103 1.006758 -0.062671 0.5019 1.0000 0.0000
v 0.621353 1.009446 -0.064076 0.5019 1.0000 0.0000
v 0.618393 1.013793 -0.066401 0.5019 1.0000 0.0000
v 0.624667 1.015883 -0.069750 0.5019 1.0000 0.0000
v 0.612114 1.007855 -0.069538 0.5019 1.0000 0.0000
v 0.618393 1.013793 -0.066401 0.5019 1.0000 0.0000
v 0.633747 1.008643 -0.071984 0.5019 1.0000 0.0000
v 0.631898 1.011689 -0.073565 0.5019 1.0000 0.0000
v 0.628878 1.015597 -0.075877 0.5019 1.0000 0.0000
v 0.627606 1.003372 -0.083516 0.5019 1.0000 0.0000
v 0.629184 1.000745 -0.082211 0.5019 1.0000 0.0000
v 0.633325 1.005234 -0.078293 0.5019 1.0000 0.0000
v 0.631535 1.008177 -0.079749 0.5019 1.0000 0.0000
v 0.620724 0.999102 -0.081495 0.5019 1.0000 0.0000
v 0.629184 1.000745 -0.082211 0.5019 1.0000 0.0000
v 0.627606 1.003372 -0.083516 0.5019 1.0000 0.0000
v 0.609198 1.030158 -0.100374 0.5019 1.0000 0.0000
v 0.601987 1.025411 -0.098797 0.5019 1.0000 0.0000
v 0.600436 1.019780 -0.086679 0.5019 1.0000 0.0000
v 0.594727 1.024959 -0.089780 0.5019 1.0000 0.0000
v 0.602527 1.017267 -0.084885 0.5019 1.0000 0.0000
v 0.600494 1.024454 -0.078583 0.5019 1.0000 0.0000
v 0.595085 1.031383 -0.080453 0.5019 1.0000 0.0000
v 0.602808 1.021688 -0.077007 0.5019 1.0000 0.0000
v 0.621177 1.003295 -0.122559 0.5019 1.0000 0.0000
v 0.625137 0.997621 -0.118875 0.5019 1.0000 0.0000
v 0.627612 1.008664 -0.119369 0.5019 1.0000 0.0000
v 0.619245 1.006518 -0.124127 0.5019 1.0000 0.0000
v 0.625881 1.012470 -0.120854 0.5019 1.0000 0.0000
v 0.621177 1.003295 -0.122559 0.5019 1.0000 0.0000
v 0.612807 1.001124 -0.119842 0.5019 1.0000 0.0000
v 0.617146 0.994623 -0.116605 0.5019 1.0000 0.0000
v 0.625137 0.997621 -0.118875 0.5019 1.0000 0.0000
v 0.619245 1.006518 -0.124127 0.5019 1.0000 0.0000
v 0.629266 1.013466 -0.111264 0.5019 1.0000 0.0000
v 0.627516 1.017161 -0.112767 0.5019 1.0000 0.0000
v 0.628753 0.991657 -0.115790 0.5019 1.0000 0.0000
v 0.628753 0.991657 -0.115790 0.5019 1.0000 0.0000
v 0.622254 0.987974 -0.113467 0.5019 1.0000 0.0000
v 0.632971 0.985925 -0.113000 0.5019 1.0000 0.0000
v 0.624265 0.987254 -0.095157 0.5019 1.0000 0.0000
v 0.629116 0.992625 -0.093099 0.5019 1.0000 0.0000
v 0.619038 0.993079 -0.097714 0.5019 1.0000 0.0000
v 0.625149 0.997942 -0.095755 0.5019 1.0000 0.0000
v 0.616601 0.988403 -0.105103 0.5019 1.0000 0.0000
v 0.631817 0.973433 -0.093979 0.5019 1.0000 0.0000
v 0.610135 1.006366 -0.103997 0.5019 1.0000 0.0000
v 0.618012 1.010776 -0.100454 0.5019 1.0000 0.0000
v 0.621179 1.004420 -0.098367 0.5019 1.0000 0.0000
v 0.614113 0.999113 -0.100714 0.5019 1.0000 0.0000
v 0.608110 1.001859 -0.111263 0.5019 1.0000 0.0000
v 0.611890 0.994876 -0.108213 0.5019 1.0000 0.0000
v 0.616100 1.013766 -0.101632 0.5019 1.0000 0.0000
v 0.607935 1.008545 -0.104920 0.5019 1.0000 0.0000
v 0.606023 1.004378 -0.112357 0.5019 1.0000 0.0000
v 0.618012 1.010776 -0.100454 0.5019 1.0000 0.0000
v 0.624583 1.013711 -0.103282 0.5019 1.0000 0.0000
v 0.616100 1.013766 -0.101632 0.5019 1.0000 0.0000
v 0.622868 1.017331 -0.104720 0.5019 1.0000 0.0000
v 0.636138 0.981308 -0.129826 0.5019 1.0000 0.0000
v 0.631015 0.978694 -0.124664 0.5019 1.0000 0.0000
v 0.632105 0.966962 -0.122498 0.5019 1.0000 0.0000
v 0.633183 0.976412 -0.124051 0.5019 1.0000 0.0000
v 0.637360 0.970599 -0.122544 0.5019 1.0000 0.0000
v 0.624249 0.972273 -0.125541 0.5019 1.0000 0.0000
v 0.631015 0.978694 -0.124664 0.5019 1.0000 0.0000
v 0.641788 0.963910 -0.121230 0.5019 1.0000 0.0000
v 0.636797 0.960871 -0.121200 0.5019 1.0000 0.0000
v 0.636719 0.968652 -0.091975 0.5019 1.0000 0.0000
v 0.611384 1.004089 -0.121429 0.5019 1.0000 0.0000
v 0.650106 0.973842 -0.102107 0.5019 1.0000 0.0000
v 0.643878 0.959376 -0.121148 0.5019 1.0000 0.0000
v 0.643878 0.959376 -0.121148 0.5019 1.0000 0.0000
v 0.640373 0.957599 -0.121138 0.5019 1.0000 0.0000
v 0.617237 0.974366 -0.175959 0.5019 1.0000 0.0000
v 0.611764 0.972758 -0.173214 0.5019 1.0000 0.0000
v 0.609552 0.972995 -0.164535 0.5019 1.0000 0.0000
v 0.619443 0.970261 -0.175138 0.5019 1.0000 0.0000
v 0.621521 0.967402 -0.174337 0.5019 1.0000 0.0000
v 0.615815 0.976402 -0.176309 0.5019 1.0000 0.0000
v 0.609877 0.975094 -0.174140 0.5019 1.0000 0.0000
v 0.607185 0.974959 -0.164866 0.5019 1.0000 0.0000
v 0.608583 0.996193 -0.132855 0.5019 1.0000 0.0000
v 0.605713 0.992359 -0.140831 0.5019 1.0000 0.0000
v 0.644830 0.956785 -0.122596 0.5019 1.0000 0.0000
v 0.645743 0.955192 -0.125372 0.5019 1.0000 0.0000
v 0.645765 0.954102 -0.128552 0.5019 1.0000 0.0000
v 0.641739 0.954118 -0.124516 0.5019 1.0000 0.0000
v 0.644830 0.956785 -0.122596 0.5019 1.0000 0.0000
v 0.645743 0.955192 -0.125372 0.5019 1.0000 0.0000
v 0.641205 0.952673 -0.128248 0.5019 1.0000 0.0000
v 0.645765 0.954102 -0.128552 0.5019 1.0000 0.0000
v 0.621648 0.974746 -0.125936 0.5019 1.0000 0.0000
v 0.628907 0.981452 -0.125093 0.5019 1.0000 0.0000
v 0.617424 0.980462 -0.127741 0.5019 1.0000 0.0000
v 0.625538 0.985801 -0.126412 0.5019 1.0000 0.0000
v 0.619634 0.970856 -0.133823 0.5019 1.0000 0.0000
v 0.614781 0.976715 -0.135909 0.5019 1.0000 0.0000
v 0.628907 0.981452 -0.125093 0.5019 1.0000 0.0000
v 0.633818 0.984221 -0.130380 0.5019 1.0000 0.0000
v 0.625538 0.985801 -0.126412 0.5019 1.0000 0.0000
v 0.630437 0.988463 -0.131700 0.5019 1.0000 0.0000
v 0.625241 0.990490 -0.147281 0.5019 1.0000 0.0000
v 0.622148 0.996476 -0.149630 0.5019 1.0000 0.0000
v 0.617692 0.993035 -0.151638 0.5019 1.0000 0.0000
v 0.620963 0.986668 -0.149031 0.5019 1.0000 0.0000
v 0.628490 0.994291 -0.141256 0.5019 1.0000 0.0000
v 0.625554 1.000712 -0.143328 0.5019 1.0000 0.0000
v 0.614600 0.983941 -0.146859 0.5019 1.0000 0.0000
v 0.620963 0.986668 -0.149031 0.5019 1.0000 0.0000
v 0.617692 0.993035 -0.151638 0.5019 1.0000 0.0000
v 0.609362 0.991902 -0.149557 0.5019 1.0000 0.0000
v 0.615890 0.995745 -0.152973 0.5019 1.0000 0.0000
v 0.620708 0.999607 -0.150931 0.5019 1.0000 0.0000
v 0.615890 0.995745 -0.152973 0.5019 1.0000 0.0000
v 0.612636 0.988046 -0.130096 0.5019 1.0000 0.0000
v 0.609717 0.984391 -0.138539 0.5019 1.0000 0.0000
v 0.620406 0.992668 -0.128238 0.5019 1.0000 0.0000
v 0.616691 0.999831 -0.130161 0.5019 1.0000 0.0000
v 0.623277 1.001988 -0.135446 0.5019 1.0000 0.0000
v 0.613866 0.978274 -0.176691 0.5019 1.0000 0.0000
v 0.618074 0.982239 -0.175501 0.5019 1.0000 0.0000
v 0.613866 0.978274 -0.176691 0.5019 1.0000 0.0000
v 0.620374 0.984384 -0.171488 0.5019 1.0000 0.0000
v 0.620564 0.985336 -0.166290 0.5019 1.0000 0.0000
v 0.619646 0.981121 -0.160050 0.5019 1.0000 0.0000
v 0.617665 0.984095 -0.160353 0.5019 1.0000 0.0000
v 0.621523 0.978671 -0.159924 0.5019 1.0000 0.0000
v 0.614499 0.977169 -0.157583 0.5019 1.0000 0.0000
v 0.612638 0.979649 -0.157851 0.5019 1.0000 0.0000
v 0.607431 1.009960 -0.080656 0.5019 1.0000 0.0000
v 0.607173 1.014074 -0.072839 0.5019 1.0000 0.0000
v 0.613427 1.009555 -0.087861 0.5019 1.0000 0.0000
v 0.609614 1.029171 -0.073740 0.5019 1.0000 0.0000
v 0.611733 1.026308 -0.072502 0.5019 1.0000 0.0000
v 0.615428 1.019639 -0.069365 0.5019 1.0000 0.0000
v 0.601650 1.038524 -0.077958 0.5019 1.0000 0.0000
v 0.607470 1.031792 -0.074931 0.5019 1.0000 0.0000
v 0.625489 0.989578 -0.073444 0.5019 1.0000 0.0000
v 0.628668 1.012314 -0.082061 0.5019 1.0000 0.0000
v 0.624715 1.007667 -0.085733 0.5019 1.0000 0.0000
v 0.609198 1.030158 -0.100374 0.5019 1.0000 0.0000
v 0.611733 1.026308 -0.072502 0.5019 1.0000 0.0000
v 0.617548 1.028384 -0.075792 0.5019 1.0000 0.0000
v 0.625258 0.970033 -0.173034 0.5019 1.0000 0.0000
v 0.626942 0.972220 -0.169419 0.5019 1.0000 0.0000
v 0.628929 0.969194 -0.168891 0.5019 1.0000 0.0000
v 0.626921 0.966813 -0.172321 0.5019 1.0000 0.0000
v 0.621521 0.967402 -0.174337 0.5019 1.0000 0.0000
v 0.623872 0.964454 -0.173224 0.5019 1.0000 0.0000
v 0.623872 0.964454 -0.173224 0.5019 1.0000 0.0000
v 0.628468 0.963439 -0.171183 0.5019 1.0000 0.0000
v 0.626118 0.961630 -0.171585 0.5019 1.0000 0.0000
v 0.631412 0.965204 -0.168168 0.5019 1.0000 0.0000
v 0.626118 0.961630 -0.171585 0.5019 1.0000 0.0000
v 0.614499 0.977169 -0.157583 0.5019 1.0000 0.0000
v 0.612638 0.979649 -0.157851 0.5019 1.0000 0.0000
v 0.620406 0.992668 -0.128238 0.5019 1.0000 0.0000
v 0.626297 0.995357 -0.133657 0.5019 1.0000 0.0000
v 0.616691 0.999831 -0.130161 0.5019 1.0000 0.0000
v 0.641672 0.965698 -0.090992 0.5019 1.0000 0.0000
v 0.628171 0.958523 -0.166434 0.5019 1.0000 0.0000
v 0.628472 0.958603 -0.163706 0.5019 1.0000 0.0000
v 0.627736 0.959573 -0.169170 0.5019 1.0000 0.0000
v 0.629185 0.960148 -0.161149 0.5019 1.0000 0.0000
v 0.629709 0.962291 -0.159882 0.5019 1.0000 0.0000
v 0.630961 0.964114 -0.160990 0.5019 1.0000 0.0000
v 0.629709 0.962291 -0.159882 0.5019 1.0000 0.0000
v 0.627736 0.959573 -0.169170 0.5019 1.0000 0.0000
v 0.629793 0.962094 -0.169675 0.5019 1.0000 0.0000
v 0.628171 0.958523 -0.166434 0.5019 1.0000 0.0000
v 0.611399 1.003008 -0.168911 0.5019 1.0000 0.0000
v 0.608600 1.001823 -0.162799 0.5019 1.0000 0.0000
v 0.605619 1.004854 -0.162707 0.5019 1.0000 0.0000
v 0.609787 1.006789 -0.169367 0.5019 1.0000 0.0000
v 0.610755 1.001755 -0.174982 0.5019 1.0000 0.0000
v 0.609720 1.005874 -0.176472 0.5019 1.0000 0.0000
v 0.613133 1.000399 -0.168483 0.5019 1.0000 0.0000
v 0.612545 0.999127 -0.174551 0.5019 1.0000 0.0000
v 0.609947 0.999592 -0.162423 0.5019 1.0000 0.0000
v 0.608197 0.999101 -0.179342 0.5019 1.0000 0.0000
v 0.606171 1.002702 -0.180414 0.5019 1.0000 0.0000
v 0.609715 0.996511 -0.178935 0.5019 1.0000 0.0000
v 0.603485 0.995675 -0.180533 0.5019 1.0000 0.0000
v 0.605023 0.993661 -0.180181 0.5019 1.0000 0.0000
v 0.600755 0.998571 -0.180805 0.5019 1.0000 0.0000
v 0.600252 0.999085 -0.182941 0.5019 1.0000 0.0000
v 0.605023 0.993661 -0.180181 0.5019 1.0000 0.0000
v 0.603485 0.995675 -0.180533 0.5019 1.0000 0.0000
v 0.599122 0.991642 -0.176909 0.5019 1.0000 0.0000
v 0.600755 0.998571 -0.180805 0.5019 1.0000 0.0000
v 0.595949 0.995590 -0.177629 0.5019 1.0000 0.0000
v 0.594667 0.995484 -0.179341 0.5019 1.0000 0.0000
v 0.600252 0.999085 -0.182941 0.5019 1.0000 0.0000
v 0.601115 0.989506 -0.176369 0.5019 1.0000 0.0000
v 0.595880 0.992236 -0.167960 0.5019 1.0000 0.0000
v 0.598332 0.989892 -0.167492 0.5019 1.0000 0.0000
v 0.593005 0.995612 -0.168658 0.5019 1.0000 0.0000
v 0.590393 0.994925 -0.168546 0.5019 1.0000 0.0000
v 0.597310 0.999844 -0.161282 0.5019 1.0000 0.0000
v 0.600843 0.996711 -0.160264 0.5019 1.0000 0.0000
v 0.602733 0.993831 -0.160016 0.5019 1.0000 0.0000
v 0.595710 1.000268 -0.160031 0.5019 1.0000 0.0000
v 0.600843 0.996711 -0.160264 0.5019 1.0000 0.0000
v 0.597310 0.999844 -0.161282 0.5019 1.0000 0.0000
v 0.602733 0.993831 -0.160016 0.5019 1.0000 0.0000
v 0.614392 0.997334 -0.168024 0.5019 1.0000 0.0000
v 0.611653 0.996880 -0.162351 0.5019 1.0000 0.0000
v 0.613844 0.996165 -0.173990 0.5019 1.0000 0.0000
v 0.617282 0.991349 -0.167446 0.5019 1.0000 0.0000
v 0.614354 0.990455 -0.161315 0.5019 1.0000 0.0000
v 0.616895 0.990098 -0.172769 0.5019 1.0000 0.0000
v 0.607052 0.986330 -0.158816 0.5019 1.0000 0.0000
v 0.607052 0.986330 -0.158816 0.5019 1.0000 0.0000
v 0.602078 0.981673 -0.165947 0.5019 1.0000 0.0000
v 0.605100 0.981799 -0.175503 0.5019 1.0000 0.0000
v 0.609787 0.984801 -0.178020 0.5019 1.0000 0.0000
v 0.609787 0.984801 -0.178020 0.5019 1.0000 0.0000
v 0.614454 0.988042 -0.176811 0.5019 1.0000 0.0000
v 0.611170 0.993789 -0.178281 0.5019 1.0000 0.0000
v 0.606415 0.991073 -0.179633 0.5019 1.0000 0.0000
v 0.606415 0.991073 -0.179633 0.5019 1.0000 0.0000
v 0.605691 1.012134 -0.125550 0.5019 1.0000 0.0000
v 0.599451 1.011503 -0.116640 0.5019 1.0000 0.0000
v 0.600385 1.016597 -0.108356 0.5019 1.0000 0.0000
v 0.613902 1.016614 -0.103104 0.5019 1.0000 0.0000
v 0.608134 1.023288 -0.106241 0.5019 1.0000 0.0000
v 0.617875 1.003540 -0.084293 0.5019 1.0000 0.0000
v 0.624715 1.007667 -0.085733 0.5019 1.0000 0.0000
v 0.620965 1.013360 -0.089371 0.5019 1.0000 0.0000
v 0.612253 1.003934 -0.076928 0.5019 1.0000 0.0000
v 0.625360 1.018116 -0.085117 0.5019 1.0000 0.0000
v 0.620965 1.013360 -0.089371 0.5019 1.0000 0.0000
v 0.617454 1.009364 -0.125027 0.5019 1.0000 0.0000
v 0.611286 1.015455 -0.127732 0.5019 1.0000 0.0000
v 0.620220 1.020125 -0.106171 0.5019 1.0000 0.0000
v 0.613902 1.016614 -0.103104 0.5019 1.0000 0.0000
v 0.608134 1.023288 -0.106241 0.5019 1.0000 0.0000
v 0.614410 1.027049 -0.109317 0.5019 1.0000 0.0000
v 0.624956 1.020038 -0.114106 0.5019 1.0000 0.0000
v 0.620187 1.027373 -0.117816 0.5019 1.0000 0.0000
v 0.623495 1.015412 -0.122083 0.5019 1.0000 0.0000
v 0.617750 1.021319 -0.126135 0.5019 1.0000 0.0000
v 0.619681 1.023122 -0.127848 0.5019 1.0000 0.0000
v 0.617454 1.009364 -0.125027 0.5019 1.0000 0.0000
v 0.611286 1.015455 -0.127732 0.5019 1.0000 0.0000
v 0.612542 1.016117 -0.131135 0.5019 1.0000 0.0000
v 0.620775 1.021518 -0.072561 0.5019 1.0000 0.0000
v 0.615428 1.019639 -0.069365 0.5019 1.0000 0.0000
v 0.625222 1.021453 -0.078834 0.5019 1.0000 0.0000
v 0.560642 1.070658 -0.097334 0.5019 1.0000 0.0000
v 0.559952 1.070315 -0.096021 0.5019 1.0000 0.0000
v 0.554140 1.088104 -0.094330 0.5019 1.0000 0.0000
v 0.555660 1.058037 -0.102328 0.5019 1.0000 0.0000
v 0.559952 1.070315 -0.096021 0.5019 1.0000 0.0000
v 0.543949 1.061465 -0.068194 0.5019 1.0000 0.0000
v 0.550935 1.066408 -0.077508 0.5019 1.0000 0.0000
v 0.551790 1.060810 -0.071156 0.5019 1.0000 0.0000
v 0.545089 1.058561 -0.064801 0.5019 1.0000 0.0000
v 0.552942 1.058250 -0.067540 0.5019 1.0000 0.0000
v 0.536167 1.057445 -0.070281 0.5019 1.0000 0.0000
v 0.533214 1.063050 -0.076937 0.5019 1.0000 0.0000
v 0.536970 1.054868 -0.066420 0.5019 1.0000 0.0000
v 0.556636 1.056098 -0.076694 0.5019 1.0000 0.0000
v 0.557099 1.059508 -0.082714 0.5019 1.0000 0.0000
v 0.557957 1.053846 -0.073376 0.5019 1.0000 0.0000
v 0.551384 1.071983 -0.082996 0.5019 1.0000 0.0000
v 0.557634 1.062676 -0.088229 0.5019 1.0000 0.0000
v 0.529585 1.069525 -0.082386 0.5019 1.0000 0.0000
v 0.556859 1.046090 -0.084006 0.5019 1.0000 0.0000
v 0.556636 1.056098 -0.076694 0.5019 1.0000 0.0000
v 0.557099 1.059508 -0.082714 0.5019 1.0000 0.0000
v 0.556152 1.049869 -0.089532 0.5019 1.0000 0.0000
v 0.557957 1.053846 -0.073376 0.5019 1.0000 0.0000
v 0.557634 1.062676 -0.088229 0.5019 1.0000 0.0000
v 0.555442 1.053408 -0.094304 0.5019 1.0000 0.0000
v 0.545786 1.039610 -0.085811 0.5019 1.0000 0.0000
v 0.545442 1.043644 -0.092597 0.5019 1.0000 0.0000
v 0.558685 1.043122 -0.080460 0.5019 1.0000 0.0000
v 0.546321 1.037468 -0.082169 0.5019 1.0000 0.0000
v 0.544895 1.047789 -0.097985 0.5019 1.0000 0.0000
v 0.536038 1.042445 -0.080498 0.5019 1.0000 0.0000
v 0.533771 1.047009 -0.088575 0.5019 1.0000 0.0000
v 0.537601 1.040374 -0.077269 0.5019 1.0000 0.0000
v 0.532641 1.050618 -0.094681 0.5019 1.0000 0.0000
v 0.532333 1.051632 -0.074648 0.5019 1.0000 0.0000
v 0.529407 1.055608 -0.081523 0.5019 1.0000 0.0000
v 0.533056 1.049242 -0.071710 0.5019 1.0000 0.0000
v 0.526390 1.059676 -0.087846 0.5019 1.0000 0.0000
v 0.532333 1.051632 -0.074648 0.5019 1.0000 0.0000
v 0.529407 1.055608 -0.081523 0.5019 1.0000 0.0000
v 0.533056 1.049242 -0.071710 0.5019 1.0000 0.0000
v 0.526390 1.059676 -0.087846 0.5019 1.0000 0.0000
v 0.552503 1.073599 -0.082867 0.5019 1.0000 0.0000
v 0.551384 1.071983 -0.082996 0.5019 1.0000 0.0000
v 0.558537 1.063037 -0.089007 0.5019 1.0000 0.0000
v 0.557634 1.062676 -0.088229 0.5019 1.0000 0.0000
v 0.551918 1.078982 -0.086668 0.5019 1.0000 0.0000
v 0.552503 1.073599 -0.082867 0.5019 1.0000 0.0000
v 0.539385 1.082859 -0.082733 0.5019 1.0000 0.0000
v 0.559789 1.067454 -0.092501 0.5019 1.0000 0.0000
v 0.558537 1.063037 -0.089007 0.5019 1.0000 0.0000
v 0.527929 1.070621 -0.082406 0.5019 1.0000 0.0000
v 0.529585 1.069525 -0.082386 0.5019 1.0000 0.0000
v 0.527929 1.070621 -0.082406 0.5019 1.0000 0.0000
v 0.525148 1.074749 -0.086091 0.5019 1.0000 0.0000
v 0.558537 1.063037 -0.089007 0.5019 1.0000 0.0000
v 0.556232 1.053672 -0.095305 0.5019 1.0000 0.0000
v 0.555442 1.053408 -0.094304 0.5019 1.0000 0.0000
v 0.557634 1.062676 -0.088229 0.5019 1.0000 0.0000
v 0.558537 1.063037 -0.089007 0.5019 1.0000 0.0000
v 0.559789 1.067454 -0.092501 0.5019 1.0000 0.0000
v 0.556485 1.056241 -0.099730 0.5019 1.0000 0.0000
v 0.556232 1.053672 -0.095305 0.5019 1.0000 0.0000
v 0.545007 1.047515 -0.099218 0.5019 1.0000 0.0000
v 0.544895 1.047789 -0.097985 0.5019 1.0000 0.0000
v 0.544708 1.049838 -0.104474 0.5019 1.0000 0.0000
v 0.545007 1.047515 -0.099218 0.5019 1.0000 0.0000
v 0.531797 1.050390 -0.095896 0.5019 1.0000 0.0000
v 0.532641 1.050618 -0.094681 0.5019 1.0000 0.0000
v 0.529813 1.052854 -0.100645 0.5019 1.0000 0.0000
v 0.531797 1.050390 -0.095896 0.5019 1.0000 0.0000
v 0.525278 1.059709 -0.088493 0.5019 1.0000 0.0000
v 0.526390 1.059676 -0.087846 0.5019 1.0000 0.0000
v 0.522626 1.061875 -0.093511 0.5019 1.0000 0.0000
v 0.525278 1.059709 -0.088493 0.5019 1.0000 0.0000
v 0.525278 1.059709 -0.088493 0.5019 1.0000 0.0000
v 0.526390 1.059676 -0.087846 0.5019 1.0000 0.0000
v 0.525278 1.059709 -0.088493 0.5019 1.0000 0.0000
v 0.522626 1.061875 -0.093511 0.5019 1.0000 0.0000
v 0.534297 1.149722 -0.147112 0.5019 0.5019 0.0000
v 0.520689 1.144600 -0.138133 0.5019 0.5019 0.0000
v 0.552835 1.137405 -0.182593 0.5019 1.0000 0.0000
v 0.548923 1.142761 -0.161902 0.5019 1.0000 0.0000
v 0.551259 1.137478 -0.182829 0.5019 1.0000 0.0000
v 0.558146 1.128843 -0.155954 0.5019 1.0000 0.0000
v 0.552835 1.137405 -0.182593 0.5019 1.0000 0.0000
v 0.561636 1.123114 -0.178152 0.5019 1.0000 0.0000
v 0.549199 1.130274 -0.137091 0.5019 1.0000 0.0000
v 0.548923 1.142761 -0.161902 0.5019 1.0000 0.0000
v 0.548513 1.127894 -0.202148 0.5019 1.0000 0.0000
v 0.546590 1.127948 -0.201066 0.5019 1.0000 0.0000
v 0.548513 1.127894 -0.202148 0.5019 1.0000 0.0000
v 0.534359 1.115117 -0.211304 0.5019 1.0000 0.0000
v 0.532896 1.116121 -0.209348 0.5019 1.0000 0.0000
v 0.556658 1.112777 -0.197785 0.5019 1.0000 0.0000
v 0.543328 1.101346 -0.206414 0.5019 1.0000 0.0000
v 0.518470 1.105778 -0.207151 0.5019 1.0000 0.0000
v 0.518555 1.108109 -0.204004 0.5019 1.0000 0.0000
v 0.534359 1.115117 -0.211304 0.5019 1.0000 0.0000
v 0.528234 1.092221 -0.203626 0.5019 1.0000 0.0000
v 0.505145 1.101294 -0.192231 0.5019 1.0000 0.0000
v 0.507253 1.104320 -0.190966 0.5019 1.0000 0.0000
v 0.519192 1.088552 -0.195598 0.5019 1.0000 0.0000
v 0.518470 1.105778 -0.207151 0.5019 1.0000 0.0000
v 0.505145 1.101294 -0.192231 0.5019 1.0000 0.0000
v 0.498132 1.103280 -0.173279 0.5019 1.0000 0.0000
v 0.505145 1.101294 -0.192231 0.5019 1.0000 0.0000
v 0.507253 1.104320 -0.190966 0.5019 1.0000 0.0000
v 0.500048 1.105604 -0.172557 0.5019 1.0000 0.0000
v 0.513665 1.087664 -0.186088 0.5019 1.0000 0.0000
v 0.536516 1.090483 -0.087997 0.5019 1.0000 0.0000
v 0.552029 1.083412 -0.090455 0.5019 1.0000 0.0000
v 0.520019 1.083079 -0.092909 0.5019 1.0000 0.0000
v 0.533902 1.107411 -0.101107 0.5019 1.0000 0.0000
v 0.521153 1.103888 -0.102947 0.5019 1.0000 0.0000
v 0.558855 1.069084 -0.094834 0.5019 1.0000 0.0000
v 0.558855 1.069084 -0.094834 0.5019 1.0000 0.0000
v 0.544018 1.052710 -0.108301 0.5019 1.0000 0.0000
v 0.543546 1.054810 -0.112367 0.5019 1.0000 0.0000
v 0.526783 1.057877 -0.107713 0.5019 1.0000 0.0000
v 0.518041 1.069326 -0.101093 0.5019 1.0000 0.0000
v 0.521379 1.065133 -0.120379 0.5019 1.0000 0.0000
v 0.510078 1.081431 -0.117493 0.5019 1.0000 0.0000
v 0.518041 1.069326 -0.101093 0.5019 1.0000 0.0000
v 0.510106 1.097196 -0.111040 0.5019 1.0000 0.0000
v 0.508061 1.089112 -0.124743 0.5019 1.0000 0.0000
v 0.510078 1.081431 -0.117493 0.5019 1.0000 0.0000
v 0.510106 1.097196 -0.111040 0.5019 1.0000 0.0000
v 0.519559 1.105896 -0.102147 0.5019 1.0000 0.0000
v 0.521153 1.103888 -0.102947 0.5019 1.0000 0.0000
v 0.507161 1.109273 -0.122565 0.5019 1.0000 0.0000
v 0.503609 1.103538 -0.132020 0.5019 1.0000 0.0000
v 0.519559 1.105896 -0.102147 0.5019 1.0000 0.0000
v 0.517128 1.116084 -0.114971 0.5019 1.0000 0.0000
v 0.510378 1.081567 -0.143476 0.5019 1.0000 0.0000
v 0.532497 1.109658 -0.100098 0.5019 1.0000 0.0000
v 0.533902 1.107411 -0.101107 0.5019 1.0000 0.0000
v 0.547822 1.108490 -0.104727 0.5019 1.0000 0.0000
v 0.548466 1.106063 -0.106085 0.5019 1.0000 0.0000
v 0.531875 1.119847 -0.113706 0.5019 1.0000 0.0000
v 0.532497 1.109658 -0.100098 0.5019 1.0000 0.0000
v 0.517128 1.116084 -0.114971 0.5019 1.0000 0.0000
v 0.518068 1.114679 -0.118031 0.5019 1.0000 0.0000
v 0.507161 1.109273 -0.122565 0.5019 1.0000 0.0000
v 0.507579 1.109342 -0.123774 0.5019 1.0000 0.0000
v 0.523570 1.065687 -0.142262 0.5019 1.0000 0.0000
v 0.502225 1.095957 -0.148601 0.5019 1.0000 0.0000
v 0.503609 1.103538 -0.132020 0.5019 1.0000 0.0000
v 0.508061 1.089112 -0.124743 0.5019 1.0000 0.0000
v 0.499922 1.119035 -0.140248 0.5019 1.0000 0.0000
v 0.503609 1.103538 -0.132020 0.5019 1.0000 0.0000
v 0.496866 1.109818 -0.155174 0.5019 1.0000 0.0000
v 0.507579 1.109342 -0.123774 0.5019 1.0000 0.0000
v 0.503609 1.103538 -0.132020 0.5019 1.0000 0.0000
v 0.505723 1.089799 -0.168825 0.5019 1.0000 0.0000
v 0.502225 1.095957 -0.148601 0.5019 1.0000 0.0000
v 0.505723 1.089799 -0.168825 0.5019 1.0000 0.0000
v 0.517879 1.116044 -0.119809 0.5019 1.0000 0.0000
v 0.507579 1.109342 -0.123774 0.5019 1.0000 0.0000
v 0.516843 1.117809 -0.118127 0.5019 1.0000 0.0000
v 0.510396 1.130515 -0.130707 0.5019 1.0000 0.0000
v 0.516843 1.117809 -0.118127 0.5019 1.0000 0.0000
v 0.518068 1.114679 -0.118031 0.5019 1.0000 0.0000
v 0.507579 1.109342 -0.123774 0.5019 1.0000 0.0000
v 0.517879 1.116044 -0.119809 0.5019 1.0000 0.0000
v 0.501912 1.119833 -0.142828 0.5019 1.0000 0.0000
v 0.499922 1.119035 -0.140248 0.5019 1.0000 0.0000
v 0.496866 1.109818 -0.155174 0.5019 1.0000 0.0000
v 0.498755 1.111240 -0.156388 0.5019 1.0000 0.0000
v 0.511689 1.129928 -0.134776 0.5019 1.0000 0.0000
v 0.510396 1.130515 -0.130707 0.5019 1.0000 0.0000
v 0.549199 1.130274 -0.137091 0.5019 1.0000 0.0000
v 0.558146 1.128843 -0.155954 0.5019 1.0000 0.0000
v 0.556126 1.126052 -0.155678 0.5019 1.0000 0.0000
v 0.548382 1.127448 -0.138703 0.5019 1.0000 0.0000
v 0.534530 1.126696 -0.122171 0.5019 1.0000 0.0000
v 0.534736 1.123969 -0.124514 0.5019 1.0000 0.0000
v 0.534530 1.126696 -0.122171 0.5019 1.0000 0.0000
v 0.538647 1.142956 -0.143801 0.5019 1.0000 0.0000
v 0.524455 1.138759 -0.132528 0.5019 1.0000 0.0000
v 0.524596 1.138590 -0.135416 0.5019 1.0000 0.0000
v 0.524455 1.138759 -0.132528 0.5019 1.0000 0.0000
v 0.560443 1.105674 -0.111133 0.5019 1.0000 0.0000
v 0.561636 1.123114 -0.178152 0.5019 1.0000 0.0000
v 0.558912 1.120062 -0.177355 0.5019 1.0000 0.0000
v 0.556658 1.112777 -0.197785 0.5019 1.0000 0.0000
v 0.554642 1.110765 -0.195866 0.5019 1.0000 0.0000
v 0.543328 1.101346 -0.206414 0.5019 1.0000 0.0000
v 0.542734 1.100729 -0.203709 0.5019 1.0000 0.0000
v 0.528234 1.092221 -0.203626 0.5019 1.0000 0.0000
v 0.529666 1.092741 -0.201514 0.5019 1.0000 0.0000
v 0.519192 1.088552 -0.195598 0.5019 1.0000 0.0000
v 0.520457 1.088812 -0.194119 0.5019 1.0000 0.0000
v 0.526626 1.063308 -0.159704 0.5019 1.0000 0.0000
v 0.532529 1.061080 -0.179157 0.5019 1.0000 0.0000
v 0.522463 1.073141 -0.181033 0.5019 1.0000 0.0000
v 0.513665 1.087664 -0.186088 0.5019 1.0000 0.0000
v 0.513665 1.087664 -0.186088 0.5019 1.0000 0.0000
v 0.516058 1.075858 -0.164620 0.5019 1.0000 0.0000
v 0.553723 1.028934 -0.046280 0.5019 1.0000 0.0000
v 0.551297 1.034065 -0.048338 0.5019 1.0000 0.0000
v 0.545511 1.031513 -0.048358 0.5019 1.0000 0.0000
v 0.552910 1.025544 -0.048630 0.5019 1.0000 0.0000
v 0.557651 1.034183 -0.050367 0.5019 1.0000 0.0000
v 0.550525 1.038285 -0.051645 0.5019 1.0000 0.0000
v 0.557338 1.038283 -0.053773 0.5019 1.0000 0.0000
v 0.542929 1.035167 -0.052118 0.5019 1.0000 0.0000
v 0.557636 1.029464 -0.048127 0.5019 1.0000 0.0000
v 0.556944 1.026051 -0.049647 0.5019 1.0000 0.0000
v 0.561431 1.036608 -0.057114 0.5019 1.0000 0.0000
v 0.560967 1.032421 -0.052857 0.5019 1.0000 0.0000
v 0.544542 1.028900 -0.049684 0.5019 1.0000 0.0000
v 0.549093 1.026210 -0.048341 0.5019 1.0000 0.0000
v 0.546218 1.024654 -0.053914 0.5019 1.0000 0.0000
v 0.552910 1.025544 -0.048630 0.5019 1.0000 0.0000
v 0.551509 1.023027 -0.055355 0.5019 1.0000 0.0000
v 0.542752 1.026464 -0.059585 0.5019 1.0000 0.0000
v 0.540706 1.031502 -0.054249 0.5019 1.0000 0.0000
v 0.549766 1.023944 -0.062850 0.5019 1.0000 0.0000
v 0.561479 1.028695 -0.055634 0.5019 1.0000 0.0000
v 0.560967 1.032421 -0.052857 0.5019 1.0000 0.0000
v 0.561431 1.036608 -0.057114 0.5019 1.0000 0.0000
v 0.562277 1.031424 -0.061690 0.5019 1.0000 0.0000
v 0.557154 1.024303 -0.056098 0.5019 1.0000 0.0000
v 0.556859 1.026006 -0.063789 0.5019 1.0000 0.0000
v 0.559234 1.027751 -0.050347 0.5019 1.0000 0.0000
v 0.556944 1.026051 -0.049647 0.5019 1.0000 0.0000
v 0.559234 1.027751 -0.050347 0.5019 1.0000 0.0000
v 0.538428 1.032048 -0.065017 0.5019 1.0000 0.0000
v 0.535893 1.036780 -0.069742 0.5019 1.0000 0.0000
v 0.535325 1.040364 -0.063660 0.5019 1.0000 0.0000
v 0.537587 1.035613 -0.059585 0.5019 1.0000 0.0000
v 0.541696 1.029756 -0.068964 0.5019 1.0000 0.0000
v 0.540176 1.033901 -0.074093 0.5019 1.0000 0.0000
v 0.540838 1.040743 -0.057190 0.5019 1.0000 0.0000
v 0.537587 1.035613 -0.059585 0.5019 1.0000 0.0000
v 0.535325 1.040364 -0.063660 0.5019 1.0000 0.0000
v 0.540198 1.045604 -0.059632 0.5019 1.0000 0.0000
v 0.533285 1.046197 -0.068534 0.5019 1.0000 0.0000
v 0.533285 1.046197 -0.068534 0.5019 1.0000 0.0000
v 0.538040 1.051041 -0.063051 0.5019 1.0000 0.0000
v 0.546632 1.032526 -0.077809 0.5019 1.0000 0.0000
v 0.547996 1.028023 -0.071485 0.5019 1.0000 0.0000
v 0.555159 1.034581 -0.078140 0.5019 1.0000 0.0000
v 0.556044 1.030633 -0.072636 0.5019 1.0000 0.0000
v 0.554229 1.054506 -0.064607 0.5019 1.0000 0.0000
v 0.559759 1.051181 -0.070279 0.5019 1.0000 0.0000
v 0.560646 1.046571 -0.066550 0.5019 1.0000 0.0000
v 0.555001 1.048516 -0.061510 0.5019 1.0000 0.0000
v 0.546379 1.054716 -0.061822 0.5019 1.0000 0.0000
v 0.547820 1.048842 -0.059280 0.5019 1.0000 0.0000
v 0.555738 1.044632 -0.059193 0.5019 1.0000 0.0000
v 0.561267 1.041982 -0.063008 0.5019 1.0000 0.0000
v 0.548769 1.044343 -0.056878 0.5019 1.0000 0.0000
v 0.560989 1.040351 -0.073099 0.5019 1.0000 0.0000
v 0.560646 1.046571 -0.066550 0.5019 1.0000 0.0000
v 0.559759 1.051181 -0.070279 0.5019 1.0000 0.0000
v 0.561267 1.041982 -0.063008 0.5019 1.0000 0.0000
v 0.561600 1.036689 -0.068936 0.5019 1.0000 0.0000
v 0.540706 1.031502 -0.054249 0.5019 1.0000 0.0000
v 0.614410 1.027049 -0.109317 0.5019 1.0000 0.0000
v 0.616036 1.030004 -0.108695 0.5019 1.0000 0.0000
v 0.621477 1.029449 -0.118340 0.5019 1.0000 0.0000
v 0.620187 1.027373 -0.117816 0.5019 1.0000 0.0000
v 0.608134 1.023288 -0.106241 0.5019 1.0000 0.0000
v 0.606503 1.024193 -0.104267 0.5019 1.0000 0.0000
v 0.619681 1.023122 -0.127848 0.5019 1.0000 0.0000
v 0.617750 1.021319 -0.126135 0.5019 1.0000 0.0000
v 0.612542 1.016117 -0.131135 0.5019 1.0000 0.0000
v 0.611286 1.015455 -0.127732 0.5019 1.0000 0.0000
v 0.603152 1.010663 -0.127254 0.5019 1.0000 0.0000
v 0.605691 1.012134 -0.125550 0.5019 1.0000 0.0000
v 0.596860 1.010899 -0.117193 0.5019 1.0000 0.0000
v 0.599451 1.011503 -0.116640 0.5019 1.0000 0.0000
v 0.598379 1.016635 -0.107612 0.5019 1.0000 0.0000
v 0.600385 1.016597 -0.108356 0.5019 1.0000 0.0000
v 0.606503 1.024193 -0.104267 0.5019 1.0000 0.0000
v 0.608134 1.023288 -0.106241 0.5019 1.0000 0.0000
v 0.609787 1.006789 -0.169367 0.5019 1.0000 0.0000
v 0.610785 1.008656 -0.169397 0.5019 1.0000 0.0000
v 0.610510 1.007434 -0.177210 0.5019 1.0000 0.0000
v 0.609720 1.005874 -0.176472 0.5019 1.0000 0.0000
v 0.605619 1.004854 -0.162707 0.5019 1.0000 0.0000
v 0.606563 1.006861 -0.161634 0.5019 1.0000 0.0000
v 0.606340 1.003724 -0.182231 0.5019 1.0000 0.0000
v 0.606171 1.002702 -0.180414 0.5019 1.0000 0.0000
v 0.600252 0.999085 -0.182941 0.5019 1.0000 0.0000
v 0.600755 0.998571 -0.180805 0.5019 1.0000 0.0000
v 0.600252 0.999085 -0.182941 0.5019 1.0000 0.0000
v 0.594667 0.995484 -0.179341 0.5019 1.0000 0.0000
v 0.595949 0.995590 -0.177629 0.5019 1.0000 0.0000
v 0.600755 0.998571 -0.180805 0.5019 1.0000 0.0000
v 0.590393 0.994925 -0.168546 0.5019 1.0000 0.0000
v 0.593005 0.995612 -0.168658 0.5019 1.0000 0.0000
v 0.595710 1.000268 -0.160031 0.5019 1.0000 0.0000
v 0.597310 0.999844 -0.161282 0.5019 1.0000 0.0000
v 0.597310 0.999844 -0.161282 0.5019 1.0000 0.0000
v 0.595710 1.000268 -0.160031 0.5019 1.0000 0.0000
v 0.618063 1.016379 -0.148190 0.5019 1.0000 0.0000
v 0.615845 1.017740 -0.139389 0.5019 1.0000 0.0000
v 0.608597 1.014551 -0.133288 0.5019 1.0000 0.0000
v 0.615294 1.011998 -0.155410 0.5019 1.0000 0.0000
v 0.608510 1.006046 -0.157310 0.5019 1.0000 0.0000
v 0.608510 1.006046 -0.157310 0.5019 1.0000 0.0000
v 0.600345 1.001958 -0.153309 0.5019 1.0000 0.0000
v 0.608597 1.014551 -0.133288 0.5019 1.0000 0.0000
v 0.599492 1.008490 -0.133661 0.5019 1.0000 0.0000
v 0.595821 1.002126 -0.144173 0.5019 1.0000 0.0000
v 0.538647 1.142956 -0.143801 0.5019 1.0000 0.0000
v 0.548923 1.142761 -0.161902 0.5019 0.5019 0.0000
v 0.551259 1.137478 -0.182829 0.5019 0.5019 0.0000
v 0.538647 1.142956 -0.143801 0.5019 0.5019 0.0000
v 0.524596 1.138590 -0.135416 0.5019 0.5019 0.0000
v 0.511689 1.129928 -0.134776 0.5019 0.5019 0.0000
v 0.501912 1.119833 -0.142828 0.5019 0.5019 0.0000
v 0.498755 1.111240 -0.156388 0.5019 0.5019 0.0000
v 0.500048 1.105604 -0.172557 0.5019 0.5019 0.0000
v 0.507253 1.104320 -0.190966 0.5019 0.5019 0.0000
v 0.518555 1.108109 -0.204004 0.5019 0.5019 0.0000
v 0.532896 1.116121 -0.209348 0.5019 0.5019 0.0000
v 0.546590 1.127948 -0.201066 0.5019 0.5019 0.0000
v 0.507253 1.104320 -0.190966 0.5019 0.5019 0.0000
v 0.494444 1.159077 -0.132746 0.5019 0.5019 0.0000
v 0.478174 1.180875 -0.141871 0.5019 0.5019 0.0000
v 0.464987 1.168405 -0.147698 0.5019 0.5019 0.0000
v 0.481240 1.146591 -0.138578 0.5019 0.5019 0.0000
v 0.455594 1.155685 -0.162831 0.5019 0.5019 0.0000
v 0.471835 1.133857 -0.153728 0.5019 0.5019 0.0000
v 0.453263 1.146729 -0.181421 0.5019 0.5019 0.0000
v 0.469501 1.124889 -0.172337 0.5019 0.5019 0.0000
v 0.548441 1.181861 -0.177285 0.5019 0.5019 0.0000
v 0.532096 1.203622 -0.186369 0.5019 0.5019 0.0000
v 0.522822 1.204840 -0.166475 0.5019 0.5019 0.0000
v 0.539154 1.183078 -0.157371 0.5019 0.5019 0.0000
v 0.509465 1.200714 -0.151237 0.5019 0.5019 0.0000
v 0.525776 1.178943 -0.142119 0.5019 0.5019 0.0000
v 0.493793 1.192362 -0.142204 0.5019 0.5019 0.0000
v 0.510083 1.170581 -0.133075 0.5019 0.5019 0.0000
v 0.550537 1.179737 -0.186357 0.5019 0.5019 0.0000
v 0.534666 1.201479 -0.195949 0.5019 0.5019 0.0000
v 0.491890 1.160138 -0.126142 0.5019 0.5019 0.0000
v 0.476582 1.145715 -0.132560 0.5019 0.5019 0.0000
v 0.460265 1.167555 -0.141647 0.5019 0.5019 0.0000
v 0.475574 1.181978 -0.135229 0.5019 0.5019 0.0000
v 0.465781 1.131096 -0.149743 0.5019 0.5019 0.0000
v 0.449464 1.152936 -0.158829 0.5019 0.5019 0.0000
v 0.462971 1.120698 -0.170781 0.5019 0.5019 0.0000
v 0.446655 1.142538 -0.179867 0.5019 0.5019 0.0000
v 0.539712 1.208551 -0.188671 0.5019 0.5019 0.0000
v 0.556208 1.186801 -0.179839 0.5019 0.5019 0.0000
v 0.543670 1.188152 -0.153314 0.5019 0.5019 0.0000
v 0.527350 1.209990 -0.162400 0.5019 0.5019 0.0000
v 0.528215 1.183272 -0.136355 0.5019 0.5019 0.0000
v 0.511898 1.205111 -0.145441 0.5019 0.5019 0.0000
v 0.510022 1.173553 -0.126021 0.5019 0.5019 0.0000
v 0.493705 1.195393 -0.135107 0.5019 0.5019 0.0000
v 0.491890 1.160138 -0.126142 0.5019 0.5019 0.0000
v 0.494444 1.159077 -0.132746 0.5019 0.5019 0.0000
v 0.481240 1.146591 -0.138578 0.5019 0.5019 0.0000
v 0.476582 1.145715 -0.132560 0.5019 0.5019 0.0000
v 0.460265 1.167555 -0.141647 0.5019 0.5019 0.0000
v 0.464987 1.168405 -0.147698 0.5019 0.5019 0.0000
v 0.478174 1.180875 -0.141871 0.5019 0.5019 0.0000
v 0.475574 1.181978 -0.135229 0.5019 0.5019 0.0000
v 0.471835 1.133857 -0.153728 0.5019 0.5019 0.0000
v 0.465781 1.131096 -0.149743 0.5019 0.5019 0.0000
v 0.449464 1.152936 -0.158829 0.5019 0.5019 0.0000
v 0.455594 1.155685 -0.162831 0.5019 0.5019 0.0000
v 0.469501 1.124889 -0.172337 0.5019 0.5019 0.0000
v 0.462971 1.120698 -0.170781 0.5019 0.5019 0.0000
v 0.446655 1.142538 -0.179867 0.5019 0.5019 0.0000
v 0.453263 1.146729 -0.181421 0.5019 0.5019 0.0000
v 0.527350 1.209990 -0.162400 0.5019 0.5019 0.0000
v 0.522822 1.204840 -0.166475 0.5019 0.5019 0.0000
v 0.532096 1.203622 -0.186369 0.5019 0.5019 0.0000
v 0.539712 1.208551 -0.188671 0.5019 0.5019 0.0000
v 0.543670 1.188152 -0.153314 0.5019 0.5019 0.0000
v 0.539154 1.183078 -0.157371 0.5019 0.5019 0.0000
v 0.525776 1.178943 -0.142119 0.5019 0.5019 0.0000
v 0.528215 1.183272 -0.136355 0.5019 0.5019 0.0000
v 0.511898 1.205111 -0.145441 0.5019 0.5019 0.0000
v 0.509465 1.200714 -0.151237 0.5019 0.5019 0.0000
v 0.510083 1.170581 -0.133075 0.5019 0.5019 0.0000
v 0.510022 1.173553 -0.126021 0.5019 0.5019 0.0000
v 0.493705 1.195393 -0.135107 0.5019 0.5019 0.0000
v 0.493793 1.192362 -0.142204 0.5019 0.5019 0.0000
v 0.557450 1.184487 -0.187672 0.5019 0.5019 0.0000
v 0.541382 1.206328 -0.196913 0.5019 0.5019 0.0000
v 0.534666 1.201479 -0.195949 0.5019 0.5019 0.0000
v 0.550537 1.179737 -0.186357 0.5019 0.5019 0.0000
v 0.556208 1.186801 -0.179839 0.5019 0.5019 0.0000
v 0.557450 1.184487 -0.187672 0.5019 0.5019 0.0000
v 0.550537 1.179737 -0.186357 0.5019 0.5019 0.0000
v 0.548441 1.181861 -0.177285 0.5019 0.5019 0.0000
v 0.541382 1.206328 -0.196913 0.5019 0.5019 0.0000
v 0.534666 1.201479 -0.195949 0.5019 0.5019 0.0000
v 0.545210 1.221480 -0.200374 0.5019 0.5019 0.0000
v 0.543754 1.223904 -0.191541 0.5019 0.5019 0.0000
v 0.539712 1.208551 -0.188671 0.5019 0.5019 0.0000
v 0.541382 1.206328 -0.196913 0.5019 0.5019 0.0000
v 0.557450 1.184487 -0.187672 0.5019 0.5019 0.0000
v 0.556208 1.186801 -0.179839 0.5019 0.5019 0.0000
v 0.564614 1.213401 -0.185814 0.5019 0.5019 0.0000
v 0.566223 1.210871 -0.194712 0.5019 0.5019 0.0000
v 0.546943 1.225351 -0.191310 0.5019 0.5019 0.0000
v 0.548534 1.222941 -0.200299 0.5019 0.5019 0.0000
v 0.565290 1.214834 -0.195956 0.5019 0.5019 0.0000
v 0.563711 1.217384 -0.186994 0.5019 0.5019 0.0000
v 0.564614 1.213401 -0.185814 0.5019 0.5019 0.0000
v 0.563711 1.217384 -0.186994 0.5019 0.5019 0.0000
v 0.565290 1.214834 -0.195956 0.5019 0.5019 0.0000
v 0.566223 1.210871 -0.194712 0.5019 0.5019 0.0000
v 0.546943 1.225351 -0.191310 0.5019 0.5019 0.0000
v 0.543754 1.223904 -0.191541 0.5019 0.5019 0.0000
v 0.545210 1.221480 -0.200374 0.5019 0.5019 0.0000
v 0.548534 1.222941 -0.200299 0.5019 0.5019 0.0000
v 0.557450 1.184487 -0.187672 0.5019 0.5019 0.0000
v 0.566223 1.210871 -0.194712 0.5019 0.5019 0.0000
v 0.541382 1.206328 -0.196913 0.5019 0.5019 0.0000
v 0.545210 1.221480 -0.200374 0.5019 0.5019 0.0000
v 0.565290 1.214834 -0.195956 0.5019 0.5019 0.0000
v 0.548534 1.222941 -0.200299 0.5019 0.5019 0.0000
v 0.564614 1.213401 -0.185814 0.5019 0.5019 0.0000
v 0.543754 1.223904 -0.191541 0.5019 0.5019 0.0000
v 0.546943 1.225351 -0.191310 0.5019 0.5019 0.0000
v 0.563711 1.217384 -0.186994 0.5019 0.5019 0.0000
v 0.556208 1.186801 -0.179839 0.5019 0.5019 0.0000
v 0.539712 1.208551 -0.188671 0.5019 0.5019 0.0000
v 0.495099 1.123444 -0.222589 0.5019 0.5019 0.0000
v 0.481741 1.119075 -0.208894 0.5019 0.5019 0.0000
v 0.465487 1.140923 -0.217933 0.5019 0.5019 0.0000
v 0.478827 1.145285 -0.231610 0.5019 0.5019 0.0000
v 0.472752 1.119629 -0.190952 0.5019 0.5019 0.0000
v 0.456510 1.141476 -0.200013 0.5019 0.5019 0.0000
v 0.469501 1.124889 -0.172337 0.5019 0.5019 0.0000
v 0.453263 1.146729 -0.181421 0.5019 0.5019 0.0000
v 0.548678 1.169189 -0.208172 0.5019 0.5019 0.0000
v 0.539655 1.156315 -0.222913 0.5019 0.5019 0.0000
v 0.523322 1.178112 -0.231932 0.5019 0.5019 0.0000
v 0.532333 1.190972 -0.217204 0.5019 0.5019 0.0000
v 0.526430 1.143693 -0.229505 0.5019 0.5019 0.0000
v 0.510118 1.165509 -0.238515 0.5019 0.5019 0.0000
v 0.510791 1.132005 -0.230357 0.5019 0.5019 0.0000
v 0.534765 1.196188 -0.208846 0.5019 0.5019 0.0000
v 0.550644 1.174059 -0.200195 0.5019 0.5019 0.0000
v 0.492649 1.119071 -0.228729 0.5019 0.5019 0.0000
v 0.476332 1.140911 -0.237814 0.5019 0.5019 0.0000
v 0.460846 1.135839 -0.221990 0.5019 0.5019 0.0000
v 0.477162 1.113998 -0.212904 0.5019 0.5019 0.0000
v 0.450425 1.136462 -0.201308 0.5019 0.5019 0.0000
v 0.466741 1.114622 -0.192223 0.5019 0.5019 0.0000
v 0.446655 1.142538 -0.179867 0.5019 0.5019 0.0000
v 0.462971 1.120698 -0.170781 0.5019 0.5019 0.0000
v 0.539944 1.196139 -0.218926 0.5019 0.5019 0.0000
v 0.527931 1.178941 -0.238389 0.5019 0.5019 0.0000
v 0.544251 1.157103 -0.229304 0.5019 0.5019 0.0000
v 0.556438 1.174541 -0.209721 0.5019 0.5019 0.0000
v 0.512657 1.164362 -0.246005 0.5019 0.5019 0.0000
v 0.528974 1.142521 -0.236920 0.5019 0.5019 0.0000
v 0.494526 1.150844 -0.246778 0.5019 0.5019 0.0000
v 0.510843 1.129004 -0.237693 0.5019 0.5019 0.0000
v 0.492649 1.119071 -0.228729 0.5019 0.5019 0.0000
v 0.477162 1.113998 -0.212904 0.5019 0.5019 0.0000
v 0.481741 1.119075 -0.208894 0.5019 0.5019 0.0000
v 0.495099 1.123444 -0.222589 0.5019 0.5019 0.0000
v 0.460846 1.135839 -0.221990 0.5019 0.5019 0.0000
v 0.476332 1.140911 -0.237814 0.5019 0.5019 0.0000
v 0.478827 1.145285 -0.231610 0.5019 0.5019 0.0000
v 0.465487 1.140923 -0.217933 0.5019 0.5019 0.0000
v 0.466741 1.114622 -0.192223 0.5019 0.5019 0.0000
v 0.472752 1.119629 -0.190952 0.5019 0.5019 0.0000
v 0.450425 1.136462 -0.201308 0.5019 0.5019 0.0000
v 0.456510 1.141476 -0.200013 0.5019 0.5019 0.0000
v 0.462971 1.120698 -0.170781 0.5019 0.5019 0.0000
v 0.469501 1.124889 -0.172337 0.5019 0.5019 0.0000
v 0.453263 1.146729 -0.181421 0.5019 0.5019 0.0000
v 0.446655 1.142538 -0.179867 0.5019 0.5019 0.0000
v 0.527931 1.178941 -0.238389 0.5019 0.5019 0.0000
v 0.539944 1.196139 -0.218926 0.5019 0.5019 0.0000
v 0.532333 1.190972 -0.217204 0.5019 0.5019 0.0000
v 0.523322 1.178112 -0.231932 0.5019 0.5019 0.0000
v 0.544251 1.157103 -0.229304 0.5019 0.5019 0.0000
v 0.528974 1.142521 -0.236920 0.5019 0.5019 0.0000
v 0.526430 1.143693 -0.229505 0.5019 0.5019 0.0000
v 0.539655 1.156315 -0.222913 0.5019 0.5019 0.0000
v 0.512657 1.164362 -0.246005 0.5019 0.5019 0.0000
v 0.510118 1.165509 -0.238515 0.5019 0.5019 0.0000
v 0.510843 1.129004 -0.237693 0.5019 0.5019 0.0000
v 0.510791 1.132005 -0.230357 0.5019 0.5019 0.0000
v 0.494526 1.150844 -0.246778 0.5019 0.5019 0.0000
v 0.494500 1.153836 -0.239368 0.5019 0.5019 0.0000
v 0.557564 1.178402 -0.202504 0.5019 0.5019 0.0000
v 0.550644 1.174059 -0.200195 0.5019 0.5019 0.0000
v 0.534765 1.196188 -0.208846 0.5019 0.5019 0.0000
v 0.541495 1.200353 -0.211477 0.5019 0.5019 0.0000
v 0.556438 1.174541 -0.209721 0.5019 0.5019 0.0000
v 0.548678 1.169189 -0.208172 0.5019 0.5019 0.0000
v 0.550644 1.174059 -0.200195 0.5019 0.5019 0.0000
v 0.557564 1.178402 -0.202504 0.5019 0.5019 0.0000
v 0.541495 1.200353 -0.211477 0.5019 0.5019 0.0000
v 0.534765 1.196188 -0.208846 0.5019 0.5019 0.0000
v 0.545358 1.213591 -0.219604 0.5019 0.5019 0.0000
v 0.541495 1.200353 -0.211477 0.5019 0.5019 0.0000
v 0.539944 1.196139 -0.218926 0.5019 0.5019 0.0000
v 0.544031 1.209105 -0.227612 0.5019 0.5019 0.0000
v 0.557564 1.178402 -0.202504 0.5019 0.5019 0.0000
v 0.566386 1.202175 -0.215907 0.5019 0.5019 0.0000
v 0.564908 1.197719 -0.224039 0.5019 0.5019 0.0000
v 0.556438 1.174541 -0.209721 0.5019 0.5019 0.0000
v 0.547231 1.209991 -0.228751 0.5019 0.5019 0.0000
v 0.564011 1.201379 -0.226007 0.5019 0.5019 0.0000
v 0.565458 1.205865 -0.217817 0.5019 0.5019 0.0000
v 0.548691 1.214595 -0.220640 0.5019 0.5019 0.0000
v 0.564908 1.197719 -0.224039 0.5019 0.5019 0.0000
v 0.566386 1.202175 -0.215907 0.5019 0.5019 0.0000
v 0.565458 1.205865 -0.217817 0.5019 0.5019 0.0000
v 0.564011 1.201379 -0.226007 0.5019 0.5019 0.0000
v 0.547231 1.209991 -0.228751 0.5019 0.5019 0.0000
v 0.548691 1.214595 -0.220640 0.5019 0.5019 0.0000
v 0.545358 1.213591 -0.219604 0.5019 0.5019 0.0000
v 0.544031 1.209105 -0.227612 0.5019 0.5019 0.0000
v 0.557564 1.178402 -0.202504 0.5019 0.5019 0.0000
v 0.541495 1.200353 -0.211477 0.5019 0.5019 0.0000
v 0.566386 1.202175 -0.215907 0.5019 0.5019 0.0000
v 0.545358 1.213591 -0.219604 0.5019 0.5019 0.0000
v 0.565458 1.205865 -0.217817 0.5019 0.5019 0.0000
v 0.564908 1.197719 -0.224039 0.5019 0.5019 0.0000
v 0.564011 1.201379 -0.226007 0.5019 0.5019 0.0000
v 0.547231 1.209991 -0.228751 0.5019 0.5019 0.0000
v 0.544031 1.209105 -0.227612 0.5019 0.5019 0.0000
v 0.539944 1.196139 -0.218926 0.5019 0.5019 0.0000
v 0.556438 1.174541 -0.209721 0.5019 0.5019 0.0000
v 0.543017 1.166351 -0.203788 0.5019 0.5019 0.0000
v 0.534386 1.155039 -0.215826 0.5019 0.5019 0.0000
v 0.517426 1.177740 -0.225270 0.5019 0.5019 0.0000
v 0.526057 1.189052 -0.213232 0.5019 0.5019 0.0000
v 0.523955 1.144915 -0.221351 0.5019 0.5019 0.0000
v 0.506996 1.167616 -0.230795 0.5019 0.5019 0.0000
v 0.527976 1.193092 -0.206557 0.5019 0.5019 0.0000
v 0.544813 1.170580 -0.197163 0.5019 0.5019 0.0000
v 0.547691 1.168418 -0.207213 0.5019 0.5019 0.0000
v 0.530731 1.191119 -0.216657 0.5019 0.5019 0.0000
v 0.521175 1.178487 -0.230207 0.5019 0.5019 0.0000
v 0.538135 1.155787 -0.220763 0.5019 0.5019 0.0000
v 0.508994 1.166692 -0.236605 0.5019 0.5019 0.0000
v 0.525953 1.143991 -0.227161 0.5019 0.5019 0.0000
v 0.549538 1.173495 -0.198817 0.5019 0.5019 0.0000
v 0.532754 1.195963 -0.208161 0.5019 0.5019 0.0000
v 0.530731 1.191119 -0.216657 0.5019 0.5019 0.0000
v 0.526057 1.189052 -0.213232 0.5019 0.5019 0.0000
v 0.517426 1.177740 -0.225270 0.5019 0.5019 0.0000
v 0.521175 1.178487 -0.230207 0.5019 0.5019 0.0000
v 0.538135 1.155787 -0.220763 0.5019 0.5019 0.0000
v 0.534386 1.155039 -0.215826 0.5019 0.5019 0.0000
v 0.543017 1.166351 -0.203788 0.5019 0.5019 0.0000
v 0.547691 1.168418 -0.207213 0.5019 0.5019 0.0000
v 0.506996 1.167616 -0.230795 0.5019 0.5019 0.0000
v 0.508994 1.166692 -0.236605 0.5019 0.5019 0.0000
v 0.525953 1.143991 -0.227161 0.5019 0.5019 0.0000
v 0.523955 1.144915 -0.221351 0.5019 0.5019 0.0000
v 0.544813 1.170580 -0.197163 0.5019 0.5019 0.0000
v 0.549538 1.173495 -0.198817 0.5019 0.5019 0.0000
v 0.549538 1.173495 -0.198817 0.5019 0.5019 0.0000
v 0.544813 1.170580 -0.197163 0.5019 0.5019 0.0000
v 0.527976 1.193092 -0.206557 0.5019 0.5019 0.0000
v 0.532754 1.195963 -0.208161 0.5019 0.5019 0.0000
v 0.532754 1.195963 -0.208161 0.5019 0.5019 0.0000
v 0.527976 1.193092 -0.206557 0.5019 0.5019 0.0000
v 0.496252 1.156731 -0.237487 0.5019 0.5019 0.0000
v 0.513029 1.134227 -0.228121 0.5019 0.5019 0.0000
v 0.496165 1.158846 -0.232280 0.5019 0.5019 0.0000
v 0.496252 1.156731 -0.237487 0.5019 0.5019 0.0000
v 0.513029 1.134227 -0.228121 0.5019 0.5019 0.0000
v 0.512990 1.136358 -0.222910 0.5019 0.5019 0.0000
v 0.496252 1.156731 -0.237487 0.5019 0.5019 0.0000
v 0.496165 1.158846 -0.232280 0.5019 0.5019 0.0000
v 0.512990 1.136358 -0.222910 0.5019 0.5019 0.0000
v 0.496794 1.126561 -0.217474 0.5019 0.5019 0.0000
v 0.484899 1.122164 -0.206592 0.5019 0.5019 0.0000
v 0.468119 1.144624 -0.215936 0.5019 0.5019 0.0000
v 0.479834 1.149262 -0.226917 0.5019 0.5019 0.0000
v 0.495581 1.124344 -0.220862 0.5019 0.5019 0.0000
v 0.478621 1.147045 -0.230306 0.5019 0.5019 0.0000
v 0.466295 1.142354 -0.218307 0.5019 0.5019 0.0000
v 0.483074 1.119894 -0.208964 0.5019 0.5019 0.0000
v 0.478621 1.147045 -0.230306 0.5019 0.5019 0.0000
v 0.479834 1.149262 -0.226917 0.5019 0.5019 0.0000
v 0.468119 1.144624 -0.215936 0.5019 0.5019 0.0000
v 0.466295 1.142354 -0.218307 0.5019 0.5019 0.0000
v 0.466295 1.142354 -0.218307 0.5019 0.5019 0.0000
v 0.468119 1.144624 -0.215936 0.5019 0.5019 0.0000
v 0.484899 1.122164 -0.206592 0.5019 0.5019 0.0000
v 0.483074 1.119894 -0.208964 0.5019 0.5019 0.0000
v 0.483074 1.119894 -0.208964 0.5019 0.5019 0.0000
v 0.484899 1.122164 -0.206592 0.5019 0.5019 0.0000
v 0.496794 1.126561 -0.217474 0.5019 0.5019 0.0000
v 0.495581 1.124344 -0.220862 0.5019 0.5019 0.0000
v 0.508994 1.133127 -0.222110 0.5019 0.5019 0.0000
v 0.508915 1.131582 -0.227089 0.5019 0.5019 0.0000
v 0.492129 1.154050 -0.236433 0.5019 0.5019 0.0000
v 0.492129 1.154050 -0.236433 0.5019 0.5019 0.0000
v 0.492198 1.155617 -0.231437 0.5019 0.5019 0.0000
v 0.508994 1.133127 -0.222110 0.5019 0.5019 0.0000
v 0.508915 1.131582 -0.227089 0.5019 0.5019 0.0000
v 0.492198 1.155617 -0.231437 0.5019 0.5019 0.0000
v 0.492129 1.154050 -0.236433 0.5019 0.5019 0.0000
v 0.508915 1.131582 -0.227089 0.5019 0.5019 0.0000
v 0.508994 1.133127 -0.222110 0.5019 0.5019 0.0000
v 0.496824 1.156617 -0.235993 0.5019 0.5019 0.0000
v 0.496782 1.157950 -0.232939 0.5019 0.5019 0.0000
v 0.492479 1.155124 -0.232270 0.5019 0.5019 0.0000
v 0.492505 1.153777 -0.235336 0.5019 0.5019 0.0000
v 0.492505 1.153777 -0.235336 0.5019 0.5019 0.0000
v 0.508411 1.132487 -0.226479 0.5019 0.5019 0.0000
v 0.512715 1.135313 -0.227148 0.5019 0.5019 0.0000
v 0.496824 1.156617 -0.235993 0.5019 0.5019 0.0000
v 0.508411 1.132487 -0.226479 0.5019 0.5019 0.0000
v 0.508385 1.133834 -0.223413 0.5019 0.5019 0.0000
v 0.512688 1.136660 -0.224082 0.5019 0.5019 0.0000
v 0.512715 1.135313 -0.227148 0.5019 0.5019 0.0000
v 0.542823 1.176731 -0.178487 0.5019 0.5019 0.0000
v 0.525863 1.199432 -0.187931 0.5019 0.5019 0.0000
v 0.517012 1.199882 -0.170921 0.5019 0.5019 0.0000
v 0.533972 1.177182 -0.161477 0.5019 0.5019 0.0000
v 0.506456 1.196760 -0.158346 0.5019 0.5019 0.0000
v 0.523415 1.174060 -0.148899 0.5019 0.5019 0.0000
v 0.544729 1.175099 -0.186149 0.5019 0.5019 0.0000
v 0.527891 1.197631 -0.195494 0.5019 0.5019 0.0000
v 0.547462 1.180633 -0.177439 0.5019 0.5019 0.0000
v 0.537660 1.181203 -0.158427 0.5019 0.5019 0.0000
v 0.520700 1.203903 -0.167871 0.5019 0.5019 0.0000
v 0.530502 1.203334 -0.186883 0.5019 0.5019 0.0000
v 0.525332 1.177442 -0.144411 0.5019 0.5019 0.0000
v 0.508372 1.200142 -0.153857 0.5019 0.5019 0.0000
v 0.532663 1.200827 -0.196305 0.5019 0.5019 0.0000
v 0.549447 1.178361 -0.186956 0.5019 0.5019 0.0000
v 0.530502 1.203334 -0.186883 0.5019 0.5019 0.0000
v 0.520700 1.203903 -0.167871 0.5019 0.5019 0.0000
v 0.517012 1.199882 -0.170921 0.5019 0.5019 0.0000
v 0.525863 1.199432 -0.187931 0.5019 0.5019 0.0000
v 0.537660 1.181203 -0.158427 0.5019 0.5019 0.0000
v 0.547462 1.180633 -0.177439 0.5019 0.5019 0.0000
v 0.542823 1.176731 -0.178487 0.5019 0.5019 0.0000
v 0.533972 1.177182 -0.161477 0.5019 0.5019 0.0000
v 0.508372 1.200142 -0.153857 0.5019 0.5019 0.0000
v 0.506456 1.196760 -0.158346 0.5019 0.5019 0.0000
v 0.525332 1.177442 -0.144411 0.5019 0.5019 0.0000
v 0.523415 1.174060 -0.148899 0.5019 0.5019 0.0000
v 0.549447 1.178361 -0.186956 0.5019 0.5019 0.0000
v 0.544729 1.175099 -0.186149 0.5019 0.5019 0.0000
v 0.549447 1.178361 -0.186956 0.5019 0.5019 0.0000
v 0.532663 1.200827 -0.196305 0.5019 0.5019 0.0000
v 0.527891 1.197631 -0.195494 0.5019 0.5019 0.0000
v 0.544729 1.175099 -0.186149 0.5019 0.5019 0.0000
v 0.532663 1.200827 -0.196305 0.5019 0.5019 0.0000
v 0.527891 1.197631 -0.195494 0.5019 0.5019 0.0000
v 0.495573 1.191132 -0.150673 0.5019 0.5019 0.0000
v 0.512398 1.168633 -0.141328 0.5019 0.5019 0.0000
v 0.512353 1.170915 -0.135927 0.5019 0.5019 0.0000
v 0.495577 1.193423 -0.145286 0.5019 0.5019 0.0000
v 0.495577 1.193423 -0.145286 0.5019 0.5019 0.0000
v 0.495573 1.191132 -0.150673 0.5019 0.5019 0.0000
v 0.512353 1.170915 -0.135927 0.5019 0.5019 0.0000
v 0.512398 1.168633 -0.141328 0.5019 0.5019 0.0000
v 0.495577 1.193423 -0.145286 0.5019 0.5019 0.0000
v 0.512353 1.170915 -0.135927 0.5019 0.5019 0.0000
v 0.512398 1.168633 -0.141328 0.5019 0.5019 0.0000
v 0.495573 1.191132 -0.150673 0.5019 0.5019 0.0000
v 0.496158 1.192397 -0.146059 0.5019 0.5019 0.0000
v 0.491838 1.189748 -0.144240 0.5019 0.5019 0.0000
v 0.491871 1.188608 -0.146998 0.5019 0.5019 0.0000
v 0.496175 1.191256 -0.148798 0.5019 0.5019 0.0000
v 0.491838 1.189748 -0.144240 0.5019 0.5019 0.0000
v 0.496158 1.192397 -0.146059 0.5019 0.5019 0.0000
v 0.512048 1.170991 -0.137917 0.5019 0.5019 0.0000
v 0.507744 1.168343 -0.136117 0.5019 0.5019 0.0000
v 0.507744 1.168343 -0.136117 0.5019 0.5019 0.0000
v 0.512048 1.170991 -0.137917 0.5019 0.5019 0.0000
v 0.512081 1.169855 -0.140647 0.5019 0.5019 0.0000
v 0.507777 1.167207 -0.138846 0.5019 0.5019 0.0000
v 0.496264 1.157874 -0.137807 0.5019 0.5019 0.0000
v 0.479304 1.180575 -0.147250 0.5019 0.5019 0.0000
v 0.467401 1.169573 -0.151398 0.5019 0.5019 0.0000
v 0.484181 1.147113 -0.142055 0.5019 0.5019 0.0000
v 0.495140 1.158655 -0.133766 0.5019 0.5019 0.0000
v 0.482676 1.147096 -0.138858 0.5019 0.5019 0.0000
v 0.465897 1.169556 -0.148202 0.5019 0.5019 0.0000
v 0.478181 1.181356 -0.143210 0.5019 0.5019 0.0000
v 0.478181 1.181356 -0.143210 0.5019 0.5019 0.0000
v 0.465897 1.169556 -0.148202 0.5019 0.5019 0.0000
v 0.467401 1.169573 -0.151398 0.5019 0.5019 0.0000
v 0.479304 1.180575 -0.147250 0.5019 0.5019 0.0000
v 0.465897 1.169556 -0.148202 0.5019 0.5019 0.0000
v 0.482676 1.147096 -0.138858 0.5019 0.5019 0.0000
v 0.484181 1.147113 -0.142055 0.5019 0.5019 0.0000
v 0.467401 1.169573 -0.151398 0.5019 0.5019 0.0000
v 0.482676 1.147096 -0.138858 0.5019 0.5019 0.0000
v 0.495140 1.158655 -0.133766 0.5019 0.5019 0.0000
v 0.496264 1.157874 -0.137807 0.5019 0.5019 0.0000
v 0.484181 1.147113 -0.142055 0.5019 0.5019 0.0000
v 0.508219 1.166815 -0.138204 0.5019 0.5019 0.0000
v 0.491424 1.189285 -0.147583 0.5019 0.5019 0.0000
v 0.508240 1.168404 -0.134056 0.5019 0.5019 0.0000
v 0.491454 1.190871 -0.143405 0.5019 0.5019 0.0000
v 0.491454 1.190871 -0.143405 0.5019 0.5019 0.0000
v 0.491424 1.189285 -0.147583 0.5019 0.5019 0.0000
v 0.508240 1.168404 -0.134056 0.5019 0.5019 0.0000
v 0.508219 1.166815 -0.138204 0.5019 0.5019 0.0000
v 0.491424 1.189285 -0.147583 0.5019 0.5019 0.0000
v 0.508219 1.166815 -0.138204 0.5019 0.5019 0.0000
v 0.508240 1.168404 -0.134056 0.5019 0.5019 0.0000
v 0.491454 1.190871 -0.143405 0.5019 0.5019 0.0000
v 0.557178 1.191444 -0.193499 0.5019 0.5019 0.0000
v 0.538375 1.214468 -0.202990 0.5019 0.5019 0.0000
v 0.550957 1.233002 -0.207343 0.5019 0.5019 0.0000
v 0.567895 1.214887 -0.199783 0.5019 0.5019 0.0000
v 0.557253 1.187446 -0.203246 0.5019 0.5019 0.0000
v 0.568013 1.208605 -0.215096 0.5019 0.5019 0.0000
v 0.551075 1.226719 -0.222659 0.5019 0.5019 0.0000
v 0.538451 1.210399 -0.212908 0.5019 0.5019 0.0000
v 0.550957 1.233002 -0.207343 0.5019 0.5019 0.0000
v 0.551075 1.226719 -0.222659 0.5019 0.5019 0.0000
v 0.568013 1.208605 -0.215096 0.5019 0.5019 0.0000
v 0.567895 1.214887 -0.199783 0.5019 0.5019 0.0000
v 0.538375 1.214468 -0.202990 0.5019 0.5019 0.0000
v 0.538451 1.210399 -0.212908 0.5019 0.5019 0.0000
v 0.551075 1.226719 -0.222659 0.5019 0.5019 0.0000
v 0.550957 1.233002 -0.207343 0.5019 0.5019 0.0000
v 0.557178 1.191444 -0.193499 0.5019 0.5019 0.0000
v 0.557253 1.187446 -0.203246 0.5019 0.5019 0.0000
v 0.538451 1.210399 -0.212908 0.5019 0.5019 0.0000
v 0.538375 1.214468 -0.202990 0.5019 0.5019 0.0000
v 0.567895 1.214887 -0.199783 0.5019 0.5019 0.0000
v 0.568013 1.208605 -0.215096 0.5019 0.5019 0.0000
v 0.557253 1.187446 -0.203246 0.5019 0.5019 0.0000
v 0.557178 1.191444 -0.193499 0.5019 0.5019 0.0000
v 0.569510 1.110203 -0.184056 0.5019 0.5019 0.0000
v 0.565776 1.125842 -0.189266 0.5019 0.5019 0.0000
v 0.569585 1.132179 -0.173143 0.5019 0.5019 0.0000
v 0.573561 1.119152 -0.167764 0.5019 0.5019 0.0000
v 0.574211 1.137378 -0.190053 0.5019 0.5019 0.0000
v 0.556257 1.156135 -0.206638 0.5019 0.5019 0.0000
v 0.555316 1.151418 -0.211284 0.5019 0.5019 0.0000
v 0.567134 1.130640 -0.202765 0.5019 0.5019 0.0000
v 0.563560 1.123245 -0.215449 0.5019 0.5019 0.0000
v 0.552957 1.143401 -0.218245 0.5019 0.5019 0.0000
v 0.548259 1.142458 -0.218057 0.5019 0.5019 0.0000
v 0.551348 1.118154 -0.211544 0.5019 0.5019 0.0000
v 0.555316 1.151418 -0.211284 0.5019 0.5019 0.0000
v 0.556257 1.156135 -0.206638 0.5019 0.5019 0.0000
v 0.552284 1.155508 -0.206153 0.5019 0.5019 0.0000
v 0.550696 1.151194 -0.210525 0.5019 0.5019 0.0000
v 0.552284 1.155508 -0.206153 0.5019 0.5019 0.0000
v 0.556257 1.156135 -0.206638 0.5019 0.5019 0.0000
v 0.574211 1.137378 -0.190053 0.5019 0.5019 0.0000
v 0.565253 1.136345 -0.189279 0.5019 0.5019 0.0000
v 0.575109 1.098790 -0.211284 0.5019 0.5019 0.0000
v 0.554649 1.092151 -0.204986 0.5019 0.5019 0.0000
v 0.584110 1.093385 -0.200147 0.5019 0.5019 0.0000
v 0.575109 1.098790 -0.211284 0.5019 0.5019 0.0000
v 0.554649 1.092151 -0.204986 0.5019 0.5019 0.0000
v 0.569274 1.086118 -0.191651 0.5019 0.5019 0.0000
v 0.576110 1.142361 -0.177193 0.5019 0.5019 0.0000
v 0.567240 1.141217 -0.176867 0.5019 0.5019 0.0000
v 0.565253 1.136345 -0.189279 0.5019 0.5019 0.0000
v 0.574211 1.137378 -0.190053 0.5019 0.5019 0.0000
v 0.588825 1.102534 -0.186497 0.5019 0.5019 0.0000
v 0.573985 1.094689 -0.176928 0.5019 0.5019 0.0000
v 0.576068 1.102495 -0.160928 0.5019 0.5019 0.0000
v 0.591184 1.112615 -0.164817 0.5019 0.5019 0.0000
v 0.591184 1.112615 -0.164817 0.5019 0.5019 0.0000
v 0.583657 1.128297 -0.171335 0.5019 0.5019 0.0000
v 0.580052 1.117628 -0.190386 0.5019 0.5019 0.0000
v 0.588825 1.102534 -0.186497 0.5019 0.5019 0.0000
v 0.584110 1.093385 -0.200147 0.5019 0.5019 0.0000
v 0.569274 1.086118 -0.191651 0.5019 0.5019 0.0000
v 0.584110 1.093385 -0.200147 0.5019 0.5019 0.0000
v 0.575109 1.098790 -0.211284 0.5019 0.5019 0.0000
v 0.552957 1.143401 -0.218245 0.5019 0.5019 0.0000
v 0.563560 1.123245 -0.215449 0.5019 0.5019 0.0000
v 0.548259 1.142458 -0.218057 0.5019 0.5019 0.0000
v 0.552957 1.143401 -0.218245 0.5019 0.5019 0.0000
v 0.573985 1.094689 -0.176928 0.5019 0.5019 0.0000
v 0.576068 1.102495 -0.160928 0.5019 0.5019 0.0000
v 0.569274 1.086118 -0.191651 0.5019 0.5019 0.0000
v 0.554649 1.092151 -0.204986 0.5019 0.5019 0.0000
v 0.565253 1.136345 -0.189279 0.5019 0.5019 0.0000
v 0.567240 1.141217 -0.176867 0.5019 0.5019 0.0000
v 0.550696 1.151194 -0.210525 0.5019 0.5019 0.0000
v 0.552284 1.155508 -0.206153 0.5019 0.5019 0.0000
v 0.551348 1.118154 -0.211544 0.5019 0.5019 0.0000
v 0.548259 1.142458 -0.218057 0.5019 0.5019 0.0000
v 0.576110 1.142361 -0.177193 0.5019 0.5019 0.0000
v 0.568968 1.124106 -0.149980 0.5019 0.5019 0.0000
v 0.573561 1.119152 -0.167764 0.5019 0.5019 0.0000
v 0.569585 1.132179 -0.173143 0.5019 0.5019 0.0000
v 0.565268 1.138886 -0.157299 0.5019 0.5019 0.0000
v 0.573806 1.147773 -0.164575 0.5019 0.5019 0.0000
v 0.566311 1.151771 -0.150976 0.5019 0.5019 0.0000
v 0.554497 1.172446 -0.159747 0.5019 0.5019 0.0000
v 0.555616 1.172578 -0.166338 0.5019 0.5019 0.0000
v 0.562311 1.155318 -0.136843 0.5019 0.5019 0.0000
v 0.550154 1.148812 -0.136404 0.5019 0.5019 0.0000
v 0.547159 1.170702 -0.148835 0.5019 0.5019 0.0000
v 0.551860 1.171560 -0.149232 0.5019 0.5019 0.0000
v 0.554497 1.172446 -0.159747 0.5019 0.5019 0.0000
v 0.549897 1.171704 -0.160258 0.5019 0.5019 0.0000
v 0.551652 1.171747 -0.166355 0.5019 0.5019 0.0000
v 0.555616 1.172578 -0.166338 0.5019 0.5019 0.0000
v 0.551652 1.171747 -0.166355 0.5019 0.5019 0.0000
v 0.564861 1.146394 -0.164650 0.5019 0.5019 0.0000
v 0.573806 1.147773 -0.164575 0.5019 0.5019 0.0000
v 0.555616 1.172578 -0.166338 0.5019 0.5019 0.0000
v 0.573697 1.135057 -0.122398 0.5019 0.5019 0.0000
v 0.553343 1.125680 -0.122810 0.5019 0.5019 0.0000
v 0.582937 1.123505 -0.126327 0.5019 0.5019 0.0000
v 0.568258 1.112205 -0.127716 0.5019 0.5019 0.0000
v 0.553343 1.125680 -0.122810 0.5019 0.5019 0.0000
v 0.573697 1.135057 -0.122398 0.5019 0.5019 0.0000
v 0.576110 1.142361 -0.177193 0.5019 0.5019 0.0000
v 0.573806 1.147773 -0.164575 0.5019 0.5019 0.0000
v 0.564861 1.146394 -0.164650 0.5019 0.5019 0.0000
v 0.567240 1.141217 -0.176867 0.5019 0.5019 0.0000
v 0.588124 1.120548 -0.142347 0.5019 0.5019 0.0000
v 0.591184 1.112615 -0.164817 0.5019 0.5019 0.0000
v 0.576068 1.102495 -0.160928 0.5019 0.5019 0.0000
v 0.573463 1.108085 -0.144097 0.5019 0.5019 0.0000
v 0.591184 1.112615 -0.164817 0.5019 0.5019 0.0000
v 0.588124 1.120548 -0.142347 0.5019 0.5019 0.0000
v 0.579417 1.133957 -0.150364 0.5019 0.5019 0.0000
v 0.583657 1.128297 -0.171335 0.5019 0.5019 0.0000
v 0.568258 1.112205 -0.127716 0.5019 0.5019 0.0000
v 0.582937 1.123505 -0.126327 0.5019 0.5019 0.0000
v 0.582937 1.123505 -0.126327 0.5019 0.5019 0.0000
v 0.573697 1.135057 -0.122398 0.5019 0.5019 0.0000
v 0.562311 1.155318 -0.136843 0.5019 0.5019 0.0000
v 0.551860 1.171560 -0.149232 0.5019 0.5019 0.0000
v 0.547159 1.170702 -0.148835 0.5019 0.5019 0.0000
v 0.551860 1.171560 -0.149232 0.5019 0.5019 0.0000
v 0.573463 1.108085 -0.144097 0.5019 0.5019 0.0000
v 0.576068 1.102495 -0.160928 0.5019 0.5019 0.0000
v 0.568258 1.112205 -0.127716 0.5019 0.5019 0.0000
v 0.553343 1.125680 -0.122810 0.5019 0.5019 0.0000
v 0.564861 1.146394 -0.164650 0.5019 0.5019 0.0000
v 0.567240 1.141217 -0.176867 0.5019 0.5019 0.0000
v 0.551652 1.171747 -0.166355 0.5019 0.5019 0.0000
v 0.549897 1.171704 -0.160258 0.5019 0.5019 0.0000
v 0.550154 1.148812 -0.136404 0.5019 0.5019 0.0000
v 0.547159 1.170702 -0.148835 0.5019 0.5019 0.0000
v 0.576110 1.142361 -0.177193 0.5019 0.5019 0.0000
v 0.595342 1.129357 -0.141473 0.5019 0.5019 0.0000
v 0.602468 1.118735 -0.130065 0.5019 0.5019 0.0000
v 0.574715 1.141364 -0.115522 0.5019 0.5019 0.0000
v 0.573508 1.146014 -0.125737 0.5019 0.5019 0.0000
v 0.610619 1.092272 -0.156208 0.5019 0.5019 0.0000
v 0.610370 1.094997 -0.149502 0.5019 0.5019 0.0000
v 0.602755 1.113086 -0.143778 0.5019 0.5019 0.0000
v 0.602633 1.107209 -0.162429 0.5019 0.5019 0.0000
v 0.582976 1.130705 -0.142805 0.5019 0.5019 0.0000
v 0.596431 1.109980 -0.142161 0.5019 0.5019 0.0000
v 0.577450 1.142806 -0.159565 0.5019 0.5019 0.0000
v 0.571129 1.138781 -0.115387 0.5019 0.5019 0.0000
v 0.593991 1.114179 -0.129757 0.5019 0.5019 0.0000
v 0.569783 1.144372 -0.127579 0.5019 0.5019 0.0000
v 0.576886 1.137366 -0.175143 0.5019 0.5019 0.0000
v 0.604468 1.089311 -0.155097 0.5019 0.5019 0.0000
v 0.604609 1.092410 -0.147600 0.5019 0.5019 0.0000
v 0.582976 1.130705 -0.142805 0.5019 0.5019 0.0000
v 0.577450 1.142806 -0.159565 0.5019 0.5019 0.0000
v 0.585191 1.142338 -0.159388 0.5019 0.5019 0.0000
v 0.595342 1.129357 -0.141473 0.5019 0.5019 0.0000
v 0.571129 1.138781 -0.115387 0.5019 0.5019 0.0000
v 0.569783 1.144372 -0.127579 0.5019 0.5019 0.0000
v 0.573508 1.146014 -0.125737 0.5019 0.5019 0.0000
v 0.574715 1.141364 -0.115522 0.5019 0.5019 0.0000
v 0.569783 1.144372 -0.127579 0.5019 0.5019 0.0000
v 0.582976 1.130705 -0.142805 0.5019 0.5019 0.0000
v 0.595342 1.129357 -0.141473 0.5019 0.5019 0.0000
v 0.573508 1.146014 -0.125737 0.5019 0.5019 0.0000
v 0.593991 1.114179 -0.129757 0.5019 0.5019 0.0000
v 0.571129 1.138781 -0.115387 0.5019 0.5019 0.0000
v 0.574715 1.141364 -0.115522 0.5019 0.5019 0.0000
v 0.602468 1.118735 -0.130065 0.5019 0.5019 0.0000
v 0.577450 1.142806 -0.159565 0.5019 0.5019 0.0000
v 0.576886 1.137366 -0.175143 0.5019 0.5019 0.0000
v 0.584835 1.137062 -0.174893 0.5019 0.5019 0.0000
v 0.585191 1.142338 -0.159388 0.5019 0.5019 0.0000
v 0.596431 1.109980 -0.142161 0.5019 0.5019 0.0000
v 0.593991 1.114179 -0.129757 0.5019 0.5019 0.0000
v 0.602468 1.118735 -0.130065 0.5019 0.5019 0.0000
v 0.602755 1.113086 -0.143778 0.5019 0.5019 0.0000
v 0.604468 1.089311 -0.155097 0.5019 0.5019 0.0000
v 0.604609 1.092410 -0.147600 0.5019 0.5019 0.0000
v 0.610370 1.094997 -0.149502 0.5019 0.5019 0.0000
v 0.610619 1.092272 -0.156208 0.5019 0.5019 0.0000
v 0.604609 1.092410 -0.147600 0.5019 0.5019 0.0000
v 0.596431 1.109980 -0.142161 0.5019 0.5019 0.0000
v 0.602755 1.113086 -0.143778 0.5019 0.5019 0.0000
v 0.610370 1.094997 -0.149502 0.5019 0.5019 0.0000
v 0.594957 1.120177 -0.167842 0.5019 0.5019 0.0000
v 0.585191 1.142338 -0.159388 0.5019 0.5019 0.0000
v 0.584835 1.137062 -0.174893 0.5019 0.5019 0.0000
v 0.596162 1.108298 -0.193085 0.5019 0.5019 0.0000
v 0.574952 1.108953 -0.216568 0.5019 0.5019 0.0000
v 0.576384 1.098499 -0.220579 0.5019 0.5019 0.0000
v 0.603478 1.092808 -0.193609 0.5019 0.5019 0.0000
v 0.610619 1.092272 -0.156208 0.5019 0.5019 0.0000
v 0.602633 1.107209 -0.162429 0.5019 0.5019 0.0000
v 0.603328 1.098365 -0.179857 0.5019 0.5019 0.0000
v 0.610583 1.089526 -0.162909 0.5019 0.5019 0.0000
v 0.583781 1.110056 -0.193413 0.5019 0.5019 0.0000
v 0.577934 1.130365 -0.190057 0.5019 0.5019 0.0000
v 0.597017 1.094944 -0.179011 0.5019 0.5019 0.0000
v 0.572775 1.096519 -0.218967 0.5019 0.5019 0.0000
v 0.571159 1.109027 -0.214206 0.5019 0.5019 0.0000
v 0.594962 1.089242 -0.190873 0.5019 0.5019 0.0000
v 0.576886 1.137366 -0.175143 0.5019 0.5019 0.0000
v 0.604468 1.089311 -0.155097 0.5019 0.5019 0.0000
v 0.583781 1.110056 -0.193413 0.5019 0.5019 0.0000
v 0.596162 1.108298 -0.193085 0.5019 0.5019 0.0000
v 0.585672 1.129992 -0.189646 0.5019 0.5019 0.0000
v 0.577934 1.130365 -0.190057 0.5019 0.5019 0.0000
v 0.572775 1.096519 -0.218967 0.5019 0.5019 0.0000
v 0.576384 1.098499 -0.220579 0.5019 0.5019 0.0000
v 0.574952 1.108953 -0.216568 0.5019 0.5019 0.0000
v 0.571159 1.109027 -0.214206 0.5019 0.5019 0.0000
v 0.571159 1.109027 -0.214206 0.5019 0.5019 0.0000
v 0.574952 1.108953 -0.216568 0.5019 0.5019 0.0000
v 0.596162 1.108298 -0.193085 0.5019 0.5019 0.0000
v 0.583781 1.110056 -0.193413 0.5019 0.5019 0.0000
v 0.594962 1.089242 -0.190873 0.5019 0.5019 0.0000
v 0.603478 1.092808 -0.193609 0.5019 0.5019 0.0000
v 0.576384 1.098499 -0.220579 0.5019 0.5019 0.0000
v 0.572775 1.096519 -0.218967 0.5019 0.5019 0.0000
v 0.577934 1.130365 -0.190057 0.5019 0.5019 0.0000
v 0.585672 1.129992 -0.189646 0.5019 0.5019 0.0000
v 0.584835 1.137062 -0.174893 0.5019 0.5019 0.0000
v 0.576886 1.137366 -0.175143 0.5019 0.5019 0.0000
v 0.597017 1.094944 -0.179011 0.5019 0.5019 0.0000
v 0.603328 1.098365 -0.179857 0.5019 0.5019 0.0000
v 0.603478 1.092808 -0.193609 0.5019 0.5019 0.0000
v 0.594962 1.089242 -0.190873 0.5019 0.5019 0.0000
v 0.604468 1.089311 -0.155097 0.5019 0.5019 0.0000
v 0.610619 1.092272 -0.156208 0.5019 0.5019 0.0000
v 0.610583 1.089526 -0.162909 0.5019 0.5019 0.0000
v 0.604848 1.086284 -0.162615 0.5019 0.5019 0.0000
v 0.604848 1.086284 -0.162615 0.5019 0.5019 0.0000
v 0.610583 1.089526 -0.162909 0.5019 0.5019 0.0000
v 0.603328 1.098365 -0.179857 0.5019 0.5019 0.0000
v 0.597017 1.094944 -0.179011 0.5019 0.5019 0.0000
v 0.594957 1.120177 -0.167842 0.5019 0.5019 0.0000
v 0.584835 1.137062 -0.174893 0.5019 0.5019 0.0000
v 0.585672 1.129992 -0.189646 0.5019 0.5019 0.0000
v 0.611434 1.123923 -0.172198 0.5019 0.5019 0.0000
v 0.607158 1.131210 -0.175248 0.5019 0.5019 0.0000
v 0.607168 1.129519 -0.179521 0.5019 0.5019 0.0000
v 0.611430 1.122178 -0.176612 0.5019 0.5019 0.0000
v 0.607817 1.104585 -0.164217 0.5019 0.5019 0.0000
v 0.607367 1.115568 -0.168764 0.5019 0.5019 0.0000
v 0.607479 1.113559 -0.173150 0.5019 0.5019 0.0000
v 0.607939 1.102953 -0.168910 0.5019 0.5019 0.0000
v 0.596393 1.128264 -0.179288 0.5019 0.5019 0.0000
v 0.607168 1.129519 -0.179521 0.5019 0.5019 0.0000
v 0.607158 1.131210 -0.175248 0.5019 0.5019 0.0000
v 0.596150 1.129939 -0.174903 0.5019 0.5019 0.0000
v 0.611430 1.122178 -0.176612 0.5019 0.5019 0.0000
v 0.609255 1.119071 -0.175350 0.5019 0.5019 0.0000
v 0.609099 1.120806 -0.170882 0.5019 0.5019 0.0000
v 0.611434 1.123923 -0.172198 0.5019 0.5019 0.0000
v 0.596150 1.129939 -0.174903 0.5019 0.5019 0.0000
v 0.611434 1.123923 -0.172198 0.5019 0.5019 0.0000
v 0.609099 1.120806 -0.170882 0.5019 0.5019 0.0000
v 0.607367 1.115568 -0.168764 0.5019 0.5019 0.0000
v 0.607817 1.104585 -0.164217 0.5019 0.5019 0.0000
v 0.611430 1.122178 -0.176612 0.5019 0.5019 0.0000
v 0.607168 1.129519 -0.179521 0.5019 0.5019 0.0000
v 0.596393 1.128264 -0.179288 0.5019 0.5019 0.0000
v 0.607939 1.102953 -0.168910 0.5019 0.5019 0.0000
v 0.607479 1.113559 -0.173150 0.5019 0.5019 0.0000
v 0.609255 1.119071 -0.175350 0.5019 0.5019 0.0000
v 0.610545 1.089821 -0.163487 0.5019 0.5019 0.0000
v 0.610602 1.091390 -0.158995 0.5019 0.5019 0.0000
v 0.588905 1.127256 -0.179122 0.5019 0.5019 0.0000
v 0.588905 1.127256 -0.179122 0.5019 0.5019 0.0000
v 0.588792 1.128996 -0.174696 0.5019 0.5019 0.0000
v 0.610602 1.091390 -0.158995 0.5019 0.5019 0.0000
v 0.588792 1.128996 -0.174696 0.5019 0.5019 0.0000
v 0.610545 1.089821 -0.163487 0.5019 0.5019 0.0000
v 0.609167 1.089178 -0.163078 0.5019 0.5019 0.0000
v 0.610602 1.091390 -0.158995 0.5019 0.5019 0.0000
v 0.610545 1.089821 -0.163487 0.5019 0.5019 0.0000
v 0.607158 1.131210 -0.175248 0.5019 0.5019 0.0000
v 0.611350 1.126083 -0.166903 0.5019 0.5019 0.0000
v 0.611206 1.127923 -0.162529 0.5019 0.5019 0.0000
v 0.606949 1.135158 -0.165703 0.5019 0.5019 0.0000
v 0.607073 1.133377 -0.169937 0.5019 0.5019 0.0000
v 0.607737 1.106642 -0.159176 0.5019 0.5019 0.0000
v 0.607713 1.108760 -0.154679 0.5019 0.5019 0.0000
v 0.607255 1.119299 -0.159081 0.5019 0.5019 0.0000
v 0.607285 1.117666 -0.163622 0.5019 0.5019 0.0000
v 0.596170 1.133977 -0.165285 0.5019 0.5019 0.0000
v 0.596065 1.132105 -0.169594 0.5019 0.5019 0.0000
v 0.607073 1.133377 -0.169937 0.5019 0.5019 0.0000
v 0.606949 1.135158 -0.165703 0.5019 0.5019 0.0000
v 0.611206 1.127923 -0.162529 0.5019 0.5019 0.0000
v 0.611350 1.126083 -0.166903 0.5019 0.5019 0.0000
v 0.609017 1.122910 -0.165726 0.5019 0.5019 0.0000
v 0.609032 1.124797 -0.161318 0.5019 0.5019 0.0000
v 0.596065 1.132105 -0.169594 0.5019 0.5019 0.0000
v 0.609017 1.122910 -0.165726 0.5019 0.5019 0.0000
v 0.611350 1.126083 -0.166903 0.5019 0.5019 0.0000
v 0.607285 1.117666 -0.163622 0.5019 0.5019 0.0000
v 0.607737 1.106642 -0.159176 0.5019 0.5019 0.0000
v 0.611206 1.127923 -0.162529 0.5019 0.5019 0.0000
v 0.596170 1.133977 -0.165285 0.5019 0.5019 0.0000
v 0.606949 1.135158 -0.165703 0.5019 0.5019 0.0000
v 0.607255 1.119299 -0.159081 0.5019 0.5019 0.0000
v 0.607713 1.108760 -0.154679 0.5019 0.5019 0.0000
v 0.609032 1.124797 -0.161318 0.5019 0.5019 0.0000
v 0.610320 1.095611 -0.149297 0.5019 0.5019 0.0000
v 0.610516 1.093591 -0.153601 0.5019 0.5019 0.0000
v 0.588679 1.133058 -0.164903 0.5019 0.5019 0.0000
v 0.588679 1.133058 -0.164903 0.5019 0.5019 0.0000
v 0.588706 1.131204 -0.169283 0.5019 0.5019 0.0000
v 0.588706 1.131204 -0.169283 0.5019 0.5019 0.0000
v 0.610516 1.093591 -0.153601 0.5019 0.5019 0.0000
v 0.610320 1.095611 -0.149297 0.5019 0.5019 0.0000
v 0.608946 1.094851 -0.149176 0.5019 0.5019 0.0000
v 0.607073 1.133377 -0.169937 0.5019 0.5019 0.0000
v 0.596357 1.123956 -0.157973 0.5019 0.5019 0.0000
v 0.596103 1.122410 -0.160448 0.5019 0.5019 0.0000
v 0.599633 1.123532 -0.157748 0.5019 0.5019 0.0000
v 0.599817 1.121929 -0.160193 0.5019 0.5019 0.0000
v 0.602288 1.125378 -0.158459 0.5019 0.5019 0.0000
v 0.602827 1.124022 -0.160999 0.5019 0.5019 0.0000
v 0.602766 1.128415 -0.159690 0.5019 0.5019 0.0000
v 0.603369 1.127464 -0.162395 0.5019 0.5019 0.0000
v 0.602766 1.128415 -0.159690 0.5019 0.5019 0.0000
v 0.600788 1.130862 -0.160720 0.5019 0.5019 0.0000
v 0.601126 1.130238 -0.163562 0.5019 0.5019 0.0000
v 0.603369 1.127464 -0.162395 0.5019 0.5019 0.0000
v 0.597512 1.131286 -0.160945 0.5019 0.5019 0.0000
v 0.597412 1.130719 -0.163818 0.5019 0.5019 0.0000
v 0.594379 1.126404 -0.159003 0.5019 0.5019 0.0000
v 0.594857 1.129440 -0.160234 0.5019 0.5019 0.0000
v 0.602766 1.128415 -0.159690 0.5019 0.5019 0.0000
v 0.596357 1.123956 -0.157973 0.5019 0.5019 0.0000
v 0.599633 1.123532 -0.157748 0.5019 0.5019 0.0000
v 0.602288 1.125378 -0.158459 0.5019 0.5019 0.0000
v 0.597512 1.131286 -0.160945 0.5019 0.5019 0.0000
v 0.600788 1.130862 -0.160720 0.5019 0.5019 0.0000
v 0.595168 1.121474 -0.179757 0.5019 0.5019 0.0000
v 0.594629 1.122830 -0.177217 0.5019 0.5019 0.0000
v 0.594087 1.119388 -0.175821 0.5019 0.5019 0.0000
v 0.594689 1.118438 -0.178526 0.5019 0.5019 0.0000
v 0.596329 1.116614 -0.174654 0.5019 0.5019 0.0000
v 0.596668 1.115991 -0.177496 0.5019 0.5019 0.0000
v 0.600043 1.116133 -0.174398 0.5019 0.5019 0.0000
v 0.599943 1.115566 -0.177271 0.5019 0.5019 0.0000
v 0.603052 1.118226 -0.175205 0.5019 0.5019 0.0000
v 0.602598 1.117413 -0.177982 0.5019 0.5019 0.0000
v 0.603594 1.121668 -0.176600 0.5019 0.5019 0.0000
v 0.603076 1.120449 -0.179213 0.5019 0.5019 0.0000
v 0.603076 1.120449 -0.179213 0.5019 0.5019 0.0000
v 0.603594 1.121668 -0.176600 0.5019 0.5019 0.0000
v 0.601352 1.124442 -0.177768 0.5019 0.5019 0.0000
v 0.601098 1.122896 -0.180243 0.5019 0.5019 0.0000
v 0.597638 1.124923 -0.178023 0.5019 0.5019 0.0000
v 0.597822 1.123320 -0.180469 0.5019 0.5019 0.0000
v 0.594689 1.118438 -0.178526 0.5019 0.5019 0.0000
v 0.603076 1.120449 -0.179213 0.5019 0.5019 0.0000
v 0.595168 1.121474 -0.179757 0.5019 0.5019 0.0000
v 0.596668 1.115991 -0.177496 0.5019 0.5019 0.0000
v 0.599943 1.115566 -0.177271 0.5019 0.5019 0.0000
v 0.602598 1.117413 -0.177982 0.5019 0.5019 0.0000
v 0.597822 1.123320 -0.180469 0.5019 0.5019 0.0000
v 0.601098 1.122896 -0.180243 0.5019 0.5019 0.0000
v 0.613655 1.051574 -0.180355 0.5019 0.5019 0.0000
v 0.592818 1.054871 -0.192817 0.5019 0.5019 0.0000
v 0.590350 1.047685 -0.187694 0.5019 0.5019 0.0000
v 0.602785 1.037647 -0.175665 0.5019 0.5019 0.0000
v 0.608630 1.049824 -0.170908 0.5019 0.5019 0.0000
v 0.613655 1.051574 -0.180355 0.5019 0.5019 0.0000
v 0.602785 1.037647 -0.175665 0.5019 0.5019 0.0000
v 0.602164 1.039577 -0.171224 0.5019 0.5019 0.0000
v 0.610246 1.070923 -0.187816 0.5019 0.5019 0.0000
v 0.606255 1.077809 -0.191674 0.5019 0.5019 0.0000
v 0.589073 1.064738 -0.197135 0.5019 0.5019 0.0000
v 0.613328 1.079692 -0.163701 0.5019 0.5019 0.0000
v 0.618389 1.070685 -0.148826 0.5019 0.5019 0.0000
v 0.614257 1.080610 -0.153046 0.5019 0.5019 0.0000
v 0.601312 1.085935 -0.195453 0.5019 0.5019 0.0000
v 0.619334 1.065665 -0.160872 0.5019 0.5019 0.0000
v 0.617796 1.056522 -0.179121 0.5019 0.5019 0.0000
v 0.606255 1.077809 -0.191674 0.5019 0.5019 0.0000
v 0.610246 1.070923 -0.187816 0.5019 0.5019 0.0000
v 0.610707 1.083262 -0.171009 0.5019 0.5019 0.0000
v 0.607392 1.088422 -0.175874 0.5019 0.5019 0.0000
v 0.598815 1.090903 -0.177640 0.5019 0.5019 0.0000
v 0.601312 1.085935 -0.195453 0.5019 0.5019 0.0000
v 0.602937 1.094223 -0.180024 0.5019 0.5019 0.0000
v 0.614078 1.064160 -0.183891 0.5019 0.5019 0.0000
v 0.619334 1.065665 -0.160872 0.5019 0.5019 0.0000
v 0.587057 1.067470 -0.192243 0.5019 0.5019 0.0000
v 0.589073 1.064738 -0.197135 0.5019 0.5019 0.0000
v 0.601312 1.085935 -0.195453 0.5019 0.5019 0.0000
v 0.595003 1.081924 -0.187855 0.5019 0.5019 0.0000
v 0.595003 1.081924 -0.187855 0.5019 0.5019 0.0000
v 0.601638 1.086275 -0.174207 0.5019 0.5019 0.0000
v 0.607392 1.088422 -0.175874 0.5019 0.5019 0.0000
v 0.610707 1.083262 -0.171009 0.5019 0.5019 0.0000
v 0.604841 1.081126 -0.169595 0.5019 0.5019 0.0000
v 0.613328 1.079692 -0.163701 0.5019 0.5019 0.0000
v 0.607340 1.076952 -0.163287 0.5019 0.5019 0.0000
v 0.614257 1.080610 -0.153046 0.5019 0.5019 0.0000
v 0.607186 1.076169 -0.157946 0.5019 0.5019 0.0000
v 0.589121 1.049178 -0.184610 0.5019 0.5019 0.0000
v 0.590350 1.047685 -0.187694 0.5019 0.5019 0.0000
v 0.592818 1.054871 -0.192817 0.5019 0.5019 0.0000
v 0.590433 1.057621 -0.188746 0.5019 0.5019 0.0000
v 0.590350 1.047685 -0.187694 0.5019 0.5019 0.0000
v 0.589121 1.049178 -0.184610 0.5019 0.5019 0.0000
v 0.602164 1.039577 -0.171224 0.5019 0.5019 0.0000
v 0.602785 1.037647 -0.175665 0.5019 0.5019 0.0000
v 0.602164 1.039577 -0.171224 0.5019 0.5019 0.0000
v 0.589121 1.049178 -0.184610 0.5019 0.5019 0.0000
v 0.602759 1.055794 -0.177043 0.5019 0.5019 0.0000
v 0.604841 1.081126 -0.169595 0.5019 0.5019 0.0000
v 0.604788 1.066321 -0.166886 0.5019 0.5019 0.0000
v 0.595003 1.081924 -0.187855 0.5019 0.5019 0.0000
v 0.598815 1.090903 -0.177640 0.5019 0.5019 0.0000
v 0.601638 1.086275 -0.174207 0.5019 0.5019 0.0000
v 0.587057 1.067470 -0.192243 0.5019 0.5019 0.0000
v 0.587057 1.067470 -0.192243 0.5019 0.5019 0.0000
v 0.590433 1.057621 -0.188746 0.5019 0.5019 0.0000
v 0.592818 1.054871 -0.192817 0.5019 0.5019 0.0000
v 0.589073 1.064738 -0.197135 0.5019 0.5019 0.0000
v 0.614078 1.064160 -0.183891 0.5019 0.5019 0.0000
v 0.617796 1.056522 -0.179121 0.5019 0.5019 0.0000
v 0.608630 1.049824 -0.170908 0.5019 0.5019 0.0000
v 0.590433 1.057621 -0.188746 0.5019 0.5019 0.0000
v 0.602952 1.064434 -0.163265 0.5019 0.5019 0.0000
v 0.609034 1.078229 -0.151870 0.5019 0.5019 0.0000
v 0.601879 1.074204 -0.150385 0.5019 0.5019 0.0000
v 0.600905 1.073088 -0.155040 0.5019 0.5019 0.0000
v 0.608829 1.062586 -0.145707 0.5019 0.5019 0.0000
v 0.600905 1.073088 -0.155040 0.5019 0.5019 0.0000
v 0.601879 1.074204 -0.150385 0.5019 0.5019 0.0000
v 0.608978 1.058424 -0.154866 0.5019 0.5019 0.0000
v 0.598815 1.090903 -0.177640 0.5019 0.5019 0.0000
v 0.602937 1.094223 -0.180024 0.5019 0.5019 0.0000
v 0.601312 1.085935 -0.195453 0.5019 0.5019 0.0000
v 0.602937 1.094223 -0.180024 0.5019 0.5019 0.0000
v 0.608978 1.058424 -0.154866 0.5019 0.5019 0.0000
v 0.608829 1.062586 -0.145707 0.5019 0.5019 0.0000
v 0.618389 1.070685 -0.148826 0.5019 0.5019 0.0000
v 0.607186 1.076169 -0.157946 0.5019 0.5019 0.0000
v 0.609034 1.078229 -0.151870 0.5019 0.5019 0.0000
v 0.614257 1.080610 -0.153046 0.5019 0.5019 0.0000
v 0.618389 1.070685 -0.148826 0.5019 0.5019 0.0000
v 0.608829 1.062586 -0.145707 0.5019 0.5019 0.0000
v 0.601879 1.074204 -0.150385 0.5019 0.5019 0.0000
v 0.617796 1.056522 -0.179121 0.5019 0.5019 0.0000
v 0.612544 1.080111 -0.110414 0.5019 0.5019 0.0000
v 0.601652 1.066758 -0.104319 0.5019 0.5019 0.0000
v 0.589005 1.082207 -0.103087 0.5019 0.5019 0.0000
v 0.591413 1.090952 -0.104387 0.5019 0.5019 0.0000
v 0.607759 1.072197 -0.116074 0.5019 0.5019 0.0000
v 0.601173 1.065024 -0.108857 0.5019 0.5019 0.0000
v 0.601652 1.066758 -0.104319 0.5019 0.5019 0.0000
v 0.612544 1.080111 -0.110414 0.5019 0.5019 0.0000
v 0.609148 1.099119 -0.118711 0.5019 0.5019 0.0000
v 0.587662 1.100981 -0.108306 0.5019 0.5019 0.0000
v 0.605130 1.106694 -0.120881 0.5019 0.5019 0.0000
v 0.612983 1.088553 -0.141983 0.5019 0.5019 0.0000
v 0.614212 1.081767 -0.150210 0.5019 0.5019 0.0000
v 0.618347 1.071769 -0.146170 0.5019 0.5019 0.0000
v 0.600177 1.115089 -0.124000 0.5019 0.5019 0.0000
v 0.616772 1.082830 -0.114643 0.5019 0.5019 0.0000
v 0.618907 1.076617 -0.134029 0.5019 0.5019 0.0000
v 0.605130 1.106694 -0.120881 0.5019 0.5019 0.0000
v 0.606815 1.103240 -0.139557 0.5019 0.5019 0.0000
v 0.610204 1.096187 -0.139332 0.5019 0.5019 0.0000
v 0.609148 1.099119 -0.118711 0.5019 0.5019 0.0000
v 0.598221 1.106153 -0.140264 0.5019 0.5019 0.0000
v 0.602313 1.110238 -0.140772 0.5019 0.5019 0.0000
v 0.600177 1.115089 -0.124000 0.5019 0.5019 0.0000
v 0.613010 1.091583 -0.116680 0.5019 0.5019 0.0000
v 0.618907 1.076617 -0.134029 0.5019 0.5019 0.0000
v 0.585810 1.099490 -0.113766 0.5019 0.5019 0.0000
v 0.594033 1.106838 -0.126793 0.5019 0.5019 0.0000
v 0.600177 1.115089 -0.124000 0.5019 0.5019 0.0000
v 0.587662 1.100981 -0.108306 0.5019 0.5019 0.0000
v 0.594033 1.106838 -0.126793 0.5019 0.5019 0.0000
v 0.601085 1.100476 -0.139403 0.5019 0.5019 0.0000
v 0.604355 1.093606 -0.139008 0.5019 0.5019 0.0000
v 0.610204 1.096187 -0.139332 0.5019 0.5019 0.0000
v 0.606815 1.103240 -0.139557 0.5019 0.5019 0.0000
v 0.606978 1.086239 -0.140526 0.5019 0.5019 0.0000
v 0.612983 1.088553 -0.141983 0.5019 0.5019 0.0000
v 0.606961 1.081942 -0.143797 0.5019 0.5019 0.0000
v 0.614212 1.081767 -0.150210 0.5019 0.5019 0.0000
v 0.587878 1.081102 -0.106368 0.5019 0.5019 0.0000
v 0.589170 1.090044 -0.109283 0.5019 0.5019 0.0000
v 0.591413 1.090952 -0.104387 0.5019 0.5019 0.0000
v 0.589005 1.082207 -0.103087 0.5019 0.5019 0.0000
v 0.589005 1.082207 -0.103087 0.5019 0.5019 0.0000
v 0.601652 1.066758 -0.104319 0.5019 0.5019 0.0000
v 0.601173 1.065024 -0.108857 0.5019 0.5019 0.0000
v 0.587878 1.081102 -0.106368 0.5019 0.5019 0.0000
v 0.601173 1.065024 -0.108857 0.5019 0.5019 0.0000
v 0.601790 1.080690 -0.116028 0.5019 0.5019 0.0000
v 0.587878 1.081102 -0.106368 0.5019 0.5019 0.0000
v 0.604355 1.093606 -0.139008 0.5019 0.5019 0.0000
v 0.604212 1.081131 -0.130589 0.5019 0.5019 0.0000
v 0.594033 1.106838 -0.126793 0.5019 0.5019 0.0000
v 0.601085 1.100476 -0.139403 0.5019 0.5019 0.0000
v 0.598221 1.106153 -0.140264 0.5019 0.5019 0.0000
v 0.585810 1.099490 -0.113766 0.5019 0.5019 0.0000
v 0.585810 1.099490 -0.113766 0.5019 0.5019 0.0000
v 0.587662 1.100981 -0.108306 0.5019 0.5019 0.0000
v 0.591413 1.090952 -0.104387 0.5019 0.5019 0.0000
v 0.589170 1.090044 -0.109283 0.5019 0.5019 0.0000
v 0.613010 1.091583 -0.116680 0.5019 0.5019 0.0000
v 0.616772 1.082830 -0.114643 0.5019 0.5019 0.0000
v 0.607759 1.072197 -0.116074 0.5019 0.5019 0.0000
v 0.589170 1.090044 -0.109283 0.5019 0.5019 0.0000
v 0.602454 1.077229 -0.131906 0.5019 0.5019 0.0000
v 0.600727 1.077638 -0.143888 0.5019 0.5019 0.0000
v 0.601840 1.075190 -0.147967 0.5019 0.5019 0.0000
v 0.608997 1.079185 -0.149527 0.5019 0.5019 0.0000
v 0.608786 1.063693 -0.142993 0.5019 0.5019 0.0000
v 0.601840 1.075190 -0.147967 0.5019 0.5019 0.0000
v 0.600727 1.077638 -0.143888 0.5019 0.5019 0.0000
v 0.608639 1.067126 -0.133536 0.5019 0.5019 0.0000
v 0.602313 1.110238 -0.140772 0.5019 0.5019 0.0000
v 0.598221 1.106153 -0.140264 0.5019 0.5019 0.0000
v 0.600177 1.115089 -0.124000 0.5019 0.5019 0.0000
v 0.602313 1.110238 -0.140772 0.5019 0.5019 0.0000
v 0.608639 1.067126 -0.133536 0.5019 0.5019 0.0000
v 0.618347 1.071769 -0.146170 0.5019 0.5019 0.0000
v 0.608786 1.063693 -0.142993 0.5019 0.5019 0.0000
v 0.606961 1.081942 -0.143797 0.5019 0.5019 0.0000
v 0.608997 1.079185 -0.149527 0.5019 0.5019 0.0000
v 0.618347 1.071769 -0.146170 0.5019 0.5019 0.0000
v 0.614212 1.081767 -0.150210 0.5019 0.5019 0.0000
v 0.608786 1.063693 -0.142993 0.5019 0.5019 0.0000
v 0.601840 1.075190 -0.147967 0.5019 0.5019 0.0000
v 0.616772 1.082830 -0.114643 0.5019 0.5019 0.0000
v 0.557346 1.084544 -0.075157 0.5019 0.5019 0.0000
v 0.530714 1.082531 -0.070982 0.5019 0.5019 0.0000
v 0.526932 1.110668 -0.094337 0.5019 0.5019 0.0000
v 0.548144 1.111905 -0.098046 0.5019 0.5019 0.0000
v 0.556244 1.058832 -0.065615 0.5019 0.5019 0.0000
v 0.536644 1.057284 -0.062838 0.5019 0.5019 0.0000
v 0.521371 1.073537 -0.082189 0.5019 0.5019 0.0000
v 0.526932 1.110668 -0.094337 0.5019 0.5019 0.0000
v 0.530714 1.082531 -0.070982 0.5019 0.5019 0.0000
v 0.529659 1.056355 -0.071551 0.5019 0.5019 0.0000
v 0.536644 1.057284 -0.062838 0.5019 0.5019 0.0000
v 0.548144 1.111905 -0.098046 0.5019 0.5019 0.0000
v 0.562612 1.079435 -0.086911 0.5019 0.5019 0.0000
v 0.557346 1.084544 -0.075157 0.5019 0.5019 0.0000
v 0.560686 1.059995 -0.076398 0.5019 0.5019 0.0000
v 0.556244 1.058832 -0.065615 0.5019 0.5019 0.0000
v 0.546804 1.109274 -0.101184 0.5019 0.5019 0.0000
v 0.560080 1.076862 -0.089231 0.5019 0.5019 0.0000
v 0.562612 1.079435 -0.086911 0.5019 0.5019 0.0000
v 0.548144 1.111905 -0.098046 0.5019 0.5019 0.0000
v 0.560080 1.076862 -0.089231 0.5019 0.5019 0.0000
v 0.559297 1.058984 -0.077680 0.5019 0.5019 0.0000
v 0.560686 1.059995 -0.076398 0.5019 0.5019 0.0000
v 0.562612 1.079435 -0.086911 0.5019 0.5019 0.0000
v 0.527444 1.108339 -0.097479 0.5019 0.5019 0.0000
v 0.546804 1.109274 -0.101184 0.5019 0.5019 0.0000
v 0.548144 1.111905 -0.098046 0.5019 0.5019 0.0000
v 0.526932 1.110668 -0.094337 0.5019 0.5019 0.0000
v 0.526932 1.110668 -0.094337 0.5019 0.5019 0.0000
v 0.521371 1.073537 -0.082189 0.5019 0.5019 0.0000
v 0.523187 1.070816 -0.084668 0.5019 0.5019 0.0000
v 0.527444 1.108339 -0.097479 0.5019 0.5019 0.0000
v 0.521371 1.073537 -0.082189 0.5019 0.5019 0.0000
v 0.529659 1.056355 -0.071551 0.5019 0.5019 0.0000
v 0.531334 1.055426 -0.073313 0.5019 0.5019 0.0000
v 0.523187 1.070816 -0.084668 0.5019 0.5019 0.0000
v 0.538169 1.055809 -0.064913 0.5019 0.5019 0.0000
v 0.531334 1.055426 -0.073313 0.5019 0.5019 0.0000
v 0.529659 1.056355 -0.071551 0.5019 0.5019 0.0000
v 0.536644 1.057284 -0.062838 0.5019 0.5019 0.0000
v 0.555244 1.057387 -0.068035 0.5019 0.5019 0.0000
v 0.538169 1.055809 -0.064913 0.5019 0.5019 0.0000
v 0.536644 1.057284 -0.062838 0.5019 0.5019 0.0000
v 0.556244 1.058832 -0.065615 0.5019 0.5019 0.0000
v 0.559297 1.058984 -0.077680 0.5019 0.5019 0.0000
v 0.555244 1.057387 -0.068035 0.5019 0.5019 0.0000
v 0.556244 1.058832 -0.065615 0.5019 0.5019 0.0000
v 0.560686 1.059995 -0.076398 0.5019 0.5019 0.0000
v 0.560080 1.076862 -0.089231 0.5019 0.5019 0.0000
v 0.546804 1.109274 -0.101184 0.5019 0.5019 0.0000
v 0.527444 1.108339 -0.097479 0.5019 0.5019 0.0000
v 0.523187 1.070816 -0.084668 0.5019 0.5019 0.0000
v 0.531334 1.055426 -0.073313 0.5019 0.5019 0.0000
v 0.538169 1.055809 -0.064913 0.5019 0.5019 0.0000
v 0.555244 1.057387 -0.068035 0.5019 0.5019 0.0000
v 0.559297 1.058984 -0.077680 0.5019 0.5019 0.0000
v 0.599741 1.100457 -0.148434 0.5019 0.5019 0.0000
v 0.604381 1.088857 -0.154913 0.5019 0.5019 0.0000
v 0.603861 1.092368 -0.145348 0.5019 0.5019 0.0000
v 0.602082 1.095205 -0.135300 0.5019 0.5019 0.0000
v 0.597977 1.103208 -0.138745 0.5019 0.5019 0.0000
v 0.595058 1.104739 -0.130213 0.5019 0.5019 0.0000
v 0.592665 1.103922 -0.123923 0.5019 0.5019 0.0000
v 0.606664 1.085233 -0.142736 0.5019 0.5019 0.0000
v 0.607127 1.081676 -0.151940 0.5019 0.5019 0.0000
v 0.594136 1.108126 -0.140918 0.5019 0.5019 0.0000
v 0.604515 1.087510 -0.132101 0.5019 0.5019 0.0000
v 0.589874 1.109725 -0.128652 0.5019 0.5019 0.0000
v 0.588462 1.106228 -0.121645 0.5019 0.5019 0.0000
v 0.595391 1.093298 -0.117173 0.5019 0.5019 0.0000
v 0.585788 1.088115 -0.116797 0.5019 0.5019 0.0000
v 0.577605 1.100248 -0.121860 0.5019 0.5019 0.0000
v 0.588462 1.106228 -0.121645 0.5019 0.5019 0.0000
v 0.595391 1.093298 -0.117173 0.5019 0.5019 0.0000
v 0.577813 1.103350 -0.129017 0.5019 0.5019 0.0000
v 0.589874 1.109725 -0.128652 0.5019 0.5019 0.0000
v 0.588462 1.106228 -0.121645 0.5019 0.5019 0.0000
v 0.577605 1.100248 -0.121860 0.5019 0.5019 0.0000
v 0.599418 1.088837 -0.119230 0.5019 0.5019 0.0000
v 0.591041 1.082903 -0.119542 0.5019 0.5019 0.0000
v 0.585788 1.088115 -0.116797 0.5019 0.5019 0.0000
v 0.595391 1.093298 -0.117173 0.5019 0.5019 0.0000
v 0.599418 1.088837 -0.119230 0.5019 0.5019 0.0000
v 0.604515 1.087510 -0.132101 0.5019 0.5019 0.0000
v 0.593149 1.080640 -0.130198 0.5019 0.5019 0.0000
v 0.591041 1.082903 -0.119542 0.5019 0.5019 0.0000
v 0.606664 1.085233 -0.142736 0.5019 0.5019 0.0000
v 0.594275 1.077105 -0.141534 0.5019 0.5019 0.0000
v 0.607127 1.081676 -0.151940 0.5019 0.5019 0.0000
v 0.594275 1.074083 -0.149046 0.5019 0.5019 0.0000
v 0.580804 1.102203 -0.140302 0.5019 0.5019 0.0000
v 0.594136 1.108126 -0.140918 0.5019 0.5019 0.0000
v 0.589874 1.109725 -0.128652 0.5019 0.5019 0.0000
v 0.577813 1.103350 -0.129017 0.5019 0.5019 0.0000
v 0.582721 1.100145 -0.150262 0.5019 0.5019 0.0000
v 0.583204 1.097074 -0.158603 0.5019 0.5019 0.0000
v 0.582721 1.100145 -0.150262 0.5019 0.5019 0.0000
v 0.594275 1.077105 -0.141534 0.5019 0.5019 0.0000
v 0.580804 1.102203 -0.140302 0.5019 0.5019 0.0000
v 0.593149 1.080640 -0.130198 0.5019 0.5019 0.0000
v 0.577813 1.103350 -0.129017 0.5019 0.5019 0.0000
v 0.591041 1.082903 -0.119542 0.5019 0.5019 0.0000
v 0.577605 1.100248 -0.121860 0.5019 0.5019 0.0000
v 0.585788 1.088115 -0.116797 0.5019 0.5019 0.0000
v 0.600048 1.092563 -0.167781 0.5019 0.5019 0.0000
v 0.604160 1.084670 -0.164214 0.5019 0.5019 0.0000
v 0.598579 1.087733 -0.176672 0.5019 0.5019 0.0000
v 0.602688 1.079650 -0.173424 0.5019 0.5019 0.0000
v 0.595911 1.082827 -0.183916 0.5019 0.5019 0.0000
v 0.597854 1.071070 -0.184129 0.5019 0.5019 0.0000
v 0.593682 1.077817 -0.187902 0.5019 0.5019 0.0000
v 0.606954 1.077776 -0.161013 0.5019 0.5019 0.0000
v 0.596338 1.097826 -0.170140 0.5019 0.5019 0.0000
v 0.594735 1.092725 -0.178665 0.5019 0.5019 0.0000
v 0.605121 1.071940 -0.170260 0.5019 0.5019 0.0000
v 0.590827 1.085241 -0.188659 0.5019 0.5019 0.0000
v 0.589568 1.077825 -0.191256 0.5019 0.5019 0.0000
v 0.596472 1.065534 -0.185218 0.5019 0.5019 0.0000
v 0.586826 1.061460 -0.182123 0.5019 0.5019 0.0000
v 0.596472 1.065534 -0.185218 0.5019 0.5019 0.0000
v 0.589568 1.077825 -0.191256 0.5019 0.5019 0.0000
v 0.578644 1.073582 -0.187216 0.5019 0.5019 0.0000
v 0.578691 1.080806 -0.184269 0.5019 0.5019 0.0000
v 0.578644 1.073582 -0.187216 0.5019 0.5019 0.0000
v 0.589568 1.077825 -0.191256 0.5019 0.5019 0.0000
v 0.590827 1.085241 -0.188659 0.5019 0.5019 0.0000
v 0.600392 1.063830 -0.180519 0.5019 0.5019 0.0000
v 0.596472 1.065534 -0.185218 0.5019 0.5019 0.0000
v 0.586826 1.061460 -0.182123 0.5019 0.5019 0.0000
v 0.591944 1.059714 -0.176374 0.5019 0.5019 0.0000
v 0.600392 1.063830 -0.180519 0.5019 0.5019 0.0000
v 0.591944 1.059714 -0.176374 0.5019 0.5019 0.0000
v 0.593735 1.065574 -0.167124 0.5019 0.5019 0.0000
v 0.605121 1.071940 -0.170260 0.5019 0.5019 0.0000
v 0.606954 1.077776 -0.161013 0.5019 0.5019 0.0000
v 0.594513 1.070989 -0.156524 0.5019 0.5019 0.0000
v 0.581360 1.087914 -0.175325 0.5019 0.5019 0.0000
v 0.578691 1.080806 -0.184269 0.5019 0.5019 0.0000
v 0.590827 1.085241 -0.188659 0.5019 0.5019 0.0000
v 0.594735 1.092725 -0.178665 0.5019 0.5019 0.0000
v 0.427868 1.323255 -0.221666 0.5019 0.5019 0.0000
v 0.427139 1.323811 -0.218540 0.5019 0.5019 0.0000
v 0.422412 1.315755 -0.221426 0.5019 0.5019 0.0000
v 0.421613 1.316401 -0.217780 0.5019 0.5019 0.0000
v 0.397725 1.266179 -0.173686 0.5019 0.5019 0.0000
v 0.395952 1.265583 -0.171361 0.5019 0.5019 0.0000
v 0.397722 1.265309 -0.169977 0.5019 0.5019 0.0000
v 0.399339 1.265828 -0.172414 0.5019 0.5019 0.0000
v 0.404837 1.261158 -0.170076 0.5019 0.5019 0.0000
v 0.402835 1.260552 -0.167359 0.5019 0.5019 0.0000
v 0.408387 1.254888 -0.165040 0.5019 0.5019 0.0000
v 0.410242 1.255746 -0.167729 0.5019 0.5019 0.0000
v 0.408873 1.252485 -0.165257 0.5019 0.5019 0.0000
v 0.410846 1.253359 -0.168174 0.5019 0.5019 0.0000
v 0.394827 1.261881 -0.177468 0.5019 0.5019 0.0000
v 0.392433 1.260227 -0.176113 0.5019 0.5019 0.0000
v 0.407879 1.248212 -0.172103 0.5019 0.5019 0.0000
v 0.412988 1.255493 -0.161757 0.5019 0.5019 0.0000
v 0.415098 1.256298 -0.163983 0.5019 0.5019 0.0000
v 0.415289 1.251967 -0.165230 0.5019 0.5019 0.0000
v 0.413342 1.250993 -0.162807 0.5019 0.5019 0.0000
v 0.405160 1.263552 -0.164432 0.5019 0.5019 0.0000
v 0.407389 1.264925 -0.166766 0.5019 0.5019 0.0000
v 0.412135 1.244915 -0.170370 0.5019 0.5019 0.0000
v 0.409911 1.243779 -0.167521 0.5019 0.5019 0.0000
v 0.393650 1.270613 -0.170876 0.5019 0.5019 0.0000
v 0.396082 1.272117 -0.173558 0.5019 0.5019 0.0000
v 0.399311 1.271697 -0.171072 0.5019 0.5019 0.0000
v 0.397112 1.270218 -0.168266 0.5019 0.5019 0.0000
v 0.388623 1.262870 -0.178348 0.5019 0.5019 0.0000
v 0.391007 1.264166 -0.180545 0.5019 0.5019 0.0000
v 0.412988 1.255493 -0.161757 0.5019 0.5019 0.0000
v 0.413342 1.250993 -0.162807 0.5019 0.5019 0.0000
v 0.408873 1.252485 -0.165257 0.5019 0.5019 0.0000
v 0.408387 1.254888 -0.165040 0.5019 0.5019 0.0000
v 0.405758 1.247290 -0.169675 0.5019 0.5019 0.0000
v 0.409911 1.243779 -0.167521 0.5019 0.5019 0.0000
v 0.395952 1.265583 -0.171361 0.5019 0.5019 0.0000
v 0.393650 1.270613 -0.170876 0.5019 0.5019 0.0000
v 0.397112 1.270218 -0.168266 0.5019 0.5019 0.0000
v 0.397722 1.265309 -0.169977 0.5019 0.5019 0.0000
v 0.402835 1.260552 -0.167359 0.5019 0.5019 0.0000
v 0.405160 1.263552 -0.164432 0.5019 0.5019 0.0000
v 0.388623 1.262870 -0.178348 0.5019 0.5019 0.0000
v 0.392433 1.260227 -0.176113 0.5019 0.5019 0.0000
v 0.394827 1.261881 -0.177468 0.5019 0.5019 0.0000
v 0.397725 1.266179 -0.173686 0.5019 0.5019 0.0000
v 0.396082 1.272117 -0.173558 0.5019 0.5019 0.0000
v 0.391007 1.264166 -0.180545 0.5019 0.5019 0.0000
v 0.399339 1.265828 -0.172414 0.5019 0.5019 0.0000
v 0.399311 1.271697 -0.171072 0.5019 0.5019 0.0000
v 0.404837 1.261158 -0.170076 0.5019 0.5019 0.0000
v 0.407389 1.264925 -0.166766 0.5019 0.5019 0.0000
v 0.410242 1.255746 -0.167729 0.5019 0.5019 0.0000
v 0.415098 1.256298 -0.163983 0.5019 0.5019 0.0000
v 0.410846 1.253359 -0.168174 0.5019 0.5019 0.0000
v 0.415289 1.251967 -0.165230 0.5019 0.5019 0.0000
v 0.407879 1.248212 -0.172103 0.5019 0.5019 0.0000
v 0.412135 1.244915 -0.170370 0.5019 0.5019 0.0000
vn -0.6139 -0.3768 0.6936
vn -0.4965 -0.4134 0.7633
vn -0.7504 -0.5992 0.2789
vn -0.7707 -0.6003 0.2138
vn -0.7171 -0.6594 -0.2257
vn -0.8122 -0.5389 -0.2234
vn -0.1076 -0.3154 0.9428
vn -0.0989 0.0819 0.9917
vn 0.0449 0.0216 0.9988
vn -0.1507 -0.1134 0.9820
vn 0.3801 0.6865 0.6198
vn 0.4764 0.7534 0.4533
vn 0.1160 0.4868 0.8658
vn 0.1058 0.4619 0.8806
vn 0.7312 0.6755 -0.0949
vn 0.7273 0.6749 -0.1244
vn 0.7439 0.5289 -0.4085
vn 0.7640 0.4922 -0.4172
vn 0.7119 0.3680 -0.5981
vn 0.7175 0.3148 -0.6214
vn 0.3306 -0.0419 -0.9428
vn 0.3684 -0.1215 -0.9217
vn -0.1613 -0.4902 -0.8565
vn -0.0633 -0.5241 -0.8493
vn -0.3712 -0.5978 -0.7105
vn -0.3790 -0.6729 -0.6352
vn -0.7469 -0.4906 -0.4488
vn -0.6812 -0.1827 0.7089
vn -0.8282 -0.4672 0.3096
vn -0.7280 -0.6055 -0.3216
vn -0.3360 0.1223 0.9339
vn 0.4226 0.0089 -0.9063
vn 0.6466 0.6423 -0.4114
vn 0.6938 0.7180 -0.0563
vn 0.4812 0.8761 -0.0303
vn 0.3654 0.6552 0.6612
vn 0.1083 0.4730 0.8744
vn -0.2648 0.2081 0.9416
vn -0.1922 -0.4480 -0.8731
vn -0.3596 -0.5202 -0.7746
vn -0.3518 0.2067 0.9130
vn -0.2175 0.2660 0.9391
vn 0.0441 0.5319 0.8457
vn -0.3015 0.1564 0.9406
vn -0.1547 0.2708 0.9501
vn 0.0694 0.3996 0.9141
vn 0.0346 0.3799 0.9244
vn -0.2786 0.0660 0.9581
vn -0.1374 0.2589 0.9561
vn 0.1238 0.4406 0.8891
vn 0.2972 0.7366 0.6075
vn 0.4083 0.7970 0.4451
vn 0.5264 0.6393 0.5605
vn 0.3962 0.6586 0.6397
vn 0.4624 0.6935 0.5525
vn -0.6078 -0.0088 0.7941
vn -0.5115 -0.1601 0.8442
vn -0.4719 -0.2576 0.8432
vn -0.6975 -0.0725 0.7129
vn -0.8313 -0.3548 0.4279
vn -0.9520 -0.0691 0.2981
vn -0.8152 -0.5122 0.2702
vn -0.7071 -0.5786 0.4065
vn -0.5681 -0.6136 0.5485
vn -0.8270 -0.5551 -0.0887
vn -0.9447 -0.3268 -0.0261
vn -0.7820 -0.6192 -0.0716
vn -0.7225 -0.6887 -0.0614
vn -0.5691 -0.8222 -0.0101
vn -0.5924 -0.6123 -0.5236
vn -0.9447 -0.3268 -0.0262
vn -0.7819 -0.6192 -0.0717
vn -0.5689 -0.6475 -0.5070
vn -0.4893 -0.7667 -0.4156
vn -0.7225 -0.6887 -0.0615
vn -0.6093 -0.7002 0.3722
vn -0.7334 -0.6791 -0.0295
vn -0.6111 -0.7887 0.0678
vn -0.6398 -0.6444 -0.4188
vn -0.5496 -0.6725 -0.4956
vn -0.6110 -0.7887 0.0677
vn -0.5764 -0.7278 0.3715
vn -0.5426 -0.8395 0.0298
vn -0.4132 -0.8069 -0.4222
vn -0.5280 -0.7431 0.4112
vn -0.5324 -0.8465 0.0051
vn -0.4477 -0.3024 0.8415
vn -0.4676 -0.4004 0.7881
vn 0.6595 0.6278 -0.4134
vn 0.6829 0.3810 -0.6233
vn 0.6382 0.7653 -0.0838
vn 0.5786 0.7584 0.3001
vn 0.7177 0.6879 0.1082
vn 0.6716 0.7093 0.2140
vn 0.7461 0.5180 -0.4183
vn 0.6339 0.7459 -0.2044
vn 0.7878 0.5874 -0.1853
vn 0.8639 0.4660 0.1910
vn 0.6852 0.3589 -0.6338
vn 0.6784 0.3730 -0.6329
vn 0.6822 0.5210 -0.5130
vn 0.7297 0.4884 -0.4785
vn 0.8817 0.3967 -0.2554
vn 0.6518 0.3571 -0.6690
vn 0.7485 0.2785 -0.6018
vn 0.5270 0.0370 -0.8491
vn 0.5307 0.0982 -0.8418
vn -0.1017 -0.4035 -0.9093
vn 0.2125 0.4071 0.8883
vn -0.0862 0.1810 0.9797
vn 0.2961 0.3903 0.8717
vn -0.0589 0.1343 0.9892
vn -0.2987 -0.0196 0.9542
vn -0.2794 -0.0470 0.9590
vn -0.2741 -0.0757 0.9587
vn 0.5568 0.5027 0.6612
vn 0.6523 0.5315 0.5404
vn 0.8700 0.4447 -0.2130
vn 0.8712 0.4402 -0.2172
vn 0.8322 0.5271 0.1722
vn 0.8191 0.5524 0.1549
vn 0.6538 0.5545 0.5148
vn 0.7980 0.2580 -0.5446
vn 0.8216 0.2736 -0.5002
vn 0.4774 0.0028 -0.8787
vn 0.5915 -0.0528 -0.8046
vn 0.5120 -0.0637 -0.8566
vn 0.6292 -0.0147 -0.7771
vn -0.5226 -0.8512 -0.0485
vn -0.5858 -0.7346 0.3424
vn -0.5332 -0.5068 0.6773
vn -0.5592 -0.8197 -0.1243
vn -0.6334 -0.7345 0.2435
vn -0.5753 -0.5110 0.6387
vn -0.4049 -0.8229 -0.3986
vn -0.3080 -0.8061 -0.5054
vn -0.5226 -0.8512 -0.0486
vn 0.8347 0.5242 0.1686
vn 0.8800 0.4217 -0.2187
vn 0.8220 0.2783 -0.4968
vn 0.0514 -0.3957 -0.9169
vn 0.1522 -0.4109 -0.8989
vn 0.1864 -0.4139 -0.8910
vn -0.3338 -0.4922 -0.8040
vn -0.2942 -0.5678 -0.7688
vn -0.2447 -0.6778 -0.6934
vn -0.2341 -0.5712 -0.7867
vn -0.4594 -0.5090 -0.7279
vn -0.1675 -0.6509 -0.7404
vn -0.1396 -0.6516 -0.7456
vn 0.1481 -0.4670 -0.8718
vn -0.2823 -0.0644 0.9572
vn 0.0908 0.2288 0.9692
vn -0.5592 -0.8197 -0.1244
vn -0.2742 -0.7348 -0.6204
vn -0.5475 -0.7787 -0.3064
vn -0.6708 -0.7391 0.0609
vn 0.2102 -0.3988 -0.8926
vn 0.8132 0.5445 0.2053
vn 0.8658 0.4608 -0.1951
vn 0.7916 0.3040 -0.5301
vn 0.5728 0.4903 0.6569
vn 0.5948 -0.0284 -0.8034
vn 0.5670 -0.0046 -0.8237
vn 0.2336 -0.3285 -0.9152
vn -0.2654 -0.6785 -0.6850
vn -0.3491 -0.0791 0.9337
vn -0.6589 -0.5586 0.5039
vn 0.1583 0.3003 0.9406
vn 0.5633 0.5049 0.6541
vn -0.4611 -0.7850 -0.4138
vn -0.3063 0.0498 0.9506
vn 0.2159 0.3922 0.8942
vn 0.5477 0.5453 0.6345
vn -0.6320 -0.2583 0.7306
vn 0.7744 0.5890 0.2308
vn -0.7082 -0.7055 0.0278
vn -0.7259 -0.6079 0.3216
vn -0.5476 -0.7787 -0.3064
vn -0.5700 -0.7485 -0.3389
vn -0.5699 -0.7485 -0.3390
vn 0.3836 -0.1260 -0.9149
vn -0.1976 -0.6220 -0.7577
vn 0.7276 0.3085 -0.6127
vn 0.8320 0.5317 -0.1584
vn -0.7099 -0.5602 -0.4269
vn -0.7504 -0.5804 -0.3163
vn -0.8478 -0.5239 -0.0820
vn -0.2465 -0.7982 0.5497
vn -0.1674 -0.1202 0.9785
vn -0.7600 -0.4222 0.4942
vn 0.7616 0.5961 0.2542
vn 0.8571 0.4706 -0.2097
vn 0.7013 0.2616 -0.6632
vn 0.2896 -0.1705 -0.9418
vn -0.2749 -0.6333 -0.7234
vn -0.5826 -0.7238 -0.3698
vn -0.7335 -0.6791 -0.0283
vn -0.7871 -0.5304 0.3149
vn -0.5826 -0.7238 -0.3697
vn -0.6730 -0.2508 0.6959
vn -0.3371 0.0849 0.9376
vn 0.4643 0.6526 0.5987
vn 0.3912 0.7086 0.5872
vn 0.2552 0.5000 0.8276
vn 0.1631 0.4947 0.8536
vn -0.2196 0.1088 0.9695
vn -0.3131 0.2191 0.9241
vn 0.4386 0.5021 0.7453
vn 0.3254 0.5795 0.7472
vn 0.5754 0.6740 0.4632
vn 0.4262 0.5966 0.6800
vn 0.7449 0.6486 0.1565
vn 0.5106 0.7395 0.4386
vn 0.6506 0.7318 0.2029
vn 0.3584 0.8088 0.4662
vn 0.3202 0.7862 0.5285
vn 0.4681 0.8343 0.2911
vn -0.1632 0.8692 -0.4668
vn -0.1172 0.8748 -0.4701
vn -0.1544 0.8704 -0.4676
vn 0.1048 0.8476 0.5201
vn -0.1054 0.8161 0.5682
vn 0.7795 0.6264 0.0027
vn 0.7496 0.6530 0.1088
vn 0.8186 0.5599 -0.1280
vn 0.6638 0.7227 0.1927
vn 0.8033 0.3739 -0.4637
vn 0.7035 0.3671 -0.6086
vn 0.8434 0.3928 -0.3667
vn 0.8256 0.4199 -0.3769
vn 0.8202 0.4105 -0.3985
vn 0.7823 0.2482 -0.5713
vn 0.5471 0.0944 -0.8317
vn 0.4193 0.0828 -0.9041
vn 0.1254 -0.2762 -0.9529
vn -0.0324 -0.2772 -0.9603
vn -0.2502 -0.3109 -0.9169
vn 0.0167 -0.0664 -0.9977
vn 0.2209 0.1277 -0.9669
vn -0.3008 -0.2444 -0.9218
vn -0.2869 -0.2303 -0.9299
vn 0.1079 0.0941 -0.9897
vn 0.4164 0.2558 -0.8725
vn 0.4077 0.6536 0.6376
vn 0.8155 0.5727 0.0835
vn 0.8596 0.4879 0.1516
vn 0.4314 0.5772 0.6933
vn 0.8687 0.4575 0.1899
vn 0.4877 0.5269 0.6961
vn 0.8119 0.1914 -0.5515
vn 0.9135 0.1103 -0.3916
vn 0.9472 0.2964 0.1221
vn -0.1037 0.2907 0.9512
vn -0.2102 0.3874 0.8976
vn -0.0922 0.2414 0.9660
vn 0.3666 0.6997 0.6132
vn 0.7751 0.6297 0.0518
vn -0.2559 0.4179 0.8717
vn 0.7674 0.2502 -0.5903
vn 0.3988 -0.2910 -0.8696
vn 0.9254 -0.3328 -0.1814
vn 0.3389 -0.2234 -0.9139
vn 0.3988 -0.2911 -0.8696
vn -0.3303 -0.5873 -0.7389
vn -0.2611 -0.6695 -0.6954
vn 0.8470 -0.5005 0.1789
vn 0.6750 -0.7347 0.0677
vn 0.7157 -0.6947 0.0720
vn 0.8471 -0.5004 0.1789
vn -0.2012 -0.9642 0.1728
vn 0.9254 -0.3328 -0.1813
vn 0.7949 -0.4243 0.4337
vn 0.7878 -0.4269 0.4439
vn 0.6666 -0.4363 0.6044
vn 0.4567 -0.4835 0.7468
vn 0.4699 -0.4790 0.7415
vn 0.6698 -0.4373 0.6001
vn -0.7283 -0.1586 0.6666
vn -0.7715 -0.1386 0.6210
vn -0.2559 0.4178 0.8717
vn -0.2103 0.3874 0.8976
vn 0.2258 -0.7028 0.6746
vn 0.4698 -0.4790 0.7415
vn 0.2278 -0.6981 0.6787
vn -0.1038 0.2906 0.9512
vn -0.6003 -0.2765 0.7505
vn -0.6290 -0.7547 0.1864
vn -0.7567 -0.6517 -0.0528
vn -0.0923 0.2414 0.9660
vn -0.4846 -0.3798 0.7880
vn -0.5284 -0.6856 0.5008
vn -0.8087 -0.5799 -0.0985
vn 0.1254 -0.2763 -0.9529
vn -0.4309 -0.5218 -0.7362
vn -0.0325 -0.2772 -0.9603
vn -0.6385 -0.5010 -0.5842
vn -0.5862 -0.5623 -0.5832
vn -0.2503 -0.3110 -0.9169
vn -0.3008 -0.2445 -0.9218
vn -0.5881 -0.4918 -0.6420
vn -0.5746 -0.3982 -0.7150
vn -0.2870 -0.2303 -0.9298
vn 0.8038 0.5547 -0.2151
vn 0.8022 0.5830 -0.1292
vn 0.8800 0.4453 -0.1654
vn 0.9975 0.0377 0.0604
vn 0.9011 0.4331 -0.0228
vn 0.2744 0.6088 0.7444
vn 0.5171 0.6357 0.5731
vn 0.9557 0.1871 -0.2273
vn 0.9688 0.1061 -0.2240
vn 0.8324 0.1981 -0.5175
vn 0.9648 0.1716 0.1991
vn 0.9676 0.2479 0.0476
vn 0.9603 0.2521 -0.1196
vn 0.9549 0.1955 -0.2235
vn 0.9372 0.1167 -0.3288
vn 0.9019 0.0451 -0.4296
vn 0.3817 0.5962 0.7063
vn 0.8493 0.4468 0.2810
vn 0.0250 0.3226 0.9462
vn -0.1079 0.2869 0.9519
vn 0.9373 0.3395 0.0794
vn 0.9469 0.2924 -0.1339
vn 0.9463 0.2234 -0.2339
vn 0.9172 0.1238 -0.3786
vn 0.8674 0.0996 -0.4875
vn 0.9828 0.1552 0.1001
vn 0.9706 0.1628 -0.1771
vn 0.8204 -0.0270 -0.5712
vn 0.7737 0.3921 0.4977
vn 0.9423 0.3080 -0.1310
vn 0.7003 0.0293 -0.7132
vn 0.8390 -0.2180 -0.4985
vn 0.9379 0.3287 0.1113
vn 0.9460 0.2082 -0.2486
vn 0.7737 -0.5587 -0.2986
vn 0.2119 0.2591 0.9423
vn 0.7883 0.3407 0.5124
vn 0.7598 -0.4670 0.4522
vn 0.8686 -0.4766 0.1356
vn 0.8640 -0.4771 0.1607
vn 0.7812 -0.4703 0.4106
vn 0.6453 0.5928 0.4818
vn 0.8475 0.4820 -0.2221
vn 0.8575 0.4775 -0.1912
vn 0.6451 0.5898 0.4858
vn 0.7988 -0.5713 -0.1885
vn 0.7967 -0.5734 -0.1911
vn 0.6418 0.1628 -0.7494
vn 0.5948 0.1414 -0.7913
vn 0.8934 0.4208 -0.1572
vn 0.6690 0.5250 0.5260
vn 0.6082 0.0810 -0.7896
vn 0.0687 0.3523 0.9334
vn 0.5211 -0.5285 0.6702
vn 0.5289 -0.5258 0.6662
vn 0.0901 0.3441 0.9346
vn 0.1045 0.3488 0.9314
vn 0.3366 -0.0656 -0.9394
vn 0.9752 -0.1323 0.1773
vn 0.0547 -0.2815 -0.9580
vn 0.9907 0.1325 0.0313
vn 0.8695 0.1629 -0.4662
vn 0.5513 0.5464 0.6305
vn 0.8870 0.4576 0.0621
vn 0.7970 0.1163 -0.5927
vn 0.4115 0.6214 0.6667
vn 0.8261 0.5626 -0.0321
vn -0.0924 0.2379 0.9669
vn -0.2001 0.3469 0.9163
vn 0.7086 0.1893 -0.6797
vn 0.2458 -0.3245 -0.9134
vn 0.1446 -0.2717 -0.9515
vn -0.2234 0.2987 0.9278
vn 0.4097 0.6624 0.6272
vn 0.7792 0.6253 -0.0423
vn -0.0924 0.2378 0.9669
vn -0.6388 -0.1927 0.7448
vn -0.6935 -0.0963 0.7140
vn -0.7403 -0.1402 0.6574
vn -0.2235 0.2987 0.9278
vn -0.1080 0.2868 0.9519
vn -0.5195 -0.2817 0.8067
vn -0.4331 -0.4191 0.7980
vn -0.4846 -0.6829 0.5467
vn -0.5010 -0.6388 0.5839
vn -0.5683 -0.6943 -0.4416
vn 0.0303 -0.0999 -0.9945
vn 0.1445 -0.2717 -0.9515
vn -0.4213 -0.5476 -0.7230
vn 0.2934 -0.6574 0.6941
vn 0.7738 -0.5587 -0.2985
vn 0.3842 -0.5725 -0.7244
vn -0.6000 -0.2296 0.7663
vn 0.1045 0.3487 0.9314
vn -0.5407 -0.1618 0.8255
vn 0.1954 -0.7358 0.6483
vn 0.5288 -0.5259 0.6662
vn 0.5210 -0.5285 0.6702
vn 0.1758 -0.7524 0.6348
vn 0.0686 0.3523 0.9334
vn 0.2118 0.2591 0.9423
vn -0.5040 -0.1829 0.8441
vn -0.5433 -0.0849 0.8352
vn 0.4610 -0.7929 -0.3985
vn 0.5291 -0.7607 -0.3759
vn 0.0848 -0.2400 -0.9671
vn 0.0591 -0.2490 -0.9667
vn 0.2747 -0.8454 -0.4581
vn 0.5290 -0.7608 -0.3760
vn 0.4619 -0.7999 -0.3832
vn -0.5339 -0.6128 -0.5826
vn 0.0848 -0.2401 -0.9670
vn -0.5267 -0.6071 -0.5950
vn -0.5166 -0.5421 -0.6627
vn -0.5301 -0.7197 -0.4484
vn 0.0748 -0.1470 -0.9863
vn 0.6329 -0.0540 -0.7724
vn 0.5425 -0.1213 -0.8312
vn 0.5301 0.0057 -0.8479
vn 0.6112 0.0070 -0.7915
vn 0.8608 0.4057 0.3074
vn 0.8412 0.3176 -0.4376
vn 0.4464 0.0706 -0.8921
vn 0.3793 0.2974 0.8762
vn 0.0495 -0.4205 -0.9059
vn 0.0409 -0.3454 -0.9376
vn 0.0481 -0.2803 -0.9587
vn -0.0960 -0.3336 -0.9378
vn -0.4837 -0.6053 -0.6323
vn -0.3245 -0.6441 -0.6927
vn 0.0480 -0.2803 -0.9587
vn -0.0445 -0.2217 -0.9741
vn 0.7736 0.5622 0.2924
vn 0.7962 0.4369 -0.4185
vn 0.7713 0.5905 0.2376
vn 0.7830 0.4532 -0.4261
vn 0.2893 0.3856 0.8762
vn 0.3375 0.4037 0.8503
vn 0.4025 0.1325 -0.9058
vn 0.3794 0.1114 -0.9185
vn -0.4298 -0.2440 0.8693
vn -0.3646 -0.0325 0.9306
vn -0.4010 -0.0654 0.9137
vn -0.2109 -0.9098 0.3575
vn -0.7820 -0.5214 0.3414
vn 0.4210 -0.6069 0.6741
vn -0.1397 -0.9389 0.3147
vn -0.4603 -0.8134 0.3557
vn -0.3361 -0.8725 0.3545
vn -0.4878 -0.8103 0.3247
vn -0.5212 -0.6635 0.5368
vn -0.2252 -0.9114 0.3444
vn -0.5073 -0.8136 0.2840
vn -0.3484 -0.8802 0.3224
vn -0.5514 -0.7890 0.2709
vn -0.4618 -0.8384 0.2896
vn -0.4801 -0.8604 0.1709
vn -0.6059 -0.7928 0.0656
vn -0.6228 -0.3226 0.7127
vn 0.2630 -0.8748 0.4070
vn 0.3693 -0.8885 0.2724
vn 0.3311 -0.8861 0.3244
vn 0.2697 -0.8778 0.3959
vn -0.1043 -0.1921 -0.9758
vn -0.6014 -0.5051 -0.6191
vn -0.5162 -0.6195 -0.5914
vn 0.0408 -0.3454 -0.9376
vn -0.0446 -0.2218 -0.9741
vn 0.0494 -0.4205 -0.9059
vn -0.4254 -0.6732 -0.6048
vn -0.1044 -0.1922 -0.9758
vn -0.6435 -0.4925 -0.5860
vn -0.5124 -0.6259 -0.5879
vn -0.0961 -0.3336 -0.9378
vn -0.5987 -0.7770 0.1946
vn -0.5052 -0.8228 0.2602
vn -0.6456 -0.7502 0.1427
vn -0.5727 -0.7962 0.1949
vn -0.6867 -0.7261 0.0344
vn -0.4325 -0.8498 0.3012
vn -0.5001 -0.8255 0.2616
vn -0.6220 -0.7819 0.0418
vn -0.5522 -0.8173 0.1645
vn -0.6835 -0.7297 -0.0207
vn -0.2649 -0.9020 0.3409
vn -0.3174 -0.9015 0.2942
vn -0.2599 -0.9325 0.2507
vn -0.2044 -0.9475 0.2460
vn -0.4162 -0.7301 0.5419
vn -0.4561 -0.8606 0.2265
vn -0.6580 -0.7037 -0.2680
vn -0.6019 -0.7609 -0.2423
vn -0.7446 -0.6450 -0.1717
vn -0.6834 -0.6973 -0.2162
vn -0.6346 -0.7673 -0.0923
vn -0.5105 -0.6861 0.5182
vn -0.7054 -0.7084 -0.0251
vn -0.7678 -0.6388 0.0479
vn -0.8278 -0.5577 -0.0606
vn -0.8499 -0.5251 -0.0430
vn -0.4528 -0.5807 -0.6765
vn 0.1774 -0.2862 -0.9416
vn -0.7604 -0.6359 0.1320
vn -0.7959 -0.5800 0.1735
vn -0.7967 -0.5835 0.1575
vn -0.0071 -0.9372 0.3486
vn -0.0153 -0.9439 0.3298
vn 0.0506 -0.9984 0.0261
vn -0.8408 -0.5353 0.0809
vn -0.8030 -0.5802 0.1361
vn -0.8488 -0.4978 0.1780
vn -0.3646 -0.0326 0.9306
vn 0.4881 -0.8677 0.0946
vn -0.0765 -0.9939 -0.0799
vn 0.0531 -0.9219 -0.3839
vn 0.5979 -0.6944 -0.4003
vn 0.4514 -0.4036 -0.7958
vn -0.1061 -0.7727 -0.6259
vn -0.3633 -0.8902 -0.2748
vn 0.9639 -0.2227 -0.1460
vn 0.4881 -0.8676 0.0945
vn 0.5980 -0.6944 -0.4003
vn 0.9073 -0.1718 -0.3838
vn 0.4515 -0.4035 -0.7958
vn 0.8243 0.0893 -0.5590
vn 0.8370 0.2117 -0.5046
vn 0.3633 -0.2935 -0.8842
vn 0.3637 -0.2651 -0.8930
vn 0.8382 0.2124 -0.5023
vn 0.8153 0.1841 -0.5490
vn 0.3751 -0.3490 -0.8588
vn -0.1443 -0.6873 -0.7119
vn -0.1168 -0.6040 -0.7884
vn 0.3750 -0.3490 -0.8588
vn -0.3716 -0.6398 -0.6727
vn 0.8620 0.5067 0.0157
vn 0.8555 0.5141 -0.0625
vn 0.8614 0.5039 0.0641
vn 0.8813 0.4693 -0.0557
vn 0.9179 0.3969 0.0019
vn 0.9189 -0.3939 0.0216
vn 0.8271 -0.4721 -0.3051
vn 0.8846 0.1683 -0.4350
vn 0.5397 -0.2977 -0.7875
vn -0.2729 -0.6609 -0.6991
vn 0.1282 -0.3846 -0.9141
vn 0.2277 -0.5564 -0.7991
vn -0.1847 -0.7712 -0.6092
vn 0.0519 -0.9940 -0.0966
vn 0.6374 0.0728 -0.7671
vn 0.7085 -0.1038 -0.6981
vn 0.2278 -0.5564 -0.7991
vn 0.1283 -0.3846 -0.9141
vn 0.8087 -0.4352 -0.3958
vn 0.5726 -0.8008 -0.1754
vn 0.5726 -0.8009 -0.1754
vn 0.3094 -0.7380 0.5997
vn 0.8304 -0.0060 0.5571
vn 0.7282 0.1740 0.6629
vn 0.2307 -0.5429 0.8075
vn -0.0460 -0.0403 0.9981
vn 0.5941 0.5697 0.5679
vn 0.3093 -0.7380 0.5997
vn 0.2306 -0.5430 0.8075
vn -0.2986 -0.5020 0.8117
vn -0.2643 -0.8167 0.5129
vn -0.0461 -0.0403 0.9981
vn 0.3904 -0.8360 0.3856
vn 0.8687 -0.3652 0.3347
vn -0.2071 -0.9515 0.2273
vn -0.4838 -0.7906 -0.3753
vn -0.3147 -0.6548 -0.6872
vn -0.4300 -0.6794 -0.5946
vn 0.2287 -0.3080 -0.9235
vn 0.1943 -0.3277 -0.9246
vn 0.1944 -0.3276 -0.9246
vn 0.2288 -0.3079 -0.9235
vn 0.7240 0.1635 -0.6702
vn 0.7101 0.1831 -0.6799
vn 0.3307 -0.1865 -0.9251
vn 0.3308 -0.1865 -0.9251
vn 0.7312 0.1937 -0.6540
vn 0.1591 -0.4063 -0.8998
vn -0.3480 -0.7504 -0.5620
vn 0.4598 -0.1071 -0.8815
vn 0.1592 -0.4062 -0.8998
vn -0.6848 -0.7140 -0.1458
vn -0.5970 -0.7973 -0.0890
vn -0.4360 -0.6740 -0.5964
vn -0.7626 -0.6345 0.1261
vn -0.7356 -0.6689 0.1068
vn 0.4907 -0.8463 0.2074
vn 0.4438 -0.8218 -0.3573
vn 0.4654 -0.7454 0.4774
vn 0.8979 -0.2354 0.3720
vn 0.2425 -0.5844 -0.7744
vn 0.8450 0.5316 -0.0578
vn 0.8459 0.5292 -0.0666
vn 0.8391 0.5353 -0.0963
vn 0.5041 0.6188 0.6025
vn 0.5290 0.6160 0.5836
vn 0.5711 0.6252 0.5320
vn 0.7688 -0.0982 0.6319
vn 0.3254 -0.4867 0.8107
vn 0.4906 -0.8463 0.2074
vn 0.4653 -0.7454 0.4774
vn -0.0254 -0.8536 0.5203
vn -0.0022 -0.9901 0.1405
vn 0.3253 -0.4867 0.8107
vn -0.0626 -0.6168 0.7847
vn 0.0414 -0.9656 -0.2568
vn 0.4437 -0.8219 -0.3573
vn -0.2183 -0.8719 -0.4383
vn 0.2424 -0.5845 -0.7744
vn -0.4221 -0.9064 0.0187
vn 0.0919 -0.2450 -0.9652
vn 0.6110 0.1768 -0.7716
vn 0.6414 0.1251 -0.7569
vn 0.2140 -0.2192 -0.9519
vn 0.8184 0.5221 -0.2402
vn 0.8597 0.4470 -0.2472
vn 0.0918 -0.2450 -0.9652
vn 0.2139 -0.2193 -0.9519
vn -0.5337 -0.6350 -0.5585
vn 0.1030 -0.2533 -0.9619
vn 0.6262 0.1635 -0.7623
vn -0.5195 -0.5797 -0.6277
vn 0.1030 -0.2534 -0.9619
vn 0.8456 0.4817 -0.2299
vn 0.6692 0.1029 -0.7359
vn 0.1925 -0.2428 -0.9508
vn 0.6425 0.0976 -0.7601
vn 0.1788 -0.2846 -0.9418
vn 0.1787 -0.2846 -0.9418
vn -0.3090 -0.5984 -0.7392
vn 0.1925 -0.2429 -0.9508
vn -0.5557 -0.6273 -0.5456
vn 0.8908 0.3880 -0.2364
vn 0.8704 0.3918 -0.2982
vn 0.9182 0.3762 0.1241
vn 0.9324 -0.3024 0.1979
vn 0.9469 -0.3138 -0.0700
vn 0.9115 0.2127 -0.3520
vn 0.6265 0.4457 0.6394
vn 0.1959 0.1443 0.9700
vn 0.2344 0.0554 0.9705
vn 0.6688 0.4193 0.6139
vn 0.3283 -0.1384 0.9344
vn 0.7258 0.3117 0.6132
vn -0.5476 -0.2213 0.8069
vn -0.3391 -0.4476 0.8274
vn 0.2343 0.0554 0.9706
vn 0.1958 0.1443 0.9700
vn -0.0908 -0.6303 0.7710
vn 0.3282 -0.1385 0.9344
vn 0.8485 0.5269 0.0497
vn 0.8626 0.5020 0.0629
vn 0.9296 0.3658 0.0448
vn 0.5960 0.4472 0.6670
vn -0.3203 -0.0046 0.9473
vn 0.8587 0.4985 0.1187
vn 0.8507 0.3769 -0.3663
vn 0.7417 0.5555 0.3759
vn 0.8429 0.5259 0.1134
vn 0.5890 0.4776 0.6519
vn 0.7413 0.5433 0.3940
vn 0.2357 0.4179 0.8774
vn 0.2607 0.3843 0.8856
vn 0.2151 0.2731 0.9376
vn 0.6648 0.2930 0.6872
vn 0.6849 0.5329 0.4970
vn 0.1929 0.3766 0.9061
vn 0.1929 0.3765 0.9061
vn 0.8841 0.4097 -0.2248
vn -0.6525 -0.7367 0.1774
vn -0.7672 -0.6271 0.1348
vn -0.6473 -0.6754 -0.3533
vn -0.5439 -0.7868 -0.2918
vn -0.7855 -0.6149 0.0700
vn -0.3856 -0.9089 -0.1587
vn -0.4133 -0.8845 0.2165
vn -0.5657 -0.5181 0.6415
vn -0.6676 -0.3983 0.6291
vn -0.3412 -0.7296 0.5927
vn 0.4964 0.6025 0.6249
vn 0.4824 0.6356 0.6027
vn 0.8261 0.5587 -0.0738
vn 0.8464 0.5295 -0.0571
vn 0.7089 0.1960 -0.6775
vn 0.7292 0.1550 -0.6665
vn 0.9045 0.4259 0.0201
vn 0.5293 0.5079 0.6796
vn 0.7825 0.0750 -0.6181
vn -0.1287 0.3094 0.9422
vn -0.0997 0.3447 0.9334
vn -0.1497 0.2725 0.9505
vn 0.0109 0.3873 0.9219
vn -0.7583 -0.5995 -0.2561
vn -0.6011 -0.7747 -0.1960
vn -0.6134 -0.7293 0.3030
vn -0.7464 -0.5999 0.2883
vn -0.3240 -0.9384 -0.1204
vn -0.3019 -0.8999 0.3147
vn -0.8688 -0.4071 0.2820
vn -0.3302 -0.5001 -0.8005
vn -0.2845 -0.6301 -0.7225
vn -0.7026 -0.4614 -0.5417
vn -0.1294 -0.8061 -0.5775
vn -0.4679 -0.2952 0.8330
vn -0.0697 0.2255 0.9717
vn -0.5631 -0.6922 0.4514
vn -0.1021 0.3207 0.9417
vn -0.5528 -0.1717 0.8155
vn -0.1020 0.3207 0.9417
vn -0.0696 0.2255 0.9717
vn 0.5352 0.6450 0.5455
vn -0.7189 -0.5646 0.4055
vn -0.4990 -0.8620 0.0897
vn 0.0557 0.0655 0.9963
vn 0.6909 0.4169 0.5907
vn -0.3411 -0.4416 0.8299
vn -0.6014 -0.0600 0.7967
vn -0.7965 -0.4865 0.3591
vn -0.7206 -0.6891 -0.0763
vn -0.6545 -0.7555 -0.0295
vn -0.7900 -0.1943 0.5814
vn -0.8012 -0.5911 -0.0928
vn -0.1808 0.3374 0.9238
vn -0.1861 0.3672 0.9113
vn -0.0836 0.3214 0.9432
vn -0.1534 0.3142 0.9369
vn -0.0837 0.3214 0.9432
vn -0.1534 0.3141 0.9369
vn -0.6402 -0.2322 0.7323
vn -0.5471 -0.0914 0.8321
vn -0.0268 0.2277 0.9734
vn 0.6256 0.5815 0.5201
vn -0.4795 -0.2582 0.8387
vn -0.0269 0.2277 0.9734
vn 0.8446 0.5314 -0.0659
vn -0.0990 0.4266 0.8990
vn -0.7591 -0.2753 0.5899
vn -0.7633 -0.6405 -0.0839
vn -0.1438 0.2951 0.9446
vn -0.1219 0.3161 0.9409
vn 0.4121 0.6726 0.6146
vn 0.3966 0.6911 0.6042
vn 0.7455 0.6595 0.0964
vn 0.7239 0.6828 0.0989
vn 0.4813 0.5638 0.6712
vn 0.8382 0.5215 0.1594
vn -0.0596 0.3449 0.9367
vn 0.7799 0.2979 -0.5504
vn 0.7688 0.3024 -0.5635
vn 0.8504 0.1886 -0.4912
vn 0.8881 0.1130 -0.4455
vn 0.4419 -0.3244 -0.8363
vn 0.5299 -0.1981 -0.8246
vn -0.2944 -0.6999 -0.6507
vn 0.5299 -0.1982 -0.8246
vn -0.3376 -0.6781 -0.6529
vn 0.4419 -0.3245 -0.8363
vn 0.4387 -0.2021 -0.8756
vn 0.8722 0.4433 0.2070
vn 0.9044 -0.3455 -0.2503
vn 0.9573 -0.2314 0.1735
vn 0.2105 -0.9504 0.2289
vn 0.3379 -0.7621 0.5523
vn 0.8300 0.4187 -0.3685
vn 0.8413 0.4044 -0.3588
vn 0.5636 0.1685 -0.8087
vn 0.5496 0.1901 -0.8135
vn 0.0810 -0.1299 -0.9882
vn 0.1197 -0.1193 -0.9856
vn 0.8481 0.3856 -0.3634
vn 0.5672 0.1477 -0.8102
vn 0.0529 -0.1879 -0.9808
vn 0.8223 0.5300 0.2073
vn 0.8379 0.5191 0.1684
vn 0.7879 -0.2164 0.5765
vn 0.2467 -0.2598 -0.9336
vn 0.5123 0.6266 0.5872
vn 0.5026 0.6055 0.6170
vn -0.1860 0.3672 0.9113
vn 0.4575 0.6326 0.6249
vn 0.4296 0.6622 0.6139
vn -0.1803 0.3540 0.9177
vn 0.4496 0.6426 0.6204
vn -0.2300 0.3127 0.9216
vn -0.7319 -0.2315 0.6409
vn 0.8449 0.5308 0.0662
vn 0.7972 0.6008 0.0587
vn 0.8008 0.5917 0.0929
vn 0.8282 0.2125 -0.5185
vn 0.4752 -0.1639 -0.8645
vn 0.3991 -0.2209 -0.8899
vn 0.8034 0.2512 -0.5399
vn 0.3990 -0.2209 -0.8899
vn -0.3757 -0.6564 -0.6542
vn 0.3732 -0.2723 -0.8869
vn -0.2245 -0.6807 -0.6973
vn -0.7147 -0.6977 -0.0503
vn -0.7131 -0.7010 -0.0067
vn -0.7811 -0.6170 -0.0952
vn -0.6781 -0.3181 0.6626
vn -0.6095 -0.2571 0.7499
vn -0.7752 -0.1886 0.6029
vn 0.2391 -0.3561 -0.9033
vn 0.2445 -0.3593 -0.9006
vn 0.7902 0.0615 -0.6098
vn 0.3055 -0.1953 -0.9319
vn 0.7312 0.1884 -0.6557
vn -0.4416 -0.6264 -0.6423
vn -0.4954 -0.6228 -0.6056
vn 0.2444 -0.3593 -0.9006
vn 0.2391 -0.3562 -0.9033
vn 0.9185 0.3920 0.0516
vn 0.8379 0.5458 -0.0079
vn 0.2191 -0.3124 -0.9244
vn 0.2190 -0.3124 -0.9244
vn -0.4118 -0.6345 -0.6541
vn 0.2467 -0.2597 -0.9336
vn -0.6134 -0.2954 0.7325
vn -0.0998 0.3447 0.9334
vn -0.1287 0.3093 0.9422
vn -0.6436 -0.1898 0.7414
vn -0.7867 -0.6146 0.0574
vn -0.7649 -0.4802 0.4293
vn -0.1497 0.2725 0.9504
vn -0.1293 0.2761 0.9524
vn -0.6965 -0.1441 0.7030
vn -0.6862 -0.1269 0.7163
vn -0.8457 -0.5336 0.0044
vn -0.8354 -0.5496 0.0071
vn -0.0662 0.3675 0.9277
vn -0.6286 -0.2380 0.7404
vn -0.7599 -0.6499 0.0165
vn -0.1292 0.2761 0.9524
vn 0.5573 0.4796 0.6777
vn 0.4857 0.6069 0.6291
vn -0.0661 0.3675 0.9277
vn 0.7027 0.5686 0.4277
vn 0.2518 0.3668 0.8955
vn 0.2606 0.3843 0.8857
vn 0.2356 0.4179 0.8774
vn -0.2769 0.0088 0.9609
vn 0.2518 0.3668 0.8956
vn -0.5890 -0.2583 0.7657
vn 0.2150 0.2731 0.9377
vn -0.2505 -0.1124 0.9616
vn -0.6523 -0.6159 0.4417
vn -0.4562 -0.6552 -0.6022
vn 0.8072 0.3440 -0.4796
vn 0.3142 0.0393 0.9485
vn -0.1216 -0.3900 0.9127
vn 0.3142 0.0393 0.9486
vn -0.7259 -0.5574 -0.4031
vn 0.0809 -0.1299 -0.9882
vn -0.8021 -0.5105 0.3099
vn 0.0528 -0.1880 -0.9808
vn 0.0589 -0.2440 -0.9680
vn 0.1197 -0.1194 -0.9856
vn -0.6353 -0.6016 -0.4843
vn -0.7630 -0.5836 0.2777
vn -0.6679 -0.1610 0.7267
vn -0.8633 -0.5007 0.0635
vn 0.4119 -0.5375 0.7358
vn 0.5908 -0.7253 0.3535
vn 0.5964 -0.7939 0.1187
vn 0.5907 -0.7253 0.3535
vn 0.0166 -0.8522 0.5229
vn -0.0049 -0.9751 0.2219
vn 0.5963 -0.7939 0.1188
vn 0.1003 0.3344 0.9371
vn -0.5805 -0.2748 0.7665
vn 0.0596 0.3217 0.9450
vn -0.5999 -0.1843 0.7786
vn -0.8216 -0.5687 0.0399
vn -0.7644 -0.6416 0.0635
vn 0.6476 0.6152 0.4496
vn 0.6582 0.5862 0.4724
vn 0.1294 -0.3140 -0.9406
vn 0.6960 0.0520 -0.7161
vn 0.6617 0.0995 -0.7432
vn 0.1004 -0.2952 -0.9501
vn 0.9228 0.3343 -0.1916
vn 0.8917 0.4014 -0.2091
vn 0.1293 -0.3140 -0.9406
vn 0.1003 -0.2953 -0.9501
vn -0.5250 -0.5527 -0.6472
vn -0.5795 -0.5703 -0.5821
vn 0.2263 -0.2392 -0.9442
vn 0.6646 0.1099 -0.7390
vn 0.2262 -0.2393 -0.9442
vn -0.6390 -0.1378 0.7568
vn -0.8645 -0.5015 0.0336
vn 0.0370 0.2949 0.9548
vn 0.0780 0.3071 0.9485
vn 0.7129 0.4713 0.5192
vn -0.0055 -0.2110 -0.9775
vn 0.5175 0.1504 -0.8423
vn -0.0056 -0.2110 -0.9775
vn 0.8267 0.4214 -0.3729
vn 0.8325 0.5127 0.2100
vn 0.5384 0.4313 0.7239
vn 0.4621 0.3925 0.7952
vn 0.5904 0.4599 0.6633
vn -0.3995 -0.1518 0.9041
vn -0.2942 -0.1278 0.9472
vn -0.7739 -0.6237 -0.1093
vn -0.7576 -0.1700 0.6302
vn -0.3054 -0.6598 -0.6865
vn -0.1901 0.3236 0.9269
vn -0.2183 0.3257 0.9199
vn -0.1439 0.2951 0.9446
vn -0.1219 0.3160 0.9409
vn -0.5412 -0.7314 -0.4149
vn 0.8140 0.2285 -0.5340
vn 0.3806 -0.2702 -0.8844
vn 0.3733 -0.2723 -0.8868
vn -0.1900 0.3236 0.9269
vn 0.5190 0.5310 0.6698
vn 0.5806 0.1408 -0.8019
vn 0.8401 0.3955 -0.3714
vn 0.8117 0.4098 -0.4163
vn 0.5793 0.0956 -0.8095
vn 0.0590 -0.2440 -0.9680
vn 0.1070 -0.3532 -0.9294
vn 0.1070 -0.3533 -0.9294
vn 0.5987 -0.0770 -0.7973
vn 0.1620 -0.4894 -0.8569
vn 0.8792 0.2437 -0.4095
vn 0.1619 -0.4894 -0.8569
vn -0.3995 -0.1519 0.9041
vn 0.6916 0.5153 0.5062
vn 0.0371 0.2949 0.9548
vn 0.0781 0.3071 0.9485
vn -0.4467 -0.7582 0.4750
vn 0.2444 -0.9612 -0.1279
vn 0.3734 -0.7833 -0.4969
vn 0.5521 -0.3815 0.7414
vn 0.8314 -0.0196 0.5554
vn 0.5522 -0.3815 0.7413
vn 0.6794 -0.4142 -0.6056
vn 0.3735 -0.7833 -0.4970
vn 0.2445 -0.9612 -0.1279
vn 0.3293 0.3583 0.8736
vn 0.4630 0.4214 0.7798
vn 0.8552 0.4816 0.1914
vn 0.8800 0.4229 0.2162
vn 0.8693 0.3088 -0.3859
vn 0.9027 0.2058 -0.3779
vn 0.8596 0.4910 0.1414
vn 0.8325 0.3841 -0.3993
vn 0.5586 0.4010 0.7260
vn 0.5155 0.0897 -0.8522
vn 0.5243 0.0222 -0.8513
vn 0.5378 0.1432 -0.8308
vn -0.0422 -0.2218 -0.9742
vn 0.0660 -0.1658 -0.9839
vn -0.1105 -0.2722 -0.9559
vn -0.1027 -0.2149 -0.9712
vn -0.6184 -0.6345 -0.4638
vn -0.6190 -0.5973 -0.5100
vn -0.1106 -0.2723 -0.9558
vn -0.6169 -0.5231 -0.5880
vn -0.7460 -0.6191 0.2454
vn -0.7134 -0.5061 -0.4846
vn -0.8503 -0.4714 0.2342
vn -0.7578 -0.6119 0.2267
vn -0.8429 -0.5086 0.1758
vn -0.3869 -0.1925 0.9018
vn -0.3301 -0.1474 0.9324
vn -0.4057 -0.1083 0.9076
vn 0.4974 0.3470 0.7951
vn 0.8860 0.4325 0.1670
vn 0.8566 0.3389 -0.3890
vn 0.4558 0.3616 0.8133
vn 0.8668 0.4674 0.1736
vn 0.8402 0.3804 -0.3864
vn -0.3690 -0.0946 0.9246
vn -0.3690 -0.0945 0.9246
vn -0.8417 -0.4846 0.2384
vn -0.6858 -0.5071 -0.5220
vn -0.0414 -0.2275 -0.9729
vn -0.0413 -0.2275 -0.9729
vn 0.5319 0.1130 -0.8392
vn 0.5491 0.0917 -0.8307
vn -0.0399 -0.2274 -0.9730
vn -0.0400 -0.2274 -0.9730
vn -0.4042 -0.6541 -0.6393
vn -0.7436 -0.6684 -0.0176
vn -0.6194 -0.2202 0.7536
vn -0.1584 0.2963 0.9419
vn -0.1762 0.2663 0.9476
vn 0.3806 -0.2703 -0.8844
vn -0.3015 -0.6509 -0.6967
vn 0.3881 -0.3255 -0.8622
vn -0.7490 -0.6568 -0.0876
vn 0.3882 -0.3255 -0.8622
vn 0.8611 0.1571 -0.4835
vn 0.1677 -0.3146 -0.9343
vn 0.2177 -0.2549 -0.9422
vn -0.1762 0.2664 0.9476
vn -0.1583 0.2963 0.9419
vn 0.4236 0.6445 0.6365
vn 0.4251 0.6278 0.6521
vn 0.7905 0.6123 -0.0141
vn 0.8098 0.5862 -0.0247
vn 0.6882 0.2158 -0.6927
vn 0.6632 0.1540 -0.7324
vn 0.6822 0.1858 -0.7071
vn 0.2178 -0.2548 -0.9422
vn 0.1775 -0.2862 -0.9416
vn 0.4877 0.5810 0.6516
vn -0.2183 0.3258 0.9199
vn 0.8414 0.5103 0.1778
vn 0.4129 0.5299 0.7408
vn 0.8117 0.0511 0.5819
vn 0.7036 -0.6887 -0.1751
vn 0.8116 0.0510 0.5819
vn -0.6481 0.4646 0.6034
vn -0.2135 0.6133 0.7605
vn -0.4555 0.6172 0.6416
vn -0.7516 0.3921 0.5304
vn 0.8344 0.4146 0.3633
vn 0.8188 0.5255 0.2312
vn 0.9382 0.3247 0.1198
vn 0.9665 0.1992 0.1618
vn 0.6309 0.6323 0.4495
vn 0.8692 0.4939 0.0228
vn 0.9718 0.1632 0.1703
vn 0.8324 0.3446 0.4340
vn 0.9665 0.1991 0.1617
vn 0.7993 -0.4382 -0.4111
vn 0.8332 -0.4354 -0.3409
vn 0.8692 0.4939 0.0227
vn 0.8206 -0.4348 -0.3709
vn 0.0153 -0.8521 -0.5232
vn 0.0561 -0.8401 -0.5396
vn 0.7700 -0.2885 -0.5690
vn -0.0162 -0.7339 -0.6791
vn 0.0670 -0.8125 -0.5792
vn -0.6943 -0.6938 -0.1913
vn -0.6899 -0.6886 -0.2232
vn -0.7128 -0.5951 -0.3711
vn -0.6661 -0.6965 -0.2667
vn -0.9542 -0.1355 0.2668
vn -0.9372 -0.2338 0.2588
vn -0.9698 0.0406 0.2405
vn -0.9302 -0.2470 0.2717
vn -0.9372 -0.2338 0.2589
vn -0.9542 -0.1354 0.2669
vn -0.8430 0.0803 0.5319
vn -0.9698 0.0406 0.2406
vn -0.8379 0.0583 0.5427
vn 0.5814 -0.3265 0.7452
vn 0.6108 -0.3632 0.7035
vn 0.3691 -0.2647 0.8909
vn 0.3654 -0.3036 0.8800
vn 0.9563 0.1695 0.2381
vn 0.8406 0.3656 0.3996
vn 0.8333 0.3092 0.4582
vn 0.9775 0.0021 0.2111
vn 0.5734 -0.7488 0.3323
vn 0.5987 -0.7152 0.3607
vn 0.6108 -0.3633 0.7035
vn 0.5814 -0.3266 0.7452
vn 0.7993 -0.5316 -0.2803
vn 0.8066 -0.5448 -0.2294
vn 0.1173 -0.9685 0.2198
vn 0.1297 -0.9672 0.2183
vn 0.0203 -0.8738 -0.4858
vn 0.1287 -0.9040 -0.4078
vn -0.3045 -0.8640 0.4009
vn -0.3078 -0.8613 0.4042
vn -0.5863 -0.7722 -0.2448
vn -0.5368 -0.8246 -0.1784
vn -0.4067 -0.5459 0.7326
vn -0.4139 -0.5771 0.7040
vn -0.8838 -0.4356 0.1708
vn -0.8802 -0.3588 0.3105
vn -0.2584 -0.4195 0.8702
vn -0.2831 -0.4212 0.8617
vn -0.4067 -0.5458 0.7326
vn -0.8803 -0.3587 0.3106
vn -0.8502 -0.0882 0.5191
vn -0.7587 0.1774 0.6268
vn -0.8838 -0.4355 0.1708
vn 0.4939 0.5911 0.6377
vn 0.1338 0.4324 0.8917
vn -0.0327 0.9225 -0.3846
vn 0.0800 0.9686 -0.2356
vn -0.0197 0.9295 -0.3682
vn 0.8620 0.4862 -0.1433
vn 0.8579 0.4800 -0.1833
vn 0.7962 0.5849 0.1549
vn 0.7727 0.6132 0.1642
vn 0.5627 0.6811 0.4685
vn -0.1936 0.8296 -0.5238
vn -0.2017 0.8240 -0.5295
vn 0.8393 0.4042 -0.3636
vn -0.4163 0.7003 -0.5800
vn -0.4419 0.6874 -0.5764
vn 0.3040 -0.1372 -0.9427
vn 0.5280 0.0212 -0.8490
vn 0.5133 0.0553 -0.8565
vn -0.6074 0.6265 -0.4885
vn -0.6235 0.6242 -0.4708
vn -0.1991 -0.4020 -0.8937
vn 0.2848 -0.1310 -0.9496
vn -0.6858 0.6297 -0.3649
vn -0.6850 0.6288 -0.3680
vn -0.7098 -0.5602 -0.4270
vn -0.3193 -0.4071 -0.8558
vn -0.5734 -0.5227 -0.6309
vn -0.6858 0.6297 -0.3648
vn -0.6943 0.6494 -0.3102
vn -0.6935 0.6527 -0.3050
vn -0.4914 0.3911 0.7782
vn -0.1210 0.5283 0.8404
vn -0.7019 0.1993 0.6838
vn 0.1043 0.6039 0.7902
vn 0.5595 0.4516 0.6950
vn -0.5050 0.4345 0.7457
vn 0.9459 0.1723 0.2751
vn 0.9459 0.1722 0.2751
vn -0.0731 -0.8644 -0.4975
vn -0.2177 -0.9408 -0.2599
vn -0.5622 -0.7846 -0.2616
vn -0.9085 -0.3712 0.1919
vn -0.6807 -0.7307 -0.0529
vn -0.9165 -0.3814 0.1206
vn -0.8813 0.1009 0.4616
vn -0.9085 -0.3711 0.1919
vn -0.9165 -0.3813 0.1206
vn -0.9612 -0.2413 0.1335
vn -0.1040 -0.4511 0.8864
vn -0.1167 -0.4580 0.8813
vn -0.2664 -0.5320 0.8037
vn -0.9565 -0.1284 0.2620
vn -0.8713 0.2371 0.4297
vn -0.5238 0.6271 0.5765
vn -0.5482 0.5793 0.6033
vn -0.8179 -0.5752 -0.0166
vn 0.0746 -0.3876 0.9188
vn 0.1592 -0.3691 0.9157
vn 0.2768 -0.3507 0.8946
vn 0.3004 -0.3626 0.8822
vn -0.0220 0.7903 0.6123
vn 0.0531 0.8134 0.5792
vn -0.1839 0.8678 -0.4616
vn -0.1828 0.8674 -0.4629
vn -0.5293 0.8208 -0.2150
vn -0.5374 0.8318 -0.1387
vn -0.6969 -0.7165 -0.0308
vn -0.9206 -0.3850 0.0660
vn -0.9451 -0.3049 0.1178
vn -0.9565 -0.1284 0.2621
vn -0.9124 0.0769 0.4020
vn -0.7995 0.2223 0.5580
vn -0.6646 0.7229 -0.1889
vn -0.8220 -0.5499 -0.1480
vn -0.9206 -0.3849 0.0660
vn 0.3864 -0.5544 0.7371
vn 0.1284 -0.6437 0.7545
vn 0.3770 -0.5586 0.7388
vn -0.4150 0.4951 0.7633
vn -0.5420 0.4709 0.6961
vn -0.2867 0.7935 0.5369
vn -0.5966 0.6044 0.5279
vn -0.2907 0.7918 0.5372
vn -0.6793 0.6763 -0.2850
vn -0.6182 0.7374 -0.2721
vn -0.6269 0.7293 -0.2740
vn -0.6811 0.6742 -0.2854
vn -0.5631 0.7921 -0.2358
vn -0.5606 0.7948 -0.2326
vn 0.7765 -0.5389 0.3266
vn 0.7761 -0.5449 0.3175
vn 0.7258 -0.4789 0.4938
vn 0.7383 -0.4813 0.4725
vn 0.5678 -0.5059 0.6494
vn 0.5878 -0.5010 0.6352
vn 0.5009 0.7181 0.4832
vn 0.1150 0.6733 0.7304
vn 0.0458 0.6950 0.7175
vn -0.4691 0.8691 -0.1567
vn -0.5032 0.8454 -0.1790
vn 0.3476 -0.3860 0.8545
vn 0.7609 -0.5855 0.2798
vn 0.7626 -0.5919 0.2609
vn 0.5923 -0.8022 -0.0751
vn 0.6074 -0.7913 -0.0697
vn 0.6513 -0.7571 -0.0516
vn 0.6929 -0.7166 -0.0792
vn 0.4487 -0.8894 -0.0874
vn 0.4274 -0.9005 -0.0807
vn 0.3013 -0.9529 -0.0357
vn 0.3089 -0.9503 -0.0391
vn -0.7058 -0.7078 -0.0311
vn -0.7077 -0.6593 -0.2539
vn -0.7417 -0.6136 -0.2710
vn -0.7504 -0.5803 -0.3164
vn 0.1841 -0.9828 0.0152
vn -0.7677 -0.6285 -0.1246
vn -0.0138 0.5785 0.8156
vn 0.2300 -0.1366 0.9636
vn -0.4725 0.3533 0.8074
vn 0.0848 -0.8612 0.5011
vn 0.4334 0.5443 0.7182
vn 0.4312 0.6262 0.6496
vn -0.0424 0.6357 0.7707
vn -0.5181 0.4277 0.7407
vn 0.5247 -0.0584 0.8493
vn 0.4155 -0.8156 0.4027
vn 0.9017 0.3196 0.2912
vn 0.8965 0.2117 0.3893
vn -0.4903 -0.8520 0.1838
vn -0.2465 -0.7982 0.5496
vn -0.7600 -0.4223 0.4941
vn -0.0164 -0.9991 0.0388
vn 0.0847 -0.8612 0.5011
vn -0.8715 -0.2952 0.3916
vn -0.6240 -0.7811 -0.0218
vn -0.0852 -0.9505 -0.2987
vn 0.9017 0.3196 0.2911
vn 0.8965 0.2117 0.3892
vn 0.8865 -0.4626 0.0132
vn 0.9259 -0.3318 -0.1807
vn 0.4674 -0.8829 -0.0442
vn 0.4976 -0.7873 -0.3640
vn 0.7630 -0.5565 0.3288
vn 0.7630 -0.5565 0.3289
vn -0.9023 -0.0429 0.4289
vn -0.8910 -0.4251 -0.1594
vn -0.8477 -0.5304 -0.0081
vn -0.9129 -0.1852 0.3638
vn -0.5863 -0.6618 -0.4672
vn -0.5190 -0.7870 -0.3336
vn -0.9023 -0.0429 0.4290
vn -0.9129 -0.1851 0.3639
vn -0.5297 0.3911 0.7526
vn -0.5184 0.3087 0.7975
vn -0.9511 0.0369 0.3068
vn -0.9511 0.0370 0.3068
vn -0.5882 0.3427 0.7325
vn -0.1270 -0.7707 -0.6244
vn -0.0981 -0.8758 -0.4727
vn 0.4591 -0.5836 -0.6698
vn 0.5030 -0.7002 -0.5067
vn 0.8927 0.3375 0.2987
vn 0.8870 0.4269 0.1759
vn 0.5352 0.5622 0.6304
vn 0.5054 0.4911 0.7094
vn -0.0247 0.5224 0.8523
vn 0.0063 0.4519 0.8921
vn 0.4504 0.5948 0.6658
vn 0.9196 0.3133 0.2371
vn -0.0329 0.5782 0.8152
vn 0.9464 -0.1350 -0.2933
vn 0.9330 -0.2461 -0.2626
vn 0.7918 -0.5094 0.3370
vn 0.7183 -0.4517 0.5293
vn 0.6702 -0.4529 0.5880
vn 0.7911 -0.5077 0.3413
vn 0.4930 -0.5378 0.6839
vn 0.4376 -0.5808 0.6864
vn 0.7327 -0.6703 0.1178
vn 0.7649 -0.6266 0.1495
vn 0.5797 -0.8142 0.0320
vn 0.6266 -0.7779 0.0480
vn 0.2345 -0.9203 0.3132
vn 0.3226 -0.9245 0.2031
vn 0.3138 -0.9189 0.2390
vn 0.2315 -0.9191 0.3188
vn 0.2206 -0.7790 0.5869
vn 0.2513 -0.7494 0.6126
vn 0.4376 -0.5809 0.6864
vn 0.8593 -0.5036 -0.0893
vn 0.8557 -0.4794 0.1948
vn 0.8459 -0.4832 0.2257
vn 0.8549 -0.5083 -0.1037
vn 0.6044 -0.5468 0.5795
vn 0.6976 -0.5302 0.4820
vn 0.6892 -0.6578 -0.3039
vn 0.6883 -0.6585 -0.3042
vn 0.4842 -0.8206 -0.3036
vn 0.5047 -0.8058 -0.3099
vn 0.2534 -0.9652 -0.0637
vn 0.2857 -0.9516 -0.1135
vn 0.5046 -0.8058 -0.3099
vn 0.4841 -0.8206 -0.3036
vn 0.1912 -0.9508 0.2436
vn 0.1908 -0.9566 0.2205
vn 0.3346 -0.7377 0.5864
vn 0.2907 -0.7921 0.5367
vn 0.2907 -0.7921 0.5368
vn 0.3346 -0.7376 0.5865
vn 0.6424 0.5874 0.4921
vn 0.8566 0.4752 -0.2010
vn 0.0749 0.3934 0.9163
vn 0.5949 0.1224 -0.7944
vn 0.0286 -0.2804 -0.9594
vn 0.0285 -0.2805 -0.9594
vn -0.5268 -0.5389 -0.6574
vn -0.5590 -0.1010 0.8230
vn 0.0748 0.3934 0.9163
vn -0.8360 -0.5397 0.0990
vn -0.3346 0.9396 -0.0714
vn 0.8826 0.4056 -0.2377
vn 0.8295 0.5251 0.1905
vn 0.4539 0.5901 0.6676
vn 0.1046 0.4491 0.8874
vn -0.3820 0.0890 0.9199
vn -0.7359 -0.2537 0.6278
vn -0.8499 -0.4256 0.3107
vn -0.7867 -0.6028 -0.1333
vn -0.6898 -0.6326 -0.3522
vn -0.3482 -0.5227 -0.7782
vn 0.2484 -0.2115 -0.9453
vn 0.6862 0.2399 -0.6867
vn -0.6897 -0.6326 -0.3523
vn 0.6021 0.1187 -0.7896
vn 0.3113 -0.1599 -0.9368
vn 0.3118 -0.1595 -0.9367
vn 0.6011 0.1174 -0.7905
vn 0.7798 0.3694 -0.5054
vn 0.7784 0.3667 -0.5095
vn 0.8181 0.4712 -0.3296
vn 0.8181 0.4711 -0.3297
vn -0.6148 -0.6489 -0.4483
vn -0.7354 -0.6413 -0.2188
vn -0.7353 -0.6413 -0.2192
vn -0.6133 -0.6488 -0.4505
vn -0.3642 -0.5786 -0.7298
vn -0.3611 -0.5773 -0.7323
vn -0.0217 -0.4002 -0.9162
vn -0.0200 -0.3991 -0.9167
vn -0.7902 -0.6101 -0.0581
vn -0.5947 -0.1131 0.7960
vn -0.5940 -0.1124 0.7966
vn -0.3132 0.1557 0.9368
vn -0.3128 0.1561 0.9369
vn -0.7761 -0.3662 0.5134
vn -0.7749 -0.3639 0.5168
vn -0.8157 -0.4679 0.3402
vn 0.6149 0.6480 0.4495
vn 0.7006 0.6492 0.2961
vn 0.6163 0.6481 0.4474
vn 0.3539 0.5722 0.7398
vn 0.3515 0.5712 0.7417
vn 0.0106 0.3908 0.9204
vn 0.0096 0.3902 0.9207
vn 0.5589 -0.7644 0.3215
vn 0.5640 -0.7556 0.3331
vn 0.5641 -0.7555 0.3331
vn 0.5586 -0.7648 0.3210
vn -0.5621 0.7546 -0.3387
vn -0.5553 0.7650 -0.3261
vn -0.5551 0.7654 -0.3257
vn -0.5621 0.7545 -0.3388
vn 0.5559 -0.7725 0.3069
vn 0.5558 -0.7726 0.3069
vn -0.5514 0.7746 -0.3098
vn -0.5513 0.7746 -0.3099
vn 0.5629 -0.7665 0.3093
vn 0.5628 -0.7666 0.3092
vn -0.5582 0.7695 -0.3104
vn -0.5581 0.7696 -0.3103
vn -0.5794 0.7514 -0.3158
vn -0.5809 0.7511 -0.3138
vn -0.5811 0.7509 -0.3137
vn -0.5804 0.7499 -0.3175
vn 0.5813 -0.7508 0.3137
vn 0.5787 -0.7538 0.3113
vn 0.5788 -0.7538 0.3111
vn 0.5813 -0.7507 0.3139
vn -0.5833 0.7474 -0.3179
vn -0.5834 0.7473 -0.3182
vn 0.5720 -0.7533 0.3247
vn 0.5718 -0.7534 0.3248
vn -0.5721 0.7508 -0.3301
vn -0.5718 0.7510 -0.3302
vn 0.0846 -0.3423 -0.9358
vn 0.5792 -0.7530 0.3121
vn 0.5793 -0.7530 0.3121
vn 0.5779 -0.7539 0.3125
vn 0.5773 -0.7543 0.3127
vn -0.5826 0.7464 -0.3216
vn -0.5825 0.7465 -0.3215
vn -0.9531 0.1984 -0.2286
vn 0.9406 -0.2480 0.2320
vn 0.9406 -0.2480 0.2321
vn 0.4601 0.8733 -0.1601
vn 0.9623 0.2529 0.0998
vn 0.9624 0.2528 0.0998
vn -0.3767 0.8757 -0.3019
vn -0.3767 0.8757 -0.3020
vn -0.3768 0.8757 -0.3019
vn 0.1355 -0.2807 -0.9502
vn 0.1354 -0.2855 -0.9488
vn 0.1382 -0.2980 -0.9445
vn 0.1307 -0.2521 -0.9588
vn 0.1207 -0.2704 -0.9552
vn 0.1300 -0.2460 -0.9605
vn -0.1445 0.2291 0.9626
vn -0.1570 0.2469 0.9562
vn -0.1572 0.2473 0.9561
vn -0.1580 0.2484 0.9557
vn 0.5877 0.6413 0.4933
vn 0.5885 0.6414 0.4922
vn 0.3201 0.5554 0.7675
vn 0.3861 0.5823 0.7154
vn 0.7609 0.6300 0.1551
vn 0.7613 0.6299 0.1540
vn 0.8073 0.5896 -0.0256
vn -0.6055 -0.1288 0.7853
vn -0.7398 -0.3038 0.6003
vn -0.4617 0.0211 0.8868
vn -0.4616 0.0211 0.8868
vn 0.1653 0.4792 0.8620
vn -0.7942 -0.3978 0.4594
vn -0.5852 -0.6428 -0.4944
vn -0.3168 -0.5563 -0.7682
vn -0.3173 -0.5565 -0.7679
vn -0.5858 -0.6429 -0.4935
vn -0.7592 -0.6319 -0.1557
vn -0.7595 -0.6318 -0.1549
vn -0.8060 -0.5914 0.0259
vn 0.6129 0.1356 -0.7784
vn 0.6132 0.1359 -0.7781
vn 0.7051 0.2538 -0.6622
vn 0.3428 -0.1308 -0.9302
vn 0.3440 -0.1299 -0.9300
vn 0.0263 -0.3672 -0.9298
vn 0.0274 -0.3664 -0.9300
vn 0.5699 -0.7604 0.3115
vn 0.5699 -0.7604 0.3114
vn 0.5695 -0.7598 0.3136
vn 0.5697 -0.7596 0.3138
vn -0.5678 0.7629 -0.3093
vn -0.5678 0.7628 -0.3095
vn -0.5668 0.7638 -0.3090
vn -0.5666 0.7640 -0.3087
vn 0.5682 -0.7614 0.3122
vn 0.5680 -0.7616 0.3121
vn -0.5638 0.7649 -0.3114
vn -0.5786 0.7553 -0.3079
vn -0.5798 0.7549 -0.3065
vn -0.5745 0.7577 -0.3095
vn -0.5746 0.7576 -0.3095
vn 0.5632 -0.7638 0.3152
vn 0.5630 -0.7640 0.3152
vn 0.5724 -0.7578 0.3133
vn 0.5725 -0.7577 0.3132
vn -0.5650 0.7647 -0.3099
vn -0.5652 0.7645 -0.3098
vn 0.5637 -0.7636 0.3149
vn 0.5639 -0.7635 0.3148
vn -0.5640 0.7656 -0.3096
vn -0.5638 0.7657 -0.3096
vn 0.0705 0.4139 0.9076
vn 0.5792 -0.7521 0.3143
vn 0.5765 -0.7551 0.3122
vn 0.5773 -0.7542 0.3128
vn 0.5793 -0.7521 0.3143
vn -0.5827 0.7541 -0.3031
vn -0.5827 0.7541 -0.3030
vn -0.9549 0.2966 0.0108
vn 0.9422 -0.3344 0.0214
vn 0.9422 -0.3344 0.0213
vn 0.4627 0.7366 -0.4933
vn 0.9649 0.1151 -0.2360
vn 0.9649 0.1151 -0.2359
vn -0.3758 0.8335 -0.4050
vn -0.3759 0.8335 -0.4050
vn 0.1214 0.4638 0.8776
vn 0.1215 0.4682 0.8753
vn 0.1241 0.4520 0.8834
vn 0.1164 0.4920 0.8628
vn 0.1061 0.4778 0.8720
vn -0.1305 -0.5137 -0.8480
vn -0.1433 -0.4963 -0.8563
vn -0.1430 -0.4967 -0.8561
vn -0.1441 -0.4952 -0.8568
vn -0.1441 -0.4952 -0.8567
vn -0.5982 -0.1172 0.7927
vn -0.5985 -0.1175 0.7925
vn -0.7228 -0.2752 0.6339
vn -0.7221 -0.2755 0.6346
vn -0.4715 0.0045 0.8819
vn -0.4805 0.0162 0.8768
vn -0.7904 -0.3962 0.4672
vn -0.7904 -0.3962 0.4671
vn 0.5974 0.1161 -0.7935
vn 0.7319 0.2903 -0.6165
vn 0.7319 0.2909 -0.6162
vn 0.5976 0.1164 -0.7933
vn 0.3667 -0.1103 -0.9238
vn 0.3670 -0.1102 -0.9237
vn 0.8000 0.4190 -0.4294
vn -0.5669 0.7614 -0.3144
vn -0.5647 0.7649 -0.3099
vn -0.5646 0.7650 -0.3098
vn 0.5680 -0.7598 0.3165
vn 0.5669 -0.7614 0.3146
vn 0.5669 -0.7614 0.3144
vn 0.5681 -0.7596 0.3167
vn -0.5695 0.7585 -0.3166
vn -0.5695 0.7584 -0.3169
vn 0.5633 -0.7633 0.3163
vn 0.5628 -0.7637 0.3163
vn 0.5742 -0.7510 0.3260
vn 0.0555 0.4190 0.9063
vn 0.0556 0.4191 0.9063
vn 0.0555 0.4191 0.9063
vn -0.5632 0.7685 -0.3038
vn -0.5631 0.7685 -0.3039
vn 0.2357 -0.2180 -0.9470
vn 0.2355 -0.2186 -0.9470
vn -0.5703 0.7577 -0.3172
vn -0.5703 0.7579 -0.3169
vn 0.5562 -0.7687 0.3159
vn 0.5562 -0.7687 0.3160
vn -0.8244 -0.5296 0.1999
vn -0.8232 -0.5291 0.2057
vn -0.8231 -0.5296 0.2049
vn 0.4117 0.5948 0.6904
vn 0.2696 0.5344 0.8011
vn 0.3588 0.5617 0.7455
vn -0.4284 -0.6008 -0.6749
vn -0.2997 -0.5486 -0.7805
vn -0.2993 -0.5484 -0.7808
vn -0.5754 0.7641 -0.2917
vn -0.5515 0.7836 -0.2861
vn -0.5515 0.7836 -0.2860
vn -0.6711 -0.2050 0.7125
vn -0.6711 -0.2049 0.7125
vn 0.5531 -0.7820 0.2873
vn 0.5621 -0.7695 0.3033
vn 0.5620 -0.7695 0.3032
vn 0.5531 -0.7821 0.2872
vn 0.0990 0.4442 0.8904
vn -0.1490 -0.4725 -0.8686
vn -0.1490 -0.4726 -0.8686
vn -0.5290 0.8009 -0.2805
vn 0.5447 -0.7932 0.2725
vn 0.8225 0.5394 -0.1804
vn -0.5524 0.7614 -0.3394
vn -0.5524 0.7613 -0.3395
vn -0.5523 0.7615 -0.3392
vn 0.0752 -0.3343 -0.9395
vn 0.5526 -0.7613 0.3391
vn -0.6105 -0.6465 -0.4576
vn -0.7186 -0.6450 -0.2599
vn -0.7187 -0.6450 -0.2598
vn -0.6093 -0.6463 -0.4593
vn -0.4129 -0.5952 -0.6894
vn -0.4093 -0.5939 -0.6927
vn -0.7863 -0.6144 -0.0647
vn 0.6045 0.6457 0.4665
vn 0.6036 0.6456 0.4678
vn 0.7280 0.6429 0.2380
vn 0.7281 0.6429 0.2379
vn 0.3937 0.5880 0.7066
vn 0.3906 0.5869 0.7092
vn 0.7965 0.6042 0.0219
vn -0.5746 0.7569 -0.3114
vn -0.5748 0.7568 -0.3113
vn -0.5664 0.7593 -0.3202
vn -0.5665 0.7594 -0.3201
vn 0.5698 -0.7603 0.3119
vn 0.5699 -0.7603 0.3118
vn 0.5748 -0.7568 0.3113
vn 0.5746 -0.7569 0.3114
vn -0.5890 0.7473 -0.3075
vn -0.5899 0.7466 -0.3076
vn 0.5834 -0.7500 0.3117
vn 0.5833 -0.7503 0.3111
vn 0.5744 -0.7605 0.3029
vn 0.0697 -0.3378 -0.9386
vn 0.0698 -0.3378 -0.9386
vn -0.5630 0.7573 -0.3310
vn -0.2803 -0.5397 -0.7938
vn -0.2801 -0.5393 -0.7942
vn 0.2611 0.5303 0.8066
vn 0.2611 0.5304 0.8065
vn -0.5977 0.7398 -0.3089
vn 0.5843 -0.7469 0.3173
vn -0.8233 -0.5237 0.2189
vn -0.5891 0.7444 -0.3144
vn -0.5890 0.7444 -0.3147
vn -0.5892 0.7444 -0.3141
vn -0.5891 0.7444 -0.3143
vn 0.1148 0.4262 0.8973
vn 0.5896 -0.7432 0.3162
vn 0.5896 -0.7432 0.3163
vn 0.3964 -0.0842 -0.9142
vn 0.3894 -0.0808 -0.9175
vn -0.4241 0.0591 0.9037
vn -0.3093 0.1590 0.9376
vn -0.3086 0.1596 0.9377
vn -0.5941 0.7484 -0.2948
vn -0.5942 0.7484 -0.2948
vn -0.5770 0.7612 -0.2961
vn -0.5777 0.7607 -0.2961
vn -0.6869 -0.6491 -0.3268
vn -0.6869 -0.6491 -0.3267
vn 0.5783 -0.7608 0.2945
vn 0.5782 -0.7608 0.2946
vn 0.5806 -0.7604 0.2911
vn 0.1756 -0.2639 -0.9484
vn 0.1686 -0.2692 -0.9482
vn 0.1686 -0.2691 -0.9482
vn 0.1761 -0.2635 -0.9484
vn -0.1752 0.2637 0.9485
vn -0.1752 0.2638 0.9485
vn -0.5608 0.7728 -0.2971
vn 0.5760 -0.7612 0.2979
vn 0.8231 0.5290 -0.2066
vn 0.8231 0.5290 -0.2067
vn -0.1073 0.2997 0.9480
vn -0.1072 0.2997 0.9480
vn -0.1071 0.2998 0.9480
vn -0.0931 -0.4529 -0.8867
vn -0.0932 -0.4529 -0.8867
vn 0.7571 0.6065 -0.2430
vn -0.8306 0.5130 -0.2168
vn -0.8306 0.5129 -0.2168
vn -0.7980 -0.5596 0.2235
vn -0.7981 -0.5596 0.2234
vn 0.9132 -0.3744 0.1606
vn 0.9132 -0.3745 0.1606
vn -0.9523 -0.1288 0.2766
vn -0.9000 -0.0706 0.4301
vn -0.8826 -0.0961 0.4603
vn -0.9556 -0.1247 0.2671
vn 0.8066 0.2804 -0.5204
vn 0.8002 0.2593 -0.5407
vn 0.8418 0.2734 -0.4654
vn 0.8099 0.2938 -0.5077
vn -0.1446 -0.2452 -0.9586
vn -0.1445 -0.2452 -0.9586
vn -0.1843 -0.2556 -0.9490
vn -0.1886 -0.2567 -0.9479
vn -0.1688 0.7197 -0.6735
vn -0.1619 0.6903 -0.7052
vn -0.1612 0.6867 -0.7089
vn -0.0109 0.6566 0.7542
vn -0.0108 0.6566 0.7542
vn -0.0112 0.6564 0.7544
vn -0.0105 0.6568 0.7540
vn -0.2016 -0.2601 -0.9443
vn -0.2016 -0.2600 -0.9443
vn 0.1199 -0.8499 -0.5131
vn 0.1199 -0.8500 -0.5130
vn -0.1346 0.9300 -0.3420
vn -0.1347 0.9300 -0.3420
vn 0.5847 -0.7574 0.2906
vn 0.5780 -0.7624 0.2909
vn 0.5771 -0.7631 0.2910
vn 0.8475 0.3323 -0.4140
vn 0.8865 0.3421 -0.3117
vn 0.8792 0.3600 -0.3121
vn 0.8454 0.3486 -0.4048
vn 0.5689 -0.7691 0.2913
vn 0.8027 0.3335 -0.4945
vn 0.8089 0.3324 -0.4849
vn 0.8286 0.3179 -0.4607
vn 0.8146 0.3108 -0.4898
vn -0.1577 0.6715 -0.7240
vn -0.9684 -0.0840 0.2349
vn -0.9654 -0.1060 0.2384
vn -0.7957 -0.0452 0.6039
vn -0.6765 -0.1903 0.7114
vn -0.9672 -0.0971 0.2346
vn -0.9028 -0.0946 0.4196
vn -0.8501 -0.0915 0.5186
vn -0.8656 -0.1173 0.4868
vn -0.8378 0.0299 0.5452
vn -0.8664 -0.0531 0.4965
vn 0.8905 0.3643 -0.2727
vn -0.9458 -0.2961 -0.1334
vn -0.9493 -0.2866 -0.1295
vn -0.8966 -0.3615 -0.2557
vn -0.8887 -0.3613 -0.2823
vn 0.7952 0.5733 0.1976
vn 0.7990 0.5740 0.1792
vn 0.8318 0.5302 0.1641
vn 0.7880 0.5724 0.2266
vn -0.1733 0.4936 0.8522
vn -0.2172 0.4774 0.8514
vn -0.2129 0.4791 0.8516
vn -0.1791 0.9835 -0.0270
vn -0.1728 0.9847 0.0216
vn -0.1735 0.9847 0.0164
vn 0.0172 -0.0582 -0.9982
vn 0.0173 -0.0581 -0.9982
vn 0.0170 -0.0584 -0.9982
vn 0.0171 -0.0583 -0.9982
vn -0.2301 0.4724 0.8508
vn -0.2302 0.4724 0.8508
vn 0.0964 -0.2471 0.9642
vn 0.0964 -0.2473 0.9641
vn 0.0964 -0.2477 0.9640
vn -0.1337 0.9022 -0.4100
vn -0.1336 0.9023 -0.4099
vn -0.1335 0.9023 -0.4098
vn 0.5839 -0.7380 0.3382
vn 0.5840 -0.7380 0.3381
vn 0.5763 -0.7424 0.3417
vn 0.5772 -0.7419 0.3412
vn 0.8395 0.5364 0.0863
vn 0.8379 0.5416 0.0683
vn 0.8743 0.4854 -0.0049
vn 0.8814 0.4723 0.0075
vn 0.5681 -0.7470 0.3454
vn 0.5681 -0.7470 0.3453
vn 0.7991 0.5857 0.1359
vn 0.7926 0.5931 0.1418
vn 0.8193 0.5586 0.1293
vn 0.8043 0.5737 0.1547
vn -0.1698 0.9845 0.0431
vn -0.1699 0.9845 0.0431
vn -0.9596 -0.2532 -0.1224
vn -0.9482 -0.2799 -0.1503
vn -0.7540 -0.5690 -0.3282
vn -0.7795 -0.4635 -0.4214
vn -0.8920 -0.3711 -0.2581
vn -0.9615 -0.2443 -0.1260
vn -0.8367 -0.4375 -0.3295
vn -0.8533 -0.4339 -0.2892
vn -0.8222 -0.3692 -0.4331
vn -0.8531 -0.3948 -0.3411
vn 0.8867 0.4609 -0.0358
vn 0.6857 0.6923 0.2247
vn 0.7431 0.6522 0.1499
vn 0.8156 0.5783 0.0184
vn 0.8876 0.4345 -0.1532
vn 0.8963 0.4213 -0.1384
vn 0.8963 0.4214 -0.1385
vn 0.8889 0.4290 -0.1609
vn -0.8850 -0.4411 0.1490
vn -0.8823 -0.4482 0.1434
vn -0.7977 -0.5878 -0.1345
vn -0.7974 -0.5941 -0.1055
vn -0.7762 -0.6111 -0.1554
vn -0.8859 -0.4336 0.1649
vn -0.8846 -0.4354 0.1672
vn -0.8604 -0.4650 0.2084
vn 0.0304 0.8164 0.5767
vn 0.0305 0.8164 0.5767
vn -0.5267 0.7489 0.4022
vn -0.5266 0.7489 0.4022
vn 0.1100 0.7695 -0.6291
vn 0.1101 0.7695 -0.6291
vn 0.1100 0.7695 -0.6292
vn 0.2245 -0.3222 0.9197
vn 0.2246 -0.3223 0.9196
vn 0.0553 0.9434 -0.3269
vn 0.0554 0.9434 -0.3269
vn 0.4659 -0.8108 0.3544
vn 0.4664 -0.8173 0.3385
vn 0.4663 -0.8173 0.3386
vn 0.4663 -0.8165 0.3405
vn 0.3377 -0.1417 0.9305
vn 0.3377 -0.1418 0.9305
vn 0.8796 0.4452 -0.1677
vn 0.8757 0.4514 -0.1716
vn 0.8758 0.4517 -0.1704
vn 0.6992 0.3452 -0.6260
vn 0.8222 0.4095 -0.3954
vn 0.7541 0.3695 -0.5430
vn 0.8878 0.4275 -0.1703
vn 0.8967 0.4080 -0.1713
vn 0.8968 0.4078 -0.1714
vn -0.8833 -0.4269 0.1938
vn -0.8855 -0.4293 0.1780
vn -0.8076 -0.3348 0.4855
vn -0.7869 -0.3366 0.5172
vn -0.7868 -0.3367 0.5172
vn -0.8066 -0.3597 0.4692
vn -0.8940 -0.4144 0.1703
vn -0.8858 -0.4351 0.1614
vn 0.0552 0.1803 -0.9821
vn -0.5072 0.2480 -0.8254
vn -0.5071 0.2480 -0.8254
vn 0.1014 0.9911 -0.0859
vn 0.2460 -0.8710 -0.4253
vn 0.2459 -0.8710 -0.4252
vn 0.0569 0.9035 -0.4249
vn 0.0569 0.9034 -0.4249
vn 0.4663 -0.8221 0.3267
vn 0.4663 -0.8156 0.3425
vn 0.4663 -0.8165 0.3406
vn 0.4662 -0.8157 0.3425
vn 0.3613 -0.7484 -0.5562
vn 0.8757 0.4523 -0.1693
vn 0.8758 0.4516 -0.1704
vn 0.8797 0.4424 -0.1744
vn 0.8797 0.4425 -0.1743
vn 0.9973 -0.0536 0.0504
vn 0.9967 -0.0609 0.0535
vn 0.9922 0.1212 -0.0281
vn 0.9928 0.1172 -0.0262
vn -0.1169 0.9245 -0.3628
vn -0.1223 0.9238 -0.3628
vn -0.1225 0.9238 -0.3628
vn 0.9173 -0.3604 0.1695
vn 0.9152 -0.3649 0.1709
vn 0.8310 -0.5130 0.2152
vn -0.0149 0.3852 0.9227
vn -0.0105 0.3878 0.9217
vn -0.0208 0.3801 0.9247
vn -0.0496 0.3609 0.9313
vn -0.0172 0.3814 0.9242
vn 0.0266 -0.3678 -0.9295
vn 0.0214 -0.3575 -0.9337
vn 0.0143 -0.3726 -0.9279
vn 0.0211 -0.3715 -0.9282
vn 0.0135 -0.3782 -0.9256
vn 0.0137 -0.3775 -0.9259
vn 0.9823 0.1788 -0.0553
vn 0.0274 -0.3739 -0.9271
vn 0.0148 0.9315 -0.3634
vn 0.0020 0.9340 -0.3573
vn 0.0046 0.4007 0.9162
vn -0.0815 0.3920 0.9164
vn 0.4503 -0.8417 0.2978
vn 0.4888 -0.8255 0.2822
vn 0.4608 -0.8368 0.2957
vn 0.0368 -0.3796 -0.9244
vn -0.0148 0.3787 0.9254
vn 0.8795 0.4479 -0.1610
vn 0.8795 0.4479 -0.1609
vn 0.8795 0.4479 -0.1608
vn 0.9976 -0.0625 0.0287
vn 0.9929 0.1132 -0.0362
vn 0.9924 0.1173 -0.0377
vn 0.9971 -0.0699 0.0315
vn -0.1164 0.9131 -0.3907
vn -0.1221 0.9125 -0.3903
vn -0.1219 0.9126 -0.3904
vn 0.9175 -0.3659 0.1559
vn 0.8308 -0.5079 0.2278
vn 0.8308 -0.5079 0.2277
vn 0.9154 -0.3702 0.1581
vn 0.0189 -0.3677 -0.9297
vn 0.0146 -0.3703 -0.9288
vn 0.0086 -0.3754 -0.9268
vn -0.0202 -0.3940 -0.9189
vn 0.0122 -0.3740 -0.9273
vn -0.0080 0.3978 0.9174
vn -0.0028 0.3875 0.9219
vn -0.0151 0.3829 0.9237
vn -0.0158 0.3773 0.9259
vn -0.0079 0.3842 0.9232
vn -0.0157 0.3780 0.9257
vn 0.9824 0.1774 -0.0588
vn -0.0049 0.3802 0.9249
vn 0.0026 0.9174 -0.3981
vn 0.0152 0.9198 -0.3922
vn -0.0521 -0.3617 -0.9308
vn 0.0340 -0.3545 -0.9345
vn -0.0795 0.3431 0.9359
vn -0.0653 0.3507 0.9342
vn 0.0147 -0.3768 -0.9262
vn 0.2375 -0.8041 0.5450
vn -0.1447 -0.8325 0.5348
vn 0.8390 -0.3856 0.3838
vn 0.8390 -0.3857 0.3838
vn 0.9474 0.3024 0.1049
vn 0.9474 0.3024 0.1048
vn 0.7855 0.6174 -0.0419
vn 0.7856 0.6174 -0.0419
vn 0.1393 0.9706 -0.1964
vn -0.0147 0.3777 0.9258
vn -0.0147 0.3778 0.9258
vn -0.0148 0.3778 0.9258
vn -0.0148 0.3777 0.9258
vn -0.9474 -0.3024 -0.1049
vn -0.8390 0.3856 -0.3838
vn -0.8390 0.3856 -0.3839
vn -0.4991 -0.8570 0.1285
vn 0.2433 -0.9532 0.1796
vn 0.8448 -0.5347 0.0184
vn 0.9532 0.1532 -0.2606
vn 0.5049 0.7078 -0.4940
vn 0.9532 0.1533 -0.2606
vn 0.5049 0.7079 -0.4940
vn -0.2375 0.8041 -0.5450
vn 0.0147 -0.3778 -0.9258
vn 0.0147 -0.3777 -0.9258
vn 0.3323 -0.5620 -0.7575
vn 0.3999 -0.3982 -0.8256
vn 0.3920 -0.4508 -0.8019
vn 0.3323 -0.5620 -0.7574
vn 0.7945 -0.5101 0.3296
vn 0.7637 -0.5709 0.3014
vn 0.7424 -0.5945 0.3089
vn 0.4422 -0.2123 -0.8714
vn 0.4347 -0.2010 -0.8779
vn 0.4504 -0.2227 -0.8646
vn 0.9333 0.3415 -0.1108
vn 0.9252 0.3682 -0.0919
vn 0.9187 0.3392 -0.2024
vn 0.4114 -0.1664 -0.8961
vn 0.7120 -0.6506 0.2641
vn 0.6761 -0.6651 0.3172
vn 0.9106 0.3272 -0.2526
vn 0.9094 0.3283 -0.2552
vn 0.8799 0.3685 -0.2999
vn 0.8803 0.3679 -0.2996
vn -0.6954 0.6610 -0.2818
vn -0.7234 0.6322 -0.2777
vn -0.7102 0.6460 -0.2797
vn 0.9177 0.3222 -0.2323
vn 0.9179 0.3515 -0.1843
vn -0.7445 0.4974 -0.4453
vn -0.7303 0.6246 -0.2766
vn -0.1501 0.7422 0.6531
vn -0.0225 0.6294 0.7768
vn -0.0215 0.6280 0.7779
vn -0.1518 0.7434 0.6514
vn -0.3924 0.8786 0.2721
vn -0.3932 0.8788 0.2702
vn -0.4777 0.8783 -0.0218
vn -0.4878 0.8718 -0.0450
vn -0.9009 -0.0382 -0.4323
vn -0.9009 -0.0382 -0.4324
vn -0.6932 -0.7049 0.1502
vn -0.6932 -0.7050 0.1502
vn -0.7910 0.0379 0.6107
vn -0.5792 0.3547 0.7340
vn -0.5582 0.2983 0.7742
vn -0.9894 0.0309 0.1418
vn -0.8941 -0.0725 0.4420
vn -0.8810 -0.0901 0.4644
vn -0.8838 -0.0915 0.4588
vn -0.8278 -0.0274 0.5604
vn -0.6481 0.1096 0.7537
vn -0.8954 -0.4006 -0.1947
vn -0.8954 -0.4006 -0.1946
vn 0.5342 -0.2452 -0.8090
vn 0.4678 -0.2459 -0.8489
vn -0.8046 -0.1887 0.5630
vn -0.6640 0.1755 0.7268
vn -0.4953 0.8598 -0.1242
vn -0.4758 0.8685 -0.1390
vn -0.4953 0.8598 -0.1241
vn -0.8330 -0.4693 0.2929
vn -0.8693 -0.4075 0.2796
vn -0.8490 -0.4758 0.2299
vn -0.8606 -0.4652 0.2072
vn -0.8488 -0.4677 0.2464
vn 0.0043 0.5900 0.8074
vn 0.0044 0.5901 0.8073
vn 0.8599 0.3994 -0.3178
vn 0.6659 -0.6714 0.3253
vn 0.6661 -0.6713 0.3250
vn 0.6652 -0.6688 0.3320
vn -0.5203 0.6445 -0.5603
vn -0.6095 0.5444 -0.5763
vn -0.5578 0.6419 -0.5261
vn -0.0032 0.3708 0.9287
vn 0.0242 0.3997 0.9163
vn -0.0019 0.3745 0.9272
vn -0.0089 0.3666 0.9303
vn -0.0132 0.3667 0.9303
vn 0.9238 0.3055 -0.2309
vn 0.3053 0.1319 0.9431
vn 0.3650 0.2431 0.8987
vn 0.3728 0.2973 0.8790
vn 0.7974 -0.5863 0.1430
vn 0.7974 -0.5862 0.1430
vn 0.7439 -0.6327 0.2154
vn 0.7652 -0.6103 0.2049
vn 0.4159 0.4627 0.7829
vn 0.4242 0.4506 0.7855
vn 0.4083 0.4752 0.7794
vn 0.9264 0.3377 -0.1667
vn 0.9337 0.3319 -0.1343
vn 0.9165 0.3943 -0.0676
vn 0.3850 0.5124 0.7676
vn 0.6770 -0.6896 0.2571
vn 0.7117 -0.6417 0.2859
vn 0.9069 0.4206 -0.0237
vn 0.8758 0.4822 -0.0194
vn 0.8754 0.4829 -0.0196
vn 0.9057 0.4232 -0.0226
vn -0.7236 0.6379 -0.2635
vn -0.6954 0.6618 -0.2800
vn -0.7104 0.6494 -0.2714
vn 0.9146 0.4030 -0.0345
vn 0.9164 0.3903 -0.0892
vn -0.7508 0.6586 -0.0501
vn -0.7306 0.6317 -0.2592
vn -0.1240 0.0720 -0.9897
vn -0.1258 0.0739 -0.9893
vn 0.0067 -0.0956 -0.9954
vn 0.0057 -0.0937 -0.9956
vn -0.3750 0.4333 -0.8195
vn -0.3759 0.4347 -0.8184
vn -0.4683 0.6376 -0.6117
vn -0.4792 0.6491 -0.5909
vn -0.9127 0.2651 0.3110
vn -0.9127 0.2651 0.3109
vn -0.6966 -0.6165 0.3669
vn -0.5551 -0.2663 -0.7880
vn -0.7550 -0.4091 -0.5126
vn -0.5336 -0.3345 -0.7768
vn -0.9760 0.1626 -0.1450
vn -0.8825 -0.3709 -0.2893
vn -0.8690 -0.3990 -0.2927
vn -0.8125 -0.4207 -0.4036
vn -0.8719 -0.3962 -0.2878
vn -0.6260 -0.4560 -0.6325
vn -0.9047 -0.1601 0.3948
vn 0.5092 0.3966 0.7639
vn 0.4418 0.4232 0.7910
vn -0.7910 -0.5376 -0.2920
vn -0.6420 -0.3904 -0.6598
vn -0.9354 -0.3489 0.0579
vn -0.4889 0.6958 -0.5262
vn -0.4697 0.7126 -0.5211
vn -0.8476 -0.5103 0.1455
vn -0.8659 -0.4965 0.0616
vn -0.8597 -0.4870 0.1540
vn -0.8469 -0.5160 0.1280
vn 0.0329 -0.1429 -0.9892
vn 0.8553 0.5172 -0.0290
vn 0.8554 0.5172 -0.0290
vn 0.6670 -0.6999 0.2554
vn 0.6667 -0.7026 0.2486
vn 0.6672 -0.6997 0.2555
vn -0.6189 0.7853 0.0142
vn -0.5282 0.8466 -0.0648
vn -0.5682 0.8182 -0.0881
vn 0.0536 -0.3550 -0.9333
vn 0.0263 -0.3846 -0.9227
vn 0.0275 -0.3809 -0.9242
vn 0.0205 -0.3888 -0.9211
vn 0.0162 -0.3888 -0.9212
vn 0.9205 0.3900 -0.0236
vn 0.0806 0.6491 0.7564
vn 0.0961 0.5295 0.8428
vn 0.0959 0.5308 0.8421
vn 0.1147 0.3354 0.9351
vn 0.1148 0.3354 0.9351
vn -0.8169 0.1517 0.5565
vn -0.8359 0.2797 0.4723
vn -0.8127 0.1337 0.5671
vn -0.7776 0.0177 0.6285
vn 0.9160 0.2633 0.3026
vn 0.9159 0.2641 0.3022
vn 0.8701 0.4537 0.1925
vn 0.9199 0.1060 0.3776
vn 0.7641 0.0999 -0.6373
vn 0.7641 0.1000 -0.6373
vn 0.7875 -0.3551 -0.5038
vn -0.1517 0.7853 -0.6002
vn -0.1517 0.7854 -0.6002
vn -0.9254 -0.0050 -0.3789
vn -0.9254 -0.0049 -0.3789
vn -0.9255 -0.0049 -0.3788
vn -0.8137 -0.5457 -0.2002
vn -0.8137 -0.5457 -0.2001
vn -0.3016 -0.9007 0.3126
vn 0.1584 -0.8196 0.5507
vn 0.1584 -0.8196 0.5506
vn 0.5953 -0.7911 0.1406
vn -0.0948 -0.3431 -0.9345
vn -0.0703 -0.4326 -0.8988
vn -0.0684 -0.4395 -0.8957
vn 0.0994 -0.9917 -0.0820
vn -0.0092 -0.6685 -0.7436
vn -0.0100 -0.6651 -0.7467
vn 0.8202 0.5692 0.0569
vn 0.9099 0.4122 0.0465
vn 0.9204 0.3909 0.0078
vn 0.8690 0.4943 0.0211
vn 0.9345 0.3328 -0.1260
vn 0.9367 0.3500 0.0099
vn 0.9408 0.3188 -0.1151
vn 0.7603 0.6440 0.0849
vn 0.9324 0.3449 0.1084
vn 0.6996 0.6615 0.2702
vn 0.7141 0.6747 0.1866
vn 0.6439 0.5890 0.4883
vn 0.6384 0.6017 0.4800
vn 0.6059 0.5247 0.5980
vn -0.1429 0.2755 0.9506
vn -0.4540 0.8264 0.3331
vn -0.4539 0.8264 0.3331
vn 0.1831 -0.2907 0.9392
vn 0.1831 -0.2906 0.9392
vn 0.5377 -0.7926 0.2876
vn 0.5377 -0.7924 0.2882
vn 0.5375 -0.7934 0.2857
vn 0.5378 -0.7860 0.3049
vn 0.5378 -0.7862 0.3045
vn 0.5376 -0.7777 0.3259
vn -0.4257 0.8743 -0.2330
vn -0.4128 0.8782 -0.2417
vn -0.4121 0.8765 -0.2490
vn -0.4021 0.8784 -0.2584
vn -0.9134 -0.4040 0.0492
vn -0.8964 -0.4261 0.1222
vn -0.9082 -0.3962 0.1350
vn -0.8565 -0.5048 -0.1080
vn -0.8586 -0.5103 -0.0492
vn -0.8662 -0.4976 -0.0449
vn -0.8144 -0.5642 -0.1357
vn -0.8143 -0.5643 -0.1361
vn -0.7409 -0.6112 -0.2784
vn 0.9197 0.3079 -0.2436
vn 0.8741 0.3688 -0.3162
vn 0.8364 0.3407 -0.4294
vn 0.9069 0.2642 -0.3282
vn 0.7512 0.2902 -0.5929
vn 0.6892 0.0950 -0.7183
vn 0.7530 0.2383 -0.6134
vn 0.9405 0.2536 -0.2263
vn 0.7783 0.4097 -0.4758
vn 0.8295 0.4065 -0.3829
vn 0.9388 0.1810 -0.2932
vn 0.7140 0.2916 -0.6365
vn 0.6635 0.0865 -0.7432
vn 0.6278 -0.0365 -0.7775
vn -0.1138 -0.4696 -0.8755
vn -0.1139 -0.4696 -0.8755
vn -0.4355 0.3526 -0.8283
vn 0.2053 -0.8625 -0.4625
vn 0.5365 -0.7616 0.3636
vn 0.5363 -0.7608 0.3655
vn 0.5365 -0.7618 0.3631
vn 0.5371 -0.7688 0.3471
vn 0.5371 -0.7690 0.3467
vn -0.4222 0.7831 -0.4567
vn -0.4222 0.7830 -0.4567
vn -0.4185 0.7818 -0.4622
vn -0.4080 0.7912 -0.4556
vn 0.7827 -0.5581 0.2756
vn 0.7251 -0.6302 0.2777
vn 0.7302 -0.6248 0.2766
vn -0.3540 -0.6985 -0.6219
vn -0.5415 -0.7821 -0.3085
vn -0.4656 -0.7244 -0.5084
vn -0.4647 -0.7260 -0.5070
vn -0.5828 -0.5812 -0.5680
vn -0.5876 -0.5748 -0.5694
vn -0.7668 0.5016 -0.4007
vn -0.7934 0.4322 -0.4286
vn 0.6466 -0.6993 0.3048
vn 0.4494 -0.6969 0.5589
vn 0.7894 -0.6110 0.0588
vn -0.7179 0.6384 -0.2776
vn 0.7715 -0.4464 0.4532
vn 0.5498 0.4323 0.7147
vn 0.5416 0.4443 0.7136
vn 0.7693 -0.4601 0.4433
vn 0.3437 0.6667 0.6613
vn 0.3424 0.6678 0.6609
vn 0.7354 -0.5807 0.3493
vn 0.1492 0.8057 0.5732
vn -0.5679 0.8179 -0.0925
vn -0.5843 0.8031 -0.1170
vn 0.1617 0.7983 0.5801
vn -0.6749 0.6857 -0.2727
vn -0.5610 -0.2539 0.7879
vn -0.5603 -0.2528 0.7887
vn -0.5535 -0.2457 0.7958
vn -0.5578 -0.2538 0.7902
vn -0.5706 -0.2698 0.7757
vn -0.6086 -0.3111 0.7299
vn -0.5965 -0.3137 0.7388
vn -0.5964 -0.3127 0.7393
vn -0.6112 -0.3047 0.7305
vn -0.5904 -0.2808 0.7567
vn -0.5868 -0.2786 0.7603
vn -0.5957 -0.3049 0.7431
vn 0.6556 0.1880 -0.7313
vn 0.6594 0.1886 -0.7278
vn 0.6728 0.1906 -0.7149
vn 0.5919 0.2124 -0.7775
vn 0.5856 0.2187 -0.7806
vn 0.5790 0.2455 -0.7775
vn 0.5788 0.2443 -0.7780
vn 0.5805 0.2620 -0.7709
vn 0.5809 0.2618 -0.7707
vn 0.5704 0.2715 -0.7752
vn 0.6014 0.2782 -0.7490
vn 0.5494 0.2915 -0.7831
vn 0.5691 0.2872 -0.7705
vn 0.5307 0.2854 -0.7980
vt 0.719238 0.819336
vt 0.728516 0.818359
vt 0.729492 0.803711
vt 0.718750 0.803711
vt 0.718750 0.786133
vt 0.728516 0.786133
vt 0.727539 0.833496
vt 0.716797 0.846680
vt 0.725098 0.846680
vt 0.718262 0.834473
vt 0.711914 0.875488
vt 0.720703 0.876953
vt 0.723633 0.859863
vt 0.714844 0.859375
vt 0.713379 0.892578
vt 0.720703 0.894043
vt 0.713379 0.908203
vt 0.721191 0.909668
vt 0.713867 0.924805
vt 0.722168 0.926270
vt 0.712891 0.939941
vt 0.722168 0.941406
vt 0.712891 0.952637
vt 0.722168 0.954590
vt 0.712402 0.970215
vt 0.722168 0.971680
vt 0.724121 0.989746
vt 0.709961 0.820312
vt 0.709961 0.805664
vt 0.709961 0.785645
vt 0.708984 0.835449
vt 0.702148 0.937988
vt 0.703613 0.906250
vt 0.707031 0.890625
vt 0.702148 0.889160
vt 0.708008 0.875488
vt 0.708008 0.860840
vt 0.708496 0.847168
vt 0.712891 0.987305
vt 0.702637 0.985352
vt 0.701660 0.950684
vt 0.702148 0.967773
vt 0.697266 0.836914
vt 0.696289 0.848145
vt 0.698242 0.861816
vt 0.682129 0.839355
vt 0.680664 0.850586
vt 0.678711 0.863770
vt 0.695801 0.861816
vt 0.673340 0.840332
vt 0.667969 0.853516
vt 0.668457 0.863770
vt 0.700195 0.875488
vt 0.698242 0.875488
vt 0.694824 0.875000
vt 0.678711 0.875488
vt 0.680176 0.875488
vt 0.694336 0.823242
vt 0.682129 0.826660
vt 0.671875 0.828613
vt 0.697754 0.822754
vt 0.697754 0.808105
vt 0.693848 0.809570
vt 0.691895 0.809570
vt 0.681152 0.812012
vt 0.670898 0.814941
vt 0.696777 0.795410
vt 0.693848 0.795898
vt 0.692383 0.795898
vt 0.677734 0.796387
vt 0.667969 0.798828
vt 0.689941 0.978027
vt 0.687500 0.992188
vt 0.684570 0.992188
vt 0.683594 0.992188
vt 0.674805 0.974121
vt 0.669434 0.972168
vt 0.671387 0.987793
vt 0.664062 0.816406
vt 0.660645 0.800781
vt 0.659180 0.801270
vt 0.656738 0.980469
vt 0.665039 0.970215
vt 0.663574 0.969727
vt 0.655273 0.980469
vt 0.648926 0.821289
vt 0.644531 0.807129
vt 0.659668 0.967285
vt 0.641602 0.972656
vt 0.669434 0.814941
vt 0.666016 0.798828
vt 0.666016 0.830078
vt 0.653809 0.833496
vt 0.701660 0.905762
vt 0.703125 0.922363
vt 0.700195 0.888672
vt 0.682129 0.886230
vt 0.695312 0.887695
vt 0.679688 0.886230
vt 0.694336 0.904297
vt 0.683105 0.894531
vt 0.681152 0.895020
vt 0.668457 0.886230
vt 0.692383 0.920410
vt 0.683594 0.918945
vt 0.683594 0.903320
vt 0.682129 0.902832
vt 0.667969 0.899902
vt 0.681641 0.918457
vt 0.667480 0.915527
vt 0.691406 0.935547
vt 0.682617 0.933594
vt 0.689941 0.948730
vt 0.658203 0.865234
vt 0.656250 0.855469
vt 0.641602 0.867676
vt 0.640137 0.859375
vt 0.667480 0.841309
vt 0.655273 0.844727
vt 0.638184 0.849121
vt 0.667969 0.875488
vt 0.658203 0.876465
vt 0.644043 0.898438
vt 0.658691 0.899414
vt 0.658691 0.886719
vt 0.644043 0.886719
vt 0.642578 0.876953
vt 0.658203 0.913574
vt 0.643555 0.911621
vt 0.680664 0.933105
vt 0.657227 0.926758
vt 0.666504 0.929688
vt 0.642578 0.923828
vt 0.628906 0.812988
vt 0.634766 0.825684
vt 0.637207 0.836914
vt 0.618652 0.816895
vt 0.622559 0.828125
vt 0.624023 0.839844
vt 0.647461 0.960449
vt 0.634766 0.950684
vt 0.628906 0.962402
vt 0.631836 0.887207
vt 0.632324 0.898438
vt 0.632324 0.909668
vt 0.678223 0.946289
vt 0.664551 0.942871
vt 0.653809 0.939941
vt 0.689941 0.963867
vt 0.675781 0.961426
vt 0.673828 0.960938
vt 0.670898 0.959473
vt 0.671875 0.959961
vt 0.662109 0.956055
vt 0.650391 0.951172
vt 0.640625 0.936523
vt 0.625977 0.852051
vt 0.627930 0.862305
vt 0.619141 0.955566
vt 0.625000 0.944824
vt 0.604980 0.944824
vt 0.605957 0.829590
vt 0.628906 0.933594
vt 0.610840 0.886719
vt 0.610840 0.897461
vt 0.610352 0.909180
vt 0.630371 0.875000
vt 0.631348 0.921387
vt 0.610352 0.918945
vt 0.609863 0.929199
vt 0.607910 0.935547
vt 0.608398 0.854980
vt 0.607910 0.840332
vt 0.609375 0.865234
vt 0.610352 0.876465
vt 0.661621 0.983398
vt 0.668945 0.972168
vt 0.662598 0.984375
vt 0.597656 0.857910
vt 0.597656 0.866699
vt 0.597168 0.876953
vt 0.597656 0.849121
vt 0.597656 0.886719
vt 0.596680 0.830566
vt 0.597656 0.840332
vt 0.603027 0.818359
vt 0.594727 0.819336
vt 0.595703 0.942383
vt 0.597168 0.921387
vt 0.596191 0.931641
vt 0.598145 0.909668
vt 0.598145 0.897949
vt 0.849609 0.141968
vt 0.839844 0.141968
vt 0.849609 0.152466
vt 0.956543 0.787109
vt 0.954590 0.788086
vt 0.957520 0.791016
vt 0.589844 0.887207
vt 0.590820 0.898926
vt 0.590820 0.911133
vt 0.590820 0.921875
vt 0.590332 0.931152
vt 0.590332 0.941895
vt 0.590332 0.830566
vt 0.590820 0.840820
vt 0.589844 0.819824
vt 0.590820 0.849121
vt 0.590820 0.858398
vt 0.911621 0.828125
vt 0.912598 0.836426
vt 0.918945 0.828125
vt 0.915527 0.823242
vt 0.924316 0.816406
vt 0.920410 0.816895
vt 0.921875 0.827637
vt 0.918457 0.838867
vt 0.904785 0.819824
vt 0.913086 0.818359
vt 0.903320 0.831055
vt 0.908203 0.833496
vt 0.902832 0.845215
vt 0.910156 0.849609
vt 0.918457 0.840332
vt 0.903320 0.860840
vt 0.970703 0.804199
vt 0.961426 0.800781
vt 0.969238 0.806152
vt 0.914062 0.860840
vt 0.918457 0.856445
vt 0.892090 0.832520
vt 0.892578 0.846191
vt 0.877930 0.833496
vt 0.893555 0.860840
vt 0.863281 0.834473
vt 0.865723 0.843750
vt 0.879395 0.847656
vt 0.876953 0.822266
vt 0.862793 0.822266
vt 0.853516 0.823242
vt 0.854004 0.834473
vt 0.845703 0.821289
vt 0.844727 0.831543
vt 0.844727 0.842285
vt 0.851074 0.843750
vt 0.859375 0.850098
vt 0.845703 0.848633
vt 0.851074 0.860840
vt 0.861816 0.860840
vt 0.870605 0.860840
vt 0.912109 0.792480
vt 0.908203 0.792969
vt 0.906738 0.799316
vt 0.912109 0.798340
vt 0.905762 0.802734
vt 0.912109 0.802246
vt 0.904785 0.792480
vt 0.901855 0.797852
vt 0.898438 0.802246
vt 0.916992 0.796875
vt 0.916992 0.791992
vt 0.916992 0.800293
vt 0.913086 0.784180
vt 0.909180 0.784180
vt 0.916992 0.784180
vt 0.905762 0.784180
vt 0.901855 0.791504
vt 0.900391 0.793457
vt 0.901855 0.784180
vt 0.976562 0.727051
vt 0.978027 0.732422
vt 0.981445 0.732422
vt 0.979492 0.725098
vt 0.905762 0.781250
vt 0.901855 0.781250
vt 0.901855 0.782715
vt 0.905762 0.782715
vt 0.975586 0.720703
vt 0.975098 0.725098
vt 0.909180 0.781250
vt 0.909180 0.782715
vt 0.913086 0.782715
vt 0.916992 0.782715
vt 0.916992 0.781250
vt 0.913086 0.781250
vt 0.989258 0.724121
vt 0.990234 0.732422
vt 0.994141 0.732422
vt 0.994141 0.723633
vt 0.990234 0.735840
vt 0.994141 0.735840
vt 0.994141 0.733887
vt 0.990234 0.733887
vt 0.994141 0.720703
vt 0.988770 0.719238
vt 0.982910 0.717773
vt 0.983887 0.723145
vt 0.994141 0.717773
vt 0.989258 0.716309
vt 0.982422 0.713379
vt 0.985352 0.732422
vt 0.925781 0.682129
vt 0.935547 0.679199
vt 0.929688 0.674316
vt 0.938477 0.675781
vt 0.941895 0.668457
vt 0.933594 0.666992
vt 0.936523 0.662598
vt 0.945312 0.661133
vt 0.947266 0.649902
vt 0.940430 0.649902
vt 0.891602 0.820801
vt 0.883301 0.811035
vt 0.898438 0.809570
vt 0.890625 0.810547
vt 0.913086 0.809082
vt 0.905273 0.808594
vt 0.875000 0.811523
vt 0.867188 0.811523
vt 0.859863 0.811523
vt 0.898438 0.806152
vt 0.890625 0.807129
vt 0.882812 0.807129
vt 0.874023 0.808105
vt 0.866699 0.808105
vt 0.858887 0.808594
vt 0.912109 0.805176
vt 0.905762 0.805664
vt 0.920410 0.814941
vt 0.917969 0.811523
vt 0.890137 0.803223
vt 0.882812 0.803711
vt 0.874023 0.804688
vt 0.865723 0.804199
vt 0.858398 0.806152
vt 0.878418 0.795898
vt 0.873535 0.798340
vt 0.867676 0.796875
vt 0.877441 0.790527
vt 0.873047 0.791504
vt 0.868164 0.791016
vt 0.881348 0.793945
vt 0.890137 0.796875
vt 0.884766 0.796387
vt 0.881836 0.789551
vt 0.880371 0.789062
vt 0.896484 0.795410
vt 0.876465 0.775391
vt 0.872070 0.775391
vt 0.872070 0.776855
vt 0.875977 0.776855
vt 0.875977 0.769043
vt 0.872070 0.769043
vt 0.872070 0.773926
vt 0.876465 0.773926
vt 0.868652 0.776855
vt 0.868164 0.775391
vt 0.868164 0.773926
vt 0.867676 0.768555
vt 0.872559 0.783203
vt 0.876465 0.782715
vt 0.868164 0.782227
vt 0.880371 0.781738
vt 0.880371 0.776855
vt 0.880371 0.775391
vt 0.880371 0.768555
vt 0.880371 0.773926
vt 0.864258 0.788086
vt 0.862793 0.792969
vt 0.864258 0.780762
vt 0.861328 0.798828
vt 0.857422 0.801758
vt 0.895508 0.788574
vt 0.890625 0.789551
vt 0.885742 0.789062
vt 0.895508 0.780762
vt 0.890625 0.781250
vt 0.899414 0.785156
vt 0.899414 0.778809
vt 0.886719 0.780762
vt 0.882812 0.786133
vt 0.882812 0.779297
vt 0.899414 0.776855
vt 0.895020 0.776855
vt 0.891113 0.776855
vt 0.974609 0.732910
vt 0.974609 0.726074
vt 0.969727 0.724121
vt 0.969727 0.731445
vt 0.969238 0.734863
vt 0.974609 0.734863
vt 0.994141 0.713867
vt 0.994141 0.709961
vt 0.991699 0.707031
vt 0.994141 0.708008
vt 0.990234 0.711426
vt 0.983887 0.707520
vt 0.986816 0.702637
vt 0.958984 0.722656
vt 0.956055 0.727539
vt 0.956055 0.732910
vt 0.960449 0.731445
vt 0.956055 0.720215
vt 0.955078 0.725586
vt 0.948730 0.740234
vt 0.953613 0.740234
vt 0.953613 0.734375
vt 0.949219 0.734375
vt 0.949219 0.732910
vt 0.953613 0.732910
vt 0.953613 0.730957
vt 0.949219 0.730957
vt 0.953613 0.727539
vt 0.952637 0.718262
vt 0.949219 0.725586
vt 0.864258 0.775391
vt 0.864258 0.776855
vt 0.864258 0.768066
vt 0.864258 0.773926
vt 0.939453 0.730957
vt 0.935059 0.730957
vt 0.935059 0.732910
vt 0.939453 0.734375
vt 0.935059 0.734375
vt 0.935059 0.741211
vt 0.939453 0.740234
vt 0.938965 0.723633
vt 0.938477 0.711426
vt 0.935059 0.712402
vt 0.935059 0.724121
vt 0.852539 0.807129
vt 0.852539 0.809570
vt 0.852539 0.803711
vt 0.854492 0.811523
vt 0.858398 0.793457
vt 0.854980 0.795898
vt 0.851562 0.797363
vt 0.860840 0.790039
vt 0.848633 0.807129
vt 0.848633 0.805664
vt 0.846680 0.814453
vt 0.848633 0.809570
vt 0.930176 0.689941
vt 0.932129 0.686035
vt 0.924316 0.687500
vt 0.848633 0.798828
vt 0.856445 0.788574
vt 0.853516 0.789551
vt 0.855957 0.785156
vt 0.853027 0.785156
vt 0.858887 0.787598
vt 0.858398 0.785156
vt 0.851074 0.790039
vt 0.850586 0.785156
vt 0.862305 0.788086
vt 0.862305 0.786621
vt 0.862305 0.785156
vt 0.939453 0.708008
vt 0.934082 0.705078
vt 0.935059 0.706543
vt 0.863281 0.789062
vt 0.976074 0.715820
vt 0.977051 0.705566
vt 0.976074 0.710938
vt 0.977539 0.699707
vt 0.971680 0.718750
vt 0.966309 0.711914
vt 0.965820 0.716309
vt 0.967773 0.708496
vt 0.969727 0.697754
vt 0.968750 0.703613
vt 0.981445 0.692383
vt 0.969238 0.685547
vt 0.989746 0.701172
vt 0.985352 0.733887
vt 0.981445 0.733887
vt 0.981445 0.735840
vt 0.985840 0.735840
vt 0.848633 0.790527
vt 0.923340 0.705566
vt 0.925781 0.699707
vt 0.921387 0.698242
vt 0.918457 0.706543
vt 0.922363 0.694336
vt 0.927734 0.696289
vt 0.918457 0.710938
vt 0.922852 0.710449
vt 0.928711 0.693848
vt 0.923340 0.691406
vt 0.960938 0.694336
vt 0.959961 0.700684
vt 0.954590 0.691895
vt 0.952637 0.698242
vt 0.958496 0.682617
vt 0.958984 0.706055
vt 0.950684 0.702637
vt 0.945801 0.695312
vt 0.944336 0.700195
vt 0.947754 0.688477
vt 0.958496 0.709961
vt 0.948730 0.706543
vt 0.942871 0.704590
vt 0.959961 0.715820
vt 0.954102 0.713867
vt 0.947266 0.709961
vt 0.941406 0.684082
vt 0.938477 0.691406
vt 0.948242 0.678711
vt 0.936523 0.695312
vt 0.936035 0.697754
vt 0.938965 0.703613
vt 0.933105 0.700684
vt 0.964844 0.722656
vt 0.964844 0.730469
vt 0.964844 0.734863
vt 0.960449 0.734863
vt 0.956055 0.734863
vt 0.945801 0.714844
vt 0.943848 0.734375
vt 0.943848 0.739746
vt 0.943848 0.730957
vt 0.943848 0.732910
vt 0.939453 0.732910
vt 0.943848 0.724121
vt 0.929688 0.705078
vt 0.928711 0.710449
vt 0.933594 0.710938
vt 0.983887 0.779297
vt 0.983887 0.776855
vt 0.982422 0.776367
vt 0.981445 0.777832
vt 0.979980 0.775391
vt 0.981445 0.773926
vt 0.983887 0.773438
vt 0.908691 0.739258
vt 0.908203 0.736816
vt 0.905273 0.738281
vt 0.907227 0.739258
vt 0.901855 0.740723
vt 0.904297 0.741211
vt 0.905273 0.749023
vt 0.901855 0.749023
vt 0.901855 0.752930
vt 0.905762 0.753418
vt 0.904297 0.745117
vt 0.901855 0.744629
vt 0.981445 0.770996
vt 0.981445 0.766602
vt 0.978027 0.767090
vt 0.978027 0.771484
vt 0.981934 0.761230
vt 0.978027 0.763184
vt 0.909180 0.749512
vt 0.909180 0.745605
vt 0.909180 0.753418
vt 0.909668 0.742188
vt 0.891113 0.731934
vt 0.890137 0.729492
vt 0.888672 0.729980
vt 0.888184 0.731934
vt 0.886230 0.731445
vt 0.937988 0.770020
vt 0.935059 0.770996
vt 0.935059 0.773926
vt 0.937988 0.772949
vt 0.939941 0.774414
vt 0.867188 0.738281
vt 0.869141 0.735352
vt 0.867188 0.734375
vt 0.864258 0.737793
vt 0.869629 0.734375
vt 0.870117 0.732422
vt 0.939453 0.776367
vt 0.912598 0.736816
vt 0.911621 0.739746
vt 0.913086 0.739746
vt 0.914551 0.738281
vt 0.916016 0.740234
vt 0.914062 0.742188
vt 0.988281 0.779297
vt 0.990234 0.778809
vt 0.990234 0.776855
vt 0.988281 0.776367
vt 0.992676 0.777344
vt 0.910156 0.736328
vt 0.910156 0.739258
vt 0.986328 0.776367
vt 0.986328 0.779297
vt 0.983887 0.770996
vt 0.959473 0.774414
vt 0.959961 0.766602
vt 0.956055 0.769531
vt 0.956055 0.775391
vt 0.882812 0.738770
vt 0.882812 0.744141
vt 0.886719 0.744141
vt 0.887207 0.739258
vt 0.956055 0.767578
vt 0.882812 0.746094
vt 0.886719 0.746582
vt 0.956055 0.779785
vt 0.959473 0.778809
vt 0.885742 0.734863
vt 0.882812 0.734375
vt 0.963867 0.773926
vt 0.963379 0.778320
vt 0.960449 0.764648
vt 0.965332 0.766113
vt 0.965332 0.764160
vt 0.890137 0.727539
vt 0.887207 0.728516
vt 0.893066 0.727539
vt 0.892578 0.729980
vt 0.882812 0.730957
vt 0.891113 0.746582
vt 0.891113 0.744629
vt 0.891113 0.739746
vt 0.895508 0.747070
vt 0.895508 0.744629
vt 0.895508 0.739258
vt 0.895020 0.730469
vt 0.895996 0.729004
vt 0.964355 0.787109
vt 0.967773 0.786621
vt 0.967285 0.783691
vt 0.963867 0.784180
vt 0.971680 0.784668
vt 0.971191 0.782715
vt 0.960938 0.784668
vt 0.960449 0.786621
vt 0.959961 0.782227
vt 0.956055 0.783203
vt 0.963867 0.781738
vt 0.864258 0.750488
vt 0.867676 0.750977
vt 0.867676 0.749023
vt 0.864258 0.748535
vt 0.872070 0.751465
vt 0.872070 0.749512
vt 0.935059 0.757812
vt 0.935059 0.759766
vt 0.938477 0.758789
vt 0.864258 0.754395
vt 0.867676 0.754395
vt 0.938965 0.753906
vt 0.935059 0.753906
vt 0.872070 0.754883
vt 0.868164 0.746582
vt 0.864258 0.746582
vt 0.867188 0.742676
vt 0.864258 0.742188
vt 0.935059 0.766113
vt 0.937988 0.766113
vt 0.935059 0.761719
vt 0.938477 0.760742
vt 0.872559 0.747070
vt 0.872070 0.743164
vt 0.875000 0.735840
vt 0.874512 0.733887
vt 0.872559 0.733887
vt 0.872559 0.735840
vt 0.858887 0.758789
vt 0.862305 0.758301
vt 0.862305 0.755859
vt 0.858887 0.756348
vt 0.861328 0.752930
vt 0.858887 0.753906
vt 0.930664 0.741699
vt 0.930176 0.744141
vt 0.933594 0.746094
vt 0.933594 0.743164
vt 0.929199 0.747070
vt 0.931152 0.748535
vt 0.856445 0.756348
vt 0.856445 0.758789
vt 0.856934 0.753906
vt 0.858887 0.760254
vt 0.862305 0.760742
vt 0.856445 0.760742
vt 0.933594 0.740234
vt 0.872070 0.738770
vt 0.876953 0.742676
vt 0.875977 0.738770
vt 0.877930 0.738281
vt 0.876465 0.747070
vt 0.880371 0.747070
vt 0.880371 0.742676
vt 0.880371 0.737305
vt 0.876953 0.735352
vt 0.875977 0.766602
vt 0.880371 0.766602
vt 0.953613 0.742188
vt 0.872070 0.766602
vt 0.942871 0.769531
vt 0.943359 0.765625
vt 0.940430 0.765625
vt 0.940430 0.770020
vt 0.943359 0.760254
vt 0.940430 0.772461
vt 0.942871 0.772461
vt 0.946289 0.770020
vt 0.946777 0.766113
vt 0.945312 0.772461
vt 0.895508 0.753418
vt 0.895020 0.749023
vt 0.891113 0.749023
vt 0.891113 0.752930
vt 0.886719 0.749023
vt 0.886719 0.752930
vt 0.891113 0.757812
vt 0.895508 0.757812
vt 0.886719 0.757812
vt 0.899414 0.753418
vt 0.899414 0.749023
vt 0.899414 0.757812
vt 0.899414 0.747070
vt 0.923828 0.741211
vt 0.923340 0.743164
vt 0.926758 0.743652
vt 0.927246 0.740723
vt 0.923340 0.746582
vt 0.926270 0.746582
vt 0.927246 0.738770
vt 0.921387 0.741699
vt 0.921387 0.743652
vt 0.921875 0.739258
vt 0.921875 0.746582
vt 0.990723 0.773926
vt 0.994141 0.775879
vt 0.988281 0.773438
vt 0.994141 0.772461
vt 0.991211 0.771484
vt 0.916992 0.745605
vt 0.916992 0.742676
vt 0.914062 0.745605
vt 0.988281 0.770996
vt 0.986328 0.773438
vt 0.899414 0.731445
vt 0.895996 0.731445
vt 0.970703 0.780273
vt 0.974609 0.780273
vt 0.991211 0.767578
vt 0.988281 0.767090
vt 0.986328 0.766602
vt 0.985840 0.770508
vt 0.990234 0.761230
vt 0.986328 0.761230
vt 0.994141 0.768066
vt 0.994141 0.763672
vt 0.899414 0.739258
vt 0.899414 0.745117
vt 0.974609 0.772949
vt 0.974609 0.767090
vt 0.970215 0.766113
vt 0.970703 0.772949
vt 0.974609 0.764648
vt 0.899414 0.734863
vt 0.895996 0.735352
vt 0.970703 0.777344
vt 0.974609 0.777344
vt 0.891113 0.735352
vt 0.994141 0.761719
vt 0.990234 0.759277
vt 0.986328 0.759277
vt 0.916992 0.779785
vt 0.916992 0.775391
vt 0.913086 0.775391
vt 0.913086 0.779785
vt 0.909180 0.775391
vt 0.909180 0.779785
vt 0.913574 0.772949
vt 0.909180 0.772949
vt 0.916992 0.772949
vt 0.905762 0.774902
vt 0.905762 0.779785
vt 0.905762 0.772461
vt 0.905762 0.770020
vt 0.901855 0.769531
vt 0.901855 0.771973
vt 0.982422 0.742676
vt 0.978027 0.744629
vt 0.982422 0.745117
vt 0.978027 0.747070
vt 0.901855 0.774414
vt 0.978027 0.742676
vt 0.909668 0.770508
vt 0.854980 0.751953
vt 0.857422 0.752441
vt 0.856445 0.749023
vt 0.858398 0.750000
vt 0.853516 0.765137
vt 0.853516 0.762695
vt 0.851074 0.762695
vt 0.851074 0.764648
vt 0.848633 0.762207
vt 0.848633 0.763672
vt 0.853516 0.760254
vt 0.851074 0.759766
vt 0.848633 0.759277
vt 0.855957 0.765137
vt 0.855957 0.763184
vt 0.875977 0.734375
vt 0.956055 0.765137
vt 0.913574 0.749023
vt 0.916992 0.750000
vt 0.913086 0.753906
vt 0.916992 0.753906
vt 0.913086 0.755859
vt 0.913086 0.757812
vt 0.916992 0.758301
vt 0.916992 0.756348
vt 0.994141 0.759766
vt 0.913086 0.761230
vt 0.916992 0.761719
vt 0.990234 0.755859
vt 0.994141 0.755859
vt 0.909180 0.755371
vt 0.909180 0.757812
vt 0.909180 0.761230
vt 0.905762 0.755371
vt 0.901855 0.754883
vt 0.901855 0.756836
vt 0.905762 0.757324
vt 0.978027 0.759277
vt 0.978027 0.761230
vt 0.981934 0.759277
vt 0.978027 0.737305
vt 0.981445 0.737305
vt 0.985840 0.742188
vt 0.985840 0.737305
vt 0.986328 0.744629
vt 0.989746 0.742188
vt 0.990234 0.737305
vt 0.989746 0.744629
vt 0.882812 0.757324
vt 0.882812 0.761719
vt 0.887207 0.762207
vt 0.882812 0.764160
vt 0.887207 0.764648
vt 0.960449 0.754395
vt 0.960449 0.749023
vt 0.956055 0.750488
vt 0.956055 0.755371
vt 0.956055 0.748047
vt 0.891602 0.762695
vt 0.891602 0.765137
vt 0.882812 0.752930
vt 0.956055 0.760254
vt 0.959961 0.759766
vt 0.882812 0.748047
vt 0.970215 0.763672
vt 0.974609 0.762695
vt 0.974609 0.758789
vt 0.970215 0.758789
vt 0.965332 0.759277
vt 0.967285 0.773438
vt 0.974609 0.753906
vt 0.974609 0.749512
vt 0.969727 0.748535
vt 0.969727 0.753906
vt 0.965332 0.748535
vt 0.965332 0.753906
vt 0.974609 0.747559
vt 0.969727 0.746582
vt 0.965332 0.746582
vt 0.899414 0.762207
vt 0.895508 0.762207
vt 0.895508 0.764648
vt 0.899414 0.764648
vt 0.875977 0.749023
vt 0.880371 0.749023
vt 0.953613 0.767090
vt 0.953613 0.762207
vt 0.949707 0.766113
vt 0.953613 0.760254
vt 0.948242 0.760742
vt 0.953613 0.771973
vt 0.949219 0.770996
vt 0.967285 0.777344
vt 0.959961 0.746582
vt 0.887695 0.734863
vt 0.880371 0.733887
vt 0.948242 0.773438
vt 0.950195 0.774902
vt 0.921875 0.735840
vt 0.918457 0.736328
vt 0.927734 0.735840
vt 0.918457 0.739258
vt 0.918457 0.741699
vt 0.918457 0.734863
vt 0.921875 0.733887
vt 0.927734 0.734375
vt 0.948730 0.742676
vt 0.943848 0.742188
vt 0.876953 0.732422
vt 0.875000 0.731934
vt 0.872559 0.731934
vt 0.944824 0.777344
vt 0.947754 0.776367
vt 0.945312 0.774902
vt 0.942383 0.774902
vt 0.942383 0.777344
vt 0.953613 0.758301
vt 0.948242 0.758301
vt 0.953613 0.754395
vt 0.948242 0.753906
vt 0.943848 0.753418
vt 0.943848 0.758301
vt 0.880371 0.750977
vt 0.876465 0.751465
vt 0.876465 0.754883
vt 0.880371 0.754395
vt 0.864258 0.763672
vt 0.867676 0.764160
vt 0.867676 0.759766
vt 0.864258 0.759277
vt 0.871582 0.764160
vt 0.871582 0.759766
vt 0.935059 0.745117
vt 0.935059 0.749023
vt 0.938965 0.748535
vt 0.939453 0.742676
vt 0.864258 0.765625
vt 0.867676 0.766113
vt 0.935059 0.743164
vt 0.948730 0.748535
vt 0.943848 0.748047
vt 0.953613 0.749023
vt 0.953613 0.744141
vt 0.875977 0.764160
vt 0.848633 0.765625
vt 0.851074 0.766602
vt 0.918457 0.733398
vt 0.853516 0.767090
vt 0.855957 0.767090
vt 0.858887 0.764648
vt 0.858887 0.767090
vt 0.858887 0.762695
vt 0.933594 0.736328
vt 0.933594 0.734863
vt 0.986328 0.750488
vt 0.989746 0.750488
vt 0.981934 0.750977
vt 0.994141 0.744141
vt 0.994141 0.746582
vt 0.994141 0.751465
vt 0.994141 0.737305
vt 0.994141 0.741699
vt 0.983398 0.766602
vt 0.905762 0.760742
vt 0.901855 0.760254
vt 0.901855 0.779785
vt 0.916992 0.770508
vt 0.913574 0.770508
vt 0.851074 0.757812
vt 0.853516 0.758301
vt 0.854004 0.756348
vt 0.851074 0.755371
vt 0.848633 0.756836
vt 0.848633 0.754395
vt 0.918457 0.744629
vt 0.852051 0.753418
vt 0.850586 0.752441
vt 0.854492 0.753906
vt 0.918457 0.747070
vt 0.862305 0.764160
vt 0.862305 0.766113
vt 0.875977 0.759766
vt 0.880371 0.759277
vt 0.880371 0.764160
vt 0.967285 0.780762
vt 0.923340 0.749512
vt 0.925293 0.750000
vt 0.920898 0.748535
vt 0.927734 0.750000
vt 0.929688 0.750000
vt 0.858398 0.752930
vt 0.859375 0.751465
vt 0.853027 0.752441
vt 0.852539 0.750488
vt 0.854492 0.749512
vt 0.858887 0.782227
vt 0.858398 0.778809
vt 0.855469 0.779785
vt 0.855957 0.782227
vt 0.853027 0.780762
vt 0.853027 0.782227
vt 0.855469 0.777832
vt 0.853027 0.778320
vt 0.858398 0.777344
vt 0.850586 0.780762
vt 0.850586 0.782227
vt 0.850586 0.778320
vt 0.848633 0.780762
vt 0.848633 0.778809
vt 0.848633 0.782227
vt 0.848633 0.785156
vt 0.922363 0.722168
vt 0.918457 0.721680
vt 0.918457 0.723145
vt 0.922852 0.719238
vt 0.918457 0.719238
vt 0.922363 0.714355
vt 0.918457 0.714355
vt 0.928223 0.721680
vt 0.922363 0.724121
vt 0.927734 0.724121
vt 0.928223 0.719238
vt 0.928223 0.714355
vt 0.933594 0.719238
vt 0.933594 0.722656
vt 0.933594 0.724609
vt 0.933594 0.714355
vt 0.862305 0.782227
vt 0.862305 0.778320
vt 0.862305 0.776367
vt 0.857910 0.775391
vt 0.855469 0.775879
vt 0.853027 0.776367
vt 0.858398 0.771484
vt 0.855469 0.771484
vt 0.853027 0.771484
vt 0.862305 0.771484
vt 0.933594 0.729492
vt 0.927734 0.729492
vt 0.921875 0.729004
vt 0.918457 0.728516
vt 0.848633 0.770996
vt 0.850586 0.771484
vt 0.850586 0.776367
vt 0.848633 0.776367
vt 0.918457 0.724609
vt 0.959473 0.740234
vt 0.964844 0.740234
vt 0.969727 0.740234
vt 0.974609 0.745605
vt 0.974609 0.740234
vt 0.978027 0.755859
vt 0.981934 0.755859
vt 0.978027 0.751465
vt 0.986328 0.755371
vt 0.901855 0.765137
vt 0.905762 0.765137
vt 0.956055 0.740234
vt 0.956055 0.745605
vt 0.899414 0.772461
vt 0.899414 0.766602
vt 0.895508 0.767090
vt 0.895996 0.772461
vt 0.891602 0.767578
vt 0.891113 0.772461
vt 0.887207 0.767090
vt 0.886719 0.772461
vt 0.887207 0.776855
vt 0.882812 0.766113
vt 0.882812 0.772461
vt 0.882812 0.776855
vt 0.913574 0.765625
vt 0.916992 0.766113
vt 0.909668 0.765625
vt 0.995117 0.706055
vt 0.924316 0.826660
vt 0.924805 0.816406
vt 0.990723 0.700684
vt 0.995605 0.706055
vt 0.949219 0.808105
vt 0.944336 0.806152
vt 0.943359 0.808594
vt 0.948242 0.811035
vt 0.936035 0.810547
vt 0.938965 0.806152
vt 0.934570 0.803711
vt 0.931641 0.806152
vt 0.940430 0.803711
vt 0.936035 0.801270
vt 0.929199 0.808105
vt 0.933105 0.814453
vt 0.965332 0.845703
vt 0.968750 0.846680
vt 0.967773 0.839355
vt 0.963867 0.839355
vt 0.971191 0.846680
vt 0.959961 0.839844
vt 0.961914 0.845215
vt 0.967773 0.831543
vt 0.962891 0.832031
vt 0.971191 0.839355
vt 0.970215 0.831055
vt 0.958496 0.832520
vt 0.968750 0.824707
vt 0.963379 0.825195
vt 0.971191 0.824707
vt 0.959473 0.825195
vt 0.968750 0.817871
vt 0.964355 0.818359
vt 0.971191 0.817871
vt 0.960938 0.817871
vt 0.952148 0.817383
vt 0.952637 0.812500
vt 0.946289 0.815918
vt 0.953613 0.810547
vt 0.944824 0.821289
vt 0.951660 0.821777
vt 0.929199 0.810059
vt 0.928711 0.810059
vt 0.932129 0.816895
vt 0.933105 0.815918
vt 0.926270 0.814453
vt 0.929688 0.821777
vt 0.932129 0.818848
vt 0.928711 0.812012
vt 0.958496 0.839844
vt 0.957520 0.840332
vt 0.959961 0.845215
vt 0.960449 0.845215
vt 0.992676 0.699707
vt 0.997070 0.705566
vt 0.998535 0.704102
vt 0.996094 0.698730
vt 0.957031 0.832520
vt 0.956055 0.833008
vt 0.990723 0.691895
vt 0.994629 0.691406
vt 0.958008 0.825195
vt 0.957031 0.825195
vt 0.992676 0.683105
vt 0.995605 0.684082
vt 0.959473 0.817871
vt 0.958984 0.817871
vt 0.995117 0.676270
vt 0.997559 0.676758
vt 0.944824 0.823242
vt 0.944824 0.824219
vt 0.952148 0.824219
vt 0.951660 0.823242
vt 0.952148 0.826172
vt 0.944824 0.826172
vt 0.943848 0.829590
vt 0.952637 0.829590
vt 0.589844 0.877441
vt 0.590332 0.867676
vt 0.830566 0.207886
vt 0.828613 0.195923
vt 0.828613 0.207886
vt 0.839844 0.221924
vt 0.849609 0.221924
vt 0.839844 0.209961
vt 0.849609 0.209961
vt 0.839844 0.199341
vt 0.828613 0.219482
vt 0.830566 0.219482
vt 0.849609 0.233521
vt 0.828613 0.229858
vt 0.830566 0.229858
vt 0.839844 0.243896
vt 0.839844 0.233521
vt 0.828613 0.239136
vt 0.830566 0.239136
vt 0.839844 0.253174
vt 0.849609 0.243896
vt 0.828613 0.250732
vt 0.830566 0.250732
vt 0.849609 0.264648
vt 0.849609 0.253174
vt 0.839844 0.259521
vt 0.825195 0.196533
vt 0.823242 0.196533
vt 0.823242 0.207031
vt 0.825195 0.207031
vt 0.839844 0.264648
vt 0.935059 0.826660
vt 0.932617 0.832031
vt 0.941895 0.836426
vt 0.925293 0.842773
vt 0.927246 0.824707
vt 0.931641 0.845703
vt 0.925781 0.815918
vt 0.996094 0.705566
vt 0.987305 0.691895
vt 0.984375 0.691406
vt 0.988281 0.681152
vt 0.992188 0.672852
vt 0.981445 0.675781
vt 0.985840 0.665039
vt 0.938477 0.849609
vt 0.951172 0.836426
vt 0.948730 0.848633
vt 0.945801 0.854004
vt 0.983398 0.816895
vt 0.982910 0.818359
vt 0.990234 0.821289
vt 0.937500 0.861816
vt 0.931641 0.859863
vt 0.925781 0.857422
vt 0.931152 0.846680
vt 0.973145 0.660645
vt 0.977051 0.815430
vt 0.977539 0.813965
vt 0.970215 0.811523
vt 0.970215 0.810059
vt 0.925293 0.843750
vt 0.919434 0.854492
vt 0.977539 0.807129
vt 0.976074 0.809082
vt 0.982422 0.810547
vt 0.982910 0.809082
vt 0.970215 0.672852
vt 0.983887 0.659180
vt 0.981934 0.649902
vt 0.972656 0.649902
vt 0.849609 0.162476
vt 0.839844 0.170288
vt 0.849609 0.170288
vt 0.839844 0.175293
vt 0.988770 0.811035
vt 0.962402 0.649902
vt 0.839844 0.152466
vt 0.839844 0.162476
vt 0.835449 0.180664
vt 0.835449 0.175293
vt 0.833496 0.180664
vt 0.839844 0.180664
vt 0.849609 0.180664
vt 0.924805 0.860840
vt 0.932129 0.860840
vt 0.925781 0.859375
vt 0.823242 0.217041
vt 0.823242 0.224854
vt 0.825195 0.224854
vt 0.825195 0.217041
vt 0.825195 0.235352
vt 0.823242 0.235352
vt 0.833496 0.209961
vt 0.835449 0.209961
vt 0.835449 0.199341
vt 0.833496 0.199341
vt 0.835449 0.189575
vt 0.833496 0.189575
vt 0.849609 0.199341
vt 0.839844 0.189575
vt 0.849609 0.189575
vt 0.825195 0.244141
vt 0.823242 0.244141
vt 0.964355 0.807617
vt 0.833496 0.221924
vt 0.835449 0.221924
vt 0.833496 0.243896
vt 0.835449 0.243896
vt 0.835449 0.233521
vt 0.833496 0.233521
vt 0.833496 0.253174
vt 0.835449 0.253174
vt 0.833496 0.259521
vt 0.835449 0.259521
vt 0.960938 0.671387
vt 0.950195 0.669434
vt 0.952148 0.660645
vt 0.952637 0.649902
vt 0.835449 0.264648
vt 0.961426 0.660645
vt 0.952148 0.790039
vt 0.953125 0.786621
vt 0.955566 0.791016
vt 0.954590 0.785156
vt 0.948730 0.788086
vt 0.946777 0.790527
vt 0.950684 0.792969
vt 0.955078 0.794434
vt 0.950684 0.785645
vt 0.952148 0.783691
vt 0.943848 0.789062
vt 0.946777 0.786133
vt 0.988281 0.827637
vt 0.992188 0.828613
vt 0.990723 0.825195
vt 0.988281 0.831055
vt 0.992188 0.831543
vt 0.986816 0.822754
vt 0.984863 0.826172
vt 0.983887 0.830566
vt 0.986328 0.842285
vt 0.989746 0.839844
vt 0.988281 0.837891
vt 0.984375 0.838867
vt 0.988281 0.834473
vt 0.983887 0.834473
vt 0.991699 0.836426
vt 0.991699 0.834473
vt 0.949707 0.784180
vt 0.978027 0.819336
vt 0.976074 0.822754
vt 0.979980 0.823730
vt 0.982422 0.820801
vt 0.975098 0.826660
vt 0.979004 0.826660
vt 0.956543 0.803223
vt 0.957520 0.799316
vt 0.953613 0.798828
vt 0.951660 0.801758
vt 0.973633 0.818359
vt 0.954590 0.808105
vt 0.950195 0.805176
vt 0.974121 0.830566
vt 0.978516 0.830566
vt 0.974609 0.835449
vt 0.978027 0.835449
vt 0.938965 0.795410
vt 0.937012 0.798828
vt 0.941406 0.801270
vt 0.943359 0.797852
vt 0.945312 0.803223
vt 0.947266 0.799805
vt 0.944336 0.795410
vt 0.940918 0.792480
vt 0.948730 0.797363
vt 0.974121 0.846680
vt 0.977539 0.845703
vt 0.976074 0.840820
vt 0.980957 0.844238
vt 0.979004 0.839844
vt 0.958008 0.794922
vt 0.891113 0.775879
vt 0.895020 0.775879
vt 0.895996 0.773926
vt 0.891113 0.773926
vt 0.899414 0.773926
vt 0.899414 0.775879
vt 0.886719 0.773926
vt 0.887207 0.775879
vt 0.882812 0.773926
vt 0.882812 0.775879
vt 0.964844 0.736816
vt 0.960449 0.736816
vt 0.959473 0.737793
vt 0.964844 0.737793
vt 0.969238 0.736816
vt 0.969727 0.737793
vt 0.974609 0.736816
vt 0.974609 0.737793
vt 0.853027 0.784180
vt 0.855957 0.784180
vt 0.855957 0.783203
vt 0.853027 0.783203
vt 0.858887 0.783203
vt 0.858398 0.784180
vt 0.850586 0.784180
vt 0.850586 0.783203
vt 0.848633 0.783203
vt 0.848633 0.784180
vt 0.922852 0.717285
vt 0.922363 0.715820
vt 0.918457 0.715820
vt 0.918457 0.717285
vt 0.928223 0.717285
vt 0.928223 0.715820
vt 0.933594 0.717285
vt 0.933594 0.715820
vt 0.862305 0.784180
vt 0.862305 0.783203
vt 0.875977 0.778320
vt 0.872070 0.778320
vt 0.880371 0.778320
vt 0.868652 0.778320
vt 0.864258 0.778320
vt 0.935059 0.729492
vt 0.939453 0.729492
vt 0.949219 0.729492
vt 0.953613 0.729492
vt 0.943848 0.729492
vt 0.823242 0.253906
vt 0.586426 0.899902
vt 0.586426 0.888184
vt 0.586426 0.877441
vt 0.586426 0.867676
vt 0.586426 0.858887
vt 0.586426 0.848145
vt 0.586426 0.840332
vt 0.586426 0.830566
vt 0.586426 0.819824
vt 0.586426 0.931152
vt 0.586426 0.921875
vt 0.586426 0.911621
vt 0.586426 0.942871
vt 0.156738 0.016571
vt 0.146606 0.016571
vt 0.146606 0.001571
vt 0.156738 0.001571
vt 0.166870 0.016571
vt 0.166870 0.001571
vt 0.177002 0.016571
vt 0.177002 0.001571
vt 0.116150 0.016571
vt 0.104858 0.016571
vt 0.104858 0.001571
vt 0.116150 0.001571
vt 0.126343 0.016571
vt 0.126343 0.001571
vt 0.136475 0.016571
vt 0.136475 0.001571
vt 0.099731 0.001571
vt 0.099731 0.016571
vt 0.774414 0.504395
vt 0.774414 0.485840
vt 0.788086 0.485840
vt 0.788086 0.504395
vt 0.760254 0.504395
vt 0.760254 0.485840
vt 0.746582 0.504395
vt 0.746582 0.485840
vt 0.829102 0.485840
vt 0.846191 0.485840
vt 0.846191 0.504395
vt 0.829102 0.504395
vt 0.815430 0.504395
vt 0.815430 0.485840
vt 0.801758 0.504395
vt 0.801758 0.485840
vt 0.772949 0.478271
vt 0.787109 0.478271
vt 0.787109 0.483643
vt 0.772949 0.483643
vt 0.785156 0.511719
vt 0.771484 0.511719
vt 0.771484 0.506348
vt 0.785156 0.506348
vt 0.759277 0.478271
vt 0.759277 0.483643
vt 0.757812 0.511719
vt 0.757812 0.506348
vt 0.745605 0.478271
vt 0.745605 0.483643
vt 0.744141 0.511719
vt 0.744141 0.506348
vt 0.843262 0.511719
vt 0.826172 0.511719
vt 0.826172 0.506348
vt 0.843262 0.506348
vt 0.814453 0.478271
vt 0.828125 0.478271
vt 0.828125 0.483643
vt 0.814453 0.483643
vt 0.812500 0.511719
vt 0.812500 0.506348
vt 0.800781 0.478271
vt 0.800781 0.483643
vt 0.798828 0.511719
vt 0.798828 0.506348
vt 0.739746 0.506348
vt 0.739746 0.511230
vt 0.727539 0.511230
vt 0.727539 0.506348
vt 0.850586 0.478271
vt 0.850586 0.483643
vt 0.845215 0.483643
vt 0.845215 0.478271
vt 0.849121 0.506348
vt 0.849121 0.511719
vt 0.736328 0.498047
vt 0.736328 0.488037
vt 0.741211 0.488037
vt 0.741211 0.498047
vt 0.863281 0.509277
vt 0.863281 0.491943
vt 0.868164 0.491943
vt 0.868164 0.509277
vt 0.857422 0.491699
vt 0.857422 0.504883
vt 0.852051 0.504883
vt 0.852051 0.491699
vt 0.853516 0.489014
vt 0.848145 0.489014
vt 0.848145 0.487061
vt 0.853516 0.487061
vt 0.736328 0.501953
vt 0.730957 0.501953
vt 0.730957 0.500000
vt 0.736328 0.500000
vt 0.785645 0.472168
vt 0.775879 0.458496
vt 0.794434 0.455078
vt 0.775391 0.474609
vt 0.773438 0.460205
vt 0.773438 0.473389
vt 0.808594 0.473877
vt 0.806152 0.474365
vt 0.812988 0.460449
vt 0.813965 0.463135
vt 0.797852 0.449707
vt 0.797852 0.468018
vt 0.061035 0.015015
vt 0.045441 0.015015
vt 0.045441 0.005264
vt 0.061035 0.005264
vt 0.061035 0.023148
vt 0.045441 0.023148
vt 0.045441 0.001053
vt 0.061035 0.001053
vt 0.192871 0.069031
vt 0.192871 0.079529
vt 0.177368 0.079529
vt 0.177368 0.069031
vt 0.192871 0.060028
vt 0.177368 0.060028
vt 0.177368 0.084412
vt 0.192871 0.084412
vt 0.199585 0.069031
vt 0.199585 0.079529
vt 0.196411 0.079529
vt 0.196411 0.069031
vt 0.169067 0.079529
vt 0.169067 0.069031
vt 0.172241 0.069031
vt 0.172241 0.079529
vt 0.199585 0.060028
vt 0.196411 0.060028
vt 0.169067 0.060028
vt 0.172241 0.060028
vt 0.169067 0.084412
vt 0.172241 0.084412
vt 0.192871 0.090393
vt 0.177368 0.090393
vt 0.177368 0.087402
vt 0.192871 0.087402
vt 0.199585 0.084412
vt 0.196411 0.084412
vt 0.192871 0.052032
vt 0.177368 0.052032
vt 0.199585 0.052032
vt 0.196411 0.052032
vt 0.169067 0.052032
vt 0.172241 0.052032
vt 0.162720 0.039612
vt 0.178345 0.039612
vt 0.178345 0.042664
vt 0.039825 0.024612
vt 0.024292 0.024612
vt 0.024292 0.015900
vt 0.039825 0.015900
vt 0.091064 0.011971
vt 0.091064 0.021088
vt 0.075562 0.021088
vt 0.075562 0.011971
vt 0.097473 0.011971
vt 0.097473 0.021088
vt 0.094299 0.021088
vt 0.094299 0.011971
vt 0.075562 0.005466
vt 0.091064 0.005466
vt 0.091064 0.008484
vt 0.075562 0.008484
vt 0.068665 0.021088
vt 0.068665 0.011971
vt 0.071777 0.011971
vt 0.071777 0.021088
vt 0.024292 0.008522
vt 0.091064 0.029251
vt 0.075562 0.029251
vt 0.097473 0.029251
vt 0.094299 0.029251
vt 0.068665 0.029251
vt 0.071777 0.029251
vt 0.075562 0.032623
vt 0.091064 0.032623
vt 0.091064 0.035706
vt 0.075562 0.035706
vt 0.050446 0.033081
vt 0.054474 0.033081
vt 0.054474 0.035339
vt 0.050446 0.035339
vt 0.065430 0.055206
vt 0.061432 0.055206
vt 0.061432 0.038147
vt 0.065430 0.038147
vt 0.054108 0.042755
vt 0.050079 0.042755
vt 0.050079 0.040497
vt 0.054108 0.040497
vt 0.061035 0.030380
vt 0.045441 0.030380
vt 0.162720 0.042664
vt 0.039825 0.008522
vt 0.164185 0.019547
vt 0.176880 0.019547
vt 0.176880 0.034271
vt 0.164185 0.034271
vt 0.102051 0.033691
vt 0.102051 0.019363
vt 0.114441 0.019363
vt 0.114441 0.033691
vt 0.180420 0.016769
vt 0.180420 0.002043
vt 0.188965 0.002043
vt 0.188965 0.016769
vt 0.191895 0.002106
vt 0.204590 0.002106
vt 0.204590 0.009140
vt 0.191895 0.009140
vt 0.208252 0.010857
vt 0.208252 0.025589
vt 0.202759 0.025589
vt 0.202759 0.010857
vt 0.198242 0.034241
vt 0.185425 0.034241
vt 0.185425 0.027252
vt 0.198242 0.027252
vt 0.003002 0.023132
vt 0.009895 0.022675
vt 0.010338 0.029251
vt 0.003002 0.028793
vt 0.037292 0.097595
vt 0.034149 0.099976
vt 0.018738 0.084595
vt 0.030106 0.082397
vt 0.050446 0.094238
vt 0.046967 0.092957
vt 0.043884 0.078369
vt 0.052307 0.076233
vt 0.037384 0.106262
vt 0.037140 0.103455
vt 0.040283 0.101074
vt 0.042053 0.103210
vt 0.018723 0.089539
vt 0.034119 0.104980
vt 0.034393 0.107849
vt 0.017715 0.095703
vt 0.040497 0.062500
vt 0.054413 0.056335
vt 0.052277 0.053253
vt 0.038971 0.059387
vt 0.032440 0.054596
vt 0.037598 0.042938
vt 0.015152 0.095215
vt 0.004887 0.095215
vt 0.004887 0.089050
vt 0.016159 0.089050
vt 0.006241 0.042236
vt 0.020477 0.042236
vt 0.019882 0.053894
vt 0.006241 0.053894
vt 0.021027 0.070862
vt 0.007469 0.072021
vt 0.007469 0.057983
vt 0.021103 0.057983
vt 0.034515 0.042236
vt 0.029373 0.053894
vt 0.030609 0.057983
vt 0.036987 0.062805
vt 0.040344 0.078674
vt 0.043060 0.093323
vt 0.046051 0.096802
vt 0.050079 0.098022
vt 0.009941 0.036255
vt 0.003002 0.036255
vt 0.022415 0.031052
vt 0.016754 0.036255
vt 0.003002 0.019104
vt 0.008202 0.019073
vt 0.012253 0.008598
vt 0.014603 0.009521
vt 0.020447 0.020798
vt 0.018814 0.011124
vt 0.007469 0.084595
vt 0.070557 0.074158
vt 0.087463 0.058167
vt 0.094238 0.070740
vt 0.074341 0.080078
vt 0.097473 0.058167
vt 0.108093 0.046814
vt 0.113953 0.046814
vt 0.113953 0.058685
vt 0.019196 0.279785
vt 0.021484 0.258057
vt 0.025330 0.270264
vt 0.028442 0.258057
vt 0.041382 0.272461
vt 0.036133 0.277100
vt 0.010376 0.279785
vt 0.011452 0.249268
vt 0.015503 0.249268
vt 0.103577 0.089844
vt 0.102112 0.095276
vt 0.091248 0.083618
vt 0.094482 0.075195
vt 0.070374 0.081909
vt 0.069763 0.084717
vt 0.063721 0.075134
vt 0.066589 0.075928
vt 0.092163 0.074341
vt 0.088867 0.082703
vt 0.071716 0.086487
vt 0.072327 0.083679
vt 0.066833 0.074036
vt 0.063965 0.073242
vt 0.082703 0.052826
vt 0.083679 0.058044
vt 0.116699 0.089172
vt 0.116699 0.094604
vt 0.104553 0.094604
vt 0.106018 0.089172
vt 0.085205 0.056000
vt 0.084167 0.050781
vt 0.093933 0.050781
vt 0.095215 0.056000
vt 0.108704 0.042175
vt 0.105896 0.037415
vt 0.114563 0.037415
vt 0.114563 0.042175
vt 0.096741 0.055115
vt 0.095459 0.049896
vt 0.104553 0.039032
vt 0.107361 0.043762
vt 0.113953 0.070984
vt 0.103271 0.085327
vt 0.113953 0.085327
vt 0.417725 0.028107
vt 0.421631 0.031647
vt 0.405029 0.031647
vt 0.405762 0.028107
vt 0.395996 0.022827
vt 0.394287 0.026611
vt 0.385254 0.022583
vt 0.387207 0.018661
vt 0.424072 0.028366
vt 0.420166 0.024826
vt 0.420166 0.016647
vt 0.424072 0.018097
vt 0.398193 0.029770
vt 0.400146 0.026260
vt 0.402344 0.028610
vt 0.401611 0.032135
vt 0.437012 0.016891
vt 0.434082 0.015305
vt 0.442627 0.004482
vt 0.444824 0.029282
vt 0.440674 0.020370
vt 0.417480 0.016647
vt 0.417480 0.024826
vt 0.405273 0.024826
vt 0.399170 0.019043
vt 0.390137 0.014885
vt 0.403076 0.022476
vt 0.373779 0.018005
vt 0.375732 0.014908
vt 0.417480 0.011124
vt 0.420166 0.011124
vt 0.424072 0.011124
vt 0.448486 0.002348
vt 0.448486 0.040771
vt 0.379395 0.006573
vt 0.375488 0.006573
vt 0.379395 0.005058
vt 0.378662 0.011124
vt 0.434082 0.007812
vt 0.378662 0.009605
vt 0.391846 0.003561
vt 0.391846 0.006401
vt 0.395264 0.006401
vt 0.395264 0.003561
vt 0.388428 0.003561
vt 0.388428 0.006401
vt 0.385010 0.003561
vt 0.385010 0.006401
vt 0.408936 0.003561
vt 0.408936 0.006401
vt 0.412354 0.006401
vt 0.412354 0.003561
vt 0.405518 0.003561
vt 0.405518 0.006401
vt 0.432617 0.031860
vt 0.435791 0.025406
vt 0.433105 0.024002
vt 0.430420 0.024902
vt 0.428955 0.027588
vt 0.429932 0.030457
vt 0.435303 0.030960
vt 0.436768 0.028290
vt 0.398682 0.003561
vt 0.402100 0.003561
vt 0.402100 0.006401
vt 0.398682 0.006401
vt 0.206177 0.053680
vt 0.208130 0.059387
vt 0.218750 0.051361
vt 0.214111 0.044342
vt 0.214600 0.041931
vt 0.219360 0.048981
vt 0.224121 0.042786
vt 0.214111 0.039062
vt 0.208618 0.065979
vt 0.221924 0.069092
vt 0.221924 0.063599
vt 0.246826 0.058807
vt 0.246826 0.053345
vt 0.242676 0.062988
vt 0.221924 0.076172
vt 0.222412 0.051056
vt 0.237915 0.051025
vt 0.239258 0.067383
vt 0.224121 0.063538
vt 0.224121 0.068970
vt 0.236694 0.071960
vt 0.233276 0.079529
vt 0.223633 0.079529
vt 0.230713 0.083496
vt 0.224121 0.058807
vt 0.239624 0.053345
vt 0.221680 0.078552
vt 0.208374 0.068359
vt 0.206787 0.071045
vt 0.218506 0.081299
vt 0.220581 0.082275
vt 0.240112 0.069763
vt 0.237549 0.074341
vt 0.240723 0.076294
vt 0.243530 0.071899
vt 0.243530 0.065369
vt 0.247070 0.067566
vt 0.247803 0.061157
vt 0.250488 0.064880
vt 0.205933 0.059509
vt 0.203979 0.053772
vt 0.201904 0.053406
vt 0.202637 0.060577
vt 0.212402 0.039581
vt 0.202881 0.051422
vt 0.204834 0.051788
vt 0.212769 0.042450
vt 0.064209 0.300781
vt 0.073181 0.299805
vt 0.066162 0.291748
vt 0.057281 0.304688
vt 0.056580 0.312500
vt 0.058533 0.315918
vt 0.059998 0.318848
vt 0.066711 0.315918
vt 0.073303 0.310303
vt 0.206299 0.061157
vt 0.203003 0.062256
vt 0.205078 0.070374
vt 0.206665 0.067749
vt 0.221924 0.053497
vt 0.221924 0.058899
vt 0.061584 0.295898
vt 0.072449 0.304688
vt 0.254639 0.058960
vt 0.251953 0.059937
vt 0.255371 0.062683
vt 0.055664 0.302734
vt 0.047150 0.304688
vt 0.049652 0.305176
vt 0.047394 0.297119
vt 0.052643 0.297363
vt 0.238281 0.079834
vt 0.234619 0.078491
vt 0.224121 0.076111
vt 0.233765 0.076111
vt 0.245239 0.051025
vt 0.245239 0.042786
vt 0.237061 0.042786
vt 0.051331 0.308594
vt 0.248901 0.052979
vt 0.248901 0.058472
vt 0.252930 0.057281
vt 0.254639 0.047729
vt 0.255615 0.056274
vt 0.224121 0.053375
vt 0.145630 0.087952
vt 0.147461 0.066589
vt 0.131958 0.066589
vt 0.133301 0.087952
vt 0.146606 0.050873
vt 0.134277 0.050873
vt 0.150513 0.066589
vt 0.148682 0.087952
vt 0.160400 0.066895
vt 0.156738 0.053284
vt 0.149902 0.051361
vt 0.129395 0.066589
vt 0.121460 0.066895
vt 0.130615 0.087952
vt 0.132202 0.051178
vt 0.124939 0.052856
vt 0.119446 0.067810
vt 0.117004 0.067688
vt 0.127197 0.090515
vt 0.128662 0.088928
vt 0.122864 0.051971
vt 0.121887 0.051178
vt 0.116943 0.065796
vt 0.119385 0.065979
vt 0.133301 0.091309
vt 0.131836 0.092896
vt 0.146851 0.092896
vt 0.145630 0.091309
vt 0.165527 0.068115
vt 0.163086 0.068604
vt 0.151489 0.089661
vt 0.152710 0.091187
vt 0.161133 0.051758
vt 0.160034 0.052826
vt 0.163696 0.066467
vt 0.166016 0.065979
vt 0.156738 0.049469
vt 0.157837 0.048370
vt 0.149536 0.045837
vt 0.149902 0.047516
vt 0.146606 0.047089
vt 0.146606 0.045502
vt 0.134277 0.045471
vt 0.134277 0.047089
vt 0.130981 0.048920
vt 0.130493 0.047394
vt 0.122803 0.049805
vt 0.123779 0.050598
vt 0.127441 0.028961
vt 0.127441 0.034821
vt 0.138672 0.037262
vt 0.138672 0.026031
vt 0.147461 0.034027
vt 0.147461 0.028839
vt 0.144653 0.027252
vt 0.144775 0.035767
vt 0.722656 0.031921
vt 0.722656 0.024277
vt 0.715332 0.024246
vt 0.715820 0.031921
vt 0.708496 0.024246
vt 0.715332 0.017532
vt 0.708496 0.017532
vt 0.722656 0.037231
vt 0.723633 0.017532
vt 0.731445 0.037231
vt 0.729004 0.031921
vt 0.736328 0.032867
vt 0.733398 0.030807
vt 0.736328 0.021667
vt 0.740723 0.033142
vt 0.747559 0.040375
vt 0.748047 0.014313
vt 0.740723 0.021957
vt 0.738770 0.035645
vt 0.734375 0.040009
vt 0.738281 0.052673
vt 0.745605 0.042877
vt 0.747559 0.010651
vt 0.738281 0.001788
vt 0.737305 0.014160
vt 0.740234 0.018295
vt 0.725586 0.002623
vt 0.724121 0.014992
vt 0.733887 0.014992
vt 0.734863 0.002623
vt 0.716797 0.002623
vt 0.715820 0.014992
vt 0.708984 0.002623
vt 0.708984 0.014992
vt 0.730957 0.040253
vt 0.722168 0.040253
vt 0.723633 0.052917
vt 0.734863 0.052917
vt 0.715820 0.052917
vt 0.651367 0.092712
vt 0.651367 0.077881
vt 0.646484 0.077881
vt 0.656738 0.092712
vt 0.656738 0.077881
vt 0.663086 0.092712
vt 0.663574 0.077881
vt 0.666992 0.089478
vt 0.666992 0.080872
vt 0.701172 0.024246
vt 0.701172 0.031921
vt 0.693848 0.031921
vt 0.693848 0.024277
vt 0.687988 0.031921
vt 0.683594 0.030807
vt 0.683594 0.024139
vt 0.701172 0.017532
vt 0.693848 0.037231
vt 0.700684 0.037231
vt 0.693359 0.017532
vt 0.685059 0.037231
vt 0.680664 0.032867
vt 0.680664 0.021667
vt 0.674316 0.033173
vt 0.674316 0.021988
vt 0.666992 0.014351
vt 0.667480 0.040405
vt 0.675781 0.035675
vt 0.668457 0.042908
vt 0.676270 0.052704
vt 0.680176 0.040039
vt 0.667969 0.010681
vt 0.675293 0.018326
vt 0.678223 0.014191
vt 0.677246 0.001823
vt 0.692383 0.002623
vt 0.682617 0.002623
vt 0.684082 0.014992
vt 0.693848 0.014992
vt 0.701660 0.014992
vt 0.701172 0.002623
vt 0.684570 0.040253
vt 0.680664 0.052917
vt 0.691895 0.052917
vt 0.693359 0.040253
vt 0.503418 0.520020
vt 0.503418 0.514160
vt 0.500488 0.514160
vt 0.500488 0.520020
vt 0.490723 0.497314
vt 0.488281 0.497314
vt 0.488281 0.504395
vt 0.490723 0.504395
vt 0.488281 0.511230
vt 0.490723 0.511230
vt 0.488281 0.514160
vt 0.490723 0.514160
vt 0.490723 0.488037
vt 0.488281 0.488037
vt 0.488281 0.494873
vt 0.490723 0.494873
vt 0.488281 0.520020
vt 0.503418 0.511230
vt 0.500488 0.511230
vt 0.500488 0.504395
vt 0.503418 0.504395
vt 0.503418 0.497314
vt 0.503418 0.494873
vt 0.500488 0.494873
vt 0.500488 0.497314
vt 0.500488 0.488037
vt 0.503418 0.488037
vt 0.493896 0.514160
vt 0.497803 0.514160
vt 0.497803 0.511230
vt 0.493896 0.511230
vt 0.493896 0.520020
vt 0.497803 0.520020
vt 0.497803 0.497314
vt 0.497803 0.494873
vt 0.493896 0.494873
vt 0.493896 0.497314
vt 0.493896 0.504395
vt 0.497803 0.504395
vt 0.497803 0.488037
vt 0.493896 0.488037
vt 0.509766 0.512695
vt 0.505371 0.512695
vt 0.505371 0.519043
vt 0.509766 0.519043
vt 0.509766 0.510254
vt 0.505371 0.510254
vt 0.509766 0.503418
vt 0.505371 0.503418
vt 0.509766 0.496582
vt 0.505371 0.496582
vt 0.509766 0.494141
vt 0.505371 0.494141
vt 0.509766 0.488281
vt 0.505371 0.488281
s 1
g Bip001 L UpperArm
g Antebrazo_Izquierdo_Manato_MAT_Norano_Body_1_UI
usemtl MAT_Norano_Body_1_UI
f 8/1/1 7/2/2 6/3/3
f 9/4/4 8/1/1 6/3/3
f 10/5/5 9/4/4 6/3/3
f 11/6/6 10/5/5 6/3/3
f 8/1/1 12/7/7 7/2/2
f 14/8/8 13/9/9 12/7/7
f 15/10/10 14/8/8 12/7/7
f 12/7/7 8/1/1 15/10/10
g Skn_L_Elbow02
f 16/11/11 3/12/12 1/13/13
f 17/14/14 16/11/11 1/13/13
g Bip001 L UpperArm
f 13/9/9 14/8/8 17/14/14
f 1/13/13 13/9/9 17/14/14
f 18/15/15 2/16/16 3/12/12
f 19/17/17 4/18/18 2/16/16
f 18/15/15 19/17/17 2/16/16
f 19/17/17 20/19/19 5/20/20
f 4/18/18 19/17/17 5/20/20
f 5/20/20 22/21/21 21/22/22
g Skn_L_Elbow01
f 22/21/21 24/23/23 23/24/24
g Bip001 L UpperArm
f 21/22/22 22/21/21 23/24/24
f 26/25/25 25/26/26 23/24/24
g Skn_L_Elbow01
f 24/23/23 26/25/25 23/24/24
g Bip001 L UpperArm
f 26/25/25 27/27/27 25/26/26
f 28/28/28 8/1/1 9/4/4
f 29/29/29 28/28/28 9/4/4
f 30/30/30 29/29/29 9/4/4
f 10/5/5 30/30/30 9/4/4
f 31/31/31 15/10/10 8/1/1
f 28/28/28 31/31/31 8/1/1
g Skn_L_Elbow01
f 20/19/19 32/32/32 22/21/21
g Skn_L_ForeArm_Twist01
f 33/33/33 20/19/19 19/17/17
f 18/15/15 34/34/34 19/17/17
f 16/11/11 34/34/34 18/15/15
f 35/35/35 33/33/33 34/34/34
f 16/11/11 36/36/36 34/34/34
f 34/34/34 36/36/36 35/35/35
g Skn_L_Elbow02
f 17/14/14 37/37/37 36/36/36
g Skn_L_ForeArm_Twist01
f 16/11/11 17/14/14 36/36/36
g Skn_L_Elbow02
f 38/38/38 37/37/37 17/14/14
f 14/8/8 38/38/38 17/14/14
g Bip001 L UpperArm
f 26/25/25 39/39/5 27/27/27
g Skn_L_ForeArm_Twist01
f 26/25/25 40/40/30 39/39/5
g Skn_L_Elbow01
f 22/21/21 32/32/32 24/23/23
f 42/41/39 41/42/40 26/25/25
f 24/23/23 42/41/39 26/25/25
g Skn_L_Elbow02
f 31/31/31 38/38/38 14/8/8
g Bip001 L UpperArm
f 15/10/10 31/31/31 14/8/8
g Skn_L_ForeArm_Twist01
f 44/43/41 43/44/42 38/38/38
f 31/31/31 44/43/41 38/38/38
f 38/38/38 45/45/43 37/37/37
f 47/46/44 46/47/45 43/44/42
f 44/43/41 47/46/44 43/44/42
f 46/47/45 49/48/46 48/49/47
f 43/44/42 46/47/45 48/49/47
f 43/44/42 48/49/47 45/45/43
g Skn_L_ForeArm_Twist02
f 46/47/45 51/50/48 50/51/49
f 50/51/49 52/52/50 49/48/46
g Skn_L_ForeArm_Twist01
f 53/53/51 36/36/36 37/37/37
f 45/45/43 53/53/51 37/37/37
f 53/53/51 45/45/43 54/54/52
f 48/49/47 49/48/46 55/55/53
f 48/49/47 55/55/53 54/54/52
f 49/48/46 57/56/54 56/57/55
f 28/28/28 44/43/41 31/31/31
f 44/43/41 58/58/56 47/46/44
f 60/59/57 59/60/58 51/50/48
f 47/46/44 60/59/57 51/50/48
f 44/43/41 28/28/28 61/61/59
f 44/43/41 61/61/59 58/58/56
f 62/62/60 61/61/59 28/28/28
f 29/29/29 62/62/60 28/28/28
f 62/62/60 63/63/61 58/58/56
f 61/61/59 62/62/60 58/58/56
f 58/58/56 64/64/62 60/59/57
f 66/65/63 65/66/64 59/60/58
f 60/59/57 66/65/63 59/60/58
f 67/67/65 62/62/60 29/29/29
f 29/29/29 30/30/30 67/67/65
f 67/67/65 68/68/66 63/63/61
f 62/62/60 67/67/65 63/63/61
f 64/64/62 70/69/67 69/70/68
f 66/65/63 64/64/62 69/70/68
f 69/70/68 71/71/69 66/65/63
f 73/72/70 72/73/65 40/40/30
f 40/40/30 41/42/40 73/72/70
f 72/73/65 73/72/70 74/74/71
f 76/75/72 73/72/70 75/76/73
f 75/76/73 78/77/74 77/78/75
g Skn_L_ForeArm_Twist02
f 81/79/76 80/80/77 79/81/78
g Skn_L_ForeArm_Twist01
f 84/82/77 83/83/79 82/84/80
f 85/85/81 84/82/77 82/84/80
g Skn_L_ForeArm_Twist02
f 86/86/82 81/79/76 79/81/78
f 87/87/83 86/86/82 79/81/78
f 89/88/84 88/89/83 85/85/81
f 82/84/80 89/88/84 85/85/81
g Skn_L_ForeArm_Twist01
f 91/90/85 90/91/86 80/80/77
f 81/79/76 91/90/85 80/80/77
f 59/60/58 91/90/85 81/79/76
g Skn_L_ForeArm_Twist02
f 92/92/87 59/60/58 81/79/76
f 93/93/88 92/92/87 81/79/76
f 81/79/76 86/86/82 93/93/88
g Skn_L_ForeArm_Twist01
f 95/94/89 94/95/90 33/33/33
f 35/35/35 96/96/91 95/94/89
f 33/33/33 35/35/35 95/94/89
f 56/57/55 98/97/92 97/98/93
f 55/55/53 56/57/55 97/98/93
f 97/98/93 96/96/91 54/54/52
f 55/55/53 97/98/93 54/54/52
f 99/99/94 98/97/92 56/57/55
f 57/56/54 99/99/94 56/57/55
f 95/94/89 96/96/91 97/98/93
f 100/100/95 95/94/89 97/98/93
f 101/101/96 100/100/95 97/98/93
f 97/98/93 98/97/92 101/101/96
f 101/101/96 98/97/92 99/99/94
f 102/102/97 101/101/96 99/99/94
f 99/99/94 103/103/98 102/102/97
f 94/95/90 95/94/89 104/104/99
f 105/105/100 104/104/99 100/100/95
f 106/106/101 105/105/100 100/100/95
f 101/101/96 106/106/101 100/100/95
f 101/101/96 102/102/97 107/107/102
f 106/106/101 101/101/96 107/107/102
f 107/107/102 102/102/97 108/108/103
f 105/105/100 106/106/101 107/107/102
f 109/109/104 105/105/100 107/107/102
g Skn_L_ForeArm_Twist02
f 107/107/102 108/108/103 110/110/105
g Skn_L_ForeArm_Twist01
f 107/107/102 110/110/105 109/109/104
f 104/104/99 111/111/106 32/32/32
f 112/112/107 111/111/106 104/104/99
f 105/105/100 112/112/107 104/104/99
f 32/32/32 113/113/108 42/41/39
g Skn_L_ForeArm_Twist02
f 114/114/109 52/52/50 50/51/49
f 115/115/110 114/114/109 50/51/49
f 116/116/111 114/114/109 115/115/110
f 117/117/112 116/116/111 115/115/110
f 119/118/113 118/119/114 115/115/110
f 50/51/49 119/118/113 115/115/110
f 118/119/114 120/120/115 117/117/112
f 115/115/110 118/119/114 117/117/112
f 121/121/116 52/52/50 114/114/109
f 114/114/109 116/116/111 122/122/117
f 114/114/109 122/122/117 121/121/116
f 121/121/116 122/122/117 103/103/98
f 125/123/118 124/124/119 123/125/120
f 126/126/121 125/123/118 123/125/120
f 124/124/119 108/108/103 103/103/98
f 122/122/117 127/127/122 126/126/121
f 123/125/120 122/122/117 126/126/121
f 116/116/111 127/127/122 122/122/117
f 103/103/98 108/108/103 102/102/97
f 108/108/103 128/128/123 110/110/105
f 125/123/118 129/129/124 128/128/123
f 124/124/119 125/123/118 128/128/123
g Skn_L_ForeArm_Twist01
f 130/130/125 109/109/104 110/110/105
g Skn_L_ForeArm_Twist02
f 128/128/123 132/131/126 131/132/127
f 110/110/105 128/128/123 131/132/127
f 133/133/128 132/131/126 128/128/123
f 129/129/124 133/133/128 128/128/123
g Skn_L_ForeArm_Twist01
f 112/112/107 105/105/100 109/109/104
f 130/130/125 112/112/107 109/109/104
g Skn_L_ForeArm_Twist02
f 51/50/48 119/118/113 50/51/49
f 51/50/48 59/60/58 92/92/87
f 119/118/113 51/50/48 92/92/87
f 92/92/87 93/93/88 118/119/114
f 119/118/113 92/92/87 118/119/114
f 86/86/82 87/87/83 134/134/129
f 135/135/130 86/86/82 134/134/129
f 93/93/88 86/86/82 135/135/130
f 136/136/131 93/93/88 135/135/130
g Skn_L_ForeArm_Twist03
f 134/134/129 138/137/132 137/138/133
f 135/135/130 134/134/129 137/138/133
g Skn_L_ForeArm_Twist02
f 139/139/134 136/136/131 135/135/130
g Skn_L_ForeArm_Twist03
f 137/138/133 139/139/134 135/135/130
g Skn_L_ForeArm_Twist02
f 142/140/135 141/141/136 140/142/137
f 88/89/83 142/140/135 140/142/137
g Skn_L_ForeArm_Twist03
f 126/126/121 144/143/138 143/144/139
g Skn_L_ForeArm_Twist02
f 125/123/118 126/126/121 143/144/139
f 143/144/139 145/145/140 129/129/124
f 125/123/118 143/144/139 129/129/124
f 145/145/140 133/133/128 129/129/124
g Skn_L_ForeArm_Twist01
f 147/146/141 130/130/125 146/147/142
g Skn_L_ForeArm_Twist02
f 132/131/126 148/148/143 146/147/142
f 131/132/127 132/131/126 146/147/142
g Skn_L_ForeArm_Twist01
f 130/130/125 147/146/141 112/112/107
f 111/111/106 112/112/107 113/113/108
f 113/113/108 149/149/144 41/42/40
f 42/41/39 113/113/108 41/42/40
f 113/113/108 147/146/141 150/150/145
f 150/150/145 149/149/144 113/113/108
f 151/151/146 150/150/145 147/146/141
f 147/146/141 146/147/142 152/152/147
f 147/146/141 153/153/148 151/151/146
f 152/152/147 153/153/148 147/146/141
g Skn_L_ForeArm_Twist02
f 133/133/128 148/148/143 132/131/126
f 154/154/149 146/147/142 148/148/143
f 155/155/150 154/154/149 148/148/143
f 156/156/151 155/155/150 148/148/143
f 133/133/128 156/156/151 148/148/143
g Skn_L_ForeArm_Twist01
f 149/149/144 75/76/73 73/72/70
f 73/72/70 41/42/40 149/149/144
f 151/151/146 78/77/74 150/150/145
g Skn_L_ForeArm_Twist02
f 118/119/114 93/93/88 136/136/131
f 136/136/131 120/120/115 118/119/114
f 120/120/115 136/136/131 157/157/152
g Skn_L_ForeArm_Twist03
f 157/157/152 158/158/153 117/117/112
g Skn_L_ForeArm_Twist02
f 120/120/115 157/157/152 117/117/112
f 159/159/154 140/142/137 141/141/136
f 159/159/154 141/141/136 160/160/155
g Skn_L_ForeArm_Twist03
f 159/159/154 160/160/155 161/161/156
f 162/162/157 137/138/133 138/137/132
g Skn_L_ForeArm_Twist01
f 82/84/80 152/152/147 154/154/149
g Skn_L_ForeArm_Twist02
f 155/155/150 142/140/135 89/88/84
f 89/88/84 154/154/149 155/155/150
f 142/140/135 155/155/150 141/141/136
f 155/155/150 156/156/151 141/141/136
f 156/156/151 163/163/158 160/160/155
f 133/133/128 163/163/158 156/156/151
f 160/160/155 141/141/136 156/156/151
f 126/126/121 127/127/122 144/143/138
g Skn_L_ForeArm_Twist03
f 144/143/138 165/164/159 164/165/160
f 143/144/139 144/143/138 164/165/160
f 166/166/161 145/145/140 143/144/139
f 164/165/160 166/166/161 143/144/139
f 116/116/111 167/167/162 127/127/122
f 136/136/131 139/139/134 157/157/152
g Skn_L_ForeArm_Twist01
f 73/72/70 76/75/72 74/74/71
g Skn_L_ForeArm_Twist02
f 133/133/128 145/145/140 168/168/163
f 133/133/128 168/168/163 163/163/158
g Skn_L_ForeArm_Twist03
f 169/169/164 168/168/163 145/145/140
f 166/166/161 169/169/164 145/145/140
f 170/170/165 163/163/158 168/168/163
f 169/169/164 170/170/165 168/168/163
f 171/171/166 160/160/155 163/163/158
f 170/170/165 171/171/166 163/163/158
f 172/172/167 157/157/152 139/139/134
f 139/139/134 137/138/133 173/173/168
f 174/174/169 158/158/153 157/157/152
f 172/172/167 174/174/169 157/157/152
g Skn_L_ForeArm_Twist02
f 158/158/153 116/116/111 117/117/112
g Skn_L_ForeArm_Twist03
f 175/175/170 167/167/162 158/158/153
f 174/174/169 175/175/170 158/158/153
f 167/167/162 175/175/170 165/164/159
f 144/143/138 167/167/162 165/164/159
g Skn_L_ForeArm_Twist01
f 53/53/51 54/54/52 96/96/91
f 35/35/35 53/53/51 96/96/91
f 63/63/61 64/64/62 58/58/56
f 63/63/61 68/68/66 70/69/67
f 64/64/62 63/63/61 70/69/67
f 177/176/86 176/177/171 83/83/79
f 84/82/77 177/176/86 83/83/79
f 176/177/171 151/151/146 153/153/148
f 83/83/79 176/177/171 153/153/148
f 153/153/148 152/152/147 82/84/80
f 83/83/79 153/153/148 82/84/80
f 65/66/64 71/71/69 90/91/86
f 91/90/85 65/66/64 90/91/86
f 59/60/58 65/66/64 91/90/85
f 178/178/69 78/77/74 176/177/171
f 177/176/86 178/178/69 176/177/171
f 176/177/171 78/77/74 151/151/146
g Skn_L_ForeArm_Twist03
f 174/174/169 180/179/172 179/180/173
f 181/181/174 175/175/170 174/174/169
f 179/180/173 181/181/174 174/174/169
f 172/172/167 182/182/175 180/179/172
f 183/183/176 165/164/159 175/175/170
f 181/181/174 183/183/176 175/175/170
f 162/162/157 185/184/177 184/185/178
f 173/173/168 162/162/157 184/185/178
f 187/186/179 186/187/180 185/184/177
f 162/162/157 187/186/179 185/184/177
f 161/161/156 171/171/166 188/188/181
f 170/170/165 190/189/182 189/190/183
f 166/166/161 191/191/184 169/169/164
f 190/189/182 170/170/165 169/169/164
f 164/165/160 192/192/185 166/166/161
f 165/164/159 183/183/176 192/192/185
f 164/165/160 165/164/159 192/192/185
g Bip001 L Hand
f 195/193/186 194/194/187 193/195/188
g Bip001 L Finger02
f 198/196/189 197/197/190 196/198/191
g Skn_L_ForeArm_Twist03
f 192/192/185 200/199/192 199/200/193
f 192/192/185 199/200/193 191/191/184
f 191/191/184 201/201/194 190/189/182
f 190/189/182 202/202/195 189/190/183
f 189/190/183 204/203/196 203/204/197
f 188/188/181 189/190/183 203/204/197
f 185/184/177 206/205/198 205/206/199
f 184/185/178 185/184/177 205/206/199
f 207/207/200 206/205/198 185/184/177
f 186/187/180 207/207/200 185/184/177
f 182/182/175 184/185/178 208/208/201
f 209/209/202 180/179/172 182/182/175
f 208/208/201 209/209/202 182/182/175
g Bip001 L Hand
f 212/210/203 211/211/204 210/212/205
f 212/210/203 210/212/205 213/213/206
f 215/214/207 214/215/208 210/212/205
f 215/214/207 210/212/205 216/216/209
f 216/216/209 210/212/205 217/217/210
f 217/217/210 210/212/205 211/211/204
f 213/213/206 210/212/205 214/215/208
f 219/218/211 212/210/203 218/219/212
f 221/220/213 220/221/214 212/210/203
f 218/219/212 212/210/203 213/213/206
f 211/211/204 212/210/203 220/221/214
f 211/211/204 223/222/215 222/223/216
f 211/211/204 222/223/216 224/224/217
f 223/222/215 225/225/218 222/223/216
g Bip001 L Finger0
f 228/226/219 227/227/220 226/228/221
g Bip001 L Hand
f 229/229/222 222/223/216 225/225/218
f 229/229/222 230/230/223 222/223/216
f 223/222/215 221/220/213 231/231/224
f 232/232/225 223/222/215 231/231/224
f 232/232/225 231/231/224 233/233/226
f 221/220/213 219/218/211 231/231/224
f 223/222/215 232/232/225 237/234/227
f 221/220/213 223/222/215 220/221/214
f 225/225/218 223/222/215 237/234/227
f 239/235/228 238/236/229 234/237/230
f 233/233/231 239/235/228 234/237/230
f 239/235/228 233/233/231 236/238/232
f 241/239/233 239/235/228 236/238/232
f 242/240/234 239/235/228 241/239/233
f 243/241/235 238/236/229 239/235/228
f 245/242/236 244/243/237 242/240/234
f 247/244/238 246/245/239 243/241/235
f 238/236/229 243/241/235 248/246/240
f 246/245/239 249/247/241 248/246/240
f 251/248/242 250/249/243 248/246/240
f 238/236/229 248/246/240 240/250/244
g Bip001 L Finger1
f 254/251/245 253/252/246 252/253/247
f 255/254/248 254/251/245 252/253/247
f 255/254/248 252/253/247 256/255/249
f 257/256/250 255/254/248 256/255/249
f 259/257/251 258/258/252 252/253/247
f 253/252/246 259/257/251 252/253/247
f 260/259/253 256/255/249 252/253/247
f 258/258/252 260/259/253 252/253/247
f 254/251/245 255/254/248 261/260/254
f 262/261/255 254/251/245 261/260/254
f 261/260/254 255/254/248 257/256/250
f 263/262/256 261/260/254 257/256/250
f 253/252/246 254/251/245 264/263/257
f 265/264/258 253/252/246 264/263/257
f 264/263/257 254/251/245 262/261/255
f 266/265/259 264/263/257 262/261/255
f 259/257/251 253/252/246 265/264/258
f 267/266/260 259/257/251 265/264/258
f 269/267/261 268/268/262 258/258/252
f 259/257/251 269/267/261 258/258/252
f 260/259/253 258/258/252 268/268/262
f 269/267/261 259/257/251 267/266/260
f 270/269/263 269/267/261 267/266/260
f 273/270/264 272/271/263 271/272/265
f 274/273/266 273/270/264 271/272/265
f 277/274/267 276/275/268 275/276/269
f 278/277/270 277/274/267 275/276/269
f 282/278/271 281/279/272 273/270/264
f 274/273/266 282/278/271 273/270/264
f 283/280/273 277/274/267 278/277/270
f 284/281/274 283/280/273 278/277/270
f 287/282/275 286/283/276 285/284/277
f 288/285/278 287/282/275 285/284/277
f 291/286/279 290/287/280 289/288/281
f 292/289/282 291/286/279 289/288/281
f 295/290/283 294/291/284 293/292/276
f 296/293/285 295/290/283 293/292/276
f 284/281/274 287/282/275 288/285/278
f 283/280/273 284/281/274 288/285/278
f 291/286/279 292/289/282 297/294/286
f 298/295/287 291/286/279 297/294/286
f 291/286/279 298/295/287 299/296/288
f 300/297/289 291/286/279 299/296/288
f 302/298/290 301/299/291 298/295/287
f 297/294/286 302/298/290 298/295/287
f 303/300/292 299/296/288 298/295/287
f 301/299/291 303/300/292 298/295/287
f 304/301/293 290/287/280 291/286/279
f 300/297/289 304/301/293 291/286/279
g Bip001 L Hand
f 307/302/294 306/303/295 305/304/296
f 308/305/297 305/304/296 306/303/295
f 310/306/298 309/307/299 308/305/297
f 309/307/299 310/306/298 311/308/300
f 247/244/238 249/247/241 246/245/239
f 312/309/301 311/308/300 310/306/298
f 314/310/302 313/311/303 312/309/301
f 236/238/304 235/312/305 316/313/306
f 315/314/307 317/315/308 235/312/305
f 316/313/306 235/312/305 317/315/308
f 319/316/309 318/317/310 218/219/212
f 316/313/306 321/318/311 236/238/304
f 320/319/312 322/320/313 241/239/233
f 322/320/313 242/240/234 241/239/233
f 317/315/308 315/314/307 323/321/314
f 325/322/315 317/315/308 323/321/314
f 325/322/315 326/323/316 316/313/306
f 317/315/308 325/322/315 316/313/306
f 321/318/311 316/313/306 326/323/316
f 327/324/317 321/318/311 326/323/316
f 327/324/317 328/325/318 320/319/312
f 321/318/311 327/324/317 320/319/312
f 329/326/319 322/320/313 320/319/312
f 328/325/318 329/326/319 320/319/312
g Bip001 L Finger1
f 319/316/309 330/327/320 318/317/310
f 324/328/321 318/317/310 330/327/320
g Bip001 L Hand
f 218/219/212 331/329/322 319/316/309
g Bip001 L Finger1
f 330/327/320 319/316/309 332/330/323
f 331/329/322 332/330/323 319/316/309
g Bip001 L Hand
f 213/213/206 331/329/322 218/219/212
g Bip001 L Finger2
f 326/323/316 325/322/315 333/331/324
f 334/332/325 326/323/316 333/331/324
f 260/259/253 333/331/324 325/322/315
g Bip001 L Hand
f 323/321/314 260/259/253 325/322/315
f 327/324/317 326/323/316 334/332/325
g Bip001 L Finger3
f 335/333/326 327/324/317 334/332/325
g Bip001 L Finger1
f 324/328/321 330/327/320 257/256/250
f 256/255/249 324/328/321 257/256/250
f 257/256/250 330/327/320 263/262/256
f 332/330/323 263/262/256 330/327/320
f 323/321/314 324/328/321 256/255/249
f 260/259/253 323/321/314 256/255/249
g Bip001 L Finger3
f 328/325/318 327/324/317 335/333/326
f 336/334/327 328/325/318 335/333/326
g Bip001 L Finger4
f 337/335/328 329/326/319 328/325/318
f 336/334/327 337/335/328 328/325/318
g Bip001 L Finger3
f 334/332/325 339/336/329 338/337/330
f 335/333/326 334/332/325 338/337/330
f 335/333/326 338/337/330 340/338/331
f 336/334/327 335/333/326 340/338/331
f 342/339/332 341/340/333 338/337/330
f 339/336/329 342/339/332 338/337/330
f 343/341/334 340/338/331 338/337/330
f 341/340/333 343/341/334 338/337/330
g Bip001 L Finger2
f 339/336/329 334/332/325 344/342/335
f 346/343/336 345/344/337 334/332/325
f 333/331/324 346/343/336 334/332/325
f 345/344/337 344/342/335 334/332/325
g Bip001 L Finger3
f 342/339/332 339/336/329 347/345/338
f 348/346/339 342/339/332 347/345/338
g Bip001 L Finger2
f 344/342/335 347/345/338 339/336/329
f 346/343/336 333/331/324 260/259/253
f 349/347/340 346/343/336 260/259/253
f 349/347/340 260/259/253 268/268/262
g Bip001 L Finger3
f 352/348/341 351/349/342 350/350/343
f 353/351/344 352/348/341 350/350/343
f 356/352/345 355/353/346 354/354/347
f 357/355/348 356/352/345 354/354/347
f 358/356/349 350/350/343 351/349/342
f 359/357/350 358/356/349 351/349/342
f 360/358/351 354/354/347 355/353/346
f 361/359/352 360/358/351 355/353/346
f 362/360/353 341/340/333 342/339/332
f 363/361/354 362/360/353 342/339/332
f 364/362/355 343/341/334 341/340/333
f 362/360/353 364/362/355 341/340/333
f 365/363/356 363/361/354 342/339/332
f 348/346/339 365/363/356 342/339/332
f 367/364/357 366/365/358 352/348/341
f 353/351/344 367/364/357 352/348/341
f 368/366/359 356/352/345 357/355/348
f 369/367/360 368/366/359 357/355/348
f 371/368/361 370/369/362 340/338/331
f 343/341/334 371/368/361 340/338/331
f 336/334/327 340/338/331 370/369/362
f 371/368/361 343/341/334 364/362/355
f 372/370/363 371/368/361 364/362/355
g Bip001 L Finger4
f 337/335/328 336/334/327 373/371/364
f 374/372/365 337/335/328 373/371/364
g Bip001 L Finger3
f 373/371/364 336/334/327 370/369/362
g Bip001 L Finger2
f 346/343/336 349/347/340 375/373/366
f 376/374/367 346/343/336 375/373/366
f 375/373/366 349/347/340 268/268/262
f 345/344/337 346/343/336 376/374/367
f 377/375/368 345/344/337 376/374/367
f 377/375/368 344/342/335 345/344/337
f 376/374/367 375/373/366 378/376/369
f 379/377/370 376/374/367 378/376/369
f 378/376/369 375/373/366 380/378/371
f 381/379/372 378/376/369 380/378/371
f 380/378/371 375/373/366 268/268/262
f 377/375/368 376/374/367 379/377/370
f 382/380/373 377/375/368 379/377/370
f 383/381/374 377/375/368 382/380/373
f 384/382/375 383/381/374 382/380/373
f 347/345/338 344/342/335 377/375/368
f 383/381/374 347/345/338 377/375/368
f 386/383/376 385/384/377 378/376/369
f 381/379/372 386/383/376 378/376/369
f 379/377/370 378/376/369 385/384/377
f 387/385/378 379/377/370 385/384/377
f 390/386/372 389/387/379 388/388/380
f 391/389/381 390/386/372 388/388/380
f 388/388/380 389/387/379 281/279/272
f 282/278/271 388/388/380 281/279/272
f 393/390/382 392/391/383 390/386/372
f 391/389/381 393/390/382 390/386/372
g Bip001 L Hand
f 396/392/384 395/393/322 394/394/385
f 394/394/385 395/393/322 397/395/208
g Bip001 L Finger1
f 398/396/386 302/298/290 396/392/384
f 301/299/291 398/396/386 399/397/387
f 303/300/292 301/299/291 399/397/387
g Bip001 L Hand
f 399/397/387 398/396/386 394/394/385
f 400/398/388 399/397/387 394/394/385
g Bip001 L Finger2
f 403/399/389 402/400/390 401/401/391
f 404/402/392 403/399/389 401/401/391
g Bip001 L Finger3
f 406/403/393 405/404/394 402/400/395
f 409/405/396 408/406/359 407/407/397
f 410/408/398 409/405/396 407/407/397
f 413/409/399 412/410/400 411/411/401
f 414/412/402 413/409/399 411/411/401
f 417/413/403 416/404/404 415/414/405
f 418/415/406 417/413/403 415/414/405
f 415/414/405 416/404/404 405/404/394
f 406/403/393 415/414/405 405/404/394
f 359/357/350 420/416/407 419/417/408
f 358/356/349 359/357/350 419/417/408
f 361/359/352 422/418/409 421/419/410
f 360/358/351 361/359/352 421/419/410
f 425/420/411 424/421/412 423/422/413
f 429/423/414 428/424/410 427/425/415
f 430/426/416 429/423/414 427/425/415
f 433/427/417 432/428/418 431/429/419
f 434/430/363 433/427/417 431/429/419
g Bip001 L Finger4
f 329/326/319 337/335/328 436/431/420
f 437/432/421 329/326/319 436/431/420
f 438/433/422 436/431/420 337/335/328
f 374/372/365 438/433/422 337/335/328
f 322/320/313 329/326/319 439/434/423
f 441/435/424 440/436/425 374/372/365
f 373/371/364 441/435/424 374/372/365
f 438/433/422 374/372/365 440/436/425
f 442/437/426 438/433/422 440/436/425
f 441/435/424 373/371/364 370/369/362
f 443/438/427 441/435/424 370/369/362
f 437/432/421 436/431/420 444/439/428
f 445/440/429 444/439/428 436/431/420
f 438/433/422 445/440/429 436/431/420
f 439/434/423 437/432/421 446/441/430
f 446/441/430 437/432/421 447/442/431
f 444/439/428 447/442/431 437/432/421
g Bip001 L Hand
f 242/240/234 439/434/423 245/242/236
f 245/242/236 439/434/423 446/441/430
f 450/443/432 449/444/433 448/445/434
f 306/303/295 307/302/294 449/444/433
g Bip001 L Finger4
f 451/446/435 445/440/429 438/433/422
f 442/437/426 451/446/435 438/433/422
f 440/436/425 441/435/424 452/447/436
f 453/448/437 440/436/425 452/447/436
f 453/448/437 452/447/436 454/449/438
f 455/450/439 453/448/437 454/449/438
f 443/438/427 456/451/440 452/447/436
f 441/435/424 443/438/427 452/447/436
f 457/452/441 454/449/438 452/447/436
f 456/451/440 457/452/441 452/447/436
f 440/436/425 453/448/437 458/453/442
f 442/437/426 440/436/425 458/453/442
f 458/453/442 453/448/437 455/450/439
f 459/454/443 458/453/442 455/450/439
f 461/455/444 460/456/445 456/451/440
f 443/438/427 461/455/444 456/451/440
f 462/457/446 457/452/441 456/451/440
f 460/456/445 462/457/446 456/451/440
f 465/458/447 464/459/444 463/460/448
g Bip001 L Finger3
f 435/461/449 443/438/427 370/369/362
g Bip001 L Finger1
f 300/297/289 299/296/288 282/278/271
f 274/273/266 300/297/289 282/278/271
f 303/300/292 466/462/450 299/296/288
f 282/278/271 299/296/288 466/462/450
f 271/272/265 304/301/293 300/297/289
f 274/273/266 271/272/265 300/297/289
f 468/463/451 467/464/452 303/300/292
f 399/397/387 468/463/451 303/300/292
f 466/462/450 303/300/292 467/464/452
g Bip001 L Hand
f 468/463/451 399/397/387 400/398/388
f 469/465/453 468/463/451 400/398/388
g Bip001 L Finger1
f 466/462/450 470/466/454 282/278/271
g Bip001 L Finger2
f 388/388/380 282/278/271 470/466/454
f 470/466/454 466/462/450 471/467/455
f 472/468/456 470/466/454 471/467/455
f 471/467/455 466/462/450 467/464/452
f 473/469/457 471/467/455 467/464/452
g Bip001 L Hand
f 468/463/451 469/465/453 474/470/458
f 475/471/459 468/463/451 474/470/458
f 400/398/388 476/472/460 469/465/453
f 474/470/458 469/465/453 477/473/461
f 477/473/461 469/465/453 476/472/460
f 473/469/457 467/464/452 468/463/451
f 475/471/459 473/469/457 468/463/451
f 394/394/385 478/474/462 400/398/388
f 478/474/462 476/472/460 400/398/388
g Bip001 L Finger1
f 479/475/463 279/476/464 280/477/465
f 480/478/466 479/475/463 280/477/465
g Bip001 L Finger4
f 451/446/435 442/437/426 458/453/442
f 481/479/467 451/446/435 458/453/442
f 484/480/468 483/481/469 482/482/470
f 485/483/471 484/480/468 482/482/470
f 486/484/472 482/482/470 483/481/469
f 487/485/473 486/484/472 483/481/469
f 484/480/468 485/483/471 488/486/474
f 489/487/475 484/480/468 488/486/474
f 491/488/476 490/489/477 486/484/472
f 487/485/473 491/488/476 486/484/472
f 490/489/477 450/443/432 448/445/434
g Bip001 L Hand
f 475/471/459 474/470/458 492/490/478
f 493/491/479 475/471/459 492/490/478
f 493/491/479 492/490/478 494/492/480
f 495/493/481 493/491/479 494/492/480
f 474/470/458 477/473/461 492/490/478
f 494/492/480 492/490/478 496/494/482
f 477/473/461 496/494/482 492/490/478
f 475/471/459 493/491/479 497/495/483
f 473/469/457 475/471/459 497/495/483
f 498/496/484 497/495/483 493/491/479
f 495/493/481 498/496/484 493/491/479
f 498/496/484 495/493/481 499/497/485
f 500/498/486 498/496/484 499/497/485
f 501/499/487 499/497/485 495/493/481
f 494/492/480 501/499/487 495/493/481
g Bip001 L Finger3
f 502/500/488 497/495/483 498/496/484
f 502/500/488 498/496/484 503/501/489
f 504/502/490 503/501/489 498/496/484
g Bip001 L Finger4
f 500/498/486 504/502/490 498/496/484
g Bip001 L Finger2
f 497/495/483 502/500/488 471/467/455
f 473/469/457 497/495/483 471/467/455
f 471/467/455 502/500/488 505/503/491
f 472/468/456 471/467/455 505/503/491
g Bip001 L Finger3
f 505/503/491 502/500/488 406/403/393
f 506/504/492 502/500/488 503/501/489
f 507/505/493 506/504/492 503/501/489
f 506/504/492 406/403/393 502/500/488
g Bip001 L Hand
f 501/499/487 494/492/480 496/494/482
f 499/497/485 501/499/487 508/506/494
f 509/507/495 499/497/485 508/506/494
f 508/506/494 501/499/487 510/508/496
f 496/494/482 510/508/496 501/499/487
g Bip001 L Finger4
f 509/507/495 511/509/497 499/497/485
f 500/498/486 499/497/485 511/509/497
f 512/510/498 500/498/486 511/509/497
f 491/488/476 511/509/497 509/507/495
f 450/443/432 491/488/476 509/507/495
g Bip001 L Hand
f 450/443/432 509/507/495 449/444/433
f 508/506/494 449/444/433 509/507/495
g Bip001 L Finger4
f 511/509/497 491/488/476 512/510/498
f 500/498/486 512/510/498 513/511/499
f 487/485/473 512/510/498 491/488/476
f 483/481/469 514/512/500 512/510/498
f 487/485/473 483/481/469 512/510/498
f 514/512/500 513/511/499 512/510/498
f 513/511/499 504/502/490 500/498/486
f 491/488/476 450/443/432 490/489/477
g Bip001 L Finger2
f 515/513/501 388/388/380 470/466/454
f 472/468/456 515/513/501 470/466/454
f 403/399/389 515/513/501 472/468/456
f 505/503/491 403/399/389 472/468/456
f 391/389/381 388/388/380 515/513/501
f 516/514/502 391/389/381 515/513/501
f 517/515/503 393/390/382 391/389/381
f 516/514/502 517/515/503 391/389/381
f 516/514/502 515/513/501 403/399/389
f 404/402/392 516/514/502 403/399/389
f 518/516/504 517/515/503 516/514/502
f 404/402/392 518/516/504 516/514/502
f 519/517/505 518/516/504 404/402/392
f 401/401/391 519/517/505 404/402/392
g Bip001 L Finger3
f 520/518/506 415/414/405 506/504/492
f 507/505/493 520/518/506 506/504/492
f 415/414/405 406/403/393 506/504/492
f 504/502/490 465/458/447 507/505/493
f 503/501/489 504/502/490 507/505/493
f 432/428/418 520/518/506 507/505/493
f 465/458/447 432/428/418 507/505/493
g Bip001 L Finger4
f 504/502/490 513/511/499 465/458/447
f 464/459/444 465/458/447 513/511/499
g Bip001 L Finger3
f 410/408/398 522/519/507 521/520/508
f 409/405/396 410/408/398 521/520/508
f 414/412/402 524/521/509 523/522/510
f 413/409/399 414/412/402 523/522/510
f 426/523/511 523/522/510 524/521/509
f 430/426/416 521/520/508 522/519/507
f 429/423/414 430/426/416 522/519/507
f 418/415/406 415/414/405 520/518/506
f 525/524/512 418/415/406 520/518/506
f 525/524/512 520/518/506 432/428/418
f 433/427/417 525/524/512 432/428/418
g Bip001 L Finger4
f 464/459/444 513/511/499 514/512/500
f 526/525/513 464/459/444 514/512/500
f 528/526/514 527/527/515 464/459/444
f 526/525/513 528/526/514 464/459/444
f 484/480/468 526/525/513 514/512/500
f 483/481/469 484/480/468 514/512/500
f 526/525/513 484/480/468 489/487/475
f 528/526/514 526/525/513 489/487/475
g Bip001 L Hand
f 508/506/494 308/305/297 306/303/295
f 308/305/297 508/506/494 510/508/496
f 510/508/496 310/306/298 308/305/297
g Bip001 L Finger12
f 531/528/516 530/529/517 529/530/518
f 532/531/519 531/528/516 529/530/518
f 532/531/519 529/530/518 533/532/520
f 534/533/521 533/532/520 529/530/518
f 534/533/521 529/530/518 530/529/517
f 535/534/522 534/533/521 530/529/517
f 538/535/523 537/536/524 536/537/525
f 539/538/526 538/535/523 536/537/525
f 539/538/526 536/537/525 540/539/527
f 541/540/528 539/538/526 540/539/527
f 544/541/529 543/542/530 542/543/531
f 545/544/532 544/541/529 542/543/531
f 547/545/533 546/546/534 543/542/530
f 544/541/529 547/545/533 543/542/530
f 550/547/535 549/548/536 548/549/530
f 551/550/537 550/547/535 548/549/530
f 553/551/538 552/552/531 548/549/530
f 549/548/536 553/551/538 548/549/530
f 547/545/533 544/541/529 554/553/539
f 555/554/540 547/545/533 554/553/539
f 554/553/539 544/541/529 545/544/532
f 556/555/541 554/553/539 545/544/532
f 557/556/542 541/540/528 547/545/533
f 555/554/540 557/556/542 547/545/533
f 541/540/528 540/539/527 546/546/534
f 547/545/533 541/540/528 546/546/534
f 534/533/521 550/547/535 551/550/537
f 533/532/520 534/533/521 551/550/537
g Bip001 L Finger22
f 560/557/543 559/558/544 558/559/545
f 561/560/546 560/557/543 558/559/545
f 561/560/546 558/559/545 562/561/547
g Bip001 L Finger32
f 565/562/548 564/563/549 563/564/550
f 566/565/551 565/562/548 563/564/550
f 566/565/551 563/564/550 567/566/552
f 570/567/553 569/568/554 568/569/555
f 571/570/556 570/567/553 568/569/555
f 573/571/557 572/572/558 568/569/555
f 569/568/554 573/571/557 568/569/555
f 567/566/552 563/564/550 574/573/559
g Bip001 L Finger12
f 577/574/560 576/575/561 575/576/562
f 578/577/563 577/574/560 575/576/562
f 578/577/563 575/576/562 579/578/564
f 580/579/565 579/578/564 575/576/562
f 583/580/566 582/581/567 581/582/568
f 584/583/569 583/580/566 581/582/568
f 581/582/568 582/581/567 585/584/570
f 576/575/561 577/574/560 586/585/571
f 587/586/572 576/575/561 586/585/571
f 587/586/572 586/585/571 537/536/524
f 538/535/523 587/586/572 537/536/524
f 584/583/569 589/587/573 588/588/571
f 583/580/566 584/583/569 588/588/571
f 531/528/516 588/588/571 589/587/573
f 530/529/517 531/528/516 589/587/573
f 580/579/565 575/576/562 576/575/561
f 557/556/542 580/579/565 576/575/561
f 576/575/561 587/586/572 557/556/542
f 557/556/542 587/586/572 538/535/523
f 550/547/535 534/533/521 535/534/522
f 590/589/574 550/547/535 535/534/522
g Bip001 L Finger22
f 593/590/575 592/591/576 591/592/577
f 594/593/578 593/590/575 591/592/577
f 597/594/579 596/595/580 595/596/581
f 598/597/582 597/594/579 595/596/581
g Bip001 L Finger21
f 592/591/576 599/598/583 591/592/577
f 595/596/581 596/595/580 600/599/584
f 601/600/585 595/596/581 600/599/584
g Bip001 L Finger22
f 593/590/575 594/593/578 602/601/586
f 603/602/587 593/590/575 602/601/586
f 605/603/588 604/604/589 597/594/579
f 598/597/582 605/603/588 597/594/579
f 592/591/576 593/590/575 606/605/590
f 606/605/590 593/590/575 603/602/587
f 607/606/591 606/605/590 603/602/587
g Bip001 L Finger21
f 599/598/583 592/591/576 608/607/592
f 608/607/592 592/591/576 609/608/593
f 610/609/594 608/607/592 609/608/593
f 609/608/593 592/591/576 606/605/590
g Bip001 L Finger22
f 558/559/545 559/558/544 611/610/595
f 612/611/596 558/559/545 611/610/595
f 613/612/597 611/610/595 559/558/544
f 614/613/598 613/612/597 559/558/544
f 615/614/599 562/561/547 558/559/545
f 612/611/596 615/614/599 558/559/545
f 559/558/544 560/557/543 614/613/598
g Bip001 L Finger21
f 617/615/600 616/616/601 595/596/581
f 601/600/585 617/615/600 595/596/581
g Bip001 L Finger22
f 618/617/602 598/597/582 595/596/581
f 616/616/601 618/617/602 595/596/581
g Bip001 L Finger21
f 616/616/601 617/615/600 619/618/603
f 620/619/604 616/616/601 619/618/603
g Bip001 L Finger22
f 621/620/605 618/617/602 616/616/601
f 620/619/604 621/620/605 616/616/601
f 623/621/606 622/622/607 613/612/597
f 614/613/598 623/621/606 613/612/597
f 626/623/608 625/624/609 624/625/610
f 627/626/611 626/623/608 624/625/610
f 624/625/610 625/624/609 628/627/612
f 629/628/613 624/625/610 628/627/612
f 631/629/614 630/630/615 626/623/608
f 627/626/611 631/629/614 626/623/608
f 633/631/616 632/632/617 630/630/615
f 631/629/614 633/631/616 630/630/615
f 634/633/618 633/631/616 631/629/614
f 627/626/611 634/633/618 631/629/614
g Bip001 L Finger31
f 637/634/619 636/635/620 635/636/621
f 638/637/622 637/634/619 635/636/621
f 640/638/623 639/639/624 635/636/621
f 636/635/620 640/638/623 635/636/621
f 643/640/625 642/641/626 641/642/627
f 636/635/620 637/634/619 644/643/628
f 645/644/629 636/635/620 644/643/628
f 647/645/630 646/646/631 643/640/625
f 641/642/627 647/645/630 643/640/625
f 640/638/623 636/635/620 645/644/629
f 648/647/632 640/638/623 645/644/629
f 650/648/633 649/649/634 638/637/622
f 635/636/621 650/648/633 638/637/622
g Bip001 L Finger32
f 652/650/635 651/651/636 649/649/634
f 650/648/633 652/650/635 649/649/634
f 655/652/637 654/653/638 653/654/639
f 656/655/640 653/654/639 654/653/638
g Bip001 L Finger31
f 656/655/640 642/641/626 653/654/639
f 639/639/624 657/656/641 650/648/633
f 635/636/621 639/639/624 650/648/633
g Bip001 L Finger32
f 658/657/642 652/650/635 650/648/633
f 657/656/641 658/657/642 650/648/633
f 570/567/553 571/570/556 651/651/636
f 652/650/635 570/567/553 651/651/636
f 654/653/638 655/652/637 564/563/549
f 565/562/548 654/653/638 564/563/549
f 661/658/643 660/659/644 659/660/645
f 662/661/646 661/658/643 659/660/645
f 662/661/646 659/660/645 573/571/557
f 569/568/554 662/661/646 573/571/557
g Bip001 L Finger42
f 665/662/647 664/663/648 663/664/649
f 666/665/650 665/662/647 663/664/649
f 666/665/650 663/664/649 667/666/651
f 668/667/652 666/665/650 667/666/651
f 671/668/653 670/669/654 669/670/655
f 672/671/656 671/668/653 669/670/655
f 674/672/657 673/673/658 669/670/655
f 670/669/654 674/672/657 669/670/655
f 665/662/647 666/665/650 675/674/659
f 676/675/660 665/662/647 675/674/659
f 677/676/661 675/674/659 666/665/650
f 668/667/652 677/676/661 666/665/650
f 664/663/648 665/662/647 678/677/662
f 679/678/663 664/663/648 678/677/662
f 680/679/664 678/677/662 665/662/647
f 676/675/660 680/679/664 665/662/647
f 681/680/663 671/668/653 672/671/656
g Bip001 L Finger32
f 683/681/665 658/657/642 682/682/666
f 684/683/667 683/681/665 682/682/666
f 684/683/667 682/682/666 685/684/668
f 657/656/641 686/685/669 682/682/666
f 658/657/642 657/656/641 682/682/666
f 688/686/670 687/687/671 682/682/666
f 686/685/669 688/686/670 682/682/666
f 689/688/672 685/684/668 682/682/666
f 687/687/671 689/688/672 682/682/666
f 683/681/665 684/683/667 661/658/643
f 662/661/646 683/681/665 661/658/643
f 661/658/643 684/683/667 685/684/668
f 690/689/673 661/658/643 685/684/668
f 658/657/642 683/681/665 570/567/553
f 652/650/635 658/657/642 570/567/553
f 569/568/554 570/567/553 683/681/665
f 662/661/646 569/568/554 683/681/665
g Bip001 L Finger3
f 691/690/674 356/352/345 368/366/359
g Bip001 L Finger31
f 692/691/675 691/690/674 368/366/359
f 693/692/676 408/406/359 409/405/396
f 356/352/345 691/690/674 694/693/677
g Bip001 L Finger3
f 355/353/346 356/352/345 694/693/677
g Bip001 L Finger32
f 697/694/678 696/695/679 695/696/680
f 698/697/681 697/694/678 695/696/680
f 698/697/681 695/696/680 654/653/638
f 565/562/548 698/697/681 654/653/638
f 696/695/679 699/698/682 695/696/680
f 656/655/640 654/653/638 695/696/680
g Bip001 L Finger31
f 656/655/640 695/696/680 699/698/682
g Bip001 L Finger32
f 697/694/678 698/697/681 700/699/683
f 701/700/684 697/694/678 700/699/683
f 700/699/683 698/697/681 565/562/548
f 566/565/551 700/699/683 565/562/548
f 696/695/679 697/694/678 702/701/685
f 703/702/686 696/695/679 702/701/685
f 704/703/687 702/701/685 697/694/678
f 701/700/684 704/703/687 697/694/678
f 699/698/682 696/695/679 703/702/686
g Bip001 L Finger21
f 707/704/688 706/705/689 705/706/690
f 708/707/691 707/704/688 705/706/690
f 708/707/691 705/706/690 709/708/692
f 710/709/693 708/707/691 709/708/692
f 619/618/603 617/615/600 705/706/690
f 706/705/689 619/618/603 705/706/690
f 601/600/585 709/708/692 705/706/690
f 617/615/600 601/600/585 705/706/690
f 707/704/688 708/707/691 711/710/694
f 712/711/695 707/704/688 711/710/694
f 711/710/694 708/707/691 710/709/693
f 713/712/696 711/710/694 710/709/693
f 706/705/689 707/704/688 714/713/697
f 715/714/698 706/705/689 714/713/697
f 716/715/699 714/713/697 707/704/688
f 712/711/695 716/715/699 707/704/688
f 717/716/700 619/618/603 706/705/689
f 715/714/698 717/716/700 706/705/689
g Bip001 L Finger42
f 720/717/701 719/718/702 718/719/703
f 721/720/704 720/717/701 718/719/703
f 721/720/704 718/719/703 670/669/654
f 671/668/653 721/720/704 670/669/654
f 723/721/705 722/722/706 718/719/703
f 719/718/702 723/721/705 718/719/703
f 674/672/657 670/669/654 718/719/703
f 722/722/706 674/672/657 718/719/703
f 720/717/701 721/720/704 724/723/707
f 724/723/707 721/720/704 671/668/653
f 719/718/702 720/717/701 725/724/708
f 726/725/709 719/718/702 725/724/708
f 727/726/710 720/717/701 724/723/707
f 727/726/710 725/724/708 720/717/701
f 728/727/711 723/721/705 719/718/702
f 726/725/709 728/727/711 719/718/702
g Bip001 L Finger12
f 729/728/712 581/582/568 585/584/570
f 730/729/713 729/728/712 585/584/570
f 731/730/714 584/583/569 581/582/568
f 729/728/712 731/730/714 581/582/568
f 729/728/712 730/729/713 732/731/715
f 733/732/716 729/728/712 732/731/715
f 735/733/717 734/734/718 580/579/565
f 736/735/719 735/733/717 580/579/565
f 579/578/564 580/579/565 734/734/718
f 737/736/720 731/730/714 729/728/712
f 733/732/716 737/736/720 729/728/712
f 738/737/721 535/534/522 530/529/517
f 589/587/573 738/737/721 530/529/517
g Bip001 L Finger32
f 700/699/683 566/565/551 567/566/552
g Bip001 L Finger22
f 739/738/722 622/622/607 623/621/606
f 740/739/723 739/738/722 623/621/606
f 741/740/724 629/628/613 628/627/612
f 742/741/722 741/740/724 628/627/612
f 560/557/543 740/739/723 623/621/606
f 614/613/598 560/557/543 623/621/606
g Bip001 L Finger12
f 733/732/716 744/742/725 743/743/726
f 737/736/720 733/732/716 743/743/726
f 737/736/720 743/743/726 745/744/727
f 746/745/728 737/736/720 745/744/727
f 744/742/725 747/746/729 743/743/726
g Bip001 L Finger11
f 747/746/729 748/747/730 743/743/726
g Bip001 L Finger12
f 748/747/730 745/744/727 743/743/726
f 738/737/721 731/730/714 737/736/720
f 746/745/728 738/737/721 737/736/720
f 744/742/725 733/732/716 732/731/715
f 749/748/731 744/742/725 732/731/715
f 747/746/729 744/742/725 749/748/731
f 750/749/732 747/746/729 749/748/731
g Bip001 L Finger22
f 751/750/733 621/620/605 620/619/604
f 752/751/734 751/750/733 620/619/604
g Bip001 L Finger21
f 752/751/734 620/619/604 619/618/603
f 717/716/700 752/751/734 619/618/603
f 755/752/735 754/753/736 753/754/737
g Bip001 L Finger22
f 756/755/738 755/752/735 753/754/737
g Bip001 L Finger21
f 753/754/737 754/753/736 757/756/700
g Bip001 L Finger22
f 621/620/605 751/750/733 758/757/739
f 759/758/740 621/620/605 758/757/739
f 761/759/741 760/760/742 755/752/735
f 756/755/738 761/759/741 755/752/735
f 618/617/602 621/620/605 759/758/740
f 762/761/743 618/617/602 759/758/740
g Bip001 L Finger11
f 750/749/732 763/762/744 747/746/729
f 748/747/730 747/746/729 764/763/745
f 765/764/746 748/747/730 764/763/745
f 764/763/745 747/746/729 763/762/744
g Bip001 L Finger1
f 768/765/747 767/766/748 766/767/749
f 769/768/750 768/765/747 766/767/749
f 769/768/750 766/767/749 770/769/751
f 771/770/752 769/768/750 770/769/751
f 770/769/751 766/767/749 772/771/753
f 773/772/754 770/769/751 772/771/753
f 774/773/755 772/771/753 766/767/749
f 767/766/748 774/773/755 766/767/749
f 771/770/752 770/769/751 775/774/756
f 776/775/757 771/770/752 775/774/756
f 777/776/758 775/774/756 770/769/751
f 773/772/754 777/776/758 770/769/751
g Bip001 L Finger11
f 780/777/759 779/778/760 778/779/761
g Bip001 L Finger1
f 777/776/758 780/777/759 778/779/761
f 783/780/762 782/781/763 781/782/764
g Bip001 L Finger11
f 784/783/765 781/782/764 782/781/763
g Bip001 L Finger1
f 777/776/758 778/779/761 785/784/766
f 775/774/756 777/776/758 785/784/766
f 783/780/762 786/785/766 782/781/763
g Bip001 L Finger11
f 787/786/767 780/777/759 777/776/758
f 773/772/754 787/786/767 777/776/758
g Bip001 L Finger42
f 790/787/768 789/788/769 788/789/770
f 791/790/771 788/789/770 789/788/769
g Bip001 L Finger41
f 794/791/772 793/792/773 792/793/774
f 795/794/775 794/791/772 792/793/774
f 795/794/775 792/793/774 796/795/776
f 797/796/777 795/794/775 796/795/776
g Bip001 L Finger42
f 799/797/778 798/798/779 792/793/774
f 793/792/773 799/797/778 792/793/774
f 796/795/776 792/793/774 798/798/779
f 800/799/780 796/795/776 798/798/779
g Bip001 L Finger41
f 793/792/773 794/791/772 801/800/781
f 802/801/782 793/792/773 801/800/781
g Bip001 L Finger42
f 799/797/778 793/792/773 802/801/782
f 680/679/664 799/797/778 802/801/782
g Bip001 L Finger32
f 660/659/644 661/658/643 803/802/783
f 661/658/643 690/689/673 803/802/783
g Bip001 L Finger21
f 804/803/784 599/598/583 608/607/592
g Bip001 L Finger12
f 736/735/719 806/804/785 805/805/731
f 735/733/717 736/735/719 805/805/731
f 808/806/786 807/807/787 805/805/731
f 806/804/785 808/806/786 805/805/731
f 806/804/785 736/735/719 555/554/540
f 554/553/539 806/804/785 555/554/540
f 555/554/540 736/735/719 580/579/565
f 557/556/542 555/554/540 580/579/565
f 808/806/786 806/804/785 554/553/539
f 556/555/541 808/806/786 554/553/539
g Bip001 L Finger11
f 811/808/788 810/809/789 809/810/790
f 812/811/744 811/808/788 809/810/790
f 763/762/744 813/812/790 764/763/745
f 815/813/791 814/814/792 809/810/790
f 810/809/789 815/813/791 809/810/790
f 816/815/793 764/763/745 813/812/790
f 817/816/792 816/815/793 813/812/790
f 810/809/789 811/808/788 818/817/794
f 819/818/795 810/809/789 818/817/794
f 820/819/796 815/813/791 810/809/789
f 819/818/795 820/819/796 810/809/789
f 823/820/797 822/821/798 821/822/799
f 824/823/800 823/820/797 821/822/799
f 827/824/801 826/825/798 825/826/802
f 818/817/794 823/820/797 824/823/800
f 819/818/795 818/817/794 824/823/800
f 822/821/798 823/820/797 545/544/532
f 542/543/531 822/821/798 545/544/532
g Bip001 L Finger12
f 556/555/541 545/544/532 823/820/797
g Bip001 L Finger11
f 818/817/794 556/555/541 823/820/797
f 553/551/538 826/825/798 552/552/531
f 553/551/538 825/826/802 826/825/798
g Bip001 L Finger12
f 818/817/794 811/808/788 808/806/786
f 556/555/541 818/817/794 808/806/786
g Bip001 L Finger11
f 808/806/786 811/808/788 812/811/744
f 807/807/787 808/806/786 812/811/744
g Bip001 L Finger1
f 296/293/285 479/475/463 480/478/466
f 295/290/283 296/293/285 480/478/466
f 828/827/803 786/785/766 783/780/762
f 829/828/804 828/827/803 783/780/762
f 829/828/804 783/780/762 830/829/805
f 831/830/806 829/828/804 830/829/805
f 830/829/805 783/780/762 781/782/764
f 832/831/807 830/829/805 781/782/764
f 831/830/806 830/829/805 833/832/808
f 834/833/809 831/830/806 833/832/808
f 835/834/810 833/832/808 830/829/805
f 832/831/807 835/834/810 830/829/805
g Bip001 L Finger21
f 713/712/696 837/835/811 836/836/812
f 838/837/813 713/712/696 836/836/812
f 838/837/813 836/836/812 839/838/814
g Bip001 L Finger2
f 840/839/815 838/837/813 839/838/814
g Bip001 L Finger21
f 843/840/816 842/841/817 841/842/818
f 844/843/819 843/840/816 841/842/818
f 842/841/817 845/844/814 841/842/818
f 713/712/696 838/837/813 846/845/820
f 711/710/694 713/712/696 846/845/820
f 846/845/820 838/837/813 840/839/815
g Bip001 L Finger2
f 847/846/821 846/845/820 840/839/815
g Bip001 L Finger21
f 837/835/811 713/712/696 710/709/693
f 848/847/822 837/835/811 710/709/693
f 843/840/816 844/843/819 849/848/823
f 850/849/824 843/840/816 849/848/823
f 601/600/585 600/599/584 851/850/825
f 709/708/692 601/600/585 851/850/825
f 753/754/737 757/756/700 852/851/826
f 753/754/737 852/851/826 610/609/594
f 609/608/593 753/754/737 610/609/594
f 853/852/827 852/851/826 757/756/700
f 855/853/828 854/854/829 852/851/826
f 853/852/827 855/853/828 852/851/826
f 610/609/594 852/851/826 854/854/829
f 856/855/830 610/609/594 854/854/829
g Bip001 L Finger22
f 756/755/738 753/754/737 857/856/831
g Bip001 L Finger21
f 609/608/593 857/856/831 753/754/737
f 860/857/832 859/858/833 858/859/834
f 861/860/835 860/857/832 858/859/834
f 861/860/835 858/859/834 862/861/836
f 863/862/837 861/860/835 862/861/836
f 859/858/833 864/863/838 858/859/834
f 862/861/836 858/859/834 865/864/839
g Bip001 L Finger2
f 866/865/840 862/861/836 865/864/839
f 865/864/839 858/859/834 864/863/838
g Bip001 L Finger21
f 860/857/832 861/860/835 854/854/829
f 855/853/828 860/857/832 854/854/829
f 856/855/830 854/854/829 861/860/835
f 863/862/837 856/855/830 861/860/835
f 867/866/841 716/715/699 712/711/695
f 868/867/842 867/866/841 712/711/695
f 870/868/843 869/869/844 867/866/841
f 868/867/842 870/868/843 867/866/841
f 711/710/694 846/845/820 868/867/842
f 712/711/695 711/710/694 868/867/842
f 847/846/821 870/868/843 868/867/842
f 846/845/820 847/846/821 868/867/842
g Bip001 L Finger32
f 688/686/670 686/685/669 871/870/845
g Bip001 L Finger31
f 872/871/846 688/686/670 871/870/845
f 639/639/624 871/870/845 686/685/669
f 657/656/641 639/639/624 686/685/669
g Bip001 L Finger32
f 875/872/847 874/873/848 873/874/849
g Bip001 L Finger31
f 877/875/850 876/876/851 874/873/848
g Bip001 L Finger32
f 873/874/849 874/873/848 876/876/851
f 878/877/852 875/872/847 873/874/849
f 879/878/853 878/877/852 873/874/849
g Bip001 L Finger21
f 804/803/784 608/607/592 850/849/824
f 849/848/823 804/803/784 850/849/824
f 850/849/824 608/607/592 610/609/594
f 856/855/830 850/849/824 610/609/594
g Bip001 L Finger22
f 880/879/854 761/759/741 756/755/738
f 857/856/831 880/879/854 756/755/738
g Bip001 L Finger21
f 863/862/837 862/861/836 842/841/817
f 843/840/816 863/862/837 842/841/817
g Bip001 L Finger2
f 866/865/840 881/880/855 842/841/817
g Bip001 L Finger21
f 862/861/836 866/865/840 842/841/817
g Bip001 L Finger2
f 881/880/855 845/844/814 842/841/817
g Bip001 L Finger21
f 863/862/837 843/840/816 850/849/824
f 856/855/830 863/862/837 850/849/824
g Bip001 L Finger22
f 598/597/582 618/617/602 762/761/743
f 882/881/856 598/597/582 762/761/743
g Bip001 L Finger32
f 685/684/668 689/688/672 883/882/857
f 690/689/673 685/684/668 883/882/857
f 885/883/858 884/884/859 878/877/852
f 879/878/853 885/883/858 878/877/852
g Bip001 L Finger42
f 887/885/860 886/886/861 727/726/710
f 887/885/860 727/726/710 724/723/707
g Bip001 L Finger41
f 888/887/862 887/885/860 724/723/707
g Bip001 L Finger42
f 886/886/861 889/888/863 727/726/710
f 725/724/708 727/726/710 889/888/863
f 890/889/864 725/724/708 889/888/863
g Bip001 L Finger41
f 886/886/861 887/885/860 891/890/865
f 891/890/865 887/885/860 892/891/866
f 893/892/867 892/891/866 887/885/860
f 888/887/862 893/892/867 887/885/860
g Bip001 L Finger31
f 894/893/868 409/405/396 521/520/508
f 895/894/869 894/893/868 521/520/508
f 894/893/868 693/692/676 409/405/396
g Bip001 L Finger32
f 660/659/644 803/802/783 896/895/870
f 897/896/871 660/659/644 896/895/870
f 896/895/870 803/802/783 690/689/673
f 883/882/857 896/895/870 690/689/673
f 897/896/871 898/897/872 659/660/645
f 660/659/644 897/896/871 659/660/645
f 573/571/557 659/660/645 898/897/872
f 572/572/558 573/571/557 898/897/872
f 901/898/873 900/899/870 899/900/874
f 901/898/873 899/900/874 902/901/875
f 903/902/876 901/898/873 902/901/875
f 902/901/875 899/900/874 704/703/687
f 701/700/684 902/901/875 704/703/687
f 704/703/687 899/900/874 900/899/870
f 885/883/858 704/703/687 900/899/870
f 903/902/876 902/901/875 567/566/552
f 574/573/559 903/902/876 567/566/552
f 700/699/683 567/566/552 902/901/875
f 701/700/684 700/699/683 902/901/875
g Bip001 L Finger31
f 877/875/850 905/903/877 904/904/878
f 877/875/850 904/904/878 876/876/851
f 907/905/879 906/906/880 904/904/878
f 905/903/877 907/905/879 904/904/878
f 909/907/881 908/908/882 904/904/878
f 906/906/880 909/907/881 904/904/878
f 699/698/682 876/876/851 904/904/878
f 908/908/882 699/698/682 904/904/878
f 910/909/877 872/871/846 871/870/845
f 911/910/883 910/909/877 871/870/845
f 913/911/884 912/912/879 910/909/877
f 911/910/883 913/911/884 910/909/877
f 908/908/882 641/642/627 656/655/640
f 699/698/682 908/908/882 656/655/640
f 641/642/627 642/641/626 656/655/640
g Bip001 L Finger32
f 879/878/853 873/874/849 703/702/686
f 702/701/685 879/878/853 703/702/686
f 876/876/851 703/702/686 873/874/849
g Bip001 L Finger21
f 710/709/693 709/708/692 851/850/825
f 848/847/822 710/709/693 851/850/825
g Bip001 L Finger31
f 871/870/845 639/639/624 640/638/623
f 911/910/883 871/870/845 640/638/623
f 876/876/851 699/698/682 703/702/686
f 648/647/632 913/911/884 911/910/883
f 640/638/623 648/647/632 911/910/883
f 916/913/885 915/914/886 914/915/887
f 917/916/888 916/913/885 914/915/887
f 917/916/888 914/915/887 645/644/629
f 644/643/628 917/916/888 645/644/629
f 919/917/889 918/918/890 914/915/887
f 915/914/886 919/917/889 914/915/887
f 648/647/632 645/644/629 914/915/887
f 918/918/890 648/647/632 914/915/887
f 922/919/891 921/920/892 920/921/893
f 923/922/894 922/919/891 920/921/893
f 647/645/630 920/921/893 921/920/892
f 646/646/631 647/645/630 921/920/892
f 915/914/886 916/913/885 924/923/895
f 925/924/896 915/914/886 924/923/895
f 926/925/897 922/919/891 923/922/894
f 694/693/677 919/917/889 915/914/886
f 925/924/896 694/693/677 915/914/886
f 927/926/898 894/893/868 895/894/869
f 928/927/899 927/926/898 895/894/869
f 928/927/899 895/894/869 923/922/894
f 920/921/893 928/927/899 923/922/894
f 923/922/894 895/894/869 521/520/508
f 430/426/416 923/922/894 521/520/508
f 927/926/898 928/927/899 909/907/881
f 906/906/880 927/926/898 909/907/881
f 909/907/881 928/927/899 920/921/893
f 647/645/630 909/907/881 920/921/893
f 894/893/868 927/926/898 929/928/900
f 930/929/901 894/893/868 929/928/900
f 929/928/900 927/926/898 906/906/880
f 907/905/879 929/928/900 906/906/880
f 930/929/901 693/692/676 894/893/868
g Bip001 L Finger32
f 702/701/685 704/703/687 885/883/858
f 879/878/853 702/701/685 885/883/858
g Bip001 L Finger31
f 694/693/677 925/924/896 361/359/352
g Bip001 L Finger3
f 355/353/346 694/693/677 361/359/352
g Bip001 L Finger31
f 361/359/352 925/924/896 924/923/895
f 422/418/409 361/359/352 924/923/895
f 919/917/889 694/693/677 691/690/674
f 931/930/902 919/917/889 691/690/674
g Bip001 L Finger41
f 795/794/775 797/796/777 932/931/903
f 933/932/904 795/794/775 932/931/903
f 934/933/905 891/890/865 892/891/866
f 794/791/772 795/794/775 933/932/904
f 935/934/906 794/791/772 933/932/904
f 801/800/781 794/791/772 935/934/906
f 936/935/907 801/800/781 935/934/906
f 937/936/908 801/800/781 936/935/907
f 938/937/909 937/936/908 936/935/907
g Bip001 L Finger42
f 939/938/910 802/801/782 801/800/781
f 937/936/908 939/938/910 801/800/781
f 888/887/862 724/723/707 681/680/663
f 940/939/911 888/887/862 681/680/663
f 681/680/663 724/723/707 671/668/653
g Bip001 L Finger41
f 941/940/912 893/892/867 888/887/862
f 940/939/911 941/940/912 888/887/862
g Bip001 L Finger11
f 835/834/810 832/831/807 942/941/913
f 943/942/914 835/834/810 942/941/913
f 942/941/913 832/831/807 781/782/764
f 944/943/915 942/941/913 781/782/764
g Bip001 L Finger1
f 833/832/808 835/834/810 945/944/755
f 945/944/755 835/834/810 946/945/916
g Bip001 L Finger11
f 947/946/917 946/945/916 835/834/810
f 943/942/914 947/946/917 835/834/810
g Bip001 L Finger1
f 948/947/918 834/833/809 833/832/808
f 949/948/919 948/947/918 833/832/808
f 949/948/919 833/832/808 945/944/755
g Bip001 L Finger12
f 553/551/538 549/548/536 950/949/920
f 950/949/920 549/548/536 550/547/535
f 590/589/574 950/949/920 550/547/535
g Bip001 L Finger11
f 748/747/730 553/551/538 950/949/920
f 765/764/746 825/826/802 553/551/538
f 748/747/730 765/764/746 553/551/538
f 819/818/795 824/823/800 951/950/921
f 820/819/796 819/818/795 951/950/921
f 951/950/921 824/823/800 821/822/799
f 952/951/922 951/950/921 821/822/799
g Bip001 L Finger1
f 776/775/757 775/774/756 785/784/766
f 953/952/923 776/775/757 785/784/766
f 772/771/753 774/773/755 954/953/924
g Bip001 L Finger11
f 955/954/925 772/771/753 954/953/924
f 773/772/754 772/771/753 955/954/925
f 787/786/767 773/772/754 955/954/925
g Bip001 L Finger12
f 950/949/920 745/744/727 748/747/730
f 745/744/727 950/949/920 590/589/574
f 746/745/728 745/744/727 590/589/574
f 746/745/728 590/589/574 535/534/522
f 738/737/721 746/745/728 535/534/522
g Bip001 L Finger22
f 857/856/831 609/608/593 606/605/590
f 880/879/854 857/856/831 606/605/590
f 607/606/591 880/879/854 606/605/590
g Bip001 L Finger42
f 956/955/926 798/798/779 799/797/778
f 957/956/927 956/955/926 799/797/778
f 957/956/927 799/797/778 680/679/664
f 676/675/660 957/956/927 680/679/664
f 956/955/926 957/956/927 958/957/928
f 959/958/929 956/955/926 958/957/928
f 675/674/659 958/957/928 957/956/927
f 676/675/660 675/674/659 957/956/927
f 798/798/779 956/955/926 960/959/930
f 800/799/780 798/798/779 960/959/930
f 960/959/930 956/955/926 959/958/929
f 961/960/931 960/959/930 959/958/929
f 726/725/709 725/724/708 890/889/864
f 962/961/932 726/725/709 890/889/864
f 961/960/931 959/958/929 963/962/933
f 964/963/934 961/960/931 963/962/933
f 963/962/933 959/958/929 958/957/928
f 965/964/935 963/962/933 958/957/928
f 726/725/709 962/961/932 966/965/936
f 728/727/711 726/725/709 966/965/936
f 678/677/662 680/679/664 802/801/782
f 939/938/910 678/677/662 802/801/782
f 967/966/937 679/678/663 939/938/910
f 939/938/910 679/678/663 678/677/662
f 939/938/910 937/936/908 967/966/937
g Bip001 L Finger41
f 938/937/909 968/967/912 967/966/937
f 937/936/908 938/937/909 967/966/937
g Bip001 L Finger31
f 913/911/884 970/968/938 969/969/939
f 912/912/879 913/911/884 969/969/939
f 931/930/902 971/970/940 969/969/939
f 970/968/938 931/930/902 969/969/939
f 926/925/897 923/922/894 430/426/416
f 427/425/415 926/925/897 430/426/416
g Bip001 L Finger22
f 627/626/611 624/625/610 634/633/618
f 634/633/618 624/625/610 972/971/941
f 741/740/724 972/971/941 624/625/610
f 629/628/613 741/740/724 624/625/610
f 882/881/856 605/603/588 598/597/582
f 759/758/740 740/739/723 560/557/543
f 762/761/743 759/758/740 560/557/543
f 759/758/740 758/757/739 739/738/722
f 740/739/723 759/758/740 739/738/722
f 761/759/741 741/740/724 742/741/722
f 760/760/742 761/759/741 742/741/722
g Bip001 L Finger12
f 538/535/523 539/538/526 541/540/528
f 557/556/542 538/535/523 541/540/528
f 731/730/714 738/737/721 589/587/573
f 584/583/569 731/730/714 589/587/573
g Bip001 L Finger31
f 918/918/890 919/917/889 931/930/902
f 970/968/938 918/918/890 931/930/902
f 971/970/940 931/930/902 691/690/674
f 692/691/675 971/970/940 691/690/674
f 918/918/890 970/968/938 913/911/884
f 648/647/632 918/918/890 913/911/884
g Bip001 L Finger22
f 882/881/856 762/761/743 560/557/543
f 561/560/546 882/881/856 560/557/543
f 972/971/941 741/740/724 761/759/741
f 880/879/854 972/971/941 761/759/741
f 634/633/618 972/971/941 880/879/854
f 607/606/591 634/633/618 880/879/854
f 602/601/586 632/632/617 633/631/616
f 603/602/587 602/601/586 633/631/616
f 603/602/587 633/631/616 634/633/618
f 607/606/591 603/602/587 634/633/618
f 615/614/599 604/604/589 605/603/588
f 562/561/547 615/614/599 605/603/588
f 605/603/588 882/881/856 561/560/546
f 562/561/547 605/603/588 561/560/546
g Bip001 L Finger42
f 722/722/706 723/721/705 973/972/942
f 974/973/770 722/722/706 973/972/942
f 975/974/943 973/972/942 723/721/705
f 728/727/711 975/974/943 723/721/705
f 674/672/657 722/722/706 974/973/770
f 976/975/771 674/672/657 974/973/770
f 673/673/658 674/672/657 976/975/771
f 977/976/944 673/673/658 976/975/771
f 978/977/945 668/667/652 667/666/651
f 979/978/946 978/977/945 667/666/651
f 728/727/711 966/965/936 975/974/943
f 981/979/947 980/980/948 964/963/934
f 963/962/933 981/979/947 964/963/934
f 668/667/652 978/977/945 789/788/769
f 677/676/661 668/667/652 789/788/769
f 677/676/661 789/788/769 790/787/768
f 965/964/935 677/676/661 790/787/768
f 675/674/659 677/676/661 965/964/935
f 958/957/928 675/674/659 965/964/935
f 790/787/768 981/979/947 963/962/933
f 965/964/935 790/787/768 963/962/933
f 788/789/770 982/981/949 790/787/768
f 980/980/948 981/979/947 790/787/768
f 982/981/949 980/980/948 790/787/768
f 978/977/945 979/978/946 791/790/771
f 789/788/769 978/977/945 791/790/771
g Bip001 L Finger4
f 985/982/950 984/983/951 983/984/952
f 986/985/953 985/982/950 983/984/952
f 986/985/953 983/984/952 987/986/954
f 988/987/955 986/985/953 987/986/954
f 987/986/954 983/984/952 989/988/956
g Bip001 L Finger41
f 990/989/957 987/986/954 989/988/956
f 991/990/958 989/988/956 983/984/952
g Bip001 L Finger4
f 984/983/951 991/990/958 983/984/952
f 988/987/955 987/986/954 992/991/959
f 993/992/960 988/987/955 992/991/959
f 992/991/959 987/986/954 990/989/957
g Bip001 L Finger41
f 994/993/961 992/991/959 990/989/957
g Bip001 L Finger4
f 995/994/962 992/991/959 994/993/961
f 996/995/963 995/994/962 994/993/961
f 997/996/964 993/992/960 992/991/959
f 995/994/962 997/996/964 992/991/959
f 998/997/965 481/479/467 458/453/442
f 459/454/443 998/997/965 458/453/442
f 1001/998/966 1000/999/962 999/1000/963
f 1003/1001/967 1002/1002/968 1000/999/962
f 1001/998/966 1003/1001/967 1000/999/962
f 1004/1003/969 489/487/475 488/486/474
f 1005/1004/965 1004/1003/969 488/486/474
g Bip001 L Finger41
f 1007/1005/970 1001/998/966 1006/1006/971
f 1008/1007/972 1007/1005/970 1006/1006/971
g Bip001 L Finger4
f 1009/1008/973 1003/1001/967 1001/998/966
f 1007/1005/970 1009/1008/973 1001/998/966
g Bip001 L Finger41
f 999/1000/963 1006/1006/971 1001/998/966
g Bip001 L Finger4
f 1010/1009/974 528/526/514 489/487/475
f 1004/1003/969 1010/1009/974 489/487/475
f 1011/1010/975 1009/1008/973 1007/1005/970
f 1012/1011/976 1011/1010/975 1007/1005/970
g Bip001 L Finger41
f 1012/1011/976 1007/1005/970 1008/1007/972
f 1013/1012/977 1012/1011/976 1008/1007/972
g Bip001 L Finger4
f 1014/1013/446 527/527/515 528/526/514
f 1010/1009/974 1014/1013/446 528/526/514
f 1016/1014/975 1015/1015/976 984/983/951
f 985/982/950 1016/1014/975 984/983/951
f 1015/1015/976 991/990/958 984/983/951
g Bip001 L Finger41
f 991/990/958 1015/1015/976 1017/1016/977
g Bip001 L Finger31
f 647/645/630 641/642/627 908/908/882
f 909/907/881 647/645/630 908/908/882
g Bip001 L Finger41
f 991/990/958 1019/1017/978 1018/1018/979
f 989/988/956 991/990/958 1018/1018/979
f 989/988/956 1018/1018/979 1020/1019/980
f 990/989/957 989/988/956 1020/1019/980
f 1022/1020/981 1021/1021/982 1018/1018/979
f 1019/1017/978 1022/1020/981 1018/1018/979
f 1020/1019/980 1018/1018/979 1021/1021/982
f 1023/1022/983 1020/1019/980 1021/1021/982
f 1019/1017/978 991/990/958 1017/1016/977
f 1024/1023/984 1022/1020/981 1019/1017/978
f 1017/1016/977 1024/1023/984 1019/1017/978
f 1025/1024/985 1013/1012/977 1008/1007/972
f 1026/1025/986 1025/1024/985 1008/1007/972
f 941/940/912 1025/1024/985 1026/1025/986
f 893/892/867 941/940/912 1026/1025/986
f 893/892/867 1026/1025/986 1027/1026/987
f 892/891/866 893/892/867 1027/1026/987
f 1006/1006/971 1027/1026/987 1026/1025/986
f 1008/1007/972 1006/1006/971 1026/1025/986
f 1024/1023/984 968/967/912 938/937/909
f 1022/1020/981 1024/1023/984 938/937/909
f 934/933/905 892/891/866 1027/1026/987
f 1028/1027/988 934/933/905 1027/1026/987
f 933/932/904 932/931/903 1029/1028/989
f 1030/1029/990 933/932/904 1029/1028/989
f 996/995/963 994/993/961 1031/1030/991
f 1032/1031/992 996/995/963 1031/1030/991
f 1032/1031/992 1031/1030/991 1030/1029/990
f 1029/1028/989 1032/1031/992 1030/1029/990
f 990/989/957 1020/1019/980 1031/1030/991
f 994/993/961 990/989/957 1031/1030/991
f 1030/1029/990 1031/1030/991 1020/1019/980
f 1023/1022/983 1030/1029/990 1020/1019/980
f 999/1000/963 1033/1032/993 1006/1006/971
f 1006/1006/971 1033/1032/993 1028/1027/988
f 1027/1026/987 1006/1006/971 1028/1027/988
f 935/934/906 933/932/904 1030/1029/990
f 1023/1022/983 935/934/906 1030/1029/990
f 935/934/906 1023/1022/983 1021/1021/982
f 936/935/907 935/934/906 1021/1021/982
g Bip001 L Finger2
f 1034/1033/994 881/880/855 866/865/840
f 1035/1034/995 1034/1033/994 866/865/840
f 1035/1034/995 866/865/840 865/864/839
f 1036/1035/996 1035/1034/995 865/864/839
f 1036/1035/996 865/864/839 1037/1036/997
f 1038/1037/998 1036/1035/996 1037/1036/997
f 1037/1036/997 865/864/839 864/863/838
g Bip001 L Finger11
f 1040/1038/999 1039/1039/1000 944/943/915
f 1041/1040/1001 1040/1038/999 944/943/915
f 1041/1040/1001 944/943/915 781/782/764
f 784/783/765 1041/1040/1001 781/782/764
f 1042/1041/1002 942/941/913 944/943/915
f 1039/1039/1000 1042/1041/1002 944/943/915
f 952/951/922 1044/1042/1003 1043/1043/1004
f 951/950/921 952/951/922 1043/1043/1004
f 1043/1043/1004 1044/1042/1003 779/778/760
f 780/777/759 1043/1043/1004 779/778/760
f 1039/1039/1000 1040/1038/999 827/824/801
f 825/826/802 1039/1039/1000 827/824/801
f 1042/1041/1002 1039/1039/1000 825/826/802
f 765/764/746 1042/1041/1002 825/826/802
g Bip001 L Finger2
f 1046/1044/1005 1045/1045/1006 881/880/855
f 1034/1033/994 1046/1044/1005 881/880/855
f 1045/1045/1006 845/844/814 881/880/855
f 1049/1046/1007 1048/1047/1008 1047/1048/1009
f 1050/1049/1010 1049/1046/1007 1047/1048/1009
f 1047/1048/1009 1048/1047/1008 869/869/844
f 870/868/843 1047/1048/1009 869/869/844
f 1050/1049/1010 1047/1048/1009 1051/1050/1011
f 1052/1051/1012 1050/1049/1010 1051/1050/1011
f 1051/1050/1011 1047/1048/1009 870/868/843
f 847/846/821 1051/1050/1011 870/868/843
f 1053/1052/1013 1051/1050/1011 847/846/821
f 840/839/815 1053/1052/1013 847/846/821
f 1054/1053/1014 1052/1051/1012 1051/1050/1011
f 1053/1052/1013 1054/1053/1014 1051/1050/1011
f 1055/1054/1015 382/380/373 379/377/370
f 387/385/378 1055/1054/1015 379/377/370
f 1056/1055/1016 1053/1052/1013 840/839/815
f 839/838/814 1056/1055/1016 840/839/815
f 1057/1056/1005 1054/1053/1014 1053/1052/1013
f 1056/1055/1016 1057/1056/1005 1053/1052/1013
f 1058/1057/1017 384/382/375 382/380/373
f 1055/1054/1015 1058/1057/1017 382/380/373
g Bip001 L Finger11
f 816/815/793 943/942/914 942/941/913
f 1042/1041/1002 816/815/793 942/941/913
f 816/815/793 1042/1041/1002 765/764/746
f 764/763/745 816/815/793 765/764/746
f 817/816/792 947/946/917 943/942/914
f 816/815/793 817/816/792 943/942/914
f 814/814/792 815/813/791 1059/1058/1018
f 1060/1059/1019 814/814/792 1059/1058/1018
f 1060/1059/1019 1059/1058/1018 955/954/925
f 954/953/924 1060/1059/1019 955/954/925
f 820/819/796 1061/1060/1020 1059/1058/1018
f 815/813/791 820/819/796 1059/1058/1018
f 787/786/767 955/954/925 1059/1058/1018
f 1061/1060/1020 787/786/767 1059/1058/1018
f 820/819/796 951/950/921 1043/1043/1004
f 1061/1060/1020 820/819/796 1043/1043/1004
f 1061/1060/1020 1043/1043/1004 780/777/759
f 787/786/767 1061/1060/1020 780/777/759
g Bip001 L Finger41
f 938/937/909 936/935/907 1021/1021/982
f 1022/1020/981 938/937/909 1021/1021/982
g Bip001 L Hand
f 1062/1061/207 394/394/385 397/395/208
f 1064/1062/1021 1063/1063/1022 215/214/207
f 216/216/209 1064/1062/1021 215/214/207
f 1065/1064/1023 478/474/462 1062/1061/207
f 1066/1065/1024 1065/1064/1023 1062/1061/207
g Bip001 L Finger02
f 1074/1066/1025 1070/1067/1026 1067/1068/1027
f 1072/1069/1028 1074/1066/1025 1067/1068/1027
f 1068/1070/1029 1069/1071/1030 1075/1072/1031
g Bip001 L Finger01
f 1076/1073/1032 1068/1070/1029 1075/1072/1031
g Bip001 L Finger02
f 1075/1072/1031 1069/1071/1030 1071/1074/1033
f 1077/1075/1034 1075/1072/1031 1071/1074/1033
g Bip001 L Finger01
f 1079/1076/1035 1078/1077/1036 1068/1070/1029
f 1076/1073/1032 1079/1076/1035 1068/1070/1029
g Bip001 L Finger02
f 1083/1078/1037 1082/1079/1031 1081/1080/1038
f 1084/1081/1039 1083/1078/1037 1081/1080/1038
f 1081/1080/1038 1082/1079/1031 1085/1082/1040
g Bip001 L Finger01
f 1087/1083/1041 1086/1084/1035 1083/1078/1037
f 1084/1081/1039 1087/1083/1041 1083/1078/1037
g Bip001 L Finger02
f 1084/1081/1039 1081/1080/1038 1088/1085/1042
f 1089/1086/1043 1084/1081/1039 1088/1085/1042
f 1088/1085/1042 1081/1080/1038 1090/1087/1044
f 1091/1088/1045 1088/1085/1042 1090/1087/1044
f 1090/1087/1044 1081/1080/1038 1085/1082/1040
g Bip001 L Finger01
f 1092/1089/1046 1087/1083/1041 1084/1081/1039
f 1089/1086/1043 1092/1089/1046 1084/1081/1039
g Bip001 L Finger02
f 1089/1086/1043 1088/1085/1042 1093/1090/1047
f 1094/1091/1048 1089/1086/1043 1093/1090/1047
f 1093/1090/1047 1088/1085/1042 1091/1088/1045
f 1095/1092/1049 1093/1090/1047 1091/1088/1045
g Bip001 L Finger01
f 1096/1093/1050 1092/1089/1046 1089/1086/1043
f 1094/1091/1048 1096/1093/1050 1089/1086/1043
g Bip001 L Finger02
f 1094/1091/1048 1093/1090/1047 1097/1094/1051
g Bip001 L Finger01
f 1098/1095/1052 1094/1091/1048 1097/1094/1051
g Bip001 L Finger02
f 1097/1094/1051 1093/1090/1047 1099/1096/1053
f 1095/1092/1049 1099/1096/1053 1093/1090/1047
g Bip001 L Finger01
f 1100/1097/1054 1096/1093/1050 1094/1091/1048
f 1098/1095/1052 1100/1097/1054 1094/1091/1048
f 1102/1098/1055 1101/1099/1056 1072/1069/1028
f 1073/1100/1057 1102/1098/1055 1072/1069/1028
g Bip001 L Finger02
f 1072/1069/1028 1101/1099/1056 1103/1101/1058
f 1074/1066/1025 1072/1069/1028 1103/1101/1058
g Bip001 L Finger01
f 1080/1102/1059 1104/1103/1054 1102/1098/1055
f 1073/1100/1057 1080/1102/1059 1102/1098/1055
f 1108/1104/1060 1107/1105/1061 1105/1106/1062
f 1106/1107/1063 1108/1104/1060 1105/1106/1062
f 1112/1108/1064 1109/1109/1065 1110/1110/1066
f 1113/1111/1067 1112/1108/1064 1110/1110/1066
f 1120/1112/1068 1119/1113/1069 1118/1114/1070
f 1121/1115/1071 1120/1112/1068 1118/1114/1070
f 1124/1116/1072 1123/1117/1064 1122/1118/1067
f 1125/1119/1073 1124/1116/1072 1122/1118/1067
f 1127/1120/1074 1126/1121/1075 1119/1113/1069
f 1120/1112/1068 1127/1120/1074 1119/1113/1069
f 1128/1122/1076 1124/1116/1072 1125/1119/1073
f 1129/1123/1077 1128/1122/1076 1125/1119/1073
f 1131/1124/1078 1130/1125/1079 1126/1121/1075
f 1127/1120/1074 1131/1124/1078 1126/1121/1075
f 1132/1126/1080 1128/1122/1076 1129/1123/1077
f 1133/1127/1081 1132/1126/1080 1129/1123/1077
f 1135/1128/1082 1134/1129/1083 1130/1125/1079
f 1131/1124/1078 1135/1128/1082 1130/1125/1079
f 1136/1130/1084 1132/1126/1080 1133/1127/1081
f 1137/1131/1085 1136/1130/1084 1133/1127/1081
f 1115/1132/1086 1114/1133/1087 1138/1134/1083
f 1139/1135/1088 1115/1132/1086 1138/1134/1083
f 1140/1136/1089 1116/1137/1090 1117/1138/1091
f 1141/1139/1092 1140/1136/1089 1117/1138/1091
g Skn_L_ForeArm_Twist03
f 1142/1140/1093 181/181/174 179/180/173
f 1143/1141/1094 1142/1140/1093 179/180/173
g Skn_L_Finesse
f 181/181/174 1142/1140/1093 200/199/192
g Skn_L_ForeArm_Twist03
f 183/183/176 181/181/174 200/199/192
g Skn_L_Finesse
f 1146/1142/1095 1145/1143/1096 1144/1144/1097
g Bip001 L Hand
f 1149/1145/1098 1148/1146/1099 1147/1147/1100
f 1147/1147/1100 1151/1148/1101 1150/1149/1102
f 1146/1142/1095 1144/1144/1097 1152/1150/1103
f 1153/1151/1104 1146/1142/1095 1152/1150/1103
f 1154/1152/1105 1148/1146/1099 1149/1145/1098
f 1153/1151/1104 1152/1150/1103 1155/1153/1106
f 1156/1154/1107 1153/1151/1104 1155/1153/1106
f 1158/1155/1108 1154/1152/1109 1157/1156/1110
f 1156/1154/1107 1155/1153/1106 1159/1157/1111
f 1160/1158/1112 1156/1154/1107 1159/1157/1111
f 1162/1159/1113 1161/1160/1114 1158/1155/1108
f 1160/1158/1112 1159/1157/1111 1163/1161/1115
f 1164/1162/1116 1160/1158/1112 1163/1161/1115
f 1167/1163/1117 1166/1164/1118 1165/1165/1119
f 1162/1159/1113 1165/1165/1119 1166/1164/1118
f 1170/1166/1116 1169/1167/1120 1168/1168/1121
f 1171/1169/1122 1170/1166/1116 1168/1168/1121
f 1165/1165/1119 1172/1170/187 1167/1163/1117
g Bip001 L Finger01
f 1111/1171/1123 1173/1172/1124 1175/1173/1125
f 1117/1138/1091 1111/1171/1123 1175/1173/1125
g Bip001 L Finger0
f 1064/1062/1021 1176/1174/1126 1173/1172/1124
g Bip001 L Finger01
f 1174/1175/1127 1064/1062/1021 1173/1172/1124
g Bip001 L Finger0
f 1176/1174/1126 1177/1176/1128 1173/1172/1124
f 1175/1173/1125 1173/1172/1124 1177/1176/1128
g Bip001 L Finger01
f 1174/1175/1127 1109/1109/1065 1112/1108/1064
f 1178/1177/1129 1174/1175/1127 1112/1108/1064
f 1064/1062/1021 1174/1175/1127 1178/1177/1129
f 1063/1063/1022 1064/1062/1021 1178/1177/1129
f 1124/1116/1072 1179/1178/1130 1123/1117/1064
f 1128/1122/1076 1180/1179/1131 1124/1116/1072
f 1181/1180/1132 1065/1064/1023 1124/1116/1072
f 1180/1179/1131 1181/1180/1132 1124/1116/1072
f 1066/1065/1024 1179/1178/1130 1124/1116/1072
f 1065/1064/1023 1066/1065/1024 1124/1116/1072
f 1182/1181/1133 1180/1179/1131 1128/1122/1076
f 1132/1126/1080 1182/1181/1133 1128/1122/1076
f 1182/1181/1133 1132/1126/1080 1136/1130/1084
f 1183/1182/1134 1182/1181/1133 1136/1130/1084
f 1180/1179/1131 1182/1181/1133 1184/1183/1135
f 1181/1180/1132 1180/1179/1131 1184/1183/1135
g Bip001 L Finger0
f 1185/1184/1136 1184/1183/1135 1183/1182/1134
g Bip001 L Finger01
f 1117/1138/1091 1175/1173/1125 1141/1139/1092
g Bip001 L Finger0
f 1187/1185/1137 1186/1186/1138 1175/1173/1125
f 1189/1187/1139 1187/1185/1137 1188/1188/1140
f 1177/1176/1128 1187/1185/1137 1175/1173/1125
f 1192/1189/1141 1191/1190/1142 1190/1191/1143
f 1194/1192/1144 1187/1185/1137 1193/1193/1145
f 1196/1194/1146 1193/1193/1145 1195/1195/1147
f 1184/1183/1135 1185/1184/1136 1197/1196/1148
f 1198/1197/1149 1191/1190/1142 1192/1189/1141
f 1199/1198/1150 1198/1197/1149 1192/1189/1141
f 216/216/209 217/217/210 1176/1174/1126
g Bip001 L Hand
f 1064/1062/1021 216/216/209 1176/1174/1126
g Bip001 L Finger0
f 1200/1199/1151 1198/1197/1149 1199/1198/1150
f 1201/1200/1152 1200/1199/1151 1199/1198/1150
f 1203/1201/1153 1202/1202/1154 1196/1194/1146
f 1202/1202/1154 1203/1201/1153 224/224/217
f 1204/1203/1155 228/226/219 226/228/221
f 1205/1204/1156 1204/1203/1155 226/228/221
f 1207/1205/1157 1206/1206/1158 1204/1203/1155
f 1207/1205/1157 1204/1203/1155 1205/1204/1156
g Bip001 L Hand
f 1181/1180/1132 476/472/460 1065/1064/1023
f 478/474/462 1065/1064/1023 476/472/460
f 1184/1183/1135 476/472/460 1181/1180/1132
g Bip001 L Finger0
f 1197/1196/1148 1208/1207/1159 1184/1183/1135
g Bip001 L Hand
f 1208/1207/1159 477/473/461 1184/1183/1135
g Bip001 L Finger0
f 1211/1208/1140 1210/1209/1144 1209/1210/1160
f 1214/1211/1161 1213/1212/1162 1212/1213/1163
f 1215/1214/1164 1212/1213/1163 1213/1212/1162
f 1207/1205/1157 1216/1215/1165 1206/1206/1158
g Bip001 L Hand
f 1197/1196/1148 1209/1210/1160 1217/1216/1166
f 1214/1211/1161 1219/1217/1166 1218/1218/1167
g Bip001 L Finger0
f 1222/1219/1168 1221/1220/1169 1220/1221/1170
f 1224/1222/1171 1223/1223/1172 1215/1214/1164
f 1227/1224/1173 1226/1225/1174 1225/1226/1175
g Skn_L_Finesse
f 1230/1227/1176 1229/1228/1177 1228/1229/1178
f 1231/1230/1179 1230/1227/1176 1228/1229/1178
f 1232/1231/1180 1228/1229/1178 1229/1228/1177
g Bip001 L Finger0
f 1233/1232/1181 1232/1231/1180 1229/1228/1177
g Bip001 L Hand
f 1236/1233/1182 1235/1234/1183 1234/1235/1184
f 1237/1236/1185 1236/1233/1182 1234/1235/1184
f 1237/1236/1185 1234/1235/1184 1238/1237/1186
f 1239/1238/1187 1237/1236/1185 1238/1237/1186
f 1241/1239/1188 1240/1240/1189 1150/1149/1102
g Bip001 L Finger0
f 1239/1238/1187 1238/1237/1186 1222/1219/1168
f 1220/1221/1170 1239/1238/1187 1222/1219/1168
g Skn_L_Finesse
f 1242/1241/1190 1224/1222/1171 1240/1240/1189
f 1243/1242/1191 1232/1231/1180 1233/1232/1181
f 1244/1243/1192 1243/1242/1191 1233/1232/1181
g Bip001 L Finger0
f 1200/1199/1151 1201/1200/1152 1245/1244/1193
g Bip001 L Hand
f 1247/1245/1194 1246/1246/1195 1235/1234/1183
f 1236/1233/1182 1247/1245/1194 1235/1234/1183
f 1251/1247/1196 1250/1248/1197 1248/1249/1198
f 1249/1250/1199 1251/1247/1196 1248/1249/1198
f 1253/1251/1200 1252/1252/1201 1250/1248/1197
f 1251/1247/1196 1253/1251/1200 1250/1248/1197
f 1255/1253/1202 1254/1254/1203 1252/1252/1201
f 1253/1251/1200 1255/1253/1202 1252/1252/1201
f 496/494/482 477/473/461 1208/1207/1159
f 1256/1255/1204 496/494/482 1208/1207/1159
f 510/508/496 496/494/482 1256/1255/1204
f 1256/1255/1204 1257/1256/1205 510/508/496
f 1257/1256/1205 1258/1257/1206 312/309/301
f 1259/1258/1207 314/310/302 312/309/301
f 1255/1253/1202 1260/1259/1208 1254/1254/1203
f 1257/1256/1205 1256/1255/1204 1258/1257/1206
f 1259/1258/1207 1258/1257/1206 1261/1260/1209
f 1217/1216/1166 1259/1258/1207 1261/1260/1209
f 1261/1260/1209 1258/1257/1206 1256/1255/1204
f 1219/1217/1166 193/195/188 194/194/187
f 1208/1207/1159 1197/1196/1148 1261/1260/1209
f 1256/1255/1204 1208/1207/1159 1261/1260/1209
f 193/195/188 1219/1217/1166 1214/1211/1161
g Skn_L_Finesse
f 1231/1230/1179 1171/1169/1122 1168/1168/1121
f 1230/1227/1176 1231/1230/1179 1168/1168/1121
g Bip001 L Finger02
f 1263/1261/1210 197/197/190 1262/1262/1211
f 1263/1261/1210 1264/1263/1212 197/197/190
f 1264/1263/1212 196/198/191 197/197/190
f 1262/1262/1211 197/197/190 198/196/189
f 1265/1264/1213 1262/1262/1211 198/196/189
f 1262/1262/1211 1266/1265/1214 1263/1261/1210
f 1268/1266/1215 1267/1267/1216 1263/1261/1210
f 1266/1265/1214 1268/1266/1215 1263/1261/1210
f 1264/1263/1212 1263/1261/1210 1267/1267/1216
f 1269/1268/1217 1264/1263/1212 1267/1267/1216
f 1266/1265/1214 1262/1262/1211 1270/1269/1218
f 1270/1269/1218 1262/1262/1211 1265/1264/1213
f 1271/1270/1219 1270/1269/1218 1265/1264/1213
f 1272/1271/1220 1268/1266/1215 1266/1265/1214
f 1273/1272/1221 1272/1271/1220 1266/1265/1214
f 1273/1272/1221 1266/1265/1214 1270/1269/1218
f 1276/1273/1222 1275/1274/1223 1274/1275/1224
f 1278/1276/1225 1277/1277/1226 1275/1274/1223
f 1276/1273/1222 1278/1276/1225 1275/1274/1223
f 1280/1278/1227 1279/1279/1228 1276/1273/1222
f 1274/1275/1224 1280/1278/1227 1276/1273/1222
f 1278/1276/1225 1276/1273/1222 1279/1279/1228
f 1281/1280/1229 1278/1276/1225 1279/1279/1228
f 1284/1281/1230 1283/1282/1231 1282/1283/1232
f 1285/1284/1233 1284/1281/1230 1282/1283/1232
f 1285/1284/1233 1282/1283/1232 1286/1285/1234
f 1287/1286/1235 1285/1284/1233 1286/1285/1234
f 1283/1282/1231 1288/1287/1236 1282/1283/1232
f 1286/1285/1234 1282/1283/1232 1288/1287/1236
f 1289/1288/1219 1286/1285/1234 1288/1287/1236
f 1270/1269/1218 1290/1289/1237 1273/1272/1221
f 1293/1290/1238 1292/1291/1239 1291/1292/1240
f 1294/1293/1241 1293/1290/1238 1291/1292/1240
f 1296/1294/1242 1295/1295/1243 1291/1292/1240
f 1292/1291/1239 1296/1294/1242 1291/1292/1240
f 1299/1296/1244 1298/1297/1245 1297/1298/1246
f 1300/1299/1247 1299/1296/1244 1297/1298/1246
f 1292/1291/1239 1293/1290/1238 1301/1300/1248
f 1302/1301/1249 1299/1296/1244 1300/1299/1247
f 1303/1302/1250 1302/1301/1249 1300/1299/1247
f 1296/1294/1242 1292/1291/1239 1095/1092/1049
f 1301/1300/1248 1095/1092/1049 1292/1291/1239
f 1277/1277/1226 1278/1276/1225 1286/1285/1234
f 1289/1288/1219 1277/1277/1226 1286/1285/1234
f 1281/1280/1229 1287/1286/1235 1286/1285/1234
f 1278/1276/1225 1281/1280/1229 1286/1285/1234
f 1290/1289/1237 1270/1269/1218 1271/1270/1219
f 1296/1294/1242 1091/1088/1045 1304/1303/1251
f 1296/1294/1242 1304/1303/1251 1305/1304/1252
f 1295/1295/1243 1296/1294/1242 1305/1304/1252
f 1091/1088/1045 1306/1305/1253 1304/1303/1251
f 1307/1306/1254 1305/1304/1252 1304/1303/1251
f 1306/1305/1253 1307/1306/1254 1304/1303/1251
f 1091/1088/1045 1296/1294/1242 1095/1092/1049
f 1306/1305/1253 1091/1088/1045 1090/1087/1044
f 1310/1307/1255 1309/1308/1256 1308/1309/1257
f 1311/1310/1258 1310/1307/1255 1308/1309/1257
f 1311/1310/1258 1308/1309/1257 1312/1311/1259
f 1313/1312/1260 1311/1310/1258 1312/1311/1259
f 1077/1075/1034 1071/1074/1033 1308/1309/1257
f 1309/1308/1256 1077/1075/1034 1308/1309/1257
f 1312/1311/1259 1308/1309/1257 1071/1074/1033
f 1070/1067/1026 1312/1311/1259 1071/1074/1033
f 1310/1307/1255 1311/1310/1258 1314/1313/1261
f 1315/1314/1262 1310/1307/1255 1314/1313/1261
f 1316/1315/1263 1314/1313/1261 1311/1310/1258
f 1313/1312/1260 1316/1315/1263 1311/1310/1258
f 1319/1316/1256 1318/1317/1255 1317/1318/1264
f 1317/1318/1264 1318/1317/1255 1320/1319/1262
f 1321/1320/1265 1317/1318/1264 1320/1319/1262
f 1317/1318/1264 1090/1087/1044 1319/1316/1256
f 1090/1087/1044 1085/1082/1040 1319/1316/1256
f 1074/1066/1025 1103/1101/1058 1302/1301/1249
f 1303/1302/1250 1074/1066/1025 1302/1301/1249
f 1095/1092/1049 1301/1300/1248 1099/1096/1053
f 1297/1298/1246 1316/1315/1263 1313/1312/1260
f 1300/1299/1247 1297/1298/1246 1313/1312/1260
f 1300/1299/1247 1313/1312/1260 1312/1311/1259
f 1303/1302/1250 1300/1299/1247 1312/1311/1259
f 1316/1315/1263 1267/1267/1216 1268/1266/1215
f 1314/1313/1261 1316/1315/1263 1268/1266/1215
f 1303/1302/1250 1312/1311/1259 1070/1067/1026
f 1074/1066/1025 1303/1302/1250 1070/1067/1026
f 1306/1305/1253 1090/1087/1044 1317/1318/1264
f 1306/1305/1253 1317/1318/1264 1321/1320/1265
f 1307/1306/1254 1306/1305/1253 1321/1320/1265
f 1269/1268/1217 1322/1321/1227 196/198/191
f 1264/1263/1212 1269/1268/1217 196/198/191
f 1315/1314/1262 1314/1313/1261 1268/1266/1215
f 1272/1271/1220 1315/1314/1262 1268/1266/1215
f 1321/1320/1265 1320/1319/1262 1284/1281/1230
f 1285/1284/1233 1321/1320/1265 1284/1281/1230
f 1307/1306/1254 1321/1320/1265 1285/1284/1233
f 1287/1286/1235 1307/1306/1254 1285/1284/1233
f 1279/1279/1228 1280/1278/1227 1294/1293/1241
f 1291/1292/1240 1279/1279/1228 1294/1293/1241
f 1295/1295/1243 1279/1279/1228 1291/1292/1240
f 1322/1321/1227 1269/1268/1217 1297/1298/1246
f 1298/1297/1245 1322/1321/1227 1297/1298/1246
f 1305/1304/1252 1307/1306/1254 1287/1286/1235
f 1281/1280/1229 1305/1304/1252 1287/1286/1235
f 1269/1268/1217 1267/1267/1216 1316/1315/1263
f 1297/1298/1246 1269/1268/1217 1316/1315/1263
f 1281/1280/1229 1279/1279/1228 1295/1295/1243
f 1305/1304/1252 1281/1280/1229 1295/1295/1243
g Bip001 L Finger32
f 885/883/858 900/899/870 884/884/859
g Bip001 L Finger2
f 1325/1322/1266 1324/1323/1267 1323/1324/1268
f 1326/1325/1269 1325/1322/1266 1323/1324/1268
f 1327/1326/1270 1323/1324/1268 1324/1323/1267
f 1328/1327/1271 1327/1326/1270 1324/1323/1267
f 1330/1328/1272 1329/1329/1273 1325/1322/1266
f 1326/1325/1269 1330/1328/1272 1325/1322/1266
f 1332/1330/1274 1331/1331/1275 1329/1329/1273
f 1330/1328/1272 1332/1330/1274 1329/1329/1273
f 1335/1332/1276 1333/1333/1277 1334/1334/1278
f 1336/1335/1279 1335/1332/1276 1334/1334/1278
f 1337/1336/1280 1335/1332/1276 1336/1335/1279
f 1338/1337/1281 1337/1336/1280 1336/1335/1279
f 1339/1338/1282 1337/1336/1280 1338/1337/1281
f 1340/1339/1270 1339/1338/1282 1338/1337/1281
g Bip001 L Finger4
f 1343/1340/1283 1342/1341/1284 1341/1342/1285
f 1344/1343/1286 1343/1340/1283 1341/1342/1285
f 1345/1344/1287 1341/1342/1285 1342/1341/1284
f 1346/1345/1288 1345/1344/1287 1342/1341/1284
f 1347/1346/1289 1343/1340/1283 1344/1343/1286
f 1348/1347/1290 1347/1346/1289 1344/1343/1286
f 1350/1348/1291 1349/1349/1292 1347/1346/1289
f 1348/1347/1290 1350/1348/1291 1347/1346/1289
f 1353/1350/1293 1352/1351/1294 1351/1352/1295
f 1354/1353/1296 1353/1350/1293 1351/1352/1295
f 1356/1354/1297 1355/1355/1298 1352/1351/1294
f 1353/1350/1293 1356/1354/1297 1352/1351/1294
f 1358/1356/1299 1357/1357/1300 1355/1355/1298
f 1356/1354/1297 1358/1356/1299 1355/1355/1298
f 1346/1345/1288 1360/1358/1301 1359/1359/1302
f 1345/1344/1287 1346/1345/1288 1359/1359/1302
g Bip001 L Finger3
f 363/361/354 1362/1360/1303 1361/1361/1304
f 362/360/353 363/361/354 1361/1361/1304
f 365/363/356 1363/1362/1305 1362/1360/1303
f 363/361/354 365/363/356 1362/1360/1303
f 364/362/355 362/360/353 1361/1361/1304
f 1364/1363/1306 364/362/355 1361/1361/1304
f 364/362/355 1364/1363/1306 1365/1364/1307
f 372/370/363 364/362/355 1365/1364/1307
f 433/427/417 434/430/363 1366/1365/1308
f 1367/1366/1309 433/427/417 1366/1365/1308
f 1369/1367/1310 1368/1368/1311 417/413/403
f 418/415/406 1369/1367/1310 417/413/403
f 1370/1369/1312 1369/1367/1310 418/415/406
f 525/524/512 1370/1369/1312 418/415/406
f 1367/1366/1309 1370/1369/1312 525/524/512
f 433/427/417 1367/1366/1309 525/524/512
g Skn_L_Finesse
f 1243/1242/1191 1244/1243/1192 1371/1370/1313
g Skn_L_ForeArm_Twist03
f 180/179/172 209/209/202 1143/1141/1094
f 179/180/173 180/179/172 1143/1141/1094
g Bip001 L Finger0
f 230/230/223 229/229/222 1227/1224/1173
f 1225/1226/1175 230/230/223 1227/1224/1173
g Skn_L_ForeArm_Twist03
f 184/185/178 182/182/175 173/173/168
f 173/173/168 182/182/175 172/172/167
g Skn_L_ForeArm_Twist01
f 104/104/99 95/94/89 100/100/95
g Skn_L_ForeArm_Twist02
f 146/147/142 154/154/149 152/152/147
f 146/147/142 130/130/125 131/132/127
g Skn_L_ForeArm_Twist01
f 78/77/74 75/76/73 150/150/145
f 41/42/40 40/40/30 26/25/25
g Skn_L_ForeArm_Twist03
f 171/171/166 170/170/165 189/190/183
f 169/169/164 191/191/184 190/189/182
f 166/166/161 192/192/185 191/191/184
g Skn_L_ForeArm_Twist01
f 112/112/107 147/146/141 113/113/108
f 47/46/44 51/50/48 46/47/45
g Skn_L_ForeArm_Twist03
f 167/167/162 116/116/111 158/158/153
f 127/127/122 167/167/162 144/143/138
g Bip001 L Hand
f 308/305/297 309/307/299 305/304/296
f 249/247/241 251/248/242 248/246/240
f 248/246/240 243/241/235 246/245/239
f 244/243/237 247/244/238 243/241/235
f 439/434/423 242/240/234 322/320/313
f 221/220/213 212/210/203 219/218/211
f 312/309/301 313/311/303 311/308/300
f 240/250/244 248/246/240 250/249/243
f 244/243/237 243/241/235 242/240/234
f 1257/1256/1205 310/306/298 510/508/496
f 306/303/295 449/444/433 508/506/494
f 448/445/434 449/444/433 307/302/294
g Bip001 L Finger0
f 1197/1196/1148 1185/1184/1136 1211/1208/1140
g Bip001 L Hand
f 318/317/310 219/218/211 218/219/212
g Bip001 L Finger4
f 439/434/423 329/326/319 437/432/421
g Skn_L_ForeArm_Twist01
f 19/17/17 34/34/34 33/33/33
f 16/11/11 18/15/15 3/12/12
f 36/36/36 53/53/51 35/35/35
f 43/44/42 45/45/43 38/38/38
g Skn_L_ForeArm_Twist02
f 142/140/135 88/89/83 89/88/84
g Skn_L_ForeArm_Twist01
f 150/150/145 75/76/73 149/149/144
g Skn_L_ForeArm_Twist02
f 89/88/84 82/84/80 154/154/149
g Skn_L_ForeArm_Twist03
f 1373/1371/1314 199/200/193 1372/1372/1315
g Skn_L_Finesse
f 1142/1140/1093 1374/1373/1316 200/199/192
f 1374/1373/1316 1142/1140/1093 1143/1141/1094
f 1375/1374/1317 1374/1373/1316 1143/1141/1094
g Skn_L_ForeArm_Twist03
f 1143/1141/1094 209/209/202 1376/1375/1318
g Skn_L_Finesse
f 1375/1374/1317 1143/1141/1094 1376/1375/1318
g Skn_L_ForeArm_Twist03
f 1376/1375/1318 209/209/202 208/208/201
f 1377/1376/1319 1376/1375/1318 208/208/201
f 205/206/199 1378/1377/1320 1377/1376/1319
f 208/208/201 205/206/199 1377/1376/1319
f 205/206/199 206/205/198 1378/1377/1320
f 1379/1378/1321 206/205/198 207/207/200
f 1380/1379/1322 1379/1378/1321 207/207/200
f 203/204/197 204/203/196 1381/1380/1323
f 204/203/196 202/202/195 1382/1381/1324
f 202/202/195 201/201/194 1383/1382/1325
f 201/201/194 199/200/193 1373/1371/1314
g Skn_L_ForeArm_Twist02
f 103/103/98 99/99/94 121/121/116
f 121/121/116 57/56/54 52/52/50
g Skn_L_ForeArm_Twist01
f 49/48/46 56/57/55 55/55/53
f 54/54/52 45/45/43 48/49/47
g Bip001 L Finger4
f 461/455/444 443/438/427 435/461/449
g Bip001 L Finger0
f 1195/1195/1147 1203/1201/1153 1196/1194/1146
f 222/223/216 1202/1202/1154 224/224/217
g Bip001 L Hand
f 220/221/214 223/222/215 211/211/204
g Bip001 L Finger0
f 1193/1193/1145 1187/1185/1137 1195/1195/1147
f 1188/1188/1140 1187/1185/1137 1194/1192/1144
f 1223/1223/1172 1212/1213/1163 1215/1214/1164
f 1223/1223/1172 1224/1222/1171 1242/1241/1190
g Skn_L_Finesse
f 1242/1241/1190 1240/1240/1189 1241/1239/1188
f 1150/1149/1102 1151/1148/1101 1241/1239/1188
g Bip001 L Hand
f 1148/1146/1099 1151/1148/1101 1147/1147/1100
f 1161/1160/1114 1154/1152/1109 1158/1155/1108
f 1166/1164/1118 1161/1160/1114 1162/1159/1113
g Bip001 L Finger0
f 1218/1218/1167 1213/1212/1162 1214/1211/1161
g Skn_L_ForeArm_Twist02
f 121/121/116 99/99/94 57/56/54
f 52/52/50 57/56/54 49/48/46
f 46/47/45 50/51/49 49/48/46
f 131/132/127 130/130/125 110/110/105
g Skn_L_ForeArm_Twist01
f 66/65/63 71/71/69 65/66/64
f 77/78/75 78/77/74 178/178/69
f 77/78/75 76/75/72 75/76/73
f 60/59/57 64/64/62 66/65/63
f 47/46/44 58/58/56 60/59/57
g Skn_L_ForeArm_Twist02
f 122/122/117 123/125/120 103/103/98
f 123/125/120 124/124/119 103/103/98
f 124/124/119 128/128/123 108/108/103
g Skn_L_ForeArm_Twist01
f 94/95/90 104/104/99 32/32/32
f 111/111/106 113/113/108 32/32/32
g Skn_L_Elbow01
f 32/32/32 42/41/39 24/23/23
g Skn_L_ForeArm_Twist01
f 94/95/90 20/19/19 33/33/33
g Skn_L_Elbow01
f 20/19/19 22/21/21 5/20/20
f 94/95/90 32/32/32 20/19/19
g Skn_L_ForeArm_Twist03
f 187/186/179 162/162/157 138/137/132
f 137/138/133 162/162/157 173/173/168
f 173/173/168 172/172/167 139/139/134
f 172/172/167 180/179/172 174/174/169
f 160/160/155 171/171/166 161/161/156
f 171/171/166 189/190/183 188/188/181
f 184/185/178 205/206/199 208/208/201
f 1378/1377/1320 206/205/198 1379/1378/1321
f 1384/1383/1326 203/204/197 1381/1380/1323
f 189/190/183 202/202/195 204/203/196
f 1381/1380/1323 204/203/196 1382/1381/1324
f 1382/1381/1324 202/202/195 1383/1382/1325
f 190/189/182 201/201/194 202/202/195
f 191/191/184 199/200/193 201/201/194
f 199/200/193 200/199/192 1372/1372/1315
f 183/183/176 200/199/192 192/192/185
g Skn_L_Finesse
f 200/199/192 1374/1373/1316 1372/1372/1315
g Bip001 L Hand
f 243/241/235 239/235/228 242/240/234
f 1258/1257/1206 1259/1258/1207 312/309/301
f 310/306/298 1257/1256/1205 312/309/301
f 1261/1260/1209 1197/1196/1148 1217/1216/1166
g Bip001 L Finger0
f 1197/1196/1148 1211/1208/1140 1209/1210/1160
f 1189/1187/1139 1186/1186/1138 1187/1185/1137
f 1183/1182/1134 1184/1183/1135 1182/1181/1133
g Bip001 L Hand
f 477/473/461 476/472/460 1184/1183/1135
g Bip001 L Finger01
f 1175/1173/1125 1186/1186/1138 1141/1139/1092
g Bip001 L Hand
f 1062/1061/207 478/474/462 394/394/385
f 214/215/208 331/329/322 213/213/206
f 398/396/386 396/392/384 394/394/385
g Bip001 L Finger1
f 301/299/291 302/298/290 398/396/386
g Skn_L_ForeArm_Twist03
f 1383/1382/1325 201/201/194 1373/1371/1314
g Ctr_R_BraceletA_01
f 1387/1384/1327 1386/1385/1328 1385/1386/1329
f 1388/1387/1330 1387/1384/1327 1385/1386/1329
f 1389/1388/1331 1387/1384/1327 1388/1387/1330
f 1390/1389/1332 1389/1388/1331 1388/1387/1330
f 1391/1390/1333 1389/1388/1331 1390/1389/1332
f 1392/1391/1334 1391/1390/1333 1390/1389/1332
f 1395/1392/1335 1394/1393/1336 1393/1394/1337
f 1396/1395/1338 1395/1392/1335 1393/1394/1337
f 1397/1396/1339 1395/1392/1335 1396/1395/1338
f 1398/1397/1340 1397/1396/1339 1396/1395/1338
f 1399/1398/1341 1397/1396/1339 1398/1397/1340
f 1400/1399/1342 1399/1398/1341 1398/1397/1340
f 1386/1385/1328 1399/1398/1341 1400/1399/1342
f 1385/1386/1329 1386/1385/1328 1400/1399/1342
f 1401/1400/1343 1393/1394/1337 1394/1393/1336
f 1402/1401/1343 1401/1400/1343 1394/1393/1336
f 1405/1402/1344 1404/1403/1345 1403/1404/1346
f 1406/1405/1347 1405/1402/1344 1403/1404/1346
f 1408/1406/1348 1407/1407/1349 1404/1403/1345
f 1405/1402/1344 1408/1406/1348 1404/1403/1345
f 1410/1408/1350 1409/1409/1350 1407/1407/1349
f 1408/1406/1348 1410/1408/1350 1407/1407/1349
f 1413/1410/1351 1412/1411/1352 1411/1412/1352
f 1414/1413/1353 1413/1410/1351 1411/1412/1352
f 1416/1414/1354 1415/1415/1355 1413/1410/1351
f 1414/1413/1353 1416/1414/1354 1413/1410/1351
f 1418/1416/1356 1417/1417/1357 1415/1415/1355
f 1416/1414/1354 1418/1416/1356 1415/1415/1355
f 1406/1405/1347 1403/1404/1346 1417/1417/1357
f 1418/1416/1356 1406/1405/1347 1417/1417/1357
f 1421/1418/1358 1420/1419/1359 1419/1420/1360
f 1422/1421/1361 1421/1418/1358 1419/1420/1360
f 1425/1422/1362 1424/1423/1363 1423/1424/1364
f 1426/1425/1365 1425/1422/1362 1423/1424/1364
f 1427/1426/1366 1421/1418/1358 1422/1421/1361
f 1428/1427/1367 1427/1426/1366 1422/1421/1361
f 1424/1423/1363 1430/1428/1368 1429/1429/1369
f 1423/1424/1364 1424/1423/1363 1429/1429/1369
f 1431/1430/1370 1427/1426/1366 1428/1427/1367
f 1432/1431/1371 1431/1430/1370 1428/1427/1367
f 1434/1432/1372 1433/1433/1373 1429/1429/1369
f 1430/1428/1368 1434/1432/1372 1429/1429/1369
f 1437/1434/1374 1436/1435/1375 1435/1436/1376
f 1438/1437/1377 1437/1434/1374 1435/1436/1376
f 1441/1438/1378 1440/1439/1379 1439/1440/1380
f 1442/1441/1381 1441/1438/1378 1439/1440/1380
f 1436/1435/1375 1444/1442/1382 1443/1443/1383
f 1435/1436/1376 1436/1435/1375 1443/1443/1383
f 1445/1444/1384 1441/1438/1378 1442/1441/1381
f 1446/1445/1385 1445/1444/1384 1442/1441/1381
f 1444/1442/1382 1448/1446/1386 1447/1447/1387
f 1443/1443/1383 1444/1442/1382 1447/1447/1387
f 1420/1419/1359 1445/1444/1384 1446/1445/1385
f 1419/1420/1360 1420/1419/1359 1446/1445/1385
f 1448/1446/1386 1425/1422/1362 1426/1425/1365
f 1447/1447/1387 1448/1446/1386 1426/1425/1365
f 1451/1448/1388 1450/1449/1388 1449/1450/1388
f 1452/1451/1388 1451/1448/1388 1449/1450/1388
f 1455/1452/1389 1454/1453/1390 1453/1454/1391
f 1456/1455/1392 1455/1452/1389 1453/1454/1391
f 1437/1434/1374 1438/1437/1377 1457/1456/1393
f 1458/1457/1394 1437/1434/1374 1457/1456/1393
f 1440/1439/1379 1456/1455/1392 1453/1454/1391
f 1439/1440/1380 1440/1439/1379 1453/1454/1391
f 1461/1458/1395 1460/1459/1395 1459/1460/1395
f 1462/1461/1395 1461/1458/1395 1459/1460/1395
f 1465/1462/1396 1464/1463/1397 1463/1464/1396
f 1466/1465/1396 1465/1462/1396 1463/1464/1396
f 1469/1466/1398 1468/1467/1398 1467/1468/1398
f 1470/1469/1398 1469/1466/1398 1467/1468/1398
f 1473/1470/1399 1472/1471/1399 1471/1472/1400
f 1474/1473/1399 1473/1470/1399 1471/1472/1400
f 1477/1474/1401 1476/1475/1402 1475/1476/1403
f 1478/1477/1402 1477/1474/1401 1475/1476/1403
f 1481/1478/1404 1480/1479/1405 1479/1480/1406
f 1482/1481/1407 1480/1479/1405 1481/1478/1404
f 1482/1481/1407 1483/1482/1408 1480/1479/1405
f 1482/1481/1407 1484/1483/1409 1483/1482/1408
f 1487/1484/1410 1486/1485/1411 1485/1486/1412
f 1488/1487/1410 1487/1484/1410 1485/1486/1412
f 1489/1488/1413 1485/1486/1412 1486/1485/1411
f 1490/1489/1413 1489/1488/1413 1486/1485/1411
f 1493/1384/1414 1492/1387/1415 1491/1386/1416
f 1494/1385/1417 1493/1384/1414 1491/1386/1416
f 1496/1388/1418 1495/1389/1419 1492/1387/1415
f 1493/1384/1414 1496/1388/1418 1492/1387/1415
f 1498/1390/1420 1497/1391/1420 1495/1389/1419
f 1496/1388/1418 1498/1390/1420 1495/1389/1419
f 1501/1392/1421 1500/1395/1421 1499/1394/1422
f 1502/1393/1422 1501/1392/1421 1499/1394/1422
f 1504/1396/1423 1503/1397/1424 1500/1395/1421
f 1501/1392/1421 1504/1396/1423 1500/1395/1421
f 1494/1385/1417 1491/1386/1416 1505/1399/1425
f 1507/1400/1426 1506/1401/1426 1502/1393/1422
f 1499/1394/1422 1507/1400/1426 1502/1393/1422
f 1510/1402/1427 1509/1405/1428 1508/1404/1429
f 1511/1403/1430 1510/1402/1427 1508/1404/1429
f 1512/1406/1431 1510/1402/1427 1511/1403/1430
f 1513/1407/1432 1512/1406/1431 1511/1403/1430
f 1514/1408/1433 1512/1406/1431 1513/1407/1432
f 1515/1409/1433 1514/1408/1433 1513/1407/1432
f 1518/1410/1434 1517/1413/1435 1516/1412/1436
f 1519/1411/1436 1518/1410/1434 1516/1412/1436
f 1520/1414/1437 1517/1413/1435 1518/1410/1434
f 1521/1415/1438 1520/1414/1437 1518/1410/1434
f 1522/1416/1439 1520/1414/1437 1521/1415/1438
f 1523/1417/1440 1522/1416/1439 1521/1415/1438
f 1509/1405/1428 1522/1416/1439 1523/1417/1440
f 1508/1404/1429 1509/1405/1428 1523/1417/1440
f 1526/1418/1441 1525/1421/1442 1524/1420/1443
f 1527/1419/1444 1526/1418/1441 1524/1420/1443
f 1530/1422/1445 1529/1425/1446 1528/1424/1447
f 1531/1423/1448 1530/1422/1445 1528/1424/1447
f 1533/1426/1449 1532/1427/1450 1525/1421/1442
f 1526/1418/1441 1533/1426/1449 1525/1421/1442
f 1531/1423/1448 1528/1424/1447 1534/1429/1451
f 1535/1428/1451 1531/1423/1448 1534/1429/1451
f 1537/1430/1370 1536/1431/1371 1532/1427/1450
f 1533/1426/1449 1537/1430/1370 1532/1427/1450
f 1538/1432/1372 1535/1428/1451 1534/1429/1451
f 1539/1433/1373 1538/1432/1372 1534/1429/1451
f 1542/1434/1452 1541/1437/1453 1540/1436/1454
f 1543/1435/1455 1542/1434/1452 1540/1436/1454
f 1546/1438/1456 1545/1441/1457 1544/1440/1458
f 1547/1439/1459 1546/1438/1456 1544/1440/1458
f 1543/1435/1455 1540/1436/1454 1548/1443/1460
f 1549/1442/1461 1543/1435/1455 1548/1443/1460
f 1551/1444/1462 1550/1445/1463 1545/1441/1457
f 1546/1438/1456 1551/1444/1462 1545/1441/1457
f 1549/1442/1461 1548/1443/1460 1552/1447/1464
f 1553/1446/1465 1549/1442/1461 1552/1447/1464
f 1527/1419/1444 1524/1420/1443 1550/1445/1463
f 1551/1444/1462 1527/1419/1444 1550/1445/1463
f 1553/1446/1465 1552/1447/1464 1529/1425/1446
f 1530/1422/1445 1553/1446/1465 1529/1425/1446
f 1556/1448/1466 1555/1451/1466 1554/1450/1466
f 1557/1449/1466 1556/1448/1466 1554/1450/1466
f 1560/1452/1467 1559/1455/1468 1558/1454/1469
f 1561/1453/1470 1560/1452/1467 1558/1454/1469
f 1542/1434/1452 1563/1457/1471 1562/1456/1472
f 1541/1437/1453 1542/1434/1452 1562/1456/1472
f 1547/1439/1459 1544/1440/1458 1558/1454/1469
f 1559/1455/1468 1547/1439/1459 1558/1454/1469
f 1566/1458/1473 1565/1461/1473 1564/1460/1473
f 1567/1459/1473 1566/1458/1473 1564/1460/1473
f 1570/1462/1474 1569/1465/1475 1568/1464/1474
f 1571/1463/1474 1570/1462/1474 1568/1464/1474
f 1574/1466/1476 1573/1469/1476 1572/1468/1476
f 1575/1467/1476 1574/1466/1476 1572/1468/1476
f 1578/1470/1477 1577/1473/1478 1576/1472/1478
f 1579/1471/1478 1578/1470/1477 1576/1472/1478
f 1582/1474/1479 1581/1477/1480 1580/1476/1479
f 1583/1475/1480 1582/1474/1479 1580/1476/1479
f 1586/1479/1481 1585/1478/1482 1584/1480/1483
f 1586/1479/1481 1587/1481/1484 1585/1478/1482
f 1588/1482/1485 1587/1481/1484 1586/1479/1481
f 1591/1484/1486 1590/1487/1486 1589/1486/1487
f 1592/1485/1488 1591/1484/1486 1589/1486/1487
f 1594/1488/1489 1593/1489/1490 1592/1485/1488
f 1589/1486/1487 1594/1488/1489 1592/1485/1488
f 1597/1490/1491 1596/1491/1492 1595/1492/1493
f 1598/1493/1494 1597/1490/1491 1595/1492/1493
f 1600/1494/1495 1599/1495/1496 1596/1491/1492
f 1597/1490/1491 1600/1494/1495 1596/1491/1492
f 1602/1496/1497 1601/1497/1498 1598/1493/1494
f 1595/1492/1493 1602/1496/1497 1598/1493/1494
f 1605/1498/1499 1604/1499/1500 1603/1500/1501
f 1606/1501/1502 1605/1498/1499 1603/1500/1501
f 1607/1502/1503 1605/1498/1499 1606/1501/1502
f 1608/1503/1504 1607/1502/1503 1606/1501/1502
f 1609/1504/1505 1603/1500/1501 1604/1499/1500
f 1610/1505/1505 1609/1504/1505 1604/1499/1500
f 1613/1506/1506 1612/1507/1507 1611/1508/1508
f 1614/1509/1506 1613/1506/1506 1611/1508/1508
f 1617/1510/1509 1616/1511/1510 1615/1512/1511
f 1618/1513/1512 1617/1510/1509 1615/1512/1511
f 1619/1514/1513 1613/1506/1506 1614/1509/1506
f 1620/1515/1514 1619/1514/1513 1614/1509/1506
f 1616/1511/1510 1622/1516/1515 1621/1517/1516
f 1615/1512/1511 1616/1511/1510 1621/1517/1516
f 1623/1518/1517 1617/1510/1509 1618/1513/1512
f 1624/1519/1517 1623/1518/1517 1618/1513/1512
f 1627/1520/1518 1626/1521/1519 1625/1522/1520
f 1628/1523/1520 1627/1520/1518 1625/1522/1520
f 1612/1507/1507 1630/1524/1521 1629/1525/1522
f 1611/1508/1508 1612/1507/1507 1629/1525/1522
f 1631/1526/1523 1607/1502/1503 1608/1503/1504
f 1632/1527/1524 1631/1526/1523 1608/1503/1504
f 1633/1528/1525 1619/1514/1513 1620/1515/1514
f 1634/1529/1526 1633/1528/1525 1620/1515/1514
f 1622/1516/1515 1636/1530/1527 1635/1531/1528
f 1621/1517/1516 1622/1516/1515 1635/1531/1528
f 1639/1532/1529 1638/1533/1530 1637/1534/1531
f 1642/1535/1532 1641/1536/1532 1640/1537/1533
f 1643/1538/1534 1642/1535/1532 1640/1537/1533
f 1646/1539/1535 1645/1540/1536 1644/1541/1537
f 1647/1542/1535 1646/1539/1535 1644/1541/1537
f 1650/1543/1538 1649/1544/1539 1648/1545/1540
f 1651/1546/1538 1650/1543/1538 1648/1545/1540
f 1654/1547/1541 1653/1548/1542 1652/1549/1542
f 1655/1550/1541 1654/1547/1541 1652/1549/1542
f 1658/1551/1543 1657/1552/1544 1656/1553/1545
f 1659/1554/1546 1658/1551/1543 1656/1553/1545
f 1643/1538/1534 1640/1537/1533 1660/1555/1547
f 1645/1540/1536 1662/1556/1548 1661/1557/1549
f 1644/1541/1537 1645/1540/1536 1661/1557/1549
f 1649/1544/1539 1664/1558/1550 1663/1559/1550
f 1648/1545/1540 1649/1544/1539 1663/1559/1550
f 1665/1560/1551 1658/1551/1543 1659/1554/1546
f 1666/1561/1551 1665/1560/1551 1659/1554/1546
f 1669/1562/1552 1668/1563/1552 1667/1564/1552
f 1670/1565/1552 1669/1562/1552 1667/1564/1552
f 1673/1566/1553 1672/1567/1553 1671/1568/1554
f 1674/1569/1555 1673/1566/1553 1671/1568/1554
f 1677/1570/1556 1676/1571/1556 1675/1572/1556
f 1678/1573/1556 1677/1570/1556 1675/1572/1556
f 1681/1574/1557 1680/1575/1557 1679/1576/1557
f 1682/1577/1557 1681/1574/1557 1679/1576/1557
f 1685/1490/1558 1684/1493/1559 1683/1492/1560
f 1686/1491/1561 1685/1490/1558 1683/1492/1560
f 1687/1494/1562 1685/1490/1558 1686/1491/1561
f 1688/1495/1563 1687/1494/1562 1686/1491/1561
f 1689/1496/1564 1683/1492/1560 1684/1493/1559
f 1690/1497/1564 1689/1496/1564 1684/1493/1559
f 1693/1498/1565 1692/1501/1566 1691/1500/1567
f 1694/1499/1568 1693/1498/1565 1691/1500/1567
f 1696/1502/1569 1695/1503/1570 1692/1501/1566
f 1693/1498/1565 1696/1502/1569 1692/1501/1566
f 1698/1504/1571 1697/1505/1571 1694/1499/1568
f 1691/1500/1567 1698/1504/1571 1694/1499/1568
f 1701/1506/1572 1700/1509/1573 1699/1508/1574
f 1702/1507/1575 1701/1506/1572 1699/1508/1574
f 1705/1510/1576 1704/1513/1577 1703/1512/1578
f 1706/1511/1579 1705/1510/1576 1703/1512/1578
f 1708/1514/1580 1707/1515/1581 1700/1509/1573
f 1701/1506/1572 1708/1514/1580 1700/1509/1573
f 1706/1511/1579 1703/1512/1578 1709/1517/1582
f 1710/1516/1583 1706/1511/1579 1709/1517/1582
f 1712/1518/1584 1711/1519/1584 1704/1513/1577
f 1705/1510/1576 1712/1518/1584 1704/1513/1577
f 1715/1520/1585 1714/1523/1585 1713/1522/1586
f 1716/1521/1586 1715/1520/1585 1713/1522/1586
f 1702/1507/1575 1699/1508/1574 1717/1525/1587
f 1718/1524/1587 1702/1507/1575 1717/1525/1587
f 1719/1578/1588 1687/1494/1562 1688/1495/1563
f 1720/1579/1589 1719/1578/1588 1688/1495/1563
f 1722/1526/1590 1721/1527/1591 1695/1503/1570
f 1696/1502/1569 1722/1526/1590 1695/1503/1570
f 1724/1528/1592 1723/1529/1592 1707/1515/1581
f 1708/1514/1580 1724/1528/1592 1707/1515/1581
f 1710/1516/1583 1709/1517/1582 1725/1531/1593
f 1726/1530/1593 1710/1516/1583 1725/1531/1593
f 1729/1532/1594 1728/1580/1594 1727/1534/1594
f 1730/1533/1594 1729/1532/1594 1727/1534/1594
f 1733/1566/1595 1732/1569/1596 1731/1568/1597
f 1734/1567/1598 1733/1566/1595 1731/1568/1597
f 1737/1570/1599 1736/1573/1599 1735/1572/1599
f 1738/1571/1599 1737/1570/1599 1735/1572/1599
f 1741/1574/1600 1740/1577/1600 1739/1576/1600
f 1742/1575/1601 1741/1574/1600 1739/1576/1600
f 1746/1536/1602 1745/1535/1602 1743/1537/1603
f 1749/1539/1604 1748/1542/1604 1747/1541/1605
f 1750/1540/1606 1749/1539/1604 1747/1541/1605
f 1753/1543/1607 1752/1546/1608 1751/1545/1609
f 1754/1544/1610 1753/1543/1607 1751/1545/1609
f 1757/1547/1611 1756/1550/1611 1755/1549/1612
f 1758/1548/1612 1757/1547/1611 1755/1549/1612
f 1761/1551/1613 1760/1554/1614 1759/1553/1615
f 1762/1552/1615 1761/1551/1613 1759/1553/1615
f 1744/1538/1616 1764/1581/1617 1763/1555/1618
f 1743/1537/1619 1744/1538/1616 1763/1555/1618
f 1750/1540/1606 1747/1541/1605 1765/1557/1620
f 1766/1556/1621 1750/1540/1606 1765/1557/1620
f 1754/1544/1610 1751/1545/1609 1767/1559/1622
f 1768/1558/1622 1754/1544/1610 1767/1559/1622
f 1770/1560/1623 1769/1561/1623 1760/1554/1614
f 1761/1551/1613 1770/1560/1623 1760/1554/1614
f 1773/1562/1624 1772/1565/1624 1771/1564/1625
f 1774/1563/1625 1773/1562/1624 1771/1564/1625
f 1777/1582/1626 1776/1583/1627 1775/1584/1628
f 1778/1585/1627 1777/1582/1626 1775/1584/1628
f 1781/1586/1629 1780/1587/1629 1779/1588/1630
f 1782/1589/1629 1781/1586/1629 1779/1588/1630
f 1785/1590/1631 1784/1591/1631 1783/1592/1631
f 1786/1593/1631 1785/1590/1631 1783/1592/1631
f 1789/1594/1632 1788/1595/1633 1787/1596/1632
f 1790/1597/1632 1789/1594/1632 1787/1596/1632
f 1793/1598/1634 1792/1599/1635 1791/1600/1635
f 1794/1601/1634 1793/1598/1634 1791/1600/1635
f 1797/1602/1636 1796/1603/1637 1795/1604/1636
f 1798/1605/1636 1797/1602/1636 1795/1604/1636
g Bip001 L Hand
f 1801/1606/1638 1800/1607/1639 1799/1608/1640
f 1802/1609/1641 1801/1606/1638 1799/1608/1640
f 1805/1610/1642 1804/1611/1643 1803/1612/1644
f 1806/1613/1645 1805/1610/1642 1803/1612/1644
f 1809/1614/1646 1808/1615/1647 1807/1616/1648
f 1810/1617/1649 1809/1614/1646 1807/1616/1648
f 1813/1618/1650 1812/1619/1650 1811/1620/1651
f 1814/1621/1652 1813/1618/1650 1811/1620/1651
f 1817/1622/1653 1816/1623/1654 1815/1624/1655
f 1818/1625/1656 1817/1622/1653 1815/1624/1655
f 1810/1617/1649 1807/1616/1648 1819/1626/1657
f 1820/1627/1658 1810/1617/1649 1819/1626/1657
f 1823/1628/1659 1822/1629/1660 1821/1630/1659
f 1824/1631/1660 1823/1628/1659 1821/1630/1659
f 1827/1632/1661 1826/1633/1661 1825/1634/1661
f 1828/1635/1662 1827/1632/1661 1825/1634/1661
f 1831/1636/1663 1830/1637/1664 1829/1638/1665
f 1832/1639/1663 1831/1636/1663 1829/1638/1665
f 1835/1640/1666 1834/1641/1667 1833/1642/1668
f 1836/1643/1669 1835/1640/1666 1833/1642/1668
f 1834/1641/1667 1835/1640/1666 1803/1612/1644
f 1838/1644/1670 1837/1645/1670 1829/1638/1665
f 1830/1637/1664 1838/1644/1670 1829/1638/1665
f 1835/1640/1666 1836/1643/1669 1839/1646/1671
f 1840/1647/1672 1835/1640/1666 1839/1646/1671
f 1842/1648/1673 1841/1649/1674 1805/1610/1642
f 1806/1613/1645 1842/1648/1673 1805/1610/1642
f 1811/1620/1651 1844/1650/1675 1843/1651/1675
f 1814/1621/1652 1811/1620/1651 1843/1651/1675
f 1803/1612/1644 1835/1640/1666 1806/1613/1645
f 1806/1613/1645 1840/1647/1672 1842/1648/1673
f 1802/1609/1641 1799/1608/1640 1845/1652/1676
f 1846/1653/1677 1802/1609/1641 1845/1652/1676
f 1848/1654/1678 1847/1655/1679 1799/1608/1640
f 1801/1606/1638 1850/1656/1680 1849/1657/1681
f 1800/1607/1639 1801/1606/1638 1849/1657/1681
f 1852/1658/1682 1851/1659/1683 1800/1607/1639
f 1849/1657/1681 1852/1658/1682 1800/1607/1639
f 1853/1660/1684 1799/1608/1640 1800/1607/1639
f 1800/1607/1639 1851/1659/1683 1854/1661/1685
f 1853/1660/1684 1848/1654/1678 1799/1608/1640
f 1806/1613/1645 1835/1640/1666 1840/1647/1672
f 1855/1662/1686 1834/1641/1667 1803/1612/1644
f 1853/1660/1684 1800/1607/1639 1854/1661/1685
f 1858/1606/1687 1857/1609/1688 1856/1608/1689
f 1859/1607/1690 1858/1606/1687 1856/1608/1689
f 1862/1610/1691 1861/1613/1692 1860/1612/1693
f 1863/1611/1694 1862/1610/1691 1860/1612/1693
f 1866/1614/1695 1865/1617/1696 1864/1616/1697
f 1867/1615/1695 1866/1614/1695 1864/1616/1697
f 1870/1618/1698 1869/1621/1699 1868/1620/1700
f 1871/1619/1698 1870/1618/1698 1868/1620/1700
f 1874/1622/1701 1873/1625/1702 1872/1624/1703
f 1875/1623/1704 1874/1622/1701 1872/1624/1703
f 1865/1617/1696 1877/1627/1705 1876/1626/1706
f 1864/1616/1697 1865/1617/1696 1876/1626/1706
f 1880/1628/1707 1879/1631/1708 1878/1630/1709
f 1881/1629/1708 1880/1628/1707 1878/1630/1709
f 1884/1632/1710 1883/1635/1711 1882/1634/1712
f 1885/1633/1711 1884/1632/1710 1882/1634/1712
f 1888/1636/1713 1887/1639/1714 1886/1638/1715
f 1889/1637/1716 1888/1636/1713 1886/1638/1715
f 1892/1640/1717 1891/1643/1718 1890/1642/1719
f 1893/1641/1720 1892/1640/1717 1890/1642/1719
f 1892/1640/1717 1893/1641/1720 1860/1612/1693
f 1894/1644/1721 1889/1637/1716 1886/1638/1715
f 1895/1645/1722 1894/1644/1721 1886/1638/1715
f 1892/1640/1717 1897/1647/1723 1896/1646/1724
f 1891/1643/1718 1892/1640/1717 1896/1646/1724
f 1898/1648/1725 1861/1613/1692 1862/1610/1691
f 1899/1649/1726 1898/1648/1725 1862/1610/1691
f 1868/1620/1700 1869/1621/1699 1900/1651/1727
f 1901/1650/1728 1868/1620/1700 1900/1651/1727
f 1892/1640/1717 1860/1612/1693 1861/1613/1692
f 1897/1647/1723 1861/1613/1692 1898/1648/1725
f 1857/1609/1688 1903/1653/1729 1902/1652/1730
f 1856/1608/1689 1857/1609/1688 1902/1652/1730
f 1856/1608/1689 1902/1652/1730 1904/1655/1731
f 1904/1655/1731 1905/1654/1732 1856/1608/1689
f 1858/1606/1687 1859/1607/1690 1906/1657/1733
f 1907/1656/1734 1858/1606/1687 1906/1657/1733
f 1908/1658/1735 1906/1657/1733 1859/1607/1690
f 1909/1659/1736 1908/1658/1735 1859/1607/1690
f 1856/1608/1689 1910/1660/1737 1859/1607/1690
f 1909/1659/1736 1859/1607/1690 1911/1661/1738
f 1905/1654/1732 1910/1660/1737 1856/1608/1689
f 1892/1640/1717 1861/1613/1692 1897/1647/1723
f 1893/1641/1720 1912/1662/1739 1860/1612/1693
f 1859/1607/1690 1910/1660/1737 1911/1661/1738
g Ctr_L_AdornA_01
f 1915/1663/1740 1914/1664/1741 1913/1665/1742
f 1916/1666/1740 1915/1663/1740 1913/1665/1742
f 1919/1667/1743 1918/1668/1744 1917/1669/1745
f 1920/1670/1746 1919/1667/1743 1917/1669/1745
f 1923/1671/1747 1922/1672/1748 1921/1673/1749
f 1921/1673/1749 1925/1674/1750 1924/1675/1751
f 1926/1676/1751 1921/1673/1749 1924/1675/1751
f 1922/1672/1748 1923/1671/1747 1927/1677/1752
f 1928/1678/1753 1922/1672/1748 1927/1677/1752
f 1922/1672/1748 1925/1674/1750 1921/1673/1749
f 1928/1678/1753 1929/1679/1754 1922/1672/1748
f 1932/1680/1755 1931/1681/1756 1930/1682/1755
f 1933/1683/1755 1932/1680/1755 1930/1682/1755
f 1936/1684/1757 1935/1685/1757 1934/1686/1758
f 1937/1687/1758 1936/1684/1757 1934/1686/1758
f 1940/1688/1759 1939/1689/1760 1938/1690/1759
f 1941/1691/1761 1940/1688/1759 1938/1690/1759
f 1944/1692/1762 1943/1693/1763 1942/1694/1763
f 1945/1695/1763 1944/1692/1762 1942/1694/1763
f 1948/1696/1764 1947/1697/1764 1946/1698/1764
f 1949/1699/1765 1948/1696/1764 1946/1698/1764
f 1952/1700/1766 1951/1701/1766 1950/1702/1766
f 1953/1703/1766 1952/1700/1766 1950/1702/1766
f 1956/1704/1767 1955/1705/1768 1954/1706/1769
f 1957/1707/1769 1956/1704/1767 1954/1706/1769
f 1960/1708/1770 1959/1709/1770 1958/1710/1771
f 1961/1711/1770 1960/1708/1770 1958/1710/1771
f 1913/1665/1742 1919/1667/1743 1920/1670/1746
f 1962/1712/1772 1913/1665/1742 1920/1670/1746
f 1963/1713/1773 1913/1665/1742 1962/1712/1772
f 1964/1714/1774 1963/1713/1773 1962/1712/1772
f 1913/1665/1742 1914/1664/1741 1919/1667/1743
f 1967/1663/1775 1966/1666/1775 1965/1665/1776
f 1968/1664/1777 1967/1663/1775 1965/1665/1776
f 1971/1667/1778 1970/1670/1746 1969/1669/1779
f 1972/1668/1780 1971/1667/1778 1969/1669/1779
f 1975/1672/1781 1974/1671/1782 1973/1673/1783
f 1973/1673/1783 1977/1676/1784 1976/1675/1785
f 1978/1674/1786 1973/1673/1783 1976/1675/1785
f 1975/1672/1781 1980/1678/1787 1979/1677/1788
f 1974/1671/1782 1975/1672/1781 1979/1677/1788
f 1978/1674/1786 1975/1672/1781 1973/1673/1783
f 1983/1680/1789 1982/1683/1789 1981/1682/1789
f 1984/1681/1789 1983/1680/1789 1981/1682/1789
f 1987/1684/1790 1986/1687/1791 1985/1686/1791
f 1988/1685/1790 1987/1684/1790 1985/1686/1791
f 1991/1688/1792 1990/1691/1792 1989/1690/1792
f 1992/1689/1792 1991/1688/1792 1989/1690/1792
f 1995/1692/1793 1994/1695/1794 1993/1694/1794
f 1996/1693/1794 1995/1692/1793 1993/1694/1794
f 1999/1696/1795 1998/1699/1796 1997/1698/1795
f 2000/1697/1795 1999/1696/1795 1997/1698/1795
f 2003/1700/1797 2002/1703/1797 2001/1702/1797
f 2004/1701/1797 2003/1700/1797 2001/1702/1797
f 2007/1704/1798 2006/1707/1799 2005/1706/1799
f 2008/1705/1800 2007/1704/1798 2005/1706/1799
f 2011/1708/1801 2010/1711/1801 2009/1710/1801
f 2012/1709/1801 2011/1708/1801 2009/1710/1801
f 1965/1665/1776 2013/1712/1772 1970/1670/1746
f 1971/1667/1778 1965/1665/1776 1970/1670/1746
f 2015/1713/1802 2014/1714/1803 2013/1712/1772
f 1965/1665/1776 2015/1713/1802 2013/1712/1772
f 1968/1664/1777 1965/1665/1776 1971/1667/1778
f 2018/1715/1804 2017/1716/1804 2016/1717/1805
f 2019/1718/1804 2018/1715/1804 2016/1717/1805
f 2022/1719/1806 2021/1720/1807 2020/1721/1808
f 2023/1722/1809 2022/1719/1806 2020/1721/1808
f 2026/1723/1810 2025/1724/1810 2024/1725/1811
f 2027/1726/1812 2026/1723/1810 2024/1725/1811
f 2030/1727/1813 2029/1728/1814 2028/1729/1815
f 2031/1730/1815 2030/1727/1813 2028/1729/1815
f 2034/1731/1816 2033/1732/1817 2032/1733/1818
f 2032/1733/1818 2036/1734/1819 2035/1735/1820
f 2039/1736/1821 2038/1737/1822 2037/1738/1823
f 2041/1739/1824 2040/1740/1825 2039/1736/1821
f 2022/1719/1806 2029/1728/1814 2030/1727/1813
f 2021/1720/1807 2022/1719/1806 2030/1727/1813
f 2042/1741/1826 2041/1739/1824 2039/1736/1821
f 2035/1735/1820 2034/1731/1816 2032/1733/1818
f 2020/1721/1808 2044/1742/1827 2043/1743/1827
f 2023/1722/1809 2020/1721/1808 2043/1743/1827
f 2040/1740/1825 2045/1744/1828 2039/1736/1821
f 2027/1726/1812 2024/1725/1811 2046/1745/1829
f 2047/1746/1830 2027/1726/1812 2046/1745/1829
f 2049/1747/1831 2048/1748/1832 2036/1734/1819
f 2053/1749/1833 2052/1750/1834 2051/1751/1835
f 2040/1740/1825 2050/1752/1836 2045/1744/1828
f 2032/1733/1818 2049/1747/1831 2036/1734/1819
f 2039/1736/1821 2037/1738/1823 2042/1741/1826
f 2033/1732/1817 2054/1753/1837 2032/1733/1818
f 2057/1715/1838 2056/1718/1839 2055/1717/1840
f 2058/1716/1838 2057/1715/1838 2055/1717/1840
f 2061/1719/1841 2060/1722/1842 2059/1721/1843
f 2062/1720/1844 2061/1719/1841 2059/1721/1843
f 2065/1723/1845 2064/1726/1846 2063/1725/1847
f 2066/1724/1845 2065/1723/1845 2063/1725/1847
f 2069/1727/1848 2068/1730/1849 2067/1729/1850
f 2070/1728/1851 2069/1727/1848 2067/1729/1850
f 2073/1732/1852 2072/1731/1853 2071/1733/1854
f 2075/1734/1855 2071/1733/1854 2074/1735/1856
f 2078/1737/1857 2077/1736/1858 2076/1738/1859
f 2080/1740/1860 2079/1739/1861 2077/1736/1858
f 2061/1719/1841 2062/1720/1844 2069/1727/1848
f 2070/1728/1851 2061/1719/1841 2069/1727/1848
f 2079/1739/1861 2081/1741/1862 2077/1736/1858
f 2072/1731/1853 2074/1735/1856 2071/1733/1854
f 2059/1721/1843 2060/1722/1842 2082/1743/1863
f 2083/1742/1863 2059/1721/1843 2082/1743/1863
f 2084/1744/1864 2080/1740/1860 2077/1736/1858
f 2064/1726/1846 2086/1746/1865 2085/1745/1866
f 2063/1725/1847 2064/1726/1846 2085/1745/1866
f 2088/1748/1867 2087/1747/1868 2075/1734/1855
f 2090/1754/1869 2089/1752/1870 2084/1744/1864
f 2089/1752/1870 2080/1740/1860 2084/1744/1864
f 2087/1747/1868 2071/1733/1854 2075/1734/1855
f 2076/1738/1859 2077/1736/1858 2081/1741/1862
f 2091/1753/1871 2073/1732/1852 2071/1733/1854
f 2095/1755/1872 2094/1756/1872 2092/1757/1873
f 2093/1758/1873 2095/1755/1872 2092/1757/1873
f 2097/1759/1874 2096/1760/1875 2094/1756/1872
f 2095/1755/1872 2097/1759/1874 2094/1756/1872
f 2099/1761/1876 2098/1762/1877 2096/1760/1875
f 2097/1759/1874 2099/1761/1876 2096/1760/1875
f 2102/1763/1878 2101/1764/1879 2100/1765/1877
f 2103/1766/1877 2102/1763/1878 2100/1765/1877
f 2105/1767/1880 2104/1768/1880 2101/1764/1880
f 2108/1769/1881 2107/1770/1882 2106/1771/1881
f 2108/1769/1881 2106/1771/1881 2109/1772/1881
f 2108/1769/1881 2109/1772/1881 2110/1773/1881
f 2108/1769/1881 2110/1773/1881 2111/1774/1883
f 2108/1769/1881 2113/1775/1884 2112/1776/1881
f 2108/1769/1881 2112/1776/1881 2107/1770/1882
f 2116/1777/1885 2115/1778/1886 2114/1779/1887
f 2117/1780/1885 2116/1777/1885 2114/1779/1887
f 2118/1758/1888 2116/1777/1885 2117/1780/1885
f 2119/1757/1888 2118/1758/1888 2117/1780/1885
f 2120/1755/1889 2118/1758/1888 2119/1757/1888
f 2121/1756/1889 2120/1755/1889 2119/1757/1888
f 2122/1759/1890 2120/1755/1889 2121/1756/1889
f 2123/1760/1890 2122/1759/1890 2121/1756/1889
f 2124/1761/1891 2122/1759/1890 2123/1760/1890
f 2125/1762/1891 2124/1761/1891 2123/1760/1890
f 2128/1763/1892 2127/1766/1893 2126/1765/1893
f 2129/1764/1894 2128/1763/1892 2126/1765/1893
f 2130/1767/1895 2128/1763/1892 2129/1764/1894
f 2131/1768/1895 2130/1767/1895 2129/1764/1894
f 2115/1778/1886 2130/1767/1895 2131/1768/1895
f 2114/1779/1887 2115/1778/1886 2131/1768/1895
f 2134/1770/1896 2133/1769/1897 2132/1771/1897
f 2132/1771/1897 2133/1769/1897 2135/1772/1897
f 2135/1772/1897 2133/1769/1897 2136/1773/1897
f 2136/1773/1897 2133/1769/1897 2137/1774/1897
f 2139/1775/1896 2133/1769/1897 2138/1776/1896
f 2138/1776/1896 2133/1769/1897 2134/1770/1896
g Ctr_L_AdornA_02
f 2142/1781/1898 2141/1782/1899 2140/1783/1900
f 2143/1784/1901 2142/1781/1898 2140/1783/1900
f 2146/1785/1902 2145/1786/1903 2144/1787/1904
f 2147/1788/1902 2146/1785/1902 2144/1787/1904
f 2150/1789/1905 2149/1790/1906 2148/1791/1907
f 2141/1782/1899 2150/1789/1905 2148/1791/1907
f 2153/1792/1908 2152/1793/1909 2151/1794/1910
f 2150/1789/1905 2154/1795/1911 2149/1790/1906
f 2156/1796/1912 2155/1797/1913 2144/1787/1904
f 2159/1798/1914 2158/1799/1915 2157/1800/1916
f 2160/1801/1917 2159/1798/1914 2157/1800/1916
f 2163/1802/1918 2162/1803/1919 2161/1804/1920
f 2158/1799/1915 2159/1798/1914 2151/1794/1910
f 2164/1805/1921 2158/1799/1915 2151/1794/1910
f 2151/1794/1910 2165/1806/1922 2164/1805/1921
f 2168/1807/1923 2167/1808/1923 2166/1809/1923
f 2169/1810/1923 2168/1807/1923 2166/1809/1923
f 2161/1804/1920 2162/1803/1919 2170/1811/1924
f 2173/1812/1925 2172/1813/1926 2171/1814/1927
f 2174/1815/1928 2173/1812/1925 2171/1814/1927
f 2175/1816/1929 2173/1812/1925 2174/1815/1928
f 2176/1817/1930 2175/1816/1929 2174/1815/1928
f 2177/1818/1931 2175/1816/1929 2176/1817/1930
f 2178/1819/1932 2177/1818/1931 2176/1817/1930
f 2181/1820/1933 2180/1821/1933 2179/1822/1934
f 2182/1823/1934 2181/1820/1933 2179/1822/1934
f 2185/1824/1935 2184/1825/1935 2183/1826/1936
f 2186/1827/1935 2185/1824/1935 2183/1826/1936
f 2189/1828/1937 2188/1829/1938 2187/1830/1939
f 2189/1828/1937 2191/1831/1940 2190/1832/1941
f 2194/1833/1942 2193/1834/1943 2192/1835/1944
f 2189/1828/1937 2194/1833/1942 2192/1835/1944
f 2192/1835/1944 2195/1836/1945 2189/1828/1937
f 2198/1837/1946 2197/1838/1946 2196/1839/1947
f 2199/1840/1947 2198/1837/1946 2196/1839/1947
f 2201/1841/1948 2140/1783/1900 2200/1842/1949
f 2189/1828/1937 2187/1830/1939 2202/1843/1950
f 2195/1836/1945 2203/1844/1951 2189/1828/1937
f 2141/1782/1899 2148/1791/1907 2200/1842/1949
f 2145/1786/1903 2156/1796/1912 2144/1787/1904
f 2206/1845/1952 2205/1846/1953 2178/1819/1932
f 2207/1847/1954 2206/1845/1952 2178/1819/1932
f 2204/1848/1955 2189/1828/1937 2202/1843/1950
f 2210/1849/1956 2209/1850/1957 2208/1851/1958
f 2202/1843/1950 2211/1852/1959 2204/1848/1955
f 2212/1853/1960 2171/1814/1927 2172/1813/1926
f 2213/1854/1961 2212/1853/1960 2172/1813/1926
f 2160/1801/1917 2157/1800/1916 2214/1855/1962
f 2215/1856/1962 2160/1801/1917 2214/1855/1962
f 2194/1833/1942 2189/1828/1937 2190/1832/1941
f 2218/1857/1963 2217/1858/1964 2216/1859/1965
f 2155/1797/1913 2218/1857/1963 2216/1859/1965
f 2140/1783/1900 2141/1782/1899 2200/1842/1949
f 2203/1844/1951 2188/1829/1938 2189/1828/1937
f 2209/1850/1966 2219/1860/1967 2191/1831/1968
f 2209/1850/1957 2204/1848/1955 2211/1852/1959
f 2178/1819/1932 2205/1846/1953 2177/1818/1931
f 2222/1861/1969 2221/1862/1970 2220/1863/1971
f 2222/1861/1969 2220/1863/1971 2223/1864/1972
f 2220/1863/1971 2224/1865/1973 2223/1864/1972
f 2209/1850/1957 2211/1852/1959 2208/1851/1958
f 2152/1793/1909 2165/1806/1922 2151/1794/1910
f 2165/1806/1922 2225/1866/1974 2164/1805/1921
f 2155/1797/1913 2216/1859/1965 2144/1787/1904
g Ctr_L_AdornA_03
f 2228/1781/1975 2227/1784/1975 2226/1783/1976
f 2229/1782/1977 2228/1781/1975 2226/1783/1976
f 2232/1785/1978 2231/1788/1979 2230/1787/1980
f 2233/1786/1981 2232/1785/1978 2230/1787/1980
f 2235/1789/1982 2229/1782/1977 2234/1791/1983
f 2236/1790/1984 2235/1789/1982 2234/1791/1983
f 2239/1793/1985 2238/1792/1986 2237/1794/1987
f 2240/1795/1988 2235/1789/1982 2236/1790/1984
f 2242/1797/1989 2241/1796/1990 2230/1787/1980
f 2245/1798/1991 2244/1801/1992 2243/1800/1993
f 2246/1799/1994 2245/1798/1991 2243/1800/1993
f 2249/1803/1995 2248/1802/1996 2247/1804/1997
f 2246/1799/1994 2250/1805/1998 2237/1794/1987
f 2245/1798/1991 2246/1799/1994 2237/1794/1987
f 2251/1806/1999 2237/1794/1987 2250/1805/1998
f 2254/1807/2000 2253/1810/2000 2252/1809/2000
f 2255/1808/2000 2254/1807/2000 2252/1809/2000
f 2249/1803/1995 2247/1804/1997 2256/1811/2001
f 2259/1812/2002 2258/1815/2003 2257/1814/2004
f 2260/1813/2005 2259/1812/2002 2257/1814/2004
f 2262/1816/2006 2261/1817/2007 2258/1815/2003
f 2259/1812/2002 2262/1816/2006 2258/1815/2003
f 2264/1818/2008 2263/1819/2009 2261/1817/2007
f 2262/1816/2006 2264/1818/2008 2261/1817/2007
f 2267/1820/2010 2266/1823/2010 2265/1822/2011
f 2268/1821/2011 2267/1820/2010 2265/1822/2011
f 2271/1824/2012 2270/1827/2012 2269/1826/2012
f 2272/1825/2012 2271/1824/2012 2269/1826/2012
f 2275/1829/2013 2274/1828/2014 2273/1830/2015
f 2277/1831/2016 2274/1828/2014 2276/1832/2017
f 2279/1833/2018 2274/1828/2014 2278/1835/2019
f 2280/1834/2020 2279/1833/2018 2278/1835/2019
f 2281/1836/2021 2278/1835/2019 2274/1828/2014
f 2284/1837/2022 2283/1840/2022 2282/1839/2022
f 2285/1838/2022 2284/1837/2022 2282/1839/2022
f 2226/1783/1976 2287/1841/2023 2286/1842/2024
f 2273/1830/2015 2274/1828/2014 2288/1843/2025
f 2289/1844/2026 2281/1836/2021 2274/1828/2014
f 2234/1791/1983 2229/1782/1977 2286/1842/2024
f 2241/1796/1990 2233/1786/1981 2230/1787/1980
f 2290/1848/2027 2274/1828/2014 2277/1831/2016
f 2292/1845/2028 2291/1847/2028 2263/1819/2009
f 2293/1846/2029 2292/1845/2028 2263/1819/2009
f 2274/1828/2014 2290/1848/2027 2288/1843/2025
f 2296/1850/2030 2295/1849/2031 2294/1851/2032
f 2297/1852/2033 2288/1843/2025 2290/1848/2027
f 2299/1853/2034 2298/1854/2034 2260/1813/2005
f 2257/1814/2004 2299/1853/2034 2260/1813/2005
f 2244/1801/1992 2301/1856/2035 2300/1855/2036
f 2243/1800/1993 2244/1801/1992 2300/1855/2036
f 2274/1828/2014 2279/1833/2018 2276/1832/2017
f 2303/1857/2037 2242/1797/1989 2302/1859/2038
f 2304/1858/2039 2303/1857/2037 2302/1859/2038
f 2229/1782/1977 2226/1783/1976 2286/1842/2024
f 2275/1829/2013 2289/1844/2026 2274/1828/2014
f 2305/1860/2040 2296/1850/2041 2277/1831/2042
f 2290/1848/2027 2296/1850/2030 2297/1852/2033
f 2293/1846/2029 2263/1819/2009 2264/1818/2008
f 2308/1862/2043 2307/1861/2044 2306/1863/2045
f 2306/1863/2045 2307/1861/2044 2309/1864/2046
f 2310/1865/2047 2306/1863/2045 2309/1864/2046
f 2297/1852/2033 2296/1850/2030 2294/1851/2032
f 2251/1806/1999 2239/1793/1985 2237/1794/1987
f 2311/1866/2048 2251/1806/1999 2250/1805/1998
f 2302/1859/2038 2242/1797/1989 2230/1787/1980
g Bip001 L Finger01
f 2314/1867/2049 2313/1868/2050 2312/1869/2051
f 2315/1870/2049 2314/1867/2049 2312/1869/2051
f 2317/1871/2052 2316/1872/2053 2312/1869/2051
f 2313/1868/2050 2317/1871/2052 2312/1869/2051
f 2320/1873/2054 2319/1874/2055 2318/1875/2056
f 2320/1873/2054 2318/1875/2056 2321/1876/2057
f 2322/1877/2057 2320/1873/2054 2321/1876/2057
f 2325/1878/2058 2324/1879/2059 2323/1880/2060
f 2327/1881/2061 2326/1882/2061 2324/1879/2059
f 2325/1878/2058 2327/1881/2061 2324/1879/2059
f 2330/1883/2062 2329/1884/2062 2328/1885/2063
f 2331/1886/2063 2330/1883/2062 2328/1885/2063
f 2334/1887/2064 2333/1888/2064 2332/1889/2064
f 2335/1890/2064 2334/1887/2064 2332/1889/2064
f 2338/1891/2065 2337/1892/2065 2336/1893/2066
f 2339/1894/2065 2338/1891/2065 2336/1893/2066
f 2342/1895/2067 2341/1896/2068 2340/1897/2069
f 2343/1898/2069 2342/1895/2067 2340/1897/2069
f 2346/1899/2070 2345/1900/2070 2344/1901/2071
f 2347/1902/2071 2346/1899/2070 2344/1901/2071
f 2350/1903/2072 2349/1904/2072 2348/1905/2072
f 2351/1906/2072 2350/1903/2072 2348/1905/2072
f 2354/1907/2073 2353/1908/2074 2352/1909/2074
f 2355/1910/2074 2354/1907/2073 2352/1909/2074
f 2358/1911/2075 2357/1912/2075 2356/1913/2075
f 2359/1914/2075 2358/1911/2075 2356/1913/2075
f 2362/1915/2076 2361/1916/2076 2360/1917/2077
f 2363/1918/2078 2362/1915/2076 2360/1917/2077
f 2366/1919/2079 2365/1920/2079 2364/1921/2080
f 2367/1922/2081 2366/1919/2079 2364/1921/2080
f 2363/1918/2078 2360/1917/2077 2367/1922/2081
f 2364/1921/2080 2363/1918/2078 2367/1922/2081
g Bip001 L Hand
f 2372/1923/2082 2371/1924/2083 2370/1925/2084
f 2368/1926/2085 2372/1923/2082 2370/1925/2084
f 2369/1927/2086 2370/1925/2084 2375/1928/2087
f 2376/1929/2088 2369/1927/2086 2375/1928/2087
f 2372/1923/2082 2368/1926/2085 2377/1930/2089
f 2371/1924/2083 2378/1931/2090 2375/1928/2087
f 2370/1925/2084 2371/1924/2083 2375/1928/2087
f 2379/1932/2091 2373/1933/2092 2372/1923/2082
f 2377/1930/2089 2379/1932/2091 2372/1923/2082
f 2379/1932/2091 2380/1934/2093 2374/1935/2094
f 2373/1933/2092 2379/1932/2091 2374/1935/2094
f 2380/1934/2093 2381/1936/2095 2374/1935/2094
f 2384/1937/2096 2383/1938/2096 2382/1939/2096
f 2385/1940/2096 2384/1937/2096 2382/1939/2096
f 2388/1941/2097 2387/1942/2098 2386/1943/2097
f 2389/1944/2097 2388/1941/2097 2386/1943/2097
f 2392/1945/2099 2391/1946/2100 2390/1947/2100
f 2393/1948/2100 2392/1945/2099 2390/1947/2100
f 2396/1949/2101 2395/1950/2102 2394/1951/2103
f 2397/1952/2103 2396/1949/2101 2394/1951/2103
f 2396/1949/2101 2399/1953/2104 2398/1954/2105
f 2395/1950/2102 2396/1949/2101 2398/1954/2105
f 2401/1955/2106 2400/1956/2106 2398/1954/2105
f 2399/1953/2104 2401/1955/2106 2398/1954/2105
f 2404/1957/2107 2403/1958/2108 2402/1959/2109
f 2405/1960/2107 2404/1957/2107 2402/1959/2109
f 2406/1961/2110 2402/1959/2109 2403/1958/2108
f 2409/1962/2111 2408/1963/2112 2407/1964/2113
f 2411/1965/2114 2410/1966/2115 2408/1963/2116
f 2413/1967/2117 2412/1968/2118 2410/1966/2115
f 2411/1965/2114 2413/1967/2117 2410/1966/2115
f 2413/1967/2117 2415/1969/2119 2414/1970/2119
f 2412/1968/2118 2413/1967/2117 2414/1970/2119
f 2369/1927/2086 2417/1971/2120 2416/1972/2121
f 2418/1973/2122 2416/1972/2121 2417/1971/2120
f 2419/1974/2123 2418/1973/2122 2417/1971/2120
f 2420/1975/2124 2418/1973/2122 2419/1974/2123
f 2422/1976/2125 2420/1975/2124 2421/1977/2126
f 2369/1927/2086 2376/1929/2088 2423/1978/2127
f 2417/1971/2120 2369/1927/2086 2423/1978/2127
f 2416/1972/2121 2418/1973/2122 2425/1979/2128
f 2424/1980/2129 2416/1972/2121 2425/1979/2128
f 2419/1974/2123 2417/1971/2120 2423/1978/2127
f 2426/1981/2130 2419/1974/2123 2423/1978/2127
f 2427/1982/2131 2425/1979/2128 2418/1973/2122
f 2420/1975/2124 2427/1982/2131 2418/1973/2122
f 2427/1982/2131 2420/1975/2124 2422/1976/2125
f 2428/1983/2132 2427/1982/2131 2422/1976/2125
f 2429/1984/2133 2428/1983/2132 2422/1976/2125
f 2432/1985/2134 2431/1986/2135 2430/1987/2135
f 2433/1988/2135 2432/1985/2134 2430/1987/2135
f 2436/1989/2136 2435/1990/2136 2434/1991/2136
f 2437/1992/2136 2436/1989/2136 2434/1991/2136
f 2440/1993/2137 2439/1994/2137 2438/1995/2137
f 2441/1996/2137 2440/1993/2137 2438/1995/2137
f 2444/1997/2138 2443/1998/2139 2442/1999/2139
f 2445/2000/2140 2444/1997/2138 2442/1999/2139
f 2444/1997/2138 2445/2000/2140 2446/2001/2141
f 2447/2002/2142 2444/1997/2138 2446/2001/2141
f 2401/1955/2106 2447/2002/2142 2446/2001/2141
f 2400/1956/2106 2401/1955/2106 2446/2001/2141
f 2450/2003/2143 2449/2004/2144 2448/2005/2145
f 2451/2006/2146 2450/2003/2143 2448/2005/2145
g Skn_L_ForeArm_Twist01
f 2454/2007/2147 2452/2008/2148 2453/2009/2149
f 2455/2010/2147 2454/2007/2147 2453/2009/2149
f 2458/2011/2150 2459/2012/2151 2460/2013/2152
f 2461/2014/2153 2458/2011/2150 2460/2013/2152
f 2463/2015/2154 2462/2016/2155 2461/2014/2153
f 2460/2013/2152 2463/2015/2154 2461/2014/2153
f 2463/2015/2154 2465/2017/2156 2464/2018/2157
f 2462/2016/2155 2463/2015/2154 2464/2018/2157
f 2467/2019/2158 2466/2020/2158 2456/2021/2159
f 2457/2022/2160 2467/2019/2158 2456/2021/2159
f 2465/2017/2156 2468/2023/2161 2464/2018/2157
f 2471/2008/2162 2470/2024/2163 2469/2025/2164
f 2472/2009/2165 2471/2008/2162 2469/2025/2164
f 2473/2026/2166 2469/2025/2164 2470/2024/2163
f 2474/2027/2167 2473/2026/2166 2470/2024/2163
f 2475/2007/2168 2471/2008/2162 2472/2009/2165
f 2476/2010/2168 2475/2007/2168 2472/2009/2165
f 2479/2028/2169 2478/2029/2170 2477/2030/2171
f 2480/2031/2172 2479/2028/2169 2477/2030/2171
f 2481/2032/2173 2477/2030/2171 2478/2029/2170
f 2482/2033/2173 2481/2032/2173 2478/2029/2170
f 2474/2027/2167 2479/2028/2169 2480/2031/2172
f 2473/2026/2166 2474/2027/2167 2480/2031/2172
f 2485/2034/2174 2484/2035/2175 2483/2036/2176
f 2486/2037/2177 2485/2034/2174 2483/2036/2176
f 2484/2035/2175 2485/2034/2174 2487/2038/2178
f 2488/2039/2178 2484/2035/2175 2487/2038/2178
f 2491/2040/2179 2490/2041/2180 2489/2042/2181
f 2492/2043/2182 2491/2040/2179 2489/2042/2181
f 2491/2040/2179 2492/2043/2182 2493/2044/2183
f 2494/2045/2184 2491/2040/2179 2493/2044/2183
f 2494/2045/2184 2493/2044/2183 2486/2037/2177
f 2483/2036/2176 2494/2045/2184 2486/2037/2177
f 2489/2042/2181 2490/2041/2180 2495/2046/2185
f 2496/2047/2185 2489/2042/2181 2495/2046/2185
f 2499/2048/2186 2498/2049/2187 2497/2050/2188
f 2500/2051/2188 2499/2048/2186 2497/2050/2188
f 2502/2052/2189 2501/2053/2190 2498/2049/2187
f 2499/2048/2186 2502/2052/2189 2498/2049/2187
f 2504/2054/2191 2503/2055/2192 2501/2053/2190
f 2502/2052/2189 2504/2054/2191 2501/2053/2190
f 2506/2056/2193 2505/2057/2194 2503/2055/2192
f 2504/2054/2191 2506/2056/2193 2503/2055/2192
f 2508/2058/2195 2507/2059/2196 2505/2057/2194
f 2506/2056/2193 2508/2058/2195 2505/2057/2194
f 2510/2060/2197 2509/2061/2198 2507/2059/2199
