# Blender 5.0.1
# www.blender.org
mtllib cientifico_brazo_der.mtl
g brazo_der_Mesh
v 0.218010 -0.237972 0.190462
v 0.226320 -0.236913 0.183092
v 0.220399 -0.232260 0.183556
v 0.225958 -0.240697 0.189210
v 0.231869 -0.240249 0.182076
v 0.217411 -0.243135 0.196471
v 0.196730 -0.226258 0.183358
v 0.206944 -0.224936 0.182875
v 0.200605 -0.221503 0.179836
v 0.203303 -0.229642 0.187075
v 0.214512 -0.229104 0.183921
v 0.210967 -0.234294 0.189416
v 0.208024 -0.238702 0.194699
v 0.212086 -0.246508 0.201496
v 0.220784 -0.251903 0.204885
v 0.216088 -0.256276 0.208847
v 0.224782 -0.262734 0.211534
v 0.211729 -0.259094 0.214456
v 0.220284 -0.266498 0.217792
v 0.207392 -0.261152 0.220472
v 0.204725 -0.242134 0.199189
v 0.207363 -0.249453 0.206194
v 0.201066 -0.245575 0.203994
v 0.203915 -0.252206 0.211514
v 0.197572 -0.248025 0.209046
v 0.190005 -0.243485 0.205975
v 0.193043 -0.241120 0.200964
v 0.196578 -0.237392 0.196061
v 0.199884 -0.233696 0.191628
v 0.193024 -0.230499 0.187421
v 0.189508 -0.234328 0.191692
v 0.185686 -0.238335 0.196384
v 0.182401 -0.240773 0.201414
v 0.179212 -0.242652 0.206927
v 0.187070 -0.245409 0.211224
v 0.194222 -0.249628 0.214445
v 0.200611 -0.254135 0.217245
v 0.186646 -0.227684 0.183209
v 0.182686 -0.231796 0.187359
v 0.178587 -0.235979 0.191730
v 0.175133 -0.238230 0.196855
v 0.171730 -0.240240 0.202186
v 0.168738 -0.238244 0.212317
v 0.176621 -0.240636 0.215677
v 0.184666 -0.243399 0.219150
v 0.191121 -0.246964 0.222349
v 0.197422 -0.251049 0.225674
v 0.202983 -0.256840 0.228957
v 0.208735 -0.262645 0.232366
v 0.215724 -0.269113 0.224618
v 0.222649 -0.272921 0.227565
v 0.227378 -0.269958 0.220934
v 0.229200 -0.276445 0.230442
v 0.234276 -0.272857 0.224123
v 0.239222 -0.281002 0.234257
v 0.243699 -0.276690 0.228376
v 0.253323 -0.280254 0.233653
v 0.248931 -0.271937 0.223062
v 0.262673 -0.276268 0.230166
v 0.255085 -0.265800 0.218850
v 0.268122 -0.268947 0.225706
v 0.239338 -0.283396 0.245653
v 0.225299 -0.274850 0.239984
v 0.216881 -0.268851 0.236200
v 0.239339 -0.268570 0.218422
v 0.244019 -0.262007 0.214364
v 0.248533 -0.256077 0.210274
v 0.261057 -0.259924 0.214352
v 0.269805 -0.273501 0.233152
v 0.269768 -0.280163 0.235154
v 0.262704 -0.278839 0.236327
v 0.261388 -0.280904 0.243412
v 0.266397 -0.281152 0.238634
v 0.270013 -0.287582 0.243634
v 0.271990 -0.286004 0.239030
v 0.283958 -0.267193 0.225439
v 0.277124 -0.267561 0.228247
v 0.281325 -0.268938 0.230221
v 0.275585 -0.264846 0.220787
v 0.277344 -0.269532 0.236483
v 0.273416 -0.275926 0.235382
v 0.277642 -0.281405 0.235517
v 0.278075 -0.288489 0.236026
v 0.277557 -0.291215 0.239043
v 0.278046 -0.295249 0.242692
v 0.279316 -0.294167 0.237411
v 0.280233 -0.302088 0.236224
v 0.280813 -0.298831 0.232686
v 0.281937 -0.303531 0.227323
v 0.288418 -0.276708 0.236560
v 0.282597 -0.261092 0.223066
v 0.286770 -0.262559 0.225150
v 0.277122 -0.258001 0.214524
v 0.288957 -0.255869 0.225249
v 0.298054 -0.265253 0.226488
v 0.293753 -0.269074 0.226188
v 0.290370 -0.272115 0.226954
v 0.289102 -0.274517 0.230968
v 0.296545 -0.280332 0.231189
v 0.298314 -0.284724 0.235427
v 0.299171 -0.284095 0.229947
v 0.300950 -0.292729 0.228783
v 0.300747 -0.289730 0.225139
v 0.300044 -0.282689 0.226089
v 0.296134 -0.277191 0.227698
v 0.300354 -0.275609 0.226693
v 0.306442 -0.274721 0.226044
v 0.300299 -0.302019 0.201906
v 0.298184 -0.302743 0.204457
v 0.298575 -0.306381 0.200965
v 0.297819 -0.305856 0.205556
v 0.298027 -0.308296 0.203261
v 0.298359 -0.309527 0.206347
v 0.299134 -0.309796 0.202675
v 0.300340 -0.308492 0.199950
v 0.301678 -0.305720 0.198815
v 0.300426 -0.304390 0.199525
v 0.302937 -0.302205 0.198795
v 0.300080 -0.305172 0.213890
v 0.302075 -0.300115 0.221496
v 0.301313 -0.297822 0.216961
v 0.299709 -0.301979 0.211261
v 0.312733 -0.301349 0.217024
v 0.311685 -0.298193 0.225315
v 0.314377 -0.296212 0.223755
v 0.310232 -0.303137 0.218441
v 0.310699 -0.304151 0.212387
v 0.308396 -0.305929 0.213398
v 0.308610 -0.306724 0.207939
v 0.306864 -0.304741 0.219490
v 0.307870 -0.299873 0.225934
v 0.307233 -0.294139 0.231789
v 0.311269 -0.292549 0.231276
v 0.314229 -0.290473 0.229670
v 0.314914 -0.287950 0.226605
v 0.315022 -0.293716 0.220956
v 0.313362 -0.299115 0.214440
v 0.311045 -0.302372 0.209806
v 0.308716 -0.305363 0.205303
v 0.302515 -0.306833 0.214161
v 0.301047 -0.310325 0.207920
v 0.300080 -0.305172 0.213890
v 0.304104 -0.303344 0.219702
v 0.302075 -0.300115 0.221496
v 0.300950 -0.292729 0.228783
v 0.305545 -0.287844 0.237455
v 0.309914 -0.286181 0.237122
v 0.313187 -0.283978 0.235631
v 0.314274 -0.281400 0.232449
v 0.313492 -0.278846 0.228635
v 0.314291 -0.285173 0.223206
v 0.314481 -0.291007 0.217537
v 0.300372 -0.279414 0.241906
v 0.313147 -0.296578 0.211405
v 0.310839 -0.300313 0.206765
v 0.308551 -0.303893 0.202103
v 0.307101 -0.306709 0.202361
v 0.305849 -0.309013 0.203428
v 0.306464 -0.308463 0.208645
v 0.305378 -0.307767 0.214166
v 0.303781 -0.310387 0.209002
v 0.304706 -0.309986 0.205904
v 0.302096 -0.310244 0.204149
v 0.308246 -0.283024 0.219289
v 0.308838 -0.290480 0.211943
v 0.310992 -0.294164 0.210504
v 0.308657 -0.298227 0.205562
v 0.306101 -0.302785 0.200305
v 0.304562 -0.306207 0.200193
v 0.303248 -0.309103 0.201295
v 0.299134 -0.309796 0.202675
v 0.298359 -0.309527 0.206347
v 0.300340 -0.308492 0.199950
v 0.301678 -0.305720 0.198815
v 0.302937 -0.302205 0.198795
v 0.305938 -0.296547 0.205355
v 0.286096 -0.299650 0.223737
v 0.282598 -0.303260 0.221061
v 0.285930 -0.301965 0.220496
v 0.282794 -0.300052 0.225724
v 0.282252 -0.277783 0.236314
v 0.281949 -0.287172 0.235315
v 0.280694 -0.292659 0.233954
v 0.281929 -0.296343 0.230129
v 0.285089 -0.294866 0.229148
v 0.289591 -0.293732 0.228550
v 0.290720 -0.300591 0.220998
v 0.287650 -0.305091 0.213328
v 0.283969 -0.305109 0.214812
v 0.281217 -0.305740 0.216292
v 0.287588 -0.286648 0.234851
v 0.281799 -0.305763 0.224016
v 0.280254 -0.308502 0.217960
v 0.279844 -0.307786 0.212102
v 0.282138 -0.307643 0.209873
v 0.284892 -0.308535 0.206855
v 0.281410 -0.309582 0.206649
v 0.282887 -0.311579 0.206248
v 0.280847 -0.313848 0.206726
v 0.278779 -0.310842 0.207421
v 0.277756 -0.312742 0.209639
v 0.278672 -0.310635 0.212757
v 0.278044 -0.314492 0.212982
v 0.279551 -0.312127 0.220170
v 0.281677 -0.308696 0.228620
v 0.279228 -0.314849 0.209258
v 0.284892 -0.308535 0.206855
v 0.287692 -0.310352 0.208364
v 0.287650 -0.305091 0.213328
v 0.285568 -0.313095 0.207769
v 0.282887 -0.311579 0.206248
v 0.283596 -0.315370 0.208277
v 0.280847 -0.313848 0.206726
v 0.279228 -0.314849 0.209258
v 0.282045 -0.316261 0.210690
v 0.278044 -0.314492 0.212982
v 0.280887 -0.316205 0.214233
v 0.279551 -0.312127 0.220170
v 0.282120 -0.314443 0.220320
v 0.284008 -0.317258 0.215022
v 0.284872 -0.316966 0.212460
v 0.286208 -0.316313 0.210593
v 0.287854 -0.314670 0.210015
v 0.292606 -0.304433 0.219408
v 0.290720 -0.300591 0.220998
v 0.290121 -0.307491 0.213558
v 0.289801 -0.312682 0.210108
v 0.289279 -0.314345 0.212763
v 0.288666 -0.315587 0.214819
v 0.286597 -0.316459 0.215268
v 0.285272 -0.316167 0.220361
v 0.283767 -0.312239 0.226766
v 0.281677 -0.308696 0.228620
v 0.287237 -0.310183 0.233295
v 0.280233 -0.302088 0.236224
v 0.291576 -0.312881 0.217166
v 0.292105 -0.310567 0.214632
v 0.294617 -0.307688 0.220058
v 0.295558 -0.302779 0.226393
v 0.294291 -0.310676 0.222507
v 0.295617 -0.305954 0.229479
v 0.294676 -0.297149 0.232230
v 0.294848 -0.300354 0.235455
v 0.293771 -0.294337 0.240859
v 0.286318 -0.304728 0.239377
v 0.284822 -0.299390 0.244922
v 0.289135 -0.298377 0.244652
v 0.284776 -0.289163 0.250150
v 0.288088 -0.287045 0.249339
v 0.281893 -0.279304 0.250846
v 0.289773 -0.285024 0.246362
v 0.292390 -0.296820 0.243471
v 0.293636 -0.302790 0.237904
v 0.294278 -0.308418 0.231784
v 0.292979 -0.312840 0.224541
v 0.290709 -0.314476 0.219228
v 0.290467 -0.304099 0.239060
v 0.291273 -0.309615 0.232947
v 0.280694 -0.291549 0.249497
v 0.278046 -0.295249 0.242692
v 0.270013 -0.287582 0.243634
v 0.278342 -0.281136 0.251204
v 0.273848 -0.283289 0.250479
v 0.261388 -0.280904 0.243412
v 0.255129 -0.274818 0.254319
v 0.257423 -0.269971 0.252149
v 0.259407 -0.278560 0.250913
v 0.266513 -0.275043 0.251513
v 0.271993 -0.273530 0.252081
v 0.275682 -0.272042 0.251856
v 0.283228 -0.277129 0.248098
v 0.289956 -0.283557 0.241862
v 0.293330 -0.291481 0.237377
v 0.289591 -0.293732 0.228550
v 0.269550 -0.264448 0.253822
v 0.276739 -0.269606 0.249627
v 0.283828 -0.275328 0.244061
v 0.282252 -0.277783 0.236314
v 0.287588 -0.286648 0.234851
v 0.277392 -0.266769 0.246064
v 0.277344 -0.269532 0.236483
v 0.298314 -0.284724 0.235427
v 0.288418 -0.276708 0.236560
v 0.292809 -0.271426 0.243140
v 0.284436 -0.262906 0.244484
v 0.273626 -0.257041 0.246728
v 0.272537 -0.261264 0.250815
v 0.271117 -0.262725 0.252498
v 0.267198 -0.257552 0.253643
v 0.269594 -0.256345 0.251415
v 0.264754 -0.251345 0.251406
v 0.282034 -0.254337 0.246742
v 0.276975 -0.250170 0.248262
v 0.306442 -0.274721 0.226044
v 0.308489 -0.270515 0.233099
v 0.308605 -0.271521 0.237705
v 0.307311 -0.273487 0.241217
v 0.304167 -0.276269 0.242431
v 0.297017 -0.268563 0.243313
v 0.289767 -0.260886 0.244168
v 0.284416 -0.252683 0.245709
v 0.279380 -0.247471 0.246851
v 0.271831 -0.245505 0.247905
v 0.298054 -0.265253 0.226488
v 0.281360 -0.245518 0.244922
v 0.275226 -0.240858 0.244065
v 0.286396 -0.251035 0.244139
v 0.293285 -0.258942 0.242970
v 0.300406 -0.266107 0.242333
v 0.301126 -0.263950 0.238835
v 0.300699 -0.262456 0.234257
v 0.292201 -0.253843 0.234976
v 0.288957 -0.255869 0.225249
v 0.286192 -0.244712 0.233745
v 0.294692 -0.248311 0.231367
v 0.293386 -0.256565 0.239529
v 0.299539 -0.260177 0.226044
v 0.272218 -0.234481 0.232577
v 0.271468 -0.230413 0.227954
v 0.282421 -0.232302 0.230576
v 0.281825 -0.234608 0.232673
v 0.288550 -0.235401 0.231573
v 0.287247 -0.238059 0.233413
v 0.293396 -0.239294 0.231032
v 0.291810 -0.241192 0.232565
v 0.278759 -0.239581 0.238737
v 0.276988 -0.239913 0.241499
v 0.282668 -0.244420 0.242227
v 0.287190 -0.249633 0.241625
v 0.298522 -0.245529 0.230195
v 0.294709 -0.237480 0.228867
v 0.289615 -0.233225 0.228958
v 0.283168 -0.230276 0.227640
v 0.272147 -0.227648 0.223568
v 0.283904 -0.243867 0.239034
v 0.287571 -0.248466 0.238939
v 0.269627 -0.236885 0.176313
v 0.268119 -0.235196 0.170087
v 0.274374 -0.242643 0.171358
v 0.259978 -0.226500 0.174381
v 0.262539 -0.226262 0.180755
v 0.251718 -0.222941 0.178152
v 0.254292 -0.221895 0.184206
v 0.265222 -0.226117 0.187737
v 0.256868 -0.221329 0.191342
v 0.260836 -0.221950 0.198577
v 0.251717 -0.217687 0.202963
v 0.265118 -0.223364 0.207647
v 0.262222 -0.223472 0.214194
v 0.274492 -0.227923 0.217885
v 0.284245 -0.229774 0.223936
v 0.290392 -0.232402 0.225449
v 0.295121 -0.236340 0.226026
v 0.266730 -0.224436 0.201938
v 0.300717 -0.241360 0.224224
v 0.295184 -0.235445 0.222988
v 0.290856 -0.232300 0.221586
v 0.269896 -0.235283 0.184467
v 0.272139 -0.235237 0.191617
v 0.268162 -0.226538 0.195498
v 0.272681 -0.227894 0.202764
v 0.277949 -0.229565 0.211455
v 0.285347 -0.229887 0.220321
v 0.289892 -0.234959 0.215422
v 0.299090 -0.239888 0.219509
v 0.308293 -0.244885 0.219604
v 0.276254 -0.236715 0.198149
v 0.280661 -0.238585 0.204540
v 0.288712 -0.240568 0.210107
v 0.296941 -0.244631 0.213018
v 0.306067 -0.249230 0.213629
v 0.315552 -0.249141 0.219522
v 0.313781 -0.254113 0.213833
v 0.321751 -0.255459 0.218232
v 0.319542 -0.261463 0.212633
v 0.325614 -0.260833 0.217214
v 0.324257 -0.268555 0.211120
v 0.328980 -0.266116 0.215946
v 0.328242 -0.271366 0.211626
v 0.325547 -0.276690 0.207542
v 0.308937 -0.245713 0.224294
v 0.315981 -0.249573 0.224171
v 0.322961 -0.256544 0.222415
v 0.327033 -0.261825 0.221140
v 0.330405 -0.267082 0.219703
v 0.331625 -0.272535 0.213514
v 0.328943 -0.277631 0.208802
v 0.326405 -0.284477 0.204357
v 0.332524 -0.273874 0.216969
v 0.332492 -0.279583 0.214146
v 0.332089 -0.278634 0.210834
v 0.332346 -0.280529 0.217174
v 0.301158 -0.243065 0.228162
v 0.308813 -0.247344 0.228354
v 0.315388 -0.251169 0.228329
v 0.322778 -0.258195 0.226379
v 0.327010 -0.263514 0.224839
v 0.330591 -0.268759 0.223141
v 0.332372 -0.275468 0.220077
v 0.330273 -0.277297 0.222125
v 0.330351 -0.282441 0.218710
v 0.306303 -0.250442 0.230266
v 0.312986 -0.254611 0.230185
v 0.320148 -0.260876 0.228482
v 0.324373 -0.265851 0.227007
v 0.328199 -0.270787 0.225343
v 0.324951 -0.272838 0.226431
v 0.327338 -0.278975 0.223374
v 0.323476 -0.278534 0.222593
v 0.324193 -0.284061 0.218858
v 0.320920 -0.283326 0.217553
v 0.320932 -0.268238 0.228063
v 0.316421 -0.263720 0.229508
v 0.310195 -0.258595 0.230827
v 0.303252 -0.254047 0.230995
v 0.308283 -0.264577 0.226168
v 0.314385 -0.270306 0.224638
v 0.319545 -0.276025 0.222383
v 0.325070 -0.290019 0.214709
v 0.321961 -0.289957 0.213019
v 0.326209 -0.290901 0.211716
v 0.323161 -0.290675 0.210034
v 0.327611 -0.290545 0.208661
v 0.324436 -0.290187 0.207092
v 0.325699 -0.287854 0.205156
v 0.327756 -0.284215 0.219708
v 0.328224 -0.289321 0.215994
v 0.329397 -0.290017 0.213492
v 0.330628 -0.289652 0.210837
v 0.328752 -0.287870 0.206851
v 0.329465 -0.284451 0.206041
v 0.332159 -0.284544 0.208339
v 0.332437 -0.284734 0.211332
v 0.332133 -0.285371 0.214220
v 0.330280 -0.287288 0.215459
v 0.331589 -0.287219 0.209136
v 0.261556 -0.303209 0.234238
v 0.264573 -0.304408 0.230301
v 0.265022 -0.302786 0.232838
v 0.260311 -0.297264 0.240209
v 0.258691 -0.299405 0.243351
v 0.259602 -0.302824 0.239766
v 0.261078 -0.300097 0.237594
v 0.264180 -0.298481 0.236990
v 0.267275 -0.297687 0.236959
v 0.268304 -0.303341 0.231417
v 0.266246 -0.307377 0.224728
v 0.263237 -0.294799 0.240263
v 0.265968 -0.292450 0.241285
v 0.263319 -0.286298 0.242817
v 0.262077 -0.292710 0.241137
v 0.257288 -0.297282 0.244258
v 0.252714 -0.292623 0.244455
v 0.252048 -0.294721 0.248122
v 0.246765 -0.289328 0.248268
v 0.248579 -0.288599 0.244392
v 0.249039 -0.285648 0.239894
v 0.256274 -0.283831 0.241550
v 0.259013 -0.287887 0.241397
v 0.258071 -0.293804 0.241530
v 0.257578 -0.300822 0.246856
v 0.258913 -0.305323 0.241963
v 0.253886 -0.289756 0.241021
v 0.258410 -0.313491 0.228823
v 0.258700 -0.310961 0.227332
v 0.259736 -0.308179 0.232704
v 0.260737 -0.305825 0.230050
v 0.260210 -0.306596 0.235271
v 0.259679 -0.310076 0.235753
v 0.259693 -0.308125 0.225918
v 0.263124 -0.307459 0.225115
v 0.258758 -0.310161 0.222173
v 0.257692 -0.313269 0.222580
v 0.258956 -0.313253 0.218415
v 0.261794 -0.310016 0.220428
v 0.261839 -0.311665 0.218174
v 0.264408 -0.310660 0.218816
v 0.263102 -0.313089 0.218122
v 0.261065 -0.315590 0.218485
v 0.257653 -0.315102 0.220414
v 0.257639 -0.316243 0.222803
v 0.259030 -0.316497 0.220722
v 0.264695 -0.316920 0.222406
v 0.262954 -0.317630 0.224055
v 0.264003 -0.317252 0.226198
v 0.261887 -0.317820 0.225761
v 0.266729 -0.315298 0.222148
v 0.268397 -0.313745 0.222547
v 0.266710 -0.312088 0.220685
v 0.265085 -0.314288 0.219989
v 0.262992 -0.316559 0.220207
v 0.260990 -0.317282 0.222227
v 0.259693 -0.317317 0.224386
v 0.260410 -0.315148 0.229408
v 0.262657 -0.316266 0.229952
v 0.265107 -0.315752 0.230086
v 0.266528 -0.316280 0.226338
v 0.267693 -0.315032 0.224354
v 0.259030 -0.316497 0.220722
v 0.257639 -0.316243 0.222803
v 0.258410 -0.313491 0.228823
v 0.261383 -0.312781 0.234581
v 0.263705 -0.314277 0.234784
v 0.266348 -0.313890 0.234655
v 0.267809 -0.314816 0.229958
v 0.269148 -0.313221 0.228167
v 0.269874 -0.311538 0.226462
v 0.268335 -0.309298 0.225285
v 0.259679 -0.310076 0.235753
v 0.264680 -0.310984 0.239992
v 0.258913 -0.305323 0.241963
v 0.264496 -0.307367 0.244888
v 0.267436 -0.310489 0.240153
v 0.269186 -0.312937 0.234082
v 0.270764 -0.310892 0.232480
v 0.271315 -0.308845 0.230894
v 0.269883 -0.306442 0.230245
v 0.266246 -0.307377 0.224728
v 0.264408 -0.310660 0.218816
v 0.263102 -0.313089 0.218122
v 0.261065 -0.315590 0.218485
v 0.271692 -0.304918 0.235948
v 0.263780 -0.304043 0.249016
v 0.267400 -0.306774 0.245033
v 0.270216 -0.309256 0.239442
v 0.271590 -0.307003 0.237785
v 0.271583 -0.302806 0.242227
v 0.271385 -0.300583 0.240204
v 0.271309 -0.298719 0.246168
v 0.270931 -0.296531 0.243777
v 0.268025 -0.291869 0.250323
v 0.268321 -0.290659 0.247351
v 0.262914 -0.285931 0.251923
v 0.263745 -0.284532 0.249204
v 0.258238 -0.280669 0.253125
v 0.268304 -0.303341 0.231417
v 0.267275 -0.297687 0.236959
v 0.265968 -0.292450 0.241285
v 0.263319 -0.286298 0.242817
v 0.270321 -0.305257 0.244201
v 0.269893 -0.301282 0.248364
v 0.266240 -0.294035 0.252926
v 0.261139 -0.288272 0.254224
v 0.256409 -0.283181 0.255020
v 0.253807 -0.275924 0.255399
v 0.253093 -0.270261 0.255061
v 0.249410 -0.265695 0.254796
v 0.246681 -0.258112 0.250907
v 0.246895 -0.266475 0.255599
v 0.241089 -0.259013 0.250650
v 0.251880 -0.277574 0.256382
v 0.250825 -0.271258 0.256422
v 0.248235 -0.273000 0.257261
v 0.243688 -0.268075 0.256138
v 0.239311 -0.278667 0.252766
v 0.247369 -0.279819 0.256033
v 0.247570 -0.285237 0.253600
v 0.243371 -0.276268 0.256500
v 0.238869 -0.271866 0.255317
v 0.240838 -0.270030 0.255873
v 0.245517 -0.274695 0.257129
v 0.249484 -0.278894 0.256460
v 0.252195 -0.284521 0.254879
v 0.257396 -0.290076 0.254406
v 0.263053 -0.296263 0.253513
v 0.260209 -0.298132 0.252787
v 0.266835 -0.303095 0.249261
v 0.254100 -0.291608 0.253477
v 0.236074 -0.261397 0.250709
v 0.232049 -0.264884 0.249692
v 0.229513 -0.269157 0.248444
v 0.239338 -0.283396 0.245653
v 0.246765 -0.289328 0.248268
v 0.252048 -0.294721 0.248122
v 0.257578 -0.300822 0.246856
v 0.227898 -0.254227 0.245862
v 0.223324 -0.258053 0.244594
v 0.232103 -0.251724 0.245960
v 0.235554 -0.249927 0.245971
v 0.248748 -0.252348 0.250394
v 0.237959 -0.246214 0.245615
v 0.240738 -0.242862 0.245271
v 0.229221 -0.236677 0.240200
v 0.231263 -0.233876 0.238752
v 0.218673 -0.232029 0.235885
v 0.220461 -0.228926 0.234088
v 0.209105 -0.227798 0.232484
v 0.211108 -0.224709 0.230170
v 0.203378 -0.220787 0.227954
v 0.206159 -0.217999 0.225390
v 0.199111 -0.214583 0.223873
v 0.206198 -0.231595 0.233985
v 0.200667 -0.223878 0.230300
v 0.197724 -0.227479 0.231739
v 0.210749 -0.240059 0.237610
v 0.202813 -0.234721 0.234629
v 0.194369 -0.230877 0.232517
v 0.189776 -0.223729 0.229779
v 0.192965 -0.220327 0.228550
v 0.195872 -0.217382 0.226336
v 0.202317 -0.212149 0.220167
v 0.205705 -0.209601 0.215803
v 0.208405 -0.207657 0.210157
v 0.211658 -0.213070 0.217381
v 0.208737 -0.215570 0.221750
v 0.215452 -0.219179 0.223873
v 0.213657 -0.221517 0.227394
v 0.223149 -0.225489 0.231858
v 0.210416 -0.206426 0.205748
v 0.214687 -0.211506 0.212022
v 0.218175 -0.216487 0.219380
v 0.226298 -0.223189 0.228194
v 0.234681 -0.230479 0.236581
v 0.243304 -0.240103 0.243704
v 0.251242 -0.248717 0.250086
v 0.257993 -0.256492 0.254602
v 0.256273 -0.259266 0.254891
v 0.259895 -0.254258 0.254114
v 0.254298 -0.246020 0.248290
v 0.246995 -0.236845 0.241338
v 0.238202 -0.228128 0.233447
v 0.229694 -0.220989 0.224176
v 0.221785 -0.215193 0.214325
v 0.216740 -0.210199 0.207410
v 0.212393 -0.206576 0.200420
v 0.262017 -0.238936 0.242853
v 0.250512 -0.233700 0.238409
v 0.253778 -0.231167 0.235360
v 0.241631 -0.225947 0.229921
v 0.234409 -0.219701 0.219494
v 0.243770 -0.224691 0.226593
v 0.244602 -0.223399 0.223604
v 0.245559 -0.222154 0.221047
v 0.273447 -0.242891 0.246125
v 0.265043 -0.235951 0.240270
v 0.255985 -0.229844 0.231867
v 0.257935 -0.228584 0.228066
v 0.258649 -0.226341 0.224444
v 0.259939 -0.224165 0.220176
v 0.246925 -0.220435 0.216714
v 0.235693 -0.217436 0.213397
v 0.223983 -0.213901 0.209401
v 0.267786 -0.234799 0.236666
v 0.226999 -0.213887 0.196853
v 0.218988 -0.209959 0.202036
v 0.220264 -0.211330 0.195233
v 0.226789 -0.213234 0.203571
v 0.236980 -0.215803 0.207654
v 0.248840 -0.218718 0.210315
v 0.213931 -0.208398 0.193292
v 0.221076 -0.212896 0.188892
v 0.204732 -0.215168 0.180223
v 0.210969 -0.218993 0.182390
v 0.206944 -0.224936 0.182875
v 0.214512 -0.229104 0.183921
v 0.217709 -0.223686 0.182539
v 0.220399 -0.232260 0.183556
v 0.223052 -0.226832 0.181870
v 0.231429 -0.233304 0.175807
v 0.232907 -0.229541 0.174743
v 0.239045 -0.236606 0.171269
v 0.240807 -0.232956 0.170044
v 0.247094 -0.240382 0.166846
v 0.248934 -0.236773 0.165375
v 0.256934 -0.245349 0.161943
v 0.200605 -0.221503 0.179836
v 0.238930 -0.239816 0.174450
v 0.231846 -0.236907 0.178482
v 0.246976 -0.243367 0.170235
v 0.256928 -0.247811 0.164763
v 0.262607 -0.252122 0.161026
v 0.258631 -0.242313 0.160726
v 0.263037 -0.249760 0.158367
v 0.268075 -0.256725 0.157545
v 0.267718 -0.258780 0.160672
v 0.262796 -0.254314 0.164215
v 0.257594 -0.250127 0.168162
v 0.247261 -0.246505 0.174427
v 0.239217 -0.243257 0.178533
v 0.231869 -0.240249 0.182076
v 0.226320 -0.236913 0.183092
v 0.248029 -0.217471 0.194865
v 0.245275 -0.218097 0.187552
v 0.243165 -0.219996 0.181794
v 0.241557 -0.221582 0.177479
v 0.249601 -0.224010 0.173466
v 0.246909 -0.226193 0.171082
v 0.254834 -0.229503 0.166962
v 0.251479 -0.232659 0.164685
v 0.260907 -0.238749 0.160262
v 0.265030 -0.246818 0.157326
v 0.269016 -0.254429 0.154950
v 0.274845 -0.262762 0.155837
v 0.273783 -0.264217 0.159115
v 0.257617 -0.227043 0.169501
v 0.266530 -0.234304 0.165261
v 0.263952 -0.236209 0.162637
v 0.267647 -0.243443 0.157194
v 0.271409 -0.251590 0.154078
v 0.276379 -0.261163 0.153315
v 0.279896 -0.267140 0.154645
v 0.280777 -0.265319 0.152734
v 0.284630 -0.268970 0.152388
v 0.283451 -0.263546 0.152927
v 0.279085 -0.258865 0.153088
v 0.282055 -0.256130 0.153570
v 0.273959 -0.240568 0.166778
v 0.279338 -0.268548 0.157572
v 0.284680 -0.270994 0.153825
v 0.287314 -0.267946 0.152886
v 0.286486 -0.261390 0.153703
v 0.288360 -0.259390 0.156337
v 0.284280 -0.253989 0.156336
v 0.289399 -0.257654 0.158725
v 0.285801 -0.252527 0.159225
v 0.285394 -0.253396 0.162427
v 0.279707 -0.245831 0.163730
v 0.278992 -0.248001 0.167342
v 0.283932 -0.255286 0.165767
v 0.288654 -0.259977 0.163765
v 0.289303 -0.258434 0.161153
v 0.292288 -0.261898 0.158402
v 0.291762 -0.263877 0.156413
v 0.290317 -0.266219 0.154079
v 0.288137 -0.270484 0.154389
v 0.284621 -0.272683 0.156211
v 0.291347 -0.268483 0.155509
v 0.288005 -0.272233 0.156662
v 0.291403 -0.270342 0.157808
v 0.292541 -0.265729 0.158088
v 0.292656 -0.263056 0.159999
v 0.292664 -0.264635 0.161887
v 0.292397 -0.267259 0.160217
v 0.290313 -0.313912 0.225681
v 0.288373 -0.315442 0.219969
v 0.286785 -0.314520 0.226502
v 0.176851 -0.230013 0.225912
v 0.175927 -0.234870 0.222573
v 0.191922 -0.236234 0.231093
v 0.196876 -0.244882 0.232787
v 0.190395 -0.241094 0.228903
v 0.183914 -0.237675 0.225382
v 0.184891 -0.232656 0.228169
v 0.186311 -0.227333 0.230546
v 0.225299 -0.274850 0.239984
v 0.219700 -0.262330 0.242936
v 0.216881 -0.268851 0.236200
v 0.210097 -0.255425 0.237714
v 0.208735 -0.262645 0.232366
v 0.202983 -0.256840 0.228957
v 0.203728 -0.250392 0.235318
v 0.197422 -0.251049 0.225674
v 0.191121 -0.246964 0.222349
v 0.184666 -0.243399 0.219150
v 0.176621 -0.240636 0.215677
v 0.168738 -0.238244 0.212317
v 0.168018 -0.232089 0.220264
v 0.199379 -0.240063 0.234111
v 0.206586 -0.245256 0.236804
v 0.214117 -0.250899 0.239516
v 0.219033 -0.246395 0.240923
v 0.222811 -0.244029 0.241147
v 0.224959 -0.242453 0.241144
v 0.226597 -0.240131 0.240757
v 0.216174 -0.237128 0.237581
v 0.227723 -0.215262 0.190046
v 0.220975 -0.215443 0.184926
v 0.227387 -0.218058 0.185100
v 0.227414 -0.221194 0.180929
v 0.220487 -0.218164 0.182001
v 0.213882 -0.214657 0.182168
v 0.243504 -0.229021 0.169092
v 0.235737 -0.225667 0.173946
v 0.239199 -0.223269 0.175596
v 0.235946 -0.221182 0.179117
v 0.235891 -0.219046 0.183541
v 0.236597 -0.216534 0.189031
v 0.237201 -0.215479 0.196024
v 0.238014 -0.214988 0.203400
v 0.254288 -0.248980 0.188471
v 0.246144 -0.248459 0.188776
v 0.256363 -0.248840 0.193786
v 0.240370 -0.247718 0.195108
v 0.233860 -0.251067 0.204325
v 0.225501 -0.247397 0.200833
v 0.229451 -0.256426 0.207963
v 0.227516 -0.244982 0.195518
v 0.234650 -0.243274 0.187482
v 0.241671 -0.245615 0.183679
v 0.249375 -0.248118 0.179392
v 0.252013 -0.249377 0.184057
v 0.264320 -0.246215 0.185220
v 0.267035 -0.245067 0.192189
v 0.268412 -0.241248 0.184454
v 0.270501 -0.240527 0.191572
v 0.272139 -0.235237 0.191617
v 0.269896 -0.235283 0.184467
v 0.269627 -0.236885 0.176313
v 0.267972 -0.242958 0.176981
v 0.263819 -0.248422 0.177398
v 0.260165 -0.249716 0.172327
v 0.247261 -0.246505 0.174427
v 0.239217 -0.243257 0.178533
v 0.232236 -0.265850 0.215040
v 0.236944 -0.259502 0.211302
v 0.241832 -0.253876 0.207802
v 0.253027 -0.250850 0.202761
v 0.261890 -0.249622 0.199470
v 0.269481 -0.246168 0.198420
v 0.273948 -0.241921 0.197502
v 0.276254 -0.236715 0.198149
v 0.277393 -0.243309 0.203995
v 0.280661 -0.238585 0.204540
v 0.273571 -0.247348 0.204458
v 0.269088 -0.250604 0.205370
v 0.265445 -0.253685 0.208486
v 0.280237 -0.254142 0.211557
v 0.283878 -0.251283 0.210088
v 0.286242 -0.246071 0.209272
v 0.291696 -0.253003 0.214236
v 0.294135 -0.248988 0.212958
v 0.314385 -0.270306 0.224638
v 0.309087 -0.264741 0.220768
v 0.308283 -0.264577 0.226168
v 0.313480 -0.268786 0.219949
v 0.313565 -0.267024 0.215731
v 0.310084 -0.263744 0.216066
v 0.305639 -0.261932 0.220928
v 0.304694 -0.259287 0.216301
v 0.298862 -0.258619 0.220368
v 0.298974 -0.256270 0.215598
v 0.290573 -0.254869 0.219408
v 0.286104 -0.253850 0.217023
v 0.299539 -0.260177 0.226044
v 0.302187 -0.252953 0.214051
v 0.308481 -0.256557 0.214535
v 0.311902 -0.259421 0.214389
v 0.316131 -0.264259 0.213791
v 0.316574 -0.270289 0.215152
v 0.317448 -0.272842 0.218818
v 0.319545 -0.276025 0.222383
v 0.318959 -0.275693 0.217719
v 0.320920 -0.283326 0.217553
v 0.321961 -0.289957 0.213019
v 0.318786 -0.274829 0.213512
v 0.288712 -0.240568 0.210107
v 0.296941 -0.244631 0.213018
v 0.306067 -0.249230 0.213629
v 0.313781 -0.254113 0.213833
v 0.319542 -0.261463 0.212633
v 0.319877 -0.268993 0.213011
v 0.321263 -0.272026 0.211909
v 0.321061 -0.286264 0.207634
v 0.321120 -0.288185 0.210342
v 0.323161 -0.290675 0.210034
v 0.324436 -0.290187 0.207092
v 0.323429 -0.285365 0.205571
v 0.326405 -0.284477 0.204357
v 0.324257 -0.268555 0.211120
v 0.325699 -0.287854 0.205156
v 0.272070 -0.247136 0.172155
v 0.274374 -0.242643 0.171358
v 0.278992 -0.248001 0.167342
v 0.268502 -0.251861 0.172372
v 0.276227 -0.251693 0.168258
v 0.272723 -0.255754 0.168400
v 0.283932 -0.255286 0.165767
v 0.284196 -0.266474 0.163882
v 0.286618 -0.263046 0.164182
v 0.290882 -0.266992 0.162168
v 0.288793 -0.270128 0.161694
v 0.281476 -0.267964 0.160682
v 0.279687 -0.262708 0.165789
v 0.276656 -0.264048 0.162252
v 0.274384 -0.261805 0.162773
v 0.276039 -0.259167 0.166760
v 0.269813 -0.257603 0.164471
v 0.265246 -0.253522 0.168134
v 0.280128 -0.256877 0.166681
v 0.282342 -0.259068 0.166119
v 0.286448 -0.271980 0.158797
v 0.273783 -0.264217 0.159115
v 0.267718 -0.258780 0.160672
v 0.262796 -0.254314 0.164215
v 0.257594 -0.250127 0.168162
v 0.288654 -0.259977 0.163765
v 0.292664 -0.264635 0.161887
v 0.292397 -0.267259 0.160217
v 0.291403 -0.270342 0.157808
v 0.288005 -0.272233 0.156662
v 0.284621 -0.272683 0.156211
v 0.279338 -0.268548 0.157572
v 0.273122 -0.239453 0.162677
v 0.270665 -0.241024 0.159749
v 0.279453 -0.244670 0.160192
v 0.277224 -0.246057 0.157122
v 0.274271 -0.248338 0.154347
v 0.264649 -0.267512 0.254345
v 0.260442 -0.263687 0.255300
v 0.262892 -0.261156 0.255317
v 0.267282 -0.265965 0.254298
v 0.265115 -0.259178 0.254895
v 0.262189 -0.252557 0.253047
v 0.259563 -0.243823 0.245909
v -0.076751 -0.008925 0.014725
v -0.084753 -0.004420 -0.004269
v -0.072812 0.011462 0.018817
v -0.076221 0.024371 0.003526
v -0.042767 0.054941 0.017650
v -0.042208 0.042596 0.026276
v -0.013606 0.056944 0.031198
v -0.015763 0.062619 0.025527
v 0.022424 0.054732 0.023999
v 0.019107 0.049541 0.031295
v 0.068936 -0.039747 0.011600
v 0.059823 0.011536 0.013516
v 0.058445 0.010056 0.019218
v 0.045440 0.033134 0.018757
v 0.043252 0.029798 0.025256
v 0.022424 0.054732 0.023999
v 0.019107 0.049541 0.031295
v -0.087260 -0.034064 -0.010693
v -0.059688 -0.062482 0.007669
v -0.078165 -0.036728 0.009854
v 0.012174 -0.157941 0.186611
v 0.024996 -0.165965 0.190120
v 0.004237 -0.171589 0.179772
v -0.001937 -0.146276 0.178280
v -0.009330 -0.160764 0.170919
v 0.059530 -0.151726 0.196403
v 0.079403 -0.132168 0.181964
v 0.081962 -0.160535 0.203522
v 0.057511 -0.180502 0.203270
v 0.038400 -0.170013 0.195936
v 0.035844 -0.151609 0.192741
v 0.028722 -0.142842 0.186142
v 0.015443 -0.131169 0.177755
v -0.008776 -0.135480 0.166110
v -0.016205 -0.150982 0.156599
v -0.019520 -0.143076 0.149918
v -0.019848 -0.156374 0.137744
v -0.022267 -0.150426 0.133029
v -0.015943 -0.161917 0.120267
v -0.028780 -0.137718 0.115281
v -0.019614 -0.153948 0.099240
v 0.088374 -0.195127 0.214424
v 0.037794 -0.118702 0.171702
v 0.048034 -0.129470 0.177878
v -0.027865 -0.133078 0.080509
v -0.002487 -0.140250 0.064419
v -0.005036 -0.119626 0.049879
v 0.000490 -0.151430 0.081893
v -0.005601 -0.166384 0.105658
v -0.010733 -0.167702 0.124580
v -0.015827 -0.163279 0.143099
v -0.009920 -0.170729 0.156762
v 0.003836 -0.181212 0.164656
v 0.017623 -0.181121 0.182718
v 0.028784 -0.190222 0.185439
v 0.045524 -0.198912 0.192873
v 0.014019 -0.191575 0.167692
v 0.011770 -0.188758 0.147250
v 0.001547 -0.180163 0.140301
v -0.007156 -0.170204 0.127457
v 0.003307 -0.172211 0.110521
v 0.011190 -0.161689 0.090196
v 0.013755 -0.183014 0.122681
v 0.025462 -0.192127 0.131050
v 0.055651 -0.198356 0.125888
v 0.043932 -0.189161 0.114804
v 0.030698 -0.178447 0.107741
v 0.017954 -0.167733 0.093766
v 0.177498 -0.278902 0.217588
v 0.175582 -0.273823 0.229532
v 0.176342 -0.272749 0.227418
v 0.174580 -0.273348 0.229037
v 0.176492 -0.278420 0.217102
v 0.147853 -0.263767 0.209730
v 0.150383 -0.265735 0.197747
v 0.112660 -0.245673 0.195401
v 0.118965 -0.249687 0.172394
v 0.084118 -0.231803 0.162030
v 0.101173 -0.224098 0.141130
v 0.073787 -0.204611 0.130727
v 0.053902 -0.213829 0.151917
v 0.029949 -0.200306 0.144586
v 0.133391 -0.242169 0.152311
v 0.174678 -0.265397 0.238523
v 0.079108 -0.225611 0.185152
v 0.110923 -0.234494 0.215832
v 0.077521 -0.214975 0.204874
v 0.046872 -0.209015 0.173790
v 0.024529 -0.198779 0.166969
v 0.020706 -0.196674 0.157224
v 0.176288 -0.265216 0.236688
v 0.179711 -0.253457 0.243035
v 0.177371 -0.253831 0.244516
v 0.181135 -0.241857 0.246565
v 0.176390 -0.253387 0.244030
v 0.180170 -0.241436 0.246097
v 0.151184 -0.241052 0.234751
v 0.146643 -0.252343 0.231014
v 0.147216 -0.258087 0.220306
v 0.173680 -0.264931 0.238019
v 0.185254 -0.230270 0.245900
v 0.186162 -0.230682 0.246336
v 0.191380 -0.219544 0.243300
v 0.197982 -0.212494 0.236119
v 0.192293 -0.222147 0.241206
v 0.187880 -0.231613 0.243973
v 0.183659 -0.241116 0.243932
v 0.209579 -0.196888 0.215861
v 0.214227 -0.196396 0.203805
v 0.213955 -0.197087 0.203854
v 0.209409 -0.197520 0.215694
v 0.203916 -0.202889 0.227443
v 0.203848 -0.203462 0.227061
v 0.198009 -0.212922 0.235639
v 0.192415 -0.222430 0.240628
v 0.188088 -0.231717 0.243366
v 0.183953 -0.241041 0.243297
v 0.180067 -0.253193 0.242453
v 0.176706 -0.264761 0.236160
v 0.209995 -0.194571 0.217384
v 0.215599 -0.193524 0.203313
v 0.217148 -0.201111 0.189959
v 0.216885 -0.201663 0.190122
v 0.219057 -0.210320 0.175627
v 0.218802 -0.210732 0.175904
v 0.216805 -0.222566 0.168880
v 0.216543 -0.222798 0.169374
v 0.214312 -0.234765 0.165659
v 0.214042 -0.234818 0.166370
v 0.209557 -0.246625 0.165161
v 0.209738 -0.246790 0.164458
v 0.204829 -0.258384 0.167505
v 0.204919 -0.258767 0.166810
v 0.200388 -0.265977 0.172101
v 0.205478 -0.261107 0.164530
v 0.200140 -0.268513 0.170752
v 0.200384 -0.265473 0.172696
v 0.195939 -0.272563 0.177886
v 0.195856 -0.273187 0.177392
v 0.194801 -0.275920 0.176973
v 0.193898 -0.275425 0.176490
v 0.211136 -0.247684 0.162074
v 0.216550 -0.234213 0.163172
v 0.219077 -0.221664 0.166816
v 0.221363 -0.209069 0.173987
v 0.218987 -0.199050 0.188893
v 0.218215 -0.198664 0.188479
v 0.214831 -0.193160 0.202862
v 0.192545 -0.182228 0.193336
v 0.187014 -0.185480 0.207209
v 0.159034 -0.170598 0.194905
v 0.152715 -0.175087 0.211111
v 0.131646 -0.155149 0.183872
v 0.117956 -0.160166 0.198888
v 0.106522 -0.139790 0.172132
v 0.165589 -0.167641 0.181579
v 0.193268 -0.188840 0.179173
v 0.193922 -0.195413 0.164997
v 0.167847 -0.179907 0.155769
v 0.138812 -0.154921 0.168210
v 0.175506 -0.198452 0.230445
v 0.181395 -0.188684 0.221066
v 0.109068 -0.174573 0.214437
v 0.138395 -0.191794 0.225177
v 0.169459 -0.208163 0.236224
v 0.196433 -0.209900 0.238498
v 0.202582 -0.200706 0.230512
v 0.209214 -0.194179 0.216924
v 0.094571 -0.145119 0.190061
v 0.120796 -0.212771 0.224990
v 0.155788 -0.229873 0.238411
v 0.162602 -0.219006 0.237313
v 0.190531 -0.219142 0.242895
v 0.197255 -0.210312 0.238935
v 0.203377 -0.201127 0.230981
v 0.053343 -0.108794 0.163201
v 0.028585 -0.106892 0.162232
v 0.044170 -0.095379 0.156652
v -0.000342 -0.115732 0.161886
v -0.012234 -0.128149 0.159037
v -0.013075 -0.121006 0.152947
v 0.005620 -0.121639 0.165617
v 0.017608 -0.099557 0.155130
v 0.037469 -0.090031 0.147344
v 0.058935 -0.097025 0.142952
v 0.066792 -0.107357 0.149122
v 0.066726 -0.122241 0.170161
v 0.079824 -0.118578 0.157527
v 0.086128 -0.119966 0.140633
v 0.100118 -0.130762 0.148271
v 0.025382 -0.068048 0.125906
v 0.001441 -0.086014 0.143355
v -0.002938 -0.111069 0.157593
v -0.018741 -0.103422 0.140377
v 0.052972 -0.068356 0.119033
v 0.054643 -0.086922 0.134675
v 0.074900 -0.109316 0.133882
v 0.068558 -0.099612 0.129601
v 0.065196 -0.090906 0.119647
v 0.062193 -0.081759 0.105347
v 0.046411 -0.101145 0.053317
v 0.024736 -0.108394 0.041800
v 0.025430 -0.113979 0.049109
v 0.047613 -0.110604 0.064004
v 0.064661 -0.086158 0.079162
v 0.064959 -0.098164 0.091422
v 0.067596 -0.106707 0.099721
v 0.071468 -0.111002 0.105610
v 0.076222 -0.118070 0.114817
v 0.086201 -0.124721 0.122898
v 0.100708 -0.139256 0.131319
v 0.116189 -0.149614 0.138504
v -0.007453 -0.112132 0.040910
v 0.024043 -0.103336 0.034231
v -0.009870 -0.105469 0.031528
v -0.005036 -0.119626 0.049879
v 0.027467 -0.127136 0.059708
v 0.049031 -0.120484 0.074174
v 0.052356 -0.128308 0.082569
v 0.058036 -0.135104 0.090949
v 0.064752 -0.141069 0.102200
v 0.077283 -0.148433 0.108407
v 0.092756 -0.157206 0.117668
v 0.029767 -0.138839 0.070426
v 0.034391 -0.148006 0.078847
v 0.040431 -0.153995 0.086389
v 0.052886 -0.166648 0.098979
v 0.065726 -0.173951 0.107001
v 0.078584 -0.183710 0.115942
v 0.134258 -0.182386 0.136004
v 0.108994 -0.166246 0.125588
v 0.120356 -0.205640 0.134176
v 0.093936 -0.188103 0.123625
v 0.073787 -0.204611 0.130727
v 0.055651 -0.198356 0.125888
v 0.043932 -0.189161 0.114804
v 0.030698 -0.178447 0.107741
v 0.017954 -0.167733 0.093766
v 0.011190 -0.161689 0.090196
v 0.000490 -0.151430 0.081893
v -0.002487 -0.140250 0.064419
v 0.133391 -0.242169 0.152311
v 0.101173 -0.224098 0.141130
v 0.199278 -0.268012 0.170293
v 0.163737 -0.259984 0.165913
v 0.169724 -0.252222 0.159986
v 0.148945 -0.225411 0.143231
v 0.161699 -0.200726 0.143786
v 0.140958 -0.163943 0.147180
v 0.114241 -0.141179 0.155727
v 0.093197 -0.129955 0.164811
v -0.021074 -0.135620 0.144813
v -0.027812 -0.120306 0.129236
v -0.038550 -0.115119 0.096302
v -0.036871 -0.095422 0.108668
v -0.046939 -0.093672 0.075998
v -0.045535 -0.071647 0.086825
v -0.052768 -0.079519 0.061964
v -0.050807 -0.053530 0.071666
v -0.058597 -0.065366 0.047930
v -0.056079 -0.035412 0.056508
v -0.064088 -0.054740 0.036580
v -0.061613 -0.023076 0.044112
v -0.069578 -0.044113 0.025230
v -0.067147 -0.010741 0.031716
v -0.038951 0.002073 0.055482
v -0.035603 -0.113363 0.060453
v -0.040023 -0.101734 0.048716
v -0.044444 -0.090106 0.036979
v -0.047440 -0.082943 0.028136
v -0.050435 -0.075779 0.019293
v -0.055061 -0.069130 0.013481
v -0.073871 -0.040421 0.017542
v -0.071949 -0.009833 0.023220
v -0.069980 0.000361 0.025266
v -0.040921 0.018400 0.042182
v -0.076751 -0.008925 0.014725
v -0.078165 -0.036728 0.009854
v -0.059688 -0.062482 0.007669
v -0.020233 -0.085913 0.007181
v -0.017934 -0.089589 0.012133
v -0.015634 -0.093250 0.017119
v -0.012752 -0.099453 0.024448
v -0.009870 -0.105469 0.031528
v -0.007453 -0.112132 0.040910
v -0.041565 0.030498 0.034229
v -0.006497 0.030840 0.049540
v -0.005743 0.015315 0.061987
v 0.019667 0.028481 0.048374
v 0.020679 0.013612 0.060636
v 0.048356 0.012356 0.043387
v 0.048924 -0.000114 0.055028
v 0.059635 -0.009063 0.037700
v 0.059831 -0.019948 0.048008
v 0.066260 -0.046533 0.030849
v 0.065879 -0.052733 0.039421
v 0.044239 -0.079906 0.024255
v 0.044959 -0.084770 0.030893
v 0.021166 -0.093357 0.020490
v 0.022605 -0.098354 0.027462
v -0.012752 -0.099453 0.024448
v -0.015634 -0.093250 0.017119
v -0.004989 -0.000211 0.074435
v 0.021692 -0.001258 0.072898
v 0.049491 -0.012583 0.066669
v 0.060027 -0.030833 0.058315
v 0.065498 -0.058933 0.047993
v 0.045678 -0.089640 0.037512
v 0.046045 -0.095362 0.045425
v -0.029780 -0.049754 0.099263
v -0.033380 -0.032004 0.084022
v -0.036980 -0.014253 0.068782
v -0.002762 -0.019147 0.087331
v 0.023424 -0.017544 0.084153
v 0.050457 -0.027968 0.076601
v 0.060288 -0.040939 0.068959
v 0.065077 -0.066871 0.057070
v -0.000534 -0.035177 0.103149
v 0.025157 -0.027968 0.100176
v 0.025243 -0.048080 0.117731
v 0.037832 -0.036342 0.094126
v 0.050806 -0.056214 0.104152
v 0.051424 -0.039350 0.090027
v 0.061543 -0.063775 0.093304
v 0.060549 -0.051044 0.079602
v 0.064656 -0.074809 0.066146
v 0.000226 -0.060115 0.123813
v -0.024451 -0.076052 0.120437
v 0.203848 -0.203462 0.227061
v 0.135183 -0.227693 0.188462
v 0.209409 -0.197520 0.215694
v 0.135497 -0.227430 0.187553
v 0.213955 -0.197087 0.203854
v 0.216885 -0.201663 0.190122
v 0.216543 -0.222798 0.169374
v 0.135678 -0.229327 0.185405
v 0.214042 -0.234818 0.166370
v 0.217974 -0.249762 0.167706
v 0.209557 -0.246625 0.165161
v 0.204829 -0.258384 0.167505
v 0.214042 -0.234818 0.166370
v 0.223381 -0.237378 0.168858
v 0.216543 -0.222798 0.169374
v 0.224104 -0.237836 0.169226
v 0.218711 -0.250241 0.168091
v 0.212340 -0.262126 0.169868
v 0.200384 -0.265473 0.172696
v 0.226065 -0.225807 0.172370
v 0.218802 -0.210732 0.175904
v 0.226783 -0.226237 0.172728
v 0.224642 -0.227036 0.174645
v 0.222004 -0.238314 0.171540
v 0.217431 -0.249391 0.170320
v 0.212631 -0.260449 0.172413
v 0.207134 -0.268947 0.175584
v 0.195939 -0.272563 0.177886
v 0.213092 -0.262625 0.170268
v 0.217267 -0.249239 0.170978
v 0.221751 -0.238362 0.172203
v 0.224392 -0.227250 0.175104
v 0.226808 -0.216118 0.181292
v 0.227055 -0.215739 0.181037
v 0.229237 -0.214618 0.179519
v 0.228524 -0.214216 0.179171
v 0.226570 -0.204962 0.193117
v 0.216885 -0.201663 0.190122
v 0.223557 -0.199867 0.206572
v 0.227280 -0.205345 0.193500
v 0.224263 -0.200229 0.206989
v 0.225513 -0.207228 0.194476
v 0.222911 -0.202874 0.207424
v 0.225253 -0.207736 0.194624
v 0.222639 -0.203512 0.207464
v 0.213955 -0.197087 0.203854
v 0.218295 -0.200788 0.219673
v 0.203848 -0.203462 0.227061
v 0.209409 -0.197520 0.215694
v 0.211944 -0.206813 0.232287
v 0.198009 -0.212922 0.235639
v 0.219013 -0.201178 0.220099
v 0.218565 -0.203313 0.218660
v 0.218391 -0.203897 0.218499
v 0.213131 -0.208857 0.229408
v 0.212674 -0.207230 0.232721
v 0.205976 -0.215290 0.239656
v 0.200236 -0.223787 0.243679
v 0.192415 -0.222430 0.240628
v 0.195031 -0.234047 0.246388
v 0.188088 -0.231717 0.243366
v 0.190005 -0.244323 0.246479
v 0.190894 -0.244744 0.246912
v 0.186174 -0.255345 0.244452
v 0.187077 -0.255788 0.244901
v 0.184269 -0.266448 0.239218
v 0.189267 -0.255488 0.243523
v 0.183351 -0.265983 0.238752
v 0.213053 -0.209386 0.229047
v 0.207352 -0.217728 0.237416
v 0.206731 -0.215699 0.240060
v 0.201017 -0.224187 0.244053
v 0.195866 -0.234458 0.246791
v 0.193265 -0.244096 0.244463
v 0.189606 -0.255246 0.242983
v 0.186176 -0.265887 0.237020
v 0.201801 -0.226619 0.242079
v 0.197444 -0.235350 0.244579
v 0.193541 -0.244029 0.243871
v 0.207366 -0.218123 0.236966
v 0.201908 -0.226881 0.241538
v 0.197635 -0.235447 0.244013
v 0.185774 -0.266305 0.237508
v 0.185632 -0.273248 0.228803
v 0.186011 -0.272738 0.228470
v 0.187777 -0.277922 0.218266
v 0.186551 -0.278931 0.219587
v 0.189404 -0.281769 0.209586
v 0.185626 -0.278451 0.219138
v 0.188483 -0.281285 0.209147
v 0.179148 -0.277141 0.215966
v 0.181708 -0.279199 0.206808
v 0.188135 -0.277318 0.218090
v 0.190166 -0.279866 0.209528
v 0.190468 -0.279225 0.209534
v 0.176734 -0.272193 0.227056
v 0.183974 -0.273775 0.230308
v 0.184895 -0.274248 0.230765
v 0.176706 -0.264761 0.236160
v 0.180067 -0.253193 0.242453
v 0.183953 -0.241041 0.243297
v 0.188483 -0.281285 0.209147
v 0.184905 -0.279222 0.197167
v 0.181708 -0.279199 0.206808
v 0.192410 -0.282235 0.198307
v 0.190437 -0.277032 0.187262
v 0.193326 -0.282722 0.198737
v 0.189404 -0.281769 0.209586
v 0.193201 -0.279926 0.200357
v 0.190166 -0.279866 0.209528
v 0.193448 -0.279249 0.200546
v 0.190468 -0.279225 0.209534
v 0.198491 -0.277894 0.191002
v 0.197982 -0.280549 0.189982
v 0.197109 -0.280061 0.189544
v 0.201929 -0.275769 0.181299
v 0.207925 -0.269441 0.176007
v 0.208221 -0.267095 0.177286
v 0.212557 -0.260095 0.173065
v 0.198661 -0.277268 0.191330
v 0.203905 -0.273166 0.182625
v 0.208231 -0.266631 0.177845
v 0.203812 -0.273741 0.182160
v 0.202758 -0.276257 0.181746
v 0.221751 -0.238362 0.172203
v 0.155028 -0.233231 0.191432
v 0.155124 -0.232542 0.191758
v 0.224392 -0.227250 0.175104
v 0.155222 -0.231852 0.192083
v 0.226808 -0.216118 0.181292
v 0.225253 -0.207736 0.194624
v 0.155090 -0.231401 0.192814
v 0.154960 -0.230952 0.193545
v 0.222639 -0.203512 0.207464
v 0.218391 -0.203897 0.218499
v 0.154707 -0.231175 0.194303
v 0.213053 -0.209386 0.229047
v 0.154471 -0.231412 0.195061
v 0.207366 -0.218123 0.236966
v 0.154223 -0.231932 0.195402
v 0.201908 -0.226881 0.241538
v 0.153976 -0.232453 0.195744
v 0.197635 -0.235447 0.244013
v 0.153753 -0.233080 0.195849
v 0.193541 -0.244029 0.243871
v 0.153530 -0.233707 0.195955
v 0.189606 -0.255246 0.242983
v 0.153429 -0.234535 0.195497
v 0.186176 -0.265887 0.237020
v 0.153329 -0.235363 0.195039
v 0.186011 -0.272738 0.228470
v 0.188135 -0.277318 0.218090
v 0.190468 -0.279225 0.209534
v 0.153736 -0.235360 0.193676
v 0.154151 -0.235361 0.192314
v 0.193448 -0.279249 0.200546
v 0.198661 -0.277268 0.191330
v 0.203905 -0.273166 0.182625
v 0.208231 -0.266631 0.177845
v 0.212557 -0.260095 0.173065
v 0.154588 -0.234296 0.191873
v 0.217267 -0.249239 0.170978
v 0.183881 -0.282476 0.194795
v 0.189806 -0.280583 0.185849
v 0.188856 -0.280090 0.185374
v 0.158276 -0.263778 0.175875
v 0.152902 -0.267649 0.185821
v 0.179641 -0.281470 0.206412
v 0.184878 -0.282967 0.195260
v 0.180642 -0.281957 0.206888
v 0.176734 -0.272193 0.227056
v 0.178782 -0.277798 0.216161
v 0.163737 -0.259984 0.165913
v 0.193898 -0.275425 0.176490
v 0.194801 -0.275920 0.176973
v 0.190273 -0.277712 0.186918
v 0.184660 -0.279957 0.196971
v 0.181403 -0.279895 0.206808
v 0.179148 -0.277141 0.215966
v 0.195856 -0.273187 0.177392
v 0.195939 -0.272563 0.177886
v 0.190437 -0.277032 0.187262
v 0.184905 -0.279222 0.197167
v 0.181708 -0.279199 0.206808
v 0.190737 -0.206931 0.158181
v 0.220587 -0.208662 0.173610
v 0.218295 -0.221228 0.166428
v 0.188773 -0.218246 0.153365
v 0.215761 -0.233747 0.162773
v 0.182498 -0.231107 0.152138
v 0.210331 -0.247196 0.161658
v 0.177197 -0.244129 0.152662
v 0.204658 -0.260599 0.164096
v -0.017934 -0.089589 0.012133
v 0.021617 -0.086653 0.006096
v -0.020233 -0.085913 0.007181
v -0.010052 0.043892 0.040369
v -0.042208 0.042596 0.026276
v -0.013606 0.056944 0.031198
v 0.019107 0.049541 0.031295
v 0.019387 0.039011 0.039835
v 0.043252 0.029798 0.025256
v 0.045804 0.021077 0.034322
v 0.058445 0.010056 0.019218
v 0.059040 0.000497 0.028459
v 0.068936 -0.039747 0.011600
v 0.067598 -0.043140 0.021225
v 0.051337 -0.079391 0.004766
v 0.047788 -0.079649 0.014509
v 0.021392 -0.090030 0.013268
v -0.072812 0.011462 0.018817
vn -0.0557 0.4050 0.9126
vn -0.1531 0.4361 0.8868
vn -0.2177 0.2326 0.9479
vn 0.0650 0.0662 0.9957
vn -0.3461 -0.0871 0.9341
vn -0.2402 -0.2417 0.9402
vn 0.0284 -0.2043 0.9785
vn -0.0537 -0.3225 0.9451
vn -0.2878 -0.4874 0.8244
vn 0.1241 -0.1731 0.9771
vn 0.0717 -0.1683 0.9831
vn 0.3895 0.0532 0.9195
vn 0.2237 0.1769 0.9585
vn 0.4019 0.3339 0.8526
vn 0.1264 0.5631 0.8167
vn 0.4739 0.6647 0.5776
vn 0.0345 0.5301 0.8472
vn 0.3020 -0.0011 0.9533
vn -0.1031 0.1274 0.9865
vn -0.0063 -0.0701 0.9975
vn -0.0165 0.6155 0.7880
vn 0.0122 0.6328 0.7742
vn -0.0056 0.5820 0.8132
vn 0.5189 0.4894 -0.7009
vn 0.2670 0.3018 -0.9152
vn 0.1005 0.3880 -0.9162
vn 0.3757 0.5903 -0.7144
vn 0.7509 0.6073 -0.2596
vn 0.6397 0.7198 -0.2697
vn 0.7574 0.5887 0.2825
vn 0.4995 0.7989 -0.3351
vn 0.7182 0.6804 0.1457
vn 0.4490 0.7957 -0.4066
vn 0.2074 0.6754 -0.7077
vn 0.1220 0.6393 -0.7593
vn -0.0766 0.4512 -0.8891
vn -0.2212 0.0979 -0.9703
vn -0.6518 -0.7574 -0.0378
vn -0.6077 -0.7932 0.0387
vn -0.4432 -0.7045 0.5543
vn -0.3742 -0.7228 0.5810
vn -0.4416 -0.8968 -0.0259
vn -0.1824 -0.8333 0.5218
vn 0.3963 -0.9044 -0.1584
vn 0.7221 -0.6911 0.0307
vn 0.1209 -0.6551 0.7458
vn 0.8913 -0.3879 0.2349
vn 0.3830 -0.3010 0.8733
vn 0.7021 0.0667 0.7089
vn 0.2749 -0.1690 0.9465
vn 0.5782 0.1911 0.7932
vn 0.2724 -0.1070 0.9562
vn 0.5854 0.2374 0.7752
vn 0.1966 -0.1145 0.9738
vn 0.3817 -0.1874 0.9051
vn -0.1477 -0.4837 0.8627
vn 0.0126 -0.5777 0.8162
vn -0.4391 -0.8572 -0.2691
vn -0.4712 -0.8727 -0.1282
vn -0.1873 -0.9678 0.1680
vn -0.3019 -0.8487 0.4342
vn -0.6103 -0.7910 0.0423
vn -0.3851 -0.7587 0.5254
vn -0.6596 -0.7516 -0.0084
vn -0.4705 -0.6716 0.5723
vn -0.0629 -0.5308 0.8452
vn -0.1213 -0.5091 0.8521
vn 0.7984 0.2841 0.5309
vn 0.9061 0.4232 0.0029
vn 0.8067 -0.3706 0.4603
vn 0.5819 -0.2518 0.7733
vn 0.2926 -0.9077 0.3006
vn 0.1801 -0.6548 0.7340
vn 0.6895 0.2516 0.6792
vn -0.2791 -0.7551 -0.5933
vn -0.4381 -0.3837 -0.8129
vn 0.0068 -0.4663 -0.8846
vn -0.1614 0.2538 -0.9537
vn 0.2347 0.3303 -0.9142
vn 0.3486 0.0120 -0.9372
vn -0.4132 -0.0697 -0.9080
vn -0.5022 0.1215 -0.8562
vn -0.6433 -0.5348 -0.5479
vn -0.6835 -0.6647 -0.3016
vn -0.4120 -0.8957 -0.1674
vn -0.8411 -0.4807 0.2478
vn -0.7287 -0.4305 -0.5327
vn -0.3314 -0.1590 -0.9300
vn -0.2391 -0.1407 -0.9607
vn 0.2858 0.4127 -0.8648
vn -0.0964 -0.2128 -0.9723
vn 0.2808 0.4315 -0.8573
vn -0.0301 -0.2409 -0.9701
vn 0.4014 0.3875 -0.8299
vn 0.2068 -0.2114 -0.9553
vn 0.5245 0.3688 -0.7674
vn 0.4017 -0.2437 -0.8828
vn 0.6916 0.3228 -0.6462
vn 0.5462 -0.3917 -0.7404
vn -0.7827 -0.6120 -0.1131
vn -0.9162 -0.3968 -0.0551
vn -0.7121 0.1733 0.6804
vn -0.9514 -0.2695 0.1492
vn -0.7832 -0.6207 -0.0362
vn -0.4994 -0.6735 0.5449
vn -0.1319 -0.9835 0.1236
vn -0.7176 -0.6808 -0.1469
vn -0.6171 -0.4745 -0.6278
vn -0.5328 -0.5315 -0.6585
vn -0.3478 -0.6118 -0.7104
vn -0.2167 -0.6501 -0.7283
vn 0.0092 -0.6877 -0.7259
vn -0.4369 -0.7067 0.5565
vn -0.4628 -0.8449 -0.2681
vn -0.6577 -0.7307 -0.1829
vn -0.3802 -0.7535 0.5364
vn -0.3745 -0.8833 -0.2820
vn 0.6951 -0.5679 -0.4408
vn -0.2435 -0.9221 -0.3006
vn 0.2896 -0.8760 -0.3856
vn 0.2333 -0.7160 -0.6580
vn 0.3086 -0.7146 -0.6278
vn 0.2985 -0.5354 -0.7901
vn 0.3709 -0.6146 -0.6962
vn 0.2026 -0.7774 -0.5954
vn 0.0666 -0.7695 -0.6352
vn 0.0787 -0.7215 -0.6879
vn -0.0054 -0.9029 -0.4299
vn 0.0619 -0.7002 -0.7112
vn 0.0255 -0.8083 -0.5882
vn 0.0884 -0.6299 -0.7716
vn 0.1290 -0.5922 -0.7954
vn 0.0744 -0.6976 -0.7126
vn 0.0516 -0.6982 -0.7141
vn -0.0616 -0.7849 -0.6166
vn -0.1527 -0.8148 -0.5592
vn 0.1324 -0.9225 -0.3625
vn 0.4648 -0.7677 -0.4412
vn 0.7025 -0.4892 -0.5170
vn 0.8390 0.2807 -0.4661
vn 0.8791 0.2951 -0.3744
vn 0.7899 -0.4861 -0.3739
vn 0.4915 -0.8358 -0.2448
vn 0.0692 -0.9852 -0.1567
vn -0.1621 -0.9304 -0.3287
vn -0.0384 -0.8055 -0.5913
vn 0.0323 -0.5858 -0.8098
vn -0.0874 -0.6690 -0.7381
vn -0.2776 -0.7704 -0.5739
vn -0.0702 -0.6257 -0.7769
vn -0.1320 -0.7638 -0.6318
vn -0.1833 -0.7257 -0.6631
vn -0.2208 -0.8578 -0.4642
vn -0.3222 -0.7929 -0.5172
vn -0.3537 -0.8838 -0.3063
vn -0.4683 -0.7849 -0.4058
vn -0.4937 -0.7925 -0.3580
vn -0.3754 -0.9056 -0.1972
vn -0.2373 -0.9687 -0.0724
vn -0.0249 -0.9995 0.0207
vn 0.4744 -0.8791 0.0462
vn 0.8867 -0.4594 -0.0514
vn 0.9236 0.3113 -0.2237
vn 0.1342 -0.9887 0.0670
vn -0.2135 -0.9750 -0.0620
vn 0.0241 0.8888 -0.4577
vn -0.0757 0.7392 -0.6692
vn -0.1322 0.7386 -0.6610
vn -0.0950 0.8461 -0.5245
vn 0.1052 0.9278 -0.3580
vn 0.0203 0.8956 -0.4443
vn 0.2093 0.9478 -0.2405
vn 0.1025 0.9489 -0.2984
vn 0.1717 0.9802 -0.0987
vn 0.2555 0.9575 -0.1337
vn 0.1711 0.9826 0.0727
vn 0.2867 0.9569 0.0453
vn 0.3878 0.9090 -0.1525
vn 0.3145 0.9355 0.1609
vn 0.2278 0.9433 0.2414
vn 0.1897 0.9519 0.2406
vn 0.2186 0.9725 0.0799
vn 0.2455 0.9614 -0.1242
vn 0.2085 0.9328 -0.2940
vn 0.1412 0.8386 -0.5261
vn 0.0559 0.6999 -0.7120
vn -0.2827 0.5110 -0.8118
vn -0.4186 0.3167 -0.8512
vn 0.4107 0.9020 -0.1329
vn 0.3510 0.8925 -0.2833
vn 0.2973 0.7187 -0.6286
vn -0.1029 -0.1108 -0.9885
vn 0.0856 -0.1898 -0.9781
vn 0.0727 0.3185 -0.9451
vn -0.2985 -0.0733 -0.9516
vn -0.4914 0.0405 -0.8700
vn -0.4931 0.0372 -0.8692
vn -0.4619 0.0082 -0.8869
vn -0.2517 0.3686 -0.8949
vn -0.4272 0.0373 -0.9034
vn 0.4124 0.6339 -0.6543
vn -0.2276 0.1987 0.9533
vn -0.2912 0.2015 0.9352
vn -0.1613 0.3336 0.9288
vn -0.2238 0.2928 0.9296
vn -0.2242 0.2875 0.9312
vn -0.2458 0.3072 0.9194
vn -0.1038 0.3656 0.9249
vn -0.1558 0.4559 0.8763
vn -0.1533 0.4351 0.8872
vn -0.2576 0.2554 0.9319
vn -0.2166 0.2783 0.9357
vn -0.2004 0.3438 0.9174
vn -0.3065 0.2484 0.9189
vn -0.4258 0.1008 0.8992
vn -0.3818 0.0530 0.9227
vn -0.3362 0.0179 0.9416
vn -0.2262 0.1725 0.9587
vn -0.3374 0.0023 0.9414
vn -0.2402 0.0882 0.9667
vn -0.6259 -0.3606 0.6915
vn -0.4221 0.1575 0.8928
vn -0.5873 -0.2506 0.7696
vn -0.5839 -0.2612 0.7687
vn -0.5892 -0.3157 0.7438
vn -0.6046 -0.3817 0.6991
vn -0.4120 -0.1341 0.9012
vn -0.2567 0.0372 0.9658
vn -0.0495 0.3576 0.9326
vn -0.4248 -0.7494 0.5079
vn -0.3958 -0.8643 0.3105
vn -0.4412 -0.6517 0.6169
vn -0.4133 -0.8486 0.3301
vn -0.5099 -0.5591 0.6538
vn -0.5014 -0.8049 0.3172
vn -0.5974 -0.4735 0.6472
vn -0.6032 -0.7460 0.2823
vn -0.6867 -0.6773 0.2642
vn -0.7338 -0.6315 0.2504
vn -0.6990 -0.6307 0.3371
vn -0.6440 -0.6529 0.3987
vn -0.6110 -0.7342 0.2961
vn -0.5816 -0.7889 0.1986
vn -0.4093 -0.4328 0.8032
vn -0.4623 -0.3402 0.8189
vn 0.3379 -0.8829 0.3261
vn -0.1289 -0.9024 0.4112
vn 0.3213 -0.9396 0.1179
vn -0.2771 -0.7709 0.5736
vn -0.5692 -0.6810 0.4606
vn -0.1693 -0.9443 0.2822
vn 0.3166 -0.9458 0.0720
vn 0.5659 -0.8183 -0.1008
vn 0.6055 -0.7948 -0.0408
vn 0.7026 -0.6938 0.1582
vn 0.7667 -0.5180 0.3793
vn 0.3333 -0.7592 0.5591
vn 0.3284 -0.6481 0.6871
vn -0.3284 -0.7243 0.6062
vn 0.3161 -0.4842 0.8158
vn 0.7224 -0.6908 0.0300
vn 0.9720 -0.0465 -0.2305
vn 0.8905 -0.3887 0.2365
vn 0.7028 0.0676 0.7081
vn 0.9128 0.3493 0.2116
vn 0.5801 0.1935 0.7912
vn 0.7730 0.5049 0.3841
vn 0.8386 0.4672 -0.2800
vn 0.7161 0.3108 -0.6250
vn 0.5280 0.1231 -0.8403
vn 0.7755 -0.3214 -0.5433
vn 0.4265 -0.5915 -0.6843
vn 0.3960 -0.9048 -0.1565
vn -0.4415 -0.8970 -0.0234
vn -0.6072 -0.7935 0.0413
vn -0.3250 -0.6872 -0.6497
vn 0.2599 -0.0516 -0.9643
vn 0.3732 0.2810 -0.8842
vn 0.5748 0.4314 -0.6954
vn 0.7815 0.5657 -0.2630
vn 0.7721 0.4990 0.3935
vn 0.5857 0.2378 0.7749
vn 0.6892 0.2509 0.6797
vn 0.7985 0.2847 0.5304
vn 0.6985 0.7093 -0.0948
vn 0.0906 0.1066 -0.9902
vn -0.1391 -0.2676 -0.9534
vn -0.5988 -0.5811 -0.5512
vn -0.6140 -0.5502 -0.5659
vn -0.6519 -0.7573 -0.0387
vn -0.3735 -0.2469 -0.8942
vn -0.0188 0.0806 -0.9966
vn -0.2594 -0.1839 -0.9481
vn -0.5108 -0.2233 -0.8302
vn -0.3854 0.1152 -0.9155
vn -0.1407 0.4105 -0.9009
vn 0.0312 0.6683 -0.7432
vn 0.2995 0.8252 -0.4789
vn 0.5416 0.8135 -0.2120
vn 0.1108 0.8865 -0.4493
vn 0.2386 0.9282 -0.2853
vn -0.6598 -0.7514 -0.0093
vn -0.6718 -0.5236 -0.5240
vn -0.6168 -0.2412 -0.7493
vn 0.3264 0.9120 -0.2485
vn -0.4155 -0.4632 -0.7828
vn -0.5800 -0.2310 -0.7812
vn -0.4685 -0.6739 -0.5712
vn -0.5389 -0.6079 -0.5831
vn -0.4683 -0.7850 -0.4056
vn -0.4910 -0.7979 -0.3497
vn -0.5518 -0.6367 -0.5387
vn -0.4389 -0.8574 -0.2687
vn -0.5410 -0.6814 -0.4930
vn -0.4733 -0.8710 -0.1318
vn -0.6095 -0.6330 -0.4773
vn -0.6088 -0.7920 0.0456
vn -0.7169 -0.5316 -0.4510
vn -0.5853 -0.3291 -0.7410
vn -0.5467 -0.3683 -0.7520
vn -0.5711 -0.3162 -0.7575
vn 0.0519 -0.2638 -0.9632
vn 0.2753 -0.2122 -0.9376
vn 0.0226 -0.4426 -0.8964
vn -0.1850 -0.4554 -0.8709
vn 0.4661 0.8839 0.0378
vn 0.4111 0.9095 0.0617
vn 0.4584 0.8799 -0.1249
vn 0.3900 0.8714 0.2976
vn 0.2298 0.9208 0.3150
vn 0.3490 0.8292 0.4366
vn 0.2123 0.7298 0.6498
vn 0.4761 0.5251 0.7054
vn 0.2437 0.8806 0.4063
vn 0.2245 0.8012 0.5546
vn 0.1812 0.8519 0.4914
vn 0.0822 0.8162 0.5719
vn 0.1226 0.8253 0.5513
vn 0.1909 0.9375 0.2909
vn 0.1793 0.9240 0.3376
vn 0.1828 0.9260 0.3304
vn 0.1648 0.9427 0.2901
vn 0.1936 0.8852 0.4229
vn 0.1054 0.7849 0.6106
vn 0.0703 0.5700 0.8186
vn 0.2298 0.8944 0.3837
vn 0.1699 0.9113 0.3749
vn 0.1434 0.8850 0.4430
vn 0.1555 0.8763 0.4560
vn 0.1811 0.8878 0.4231
vn 0.1152 0.7972 0.5926
vn 0.3466 0.3312 0.8776
vn 0.1250 0.8462 0.5180
vn 0.0405 0.6745 0.7371
vn 0.1271 0.8765 0.4643
vn 0.0822 0.7772 0.6239
vn 0.4338 0.8540 0.2873
vn 0.3459 0.8403 0.4176
vn 0.1839 0.8577 0.4801
vn 0.0916 0.8191 0.5663
vn -0.0067 0.6530 0.7574
vn -0.0403 0.5694 0.8211
vn -0.1947 0.2585 0.9462
vn -0.2612 0.2669 0.9277
vn -0.1624 0.4229 0.8915
vn -0.0657 0.5651 0.8224
vn -0.0062 0.7121 0.7021
vn 0.1173 0.8152 0.5671
vn 0.2958 0.7999 0.5222
vn 0.3742 0.8226 0.4282
vn 0.0762 0.7228 0.6869
vn 0.3085 0.7754 0.5509
vn 0.2283 0.7339 0.6397
vn 0.2040 0.7713 0.6028
vn 0.1209 0.6771 0.7259
vn -0.0669 0.5979 0.7988
vn 0.0174 0.6176 0.7863
vn 0.1657 0.6658 0.7275
vn 0.0750 0.5476 0.8334
vn 0.0561 0.5780 0.8141
vn -0.0092 0.4687 0.8833
vn 0.0049 0.4601 0.8878
vn -0.0895 0.3441 0.9347
vn -0.0505 0.4935 0.8683
vn -0.1475 0.4293 0.8910
vn -0.3029 0.3247 0.8960
vn -0.7851 -0.5413 0.3011
vn -0.3201 -0.7782 0.5403
vn -0.3370 -0.7603 0.5553
vn -0.2568 -0.6931 0.6736
vn -0.6929 -0.6403 0.3316
vn -0.3489 -0.5411 0.7652
vn -0.6850 -0.6851 0.2478
vn -0.4478 -0.4947 0.7448
vn -0.6605 -0.7392 0.1320
vn -0.4680 -0.5216 0.7134
vn -0.6001 -0.5096 0.6165
vn -0.5613 -0.1372 0.8162
vn -0.3912 0.1944 0.8996
vn -0.2106 0.3438 0.9151
vn -0.0361 0.4308 0.9017
vn 0.1557 -0.2585 0.9534
vn 0.5315 -0.0075 0.8470
vn 0.3331 0.1231 0.9348
vn 0.3200 -0.5117 0.7974
vn 0.7023 -0.2666 0.6601
vn 0.7537 -0.4725 0.4569
vn 0.3335 -0.7180 0.6110
vn 0.7127 -0.5915 0.3771
vn -0.0115 -0.1508 0.9885
vn -0.0783 -0.2288 0.9703
vn -0.2821 -0.3976 0.8731
vn -0.0234 -0.2434 0.9696
vn -0.1183 -0.0404 0.9922
vn -0.4369 -0.3169 0.8418
vn 0.2453 0.0446 0.9684
vn 0.2573 -0.0449 0.9653
vn 0.0659 0.1159 0.9911
vn 0.3120 0.2009 0.9286
vn 0.3275 0.4741 0.8173
vn 0.5111 0.3583 0.7813
vn 0.5162 0.1439 0.8443
vn 0.6222 0.1092 0.7752
vn 0.6314 0.2615 0.7300
vn 0.6496 0.3888 0.6533
vn 0.8023 0.2891 0.5222
vn 0.9357 0.0637 0.3470
vn 0.9792 -0.1228 0.1614
vn 0.9578 -0.2512 0.1397
vn 0.0457 -0.9821 0.1828
vn 0.8740 0.3046 0.3786
vn 0.8479 0.5250 0.0735
vn 0.6658 0.4702 -0.5793
vn 0.8500 0.5212 -0.0770
vn 0.5733 0.5480 -0.6091
vn 0.8698 0.4385 -0.2262
vn 0.4733 0.6318 -0.6139
vn 0.8589 0.3988 -0.3212
vn 0.9058 0.3186 -0.2793
vn 0.5034 0.6677 -0.5484
vn 0.7612 0.4635 -0.4536
vn 0.3064 0.7767 -0.5503
vn 0.9168 -0.3940 0.0649
vn 0.6287 -0.7371 0.2479
vn 0.3114 -0.7897 0.5287
vn 0.9632 0.0818 -0.2559
vn -0.3353 -0.8170 -0.4691
vn -0.0187 -0.5659 -0.8242
vn 0.2664 -0.7689 -0.5812
vn 0.3288 -0.2185 -0.9188
vn 0.5390 -0.3905 -0.7463
vn 0.3828 0.6112 -0.6927
vn 0.7372 0.2529 -0.6265
vn 0.7429 0.4372 -0.5070
vn 0.9432 -0.0116 -0.3320
vn 0.8385 -0.5440 -0.0314
vn 0.5799 -0.8010 0.1487
vn 0.2545 -0.8818 0.3972
vn -0.8131 -0.4612 0.3553
vn -0.2232 -0.8393 0.4957
vn -0.9276 -0.2532 0.2747
vn -0.5801 -0.6600 0.4774
vn 0.8834 -0.0640 -0.4642
vn 0.7364 -0.6692 -0.0994
vn 0.5429 -0.8369 0.0694
vn 0.2517 -0.9210 0.2973
vn -0.1678 -0.9049 0.3911
vn -0.5683 -0.7156 0.4061
vn -0.5094 -0.8260 0.2415
vn -0.8781 -0.4538 0.1517
vn -0.0932 -0.9590 -0.2675
vn 0.6103 -0.6304 -0.4796
vn 0.4415 -0.8505 -0.2858
vn 0.2844 -0.9407 0.1851
vn -0.2280 -0.9335 0.2768
vn 0.1672 -0.9774 -0.1293
vn -0.8766 -0.4564 0.1527
vn -0.8744 -0.1015 -0.4745
vn -0.3308 -0.8208 -0.4657
vn -0.0184 -0.5662 -0.8241
vn -0.9277 -0.2530 0.2747
vn -0.9618 0.2643 0.0710
vn -0.9797 0.1943 -0.0504
vn -0.6229 0.2360 -0.7458
vn -0.1182 0.2608 -0.9581
vn 0.3266 -0.2173 -0.9199
vn 0.3490 0.4898 -0.7989
vn 0.1584 0.6817 -0.7143
vn -0.2345 0.8430 -0.4842
vn 0.3054 0.7772 -0.5502
vn -0.1777 0.8777 -0.4450
vn -0.1883 0.8560 -0.4815
vn -0.6619 0.7018 -0.2636
vn -0.6985 0.5386 -0.4712
vn -0.9605 0.2063 -0.1865
vn -0.9457 0.1294 -0.2982
vn -0.7866 -0.5398 0.2996
vn -0.9125 -0.0561 -0.4051
vn -0.6783 0.7003 -0.2225
vn -0.7039 0.6426 -0.3026
vn -0.8141 -0.4599 0.3545
vn -0.9636 0.2655 0.0305
vn -0.6594 -0.4787 -0.5797
vn -0.5746 -0.6065 -0.5496
vn -0.5062 -0.2053 -0.8376
vn -0.2734 -0.4074 -0.8714
vn 0.3864 -0.4854 -0.7843
vn 0.1550 0.1074 -0.9821
vn -0.0827 -0.8009 -0.5931
vn -0.5326 -0.6954 -0.4825
vn -0.6852 -0.6851 0.2472
vn -0.6930 -0.6402 0.3314
vn -0.6871 0.2001 -0.6985
vn 0.0347 0.2362 -0.9711
vn 0.6656 0.4701 -0.5797
vn 0.0460 -0.9821 0.1829
vn 0.1214 -0.8065 -0.5786
vn -0.2354 -0.8896 -0.3914
vn -0.5816 -0.7889 0.1985
vn -0.6605 -0.7384 0.1357
vn -0.2990 0.6190 -0.7263
vn -0.6947 0.4321 -0.5750
vn -0.2447 0.5500 -0.7985
vn 0.6688 -0.1216 -0.7334
vn -0.0099 0.9904 -0.1378
vn 0.4716 0.6323 -0.6147
vn 0.5036 0.6676 -0.5484
vn -0.2533 0.7250 -0.6405
vn 0.5231 -0.4726 -0.7093
vn 0.8058 -0.4416 -0.3947
vn 0.7080 -0.7011 -0.0853
vn 0.5425 0.1630 -0.8241
vn 0.8027 0.1040 -0.5872
vn 0.9937 -0.1097 -0.0240
vn 0.9089 -0.3162 0.2719
vn 0.7089 -0.4714 0.5247
vn 0.4614 -0.8513 0.2497
vn 0.0971 -0.6885 0.7187
vn 0.1312 -0.5676 0.8128
vn 0.6698 -0.4089 0.6198
vn 0.9299 -0.2059 0.3047
vn 0.9972 0.0352 -0.0665
vn 0.8406 0.2431 -0.4840
vn 0.5033 0.3743 -0.7789
vn 0.0408 0.2343 -0.9713
vn 0.0070 -0.4662 -0.8847
vn 0.3032 -0.8777 -0.3711
vn 0.0459 -0.9972 0.0595
vn -0.2525 -0.7288 0.6365
vn -0.3144 -0.5686 0.7601
vn 0.1831 -0.4734 0.8616
vn 0.6457 -0.2750 0.7123
vn -0.2779 -0.7557 -0.5931
vn -0.4105 -0.8965 -0.1666
vn -0.6952 -0.5920 0.4077
vn -0.7668 -0.4429 0.4646
vn -0.3463 -0.5120 0.7861
vn -0.5537 -0.5717 0.6054
vn 0.0194 -0.3935 0.9191
vn -0.0676 -0.3807 0.9222
vn -0.4999 -0.6737 0.5443
vn -0.0393 -0.3086 0.9504
vn -0.4371 -0.7069 0.5561
vn -0.0902 -0.2761 0.9569
vn -0.3800 -0.7530 0.5371
vn -0.1703 -0.3200 0.9320
vn -0.0567 -0.3439 0.9373
vn 0.2677 0.2487 0.9308
vn 0.1572 0.2566 0.9536
vn 0.2342 0.1768 0.9560
vn 0.3781 0.1047 0.9198
vn 0.4521 0.0897 0.8875
vn 0.5701 -0.0496 0.8201
vn 0.9257 -0.0339 0.3768
vn 0.8530 0.2125 0.4767
vn 0.7355 0.3684 0.5686
vn 0.6650 0.4363 0.6062
vn 0.4897 0.5448 0.6807
vn 0.3610 0.6430 0.6755
vn 0.4740 0.6260 0.6192
vn 0.5757 0.5988 0.5568
vn 0.9788 0.2005 -0.0418
vn 0.9035 0.4286 0.0023
vn 0.8109 0.5805 0.0732
vn 0.7628 0.6360 0.1164
vn 0.6395 0.7494 0.1714
vn 0.4728 0.8603 0.1905
vn 0.5407 0.8189 0.1924
vn 0.6570 0.7243 0.2091
vn 0.3996 0.7810 0.4799
vn 0.8212 0.3510 -0.4499
vn -0.0506 0.3881 -0.9202
vn 0.4827 0.4516 -0.7503
vn 0.6908 0.5168 -0.5057
vn 0.6302 0.5528 -0.5452
vn 0.6323 0.6239 -0.4593
vn 0.5419 0.7572 -0.3647
vn 0.4523 0.7960 -0.4023
vn 0.2035 0.4055 -0.8912
vn 0.2324 0.3287 -0.9154
vn 0.2877 0.4147 -0.8633
vn 0.2804 0.4307 -0.8578
vn 0.5338 0.7199 -0.4436
vn 0.4020 0.3889 -0.8289
vn 0.5314 0.6695 -0.5190
vn 0.5252 0.3741 -0.7643
vn 0.6917 0.3197 -0.6476
vn 0.5180 0.8057 -0.2872
vn 0.6720 0.6891 -0.2713
vn 0.8380 0.2864 -0.4645
vn 0.6512 0.7181 -0.2455
vn 0.8797 0.2926 -0.3749
vn 0.3626 0.9064 -0.2169
vn 0.6383 0.7536 -0.1569
vn 0.5211 0.8149 -0.2538
vn 0.2407 0.9679 0.0723
vn 0.2790 0.9590 0.0506
vn 0.3933 0.9186 0.0389
vn 0.4744 0.8751 -0.0957
vn 0.3918 0.9145 -0.1006
vn 0.6427 0.7274 -0.2406
vn 0.9230 0.3130 -0.2238
vn 0.5933 0.7687 -0.2389
vn 0.9058 0.4237 0.0028
vn 0.4580 0.8598 0.2257
vn 0.1650 0.9085 0.3839
vn 0.6619 0.7256 0.1882
vn 0.7771 0.5869 0.2270
vn 0.5945 0.3611 0.7184
vn 0.7532 0.6288 -0.1929
vn 0.7362 0.5619 0.3770
vn 0.5848 0.6529 0.4813
vn 0.5184 0.8310 0.2016
vn 0.0652 0.7538 0.6539
vn 0.3291 0.5751 0.7490
vn 0.4490 0.3345 0.8286
vn 0.3038 0.0728 0.9499
vn 0.5348 0.3507 0.7687
vn 0.4709 0.3695 0.8011
vn 0.6866 0.6488 0.3281
vn 0.7110 0.6289 0.3145
vn 0.6951 0.6750 -0.2475
vn 0.5919 0.3812 0.7102
vn 0.0024 0.3512 0.9363
vn 0.1003 0.1620 0.9817
vn 0.6950 -0.5680 -0.4407
vn 0.4994 0.4564 -0.7364
vn 0.7416 0.6306 -0.2288
vn 0.8207 0.4726 0.3210
vn 0.6161 0.1934 0.7635
vn 0.2406 -0.1420 0.9602
vn 0.1282 -0.0250 0.9914
vn 0.2109 -0.0242 0.9772
vn 0.3497 0.0835 0.9331
vn 0.4107 0.5587 -0.7206
vn 0.1593 -0.1545 0.9751
vn -0.1728 -0.4469 0.8777
vn -0.2812 -0.4332 0.8563
vn -0.2056 -0.4666 0.8602
vn 0.4176 -0.3945 0.8185
vn 0.7860 -0.1043 0.6094
vn 0.9448 0.2410 0.2220
vn 0.7954 0.5180 -0.3146
vn 0.2165 0.6655 -0.7143
vn 0.6474 0.5543 0.5231
vn 0.6317 0.2583 0.7309
vn 0.7581 0.3100 0.5737
vn 0.7065 0.4113 0.5759
vn 0.8749 0.4749 0.0947
vn 0.3529 -0.9354 0.0225
vn -0.5414 -0.7371 0.4044
vn -0.6081 -0.6596 0.4417
vn -0.1128 -0.6009 0.7913
vn -0.7330 -0.5463 0.4053
vn 0.8085 0.5837 -0.0747
vn 0.5841 0.4606 -0.6683
vn 0.4947 0.5643 -0.6610
vn 0.8685 0.4533 -0.2004
vn 0.3953 0.6903 -0.6060
vn 0.8334 0.5349 -0.1390
vn 0.7137 0.4889 0.5016
vn 0.3936 0.1536 0.9063
vn 0.4443 0.7052 -0.5525
vn 0.8995 0.3398 -0.2748
vn 0.7139 0.4984 -0.4919
vn 0.8589 0.4350 -0.2704
vn 0.9549 0.0995 0.2799
vn 0.8513 0.3267 0.4106
vn 0.4188 0.2107 0.8833
vn 0.0219 -0.1070 0.9940
vn -0.3829 -0.4613 0.8004
vn -0.6272 -0.7035 0.3342
vn -0.2955 -0.4957 0.8167
vn 0.1873 -0.2358 0.9536
vn -0.6962 -0.6246 0.3538
vn -0.8178 -0.5055 0.2750
vn -0.2331 -0.6520 0.7215
vn 0.7737 -0.3719 0.5129
vn 0.7128 -0.2130 0.6682
vn 0.5875 0.0093 0.8092
vn 0.8468 -0.4870 -0.2140
vn 0.9146 -0.3924 -0.0975
vn 0.9812 -0.1681 0.0947
vn 0.9848 0.0145 0.1728
vn 0.9392 0.0694 -0.3364
vn 0.8984 -0.0210 -0.4387
vn 0.6817 0.4766 -0.5551
vn 0.8126 -0.0610 -0.5797
vn 0.7683 -0.5989 -0.2257
vn -0.8306 -0.4464 0.3330
vn -0.9334 -0.2084 0.2923
vn -0.5428 -0.7616 0.3540
vn -0.1969 -0.9664 0.1651
vn 0.0646 -0.9857 -0.1557
vn 0.3486 -0.8351 -0.4255
vn 0.5503 -0.5561 -0.6228
vn 0.6544 0.2707 -0.7060
vn 0.2267 0.8075 -0.5446
vn 0.4217 -0.3423 -0.8396
vn 0.0837 -0.7372 -0.6705
vn -0.2618 -0.9323 -0.2496
vn -0.5020 -0.8417 0.1986
vn -0.8906 -0.4173 0.1808
vn -0.5268 -0.7547 -0.3910
vn -0.2509 -0.4966 -0.8309
vn 0.1461 -0.1526 -0.9774
vn 0.2827 0.6243 -0.7282
vn -0.8905 -0.4175 0.1809
vn -0.9704 0.0307 -0.2396
vn -0.5242 -0.7571 -0.3899
vn -0.2482 -0.4991 -0.8302
vn -0.8181 -0.5052 0.2747
vn -0.9821 0.0579 -0.1795
vn -0.8299 -0.4471 0.3337
vn -0.9676 0.2463 0.0560
vn -0.9335 -0.2079 0.2922
vn -0.9454 0.3016 0.1235
vn -0.9463 0.3045 0.1082
vn -0.3693 0.5708 -0.7334
vn -0.7561 0.3480 -0.5543
vn -0.3103 0.8626 -0.3996
vn -0.7180 0.6784 -0.1554
vn 0.1485 -0.1543 -0.9768
vn 0.2822 0.6247 -0.7281
vn 0.2292 0.8065 -0.5451
vn -0.2741 0.8867 -0.3723
vn -0.7354 0.6664 -0.1232
vn -0.7627 0.6162 -0.1966
vn -0.7802 0.4358 -0.4487
vn -0.9739 -0.0151 -0.2266
vn -0.9009 -0.0256 -0.4332
vn -0.4002 0.6177 -0.6770
vn -0.7845 0.3716 -0.4964
vn 0.6503 -0.2545 -0.7158
vn 0.0312 0.1192 -0.9924
vn 0.5832 0.4600 -0.6696
vn -0.2671 0.8598 -0.4352
vn 0.4452 0.7048 -0.5523
vn -0.3194 0.7088 -0.6290
vn 0.2269 0.9453 -0.2345
vn -0.9432 -0.1245 -0.3081
vn -0.7451 -0.4304 -0.5095
vn 0.1045 0.0850 -0.9909
vn 0.3023 0.0091 -0.9532
vn 0.3530 -0.9353 0.0224
vn 0.2156 0.7031 -0.6776
vn 0.5924 0.5071 -0.6260
vn -0.0863 0.7650 -0.6382
vn 0.5372 0.4943 -0.6834
vn 0.5289 0.3123 -0.7892
vn -0.0246 0.6013 -0.7986
vn 0.4335 -0.3436 -0.8331
vn 0.0761 -0.2456 -0.9664
vn 0.2956 -0.7528 -0.5881
vn -0.1861 -0.6173 -0.7644
vn -0.3520 -0.8770 -0.3270
vn -0.7980 -0.5271 0.2921
vn -0.3333 -0.8763 0.3480
vn -0.8679 -0.2891 0.4039
vn 0.0441 -0.9853 -0.1649
vn 0.5882 -0.7425 -0.3206
vn 0.6939 -0.4868 -0.5305
vn 0.7972 0.0262 -0.6032
vn 0.8799 0.0356 -0.4739
vn 0.8959 0.1279 -0.4255
vn 0.8292 0.3710 -0.4180
vn 0.7818 0.4573 -0.4239
vn 0.1681 -0.8876 0.4289
vn 0.1038 -0.9421 0.3190
vn 0.6125 -0.7820 0.1159
vn 0.3913 -0.9182 -0.0622
vn -0.4134 -0.7342 0.5386
vn 0.1022 -0.8371 0.5374
vn 0.5612 -0.7932 0.2365
vn 0.7980 -0.6022 -0.0243
vn 0.8878 -0.4033 -0.2219
vn 0.9111 -0.3508 -0.2162
vn 0.9545 -0.2588 -0.1485
vn 0.9954 -0.0872 -0.0394
vn -0.4255 -0.6906 0.5848
vn -0.7452 -0.4822 0.4606
vn 0.9971 0.0343 0.0683
vn 0.8657 -0.3055 0.3966
vn 0.4763 -0.5727 0.6672
vn -0.1690 -0.7010 0.6929
vn -0.0927 -0.7550 0.6491
vn 0.8131 -0.5821 0.0067
vn 0.8509 -0.5112 0.1211
vn 0.8747 -0.4068 0.2636
vn 0.5529 -0.6569 0.5127
vn 0.5655 -0.7429 0.3582
vn -0.6283 0.1092 0.7703
vn -0.9750 0.0764 0.2086
vn -0.8691 -0.2868 0.4029
vn -0.9593 0.0923 0.2668
vn -0.9991 0.0427 0.0064
vn -0.7990 -0.5259 0.2917
vn 0.0750 -0.2452 -0.9666
vn -0.6649 0.1997 -0.7197
vn -0.2424 0.5699 -0.7852
vn -0.8728 -0.0916 -0.4794
vn -0.7866 0.3490 -0.5094
vn -0.1895 -0.6157 -0.7648
vn -0.3530 -0.8765 -0.3274
vn -0.9549 -0.1607 -0.2496
vn -0.9820 0.0104 -0.1886
vn -0.9808 -0.1628 -0.1071
vn -0.9432 -0.2590 -0.2080
vn -0.9402 -0.2218 -0.2584
vn 0.7301 -0.2348 -0.6417
vn -0.0026 -0.0150 -0.9999
vn 0.4998 0.4567 -0.7360
vn 0.0861 -0.0352 -0.9957
vn -0.5148 -0.6932 -0.5044
vn -0.5140 -0.7234 -0.4610
vn -0.5024 -0.6814 -0.5322
vn -0.6748 -0.6625 -0.3253
vn -0.6282 -0.7768 -0.0428
vn -0.6089 -0.6596 0.4406
vn -0.5408 -0.7363 0.4067
vn -0.3890 -0.8274 -0.4050
vn -0.0192 -0.6159 -0.7876
vn 0.2008 -0.1180 -0.9725
vn 0.5334 -0.4724 -0.7016
vn 0.1987 -0.7419 -0.6404
vn 0.2237 -0.7497 -0.6228
vn 0.1287 -0.6695 -0.7316
vn 0.0977 -0.9444 -0.3140
vn -0.6644 -0.5357 -0.5212
vn -0.6987 -0.6240 0.3500
vn -0.6268 -0.7030 0.3359
vn -0.5610 -0.6442 -0.5198
vn 0.4562 -0.5752 -0.6790
vn -0.4432 -0.7526 -0.4871
vn 0.0694 -0.9374 -0.3412
vn -0.1548 -0.6835 -0.7134
vn 0.2180 -0.7353 -0.6417
vn 0.1013 -0.7070 -0.6999
vn 0.0102 -0.7875 -0.6162
vn -0.6990 -0.6305 0.3375
vn -0.5183 -0.8262 -0.2208
vn -0.6438 -0.6543 0.3967
vn -0.4282 -0.8800 -0.2056
vn -0.3439 -0.8943 -0.2862
vn -0.5956 -0.7452 -0.3000
vn -0.7338 -0.6328 0.2473
vn -0.5680 -0.7860 -0.2439
vn -0.6863 -0.6803 0.2572
vn -0.4746 -0.8631 -0.1727
vn -0.6032 -0.7458 0.2827
vn -0.3624 -0.9243 -0.1196
vn -0.5017 -0.8044 0.3182
vn -0.4141 -0.8471 0.3332
vn -0.2618 -0.9609 -0.0899
vn -0.3964 -0.8628 0.3138
vn -0.2358 -0.9657 -0.1087
vn -0.0635 -0.9254 -0.3737
vn -0.0488 -0.9232 -0.3811
vn 0.0278 -0.8362 -0.5478
vn 0.0470 -0.8518 -0.5218
vn 0.0724 -0.8005 -0.5950
vn 0.1068 -0.7670 -0.6327
vn 0.0737 -0.7504 -0.6568
vn 0.0979 -0.7772 -0.6216
vn 0.0587 -0.6927 -0.7188
vn -0.3930 -0.7061 -0.5890
vn -0.3662 -0.7536 -0.5459
vn -0.2816 -0.8182 -0.5013
vn -0.1870 -0.8761 -0.4445
vn -0.1078 -0.8044 -0.5842
vn -0.0584 -0.7583 -0.6493
vn -0.0755 -0.7270 -0.6825
vn -0.0694 -0.6813 -0.7287
vn -0.2246 -0.6675 -0.7099
vn -0.1943 -0.7049 -0.6822
vn -0.1852 -0.7180 -0.6710
vn -0.2251 -0.7586 -0.6114
vn -0.2604 -0.7007 -0.6642
vn -0.2602 -0.6563 -0.7082
vn -0.1731 -0.6877 -0.7050
vn -0.3118 -0.6995 -0.6430
vn -0.4156 -0.4612 -0.7839
vn -0.1841 -0.4535 -0.8720
vn 0.0224 -0.4431 -0.8962
vn -0.0483 -0.3835 -0.9223
vn -0.4725 -0.6984 -0.5376
vn -0.7440 0.3256 0.5834
vn -0.9108 0.0421 0.4107
vn -0.6634 0.3057 0.6830
vn -0.4802 0.4142 0.7732
vn -0.5361 0.4681 0.7025
vn -0.1741 0.5607 0.8095
vn -0.1785 0.5853 0.7909
vn 0.3355 0.6141 0.7144
vn 0.2901 0.6213 0.7279
vn 0.6727 0.5653 0.4774
vn 0.6396 0.5502 0.5368
vn 0.9443 0.2626 0.1983
vn 0.9487 0.2354 0.2109
vn 0.9757 -0.1536 0.1562
vn 0.9866 -0.1445 0.0754
vn 0.7219 -0.6911 0.0352
vn 0.7477 -0.6321 -0.2034
vn 0.1833 -0.9269 -0.3276
vn 0.2553 -0.8265 -0.5017
vn -0.2107 -0.8222 -0.5287
vn -0.2188 -0.8418 -0.4934
vn 0.1653 -0.6072 0.7772
vn 0.5504 -0.5129 0.6588
vn 0.8787 -0.1478 0.4539
vn 0.8769 0.2807 0.3902
vn 0.6647 0.5413 0.5150
vn 0.3317 0.6566 0.6773
vn -0.1338 0.6214 0.7720
vn -0.2651 -0.5645 0.7817
vn 0.4953 0.8012 -0.3359
vn 0.4845 0.6017 -0.6350
vn 0.5063 0.5425 -0.6704
vn 0.9161 -0.2756 0.2912
vn 0.4365 0.2966 -0.8494
vn 0.8905 -0.3159 0.3275
vn 0.3691 0.0621 -0.9273
vn 0.8986 -0.3278 0.2916
vn 0.2718 -0.1366 -0.9526
vn 0.9124 -0.3667 0.1819
vn 0.0849 -0.4362 -0.8958
vn 0.8915 -0.4427 0.0964
vn -0.0286 -0.6274 -0.7782
vn -0.0221 -0.5720 -0.8200
vn 0.0740 -0.4106 -0.9088
vn 0.1366 -0.2928 -0.9464
vn 0.2664 -0.0966 -0.9590
vn 0.3541 0.1020 -0.9296
vn 0.3297 0.0320 -0.9435
vn 0.4552 0.3216 -0.8303
vn 0.5415 0.5866 -0.6022
vn 0.8609 -0.3786 0.3400
vn 0.8943 -0.2934 0.3379
vn 0.8771 -0.3572 0.3210
vn 0.8617 -0.3776 0.3390
vn 0.9040 -0.2258 0.3631
vn 0.8789 -0.2831 0.3839
vn 0.8517 -0.3854 0.3550
vn 0.8821 -0.3569 0.3074
vn 0.8784 -0.3434 0.3323
vn 0.7799 -0.6242 0.0464
vn 0.8583 -0.3842 0.3400
vn 0.8596 -0.3813 0.3402
vn 0.5685 -0.7583 0.3192
vn 0.7182 -0.6307 0.2941
vn 0.7736 -0.5991 0.2066
vn -0.2797 -0.8344 -0.4749
vn -0.1566 -0.7357 -0.6590
vn -0.2692 -0.8388 -0.4732
vn -0.1907 -0.7739 -0.6039
vn -0.1395 -0.6870 -0.7131
vn -0.3800 -0.8896 -0.2533
vn -0.4120 -0.8977 -0.1560
vn -0.4618 -0.8868 0.0178
vn -0.4523 -0.8917 0.0188
vn -0.5076 -0.8380 0.2001
vn 0.4624 -0.7962 0.3902
vn 0.8735 -0.3547 0.3334
vn 0.8533 -0.4098 0.3224
vn -0.3570 -0.9025 -0.2407
vn 0.2667 -0.2470 0.9316
vn 0.2575 -0.2343 0.9374
vn 0.2895 -0.0977 0.9522
vn 0.3059 -0.0402 0.9512
vn 0.4008 0.1983 0.8945
vn 0.5631 0.4171 0.7134
vn 0.4205 0.3376 0.8421
vn 0.5173 0.4654 0.7182
vn 0.5788 0.6018 0.5503
vn 0.6357 0.6216 0.4577
vn 0.7447 0.6452 0.1707
vn 0.7283 0.6674 0.1554
vn 0.8647 0.4035 -0.2992
vn 0.8200 0.5583 -0.1258
vn 0.8334 0.5093 -0.2145
vn 0.8627 0.3322 -0.3814
vn 0.7871 -0.0342 -0.6159
vn 0.8032 -0.0572 -0.5930
vn 0.7224 -0.2358 -0.6500
vn 0.7420 -0.2395 -0.6261
vn 0.6648 -0.4048 -0.6279
vn 0.6879 -0.4209 -0.5913
vn 0.6079 -0.5560 -0.5668
vn 0.6234 -0.5749 -0.5299
vn 0.5552 -0.6738 -0.4876
vn 0.5480 -0.6901 -0.4728
vn 0.5026 -0.7945 -0.3407
vn 0.4892 -0.8133 -0.3150
vn 0.4144 -0.9076 -0.0672
vn 0.4062 -0.9127 -0.0446
vn 0.3356 -0.9124 0.2343
vn 0.3241 -0.9171 0.2321
vn 0.2746 -0.8521 0.4456
vn 0.2713 -0.8418 0.4667
vn 0.2526 -0.6951 0.6731
vn 0.2668 -0.6949 0.6678
vn 0.2742 -0.4408 0.8547
vn 0.2519 -0.3967 0.8827
vn 0.8709 -0.3651 0.3291
vn 0.8185 -0.5737 0.0307
vn 0.8724 -0.3275 0.3628
vn 0.7623 -0.6460 0.0408
vn -0.0722 -0.7576 -0.6487
vn -0.2379 -0.8546 -0.4615
vn 0.7555 -0.6236 0.2008
vn 0.8651 -0.3374 0.3711
vn 0.5192 0.4661 0.7164
vn 0.4290 0.3306 0.8406
vn 0.3939 0.1928 0.8987
vn 0.5894 0.5951 0.5463
vn 0.6366 0.6229 0.4547
vn 0.3138 -0.0772 0.9463
vn 0.8036 -0.3321 0.4939
vn 0.8486 -0.2912 0.4418
vn 0.8789 -0.4681 0.0911
vn 0.0149 -0.6229 -0.7822
vn -0.0621 -0.7416 -0.6680
vn -0.2349 -0.8661 -0.4412
vn -0.3004 -0.9232 -0.2395
vn 0.7014 -0.6518 0.2885
vn 0.8965 -0.2555 0.3619
vn 0.8850 -0.3273 0.3312
vn 0.7403 0.6522 0.1633
vn 0.5498 -0.7745 0.3128
vn -0.3385 -0.9405 0.0284
vn -0.2990 -0.9326 -0.2020
vn -0.3126 -0.9494 0.0307
vn -0.3949 -0.7928 0.4642
vn -0.3990 -0.5614 0.7250
vn -0.3761 -0.8146 0.4415
vn -0.3825 0.1019 0.9183
vn -0.3569 0.0759 0.9310
vn -0.3280 0.2839 0.9010
vn -0.3893 -0.1862 0.9021
vn -0.4348 -0.1739 0.8836
vn -0.4281 -0.5109 0.7455
vn 0.2689 -0.5973 0.7556
vn 0.4097 -0.7432 0.5290
vn 0.7476 -0.4572 0.4818
vn 0.8557 -0.3915 0.3384
vn 0.4396 -0.8118 0.3844
vn -0.3422 -0.9052 0.2520
vn -0.3281 -0.9116 0.2478
vn 0.7401 0.6523 0.1632
vn 0.8201 0.5581 -0.1260
vn 0.8858 -0.3261 0.3301
vn 0.8502 -0.4049 0.3363
vn 0.5499 -0.7748 0.3120
vn 0.8320 0.5093 -0.2200
vn -0.3179 -0.9467 0.0514
vn -0.3394 -0.9400 0.0352
vn 0.8619 0.3281 -0.3866
vn 0.6761 -0.4072 0.6141
vn 0.3297 -0.4038 0.8534
vn 0.7286 -0.2514 -0.6371
vn 0.6717 -0.4178 -0.6118
vn 0.7647 -0.2949 0.5729
vn 0.8051 -0.2595 0.5333
vn 0.6111 -0.5722 -0.5469
vn 0.5581 -0.6907 -0.4598
vn 0.8671 -0.3046 0.3940
vn 0.5014 -0.8101 -0.3039
vn 0.7931 -0.0634 -0.6058
vn 0.7180 -0.3391 0.6078
vn 0.5335 -0.1508 0.8322
vn 0.6485 -0.0930 0.7555
vn 0.7819 -0.1115 0.6133
vn 0.4256 -0.2456 0.8709
vn -0.3278 0.2918 0.8986
vn -0.2313 0.4632 0.8556
vn -0.1765 0.6415 0.7465
vn 0.8631 -0.0596 0.5015
vn 0.8929 -0.3286 0.3079
vn 0.4213 -0.9057 -0.0477
vn -0.2488 0.4585 0.8532
vn -0.1753 0.6550 0.7350
vn -0.0180 0.7994 0.6005
vn 0.9105 -0.0076 0.4135
vn 0.8812 -0.3672 0.2978
vn 0.3377 -0.9087 0.2453
vn 0.8501 -0.4142 0.3251
vn 0.7782 -0.4940 0.3878
vn 0.9456 -0.0763 0.3161
vn 0.1747 0.9258 0.3353
vn -0.0183 0.8193 0.5731
vn 0.3297 0.9420 -0.0625
vn 0.3293 0.9419 -0.0671
vn 0.1646 0.9337 0.3178
vn 0.3879 0.8532 -0.3487
vn 0.2847 -0.8430 0.4563
vn 0.2668 -0.6951 0.6675
vn 0.7146 -0.5014 0.4878
vn 0.9296 -0.2318 0.2865
vn 0.9082 -0.3026 0.2891
vn 0.4173 0.8364 -0.3555
vn 0.4478 0.6250 -0.6394
vn 0.4289 0.6413 -0.6362
vn 0.3901 0.2916 -0.8734
vn 0.8825 -0.3426 0.3223
vn 0.7311 -0.3961 0.5555
vn 0.2528 -0.4275 0.8680
vn 0.7582 -0.3582 0.5448
vn 0.2689 -0.2531 0.9293
vn 0.9021 -0.3939 0.1764
vn 0.1087 -0.4180 -0.9019
vn 0.0062 -0.6089 -0.7932
vn 0.8888 -0.3552 0.2896
vn 0.3202 0.0852 -0.9435
vn 0.3585 0.2860 -0.8887
vn 0.0828 -0.4148 -0.9061
vn 0.2421 -0.1362 -0.9606
vn 0.3086 0.0900 -0.9469
vn 0.2389 -0.1388 -0.9611
vn 0.2083 -0.2777 0.9378
vn 0.2618 -0.2734 0.9256
vn 0.2663 -0.8857 0.3803
vn 0.3066 -0.9156 0.2601
vn 0.3445 -0.9372 -0.0541
vn 0.3986 -0.9123 -0.0940
vn 0.4448 -0.8878 -0.1182
vn 0.4411 -0.8654 -0.2376
vn -0.6109 0.4312 0.6640
vn -0.6531 0.3740 0.6585
vn -0.2588 0.5567 0.7893
vn -0.8986 0.0868 0.4300
vn -0.8931 0.0816 0.4424
vn -0.9232 -0.0004 0.3843
vn -0.7336 0.2583 0.6286
vn -0.7550 0.2851 0.5905
vn -0.9139 0.0059 0.4059
vn -0.7115 0.2894 0.6403
vn -0.2472 0.5734 0.7811
vn 0.1672 0.6133 0.7719
vn 0.1742 0.6231 0.7625
vn 0.5133 0.6102 0.6035
vn 0.6036 0.5289 0.5966
vn 0.9558 0.2613 0.1351
vn 0.9491 0.2234 0.2218
vn 0.9773 -0.1478 -0.1519
vn 0.9765 -0.1579 -0.1464
vn 0.7353 -0.4864 -0.4720
vn 0.7444 -0.5252 -0.4124
vn 0.9795 -0.1695 -0.1088
vn -0.2370 0.6366 0.7339
vn -0.5665 0.4406 0.6964
vn -0.1762 0.6339 0.7530
vn 0.1597 0.7126 0.6831
vn 0.2034 0.6466 0.7352
vn 0.5114 0.6069 0.6084
vn 0.6147 0.5348 0.5798
vn 0.6620 0.5422 0.5174
vn 0.9352 0.2660 0.2337
vn 0.9422 0.2600 0.2113
vn -0.5625 0.4622 0.6856
vn 0.7307 -0.5344 -0.4248
vn 0.9826 -0.1624 -0.0901
vn 0.9392 0.2399 0.2456
vn 0.5964 0.5146 0.6160
vn 0.2630 0.5793 0.7715
vn -0.1867 0.5855 0.7889
vn -0.5479 0.4833 0.6828
vn -0.8154 0.2116 0.5388
vn -0.8363 0.1902 0.5143
vn -0.8687 0.1523 0.4713
vn 0.3160 -0.7548 -0.5748
vn 0.2879 -0.7577 -0.5857
vn 0.2730 -0.7425 -0.6117
vn 0.7163 -0.5439 -0.4372
vn 0.9796 -0.1789 -0.0916
vn 0.9390 0.2460 0.2402
vn 0.6388 0.5297 0.5580
vn 0.2606 0.6266 0.7345
vn -0.1994 0.6053 0.7706
vn -0.5130 0.4464 0.7332
vn -0.7742 0.2253 0.5915
vn -0.2009 -0.7968 -0.5698
vn -0.1913 -0.7961 -0.5741
vn -0.1986 -0.6931 -0.6930
vn -0.7230 -0.5940 -0.3527
vn -0.7139 -0.5946 -0.3699
vn -0.1777 -0.7877 -0.5898
vn -0.6869 -0.6454 -0.3341
vn -0.1983 -0.7960 -0.5719
vn -0.6978 -0.6415 -0.3187
vn -0.1998 -0.7968 -0.5702
vn -0.6860 -0.6631 -0.2996
vn -0.2096 -0.8223 -0.5291
vn -0.6880 -0.6744 -0.2680
vn -0.2173 -0.8419 -0.4940
vn -0.6831 -0.7096 -0.1729
vn -0.2651 -0.5644 0.7818
vn -0.6030 -0.4838 0.6343
vn -0.8864 -0.3183 0.3363
vn -0.8433 -0.2491 0.4763
vn -0.8774 -0.0321 0.4787
vn -0.9280 -0.2288 0.2942
vn -0.9450 -0.2641 0.1928
vn -0.9572 -0.2347 0.1695
vn -0.9565 -0.2694 0.1122
vn -0.9631 -0.2425 0.1166
vn -0.9510 -0.2994 0.0771
vn -0.9403 -0.3256 0.0989
vn -0.7103 -0.6404 -0.2922
vn -0.9377 -0.3217 0.1311
vn -0.9323 -0.0229 0.3610
vn -0.6656 0.3042 0.6815
vn -0.2940 0.5254 0.7985
vn -0.2601 0.5005 0.8257
vn -0.1260 0.5938 0.7947
vn -0.0281 0.5636 0.8256
vn 0.2680 0.6425 0.7179
vn -0.0116 0.5966 0.8025
vn 0.1745 0.7352 0.6550
vn 0.1335 0.7254 0.6753
vn 0.4674 0.8093 0.3558
vn 0.4298 0.8349 0.3439
vn 0.6230 0.7793 -0.0673
vn 0.5606 0.8252 -0.0696
vn 0.6003 0.5675 -0.5635
vn 0.5496 0.5932 -0.5883
vn 0.3769 0.0996 -0.9209
vn 0.4629 0.1125 -0.8792
vn 0.6654 0.4710 -0.5791
vn 0.5244 0.0548 -0.8497
vn 0.1990 0.7248 0.6595
vn -0.0890 0.4509 0.8881
vn 0.4080 0.8511 0.3303
vn 0.4924 0.8685 -0.0569
vn 0.1609 -0.2712 -0.9490
vn -0.1401 -0.6877 -0.7124
vn -0.1839 -0.7680 -0.6135
vn -0.1535 -0.7328 -0.6629
vn 0.8325 -0.5530 0.0344
vn -0.1182 -0.6812 -0.7225
vn 0.2021 -0.3007 -0.9321
vn -0.1398 -0.6579 -0.7401
vn -0.1982 -0.6931 -0.6931
vn 0.2987 -0.6184 -0.7268
vn -0.2016 -0.7148 -0.6696
vn 0.2812 -0.6537 -0.7026
vn -0.2329 -0.7532 -0.6151
vn 0.2638 -0.5715 -0.7770
vn -0.1570 -0.7220 -0.6739
vn -0.0502 -0.7522 -0.6570
vn 0.3502 -0.5324 -0.7707
vn -0.0821 -0.7526 -0.6533
vn 0.2989 -0.4819 -0.8237
vn -0.0781 -0.7408 -0.6672
vn 0.2871 -0.3854 -0.8769
vn -0.1093 -0.7799 -0.6163
vn 0.2762 -0.4038 -0.8722
vn 0.5182 0.0430 -0.8542
vn 0.6537 -0.1058 -0.7493
vn 0.7084 -0.2269 -0.6683
vn 0.7171 -0.2809 -0.6379
vn 0.7477 -0.3762 -0.5472
vn 0.7053 0.4460 -0.5510
vn 0.8164 0.2772 -0.5066
vn 0.9095 0.1355 -0.3930
vn 0.9317 0.0382 -0.3612
vn 0.9702 -0.0599 -0.2348
vn 0.7464 -0.4368 -0.5021
vn 0.2845 -0.6411 -0.7127
vn -0.1865 -0.7875 -0.5874
vn 0.6649 0.7466 -0.0227
vn 0.7279 0.6856 0.0122
vn 0.8140 0.5596 0.1556
vn 0.8925 0.4316 0.1311
vn 0.4667 0.6893 0.5542
vn 0.5522 0.6967 0.4579
vn 0.5387 0.7341 0.4134
vn 0.0996 0.7221 0.6845
vn -0.4128 0.4830 0.7722
vn -0.3011 0.4735 0.8278
vn -0.0889 0.6297 0.7718
vn 0.1759 0.7094 0.6825
vn 0.9077 -0.3044 0.2888
vn 0.8909 -0.3402 0.3010
vn 0.9102 0.0223 0.4135
vn 0.8649 -0.0323 0.5009
vn 0.8718 -0.2614 0.4144
vn 0.7810 -0.0889 0.6182
vn 0.6487 -0.0685 0.7580
vn -0.1452 0.3971 0.9062
vn -0.2154 0.2295 0.9492
vn -0.2289 0.2228 0.9476
vn -0.3203 0.0417 0.9464
vn -0.2971 0.1036 0.9492
vn -0.4111 -0.1531 0.8987
vn -0.3142 0.0384 0.9486
vn -0.5289 -0.5169 0.6731
vn -0.3235 0.0205 0.9460
vn -0.5169 -0.5144 0.6843
vn -0.3438 0.0418 0.9381
vn -0.5080 -0.5116 0.6930
vn -0.3364 0.0079 0.9417
vn 0.8003 -0.4583 0.3866
vn 0.7312 -0.4756 0.4890
vn 0.9355 -0.2043 0.2884
vn 0.9471 -0.0458 0.3176
vn 0.4226 0.9063 -0.0008
vn 0.2617 0.9077 0.3280
vn 0.1469 0.7850 0.6018
vn -0.0089 0.5815 0.8135
vn -0.0853 0.4616 0.8830
vn -0.1094 0.4205 0.9007
vn -0.0930 0.4332 0.8965
vn 0.1721 0.7509 0.6376
vn 0.2957 0.8893 0.3488
vn 0.2079 0.8278 0.5211
vn 0.0116 0.6041 0.7968
vn 0.1560 0.7736 0.6142
vn 0.3540 0.8644 0.3571
vn 0.4915 0.8682 -0.0690
vn 0.5298 0.7809 -0.3310
vn 0.4606 0.8867 -0.0412
vn 0.3073 0.8821 0.3571
vn 0.7384 -0.3716 0.5628
vn 0.7631 -0.3314 0.5548
vn 0.8014 -0.3037 0.5153
vn 0.8565 -0.2639 0.4435
vn 0.7795 -0.6246 0.0465
vn 0.8809 -0.3415 0.3277
vn 0.8771 -0.2881 0.3842
vn 0.8761 -0.3636 0.3165
vn 0.8917 -0.3426 0.2958
vn 0.8993 -0.3229 0.2949
vn 0.8907 -0.3356 0.3068
vn 0.8881 -0.3241 0.3260
vn 0.9034 -0.2936 0.3125
vn 0.8854 -0.3159 0.3411
vn 0.8892 -0.3312 0.3157
vn 0.8905 -0.3290 0.3144
vn 0.8549 -0.3984 0.3323
vn 0.7640 -0.4409 0.4711
vn 0.4248 -0.7292 0.5364
vn 0.6926 -0.3838 0.6108
vn 0.8656 -0.3639 0.3439
vn 0.7277 -0.3137 0.6100
vn 0.8623 -0.3434 0.3722
vn 0.7728 -0.2695 0.5746
vn 0.8766 -0.3461 0.3344
vn 0.8061 -0.2283 0.5460
vn 0.8815 -0.3229 0.3445
vn 0.8924 -0.3103 0.3276
vn 0.8975 -0.3061 0.3175
vn 0.9043 -0.2926 0.3109
vn 0.4327 -0.2265 0.8726
vn 0.5356 -0.1284 0.8347
vn -0.3816 -0.1821 0.9062
vn -0.4852 -0.3888 0.7832
vn -0.5121 -0.5114 0.6901
vn -0.5317 -0.7661 0.3612
vn 0.2912 -0.5816 0.7596
vn 0.3382 -0.3878 0.8575
vn -0.5075 -0.7704 0.3858
vn -0.5192 -0.8121 0.2664
vn -0.5438 -0.8059 0.2342
vn -0.3925 -0.8739 -0.2869
vn -0.5170 -0.8312 0.2045
vn -0.5194 -0.8310 0.1990
vn -0.3837 -0.8819 -0.2739
vn -0.5097 -0.8352 0.2066
vn -0.5689 -0.8177 -0.0883
vn -0.5753 -0.8071 -0.1329
vn -0.6485 -0.7086 0.2781
vn -0.5260 -0.5109 0.6799
vn -0.4165 -0.8723 -0.2561
vn -0.1398 -0.6578 -0.7401
vn -0.4020 -0.8320 -0.3824
vn -0.6095 -0.7831 -0.1236
vn -0.6121 -0.7739 -0.1624
vn -0.3760 -0.8372 -0.3971
vn -0.1073 -0.7786 -0.6183
vn -0.1183 -0.6814 -0.7223
vn -0.1579 -0.7225 -0.6731
vn -0.0531 -0.7538 -0.6550
vn -0.3784 -0.8441 -0.3798
vn -0.0803 -0.7515 -0.6548
vn -0.0764 -0.7399 -0.6684
vn -0.2392 -0.7533 -0.6127
vn -0.4332 -0.7933 -0.4278
vn -0.6492 -0.7503 -0.1250
vn -0.8438 -0.5321 0.0691
vn -0.7912 -0.5835 0.1832
vn -0.6721 -0.6975 0.2487
vn -0.5093 -0.4529 0.7317
vn -0.3710 -0.0540 0.9271
vn -0.6090 -0.3823 0.6950
vn -0.7954 -0.2199 0.5648
vn -0.9093 -0.0878 0.4067
vn -0.9078 -0.3992 0.1289
vn -0.7896 -0.6080 -0.0826
vn -0.1994 -0.7150 -0.6701
vn -0.1230 0.4475 0.8858
vn -0.1852 0.3752 0.9083
vn -0.1526 0.4586 0.8755
vn -0.5340 0.2543 0.8063
vn -0.3782 0.0697 0.9231
vn -0.9010 0.0425 0.4318
vn -0.9079 0.0452 0.4168
vn -0.8421 -0.2505 0.4776
vn -0.9029 -0.1677 0.3958
vn -0.8056 -0.5346 0.2553
vn 0.3269 0.6499 0.6862
vn 0.6565 0.5562 0.5096
vn 0.5537 0.6669 0.4987
vn 0.6982 0.5110 0.5013
vn 0.8762 0.2805 0.3919
vn 0.8479 0.2849 0.4472
vn 0.9126 0.2978 0.2801
vn 0.3690 0.8360 0.4062
vn -0.1407 0.6079 0.7815
vn 0.3329 0.6459 0.6870
vn -0.1808 0.6358 0.7504
vn -0.5475 0.4133 0.7277
vn -0.5539 0.4725 0.6856
vn -0.7909 0.3538 0.4993
vn -0.7438 0.3256 0.5838
vt 0.444824 0.491211
vt 0.443115 0.543701
vt 0.454590 0.491699
vt 0.456543 0.459961
vt 0.464844 0.489258
vt 0.467285 0.461426
vt 0.489258 0.451660
vt 0.467773 0.434082
vt 0.480225 0.399902
vt 0.458008 0.429688
vt 0.463379 0.388184
vt 0.448486 0.426758
vt 0.446777 0.458496
vt 0.437500 0.456055
vt 0.435059 0.489258
vt 0.425537 0.484375
vt 0.407959 0.529785
vt 0.411865 0.433105
vt 0.389160 0.477539
vt 0.389404 0.446777
vt 0.385986 0.537354
vt 0.406494 0.602783
vt 0.427246 0.541504
vt 0.066284 0.468750
vt 0.053772 0.477051
vt 0.067139 0.528564
vt 0.080322 0.518311
vt 0.077087 0.462402
vt 0.091614 0.509033
vt 0.101318 0.499512
vt 0.103699 0.548584
vt 0.115967 0.538574
vt 0.114258 0.590332
vt 0.091248 0.558594
vt 0.101257 0.599121
vt 0.076843 0.569336
vt 0.054565 0.536865
vt 0.956543 0.504639
vt 0.974121 0.470703
vt 0.953613 0.482910
vt 0.968750 0.453613
vt 0.989258 0.437012
vt 0.984375 0.423828
vt 0.991211 0.414062
vt 0.986328 0.390625
vt 0.976562 0.408203
vt 0.975098 0.381348
vt 0.969727 0.394043
vt 0.965332 0.381836
vt 0.954102 0.418945
vt 0.947754 0.404785
vt 0.938477 0.445312
vt 0.930664 0.433105
vt 0.931152 0.458984
vt 0.913574 0.479980
vt 0.934082 0.484375
vt 0.920898 0.504883
vt 0.876953 0.659912
vt 0.899414 0.616699
vt 0.887695 0.593750
vt 0.911133 0.556641
vt 0.918945 0.576416
vt 0.929199 0.525391
vt 0.937500 0.542480
vt 0.945312 0.498047
vt 0.961914 0.435059
vt 0.946777 0.461426
vt 0.889648 0.472656
vt 0.873535 0.482422
vt 0.872559 0.517334
vt 0.895020 0.500732
vt 0.869629 0.563477
vt 0.900879 0.530029
vt 0.907715 0.454102
vt 0.812988 0.062500
vt 0.822754 0.086914
vt 0.823730 0.066895
vt 0.831543 0.083496
vt 0.839355 0.220215
vt 0.838379 0.177734
vt 0.824707 0.189941
vt 0.824219 0.171387
vt 0.813477 0.089844
vt 0.803711 0.086914
vt 0.802734 0.067871
vt 0.794922 0.082031
vt 0.812988 0.197266
vt 0.825195 0.222656
vt 0.827637 0.258301
vt 0.842285 0.266602
vt 0.828125 0.282227
vt 0.843750 0.310059
vt 0.828613 0.319336
vt 0.845215 0.349121
vt 0.829590 0.357910
vt 0.843262 0.388184
vt 0.828613 0.397461
vt 0.842773 0.430664
vt 0.828613 0.442383
vt 0.800781 0.187988
vt 0.812988 0.165527
vt 0.786133 0.174316
vt 0.800293 0.169922
vt 0.791016 0.127930
vt 0.785645 0.213867
vt 0.800293 0.219727
vt 0.813477 0.223633
vt 0.813477 0.250977
vt 0.813965 0.291016
vt 0.813477 0.326660
vt 0.813965 0.365234
vt 0.783203 0.256836
vt 0.799805 0.277832
vt 0.799316 0.253418
vt 0.782227 0.305664
vt 0.799316 0.318848
vt 0.779297 0.362305
vt 0.796875 0.366699
vt 0.796387 0.387207
vt 0.775391 0.433105
vt 0.794434 0.420410
vt 0.812012 0.399414
vt 0.812012 0.460449
vt 0.794922 0.479004
vt 0.775391 0.489258
vt 0.748535 0.493164
vt 0.777832 0.563232
vt 0.746582 0.571045
vt 0.749023 0.598877
vt 0.718750 0.568848
vt 0.720703 0.602295
vt 0.684082 0.568359
vt 0.685547 0.606201
vt 0.653809 0.566406
vt 0.654785 0.609375
vt 0.799316 0.532227
vt 0.815430 0.508789
vt 0.829102 0.486816
vt 0.842285 0.467285
vt 0.848633 0.479004
vt 0.841309 0.507080
vt 0.832520 0.533447
vt 0.810059 0.575439
vt 0.791016 0.650391
vt 0.755859 0.661865
vt 0.725098 0.663086
vt 0.687988 0.662842
vt 0.655762 0.662354
vt 0.728027 0.718018
vt 0.766602 0.720947
vt 0.774414 0.769043
vt 0.783203 0.716797
vt 0.816895 0.735107
vt 0.823730 0.698975
vt 0.848633 0.721436
vt 0.860840 0.696045
vt 0.840820 0.677246
vt 0.862305 0.643555
vt 0.841309 0.617432
vt 0.848145 0.551514
vt 0.854492 0.519531
vt 0.860352 0.486816
vt 0.829590 0.600342
vt 0.819336 0.640137
vt 0.143921 0.740234
vt 0.124268 0.702881
vt 0.135132 0.747314
vt 0.146973 0.769775
vt 0.162842 0.739502
vt 0.170288 0.774658
vt 0.190186 0.727051
vt 0.199097 0.774414
vt 0.227417 0.765137
vt 0.216919 0.711914
vt 0.251221 0.754639
vt 0.243286 0.685059
vt 0.201660 0.658447
vt 0.270508 0.609863
vt 0.269287 0.686035
vt 0.268311 0.750488
vt 0.259766 0.805542
vt 0.232300 0.809937
vt 0.202759 0.810181
vt 0.174561 0.810303
vt 0.144287 0.811401
vt 0.121948 0.758789
vt 0.109802 0.714600
vt 0.235107 0.845215
vt 0.205322 0.849731
vt 0.179810 0.851562
vt 0.139038 0.865112
vt 0.146484 0.905884
vt 0.157593 0.857178
vt 0.129883 0.830688
vt 0.108643 0.769531
vt 0.096313 0.728271
vt 0.086365 0.678223
vt 0.099243 0.668213
vt 0.073242 0.619385
vt 0.163696 0.897156
vt 0.476807 0.744873
vt 0.486328 0.691406
vt 0.458984 0.732422
vt 0.474365 0.680176
vt 0.466553 0.675049
vt 0.456055 0.675293
vt 0.451904 0.790649
vt 0.437988 0.734619
vt 0.439941 0.674316
vt 0.457764 0.607422
vt 0.472412 0.607178
vt 0.483154 0.616699
vt 0.495850 0.628662
vt 0.512207 0.641113
vt 0.506348 0.703857
vt 0.498535 0.751343
vt 0.469238 0.793701
vt 0.490967 0.794678
vt 0.466797 0.838623
vt 0.536133 0.583008
vt 0.518066 0.581055
vt 0.531738 0.649170
vt 0.526855 0.712646
vt 0.520996 0.755859
vt 0.516602 0.795654
vt 0.488525 0.838379
vt 0.467285 0.880005
vt 0.449951 0.879578
vt 0.513672 0.962799
vt 0.538086 0.962799
vt 0.513184 0.922302
vt 0.537109 0.922058
vt 0.512695 0.879517
vt 0.536133 0.879150
vt 0.513672 0.837891
vt 0.538086 0.836426
vt 0.539551 0.796875
vt 0.544434 0.761230
vt 0.549805 0.718750
vt 0.556152 0.656738
vt 0.560059 0.597656
vt 0.565918 0.506592
vt 0.488281 0.922302
vt 0.487061 0.879700
vt 0.465088 0.124023
vt 0.474609 0.122559
vt 0.464600 0.094727
vt 0.478516 0.162109
vt 0.484619 0.123535
vt 0.472900 0.090332
vt 0.463623 0.070312
vt 0.457764 0.073730
vt 0.457520 0.096680
vt 0.457031 0.124023
vt 0.456055 0.163086
vt 0.466309 0.164062
vt 0.467285 0.201660
vt 0.479980 0.204102
vt 0.465820 0.238281
vt 0.030197 0.394531
vt 0.046631 0.400391
vt 0.046387 0.389160
vt 0.059082 0.393555
vt 0.058014 0.403320
vt 0.078064 0.415039
vt 0.072205 0.425781
vt 0.056702 0.412598
vt 0.047546 0.413574
vt 0.036407 0.417969
vt 0.033051 0.405273
vt 0.021118 0.416992
vt 0.015778 0.408691
vt 0.007820 0.429199
vt 0.007664 0.470703
vt 0.014175 0.433594
vt 0.026871 0.428711
vt 0.044739 0.446289
vt 0.056458 0.438477
vt 0.066345 0.434570
vt 0.085876 0.453613
vt 0.095886 0.443359
vt 0.111572 0.488281
vt 0.129150 0.526123
vt 0.129639 0.579102
vt 0.033936 0.456543
vt 0.020432 0.439453
vt 0.016663 0.467773
vt 0.022705 0.503906
vt 0.013062 0.511963
vt 0.031769 0.495605
vt 0.041718 0.486328
vt 0.025162 0.465820
vt 0.043823 0.544922
vt 0.063599 0.578613
vt 0.086731 0.609863
vt 0.114624 0.657471
vt 0.129395 0.648193
vt 0.145508 0.640381
vt 0.137329 0.694580
vt 0.154053 0.689941
vt 0.023315 0.556641
vt 0.033539 0.551270
vt 0.052460 0.586426
vt 0.178223 0.675781
vt 0.110168 0.849609
vt 0.094055 0.783936
vt 0.081177 0.837891
vt 0.077881 0.795288
vt 0.065430 0.800659
vt 0.055389 0.756348
vt 0.071045 0.746582
vt 0.046021 0.706787
vt 0.061035 0.697021
vt 0.038300 0.640137
vt 0.050812 0.634277
vt 0.030991 0.598633
vt 0.042053 0.593018
vt 0.062073 0.627686
vt 0.074097 0.688232
vt 0.084229 0.738037
vt 0.130249 0.954865
vt 0.151367 0.945099
vt 0.126221 0.917419
vt 0.119141 0.879517
vt 0.261475 0.883362
vt 0.260498 0.842407
vt 0.235107 0.886719
vt 0.291260 0.838257
vt 0.291260 0.797974
vt 0.354004 0.478027
vt 0.365723 0.480469
vt 0.365479 0.446777
vt 0.348633 0.530762
vt 0.328125 0.516113
vt 0.329102 0.594971
vt 0.310791 0.533691
vt 0.312256 0.601562
vt 0.294434 0.541992
vt 0.294678 0.606445
vt 0.294678 0.675781
vt 0.293701 0.740479
vt 0.347168 0.595459
vt 0.366699 0.535645
vt 0.377686 0.480469
vt 0.316895 0.796143
vt 0.323975 0.725098
vt 0.313477 0.671143
vt 0.328125 0.667236
vt 0.343262 0.664795
vt 0.365479 0.597656
vt 0.376709 0.447266
vt 0.360107 0.667236
vt 0.384033 0.601074
vt 0.350098 0.735352
vt 0.381104 0.670654
vt 0.291748 0.879211
vt 0.316162 0.836914
vt 0.344238 0.794678
vt 0.375488 0.738281
vt 0.404053 0.673828
vt 0.426514 0.605469
vt 0.478760 0.534424
vt 0.458984 0.543213
vt 0.442139 0.605713
vt 0.424561 0.675781
vt 0.398193 0.739258
vt 0.370361 0.793091
vt 0.343506 0.836670
vt 0.315674 0.878906
vt 0.392822 0.791504
vt 0.343506 0.878723
vt 0.369385 0.878784
vt 0.368652 0.836304
vt 0.392822 0.835815
vt 0.419434 0.738281
vt 0.414062 0.791626
vt 0.393066 0.878967
vt 0.413086 0.879211
vt 0.412598 0.835938
vt 0.431641 0.835815
vt 0.431885 0.879333
vt 0.449707 0.836304
vt 0.433838 0.790527
vt 0.489746 0.555420
vt 0.503418 0.570312
vt 0.571777 0.291504
vt 0.558105 0.256348
vt 0.555664 0.288086
vt 0.554688 0.316895
vt 0.571289 0.342285
vt 0.552246 0.358398
vt 0.568359 0.410645
vt 0.550293 0.405273
vt 0.566895 0.456543
vt 0.547852 0.452637
vt 0.544922 0.509521
vt 0.525879 0.526367
vt 0.519043 0.521729
vt 0.510254 0.514648
vt 0.501465 0.506104
vt 0.542969 0.356934
vt 0.532227 0.352539
vt 0.528809 0.392578
vt 0.545898 0.313965
vt 0.535645 0.309570
vt 0.538574 0.285156
vt 0.548340 0.287598
vt 0.541016 0.257324
vt 0.540527 0.398438
vt 0.537109 0.435547
vt 0.533203 0.469238
vt 0.527344 0.462402
vt 0.523438 0.489746
vt 0.530273 0.495117
vt 0.524902 0.423828
vt 0.520020 0.455566
vt 0.515625 0.482910
vt 0.506836 0.477051
vt 0.495117 0.498535
vt 0.499512 0.470703
vt 0.512207 0.451660
vt 0.506348 0.448242
vt 0.515137 0.418945
vt 0.519043 0.385254
vt 0.521973 0.348145
vt 0.525391 0.307617
vt 0.528320 0.282227
vt 0.531738 0.254883
vt 0.491455 0.404297
vt 0.505859 0.415527
vt 0.509277 0.381348
vt 0.494385 0.372559
vt 0.513184 0.343750
vt 0.499756 0.320801
vt 0.516113 0.306641
vt 0.504883 0.275391
vt 0.520020 0.279785
vt 0.523438 0.250488
vt 0.511719 0.229980
vt 0.520996 0.219238
vt 0.518066 0.185059
vt 0.535645 0.224121
vt 0.543945 0.227051
vt 0.550293 0.258301
vt 0.528809 0.220215
vt 0.561035 0.147461
vt 0.550781 0.139160
vt 0.549316 0.150391
vt 0.538574 0.140625
vt 0.539551 0.153320
vt 0.528320 0.149414
vt 0.531738 0.161621
vt 0.524902 0.188965
vt 0.532227 0.194824
vt 0.538574 0.200195
vt 0.545898 0.205078
vt 0.552246 0.226562
vt 0.573242 0.239258
vt 0.559082 0.225098
vt 0.572266 0.194336
vt 0.566406 0.225586
vt 0.536133 0.172852
vt 0.541504 0.178711
vt 0.546875 0.186035
vt 0.553223 0.202148
vt 0.559082 0.198242
vt 0.565918 0.195312
vt 0.562988 0.166992
vt 0.567871 0.158691
vt 0.557617 0.157227
vt 0.541504 0.167480
vt 0.547852 0.164062
vt 0.553223 0.180664
vt 0.558105 0.175293
vt 0.553711 0.168945
vt 0.594238 0.171387
vt 0.600586 0.163574
vt 0.598633 0.154297
vt 0.609375 0.147461
vt 0.591797 0.208984
vt 0.600098 0.210449
vt 0.601074 0.180176
vt 0.609375 0.161133
vt 0.618652 0.165039
vt 0.620117 0.155273
vt 0.625977 0.171387
vt 0.618652 0.181152
vt 0.628906 0.214355
vt 0.620117 0.213867
vt 0.620605 0.250000
vt 0.609863 0.239746
vt 0.609375 0.269043
vt 0.599121 0.260742
vt 0.598145 0.295410
vt 0.586914 0.294922
vt 0.598145 0.322266
vt 0.609863 0.212402
vt 0.609375 0.188477
vt 0.589355 0.250488
vt 0.599609 0.244141
vt 0.598145 0.338379
vt 0.598633 0.377441
vt 0.609863 0.348145
vt 0.610352 0.380859
vt 0.623535 0.399902
vt 0.623535 0.371094
vt 0.613770 0.427246
vt 0.597656 0.410645
vt 0.586426 0.370117
vt 0.586914 0.326172
vt 0.609863 0.320312
vt 0.621094 0.339355
vt 0.636719 0.361816
vt 0.640625 0.389648
vt 0.644043 0.439941
vt 0.619629 0.502441
vt 0.587402 0.477051
vt 0.585938 0.411133
vt 0.620605 0.297363
vt 0.609863 0.296387
vt 0.621582 0.326172
vt 0.634277 0.331543
vt 0.631348 0.297363
vt 0.631348 0.259766
vt 0.620605 0.266113
vt 0.258545 0.054688
vt 0.263916 0.069824
vt 0.270752 0.063477
vt 0.250732 0.071777
vt 0.258545 0.079590
vt 0.264893 0.086426
vt 0.271729 0.091797
vt 0.278076 0.084961
vt 0.277588 0.068359
vt 0.283447 0.076660
vt 0.287842 0.107422
vt 0.280273 0.113770
vt 0.272217 0.119141
vt 0.263916 0.115723
vt 0.255371 0.111328
vt 0.245239 0.110840
vt 0.244507 0.064941
vt 0.254639 0.044434
vt 0.270020 0.046387
vt 0.281738 0.051758
vt 0.290039 0.066406
vt 0.297119 0.104492
vt 0.290039 0.140625
vt 0.281250 0.144043
vt 0.269043 0.034668
vt 0.284180 0.040039
vt 0.295654 0.058105
vt 0.305664 0.103516
vt 0.300049 0.140625
vt 0.310059 0.158691
vt 0.294189 0.177734
vt 0.296875 0.212891
vt 0.312988 0.214355
vt 0.299072 0.246582
vt 0.316895 0.267090
vt 0.301758 0.287598
vt 0.320068 0.326660
vt 0.306152 0.328613
vt 0.313721 0.378418
vt 0.298096 0.375000
vt 0.292480 0.331055
vt 0.288086 0.291992
vt 0.285400 0.244141
vt 0.285156 0.212402
vt 0.282959 0.180664
vt 0.272217 0.146484
vt 0.272217 0.182129
vt 0.273193 0.212891
vt 0.273193 0.245117
vt 0.276367 0.295410
vt 0.280029 0.332520
vt 0.285156 0.375000
vt 0.289795 0.416504
vt 0.263184 0.146973
vt 0.261719 0.184082
vt 0.261719 0.215332
vt 0.261475 0.249023
vt 0.264893 0.299316
vt 0.268311 0.339355
vt 0.272949 0.385254
vt 0.281494 0.420898
vt 0.292480 0.448730
vt 0.253662 0.145508
vt 0.236572 0.113281
vt 0.243774 0.148438
vt 0.250244 0.183594
vt 0.250488 0.218262
vt 0.249878 0.255371
vt 0.252686 0.302734
vt 0.255615 0.347168
vt 0.234009 0.168457
vt 0.231934 0.225098
vt 0.233887 0.290039
vt 0.234253 0.348145
vt 0.260010 0.400879
vt 0.236450 0.405273
vt 0.255371 0.452148
vt 0.230713 0.448242
vt 0.216431 0.494629
vt 0.249878 0.524902
vt 0.222412 0.566895
vt 0.206299 0.519531
vt 0.207764 0.590332
vt 0.190552 0.542236
vt 0.270996 0.482910
vt 0.271729 0.424805
vt 0.271240 0.451660
vt 0.282715 0.485352
vt 0.273438 0.538574
vt 0.247437 0.603027
vt 0.228027 0.599609
vt 0.224121 0.635010
vt 0.187622 0.606934
vt 0.172485 0.559326
vt 0.164917 0.627686
vt 0.148682 0.565674
vt 0.282959 0.451172
vt 0.294678 0.483398
vt 0.343018 0.441895
vt 0.345215 0.416016
vt 0.326904 0.426758
vt 0.336426 0.379883
vt 0.354736 0.414551
vt 0.354492 0.445312
vt 0.343262 0.472656
vt 0.304443 0.479004
vt 0.301758 0.444824
vt 0.298584 0.414551
vt 0.307617 0.414062
vt 0.366455 0.372070
vt 0.366943 0.325195
vt 0.354004 0.326172
vt 0.353027 0.372070
vt 0.337646 0.326172
vt 0.365479 0.414062
vt 0.312744 0.474121
vt 0.310791 0.441895
vt 0.324219 0.379395
vt 0.322510 0.324219
vt 0.338867 0.273926
vt 0.355469 0.276367
vt 0.367432 0.277344
vt 0.379639 0.276855
vt 0.380371 0.326172
vt 0.381104 0.371582
vt 0.376221 0.415039
vt 0.321289 0.247559
vt 0.386475 0.417480
vt 0.398682 0.378906
vt 0.396240 0.325195
vt 0.394287 0.273438
vt 0.379883 0.219238
vt 0.366699 0.218750
vt 0.353271 0.219727
vt 0.339111 0.222168
vt 0.320801 0.180176
vt 0.426758 0.451660
vt 0.438965 0.426270
vt 0.429932 0.425293
vt 0.438721 0.383301
vt 0.424316 0.384766
vt 0.412354 0.378418
vt 0.411377 0.326172
vt 0.411865 0.242676
vt 0.394043 0.221191
vt 0.408691 0.176758
vt 0.427002 0.334961
vt 0.414307 0.333496
vt 0.413818 0.257812
vt 0.429199 0.235352
vt 0.415527 0.197266
vt 0.428223 0.284180
vt 0.440186 0.336426
vt 0.450439 0.384277
vt 0.417969 0.130859
vt 0.432373 0.154785
vt 0.428223 0.114746
vt 0.429443 0.195801
vt 0.442627 0.234375
vt 0.441650 0.288086
vt 0.451660 0.338867
vt 0.463867 0.341309
vt 0.478760 0.342285
vt 0.493652 0.345215
vt 0.477783 0.293457
vt 0.463623 0.292969
vt 0.495605 0.269531
vt 0.496338 0.205078
vt 0.478516 0.243164
vt 0.455322 0.199219
vt 0.454590 0.234863
vt 0.452393 0.291016
vt 0.450684 0.090820
vt 0.448486 0.120605
vt 0.445068 0.160156
vt 0.443115 0.197266
vt 0.438477 0.115723
vt 0.442139 0.083496
vt 0.432129 0.077637
vt 0.445557 0.057617
vt 0.452393 0.066406
vt 0.494141 0.141113
vt 0.490723 0.085938
vt 0.482178 0.086914
vt 0.469482 0.063477
vt 0.463867 0.054199
vt 0.458252 0.049316
vt 0.452393 0.051758
vt 0.439453 0.045410
vt 0.424072 0.075195
vt 0.449463 0.035156
vt 0.459473 0.032715
vt 0.468262 0.039551
vt 0.476807 0.053711
vt 0.483154 0.043945
vt 0.472412 0.026367
vt 0.460693 0.018066
vt 0.447998 0.020996
vt 0.435303 0.033691
vt 0.654785 0.092285
vt 0.664062 0.082031
vt 0.661133 0.068848
vt 0.672852 0.061035
vt 0.644043 0.234863
vt 0.662109 0.195312
vt 0.646484 0.183594
vt 0.662598 0.174805
vt 0.649902 0.135254
vt 0.663086 0.137207
vt 0.664551 0.104492
vt 0.682129 0.080566
vt 0.672852 0.078125
vt 0.682617 0.102539
vt 0.673828 0.110352
vt 0.684082 0.066895
vt 0.691895 0.086914
vt 0.696289 0.130859
vt 0.683594 0.135254
vt 0.673828 0.137207
vt 0.673828 0.168945
vt 0.673340 0.200684
vt 0.660156 0.234863
vt 0.671387 0.265625
vt 0.683594 0.233398
vt 0.672363 0.233887
vt 0.702148 0.275391
vt 0.683105 0.289062
vt 0.703125 0.321289
vt 0.684570 0.172852
vt 0.699707 0.179688
vt 0.684082 0.193848
vt 0.699219 0.230957
vt 0.659668 0.271484
vt 0.670898 0.296875
vt 0.685059 0.327148
vt 0.689941 0.361816
vt 0.708496 0.360840
vt 0.322754 0.117676
vt 0.333496 0.103516
vt 0.328613 0.065918
vt 0.336670 0.068848
vt 0.343506 0.032715
vt 0.339844 0.019531
vt 0.353271 0.021484
vt 0.351318 0.007812
vt 0.363281 0.018066
vt 0.363281 0.003906
vt 0.375000 0.008789
vt 0.385742 0.022461
vt 0.382324 0.034180
vt 0.397705 0.066406
vt 0.372559 0.023438
vt 0.363525 0.033691
vt 0.356445 0.037598
vt 0.348633 0.043945
vt 0.345215 0.073730
vt 0.342773 0.104004
vt 0.339111 0.143555
vt 0.339600 0.182129
vt 0.382324 0.073730
vt 0.378418 0.045898
vt 0.370605 0.055176
vt 0.370361 0.038574
vt 0.390381 0.069336
vt 0.385742 0.103027
vt 0.373047 0.081543
vt 0.363525 0.062012
vt 0.356445 0.054199
vt 0.354980 0.081543
vt 0.354004 0.108887
vt 0.352539 0.147949
vt 0.394287 0.102539
vt 0.404297 0.116211
vt 0.352539 0.182617
vt 0.365723 0.183105
vt 0.378662 0.181641
vt 0.391113 0.179199
vt 0.389404 0.140625
vt 0.364014 0.086914
vt 0.364502 0.111816
vt 0.364990 0.149414
vt 0.376709 0.146973
vt 0.374756 0.108398
vt 0.720215 0.148438
vt 0.735352 0.141602
vt 0.722168 0.100586
vt 0.735840 0.102539
vt 0.737793 0.062500
vt 0.728027 0.050781
vt 0.758789 0.034180
vt 0.757812 0.044434
vt 0.768066 0.049805
vt 0.747559 0.042480
vt 0.757812 0.063477
vt 0.747559 0.027832
vt 0.736816 0.033203
vt 0.737793 0.043457
vt 0.747559 0.069824
vt 0.733887 0.201172
vt 0.732910 0.239746
vt 0.746094 0.237793
vt 0.778320 0.248535
vt 0.759766 0.264160
vt 0.778809 0.305664
vt 0.761719 0.313965
vt 0.747070 0.271484
vt 0.733398 0.313965
vt 0.748047 0.317383
vt 0.733887 0.262695
vt 0.717285 0.198730
vt 0.714844 0.246094
vt 0.712402 0.304199
vt 0.731445 0.364746
vt 0.749023 0.365234
vt 0.762695 0.364258
vt 0.763672 0.389160
vt 0.747559 0.421387
vt 0.713379 0.425293
vt 0.715820 0.496094
vt 0.731934 0.389648
vt 0.658691 0.291016
vt 0.642090 0.279785
vt 0.642090 0.333984
vt 0.658691 0.333496
vt 0.692871 0.388672
vt 0.659180 0.375000
vt 0.662109 0.400879
vt 0.673828 0.367676
vt 0.678711 0.422363
vt 0.682617 0.501709
vt 0.649414 0.505127
vt 0.588379 0.679688
vt 0.622559 0.664551
vt 0.587891 0.635498
vt 0.622559 0.612305
vt 0.587891 0.569092
vt 0.620605 0.567383
vt 0.624023 0.720215
vt 0.589355 0.719238
vt 0.624512 0.771606
vt 0.590820 0.771484
vt 0.625000 0.820068
vt 0.591309 0.820068
vt 0.624512 0.871826
vt 0.591309 0.871582
vt 0.591309 0.918396
vt 0.624512 0.918701
vt 0.591309 0.965210
vt 0.623535 0.965454
vt 0.657715 0.918762
vt 0.658203 0.965454
vt 0.691406 0.918762
vt 0.691406 0.965424
vt 0.730469 0.918884
vt 0.729980 0.965515
vt 0.774414 0.917114
vt 0.774414 0.965332
vt 0.807617 0.918274
vt 0.656250 0.718750
vt 0.656738 0.770874
vt 0.657227 0.820068
vt 0.657715 0.872070
vt 0.691406 0.872192
vt 0.730957 0.872437
vt 0.774902 0.870728
vt 0.808594 0.873535
vt 0.809570 0.823608
vt 0.774414 0.818604
vt 0.730469 0.818970
vt 0.691406 0.820068
vt 0.690918 0.769897
vt 0.689941 0.718018
vt 0.729492 0.769409
vt 0.812012 0.778809
vt 0.839355 0.787842
vt 0.837402 0.827515
vt 0.836914 0.874268
vt 0.839355 0.919495
vt 0.844727 0.751709
vt 0.028717 0.323730
vt 0.043396 0.338867
vt 0.040985 0.324219
vt 0.024338 0.284180
vt 0.010994 0.282715
vt 0.018906 0.249023
vt 0.035400 0.246094
vt 0.023865 0.218750
vt 0.037842 0.219238
vt 0.035126 0.187500
vt 0.048065 0.186523
vt 0.045654 0.164062
vt 0.059418 0.163574
vt 0.070679 0.123535
vt 0.081238 0.127441
vt 0.090271 0.081543
vt 0.101501 0.083984
vt 0.101135 0.050293
vt 0.109802 0.051758
vt 0.109619 0.010742
vt 0.103455 0.007324
vt 0.093323 0.049805
vt 0.079956 0.079590
vt 0.061066 0.120605
vt 0.033051 0.165039
vt 0.023407 0.188965
vt 0.011177 0.218750
vt 0.003740 0.251465
vt 0.098083 0.005859
vt 0.418945 0.146484
vt 0.419922 0.130859
vt 0.394287 0.132812
vt 0.421631 0.131348
vt 0.422852 0.117676
vt 0.424561 0.118164
vt 0.426025 0.104980
vt 0.427490 0.105469
vt 0.428955 0.091797
vt 0.430664 0.091797
vt 0.432373 0.078125
vt 0.433838 0.078613
vt 0.436523 0.067383
vt 0.405273 0.066406
vt 0.403320 0.079590
vt 0.370605 0.083496
vt 0.400146 0.093262
vt 0.367188 0.111328
vt 0.398193 0.107422
vt 0.395508 0.119141
vt 0.365234 0.136230
vt 0.450195 0.284668
vt 0.453125 0.295410
vt 0.454346 0.294922
vt 0.458740 0.305176
vt 0.457520 0.306152
vt 0.462158 0.317871
vt 0.463379 0.317383
vt 0.468506 0.330078
vt 0.467041 0.331055
vt 0.463867 0.331055
vt 0.445557 0.272949
vt 0.448975 0.285156
vt 0.451416 0.296387
vt 0.455322 0.308594
vt 0.459229 0.319336
vt 0.458008 0.319824
vt 0.462891 0.331543
vt 0.424805 0.323242
vt 0.428223 0.335938
vt 0.391602 0.340332
vt 0.384033 0.315430
vt 0.421631 0.311523
vt 0.419189 0.298828
vt 0.449951 0.296875
vt 0.445557 0.285156
vt 0.447021 0.284668
vt 0.444336 0.273438
vt 0.441650 0.261719
vt 0.454102 0.309082
vt 0.114258 0.929199
vt 0.105774 0.889771
vt 0.099609 0.929199
vt 0.101440 0.889832
vt 0.085205 0.925781
vt 0.099121 0.889648
vt 0.067810 0.917725
vt 0.068970 0.915527
vt 0.063354 0.909851
vt 0.057587 0.896545
vt 0.062500 0.884705
vt 0.098450 0.889221
vt 0.099121 0.888916
vt 0.069275 0.874756
vt 0.075073 0.867065
vt 0.082642 0.861938
vt 0.101624 0.888367
vt 0.094849 0.856934
vt 0.104919 0.887207
vt 0.107483 0.856567
vt 0.107727 0.886780
vt 0.118774 0.857056
vt 0.110962 0.886597
vt 0.129761 0.860474
vt 0.113403 0.886719
vt 0.140991 0.865601
vt 0.115662 0.886902
vt 0.151611 0.874023
vt 0.116943 0.887512
vt 0.160156 0.885010
vt 0.117371 0.888245
vt 0.165161 0.897339
vt 0.155273 0.910156
vt 0.115417 0.888672
vt 0.112793 0.889587
vt 0.142456 0.920898
vt 0.128418 0.926758
vt 0.109375 0.890137
vt 0.166992 0.887146
vt 0.164551 0.881287
vt 0.162476 0.881775
vt 0.169067 0.887390
vt 0.169800 0.886780
vt 0.172729 0.893372
vt 0.171997 0.893860
vt 0.170044 0.894531
vt 0.166138 0.887634
vt 0.161743 0.882324
vt 0.157349 0.876526
vt 0.169067 0.894958
vt 0.171997 0.902161
vt 0.151367 0.870850
vt 0.152100 0.869995
vt 0.158081 0.875854
vt 0.160034 0.875000
vt 0.165283 0.880554
vt 0.174194 0.883301
vt 0.177979 0.891357
vt 0.175537 0.899963
vt 0.174561 0.900330
vt 0.172852 0.901794
vt 0.175049 0.908630
vt 0.174072 0.908813
vt 0.176514 0.908386
vt 0.177612 0.908081
vt 0.181396 0.899292
vt 0.183105 0.906799
vt 0.036987 0.887390
vt 0.036987 0.875977
vt 0.030273 0.884644
vt 0.053986 0.861450
vt 0.057159 0.867065
vt 0.061798 0.856689
vt 0.045685 0.868530
vt 0.049469 0.872559
vt 0.042389 0.879150
vt 0.043335 0.879944
vt 0.038177 0.888000
vt 0.044250 0.881531
vt 0.039215 0.889709
vt 0.033905 0.897766
vt 0.032501 0.897278
vt 0.025452 0.895691
vt 0.033630 0.908813
vt 0.036224 0.899902
vt 0.032410 0.908630
vt 0.035034 0.899353
vt 0.030319 0.908203
vt 0.040314 0.890381
vt 0.021866 0.904968
vt 0.028900 0.907715
vt 0.045319 0.882263
vt 0.051849 0.874878
vt 0.050293 0.873535
vt 0.061005 0.870605
vt 0.067993 0.866211
vt 0.067322 0.865356
vt 0.074829 0.861450
vt 0.075317 0.862549
vt 0.083618 0.858887
vt 0.083252 0.857788
vt 0.092407 0.855835
vt 0.052887 0.875671
vt 0.060181 0.869873
vt 0.066040 0.863403
vt 0.074463 0.858887
vt 0.082275 0.855469
vt 0.057831 0.868164
vt 0.065491 0.862183
vt 0.074036 0.857788
vt 0.081970 0.854370
vt 0.090393 0.852783
vt 0.092163 0.854614
vt 0.101440 0.853394
vt 0.069763 0.852051
vt 0.079224 0.847778
vt 0.090332 0.851440
vt 0.100708 0.850464
vt 0.101379 0.852173
vt 0.110168 0.853149
vt 0.110229 0.852051
vt 0.119934 0.853027
vt 0.110596 0.849976
vt 0.100769 0.849121
vt 0.089783 0.843872
vt 0.110840 0.848755
vt 0.110657 0.841064
vt 0.100403 0.841187
vt 0.121948 0.842407
vt 0.119812 0.854370
vt 0.129639 0.856689
vt 0.129761 0.855469
vt 0.120483 0.851196
vt 0.130493 0.853760
vt 0.120789 0.849854
vt 0.130859 0.852539
vt 0.133667 0.845825
vt 0.139038 0.856934
vt 0.138550 0.858032
vt 0.137695 0.859985
vt 0.137329 0.861084
vt 0.145020 0.864990
vt 0.144409 0.865967
vt 0.153442 0.868652
vt 0.160767 0.874146
vt 0.170288 0.876465
vt 0.145874 0.862915
vt 0.146362 0.861938
vt 0.143188 0.850464
vt 0.165649 0.869751
vt 0.154053 0.867554
vt 0.151123 0.856323
vt 0.158813 0.862427
vt 0.054688 0.981537
vt 0.062988 0.985909
vt 0.078735 0.926453
vt 0.084900 0.993073
vt 0.095703 0.995544
vt 0.103333 0.931763
vt 0.105347 0.996304
vt 0.112122 0.932007
vt 0.116028 0.996120
vt 0.130981 0.278320
vt 0.165039 0.276855
vt 0.158203 0.248047
vt 0.139771 0.307129
vt 0.171753 0.300781
vt 0.221802 0.292969
vt 0.225708 0.277832
vt 0.217529 0.277344
vt 0.202393 0.296875
vt 0.197510 0.277344
vt 0.190796 0.252441
vt 0.176270 0.224609
vt 0.148804 0.219727
vt 0.171265 0.189453
vt 0.146118 0.187012
vt 0.172729 0.165039
vt 0.148438 0.164551
vt 0.157227 0.132324
vt 0.135132 0.130859
vt 0.145630 0.088867
vt 0.133545 0.087402
vt 0.120483 0.130371
vt 0.124695 0.245117
vt 0.106873 0.280762
vt 0.100769 0.245605
vt 0.120361 0.216797
vt 0.099243 0.217773
vt 0.120972 0.200195
vt 0.102783 0.185547
vt 0.121521 0.185547
vt 0.109009 0.162598
vt 0.125977 0.163086
vt 0.082703 0.283203
vt 0.121521 0.086426
vt 0.105774 0.129883
vt 0.092102 0.162109
vt 0.084045 0.186035
vt 0.078125 0.218262
vt 0.076904 0.246582
vt 0.060822 0.284180
vt 0.072754 0.318848
vt 0.091064 0.313965
vt 0.115417 0.310547
vt 0.140869 0.056641
vt 0.129639 0.055664
vt 0.119751 0.053711
vt 0.111511 0.084961
vt 0.093506 0.128418
vt 0.075745 0.162598
vt 0.066040 0.186035
vt 0.057983 0.218750
vt 0.056152 0.246582
vt 0.038971 0.284668
vt 0.054474 0.323730
vt 0.119385 0.014160
vt 0.129150 0.017578
vt 0.181274 0.379883
vt 0.192017 0.342773
vt 0.165527 0.351074
vt 0.170532 0.384766
vt 0.149292 0.356445
vt 0.159790 0.390137
vt 0.133057 0.361816
vt 0.150391 0.393066
vt 0.122009 0.366211
vt 0.141113 0.396484
vt 0.110901 0.371094
vt 0.135010 0.398438
vt 0.100952 0.372559
vt 0.129395 0.399414
vt 0.091797 0.373047
vt 0.071228 0.354004
vt 0.063965 0.357910
vt 0.048370 0.331543
vt 0.079407 0.348633
vt 0.095764 0.343750
vt 0.112122 0.338379
vt 0.132324 0.333008
vt 0.152466 0.327637
vt 0.181030 0.320801
vt 0.208740 0.315430
vt 0.217163 0.335449
vt 0.226562 0.307617
vt 0.229370 0.292969
vt 0.234375 0.276855
vt 0.229370 0.260742
vt 0.244873 0.257324
vt 0.225586 0.235352
vt 0.242920 0.233398
vt 0.239624 0.213379
vt 0.258301 0.230469
vt 0.260010 0.208984
vt 0.283936 0.209961
vt 0.258545 0.187500
vt 0.280518 0.184570
vt 0.277588 0.163574
vt 0.299316 0.159668
vt 0.297852 0.136719
vt 0.332275 0.138184
vt 0.332275 0.113281
vt 0.297363 0.109863
vt 0.274170 0.140625
vt 0.274658 0.109863
vt 0.303223 0.204102
vt 0.309082 0.227051
vt 0.300049 0.180176
vt 0.333252 0.163086
vt 0.334229 0.084473
vt 0.371338 0.058594
vt 0.407471 0.054688
vt 0.440186 0.056152
vt 0.437744 0.067871
vt 0.298584 0.050781
vt 0.298584 0.079590
vt 0.333252 0.055664
vt 0.154663 0.021973
vt 0.171143 0.057617
vt 0.178833 0.021973
vt 0.190063 0.056641
vt 0.202271 0.020508
vt 0.205566 0.058105
vt 0.217163 0.028320
vt 0.226074 0.033203
vt 0.218262 0.061523
vt 0.246216 0.038086
vt 0.242798 0.066895
vt 0.262695 0.044434
vt 0.261230 0.072754
vt 0.281982 0.045410
vt 0.281738 0.075684
vt 0.250977 0.105469
vt 0.230225 0.099609
vt 0.212646 0.093262
vt 0.197266 0.090332
vt 0.181885 0.088867
vt 0.246338 0.142090
vt 0.225952 0.139160
vt 0.208496 0.135742
vt 0.197144 0.133301
vt 0.180176 0.132324
vt 0.163696 0.089355
vt 0.152100 0.057129
vt 0.141968 0.019531
vt 0.253418 0.165527
vt 0.231689 0.168457
vt 0.215088 0.172852
vt 0.196899 0.169434
vt 0.200928 0.193848
vt 0.218140 0.193848
vt 0.235596 0.190918
vt 0.207031 0.218262
vt 0.215698 0.264160
vt 0.221802 0.263672
vt 0.212402 0.242188
vt 0.221558 0.215820
vt 0.425293 0.188965
vt 0.423340 0.175293
vt 0.421143 0.176270
vt 0.422852 0.190918
vt 0.428223 0.202148
vt 0.425293 0.202637
vt 0.427979 0.214355
vt 0.426514 0.214355
vt 0.429443 0.227051
vt 0.406494 0.229492
vt 0.431885 0.239746
vt 0.407715 0.241699
vt 0.409668 0.252930
vt 0.371826 0.246582
vt 0.375000 0.270508
vt 0.337158 0.251953
vt 0.338379 0.274902
vt 0.305176 0.256348
vt 0.305176 0.280273
vt 0.285400 0.263672
vt 0.423096 0.147461
vt 0.423828 0.131836
vt 0.420654 0.146484
vt 0.419922 0.161621
vt 0.418213 0.161133
vt 0.419434 0.176270
vt 0.421387 0.190918
vt 0.424072 0.203125
vt 0.405273 0.217285
vt 0.372803 0.220703
vt 0.339844 0.224121
vt 0.332520 0.202637
vt 0.397461 0.177734
vt 0.399414 0.191895
vt 0.402832 0.205078
vt 0.370117 0.195801
vt 0.333740 0.181152
vt 0.365967 0.164062
vt 0.394775 0.147461
vt 0.395752 0.162598
vt 0.366455 0.178711
vt 0.427246 0.118652
vt 0.430420 0.105469
vt 0.432861 0.092773
vt 0.436035 0.080566
vt 0.441650 0.056641
vt 0.442871 0.059570
vt 0.439697 0.070312
vt 0.443848 0.060547
vt 0.440918 0.070801
vt 0.437256 0.081055
vt 0.434326 0.093262
vt 0.431885 0.105957
vt 0.428711 0.118652
vt 0.425537 0.131836
vt 0.424805 0.146973
vt 0.424316 0.162109
vt 0.422607 0.162109
vt 0.440186 0.262695
vt 0.442139 0.272949
vt 0.437744 0.250000
vt 0.438965 0.249023
vt 0.436035 0.237305
vt 0.437256 0.236328
vt 0.433594 0.226074
vt 0.434814 0.225586
vt 0.431152 0.214355
vt 0.432373 0.214355
vt 0.429688 0.201660
vt 0.427002 0.188477
vt 0.424805 0.175293
vt 0.433350 0.239258
vt 0.430908 0.226562
vt 0.434326 0.251465
vt 0.411865 0.264648
vt 0.437012 0.262695
vt 0.414062 0.275879
vt 0.438232 0.262207
vt 0.435791 0.250977
vt 0.440918 0.273926
vt 0.416504 0.287109
vt 0.379395 0.292480
vt 0.311523 0.318359
vt 0.342041 0.295410
vt 0.307861 0.297363
vt 0.286377 0.320801
vt 0.286377 0.301270
vt 0.281006 0.308105
vt 0.269531 0.313477
vt 0.276611 0.298828
vt 0.288330 0.284180
vt 0.345703 0.318359
vt 0.353760 0.344727
vt 0.260986 0.333496
vt 0.257324 0.315430
vt 0.243286 0.321289
vt 0.275879 0.330566
vt 0.300781 0.348145
vt 0.319092 0.347168
vt 0.235840 0.358887
vt 0.245117 0.358887
vt 0.244629 0.338379
vt 0.265381 0.354980
vt 0.282715 0.353027
vt 0.219971 0.359375
vt 0.234375 0.337891
vt 0.238892 0.321777
vt 0.240479 0.305664
vt 0.251221 0.299316
vt 0.265381 0.297852
vt 0.276611 0.284180
vt 0.274170 0.269531
vt 0.263672 0.284180
vt 0.250244 0.287109
vt 0.237915 0.291992
vt 0.233032 0.306641
vt 0.231567 0.322266
vt 0.200928 0.369629
vt 0.287109 0.238281
vt 0.272461 0.254395
vt 0.260986 0.253418
vt 0.247681 0.274902
vt 0.262207 0.271973
vt 0.674316 0.853149
vt 0.654785 0.852783
vt 0.675781 0.826660
vt 0.654297 0.824585
vt 0.688965 0.799683
vt 0.311768 0.939117
vt 0.322998 0.909790
vt 0.320801 0.941895
vt 0.330322 0.911804
vt 0.331299 0.885193
vt 0.337646 0.886292
vt 0.335449 0.835938
vt 0.702637 0.973389
vt 0.691406 0.941498
vt 0.708984 0.966980
vt 0.684570 0.943115
vt 0.671387 0.921326
vt 0.682617 0.913513
vt 0.657715 0.880981
vt 0.674805 0.873169
s 1
g off
g brazo_der_Material.002
usemtl Material.002
f 618/1/1 615/2/2 616/3/3
f 618/1/1 616/3/3 900/4/4
f 616/3/3 617/5/5 900/4/4
f 900/4/4 617/5/5 899/6/6
f 899/6/6 617/5/5 266/7/7
f 898/8/8 899/6/6 266/7/7
f 268/9/9 898/8/8 266/7/7
f 898/8/8 268/9/9 901/10/10
f 901/10/10 268/9/9 269/11/11
f 901/10/10 269/11/11 275/12/12
f 902/13/13 901/10/10 275/12/12
f 289/14/14 902/13/13 275/12/12
f 903/15/15 902/13/13 289/14/14
f 903/15/15 289/14/14 291/16/16
f 904/17/17 903/15/15 291/16/16
f 904/17/17 291/16/16 286/18/18
f 303/19/19 904/17/17 286/18/18
f 293/20/20 303/19/19 286/18/18
f 626/21/21 904/17/17 303/19/19
f 626/21/21 620/22/22 904/17/17
f 904/17/17 620/22/22 619/23/23
f 904/17/17 619/23/23 903/15/15
f 619/23/23 618/1/1 903/15/15
f 903/15/15 618/1/1 902/13/13
f 902/13/13 618/1/1 900/4/4
f 902/13/13 900/4/4 901/10/10
f 900/4/4 898/8/8 901/10/10
f 900/4/4 899/6/6 898/8/8
f 713/24/24 706/25/25 897/26/26
f 896/27/27 713/24/24 897/26/26
f 715/28/28 713/24/24 896/27/27
f 715/28/28 896/27/27 895/29/29
f 717/30/30 715/28/28 895/29/29
f 717/30/30 895/29/29 893/31/31
f 707/32/32 717/30/30 893/31/31
f 707/32/32 893/31/31 696/33/33
f 893/31/31 894/34/34 696/33/33
f 696/33/33 894/34/34 697/35/35
f 697/35/35 894/34/34 698/36/36
f 894/34/34 897/26/26 698/36/36
f 897/26/26 699/37/37 698/36/36
f 706/25/25 699/37/37 897/26/26
f 894/34/34 896/27/27 897/26/26
f 895/29/29 896/27/27 894/34/34
f 895/29/29 894/34/34 893/31/31
s 2
f 882/38/38 892/39/39 874/40/40
f 892/39/39 872/41/41 874/40/40
f 892/39/39 891/42/42 872/41/41
f 891/42/42 881/43/43 872/41/41
f 891/42/42 890/44/44 881/43/43
f 890/44/44 889/45/45 881/43/43
f 889/45/45 871/46/46 881/43/43
f 889/45/45 888/47/47 871/46/46
f 888/47/47 870/48/48 871/46/46
f 888/47/47 887/49/49 870/48/48
f 887/49/49 869/50/50 870/48/48
f 887/49/49 886/51/51 869/50/50
f 886/51/51 880/52/52 869/50/50
f 886/51/51 867/53/53 880/52/52
f 880/52/52 867/53/53 879/54/54
f 867/53/53 865/55/55 879/54/54
f 879/54/54 865/55/55 876/56/56
f 876/56/56 865/55/55 866/57/57
f 802/58/58 885/59/59 801/60/60
f 885/59/59 878/61/61 801/60/60
f 885/59/59 884/62/62 878/61/61
f 884/62/62 877/63/63 878/61/61
f 884/62/62 883/64/64 877/63/63
f 883/64/64 875/65/65 877/63/63
f 883/64/64 882/38/38 875/65/65
f 882/38/38 874/40/40 875/65/65
f 881/43/43 871/46/46 872/41/41
f 868/66/66 869/50/50 873/67/67
f 869/50/50 880/52/52 873/67/67
f 873/67/67 879/54/54 876/56/56
f 862/68/68 798/69/69 799/70/70
f 862/68/68 799/70/70 861/71/71
f 800/72/72 861/71/71 799/70/70
f 864/73/73 861/71/71 800/72/72
f 801/60/60 864/73/73 800/72/72
f 801/60/60 878/61/61 864/73/73
f 878/61/61 866/57/57 864/73/73
f 878/61/61 877/63/63 866/57/57
f 877/63/63 876/56/56 866/57/57
f 877/63/63 875/65/65 876/56/56
f 875/65/65 873/67/67 876/56/56
f 875/65/65 874/40/40 873/67/67
f 874/40/40 872/41/41 873/67/67
f 872/41/41 868/66/66 873/67/67
f 872/41/41 871/46/46 868/66/66
f 871/46/46 870/48/48 868/66/66
f 870/48/48 869/50/50 868/66/66
f 867/53/53 863/74/74 865/55/55
f 863/74/74 861/71/71 865/55/55
f 865/55/55 861/71/71 864/73/73
f 866/57/57 865/55/55 864/73/73
f 863/74/74 862/68/68 861/71/71
s 3
f 856/75/75 857/76/76 860/77/77
f 860/77/77 857/76/76 858/78/78
s 2
f 850/79/79 859/80/80 851/81/81
f 859/80/80 852/82/82 851/81/81
s 3
f 853/83/83 857/76/76 856/75/75
f 854/84/84 853/83/83 856/75/75
f 855/85/85 854/84/84 856/75/75
f 844/86/86 854/84/84 855/85/85
s 2
f 851/81/81 852/82/82 839/87/87
f 838/88/88 851/81/81 839/87/87
f 838/88/88 850/79/79 851/81/81
f 850/79/79 838/88/88 837/89/89
f 849/90/90 850/79/79 837/89/89
f 849/90/90 837/89/89 836/91/91
f 848/92/92 849/90/90 836/91/91
f 848/92/92 836/91/91 835/93/93
f 847/94/94 848/92/92 835/93/93
f 847/94/94 835/93/93 821/95/95
f 846/96/96 847/94/94 821/95/95
f 846/96/96 821/95/95 819/97/97
f 813/98/98 846/96/96 819/97/97
f 813/98/98 819/97/97 812/99/99
f 840/100/100 839/87/87 845/101/101
s 4
f 841/102/102 842/103/103 843/104/104
s 2
f 822/105/105 840/100/100 841/102/106
f 822/105/105 825/106/107 840/100/100
f 840/100/100 825/106/107 839/87/87
f 825/106/107 826/107/108 839/87/87
f 826/107/108 838/88/88 839/87/87
f 827/108/109 838/88/88 826/107/108
f 837/89/89 838/88/88 827/108/109
f 827/108/109 829/109/110 837/89/89
f 837/89/89 829/109/110 836/91/91
f 836/91/91 829/109/110 835/93/93
f 829/109/110 831/110/111 835/93/93
f 835/93/93 831/110/111 821/95/95
f 831/110/111 820/111/112 821/95/95
f 824/112/113 828/113/114 823/114/115
f 834/115/116 828/113/114 824/112/113
f 834/115/116 830/116/117 828/113/114
f 94/117/118 830/116/117 834/115/116
f 94/117/118 832/118/119 830/116/117
f 833/119/120 832/118/119 94/117/118
f 93/120/121 833/119/120 94/117/118
f 93/120/121 817/121/122 833/119/120
f 833/119/120 817/121/122 818/122/123
f 833/119/120 818/122/123 820/111/112
f 832/118/119 833/119/120 820/111/112
f 832/118/119 820/111/112 831/110/111
f 830/116/117 832/118/119 831/110/111
f 830/116/117 831/110/111 829/109/110
f 828/113/114 830/116/117 829/109/110
f 828/113/114 829/109/110 827/108/109
f 823/114/115 828/113/114 827/108/109
f 823/114/115 827/108/109 826/107/108
f 825/106/107 823/114/115 826/107/108
f 822/105/105 823/114/115 825/106/107
f 824/112/113 823/114/115 822/105/105
f 821/95/95 820/111/112 819/97/97
f 820/111/112 818/122/123 819/97/97
f 819/97/97 818/122/123 812/99/99
f 818/122/123 814/123/124 812/99/99
f 817/121/122 814/123/124 818/122/123
f 817/121/122 815/124/125 814/123/124
f 93/120/121 815/124/125 817/121/122
f 816/125/126 815/124/125 93/120/121
f 68/126/127 816/125/126 93/120/121
f 68/126/127 807/127/128 816/125/126
f 68/126/127 67/128/129 807/127/128
f 67/128/129 806/129/130 807/127/128
f 66/130/131 806/129/130 67/128/129
f 805/131/132 806/129/130 66/130/131
f 65/132/133 805/131/132 66/130/131
f 65/132/133 804/133/134 805/131/132
f 54/134/135 804/133/134 65/132/133
f 52/135/136 804/133/134 54/134/135
f 807/127/128 808/136/137 816/125/126
f 816/125/126 808/136/137 815/124/125
f 815/124/125 808/136/137 809/137/138
f 815/124/125 809/137/138 814/123/124
f 814/123/124 809/137/138 810/138/139
f 812/99/99 814/123/124 810/138/139
f 811/139/140 813/98/98 812/99/99
f 811/139/140 812/99/99 810/138/139
f 796/140/141 811/139/140 810/138/139
f 796/140/141 810/138/139 795/141/142
f 810/138/139 809/137/138 795/141/142
f 809/137/138 793/142/143 795/141/142
f 808/136/137 793/142/143 809/137/138
f 808/136/137 782/143/144 793/142/143
f 807/127/128 782/143/144 808/136/137
f 783/144/145 782/143/144 807/127/128
f 806/129/130 783/144/145 807/127/128
f 806/129/130 784/145/146 783/144/145
f 805/131/132 784/145/146 806/129/130
f 786/146/147 784/145/146 805/131/132
f 804/133/134 786/146/147 805/131/132
f 804/133/134 17/147/148 786/146/147
f 52/135/136 17/147/148 804/133/134
f 19/148/149 17/147/148 52/135/136
f 17/147/148 15/149/150 786/146/147
f 15/149/150 785/150/151 786/146/147
f 15/149/150 6/151/152 785/150/151
f 785/150/151 6/151/152 787/152/153
f 6/151/152 4/153/154 787/152/153
f 4/153/154 788/154/155 787/152/153
f 4/153/154 5/155/156 788/154/155
f 5/155/156 803/156/157 788/154/155
f 788/154/155 803/156/157 789/157/158
f 803/156/157 802/58/58 789/157/158
f 789/157/158 802/58/58 790/158/159
f 790/158/159 802/58/58 801/60/60
f 790/158/159 801/60/60 791/159/160
f 791/159/160 801/60/60 800/72/72
f 792/160/161 791/159/160 800/72/72
f 799/70/70 792/160/161 800/72/72
f 794/161/162 792/160/161 799/70/70
f 798/69/69 794/161/162 799/70/70
f 798/69/69 797/162/163 794/161/162
f 797/162/163 795/141/142 794/161/162
f 797/162/163 796/140/141 795/141/142
f 795/141/142 793/142/143 794/161/162
f 793/142/143 792/160/161 794/161/162
f 782/143/144 792/160/161 793/142/143
f 782/143/144 780/163/164 792/160/161
f 780/163/164 791/159/160 792/160/161
f 781/164/165 791/159/160 780/163/164
f 781/164/165 790/158/159 791/159/160
f 789/157/158 790/158/159 781/164/165
f 789/157/158 781/164/165 783/144/145
f 788/154/155 789/157/158 783/144/145
f 787/152/153 788/154/155 783/144/145
f 784/145/146 787/152/153 783/144/145
f 784/145/146 785/150/151 787/152/153
f 786/146/147 785/150/151 784/145/146
f 783/144/145 781/164/165 782/143/144
f 782/143/144 781/164/165 780/163/164
s 1
f 685/165/166 687/166/167 774/167/168
f 685/165/166 774/167/168 775/168/169
f 684/169/170 685/165/166 775/168/169
f 776/170/171 684/169/170 775/168/169
f 776/170/171 683/171/172 684/169/170
f 777/172/173 683/171/172 776/170/171
f 777/172/173 778/173/174 683/171/172
f 683/171/172 778/173/174 682/174/175
f 778/173/174 779/175/176 682/174/175
f 347/176/177 682/174/175 779/175/176
f 347/176/177 345/177/178 682/174/175
f 349/178/179 347/176/177 649/179/180
f 649/179/180 347/176/177 779/175/176
f 648/180/181 649/179/180 779/175/176
f 648/180/181 779/175/176 647/181/182
f 647/181/182 779/175/176 644/182/183
f 644/182/183 779/175/176 778/173/174
f 644/182/183 778/173/174 766/183/184
f 766/183/184 778/173/174 777/172/173
f 768/184/185 766/183/184 777/172/173
f 768/184/185 777/172/173 776/170/171
f 768/184/185 776/170/171 769/185/186
f 776/170/171 775/168/169 769/185/186
f 769/185/186 775/168/169 773/186/187
f 775/168/169 774/167/168 773/186/187
f 774/167/168 772/187/188 773/186/187
f 774/167/168 687/166/167 772/187/188
f 646/188/189 644/182/183 766/183/184
f 651/189/190 646/188/189 766/183/184
f 767/190/191 651/189/190 766/183/184
f 656/191/192 653/192/193 770/193/194
f 658/194/195 656/191/192 770/193/194
f 658/194/195 770/193/194 769/185/186
f 660/195/196 773/186/187 662/196/197
f 773/186/187 772/187/188 662/196/197
f 662/196/197 772/187/188 664/197/198
f 772/187/188 689/198/199 664/197/198
f 689/198/199 672/199/200 664/197/198
f 771/200/201 767/190/191 770/193/194
f 770/193/194 767/190/191 768/184/185
f 770/193/194 768/184/185 769/185/186
f 768/184/185 767/190/191 766/183/184
f 595/201/202 761/202/203 765/203/204
f 761/202/203 762/204/205 765/203/204
f 762/204/205 763/205/206 765/203/204
f 763/205/206 764/206/207 765/203/204
f 592/207/208 595/201/202 765/203/204
f 592/207/208 765/203/204 585/208/209
f 765/203/204 764/206/207 585/208/209
f 764/206/207 583/209/210 585/208/209
f 764/206/207 581/210/211 583/209/210
f 763/205/206 581/210/211 764/206/207
f 579/211/212 581/210/211 763/205/206
f 578/212/213 579/211/212 763/205/206
f 762/204/205 578/212/213 763/205/206
f 576/213/214 578/212/213 762/204/205
f 576/213/214 762/204/205 761/202/203
f 577/214/215 576/213/214 761/202/203
f 760/215/216 577/214/215 761/202/203
f 760/215/216 761/202/203 595/201/202
f 759/216/217 760/215/216 595/201/202
f 596/217/218 759/216/217 595/201/202
f 596/217/218 758/218/219 759/216/217
f 597/219/220 758/218/219 596/217/218
f 571/220/221 570/221/222 577/214/215
f 571/220/221 577/214/215 746/222/223
f 746/222/223 577/214/215 760/215/216
f 746/222/223 760/215/216 748/223/224
f 748/223/224 760/215/216 759/216/217
f 751/224/225 748/223/224 759/216/217
f 740/225/226 751/224/225 759/216/217
f 758/218/219 740/225/226 759/216/217
f 739/226/227 740/225/226 758/218/219
f 739/226/227 758/218/219 597/219/220
f 744/227/228 739/226/227 597/219/220
f 598/228/229 744/227/228 597/219/220
f 757/229/230 756/230/231 738/231/232
f 756/230/231 755/232/233 738/231/232
f 738/231/232 755/232/233 742/233/234
f 742/233/234 755/232/233 754/234/235
f 742/233/234 754/234/235 741/235/236
f 754/234/235 753/236/237 741/235/236
f 753/236/237 740/225/226 741/235/236
f 753/236/237 752/237/238 740/225/226
f 740/225/226 752/237/238 751/224/225
f 752/237/238 750/238/239 751/224/225
f 751/224/225 750/238/239 748/223/224
f 750/238/239 749/239/240 748/223/224
f 749/239/240 747/240/241 748/223/224
f 747/240/241 746/222/223 748/223/224
f 747/240/241 745/241/242 746/222/223
f 745/241/242 571/220/221 746/222/223
f 745/241/242 572/242/243 571/220/221
f 738/231/232 742/233/234 737/243/244
f 744/227/228 743/244/245 739/226/227
f 737/243/244 742/233/234 743/244/245
f 743/244/245 742/233/234 739/226/227
f 742/233/234 741/235/236 739/226/227
f 741/235/236 740/225/226 739/226/227
f 734/245/246 736/246/247 735/247/248
f 234/248/249 736/246/247 734/245/246
f 234/248/249 232/249/250 736/246/247
f 232/249/250 231/250/251 736/246/247
f 736/246/247 231/250/251 735/247/248
f 231/250/251 230/251/252 735/247/248
f 735/247/248 230/251/252 229/252/253
f 256/253/254 735/247/248 229/252/253
f 256/253/254 734/245/246 735/247/248
f 255/254/255 734/245/246 256/253/254
f 254/255/256 734/245/246 255/254/255
f 258/256/257 734/245/246 254/255/256
f 258/256/257 234/248/249 734/245/246
f 234/248/249 258/256/257 257/257/258
f 245/258/259 234/248/249 257/257/258
f 245/258/259 257/257/258 247/259/260
f 729/260/261 730/261/262 733/262/263
f 733/262/263 730/261/262 732/263/264
f 732/263/264 730/261/262 731/264/265
f 732/263/264 731/264/265 720/265/266
f 720/265/266 731/264/265 721/266/267
f 721/266/267 731/264/265 722/267/268
f 731/264/265 723/268/269 722/267/268
f 731/264/265 730/261/262 723/268/269
f 730/261/262 724/269/270 723/268/269
f 730/261/262 727/270/271 724/269/270
f 729/260/261 727/270/271 730/261/262
f 729/260/261 725/271/272 727/270/271
f 728/272/273 725/271/272 729/260/261
f 726/273/274 725/271/272 728/272/273
f 727/270/271 725/271/272 724/269/270
f 708/274/275 709/275/276 726/273/274
f 726/273/274 709/275/276 725/271/272
f 725/271/272 709/275/276 710/276/277
f 725/271/272 710/276/277 724/269/270
f 710/276/277 711/277/278 724/269/270
f 724/269/270 711/277/278 723/268/269
f 723/268/269 711/277/278 712/278/279
f 723/268/269 712/278/279 722/267/268
f 722/267/268 712/278/279 714/279/280
f 721/266/267 722/267/268 714/279/280
f 716/280/281 721/266/267 714/279/280
f 720/265/266 721/266/267 716/280/281
f 720/265/266 716/280/281 719/281/282
f 719/281/282 716/280/281 718/282/283
f 339/283/284 707/32/32 338/284/285
f 718/282/283 707/32/32 339/283/284
f 718/282/283 717/30/30 707/32/32
f 718/282/283 716/280/281 717/30/30
f 717/30/30 716/280/281 715/28/28
f 716/280/281 714/279/280 715/28/28
f 714/279/280 713/24/24 715/28/28
f 714/279/280 712/278/279 713/24/24
f 713/24/24 712/278/279 706/25/25
f 712/278/279 711/277/278 706/25/25
f 711/277/278 704/285/286 706/25/25
f 710/276/277 704/285/286 711/277/278
f 703/286/287 704/285/286 710/276/277
f 709/275/276 703/286/287 710/276/277
f 709/275/276 701/287/288 703/286/287
f 708/274/275 701/287/288 709/275/276
f 708/274/275 693/288/289 701/287/288
f 694/289/290 693/288/289 708/274/275
f 338/284/285 707/32/32 696/33/33
f 700/290/291 699/37/37 705/291/292
f 700/290/291 705/291/292 702/292/293
f 705/291/292 699/37/37 706/25/25
f 704/285/286 705/291/292 706/25/25
f 702/292/293 705/291/292 704/285/286
f 702/292/293 704/285/286 703/286/287
f 701/287/288 702/292/293 703/286/287
f 701/287/288 700/290/291 702/292/293
f 701/287/288 693/288/289 700/290/291
f 693/288/289 692/293/294 700/290/291
f 692/293/294 699/37/37 700/290/291
f 692/293/294 691/294/295 699/37/37
f 699/37/37 691/294/295 698/36/36
f 698/36/36 691/294/295 690/295/296
f 697/35/35 698/36/36 690/295/296
f 688/296/297 697/35/35 690/295/296
f 696/33/33 697/35/35 688/296/297
f 696/33/33 688/296/297 695/297/298
f 338/284/285 696/33/33 695/297/298
f 340/298/299 338/284/285 695/297/298
f 340/298/299 686/299/300 342/300/301
f 340/298/299 695/297/298 686/299/300
f 695/297/298 688/296/297 686/299/300
f 675/301/302 693/288/289 694/289/290
f 675/301/302 674/302/303 693/288/289
f 693/288/289 674/302/303 692/293/294
f 674/302/303 673/303/304 692/293/294
f 673/303/304 691/294/295 692/293/294
f 673/303/304 672/199/200 691/294/295
f 691/294/295 672/199/200 690/295/296
f 690/295/296 672/199/200 689/198/199
f 688/296/297 690/295/296 689/198/199
f 687/166/167 688/296/297 689/198/199
f 686/299/300 688/296/297 687/166/167
f 686/299/300 687/166/167 685/165/166
f 686/299/300 685/165/166 342/300/301
f 342/300/301 685/165/166 684/169/170
f 342/300/301 684/169/170 343/304/305
f 684/169/170 683/171/172 343/304/305
f 343/304/305 683/171/172 345/177/178
f 345/177/178 683/171/172 682/174/175
f 657/305/306 659/306/307 681/307/308
f 681/307/308 659/306/307 668/308/309
f 681/307/308 668/308/309 680/309/310
f 680/309/310 668/308/309 679/310/311
f 668/308/309 667/311/312 679/310/311
f 679/310/311 667/311/312 678/312/313
f 678/312/313 667/311/312 669/313/314
f 678/312/313 669/313/314 677/314/315
f 677/314/315 669/313/314 670/315/316
f 677/314/315 670/315/316 676/316/317
f 676/316/317 670/315/316 671/317/318
f 676/316/317 671/317/318 675/301/302
f 675/301/302 671/317/318 674/302/303
f 674/302/303 671/317/318 673/303/304
f 671/317/318 665/318/319 673/303/304
f 665/318/319 672/199/200 673/303/304
f 665/318/319 664/197/198 672/199/200
f 671/317/318 670/315/316 665/318/319
f 670/315/316 663/319/320 665/318/319
f 670/315/316 669/313/314 663/319/320
f 669/313/314 661/320/321 663/319/320
f 669/313/314 667/311/312 661/320/321
f 667/311/312 659/306/307 661/320/321
f 668/308/309 659/306/307 667/311/312
f 666/321/322 652/322/323 654/323/324
f 663/319/320 664/197/198 665/318/319
f 663/319/320 662/196/197 664/197/198
f 661/320/321 662/196/197 663/319/320
f 660/195/196 662/196/197 661/320/321
f 659/306/307 660/195/196 661/320/321
f 659/306/307 658/194/195 660/195/196
f 657/305/306 658/194/195 659/306/307
f 657/305/306 656/191/192 658/194/195
f 655/324/325 656/191/192 657/305/306
f 655/324/325 653/192/193 656/191/192
f 654/323/324 653/192/193 655/324/325
f 654/323/324 652/322/323 653/192/193
f 625/325/326 645/326/327 650/327/328
f 624/328/329 645/326/327 625/325/326
f 624/328/329 642/329/330 645/326/327
f 651/189/190 650/327/328 646/188/189
f 646/188/189 650/327/328 645/326/327
f 327/330/331 306/331/332 305/332/333
f 643/333/334 306/331/332 327/330/331
f 643/333/334 327/330/331 318/334/335
f 637/335/336 643/333/334 318/334/335
f 319/336/337 637/335/336 318/334/335
f 638/337/338 637/335/336 319/336/337
f 638/337/338 319/336/337 334/338/339
f 639/339/340 638/337/338 334/338/339
f 349/178/179 639/339/340 334/338/339
f 349/178/179 640/340/341 639/339/340
f 349/178/179 649/179/180 640/340/341
f 640/340/341 649/179/180 641/341/342
f 649/179/180 648/180/181 641/341/342
f 641/341/342 648/180/181 642/329/330
f 642/329/330 648/180/181 647/181/182
f 642/329/330 647/181/182 645/326/327
f 645/326/327 647/181/182 644/182/183
f 646/188/189 645/326/327 644/182/183
f 637/335/336 636/342/343 643/333/334
f 636/342/343 635/343/344 643/333/334
f 643/333/334 635/343/344 306/331/332
f 306/331/332 635/343/344 634/344/345
f 642/329/330 624/328/329 623/345/346
f 641/341/342 642/329/330 623/345/346
f 630/346/347 641/341/342 623/345/346
f 630/346/347 640/340/341 641/341/342
f 640/340/341 630/346/347 633/347/348
f 639/339/340 640/340/341 633/347/348
f 639/339/340 633/347/348 638/337/338
f 633/347/348 632/348/349 638/337/338
f 638/337/338 632/348/349 637/335/336
f 637/335/336 632/348/349 631/349/350
f 637/335/336 631/349/350 636/342/343
f 631/349/350 628/350/351 636/342/343
f 636/342/343 628/350/351 635/343/344
f 635/343/344 628/350/351 626/21/21
f 635/343/344 626/21/21 634/344/345
f 626/21/21 303/19/19 634/344/345
f 634/344/345 303/19/19 302/351/352
f 306/331/332 634/344/345 302/351/352
f 633/347/348 630/346/347 632/348/349
f 632/348/349 630/346/347 631/349/350
f 631/349/350 630/346/347 629/352/353
f 631/349/350 629/352/353 628/350/351
f 628/350/351 629/352/353 627/353/354
f 630/346/347 623/345/346 622/354/355
f 629/352/353 630/346/347 622/354/355
f 629/352/353 622/354/355 621/355/356
f 629/352/353 621/355/356 627/353/354
f 621/355/356 620/22/22 627/353/354
f 627/353/354 620/22/22 626/21/21
f 628/350/351 627/353/354 626/21/21
f 624/328/329 625/325/326 609/356/357
f 610/357/358 624/328/329 609/356/357
f 623/345/346 624/328/329 610/357/358
f 623/345/346 610/357/358 611/358/359
f 623/345/346 611/358/359 622/354/355
f 622/354/355 611/358/359 612/359/360
f 622/354/355 612/359/360 621/355/356
f 621/355/356 612/359/360 613/360/361
f 621/355/356 613/360/361 620/22/22
f 620/22/22 613/360/361 614/361/362
f 620/22/22 614/361/362 619/23/23
f 614/361/362 615/2/2 619/23/23
f 619/23/23 615/2/2 618/1/1
f 617/5/5 548/362/363 266/7/7
f 580/363/364 548/362/363 617/5/5
f 580/363/364 617/5/5 616/3/3
f 615/2/2 580/363/364 616/3/3
f 615/2/2 582/364/365 580/363/364
f 614/361/362 582/364/365 615/2/2
f 584/365/366 582/364/365 614/361/362
f 613/360/361 584/365/366 614/361/362
f 613/360/361 608/366/367 584/365/366
f 613/360/361 612/359/360 608/366/367
f 612/359/360 606/367/368 608/366/367
f 612/359/360 611/358/359 606/367/368
f 611/358/359 604/368/369 606/367/368
f 611/358/359 610/357/358 604/368/369
f 610/357/358 603/369/370 604/368/369
f 610/357/358 609/356/357 603/369/370
f 606/367/368 607/370/371 608/366/367
f 602/371/372 601/372/373 605/373/374
f 601/372/373 590/374/375 605/373/374
f 586/375/376 584/365/366 608/366/367
f 607/370/371 586/375/376 608/366/367
f 607/370/371 588/376/377 586/375/376
f 590/374/375 588/376/377 607/370/371
f 590/374/375 607/370/371 606/367/368
f 590/374/375 606/367/368 605/373/374
f 605/373/374 606/367/368 604/368/369
f 604/368/369 602/371/372 605/373/374
f 603/369/370 602/371/372 604/368/369
f 601/372/373 591/377/378 590/374/375
f 591/377/378 600/378/379 589/379/380
f 600/378/379 593/380/381 589/379/380
f 600/378/379 599/381/382 593/380/381
f 599/381/382 594/382/383 593/380/381
f 599/381/382 598/228/229 594/382/383
f 598/228/229 597/219/220 594/382/383
f 597/219/220 596/217/218 594/382/383
f 594/382/383 596/217/218 592/207/208
f 592/207/208 596/217/218 595/201/202
f 594/382/383 592/207/208 593/380/381
f 593/380/381 592/207/208 587/383/384
f 593/380/381 587/383/384 589/379/380
f 587/383/384 592/207/208 585/208/209
f 591/377/378 589/379/380 590/374/375
f 589/379/380 588/376/377 590/374/375
f 589/379/380 587/383/384 588/376/377
f 588/376/377 587/383/384 586/375/376
f 587/383/384 585/208/209 586/375/376
f 585/208/209 584/365/366 586/375/376
f 583/209/210 584/365/366 585/208/209
f 583/209/210 582/364/365 584/365/366
f 583/209/210 581/210/211 582/364/365
f 582/364/365 581/210/211 580/363/364
f 581/210/211 579/211/212 580/363/364
f 579/211/212 548/362/363 580/363/364
f 550/384/385 548/362/363 579/211/212
f 550/384/385 579/211/212 578/212/213
f 550/384/385 578/212/213 569/385/386
f 569/385/386 578/212/213 576/213/214
f 570/221/222 569/385/386 576/213/214
f 577/214/215 570/221/222 576/213/214
f 511/386/387 510/387/388 512/388/389
f 511/386/387 512/388/389 523/389/390
f 575/390/391 511/386/387 523/389/390
f 575/390/391 523/389/390 566/391/392
f 574/392/393 575/390/391 566/391/392
f 574/392/393 566/391/392 568/393/394
f 573/394/395 574/392/393 568/393/394
f 573/394/395 568/393/394 557/395/396
f 572/242/243 573/394/395 557/395/396
f 572/242/243 557/395/396 555/396/397
f 572/242/243 555/396/397 571/220/221
f 555/396/397 559/397/398 571/220/221
f 571/220/221 559/397/398 570/221/222
f 570/221/222 559/397/398 560/398/399
f 570/221/222 560/398/399 569/385/386
f 560/398/399 554/399/400 569/385/386
f 554/399/400 550/384/385 569/385/386
f 554/399/400 549/400/401 550/384/385
f 565/401/402 542/402/403 543/403/404
f 565/401/402 567/404/405 542/402/403
f 567/404/405 541/405/406 542/402/403
f 567/404/405 540/406/407 541/405/406
f 567/404/405 524/407/408 540/406/407
f 524/407/408 525/408/409 540/406/407
f 566/391/392 564/409/410 568/393/394
f 568/393/394 564/409/410 563/410/411
f 568/393/394 563/410/411 557/395/396
f 557/395/396 563/410/411 556/411/412
f 556/411/412 563/410/411 562/412/413
f 556/411/412 562/412/413 561/413/414
f 558/414/415 556/411/412 561/413/414
f 523/389/390 524/407/408 567/404/405
f 523/389/390 567/404/405 566/391/392
f 566/391/392 567/404/405 565/401/402
f 566/391/392 565/401/402 564/409/410
f 564/409/410 565/401/402 543/403/404
f 564/409/410 543/403/404 544/415/416
f 563/410/411 564/409/410 544/415/416
f 551/416/417 563/410/411 544/415/416
f 563/410/411 551/416/417 562/412/413
f 562/412/413 551/416/417 553/417/418
f 562/412/413 553/417/418 561/413/414
f 561/413/414 553/417/418 554/399/400
f 561/413/414 554/399/400 560/398/399
f 558/414/415 561/413/414 560/398/399
f 559/397/398 558/414/415 560/398/399
f 555/396/397 558/414/415 559/397/398
f 555/396/397 556/411/412 558/414/415
f 557/395/396 556/411/412 555/396/397
f 553/417/418 551/416/417 552/418/419
f 554/399/400 553/417/418 549/400/401
f 553/417/418 552/418/419 549/400/401
f 552/418/419 547/419/420 549/400/401
f 552/418/419 546/420/421 547/419/420
f 545/421/422 546/420/421 552/418/419
f 551/416/417 545/421/422 552/418/419
f 551/416/417 544/415/416 545/421/422
f 549/400/401 548/362/363 550/384/385
f 549/400/401 547/419/420 548/362/363
f 548/362/363 547/419/420 266/7/7
f 547/419/420 546/420/421 266/7/7
f 265/422/423 266/7/7 546/420/421
f 265/422/423 546/420/421 545/421/422
f 535/423/424 265/422/423 545/421/422
f 544/415/416 535/423/424 545/421/422
f 533/424/425 535/423/424 544/415/416
f 543/403/404 533/424/425 544/415/416
f 531/425/426 533/424/425 543/403/404
f 542/402/403 531/425/426 543/403/404
f 529/426/427 531/425/426 542/402/403
f 541/405/406 529/426/427 542/402/403
f 527/427/428 529/426/427 541/405/406
f 540/406/407 527/427/428 541/405/406
f 540/406/407 526/428/429 527/427/428
f 540/406/407 525/408/409 526/428/429
f 264/429/430 267/430/431 534/431/432
f 539/432/433 264/429/430 534/431/432
f 539/432/433 534/431/432 532/433/434
f 538/434/435 539/432/433 532/433/434
f 538/434/435 532/433/434 530/435/436
f 537/436/437 538/434/435 530/435/436
f 537/436/437 530/435/436 528/437/438
f 537/436/437 528/437/438 522/438/439
f 536/439/440 537/436/437 522/438/439
f 536/439/440 522/438/439 517/440/441
f 518/441/442 536/439/440 517/440/441
f 267/430/431 265/422/423 535/423/424
f 267/430/431 535/423/424 534/431/432
f 534/431/432 535/423/424 533/424/425
f 534/431/432 533/424/425 532/433/434
f 532/433/434 533/424/425 531/425/426
f 532/433/434 531/425/426 530/435/436
f 530/435/436 531/425/426 529/426/427
f 530/435/436 529/426/427 528/437/438
f 528/437/438 529/426/427 527/427/428
f 528/437/438 527/427/428 522/438/439
f 527/427/428 526/428/429 522/438/439
f 526/428/429 515/442/443 522/438/439
f 525/408/409 515/442/443 526/428/429
f 525/408/409 514/443/444 515/442/443
f 513/444/445 514/443/444 525/408/409
f 524/407/408 513/444/445 525/408/409
f 512/388/389 513/444/445 524/407/408
f 512/388/389 524/407/408 523/389/390
f 515/442/443 516/445/446 522/438/439
f 516/445/446 517/440/441 522/438/439
f 499/446/447 521/447/448 491/448/449
f 521/447/448 520/449/450 491/448/449
f 520/449/450 490/450/451 491/448/449
f 520/449/450 519/451/452 490/450/451
f 519/451/452 489/452/453 490/450/451
f 519/451/452 518/441/442 489/452/453
f 518/441/442 508/453/454 489/452/453
f 518/441/442 517/440/441 508/453/454
f 517/440/441 507/454/455 508/453/454
f 516/445/446 507/454/455 517/440/441
f 506/455/456 507/454/455 516/445/446
f 506/455/456 516/445/446 515/442/443
f 505/456/457 506/455/456 515/442/443
f 514/443/444 505/456/457 515/442/443
f 504/457/458 505/456/457 514/443/444
f 513/444/445 504/457/458 514/443/444
f 510/387/388 504/457/458 513/444/445
f 510/387/388 513/444/445 512/388/389
f 511/386/387 509/458/459 510/387/388
f 509/458/459 503/459/460 510/387/388
f 503/459/460 504/457/458 510/387/388
f 509/458/459 501/460/461 502/461/462
f 509/458/459 502/461/462 503/459/460
f 508/453/454 488/462/463 489/452/453
f 507/454/455 488/462/463 508/453/454
f 498/463/464 488/462/463 507/454/455
f 498/463/464 507/454/455 506/455/456
f 497/464/465 498/463/464 506/455/456
f 505/456/457 497/464/465 506/455/456
f 496/465/466 497/464/465 505/456/457
f 504/457/458 496/465/466 505/456/457
f 503/459/460 496/465/466 504/457/458
f 503/459/460 495/466/467 496/465/466
f 502/461/462 495/466/467 503/459/460
f 502/461/462 494/467/468 495/466/467
f 502/461/462 501/460/461 494/467/468
f 494/467/468 501/460/461 493/468/469
f 501/460/461 500/469/470 493/468/469
f 500/469/470 492/470/471 493/468/469
f 500/469/470 499/446/447 492/470/471
f 499/446/447 491/448/449 492/470/471
f 487/471/472 488/462/463 498/463/464
f 483/472/473 487/471/472 498/463/464
f 497/464/465 483/472/473 498/463/464
f 497/464/465 485/473/474 483/472/473
f 496/465/466 485/473/474 497/464/465
f 496/465/466 495/466/467 485/473/474
f 495/466/467 486/474/475 485/473/474
f 495/466/467 494/467/468 486/474/475
f 494/467/468 493/468/469 486/474/475
f 486/474/475 493/468/469 484/475/476
f 493/468/469 492/470/471 484/475/476
f 484/475/476 492/470/471 483/472/473
f 492/470/471 491/448/449 483/472/473
f 491/448/449 490/450/451 483/472/473
f 490/450/451 487/471/472 483/472/473
f 490/450/451 489/452/453 487/471/472
f 489/452/453 488/462/463 487/471/472
f 485/473/474 486/474/475 484/475/476
f 485/473/474 484/475/476 483/472/473
s 2
f 481/476/477 480/477/478 482/478/479
f 482/478/479 480/477/478 479/479/480
f 464/480/481 465/481/482 473/482/483
f 464/480/481 473/482/483 481/476/477
f 481/476/477 473/482/483 480/477/478
f 480/477/478 473/482/483 474/483/484
f 480/477/478 474/483/484 479/479/480
f 474/483/484 476/484/485 479/479/480
f 479/479/480 476/484/485 478/485/486
f 478/485/486 476/484/485 477/486/487
f 477/486/488 475/487/489 447/488/490
f 475/487/489 471/489/491 447/488/490
f 471/489/491 438/490/492 447/488/490
f 467/491/493 438/490/492 471/489/491
f 437/492/494 438/490/492 467/491/493
f 468/493/495 437/492/494 467/491/493
f 468/493/495 442/494/496 437/492/494
f 462/495/497 442/494/496 468/493/495
f 441/496/498 442/494/496 462/495/497
f 470/497/499 471/489/491 472/498/500
f 472/498/500 471/489/491 475/487/489
f 474/483/484 475/487/489 476/484/485
f 472/498/500 475/487/489 474/483/484
f 473/482/483 472/498/500 474/483/484
f 473/482/483 465/481/482 472/498/500
f 465/481/482 470/497/499 472/498/500
f 465/481/482 467/491/493 470/497/499
f 467/491/493 471/489/491 470/497/499
f 469/499/501 466/500/502 464/480/481
f 462/495/497 468/493/495 469/499/501
f 469/499/501 468/493/495 466/500/502
f 466/500/502 468/493/495 467/491/493
f 465/481/482 466/500/502 467/491/493
f 466/500/502 465/481/482 464/480/481
f 452/501/503 453/502/504 460/503/505
f 453/502/504 463/504/506 460/503/505
f 463/504/506 458/505/507 459/506/508
f 457/507/509 458/505/507 463/504/506
f 456/508/510 457/507/509 463/504/506
f 453/502/504 456/508/510 463/504/506
f 454/509/511 452/501/503 461/510/512
f 461/510/512 441/496/498 462/495/497
f 461/510/512 452/501/503 441/496/498
f 441/496/498 452/501/503 440/511/513
f 452/501/503 460/503/505 440/511/513
f 460/503/505 451/512/514 440/511/513
f 460/503/505 459/506/508 451/512/514
f 451/512/514 459/506/508 450/513/515
f 459/506/508 458/505/507 450/513/515
f 72/514/516 450/513/515 458/505/507
f 57/515/517 72/514/516 458/505/507
f 457/507/509 57/515/517 458/505/507
f 457/507/509 55/516/518 57/515/517
f 62/517/519 55/516/518 457/507/509
f 62/517/519 457/507/509 456/508/510
f 62/517/519 456/508/510 455/518/520
f 455/518/520 456/508/510 453/502/504
f 455/518/520 453/502/504 454/509/511
f 454/509/511 453/502/504 452/501/503
f 440/511/513 444/519/521 443/520/522
f 448/521/523 444/519/521 440/511/513
f 449/522/524 451/512/514 450/513/515
f 449/522/525 445/523/526 448/521/523
f 448/521/523 445/523/526 444/519/521
f 447/488/490 438/490/492 446/524/527
f 446/524/527 438/490/492 439/525/528
f 445/523/526 446/524/527 439/525/528
f 444/519/521 445/523/526 439/525/528
f 444/519/521 439/525/528 437/492/494
f 443/520/522 444/519/521 437/492/494
f 442/494/496 443/520/522 437/492/494
f 442/494/496 440/511/513 443/520/522
f 442/494/496 441/496/498 440/511/513
f 439/525/528 438/490/492 437/492/494
s 1
f 430/526/529 436/527/530 429/528/531
f 430/526/529 431/529/532 436/527/530
f 431/529/532 432/530/533 436/527/530
f 432/530/533 433/531/534 436/527/530
f 436/527/530 433/531/534 429/528/531
f 433/531/534 434/532/535 429/528/531
f 429/528/531 434/532/535 435/533/536
f 428/534/537 429/528/531 435/533/536
f 428/534/537 435/533/536 427/535/538
f 427/535/538 435/533/536 426/536/539
f 426/536/539 435/533/536 401/537/540
f 435/533/536 434/532/535 401/537/540
f 401/537/540 434/532/535 392/538/541
f 434/532/535 390/539/542 392/538/541
f 433/531/534 390/539/542 434/532/535
f 433/531/534 391/540/543 390/539/542
f 432/530/533 391/540/543 433/531/534
f 387/541/544 391/540/543 432/530/533
f 431/529/532 387/541/544 432/530/533
f 388/542/545 387/541/544 431/529/532
f 388/542/545 431/529/532 430/526/529
f 388/542/545 430/526/529 425/543/546
f 425/543/546 430/526/529 423/544/547
f 423/544/547 430/526/529 429/528/531
f 421/545/548 423/544/547 429/528/531
f 421/545/548 429/528/531 428/534/537
f 419/546/549 421/545/548 428/534/537
f 419/546/549 428/534/537 427/535/538
f 410/547/550 419/546/549 427/535/538
f 410/547/550 427/535/538 426/536/539
f 408/548/551 410/547/550 426/536/539
f 426/536/539 401/537/540 408/548/551
f 408/548/551 401/537/540 400/549/552
f 425/543/546 423/544/547 424/550/553
f 424/550/553 423/544/547 422/551/554
f 422/551/554 423/544/547 421/545/548
f 422/551/554 421/545/548 420/552/555
f 420/552/555 421/545/548 419/546/549
f 420/552/555 419/546/549 411/553/556
f 411/553/556 419/546/549 410/547/550
f 411/553/556 409/554/557 418/555/558
f 418/555/558 409/554/557 407/556/559
f 418/555/558 407/556/559 412/557/560
f 418/555/558 412/557/560 417/558/561
f 417/558/561 412/557/560 413/559/562
f 417/558/561 413/559/562 416/560/563
f 416/560/563 413/559/562 414/561/564
f 416/560/563 414/561/564 317/562/565
f 317/562/565 414/561/564 415/563/566
f 317/562/565 415/563/566 315/564/567
f 315/564/567 415/563/566 330/565/568
f 415/563/566 402/566/569 330/565/568
f 415/563/566 414/561/564 402/566/569
f 414/561/564 403/567/570 402/566/569
f 414/561/564 413/559/562 403/567/570
f 413/559/562 404/568/571 403/567/570
f 413/559/562 412/557/560 404/568/571
f 412/557/560 405/569/572 404/568/571
f 412/557/560 407/556/559 405/569/572
f 407/556/559 406/570/573 405/569/572
f 411/553/556 410/547/550 409/554/557
f 409/554/557 410/547/550 408/548/551
f 407/556/559 409/554/557 408/548/551
f 407/556/559 408/548/551 400/549/552
f 407/556/559 400/549/552 406/570/573
f 400/549/552 399/571/574 406/570/573
f 399/571/574 398/572/575 406/570/573
f 398/572/575 397/573/576 406/570/573
f 406/570/573 397/573/576 405/569/572
f 396/574/577 405/569/572 397/573/576
f 404/568/571 405/569/572 396/574/577
f 395/575/578 404/568/571 396/574/577
f 403/567/570 404/568/571 395/575/578
f 394/576/579 403/567/570 395/575/578
f 402/566/569 403/567/570 394/576/579
f 393/577/580 402/566/569 394/576/579
f 330/565/568 402/566/569 393/577/580
f 331/578/581 330/565/568 393/577/580
f 401/537/540 392/538/541 400/549/552
f 392/538/541 399/571/574 400/549/552
f 389/579/582 399/571/574 392/538/541
f 389/579/582 398/572/575 399/571/574
f 385/580/583 398/572/575 389/579/582
f 398/572/575 385/580/583 397/573/576
f 385/580/583 384/581/584 397/573/576
f 384/581/584 396/574/577 397/573/576
f 384/581/584 383/582/585 396/574/577
f 383/582/585 395/575/578 396/574/577
f 383/582/585 382/583/586 395/575/578
f 382/583/586 394/576/579 395/575/578
f 382/583/586 381/584/587 394/576/579
f 381/584/587 393/577/580 394/576/579
f 381/584/587 355/585/588 393/577/580
f 355/585/588 331/578/581 393/577/580
f 353/586/589 331/578/581 355/585/588
f 353/586/589 332/587/590 331/578/581
f 390/539/542 389/579/582 392/538/541
f 391/540/543 387/541/544 386/588/591
f 391/540/543 386/588/591 390/539/542
f 390/539/542 386/588/591 389/579/582
f 386/588/591 385/580/583 389/579/582
f 380/589/592 387/541/544 388/542/545
f 380/589/592 379/590/593 387/541/544
f 387/541/544 379/590/593 386/588/591
f 379/590/593 378/591/594 386/588/591
f 378/591/594 385/580/583 386/588/591
f 378/591/594 384/581/584 385/580/583
f 378/591/594 376/592/595 384/581/584
f 376/592/595 383/582/585 384/581/584
f 376/592/595 374/593/596 383/582/585
f 374/593/596 382/583/586 383/582/585
f 374/593/596 372/594/597 382/583/586
f 372/594/597 381/584/587 382/583/586
f 372/594/597 366/595/598 381/584/587
f 366/595/598 355/585/588 381/584/587
f 377/596/599 379/590/593 380/589/592
f 377/596/599 378/591/594 379/590/593
f 377/596/599 376/592/595 378/591/594
f 375/597/600 376/592/595 377/596/599
f 375/597/600 374/593/596 376/592/595
f 373/598/601 374/593/596 375/597/600
f 373/598/601 372/594/597 374/593/596
f 371/599/602 372/594/597 373/598/601
f 371/599/602 366/595/598 372/594/597
f 371/599/602 365/600/603 366/595/598
f 370/601/604 365/600/603 371/599/602
f 370/601/604 364/602/605 365/600/603
f 369/603/606 364/602/605 370/601/604
f 368/604/607 364/602/605 369/603/606
f 368/604/607 362/605/608 364/602/605
f 368/604/607 361/606/609 362/605/608
f 367/607/610 361/606/609 368/604/607
f 367/607/610 360/608/611 361/606/609
f 359/609/612 360/608/611 367/607/610
f 364/602/605 362/605/608 363/610/613
f 366/595/598 365/600/603 355/585/588
f 365/600/603 356/611/614 355/585/588
f 365/600/603 364/602/605 356/611/614
f 364/602/605 357/612/615 356/611/614
f 364/602/605 363/610/613 357/612/615
f 363/610/613 351/613/616 357/612/615
f 363/610/613 350/614/617 351/613/616
f 362/605/608 350/614/617 363/610/613
f 350/614/617 362/605/608 348/615/618
f 362/605/608 361/606/609 348/615/618
f 361/606/609 354/616/619 348/615/618
f 361/606/609 360/608/611 354/616/619
f 354/616/619 360/608/611 346/617/620
f 360/608/611 344/618/621 346/617/620
f 359/609/612 344/618/621 360/608/611
f 358/619/622 344/618/621 359/609/612
f 358/619/622 341/620/623 344/618/621
f 337/621/624 341/620/623 358/619/622
f 357/612/615 351/613/616 352/622/625
f 357/612/615 352/622/625 356/611/614
f 356/611/614 352/622/625 353/586/589
f 356/611/614 353/586/589 355/585/588
f 354/616/619 346/617/620 348/615/618
f 353/586/589 352/622/625 332/587/590
f 352/622/625 333/623/626 332/587/590
f 352/622/625 351/613/616 333/623/626
f 351/613/616 334/338/339 333/623/626
f 351/613/616 350/614/617 334/338/339
f 350/614/617 349/178/179 334/338/339
f 350/614/617 348/615/618 349/178/179
f 348/615/618 347/176/177 349/178/179
f 348/615/618 346/617/620 347/176/177
f 347/176/177 346/617/620 345/177/178
f 346/617/620 344/618/621 345/177/178
f 344/618/621 343/304/305 345/177/178
f 344/618/621 341/620/623 343/304/305
f 341/620/623 342/300/301 343/304/305
f 341/620/623 340/298/299 342/300/301
f 337/621/624 340/298/299 341/620/623
f 337/621/624 338/284/285 340/298/299
f 339/283/284 338/284/285 337/621/624
f 335/624/627 336/625/628 314/626/629
f 336/625/628 312/627/630 314/626/629
f 336/625/628 329/628/631 312/627/630
f 335/624/627 329/628/631 336/625/628
f 328/629/632 329/628/631 335/624/627
f 326/630/633 328/629/632 335/624/627
f 326/630/633 335/624/627 314/626/629
f 334/338/339 319/336/337 333/623/626
f 333/623/626 319/336/337 320/631/634
f 333/623/626 320/631/634 332/587/590
f 332/587/590 320/631/634 322/632/635
f 332/587/590 322/632/635 331/578/581
f 322/632/635 324/633/636 331/578/581
f 331/578/581 324/633/636 330/565/568
f 324/633/636 325/634/637 330/565/568
f 315/564/567 330/565/568 325/634/637
f 315/564/567 325/634/637 314/626/629
f 308/635/638 309/636/639 310/637/640
f 308/635/638 310/637/640 316/638/641
f 316/638/641 310/637/640 311/639/642
f 312/627/630 316/638/641 311/639/642
f 312/627/630 329/628/631 316/638/641
f 329/628/631 307/640/643 316/638/641
f 328/629/632 307/640/643 329/628/631
f 305/332/333 307/640/643 328/629/632
f 327/330/331 305/332/333 328/629/632
f 326/630/633 327/330/331 328/629/632
f 318/334/335 327/330/331 326/630/633
f 318/334/335 326/630/633 314/626/629
f 318/334/335 314/626/629 321/641/644
f 321/641/644 314/626/629 323/642/645
f 323/642/645 314/626/629 325/634/637
f 325/634/637 324/633/636 323/642/645
f 324/633/636 322/632/635 323/642/645
f 322/632/635 321/641/644 323/642/645
f 322/632/635 320/631/634 321/641/644
f 320/631/634 318/334/335 321/641/644
f 320/631/634 319/336/337 318/334/335
f 317/562/565 315/564/567 313/643/646
f 307/640/643 308/635/638 316/638/641
f 313/643/646 315/564/567 314/626/629
f 314/626/629 312/627/630 313/643/646
f 313/643/646 312/627/630 304/644/647
f 312/627/630 311/639/642 304/644/647
f 311/639/642 295/645/648 304/644/647
f 311/639/642 310/637/640 295/645/648
f 295/645/648 310/637/640 296/646/649
f 310/637/640 309/636/639 296/646/649
f 309/636/639 297/647/650 296/646/649
f 309/636/639 298/648/651 297/647/650
f 309/636/639 299/649/652 298/648/651
f 308/635/638 299/649/652 309/636/639
f 300/650/653 299/649/652 308/635/638
f 307/640/643 300/650/653 308/635/638
f 307/640/643 301/651/654 300/650/653
f 305/332/333 301/651/654 307/640/643
f 302/351/352 301/651/654 305/332/333
f 306/331/332 302/351/352 305/332/333
f 304/644/647 295/645/648 294/652/655
f 303/19/19 293/20/20 302/351/352
f 293/20/20 292/653/656 302/351/352
f 302/351/352 292/653/656 301/651/654
f 301/651/654 292/653/656 285/654/657
f 301/651/654 285/654/657 300/650/653
f 285/654/657 284/655/658 300/650/653
f 300/650/653 284/655/658 299/649/652
f 299/649/652 284/655/658 153/656/659
f 299/649/652 153/656/659 298/648/651
f 298/648/651 153/656/659 147/657/660
f 297/647/650 298/648/651 147/657/660
f 148/658/661 297/647/650 147/657/660
f 296/646/649 297/647/650 148/658/661
f 149/659/662 296/646/649 148/658/661
f 295/645/648 296/646/649 149/659/662
f 150/660/663 295/645/648 149/659/662
f 294/652/655 295/645/648 150/660/663
f 294/652/655 150/660/663 164/661/664
f 292/653/656 293/20/20 286/18/18
f 292/653/656 286/18/18 285/654/657
f 290/662/665 288/663/666 287/664/667
f 290/662/665 287/664/667 286/18/18
f 291/16/16 290/662/665 286/18/18
f 291/16/16 289/14/14 290/662/665
f 290/662/665 289/14/14 288/663/666
f 289/14/14 275/12/12 288/663/666
f 275/12/12 276/665/668 288/663/666
f 288/663/666 276/665/668 287/664/667
f 287/664/667 276/665/668 280/666/669
f 287/664/667 280/666/669 286/18/18
f 286/18/18 280/666/669 281/667/670
f 286/18/18 281/667/670 285/654/657
f 281/667/670 283/668/671 285/654/657
f 285/654/657 283/668/671 284/655/658
f 284/655/658 283/668/671 153/656/659
f 283/668/671 282/669/672 153/656/659
f 282/669/672 146/670/673 153/656/659
f 282/669/672 145/671/674 146/670/673
f 277/672/675 278/673/676 281/667/670
f 280/666/669 277/672/675 281/667/670
f 280/666/669 276/665/668 277/672/675
f 279/674/677 273/675/678 274/676/679
f 279/674/677 272/677/680 273/675/678
f 272/677/680 279/674/677 278/673/676
f 277/672/675 272/677/680 278/673/676
f 271/678/681 272/677/680 277/672/675
f 276/665/668 271/678/681 277/672/675
f 276/665/668 270/679/682 271/678/681
f 275/12/12 270/679/682 276/665/668
f 275/12/12 269/11/11 270/679/682
f 225/680/683 239/681/684 224/682/685
f 274/676/679 239/681/684 225/680/683
f 274/676/679 242/683/686 239/681/684
f 274/676/679 273/675/678 242/683/686
f 273/675/678 244/684/687 242/683/686
f 272/677/680 244/684/687 273/675/678
f 251/685/688 244/684/687 272/677/680
f 271/678/681 251/685/688 272/677/680
f 250/686/689 251/685/688 271/678/681
f 270/679/682 250/686/689 271/678/681
f 270/679/682 262/687/690 250/686/689
f 270/679/682 269/11/11 262/687/690
f 269/11/11 263/688/691 262/687/690
f 269/11/11 268/9/9 263/688/691
f 268/9/9 264/429/430 263/688/691
f 264/429/430 268/9/9 266/7/7
f 264/429/430 266/7/7 267/430/431
f 267/430/431 266/7/7 265/422/423
f 264/429/430 261/689/692 263/688/691
f 263/688/691 261/689/692 259/690/693
f 263/688/691 259/690/693 262/687/690
f 262/687/690 259/690/693 248/691/694
f 262/687/690 248/691/694 250/686/689
f 260/692/695 259/690/693 261/689/692
f 235/693/696 246/694/697 260/692/695
f 260/692/695 246/694/697 259/690/693
f 246/694/697 248/691/694 259/690/693
f 253/695/698 258/256/257 254/255/256
f 257/257/258 258/256/257 253/695/698
f 257/257/258 253/695/698 252/696/699
f 257/257/258 252/696/699 247/259/260
f 247/259/260 252/696/699 249/697/700
f 236/698/701 256/253/254 229/252/253
f 240/699/702 256/253/254 236/698/701
f 255/254/255 256/253/254 240/699/702
f 241/700/703 255/254/255 240/699/702
f 254/255/256 255/254/255 241/700/703
f 243/701/704 254/255/256 241/700/703
f 253/695/698 254/255/256 243/701/704
f 244/684/687 253/695/698 243/701/704
f 252/696/699 253/695/698 244/684/687
f 251/685/688 252/696/699 244/684/687
f 252/696/699 251/685/688 249/697/700
f 250/686/689 249/697/700 251/685/688
f 250/686/689 248/691/694 249/697/700
f 247/259/260 249/697/700 248/691/694
f 246/694/697 247/259/260 248/691/694
f 246/694/697 245/258/259 247/259/260
f 235/693/696 245/258/259 246/694/697
f 235/693/696 234/248/249 245/258/259
f 240/699/702 236/698/701 238/702/705
f 238/702/705 236/698/701 237/703/706
f 244/684/687 243/701/704 242/683/686
f 242/683/686 243/701/704 241/700/703
f 239/681/684 242/683/686 241/700/703
f 239/681/684 241/700/703 240/699/702
f 239/681/684 240/699/702 238/702/705
f 224/682/685 239/681/684 238/702/705
f 224/682/685 238/702/705 237/703/706
f 226/704/707 224/682/685 237/703/706
f 226/704/707 237/703/706 227/705/708
f 237/703/706 228/706/709 227/705/708
f 237/703/706 236/698/701 228/706/709
f 228/706/709 236/698/701 229/252/253
f 233/707/710 234/248/249 235/693/696
f 233/707/710 232/249/250 234/248/249
f 218/708/711 232/249/250 233/707/710
f 218/708/711 219/709/712 232/249/250
f 232/249/250 219/709/712 231/250/251
f 219/709/712 220/710/713 231/250/251
f 220/710/713 230/251/252 231/250/251
f 230/251/252 220/710/713 221/711/714
f 229/252/253 230/251/252 221/711/714
f 229/252/253 221/711/714 222/712/715
f 228/706/709 229/252/253 222/712/715
f 223/713/716 228/706/709 222/712/715
f 227/705/708 228/706/709 223/713/716
f 208/714/717 227/705/708 223/713/716
f 208/714/717 226/704/707 227/705/708
f 209/715/718 226/704/707 208/714/717
f 209/715/718 224/682/685 226/704/707
f 225/680/683 224/682/685 209/715/718
f 210/716/719 208/714/717 223/713/716
f 210/716/719 223/713/716 222/712/715
f 212/717/720 210/716/719 222/712/715
f 215/718/721 212/717/720 222/712/715
f 215/718/721 222/712/715 221/711/714
f 217/719/722 215/718/721 221/711/714
f 217/719/722 221/711/714 220/710/713
f 219/709/712 217/719/722 220/710/713
f 218/708/711 217/719/722 219/709/712
f 216/720/723 217/719/722 218/708/711
f 216/720/723 215/718/721 217/719/722
f 214/721/724 215/718/721 216/720/723
f 214/721/724 212/717/720 215/718/721
f 213/722/725 212/717/720 214/721/724
f 211/723/726 212/717/720 213/722/725
f 211/723/726 210/716/719 212/717/720
f 207/724/727 210/716/719 211/723/726
f 207/724/727 208/714/717 210/716/719
f 209/715/718 208/714/717 207/724/727
s 2
f 203/725/728 201/726/729 206/727/730
f 206/727/730 201/726/729 199/728/731
f 87/729/732 89/730/733 205/731/734
f 205/731/734 89/730/733 192/732/735
f 205/731/734 192/732/735 204/733/736
f 204/733/736 192/732/735 193/734/737
f 204/733/736 193/734/737 202/735/738
f 197/736/739 200/737/740 195/738/741
f 194/739/742 195/738/741 200/737/740
f 202/735/738 194/739/742 200/737/740
f 202/735/738 193/734/737 194/739/742
f 204/733/736 202/735/738 203/725/728
f 203/725/728 202/735/738 201/726/729
f 201/726/729 202/735/738 200/737/740
f 201/726/729 200/737/740 199/728/731
f 199/728/731 200/737/740 197/736/739
f 198/740/743 199/728/731 197/736/739
f 196/741/744 198/740/743 197/736/739
f 196/741/744 197/736/739 195/738/741
f 188/742/745 196/741/744 195/738/741
f 189/743/746 188/742/745 195/738/741
f 189/743/746 195/738/741 194/739/742
f 190/744/747 189/743/746 194/739/742
f 193/734/737 190/744/747 194/739/742
f 193/734/737 178/745/748 190/744/747
f 193/734/737 192/732/735 178/745/748
f 192/732/735 180/746/749 178/745/748
f 192/732/735 89/730/733 180/746/749
f 89/730/733 88/747/750 180/746/749
f 183/748/751 185/749/752 184/750/753
f 191/751/754 182/752/755 181/753/756
f 178/745/748 189/743/746 190/744/747
f 179/754/757 189/743/746 178/745/748
f 188/742/745 189/743/746 179/754/757
f 187/755/758 188/742/745 179/754/757
f 187/755/758 179/754/757 177/756/759
f 186/757/760 187/755/758 177/756/759
f 185/749/752 186/757/760 177/756/759
f 185/749/752 177/756/759 180/746/749
f 184/750/753 185/749/752 180/746/749
f 88/747/750 184/750/753 180/746/749
f 88/747/750 183/748/751 184/750/753
f 88/747/750 86/758/761 183/748/751
f 86/758/761 83/759/762 183/748/751
f 182/752/755 82/760/763 181/753/756
f 82/760/763 81/761/764 181/753/756
f 80/762/765 181/753/756 81/761/764
f 180/746/749 177/756/759 178/745/748
f 179/754/757 178/745/748 177/756/759
s 1
f 165/763/766 166/764/767 176/765/768
f 176/765/768 166/764/767 167/766/769
f 176/765/768 167/766/769 168/767/770
f 176/765/768 168/767/770 175/768/771
f 175/768/771 168/767/770 169/769/772
f 175/768/771 169/769/772 174/770/773
f 174/770/773 169/769/772 170/771/774
f 174/770/773 170/771/774 173/772/775
f 173/772/775 170/771/774 171/773/776
f 172/774/777 141/775/778 142/776/779
f 172/774/777 163/777/780 141/775/778
f 171/773/776 163/777/780 172/774/777
f 171/773/776 170/771/774 163/777/780
f 163/777/780 170/771/774 158/778/781
f 170/771/774 169/769/772 158/778/781
f 169/769/772 157/779/782 158/778/781
f 169/769/772 168/767/770 157/779/782
f 168/767/770 156/780/783 157/779/782
f 168/767/770 167/766/769 156/780/783
f 167/766/769 155/781/784 156/780/783
f 167/766/769 166/764/767 155/781/784
f 166/764/767 154/782/785 155/781/784
f 165/763/766 154/782/785 166/764/767
f 165/763/766 152/783/786 154/782/785
f 164/661/664 152/783/786 165/763/766
f 164/661/664 151/784/787 152/783/786
f 164/661/664 150/660/663 151/784/787
f 160/785/788 161/786/789 159/787/790
f 161/786/789 162/788/791 159/787/790
f 162/788/791 158/778/781 159/787/790
f 163/777/780 158/778/781 162/788/791
f 141/775/778 163/777/780 162/788/791
f 141/775/778 162/788/791 161/786/789
f 140/789/792 141/775/778 161/786/789
f 140/789/792 161/786/789 160/785/788
f 140/789/792 160/785/788 130/790/793
f 130/790/793 160/785/788 128/791/794
f 160/785/788 159/787/790 128/791/794
f 159/787/790 129/792/795 128/791/794
f 158/778/781 129/792/795 159/787/790
f 139/793/796 129/792/795 158/778/781
f 157/779/782 139/793/796 158/778/781
f 156/780/783 139/793/796 157/779/782
f 155/781/784 139/793/796 156/780/783
f 155/781/784 138/794/797 139/793/796
f 155/781/784 154/782/785 138/794/797
f 138/794/797 154/782/785 137/795/798
f 154/782/785 152/783/786 137/795/798
f 152/783/786 136/796/799 137/795/798
f 153/656/659 146/670/673 147/657/660
f 142/776/779 143/797/800 144/798/801
f 152/783/786 151/784/787 136/796/799
f 151/784/787 135/799/802 136/796/799
f 151/784/787 150/660/663 135/799/802
f 150/660/663 149/659/662 135/799/802
f 135/799/802 149/659/662 134/800/803
f 149/659/662 148/658/661 134/800/803
f 148/658/661 147/657/660 134/800/803
f 147/657/660 133/801/804 134/800/803
f 147/657/660 146/670/673 133/801/804
f 133/801/804 146/670/673 132/802/805
f 145/671/674 132/802/805 146/670/673
f 145/671/674 131/803/806 132/802/805
f 145/671/674 144/798/801 131/803/806
f 144/798/801 130/790/793 131/803/806
f 143/797/800 130/790/793 144/798/801
f 143/797/800 140/789/792 130/790/793
f 142/776/779 140/789/792 143/797/800
f 142/776/779 141/775/778 140/789/792
f 139/793/796 138/794/797 129/792/795
f 138/794/797 127/804/807 129/792/795
f 138/794/797 137/795/798 127/804/807
f 127/804/807 137/795/798 123/805/808
f 137/795/798 136/796/799 123/805/808
f 136/796/799 125/806/809 123/805/808
f 136/796/799 135/799/802 125/806/809
f 135/799/802 134/800/803 125/806/809
f 134/800/803 133/801/804 125/806/809
f 125/806/809 133/801/804 124/807/810
f 124/807/810 133/801/804 132/802/805
f 131/803/806 124/807/810 132/802/805
f 126/808/811 124/807/810 131/803/806
f 130/790/793 126/808/811 131/803/806
f 130/790/793 128/791/794 126/808/811
f 129/792/795 127/804/807 128/791/794
f 128/791/794 127/804/807 126/808/811
f 127/804/807 123/805/808 126/808/811
f 123/805/808 124/807/810 126/808/811
f 125/806/809 124/807/810 123/805/808
s 5
f 120/809/812 121/810/813 119/811/814
f 121/810/813 122/812/815 119/811/814
f 119/811/814 122/812/815 111/813/816
f 119/811/814 111/813/816 113/814/817
f 116/815/818 117/816/819 118/817/820
f 116/815/818 110/818/821 117/816/819
f 117/816/819 110/818/821 108/819/822
f 115/820/823 110/818/821 116/815/818
f 114/821/824 110/818/821 115/820/823
f 112/822/825 110/818/821 114/821/824
f 113/814/817 112/822/825 114/821/824
f 113/814/817 111/813/816 112/822/825
f 112/822/825 111/813/816 110/818/821
f 110/818/821 111/813/816 109/823/826
s 2
f 103/824/827 101/825/828 104/826/829
f 107/827/830 106/828/831 95/829/832
f 95/829/832 106/828/831 96/830/833
f 105/831/834 98/832/835 97/833/836
f 99/834/837 98/832/835 105/831/834
f 101/825/828 99/834/837 104/826/829
f 101/825/828 103/824/827 102/835/838
f 100/836/839 101/825/828 102/835/838
f 100/836/839 99/834/837 101/825/828
f 90/837/840 99/834/837 100/836/839
f 90/837/840 98/832/835 99/834/837
f 90/837/840 78/838/841 98/832/835
f 98/832/835 78/838/841 97/833/836
f 97/833/836 78/838/841 76/839/842
f 92/840/843 96/830/833 76/839/842
f 95/829/832 96/830/833 92/840/843
f 95/829/832 92/840/843 94/117/118
f 92/840/843 91/841/844 94/117/118
f 93/120/121 94/117/118 91/841/844
f 79/842/845 93/120/121 91/841/844
f 79/842/845 68/126/127 93/120/121
f 61/843/846 68/126/127 79/842/845
f 60/844/847 68/126/127 61/843/846
f 76/839/842 79/842/845 91/841/844
f 92/840/843 76/839/842 91/841/844
f 80/762/765 78/838/841 90/837/840
f 80/762/765 77/845/848 78/838/841
f 86/758/761 84/846/849 83/759/762
f 87/729/732 88/747/750 89/730/733
f 87/729/732 86/758/761 88/747/750
f 85/847/850 86/758/761 87/729/732
f 85/847/850 84/846/849 86/758/761
f 74/848/851 84/846/849 85/847/850
f 74/848/851 75/849/852 84/846/849
f 84/846/849 75/849/852 83/759/762
f 81/761/764 69/850/853 80/762/765
f 69/850/853 61/843/846 80/762/765
f 61/843/846 77/845/848 80/762/765
f 61/843/846 79/842/845 77/845/848
f 77/845/848 79/842/845 76/839/842
f 78/838/841 77/845/848 76/839/842
f 73/851/854 71/852/855 70/853/856
f 75/849/852 73/851/854 70/853/856
f 74/848/851 73/851/854 75/849/852
f 72/514/516 73/851/854 74/848/851
f 71/852/855 73/851/854 72/514/516
f 57/515/517 71/852/855 72/514/516
f 57/515/517 59/854/857 71/852/855
f 71/852/855 59/854/857 70/853/856
f 59/854/857 69/850/853 70/853/856
f 69/850/853 59/854/857 61/843/846
f 60/844/847 67/128/129 68/126/127
f 66/130/131 67/128/129 60/844/847
f 58/855/858 66/130/131 60/844/847
f 58/855/858 65/132/133 66/130/131
f 56/856/859 65/132/133 58/855/858
f 54/134/135 65/132/133 56/856/859
f 49/857/860 50/858/861 64/859/862
f 64/859/862 50/858/861 51/860/863
f 64/859/862 51/860/863 63/861/242
f 63/861/242 51/860/863 53/862/864
f 63/861/242 53/862/864 55/516/518
f 63/861/242 55/516/518 62/517/519
f 59/854/857 60/844/847 61/843/846
f 59/854/857 58/855/858 60/844/847
f 57/515/517 58/855/858 59/854/857
f 56/856/859 58/855/858 57/515/517
f 55/516/518 56/856/859 57/515/517
f 55/516/518 54/134/135 56/856/859
f 55/516/518 53/862/864 54/134/135
f 53/862/864 52/135/136 54/134/135
f 53/862/864 51/860/863 52/135/136
f 51/860/863 19/148/149 52/135/136
f 51/860/863 50/858/861 19/148/149
f 50/858/861 20/863/865 19/148/149
f 49/857/860 20/863/865 50/858/861
f 48/864/866 20/863/865 49/857/860
f 48/864/866 37/865/867 20/863/865
f 47/866/868 37/865/867 48/864/866
f 47/866/868 36/867/869 37/865/867
f 46/868/870 36/867/869 47/866/868
f 46/868/870 35/869/871 36/867/869
f 45/870/872 35/869/871 46/868/870
f 44/871/873 35/869/871 45/870/872
f 44/871/873 34/872/874 35/869/871
f 43/873/875 34/872/874 44/871/873
f 42/874/876 34/872/874 43/873/875
f 42/874/876 33/875/877 34/872/874
f 41/876/878 33/875/877 42/874/876
f 41/876/878 32/877/879 33/875/877
f 40/878/880 32/877/879 41/876/878
f 40/878/880 31/879/881 32/877/879
f 39/880/882 31/879/881 40/878/880
f 39/880/882 30/881/883 31/879/881
f 38/882/884 30/881/883 39/880/882
f 38/882/884 7/883/885 30/881/883
f 20/863/865 37/865/867 18/884/886
f 37/865/867 24/885/887 18/884/886
f 37/865/867 36/867/869 24/885/887
f 36/867/869 25/886/888 24/885/887
f 36/867/869 35/869/871 25/886/888
f 35/869/871 26/887/889 25/886/888
f 35/869/871 34/872/874 26/887/889
f 34/872/874 33/875/877 26/887/889
f 33/875/877 27/888/890 26/887/889
f 33/875/877 32/877/879 27/888/890
f 32/877/879 28/889/891 27/888/890
f 32/877/879 31/879/881 28/889/891
f 31/879/881 29/890/892 28/889/891
f 31/879/881 30/881/883 29/890/892
f 30/881/883 10/891/893 29/890/892
f 30/881/883 7/883/885 10/891/893
f 10/891/893 12/892/894 29/890/892
f 29/890/892 12/892/894 13/893/895
f 29/890/892 13/893/895 28/889/891
f 28/889/891 13/893/895 21/894/896
f 28/889/891 21/894/896 27/888/890
f 27/888/890 21/894/896 23/895/897
f 27/888/890 23/895/897 26/887/889
f 26/887/889 23/895/897 25/886/888
f 23/895/897 22/896/898 25/886/888
f 25/886/888 22/896/898 24/885/887
f 24/885/887 22/896/898 16/897/899
f 24/885/887 16/897/899 18/884/886
f 23/895/897 21/894/896 22/896/898
f 22/896/898 21/894/896 14/898/900
f 16/897/899 22/896/898 14/898/900
f 21/894/896 13/893/895 14/898/900
f 20/863/865 18/884/886 19/148/149
f 18/884/886 17/147/148 19/148/149
f 18/884/886 16/897/899 17/147/148
f 17/147/148 16/897/899 15/149/150
f 16/897/899 14/898/900 15/149/150
f 14/898/900 6/151/152 15/149/150
f 14/898/900 13/893/895 6/151/152
f 6/151/152 13/893/895 1/899/901
f 13/893/895 12/892/894 1/899/901
f 12/892/894 3/900/902 1/899/901
f 11/901/903 3/900/902 12/892/894
f 11/901/903 12/892/894 10/891/893
f 8/902/904 11/901/903 10/891/893
f 7/883/885 8/902/904 10/891/893
f 9/903/905 8/902/904 7/883/885
f 6/151/152 1/899/901 4/153/154
f 1/899/901 2/904/906 4/153/154
f 2/904/906 5/155/156 4/153/154
f 3/900/902 2/904/906 1/899/901
s 6
f 1443/905/907 1181/906/908 1179/907/909
f 1443/905/907 1179/907/909 1190/908/910
f 1430/909/911 1443/905/907 1190/908/910
f 1430/909/911 1190/908/910 1429/910/912
f 1190/908/910 1191/911/913 1429/910/912
f 1429/910/912 1191/911/913 1433/912/914
f 1433/912/914 1191/911/913 1193/913/915
f 1433/912/914 1193/913/915 1435/914/916
f 1435/914/916 1193/913/915 1195/915/917
f 1435/914/916 1195/915/917 1437/916/918
f 1437/916/918 1195/915/917 1197/917/919
f 1437/916/918 1197/917/919 1439/918/920
f 1439/918/920 1197/917/919 1199/919/921
f 1439/918/920 1199/919/921 1441/920/922
f 1441/920/922 1199/919/921 1201/921/923
f 1442/922/924 1441/920/922 1201/921/923
f 1203/923/925 1442/922/924 1201/921/923
f 1206/924/926 1442/922/924 1203/923/925
f 1426/925/927 1442/922/924 1206/924/926
f 1426/925/927 1427/926/928 1442/922/924
f 1442/922/924 1427/926/928 1441/920/922
f 1427/926/928 1440/927/929 1441/920/922
f 1440/927/929 1439/918/920 1441/920/922
f 1440/927/929 1438/928/930 1439/918/920
f 1438/928/930 1437/916/918 1439/918/920
f 1438/928/930 1436/929/931 1437/916/918
f 1436/929/931 1435/914/916 1437/916/918
f 1436/929/931 1434/930/932 1435/914/916
f 1434/930/932 1433/912/914 1435/914/916
f 1434/930/932 1432/931/933 1433/912/914
f 1432/931/933 1429/910/912 1433/912/914
f 1432/931/933 1431/932/934 1429/910/912
f 1431/932/934 1430/909/911 1429/910/912
f 1428/933/935 1427/926/928 1426/925/927
f 1051/934/936 1418/935/937 1062/936/938
f 1049/937/939 1418/935/937 1051/934/936
f 1049/937/939 1419/938/940 1418/935/937
f 1048/939/941 1419/938/940 1049/937/939
f 1048/939/941 1421/940/942 1419/938/940
f 1047/941/943 1421/940/942 1048/939/941
f 1047/941/943 1423/942/944 1421/940/942
f 1046/943/945 1423/942/944 1047/941/943
f 1046/943/945 1425/944/946 1423/942/944
f 1039/945/947 1425/944/946 1046/943/945
f 1039/945/947 1148/946/948 1425/944/946
f 1148/946/948 1150/947/949 1425/944/946
f 1425/944/946 1150/947/949 1424/948/950
f 1150/947/949 1151/949/951 1424/948/950
f 1424/948/950 1151/949/951 1422/950/952
f 1151/949/951 1152/951/953 1422/950/952
f 1422/950/952 1152/951/953 1420/952/954
f 1420/952/954 1152/951/953 1417/953/955
f 1423/942/944 1425/944/946 1424/948/950
f 1423/942/944 1424/948/950 1422/950/952
f 1421/940/942 1423/942/944 1422/950/952
f 1421/940/942 1422/950/952 1420/952/954
f 1419/938/940 1421/940/942 1420/952/954
f 1419/938/940 1420/952/954 1417/953/955
f 1418/935/937 1419/938/940 1417/953/955
f 1418/935/937 1417/953/955 1062/936/938
f 1417/953/955 1063/954/956 1062/936/938
f 1417/953/955 1152/951/953 1063/954/956
f 1411/955/957 1410/956/958 1416/957/959
f 1416/957/959 1410/956/958 1415/958/960
f 1410/956/958 1409/959/961 1415/958/960
f 1415/958/960 1409/959/961 1408/960/962
f 1414/961/963 1415/958/960 1408/960/962
f 1413/962/964 1414/961/963 1408/960/962
f 1412/963/965 1413/962/964 1408/960/962
f 1407/964/966 1412/963/965 1408/960/962
f 1403/965/967 1404/966/968 1411/955/957
f 1411/955/957 1404/966/968 1410/956/958
f 1410/956/958 1404/966/968 1402/967/969
f 1410/956/958 1402/967/969 1409/959/961
f 1409/959/961 1402/967/969 1401/968/970
f 1408/960/962 1409/959/961 1401/968/970
f 1396/969/971 1408/960/962 1401/968/970
f 1396/969/971 1407/964/966 1408/960/962
f 1397/970/972 1407/964/966 1396/969/971
f 1406/971/973 1407/964/966 1397/970/972
f 1406/971/973 1397/970/972 1398/972/974
f 1405/973/975 1406/971/973 1398/972/974
f 987/974/976 1405/973/975 1398/972/974
f 987/974/976 1398/972/974 981/975/977
f 1398/972/974 1399/976/978 981/975/977
f 1399/976/978 979/977/979 981/975/977
f 1399/976/978 1400/978/980 979/977/979
f 1400/978/980 977/979/981 979/977/979
f 1400/978/980 1402/967/969 977/979/981
f 1402/967/969 973/980/982 977/979/981
f 1404/966/968 973/980/982 1402/967/969
f 1404/966/968 975/981/983 973/980/982
f 1403/965/967 975/981/983 1404/966/968
f 1023/982/984 975/981/983 1403/965/967
f 1395/983/985 1396/969/971 1401/968/970
f 1401/968/970 1402/967/969 1400/978/980
f 1395/983/985 1401/968/970 1400/978/980
f 1399/976/978 1395/983/985 1400/978/980
f 1398/972/974 1395/983/985 1399/976/978
f 1397/970/972 1395/983/985 1398/972/974
f 1397/970/972 1396/969/971 1395/983/985
s 7
f 1357/984/986 1358/985/987 1394/986/988
f 1358/985/987 1393/987/989 1394/986/988
f 1394/986/988 1393/987/989 1392/988/990
f 1393/987/989 1387/989/991 1392/988/990
f 1392/988/990 1387/989/991 1391/990/992
f 1391/990/992 1387/989/991 1390/991/993
f 1390/991/993 1387/989/991 1389/992/994
f 1389/992/994 1387/989/991 1388/993/995
f 1388/993/995 1387/989/991 1385/994/996
f 1387/989/991 1386/995/997 1385/994/996
f 1386/995/997 1382/996/998 1385/994/996
f 1385/994/996 1382/996/998 1384/997/999
f 1384/997/999 1382/996/998 1383/998/1000
f 1383/998/1000 1382/996/998 1381/999/1001
f 1382/996/998 1380/1000/1002 1381/999/1001
f 1381/999/1001 1380/1000/1002 1379/1001/1003
f 1380/1000/1002 1378/1002/1004 1379/1001/1003
f 1379/1001/1003 1378/1002/1004 1377/1003/1005
f 1378/1002/1004 1376/1004/1006 1377/1003/1005
f 1377/1003/1005 1376/1004/1006 1375/1005/1007
f 1376/1004/1006 1374/1006/1008 1375/1005/1007
f 1375/1005/1007 1374/1006/1008 1373/1007/1009
f 1374/1006/1008 1372/1008/1010 1373/1007/1009
f 1373/1007/1009 1372/1008/1010 1371/1009/1011
f 1372/1008/1010 1370/1010/1012 1371/1009/1011
f 1371/1009/1011 1370/1010/1012 1369/1011/1013
f 1370/1010/1012 1368/1012/1014 1369/1011/1013
f 1369/1011/1013 1368/1012/1014 1367/1013/1015
f 1368/1012/1014 1365/1014/1016 1367/1013/1015
f 1367/1013/1015 1365/1014/1016 1366/1015/1017
f 1366/1015/1017 1365/1014/1016 1363/1016/1018
f 1365/1014/1016 1364/1017/1019 1363/1016/1018
f 1364/1017/1019 1361/1018/1020 1363/1016/1018
f 1363/1016/1018 1361/1018/1020 1362/1019/1021
f 1362/1019/1021 1361/1018/1020 1360/1020/1022
f 1361/1018/1020 1359/1021/1023 1360/1020/1022
f 1359/1021/1023 1357/984/986 1360/1020/1022
f 1359/1021/1023 1358/985/987 1357/984/986
s 8
f 1355/1022/1024 1349/1023/1025 1350/1024/1026
f 1355/1022/1024 1356/1025/1027 1349/1023/1025
f 1349/1023/1025 1356/1025/1027 1348/1026/1028
f 1356/1025/1027 1347/1027/1029 1348/1026/1028
f 1356/1025/1027 1346/1028/1030 1347/1027/1029
f 1345/1029/1031 1346/1028/1030 1356/1025/1027
f 1345/1029/1031 1356/1025/1027 1355/1022/1024
f 1353/1030/1032 1345/1029/1031 1355/1022/1024
f 1353/1030/1032 1355/1022/1024 1350/1024/1026
f 1354/1031/1033 1353/1030/1032 1350/1024/1026
f 1351/1032/1034 1354/1031/1033 1350/1024/1026
f 1353/1030/1032 1352/1033/1035 1345/1029/1031
f 1352/1033/1035 1343/1034/1036 1345/1029/1031
f 1262/1035/1037 1351/1032/1034 1257/1036/1038
f 1351/1032/1034 1258/1037/1039 1257/1036/1038
f 1351/1032/1034 1350/1024/1026 1258/1037/1039
f 1350/1024/1026 1261/1038/1040 1258/1037/1039
f 1350/1024/1026 1349/1023/1025 1261/1038/1040
f 1261/1038/1040 1349/1023/1025 1259/1039/1041
f 1349/1023/1025 1348/1026/1028 1259/1039/1041
f 1348/1026/1028 1260/1040/1042 1259/1039/1041
f 1338/1041/1043 1260/1040/1042 1348/1026/1028
f 1347/1027/1029 1338/1041/1043 1348/1026/1028
f 1337/1042/1044 1338/1041/1043 1347/1027/1029
f 1346/1028/1030 1337/1042/1044 1347/1027/1029
f 1346/1028/1030 1339/1043/1045 1337/1042/1044
f 1345/1029/1031 1339/1043/1045 1346/1028/1030
f 1341/1044/1046 1339/1043/1045 1345/1029/1031
f 1343/1034/1036 1341/1044/1046 1345/1029/1031
f 1343/1034/1036 1342/1045/1047 1341/1044/1046
f 1344/1046/1048 1342/1045/1047 1343/1034/1036
f 1342/1045/1047 1340/1047/1049 1341/1044/1046
f 1340/1047/1049 1339/1043/1045 1341/1044/1046
f 1340/1047/1049 1334/1048/1050 1339/1043/1045
f 1339/1043/1045 1334/1048/1050 1337/1042/1044
f 1334/1048/1050 1335/1049/1051 1337/1042/1044
f 1335/1049/1051 1338/1041/1043 1337/1042/1044
f 1336/1050/1052 1335/1049/1051 1334/1048/1050
f 1329/1051/1053 1331/1052/1054 1328/1053/1055
f 1333/1054/1056 1294/1055/1057 1293/1056/1058
f 1332/1057/1059 1294/1055/1057 1333/1054/1056
f 1296/1058/1060 1294/1055/1057 1332/1057/1059
f 1300/1059/1061 1296/1058/1060 1332/1057/1059
f 1300/1059/1061 1332/1057/1059 1331/1052/1054
f 1329/1051/1053 1300/1059/1061 1331/1052/1054
f 1298/1060/1062 1300/1059/1061 1329/1051/1053
f 1330/1061/1063 1298/1060/1062 1329/1051/1053
f 1315/1062/1064 1298/1060/1062 1330/1061/1063
f 1315/1062/1064 1330/1061/1063 1316/1063/1065
f 1316/1063/1065 1330/1061/1063 1319/1064/1066
f 1319/1064/1066 1330/1061/1063 1329/1051/1053
f 1321/1065/1067 1319/1064/1066 1329/1051/1053
f 1321/1065/1067 1329/1051/1053 1328/1053/1055
f 1321/1065/1067 1328/1053/1055 1323/1066/1068
f 1327/1067/1069 1325/1068/1070 1326/1069/1071
f 1325/1068/1070 1318/1070/1072 1326/1069/1071
f 1318/1070/1072 1320/1071/1073 1326/1069/1071
f 1325/1068/1070 1317/1072/1074 1318/1070/1072
f 1324/1073/1075 1322/1074/1076 1323/1066/1068
f 1322/1074/1076 1321/1065/1067 1323/1066/1068
f 1320/1071/1073 1321/1065/1067 1322/1074/1076
f 1319/1064/1066 1321/1065/1067 1320/1071/1073
f 1318/1070/1072 1319/1064/1066 1320/1071/1073
f 1316/1063/1065 1319/1064/1066 1318/1070/1072
f 1317/1072/1074 1316/1063/1065 1318/1070/1072
f 1317/1072/1074 1308/1075/1077 1316/1063/1065
f 1308/1075/1077 1315/1062/1064 1316/1063/1065
f 1308/1075/1077 1299/1076/1078 1315/1062/1064
f 1299/1076/1078 1298/1060/1062 1315/1062/1064
f 1299/1076/1078 1297/1077/1079 1298/1060/1062
f 1311/1078/1080 1314/1079/1081 1310/1080/1082
f 1314/1079/1081 1309/1081/1083 1310/1080/1082
f 1314/1079/1081 1313/1082/1084 1309/1081/1083
f 1313/1082/1084 1312/1083/1085 1309/1081/1083
f 1312/1083/1085 1302/1084/1086 1309/1081/1083
f 1312/1083/1085 1301/1085/1087 1302/1084/1086
f 1307/1086/1088 1311/1078/1080 1306/1087/1089
f 1311/1078/1080 1310/1080/1082 1306/1087/1089
f 1310/1080/1082 1305/1088/1090 1306/1087/1089
f 1309/1081/1083 1305/1088/1090 1310/1080/1082
f 1309/1081/1083 1304/1089/1091 1305/1088/1090
f 1302/1084/1086 1304/1089/1091 1309/1081/1083
f 1302/1084/1086 1303/1090/1092 1304/1089/1091
f 1308/1075/1077 1307/1086/1088 1299/1076/1078
f 1307/1086/1088 1306/1087/1089 1299/1076/1078
f 1306/1087/1089 1295/1091/1093 1299/1076/1078
f 1306/1087/1089 1305/1088/1090 1295/1091/1093
f 1295/1091/1093 1305/1088/1090 1292/1092/1094
f 1305/1088/1090 1304/1089/1091 1292/1092/1094
f 1304/1089/1091 1290/1093/1095 1292/1092/1094
f 1304/1089/1091 1303/1090/1092 1290/1093/1095
f 1303/1090/1092 1289/1094/1096 1290/1093/1095
f 1303/1090/1092 1288/1095/1097 1289/1094/1096
f 1302/1084/1086 1288/1095/1097 1303/1090/1092
f 1287/1096/1098 1288/1095/1097 1302/1084/1086
f 1301/1085/1087 1287/1096/1098 1302/1084/1086
f 1301/1085/1087 1286/1097/1099 1287/1096/1098
f 1300/1059/1061 1298/1060/1062 1296/1058/1060
f 1299/1076/1078 1295/1091/1093 1297/1077/1079
f 1298/1060/1062 1297/1077/1079 1296/1058/1060
f 1297/1077/1079 1295/1091/1093 1296/1058/1060
f 1296/1058/1060 1295/1091/1093 1294/1055/1057
f 1294/1055/1057 1295/1091/1093 1292/1092/1094
f 1293/1056/1058 1294/1055/1057 1292/1092/1094
f 1293/1056/1058 1292/1092/1094 1291/1098/1100
f 1290/1093/1095 1291/1098/1100 1292/1092/1094
f 1283/1099/1101 1291/1098/1100 1290/1093/1095
f 1289/1094/1096 1283/1099/1101 1290/1093/1095
f 1282/1100/1102 1283/1099/1101 1289/1094/1096
f 1288/1095/1097 1282/1100/1102 1289/1094/1096
f 1288/1095/1097 1284/1101/1103 1282/1100/1102
f 1287/1096/1098 1284/1101/1103 1288/1095/1097
f 1285/1102/1104 1284/1101/1103 1287/1096/1098
f 1286/1097/1099 1285/1102/1104 1287/1096/1098
f 1286/1097/1099 1277/1103/1105 1285/1102/1104
f 1277/1103/1105 1275/1104/1106 1285/1102/1104
f 1277/1103/1105 1274/1105/1107 1275/1104/1106
f 1275/1104/1106 1273/1106/1108 1285/1102/1104
f 1285/1102/1104 1273/1106/1108 1284/1101/1103
f 1284/1101/1103 1273/1106/1108 1279/1107/1109
f 1284/1101/1103 1279/1107/1109 1282/1100/1102
f 1279/1107/1109 1280/1108/1110 1282/1100/1102
f 1280/1108/1110 1283/1099/1101 1282/1100/1102
f 1273/1106/1108 1271/1109/1111 1279/1107/1109
f 1271/1109/1111 1278/1110/1112 1279/1107/1109
f 1278/1110/1112 1281/1111/1113 1279/1107/1109
f 1281/1111/1113 1280/1108/1110 1279/1107/1109
f 1270/1112/1114 1278/1110/1112 1271/1109/1111
f 1276/1113/1115 1265/1114/1116 1266/1115/1117
f 1277/1103/1105 1276/1113/1115 1274/1105/1107
f 1276/1113/1115 1266/1115/1117 1274/1105/1107
f 1266/1115/1117 1272/1116/1118 1274/1105/1107
f 1266/1115/1117 1267/1117/1119 1272/1116/1118
f 1272/1116/1118 1267/1117/1119 1269/1118/1120
f 1267/1117/1119 1268/1119/1121 1269/1118/1120
f 1274/1105/1107 1273/1106/1108 1275/1104/1106
f 1274/1105/1107 1272/1116/1118 1273/1106/1108
f 1273/1106/1108 1272/1116/1118 1271/1109/1111
f 1272/1116/1118 1269/1118/1120 1271/1109/1111
f 1269/1118/1120 1270/1112/1114 1271/1109/1111
f 1253/1120/1122 1270/1112/1114 1269/1118/1120
f 1268/1119/1121 1253/1120/1122 1269/1118/1120
f 1252/1121/1123 1253/1120/1122 1268/1119/1121
f 1267/1117/1119 1252/1121/1123 1268/1119/1121
f 1267/1117/1119 1254/1122/1124 1252/1121/1123
f 1266/1115/1117 1254/1122/1124 1267/1117/1119
f 1255/1123/1125 1254/1122/1124 1266/1115/1117
f 1265/1114/1116 1255/1123/1125 1266/1115/1117
f 1265/1114/1116 1264/1124/1126 1255/1123/1125
f 1264/1124/1126 1256/1125/1127 1255/1123/1125
f 1264/1124/1126 1263/1126/1128 1256/1125/1127
f 1263/1126/1128 1262/1035/1037 1256/1125/1127
f 1262/1035/1037 1257/1036/1038 1256/1125/1127
f 1258/1037/1039 1261/1038/1040 1249/1127/1129
f 1249/1127/1129 1261/1038/1040 1250/1128/1130
f 1261/1038/1040 1259/1039/1041 1250/1128/1130
f 1259/1039/1041 1251/1129/1131 1250/1128/1130
f 1260/1040/1042 1251/1129/1131 1259/1039/1041
f 1258/1037/1039 1249/1127/1129 1257/1036/1038
f 1257/1036/1038 1249/1127/1129 1256/1125/1127
f 1256/1125/1127 1249/1127/1129 1248/1130/1132
f 1256/1125/1127 1248/1130/1132 1255/1123/1125
f 1255/1123/1125 1248/1130/1132 1254/1122/1124
f 1254/1122/1124 1248/1130/1132 1246/1131/1133
f 1254/1122/1124 1246/1131/1133 1252/1121/1123
f 1246/1131/1133 1247/1132/1134 1252/1121/1123
f 1247/1132/1134 1253/1120/1122 1252/1121/1123
f 1251/1129/1131 1244/1133/1135 1250/1128/1130
f 1250/1128/1130 1244/1133/1135 1242/1134/1136
f 1249/1127/1129 1250/1128/1130 1242/1134/1136
f 1248/1130/1132 1249/1127/1129 1242/1134/1136
f 1248/1130/1132 1242/1134/1136 1246/1131/1133
f 1242/1134/1136 1245/1135/1137 1246/1131/1133
f 1245/1135/1137 1247/1132/1134 1246/1131/1133
f 1243/1136/1138 1245/1135/1137 1242/1134/1136
f 1244/1133/1135 1243/1136/1138 1242/1134/1136
s 9
f 1241/1137/1139 1239/1138/1139 1240/1139/1140
s 10
f 1238/1140/1141 1237/1141/1142 1236/1142/1143
f 1237/1141/1142 1235/1143/1144 1236/1142/1143
f 1236/1142/1143 1235/1143/1144 1234/1144/1145
f 1235/1143/1144 1233/1145/1146 1234/1144/1145
s 6
f 1214/1146/1147 1232/1147/1148 1231/1148/1149
f 1161/1149/1150 1232/1147/1148 1214/1146/1147
f 1159/1150/1151 1232/1147/1148 1161/1149/1150
f 1156/1151/1152 1084/1152/1153 1085/1153/1154
f 1156/1151/1152 1085/1153/1154 1157/1154/1155
f 1157/1154/1155 1085/1153/1154 1098/1155/1156
f 1157/1154/1155 1098/1155/1156 1159/1150/1151
f 1159/1150/1151 1098/1155/1156 1232/1147/1148
f 1232/1147/1148 1098/1155/1156 1096/1156/1157
f 1232/1147/1148 1096/1156/1157 1231/1148/1149
f 1096/1156/1157 1095/1157/1158 1231/1148/1149
f 1095/1157/1158 1224/1158/1159 1231/1148/1149
f 1099/1159/1160 1224/1158/1159 1095/1157/1158
f 1099/1159/1160 1226/1160/1161 1224/1158/1159
f 1104/1161/1162 1226/1160/1161 1099/1159/1160
f 1228/1162/1163 1226/1160/1161 1104/1161/1162
f 1109/1163/1164 1228/1162/1163 1104/1161/1162
f 1109/1163/1164 1230/1164/1165 1228/1162/1163
f 1105/1165/1166 1230/1164/1165 1109/1163/1164
f 1213/1166/1167 1230/1164/1165 1105/1165/1166
f 1213/1166/1167 1221/1167/1168 1230/1164/1165
f 1231/1148/1149 1224/1158/1159 1222/1168/1169
f 1214/1146/1147 1231/1148/1149 1222/1168/1169
f 1215/1169/1170 1214/1146/1147 1222/1168/1169
f 1217/1170/1171 1223/1171/1172 1218/1172/1173
f 1218/1172/1173 1223/1171/1172 1225/1173/1174
f 1219/1174/1175 1218/1172/1173 1225/1173/1174
f 1227/1175/1176 1219/1174/1175 1225/1173/1174
f 1220/1176/1177 1219/1174/1175 1227/1175/1176
f 1220/1176/1177 1227/1175/1176 1229/1177/1178
f 1221/1167/1168 1220/1176/1177 1229/1177/1178
f 1230/1164/1165 1221/1167/1168 1229/1177/1178
f 1230/1164/1165 1229/1177/1178 1228/1162/1163
f 1229/1177/1178 1227/1175/1176 1228/1162/1163
f 1228/1162/1163 1227/1175/1176 1226/1160/1161
f 1226/1160/1161 1227/1175/1176 1225/1173/1174
f 1226/1160/1161 1225/1173/1174 1224/1158/1159
f 1224/1158/1159 1225/1173/1174 1223/1171/1172
f 1222/1168/1169 1224/1158/1159 1223/1171/1172
f 1222/1168/1169 1223/1171/1172 1217/1170/1171
f 1215/1169/1170 1222/1168/1169 1217/1170/1171
f 1216/1178/1179 1215/1169/1170 1217/1170/1171
f 1212/1179/1180 1221/1167/1168 1213/1166/1167
f 1212/1179/1180 1211/1180/1181 1221/1167/1168
f 1221/1167/1168 1211/1180/1181 1220/1176/1177
f 1211/1180/1181 1210/1181/1182 1220/1176/1177
f 1210/1181/1182 1219/1174/1175 1220/1176/1177
f 1210/1181/1182 1209/1182/1183 1219/1174/1175
f 1219/1174/1175 1209/1182/1183 1218/1172/1173
f 1209/1182/1183 1208/1183/1184 1218/1172/1173
f 1208/1183/1184 1217/1170/1171 1218/1172/1173
f 1208/1183/1184 1207/1184/1185 1217/1170/1171
f 1207/1184/1185 1216/1178/1179 1217/1170/1171
f 1170/1185/1186 1216/1178/1179 1207/1184/1185
f 1167/1186/1187 1216/1178/1179 1170/1185/1186
f 1165/1187/1188 1216/1178/1179 1167/1186/1187
f 1165/1187/1188 1215/1169/1170 1216/1178/1179
f 1163/1188/1189 1215/1169/1170 1165/1187/1188
f 1163/1188/1189 1214/1146/1147 1215/1169/1170
f 1161/1149/1150 1214/1146/1147 1163/1188/1189
f 1106/1189/1190 1213/1166/1167 1105/1165/1166
f 1106/1189/1190 1118/1190/1191 1213/1166/1167
f 1118/1190/1191 1212/1179/1180 1213/1166/1167
f 1118/1190/1191 1204/1191/1192 1212/1179/1180
f 1204/1191/1192 1202/1192/1193 1212/1179/1180
f 1202/1192/1193 1211/1180/1181 1212/1179/1180
f 1202/1192/1193 1200/1193/1194 1211/1180/1181
f 1211/1180/1181 1200/1193/1194 1210/1181/1182
f 1200/1193/1194 1198/1194/1195 1210/1181/1182
f 1198/1194/1195 1209/1182/1183 1210/1181/1182
f 1196/1195/1196 1209/1182/1183 1198/1194/1195
f 1196/1195/1196 1208/1183/1184 1209/1182/1183
f 1194/1196/1197 1208/1183/1184 1196/1195/1196
f 1194/1196/1197 1207/1184/1185 1208/1183/1184
f 1192/1197/1198 1207/1184/1185 1194/1196/1197
f 1170/1185/1186 1207/1184/1185 1192/1197/1198
f 1180/1198/1199 1170/1185/1186 1192/1197/1198
f 1180/1198/1199 1169/1199/1200 1170/1185/1186
f 1206/924/926 1203/923/925 1205/1200/1201
f 1119/1201/1202 1204/1191/1192 1118/1190/1191
f 1205/1200/1201 1204/1191/1192 1119/1201/1202
f 1205/1200/1201 1203/923/925 1204/1191/1192
f 1204/1191/1192 1203/923/925 1202/1192/1193
f 1203/923/925 1201/921/923 1202/1192/1193
f 1201/921/923 1200/1193/1194 1202/1192/1193
f 1201/921/923 1199/919/921 1200/1193/1194
f 1200/1193/1194 1199/919/921 1198/1194/1195
f 1199/919/921 1197/917/919 1198/1194/1195
f 1197/917/919 1196/1195/1196 1198/1194/1195
f 1197/917/919 1195/915/917 1196/1195/1196
f 1195/915/917 1194/1196/1197 1196/1195/1196
f 1195/915/917 1193/913/915 1194/1196/1197
f 1193/913/915 1192/1197/1198 1194/1196/1197
f 1193/913/915 1191/911/913 1192/1197/1198
f 1191/911/913 1180/1198/1199 1192/1197/1198
f 1190/908/910 1180/1198/1199 1191/911/913
f 1179/907/909 1180/1198/1199 1190/908/910
f 951/1202/1203 949/1203/1204 1171/1204/1205
f 1189/1205/1206 951/1202/1203 1171/1204/1205
f 1189/1205/1206 1171/1204/1205 1172/1206/1207
f 1188/1207/1208 1189/1205/1206 1172/1206/1207
f 1188/1207/1208 1172/1206/1207 1173/1208/1209
f 1187/1209/1210 1188/1207/1208 1173/1208/1209
f 1187/1209/1210 1173/1208/1209 1174/1210/1211
f 1186/1211/1212 1187/1209/1210 1174/1210/1211
f 1186/1211/1212 1174/1210/1211 1175/1212/1213
f 1185/1213/1214 1186/1211/1212 1175/1212/1213
f 1185/1213/1214 1175/1212/1213 1176/1214/1215
f 1184/1215/1216 1185/1213/1214 1176/1214/1215
f 1183/1216/1217 1184/1215/1216 1176/1214/1215
f 1183/1216/1217 1176/1214/1215 1177/1217/1218
f 1182/1218/1219 1183/1216/1217 1177/1217/1218
f 1182/1218/1219 1177/1217/1218 1178/1219/1220
f 1181/906/908 1182/1218/1219 1178/1219/1220
f 1181/906/908 1178/1219/1220 1179/907/909
f 1179/907/909 1169/1199/1200 1180/1198/1199
f 1178/1219/1220 1169/1199/1200 1179/907/909
f 1177/1217/1218 1169/1199/1200 1178/1219/1220
f 1177/1217/1218 1168/1220/1221 1169/1199/1200
f 1176/1214/1215 1168/1220/1221 1177/1217/1218
f 1175/1212/1213 1168/1220/1221 1176/1214/1215
f 1175/1212/1213 1166/1221/1222 1168/1220/1221
f 1174/1210/1211 1166/1221/1222 1175/1212/1213
f 1174/1210/1211 1164/1222/1223 1166/1221/1222
f 1173/1208/1209 1164/1222/1223 1174/1210/1211
f 1173/1208/1209 1162/1223/1224 1164/1222/1223
f 1172/1206/1207 1162/1223/1224 1173/1208/1209
f 1172/1206/1207 1160/1224/1225 1162/1223/1224
f 1171/1204/1205 1160/1224/1225 1172/1206/1207
f 1171/1204/1205 1158/1225/1226 1160/1224/1225
f 949/1203/1204 1158/1225/1226 1171/1204/1205
f 949/1203/1204 944/1226/1227 1158/1225/1226
f 945/1227/1228 944/1226/1227 949/1203/1204
f 1169/1199/1200 1167/1186/1187 1170/1185/1186
f 1169/1199/1200 1168/1220/1221 1167/1186/1187
f 1168/1220/1221 1166/1221/1222 1167/1186/1187
f 1166/1221/1222 1165/1187/1188 1167/1186/1187
f 1166/1221/1222 1164/1222/1223 1165/1187/1188
f 1164/1222/1223 1163/1188/1189 1165/1187/1188
f 1164/1222/1223 1162/1223/1224 1163/1188/1189
f 1162/1223/1224 1161/1149/1150 1163/1188/1189
f 1162/1223/1224 1160/1224/1225 1161/1149/1150
f 1160/1224/1225 1159/1150/1151 1161/1149/1150
f 1160/1224/1225 1158/1225/1226 1159/1150/1151
f 1158/1225/1226 1157/1154/1155 1159/1150/1151
f 1158/1225/1226 944/1226/1227 1157/1154/1155
f 944/1226/1227 1156/1151/1152 1157/1154/1155
f 944/1226/1227 942/1228/1229 1156/1151/1152
f 942/1228/1229 940/1229/1230 1156/1151/1152
f 940/1229/1230 1084/1152/1153 1156/1151/1152
f 1084/1152/1153 940/1229/1230 938/1230/1231
f 1086/1231/1232 1084/1152/1153 938/1230/1231
f 1086/1231/1232 938/1230/1231 937/1232/1233
f 1081/1233/1234 1086/1231/1232 937/1232/1233
f 947/1234/1235 1081/1233/1234 937/1232/1233
f 1080/1235/1236 1081/1233/1234 947/1234/1235
f 1080/1235/1236 947/1234/1235 948/1236/1237
f 1091/1237/1238 1080/1235/1236 948/1236/1237
f 931/1238/1239 1091/1237/1238 948/1236/1237
f 931/1238/1239 1092/1239/1240 1091/1237/1238
f 1155/1240/1241 1092/1239/1240 931/1238/1239
f 1094/1241/1242 1092/1239/1240 1155/1240/1241
f 1154/1242/1243 1094/1241/1242 1155/1240/1241
f 1154/1242/1243 1116/1243/1244 1094/1241/1242
f 1153/1244/1245 1116/1243/1244 1154/1242/1243
f 1134/1245/1246 1116/1243/1244 1153/1244/1245
f 1135/1246/1247 1116/1243/1244 1134/1245/1246
f 1135/1246/1247 1115/1247/1248 1116/1243/1244
f 1127/1248/1249 1115/1247/1248 1135/1246/1247
f 1073/1249/1250 931/1238/1239 932/1250/1251
f 1155/1240/1241 931/1238/1239 1073/1249/1250
f 1059/1251/1252 1155/1240/1241 1073/1249/1250
f 1059/1251/1252 1154/1242/1243 1155/1240/1241
f 1064/1252/1253 1154/1242/1243 1059/1251/1252
f 1153/1244/1245 1154/1242/1243 1064/1252/1253
f 1063/954/956 1153/1244/1245 1064/1252/1253
f 1063/954/956 1134/1245/1246 1153/1244/1245
f 1063/954/956 1152/951/953 1134/1245/1246
f 1152/951/953 1136/1253/1254 1134/1245/1246
f 1151/949/951 1136/1253/1254 1152/951/953
f 1146/1254/1255 1136/1253/1254 1151/949/951
f 1146/1254/1255 1151/949/951 1150/947/949
f 1146/1254/1255 1150/947/949 1149/1255/1256
f 1149/1255/1256 1150/947/949 1148/946/948
f 1149/1255/1256 1148/946/948 1045/1256/1257
f 1045/1256/1257 1148/946/948 1040/1257/1258
f 1040/1257/1258 1148/946/948 1039/945/947
f 1138/1258/1259 1137/1259/1260 1147/1260/1261
f 1147/1260/1261 1137/1259/1260 1136/1253/1254
f 1147/1260/1261 1136/1253/1254 1146/1254/1255
f 1120/1261/1262 1121/1262/1263 1145/1263/1264
f 1145/1263/1264 1121/1262/1263 1128/1264/1265
f 1145/1263/1264 1128/1264/1265 1144/1265/1266
f 1144/1265/1266 1128/1264/1265 1129/1266/1267
f 1144/1265/1266 1129/1266/1267 1143/1267/1268
f 1143/1267/1268 1129/1266/1267 1142/1268/1269
f 1142/1268/1269 1129/1266/1267 1130/1269/1270
f 1142/1268/1269 1130/1269/1270 1141/1270/1271
f 1141/1270/1271 1130/1269/1270 1131/1271/1272
f 1141/1270/1271 1131/1271/1272 1140/1272/1273
f 1140/1272/1273 1131/1271/1272 1132/1273/1274
f 1140/1272/1273 1132/1273/1274 1139/1274/1275
f 1139/1274/1275 1132/1273/1274 1133/1275/1276
f 1139/1274/1275 1133/1275/1276 1138/1258/1259
f 1138/1258/1259 1133/1275/1276 1137/1259/1260
f 1137/1259/1260 1133/1275/1276 1127/1248/1249
f 1137/1259/1260 1127/1248/1249 1135/1246/1247
f 1136/1253/1254 1137/1259/1260 1135/1246/1247
f 1136/1253/1254 1135/1246/1247 1134/1245/1246
f 1133/1275/1276 1132/1273/1274 1127/1248/1249
f 1132/1273/1274 1126/1276/1277 1127/1248/1249
f 1132/1273/1274 1131/1271/1272 1126/1276/1277
f 1131/1271/1272 1125/1277/1278 1126/1276/1277
f 1131/1271/1272 1130/1269/1270 1125/1277/1278
f 1130/1269/1270 1124/1278/1279 1125/1277/1278
f 1130/1269/1270 1123/1279/1280 1124/1278/1279
f 1130/1269/1270 1129/1266/1267 1123/1279/1280
f 1129/1266/1267 1128/1264/1265 1123/1279/1280
f 1128/1264/1265 1122/1280/1281 1123/1279/1280
f 1128/1264/1265 1121/1262/1263 1122/1280/1281
f 1127/1248/1249 1114/1281/1282 1115/1247/1248
f 1126/1276/1277 1114/1281/1282 1127/1248/1249
f 1126/1276/1277 1113/1282/1283 1114/1281/1282
f 1125/1277/1278 1113/1282/1283 1126/1276/1277
f 1125/1277/1278 1112/1283/1284 1113/1282/1283
f 1124/1278/1279 1112/1283/1284 1125/1277/1278
f 1124/1278/1279 1111/1284/1285 1112/1283/1284
f 1123/1279/1280 1111/1284/1285 1124/1278/1279
f 1123/1279/1280 1110/1285/1286 1111/1284/1285
f 1122/1280/1281 1110/1285/1286 1123/1279/1280
f 1108/1286/1287 1110/1285/1286 1122/1280/1281
f 1121/1262/1263 1108/1286/1287 1122/1280/1281
f 1121/1262/1263 1107/1287/1288 1108/1286/1287
f 1120/1261/1262 1107/1287/1288 1121/1262/1263
f 1120/1261/1262 1106/1189/1190 1107/1287/1288
f 1117/1288/1289 1106/1189/1190 1120/1261/1262
f 1117/1288/1289 1118/1190/1191 1106/1189/1190
f 1119/1201/1202 1118/1190/1191 1117/1288/1289
f 1116/1243/1244 1115/1247/1248 1094/1241/1242
f 1115/1247/1248 1093/1289/1290 1094/1241/1242
f 1115/1247/1248 1114/1281/1282 1093/1289/1290
f 1114/1281/1282 1101/1290/1291 1093/1289/1290
f 1114/1281/1282 1113/1282/1283 1101/1290/1291
f 1113/1282/1283 1102/1291/1292 1101/1290/1291
f 1113/1282/1283 1112/1283/1284 1102/1291/1292
f 1112/1283/1284 1103/1292/1293 1102/1291/1292
f 1112/1283/1284 1111/1284/1285 1103/1292/1293
f 1111/1284/1285 1104/1161/1162 1103/1292/1293
f 1111/1284/1285 1110/1285/1286 1104/1161/1162
f 1110/1285/1286 1109/1163/1164 1104/1161/1162
f 1108/1286/1287 1109/1163/1164 1110/1285/1286
f 1105/1165/1166 1109/1163/1164 1108/1286/1287
f 1107/1287/1288 1105/1165/1166 1108/1286/1287
f 1107/1287/1288 1106/1189/1190 1105/1165/1166
f 1104/1161/1162 1099/1159/1160 1103/1292/1293
f 1103/1292/1293 1099/1159/1160 1100/1293/1294
f 1103/1292/1293 1100/1293/1294 1102/1291/1292
f 1102/1291/1292 1100/1293/1294 1089/1294/1295
f 1102/1291/1292 1089/1294/1295 1090/1295/1296
f 1102/1291/1292 1090/1295/1296 1101/1290/1291
f 1101/1290/1291 1090/1295/1296 1093/1289/1290
f 1089/1294/1295 1100/1293/1294 1088/1296/1297
f 1100/1293/1294 1095/1157/1158 1088/1296/1297
f 1100/1293/1294 1099/1159/1160 1095/1157/1158
f 1098/1155/1156 1097/1297/1298 1096/1156/1157
f 1098/1155/1156 1085/1153/1154 1097/1297/1298
f 1085/1153/1154 1083/1298/1299 1097/1297/1298
f 1083/1298/1299 1087/1299/1300 1097/1297/1298
f 1097/1297/1298 1087/1299/1300 1096/1156/1157
f 1087/1299/1300 1088/1296/1297 1096/1156/1157
f 1096/1156/1157 1088/1296/1297 1095/1157/1158
f 1093/1289/1290 1092/1239/1240 1094/1241/1242
f 1093/1289/1290 1090/1295/1296 1092/1239/1240
f 1092/1239/1240 1090/1295/1296 1091/1237/1238
f 1090/1295/1296 1080/1235/1236 1091/1237/1238
f 1090/1295/1296 1089/1294/1295 1080/1235/1236
f 1089/1294/1295 1082/1300/1301 1080/1235/1236
f 1089/1294/1295 1088/1296/1297 1082/1300/1301
f 1088/1296/1297 1081/1233/1234 1082/1300/1301
f 1087/1299/1300 1081/1233/1234 1088/1296/1297
f 1081/1233/1234 1087/1299/1300 1086/1231/1232
f 1083/1298/1299 1086/1231/1232 1087/1299/1300
f 1084/1152/1153 1086/1231/1232 1083/1298/1299
f 1085/1153/1154 1084/1152/1153 1083/1298/1299
f 1082/1300/1301 1081/1233/1234 1080/1235/1236
f 1016/1301/1302 1012/1302/1303 1024/1303/1304
f 1016/1301/1302 1024/1303/1304 1079/1304/1305
f 1008/1305/1306 1016/1301/1302 1079/1304/1305
f 1008/1305/1306 1079/1304/1305 1078/1306/1307
f 1008/1305/1306 1078/1306/1307 1007/1307/1308
f 1078/1306/1307 1077/1308/1309 1007/1307/1308
f 1007/1307/1308 1077/1308/1309 1005/1309/1310
f 1005/1309/1310 1077/1308/1309 1076/1310/1311
f 1005/1309/1310 1076/1310/1311 1000/1311/1312
f 1076/1310/1311 1075/1312/1313 1000/1311/1312
f 1075/1312/1313 1001/1313/1314 1000/1311/1312
f 1075/1312/1313 1074/1314/1315 1001/1313/1314
f 1074/1314/1315 990/1315/1316 1001/1313/1314
f 1074/1314/1315 946/1316/1317 990/1315/1316
f 990/1315/1316 946/1316/1317 991/1317/1318
f 946/1316/1317 933/1318/1319 991/1317/1318
f 933/1318/1319 960/1319/1320 991/1317/1318
f 933/1318/1319 934/1320/1321 960/1319/1320
f 1026/1321/1322 1028/1322/1323 1050/1323/1324
f 1026/1321/1322 1050/1323/1324 1025/1324/1325
f 1050/1323/1324 1052/1325/1326 1025/1324/1325
f 1025/1324/1325 1052/1325/1326 1072/1326/1327
f 1025/1324/1325 1072/1326/1327 1024/1303/1304
f 1024/1303/1304 1072/1326/1327 1071/1327/1328
f 1024/1303/1304 1071/1327/1328 1079/1304/1305
f 1079/1304/1305 1071/1327/1328 1070/1328/1329
f 1079/1304/1305 1070/1328/1329 1078/1306/1307
f 1078/1306/1307 1070/1328/1329 1077/1308/1309
f 1077/1308/1309 1070/1328/1329 1069/1329/1330
f 1077/1308/1309 1069/1329/1330 1076/1310/1311
f 1069/1329/1330 1068/1330/1331 1076/1310/1311
f 1076/1310/1311 1068/1330/1331 1075/1312/1313
f 1075/1312/1313 1068/1330/1331 1074/1314/1315
f 1068/1330/1331 1067/1331/1332 1074/1314/1315
f 1067/1331/1332 946/1316/1317 1074/1314/1315
f 1067/1331/1332 932/1250/1251 946/1316/1317
f 1058/1332/1333 932/1250/1251 1067/1331/1332
f 1073/1249/1250 932/1250/1251 1058/1332/1333
f 1059/1251/1252 1073/1249/1250 1058/1332/1333
f 1072/1326/1327 1052/1325/1326 1054/1333/1334
f 1072/1326/1327 1054/1333/1334 1066/1334/1335
f 1071/1327/1328 1072/1326/1327 1066/1334/1335
f 1071/1327/1328 1066/1334/1335 1065/1335/1336
f 1070/1328/1329 1071/1327/1328 1065/1335/1336
f 1070/1328/1329 1065/1335/1336 1069/1329/1330
f 1065/1335/1336 1068/1330/1331 1069/1329/1330
f 1065/1335/1336 1056/1336/1337 1068/1330/1331
f 1068/1330/1331 1056/1336/1337 1067/1331/1332
f 1056/1336/1337 1058/1332/1333 1067/1331/1332
f 1054/1333/1334 1056/1336/1337 1066/1334/1335
f 1066/1334/1335 1056/1336/1337 1065/1335/1336
f 1064/1252/1253 1059/1251/1252 1057/1337/1338
f 1060/1338/1339 1064/1252/1253 1057/1337/1338
f 1060/1338/1339 1063/954/956 1064/1252/1253
f 1061/1339/1340 1063/954/956 1060/1338/1339
f 1062/936/938 1063/954/956 1061/1339/1340
f 1051/934/936 1062/936/938 1061/1339/1340
f 1051/934/936 1061/1339/1340 1053/1340/1341
f 1061/1339/1340 1060/1338/1339 1053/1340/1341
f 1053/1340/1341 1060/1338/1339 1055/1341/1342
f 1055/1341/1342 1060/1338/1339 1057/1337/1338
f 1057/1337/1338 1059/1251/1252 1058/1332/1333
f 1056/1336/1337 1057/1337/1338 1058/1332/1333
f 1056/1336/1337 1055/1341/1342 1057/1337/1338
f 1054/1333/1334 1055/1341/1342 1056/1336/1337
f 1053/1340/1341 1055/1341/1342 1054/1333/1334
f 1052/1325/1326 1053/1340/1341 1054/1333/1334
f 1052/1325/1326 1051/934/936 1053/1340/1341
f 1050/1323/1324 1051/934/936 1052/1325/1326
f 1049/937/939 1051/934/936 1050/1323/1324
f 1028/1322/1323 1049/937/939 1050/1323/1324
f 1028/1322/1323 1048/939/941 1049/937/939
f 1028/1322/1323 1030/1342/1343 1048/939/941
f 1030/1342/1343 1047/941/943 1048/939/941
f 1030/1342/1343 1032/1343/1344 1047/941/943
f 1032/1343/1344 1046/943/945 1047/941/943
f 1032/1343/1344 1035/1344/1345 1046/943/945
f 1035/1344/1345 1037/1345/1346 1046/943/945
f 1037/1345/1346 1039/945/947 1046/943/945
f 1045/1256/1257 1040/1257/1258 1044/1346/1347
f 1044/1346/1347 1040/1257/1258 1043/1347/1348
f 1043/1347/1348 1040/1257/1258 1038/1348/1349
f 1043/1347/1348 1038/1348/1349 1042/1349/1350
f 1042/1349/1350 1038/1348/1349 1041/1350/1351
f 1041/1350/1351 1038/1348/1349 1036/1351/1352
f 1038/1348/1349 1040/1257/1258 1039/945/947
f 1037/1345/1346 1038/1348/1349 1039/945/947
f 1038/1348/1349 1037/1345/1346 1036/1351/1352
f 1036/1351/1352 1037/1345/1346 1035/1344/1345
f 1036/1351/1352 1035/1344/1345 1034/1352/1353
f 1034/1352/1353 1035/1344/1345 1032/1343/1344
f 1034/1352/1353 1032/1343/1344 1033/1353/1354
f 1033/1353/1354 1032/1343/1344 1031/1354/1355
f 1031/1354/1355 1032/1343/1344 1030/1342/1343
f 1031/1354/1355 1030/1342/1343 1029/1355/1356
f 1029/1355/1356 1030/1342/1343 1028/1322/1323
f 1029/1355/1356 1028/1322/1323 1027/1356/1357
f 1027/1356/1357 1028/1322/1323 1026/1321/1322
f 1027/1356/1357 1026/1321/1322 1014/1357/1358
f 1014/1357/1358 1026/1321/1322 1013/1358/1359
f 1013/1358/1359 1026/1321/1322 1025/1324/1325
f 1012/1302/1303 1013/1358/1359 1025/1324/1325
f 1012/1302/1303 1025/1324/1325 1024/1303/1304
f 975/981/983 995/1359/1360 974/1360/1361
f 1023/982/984 995/1359/1360 975/981/983
f 1023/982/984 996/1361/1362 995/1359/1360
f 1022/1362/1363 996/1361/1362 1023/982/984
f 1022/1362/1363 1011/1363/1364 996/1361/1362
f 1021/1364/1365 1011/1363/1364 1022/1362/1363
f 1021/1364/1365 1010/1365/1366 1011/1363/1364
f 1020/1366/1367 1010/1365/1366 1021/1364/1365
f 1020/1366/1367 1009/1367/1368 1010/1365/1366
f 1019/1368/1369 1009/1367/1368 1020/1366/1367
f 1018/1369/1370 1009/1367/1368 1019/1368/1369
f 1018/1369/1370 1008/1305/1306 1009/1367/1368
f 1017/1370/1371 1008/1305/1306 1018/1369/1370
f 1017/1370/1371 1016/1301/1302 1008/1305/1306
f 1015/1371/1372 1016/1301/1302 1017/1370/1371
f 1015/1371/1372 1012/1302/1303 1016/1301/1302
f 1014/1357/1358 1012/1302/1303 1015/1371/1372
f 1014/1357/1358 1013/1358/1359 1012/1302/1303
f 996/1361/1362 1011/1363/1364 998/1372/1373
f 1011/1363/1364 1006/1373/1374 998/1372/1373
f 1011/1363/1364 1010/1365/1366 1006/1373/1374
f 1010/1365/1366 1009/1367/1368 1006/1373/1374
f 1009/1367/1368 1007/1307/1308 1006/1373/1374
f 1009/1367/1368 1008/1305/1306 1007/1307/1308
f 1007/1307/1308 1005/1309/1310 1006/1373/1374
f 1006/1373/1374 1005/1309/1310 998/1372/1373
f 1005/1309/1310 1000/1311/1312 998/1372/1373
f 999/1374/1375 1002/1375/1376 1004/1376/1377
f 1004/1376/1377 1002/1375/1376 1003/1377/1378
f 988/1378/1379 997/1379/1380 999/1374/1375
f 988/1378/1379 999/1374/1375 1004/1376/1377
f 988/1378/1379 1004/1376/1377 976/1380/1381
f 1004/1376/1377 1003/1377/1378 976/1380/1381
f 976/1380/1381 1003/1377/1378 978/1381/1382
f 978/1381/1382 1003/1377/1378 980/1382/1383
f 1003/1377/1378 990/1315/1316 980/1382/1383
f 1002/1375/1376 990/1315/1316 1003/1377/1378
f 1001/1313/1314 990/1315/1316 1002/1375/1376
f 999/1374/1375 1001/1313/1314 1002/1375/1376
f 1000/1311/1312 1001/1313/1314 999/1374/1375
f 998/1372/1373 1000/1311/1312 999/1374/1375
f 997/1379/1380 998/1372/1373 999/1374/1375
f 996/1361/1362 998/1372/1373 997/1379/1380
f 996/1361/1362 997/1379/1380 988/1378/1379
f 995/1359/1360 996/1361/1362 988/1378/1379
f 995/1359/1360 988/1378/1379 974/1360/1361
f 985/1383/1384 989/1384/1385 992/1385/1386
f 985/1383/1384 992/1385/1386 986/1386/1387
f 986/1386/1387 992/1385/1386 993/1387/1388
f 986/1386/1387 993/1387/1388 994/1388/1389
f 986/1386/1387 994/1388/1389 962/1389/1390
f 962/1389/1390 994/1388/1389 961/1390/1391
f 994/1388/1389 993/1387/1388 961/1390/1391
f 993/1387/1388 959/1391/1392 961/1390/1391
f 993/1387/1388 992/1385/1386 959/1391/1392
f 960/1319/1320 959/1391/1392 992/1385/1386
f 989/1384/1385 960/1319/1320 992/1385/1386
f 991/1317/1318 960/1319/1320 989/1384/1385
f 990/1315/1316 991/1317/1318 989/1384/1385
f 980/1382/1383 990/1315/1316 989/1384/1385
f 982/1392/1393 980/1382/1383 989/1384/1385
f 982/1392/1393 989/1384/1385 985/1383/1384
f 974/1360/1361 988/1378/1379 976/1380/1381
f 983/1393/1394 987/974/976 981/975/977
f 967/1394/1395 963/1395/1396 964/1396/1397
f 967/1394/1395 962/1389/1390 963/1395/1396
f 968/1397/1398 962/1389/1390 967/1394/1395
f 986/1386/1387 962/1389/1390 968/1397/1398
f 968/1397/1398 969/1398/1399 986/1386/1387
f 969/1398/1399 985/1383/1384 986/1386/1387
f 969/1398/1399 984/1399/1400 985/1383/1384
f 984/1399/1400 982/1392/1393 985/1383/1384
f 984/1399/1400 983/1393/1394 982/1392/1393
f 983/1393/1394 981/975/977 982/1392/1393
f 981/975/977 980/1382/1383 982/1392/1393
f 979/977/979 980/1382/1383 981/975/977
f 978/1381/1382 980/1382/1383 979/977/979
f 977/979/981 978/1381/1382 979/977/979
f 976/1380/1381 978/1381/1382 977/979/981
f 973/980/982 976/1380/1381 977/979/981
f 973/980/982 974/1360/1361 976/1380/1381
f 975/981/983 974/1360/1361 973/980/982
f 966/1400/1401 972/1401/1402 965/1402/1403
f 972/1401/1402 971/1403/1404 965/1402/1403
f 971/1403/1404 967/1394/1395 965/1402/1403
f 971/1403/1404 968/1397/1398 967/1394/1395
f 971/1403/1404 970/1404/1405 968/1397/1398
f 970/1404/1405 969/1398/1399 968/1397/1398
f 967/1394/1395 964/1396/1397 965/1402/1403
f 952/1405/1406 966/1400/1401 953/1406/1407
f 966/1400/1401 965/1402/1403 953/1406/1407
f 965/1402/1403 954/1407/1408 953/1406/1407
f 965/1402/1403 964/1396/1397 954/1407/1408
f 954/1407/1408 964/1396/1397 955/1408/1409
f 964/1396/1397 963/1395/1396 955/1408/1409
f 963/1395/1396 956/1409/1410 955/1408/1409
f 956/1409/1410 963/1395/1396 957/1410/1411
f 963/1395/1396 962/1389/1390 957/1410/1411
f 962/1389/1390 961/1390/1391 957/1410/1411
f 961/1390/1391 958/1411/1412 957/1410/1411
f 959/1391/1392 958/1411/1412 961/1390/1391
f 960/1319/1320 934/1320/1321 959/1391/1392
f 934/1320/1321 926/1412/1413 959/1391/1392
f 959/1391/1392 926/1412/1413 958/1411/1412
f 958/1411/1412 926/1412/1413 927/1413/1414
f 958/1411/1412 927/1413/1414 957/1410/1411
f 957/1410/1411 927/1413/1414 929/1414/1415
f 956/1409/1410 957/1410/1411 929/1414/1415
f 939/1415/1416 956/1409/1410 929/1414/1415
f 955/1408/1409 956/1409/1410 939/1415/1416
f 955/1408/1409 939/1415/1416 941/1416/1417
f 954/1407/1408 955/1408/1409 941/1416/1417
f 943/1417/1418 954/1407/1408 941/1416/1417
f 953/1406/1407 954/1407/1408 943/1417/1418
f 953/1406/1407 943/1417/1418 945/1227/1228
f 952/1405/1406 953/1406/1407 945/1227/1228
f 952/1405/1406 945/1227/1228 949/1203/1204
f 950/1418/1419 952/1405/1406 949/1203/1204
f 951/1202/1203 950/1418/1419 949/1203/1204
f 931/1238/1239 948/1236/1237 930/1419/1420
f 948/1236/1237 935/1420/1421 930/1419/1420
f 948/1236/1237 936/1421/1422 935/1420/1421
f 947/1234/1235 936/1421/1422 948/1236/1237
f 936/1421/1422 947/1234/1235 937/1232/1233
f 946/1316/1317 932/1250/1251 933/1318/1319
f 945/1227/1228 943/1417/1418 944/1226/1227
f 944/1226/1227 943/1417/1418 942/1228/1229
f 943/1417/1418 941/1416/1417 942/1228/1229
f 941/1416/1417 940/1229/1230 942/1228/1229
f 941/1416/1417 939/1415/1416 940/1229/1230
f 940/1229/1230 939/1415/1416 938/1230/1231
f 939/1415/1416 929/1414/1415 938/1230/1231
f 929/1414/1415 928/1422/1423 938/1230/1231
f 938/1230/1231 928/1422/1423 937/1232/1233
f 937/1232/1233 928/1422/1423 925/1423/1424
f 936/1421/1422 937/1232/1233 925/1423/1424
f 936/1421/1422 925/1423/1424 926/1412/1413
f 935/1420/1421 936/1421/1422 926/1412/1413
f 934/1320/1321 935/1420/1421 926/1412/1413
f 930/1419/1420 935/1420/1421 934/1320/1321
f 930/1419/1420 934/1320/1321 933/1318/1319
f 932/1250/1251 930/1419/1420 933/1318/1319
f 932/1250/1251 931/1238/1239 930/1419/1420
f 929/1414/1415 927/1413/1414 928/1422/1423
f 928/1422/1423 927/1413/1414 925/1423/1424
f 927/1413/1414 926/1412/1413 925/1423/1424
s 11
f 905/1424/1425 906/1425/1426 924/1426/1427
f 924/1426/1427 906/1425/1426 922/1427/1428
f 924/1426/1427 922/1427/1428 923/1428/1429
s 12
f 921/1429/1430 919/1430/1431 920/1431/1432
f 920/1431/1432 919/1430/1431 918/1432/1433
f 919/1430/1431 917/1433/1434 918/1432/1433
f 917/1433/1434 916/1434/1435 918/1432/1433
f 917/1433/1434 915/1435/1436 916/1434/1435
s 11
f 913/1436/1437 911/1437/1438 914/1438/1439
f 913/1436/1437 912/1439/1440 911/1437/1438
f 912/1439/1440 909/1440/1441 911/1437/1438
f 911/1437/1438 909/1440/1441 910/1441/1442
f 909/1440/1441 908/1442/1443 910/1441/1442
f 908/1442/1443 907/1443/1444 910/1441/1442
f 907/1443/1444 908/1442/1443 906/1425/1426
f 907/1443/1444 906/1425/1426 905/1424/1425
