# Blender 5.0.1
# www.blender.org
mtllib Cola_Manato.mtl
g Cola_Manato_Norano_Body_2.003
v -0.156850 1.052657 -0.254399 0.5019 0.5019 0.0000
v -0.148852 1.054793 -0.248064 0.5019 0.5019 0.0000
v -0.044126 1.076777 -0.287640 0.5019 0.5019 0.0000
v -0.000365 1.091445 -0.283500 0.5019 0.5019 0.0000
v -0.000525 1.092360 -0.273091 0.5019 0.5019 0.0000
v -0.044976 1.077874 -0.277318 0.5019 0.5019 0.0000
v -0.069224 1.070141 -0.289437 0.5019 0.5019 0.0000
v -0.068966 1.071475 -0.279063 0.5019 0.5019 0.0000
v 0.044055 1.110729 -0.279211 0.5019 0.5019 0.0000
v 0.043086 1.110987 -0.268692 0.5019 0.5019 0.0000
v -0.093705 1.065750 -0.278309 0.5019 0.5019 0.0000
v -0.095564 1.064355 -0.288516 0.5019 0.5019 0.0000
v -0.123391 1.059638 -0.269177 0.5019 0.5019 0.0000
v -0.128382 1.058197 -0.278196 0.5019 0.5019 0.0000
v -0.145068 0.430373 -0.757156 0.5019 0.5019 0.1255
v -0.124319 0.423804 -0.795877 0.5019 0.5019 0.1255
v -0.133951 0.435973 -0.782442 0.5019 0.5019 0.1255
v -0.053731 0.193815 -0.835632 0.5019 0.5019 0.1255
v -0.064845 0.187578 -0.837111 0.5019 0.5019 0.1255
v -0.060825 0.196800 -0.835541 0.5019 0.5019 0.1255
v 0.148438 0.557236 -0.689102 0.5019 0.5019 0.1255
v 0.119653 0.652474 -0.676523 0.5019 0.5019 0.1255
v 0.127781 0.580109 -0.712671 0.5019 0.5019 0.1255
v 0.148438 0.557236 -0.689102 0.5019 0.5019 0.1255
v 0.127781 0.580109 -0.712671 0.5019 0.5019 0.1255
v 0.131576 0.528940 -0.740261 0.5019 0.5019 0.1255
v 0.148420 0.505657 -0.724164 0.5019 0.5019 0.1255
v 0.150310 0.494986 -0.718174 0.5019 0.5019 0.1255
v 0.158039 0.480162 -0.712352 0.5019 0.5019 0.1255
v 0.150310 0.494986 -0.718174 0.5019 0.5019 0.1255
v 0.144883 0.626254 -0.632215 0.5019 0.5019 0.1255
v 0.156835 0.543635 -0.671924 0.5019 0.5019 0.1255
v 0.092401 0.597983 -0.736113 0.5019 0.5019 0.1255
v 0.081473 0.669440 -0.707336 0.5019 0.5019 0.1255
v 0.092401 0.597983 -0.736113 0.5019 0.5019 0.1255
v 0.100438 0.548998 -0.759628 0.5019 0.5019 0.1255
v 0.145915 0.478021 -0.747880 0.5019 0.5019 0.1255
v 0.155319 0.423033 -0.739590 0.5019 0.5019 0.1255
v 0.139846 0.464182 -0.741643 0.5019 0.5019 0.1255
v 0.142859 0.469054 -0.743982 0.5019 0.5019 0.1255
v 0.139846 0.464182 -0.741643 0.5019 0.5019 0.1255
v 0.132874 0.500586 -0.760910 0.5019 0.5019 0.1255
v 0.111632 0.728201 -0.634265 0.5019 0.5019 0.1255
v 0.076185 0.744582 -0.665930 0.5019 0.5019 0.1255
v 0.131528 0.706054 -0.590473 0.5019 0.5019 0.1255
v 0.167476 0.460120 -0.689630 0.5019 0.5019 0.1255
v 0.149331 0.599601 -0.588992 0.5019 0.5019 0.1255
v 0.164066 0.512448 -0.628017 0.5019 0.5019 0.1255
v 0.164439 0.405673 -0.717113 0.5019 0.5019 0.1255
v 0.132551 0.687173 -0.553467 0.5019 0.5019 0.1255
v 0.167459 0.432679 -0.652786 0.5019 0.5019 0.1255
v 0.163435 0.379006 -0.686261 0.5019 0.5019 0.1255
v 0.154348 0.485997 -0.586945 0.5019 0.5019 0.1255
v 0.140774 0.575226 -0.547083 0.5019 0.5019 0.1255
v 0.156925 0.413484 -0.628419 0.5019 0.5019 0.1255
v 0.131955 0.404555 -0.620066 0.5019 0.5019 0.1255
v 0.123608 0.476056 -0.572804 0.5019 0.5019 0.1255
v 0.123668 0.568405 -0.534904 0.5019 0.5019 0.1255
v 0.125054 0.669692 -0.520158 0.5019 0.5019 0.1255
v 0.152771 0.360490 -0.667403 0.5019 0.5019 0.1255
v 0.128839 0.354422 -0.661022 0.5019 0.5019 0.1255
v 0.155023 0.348596 -0.709388 0.5019 0.5019 0.1255
v 0.145772 0.332866 -0.693541 0.5019 0.5019 0.1255
v 0.155142 0.369211 -0.735194 0.5019 0.5019 0.1255
v 0.143393 0.319750 -0.732649 0.5019 0.5019 0.1255
v 0.134425 0.307739 -0.721250 0.5019 0.5019 0.1255
v 0.143337 0.335597 -0.751009 0.5019 0.5019 0.1255
v 0.147056 0.382607 -0.754309 0.5019 0.5019 0.1255
v 0.124670 0.328601 -0.688238 0.5019 0.5019 0.1255
v 0.117811 0.306176 -0.716555 0.5019 0.5019 0.1255
v 0.100315 0.332798 -0.691120 0.5019 0.5019 0.1255
v 0.102597 0.357465 -0.663394 0.5019 0.5019 0.1255
v 0.106462 0.401376 -0.623431 0.5019 0.5019 0.1255
v 0.098660 0.310959 -0.718992 0.5019 0.5019 0.1255
v 0.083610 0.344123 -0.701322 0.5019 0.5019 0.1255
v 0.102597 0.357465 -0.663394 0.5019 0.5019 0.1255
v 0.100315 0.332798 -0.691120 0.5019 0.5019 0.1255
v 0.092635 0.376452 -0.652488 0.5019 0.5019 0.1255
v 0.106462 0.401376 -0.623431 0.5019 0.5019 0.1255
v 0.078392 0.372566 -0.677652 0.5019 0.5019 0.1255
v 0.098660 0.310959 -0.718992 0.5019 0.5019 0.1255
v 0.102440 0.429829 -0.762681 0.5019 0.5019 0.1255
v 0.100804 0.390504 -0.770079 0.5019 0.5019 0.1255
v 0.125146 0.388450 -0.766836 0.5019 0.5019 0.1255
v 0.124400 0.450661 -0.754485 0.5019 0.5019 0.1255
v 0.130393 0.427764 -0.756141 0.5019 0.5019 0.1255
v 0.100421 0.452555 -0.758391 0.5019 0.5019 0.1255
v 0.102440 0.429829 -0.762681 0.5019 0.5019 0.1255
v 0.085583 0.421104 -0.793079 0.5019 0.5019 0.1255
v 0.095123 0.399566 -0.779687 0.5019 0.5019 0.1255
v 0.100804 0.390504 -0.770079 0.5019 0.5019 0.1255
v 0.100421 0.452555 -0.758391 0.5019 0.5019 0.1255
v 0.098271 0.353415 -0.776175 0.5019 0.5019 0.1255
v 0.117904 0.351866 -0.774450 0.5019 0.5019 0.1255
v 0.136007 0.346987 -0.765733 0.5019 0.5019 0.1255
v 0.096590 0.319801 -0.781217 0.5019 0.5019 0.1255
v 0.098271 0.353415 -0.776175 0.5019 0.5019 0.1255
v 0.093578 0.353618 -0.775449 0.5019 0.5019 0.1255
v 0.096590 0.319801 -0.781217 0.5019 0.5019 0.1255
v 0.100804 0.390504 -0.770079 0.5019 0.5019 0.1255
v 0.121543 0.313539 -0.774691 0.5019 0.5019 0.1255
v 0.083107 0.308373 -0.768200 0.5019 0.5019 0.1255
v 0.086441 0.291009 -0.778731 0.5019 0.5019 0.1255
v 0.094174 0.295197 -0.785536 0.5019 0.5019 0.1255
v 0.094174 0.295197 -0.785536 0.5019 0.5019 0.1255
v 0.107050 0.289069 -0.781878 0.5019 0.5019 0.1255
v 0.085303 0.327912 -0.772236 0.5019 0.5019 0.1255
v 0.087883 0.277749 -0.786192 0.5019 0.5019 0.1255
v 0.091673 0.278822 -0.789708 0.5019 0.5019 0.1255
v 0.091673 0.278822 -0.789708 0.5019 0.5019 0.1255
v 0.110045 0.280380 -0.774740 0.5019 0.5019 0.1255
v 0.128242 0.299459 -0.758522 0.5019 0.5019 0.1255
v 0.097419 0.275081 -0.787475 0.5019 0.5019 0.1255
v 0.107356 0.275408 -0.768688 0.5019 0.5019 0.1255
v 0.120885 0.288396 -0.747256 0.5019 0.5019 0.1255
v 0.139846 0.464182 -0.741643 0.5019 0.5019 0.1255
v 0.138878 0.451872 -0.767036 0.5019 0.5019 0.1255
v 0.124400 0.450661 -0.754485 0.5019 0.5019 0.1255
v 0.138878 0.451872 -0.767036 0.5019 0.5019 0.1255
v 0.127350 0.445023 -0.769794 0.5019 0.5019 0.1255
v 0.109926 0.446940 -0.775280 0.5019 0.5019 0.1255
v 0.100421 0.452555 -0.758391 0.5019 0.5019 0.1255
v 0.128413 0.440277 -0.799103 0.5019 0.5019 0.1255
v 0.136741 0.439060 -0.795157 0.5019 0.5019 0.1255
v 0.145568 0.443785 -0.793223 0.5019 0.5019 0.1255
v 0.121605 0.444359 -0.805430 0.5019 0.5019 0.1255
v 0.099648 0.453207 -0.788389 0.5019 0.5019 0.1255
v 0.088677 0.458754 -0.780181 0.5019 0.5019 0.1255
v 0.142602 0.438865 -0.812658 0.5019 0.5019 0.1255
v 0.137598 0.442480 -0.817530 0.5019 0.5019 0.1255
v 0.150688 0.441642 -0.808913 0.5019 0.5019 0.1255
v 0.152175 0.440384 -0.822088 0.5019 0.5019 0.1255
v 0.149618 0.442065 -0.823921 0.5019 0.5019 0.1255
v 0.155027 0.441461 -0.820541 0.5019 0.5019 0.1255
v 0.119354 0.452695 -0.812320 0.5019 0.5019 0.1255
v 0.095071 0.467334 -0.800314 0.5019 0.5019 0.1255
v 0.137237 0.452219 -0.820385 0.5019 0.5019 0.1255
v 0.121342 0.463148 -0.814988 0.5019 0.5019 0.1255
v 0.100112 0.484128 -0.805355 0.5019 0.5019 0.1255
v 0.157170 0.442886 -0.826696 0.5019 0.5019 0.1255
v 0.149469 0.445732 -0.824701 0.5019 0.5019 0.1255
v 0.157170 0.442886 -0.826696 0.5019 0.5019 0.1255
v 0.152839 0.446170 -0.822596 0.5019 0.5019 0.1255
v 0.149469 0.445732 -0.824701 0.5019 0.5019 0.1255
v 0.155027 0.441461 -0.820541 0.5019 0.5019 0.1255
v 0.155302 0.444201 -0.820753 0.5019 0.5019 0.1255
v 0.148399 0.452619 -0.812231 0.5019 0.5019 0.1255
v 0.137237 0.452219 -0.820385 0.5019 0.5019 0.1255
v 0.142337 0.454154 -0.817131 0.5019 0.5019 0.1255
v 0.130451 0.466849 -0.808546 0.5019 0.5019 0.1255
v 0.121342 0.463148 -0.814988 0.5019 0.5019 0.1255
v 0.142187 0.462601 -0.799544 0.5019 0.5019 0.1255
v 0.117216 0.487738 -0.795248 0.5019 0.5019 0.1255
v 0.100112 0.484128 -0.805355 0.5019 0.5019 0.1255
v 0.137059 0.478764 -0.780772 0.5019 0.5019 0.1255
v 0.073483 0.486649 -0.789375 0.5019 0.5019 0.1255
v 0.107481 0.513756 -0.778811 0.5019 0.5019 0.1255
v 0.081195 0.512938 -0.792387 0.5019 0.5019 0.1255
v 0.081195 0.512938 -0.792387 0.5019 0.5019 0.1255
v 0.062559 0.542416 -0.773565 0.5019 0.5019 0.1255
v 0.072959 0.550891 -0.773631 0.5019 0.5019 0.1255
v 0.075105 0.604348 -0.749441 0.5019 0.5019 0.1255
v 0.062559 0.542416 -0.773565 0.5019 0.5019 0.1255
v 0.060510 0.555447 -0.787252 0.5019 0.5019 0.1255
v 0.047860 0.522012 -0.811804 0.5019 0.5019 0.1255
v 0.050534 0.508084 -0.795989 0.5019 0.5019 0.1255
v 0.075105 0.604348 -0.749441 0.5019 0.5019 0.1255
v 0.073483 0.486649 -0.789375 0.5019 0.5019 0.1255
v 0.062559 0.542416 -0.773565 0.5019 0.5019 0.1255
v 0.050534 0.508084 -0.795989 0.5019 0.5019 0.1255
v 0.021149 1.137919 -0.367595 0.5019 0.5019 0.1255
v 0.037326 1.130991 -0.362280 0.5019 0.5019 0.1255
v 0.027727 1.149212 -0.318015 0.5019 0.5019 0.1255
v 0.015413 1.154905 -0.321532 0.5019 0.5019 0.1255
v 0.006009 1.155962 -0.326673 0.5019 0.5019 0.1255
v 0.009990 1.159519 -0.313004 0.5019 0.5019 0.1255
v 0.014620 1.160999 -0.293336 0.5019 0.5019 0.1255
v 0.004749 1.159096 -0.319907 0.5019 0.5019 0.1255
v -0.005490 1.118217 -0.418727 0.5019 0.5019 0.1255
v 0.024634 1.113049 -0.416464 0.5019 0.5019 0.1255
v -0.004677 1.142152 -0.368525 0.5019 0.5019 0.1255
v 0.045394 1.104898 -0.407642 0.5019 0.5019 0.1255
v 0.037758 1.134130 -0.311223 0.5019 0.5019 0.1255
v 0.048925 1.119884 -0.355137 0.5019 0.5019 0.1255
v 0.031232 1.140598 -0.288686 0.5019 0.5019 0.1255
v 0.024011 1.154184 -0.292313 0.5019 0.5019 0.1255
v 0.059468 1.092245 -0.395125 0.5019 0.5019 0.1255
v 0.048414 1.105122 -0.345007 0.5019 0.5019 0.1255
v 0.057849 1.072333 -0.377368 0.5019 0.5019 0.1255
v 0.031049 1.118005 -0.303351 0.5019 0.5019 0.1255
v 0.046077 1.060106 -0.362036 0.5019 0.5019 0.1255
v 0.039251 1.093335 -0.334135 0.5019 0.5019 0.1255
v 0.055462 1.069961 -0.448255 0.5019 0.5019 0.1255
v 0.061860 1.025374 -0.490292 0.5019 0.5019 0.1255
v 0.080513 1.009096 -0.463271 0.5019 0.5019 0.1255
v 0.070089 1.055696 -0.429220 0.5019 0.5019 0.1255
v 0.071230 0.960746 -0.530628 0.5019 0.5019 0.1255
v 0.092484 0.943388 -0.494939 0.5019 0.5019 0.1255
v 0.084769 0.924137 -0.456207 0.5019 0.5019 0.1255
v 0.074721 0.989765 -0.431068 0.5019 0.5019 0.1255
v 0.065960 1.035796 -0.404430 0.5019 0.5019 0.1255
v 0.067540 0.912094 -0.430650 0.5019 0.5019 0.1255
v 0.058546 0.976025 -0.407490 0.5019 0.5019 0.1255
v 0.051747 1.021026 -0.385640 0.5019 0.5019 0.1255
v 0.104471 0.869157 -0.519733 0.5019 0.5019 0.1255
v 0.094715 0.850530 -0.475350 0.5019 0.5019 0.1255
v 0.077468 0.838906 -0.448939 0.5019 0.5019 0.1255
v 0.023310 1.144519 -0.259728 0.5019 0.5019 0.1255
v 0.026604 1.143733 -0.270518 0.5019 0.5019 0.1255
v 0.021776 1.130216 -0.268834 0.5019 0.5019 0.1255
v 0.019498 1.132058 -0.258466 0.5019 0.5019 0.1255
v 0.018016 1.155816 -0.260878 0.5019 0.5019 0.1255
v 0.020655 1.156349 -0.273557 0.5019 0.5019 0.1255
v 0.012731 1.160802 -0.261790 0.5019 0.5019 0.1255
v 0.014595 1.161312 -0.274332 0.5019 0.5019 0.1255
v 0.117262 0.792464 -0.547754 0.5019 0.5019 0.1255
v 0.107691 0.765610 -0.496021 0.5019 0.5019 0.1255
v 0.087450 0.752371 -0.463256 0.5019 0.5019 0.1255
v 0.113046 0.662135 -0.508643 0.5019 0.5019 0.1255
v 0.100015 0.812546 -0.590296 0.5019 0.5019 0.1255
v 0.088367 0.885935 -0.555785 0.5019 0.5019 0.1255
v 0.067983 0.827160 -0.620004 0.5019 0.5019 0.1255
v 0.059904 0.896016 -0.585224 0.5019 0.5019 0.1255
v 0.051411 0.749805 -0.675852 0.5019 0.5019 0.1255
v 0.049186 0.676294 -0.722222 0.5019 0.5019 0.1255
v 0.069713 0.789893 -0.644949 0.5019 0.5019 0.1255
v 0.036065 0.970917 -0.554898 0.5019 0.5019 0.1255
v 0.037544 0.900594 -0.596392 0.5019 0.5019 0.1255
v 0.058775 0.858842 -0.610086 0.5019 0.5019 0.1255
v 0.059904 0.896016 -0.585224 0.5019 0.5019 0.1255
v 0.037544 0.900594 -0.596392 0.5019 0.5019 0.1255
v 0.067983 0.827160 -0.620004 0.5019 0.5019 0.1255
v 0.032402 1.035012 -0.508088 0.5019 0.5019 0.1255
v 0.028757 1.080311 -0.462812 0.5019 0.5019 0.1255
v -0.005909 1.084178 -0.467841 0.5019 0.5019 0.1255
v -0.006800 1.036694 -0.514324 0.5019 0.5019 0.1255
v -0.005641 0.970874 -0.559561 0.5019 0.5019 0.1255
v 0.075105 0.604348 -0.749441 0.5019 0.5019 0.1255
v 0.072959 0.550891 -0.773631 0.5019 0.5019 0.1255
v 0.146003 0.464287 -0.770943 0.5019 0.5019 0.1255
v 0.149001 0.452339 -0.793976 0.5019 0.5019 0.1255
v 0.152131 0.447164 -0.809130 0.5019 0.5019 0.1255
v 0.145568 0.443785 -0.793223 0.5019 0.5019 0.1255
v 0.150688 0.441642 -0.808913 0.5019 0.5019 0.1255
v 0.108267 0.288267 -0.744272 0.5019 0.5019 0.1255
v 0.100206 0.275816 -0.766217 0.5019 0.5019 0.1255
v 0.092952 0.279055 -0.766787 0.5019 0.5019 0.1255
v 0.096297 0.292555 -0.745570 0.5019 0.5019 0.1255
v 0.096567 0.269592 -0.783222 0.5019 0.5019 0.1255
v 0.090740 0.271281 -0.782265 0.5019 0.5019 0.1255
v 0.089130 0.267075 -0.793667 0.5019 0.5019 0.1255
v 0.089130 0.267075 -0.793667 0.5019 0.5019 0.1255
v 0.090740 0.271281 -0.782265 0.5019 0.5019 0.1255
v 0.087289 0.285534 -0.771242 0.5019 0.5019 0.1255
v 0.092952 0.279055 -0.766787 0.5019 0.5019 0.1255
v 0.084214 0.304838 -0.755228 0.5019 0.5019 0.1255
v 0.087361 0.300329 -0.751330 0.5019 0.5019 0.1255
v 0.096297 0.292555 -0.745570 0.5019 0.5019 0.1255
v 0.085555 0.319373 -0.727714 0.5019 0.5019 0.1255
v 0.059468 1.092245 -0.395125 0.5019 0.5019 0.1255
v 0.045394 1.104898 -0.407642 0.5019 0.5019 0.1255
v 0.024634 1.113049 -0.416464 0.5019 0.5019 0.1255
v 0.057849 1.072333 -0.377368 0.5019 0.5019 0.1255
v -0.005490 1.118217 -0.418727 0.5019 0.5019 0.1255
v 0.046077 1.060106 -0.362036 0.5019 0.5019 0.1255
v -0.106915 0.544717 -0.523599 0.5019 0.5019 0.1255
v -0.106018 0.648405 -0.501422 0.5019 0.5019 0.1255
v -0.090171 0.645866 -0.491611 0.5019 0.5019 0.1255
v -0.095865 0.543695 -0.524860 0.5019 0.5019 0.1255
v -0.110248 0.480093 -0.542189 0.5019 0.5019 0.1255
v -0.138215 0.490146 -0.559114 0.5019 0.5019 0.1255
v -0.126520 0.550683 -0.539768 0.5019 0.5019 0.1255
v -0.081980 0.746001 -0.466881 0.5019 0.5019 0.1255
v -0.057692 0.641318 -0.481544 0.5019 0.5019 0.1255
v -0.090171 0.645866 -0.491611 0.5019 0.5019 0.1255
v -0.052133 0.741715 -0.455239 0.5019 0.5019 0.1255
v -0.081980 0.746001 -0.466881 0.5019 0.5019 0.1255
v -0.061678 0.540803 -0.513981 0.5019 0.5019 0.1255
v -0.095865 0.543695 -0.524860 0.5019 0.5019 0.1255
v -0.127652 0.440818 -0.561511 0.5019 0.5019 0.1255
v -0.093559 0.477436 -0.549384 0.5019 0.5019 0.1255
v -0.096074 0.432064 -0.557189 0.5019 0.5019 0.1255
v -0.108538 0.436074 -0.551841 0.5019 0.5019 0.1255
v -0.089524 0.426537 -0.568729 0.5019 0.5019 0.1255
v -0.092751 0.405564 -0.568839 0.5019 0.5019 0.1255
v -0.096365 0.407341 -0.560297 0.5019 0.5019 0.1255
v -0.096074 0.432064 -0.557189 0.5019 0.5019 0.1255
v -0.093559 0.477436 -0.549384 0.5019 0.5019 0.1255
v -0.096365 0.407341 -0.560297 0.5019 0.5019 0.1255
v -0.101202 0.399916 -0.584753 0.5019 0.5019 0.1255
v -0.103085 0.408702 -0.590187 0.5019 0.5019 0.1255
v -0.051755 0.375042 -0.595387 0.5019 0.5019 0.1255
v -0.089524 0.426537 -0.568729 0.5019 0.5019 0.1255
v -0.058140 0.446958 -0.550352 0.5019 0.5019 0.1255
v -0.093559 0.477436 -0.549384 0.5019 0.5019 0.1255
v -0.091397 0.377940 -0.609907 0.5019 0.5019 0.1255
v -0.103085 0.408702 -0.590187 0.5019 0.5019 0.1255
v -0.097714 0.383446 -0.576148 0.5019 0.5019 0.1255
v -0.092322 0.386889 -0.567330 0.5019 0.5019 0.1255
v -0.093693 0.387727 -0.560912 0.5019 0.5019 0.1255
v -0.113509 0.395095 -0.591920 0.5019 0.5019 0.1255
v -0.105303 0.379760 -0.580944 0.5019 0.5019 0.1255
v -0.095294 0.368701 -0.568856 0.5019 0.5019 0.1255
v -0.092444 0.370468 -0.567020 0.5019 0.5019 0.1255
v -0.089757 0.372293 -0.563063 0.5019 0.5019 0.1255
v -0.125770 0.395196 -0.587447 0.5019 0.5019 0.1255
v -0.136515 0.412589 -0.598693 0.5019 0.5019 0.1255
v -0.115928 0.414213 -0.599830 0.5019 0.5019 0.1255
v -0.097145 0.367983 -0.566548 0.5019 0.5019 0.1255
v -0.111379 0.379032 -0.576521 0.5019 0.5019 0.1255
v -0.125770 0.395196 -0.587447 0.5019 0.5019 0.1255
v -0.144266 0.423054 -0.590439 0.5019 0.5019 0.1255
v -0.126381 0.402296 -0.575068 0.5019 0.5019 0.1255
v -0.111379 0.379032 -0.576521 0.5019 0.5019 0.1255
v -0.136515 0.412589 -0.598693 0.5019 0.5019 0.1255
v -0.145424 0.448403 -0.578939 0.5019 0.5019 0.1255
v -0.176079 0.501524 -0.611232 0.5019 0.5019 0.1255
v -0.106210 0.408101 -0.556550 0.5019 0.5019 0.1255
v -0.118198 0.407575 -0.563462 0.5019 0.5019 0.1255
v -0.099667 0.386495 -0.557581 0.5019 0.5019 0.1255
v -0.093693 0.387727 -0.560912 0.5019 0.5019 0.1255
v -0.096733 0.370383 -0.561420 0.5019 0.5019 0.1255
v -0.109508 0.383199 -0.565626 0.5019 0.5019 0.1255
v -0.093324 0.372398 -0.557821 0.5019 0.5019 0.1255
v -0.090107 0.373139 -0.559858 0.5019 0.5019 0.1255
v -0.097145 0.367983 -0.566548 0.5019 0.5019 0.1255
v -0.086477 0.362609 -0.558382 0.5019 0.5019 0.1255
v -0.086477 0.362609 -0.558382 0.5019 0.5019 0.1255
v -0.090107 0.373139 -0.559858 0.5019 0.5019 0.1255
v -0.103511 0.351444 -0.671281 0.5019 0.5019 0.1255
v -0.100484 0.348893 -0.680754 0.5019 0.5019 0.1255
v -0.099747 0.333225 -0.710149 0.5019 0.5019 0.1255
v -0.100484 0.348893 -0.680754 0.5019 0.5019 0.1255
v -0.093424 0.329027 -0.707143 0.5019 0.5019 0.1255
v -0.099747 0.333225 -0.710149 0.5019 0.5019 0.1255
v -0.087858 0.327625 -0.698332 0.5019 0.5019 0.1255
v -0.100484 0.348893 -0.680754 0.5019 0.5019 0.1255
v -0.103511 0.351444 -0.671281 0.5019 0.5019 0.1255
v -0.087858 0.327625 -0.698332 0.5019 0.5019 0.1255
v -0.162579 0.530123 -0.680442 0.5019 0.5019 0.1255
v -0.179359 0.516164 -0.648965 0.5019 0.5019 0.1255
v -0.182333 0.473666 -0.679192 0.5019 0.5019 0.1255
v -0.164406 0.491345 -0.701497 0.5019 0.5019 0.1255
v -0.154464 0.590901 -0.641461 0.5019 0.5019 0.1255
v -0.174163 0.538856 -0.691408 0.5019 0.5019 0.1255
v -0.161711 0.598711 -0.647132 0.5019 0.5019 0.1255
v -0.154464 0.590901 -0.641461 0.5019 0.5019 0.1255
v -0.162579 0.530123 -0.680442 0.5019 0.5019 0.1255
v -0.163956 0.496293 -0.708887 0.5019 0.5019 0.1255
v -0.159455 0.493780 -0.705907 0.5019 0.5019 0.1255
v -0.163956 0.496293 -0.708887 0.5019 0.5019 0.1255
v -0.162579 0.530123 -0.680442 0.5019 0.5019 0.1255
v -0.159455 0.493780 -0.705907 0.5019 0.5019 0.1255
v -0.161145 0.457352 -0.722905 0.5019 0.5019 0.1255
v -0.155895 0.415114 -0.747001 0.5019 0.5019 0.1255
v -0.147370 0.417920 -0.745314 0.5019 0.5019 0.1255
v -0.156414 0.459151 -0.723532 0.5019 0.5019 0.1255
v -0.156414 0.459151 -0.723532 0.5019 0.5019 0.1255
v -0.147370 0.417920 -0.745314 0.5019 0.5019 0.1255
v -0.159455 0.493780 -0.705907 0.5019 0.5019 0.1255
v -0.156032 0.473044 -0.725342 0.5019 0.5019 0.1255
v -0.159455 0.493780 -0.705907 0.5019 0.5019 0.1255
v -0.147951 0.383651 -0.766185 0.5019 0.5019 0.1255
v -0.135462 0.386652 -0.760503 0.5019 0.5019 0.1255
v -0.133685 0.401201 -0.775008 0.5019 0.5019 0.1255
v -0.135462 0.386652 -0.760503 0.5019 0.5019 0.1255
v -0.161145 0.457352 -0.722905 0.5019 0.5019 0.1255
v -0.181952 0.435971 -0.702439 0.5019 0.5019 0.1255
v -0.176182 0.395509 -0.729344 0.5019 0.5019 0.1255
v -0.155895 0.415114 -0.747001 0.5019 0.5019 0.1255
v -0.165189 0.366086 -0.754482 0.5019 0.5019 0.1255
v -0.147951 0.383651 -0.766185 0.5019 0.5019 0.1255
v -0.185643 0.370591 -0.701380 0.5019 0.5019 0.1255
v -0.189803 0.405858 -0.669968 0.5019 0.5019 0.1255
v -0.186653 0.445877 -0.641399 0.5019 0.5019 0.1255
v -0.172030 0.338972 -0.733750 0.5019 0.5019 0.1255
v -0.164371 0.579715 -0.609467 0.5019 0.5019 0.1255
v -0.156770 0.340785 -0.673781 0.5019 0.5019 0.1255
v -0.152070 0.317641 -0.712851 0.5019 0.5019 0.1255
v -0.155338 0.374953 -0.634127 0.5019 0.5019 0.1255
v -0.150210 0.414506 -0.599637 0.5019 0.5019 0.1255
v -0.155338 0.374953 -0.634127 0.5019 0.5019 0.1255
v -0.150210 0.414506 -0.599637 0.5019 0.5019 0.1255
v -0.136515 0.412589 -0.598693 0.5019 0.5019 0.1255
v -0.144266 0.423054 -0.590439 0.5019 0.5019 0.1255
v -0.145424 0.448403 -0.578939 0.5019 0.5019 0.1255
v -0.152171 0.564881 -0.573615 0.5019 0.5019 0.1255
v -0.139257 0.669729 -0.561806 0.5019 0.5019 0.1255
v -0.154852 0.614847 -0.607291 0.5019 0.5019 0.1255
v -0.160710 0.591378 -0.621242 0.5019 0.5019 0.1255
v -0.160430 0.594344 -0.615033 0.5019 0.5019 0.1255
v -0.127634 0.657973 -0.529391 0.5019 0.5019 0.1255
v -0.105220 0.755738 -0.490265 0.5019 0.5019 0.1255
v -0.118568 0.767170 -0.520290 0.5019 0.5019 0.1255
v -0.136307 0.680185 -0.583665 0.5019 0.5019 0.1255
v -0.117814 0.777533 -0.542612 0.5019 0.5019 0.1255
v -0.104364 0.848149 -0.489550 0.5019 0.5019 0.1255
v -0.084083 0.837121 -0.455992 0.5019 0.5019 0.1255
v -0.091619 0.921933 -0.465299 0.5019 0.5019 0.1255
v -0.073038 0.909640 -0.433881 0.5019 0.5019 0.1255
v -0.108162 0.859807 -0.514124 0.5019 0.5019 0.1255
v -0.079645 0.988317 -0.435682 0.5019 0.5019 0.1255
v -0.063032 0.975045 -0.409515 0.5019 0.5019 0.1255
v -0.096578 0.939642 -0.500492 0.5019 0.5019 0.1255
v -0.084159 1.004232 -0.465528 0.5019 0.5019 0.1255
v -0.068883 1.037920 -0.406216 0.5019 0.5019 0.1255
v -0.056163 1.024115 -0.386198 0.5019 0.5019 0.1255
v -0.071803 1.054588 -0.429280 0.5019 0.5019 0.1255
v -0.039214 1.094994 -0.332619 0.5019 0.5019 0.1255
v -0.045965 1.105789 -0.340501 0.5019 0.5019 0.1255
v -0.033693 1.125309 -0.308820 0.5019 0.5019 0.1255
v -0.045666 1.121967 -0.352383 0.5019 0.5019 0.1255
v -0.034053 1.139501 -0.315915 0.5019 0.5019 0.1255
v -0.048349 1.064494 -0.360106 0.5019 0.5019 0.1255
v -0.057333 1.077089 -0.374141 0.5019 0.5019 0.1255
v -0.057916 1.094305 -0.392026 0.5019 0.5019 0.1255
v -0.028764 1.013753 -0.372743 0.5019 0.5019 0.1255
v -0.032367 0.966560 -0.392326 0.5019 0.5019 0.1255
v -0.037714 0.902530 -0.412259 0.5019 0.5019 0.1255
v -0.021002 1.112760 -0.301950 0.5019 0.5019 0.1255
v -0.022501 1.087129 -0.327877 0.5019 0.5019 0.1255
v -0.025044 1.053506 -0.351050 0.5019 0.5019 0.1255
v -0.026033 1.133089 -0.287427 0.5019 0.5019 0.1255
v -0.016648 1.122673 -0.283220 0.5019 0.5019 0.1255
v -0.016648 1.122673 -0.283220 0.5019 0.5019 0.1255
v 0.000755 1.118702 -0.282016 0.5019 0.5019 0.1255
v 0.000441 1.109159 -0.299807 0.5019 0.5019 0.1255
v -0.021002 1.112760 -0.301950 0.5019 0.5019 0.1255
v 0.001785 1.084098 -0.326553 0.5019 0.5019 0.1255
v -0.022501 1.087129 -0.327877 0.5019 0.5019 0.1255
v -0.026983 1.146413 -0.290901 0.5019 0.5019 0.1255
v -0.020706 1.136634 -0.269903 0.5019 0.5019 0.1255
v -0.013841 1.127988 -0.268704 0.5019 0.5019 0.1255
v -0.022258 1.149352 -0.271907 0.5019 0.5019 0.1255
v -0.019288 1.149490 -0.262099 0.5019 0.5019 0.1255
v -0.018185 1.137794 -0.260260 0.5019 0.5019 0.1255
v -0.011936 1.130017 -0.258593 0.5019 0.5019 0.1255
v 0.000403 1.123990 -0.268001 0.5019 0.5019 0.1255
v -0.013841 1.127988 -0.268704 0.5019 0.5019 0.1255
v -0.011936 1.130017 -0.258593 0.5019 0.5019 0.1255
v -0.000073 1.126349 -0.257706 0.5019 0.5019 0.1255
v 0.013274 1.127807 -0.257803 0.5019 0.5019 0.1255
v 0.014622 1.125639 -0.268128 0.5019 0.5019 0.1255
v 0.016977 1.120528 -0.283030 0.5019 0.5019 0.1255
v 0.019626 1.111768 -0.300453 0.5019 0.5019 0.1255
v 0.024614 1.086386 -0.329008 0.5019 0.5019 0.1255
v 0.001373 1.049841 -0.347774 0.5019 0.5019 0.1255
v -0.025044 1.053506 -0.351050 0.5019 0.5019 0.1255
v 0.027656 1.052683 -0.350722 0.5019 0.5019 0.1255
v 0.037066 0.904372 -0.413038 0.5019 0.5019 0.1255
v 0.033747 0.967279 -0.393345 0.5019 0.5019 0.1255
v 0.030303 1.014052 -0.373920 0.5019 0.5019 0.1255
v 0.041312 0.828668 -0.430011 0.5019 0.5019 0.1255
v -0.001499 0.826081 -0.425635 0.5019 0.5019 0.1255
v 0.000522 0.901551 -0.407163 0.5019 0.5019 0.1255
v 0.001469 0.964701 -0.388227 0.5019 0.5019 0.1255
v 0.044155 0.740618 -0.446296 0.5019 0.5019 0.1255
v 0.097145 0.650325 -0.480787 0.5019 0.5019 0.1255
v 0.048374 0.640992 -0.468472 0.5019 0.5019 0.1255
v -0.005652 0.739049 -0.445710 0.5019 0.5019 0.1255
v -0.006717 0.638413 -0.470586 0.5019 0.5019 0.1255
v -0.037714 0.902530 -0.412259 0.5019 0.5019 0.1255
v -0.043825 0.828556 -0.432214 0.5019 0.5019 0.1255
v -0.032367 0.966560 -0.392326 0.5019 0.5019 0.1255
v -0.043825 0.828556 -0.432214 0.5019 0.5019 0.1255
v -0.006363 0.539993 -0.501654 0.5019 0.5019 0.1255
v 0.052112 0.544528 -0.498508 0.5019 0.5019 0.1255
v 0.050806 0.452532 -0.539337 0.5019 0.5019 0.1255
v -0.006438 0.447180 -0.540206 0.5019 0.5019 0.1255
v 0.100760 0.554586 -0.505695 0.5019 0.5019 0.1255
v 0.096894 0.460503 -0.545196 0.5019 0.5019 0.1255
v 0.041725 0.380294 -0.586634 0.5019 0.5019 0.1255
v -0.005676 0.375358 -0.585250 0.5019 0.5019 0.1255
v 0.078340 0.385682 -0.590394 0.5019 0.5019 0.1255
v 0.001386 0.322113 -0.631031 0.5019 0.5019 0.1255
v 0.053568 0.328063 -0.635523 0.5019 0.5019 0.1255
v -0.041549 0.324267 -0.638182 0.5019 0.5019 0.1255
v -0.010320 0.282698 -0.665342 0.5019 0.5019 0.1255
v 0.031354 0.288249 -0.666091 0.5019 0.5019 0.1255
v -0.075708 0.330267 -0.650804 0.5019 0.5019 0.1255
v -0.054377 0.281758 -0.685107 0.5019 0.5019 0.1255
v -0.101580 0.348630 -0.667541 0.5019 0.5019 0.1255
v -0.114149 0.386123 -0.629603 0.5019 0.5019 0.1255
v -0.115928 0.414213 -0.599830 0.5019 0.5019 0.1255
v -0.089235 0.323536 -0.689706 0.5019 0.5019 0.1255
v -0.101580 0.348630 -0.667541 0.5019 0.5019 0.1255
v -0.114149 0.386123 -0.629603 0.5019 0.5019 0.1255
v -0.089235 0.323536 -0.689706 0.5019 0.5019 0.1255
v -0.114149 0.386123 -0.629603 0.5019 0.5019 0.1255
v -0.115928 0.414213 -0.599830 0.5019 0.5019 0.1255
v -0.103511 0.351444 -0.671281 0.5019 0.5019 0.1255
v -0.127378 0.345860 -0.670901 0.5019 0.5019 0.1255
v -0.028764 1.013753 -0.372743 0.5019 0.5019 0.1255
v 0.001312 1.011723 -0.369900 0.5019 0.5019 0.1255
v -0.125496 0.320936 -0.707221 0.5019 0.5019 0.1255
v -0.152070 0.317641 -0.712851 0.5019 0.5019 0.1255
v -0.156770 0.340785 -0.673781 0.5019 0.5019 0.1255
v -0.103017 0.330057 -0.707875 0.5019 0.5019 0.1255
v -0.121098 0.306839 -0.738948 0.5019 0.5019 0.1255
v -0.142355 0.304639 -0.742223 0.5019 0.5019 0.1255
v -0.100866 0.306408 -0.767407 0.5019 0.5019 0.1255
v -0.114749 0.298926 -0.768185 0.5019 0.5019 0.1255
v -0.101943 0.314969 -0.739406 0.5019 0.5019 0.1255
v -0.131211 0.296126 -0.772145 0.5019 0.5019 0.1255
v -0.142355 0.304639 -0.742223 0.5019 0.5019 0.1255
v -0.158415 0.321530 -0.759877 0.5019 0.5019 0.1255
v -0.103017 0.330057 -0.707875 0.5019 0.5019 0.1255
v -0.099067 0.322395 -0.742060 0.5019 0.5019 0.1255
v -0.099067 0.322395 -0.742060 0.5019 0.5019 0.1255
v -0.092388 0.309685 -0.782539 0.5019 0.5019 0.1255
v -0.100077 0.319750 -0.770372 0.5019 0.5019 0.1255
v -0.083608 0.304111 -0.758965 0.5019 0.5019 0.1255
v -0.083608 0.304111 -0.758965 0.5019 0.5019 0.1255
v -0.109263 0.296769 -0.796086 0.5019 0.5019 0.1255
v -0.120018 0.293746 -0.798316 0.5019 0.5019 0.1255
v -0.105910 0.298112 -0.821546 0.5019 0.5019 0.1255
v -0.101216 0.301613 -0.795819 0.5019 0.5019 0.1255
v -0.103358 0.300308 -0.821982 0.5019 0.5019 0.1255
v -0.109244 0.297448 -0.821676 0.5019 0.5019 0.1255
v -0.104339 0.301468 -0.833724 0.5019 0.5019 0.1255
v -0.104339 0.301468 -0.833724 0.5019 0.5019 0.1255
v -0.113243 0.303104 -0.825425 0.5019 0.5019 0.1255
v -0.109244 0.297448 -0.821676 0.5019 0.5019 0.1255
v -0.109359 0.307398 -0.826800 0.5019 0.5019 0.1255
v -0.126180 0.304478 -0.808128 0.5019 0.5019 0.1255
v -0.120018 0.293746 -0.798316 0.5019 0.5019 0.1255
v -0.141352 0.308623 -0.786365 0.5019 0.5019 0.1255
v -0.125332 0.311098 -0.812306 0.5019 0.5019 0.1255
v -0.116434 0.317815 -0.817266 0.5019 0.5019 0.1255
v -0.127287 0.334162 -0.801804 0.5019 0.5019 0.1255
v -0.137577 0.322953 -0.797413 0.5019 0.5019 0.1255
v -0.116434 0.317815 -0.817266 0.5019 0.5019 0.1255
v -0.114760 0.335098 -0.792863 0.5019 0.5019 0.1255
v -0.127287 0.334162 -0.801804 0.5019 0.5019 0.1255
v -0.122492 0.361288 -0.771800 0.5019 0.5019 0.1255
v -0.120651 0.375052 -0.789275 0.5019 0.5019 0.1255
v -0.122492 0.361288 -0.771800 0.5019 0.5019 0.1255
v -0.102040 0.341774 -0.804690 0.5019 0.5019 0.1255
v -0.104953 0.330717 -0.779950 0.5019 0.5019 0.1255
v -0.153041 0.344697 -0.775007 0.5019 0.5019 0.1255
v -0.139185 0.359831 -0.782074 0.5019 0.5019 0.1255
v -0.131211 0.296126 -0.772145 0.5019 0.5019 0.1255
v -0.067175 0.288006 -0.709381 0.5019 0.5019 0.1255
v -0.062510 0.295772 -0.719606 0.5019 0.5019 0.1255
v -0.062510 0.295772 -0.719606 0.5019 0.5019 0.1255
v -0.067175 0.288006 -0.709381 0.5019 0.5019 0.1255
v -0.036622 0.257694 -0.727199 0.5019 0.5019 0.1255
v -0.036942 0.250516 -0.697910 0.5019 0.5019 0.1255
v -0.044877 0.251577 -0.716760 0.5019 0.5019 0.1255
v -0.044877 0.251577 -0.716760 0.5019 0.5019 0.1255
v -0.021553 0.222229 -0.703412 0.5019 0.5019 0.1255
v -0.026878 0.221047 -0.716111 0.5019 0.5019 0.1255
v -0.008620 0.197969 -0.703953 0.5019 0.5019 0.1255
v -0.011837 0.195859 -0.710942 0.5019 0.5019 0.1255
v -0.015874 0.224656 -0.725252 0.5019 0.5019 0.1255
v -0.026878 0.221047 -0.716111 0.5019 0.5019 0.1255
v -0.011837 0.195859 -0.710942 0.5019 0.5019 0.1255
v -0.009459 0.252505 -0.684948 0.5019 0.5019 0.1255
v -0.005880 0.225381 -0.694890 0.5019 0.5019 0.1255
v -0.000885 0.200824 -0.700027 0.5019 0.5019 0.1255
v -0.000523 0.180218 -0.706095 0.5019 0.5019 0.1255
v 0.003837 0.182550 -0.701391 0.5019 0.5019 0.1255
v -0.000523 0.180218 -0.706095 0.5019 0.5019 0.1255
v 0.005092 0.181655 -0.708219 0.5019 0.5019 0.1255
v 0.001415 0.199012 -0.718148 0.5019 0.5019 0.1255
v 0.008311 0.171569 -0.700822 0.5019 0.5019 0.1255
v 0.009915 0.183465 -0.703274 0.5019 0.5019 0.1255
v 0.008429 0.202792 -0.701561 0.5019 0.5019 0.1255
v 0.008311 0.171569 -0.700822 0.5019 0.5019 0.1255
v 0.009915 0.183465 -0.703274 0.5019 0.5019 0.1255
v 0.012139 0.202747 -0.708135 0.5019 0.5019 0.1255
v -0.029969 0.263606 -0.734904 0.5019 0.5019 0.1255
v -0.029969 0.263606 -0.734904 0.5019 0.5019 0.1255
v -0.057502 0.267524 -0.753475 0.5019 0.5019 0.1255
v -0.072860 0.296379 -0.734449 0.5019 0.5019 0.1255
v 0.027913 0.260455 -0.736408 0.5019 0.5019 0.1255
v -0.001042 0.250368 -0.739119 0.5019 0.5019 0.1255
v 0.018303 0.269865 -0.727367 0.5019 0.5019 0.1255
v -0.001042 0.250368 -0.739119 0.5019 0.5019 0.1255
v -0.000734 0.227449 -0.730785 0.5019 0.5019 0.1255
v 0.018303 0.269865 -0.727367 0.5019 0.5019 0.1255
v -0.022455 0.224004 -0.758207 0.5019 0.5019 0.1255
v 0.008158 0.219758 -0.758869 0.5019 0.5019 0.1255
v 0.043237 0.306553 -0.705918 0.5019 0.5019 0.1255
v 0.046203 0.301724 -0.692581 0.5019 0.5019 0.1255
v 0.025381 0.261572 -0.709177 0.5019 0.5019 0.1255
v 0.016090 0.228935 -0.712270 0.5019 0.5019 0.1255
v 0.043237 0.306553 -0.705918 0.5019 0.5019 0.1255
v 0.074206 0.344971 -0.669261 0.5019 0.5019 0.1255
v 0.067326 0.348674 -0.687203 0.5019 0.5019 0.1255
v 0.046203 0.301724 -0.692581 0.5019 0.5019 0.1255
v 0.074206 0.344971 -0.669261 0.5019 0.5019 0.1255
v 0.025381 0.261572 -0.709177 0.5019 0.5019 0.1255
v 0.017236 0.256149 -0.686590 0.5019 0.5019 0.1255
v 0.092635 0.376452 -0.652488 0.5019 0.5019 0.1255
v 0.106462 0.401376 -0.623431 0.5019 0.5019 0.1255
v 0.016090 0.228935 -0.712270 0.5019 0.5019 0.1255
v 0.011490 0.227940 -0.697336 0.5019 0.5019 0.1255
v 0.012139 0.202747 -0.708135 0.5019 0.5019 0.1255
v 0.123608 0.476056 -0.572804 0.5019 0.5019 0.1255
v 0.123668 0.568405 -0.534904 0.5019 0.5019 0.1255
v -0.057333 1.077089 -0.374141 0.5019 0.5019 0.1255
v -0.048349 1.064494 -0.360106 0.5019 0.5019 0.1255
v -0.057916 1.094305 -0.392026 0.5019 0.5019 0.1255
v -0.025044 1.053506 -0.351050 0.5019 0.5019 0.1255
v -0.025044 1.053506 -0.351050 0.5019 0.5019 0.1255
v 0.001373 1.049841 -0.347774 0.5019 0.5019 0.1255
v 0.027656 1.052683 -0.350722 0.5019 0.5019 0.1255
v 0.007030 1.174304 -0.325497 0.5019 0.5019 0.1255
v 0.004629 1.178083 -0.329362 0.5019 0.5019 0.1255
v 0.005555 1.172631 -0.328178 0.5019 0.5019 0.1255
v 0.002666 1.181356 -0.331220 0.5019 0.5019 0.1255
v 0.000638 1.177989 -0.329540 0.5019 0.5019 0.1255
v 0.002847 1.176945 -0.331447 0.5019 0.5019 0.1255
v 0.002666 1.181356 -0.331220 0.5019 0.5019 0.1255
v 0.002540 1.178609 -0.327889 0.5019 0.5019 0.1255
v 0.000638 1.177989 -0.329540 0.5019 0.5019 0.1255
v 0.004629 1.178083 -0.329362 0.5019 0.5019 0.1255
v -0.004091 1.169368 -0.319179 0.5019 0.5019 0.1255
v -0.000481 1.175246 -0.323826 0.5019 0.5019 0.1255
v -0.002338 1.171466 -0.315699 0.5019 0.5019 0.1255
v 0.002490 1.176020 -0.323115 0.5019 0.5019 0.1255
v 0.002518 1.173095 -0.314781 0.5019 0.5019 0.1255
v -0.001744 1.173868 -0.326069 0.5019 0.5019 0.1255
v -0.005569 1.166717 -0.312761 0.5019 0.5019 0.1255
v 0.002451 1.171200 -0.303720 0.5019 0.5019 0.1255
v -0.004289 1.168757 -0.303679 0.5019 0.5019 0.1255
v 0.005233 1.175472 -0.323660 0.5019 0.5019 0.1255
v 0.007375 1.172103 -0.315793 0.5019 0.5019 0.1255
v -0.000669 1.166236 -0.323837 0.5019 0.5019 0.1255
v 0.000646 1.172325 -0.328688 0.5019 0.5019 0.1255
v -0.001744 1.173868 -0.326069 0.5019 0.5019 0.1255
v -0.004091 1.169368 -0.319179 0.5019 0.5019 0.1255
v -0.005569 1.166717 -0.312761 0.5019 0.5019 0.1255
v 0.004022 1.164801 -0.325662 0.5019 0.5019 0.1255
v 0.003188 1.171639 -0.329766 0.5019 0.5019 0.1255
v 0.004749 1.159096 -0.319907 0.5019 0.5019 0.1255
v -0.000969 1.159899 -0.316061 0.5019 0.5019 0.1255
v 0.004022 1.164801 -0.325662 0.5019 0.5019 0.1255
v 0.003188 1.171639 -0.329766 0.5019 0.5019 0.1255
v 0.007854 1.166765 -0.322990 0.5019 0.5019 0.1255
v 0.009723 1.170159 -0.318267 0.5019 0.5019 0.1255
v 0.007030 1.174304 -0.325497 0.5019 0.5019 0.1255
v 0.009723 1.170159 -0.318267 0.5019 0.5019 0.1255
v 0.012559 1.166141 -0.307863 0.5019 0.5019 0.1255
v 0.009448 1.169580 -0.305154 0.5019 0.5019 0.1255
v 0.009990 1.159519 -0.313004 0.5019 0.5019 0.1255
v 0.012559 1.166141 -0.307863 0.5019 0.5019 0.1255
v 0.002591 1.170567 -0.291696 0.5019 0.5019 0.1255
v -0.005406 1.167747 -0.291453 0.5019 0.5019 0.1255
v 0.010442 1.168155 -0.292390 0.5019 0.5019 0.1255
v -0.006778 1.164979 -0.304239 0.5019 0.5019 0.1255
v 0.014359 1.163241 -0.293019 0.5019 0.5019 0.1255
v 0.010264 1.167085 -0.274788 0.5019 0.5019 0.1255
v 0.002403 1.169810 -0.274861 0.5019 0.5019 0.1255
v -0.005242 1.167409 -0.274727 0.5019 0.5019 0.1255
v -0.008670 1.163070 -0.274643 0.5019 0.5019 0.1255
v -0.007886 1.162783 -0.291509 0.5019 0.5019 0.1255
v 0.009564 1.165110 -0.262341 0.5019 0.5019 0.1255
v 0.001877 1.167861 -0.262771 0.5019 0.5019 0.1255
v -0.004982 1.165410 -0.262388 0.5019 0.5019 0.1255
v 0.014595 1.161312 -0.274332 0.5019 0.5019 0.1255
v 0.012731 1.160802 -0.261790 0.5019 0.5019 0.1255
v -0.007207 1.162004 -0.262447 0.5019 0.5019 0.1255
v -0.008670 1.163070 -0.274643 0.5019 0.5019 0.1255
v -0.007207 1.162004 -0.262447 0.5019 0.5019 0.1255
v -0.012000 1.158764 -0.262592 0.5019 0.5019 0.1255
v -0.014437 1.159470 -0.274215 0.5019 0.5019 0.1255
v -0.007886 1.162783 -0.291509 0.5019 0.5019 0.1255
v 0.014620 1.160999 -0.293336 0.5019 0.5019 0.1255
v 0.014620 1.160999 -0.293336 0.5019 0.5019 0.1255
v 0.004749 1.159096 -0.319907 0.5019 0.5019 0.1255
v -0.006143 1.160995 -0.304713 0.5019 0.5019 0.1255
v -0.006778 1.164979 -0.304239 0.5019 0.5019 0.1255
v -0.007886 1.162783 -0.291509 0.5019 0.5019 0.1255
v -0.136307 0.680185 -0.583665 0.5019 0.5019 0.1255
v -0.162327 0.621607 -0.610900 0.5019 0.5019 0.1255
v -0.143421 0.685419 -0.590885 0.5019 0.5019 0.1255
v -0.136307 0.680185 -0.583665 0.5019 0.5019 0.1255
v -0.143421 0.685419 -0.590885 0.5019 0.5019 0.1255
v -0.124524 0.780270 -0.549413 0.5019 0.5019 0.1255
v -0.117814 0.777533 -0.542612 0.5019 0.5019 0.1255
v -0.154852 0.614847 -0.607291 0.5019 0.5019 0.1255
v -0.136109 0.709464 -0.628618 0.5019 0.5019 0.1255
v -0.122698 0.792367 -0.574516 0.5019 0.5019 0.1255
v -0.149882 0.666452 -0.623149 0.5019 0.5019 0.1255
v -0.163441 0.626111 -0.625339 0.5019 0.5019 0.1255
v -0.149882 0.666452 -0.623149 0.5019 0.5019 0.1255
v -0.159076 0.625743 -0.638423 0.5019 0.5019 0.1255
v -0.163405 0.608730 -0.657058 0.5019 0.5019 0.1255
v -0.159076 0.625743 -0.638423 0.5019 0.5019 0.1255
v -0.153587 0.628708 -0.681915 0.5019 0.5019 0.1255
v -0.172962 0.602466 -0.624797 0.5019 0.5019 0.1255
v -0.159818 0.607451 -0.639387 0.5019 0.5019 0.1255
v -0.159076 0.625743 -0.638423 0.5019 0.5019 0.1255
v -0.170557 0.597477 -0.633435 0.5019 0.5019 0.1255
v -0.159818 0.607451 -0.639387 0.5019 0.5019 0.1255
v -0.179673 0.581023 -0.625842 0.5019 0.5019 0.1255
v -0.165616 0.590781 -0.630506 0.5019 0.5019 0.1255
v -0.181312 0.583619 -0.625666 0.5019 0.5019 0.1255
v -0.181312 0.583619 -0.625666 0.5019 0.5019 0.1255
v -0.170557 0.597477 -0.633435 0.5019 0.5019 0.1255
v -0.182535 0.585337 -0.621951 0.5019 0.5019 0.1255
v -0.178169 0.579818 -0.621883 0.5019 0.5019 0.1255
v -0.160710 0.591378 -0.621242 0.5019 0.5019 0.1255
v -0.152947 0.603046 -0.633424 0.5019 0.5019 0.1255
v -0.177519 0.581068 -0.617910 0.5019 0.5019 0.1255
v -0.160430 0.594344 -0.615033 0.5019 0.5019 0.1255
v -0.152947 0.603046 -0.633424 0.5019 0.5019 0.1255
v -0.190012 0.576216 -0.619502 0.5019 0.5019 0.1255
v -0.181762 0.584686 -0.617791 0.5019 0.5019 0.1255
v -0.177519 0.581068 -0.617910 0.5019 0.5019 0.1255
v -0.190012 0.576216 -0.619502 0.5019 0.5019 0.1255
v -0.160430 0.594344 -0.615033 0.5019 0.5019 0.1255
v -0.170702 0.600883 -0.614692 0.5019 0.5019 0.1255
v -0.068696 0.554168 -0.818612 0.5019 0.5019 0.1255
v -0.069781 0.535310 -0.842717 0.5019 0.5019 0.1255
v -0.053048 0.537436 -0.845484 0.5019 0.5019 0.1255
v -0.069833 0.607568 -0.773495 0.5019 0.5019 0.1255
v -0.068696 0.554168 -0.818612 0.5019 0.5019 0.1255
v -0.044072 0.557445 -0.821037 0.5019 0.5019 0.1255
v -0.080832 0.525839 -0.839642 0.5019 0.5019 0.1255
v -0.088538 0.542632 -0.817998 0.5019 0.5019 0.1255
v -0.088538 0.542632 -0.817998 0.5019 0.5019 0.1255
v -0.032439 0.532908 -0.837461 0.5019 0.5019 0.1255
v -0.044072 0.557445 -0.821037 0.5019 0.5019 0.1255
v -0.032439 0.532908 -0.837461 0.5019 0.5019 0.1255
v -0.015184 0.550674 -0.822276 0.5019 0.5019 0.1255
v -0.014284 0.613154 -0.775218 0.5019 0.5019 0.1255
v -0.062531 0.524472 -0.867304 0.5019 0.5019 0.1255
v -0.056379 0.516303 -0.869675 0.5019 0.5019 0.1255
v -0.040006 0.527262 -0.847800 0.5019 0.5019 0.1255
v -0.073029 0.524006 -0.864089 0.5019 0.5019 0.1255
v -0.073159 0.519067 -0.881601 0.5019 0.5019 0.1255
v -0.070500 0.514287 -0.883780 0.5019 0.5019 0.1255
v -0.077432 0.518679 -0.879608 0.5019 0.5019 0.1255
v -0.083079 0.515748 -0.892422 0.5019 0.5019 0.1255
v -0.060707 0.509245 -0.869081 0.5019 0.5019 0.1255
v -0.056379 0.516303 -0.869675 0.5019 0.5019 0.1255
v -0.070500 0.514287 -0.883780 0.5019 0.5019 0.1255
v -0.044547 0.514704 -0.848966 0.5019 0.5019 0.1255
v -0.040006 0.527262 -0.847800 0.5019 0.5019 0.1255
v -0.075201 0.510632 -0.883190 0.5019 0.5019 0.1255
v -0.083079 0.515748 -0.892422 0.5019 0.5019 0.1255
v -0.079685 0.510359 -0.879491 0.5019 0.5019 0.1255
v -0.080299 0.515509 -0.878419 0.5019 0.5019 0.1255
v -0.079685 0.510359 -0.879491 0.5019 0.5019 0.1255
v -0.067669 0.505724 -0.866599 0.5019 0.5019 0.1255
v -0.075135 0.506919 -0.863270 0.5019 0.5019 0.1255
v -0.074240 0.506581 -0.848016 0.5019 0.5019 0.1255
v -0.060597 0.504019 -0.853117 0.5019 0.5019 0.1255
v -0.079590 0.512126 -0.860734 0.5019 0.5019 0.1255
v -0.081788 0.517204 -0.838835 0.5019 0.5019 0.1255
v -0.079590 0.512126 -0.860734 0.5019 0.5019 0.1255
v -0.078910 0.517975 -0.862325 0.5019 0.5019 0.1255
v -0.081788 0.517204 -0.838835 0.5019 0.5019 0.1255
v -0.032439 0.532908 -0.837461 0.5019 0.5019 0.1255
v -0.044547 0.514704 -0.848966 0.5019 0.5019 0.1255
v -0.060597 0.504019 -0.853117 0.5019 0.5019 0.1255
v -0.023788 0.508001 -0.851539 0.5019 0.5019 0.1255
v 0.006498 0.497926 -0.847710 0.5019 0.5019 0.1255
v 0.018529 0.537319 -0.821439 0.5019 0.5019 0.1255
v 0.030104 0.569583 -0.797339 0.5019 0.5019 0.1255
v -0.021430 1.151008 -0.321666 0.5019 0.5019 0.1255
v -0.006143 1.160995 -0.304713 0.5019 0.5019 0.1255
v -0.016392 1.157747 -0.293408 0.5019 0.5019 0.1255
v -0.004278 1.156759 -0.323716 0.5019 0.5019 0.1255
v -0.029604 1.135827 -0.363929 0.5019 0.5019 0.1255
v -0.000969 1.159899 -0.316061 0.5019 0.5019 0.1255
v -0.037521 1.112681 -0.411384 0.5019 0.5019 0.1255
v -0.043660 1.031632 -0.506700 0.5019 0.5019 0.1255
v -0.045729 0.964944 -0.550692 0.5019 0.5019 0.1255
v -0.038984 1.079734 -0.462337 0.5019 0.5019 0.1255
v -0.001654 0.898586 -0.598164 0.5019 0.5019 0.1255
v -0.047007 0.892360 -0.588975 0.5019 0.5019 0.1255
v 0.044918 0.866845 -0.614795 0.5019 0.5019 0.1255
v -0.001654 0.898586 -0.598164 0.5019 0.5019 0.1255
v 0.029692 0.485219 -0.838047 0.5019 0.5019 0.1255
v 0.009499 0.434640 -0.847964 0.5019 0.5019 0.1255
v 0.003521 0.442557 -0.865715 0.5019 0.5019 0.1255
v 0.029048 0.466310 -0.817853 0.5019 0.5019 0.1255
v -0.013619 0.402032 -0.880475 0.5019 0.5019 0.1255
v -0.010165 0.396473 -0.871097 0.5019 0.5019 0.1255
v 0.003331 0.433013 -0.834308 0.5019 0.5019 0.1255
v 0.009499 0.434640 -0.847964 0.5019 0.5019 0.1255
v -0.010165 0.396473 -0.871097 0.5019 0.5019 0.1255
v 0.029048 0.466310 -0.817853 0.5019 0.5019 0.1255
v -0.016994 0.375092 -0.885539 0.5019 0.5019 0.1255
v -0.016388 0.373465 -0.882807 0.5019 0.5019 0.1255
v -0.016388 0.373465 -0.882807 0.5019 0.5019 0.1255
v -0.022665 0.370183 -0.881238 0.5019 0.5019 0.1255
v -0.031756 0.391787 -0.863240 0.5019 0.5019 0.1255
v -0.028113 0.451570 -0.875931 0.5019 0.5019 0.1255
v -0.025889 0.403950 -0.885771 0.5019 0.5019 0.1255
v -0.056097 0.446712 -0.874495 0.5019 0.5019 0.1255
v -0.039411 0.401901 -0.885443 0.5019 0.5019 0.1255
v -0.050970 0.395764 -0.880796 0.5019 0.5019 0.1255
v -0.082774 0.436971 -0.866179 0.5019 0.5019 0.1255
v -0.074240 0.506581 -0.848016 0.5019 0.5019 0.1255
v -0.111785 0.483538 -0.835072 0.5019 0.5019 0.1255
v -0.022913 0.374375 -0.887723 0.5019 0.5019 0.1255
v -0.017224 0.360755 -0.887540 0.5019 0.5019 0.1255
v -0.029264 0.372085 -0.886392 0.5019 0.5019 0.1255
v -0.050970 0.395764 -0.880796 0.5019 0.5019 0.1255
v -0.053950 0.391698 -0.875488 0.5019 0.5019 0.1255
v -0.029264 0.372085 -0.886392 0.5019 0.5019 0.1255
v -0.082774 0.436971 -0.866179 0.5019 0.5019 0.1255
v -0.086348 0.428150 -0.853848 0.5019 0.5019 0.1255
v -0.030209 0.369416 -0.882371 0.5019 0.5019 0.1255
v -0.017224 0.360755 -0.887540 0.5019 0.5019 0.1255
v -0.017224 0.360755 -0.887540 0.5019 0.5019 0.1255
v -0.030209 0.369416 -0.882371 0.5019 0.5019 0.1255
v -0.054053 0.389152 -0.868937 0.5019 0.5019 0.1255
v -0.054053 0.389152 -0.868937 0.5019 0.5019 0.1255
v -0.083270 0.425094 -0.839667 0.5019 0.5019 0.1255
v -0.111785 0.483538 -0.835072 0.5019 0.5019 0.1255
v -0.114560 0.471071 -0.820259 0.5019 0.5019 0.1255
v -0.106710 0.459417 -0.809509 0.5019 0.5019 0.1255
v -0.083270 0.425094 -0.839667 0.5019 0.5019 0.1255
v -0.066500 0.429070 -0.826423 0.5019 0.5019 0.1255
v -0.119118 0.537413 -0.803942 0.5019 0.5019 0.1255
v -0.126149 0.514536 -0.808192 0.5019 0.5019 0.1255
v -0.126149 0.514536 -0.808192 0.5019 0.5019 0.1255
v -0.081788 0.517204 -0.838835 0.5019 0.5019 0.1255
v -0.128602 0.503013 -0.793194 0.5019 0.5019 0.1255
v -0.136011 0.533924 -0.779949 0.5019 0.5019 0.1255
v -0.133145 0.539584 -0.786083 0.5019 0.5019 0.1255
v -0.133145 0.539584 -0.786083 0.5019 0.5019 0.1255
v -0.121215 0.483689 -0.798270 0.5019 0.5019 0.1255
v -0.128602 0.503013 -0.793194 0.5019 0.5019 0.1255
v -0.127627 0.478867 -0.803249 0.5019 0.5019 0.1255
v -0.121215 0.483689 -0.798270 0.5019 0.5019 0.1255
v -0.128602 0.503013 -0.793194 0.5019 0.5019 0.1255
v -0.142619 0.482623 -0.805703 0.5019 0.5019 0.1255
v -0.127627 0.478867 -0.803249 0.5019 0.5019 0.1255
v -0.143985 0.530595 -0.777392 0.5019 0.5019 0.1255
v -0.136011 0.533924 -0.779949 0.5019 0.5019 0.1255
v -0.112049 0.472777 -0.788976 0.5019 0.5019 0.1255
v -0.106710 0.459417 -0.809509 0.5019 0.5019 0.1255
v -0.116142 0.474852 -0.796003 0.5019 0.5019 0.1255
v -0.090811 0.449768 -0.809092 0.5019 0.5019 0.1255
v -0.136636 0.454647 -0.824420 0.5019 0.5019 0.1255
v -0.126412 0.451226 -0.820884 0.5019 0.5019 0.1255
v -0.121074 0.436962 -0.817986 0.5019 0.5019 0.1255
v -0.127927 0.426473 -0.811037 0.5019 0.5019 0.1255
v -0.121200 0.439585 -0.797471 0.5019 0.5019 0.1255
v -0.133951 0.435973 -0.782442 0.5019 0.5019 0.1255
v -0.121200 0.439585 -0.797471 0.5019 0.5019 0.1255
v -0.089680 0.415242 -0.822078 0.5019 0.5019 0.1255
v -0.112049 0.472777 -0.788976 0.5019 0.5019 0.1255
v -0.123121 0.426673 -0.844888 0.5019 0.5019 0.1255
v -0.122452 0.421170 -0.842219 0.5019 0.5019 0.1255
v -0.121683 0.428587 -0.831704 0.5019 0.5019 0.1255
v -0.125553 0.420999 -0.828185 0.5019 0.5019 0.1255
v -0.130873 0.437554 -0.838178 0.5019 0.5019 0.1255
v -0.124783 0.435014 -0.835353 0.5019 0.5019 0.1255
v -0.121190 0.419623 -0.854860 0.5019 0.5019 0.1255
v -0.123121 0.426673 -0.844888 0.5019 0.5019 0.1255
v -0.126053 0.427514 -0.847047 0.5019 0.5019 0.1255
v -0.121190 0.419623 -0.854860 0.5019 0.5019 0.1255
v -0.126696 0.417810 -0.842617 0.5019 0.5019 0.1255
v -0.129008 0.423298 -0.845603 0.5019 0.5019 0.1255
v -0.126696 0.417810 -0.842617 0.5019 0.5019 0.1255
v -0.133486 0.419099 -0.827781 0.5019 0.5019 0.1255
v -0.142304 0.425975 -0.807139 0.5019 0.5019 0.1255
v -0.142304 0.425975 -0.807139 0.5019 0.5019 0.1255
v -0.133486 0.419099 -0.827781 0.5019 0.5019 0.1255
v -0.138098 0.427525 -0.833915 0.5019 0.5019 0.1255
v -0.149773 0.436381 -0.816536 0.5019 0.5019 0.1255
v -0.136971 0.431390 -0.836005 0.5019 0.5019 0.1255
v -0.165713 0.456898 -0.786749 0.5019 0.5019 0.1255
v -0.153027 0.442252 -0.772700 0.5019 0.5019 0.1255
v -0.153027 0.442252 -0.772700 0.5019 0.5019 0.1255
v -0.176562 0.489632 -0.744451 0.5019 0.5019 0.1255
v -0.162937 0.475321 -0.729591 0.5019 0.5019 0.1255
v -0.162937 0.475321 -0.729591 0.5019 0.5019 0.1255
v -0.156032 0.473044 -0.725342 0.5019 0.5019 0.1255
v -0.142479 0.441935 -0.766499 0.5019 0.5019 0.1255
v -0.159229 0.473558 -0.798300 0.5019 0.5019 0.1255
v -0.167306 0.514190 -0.766014 0.5019 0.5019 0.1255
v -0.146913 0.446232 -0.821758 0.5019 0.5019 0.1255
v -0.141067 0.584000 -0.746896 0.5019 0.5019 0.1255
v -0.165574 0.566378 -0.724736 0.5019 0.5019 0.1255
v -0.176026 0.545307 -0.700766 0.5019 0.5019 0.1255
v -0.141067 0.584000 -0.746896 0.5019 0.5019 0.1255
v -0.120377 0.595036 -0.760723 0.5019 0.5019 0.1255
v -0.114686 0.658091 -0.712361 0.5019 0.5019 0.1255
v -0.131762 0.648859 -0.703770 0.5019 0.5019 0.1255
v -0.065298 0.671321 -0.724726 0.5019 0.5019 0.1255
v -0.008353 0.677189 -0.728319 0.5019 0.5019 0.1255
v -0.056928 0.742120 -0.674819 0.5019 0.5019 0.1255
v -0.107496 0.729391 -0.657296 0.5019 0.5019 0.1255
v -0.003428 0.748582 -0.680340 0.5019 0.5019 0.1255
v -0.095660 0.807436 -0.608791 0.5019 0.5019 0.1255
v -0.050065 0.817295 -0.628921 0.5019 0.5019 0.1255
v 0.003368 0.823693 -0.637827 0.5019 0.5019 0.1255
v -0.086696 0.882578 -0.568926 0.5019 0.5019 0.1255
v -0.109997 0.868181 -0.535962 0.5019 0.5019 0.1255
v -0.079802 0.954657 -0.530000 0.5019 0.5019 0.1255
v -0.047007 0.892360 -0.588975 0.5019 0.5019 0.1255
v 0.003368 0.823693 -0.637827 0.5019 0.5019 0.1255
v 0.029588 0.833078 -0.640174 0.5019 0.5019 0.1255
v 0.029732 0.799547 -0.651758 0.5019 0.5019 0.1255
v 0.051802 0.808120 -0.661476 0.5019 0.5019 0.1255
v 0.043394 0.798281 -0.663320 0.5019 0.5019 0.1255
v 0.003368 0.823693 -0.637827 0.5019 0.5019 0.1255
v 0.029732 0.799547 -0.651758 0.5019 0.5019 0.1255
v 0.043394 0.798281 -0.663320 0.5019 0.5019 0.1255
v -0.071472 1.020187 -0.488884 0.5019 0.5019 0.1255
v -0.059702 1.070382 -0.449348 0.5019 0.5019 0.1255
v -0.142479 0.441935 -0.766499 0.5019 0.5019 0.1255
v 0.053746 0.786782 -0.655121 0.5019 0.5019 0.1255
v 0.041964 0.612486 -0.765463 0.5019 0.5019 0.1255
v -0.033511 0.417264 -0.838871 0.5019 0.5019 0.1255
v -0.066500 0.429070 -0.826423 0.5019 0.5019 0.1255
v -0.090811 0.449768 -0.809092 0.5019 0.5019 0.1255
v -0.049587 0.386988 -0.843009 0.5019 0.5019 0.1255
v -0.033511 0.417264 -0.838871 0.5019 0.5019 0.1255
v -0.037521 1.112681 -0.411384 0.5019 0.5019 0.1255
v 0.056337 0.837284 -0.635090 0.5019 0.5019 0.1255
v 0.069215 0.814813 -0.653431 0.5019 0.5019 0.1255
v 0.066682 0.834058 -0.625302 0.5019 0.5019 0.1255
v 0.077748 0.810612 -0.646248 0.5019 0.5019 0.1255
v 0.077479 0.801137 -0.643719 0.5019 0.5019 0.1255
v 0.067983 0.827160 -0.620004 0.5019 0.5019 0.1255
v 0.077479 0.801137 -0.643719 0.5019 0.5019 0.1255
v 0.069713 0.789893 -0.644949 0.5019 0.5019 0.1255
v 0.088050 0.790714 -0.662279 0.5019 0.5019 0.1255
v 0.083559 0.784188 -0.663640 0.5019 0.5019 0.1255
v 0.053746 0.786782 -0.655121 0.5019 0.5019 0.1255
v 0.069713 0.789893 -0.644949 0.5019 0.5019 0.1255
v 0.083559 0.784188 -0.663640 0.5019 0.5019 0.1255
v 0.088197 0.796283 -0.664450 0.5019 0.5019 0.1255
v 0.088050 0.790714 -0.662279 0.5019 0.5019 0.1255
v 0.073926 0.783357 -0.669430 0.5019 0.5019 0.1255
v 0.068756 0.790176 -0.676216 0.5019 0.5019 0.1255
v 0.068756 0.790176 -0.676216 0.5019 0.5019 0.1255
v 0.073458 0.795564 -0.674918 0.5019 0.5019 0.1255
v 0.088047 0.786470 -0.683731 0.5019 0.5019 0.1255
v 0.090712 0.783219 -0.681816 0.5019 0.5019 0.1255
v 0.094730 0.782775 -0.678582 0.5019 0.5019 0.1255
v 0.088047 0.786470 -0.683731 0.5019 0.5019 0.1255
v 0.089932 0.789952 -0.682611 0.5019 0.5019 0.1255
v 0.082557 0.799078 -0.669626 0.5019 0.5019 0.1255
v 0.093463 0.790976 -0.680722 0.5019 0.5019 0.1255
v 0.103392 0.785656 -0.688089 0.5019 0.5019 0.1255
v 0.096763 0.789364 -0.678968 0.5019 0.5019 0.1255
v 0.097455 0.786454 -0.678223 0.5019 0.5019 0.1255
v 0.097455 0.786454 -0.678223 0.5019 0.5019 0.1255
v 0.094730 0.782775 -0.678582 0.5019 0.5019 0.1255
v 0.103392 0.785656 -0.688089 0.5019 0.5019 0.1255
v 0.103392 0.785656 -0.688089 0.5019 0.5019 0.1255
v -0.152947 0.603046 -0.633424 0.5019 0.5019 0.1255
v -0.071380 0.281935 -0.784714 0.5019 0.5019 0.1255
v -0.062627 0.256953 -0.805966 0.5019 0.5019 0.1255
v -0.080886 0.289394 -0.800993 0.5019 0.5019 0.1255
v -0.069757 0.262322 -0.819633 0.5019 0.5019 0.1255
v -0.050348 0.258847 -0.799586 0.5019 0.5019 0.1255
v -0.064077 0.236826 -0.831555 0.5019 0.5019 0.1255
v -0.058057 0.235008 -0.820724 0.5019 0.5019 0.1255
v -0.080886 0.289394 -0.800993 0.5019 0.5019 0.1255
v -0.069757 0.262322 -0.819633 0.5019 0.5019 0.1255
v -0.082379 0.300052 -0.817562 0.5019 0.5019 0.1255
v -0.092388 0.309685 -0.782539 0.5019 0.5019 0.1255
v -0.035686 0.233348 -0.819793 0.5019 0.5019 0.1255
v -0.043972 0.210098 -0.830185 0.5019 0.5019 0.1255
v -0.032102 0.244030 -0.811438 0.5019 0.5019 0.1255
v -0.006903 0.230803 -0.824288 0.5019 0.5019 0.1255
v -0.067549 0.280019 -0.780498 0.5019 0.5019 0.1255
v -0.057603 0.214689 -0.829474 0.5019 0.5019 0.1255
v -0.012242 0.240924 -0.815917 0.5019 0.5019 0.1255
v -0.032102 0.244030 -0.811438 0.5019 0.5019 0.1255
v -0.034354 0.237298 -0.810186 0.5019 0.5019 0.1255
v -0.050348 0.258847 -0.799586 0.5019 0.5019 0.1255
v -0.012242 0.240924 -0.815917 0.5019 0.5019 0.1255
v -0.038219 0.194811 -0.814535 0.5019 0.5019 0.1255
v -0.046951 0.239231 -0.802746 0.5019 0.5019 0.1255
v -0.014738 0.193118 -0.819674 0.5019 0.5019 0.1255
v 0.006907 0.220425 -0.817410 0.5019 0.5019 0.1255
v 0.015208 0.251543 -0.813420 0.5019 0.5019 0.1255
v 0.015208 0.251543 -0.813420 0.5019 0.5019 0.1255
v -0.067549 0.280019 -0.780498 0.5019 0.5019 0.1255
v -0.067892 0.277120 -0.776703 0.5019 0.5019 0.1255
v -0.083608 0.304111 -0.758965 0.5019 0.5019 0.1255
v -0.054722 0.238099 -0.794065 0.5019 0.5019 0.1255
v -0.049776 0.195309 -0.804247 0.5019 0.5019 0.1255
v -0.046527 0.229452 -0.771201 0.5019 0.5019 0.1255
v -0.043860 0.189585 -0.787011 0.5019 0.5019 0.1255
v -0.049776 0.195309 -0.804247 0.5019 0.5019 0.1255
v -0.054722 0.238099 -0.794065 0.5019 0.5019 0.1255
v -0.067892 0.277120 -0.776703 0.5019 0.5019 0.1255
v -0.029132 0.154786 -0.816606 0.5019 0.5019 0.1255
v -0.044488 0.158486 -0.813917 0.5019 0.5019 0.1255
v -0.051589 0.160285 -0.807666 0.5019 0.5019 0.1255
v 0.010890 0.188195 -0.812294 0.5019 0.5019 0.1255
v -0.057229 0.127864 -0.806297 0.5019 0.5019 0.1255
v -0.050912 0.125954 -0.809801 0.5019 0.5019 0.1255
v -0.048534 0.158051 -0.797797 0.5019 0.5019 0.1255
v -0.051589 0.160285 -0.807666 0.5019 0.5019 0.1255
v -0.057229 0.127864 -0.806297 0.5019 0.5019 0.1255
v -0.027408 0.184378 -0.778085 0.5019 0.5019 0.1255
v -0.039715 0.153984 -0.791292 0.5019 0.5019 0.1255
v -0.026617 0.149313 -0.790564 0.5019 0.5019 0.1255
v -0.008382 0.180678 -0.777975 0.5019 0.5019 0.1255
v -0.052338 0.126426 -0.799460 0.5019 0.5019 0.1255
v -0.060455 0.112202 -0.803834 0.5019 0.5019 0.1255
v -0.058989 0.111625 -0.801586 0.5019 0.5019 0.1255
v -0.055658 0.109579 -0.801243 0.5019 0.5019 0.1255
v -0.042957 0.121256 -0.799240 0.5019 0.5019 0.1255
v 0.007866 0.179265 -0.784449 0.5019 0.5019 0.1255
v -0.018255 0.146376 -0.793751 0.5019 0.5019 0.1255
v 0.031315 0.218502 -0.768142 0.5019 0.5019 0.1255
v -0.041505 0.120997 -0.804140 0.5019 0.5019 0.1255
v -0.042957 0.121256 -0.799240 0.5019 0.5019 0.1255
v -0.018255 0.146376 -0.793751 0.5019 0.5019 0.1255
v -0.014326 0.147697 -0.804880 0.5019 0.5019 0.1255
v 0.007866 0.179265 -0.784449 0.5019 0.5019 0.1255
v 0.014708 0.183829 -0.801661 0.5019 0.5019 0.1255
v -0.055658 0.109579 -0.801243 0.5019 0.5019 0.1255
v 0.031315 0.218502 -0.768142 0.5019 0.5019 0.1255
v 0.042414 0.225033 -0.791931 0.5019 0.5019 0.1255
v -0.015345 0.150083 -0.811829 0.5019 0.5019 0.1255
v -0.042007 0.121570 -0.807536 0.5019 0.5019 0.1255
v 0.034412 0.234962 -0.807748 0.5019 0.5019 0.1255
v -0.055198 0.109489 -0.803671 0.5019 0.5019 0.1255
v -0.058104 0.111165 -0.805265 0.5019 0.5019 0.1255
v 0.060280 0.267552 -0.788925 0.5019 0.5019 0.1255
v 0.051000 0.282007 -0.798827 0.5019 0.5019 0.1255
v 0.061978 0.260838 -0.776956 0.5019 0.5019 0.1255
v 0.070179 0.306662 -0.785753 0.5019 0.5019 0.1255
v 0.078646 0.294942 -0.762652 0.5019 0.5019 0.1255
v 0.077120 0.300221 -0.774537 0.5019 0.5019 0.1255
v 0.051000 0.282007 -0.798827 0.5019 0.5019 0.1255
v 0.056485 0.289799 -0.809048 0.5019 0.5019 0.1255
v 0.070179 0.306662 -0.785753 0.5019 0.5019 0.1255
v 0.022451 0.248968 -0.826167 0.5019 0.5019 0.1255
v 0.084824 0.337527 -0.784255 0.5019 0.5019 0.1255
v 0.077640 0.357890 -0.805454 0.5019 0.5019 0.1255
v 0.052541 0.304484 -0.826392 0.5019 0.5019 0.1255
v 0.056485 0.289799 -0.809048 0.5019 0.5019 0.1255
v 0.084824 0.337527 -0.784255 0.5019 0.5019 0.1255
v 0.022985 0.260470 -0.838615 0.5019 0.5019 0.1255
v 0.022451 0.248968 -0.826167 0.5019 0.5019 0.1255
v 0.093578 0.353618 -0.775449 0.5019 0.5019 0.1255
v 0.085303 0.327912 -0.772236 0.5019 0.5019 0.1255
v 0.093578 0.353618 -0.775449 0.5019 0.5019 0.1255
v 0.050001 0.256388 -0.749140 0.5019 0.5019 0.1255
v 0.075941 0.294240 -0.743228 0.5019 0.5019 0.1255
v 0.058401 0.383642 -0.828005 0.5019 0.5019 0.1255
v 0.088677 0.458754 -0.780181 0.5019 0.5019 0.1255
v 0.068816 0.441839 -0.807342 0.5019 0.5019 0.1255
v 0.038797 0.319030 -0.843377 0.5019 0.5019 0.1255
v 0.029048 0.466310 -0.817853 0.5019 0.5019 0.1255
v 0.019514 0.399687 -0.840646 0.5019 0.5019 0.1255
v 0.006028 0.333333 -0.856058 0.5019 0.5019 0.1255
v 0.012464 0.268220 -0.848997 0.5019 0.5019 0.1255
v -0.013868 0.396385 -0.845966 0.5019 0.5019 0.1255
v 0.003331 0.433013 -0.834308 0.5019 0.5019 0.1255
v -0.008908 0.275982 -0.857344 0.5019 0.5019 0.1255
v -0.027449 0.333366 -0.857569 0.5019 0.5019 0.1255
v -0.032296 0.278515 -0.858871 0.5019 0.5019 0.1255
v -0.020510 0.238797 -0.852188 0.5019 0.5019 0.1255
v -0.038275 0.241745 -0.854741 0.5019 0.5019 0.1255
v -0.005889 0.232258 -0.844676 0.5019 0.5019 0.1255
v -0.060401 0.323395 -0.849244 0.5019 0.5019 0.1255
v -0.055618 0.275280 -0.851463 0.5019 0.5019 0.1255
v -0.052198 0.240455 -0.850728 0.5019 0.5019 0.1255
v -0.075183 0.315326 -0.838568 0.5019 0.5019 0.1255
v -0.092889 0.360509 -0.827537 0.5019 0.5019 0.1255
v -0.075343 0.373361 -0.837668 0.5019 0.5019 0.1255
v -0.110769 0.397786 -0.812412 0.5019 0.5019 0.1255
v -0.066420 0.268916 -0.836129 0.5019 0.5019 0.1255
v -0.060792 0.238817 -0.843559 0.5019 0.5019 0.1255
v -0.064077 0.236826 -0.831555 0.5019 0.5019 0.1255
v -0.059392 0.215905 -0.843599 0.5019 0.5019 0.1255
v -0.047986 0.213411 -0.848211 0.5019 0.5019 0.1255
v -0.056676 0.195896 -0.842482 0.5019 0.5019 0.1255
v -0.061469 0.196989 -0.840333 0.5019 0.5019 0.1255
v -0.064845 0.187578 -0.837111 0.5019 0.5019 0.1255
v -0.035831 0.208194 -0.844804 0.5019 0.5019 0.1255
v -0.051218 0.192003 -0.838916 0.5019 0.5019 0.1255
v -0.061531 0.215346 -0.835924 0.5019 0.5019 0.1255
v -0.030202 0.204391 -0.838614 0.5019 0.5019 0.1255
v -0.032499 0.206191 -0.833597 0.5019 0.5019 0.1255
v -0.030202 0.204391 -0.838614 0.5019 0.5019 0.1255
v -0.051218 0.192003 -0.838916 0.5019 0.5019 0.1255
v -0.062934 0.197403 -0.837280 0.5019 0.5019 0.1255
v -0.062934 0.197403 -0.837280 0.5019 0.5019 0.1255
v -0.061531 0.215346 -0.835924 0.5019 0.5019 0.1255
v -0.100077 0.319750 -0.770372 0.5019 0.5019 0.1255
v 0.050001 0.256388 -0.749140 0.5019 0.5019 0.1255
v 0.065916 0.297755 -0.724031 0.5019 0.5019 0.1255
v 0.065916 0.297755 -0.724031 0.5019 0.5019 0.1255
v 0.085555 0.319373 -0.727714 0.5019 0.5019 0.1255
v 0.083610 0.344123 -0.701322 0.5019 0.5019 0.1255
v 0.067326 0.348674 -0.687203 0.5019 0.5019 0.1255
v 0.083610 0.344123 -0.701322 0.5019 0.5019 0.1255
v -0.000816 0.227286 -0.833786 0.5019 0.5019 0.1255
v -0.000816 0.227286 -0.833786 0.5019 0.5019 0.1255
v -0.060455 0.112202 -0.803834 0.5019 0.5019 0.1255
v -0.061610 0.105081 -0.802073 0.5019 0.5019 0.1255
v -0.061610 0.105081 -0.802073 0.5019 0.5019 0.1255
v 0.078392 0.372566 -0.677652 0.5019 0.5019 0.1255
v 0.083107 0.308373 -0.768200 0.5019 0.5019 0.1255
v 0.085303 0.327912 -0.772236 0.5019 0.5019 0.1255
v 0.084214 0.304838 -0.755228 0.5019 0.5019 0.1255
v 0.002847 1.176945 -0.331447 0.5019 0.5019 0.1255
v 0.002666 1.181356 -0.331220 0.5019 0.5019 0.1255
v -0.116142 0.474852 -0.796003 0.5019 0.5019 0.1255
v 0.102039 1.195758 -0.230575 0.5019 0.5019 0.0000
v 0.111240 1.164465 -0.234198 0.5019 0.5019 0.0000
v 0.070294 1.194002 -0.244960 0.5019 0.5019 0.0000
v 0.075094 1.163409 -0.250259 0.5019 0.5019 0.0000
v -0.122270 1.198922 -0.205310 0.5019 0.5019 0.0000
v -0.111240 1.164465 -0.234198 0.5019 0.5019 0.0000
v -0.102039 1.195757 -0.230575 0.5019 0.5019 0.0000
v -0.075094 1.163409 -0.250259 0.5019 0.5019 0.0000
v -0.070294 1.194002 -0.244960 0.5019 0.5019 0.0000
v -0.129545 1.053336 -0.272753 0.5019 0.5019 0.0000
v -0.097085 1.059686 -0.284377 0.5019 0.5019 0.0000
v -0.089909 1.093837 -0.274437 0.5019 0.5019 0.0000
v -0.155821 1.047448 -0.246820 0.5019 0.5019 0.0000
v -0.122427 1.089931 -0.264571 0.5019 0.5019 0.0000
v -0.081326 1.129906 -0.260540 0.5019 0.5019 0.0000
v -0.123398 1.127970 -0.243434 0.5019 0.5019 0.0000
v -0.147916 1.084908 -0.242412 0.5019 0.5019 0.0000
v -0.134163 1.039846 -0.049609 0.5019 0.5019 0.0000
v -0.068524 1.070602 -0.038199 0.5019 0.5019 0.0000
v -0.101488 1.070415 -0.044717 0.5019 0.5019 0.0000
v -0.100151 1.052238 -0.038313 0.5019 0.5019 0.0000
v -0.127812 1.055275 -0.054526 0.5019 0.5019 0.0000
v -0.069077 1.050686 -0.033280 0.5019 0.5019 0.0000
v -0.105529 1.038697 -0.035458 0.5019 0.5019 0.0000
v -0.102395 1.045036 -0.037577 0.5019 0.5019 0.0000
v 0.027246 0.716155 -0.079156 0.5019 0.5019 0.0000
v 0.029549 0.716582 -0.067616 0.5019 0.5019 0.0000
v 0.030352 0.751348 -0.085704 0.5019 0.5019 0.0000
v -0.097085 1.059686 -0.284377 0.5019 0.5019 0.0000
v -0.064090 1.058556 -0.286091 0.5019 0.5019 0.0000
v -0.089909 1.093837 -0.274437 0.5019 0.5019 0.0000
v -0.045490 1.092134 -0.274736 0.5019 0.5019 0.0000
v -0.027912 1.056866 -0.283477 0.5019 0.5019 0.0000
v -0.041972 1.128414 -0.261836 0.5019 0.5019 0.0000
v -0.081326 1.129906 -0.260540 0.5019 0.5019 0.0000
v -0.070294 1.194002 -0.244960 0.5019 0.5019 0.0000
v -0.075094 1.163409 -0.250259 0.5019 0.5019 0.0000
v -0.038327 1.162187 -0.252543 0.5019 0.5019 0.0000
v -0.036111 1.193428 -0.247736 0.5019 0.5019 0.0000
v 0.000000 1.127449 -0.260414 0.5019 0.5019 0.0000
v -0.000000 1.161467 -0.251043 0.5019 0.5019 0.0000
v 0.000000 1.091818 -0.272382 0.5019 0.5019 0.0000
v 0.000000 1.192911 -0.245007 0.5019 0.5019 0.0000
v 0.064090 1.058556 -0.286091 0.5019 0.5019 0.0000
v 0.045490 1.092134 -0.274736 0.5019 0.5019 0.0000
v 0.027912 1.056866 -0.283477 0.5019 0.5019 0.0000
v 0.041972 1.128414 -0.261836 0.5019 0.5019 0.0000
v 0.070294 1.194002 -0.244960 0.5019 0.5019 0.0000
v 0.036111 1.193428 -0.247736 0.5019 0.5019 0.0000
v 0.038327 1.162187 -0.252543 0.5019 0.5019 0.0000
v 0.075094 1.163409 -0.250259 0.5019 0.5019 0.0000
v -0.000000 1.161467 -0.251043 0.5019 0.5019 0.0000
v 0.000000 1.127449 -0.260414 0.5019 0.5019 0.0000
v 0.000000 1.091818 -0.272382 0.5019 0.5019 0.0000
v 0.000000 1.192911 -0.245007 0.5019 0.5019 0.0000
vn -0.3498 0.9327 -0.0881
vn -0.3440 0.9346 -0.0905
vn -0.2907 0.9505 -0.1099
vn -0.2916 0.9502 -0.1099
vn -0.2463 0.9627 -0.1123
vn -0.2392 0.9645 -0.1117
vn -0.4009 0.9127 -0.0792
vn -0.3777 0.9237 -0.0644
vn -0.2234 0.9720 -0.0733
vn -0.2170 0.9747 -0.0534
vn -0.2168 0.9747 -0.0539
vn -0.2202 0.9702 -0.1010
vn -0.2247 0.9736 -0.0405
vn -0.2230 0.9739 -0.0432
vn -0.8677 -0.1557 -0.4722
vn -0.7777 -0.0149 -0.6285
vn -0.9364 -0.0803 -0.3418
vn -0.1970 -0.2188 0.9557
vn -0.0237 -0.2712 0.9622
vn 0.1060 -0.4495 0.8870
vn 0.7454 0.3597 -0.5612
vn 0.8142 0.3486 -0.4642
vn 0.8828 0.2861 -0.3726
vn 0.7584 0.3703 -0.5363
vn 0.8838 0.2674 -0.3838
vn 0.9885 0.0460 -0.1438
vn 0.8163 0.2423 -0.5243
vn 0.9292 0.1578 -0.3341
vn 0.9644 0.2263 -0.1369
vn 0.9807 0.1751 -0.0868
vn 0.5969 0.4227 -0.6819
vn 0.6432 0.3883 -0.6599
vn 0.6031 0.4239 -0.6757
vn 0.6432 0.3883 -0.6600
vn 0.9321 0.2406 -0.2708
vn 0.8478 0.1054 -0.5198
vn 0.6855 0.2262 -0.6920
vn 0.8732 -0.4487 0.1900
vn 0.9163 -0.3733 0.1449
vn 0.7643 0.4335 -0.4773
vn 0.6342 0.4183 -0.6502
vn 0.8312 0.3425 -0.4380
vn 0.9579 0.2366 -0.1626
vn 0.9912 0.0537 -0.1207
vn 0.9854 0.1170 0.1235
vn 0.9905 0.0878 0.1060
vn 0.9838 -0.0355 -0.1759
vn 0.9803 0.1270 0.1512
vn 0.9889 -0.0902 0.1177
vn 0.9811 -0.1830 0.0630
vn 0.9318 0.0125 0.3628
vn 0.8834 -0.1171 0.4537
vn 0.7531 -0.3835 0.5346
vn 0.4508 -0.3916 0.8021
vn 0.2442 -0.5680 0.7860
vn 0.5972 -0.2147 0.7728
vn 0.9290 0.0577 0.3655
vn 0.7228 -0.4916 0.4858
vn 0.1714 -0.6724 0.7201
vn 0.6773 -0.6225 0.3921
vn 0.9544 -0.2966 -0.0341
vn 0.9495 -0.1434 -0.2791
vn 0.5814 -0.7298 0.3598
vn 0.9225 -0.3774 -0.0804
vn 0.9162 -0.2057 -0.3439
vn 0.7455 0.0439 -0.6651
vn 0.0482 -0.7574 0.6512
vn -0.0141 -0.8041 0.5944
vn -0.1599 -0.6914 0.7046
vn -0.1998 -0.7307 0.6528
vn -0.0460 -0.5993 0.7992
vn -0.2555 -0.7546 0.6043
vn -0.6740 -0.5417 0.5023
vn -0.6203 -0.5736 0.5350
vn -0.6672 -0.5480 0.5045
vn -0.3833 -0.6030 0.6996
vn -0.4798 -0.6125 0.6282
vn -0.6510 -0.5660 0.5058
vn -0.6759 -0.5674 0.4703
vn 0.3846 0.1588 -0.9093
vn 0.1318 0.1699 -0.9766
vn 0.2079 0.1935 -0.9588
vn 0.4616 0.1807 -0.8685
vn 0.3624 0.1786 -0.9147
vn 0.1728 0.1975 -0.9650
vn 0.8499 0.0052 -0.5270
vn 0.7870 0.0857 -0.6110
vn 0.8511 0.1336 -0.5078
vn 0.8462 -0.0333 -0.5318
vn 0.8705 0.1167 -0.4782
vn 0.3030 0.1190 -0.9455
vn 0.1166 0.1591 -0.9803
vn 0.6980 -0.0187 -0.7159
vn 0.2601 0.0900 -0.9614
vn -0.6846 0.1135 -0.7201
vn -0.2856 0.1424 -0.9477
vn -0.1440 0.1624 -0.9762
vn -0.1435 0.1700 -0.9749
vn 0.5812 -0.0878 -0.8090
vn -0.7384 0.2218 -0.6368
vn -0.8627 0.1286 -0.4890
vn -0.8548 0.0666 -0.5147
vn 0.5735 -0.0759 -0.8157
vn 0.3024 0.1293 -0.9444
vn -0.6096 0.0290 -0.7922
vn -0.7049 0.2944 -0.6454
vn -0.9299 0.0628 -0.3624
vn 0.3968 0.1546 -0.9048
vn 0.8404 -0.4120 -0.3523
vn 0.7975 -0.4490 -0.4030
vn 0.6492 -0.2005 -0.7337
vn 0.5302 -0.8124 0.2427
vn 0.6380 -0.7700 0.0116
vn 0.0726 -0.9405 0.3319
vn 0.4010 -0.8390 0.3677
vn 0.4044 -0.8289 0.3864
vn 0.8765 -0.3973 0.2719
vn -0.2996 -0.9488 0.0998
vn 0.0345 -0.9607 0.2753
vn -0.2782 -0.9426 0.1846
vn -0.2965 -0.9550 0.0027
vn 0.0968 -0.9690 0.2272
vn 0.4020 -0.8520 0.3355
vn -0.5278 -0.7861 -0.3217
vn -0.5622 -0.7683 -0.3061
vn -0.6458 -0.6993 -0.3063
vn -0.0336 -0.9912 -0.1278
vn -0.4141 -0.6411 -0.6461
vn 0.3021 -0.9431 0.1385
vn -0.3286 -0.7518 -0.5717
vn 0.0401 -0.9901 -0.1346
vn 0.2899 -0.9518 0.1005
vn -0.5758 -0.4136 -0.7053
vn -0.6138 -0.3642 -0.7004
vn -0.4871 -0.1195 -0.8652
vn -0.4182 -0.2442 -0.8749
vn -0.5088 -0.0635 -0.8585
vn 0.2277 0.7704 -0.5955
vn 0.4697 0.8136 -0.3426
vn 0.6374 0.7583 -0.1365
vn 0.9571 0.2070 0.2027
vn 0.9319 -0.1646 0.3231
vn 0.6912 0.6955 -0.1963
vn 0.4505 0.6848 -0.5728
vn 0.3988 0.7574 -0.5171
vn 0.2075 0.6803 -0.7029
vn 0.2678 0.6388 -0.7213
vn 0.7302 0.6191 -0.2889
vn 0.5218 0.6180 -0.5880
vn 0.3156 0.6017 -0.7337
vn 0.7620 0.5343 -0.3660
vn -0.6037 -0.0767 -0.7935
vn 0.5750 0.5109 -0.6390
vn -0.5815 0.0996 -0.8074
vn 0.3807 0.5147 -0.7682
vn -0.3890 0.3229 -0.8628
vn -0.3235 0.3903 -0.8620
vn -0.3313 0.4000 -0.8545
vn 0.6725 0.2227 -0.7057
vn 0.7177 0.2546 -0.6482
vn 0.9566 -0.1248 -0.2632
vn 0.9291 -0.2097 -0.3047
vn 0.5434 0.4156 -0.7294
vn 0.4938 0.2741 -0.8252
vn 0.5299 0.3258 -0.7830
vn 0.5097 0.2623 -0.8194
vn 0.6488 0.7507 -0.1245
vn 0.5913 0.7573 -0.2772
vn 0.3152 0.8711 -0.3766
vn 0.4189 0.8716 -0.2545
vn 0.1439 0.9346 -0.3254
vn 0.5721 0.8182 -0.0572
vn 0.4102 0.8832 -0.2274
vn 0.1375 0.9234 -0.3584
vn 0.3133 0.8305 -0.4606
vn -0.0453 0.8769 -0.4786
vn -0.0847 0.9170 -0.3898
vn 0.6579 0.6727 -0.3386
vn 0.9143 0.4050 -0.0074
vn 0.9498 0.2291 0.2131
vn 0.9143 0.3854 0.1241
vn 0.7900 0.6115 0.0449
vn 0.9338 0.3556 -0.0401
vn 0.9440 -0.0506 0.3260
vn 0.9418 -0.0396 0.3338
vn 0.7955 -0.3722 0.4782
vn 0.7307 -0.3026 0.6119
vn 0.7114 -0.3843 0.5885
vn 0.9658 0.2433 -0.0899
vn 0.7182 0.4779 -0.5058
vn 0.7059 0.5633 -0.4294
vn 0.9561 0.2874 -0.0568
vn 0.7407 0.4177 -0.5262
vn 0.9809 0.1925 -0.0279
vn 0.9363 -0.0017 0.3512
vn 0.9323 0.0225 0.3610
vn 0.9382 -0.0262 0.3450
vn 0.7161 -0.1742 0.6759
vn 0.6947 -0.1194 0.7094
vn 0.7239 -0.2414 0.6463
vn 0.9297 0.0435 0.3657
vn 0.9870 0.1580 0.0283
vn 0.6656 -0.0793 0.7421
vn 0.8402 -0.4660 0.2773
vn 0.9391 0.2480 0.2378
vn 0.9593 0.1033 0.2627
vn 0.8199 -0.4989 0.2806
vn 0.7884 0.6046 0.1134
vn 0.7986 0.5702 0.1927
vn 0.6189 0.7839 0.0497
vn 0.6400 0.7545 0.1455
vn 0.9266 0.0560 0.3718
vn 0.9797 0.1969 -0.0371
vn 0.5804 -0.0970 0.8086
vn 0.8196 -0.0583 0.5700
vn 0.8421 0.3337 -0.4236
vn 0.8410 0.3241 -0.4331
vn 0.7156 0.3901 -0.5794
vn 0.6661 0.4049 -0.6264
vn 0.2191 0.5220 -0.8243
vn 0.2082 0.5075 -0.8361
vn 0.6640 0.3883 -0.6390
vn 0.3016 0.5313 -0.7917
vn 0.1607 0.4918 -0.8558
vn 0.1606 0.4918 -0.8558
vn 0.6661 0.4050 -0.6264
vn 0.6109 0.4790 -0.6304
vn 0.9660 0.2189 0.1378
vn 0.3502 0.6058 -0.7144
vn 0.3473 0.7050 -0.6184
vn -0.0234 0.7385 -0.6739
vn -0.0505 0.6260 -0.7782
vn -0.0853 0.5206 -0.8496
vn 0.4299 0.4141 -0.8023
vn 0.9824 0.1776 -0.0580
vn 0.9882 0.1135 0.1025
vn 0.9664 0.2008 0.1602
vn 0.8820 -0.3470 0.3188
vn 0.9129 -0.2593 0.3153
vn -0.0994 -0.8286 0.5510
vn -0.2022 -0.8390 0.5052
vn -0.3113 -0.7628 0.5667
vn -0.3593 -0.7676 0.5307
vn 0.3997 -0.9140 -0.0694
vn -0.2391 -0.8901 0.3881
vn 0.6099 -0.5240 -0.5945
vn -0.9117 -0.3460 0.2217
vn -0.9952 -0.0918 -0.0351
vn -0.9256 -0.3263 0.1920
vn -0.7934 -0.4802 0.3741
vn -0.9316 -0.3180 0.1762
vn -0.7939 -0.4887 0.3618
vn -0.7202 -0.5453 0.4289
vn -0.6874 -0.5632 0.4586
vn 0.6579 0.6727 -0.3387
vn 0.9418 -0.0396 0.3339
vn -0.0453 0.8768 -0.4786
vn -0.5278 -0.1694 0.8323
vn -0.7252 -0.0901 0.6826
vn -0.4909 -0.2004 0.8478
vn 0.1064 -0.3026 0.9472
vn -0.7302 -0.1091 0.6744
vn -0.3165 -0.2158 0.9237
vn -0.7338 -0.0999 0.6720
vn -0.6221 -0.1205 0.7736
vn -0.2469 -0.2232 0.9430
vn -0.3202 -0.2598 0.9110
vn -0.2487 -0.2650 0.9316
vn -0.2393 -0.3212 0.9163
vn -0.3149 -0.2948 0.9022
vn -0.6205 -0.2051 0.7569
vn -0.0810 -0.2037 0.9757
vn 0.3546 -0.1664 0.9201
vn 0.3459 -0.2353 0.9083
vn 0.9016 -0.0473 0.4300
vn 0.9959 -0.0650 -0.0634
vn 0.9265 -0.1236 0.3554
vn 0.8448 -0.1269 0.5198
vn 0.8313 -0.1387 0.5383
vn 0.3533 -0.0608 0.9335
vn 0.8015 -0.1477 -0.5794
vn 0.7229 -0.2074 -0.6592
vn -0.1953 -0.4369 0.8781
vn -0.2156 -0.5190 0.8271
vn -0.2147 -0.6052 0.7666
vn -0.2865 -0.3545 0.8901
vn -0.4201 -0.6438 0.6395
vn -0.4618 -0.5963 0.6566
vn 0.9634 0.0223 -0.2671
vn 0.7964 -0.1182 -0.5931
vn 0.9590 0.1267 0.2536
vn 0.1694 -0.5977 -0.7836
vn 0.1162 -0.4916 -0.8630
vn 0.2349 -0.6317 -0.7388
vn 0.7612 -0.1303 -0.6353
vn 0.9441 0.0882 -0.3177
vn -0.2736 -0.6451 -0.7135
vn -0.0909 -0.4613 -0.8826
vn 0.1262 -0.3656 -0.9222
vn -0.2574 -0.8339 -0.4882
vn -0.3191 -0.7662 -0.5578
vn -0.7838 -0.3731 0.4964
vn -0.8188 -0.3419 0.4611
vn -0.8165 -0.5312 0.2261
vn -0.7671 -0.5522 0.3267
vn -0.8275 -0.5570 -0.0708
vn -0.7996 -0.1731 0.5750
vn -0.9140 0.0034 0.4056
vn -0.5863 -0.2243 0.7784
vn -0.2956 -0.1714 0.9398
vn 0.4407 0.1117 0.8907
vn -0.3065 -0.1792 0.9349
vn -0.6837 -0.4143 0.6008
vn -0.6199 -0.4208 0.6623
vn -0.3904 -0.2242 0.8929
vn 0.4722 0.2258 0.8521
vn -0.6964 -0.6245 0.3535
vn -0.4601 -0.4820 0.7457
vn 0.9629 0.2445 0.1138
vn 0.8102 -0.1773 -0.5587
vn 0.7629 -0.5596 0.3239
vn 0.6165 -0.6883 0.3823
vn 0.6854 -0.6316 0.3624
vn -0.6218 -0.7258 0.2943
vn -0.6665 -0.6936 0.2733
vn -0.6562 -0.6767 0.3339
vn -0.8985 -0.4369 0.0428
vn -0.9047 -0.3835 -0.1858
vn -0.8816 -0.3283 -0.3390
vn -0.6564 -0.6901 0.3049
vn -0.9345 0.2024 -0.2928
vn -0.9649 0.2285 -0.1292
vn -0.8782 0.3105 -0.3639
vn -0.8436 0.2907 -0.4515
vn -0.9200 0.3216 -0.2242
vn -0.7606 -0.2775 0.5869
vn -0.9073 -0.1140 0.4048
vn -0.9025 -0.1713 0.3952
vn -0.7651 -0.3065 0.5663
vn -0.8484 -0.3670 0.3815
vn -0.7132 0.3425 -0.6116
vn -0.6542 -0.5152 0.5537
vn -0.6545 -0.4708 0.5916
vn -0.6448 -0.5179 0.5621
vn 0.0386 0.4949 -0.8681
vn 0.0629 0.4991 -0.8643
vn -0.1246 0.4597 -0.8793
vn -0.1391 0.4561 -0.8790
vn -0.9453 -0.1253 -0.3012
vn -0.9580 -0.0224 -0.2858
vn -0.2736 0.4171 -0.8667
vn -0.9709 -0.0066 -0.2395
vn -0.9841 0.0039 -0.1775
vn 0.2501 0.5428 -0.8017
vn 0.2322 0.5255 -0.8185
vn -0.9047 -0.2576 -0.3393
vn -0.8916 -0.1668 -0.4210
vn -0.8030 0.2603 -0.5361
vn -0.8996 0.1895 -0.3935
vn -0.7636 0.2448 -0.5976
vn -0.8560 0.1508 -0.4944
vn -0.7140 0.2397 -0.6579
vn -0.8170 0.1224 -0.5635
vn -0.9151 -0.3674 0.1660
vn -0.9139 -0.2594 0.3123
vn -0.9182 -0.1518 0.3660
vn -0.8838 -0.4679 0.0073
vn -0.9662 0.1681 0.1955
vn -0.7886 -0.5921 0.1656
vn -0.8111 -0.4854 0.3264
vn -0.8141 -0.3637 0.4526
vn -0.8127 -0.2807 0.5106
vn 0.0335 -0.6993 0.7140
vn -0.1726 -0.6328 0.7548
vn 0.1049 -0.7264 0.6793
vn -0.5086 -0.4416 0.7391
vn -0.6018 -0.3526 0.7166
vn -0.8738 0.0160 0.4861
vn -0.9629 0.1164 0.2434
vn -0.9649 0.2621 0.0143
vn -0.9593 0.1017 -0.2634
vn -0.9667 0.2556 -0.0126
vn -0.8632 -0.0049 0.5048
vn -0.8476 -0.0167 0.5304
vn -0.9529 0.0818 0.2919
vn -0.9840 0.1760 0.0275
vn -0.9773 0.2116 0.0071
vn -0.7386 -0.0774 0.6696
vn -0.9111 0.0168 0.4117
vn -0.7141 -0.1216 0.6894
vn -0.9273 0.0206 0.3738
vn -0.9804 0.1015 0.1690
vn -0.7171 -0.1698 0.6760
vn -0.9404 0.0129 0.3399
vn -0.9717 0.2311 -0.0492
vn -0.9597 0.2427 -0.1419
vn -0.7161 -0.2345 0.6574
vn -0.9443 0.0131 0.3288
vn -0.9659 0.2588 0.0073
vn -0.9214 -0.0774 0.3808
vn -0.9509 0.0396 0.3070
vn -0.6919 -0.3721 0.6187
vn -0.8647 0.4985 0.0614
vn -0.8734 0.4868 -0.0159
vn -0.9497 0.0279 0.3121
vn -0.7075 -0.3018 0.6390
vn -0.9118 0.4105 -0.0139
vn -0.3469 -0.2881 0.8926
vn -0.3416 -0.3817 0.8589
vn -0.3545 -0.2292 0.9065
vn -0.4022 -0.6728 0.6210
vn -0.2943 -0.5861 0.7549
vn -0.3295 -0.4732 0.8170
vn -0.4963 -0.7443 0.4469
vn -0.8998 -0.2455 0.3607
vn -0.0291 -0.7773 0.6284
vn -0.0368 -0.8869 0.4606
vn -0.3696 -0.6540 0.6601
vn -0.4021 -0.6728 0.6210
vn -0.2942 -0.5861 0.7549
vn -0.0062 -0.6234 0.7819
vn -0.8909 0.4343 0.1326
vn -0.5183 -0.7881 0.3321
vn -0.9060 -0.2913 0.3073
vn -0.9159 0.3513 0.1941
vn -0.9141 0.3139 0.2567
vn -0.9003 -0.3322 0.2811
vn -0.4968 -0.8313 0.2493
vn -0.4951 -0.8674 0.0495
vn -0.3102 -0.9244 0.2220
vn -0.2925 -0.9370 0.1910
vn 0.5919 -0.7610 0.2656
vn 0.5729 -0.8002 0.1774
vn 0.2055 -0.7669 0.6080
vn 0.3288 -0.5783 0.7466
vn 0.0989 -0.8941 0.4369
vn 0.0008 -0.5130 0.8584
vn 0.3471 -0.4748 0.8088
vn 0.3408 -0.2207 0.9139
vn 0.3576 -0.2892 0.8880
vn 0.3543 -0.3884 0.8506
vn 0.2844 -0.1776 0.9421
vn 0.0051 -0.2569 0.9664
vn -0.0368 -0.2230 0.9741
vn 0.0189 -0.3205 0.9471
vn 0.1974 -0.1861 0.9625
vn 0.2374 -0.2280 0.9443
vn 0.5169 -0.1648 0.8400
vn -0.0966 -0.2335 0.9675
vn -0.3544 -0.2292 0.9066
vn -0.3272 -0.2027 0.9229
vn -0.3468 -0.2881 0.8926
vn -0.3273 -0.2027 0.9229
vn -0.2164 -0.2578 0.9416
vn -0.2161 -0.3376 0.9162
vn -0.1074 -0.4825 0.8693
vn 0.2055 -0.3344 0.9197
vn 0.5124 -0.2750 0.8135
vn 0.1275 -0.5103 0.8505
vn 0.4617 -0.4245 0.7788
vn -0.0637 -0.5804 0.8118
vn 0.1150 -0.5754 0.8098
vn 0.4478 -0.5875 0.6740
vn -0.0308 -0.6577 0.7526
vn 0.4926 -0.6873 0.5338
vn -0.2453 -0.6559 0.7139
vn -0.1218 -0.6113 0.7820
vn 0.5110 -0.6553 0.5563
vn -0.4788 -0.6507 0.5894
vn -0.5484 -0.6126 0.5692
vn -0.6768 -0.6156 0.4038
vn -0.6271 -0.6251 0.4647
vn -0.6401 -0.5746 0.5100
vn -0.7280 -0.5960 0.3388
vn -0.8910 -0.4338 0.1335
vn -0.8821 -0.4579 0.1108
vn -0.8972 -0.3317 -0.2916
vn 0.1246 -0.7219 0.6807
vn 0.0948 -0.7213 0.6861
vn 0.1157 -0.7931 0.5980
vn 0.1928 -0.7839 0.5902
vn 0.0125 -0.4246 0.9053
vn -0.3415 -0.3817 0.8589
vn 0.0516 -0.8145 0.5778
vn 0.0374 -0.8720 0.4881
vn 0.1275 -0.8576 0.4983
vn 0.3171 -0.8132 0.4880
vn 0.1486 -0.9179 0.3679
vn 0.0449 -0.9302 0.3643
vn 0.3769 -0.8496 0.3690
vn 0.2174 -0.9473 0.2353
vn 0.4549 -0.8614 0.2258
vn 0.1104 -0.9661 0.2332
vn -0.8345 -0.5258 -0.1644
vn -0.7328 -0.6804 -0.0009
vn 0.7653 -0.5502 0.3340
vn -0.6186 -0.7475 0.2419
vn -0.7368 -0.6703 0.0889
vn -0.7618 -0.6330 0.1374
vn -0.7163 -0.6908 0.0987
vn -0.7907 -0.5900 0.1637
vn -0.7425 -0.6583 0.1240
vn 0.3195 -0.9436 0.0874
vn 0.1988 -0.9754 0.0949
vn 0.5321 -0.8434 0.0737
vn 0.4148 -0.9096 -0.0239
vn 0.5639 -0.8259 -0.0043
vn 0.2537 -0.9665 -0.0391
vn 0.4288 -0.8836 -0.1882
vn -0.5934 -0.6955 -0.4051
vn -0.7018 -0.3304 -0.6310
vn -0.6645 -0.3935 -0.6353
vn -0.6088 0.2974 -0.7355
vn -0.7088 -0.5589 -0.4304
vn -0.7912 -0.5510 -0.2655
vn -0.6353 -0.7095 -0.3048
vn -0.7077 0.1186 -0.6965
vn -0.6186 0.2800 -0.7342
vn -0.6182 0.2764 -0.7358
vn -0.7631 0.0745 -0.6420
vn 0.3303 0.7527 -0.5695
vn 0.3312 0.7491 -0.5737
vn 0.3435 0.7468 -0.5695
vn 0.2291 0.5321 -0.8151
vn -0.8654 -0.2658 -0.4248
vn -0.8799 -0.3428 -0.3291
vn -0.8644 -0.2917 -0.4094
vn -0.8597 -0.4203 -0.2902
vn -0.6684 0.2521 -0.6997
vn -0.7849 0.0980 -0.6119
vn -0.6888 -0.7177 -0.1021
vn -0.7521 -0.3116 -0.5807
vn -0.7441 -0.3093 -0.5921
vn -0.5657 -0.6939 0.4455
vn -0.7743 -0.5738 0.2668
vn -0.6096 -0.3266 -0.7223
vn -0.7934 -0.5279 0.3032
vn -0.5720 -0.5272 0.6284
vn -0.6440 -0.3182 -0.6957
vn -0.8066 -0.4662 0.3634
vn -0.6097 -0.4156 0.6750
vn -0.8014 -0.4161 0.4298
vn -0.6181 -0.3383 0.7096
vn -0.3388 -0.4721 -0.8138
vn -0.5154 -0.4013 -0.7572
vn -0.3742 -0.3834 -0.8444
vn -0.1499 -0.4927 0.8572
vn -0.1463 -0.3283 0.9332
vn -0.1354 -0.2034 0.9697
vn -0.6462 -0.3372 0.6846
vn -0.2036 -0.1587 0.9661
vn 0.0985 -0.4781 -0.8728
vn -0.2684 -0.5108 -0.8167
vn 0.3734 -0.3733 -0.8492
vn -0.2427 -0.0487 0.9689
vn 0.4023 0.0114 0.9154
vn 0.3811 -0.1509 0.9121
vn 0.4112 -0.4502 -0.7926
vn 0.7374 -0.2394 -0.6316
vn 0.7194 -0.2264 -0.6566
vn -0.4621 -0.3254 -0.8250
vn -0.7623 -0.5352 0.3640
vn -0.4126 -0.5844 0.6987
vn -0.7542 -0.6135 0.2340
vn 0.1643 -0.5910 0.7898
vn -0.0054 -0.5331 0.8461
vn 0.2709 -0.5690 0.7764
vn 0.8189 -0.2595 -0.5119
vn 0.4724 -0.3219 -0.8205
vn 0.1598 -0.3320 -0.9296
vn -0.2809 -0.4544 0.8453
vn 0.1589 -0.5183 0.8403
vn 0.8628 -0.3459 -0.3687
vn 0.8623 -0.3612 -0.3549
vn 0.8642 -0.2366 -0.4441
vn 0.7393 -0.2444 -0.6274
vn 0.3596 -0.5698 0.7389
vn 0.8485 -0.3692 -0.3791
vn 0.8640 -0.3438 -0.3678
vn 0.7830 -0.5961 0.1776
vn 0.8159 -0.5487 0.1823
vn 0.5538 -0.5469 0.6279
vn 0.8691 -0.4434 0.2191
vn 0.7660 -0.5256 0.3700
vn 0.8526 -0.5210 0.0412
vn 0.9301 -0.2498 0.2692
vn 0.5924 -0.3269 0.7364
vn 0.9031 -0.0947 0.4189
vn 0.7852 -0.3171 0.5319
vn 0.8178 -0.1681 0.5504
vn -0.7076 -0.3018 0.6390
vn -0.9496 0.0279 0.3121
vn 0.7616 -0.1722 -0.6247
vn 0.7827 0.0234 -0.6220
vn 0.9020 -0.0186 -0.4314
vn -0.6336 -0.1040 -0.7667
vn -0.6956 -0.0704 -0.7150
vn -0.6501 0.0124 -0.7598
vn -0.6222 0.7121 0.3253
vn -0.0499 0.8867 0.4597
vn -0.0433 0.7716 0.6347
vn 0.5340 0.7479 0.3944
vn -0.4918 0.8545 0.1673
vn -0.5230 0.8087 0.2691
vn -0.8171 0.5721 0.0706
vn -0.0552 0.9734 0.2222
vn -0.0576 0.9310 0.3605
vn -0.8131 0.5724 0.1060
vn -0.8277 0.5612 -0.0001
vn -0.0404 0.9935 0.1063
vn -0.4763 0.8768 0.0659
vn 0.4820 0.8621 0.1563
vn 0.4760 0.8399 0.2609
vn -0.8110 -0.2244 -0.5404
vn -0.6298 -0.3224 -0.7067
vn -0.6887 -0.4781 -0.5450
vn -0.8574 -0.3854 -0.3412
vn -0.8523 -0.3397 -0.3978
vn -0.4434 -0.5964 -0.6691
vn -0.4482 -0.4280 -0.7848
vn -0.4672 -0.6712 -0.5754
vn -0.7639 -0.4876 -0.4228
vn 0.6141 -0.2910 -0.7336
vn 0.6517 -0.4216 -0.6305
vn 0.8403 -0.2669 -0.4719
vn 0.7070 0.7021 0.0848
vn 0.6848 0.7105 0.1619
vn 0.9453 -0.0991 -0.3109
vn 0.5191 0.8514 0.0758
vn 0.7538 0.6564 0.0312
vn 0.9204 -0.2288 -0.3171
vn 0.9532 -0.1827 -0.2409
vn -0.4985 0.8666 0.0232
vn -0.0062 0.9986 0.0517
vn 0.4957 0.8670 0.0510
vn -0.8464 0.5323 -0.0156
vn 0.8513 0.5244 0.0159
vn 0.5115 0.8530 0.1035
vn 0.0123 0.9956 0.0930
vn -0.4769 0.8751 0.0825
vn -0.8063 0.5866 0.0760
vn -0.8940 0.4471 -0.0297
vn 0.0133 0.9861 0.1654
vn 0.5664 0.8084 0.1601
vn -0.5381 0.8300 0.1472
vn 0.7877 0.5999 0.1405
vn 0.7960 0.5967 0.1013
vn -0.8008 0.5849 0.1293
vn -0.6791 0.7098 0.1872
vn -0.5347 0.8317 0.1494
vn -0.5355 0.8420 0.0658
vn -0.7039 0.7046 0.0899
vn -0.4954 0.8642 -0.0878
vn 0.9917 0.1213 -0.0418
vn 0.9555 -0.2082 -0.2092
vn 0.6993 -0.4917 -0.5188
vn -0.9810 -0.1404 -0.1338
vn -0.9443 -0.2465 -0.2181
vn -0.9835 -0.1436 -0.1104
vn -0.9632 0.1193 0.2407
vn -0.8561 0.1180 0.5032
vn -0.7332 -0.1049 0.6719
vn -0.9573 0.0602 0.2826
vn -0.7401 -0.1389 0.6580
vn -0.4789 -0.1311 0.8680
vn -0.8749 0.3407 -0.3442
vn -0.8738 0.3709 -0.3144
vn -0.9503 0.3086 -0.0410
vn -0.9496 0.2989 -0.0943
vn -0.9631 0.2487 -0.1033
vn -0.9631 0.2487 -0.1032
vn -0.9650 0.2501 -0.0788
vn -0.8862 0.3660 -0.2840
vn -0.9168 0.3832 -0.1125
vn -0.1620 -0.3418 -0.9257
vn -0.5300 0.0660 -0.8454
vn -0.3020 -0.1493 -0.9415
vn -0.9148 -0.1243 0.3842
vn 0.3872 -0.7181 -0.5782
vn 0.3188 -0.7888 -0.5256
vn -0.4129 -0.2004 -0.8884
vn -0.8513 0.5133 -0.1085
vn -0.8485 0.3204 -0.4213
vn -0.7917 0.4119 -0.4512
vn 0.5774 -0.8155 -0.0393
vn 0.4981 -0.8636 -0.0779
vn 0.4359 -0.6081 -0.6635
vn 0.5162 -0.8113 0.2743
vn 0.5417 -0.7930 0.2789
vn -0.9082 0.3039 -0.2877
vn 0.1436 -0.9433 -0.2992
vn -0.6900 0.4099 0.5966
vn -0.0749 -0.1204 0.9899
vn -0.4163 0.1526 0.8963
vn -0.1202 -0.2368 0.9641
vn -0.5851 0.0815 0.8069
vn 0.1303 0.7764 -0.6166
vn -0.4179 0.7820 -0.4624
vn -0.2748 0.6512 -0.7074
vn -0.0162 0.6516 -0.7584
vn -0.2227 0.6093 -0.7610
vn -0.7861 0.4869 -0.3808
vn -0.4138 0.5321 -0.7387
vn -0.4138 0.5322 -0.7386
vn -0.0162 0.6516 -0.7583
vn 0.2130 0.5755 -0.7895
vn 0.1880 0.5543 -0.8108
vn 0.2130 0.5755 -0.7896
vn 0.0005 0.6051 -0.7961
vn 0.4418 0.6418 -0.6268
vn 0.4800 0.6213 -0.6194
vn 0.2018 0.8013 -0.5632
vn -0.4291 0.8397 -0.3328
vn 0.5285 0.5786 -0.6212
vn 0.2469 0.8284 -0.5028
vn -0.4337 0.8894 -0.1444
vn -0.4517 0.8447 -0.2872
vn 0.4937 -0.6340 -0.5952
vn 0.7444 -0.4329 -0.5084
vn 0.5702 -0.7038 -0.4237
vn 0.8366 -0.2576 -0.4835
vn 0.7916 -0.4164 -0.4473
vn 0.0921 -0.8356 -0.5416
vn 0.1580 -0.8675 -0.4716
vn -0.2578 -0.9447 -0.2027
vn -0.9859 -0.1374 0.0958
vn -0.9100 0.4128 0.0384
vn -0.0084 -0.9859 -0.1673
vn 0.2433 -0.9556 -0.1660
vn -0.5882 -0.8083 0.0274
vn -0.4615 -0.8871 -0.0041
vn -0.7710 -0.6344 0.0551
vn -0.7765 -0.6279 0.0529
vn -0.9924 0.0906 -0.0836
vn -0.9795 0.0866 -0.1819
vn -0.8565 0.4882 -0.1678
vn 0.8413 -0.2602 -0.4737
vn 0.1246 0.4338 -0.8923
vn -0.0941 0.3630 -0.9270
vn 0.0283 0.4335 -0.9007
vn 0.3543 0.4505 -0.8194
vn 0.3578 0.3943 -0.8465
vn 0.2875 0.5275 -0.7995
vn -0.6652 0.7463 -0.0232
vn -0.4061 0.8977 -0.1710
vn -0.5262 0.8308 -0.1814
vn -0.2609 0.9220 -0.2861
vn -0.5094 0.8135 -0.2805
vn -0.2046 0.9273 -0.3136
vn -0.5110 0.7814 -0.3582
vn -0.3998 0.4771 -0.7826
vn -0.4111 0.5713 -0.7104
vn -0.3943 0.6849 -0.6127
vn -0.1203 0.4738 -0.8724
vn -0.3860 0.4463 -0.8073
vn 0.1800 0.5626 -0.8069
vn 0.7052 0.1169 -0.6993
vn 0.6339 0.0532 -0.7716
vn 0.8859 -0.2506 -0.3904
vn 0.9096 -0.3173 -0.2681
vn 0.8963 -0.1855 -0.4027
vn 0.7217 -0.0236 -0.6918
vn 0.4110 -0.6518 0.6374
vn 0.7481 -0.6082 0.2654
vn 0.5758 -0.6864 0.4442
vn 0.7072 -0.6649 0.2402
vn 0.7642 0.0138 -0.6449
vn 0.9407 -0.0537 -0.3349
vn 0.1608 -0.5796 0.7989
vn 0.4015 -0.4815 0.7791
vn 0.0420 -0.7068 0.7062
vn 0.0771 0.3084 -0.9481
vn 0.0674 0.1854 -0.9803
vn -0.2537 0.2661 -0.9300
vn -0.2124 0.1220 -0.9695
vn -0.3482 0.0602 -0.9355
vn -0.4111 0.2342 -0.8810
vn -0.4198 0.2887 -0.8605
vn -0.4466 0.3079 -0.8401
vn 0.0434 0.0289 -0.9986
vn 0.1799 0.0163 -0.9836
vn -0.2319 -0.0581 -0.9710
vn -0.6425 -0.5414 -0.5423
vn -0.7785 -0.5089 -0.3674
vn -0.7327 -0.3749 -0.5680
vn -0.8501 -0.4201 -0.3176
vn -0.8344 -0.3011 -0.4616
vn -0.6059 -0.5898 -0.5339
vn -0.6529 -0.5739 -0.4944
vn -0.0968 -0.6481 0.7554
vn 0.1888 -0.4680 0.8633
vn -0.1722 -0.7295 0.6620
vn -0.7712 -0.6308 -0.0854
vn -0.7930 -0.6091 -0.0069
vn -0.8929 -0.2353 -0.3839
vn -0.9038 -0.3348 -0.2667
vn -0.8347 -0.5505 0.0180
vn -0.1805 -0.7483 0.6383
vn -0.2110 -0.7515 0.6251
vn -0.6449 0.3266 -0.6909
vn -0.5074 0.4601 -0.7287
vn -0.9485 -0.1455 -0.2814
vn -0.5470 0.4055 -0.7324
vn -0.9515 -0.1650 -0.2597
vn -0.9455 0.0503 -0.3218
vn -0.9339 0.1012 -0.3430
vn -0.6827 0.4182 -0.5991
vn -0.9178 -0.3929 -0.0569
vn 0.3581 0.4061 -0.8407
vn 0.3846 0.4459 -0.8082
vn 0.3813 0.3685 -0.8478
vn 0.3135 0.5041 -0.8047
vn -0.2887 0.4750 -0.8313
vn 0.0361 0.4892 -0.8714
vn -0.5570 0.4218 -0.7154
vn -0.4273 0.4013 -0.8102
vn -0.7264 -0.6469 0.2320
vn -0.4908 -0.7663 0.4145
vn -0.6178 -0.7228 0.3096
vn -0.4250 -0.7601 0.4916
vn 0.3854 0.5770 -0.7201
vn -0.1796 0.5221 -0.8338
vn 0.8433 -0.5307 0.0852
vn 0.6919 -0.6873 0.2211
vn 0.3916 -0.8579 0.3326
vn 0.0419 -0.9193 0.3914
vn -0.4864 0.2534 -0.8361
vn -0.4246 0.2300 -0.8757
vn -0.4220 0.3232 -0.8470
vn 0.9883 0.0574 -0.1414
vn 0.9024 -0.4233 0.0803
vn 0.9919 0.1257 -0.0185
vn -0.2527 0.5599 -0.7891
vn 0.4889 0.6306 -0.6028
vn 0.9478 -0.2911 0.1302
vn -0.7132 -0.0925 -0.6948
vn -0.2960 0.5415 -0.7869
vn 0.5205 0.7290 -0.4446
vn 0.5219 -0.8388 0.1549
vn -0.7444 -0.5630 -0.3591
vn -0.7823 -0.2288 -0.5793
vn 0.1771 -0.9277 0.3287
vn 0.2380 -0.9418 0.2374
vn 0.0811 -0.9298 0.3590
vn -0.8009 -0.5408 -0.2570
vn -0.7632 -0.6205 -0.1802
vn -0.7865 -0.6172 -0.0218
vn -0.8875 -0.4026 -0.2240
vn -0.6556 0.2602 -0.7089
vn -0.8127 -0.5641 0.1460
vn -0.9539 -0.2739 -0.1223
vn -0.2429 -0.8659 0.4372
vn -0.9868 -0.1550 -0.0471
vn -0.8253 -0.5078 0.2471
vn -0.5109 -0.7009 0.4977
vn -0.5294 -0.6936 0.4886
vn -0.2882 -0.8469 0.4469
vn -0.8640 0.2580 -0.4325
vn -0.8361 0.1945 -0.5130
vn -0.7420 0.2003 -0.6398
vn -0.7203 0.4524 -0.5258
vn -0.8774 0.3544 -0.3235
vn -0.9792 0.1897 -0.0721
vn -0.9374 0.1209 -0.3265
vn -0.7278 0.4706 -0.4989
vn -0.4264 0.5695 -0.7027
vn -0.4400 0.5617 -0.7007
vn -0.2078 0.5885 -0.7814
vn -0.0277 0.5722 -0.8197
vn -0.2629 0.5446 -0.7964
vn -0.6053 0.5042 -0.6160
vn -0.0634 0.5374 -0.8409
vn -0.6303 0.4506 -0.6322
vn -0.3260 0.4932 -0.8065
vn -0.1644 0.4997 -0.8504
vn -0.6750 0.4029 -0.6180
vn -0.8976 0.3057 -0.3176
vn -0.7229 0.4025 -0.5617
vn -0.2392 0.4475 -0.8617
vn -0.3860 0.4463 -0.8074
vn -0.0925 0.5416 -0.8355
vn 0.0290 0.4800 -0.8768
vn -0.0778 0.6050 -0.7925
vn -0.2907 0.4170 -0.8611
vn -0.4934 -0.7125 -0.4989
vn -0.6207 -0.3663 -0.6932
vn -0.6354 -0.2782 -0.7203
vn -0.7539 0.4516 -0.4772
vn -0.7539 0.5330 -0.3841
vn -0.9400 -0.0608 -0.3358
vn 0.2571 0.4602 -0.8498
vn 0.2786 0.5263 -0.8034
vn 0.1155 -0.6824 0.7218
vn -0.4386 0.3038 -0.8458
vn -0.3112 0.2662 -0.9123
vn -0.2273 0.2021 -0.9526
vn -0.1484 0.2641 -0.9530
vn 0.2497 0.6660 -0.7029
vn 0.2642 0.7346 -0.6249
vn 0.8351 0.5050 -0.2181
vn 0.8522 0.5192 -0.0646
vn 0.9271 0.1431 0.3464
vn 0.5795 -0.4772 0.6606
vn 0.5641 -0.4643 0.6828
vn 0.5400 -0.4507 0.7108
vn 0.6227 -0.5304 0.5752
vn 0.6222 -0.5414 0.5655
vn 0.0006 -0.9809 0.1944
vn 0.0003 -0.9564 0.2921
vn -0.3825 -0.8728 -0.3032
vn 0.8882 0.1411 0.4373
vn 0.8207 0.5633 0.0958
vn -0.4444 -0.7618 -0.4713
vn -0.3248 -0.8987 -0.2946
vn -0.0929 0.6460 -0.7577
vn -0.2849 0.4276 -0.8579
vn -0.3645 -0.7463 -0.5570
vn -0.2494 -0.8600 -0.4452
vn 0.0120 -0.9980 -0.0625
vn -0.0939 0.6846 -0.7229
vn -0.2525 0.4243 -0.8696
vn 0.2683 0.8225 -0.5015
vn 0.2809 0.8921 -0.3539
vn 0.2750 0.8486 -0.4520
vn 0.7604 0.6224 0.1855
vn 0.8657 0.2278 0.4457
vn 0.6521 -0.5483 0.5236
vn 0.6562 -0.5493 0.5174
vn 0.6910 -0.5568 0.4609
vn -0.0640 -0.8797 -0.4711
vn -0.7289 -0.3122 0.6093
vn -0.8059 -0.5516 0.2154
vn -0.6437 -0.5698 0.5109
vn -0.7528 -0.6085 0.2511
vn -0.8573 -0.4342 0.2767
vn -0.2053 -0.6504 0.7313
vn -0.3872 -0.5262 0.7571
vn -0.8599 -0.3181 0.3992
vn -0.8896 -0.2677 -0.3701
vn -0.9430 -0.2247 -0.2455
vn -0.9304 -0.3408 -0.1354
vn -0.8894 -0.4148 -0.1923
vn 0.0366 -0.4007 0.9155
vn 0.0170 -0.5192 0.8545
vn 0.0363 -0.6216 0.7825
vn 0.2956 -0.6338 0.7148
vn -0.6474 -0.7152 0.2633
vn -0.3912 -0.3145 0.8649
vn -0.3693 0.1059 -0.9232
vn -0.4084 -0.0330 -0.9122
vn -0.0997 0.1012 -0.9899
vn -0.7237 -0.0150 -0.6900
vn 0.1211 -0.5940 0.7953
vn -0.4084 0.0635 -0.9106
vn -0.6505 0.0646 -0.7567
vn 0.2039 -0.0053 -0.9790
vn -0.0084 -0.0309 -0.9995
vn 0.2664 0.0674 -0.9615
vn 0.5337 -0.7139 0.4534
vn -0.8949 -0.1947 -0.4016
vn -0.8951 -0.3116 -0.3190
vn -0.9270 -0.2528 -0.2770
vn -0.7197 0.0380 -0.6933
vn -0.6822 0.0824 -0.7265
vn -0.9510 -0.1146 0.2872
vn -0.7763 -0.2130 0.5932
vn -0.7862 -0.3622 0.5007
vn -0.9256 -0.2934 0.2392
vn -0.8638 -0.4675 0.1877
vn -0.0217 -0.1104 -0.9936
vn -0.3676 0.0236 -0.9297
vn -0.6513 0.0981 -0.7524
vn 0.5999 -0.3219 -0.7325
vn -0.5144 -0.0066 -0.8576
vn -0.1576 -0.1833 -0.9703
vn -0.9449 0.0568 0.3225
vn -0.7997 -0.0310 0.5996
vn -0.8220 0.1367 0.5528
vn -0.2902 -0.3576 0.8876
vn -0.3444 -0.2231 0.9119
vn 0.0404 -0.3781 0.9249
vn 0.0900 -0.4538 0.8865
vn -0.4518 -0.0530 0.8906
vn -0.6088 0.1632 0.7763
vn -0.7788 0.2548 0.5732
vn -0.1192 -0.1026 0.9876
vn -0.0925 -0.2037 0.9747
vn 0.2435 -0.4519 0.8582
vn 0.2795 -0.5008 0.8192
vn 0.3015 -0.5412 0.7850
vn 0.7337 -0.6588 0.1660
vn 0.6802 -0.7081 0.1896
vn 0.6939 -0.7201 0.0071
vn 0.7589 -0.6495 -0.0465
vn 0.8263 -0.5530 -0.1072
vn 0.7819 -0.5971 0.1790
vn 0.6487 -0.7396 0.1797
vn 0.8567 -0.4968 -0.1388
vn 0.8020 -0.5584 0.2120
vn 0.5415 -0.4551 -0.7068
vn 0.4143 -0.5458 -0.7283
vn 0.6048 -0.1725 -0.7775
vn 0.5282 -0.6884 -0.4971
vn -0.1023 -0.3107 -0.9450
vn 0.7867 -0.2099 -0.5805
vn 0.5847 -0.0599 -0.8091
vn 0.8647 -0.4976 0.0689
vn 0.7658 -0.1537 -0.6245
vn 0.8837 -0.4581 -0.0963
vn 0.8579 -0.2610 -0.4426
vn 0.7731 -0.6319 -0.0551
vn 0.7182 -0.6826 -0.1350
vn 0.8780 -0.4251 -0.2201
vn 0.5448 -0.7002 0.4614
vn 0.7786 -0.1876 -0.5988
vn 0.7975 -0.1006 -0.5949
vn 0.8525 -0.2348 -0.4670
vn 0.8329 -0.2874 -0.4730
vn 0.8808 -0.3685 -0.2974
vn 0.6801 -0.3793 -0.6274
vn 0.7331 -0.5150 -0.4443
vn 0.8701 -0.1021 -0.4821
vn 0.8977 -0.3260 -0.2965
vn 0.8662 -0.3728 -0.3327
vn 0.7868 -0.5518 0.2765
vn 0.7791 -0.5548 0.2918
vn 0.5471 0.0889 -0.8323
vn 0.5206 0.2285 -0.8227
vn 0.8016 0.1424 -0.5806
vn 0.5339 -0.0054 -0.8455
vn 0.3178 0.1865 -0.9296
vn 0.3882 0.2629 -0.8833
vn 0.2500 0.0848 -0.9645
vn 0.4200 -0.1785 -0.8898
vn 0.0137 0.2196 -0.9755
vn 0.1653 0.2827 -0.9449
vn 0.1533 -0.0528 -0.9868
vn -0.1213 -0.0015 -0.9926
vn -0.1008 0.0868 -0.9911
vn 0.2147 -0.2610 -0.9411
vn -0.1267 -0.1276 -0.9837
vn 0.4656 -0.4379 -0.7691
vn -0.4134 -0.0242 -0.9102
vn -0.3828 0.0486 -0.9225
vn -0.3750 -0.0742 -0.9241
vn -0.7425 -0.1266 -0.6578
vn -0.7229 -0.0997 -0.6837
vn -0.4233 0.1141 -0.8988
vn -0.7131 -0.0005 -0.7011
vn -0.8713 -0.1566 -0.4650
vn -0.8329 -0.0667 -0.5494
vn -0.9595 -0.0909 -0.2667
vn -0.6644 -0.0856 -0.7425
vn -0.0931 -0.2342 -0.9677
vn -0.6335 -0.0587 -0.7715
vn -0.0775 -0.3602 -0.9297
vn -0.1943 -0.4366 -0.8784
vn 0.2554 -0.4164 -0.8726
vn 0.2048 -0.5430 -0.8144
vn -0.9633 0.0006 -0.2686
vn 0.4414 -0.5716 -0.6917
vn 0.3478 -0.7040 0.6193
vn 0.4708 -0.7396 0.4810
vn 0.2629 -0.5759 0.7741
vn -0.9180 0.0826 -0.3878
vn -0.7196 -0.0150 0.6942
vn -0.8544 -0.0973 0.5104
vn -0.8436 -0.4726 -0.2550
vn 0.3143 -0.5649 0.7630
vn 0.3660 -0.5730 0.7333
vn 0.6887 -0.5419 0.4816
vn 0.6691 -0.5169 0.5340
vn 0.6615 -0.5225 0.5380
vn 0.4704 -0.5227 0.7110
vn 0.4497 -0.5264 0.7216
vn 0.4645 -0.6930 0.5514
vn 0.6171 -0.5739 -0.5383
vn -0.5191 -0.0409 -0.8537
vn -0.1915 -0.3324 -0.9235
vn -0.7308 0.2762 0.6242
vn 0.4788 -0.5080 0.7160
vn 0.7957 -0.1872 -0.5760
vn 0.8367 -0.3116 -0.4503
vn 0.8291 -0.5495 0.1033
vn 0.7286 -0.0257 -0.6844
vn 0.7408 0.0648 -0.6686
vn -0.8638 -0.5031 -0.0283
vn 0.3341 -0.9368 -0.1041
vn -0.4314 -0.2025 -0.8791
vn 0.2875 0.0951 -0.9530
vn 0.2299 0.1954 -0.9534
vn 0.3900 0.2021 -0.8984
vn 0.3847 0.2202 -0.8964
vn -0.5797 0.2462 -0.7767
vn -0.4584 0.2967 -0.8378
vn -0.7286 0.2838 -0.6234
vn -0.2269 0.2664 -0.9368
vn -0.2299 0.1954 -0.9534
vn -0.1248 0.3473 -0.9294
vn -0.3231 0.2139 -0.9219
vn -0.5421 0.3133 -0.7798
vn -0.5256 0.3276 -0.7852
vn -0.1737 0.3489 -0.9209
vn -0.4212 0.3894 -0.8191
vn -0.6429 0.3012 -0.7043
vn -0.6795 0.2348 -0.6951
vn -0.1757 0.2721 0.9461
vn -0.1421 0.2887 0.9468
vn -0.1291 0.3441 0.9300
vn -0.2064 0.2347 0.9499
vn -0.3448 0.4618 0.8172
vn -0.4011 0.5249 0.7508
vn -0.4343 0.4498 0.7804
vn -0.3722 0.4111 0.8321
vn -0.9640 0.1754 0.1998
vn -0.9925 0.1180 0.0324
vn -0.9770 0.0413 0.2093
vn 0.0185 0.2992 -0.9540
vn -0.1827 0.1532 -0.9712
vn -0.1247 0.3473 -0.9294
vn 0.0247 0.3214 -0.9466
vn -0.1736 0.3489 -0.9210
vn 0.0075 0.3054 -0.9522
vn 0.0605 0.2776 -0.9588
vn -0.0056 0.2335 -0.9723
vn -0.2298 0.1954 -0.9534
vn -0.0154 0.1608 -0.9869
vn -0.0000 0.2834 -0.9590
vn -0.0000 0.2411 -0.9705
vn -0.0003 0.3209 -0.9471
vn -0.0000 0.1710 -0.9853
vn -0.0734 0.2807 -0.9570
vn -0.0861 0.2672 -0.9598
vn -0.0853 0.2810 -0.9559
vn -0.0175 0.1762 -0.9842
vn 0.0154 0.1608 -0.9869
vn 0.2298 0.1954 -0.9534
vn 0.2095 0.0624 -0.9758
vn -0.0241 0.3010 -0.9533
vn -0.0000 0.1703 -0.9854
vn -0.0490 0.3236 -0.9449
vn -0.0542 0.3410 -0.9385
vn -0.0101 0.3590 -0.9333
vn -0.0131 0.2879 -0.9576
vt 0.323730 0.043732
vt 0.323730 0.037567
vt 0.344727 0.037567
vt 0.344727 0.043732
vt 0.356201 0.043732
vt 0.356201 0.037567
vt 0.301758 0.043732
vt 0.301758 0.037567
vt 0.367920 0.037567
vt 0.383301 0.037567
vt 0.383301 0.043732
vt 0.367920 0.043732
vt 0.400879 0.043732
vt 0.400879 0.037567
vt 0.167114 0.446777
vt 0.165405 0.436768
vt 0.179077 0.453857
vt 0.952637 0.405273
vt 0.953125 0.400391
vt 0.956055 0.405762
vt 0.493652 0.494629
vt 0.472900 0.454346
vt 0.515137 0.490967
vt 0.132935 0.503906
vt 0.124939 0.529785
vt 0.109924 0.520508
vt 0.121277 0.493652
vt 0.117432 0.489502
vt 0.535645 0.522461
vt 0.544922 0.522949
vt 0.502441 0.443115
vt 0.527344 0.487061
vt 0.446045 0.464844
vt 0.468750 0.501953
vt 0.149658 0.514648
vt 0.141602 0.539062
vt 0.129517 0.478271
vt 0.562988 0.549316
vt 0.541992 0.542480
vt 0.124817 0.471924
vt 0.126587 0.474365
vt 0.139771 0.488281
vt 0.427246 0.420654
vt 0.453125 0.410400
vt 0.479736 0.398193
vt 0.560059 0.518066
vt 0.528320 0.432373
vt 0.554688 0.477051
vt 0.576172 0.542969
vt 0.500000 0.387695
vt 0.581543 0.509766
vt 0.594238 0.537109
vt 0.552734 0.420654
vt 0.579102 0.466797
vt 0.596680 0.504883
vt 0.596191 0.458252
vt 0.610352 0.501465
vt 0.562988 0.413818
vt 0.519043 0.377197
vt 0.607422 0.534668
vt 0.619629 0.532715
vt 0.612305 0.551758
vt 0.601074 0.553711
vt 0.586914 0.559570
vt 0.616699 0.569336
vt 0.607910 0.570312
vt 0.597656 0.574219
vt 0.576660 0.565430
vt 0.623047 0.551270
vt 0.625000 0.568848
vt 0.633301 0.530762
vt 0.635742 0.550781
vt 0.624023 0.499268
vt 0.635254 0.570312
vt 0.840332 0.746094
vt 0.852539 0.758789
vt 0.832031 0.752930
vt 0.871582 0.780273
vt 0.854980 0.770508
vt 0.840820 0.768555
vt 0.828125 0.733887
vt 0.568848 0.575195
vt 0.561035 0.585938
vt 0.543945 0.572754
vt 0.553223 0.560547
vt 0.541992 0.555664
vt 0.533203 0.565430
vt 0.079651 0.346924
vt 0.079712 0.360107
vt 0.063293 0.353516
vt 0.078003 0.339844
vt 0.055389 0.362061
vt 0.583496 0.587402
vt 0.578613 0.596680
vt 0.589355 0.579102
vt 0.595215 0.604492
vt 0.793457 0.734863
vt 0.793457 0.751465
vt 0.791504 0.750977
vt 0.787109 0.768066
vt 0.602051 0.592285
vt 0.794434 0.722656
vt 0.799805 0.721191
vt 0.803223 0.730469
vt 0.612305 0.602539
vt 0.607910 0.608887
vt 0.799805 0.739746
vt 0.794922 0.714355
vt 0.797363 0.714355
vt 0.616699 0.612305
vt 0.611328 0.586426
vt 0.617676 0.600098
vt 0.619141 0.609375
vt 0.619629 0.585449
vt 0.621582 0.598633
vt 0.231445 0.753418
vt 0.239868 0.754883
vt 0.231323 0.764160
vt 0.136108 0.463623
vt 0.233765 0.742188
vt 0.237549 0.749512
vt 0.225220 0.744629
vt 0.246582 0.740723
vt 0.248047 0.744629
vt 0.250244 0.748047
vt 0.246094 0.736816
vt 0.234131 0.734863
vt 0.227783 0.733398
vt 0.254883 0.740723
vt 0.254395 0.737305
vt 0.256592 0.744141
vt 0.260010 0.738281
vt 0.260254 0.739746
vt 0.260986 0.741211
vt 0.246948 0.732422
vt 0.235229 0.726562
vt 0.248413 0.728027
vt 0.255371 0.733398
vt 0.237671 0.718750
vt 0.162354 0.451904
vt 0.160522 0.451172
vt 0.161011 0.447754
vt 0.159180 0.450195
vt 0.158325 0.448975
vt 0.157471 0.456543
vt 0.160767 0.467041
vt 0.161011 0.458008
vt 0.163940 0.458252
vt 0.166260 0.467041
vt 0.153931 0.464111
vt 0.159546 0.480469
vt 0.168945 0.481201
vt 0.147949 0.475098
vt 0.223755 0.719238
vt 0.154419 0.495850
vt 0.227173 0.707031
vt 0.168823 0.498535
vt 0.213135 0.694824
vt 0.216309 0.690430
vt 0.203125 0.668945
vt 0.459717 0.565918
vt 0.459229 0.541992
vt 0.469727 0.542480
vt 0.471436 0.566895
vt 0.457031 0.506836
vt 0.064148 0.404541
vt 0.043884 0.411865
vt 0.062286 0.388428
vt 0.758789 0.303711
vt 0.749512 0.267578
vt 0.762695 0.264648
vt 0.769531 0.301758
vt 0.776855 0.297852
vt 0.770508 0.323975
vt 0.774414 0.308838
vt 0.778320 0.303467
vt 0.755859 0.223633
vt 0.779297 0.221558
vt 0.782227 0.263672
vt 0.737793 0.229004
vt 0.736328 0.270996
vt 0.744141 0.306885
vt 0.749023 0.325684
vt 0.761719 0.323730
vt 0.721680 0.235962
vt 0.724121 0.276855
vt 0.703613 0.246460
vt 0.730469 0.314209
vt 0.691406 0.259033
vt 0.712891 0.286133
vt 0.381104 0.251465
vt 0.365479 0.259766
vt 0.354492 0.233765
vt 0.365967 0.227417
vt 0.382568 0.292236
vt 0.402588 0.281494
vt 0.396729 0.240234
vt 0.421387 0.268311
vt 0.379150 0.218384
vt 0.409424 0.229126
vt 0.435059 0.256592
vt 0.390625 0.208862
vt 0.450195 0.298584
vt 0.428223 0.314209
vt 0.464600 0.287109
vt 0.741699 0.343506
vt 0.752441 0.340088
vt 0.753906 0.348633
vt 0.744141 0.351318
vt 0.763184 0.338379
vt 0.763184 0.348145
vt 0.769043 0.338379
vt 0.769043 0.348145
vt 0.482666 0.334961
vt 0.454346 0.351074
vt 0.500000 0.320801
vt 0.527344 0.371826
vt 0.429688 0.363281
vt 0.407959 0.324951
vt 0.406738 0.372803
vt 0.388428 0.335693
vt 0.427246 0.472412
vt 0.412842 0.425781
vt 0.414062 0.396240
vt 0.363037 0.301270
vt 0.376221 0.340576
vt 0.486328 0.775879
vt 0.497803 0.776367
vt 0.494141 0.798340
vt 0.498535 0.814941
vt 0.350830 0.266602
vt 0.341309 0.239746
vt 0.326660 0.244629
vt 0.333984 0.272705
vt 0.344238 0.308350
vt 0.151367 0.542480
vt 0.163574 0.518066
vt 0.140503 0.468994
vt 0.149170 0.459717
vt 0.154785 0.454102
vt 0.146851 0.456055
vt 0.153320 0.451904
vt 0.625977 0.585938
vt 0.625000 0.599121
vt 0.632324 0.587402
vt 0.628906 0.600098
vt 0.622559 0.608398
vt 0.625977 0.608887
vt 0.623047 0.615234
vt 0.799805 0.711426
vt 0.794922 0.708496
vt 0.803711 0.719238
vt 0.807129 0.715820
vt 0.809570 0.729980
vt 0.812012 0.728027
vt 0.816406 0.723633
vt 0.821289 0.739258
vt 0.352783 0.206665
vt 0.343018 0.211426
vt 0.332764 0.215820
vt 0.364258 0.199585
vt 0.319336 0.219360
vt 0.372803 0.191040
vt 0.195435 0.458252
vt 0.205444 0.462158
vt 0.183594 0.519043
vt 0.177368 0.517578
vt 0.191772 0.559570
vt 0.172363 0.556152
vt 0.198120 0.522949
vt 0.212646 0.401611
vt 0.554688 0.261475
vt 0.613281 0.280762
vt 0.601562 0.296143
vt 0.565430 0.246826
vt 0.647461 0.332520
vt 0.661133 0.317871
vt 0.175415 0.583496
vt 0.162964 0.580566
vt 0.154785 0.581055
vt 0.161743 0.555176
vt 0.682617 0.596680
vt 0.687012 0.598145
vt 0.682129 0.607422
vt 0.675293 0.605957
vt 0.661133 0.623535
vt 0.150391 0.594727
vt 0.696289 0.599609
vt 0.696777 0.604492
vt 0.687500 0.371338
vt 0.710449 0.368164
vt 0.719727 0.405762
vt 0.689941 0.345459
vt 0.737793 0.391113
vt 0.727539 0.372314
vt 0.690918 0.589355
vt 0.695801 0.590332
vt 0.687988 0.588379
vt 0.700684 0.590820
vt 0.703613 0.599609
vt 0.696289 0.582520
vt 0.694824 0.582520
vt 0.692383 0.582031
vt 0.709961 0.599121
vt 0.713867 0.609375
vt 0.703613 0.609863
vt 0.697754 0.581543
vt 0.703613 0.588867
vt 0.169312 0.605957
vt 0.186768 0.602051
vt 0.171631 0.613770
vt 0.158203 0.617188
vt 0.184570 0.610352
vt 0.190063 0.586426
vt 0.226318 0.571777
vt 0.163574 0.599609
vt 0.156372 0.596191
vt 0.145508 0.604980
vt 0.148926 0.606934
vt 0.154907 0.611328
vt 0.145386 0.615723
vt 0.143188 0.613281
vt 0.141357 0.612305
vt 0.146484 0.618652
vt 0.138184 0.618164
vt 0.690918 0.582031
vt 0.692383 0.576660
vt 0.464111 0.676758
vt 0.465088 0.692383
vt 0.463623 0.697266
vt 0.487305 0.859863
vt 0.484131 0.861816
vt 0.478271 0.848145
vt 0.024002 0.251953
vt 0.028763 0.253174
vt 0.038147 0.264404
vt 0.479492 0.861328
vt 0.251709 0.603516
vt 0.248535 0.575195
vt 0.270264 0.575684
vt 0.270264 0.600586
vt 0.266602 0.534180
vt 0.278809 0.531738
vt 0.284912 0.529297
vt 0.294922 0.569336
vt 0.285400 0.571289
vt 0.292969 0.594727
vt 0.274170 0.600586
vt 0.160522 0.534668
vt 0.170776 0.515137
vt 0.163208 0.536133
vt 0.514648 0.677734
vt 0.518066 0.674805
vt 0.529785 0.691406
vt 0.527832 0.692383
vt 0.187622 0.453125
vt 0.182739 0.476318
vt 0.539062 0.704590
vt 0.177490 0.480713
vt 0.177979 0.495117
vt 0.501953 0.664551
vt 0.506836 0.659668
vt 0.191406 0.435303
vt 0.181274 0.436279
vt 0.272461 0.623535
vt 0.252686 0.627930
vt 0.272461 0.651855
vt 0.254150 0.654297
vt 0.272949 0.673340
vt 0.257812 0.676270
vt 0.233765 0.657227
vt 0.228882 0.632812
vt 0.226318 0.606934
vt 0.239502 0.681152
vt 0.246338 0.532227
vt 0.221558 0.689941
vt 0.208008 0.666992
vt 0.197388 0.638672
vt 0.191162 0.608887
vt 0.365479 0.859375
vt 0.372314 0.859375
vt 0.373535 0.885254
vt 0.369629 0.853027
vt 0.372314 0.839844
vt 0.223267 0.528320
vt 0.246216 0.471680
vt 0.254639 0.512695
vt 0.255615 0.528809
vt 0.253174 0.525879
vt 0.225708 0.467529
vt 0.231689 0.406250
vt 0.251221 0.409912
vt 0.265381 0.410645
vt 0.260254 0.471924
vt 0.234985 0.354492
vt 0.257324 0.360107
vt 0.243774 0.312256
vt 0.264404 0.317139
vt 0.272949 0.361084
vt 0.251953 0.274414
vt 0.269531 0.278564
vt 0.286621 0.280762
vt 0.285645 0.318359
vt 0.259277 0.245483
vt 0.273438 0.248535
vt 0.287354 0.250244
vt 0.824707 0.301758
vt 0.833496 0.272705
vt 0.843750 0.278320
vt 0.812500 0.298584
vt 0.819336 0.267334
vt 0.848145 0.240479
vt 0.861328 0.250488
vt 0.831055 0.230835
vt 0.232910 0.268066
vt 0.242310 0.240356
vt 0.221558 0.304443
vt 0.837891 0.308838
vt 0.854492 0.285889
vt 0.877930 0.263672
vt 0.832031 0.324707
vt 0.821289 0.320312
vt 0.708496 0.330566
vt 0.719238 0.343262
vt 0.708008 0.352539
vt 0.695312 0.342285
vt 0.675781 0.322021
vt 0.688965 0.307861
vt 0.811035 0.319336
vt 0.829102 0.336670
vt 0.820312 0.334717
vt 0.810547 0.334473
vt 0.811523 0.342285
vt 0.820312 0.342529
vt 0.827637 0.344238
vt 0.723145 0.365723
vt 0.717285 0.360596
vt 0.726074 0.353027
vt 0.730469 0.360107
vt 0.735352 0.346680
vt 0.739258 0.354248
vt 0.721191 0.320801
vt 0.702148 0.294922
vt 0.729492 0.334961
vt 0.652344 0.301758
vt 0.665527 0.286621
vt 0.679688 0.272217
vt 0.448975 0.242065
vt 0.421143 0.217407
vt 0.399902 0.198242
vt 0.481689 0.270996
vt 0.462402 0.226074
vt 0.497559 0.252441
vt 0.432861 0.203125
vt 0.520020 0.303223
vt 0.562012 0.340088
vt 0.541992 0.359619
vt 0.538086 0.281982
vt 0.476318 0.209106
vt 0.512207 0.233276
vt 0.444824 0.187866
vt 0.209229 0.346436
vt 0.582520 0.318115
vt 0.625488 0.354736
vt 0.666016 0.390625
vt 0.602539 0.376709
vt 0.582520 0.394775
vt 0.643555 0.411377
vt 0.625000 0.428467
vt 0.699707 0.422119
vt 0.680664 0.439697
vt 0.665527 0.453125
vt 0.725098 0.452148
vt 0.703613 0.472412
vt 0.743652 0.435059
vt 0.751953 0.468506
vt 0.732910 0.484619
vt 0.758789 0.420898
vt 0.776367 0.452881
vt 0.771484 0.405029
vt 0.751953 0.381104
vt 0.734375 0.366211
vt 0.782227 0.421875
vt 0.002533 0.236084
vt 0.022308 0.253662
vt 0.033875 0.266357
vt 0.353760 0.878906
vt 0.355469 0.858887
vt 0.358887 0.907227
vt 0.347168 0.904785
vt 0.410400 0.185303
vt 0.420654 0.171631
vt 0.373047 0.910645
vt 0.369141 0.932129
vt 0.356689 0.928223
vt 0.345215 0.925293
vt 0.353027 0.944336
vt 0.362793 0.947266
vt 0.343262 0.941895
vt 0.348145 0.958008
vt 0.341064 0.956055
vt 0.355713 0.961426
vt 0.246826 0.698242
vt 0.232300 0.706055
vt 0.461670 0.677246
vt 0.498535 0.870605
vt 0.913086 0.453125
vt 0.917480 0.447510
vt 0.917480 0.465088
vt 0.498535 0.883789
vt 0.924805 0.457031
vt 0.343262 0.970703
vt 0.348389 0.973145
vt 0.338867 0.969727
vt 0.338867 0.982422
vt 0.337402 0.981934
vt 0.340576 0.982422
vt 0.336426 0.987793
vt 0.271240 0.737793
vt 0.274414 0.734375
vt 0.279053 0.739746
vt 0.277832 0.733887
vt 0.265869 0.726074
vt 0.255859 0.714355
vt 0.258057 0.730469
vt 0.270020 0.724121
vt 0.274902 0.710449
vt 0.276855 0.725098
vt 0.265869 0.712402
vt 0.482666 0.640137
vt 0.480713 0.625488
vt 0.488281 0.634766
vt 0.491211 0.654297
vt 0.183228 0.420410
vt 0.194214 0.420410
vt 0.186157 0.400635
vt 0.199341 0.403076
vt 0.273682 0.690918
vt 0.261475 0.693359
vt 0.245117 0.720215
vt 0.045288 0.285400
vt 0.051117 0.282471
vt 0.477783 0.881836
vt 0.791504 0.446533
vt 0.058411 0.303711
vt 0.795410 0.470703
vt 0.783691 0.474121
vt 0.051575 0.305420
vt 0.796875 0.490234
vt 0.789551 0.492676
vt 0.798340 0.506836
vt 0.793945 0.507812
vt 0.055603 0.336670
vt 0.054321 0.322266
vt 0.061401 0.322266
vt 0.768066 0.484131
vt 0.779785 0.498047
vt 0.789551 0.510254
vt 0.799316 0.517578
vt 0.795898 0.519043
vt 0.059998 0.346191
vt 0.057098 0.345947
vt 0.062927 0.337158
vt 0.798828 0.524902
vt 0.792969 0.521484
vt 0.785156 0.513672
vt 0.058655 0.352295
vt 0.062805 0.348145
vt 0.069153 0.340820
vt 0.063782 0.302002
vt 0.485840 0.900391
vt 0.470703 0.902344
vt 0.485596 0.882812
vt 0.449219 0.903320
vt 0.459961 0.911621
vt 0.446289 0.910156
vt 0.088867 0.313232
vt 0.069031 0.323730
vt 0.074341 0.313232
vt 0.473389 0.923340
vt 0.459961 0.928223
vt 0.115234 0.317627
vt 0.112793 0.311035
vt 0.092346 0.322998
vt 0.078186 0.331543
vt 0.434326 0.887695
vt 0.137695 0.306152
vt 0.142578 0.314209
vt 0.692383 0.493896
vt 0.723633 0.501953
vt 0.755371 0.495605
vt 0.750488 0.509277
vt 0.652344 0.474854
vt 0.670898 0.488037
vt 0.768555 0.514160
vt 0.771973 0.505371
vt 0.782715 0.517578
vt 0.609863 0.445801
vt 0.566895 0.409912
vt 0.265381 0.219727
vt 0.276123 0.222046
vt 0.288574 0.223267
vt 0.250732 0.215942
vt 0.390625 0.169800
vt 0.399414 0.157471
vt 0.380859 0.181274
vt 0.217041 0.972168
vt 0.214722 0.970703
vt 0.217651 0.970215
vt 0.382812 0.661133
vt 0.383057 0.662598
vt 0.381104 0.662109
vt 0.273438 0.479980
vt 0.271973 0.480713
vt 0.271973 0.478271
vt 0.270752 0.480225
vt 0.275391 0.488525
vt 0.273926 0.483398
vt 0.277100 0.486816
vt 0.272461 0.488770
vt 0.272217 0.483643
vt 0.275391 0.482422
vt 0.278320 0.490479
vt 0.272705 0.495117
vt 0.276611 0.495361
vt 0.269531 0.488525
vt 0.270752 0.483643
vt 0.385986 0.663086
vt 0.385742 0.661621
vt 0.389404 0.661621
vt 0.392822 0.666016
vt 0.389893 0.664551
vt 0.389160 0.659180
vt 0.385498 0.660156
vt 0.393066 0.658691
vt 0.394043 0.662109
vt 0.216309 0.973145
vt 0.219971 0.974609
vt 0.220825 0.972656
vt 0.267578 0.487549
vt 0.269287 0.482910
vt 0.221802 0.969727
vt 0.268555 0.494629
vt 0.265869 0.493408
vt 0.226807 0.972656
vt 0.227173 0.968262
vt 0.277344 0.501953
vt 0.272705 0.501953
vt 0.268311 0.501465
vt 0.279053 0.495117
vt 0.264893 0.501465
vt 0.268555 0.510742
vt 0.272949 0.510742
vt 0.277100 0.510742
vt 0.280029 0.511230
vt 0.280273 0.501953
vt 0.273193 0.517090
vt 0.268799 0.517578
vt 0.277100 0.517578
vt 0.265869 0.518066
vt 0.264648 0.511719
vt 0.279297 0.517578
vt 0.802734 0.344482
vt 0.798340 0.345947
vt 0.795898 0.336670
vt 0.800781 0.335449
vt 0.791504 0.324219
vt 0.263672 0.501465
vt 0.234497 0.966309
vt 0.223755 0.975586
vt 0.396484 0.668457
vt 0.397705 0.666992
vt 0.401611 0.672363
vt 0.228027 0.792969
vt 0.250977 0.770020
vt 0.231934 0.796387
vt 0.274414 0.411133
vt 0.275879 0.470947
vt 0.269531 0.471436
vt 0.268799 0.410645
vt 0.255127 0.772461
vt 0.290283 0.410156
vt 0.301025 0.466064
vt 0.245850 0.764648
vt 0.229004 0.775391
vt 0.288086 0.488281
vt 0.242065 0.759766
vt 0.286621 0.513184
vt 0.292480 0.526367
vt 0.310303 0.520508
vt 0.256348 0.758789
vt 0.281250 0.820312
vt 0.281250 0.804688
vt 0.284912 0.813477
vt 0.282959 0.522949
vt 0.284668 0.823242
vt 0.280273 0.830078
vt 0.278809 0.829590
vt 0.264893 0.753906
vt 0.255127 0.753906
vt 0.263916 0.751953
vt 0.289551 0.825195
vt 0.281738 0.831055
vt 0.289551 0.815918
vt 0.283203 0.832520
vt 0.292236 0.827148
vt 0.265625 0.525879
vt 0.277588 0.835449
vt 0.270020 0.751465
vt 0.268066 0.757324
vt 0.266113 0.755859
vt 0.263672 0.766602
vt 0.259277 0.762695
vt 0.479492 0.512207
vt 0.484863 0.518066
vt 0.474365 0.526855
vt 0.406006 0.569824
vt 0.393555 0.574707
vt 0.379639 0.539062
vt 0.490723 0.521973
vt 0.384521 0.583496
vt 0.482422 0.532227
vt 0.467041 0.519043
vt 0.471191 0.506348
vt 0.421631 0.567871
vt 0.416992 0.582520
vt 0.408203 0.527344
vt 0.477051 0.504883
vt 0.489258 0.501465
vt 0.490234 0.505859
vt 0.493408 0.510254
vt 0.498047 0.500488
vt 0.498291 0.502930
vt 0.499512 0.504883
vt 0.504395 0.500488
vt 0.155518 0.663086
vt 0.149048 0.670410
vt 0.147583 0.666504
vt 0.140503 0.682129
vt 0.138672 0.675781
vt 0.160278 0.657227
vt 0.154785 0.660156
vt 0.153320 0.657715
vt 0.503418 0.506836
vt 0.500977 0.505859
vt 0.146362 0.663086
vt 0.139526 0.666016
vt 0.137817 0.658691
vt 0.145142 0.659180
vt 0.144409 0.655762
vt 0.134033 0.651855
vt 0.499023 0.514160
vt 0.494385 0.522949
vt 0.496826 0.512207
vt 0.136597 0.687500
vt 0.426270 0.594727
vt 0.408447 0.603516
vt 0.414795 0.595215
vt 0.440918 0.567383
vt 0.442871 0.593262
vt 0.440186 0.544434
vt 0.798828 0.320801
vt 0.788574 0.314209
vt 0.798828 0.298096
vt 0.785156 0.299316
vt 0.801758 0.263672
vt 0.783203 0.306152
vt 0.805664 0.223145
vt 0.324707 0.313477
vt 0.317383 0.276855
vt 0.312256 0.248169
vt 0.357178 0.347412
vt 0.333496 0.354248
vt 0.468750 0.772949
vt 0.486572 0.794434
vt 0.457764 0.591797
vt 0.451904 0.622559
vt 0.463379 0.621582
vt 0.472412 0.595703
vt 0.456543 0.647949
vt 0.449951 0.647949
vt 0.977051 0.116638
vt 0.956543 0.105225
vt 0.958984 0.098389
vt 0.937012 0.096069
vt 0.453857 0.663086
vt 0.455811 0.663574
vt 0.990723 0.123901
vt 0.986816 0.125000
vt 0.986328 0.109924
vt 0.433838 0.625977
vt 0.442871 0.650391
vt 0.420410 0.633301
vt 0.436279 0.654297
vt 0.430908 0.659668
vt 0.406738 0.642090
vt 0.400879 0.603516
vt 0.381348 0.619141
vt 0.450684 0.665039
vt 0.456543 0.670898
vt 0.447754 0.667480
vt 0.994629 0.243286
vt 0.992676 0.259033
vt 0.989258 0.258057
vt 0.989258 0.283936
vt 0.981934 0.282715
vt 0.997559 0.235840
vt 0.997559 0.243774
vt 0.994141 0.122314
vt 0.992188 0.129883
vt 0.997070 0.106384
vt 0.997070 0.259766
vt 0.996094 0.285156
vt 0.976562 0.312256
vt 0.985840 0.313477
vt 0.994141 0.311523
vt 0.988281 0.079529
vt 0.997070 0.080078
vt 0.364990 0.601074
vt 0.366455 0.587891
vt 0.973145 0.333496
vt 0.394531 0.598145
vt 0.982422 0.334717
vt 0.977051 0.350586
vt 0.972656 0.350342
vt 0.354004 0.585449
vt 0.989746 0.325439
vt 0.113464 0.578613
vt 0.113525 0.583496
vt 0.103821 0.575195
vt 0.354248 0.620117
vt 0.345703 0.619629
vt 0.352295 0.605957
vt 0.342285 0.589355
vt 0.346924 0.587891
vt 0.997070 0.044861
vt 0.997070 0.055695
vt 0.993164 0.044342
vt 0.991211 0.062073
vt 0.356201 0.638672
vt 0.349609 0.638672
vt 0.131958 0.595215
vt 0.134399 0.585449
vt 0.138916 0.594238
vt 0.142090 0.579590
vt 0.158813 0.441162
vt 0.152954 0.418945
vt 0.145508 0.452637
vt 0.133545 0.603027
vt 0.135376 0.608887
vt 0.132446 0.609375
vt 0.352783 0.650879
vt 0.356934 0.650879
vt 0.134277 0.615234
vt 0.357910 0.665527
vt 0.355225 0.658691
vt 0.357422 0.658203
vt 0.137939 0.609863
vt 0.350342 0.663574
vt 0.352539 0.660156
vt 0.141724 0.603027
vt 0.137939 0.602539
vt 0.145996 0.592285
vt 0.345947 0.654297
vt 0.341553 0.659180
vt 0.331055 0.650879
vt 0.337646 0.645020
vt 0.348145 0.653320
vt 0.314941 0.635742
vt 0.325439 0.627930
vt 0.152100 0.574219
vt 0.311035 0.604004
vt 0.299316 0.609863
vt 0.154297 0.548828
vt 0.157959 0.550781
vt 0.146484 0.571289
vt 0.327148 0.596191
vt 0.335205 0.622559
vt 0.342773 0.641602
vt 0.337891 0.555664
vt 0.318115 0.562012
vt 0.301025 0.567871
vt 0.972656 0.379639
vt 0.329102 0.512695
vt 0.339844 0.507812
vt 0.352295 0.550293
vt 0.366943 0.496094
vt 0.396973 0.484375
vt 0.355469 0.448242
vt 0.325684 0.458496
vt 0.384033 0.437500
vt 0.316162 0.406494
vt 0.343994 0.399902
vt 0.372803 0.390625
vt 0.309570 0.359375
vt 0.286133 0.361816
vt 0.304443 0.316895
vt 0.460449 0.812012
vt 0.447510 0.768066
vt 0.473633 0.812500
vt 0.391357 0.400635
vt 0.478760 0.831055
vt 0.473145 0.833496
vt 0.231567 0.939941
vt 0.223511 0.936035
vt 0.214478 0.919434
vt 0.301514 0.279297
vt 0.300537 0.249634
vt 0.171631 0.454834
vt 0.406494 0.403076
vt 0.437256 0.514648
vt 0.978027 0.094971
vt 0.143433 0.434326
vt 0.139648 0.416748
vt 0.146240 0.394043
vt 0.130737 0.400635
vt 0.304443 0.222290
vt 0.487305 0.813477
vt 0.488525 0.829590
vt 0.494385 0.813477
vt 0.494385 0.830078
vt 0.498535 0.832031
vt 0.228027 0.957520
vt 0.227295 0.964355
vt 0.210083 0.967773
vt 0.238892 0.963379
vt 0.239258 0.959473
vt 0.229614 0.948242
vt 0.496582 0.843262
vt 0.493896 0.842773
vt 0.242310 0.949707
vt 0.239990 0.954102
vt 0.484619 0.843262
vt 0.481445 0.844238
vt 0.249268 0.957031
vt 0.248413 0.958984
vt 0.247681 0.961426
vt 0.489502 0.850586
vt 0.487793 0.851562
vt 0.489990 0.842285
vt 0.491455 0.850586
vt 0.493164 0.856934
vt 0.493164 0.851074
vt 0.494629 0.851562
vt 0.247925 0.963379
vt 0.253662 0.963379
vt 0.277344 0.523438
vt 0.923828 0.439941
vt 0.937012 0.435791
vt 0.931152 0.446045
vt 0.931641 0.431152
vt 0.941895 0.440186
vt 0.943848 0.424316
vt 0.939941 0.420654
vt 0.191650 0.377686
vt 0.200195 0.360107
vt 0.201416 0.377197
vt 0.203857 0.391846
vt 0.956543 0.415527
vt 0.954590 0.428467
vt 0.953613 0.435303
vt 0.968262 0.432617
vt 0.933594 0.447754
vt 0.949707 0.414307
vt 0.382080 0.947754
vt 0.385254 0.945801
vt 0.392090 0.953613
vt 0.381348 0.933594
vt 0.962891 0.437256
vt 0.368408 0.963379
vt 0.377197 0.942383
vt 0.392822 0.966797
vt 0.376953 0.970703
vt 0.406006 0.958496
vt 0.972656 0.447510
vt 0.378418 0.917480
vt 0.376221 0.899902
vt 0.375977 0.917480
vt 0.372314 0.938965
vt 0.362549 0.958496
vt 0.498535 0.939941
vt 0.488525 0.940918
vt 0.486084 0.920898
vt 0.498535 0.919922
vt 0.498535 0.899902
vt 0.361328 0.980957
vt 0.356201 0.976074
vt 0.352783 0.972656
vt 0.385010 0.979980
vt 0.342773 0.985352
vt 0.345459 0.987793
vt 0.498535 0.955566
vt 0.492676 0.956543
vt 0.498535 0.970215
vt 0.479736 0.943359
vt 0.487549 0.958008
vt 0.481689 0.960449
vt 0.471436 0.946289
vt 0.494385 0.970703
vt 0.497314 0.977539
vt 0.498535 0.977051
vt 0.495850 0.978516
vt 0.490234 0.973145
vt 0.478027 0.962891
vt 0.464111 0.949707
vt 0.449707 0.933594
vt 0.364990 0.996094
vt 0.347900 0.996094
vt 0.348145 0.993164
vt 0.365723 0.990234
vt 0.386475 0.985840
vt 0.385742 0.996094
vt 0.339600 0.996094
vt 0.409424 0.980469
vt 0.409424 0.996094
vt 0.365479 0.986816
vt 0.348145 0.991699
vt 0.407715 0.971191
vt 0.339844 0.994141
vt 0.339111 0.992188
vt 0.429688 0.971191
vt 0.430420 0.961426
vt 0.430176 0.978027
vt 0.447266 0.961426
vt 0.450195 0.975098
vt 0.448975 0.968750
vt 0.986328 0.470703
vt 0.979492 0.469971
vt 0.983398 0.485596
vt 0.979492 0.445068
vt 0.132080 0.330811
vt 0.104065 0.340088
vt 0.102539 0.325439
vt 0.131836 0.319824
vt 0.992188 0.499023
vt 0.156616 0.325195
vt 0.158813 0.317627
vt 0.092651 0.327881
vt 0.994629 0.508301
vt 0.985352 0.499512
vt 0.432373 0.996094
vt 0.453857 0.984375
vt 0.107483 0.358643
vt 0.082214 0.374756
vt 0.063721 0.371826
vt 0.135010 0.342529
vt 0.117371 0.376709
vt 0.089355 0.397461
vt 0.143066 0.357666
vt 0.158936 0.332520
vt 0.130493 0.385986
vt 0.111572 0.394043
vt 0.164795 0.342041
vt 0.172363 0.349609
vt 0.154785 0.367676
vt 0.179443 0.331543
vt 0.185181 0.337646
vt 0.175781 0.323975
vt 0.182373 0.355469
vt 0.169678 0.374512
vt 0.191040 0.341309
vt 0.178589 0.377197
vt 0.171265 0.399658
vt 0.160034 0.397705
vt 0.166870 0.420410
vt 0.191528 0.358154
vt 0.196045 0.343506
vt 0.201660 0.345947
vt 0.201538 0.333740
vt 0.197144 0.329590
vt 0.207642 0.326416
vt 0.205688 0.324707
vt 0.211792 0.323486
vt 0.194092 0.323730
vt 0.205078 0.321289
vt 0.205078 0.335449
vt 0.193115 0.319336
vt 0.958496 0.405029
vt 0.965332 0.414551
vt 0.962402 0.415771
vt 0.209106 0.327393
vt 0.951172 0.404785
vt 0.946289 0.411865
vt 0.206299 0.400146
vt 0.437012 0.916992
vt 0.425293 0.897461
vt 0.457764 0.996094
vt 0.485107 0.996094
vt 0.469238 0.985352
vt 0.411621 0.877441
vt 0.418457 0.870605
vt 0.973633 0.430664
vt 0.174805 0.317627
vt 0.337891 0.991699
vt 0.333740 0.996094
vt 0.498535 0.980957
vt 0.410645 0.860840
vt 0.461914 0.962402
vt 0.455078 0.969238
vt 0.456787 0.976074
vt 0.214111 0.971680
vt 0.212646 0.970215
vt 0.993164 0.322266
vt 0.263916 0.739258
vt 0.260498 0.736816
vt 0.896484 0.257812
vt 0.886230 0.267334
vt 0.877441 0.256104
vt 0.886230 0.245483
vt 0.683594 0.256104
vt 0.674805 0.245483
vt 0.692871 0.246826
vt 0.664062 0.257812
vt 0.674805 0.267334
vt 0.639648 0.239258
vt 0.629883 0.231079
vt 0.638184 0.220947
vt 0.648438 0.229004
vt 0.652344 0.248291
vt 0.663574 0.234619
vt 0.657227 0.220093
vt 0.647949 0.211426
vt 0.747070 0.151978
vt 0.734375 0.165771
vt 0.733398 0.156128
vt 0.748535 0.162354
vt 0.716797 0.156738
vt 0.729980 0.149780
vt 0.731934 0.152710
vt 0.720703 0.162598
vt 0.743652 0.958496
vt 0.739746 0.958496
vt 0.745117 0.970215
vt 0.615234 0.243774
vt 0.624023 0.234619
vt 0.633301 0.244385
vt 0.622070 0.258301
vt 0.644531 0.254639
vt 0.634277 0.267822
vt 0.605469 0.255127
vt 0.645020 0.276855
vt 0.655273 0.264160
vt 0.665527 0.274658
vt 0.655762 0.286621
vt 0.623535 0.282471
vt 0.635254 0.290527
vt 0.611328 0.273193
vt 0.646973 0.299072
s 1
g Bip001 Pelvis
g Cola_Manato_MAT_Norano_Body_2_UI
usemtl MAT_Norano_Body_2_UI
f 5/1/1 4/2/2 3/3/3
f 6/4/4 5/1/1 3/3/3
f 8/5/5 3/3/3 7/6/6
f 10/7/7 9/8/8 4/2/2
f 5/1/1 10/7/7 4/2/2
g Skn_R_Pelvis_04
f 12/9/9 14/10/10 13/11/11
f 11/12/12 12/9/9 13/11/11
g Bip001 Pelvis
f 8/5/5 6/4/4 3/3/3
g Skn_R_Pelvis_04
f 2/13/13 13/11/11 14/10/10
g Skn_R_Thigh_Twist
f 1/14/14 2/13/13 14/10/10
g Ctr_Tail_05
f 17/15/15 16/16/16 15/17/17
g Ctr_Tail_06
f 20/18/18 19/19/19 18/20/20
g Ctr_Tail_05
f 23/21/21 22/22/22 21/23/23
f 26/24/24 25/25/21 24/26/23
f 27/27/25 26/24/24 24/26/23
f 28/28/26 27/27/25 24/26/23
f 30/29/27 21/23/23 29/30/28
g Ctr_Tail_04
f 22/22/22 31/31/29 21/23/23
g Ctr_Tail_05
f 32/32/30 29/30/28 21/23/23
f 32/32/30 21/23/23 31/31/29
f 34/33/31 23/21/21 33/34/32
f 36/35/33 35/36/34 25/25/21
f 26/24/24 36/35/33 25/25/21
f 27/27/25 28/28/26 37/37/35
f 29/30/28 38/38/36 30/29/27
f 38/38/36 39/39/37 30/29/27
f 41/40/38 40/41/39 28/28/26
f 40/41/39 37/37/35 28/28/26
f 42/42/40 26/24/24 27/27/25
f 37/37/35 42/42/40 27/27/25
g Ctr_Tail_04
f 34/33/31 44/43/41 43/44/42
f 22/22/22 34/33/31 43/44/42
f 22/22/22 43/44/42 45/45/43
f 31/31/29 22/22/22 45/45/43
g Ctr_Tail_05
f 29/30/28 32/32/30 46/46/44
g Ctr_Tail_04
f 32/32/30 31/31/29 47/47/45
g Ctr_Tail_05
f 48/48/46 32/32/30 47/47/45
f 46/46/44 32/32/30 48/48/46
f 46/46/44 49/49/47 38/38/36
f 29/30/28 46/46/44 38/38/36
g Ctr_Tail_04
f 50/50/48 47/47/45 31/31/29
f 45/45/43 50/50/48 31/31/29
g Ctr_Tail_05
f 51/51/49 46/46/44 48/48/46
f 51/51/49 52/52/50 49/49/47
f 46/46/44 51/51/49 49/49/47
f 54/53/51 53/54/52 48/48/46
f 47/47/45 54/53/51 48/48/46
f 53/54/52 51/51/49 48/48/46
f 55/55/53 51/51/49 53/54/52
f 55/55/53 57/56/54 56/57/55
f 58/58/56 57/56/54 53/54/52
g Ctr_Tail_04
f 47/47/45 50/50/48 59/59/57
f 54/53/51 47/47/45 59/59/57
g Ctr_Tail_05
f 55/55/53 60/60/58 52/52/50
f 51/51/49 55/55/53 52/52/50
f 56/57/55 61/61/59 60/60/58
f 55/55/53 56/57/55 60/60/58
g Ctr_Tail_06
f 60/60/58 63/62/60 62/63/61
g Ctr_Tail_05
f 52/52/50 60/60/58 62/63/61
g Ctr_Tail_06
f 52/52/50 62/63/61 64/64/62
g Ctr_Tail_05
f 49/49/47 52/52/50 64/64/62
g Ctr_Tail_06
f 63/62/60 66/65/63 65/66/64
f 62/63/61 63/62/60 65/66/64
f 67/67/65 64/64/62 62/63/61
f 65/66/64 67/67/65 62/63/61
g Ctr_Tail_05
f 49/49/47 64/64/62 68/68/66
f 38/38/36 49/49/47 68/68/66
g Ctr_Tail_06
f 61/61/59 69/69/67 63/62/60
f 60/60/58 61/61/59 63/62/60
f 69/69/67 70/70/68 66/65/63
f 63/62/60 69/69/67 66/65/63
f 72/71/69 71/72/70 69/69/67
f 61/61/59 72/71/69 69/69/67
g Ctr_Tail_05
f 73/73/71 72/71/69 61/61/59
g Ctr_Tail_06
f 71/72/70 74/74/72 70/70/68
f 69/69/67 71/72/70 70/70/68
g Ctr_Tail_05
f 73/73/71 56/57/55 57/56/54
g Ctr_Tail_06
f 77/75/73 76/76/74 75/77/75
g Ctr_Tail_05
f 79/78/76 78/79/77 76/76/74
f 78/79/77 80/80/78 76/76/74
f 75/77/75 76/76/74 80/80/78
g Ctr_Tail_06
f 81/81/79 77/75/73 75/77/75
g Ctr_Tail_05
f 84/82/80 83/83/81 82/84/82
f 86/85/83 82/84/82 85/86/84
f 85/86/84 82/84/82 87/87/85
f 90/88/86 89/89/87 88/90/88
f 90/88/86 88/90/88 91/91/89
f 89/89/87 92/92/90 88/90/88
g Ctr_Tail_06
f 94/93/91 93/94/92 83/83/81
f 84/82/80 94/93/91 83/83/81
f 95/95/93 94/93/91 84/82/80
f 68/68/66 95/95/93 84/82/80
g Ctr_Tail_05
f 86/85/83 38/38/36 68/68/66
f 84/82/80 86/85/83 68/68/66
g Ctr_Tail_06
f 94/93/91 96/96/94 93/94/92
f 99/97/95 98/98/96 97/99/97
f 98/98/96 100/100/98 97/99/97
f 95/95/93 101/101/99 94/93/91
f 101/101/99 96/96/94 94/93/91
f 104/102/100 103/103/101 102/104/102
f 99/97/95 104/102/100 102/104/102
f 106/105/103 105/106/104 96/96/94
f 101/101/99 106/105/103 96/96/94
f 98/98/96 99/97/95 107/107/105
f 107/107/105 99/97/95 102/104/102
f 109/108/106 108/109/107 103/103/101
f 104/102/100 109/108/106 103/103/101
f 110/110/108 105/106/104 106/105/103
f 112/111/109 111/112/110 106/105/103
f 101/101/99 112/111/109 106/105/103
f 112/111/109 101/101/99 67/67/65
f 95/95/93 67/67/65 101/101/99
f 113/113/111 106/105/103 111/112/110
f 113/113/111 110/110/108 106/105/103
f 67/67/65 65/66/64 112/111/109
f 115/114/112 114/115/113 111/112/110
f 112/111/109 115/114/112 111/112/110
f 65/66/64 115/114/112 112/111/109
f 64/64/62 67/67/65 95/95/93
f 68/68/66 64/64/62 95/95/93
g Ctr_Tail_05
f 86/85/83 39/39/37 38/38/36
f 39/39/37 86/85/83 85/86/84
f 118/116/114 117/117/115 116/118/116
f 119/119/117 40/41/39 41/40/38
f 121/120/118 120/121/119 118/116/114
f 122/122/120 121/120/118 118/116/114
f 120/121/119 117/117/115 118/116/114
f 120/121/119 121/120/118 123/123/121
f 124/124/122 120/121/119 123/123/121
f 120/121/119 124/124/122 125/125/123
f 117/117/115 120/121/119 125/125/123
f 126/126/124 123/123/121 121/120/118
f 127/127/125 126/126/124 121/120/118
f 122/122/120 128/128/126 121/120/118
f 128/128/126 127/127/125 121/120/118
f 124/124/122 123/123/121 129/129/127
f 129/129/127 126/126/124 130/130/128
f 131/131/129 124/124/122 129/129/127
f 133/132/130 132/133/131 129/129/127
f 130/130/128 133/132/130 129/129/127
f 132/133/131 134/134/132 131/131/129
f 129/129/127 132/133/131 131/131/129
f 135/135/133 130/130/128 126/126/124
f 127/127/125 136/136/134 135/135/133
f 126/126/124 127/127/125 135/135/133
f 135/135/133 138/137/135 137/138/136
f 136/136/134 139/139/137 138/137/135
f 135/135/133 136/136/134 138/137/135
f 144/140/138 143/141/139 142/142/140
f 146/143/141 145/144/142 142/142/140
f 146/143/141 143/141/139 147/145/143
f 150/146/144 149/147/145 148/148/146
f 151/149/147 150/146/144 148/148/146
f 149/147/145 150/146/144 152/150/148
f 147/145/143 149/147/145 152/150/148
f 153/151/149 150/146/144 151/149/147
f 154/152/150 153/151/149 151/149/147
f 150/146/144 153/151/149 155/153/151
f 152/150/148 150/146/144 155/153/151
f 136/136/134 156/154/152 139/139/137
f 153/151/149 154/152/150 157/155/153
f 158/156/154 139/139/137 156/154/152
f 159/157/155 157/155/153 154/152/150
f 158/156/154 156/154/152 160/158/156
f 158/156/154 160/158/156 161/159/157
f 161/159/157 160/158/156 162/160/158
f 165/161/159 164/162/160 163/163/161
f 165/161/159 163/163/161 166/164/162
f 164/162/160 167/165/163 163/163/161
f 170/166/164 169/167/165 168/168/166
f 128/128/126 136/136/134 127/127/125
f 128/128/126 156/154/152 136/136/134
g Ctr_Tail_01
f 173/169/167 172/170/168 171/171/169
f 174/172/170 173/169/167 171/171/169
f 171/171/169 175/173/171 174/172/170
f 177/174/172 174/172/170 176/175/173
f 177/174/172 173/169/167 174/172/170
f 178/176/174 176/175/173 174/172/170
f 175/173/171 178/176/174 174/172/170
f 171/171/169 180/177/175 179/178/176
f 181/179/177 171/171/169 179/178/176
f 182/180/178 180/177/175 171/171/169
f 172/170/168 182/180/178 171/171/169
f 181/179/177 175/173/171 171/171/169
f 184/181/179 173/169/167 183/182/180
f 185/183/181 183/182/180 173/169/167
f 186/184/182 185/183/181 173/169/167
f 186/184/182 173/169/167 177/174/172
f 184/181/179 187/185/183 182/180/178
f 172/170/168 184/181/179 182/180/178
f 184/181/179 183/182/180 188/186/184
f 188/186/184 189/187/185 187/185/183
f 184/181/179 188/186/184 187/185/183
f 190/188/186 188/186/184 183/182/180
f 191/189/187 189/187/185 188/186/184
f 192/190/188 191/189/187 188/186/184
g Ctr_Tail_02
f 195/191/189 194/192/190 193/193/191
f 196/194/192 195/191/189 193/193/191
f 197/195/193 194/192/190 195/191/189
f 198/196/194 197/195/193 195/191/189
f 200/197/195 199/198/196 198/196/194
f 195/191/189 200/197/195 198/196/194
f 196/194/192 201/199/197 200/197/195
f 195/191/189 196/194/192 200/197/195
f 203/200/198 202/201/199 199/198/196
f 200/197/195 203/200/198 199/198/196
f 200/197/195 201/199/197 204/202/200
f 203/200/198 200/197/195 204/202/200
g Ctr_Tail_03
f 199/198/196 206/203/201 205/204/202
f 198/196/194 199/198/196 205/204/202
f 202/201/199 207/205/203 206/203/201
f 199/198/196 202/201/199 206/203/201
g Bip001 Spine
f 210/206/204 209/207/205 208/208/206
f 211/209/207 210/206/204 208/208/206
f 209/207/205 213/210/208 212/211/209
f 208/208/206 209/207/205 212/211/209
f 213/210/208 215/212/210 214/213/211
f 212/211/209 213/210/208 214/213/211
g Ctr_Tail_01
f 209/207/205 185/183/181 186/184/182
f 213/210/208 209/207/205 186/184/182
f 213/210/208 186/184/182 177/174/172
f 215/212/210 213/210/208 177/174/172
f 190/188/186 183/182/180 185/183/181
g Ctr_Tail_03
f 206/203/201 217/214/212 216/215/213
f 205/204/202 206/203/201 216/215/213
f 207/205/203 218/216/214 217/214/212
f 206/203/201 207/205/203 217/214/212
g Ctr_Tail_04
f 50/50/48 217/214/212 59/59/57
f 50/50/48 216/215/213 217/214/212
f 59/59/57 217/214/212 219/217/215
f 218/216/214 219/217/215 217/214/212
f 45/45/43 216/215/213 50/50/48
f 216/215/213 45/45/43 43/44/42
f 220/218/216 216/215/213 43/44/42
g Ctr_Tail_03
f 220/218/216 221/219/217 205/204/202
f 216/215/213 220/218/216 205/204/202
f 221/219/217 198/196/194 205/204/202
g Ctr_Tail_04
f 220/218/216 43/44/42 44/43/41
f 222/220/218 220/218/216 44/43/41
g Ctr_Tail_03
f 222/220/218 223/221/219 221/219/217
f 220/218/216 222/220/218 221/219/217
g Ctr_Tail_04
f 34/33/31 225/222/220 224/223/221
f 44/43/41 34/33/31 224/223/221
f 224/223/221 226/224/222 44/43/41
f 226/224/222 222/220/218 44/43/41
g Ctr_Tail_03
f 197/195/193 223/221/219 227/225/223
f 197/195/193 221/219/217 223/221/219
f 228/226/224 227/225/223 223/221/219
f 231/227/225 230/228/226 229/229/227
f 232/230/228 229/229/227 230/228/226
g Ctr_Tail_02
f 197/195/193 227/225/223 233/231/229
f 194/192/190 197/195/193 233/231/229
g Ctr_Tail_03
f 221/219/217 197/195/193 198/196/194
g Ctr_Tail_02
f 234/232/230 193/193/191 194/192/190
f 233/231/229 234/232/230 194/192/190
f 235/233/231 234/232/230 233/231/229
f 236/234/232 235/233/231 233/231/229
f 227/225/223 237/235/233 236/234/232
f 233/231/229 227/225/223 236/234/232
g Ctr_Tail_05
f 36/35/33 238/236/163 35/36/34
f 34/33/31 33/34/32 167/165/163
f 36/35/33 157/155/153 239/237/234
f 36/35/33 239/237/234 238/236/163
f 159/157/155 239/237/234 157/155/153
f 26/24/24 42/42/40 157/155/153
f 36/35/33 26/24/24 157/155/153
f 153/151/149 157/155/153 42/42/40
f 155/153/151 153/151/149 42/42/40
f 155/153/151 42/42/40 37/37/35
f 240/238/235 155/153/151 37/37/35
f 240/238/235 241/239/236 152/150/148
f 155/153/151 240/238/235 152/150/148
f 241/239/236 242/240/237 147/145/143
f 152/150/148 241/239/236 147/145/143
f 37/37/35 40/41/39 240/238/235
f 119/119/117 240/238/235 40/41/39
f 119/119/117 243/241/238 241/239/236
f 240/238/235 119/119/117 241/239/236
f 243/241/238 244/242/239 242/240/237
f 241/239/236 243/241/238 242/240/237
g Ctr_Tail_04
f 54/53/51 59/59/57 219/217/215
f 58/58/56 54/53/51 219/217/215
g Ctr_Tail_06
f 66/65/63 115/114/112 65/66/64
f 70/70/68 245/243/240 115/114/112
f 66/65/63 70/70/68 115/114/112
f 246/244/241 115/114/112 245/243/240
f 248/245/242 247/246/243 246/244/241
f 245/243/240 248/245/242 246/244/241
f 74/74/72 248/245/242 245/243/240
f 70/70/68 74/74/72 245/243/240
f 246/244/241 249/247/244 114/115/113
f 249/247/244 111/112/110 114/115/113
f 247/246/243 250/248/245 246/244/241
f 249/247/244 246/244/241 250/248/245
f 113/113/111 249/247/244 251/249/246
f 113/113/111 111/112/110 249/247/244
f 251/249/246 249/247/244 250/248/245
f 251/249/246 110/110/108 113/113/111
f 253/250/247 108/109/107 252/251/248
f 109/108/106 252/251/248 108/109/107
f 108/109/107 253/250/247 254/252/249
f 255/253/250 254/252/249 253/250/247
f 103/103/101 108/109/107 254/252/249
f 254/252/249 256/254/251 103/103/101
f 102/104/102 103/103/101 256/254/251
f 257/255/252 256/254/251 254/252/249
f 257/255/252 254/252/249 255/253/250
f 258/256/253 257/255/252 255/253/250
f 258/256/253 259/257/254 257/255/252
f 259/257/254 256/254/251 257/255/252
f 81/81/79 259/257/254 258/256/253
f 259/257/254 81/81/79 75/77/75
g Ctr_Tail_02
f 260/258/183 196/194/192 193/193/191
f 261/259/255 260/258/183 193/193/191
f 262/260/175 261/259/255 193/193/191
f 263/261/256 201/199/197 196/194/192
f 260/258/183 263/261/256 196/194/192
f 234/232/230 262/260/175 193/193/191
f 234/232/230 264/262/257 262/260/175
f 204/202/200 201/199/197 263/261/256
f 265/263/187 204/202/200 263/261/256
f 235/233/231 264/262/257 234/232/230
g Ctr_Tail_04
f 268/264/258 267/265/259 266/266/260
f 268/264/258 266/266/260 269/267/261
g Ctr_Tail_05
f 271/268/262 270/269/263 266/266/260
f 272/270/264 271/268/262 266/266/260
f 270/269/263 269/267/261 266/266/260
g Ctr_Tail_04
f 267/265/259 272/270/264 266/266/260
f 267/265/259 268/264/258 273/271/265
f 276/272/266 275/273/267 274/274/268
f 276/272/266 277/275/265 275/273/267
f 278/276/269 274/274/268 275/273/267
f 279/277/270 278/276/269 275/273/267
g Ctr_Tail_05
f 271/268/262 280/278/271 270/269/263
f 283/279/272 282/280/273 281/281/274
f 270/269/263 283/279/272 281/281/274
f 283/279/272 270/269/263 280/278/271
f 269/267/261 270/269/263 281/281/274
f 286/282/275 285/283/276 284/284/277
f 287/285/278 286/282/275 284/284/277
f 284/284/277 288/286/279 287/285/278
f 283/279/272 289/287/280 282/280/273
f 285/283/276 290/288/281 284/284/277
f 290/288/281 291/289/282 284/284/277
f 294/290/283 293/291/284 292/292/285
f 294/290/283 295/293/286 293/291/284
f 296/294/287 292/292/285 293/291/284
f 296/294/287 293/291/284 297/295/288
f 299/296/289 298/297/290 290/288/281
f 285/283/276 299/296/289 290/288/281
f 300/298/291 299/296/289 285/283/276
f 286/282/275 300/298/291 285/283/276
f 302/299/292 301/300/293 290/288/281
f 301/300/293 291/289/282 290/288/281
f 303/301/294 302/299/292 298/297/290
f 304/302/295 303/301/294 298/297/290
f 299/296/289 305/303/296 304/302/295
f 298/297/290 299/296/289 304/302/295
f 302/299/292 306/304/297 301/300/293
f 306/304/297 307/305/298 301/300/293
f 307/305/298 308/306/299 301/300/293
f 291/289/282 301/300/293 308/306/299
f 302/299/292 303/301/294 309/307/300
f 310/308/301 302/299/292 309/307/300
f 310/308/301 306/304/297 302/299/292
f 313/309/302 312/310/303 311/311/304
f 313/309/302 311/311/304 314/312/305
f 312/310/303 315/313/306 311/311/304
f 280/278/271 271/268/262 316/314/307
f 317/315/308 271/268/262 272/270/264
f 317/315/308 316/314/307 271/268/262
f 319/316/309 318/317/310 283/279/272
f 280/278/271 319/316/309 283/279/272
f 321/318/311 318/317/310 320/319/312
f 320/319/312 318/317/310 319/316/309
f 320/319/312 323/320/313 322/321/314
f 324/322/315 320/319/312 322/321/314
f 323/320/313 320/319/312 319/316/309
f 325/323/316 320/319/312 324/322/315
f 322/321/314 323/320/313 326/324/317
f 319/316/309 313/309/302 323/320/313
f 313/309/302 314/312/305 323/320/313
f 314/312/305 326/324/317 323/320/313
f 327/325/318 324/322/315 322/321/314
f 327/325/318 322/321/314 326/324/317
f 325/323/316 324/322/315 327/325/318
f 329/326/319 328/327/320 305/303/296
f 305/303/296 328/327/320 304/302/295
f 304/302/295 328/327/320 303/301/294
f 309/307/300 303/301/294 328/327/320
f 329/326/319 305/303/296 299/296/289
f 300/298/291 329/326/319 299/296/289
f 319/316/309 280/278/271 313/309/302
f 312/310/303 313/309/302 316/314/307
f 316/314/307 313/309/302 280/278/271
g Ctr_Tail_06
f 332/328/321 331/329/322 330/330/323
f 335/331/324 334/332/325 333/333/326
f 338/334/327 337/335/328 336/336/329
f 339/337/330 333/333/326 334/332/325
g Ctr_Tail_05
f 342/338/331 341/339/332 340/340/333
f 343/341/334 342/338/331 340/340/333
f 341/339/332 344/342/335 340/340/333
f 347/343/336 346/344/337 345/345/338
f 348/346/339 347/343/336 345/345/338
f 345/345/338 349/347/340 348/346/339
f 350/348/341 343/341/334 340/340/333
f 353/349/342 352/350/343 351/351/344
f 356/352/345 355/353/346 354/354/347
f 357/355/348 356/352/345 354/354/347
f 359/356/349 358/357/350 15/17/17
f 354/354/347 360/358/351 357/355/348
f 15/17/17 358/357/350 361/359/352
f 361/359/352 358/357/350 362/360/353
f 364/361/354 363/362/355 355/353/346
f 356/352/345 364/361/354 355/353/346
f 366/363/356 359/356/349 365/364/357
f 15/17/17 365/364/357 359/356/349
f 343/341/334 350/348/341 367/365/358
f 342/338/331 343/341/334 367/365/358
f 368/366/359 342/338/331 367/365/358
f 370/367/360 369/368/361 368/366/359
f 367/365/358 370/367/360 368/366/359
g Ctr_Tail_06
f 372/369/362 371/370/363 369/368/361
g Ctr_Tail_05
f 370/367/360 372/369/362 369/368/361
f 369/368/361 373/371/364 368/366/359
f 373/371/364 374/372/365 368/366/359
f 375/373/366 368/366/359 374/372/365
f 375/373/366 342/338/331 368/366/359
g Ctr_Tail_06
f 373/371/364 369/368/361 376/374/367
f 371/370/363 376/374/367 369/368/361
g Ctr_Tail_05
f 342/338/331 375/373/366 341/339/332
f 375/373/366 317/315/308 341/339/332
f 317/315/308 377/375/368 341/339/332
f 377/375/368 344/342/335 341/339/332
g Ctr_Tail_06
f 376/374/367 379/376/369 378/377/370
f 373/371/364 376/374/367 378/377/370
g Ctr_Tail_05
f 378/377/370 380/378/371 374/372/365
f 373/371/364 378/377/370 374/372/365
f 380/378/371 381/379/372 375/373/366
f 374/372/365 380/378/371 375/373/366
f 381/379/372 316/314/307 375/373/366
f 317/315/308 375/373/366 316/314/307
f 384/380/373 383/381/374 382/382/375
f 384/380/373 385/383/376 383/381/374
f 385/383/376 386/384/377 383/381/374
f 377/375/368 317/315/308 387/385/378
f 387/385/378 317/315/308 272/270/264
g Ctr_Tail_04
f 387/385/378 388/386/379 377/375/368
f 388/386/379 389/387/380 377/375/368
f 344/342/335 377/375/368 390/388/381
f 389/387/380 391/389/382 377/375/368
f 390/388/381 377/375/368 391/389/382
f 267/265/259 387/385/378 272/270/264
f 267/265/259 392/390/383 387/385/378
f 392/390/383 388/386/379 387/385/378
f 393/391/384 392/390/383 267/265/259
f 273/271/265 393/391/384 267/265/259
f 394/392/385 388/386/379 392/390/383
f 393/391/384 394/392/385 392/390/383
f 394/392/385 396/393/386 395/394/387
f 388/386/379 394/392/385 395/394/387
f 395/394/387 389/387/380 388/386/379
g Ctr_Tail_03
f 393/391/384 398/395/388 397/396/389
f 394/392/385 393/391/384 397/396/389
f 397/396/389 396/393/386 394/392/385
f 273/271/265 398/395/388 393/391/384
f 398/395/388 400/397/390 399/398/391
f 397/396/389 398/395/388 399/398/391
f 401/399/392 397/396/389 399/398/391
f 401/399/392 396/393/386 397/396/389
g Ctr_Tail_02
f 400/397/390 403/400/393 402/401/394
f 399/398/391 400/397/390 402/401/394
f 405/402/395 404/403/396 399/398/391
f 402/401/394 405/402/395 399/398/391
f 403/400/393 407/404/397 406/405/398
f 402/401/394 403/400/393 406/405/398
f 408/406/399 405/402/395 402/401/394
f 406/405/398 408/406/399 402/401/394
g Ctr_Tail_01
f 411/407/400 410/408/401 409/409/402
f 413/410/403 412/411/404 410/408/401
f 411/407/400 413/410/403 410/408/401
f 410/408/401 415/412/405 414/413/406
f 409/409/402 410/408/401 414/413/406
f 415/412/405 410/408/401 412/411/404
f 416/414/407 415/412/405 412/411/404
g Ctr_Tail_02
f 418/415/408 417/416/409 407/404/397
f 403/400/393 418/415/408 407/404/397
f 403/400/393 400/397/390 419/417/410
f 418/415/408 403/400/393 419/417/410
g Ctr_Tail_01
f 420/418/411 411/407/400 409/409/402
f 420/418/411 409/409/402 421/419/412
f 414/413/406 422/420/413 421/419/412
f 409/409/402 414/413/406 421/419/412
f 420/418/411 424/421/414 423/422/415
f 411/407/400 420/418/411 423/422/415
f 427/423/416 426/424/417 425/425/418
f 428/426/419 427/423/416 425/425/418
f 430/427/420 429/428/421 427/423/416
f 428/426/419 430/427/420 427/423/416
f 431/429/422 413/410/403 411/407/400
f 423/422/415 431/429/422 411/407/400
f 424/421/414 433/430/423 432/431/424
f 423/422/415 424/421/414 432/431/424
f 434/432/425 431/429/422 423/422/415
f 432/431/424 434/432/425 423/422/415
g Bip001 Spine
f 435/433/426 434/432/425 432/431/424
f 436/434/427 435/433/426 432/431/424
f 433/430/423 437/435/428 436/434/427
f 432/431/424 433/430/423 436/434/427
g Ctr_Tail_01
f 440/436/428 439/437/429 438/438/430
g Bip001 Spine
f 441/439/431 440/436/428 438/438/430
f 443/440/432 210/206/204 211/209/207
f 442/441/433 443/440/432 211/209/207
g Ctr_Tail_01
f 190/188/186 445/442/434 446/443/435
f 192/190/188 190/188/186 446/443/435
f 427/423/416 445/442/434 444/444/436
f 426/424/417 427/423/416 444/444/436
f 445/442/434 427/423/416 429/428/421
f 446/443/435 445/442/434 429/428/421
f 448/445/413 447/446/437 429/428/421
f 430/427/420 448/445/413 429/428/421
f 449/447/438 446/443/435 429/428/421
f 447/446/437 449/447/438 429/428/421
f 449/447/438 191/189/187 192/190/188
f 446/443/435 449/447/438 192/190/188
g Ctr_Tail_02
f 450/448/439 202/201/199 203/200/198
f 451/449/440 450/448/439 203/200/198
f 204/202/200 452/450/441 451/449/440
f 203/200/198 204/202/200 451/449/440
g Ctr_Tail_03
f 450/448/439 453/451/442 207/205/203
f 202/201/199 450/448/439 207/205/203
f 455/452/443 454/453/444 453/451/442
f 450/448/439 455/452/443 453/451/442
g Ctr_Tail_02
f 456/454/445 455/452/443 450/448/439
f 451/449/440 456/454/445 450/448/439
g Ctr_Tail_03
f 453/451/442 457/455/446 218/216/214
f 207/205/203 453/451/442 218/216/214
g Ctr_Tail_04
f 457/455/446 459/456/447 458/457/448
f 218/216/214 457/455/446 458/457/448
f 458/457/448 219/217/215 218/216/214
g Ctr_Tail_03
f 454/453/444 460/458/449 457/455/446
f 453/451/442 454/453/444 457/455/446
g Ctr_Tail_04
f 457/455/446 460/458/449 459/456/447
g Ctr_Tail_03
f 454/453/444 455/452/443 462/459/450
f 463/460/451 454/453/444 462/459/450
f 463/460/451 276/272/266 460/458/449
f 454/453/444 463/460/451 460/458/449
g Ctr_Tail_02
f 464/461/452 462/459/450 455/452/443
f 456/454/445 464/461/452 455/452/443
g Ctr_Tail_03
f 276/272/266 463/460/451 277/275/265
f 398/395/388 273/271/265 465/462/453
f 400/397/390 398/395/388 465/462/453
f 419/417/410 400/397/390 465/462/453
g Ctr_Tail_04
f 276/272/266 274/274/268 461/463/454
f 460/458/449 276/272/266 461/463/454
f 274/274/268 278/276/269 466/464/455
f 461/463/454 274/274/268 466/464/455
g Ctr_Tail_05
f 278/276/269 294/290/283 469/465/456
f 466/464/455 278/276/269 469/465/456
g Ctr_Tail_04
f 459/456/447 467/466/457 470/467/458
f 458/457/448 459/456/447 470/467/458
g Ctr_Tail_05
f 467/466/457 468/468/459 471/469/460
f 470/467/458 467/466/457 471/469/460
f 469/465/456 473/470/461 472/471/462
f 468/468/459 469/465/456 472/471/462
f 468/468/459 472/471/462 474/472/463
f 471/469/460 468/468/459 474/472/463
f 473/470/461 475/473/464 472/471/462
f 474/472/463 472/471/462 476/474/465
f 476/474/465 472/471/462 475/473/464
f 294/290/283 292/292/285 473/470/461
f 469/465/456 294/290/283 473/470/461
f 278/276/269 295/293/286 294/290/283
g Ctr_Tail_06
f 477/475/466 475/473/464 473/470/461
g Ctr_Tail_05
f 292/292/285 477/475/466 473/470/461
g Ctr_Tail_06
f 477/475/466 478/476/467 475/473/464
f 478/476/467 479/477/468 475/473/464
f 476/474/465 475/473/464 479/477/468
f 480/478/469 477/475/466 292/292/285
g Ctr_Tail_05
f 296/294/287 480/478/469 292/292/285
g Ctr_Tail_06
f 480/478/469 481/479/470 477/475/466
f 481/479/470 478/476/467 477/475/466
g Ctr_Tail_05
f 480/478/469 296/294/287 482/480/471
f 482/480/471 296/294/287 483/481/472
f 483/481/472 296/294/287 484/482/473
f 297/295/288 484/482/473 296/294/287
g Ctr_Tail_06
f 482/480/471 485/483/474 480/478/469
f 485/483/474 481/479/470 480/478/469
g Ctr_Tail_05
f 487/484/475 338/334/327 486/485/476
g Ctr_Tail_06
f 338/334/327 488/486/477 486/485/476
g Ctr_Tail_05
f 384/380/373 382/382/375 489/487/478
f 384/380/373 489/487/478 490/488/479
f 492/489/480 491/490/481 489/487/478
f 492/489/480 489/487/478 382/382/375
f 278/276/269 279/277/270 295/293/286
g Ctr_Tail_02
f 456/454/445 494/491/482 493/492/483
f 464/461/452 456/454/445 493/492/483
f 456/454/445 451/449/440 452/450/441
f 494/491/482 456/454/445 452/450/441
g Ctr_Tail_06
f 497/493/484 496/494/485 495/495/486
f 492/489/480 497/493/484 495/495/486
f 497/493/484 492/489/480 382/382/375
f 495/495/486 498/496/487 492/489/480
f 498/496/487 491/490/481 492/489/480
f 499/497/488 498/496/487 495/495/486
f 496/494/485 500/498/489 499/497/488
f 495/495/486 496/494/485 499/497/488
f 503/499/490 502/500/491 501/501/492
f 504/502/493 502/500/491 499/497/488
f 500/498/489 504/502/493 499/497/488
f 506/503/494 505/504/495 379/376/369
f 376/374/367 506/503/494 379/376/369
f 332/328/321 330/330/323 507/505/496
f 508/506/497 334/332/325 335/331/324
f 511/507/498 510/508/499 509/509/500
f 512/510/501 334/332/325 508/506/497
f 510/508/499 513/511/502 509/509/500
f 514/512/503 501/501/492 502/500/491
f 515/513/504 514/512/503 502/500/491
f 504/502/493 515/513/504 502/500/491
f 517/514/505 514/512/503 516/515/506
f 518/516/507 517/514/505 516/515/506
f 519/517/508 516/515/506 514/512/503
f 515/513/504 519/517/508 514/512/503
f 520/518/509 518/516/507 516/515/506
f 516/515/506 519/517/508 520/518/509
f 523/519/510 522/520/511 521/521/512
f 522/520/511 524/522/513 521/521/512
f 525/523/514 522/520/511 523/519/510
f 527/524/515 525/523/514 526/525/516
f 522/520/511 525/523/514 528/526/517
f 528/526/517 524/522/513 522/520/511
f 530/527/518 529/528/519 528/526/517
f 531/529/520 530/527/518 528/526/517
f 527/524/515 528/526/517 525/523/514
f 533/530/521 532/531/522 534/532/523
f 363/362/355 364/361/354 535/533/524
f 366/363/356 365/364/357 536/534/525
f 537/535/526 366/363/356 536/534/525
f 537/535/526 536/534/525 538/536/527
f 539/537/528 537/535/526 538/536/527
f 541/538/529 540/539/530 371/370/363
f 372/369/362 541/538/529 371/370/363
f 540/539/530 506/503/494 371/370/363
f 506/503/494 376/374/367 371/370/363
f 530/527/518 531/529/520 541/538/529
f 531/529/520 540/539/530 541/538/529
f 540/539/530 531/529/520 527/524/515
f 506/503/494 540/539/530 527/524/515
f 527/524/515 542/540/531 505/504/495
f 506/503/494 527/524/515 505/504/495
f 336/336/329 488/486/477 338/334/327
f 488/486/477 336/336/329 543/541/532
f 543/541/532 336/336/329 544/542/533
f 545/543/534 339/337/330 334/332/325
f 546/544/535 481/479/470 485/483/474
f 544/542/533 547/545/536 543/541/532
f 549/546/537 548/547/538 481/479/470
f 546/544/535 549/546/537 481/479/470
f 550/548/539 543/541/532 547/545/536
f 552/549/540 551/550/541 548/547/538
f 549/546/537 552/549/540 548/547/538
f 554/551/542 553/552/543 551/550/541
f 552/549/540 554/551/542 551/550/541
f 557/553/544 556/554/545 555/555/546
f 550/548/539 547/545/536 556/554/545
f 555/555/546 556/554/545 547/545/536
f 548/547/538 558/556/547 478/476/467
f 481/479/470 548/547/538 478/476/467
f 558/556/547 548/547/538 551/550/541
f 559/557/548 558/556/547 551/550/541
f 553/552/543 560/558/549 559/557/548
f 551/550/541 553/552/543 559/557/548
f 554/551/542 561/559/550 553/552/543
f 560/558/549 553/552/543 562/560/551
f 562/560/551 553/552/543 561/559/550
f 564/561/552 563/562/553 557/553/544
f 565/563/554 564/561/552 557/553/544
f 555/555/546 565/563/554 557/553/544
f 566/564/555 562/560/551 561/559/550
f 566/564/555 567/565/556 562/560/551
f 568/566/557 560/558/549 562/560/551
f 568/566/557 562/560/551 567/565/556
f 563/562/553 564/561/552 569/567/558
f 564/561/552 570/568/559 569/567/558
f 565/563/554 571/569/560 564/561/552
f 571/569/560 570/568/559 564/561/552
f 547/545/536 544/542/533 572/570/561
f 574/571/562 573/572/563 545/543/534
f 574/571/562 545/543/534 575/573/564
f 334/332/325 575/573/564 545/543/534
f 578/574/565 577/575/566 576/576/567
f 581/577/568 580/578/569 579/579/570
f 573/572/563 582/580/571 577/575/566
f 572/570/561 579/579/570 555/555/546
f 576/576/567 577/575/566 583/581/572
f 580/578/569 555/555/546 579/579/570
f 582/580/571 583/581/572 577/575/566
f 585/582/573 581/577/568 584/583/574
f 585/582/573 586/584/575 581/577/568
f 587/585/576 581/577/568 586/584/575
f 587/585/576 580/578/569 581/577/568
f 576/576/567 588/586/577 578/574/565
f 590/587/578 589/588/579 585/582/573
f 584/583/574 590/587/578 585/582/573
f 592/589/580 476/474/465 591/590/581
f 479/477/468 594/591/582 593/592/583
f 591/590/581 479/477/468 593/592/583
f 479/477/468 591/590/581 476/474/465
g Ctr_Tail_05
f 596/593/584 592/589/580 595/594/585
f 596/593/584 476/474/465 592/589/580
g Ctr_Tail_06
f 597/595/586 593/592/583 594/591/582
f 598/596/587 597/595/586 594/591/582
f 599/597/588 597/595/586 598/596/587
f 587/585/576 571/569/560 565/563/554
f 580/578/569 587/585/576 565/563/554
f 567/565/556 599/597/588 568/566/557
f 598/596/587 568/566/557 599/597/588
f 559/557/548 560/558/549 568/566/557
f 598/596/587 559/557/548 568/566/557
f 558/556/547 559/557/548 598/596/587
f 594/591/582 558/556/547 598/596/587
f 478/476/467 558/556/547 594/591/582
f 479/477/468 478/476/467 594/591/582
f 580/578/569 565/563/554 555/555/546
g Ctr_Tail_05
f 474/472/463 476/474/465 596/593/584
f 471/469/460 474/472/463 600/598/589
f 596/593/584 600/598/589 474/472/463
f 600/598/589 601/599/590 470/467/458
f 471/469/460 600/598/589 470/467/458
g Ctr_Tail_04
f 601/599/590 219/217/215 458/457/448
f 470/467/458 601/599/590 458/457/448
g Ctr_Tail_02
f 407/404/397 603/600/591 602/601/592
f 406/405/398 407/404/397 602/601/592
f 406/405/398 602/601/592 604/602/407
f 408/406/399 406/405/398 604/602/407
f 407/404/397 417/416/409 605/603/413
f 603/600/591 407/404/397 605/603/413
f 494/491/482 607/604/437 606/605/413
f 493/492/483 494/491/482 606/605/413
f 494/491/482 452/450/441 608/606/438
f 607/604/437 494/491/482 608/606/438
f 452/450/441 204/202/200 265/263/187
f 608/606/438 452/450/441 265/263/187
g Ctr_Tail_01
f 611/607/593 610/608/594 609/609/595
f 614/610/596 613/611/597 612/612/598
f 617/613/599 616/614/600 615/615/601
f 616/614/600 618/616/602 615/615/601
f 621/617/603 620/618/604 619/619/605
f 621/617/603 623/620/606 622/621/607
f 620/618/604 621/617/603 622/621/607
f 624/622/608 619/619/605 620/618/604
f 619/619/605 625/623/609 621/617/603
f 626/624/610 623/620/606 621/617/603
f 627/625/611 626/624/610 621/617/603
f 627/625/611 621/617/603 625/623/609
f 629/626/612 628/627/613 622/621/607
f 623/620/606 629/626/612 622/621/607
f 632/628/614 631/629/615 630/630/616
f 630/630/616 634/631/617 633/632/618
f 630/630/616 631/629/615 635/633/619
f 636/634/620 635/633/619 631/629/615
f 635/633/619 637/635/621 630/630/616
f 638/636/622 630/630/616 637/635/621
f 638/636/622 634/631/617 630/630/616
f 640/637/623 611/607/593 639/638/624
f 609/609/595 641/639/625 611/607/593
f 641/639/625 639/638/624 611/607/593
f 628/627/613 629/626/612 642/640/626
f 643/641/627 628/627/613 642/640/626
f 644/642/628 641/639/625 609/609/595
f 629/626/612 646/643/629 645/644/630
f 642/640/626 629/626/612 645/644/630
f 641/639/625 644/642/628 647/645/631
f 648/646/632 647/645/631 644/642/628
f 623/620/606 626/624/610 646/643/629
f 629/626/612 623/620/606 646/643/629
f 627/625/611 650/647/633 649/648/634
f 626/624/610 627/625/611 649/648/634
f 651/649/635 646/643/629 626/624/610
f 649/648/634 651/649/635 626/624/610
f 650/647/633 627/625/611 652/650/636
f 646/643/629 651/649/635 653/651/637
f 645/644/630 646/643/629 653/651/637
f 654/652/638 651/649/635 649/648/634
f 655/653/639 654/652/638 649/648/634
f 650/647/633 656/654/640 655/653/639
f 649/648/634 650/647/633 655/653/639
f 654/652/638 653/651/637 651/649/635
f 656/654/640 650/647/633 657/655/641
f 658/656/642 657/655/641 650/647/633
f 658/656/642 650/647/633 652/650/636
g Bip001 Spine
f 660/657/643 659/658/644 654/652/638
f 655/653/639 660/657/643 654/652/638
f 656/654/640 661/659/645 660/657/643
f 655/653/639 656/654/640 660/657/643
f 659/658/644 663/660/646 662/661/647
f 654/652/638 659/658/644 662/661/647
g Ctr_Tail_01
f 662/661/647 653/651/637 654/652/638
g Bip001 Spine
f 657/655/641 664/662/648 661/659/645
f 656/654/640 657/655/641 661/659/645
f 667/663/649 666/664/650 665/665/651
f 668/666/652 667/663/649 665/665/651
g Ctr_Tail_01
f 668/666/652 665/665/651 669/667/653
f 653/651/637 662/661/647 670/668/654
f 645/644/630 653/651/637 670/668/654
f 647/645/631 648/646/632 671/669/655
f 639/638/624 641/639/625 672/670/656
f 672/670/656 641/639/625 647/645/631
f 674/671/657 634/631/617 673/672/658
f 673/672/658 634/631/617 638/636/622
f 673/672/658 675/673/659 674/671/657
g Ctr_Tail_04
f 678/674/660 677/675/661 676/676/662
f 681/677/663 680/678/660 679/679/662
f 682/680/664 681/677/663 679/679/662
f 683/681/665 676/676/662 677/675/661
f 685/682/666 684/683/667 680/678/660
f 685/682/666 680/678/660 681/677/663
f 687/684/668 678/674/660 686/685/669
f 688/686/669 680/678/660 684/683/667
f 687/684/668 686/685/669 689/687/670
f 691/688/671 688/686/669 690/689/672
f 688/686/669 684/683/667 692/690/673
f 690/689/672 688/686/669 692/690/673
f 693/691/674 687/684/668 689/687/670
f 677/675/661 687/684/668 693/691/674
f 696/692/675 695/693/676 694/694/677
f 346/344/337 691/688/671 690/689/672
f 346/344/337 697/695/678 691/688/671
g Ctr_Tail_05
f 699/696/679 698/697/680 696/692/675
g Ctr_Tail_04
f 699/696/679 696/692/675 694/694/677
g Ctr_Tail_05
f 700/698/681 696/692/675 698/697/680
g Ctr_Tail_04
f 703/699/682 702/700/683 701/701/684
g Ctr_Tail_05
f 699/696/679 705/702/685 704/703/686
f 698/697/680 699/696/679 704/703/686
g Ctr_Tail_04
f 705/702/685 699/696/679 706/704/687
f 694/694/677 706/704/687 699/696/679
g Ctr_Tail_05
f 707/705/688 704/703/686 705/702/685
g Ctr_Tail_04
f 708/706/689 707/705/688 705/702/685
f 344/342/335 390/388/381 709/707/690
g Ctr_Tail_05
f 710/708/691 704/703/686 707/705/688
f 713/709/692 712/710/693 711/711/694
g Ctr_Tail_04
f 714/712/695 711/711/694 712/710/693
g Ctr_Tail_05
f 704/703/686 710/708/691 698/697/680
f 698/697/680 710/708/691 700/698/681
f 701/701/684 713/709/692 703/699/682
f 703/699/682 713/709/692 711/711/694
g Ctr_Tail_04
f 715/713/696 693/691/674 703/699/682
f 677/675/661 715/713/696 683/681/665
f 714/712/695 683/681/665 715/713/696
g Ctr_Tail_05
f 718/714/697 717/715/698 716/716/699
f 721/717/700 720/718/699 719/719/701
f 717/715/698 722/720/702 716/716/699
f 719/719/701 720/718/699 723/721/703
f 724/722/704 716/716/699 722/720/702
f 718/714/697 726/723/705 725/724/706
f 728/725/707 727/726/708 721/717/700
f 728/725/707 721/717/700 729/727/709
f 719/719/701 729/727/709 721/717/700
f 732/728/710 731/729/711 730/730/712
f 718/714/697 732/728/710 730/730/712
f 730/730/712 733/731/713 717/715/698
f 718/714/697 730/730/712 717/715/698
f 732/728/710 718/714/697 725/724/706
f 731/729/711 735/732/714 734/733/715
f 730/730/712 731/729/711 734/733/715
f 734/733/715 736/734/716 733/731/713
f 730/730/712 734/733/715 733/731/713
f 735/732/714 737/735/717 734/733/715
f 737/735/717 736/734/716 734/733/715
f 740/736/718 739/737/719 738/738/720
f 742/739/721 741/740/722 739/737/719
f 738/738/720 739/737/719 741/740/722
f 744/741/723 740/736/718 743/742/724
f 743/742/724 740/736/718 738/738/720
f 743/742/724 745/743/725 744/741/723
f 747/744/726 746/745/727 737/735/717
f 746/745/727 736/734/716 737/735/717
f 748/746/728 743/742/724 738/738/720
f 748/746/728 745/743/725 743/742/724
f 751/747/729 750/748/730 749/749/731
f 748/746/728 751/747/729 749/749/731
f 749/749/731 745/743/725 748/746/728
f 738/738/720 751/747/729 748/746/728
f 752/750/732 745/743/725 749/749/731
f 750/748/730 753/751/733 752/750/732
f 749/749/731 750/748/730 752/750/732
f 754/752/734 746/745/727 747/744/726
f 756/753/735 722/720/702 755/754/736
f 754/752/734 756/753/735 755/754/736
f 755/754/736 746/745/727 754/752/734
f 742/739/721 757/755/737 741/740/722
f 738/738/720 741/740/722 751/747/729
f 760/756/738 759/757/739 758/758/740
f 760/756/738 758/758/740 727/726/708
f 727/726/708 728/725/707 760/756/738
f 762/759/741 761/760/742 760/756/738
f 728/725/707 762/759/741 760/756/738
f 729/727/709 763/761/743 728/725/707
f 762/759/741 728/725/707 763/761/743
f 733/731/713 755/754/736 722/720/702
f 717/715/698 733/731/713 722/720/702
f 724/722/704 722/720/702 756/753/735
f 755/754/736 733/731/713 736/734/716
f 746/745/727 755/754/736 736/734/716
g Ctr_Tail_01
f 766/762/744 765/763/745 764/764/746
f 431/429/422 766/762/744 764/764/746
f 413/410/403 431/429/422 764/764/746
f 764/764/746 767/765/747 181/179/177
f 768/766/748 764/764/746 181/179/177
f 767/765/747 764/764/746 765/763/745
f 768/766/748 412/411/404 413/410/403
f 764/764/746 768/766/748 413/410/403
f 668/666/652 669/667/653 766/762/744
f 434/432/425 668/666/652 766/762/744
f 431/429/422 434/432/425 766/762/744
f 765/763/745 766/762/744 669/667/653
f 178/176/174 175/173/171 767/765/747
f 769/767/749 178/176/174 767/765/747
f 175/173/171 181/179/177 767/765/747
f 769/767/749 767/765/747 765/763/745
f 768/766/748 770/768/750 416/414/407
f 412/411/404 768/766/748 416/414/407
f 181/179/177 179/178/176 770/768/750
f 768/766/748 181/179/177 770/768/750
g Ctr_Tail_02
f 237/235/233 772/769/751 771/770/752
f 236/234/232 237/235/233 771/770/752
f 236/234/232 771/770/752 773/771/753
f 235/233/231 236/234/232 773/771/753
g Ctr_Tail_03
f 228/226/224 774/772/754 237/235/233
f 227/225/223 228/226/224 237/235/233
f 774/772/754 775/773/755 772/769/751
f 237/235/233 774/772/754 772/769/751
f 777/774/754 231/227/225 776/775/756
f 229/229/227 776/775/756 231/227/225
g Ctr_Tail_05
f 778/776/757 761/760/742 762/759/741
f 165/161/159 778/776/757 762/759/741
f 778/776/757 165/161/159 166/164/162
f 164/162/160 165/161/159 762/759/741
f 780/777/758 778/776/757 779/778/759
f 780/777/758 761/760/742 778/776/757
f 781/779/760 779/778/759 778/776/757
f 781/779/760 778/776/757 166/164/162
g Ctr_Tail_06
f 783/780/761 782/781/762 780/777/758
f 779/778/759 783/780/761 780/777/758
f 786/782/763 785/783/764 784/784/765
g Ctr_Tail_05
f 787/785/766 784/784/765 785/783/764
g Ctr_Tail_06
f 788/786/767 782/781/762 783/780/761
f 789/787/768 788/786/767 783/780/761
f 791/788/769 790/789/770 786/782/763
f 792/790/771 791/788/769 786/782/763
f 792/790/771 786/782/763 784/784/765
f 782/781/762 793/791/772 780/777/758
g Ctr_Tail_05
f 793/791/772 761/760/742 780/777/758
g Ctr_Tail_06
f 788/786/767 794/792/773 782/781/762
f 794/792/773 793/791/772 782/781/762
g Ctr_Tail_05
f 760/756/738 761/760/742 793/791/772
f 759/757/739 760/756/738 793/791/772
f 795/793/774 759/757/739 793/791/772
g Ctr_Tail_06
f 796/794/775 795/793/774 793/791/772
f 794/792/773 796/794/775 793/791/772
f 795/793/774 796/794/775 797/795/776
f 798/796/777 795/793/774 797/795/776
g Ctr_Tail_05
f 799/797/778 759/757/739 795/793/774
f 798/796/777 800/798/779 799/797/778
f 795/793/774 798/796/777 799/797/778
g Ctr_Tail_06
f 801/799/780 796/794/775 794/792/773
f 802/800/781 801/799/780 788/786/767
f 796/794/775 801/799/780 803/801/782
f 806/802/783 805/803/784 804/804/785
f 805/803/784 808/805/786 807/806/787
f 804/804/785 805/803/784 807/806/787
f 803/801/782 801/799/780 802/800/781
f 810/807/788 809/808/789 806/802/783
f 812/809/790 811/810/791 791/788/769
f 788/786/767 789/787/768 802/800/781
f 791/788/769 811/810/791 790/789/770
f 812/809/790 791/788/769 792/790/771
f 813/811/792 812/809/790 792/790/771
f 805/803/784 809/808/789 814/812/793
f 814/812/793 815/813/794 808/805/786
f 805/803/784 814/812/793 808/805/786
g Ctr_Tail_05
f 816/814/795 807/806/787 808/805/786
f 817/815/796 816/814/795 808/805/786
f 808/805/786 815/813/794 818/816/797
g Ctr_Tail_06
f 820/817/798 819/818/799 813/811/792
f 792/790/771 820/817/798 813/811/792
g Ctr_Tail_05
f 822/819/800 821/820/801 800/798/779
f 823/821/802 816/814/795 817/815/796
f 821/820/801 723/721/703 800/798/779
f 799/797/778 800/798/779 824/822/803
f 723/721/703 824/822/803 800/798/779
f 825/823/804 823/821/802 817/815/796
f 825/823/804 826/824/805 823/821/802
f 826/824/805 827/825/806 823/821/802
f 821/820/801 822/819/800 828/826/807
f 825/823/804 817/815/796 829/827/808
f 818/816/797 829/827/808 817/815/796
f 832/828/809 831/829/810 830/830/811
f 835/831/812 834/832/813 833/833/814
f 836/834/815 833/833/814 834/832/813
f 836/834/815 837/835/816 833/833/814
f 840/836/817 839/837/818 838/838/819
f 819/818/799 841/839/820 839/837/818
f 838/838/819 839/837/818 841/839/820
f 835/831/812 843/840/821 842/841/822
f 834/832/813 835/831/812 842/841/822
f 844/842/823 846/843/824 845/844/825
f 845/844/825 846/843/824 847/845/826
f 17/15/15 848/846/827 16/16/16
f 16/16/16 848/846/827 849/847/828
f 850/848/829 849/847/828 848/846/827
f 853/849/830 852/850/831 851/851/832
f 855/852/833 842/841/822 843/840/821
f 856/853/834 855/852/833 843/840/821
f 857/854/835 851/851/832 852/850/831
f 860/855/836 859/856/837 858/857/838
f 852/850/831 861/858/839 857/854/835
f 863/859/840 862/860/841 860/855/836
f 862/860/841 859/856/837 860/855/836
f 864/861/842 854/862/843 845/844/825
f 865/863/844 864/861/842 845/844/825
f 865/863/844 845/844/825 847/845/826
f 868/864/845 867/865/846 866/866/847
f 869/867/848 868/864/845 866/866/847
f 868/864/845 870/868/849 862/860/841
f 872/869/850 871/870/851 869/867/848
f 866/866/847 872/869/850 869/867/848
f 873/871/852 865/863/844 847/845/826
f 874/872/853 871/870/851 872/869/850
f 875/873/854 874/872/853 872/869/850
f 877/874/855 876/875/856 873/871/852
f 877/874/855 873/871/852 878/876/857
f 847/845/826 878/876/857 873/871/852
f 874/872/853 880/877/858 879/878/859
f 871/870/851 874/872/853 879/878/859
f 881/879/860 869/867/848 871/870/851
f 879/878/859 881/879/860 871/870/851
f 834/832/813 842/841/822 881/879/860
f 879/878/859 834/832/813 881/879/860
f 870/868/849 881/879/860 842/841/822
f 855/852/833 870/868/849 842/841/822
f 836/834/815 879/878/859 880/877/858
f 836/834/815 880/877/858 882/880/861
f 882/880/861 880/877/858 883/881/862
f 883/881/862 880/877/858 884/882/863
f 874/872/853 884/882/863 880/877/858
f 882/880/861 837/835/816 836/834/815
f 826/824/805 885/883/864 827/825/806
g Ctr_Tail_04
f 888/884/865 887/885/866 886/886/867
g Ctr_Tail_05
f 882/880/861 888/884/865 886/886/867
f 886/886/867 828/826/807 882/880/861
f 692/690/673 888/884/865 882/880/861
f 883/881/862 692/690/673 882/880/861
f 828/826/807 886/886/867 821/820/801
f 886/886/867 723/721/703 821/820/801
g Ctr_Tail_04
f 887/885/866 889/887/868 719/719/701
g Ctr_Tail_05
f 886/886/867 887/885/866 719/719/701
f 719/719/701 723/721/703 886/886/867
g Ctr_Tail_04
f 889/887/868 890/888/869 729/727/709
g Ctr_Tail_05
f 719/719/701 889/887/868 729/727/709
g Ctr_Tail_04
f 889/887/868 887/885/866 891/889/870
f 891/889/870 887/885/866 892/890/871
f 888/884/865 892/890/871 887/885/866
f 891/889/870 893/891/872 890/888/869
f 889/887/868 891/889/870 890/888/869
f 891/889/870 892/890/871 894/892/873
f 895/893/874 891/889/870 894/892/873
f 895/893/874 896/894/875 893/891/872
f 891/889/870 895/893/874 893/891/872
f 892/890/871 888/884/865 684/683/667
f 684/683/667 888/884/865 692/690/673
f 892/890/871 684/683/667 685/682/666
f 894/892/873 892/890/871 685/682/666
g Ctr_Tail_03
f 897/895/876 775/773/755 895/893/874
f 894/892/873 897/895/876 895/893/874
f 898/896/877 897/895/876 894/892/873
f 685/682/666 898/896/877 894/892/873
f 899/897/878 772/769/751 775/773/755
f 897/895/876 899/897/878 775/773/755
f 404/403/396 899/897/878 897/895/876
f 898/896/877 404/403/396 897/895/876
f 896/894/875 895/893/874 775/773/755
f 777/774/754 901/898/879 900/899/880
f 777/774/754 902/900/881 901/898/879
g Ctr_Tail_04
f 893/891/872 896/894/875 903/901/882
g Ctr_Tail_03
f 902/900/881 904/902/883 901/898/879
g Ctr_Tail_04
f 905/903/884 901/898/879 904/902/883
f 908/904/885 907/905/886 906/906/887
g Ctr_Tail_03
f 902/900/881 777/774/754 776/775/756
g Ctr_Tail_02
f 909/907/888 771/770/752 772/769/751
f 899/897/878 909/907/888 772/769/751
f 771/770/752 909/907/888 910/908/889
f 773/771/753 771/770/752 910/908/889
f 405/402/395 909/907/888 899/897/878
f 404/403/396 405/402/395 899/897/878
f 909/907/888 405/402/395 408/406/399
f 910/908/889 909/907/888 408/406/399
g Ctr_Tail_03
f 685/682/666 681/677/663 898/896/877
f 401/399/392 898/896/877 681/677/663
g Ctr_Tail_05
f 884/882/863 345/345/338 346/344/337
f 690/689/672 884/882/863 346/344/337
g Ctr_Tail_04
f 697/695/678 346/344/337 347/343/336
g Ctr_Tail_05
f 884/882/863 874/872/853 345/345/338
f 874/872/853 349/347/340 345/345/338
f 690/689/672 692/690/673 883/881/862
f 884/882/863 690/689/672 883/881/862
f 875/873/854 349/347/340 874/872/853
f 351/351/344 876/875/856 877/874/855
f 351/351/344 877/874/855 353/349/342
f 15/17/17 361/359/352 911/909/890
f 911/909/890 17/15/15 15/17/17
g Bip001 Spine
f 435/433/426 667/663/649 668/666/652
f 434/432/425 435/433/426 668/666/652
g Ctr_Tail_04
f 893/891/872 224/223/221 225/222/220
f 890/888/869 893/891/872 225/222/220
f 224/223/221 893/891/872 903/901/882
f 912/910/891 224/223/221 903/901/882
f 912/910/891 226/224/222 224/223/221
g Ctr_Tail_05
f 729/727/709 890/888/869 913/911/892
g Ctr_Tail_04
f 225/222/220 913/911/892 890/888/869
g Ctr_Tail_05
f 913/911/892 763/761/743 729/727/709
f 913/911/892 225/222/220 167/165/163
g Ctr_Tail_04
f 34/33/31 167/165/163 225/222/220
g Ctr_Tail_05
f 164/162/160 913/911/892 167/165/163
f 164/162/160 763/761/743 913/911/892
f 762/759/741 763/761/743 164/162/160
f 820/817/798 841/839/820 819/818/799
g Ctr_Tail_06
f 792/790/771 914/912/893 820/817/798
g Ctr_Tail_05
f 849/847/828 916/913/894 915/914/895
g Ctr_Tail_06
f 849/847/828 915/914/895 917/915/896
f 918/916/897 917/915/896 915/914/895
f 784/784/765 914/912/893 792/790/771
g Ctr_Tail_02
f 235/233/231 773/771/753 264/262/257
f 919/917/750 264/262/257 773/771/753
f 919/917/750 910/908/889 604/602/407
f 408/406/399 604/602/407 910/908/889
f 910/908/889 919/917/750 773/771/753
g Ctr_Tail_03
f 920/918/898 902/900/881 776/775/756
f 920/918/898 921/919/899 904/902/883
f 902/900/881 920/918/898 904/902/883
f 776/775/756 229/229/227 920/918/898
f 922/920/900 920/918/898 229/229/227
f 922/920/900 923/921/901 921/919/899
f 920/918/898 922/920/900 921/919/899
f 229/229/227 232/230/228 922/920/900
f 232/230/228 924/922/902 923/921/901
f 922/920/900 232/230/228 923/921/901
g Ctr_Tail_04
f 927/923/903 926/924/904 925/925/905
f 926/924/904 927/923/903 928/926/906
f 929/927/907 928/926/906 927/923/903
f 932/927/908 931/923/909 930/928/910
f 924/922/902 934/929/911 933/930/912
f 923/921/901 924/922/902 933/930/912
f 936/931/913 935/932/914 930/928/910
f 908/904/885 936/931/913 930/928/910
f 904/902/883 938/933/915 937/934/916
f 905/903/884 904/902/883 937/934/916
f 930/928/910 907/905/886 908/904/885
f 935/932/914 936/931/913 939/935/917
f 940/936/918 935/932/914 939/935/917
f 932/927/908 935/932/914 941/937/919
f 932/927/908 930/928/910 935/932/914
f 940/936/918 941/937/919 935/932/914
f 938/933/915 943/938/920 942/939/921
f 937/934/916 938/933/915 942/939/921
f 921/919/899 944/940/922 938/933/915
f 904/902/883 921/919/899 938/933/915
f 944/940/922 945/941/923 943/938/920
f 938/933/915 944/940/922 943/938/920
f 945/941/923 946/942/924 943/938/920
f 946/942/924 942/939/921 943/938/920
f 933/930/912 947/943/925 945/941/923
f 944/940/922 933/930/912 945/941/923
f 923/921/901 933/930/912 944/940/922
f 921/919/899 923/921/901 944/940/922
f 947/943/925 946/942/924 945/941/923
f 934/929/911 948/944/926 947/943/925
f 933/930/912 934/929/911 947/943/925
f 948/944/926 946/942/924 947/943/925
f 950/937/927 949/945/928 928/926/906
f 929/927/907 950/937/927 928/926/906
f 950/937/927 951/946/929 949/945/928
f 940/936/918 952/946/930 941/937/919
f 952/946/930 940/936/918 939/935/917
f 953/947/931 697/695/678 347/343/336
g Ctr_Tail_06
f 956/948/932 955/949/933 954/950/934
f 956/948/932 957/951/935 955/949/933
f 954/950/934 955/949/933 958/952/936
f 960/953/937 955/949/933 959/954/938
f 960/953/937 958/952/936 955/949/933
f 957/951/935 959/954/938 955/949/933
f 954/950/934 510/508/499 956/948/932
f 963/955/939 962/956/940 961/957/941
f 963/955/939 961/957/941 964/958/942
f 960/953/937 966/959/943 965/960/944
f 960/953/937 965/960/944 958/952/936
f 967/961/945 958/952/936 965/960/944
f 967/961/945 965/960/944 968/962/946
f 968/962/946 965/960/944 966/959/943
f 958/952/936 969/963/947 954/950/934
f 969/963/947 513/511/502 954/950/934
f 513/511/502 510/508/499 954/950/934
f 959/954/938 970/964/948 960/953/937
f 970/964/948 966/959/943 960/953/937
f 973/965/949 972/966/950 971/967/951
f 973/965/949 974/968/952 972/966/950
f 975/969/953 967/961/945 968/962/946
f 971/967/951 976/970/954 973/965/949
f 974/968/952 973/965/949 977/971/955
f 977/971/955 973/965/949 976/970/954
f 979/972/956 978/973/957 971/967/951
f 979/972/956 971/967/951 980/974/958
f 981/975/959 975/969/953 968/962/946
f 978/973/957 976/970/954 971/967/951
f 982/976/960 974/968/952 977/971/955
f 984/977/961 982/976/960 983/978/962
f 983/978/962 982/976/960 985/979/963
f 985/979/963 982/976/960 977/971/955
f 986/980/964 985/979/963 977/971/955
f 976/970/954 986/980/964 977/971/955
f 989/981/965 988/982/966 987/983/967
f 990/984/968 989/981/965 987/983/967
f 990/984/968 987/983/967 574/571/562
f 991/985/969 990/984/968 574/571/562
f 976/970/954 978/973/957 992/986/970
f 993/987/971 976/970/954 992/986/970
f 976/970/954 993/987/971 994/988/972
f 986/980/964 976/970/954 994/988/972
f 992/986/970 978/973/957 995/989/973
f 995/989/973 978/973/957 979/972/956
f 994/988/972 993/987/971 996/990/974
f 992/986/970 997/991/975 993/987/971
f 997/991/975 996/990/974 993/987/971
f 999/992/976 998/993/977 988/982/966
f 989/981/965 999/992/976 988/982/966
f 998/993/977 999/992/976 1000/994/978
f 1001/995/979 582/580/571 987/983/967
f 988/982/966 1001/995/979 987/983/967
f 1002/996/980 1001/995/979 988/982/966
f 998/993/977 1002/996/980 988/982/966
f 574/571/562 987/983/967 573/572/563
f 582/580/571 573/572/563 987/983/967
f 1001/995/979 1002/996/980 1003/997/981
f 1004/998/982 1001/995/979 1003/997/981
f 1004/998/982 583/581/572 582/580/571
f 1001/995/979 1004/998/982 582/580/571
f 1002/996/980 998/993/977 1005/999/983
f 1005/999/983 998/993/977 1000/994/978
f 1005/999/983 1003/997/981 1002/996/980
f 1007/1000/984 1000/994/978 1006/1001/985
f 1007/1000/984 1008/1002/986 1005/999/983
f 1009/1003/987 1005/999/983 1008/1002/986
f 1009/1003/987 1003/997/981 1005/999/983
f 1011/1004/988 1010/1005/989 1004/998/982
f 1003/997/981 1011/1004/988 1004/998/982
f 1011/1004/988 1003/997/981 1009/1003/987
f 1010/1005/989 1012/1006/990 583/581/572
f 1004/998/982 1010/1005/989 583/581/572
f 1015/1007/991 1014/1008/992 1013/1009/993
f 1016/1010/994 1015/1007/991 1013/1009/993
f 1016/1010/994 1018/1011/995 1017/1012/996
f 1015/1007/991 1016/1010/994 1017/1012/996
f 1013/1009/993 1014/1008/992 1019/1013/997
f 1018/1011/995 1021/1014/998 1020/1015/999
f 1017/1012/996 1018/1011/995 1020/1015/999
f 1022/1016/1000 995/989/973 1018/1011/995
f 1016/1010/994 1022/1016/1000 1018/1011/995
f 1016/1010/994 1013/1009/993 1023/1017/1001
f 1022/1016/1000 1016/1010/994 1023/1017/1001
f 995/989/973 1024/1018/1002 1021/1014/998
f 1018/1011/995 995/989/973 1021/1014/998
f 1023/1017/1001 1013/1009/993 1025/1019/1003
f 1025/1019/1003 1013/1009/993 1019/1013/997
f 992/986/970 995/989/973 1022/1016/1000
f 992/986/970 1022/1016/1000 1023/1017/1001
f 997/991/975 992/986/970 1023/1017/1001
f 1026/1020/1004 1023/1017/1001 1025/1019/1003
f 979/972/956 1024/1018/1002 995/989/973
f 1024/1018/1002 979/972/956 980/974/958
f 1021/1014/998 1024/1018/1002 1027/1021/1005
f 1027/1021/1005 1024/1018/1002 1028/1022/1006
f 1028/1022/1006 1024/1018/1002 980/974/958
f 1027/1021/1005 1029/1023/1007 1021/1014/998
f 1029/1023/1007 1020/1015/999 1021/1014/998
f 1028/1022/1006 1030/1024/1008 1027/1021/1005
f 1029/1023/1007 1027/1021/1005 1031/1025/1009
f 1032/1026/1010 1027/1021/1005 1030/1024/1008
f 1032/1026/1010 1031/1025/1009 1027/1021/1005
f 1034/1027/1011 1033/1028/1012 981/975/959
f 1034/1027/1011 1035/1029/1013 1033/1028/1012
f 981/975/959 1036/1030/1014 1034/1027/1011
f 1039/1031/1015 1038/1032/1016 1037/1033/1017
f 1040/1034/1018 1039/1031/1015 1037/1033/1017
f 1041/1035/1019 1035/1029/1013 1034/1027/1011
f 1039/1031/1015 1040/1034/1018 1042/1036/1020
f 1042/1036/1020 1040/1034/1018 1043/1037/1021
f 1036/1030/1014 981/975/959 968/962/946
f 1044/1038/1022 1037/1033/1017 1038/1032/1016
f 1046/1039/1023 1045/1040/1024 1041/1035/1019
f 1045/1040/1024 1035/1029/1013 1041/1035/1019
f 1047/1041/1025 1020/1015/999 1029/1023/1007
f 1047/1041/1025 1029/1023/1007 1048/1042/1026
f 1048/1042/1026 1029/1023/1007 1031/1025/1009
f 89/89/87 90/88/86 1038/1032/1016
f 91/91/89 1044/1038/1022 90/88/86
f 1038/1032/1016 1049/1043/1027 89/89/87
g Ctr_Tail_05
f 1051/1044/1028 1050/1045/1029 89/89/87
f 1051/1044/1028 89/89/87 1049/1043/1027
f 92/92/90 89/89/87 1050/1045/1029
g Ctr_Tail_06
f 1038/1032/1016 1039/1031/1015 1052/1046/1030
f 1049/1043/1027 1038/1032/1016 1052/1046/1030
g Ctr_Tail_05
f 1054/1047/1031 1053/1048/1032 1051/1044/1028
g Ctr_Tail_06
f 1054/1047/1031 1051/1044/1028 1049/1043/1027
g Ctr_Tail_05
f 1050/1045/1029 1051/1044/1028 168/168/166
f 168/168/166 1051/1044/1028 1053/1048/1032
g Ctr_Tail_06
f 1055/1049/1033 1054/1047/1031 1049/1043/1027
f 1052/1046/1030 1055/1049/1033 1049/1043/1027
f 1055/1049/1033 1052/1046/1030 1056/1050/1034
f 1056/1050/1034 1052/1046/1030 1042/1036/1020
f 1039/1031/1015 1042/1036/1020 1052/1046/1030
f 1055/1049/1033 1057/1051/1035 1054/1047/1031
g Ctr_Tail_05
f 1053/1048/1032 1054/1047/1031 1058/1052/1036
g Ctr_Tail_06
f 1058/1052/1036 1054/1047/1031 1057/1051/1035
f 1059/1053/1037 1055/1049/1033 1056/1050/1034
f 1059/1053/1037 1061/1054/1038 1060/1055/1039
f 1055/1049/1033 1059/1053/1037 1060/1055/1039
f 1060/1055/1039 1057/1051/1035 1055/1049/1033
f 1056/1050/1034 1062/1056/1040 1059/1053/1037
f 1061/1054/1038 1059/1053/1037 1063/1057/1041
f 1062/1056/1040 1063/1057/1041 1059/1053/1037
f 1062/1056/1040 1056/1050/1034 1064/1058/1042
f 1042/1036/1020 1064/1058/1042 1056/1050/1034
f 1061/1054/1038 1066/1059/1043 1065/1060/1044
f 1060/1055/1039 1061/1054/1038 1065/1060/1044
f 1065/1060/1044 917/915/896 1060/1055/1039
f 1057/1051/1035 1060/1055/1039 917/915/896
f 1063/1057/1041 1067/1061/1045 1066/1059/1043
f 1061/1054/1038 1063/1057/1041 1066/1059/1043
f 1068/1062/1046 1065/1060/1044 1066/1059/1043
f 1065/1060/1044 1068/1062/1046 1069/1063/1047
f 1070/1064/1048 1065/1060/1044 1069/1063/1047
f 917/915/896 1065/1060/1044 1070/1064/1048
f 1070/1064/1048 849/847/828 917/915/896
f 1070/1064/1048 1071/1065/1049 849/847/828
g Ctr_Tail_05
f 16/16/16 849/847/828 1071/1065/1049
f 850/848/829 916/913/894 849/847/828
g Ctr_Tail_06
f 1072/1066/1050 963/955/939 1068/1062/1046
f 1068/1062/1046 963/955/939 538/536/527
f 1069/1063/1047 1068/1062/1046 538/536/527
f 1073/1067/1051 1066/1059/1043 1067/1061/1045
f 1074/1068/1052 1072/1066/1050 1073/1067/1051
f 962/956/940 963/955/939 1072/1066/1050
f 1073/1067/1051 1067/1061/1045 1075/1069/1053
f 1063/1057/1041 1076/1070/1054 1067/1061/1045
f 1076/1070/1054 1075/1069/1053 1067/1061/1045
f 1078/1071/1055 1075/1069/1053 1077/1072/1056
f 1078/1071/1055 1077/1072/1056 1079/1073/1057
f 1076/1070/1054 1077/1072/1056 1075/1069/1053
f 1076/1070/1054 1080/1074/1058 1077/1072/1056
f 1081/1075/1059 1077/1072/1056 1080/1074/1058
f 1081/1075/1059 1079/1073/1057 1077/1072/1056
f 1082/1076/1060 1074/1068/1052 1073/1067/1051
f 1082/1076/1060 1073/1067/1051 1075/1069/1053
f 1076/1070/1054 1063/1057/1041 1080/1074/1058
f 1062/1056/1040 1080/1074/1058 1063/1057/1041
f 1064/1058/1042 1080/1074/1058 1062/1056/1040
f 1081/1075/1059 1080/1074/1058 1083/1077/1061
f 1083/1077/1061 1080/1074/1058 1064/1058/1042
f 1086/1078/1062 1085/1079/1063 1084/1080/1064
f 18/20/20 19/19/19 1086/1078/1062
f 1078/1071/1055 1079/1073/1057 1087/1081/1065
f 1088/1082/1066 19/19/19 20/18/18
f 1075/1069/1053 1087/1081/1065 1082/1076/1060
f 970/964/948 1088/1082/1066 20/18/18
f 970/964/948 959/954/938 1089/1083/1067
f 966/959/943 970/964/948 20/18/18
f 966/959/943 20/18/18 18/20/20
f 1084/1080/1064 966/959/943 18/20/20
f 1084/1080/1064 968/962/946 966/959/943
f 538/536/527 963/955/939 964/958/942
f 964/958/942 1090/1084/1068 539/537/528
f 538/536/527 964/958/942 539/537/528
f 1071/1065/1049 1069/1063/1047 538/536/527
f 1071/1065/1049 538/536/527 536/534/525
f 512/510/501 991/985/969 574/571/562
f 575/573/564 512/510/501 574/571/562
f 334/332/325 512/510/501 575/573/564
f 547/545/536 572/570/561 555/555/546
f 576/576/567 583/581/572 1012/1006/990
f 1091/1085/1069 576/576/567 1012/1006/990
f 1091/1085/1069 1092/1086/1070 576/576/567
f 1092/1086/1070 588/586/577 576/576/567
f 1093/1087/1071 1047/1041/1025 1048/1042/1026
f 1095/1088/1072 1093/1087/1071 1094/1089/1073
f 1097/1090/1074 1096/1091/1075 1092/1086/1070
f 1094/1089/1073 1093/1087/1071 1048/1042/1026
f 588/586/577 1092/1086/1070 1096/1091/1075
g Ctr_Tail_05
f 1071/1065/1049 365/364/357 16/16/16
f 365/364/357 15/17/17 16/16/16
g Ctr_Tail_06
f 1069/1063/1047 1071/1065/1049 1070/1064/1048
f 536/534/525 365/364/357 1071/1065/1049
f 968/962/946 1084/1080/1064 1098/1092/1076
f 1085/1079/1063 1098/1092/1076 1084/1080/1064
f 1036/1030/1014 968/962/946 1098/1092/1076
f 1099/1093/1077 1083/1077/1061 1064/1058/1042
f 1064/1058/1042 1042/1036/1020 1099/1093/1077
f 1042/1036/1020 1043/1037/1021 1099/1093/1077
f 1026/1020/1004 1100/1094/1078 997/991/975
f 1100/1094/1078 996/990/974 997/991/975
f 1101/1095/1079 1026/1020/1004 1025/1019/1003
f 1026/1020/1004 1101/1095/1079 1100/1094/1078
f 1007/1000/984 1006/1001/985 1102/1096/1080
f 1096/1091/1075 1097/1090/1074 1103/1097/1081
g Ctr_Tail_05
f 170/166/164 168/168/166 1053/1048/1032
g Ctr_Tail_06
f 1032/1026/1010 1105/1098/1082 1104/1099/1083
f 1031/1025/1009 1032/1026/1010 1104/1099/1083
f 1030/1024/1008 1105/1098/1082 1032/1026/1010
f 1057/1051/1035 918/916/897 1058/1052/1036
f 917/915/896 918/916/897 1057/1051/1035
g Ctr_Tail_03
f 681/677/663 682/680/664 401/399/392
g Ctr_Tail_06
f 1031/1025/1009 1106/1100/1084 1048/1042/1026
g Ctr_Tail_03
f 404/403/396 401/399/392 399/398/391
f 898/896/877 401/399/392 404/403/396
g Ctr_Tail_01
f 172/170/168 173/169/167 184/181/179
f 192/190/188 188/186/184 190/188/186
f 611/607/593 640/637/623 1107/1101/1085
f 1108/1102/1086 610/608/594 1107/1101/1085
f 636/634/620 631/629/615 614/610/596
f 631/629/615 613/611/597 614/610/596
f 624/622/608 620/618/604 617/613/599
f 643/641/627 618/616/602 628/627/613
f 620/618/604 622/621/607 616/614/600
f 622/621/607 628/627/613 616/614/600
f 620/618/604 616/614/600 617/613/599
f 628/627/613 618/616/602 616/614/600
f 1107/1101/1085 610/608/594 611/607/593
f 632/628/614 613/611/597 631/629/615
f 633/632/618 632/628/614 630/630/616
f 652/650/636 627/625/611 625/623/609
g Ctr_Tail_05
f 1109/1103/1087 829/827/808 818/816/797
f 834/832/813 879/878/859 836/834/815
g Ctr_Tail_04
f 715/713/696 711/711/694 714/712/695
g Ctr_Tail_05
f 726/723/705 718/714/697 716/716/699
g Ctr_Tail_06
f 529/528/519 524/522/513 528/526/517
f 531/529/520 528/526/517 527/524/515
f 526/525/516 525/523/514 523/519/510
f 542/540/531 527/524/515 526/525/516
f 499/497/488 502/500/491 503/499/490
f 503/499/490 498/496/487 499/497/488
f 517/514/505 501/501/492 514/512/503
f 801/799/780 794/792/773 788/786/767
f 797/795/776 796/794/775 803/801/782
f 809/808/789 805/803/784 806/802/783
g Ctr_Tail_05
f 817/815/796 808/805/786 818/816/797
f 123/123/121 126/126/124 129/129/127
f 130/130/128 135/135/133 137/138/136
f 125/125/123 124/124/122 131/131/129
f 140/1104/1088 134/134/132 132/133/131
f 137/138/136 141/1105/1089 133/132/130
f 149/147/145 143/141/139 144/140/138
f 149/147/145 147/145/143 143/141/139
f 145/144/142 146/143/141 242/240/237
f 244/242/239 145/144/142 242/240/237
f 142/142/140 143/141/139 146/143/141
f 130/130/128 137/138/136 133/132/130
f 148/148/146 149/147/145 144/140/138
f 242/240/237 146/143/141 147/145/143
f 861/858/839 854/862/843 864/861/842
f 863/859/840 867/865/846 868/864/845
f 869/867/848 870/868/849 868/864/845
f 859/856/837 870/868/849 855/852/833
f 852/850/831 854/862/843 861/858/839
f 862/860/841 863/859/840 868/864/845
f 862/860/841 870/868/849 859/856/837
f 881/879/860 870/868/849 869/867/848
g Ctr_Tail_06
f 962/956/940 1072/1066/1050 1074/1068/1052
f 1072/1066/1050 1068/1062/1046 1066/1059/1043
f 1072/1066/1050 1066/1059/1043 1073/1067/1051
f 1078/1071/1055 1087/1081/1065 1075/1069/1053
f 1089/1083/1067 1088/1082/1066 970/964/948
f 18/20/20 1086/1078/1062 1084/1080/1064
f 997/991/975 1023/1017/1001 1026/1020/1004
f 1005/999/983 1000/994/978 1007/1000/984
g Ctr_Tail_05
f 56/57/55 73/73/71 61/61/59
g Ctr_Tail_06
f 90/88/86 1044/1038/1022 1038/1032/1016
g Ctr_Tail_04
f 22/22/22 23/21/21 34/33/31
g Ctr_Tail_06
f 114/115/113 115/114/112 246/244/241
g Ctr_Tail_05
f 86/85/83 84/82/80 82/84/82
f 298/297/290 302/299/292 290/288/281
f 321/318/311 320/319/312 325/323/316
f 289/287/280 318/317/310 321/318/311
f 318/317/310 289/287/280 283/279/272
f 54/53/51 58/58/56 53/54/52
f 53/54/52 57/56/54 55/55/53
g Ctr_Tail_04
f 677/675/661 678/674/660 687/684/668
f 715/713/696 677/675/661 693/691/674
f 711/711/694 715/713/696 703/699/682
f 693/691/674 702/700/683 703/699/682
f 702/700/683 693/691/674 689/687/670
g Bip001 Spine
f 1113/1106/1090 1112/1107/1091 1110/1108/1092
f 1111/1109/1093 1113/1106/1090 1110/1108/1092
f 1116/1110/1094 1115/1111/1095 1114/1112/1096
f 1117/1113/1097 1115/1111/1095 1116/1110/1094
f 1118/1114/1098 1117/1113/1097 1116/1110/1094
g Skn_R_Pelvis_03
f 1121/1115/1099 1120/1116/1100 1119/1117/1101
f 1123/1118/1102 1121/1115/1099 1119/1117/1101
g Bip001 Pelvis
f 1115/1111/1095 1117/1113/1097 1124/1119/1103
f 1125/1120/1104 1115/1111/1095 1124/1119/1103
g Skn_R_Pelvis_03
f 1125/1120/1104 1124/1119/1103 1123/1118/1102
f 1124/1119/1103 1121/1115/1099 1123/1118/1102
f 1126/1121/1105 1125/1120/1104 1123/1118/1102
f 1126/1121/1105 1123/1118/1102 1119/1117/1101
g Skn_R_Thigh_Twist
f 1122/1122/1106 1126/1121/1105 1119/1117/1101
f 1132/1123/1107 1129/1124/1108 1130/1125/1109
g Bip001 Pelvis
f 1132/1123/1107 1128/1126/1110 1129/1124/1108
g Skn_R_Thigh_Twist
f 1127/1127/1111 1133/1128/1112 1134/1129/1113
f 1131/1130/1114 1127/1127/1111 1134/1129/1113
g Bip001 L Thigh
f 1135/1131/1115 1136/1132/1116 1137/1133/1117
g Skn_R_Pelvis_03
f 1139/1134/1118 1138/1135/1119 1140/1136/1120
g Bip001 Pelvis
f 1139/1134/1118 1140/1136/1120 1141/1137/1121
f 1144/1138/1122 1143/1139/1123 1141/1137/1121
f 1140/1136/1120 1144/1138/1122 1141/1137/1121
f 1141/1137/1121 1142/1140/1124 1139/1134/1118
g Bip001 Spine
f 1147/1141/1125 1146/1142/1097 1145/1143/1126
f 1148/1144/1127 1147/1141/1125 1145/1143/1126
g Bip001 Pelvis
f 1143/1139/1123 1144/1138/1122 1146/1142/1097
f 1147/1141/1125 1143/1139/1123 1146/1142/1097
g Bip001 Spine
f 1149/1145/1128 1143/1139/1123 1147/1141/1125
f 1150/1146/1129 1149/1145/1128 1147/1141/1125
g Bip001 Pelvis
f 1151/1147/1130 1142/1140/1124 1141/1137/1121
g Bip001 Spine
f 1147/1141/1125 1148/1144/1127 1152/1148/1131
f 1150/1146/1129 1147/1141/1125 1152/1148/1131
g Bip001 Pelvis
f 1141/1137/1121 1143/1139/1123 1151/1147/1130
f 1143/1139/1123 1149/1145/1128 1151/1147/1130
f 1155/1140/1132 1154/1137/1133 1153/1134/1134
g Bip001 Spine
f 1159/1141/1135 1158/1144/1136 1157/1143/1137
f 1160/1142/1138 1159/1141/1135 1157/1143/1137
f 1162/1145/1139 1161/1146/1129 1159/1141/1135
f 1158/1144/1136 1159/1141/1135 1164/1148/1140
f 1159/1141/1135 1161/1146/1129 1164/1148/1140
g Bip001 Pelvis
f 1156/1139/1141 1154/1137/1142 1163/1147/1143
f 1162/1145/1144 1156/1139/1141 1163/1147/1143
