# Blender 5.0.1
# www.blender.org
mtllib Hat.mtl
g Hat_Plane.017
v 0.071121 3.174670 0.358733
v 0.000000 3.121485 0.431173
v 0.084879 3.166751 0.371544
v 0.121848 3.232944 0.230217
v 0.058236 3.161073 0.346501
v 0.048948 3.184722 0.332359
v 0.000000 3.114320 0.411397
v 0.101482 3.209673 0.230461
v 0.069441 3.202219 0.111545
v 0.073030 3.232260 0.231233
v 0.055775 3.222603 0.128070
v 0.000000 3.251318 0.235214
v 0.000000 3.170458 0.372587
v -0.000000 3.219159 0.101832
v 0.000000 3.184032 0.063382
v 0.000000 3.197512 0.046167
v 0.000000 3.186509 0.020140
v 0.086554 3.221192 0.099187
v 0.101298 3.215387 0.080450
v 0.111197 3.147321 0.076603
v 0.140636 3.228399 0.229045
v 0.153500 3.161186 0.227558
v 0.166981 3.093805 0.229210
v 0.098817 3.104182 0.369965
v 0.120930 3.034434 0.376186
v 0.000000 3.057934 0.460693
v 0.000000 2.991052 0.470824
v 0.000000 3.114172 0.450604
v 0.000000 2.946661 0.601119
v 0.173215 3.021197 0.436336
v 0.000000 2.924747 0.699207
v 0.217560 3.026577 0.487606
v 0.000000 2.900850 0.695507
v 0.216724 3.003582 0.485757
v 0.000000 2.899963 0.575852
v 0.164548 2.975818 0.423701
v 0.000000 2.957026 0.408020
v 0.102630 2.986661 0.344739
v 0.000000 3.067508 0.366269
v 0.077119 3.091389 0.318477
v -0.000000 3.089308 0.239216
v 0.000000 3.079181 0.103525
v 0.102090 3.122373 0.245007
v 0.086290 3.108722 0.151477
v 0.135797 3.017938 0.247459
v 0.114773 2.999852 0.120913
v 0.231304 3.051781 0.222236
v 0.171090 3.025611 0.027977
v 0.299006 3.115358 0.217142
v 0.217853 3.085426 -0.041089
v 0.298699 3.139775 0.217805
v 0.217560 3.111010 -0.043060
v 0.237999 3.107533 0.221846
v 0.173065 3.086289 0.012806
v 0.000000 3.015081 -0.071832
v 0.120030 3.077278 0.077175
v 0.000000 3.018855 0.016410
v 0.000000 3.104233 0.015160
v 0.000000 3.009995 -0.148868
v 0.000000 2.981371 -0.145004
v 0.000000 2.946250 -0.050895
v 0.000000 2.965469 0.049305
v -0.071121 3.174670 0.358733
v -0.084879 3.166751 0.371544
v -0.121848 3.232944 0.230217
v -0.058236 3.161073 0.346501
v -0.048948 3.184722 0.332359
v -0.101482 3.209673 0.230461
v -0.069441 3.202219 0.111545
v -0.073030 3.232260 0.231233
v -0.055775 3.222603 0.128070
v -0.086554 3.221192 0.099187
v -0.101298 3.215387 0.080450
v -0.111197 3.147321 0.076603
v -0.140636 3.228399 0.229045
v -0.153500 3.161186 0.227558
v -0.166981 3.093805 0.229210
v -0.098817 3.104182 0.369965
v -0.120930 3.034434 0.376186
v -0.173215 3.021197 0.436336
v -0.217560 3.026577 0.487606
v -0.216724 3.003582 0.485757
v -0.164548 2.975818 0.423701
v -0.102630 2.986661 0.344739
v -0.077119 3.091389 0.318477
v -0.102090 3.122373 0.245007
v -0.086290 3.108721 0.151477
v -0.135797 3.017938 0.247459
v -0.114773 2.999852 0.120913
v -0.231304 3.051781 0.222236
v -0.171090 3.025611 0.027977
v -0.299006 3.115358 0.217142
v -0.217853 3.085426 -0.041089
v -0.298699 3.139775 0.217805
v -0.217560 3.111010 -0.043060
v -0.237999 3.107533 0.221846
v -0.173065 3.086290 0.012806
v -0.120030 3.077278 0.077175
v 0.053418 3.155433 0.386326
v 0.035648 3.138366 0.409419
v 0.017835 3.126153 0.425279
v 0.081578 3.174099 0.369552
v 0.078140 3.177388 0.366363
v 0.074633 3.177338 0.362561
v 0.088441 3.193596 0.328940
v 0.103870 3.210572 0.297505
v 0.115606 3.224164 0.264556
v 0.061173 3.161894 0.349416
v 0.055560 3.164092 0.343362
v 0.050802 3.177961 0.335964
v 0.043449 3.144426 0.371265
v 0.028858 3.129393 0.391949
v 0.014396 3.118511 0.406132
v 0.072984 3.177056 0.319689
v 0.086262 3.191136 0.291333
v 0.096338 3.202335 0.261551
v 0.106339 3.212561 0.230500
v 0.083226 3.207756 0.137344
v 0.093965 3.211527 0.166851
v 0.100452 3.212507 0.198434
v 0.083667 3.224127 0.230585
v 0.096745 3.211347 0.230365
v 0.055217 3.195933 0.315640
v 0.063003 3.210299 0.290909
v 0.069585 3.223319 0.262220
v 0.061300 3.227926 0.144475
v 0.067574 3.233223 0.169708
v 0.072033 3.235265 0.199559
v 0.058501 3.239719 0.232368
v 0.040776 3.245773 0.233679
v 0.020921 3.249834 0.234763
v 0.000000 3.194682 0.346221
v 0.000000 3.218893 0.312852
v 0.000000 3.239101 0.275007
v -0.000000 3.233319 0.127193
v -0.000000 3.245656 0.159232
v -0.000000 3.252784 0.195917
v 0.046438 3.222158 0.119548
v 0.032672 3.221121 0.110450
v 0.016825 3.219822 0.104140
v 0.000000 3.187796 0.067396
v 0.000000 3.206124 0.084487
v 0.000000 3.184491 0.059833
v 0.053691 3.195958 0.090856
v 0.036561 3.190086 0.075763
v 0.018511 3.185734 0.066520
v 0.000000 3.196136 0.025511
v 0.000000 3.200386 0.032271
v 0.000000 3.200449 0.039472
v 0.067524 3.212926 0.076412
v 0.046258 3.205293 0.059796
v 0.023502 3.199690 0.049621
v 0.090679 3.225137 0.094381
v 0.094542 3.226057 0.089206
v 0.098097 3.223093 0.084337
v 0.102547 3.228700 0.127590
v 0.114479 3.234075 0.160087
v 0.121273 3.235946 0.194891
v 0.073524 3.203957 0.108997
v 0.106647 3.185738 0.076870
v 0.119363 3.223987 0.112800
v 0.132588 3.229912 0.149760
v 0.140002 3.231828 0.189213
v 0.079361 3.205536 0.054523
v 0.054520 3.196202 0.035625
v 0.027744 3.189241 0.024062
v 0.136504 3.235990 0.229451
v 0.131911 3.238760 0.229771
v 0.126984 3.237486 0.230022
v 0.104355 3.186282 0.338812
v 0.121300 3.204192 0.304097
v 0.133973 3.218793 0.267480
v 0.147450 3.199007 0.228082
v 0.160037 3.126112 0.228065
v 0.130416 3.157713 0.109796
v 0.144330 3.163821 0.147621
v 0.152254 3.165144 0.187676
v 0.147708 3.151788 0.265376
v 0.135819 3.138137 0.301277
v 0.119100 3.121760 0.335921
v 0.091234 3.139724 0.371361
v 0.109057 3.068786 0.371898
v 0.076123 3.087017 0.403246
v 0.051705 3.072224 0.432311
v 0.026140 3.061847 0.452885
v 0.000000 3.024445 0.465517
v 0.000000 3.090191 0.456358
v 0.000000 3.123716 0.436573
v 0.000000 3.123664 0.441780
v 0.000000 3.120694 0.446541
v 0.064353 3.147408 0.401736
v 0.043232 3.130571 0.426931
v 0.021715 3.118678 0.444197
v 0.095527 3.017900 0.410869
v 0.065985 3.004071 0.441190
v 0.033682 2.994578 0.462669
v 0.000000 2.966484 0.537214
v 0.137035 2.994030 0.494392
v 0.094749 2.970132 0.547446
v 0.048392 2.953133 0.586141
v 0.000000 2.934394 0.658514
v 0.172156 2.989889 0.561839
v 0.119050 2.957194 0.630003
v 0.060809 2.933732 0.679868
v 0.000000 2.918993 0.709812
v 0.000000 2.912726 0.712961
v 0.000000 2.906494 0.708309
v 0.171329 2.966766 0.559439
v 0.118404 2.933759 0.626996
v 0.060457 2.909980 0.676370
v 0.000000 2.894122 0.646568
v 0.129680 2.949105 0.477567
v 0.089438 2.924681 0.526525
v 0.045615 2.906862 0.562109
v 0.000000 2.923346 0.494329
v 0.082357 2.975940 0.367518
v 0.057469 2.966430 0.387839
v 0.029504 2.959626 0.402429
v 0.061880 3.082306 0.335681
v 0.043178 3.074691 0.351027
v 0.022166 3.069455 0.362047
v 0.096463 3.116424 0.173890
v 0.101611 3.121528 0.197937
v 0.103049 3.123641 0.222137
v 0.088080 3.101004 0.301331
v 0.095306 3.110095 0.283942
v 0.099681 3.117579 0.265453
v 0.128302 3.008991 0.152153
v 0.135150 3.015298 0.184797
v 0.137065 3.018404 0.217135
v 0.117203 2.997194 0.322037
v 0.126802 3.006527 0.299012
v 0.132606 3.013746 0.274531
v 0.184929 3.031258 0.232961
v 0.198495 3.043518 0.070329
v 0.217603 3.053709 0.118698
v 0.228508 3.056393 0.170271
v 0.192515 3.001011 0.371734
v 0.213105 3.022913 0.321831
v 0.226106 3.040257 0.272496
v 0.271447 3.083224 0.217798
v 0.253519 3.108574 0.015185
v 0.278932 3.121219 0.079560
v 0.294094 3.123450 0.148168
v 0.252486 3.039332 0.415603
v 0.278155 3.071315 0.349021
v 0.293679 3.097376 0.283653
v 0.306023 3.127600 0.217145
v 0.308237 3.136084 0.217215
v 0.305759 3.140310 0.217415
v 0.253130 3.133631 0.013968
v 0.278478 3.146014 0.079072
v 0.293651 3.148086 0.148327
v 0.253130 3.062505 0.417082
v 0.278478 3.094882 0.350250
v 0.293651 3.121405 0.284646
v 0.272670 3.125864 0.219324
v 0.201458 3.102734 0.058492
v 0.221743 3.112006 0.110667
v 0.233922 3.113730 0.166172
v 0.201596 3.048280 0.380771
v 0.221846 3.073020 0.327726
v 0.233977 3.093432 0.275363
v 0.202340 3.097618 0.225280
v 0.136898 3.063966 -0.023700
v 0.094645 3.040733 -0.050207
v 0.048337 3.022475 -0.066367
v 0.198548 3.100636 -0.019106
v 0.146536 3.079159 0.045254
v 0.094704 3.059163 0.050823
v 0.065365 3.040078 0.031809
v 0.033352 3.024988 0.020286
v 0.140200 3.090289 0.110337
v 0.154858 3.097375 0.148311
v 0.163839 3.098544 0.188725
v 0.115613 3.111085 0.076889
v 0.000000 3.016610 -0.027296
v 0.000000 3.060193 0.015785
v 0.000000 3.150587 0.015313
v 0.030685 3.108646 0.019121
v 0.060216 3.119592 0.030843
v 0.087438 3.133631 0.050085
v 0.000000 3.014103 -0.115796
v 0.172156 3.079637 -0.088663
v 0.119050 3.046645 -0.121804
v 0.060809 3.020582 -0.142025
v 0.000000 2.991038 -0.156029
v 0.000000 2.999101 -0.160106
v 0.000000 3.005456 -0.157598
v 0.172362 3.053176 -0.085977
v 0.119180 3.019185 -0.118514
v 0.060872 2.992300 -0.138318
v 0.000000 2.959838 -0.104003
v 0.135660 3.000929 -0.005950
v 0.093936 2.975013 -0.030662
v 0.048017 2.954556 -0.045773
v 0.000000 2.950391 0.000461
v 0.093457 2.988612 0.092868
v 0.065817 2.977445 0.070126
v 0.033962 2.968885 0.054875
v 0.222724 3.110552 -0.049393
v 0.224554 3.105875 -0.051299
v 0.222960 3.097368 -0.048592
v 0.198068 3.054610 -0.012530
v 0.142927 3.008778 0.073453
v 0.070263 3.099116 0.132116
v 0.049483 3.089516 0.116951
v 0.025534 3.082134 0.107061
v 0.133496 2.977469 0.384663
v 0.194568 2.986533 0.459738
v 0.222707 3.023955 0.493386
v 0.224413 3.018826 0.495120
v 0.222483 3.011823 0.492635
v 0.198567 3.024498 0.465708
v 0.147005 3.025285 0.406126
v 0.141023 3.052023 0.340775
v 0.155477 3.068945 0.304878
v 0.164170 3.083453 0.267891
v 0.040356 3.180718 0.343836
v 0.028101 3.175872 0.357501
v 0.014377 3.172020 0.368252
v 0.000000 3.149600 0.390265
v 0.000000 3.121187 0.407141
v 0.058644 3.217204 0.122956
v 0.065681 3.204840 0.114297
v 0.000000 3.112458 0.415794
v -0.053418 3.155433 0.386326
v -0.035648 3.138366 0.409419
v -0.017835 3.126153 0.425279
v -0.081578 3.174099 0.369552
v -0.078140 3.177388 0.366363
v -0.074633 3.177338 0.362561
v -0.088441 3.193596 0.328940
v -0.103870 3.210572 0.297505
v -0.115606 3.224164 0.264556
v -0.061173 3.161894 0.349416
v -0.055560 3.164092 0.343362
v -0.050802 3.177961 0.335964
v -0.043449 3.144426 0.371265
v -0.028858 3.129393 0.391949
v -0.014396 3.118511 0.406132
v -0.072984 3.177056 0.319689
v -0.086262 3.191136 0.291333
v -0.096338 3.202335 0.261551
v -0.106339 3.212561 0.230500
v -0.083226 3.207755 0.137344
v -0.093965 3.211526 0.166851
v -0.100452 3.212507 0.198434
v -0.083667 3.224128 0.230585
v -0.096745 3.211347 0.230365
v -0.055217 3.195933 0.315640
v -0.063003 3.210299 0.290909
v -0.069585 3.223319 0.262220
v -0.061300 3.227926 0.144475
v -0.067574 3.233223 0.169708
v -0.072033 3.235265 0.199559
v -0.058501 3.239720 0.232368
v -0.040776 3.245773 0.233679
v -0.020921 3.249834 0.234763
v -0.046438 3.222158 0.119548
v -0.032672 3.221121 0.110450
v -0.016825 3.219822 0.104140
v -0.053691 3.195959 0.090856
v -0.036561 3.190086 0.075763
v -0.018511 3.185734 0.066520
v -0.067524 3.212926 0.076412
v -0.046258 3.205293 0.059796
v -0.023502 3.199690 0.049621
v -0.090679 3.225137 0.094381
v -0.094542 3.226057 0.089206
v -0.098097 3.223093 0.084337
v -0.102547 3.228700 0.127590
v -0.114479 3.234075 0.160087
v -0.121273 3.235946 0.194891
v -0.073524 3.203957 0.108997
v -0.106647 3.185738 0.076870
v -0.119363 3.223987 0.112800
v -0.132588 3.229912 0.149760
v -0.140002 3.231827 0.189213
v -0.079361 3.205536 0.054523
v -0.054520 3.196202 0.035625
v -0.027744 3.189241 0.024062
v -0.136504 3.235990 0.229451
v -0.131911 3.238760 0.229771
v -0.126984 3.237486 0.230022
v -0.104355 3.186282 0.338812
v -0.121300 3.204192 0.304097
v -0.133973 3.218793 0.267480
v -0.147450 3.199007 0.228082
v -0.160037 3.126112 0.228065
v -0.130416 3.157714 0.109796
v -0.144330 3.163821 0.147621
v -0.152254 3.165144 0.187676
v -0.147708 3.151788 0.265376
v -0.135819 3.138137 0.301277
v -0.119100 3.121760 0.335921
v -0.091234 3.139724 0.371361
v -0.109057 3.068787 0.371899
v -0.076123 3.087017 0.403246
v -0.051705 3.072224 0.432311
v -0.026140 3.061847 0.452885
v -0.064353 3.147408 0.401736
v -0.043232 3.130571 0.426931
v -0.021715 3.118678 0.444197
v -0.095527 3.017900 0.410869
v -0.065985 3.004071 0.441190
v -0.033682 2.994578 0.462669
v -0.137035 2.994030 0.494392
v -0.094749 2.970133 0.547446
v -0.048392 2.953133 0.586141
v -0.172156 2.989889 0.561839
v -0.119050 2.957194 0.630003
v -0.060809 2.933732 0.679868
v -0.171329 2.966766 0.559439
v -0.118404 2.933759 0.626996
v -0.060457 2.909980 0.676370
v -0.129680 2.949105 0.477567
v -0.089438 2.924681 0.526525
v -0.045615 2.906862 0.562109
v -0.082357 2.975940 0.367518
v -0.057469 2.966430 0.387839
v -0.029504 2.959626 0.402429
v -0.061880 3.082306 0.335681
v -0.043178 3.074691 0.351027
v -0.022166 3.069455 0.362047
v -0.096463 3.116424 0.173890
v -0.101611 3.121528 0.197937
v -0.103049 3.123641 0.222137
v -0.088080 3.101004 0.301331
v -0.095306 3.110095 0.283942
v -0.099681 3.117579 0.265453
v -0.128302 3.008991 0.152153
v -0.135150 3.015298 0.184797
v -0.137065 3.018404 0.217135
v -0.117203 2.997194 0.322037
v -0.126802 3.006527 0.299012
v -0.132606 3.013746 0.274531
v -0.184929 3.031258 0.232961
v -0.198495 3.043518 0.070329
v -0.217603 3.053709 0.118698
v -0.228508 3.056393 0.170271
v -0.192515 3.001011 0.371734
v -0.213105 3.022913 0.321831
v -0.226106 3.040258 0.272496
v -0.271447 3.083224 0.217798
v -0.253519 3.108574 0.015185
v -0.278932 3.121219 0.079560
v -0.294094 3.123450 0.148168
v -0.252486 3.039332 0.415603
v -0.278155 3.071315 0.349021
v -0.293679 3.097376 0.283653
v -0.306023 3.127600 0.217145
v -0.308237 3.136084 0.217215
v -0.305759 3.140310 0.217415
v -0.253130 3.133631 0.013968
v -0.278478 3.146014 0.079072
v -0.293651 3.148086 0.148327
v -0.253130 3.062505 0.417082
v -0.278478 3.094881 0.350250
v -0.293651 3.121405 0.284646
v -0.272670 3.125864 0.219324
v -0.201458 3.102734 0.058492
v -0.221743 3.112006 0.110667
v -0.233922 3.113730 0.166172
v -0.201596 3.048280 0.380771
v -0.221846 3.073020 0.327726
v -0.233977 3.093432 0.275363
v -0.202340 3.097618 0.225280
v -0.136898 3.063966 -0.023700
v -0.094645 3.040733 -0.050207
v -0.048337 3.022475 -0.066367
v -0.198548 3.100636 -0.019106
v -0.146536 3.079158 0.045254
v -0.094704 3.059163 0.050823
v -0.065365 3.040078 0.031809
v -0.033352 3.024988 0.020286
v -0.140200 3.090289 0.110337
v -0.154858 3.097375 0.148311
v -0.163839 3.098544 0.188725
v -0.115613 3.111085 0.076889
v -0.030685 3.108646 0.019121
v -0.060216 3.119593 0.030843
v -0.087438 3.133630 0.050085
v -0.172156 3.079637 -0.088663
v -0.119050 3.046645 -0.121804
v -0.060809 3.020582 -0.142025
v -0.172362 3.053176 -0.085977
v -0.119180 3.019185 -0.118514
v -0.060872 2.992300 -0.138318
v -0.135660 3.000929 -0.005950
v -0.093936 2.975013 -0.030662
v -0.048017 2.954556 -0.045773
v -0.093457 2.988612 0.092868
v -0.065817 2.977445 0.070126
v -0.033962 2.968885 0.054875
v -0.222724 3.110552 -0.049393
v -0.224554 3.105874 -0.051299
v -0.222960 3.097368 -0.048592
v -0.198068 3.054610 -0.012530
v -0.142927 3.008778 0.073453
v -0.070263 3.099116 0.132116
v -0.049483 3.089516 0.116951
v -0.025534 3.082134 0.107061
v -0.133496 2.977469 0.384663
v -0.194568 2.986533 0.459738
v -0.222707 3.023954 0.493386
v -0.224413 3.018826 0.495120
v -0.222483 3.011823 0.492635
v -0.198567 3.024498 0.465708
v -0.147005 3.025285 0.406126
v -0.141023 3.052023 0.340775
v -0.155477 3.068945 0.304878
v -0.164170 3.083453 0.267891
v -0.040356 3.180719 0.343836
v -0.028101 3.175872 0.357501
v -0.014377 3.172020 0.368252
v -0.058644 3.217204 0.122956
v -0.065681 3.204841 0.114297
v 0.015163 3.116905 0.410415
v 0.030378 3.128436 0.395920
v 0.045698 3.144337 0.374767
v 0.020755 3.125287 0.440336
v 0.041366 3.137394 0.423579
v 0.061688 3.154502 0.399055
v 0.019779 3.128308 0.435694
v 0.039460 3.140525 0.419266
v 0.058946 3.157743 0.395240
v 0.018800 3.128382 0.430574
v 0.037544 3.140628 0.414407
v 0.056174 3.157823 0.390820
v 0.100619 3.193811 0.337418
v 0.117305 3.211818 0.303251
v 0.129859 3.226438 0.267208
v 0.096662 3.197043 0.334949
v 0.112996 3.214915 0.301599
v 0.125345 3.229366 0.266483
v 0.092573 3.196723 0.331943
v 0.108482 3.214245 0.299549
v 0.120554 3.228351 0.265525
v 0.076555 3.178677 0.321940
v 0.090384 3.193390 0.292868
v 0.100898 3.205022 0.262340
v 0.013747 3.124977 0.401921
v 0.027548 3.134863 0.387914
v 0.041462 3.148626 0.367590
v 0.013513 3.152072 0.385409
v 0.026679 3.158425 0.372945
v 0.039165 3.167225 0.355837
v 0.069627 3.179276 0.317238
v 0.082295 3.192928 0.289657
v 0.091899 3.203975 0.260671
v 0.061755 3.190835 0.313621
v 0.071745 3.204217 0.288353
v 0.079632 3.215971 0.260435
v 0.105433 3.215344 0.197742
v 0.098875 3.214112 0.165468
v 0.087844 3.209953 0.135334
v 0.095618 3.214318 0.199091
v 0.089256 3.213546 0.168238
v 0.078879 3.210042 0.139443
v 0.082544 3.227286 0.199848
v 0.077177 3.226153 0.170331
v 0.068936 3.222112 0.144239
v 0.055780 3.229732 0.265761
v 0.038892 3.234710 0.269994
v 0.019957 3.237945 0.273529
v 0.050646 3.214541 0.296847
v 0.035345 3.217097 0.304184
v 0.018143 3.218472 0.310304
v 0.044796 3.197194 0.323689
v 0.031317 3.196365 0.334099
v 0.016078 3.195227 0.342683
v 0.017994 3.233298 0.128998
v 0.019463 3.244915 0.160410
v 0.020631 3.251486 0.196350
v 0.034943 3.232822 0.133705
v 0.037896 3.242649 0.163335
v 0.040212 3.247865 0.197386
v 0.049775 3.231275 0.139908
v 0.054272 3.238787 0.166962
v 0.057695 3.242324 0.198615
v 0.050715 3.198979 0.094153
v 0.034509 3.193487 0.079462
v 0.017465 3.189400 0.070457
v 0.046346 3.213266 0.106739
v 0.032111 3.209968 0.094779
v 0.016426 3.207275 0.087167
v 0.056987 3.197230 0.087878
v 0.038870 3.190948 0.072471
v 0.019698 3.186304 0.063036
v 0.076788 3.213769 0.059059
v 0.052723 3.205071 0.040625
v 0.026821 3.198645 0.029341
v 0.073938 3.217110 0.064746
v 0.050736 3.208834 0.046904
v 0.025801 3.202752 0.035979
v 0.070841 3.216511 0.070794
v 0.048576 3.208554 0.053587
v 0.024692 3.202717 0.043049
v 0.135925 3.239311 0.190448
v 0.128662 3.237313 0.151912
v 0.115718 3.231430 0.115867
v 0.131368 3.241975 0.191929
v 0.124272 3.239955 0.154596
v 0.111654 3.234163 0.119710
v 0.126446 3.240595 0.193471
v 0.119514 3.238617 0.157444
v 0.107241 3.232985 0.123796
v 0.146637 3.202673 0.187878
v 0.138991 3.201052 0.147749
v 0.125375 3.195092 0.109984
v 0.083704 3.174207 0.050363
v 0.057573 3.162795 0.031079
v 0.029318 3.154067 0.019302
v 0.111286 3.158290 0.337851
v 0.128394 3.175427 0.302994
v 0.140977 3.189533 0.266500
v 0.129312 3.086120 0.337218
v 0.145061 3.102512 0.302173
v 0.155553 3.116372 0.266032
v 0.157960 3.130438 0.188066
v 0.149568 3.129246 0.147926
v 0.135305 3.122731 0.110062
v 0.023658 3.094415 0.449252
v 0.046977 3.105584 0.430325
v 0.069615 3.121439 0.403166
v 0.029611 3.028134 0.457403
v 0.058283 3.037977 0.436078
v 0.085078 3.052140 0.406068
v 0.041026 2.971476 0.525491
v 0.080341 2.984698 0.495028
v 0.116238 3.003512 0.452886
v 0.157119 2.991919 0.533378
v 0.108648 2.963001 0.595484
v 0.055495 2.942306 0.640903
v 0.176230 2.986171 0.569313
v 0.121868 2.952466 0.639031
v 0.062248 2.928265 0.690032
v 0.177565 2.980662 0.571554
v 0.122785 2.946589 0.641727
v 0.062715 2.922109 0.693056
v 0.175989 2.973987 0.568338
v 0.121672 2.940156 0.637809
v 0.062140 2.915826 0.688611
v 0.153479 2.953706 0.525575
v 0.105916 2.923982 0.585726
v 0.054037 2.902431 0.629591
v 0.105736 2.958370 0.423707
v 0.073164 2.940948 0.458970
v 0.037384 2.928255 0.484496
v 0.163782 3.022545 0.109697
v 0.177222 3.030886 0.149860
v 0.184015 3.033794 0.191696
v 0.180552 3.023442 0.271992
v 0.170738 3.011192 0.309453
v 0.155162 2.995528 0.346595
v 0.230544 3.075726 0.037386
v 0.253653 3.087401 0.094683
v 0.267314 3.089835 0.155956
v 0.266028 3.068020 0.277694
v 0.251246 3.045690 0.336691
v 0.227345 3.017955 0.396726
v 0.259131 3.133994 0.008931
v 0.285072 3.146776 0.075518
v 0.300597 3.148886 0.146350
v 0.261259 3.129644 0.007379
v 0.287408 3.142587 0.074383
v 0.303051 3.144727 0.145675
v 0.259419 3.121024 0.009426
v 0.285393 3.133913 0.075716
v 0.300916 3.136088 0.146286
v 0.300591 3.121424 0.285784
v 0.285060 3.094178 0.352889
v 0.259115 3.060908 0.421249
v 0.302999 3.117068 0.286059
v 0.287311 3.089628 0.353640
v 0.261130 3.056102 0.422485
v 0.300741 3.108872 0.285380
v 0.285065 3.081814 0.352389
v 0.258983 3.048704 0.420649
v 0.231029 3.120317 0.033016
v 0.254185 3.131256 0.092522
v 0.268053 3.133191 0.155821
v 0.231046 3.056579 0.401367
v 0.254198 3.085603 0.340347
v 0.268060 3.109417 0.280411
v 0.198753 3.102980 0.177336
v 0.188211 3.101520 0.129516
v 0.170783 3.093493 0.084571
v 0.171212 3.047510 0.360420
v 0.188533 3.068208 0.315889
v 0.198925 3.085527 0.271265
v 0.115809 3.059596 0.013901
v 0.080019 3.039182 -0.008814
v 0.040853 3.023120 -0.022633
v 0.157102 3.073634 -0.060782
v 0.108635 3.045386 -0.091067
v 0.055488 3.023130 -0.109544
v 0.091071 3.095176 0.050454
v 0.062791 3.078566 0.031326
v 0.032018 3.065492 0.019703
v 0.062255 3.016484 -0.150601
v 0.121880 3.043620 -0.129923
v 0.176246 3.077950 -0.096031
v 0.062766 3.010311 -0.153074
v 0.122882 3.037892 -0.132286
v 0.177695 3.072771 -0.098207
v 0.062315 3.002204 -0.149095
v 0.122000 3.029675 -0.128586
v 0.176425 3.064410 -0.094940
v 0.055322 2.969789 -0.098165
v 0.108322 2.994273 -0.080811
v 0.156678 3.025232 -0.052186
v 0.040847 2.956424 0.005578
v 0.079648 2.971345 0.020189
v 0.114357 2.990386 0.043184
v -0.015163 3.116905 0.410415
v -0.030378 3.128436 0.395920
v -0.045698 3.144336 0.374767
v -0.020755 3.125287 0.440336
v -0.019779 3.128308 0.435694
v -0.018800 3.128382 0.430574
v -0.041366 3.137394 0.423579
v -0.039460 3.140525 0.419266
v -0.037544 3.140628 0.414407
v -0.061688 3.154502 0.399055
v -0.058946 3.157743 0.395240
v -0.056174 3.157823 0.390820
v -0.100619 3.193811 0.337418
v -0.096662 3.197043 0.334949
v -0.092573 3.196724 0.331943
v -0.117305 3.211818 0.303251
v -0.112996 3.214915 0.301599
v -0.108482 3.214245 0.299549
v -0.129859 3.226438 0.267208
v -0.125345 3.229366 0.266483
v -0.120554 3.228350 0.265525
v -0.076555 3.178677 0.321940
v -0.090384 3.193390 0.292868
v -0.100898 3.205023 0.262340
v -0.013747 3.124977 0.401921
v -0.013513 3.152072 0.385409
v -0.027548 3.134863 0.387914
v -0.026679 3.158425 0.372945
v -0.041462 3.148627 0.367590
v -0.039165 3.167225 0.355837
v -0.069627 3.179276 0.317238
v -0.061755 3.190835 0.313621
v -0.082295 3.192927 0.289657
v -0.071745 3.204218 0.288353
v -0.091899 3.203975 0.260671
v -0.079632 3.215971 0.260435
v -0.105433 3.215345 0.197742
v -0.098875 3.214112 0.165468
v -0.087844 3.209953 0.135334
v -0.095618 3.214318 0.199091
v -0.082544 3.227285 0.199848
v -0.089256 3.213546 0.168238
v -0.077177 3.226153 0.170331
v -0.078879 3.210042 0.139443
v -0.068936 3.222112 0.144239
v -0.055780 3.229733 0.265761
v -0.050646 3.214541 0.296847
v -0.044796 3.197194 0.323689
v -0.038892 3.234709 0.269994
v -0.035345 3.217097 0.304184
v -0.031317 3.196365 0.334099
v -0.019957 3.237945 0.273529
v -0.018143 3.218472 0.310304
v -0.016078 3.195227 0.342683
v -0.017994 3.233298 0.128998
v -0.034943 3.232822 0.133705
v -0.049775 3.231275 0.139908
v -0.019463 3.244915 0.160410
v -0.037896 3.242649 0.163335
v -0.054272 3.238787 0.166962
v -0.020631 3.251486 0.196350
v -0.040212 3.247865 0.197386
v -0.057695 3.242324 0.198615
v -0.050715 3.198980 0.094153
v -0.046346 3.213265 0.106739
v -0.034509 3.193488 0.079462
v -0.032110 3.209969 0.094779
v -0.017465 3.189400 0.070457
v -0.016426 3.207275 0.087167
v -0.056987 3.197230 0.087878
v -0.038870 3.190948 0.072471
v -0.019698 3.186304 0.063036
v -0.076788 3.213769 0.059059
v -0.073938 3.217110 0.064746
v -0.070841 3.216512 0.070794
v -0.052723 3.205071 0.040625
v -0.050736 3.208834 0.046904
v -0.048576 3.208554 0.053587
v -0.026821 3.198645 0.029341
v -0.025801 3.202752 0.035979
v -0.024692 3.202716 0.043049
v -0.135925 3.239311 0.190447
v -0.131368 3.241975 0.191929
v -0.126446 3.240595 0.193471
v -0.128662 3.237314 0.151912
v -0.124272 3.239955 0.154596
v -0.119514 3.238616 0.157444
v -0.115718 3.231430 0.115867
v -0.111654 3.234163 0.119710
v -0.107241 3.232985 0.123796
v -0.146637 3.202673 0.187878
v -0.138991 3.201052 0.147749
v -0.125375 3.195092 0.109984
v -0.083704 3.174208 0.050363
v -0.057573 3.162796 0.031079
v -0.029318 3.154067 0.019302
v -0.111286 3.158290 0.337851
v -0.128394 3.175427 0.302994
v -0.140977 3.189533 0.266501
v -0.129312 3.086120 0.337218
v -0.145061 3.102512 0.302173
v -0.155553 3.116372 0.266032
v -0.157960 3.130438 0.188066
v -0.149568 3.129246 0.147926
v -0.135305 3.122731 0.110062
v -0.023658 3.094415 0.449252
v -0.046977 3.105584 0.430325
v -0.069615 3.121439 0.403166
v -0.029611 3.028134 0.457403
v -0.058283 3.037977 0.436078
v -0.085078 3.052140 0.406068
v -0.041026 2.971476 0.525491
v -0.080341 2.984698 0.495028
v -0.116238 3.003512 0.452886
v -0.157119 2.991919 0.533378
v -0.108648 2.963001 0.595484
v -0.055495 2.942306 0.640903
v -0.176230 2.986171 0.569313
v -0.177565 2.980662 0.571554
v -0.175989 2.973987 0.568338
v -0.121868 2.952466 0.639031
v -0.122785 2.946589 0.641727
v -0.121672 2.940156 0.637809
v -0.062248 2.928265 0.690032
v -0.062715 2.922109 0.693056
v -0.062140 2.915826 0.688611
v -0.153479 2.953706 0.525575
v -0.105916 2.923982 0.585726
v -0.054037 2.902432 0.629591
v -0.105736 2.958370 0.423707
v -0.073164 2.940948 0.458970
v -0.037384 2.928255 0.484496
v -0.163782 3.022545 0.109697
v -0.177222 3.030887 0.149860
v -0.184015 3.033794 0.191696
v -0.180552 3.023442 0.271992
v -0.170738 3.011193 0.309453
v -0.155162 2.995529 0.346595
v -0.230544 3.075726 0.037386
v -0.253653 3.087401 0.094683
v -0.267314 3.089835 0.155956
v -0.266028 3.068021 0.277694
v -0.251246 3.045690 0.336691
v -0.227345 3.017955 0.396726
v -0.259131 3.133993 0.008931
v -0.261259 3.129644 0.007379
v -0.259419 3.121024 0.009426
v -0.285072 3.146776 0.075518
v -0.287408 3.142587 0.074383
v -0.285393 3.133913 0.075716
v -0.300597 3.148886 0.146350
v -0.303051 3.144727 0.145675
v -0.300916 3.136088 0.146286
v -0.300591 3.121424 0.285784
v -0.302999 3.117068 0.286059
v -0.300741 3.108872 0.285380
v -0.285060 3.094178 0.352889
v -0.287311 3.089628 0.353640
v -0.285065 3.081814 0.352389
v -0.259115 3.060908 0.421249
v -0.261130 3.056102 0.422484
v -0.258983 3.048704 0.420649
v -0.231029 3.120317 0.033016
v -0.254185 3.131256 0.092522
v -0.268053 3.133191 0.155821
v -0.231046 3.056578 0.401367
v -0.254198 3.085603 0.340347
v -0.268060 3.109416 0.280411
v -0.198753 3.102980 0.177336
v -0.188211 3.101520 0.129516
v -0.170783 3.093493 0.084571
v -0.171212 3.047511 0.360420
v -0.188533 3.068208 0.315889
v -0.198925 3.085527 0.271265
v -0.115809 3.059596 0.013901
v -0.080019 3.039182 -0.008814
v -0.040853 3.023120 -0.022633
v -0.157102 3.073634 -0.060782
v -0.108635 3.045386 -0.091067
v -0.055488 3.023130 -0.109544
v -0.091071 3.095176 0.050454
v -0.062791 3.078566 0.031326
v -0.032018 3.065492 0.019703
v -0.062255 3.016484 -0.150601
v -0.062766 3.010311 -0.153074
v -0.062315 3.002204 -0.149095
v -0.121880 3.043621 -0.129923
v -0.122882 3.037892 -0.132286
v -0.122000 3.029675 -0.128586
v -0.176246 3.077950 -0.096031
v -0.177695 3.072771 -0.098207
v -0.176425 3.064410 -0.094940
v -0.055322 2.969789 -0.098165
v -0.108322 2.994273 -0.080811
v -0.156678 3.025232 -0.052186
v -0.040847 2.956424 0.005578
v -0.079648 2.971346 0.020189
v -0.114357 2.990386 0.043184
v 0.121900 3.095611 0.071131
v 0.000000 3.039221 0.010245
v 0.166577 3.112176 0.227588
v 0.131806 3.078278 0.068353
v 0.111116 3.088751 0.078092
v 0.000000 3.032610 0.018833
v 0.153571 3.105689 0.228827
v 0.120076 3.052417 0.358605
v 0.131577 3.058779 0.362565
v 0.062760 3.014612 0.425121
v 0.000000 2.993839 0.470021
v 0.067523 3.020974 0.444228
v 0.000000 3.000201 0.492915
v 0.072889 3.000905 0.452308
v 0.000000 2.979509 0.502456
v 0.141648 3.039844 0.368196
v 0.068126 2.994542 0.433202
v 0.000000 2.973146 0.479562
v 0.130147 3.033481 0.364237
v 0.165419 3.088479 0.230493
v 0.121022 3.071418 0.075313
v 0.178426 3.094966 0.229254
v 0.000000 3.013336 0.014064
v 0.000000 3.019947 0.005476
v -0.121900 3.095611 0.071131
v -0.166577 3.112176 0.227588
v -0.131806 3.078278 0.068353
v -0.111116 3.088751 0.078092
v -0.153571 3.105689 0.228827
v -0.120076 3.052417 0.358605
v -0.131577 3.058779 0.362565
v -0.062760 3.014612 0.425121
v -0.067523 3.020974 0.444228
v -0.072889 3.000905 0.452308
v -0.141648 3.039844 0.368196
v -0.068126 2.994542 0.433202
v -0.130147 3.033481 0.364237
v -0.165419 3.088479 0.230493
v -0.121022 3.071418 0.075313
v -0.178426 3.094966 0.229254
v 0.096515 3.078058 0.044384
v 0.066767 3.059645 0.025369
v 0.034111 3.045117 0.014014
v 0.141716 3.108338 0.105226
v 0.155746 3.115390 0.144451
v 0.164022 3.116693 0.186130
v 0.087726 3.071237 0.052225
v 0.060574 3.052910 0.033700
v 0.030914 3.038467 0.022557
v 0.129671 3.101519 0.110865
v 0.143043 3.108670 0.148523
v 0.151065 3.110095 0.188650
v 0.132641 3.066878 0.332622
v 0.143237 3.082056 0.301777
v 0.150627 3.095733 0.266901
v 0.106591 3.040398 0.379329
v 0.092476 3.030580 0.396137
v 0.077832 3.022229 0.410808
v 0.047357 3.007248 0.440190
v 0.031708 3.000674 0.454473
v 0.015895 2.995777 0.465536
v 0.050643 3.013611 0.461486
v 0.033762 3.007037 0.476893
v 0.016881 3.002140 0.488371
v 0.116702 3.046761 0.386720
v 0.100851 3.036942 0.407670
v 0.084350 3.028592 0.426483
v 0.054667 2.993320 0.470084
v 0.036445 2.986549 0.485954
v 0.018222 2.981506 0.497775
v 0.125814 3.027464 0.393076
v 0.108818 3.017352 0.414655
v 0.091047 3.008750 0.434032
v 0.051381 2.986958 0.448788
v 0.034391 2.980187 0.463534
v 0.017236 2.975143 0.474941
v 0.115703 3.021101 0.385685
v 0.100443 3.010989 0.403121
v 0.084530 3.002388 0.418357
v 0.143440 3.048378 0.337409
v 0.154552 3.064026 0.305610
v 0.162279 3.078150 0.269688
v 0.140759 3.084527 0.109082
v 0.154747 3.091789 0.147851
v 0.162971 3.093131 0.189146
v 0.152804 3.091346 0.103443
v 0.167450 3.098509 0.143779
v 0.175929 3.099729 0.186626
v 0.155821 3.054743 0.339158
v 0.167383 3.070404 0.306080
v 0.175272 3.084565 0.269324
v 0.095785 3.053338 0.048619
v 0.066247 3.034373 0.029467
v 0.033840 3.019410 0.017926
v 0.104574 3.060159 0.040778
v 0.072440 3.041108 0.021136
v 0.037037 3.026060 0.009383
v 0.145022 3.073243 0.334371
v 0.156068 3.088434 0.302247
v 0.163619 3.102148 0.266538
v -0.096515 3.078058 0.044384
v -0.066767 3.059645 0.025369
v -0.034111 3.045117 0.014014
v -0.141716 3.108338 0.105226
v -0.155746 3.115390 0.144451
v -0.164022 3.116693 0.186130
v -0.087726 3.071237 0.052225
v -0.060574 3.052909 0.033700
v -0.030914 3.038467 0.022557
v -0.129671 3.101519 0.110865
v -0.143043 3.108670 0.148523
v -0.151065 3.110095 0.188650
v -0.132641 3.066878 0.332622
v -0.143237 3.082056 0.301777
v -0.150627 3.095733 0.266901
v -0.106591 3.040398 0.379329
v -0.092476 3.030580 0.396137
v -0.077832 3.022229 0.410808
v -0.047357 3.007248 0.440190
v -0.031708 3.000674 0.454473
v -0.015895 2.995777 0.465536
v -0.050643 3.013611 0.461486
v -0.033762 3.007037 0.476893
v -0.016881 3.002140 0.488371
v -0.116702 3.046761 0.386720
v -0.100851 3.036942 0.407670
v -0.084350 3.028592 0.426483
v -0.054667 2.993320 0.470084
v -0.036445 2.986549 0.485954
v -0.018222 2.981506 0.497775
v -0.125814 3.027464 0.393076
v -0.108818 3.017352 0.414655
v -0.091047 3.008750 0.434032
v -0.051381 2.986958 0.448788
v -0.034391 2.980187 0.463534
v -0.017236 2.975143 0.474941
v -0.115703 3.021101 0.385685
v -0.100443 3.010989 0.403121
v -0.084530 3.002388 0.418357
v -0.143440 3.048378 0.337409
v -0.154552 3.064026 0.305610
v -0.162279 3.078150 0.269688
v -0.140759 3.084527 0.109082
v -0.154747 3.091789 0.147851
v -0.162971 3.093131 0.189146
v -0.152804 3.091346 0.103443
v -0.167450 3.098509 0.143779
v -0.175929 3.099729 0.186626
v -0.155821 3.054743 0.339158
v -0.167383 3.070404 0.306080
v -0.175272 3.084565 0.269324
v -0.095785 3.053338 0.048619
v -0.066247 3.034373 0.029467
v -0.033840 3.019410 0.017926
v -0.104574 3.060159 0.040778
v -0.072440 3.041108 0.021136
v -0.037037 3.026060 0.009383
v -0.145022 3.073243 0.334371
v -0.156068 3.088434 0.302247
v -0.163619 3.102148 0.266538
vn -0.5270 0.7952 -0.2999
vn -0.7078 0.6944 -0.1297
vn -0.5913 0.8026 0.0787
vn -0.4331 0.9010 -0.0258
vn -0.7345 0.6781 -0.0265
vn -0.6375 0.7621 0.1130
vn -0.7237 0.6899 0.0170
vn -0.6503 0.7524 0.1053
vn -0.1497 0.8709 0.4680
vn -0.0912 0.8413 0.5328
vn -0.0494 0.8104 0.5838
vn -0.0534 0.7988 0.5992
vn -0.0000 0.9904 -0.1380
vn -0.0000 0.8186 0.5744
vn -0.0000 0.9086 -0.4176
vn 0.1468 0.6737 0.7243
vn 0.2428 0.6695 0.7021
vn -0.2117 0.8828 0.4194
vn -0.1580 0.9179 0.3641
vn 0.3269 0.6529 0.6833
vn -0.1715 0.8653 0.4709
vn -0.5653 0.8222 0.0669
vn -0.4192 0.9056 -0.0640
vn -0.5668 0.8075 0.1634
vn -0.0000 0.3543 0.9351
vn 0.3407 0.3545 0.8708
vn -0.0000 0.6648 0.7470
vn 0.5357 0.3440 0.7712
vn 0.6379 0.3304 0.6957
vn 0.6968 0.3204 0.6418
vn 0.4019 0.6358 0.6590
vn -0.1016 0.8628 0.4952
vn -0.5298 0.8210 0.2127
vn -0.0000 0.9913 -0.1317
vn -0.0000 0.9353 0.3537
vn 0.4802 0.6265 0.6139
vn 0.5698 0.6306 0.5270
vn 0.0557 0.8970 0.4386
vn -0.0232 0.8729 0.4874
vn 0.6597 0.6490 0.3790
vn 0.1265 0.9337 0.3351
vn -0.4685 0.8582 0.2096
vn -0.4933 0.8404 0.2245
vn -0.4526 0.8749 0.1727
vn 0.7484 0.3182 0.5820
vn 0.8116 0.3251 0.4854
vn 0.8798 0.3379 0.3344
vn 0.9271 0.3521 0.1283
vn 0.7164 0.6777 0.1657
vn 0.1640 0.9708 0.1751
vn -0.4460 0.8873 0.1177
vn -0.7225 0.6887 0.0600
vn -0.7215 0.6913 0.0390
vn -0.7162 0.6973 0.0291
vn -0.7146 0.6990 0.0265
vn -0.6664 0.7434 0.0565
vn -0.6571 0.7498 0.0777
vn -0.6740 0.7369 0.0529
vn -0.6721 0.7374 0.0674
vn -0.1273 0.9805 0.1495
vn -0.1567 0.9545 0.2537
vn -0.1807 0.9249 0.3347
vn -0.1836 0.8973 0.4015
vn 0.4189 0.6131 0.6698
vn 0.5571 0.5145 0.6519
vn 0.4766 0.5285 0.7025
vn 0.3995 0.5618 0.7244
vn 0.3974 0.6700 0.6270
vn 0.5899 0.5203 0.6175
vn 0.2697 0.5361 0.7999
vn -0.0000 0.5322 0.8466
vn 0.3025 0.5559 0.7743
vn -0.0000 0.5695 0.8220
vn 0.5787 0.5494 0.6027
vn 0.5238 0.5741 0.6293
vn 0.4195 0.6197 0.6633
vn 0.2511 0.6646 0.7038
vn -0.0000 0.6853 0.7282
vn 0.4164 0.7639 0.4930
vn 0.5999 0.6308 0.4922
vn 0.5934 0.5682 0.5701
vn 0.3875 0.7199 0.5759
vn 0.4676 0.8066 0.3616
vn 0.6234 0.6940 0.3603
vn 0.6498 0.7420 0.1652
vn 0.5151 0.8395 0.1728
vn 0.5333 0.8278 0.1742
vn 0.5316 0.7636 0.3665
vn 0.5389 0.6826 0.4935
vn 0.5595 0.6050 0.5665
vn 0.5220 0.8278 -0.2056
vn 0.6368 0.7373 -0.2253
vn 0.6550 0.7541 -0.0471
vn 0.5338 0.8450 -0.0324
vn -0.7155 0.6930 0.0881
vn -0.6990 0.7049 0.1201
vn -0.6277 0.7711 0.1067
vn -0.6546 0.7507 0.0889
vn -0.6745 0.7213 0.1574
vn -0.5970 0.7926 0.1240
vn -0.6398 0.7397 0.2087
vn -0.5635 0.8120 0.1524
vn -0.0653 0.9751 -0.2121
vn -0.0661 0.9877 -0.1419
vn -0.0771 0.9953 -0.0593
vn -0.0975 0.9945 0.0385
vn 0.4865 0.8020 -0.3466
vn 0.6019 0.7088 -0.3678
vn 0.5243 0.6963 -0.4901
vn 0.4260 0.7759 -0.4653
vn 0.4569 0.7708 -0.4439
vn 0.4807 0.8029 -0.3526
vn 0.5049 0.8359 -0.2154
vn 0.5253 0.8501 -0.0377
vn 0.2317 0.7327 -0.6398
vn 0.2615 0.7327 -0.6283
vn 0.4002 0.7163 -0.5716
vn 0.3392 0.7525 -0.5645
vn 0.4068 0.8337 0.3734
vn 0.2844 0.8805 0.3792
vn 0.3119 0.7977 0.5162
vn 0.4291 0.7498 0.5036
vn 0.1524 0.9106 0.3843
vn 0.1731 0.8313 0.5281
vn 0.3547 0.7131 0.6047
vn 0.4634 0.6671 0.5833
vn 0.2045 0.7523 0.6263
vn 0.3921 0.9028 0.1770
vn 0.2641 0.9487 0.1740
vn 0.1373 0.9758 0.1704
vn -0.0000 0.9856 0.1692
vn -0.0000 0.9221 0.3870
vn -0.0000 0.8452 0.5344
vn -0.0000 0.7698 0.6383
vn 0.0917 0.9054 -0.4146
vn 0.1044 0.9585 -0.2654
vn 0.2144 0.9454 -0.2453
vn 0.1977 0.8978 -0.3936
vn 0.1216 0.9902 -0.0691
vn 0.2408 0.9690 -0.0551
vn 0.3439 0.9120 -0.2235
vn 0.3203 0.8737 -0.3662
vn 0.3713 0.9276 -0.0410
vn -0.0000 0.8374 -0.5467
vn -0.0000 0.9060 -0.4233
vn 0.0956 0.8370 -0.5388
vn -0.0000 0.9618 -0.2738
vn -0.0000 0.9972 -0.0749
vn 0.3429 0.8032 -0.4871
vn 0.2120 0.8291 -0.5174
vn 0.1149 0.7180 -0.6865
vn 0.1244 0.7387 -0.6624
vn -0.0000 0.7121 -0.7020
vn -0.0000 0.7392 -0.6735
vn -0.0739 0.9617 -0.2638
vn -0.0828 0.9551 -0.2846
vn -0.0656 0.9600 -0.2723
vn -0.0000 0.9662 -0.2576
vn -0.2697 0.5361 0.7999
vn -0.3025 0.5559 0.7743
vn -0.4766 0.5285 0.7025
vn -0.3995 0.5618 0.7244
vn -0.5830 0.7610 0.2845
vn -0.4779 0.7888 0.3866
vn -0.4293 0.8535 0.2953
vn -0.5166 0.8308 0.2070
vn -0.2869 0.8214 0.4929
vn -0.2606 0.8804 0.3962
vn -0.0000 0.8391 0.5439
vn -0.0000 0.8956 0.4449
vn 0.3070 0.7263 -0.6150
vn 0.1966 0.7032 -0.6833
vn -0.0984 0.9486 -0.3006
vn -0.0890 0.9536 -0.2875
vn 0.0944 0.6821 -0.7251
vn -0.0677 0.9499 -0.3050
vn -0.3466 0.9311 0.1141
vn -0.4206 0.9047 0.0675
vn -0.2076 0.9648 0.1617
vn 0.6956 0.3811 -0.6090
vn 0.5558 0.3630 -0.7479
vn 0.4238 0.7417 -0.5199
vn 0.3910 0.3373 -0.8563
vn 0.2037 0.3145 -0.9272
vn -0.0000 0.3041 -0.9526
vn -0.0000 0.6724 -0.7401
vn -0.0000 0.9518 -0.3066
vn -0.0000 0.9831 0.1833
vn -0.4531 0.8907 0.0364
vn -0.0469 0.9650 -0.2580
vn 0.7063 0.7052 -0.0622
vn 0.6380 0.7278 -0.2513
vn 0.0864 0.9887 -0.1225
vn 0.1452 0.9894 0.0057
vn 0.5381 0.7420 -0.3998
vn 0.0160 0.9784 -0.2061
vn -0.4608 0.8869 0.0335
vn -0.4524 0.8895 0.0642
vn -0.4630 0.8860 0.0250
vn 0.9269 0.3642 -0.0902
vn 0.8826 0.3760 -0.2821
vn 0.8052 0.3843 -0.4516
vn 0.9496 0.1393 -0.2808
vn 0.8878 0.1200 -0.4444
vn 0.8794 0.1728 -0.4436
vn 0.9429 0.1830 -0.2783
vn 0.9770 0.1885 -0.0996
vn 0.7881 0.0929 -0.6085
vn 0.7801 0.1538 -0.6064
vn 0.6460 0.0593 -0.7610
vn 0.4660 0.0273 -0.8844
vn 0.4619 0.0970 -0.8816
vn 0.6402 0.1260 -0.7578
vn 0.9765 0.1904 0.1010
vn 0.9816 0.1710 0.0855
vn 0.9820 0.1552 -0.1081
vn 0.2479 0.0045 -0.9688
vn 0.2455 0.0748 -0.9665
vn -0.0000 -0.0039 -1.0000
vn -0.0000 0.0659 -0.9978
vn 0.8213 0.1979 0.5351
vn 0.8806 0.1939 0.4323
vn 0.8802 0.1766 0.4405
vn 0.8276 0.1675 0.5357
vn 0.9425 0.1849 0.2783
vn 0.9375 0.1860 0.2941
vn 0.3760 0.7432 0.5535
vn 0.4410 0.7548 0.4856
vn 0.8650 0.2648 0.4263
vn 0.7922 0.2821 0.5411
vn 0.7868 0.1637 0.5950
vn 0.7769 0.1974 0.5979
vn 0.5208 0.7745 0.3591
vn 0.9360 0.2351 0.2618
vn 0.9773 0.2007 0.0678
vn 0.5811 0.7954 0.1721
vn 0.5898 0.8066 -0.0384
vn 0.5465 0.8025 -0.2394
vn 0.9457 0.1475 -0.2896
vn 0.9779 0.1710 -0.1202
vn 0.7377 0.2832 0.6129
vn 0.3404 0.7366 0.5844
vn 0.4523 0.7805 -0.4315
vn 0.8822 0.1232 -0.4545
vn 0.3021 0.7378 -0.6036
vn 0.7778 0.0915 -0.6219
vn 0.4204 0.1512 0.8947
vn 0.6384 0.1714 0.7504
vn 0.6397 0.1670 0.7502
vn 0.4172 0.1716 0.8925
vn 0.7304 0.1892 0.6562
vn 0.7383 0.1644 0.6541
vn 0.1704 0.6947 0.6988
vn 0.2753 0.7085 0.6498
vn 0.5988 0.2255 0.7685
vn 0.3915 0.1813 0.9021
vn -0.0000 0.1739 0.9848
vn -0.0000 0.1427 0.9898
vn 0.3184 0.7262 0.6093
vn 0.6880 0.2642 0.6759
vn 0.1289 0.6934 -0.7089
vn -0.0065 0.6813 -0.7320
vn 0.4509 0.0199 -0.8923
vn 0.6309 0.0541 -0.7739
vn -0.0000 0.1614 0.9869
vn -0.0000 0.6967 0.7174
vn -0.1864 0.9500 0.2504
vn -0.2501 0.9334 0.2572
vn -0.1341 0.9341 0.3309
vn -0.0956 0.9417 0.3227
vn -0.0518 0.9466 0.3183
vn -0.1656 0.9237 0.3454
vn -0.3001 0.9148 0.2704
vn -0.1476 0.9270 0.3449
vn -0.3128 0.9236 0.2216
vn -0.2323 0.9479 0.2180
vn -0.0870 0.9320 0.3519
vn -0.0000 0.9488 0.3160
vn -0.0000 0.9704 0.2416
vn -0.1056 0.9636 0.2455
vn -0.1284 0.9675 0.2180
vn -0.0307 0.9298 0.3667
vn -0.3735 0.8981 0.2322
vn -0.2006 0.9166 0.3460
vn -0.0000 0.9757 0.2189
vn -0.0000 0.9249 0.3803
vn -0.3469 0.9337 -0.0890
vn -0.5026 0.8644 0.0119
vn -0.4888 0.8706 0.0561
vn -0.3122 0.9500 -0.0043
vn 0.3712 0.7119 0.5961
vn 0.3399 0.6912 0.6377
vn 0.7178 -0.0172 0.6960
vn 0.8154 0.0136 0.5787
vn 0.2365 0.6702 0.7035
vn 0.4803 -0.0712 0.8742
vn 0.6985 -0.5993 0.3911
vn 0.7914 -0.5380 0.2902
vn 0.4701 -0.6997 0.5380
vn 0.3751 0.7304 0.5708
vn -0.0000 0.6553 0.7553
vn -0.0000 -0.1195 0.9928
vn -0.0000 -0.7688 0.6395
vn -0.0000 -0.9565 0.2919
vn 0.3734 -0.8965 0.2386
vn 0.5697 -0.8069 0.1563
vn 0.6586 -0.7469 0.0919
vn 0.8385 -0.4984 0.2204
vn 0.7074 -0.7054 0.0447
vn 0.8635 0.0373 0.5029
vn 0.2762 -0.9609 0.0187
vn 0.4340 -0.9006 -0.0247
vn 0.2825 -0.9404 -0.1895
vn 0.3484 -0.9155 -0.2010
vn 0.5152 -0.8550 -0.0603
vn 0.1744 -0.9694 -0.1727
vn -0.0000 -0.9989 0.0468
vn 0.1417 -0.9399 -0.3106
vn 0.1888 -0.9328 -0.3071
vn -0.0000 -0.9872 -0.1597
vn 0.5639 -0.8213 -0.0864
vn 0.3922 -0.8959 -0.2086
vn 0.0815 -0.9467 -0.3115
vn -0.1755 -0.7364 -0.6534
vn -0.2307 -0.7445 -0.6265
vn -0.0958 -0.7354 -0.6708
vn -0.0000 -0.9508 -0.3099
vn 0.5913 -0.8048 -0.0521
vn 0.5701 -0.8192 -0.0624
vn 0.4348 -0.9004 0.0152
vn 0.4736 -0.8799 0.0386
vn -0.0000 -0.7397 -0.6729
vn 0.2247 -0.9258 -0.3041
vn -0.2757 -0.7564 -0.5931
vn -0.1881 -0.7565 -0.6263
vn -0.2266 -0.7638 -0.6044
vn -0.0000 -0.7309 -0.6825
vn -0.1204 -0.7423 -0.6591
vn -0.2616 -0.7650 -0.5885
vn -0.0000 -0.9975 -0.0713
vn -0.3128 -0.7744 -0.5499
vn -0.4211 -0.8484 -0.3207
vn -0.4442 -0.8834 -0.1495
vn -0.3744 -0.8047 -0.4607
vn -0.0000 -0.7907 0.6121
vn -0.0291 -0.7936 0.6078
vn -0.0835 -0.7965 0.5989
vn -0.1767 -0.8058 0.5652
vn -0.2961 -0.8276 0.4769
vn -0.3901 -0.8565 0.3381
vn -0.4398 -0.8793 0.1829
vn -0.4546 -0.8904 0.0225
vn -0.2841 -0.9033 0.3215
vn -0.3837 -0.9088 0.1641
vn -0.4501 -0.8930 0.0058
vn -0.4839 -0.8622 -0.1497
vn -0.1621 -0.8758 0.4546
vn -0.4684 -0.8296 -0.3040
vn -0.4092 -0.7981 -0.4422
vn -0.3344 -0.7732 -0.5388
vn 0.5387 -0.8383 -0.0842
vn 0.3762 -0.9260 -0.0306
vn 0.3147 -0.9430 -0.1081
vn 0.5033 -0.8554 -0.1227
vn 0.4711 -0.8661 -0.1669
vn 0.4461 -0.8728 -0.1980
vn 0.2517 -0.9310 -0.2642
vn 0.2704 -0.9423 -0.1974
vn 0.4818 -0.8743 0.0584
vn 0.5966 -0.8012 -0.0463
vn 0.4229 -0.8815 -0.2100
vn 0.2440 -0.9235 -0.2960
vn 0.7858 -0.5750 -0.2279
vn 0.8063 -0.5626 -0.1826
vn 0.7045 -0.6972 -0.1327
vn 0.7010 -0.6977 -0.1477
vn 0.8157 -0.5609 -0.1413
vn 0.6992 -0.7043 -0.1226
vn 0.8140 -0.5714 -0.1048
vn 0.6853 -0.7183 -0.1205
vn 0.8007 -0.5951 -0.0687
vn 0.7769 -0.6289 -0.0308
vn 0.6351 -0.7637 -0.1157
vn 0.6633 -0.7386 -0.1207
vn 0.6867 -0.7075 -0.1672
vn 0.7518 -0.5979 -0.2782
vn 0.7449 -0.6671 0.0066
vn 0.6019 -0.7917 -0.1043
vn 0.3520 -0.7786 -0.5196
vn 0.5734 -0.6994 -0.4266
vn 0.5451 -0.7973 -0.2592
vn 0.3393 -0.8818 -0.3276
vn 0.3107 0.8641 -0.3960
vn 0.4003 0.8909 -0.2146
vn 0.9381 0.1598 -0.3072
vn 0.8622 0.1458 -0.4852
vn 0.4555 0.8898 -0.0276
vn 0.9776 0.1597 -0.1370
vn 0.8990 -0.3712 -0.2323
vn 0.8630 -0.3896 -0.3216
vn 0.9190 -0.3647 -0.1494
vn -0.3802 0.9090 -0.1709
vn 0.1878 0.8074 -0.5593
vn -0.2794 0.9563 0.0861
vn -0.2542 0.9490 0.1863
vn 0.4762 0.8639 0.1641
vn 0.9885 0.1479 0.0317
vn 0.9258 -0.3715 -0.0693
vn 0.8051 -0.4199 -0.4188
vn 0.7409 0.1120 -0.6622
vn 0.4614 0.8200 0.3388
vn 0.4230 0.7776 0.4653
vn 0.9393 0.0924 0.3305
vn 0.9734 0.1228 0.1936
vn 0.3882 0.7488 0.5372
vn 0.9000 0.0633 0.4314
vn 0.9005 -0.4253 0.0905
vn 0.9195 -0.3930 0.0117
vn 0.8724 -0.4620 0.1597
vn -0.2437 0.9298 0.2759
vn -0.2421 0.9127 0.3292
vn -0.2322 0.9087 0.3470
vn -0.4309 0.9020 -0.0276
vn -0.4018 0.9154 0.0259
vn -0.4711 0.8756 0.1068
vn -0.3762 0.9219 0.0924
vn -0.5092 0.8601 -0.0309
vn -0.4581 0.8863 -0.0681
vn -0.3572 0.9180 0.1723
vn -0.4538 0.8751 0.1682
vn -0.4319 0.8673 0.2473
vn -0.4127 0.8771 0.2457
vn -0.4417 0.8692 0.2222
vn -0.3437 0.8964 0.2800
vn -0.3318 0.8997 0.2838
vn -0.3478 0.9055 0.2431
vn -0.2347 0.9716 -0.0297
vn -0.1933 0.9787 0.0691
vn -0.2944 0.9494 -0.1097
vn -0.3646 0.9169 -0.1622
vn -0.1762 0.9237 0.3403
vn -0.1805 0.9169 0.3559
vn -0.1708 0.9684 0.1819
vn -0.1675 0.9447 0.2820
vn -0.4597 0.8842 -0.0832
vn -0.4042 0.9121 -0.0685
vn -0.3867 0.9131 -0.1294
vn -0.4097 0.8965 -0.1685
vn -0.2566 0.9657 -0.0407
vn -0.2553 0.9639 -0.0750
vn -0.0607 0.7117 -0.6998
vn -0.0000 0.9997 -0.0262
vn -0.0000 0.9988 -0.0486
vn -0.3901 0.8906 -0.2339
vn -0.3441 0.8987 -0.2718
vn -0.4193 0.9050 -0.0726
vn -0.4906 0.8692 -0.0617
vn -0.0000 0.7436 -0.6686
vn -0.2176 0.9305 -0.2948
vn -0.2620 0.9624 -0.0711
vn -0.0000 0.9523 -0.3053
vn -0.0000 0.9976 -0.0688
vn 0.1056 0.9636 0.2455
vn 0.0518 0.9466 0.3183
vn 0.0957 0.9417 0.3227
vn 0.1864 0.9500 0.2504
vn 0.2385 -0.0039 -0.9711
vn -0.0000 -0.0124 -0.9999
vn -0.9820 0.1552 -0.1081
vn -0.9770 0.1885 -0.0996
vn -0.9429 0.1830 -0.2783
vn -0.9496 0.1393 -0.2808
vn -0.0241 0.6532 -0.7568
vn -0.0069 0.6850 -0.7285
vn 0.4316 -0.0016 -0.9020
vn 0.2408 -0.0555 -0.9690
vn 0.0665 0.7380 -0.6715
vn 0.5931 0.0567 -0.8031
vn 0.5736 -0.5205 -0.6325
vn 0.3411 -0.5833 -0.7372
vn 0.7155 -0.4641 -0.5221
vn -0.0000 0.6394 -0.7689
vn 0.6906 -0.6374 -0.3418
vn -0.0000 -0.6183 -0.7860
vn -0.0000 -0.8241 -0.5664
vn -0.0000 -0.0859 -0.9963
vn 0.6449 -0.7372 -0.2015
vn 0.4793 -0.8753 -0.0641
vn 0.2967 -0.9510 -0.0874
vn 0.5675 -0.8219 -0.0487
vn 0.3580 -0.9259 0.1211
vn 0.2119 -0.9654 0.1523
vn -0.0000 -0.9318 -0.3629
vn -0.0000 -0.9949 -0.1008
vn 0.4459 -0.8909 0.0860
vn -0.0103 -0.8125 0.5829
vn 0.0102 -0.7963 0.6048
vn -0.0652 -0.8400 0.5387
vn -0.6586 -0.7469 0.0919
vn -0.5152 -0.8550 -0.0603
vn -0.4340 -0.9006 -0.0247
vn -0.5697 -0.8069 0.1563
vn -0.0000 -0.9865 0.1638
vn -0.0000 -0.7931 0.6091
vn 0.5270 0.7952 -0.2999
vn 0.4331 0.9010 -0.0258
vn 0.5913 0.8026 0.0787
vn 0.7078 0.6944 -0.1297
vn 0.6375 0.7621 0.1130
vn 0.7344 0.6781 -0.0265
vn 0.0534 0.7988 0.5992
vn 0.0494 0.8104 0.5838
vn 0.0912 0.8413 0.5328
vn 0.1497 0.8709 0.4680
vn 0.6503 0.7524 0.1053
vn 0.7237 0.6899 0.0170
vn -0.1468 0.6737 0.7243
vn 0.1580 0.9179 0.3641
vn 0.2117 0.8828 0.4194
vn -0.2428 0.6695 0.7021
vn 0.4192 0.9056 -0.0640
vn 0.5653 0.8221 0.0669
vn 0.1716 0.8653 0.4709
vn -0.3269 0.6529 0.6833
vn 0.5668 0.8075 0.1634
vn -0.3407 0.3545 0.8708
vn 0.5298 0.8210 0.2127
vn 0.1016 0.8628 0.4952
vn -0.4019 0.6358 0.6589
vn -0.6379 0.3304 0.6957
vn -0.6968 0.3204 0.6418
vn -0.5357 0.3440 0.7712
vn -0.4802 0.6265 0.6139
vn 0.0232 0.8729 0.4874
vn -0.0557 0.8970 0.4386
vn -0.5698 0.6306 0.5270
vn 0.4933 0.8404 0.2245
vn 0.4685 0.8582 0.2096
vn -0.1264 0.9337 0.3351
vn -0.6597 0.6490 0.3790
vn 0.4526 0.8748 0.1727
vn -0.7484 0.3182 0.5820
vn 0.7146 0.6990 0.0265
vn 0.7162 0.6973 0.0291
vn 0.7215 0.6913 0.0390
vn 0.7225 0.6887 0.0600
vn 0.4460 0.8873 0.1177
vn -0.1640 0.9708 0.1751
vn -0.7164 0.6777 0.1657
vn -0.8798 0.3378 0.3344
vn -0.9271 0.3521 0.1283
vn -0.8116 0.3251 0.4854
vn 0.6571 0.7498 0.0777
vn 0.6664 0.7434 0.0565
vn 0.6739 0.7369 0.0529
vn 0.1836 0.8973 0.4015
vn 0.1807 0.9249 0.3346
vn 0.1567 0.9545 0.2537
vn 0.1273 0.9805 0.1495
vn 0.6721 0.7374 0.0674
vn -0.5571 0.5145 0.6519
vn -0.4189 0.6131 0.6698
vn -0.5899 0.5203 0.6175
vn -0.3973 0.6700 0.6270
vn -0.2511 0.6646 0.7038
vn -0.4195 0.6197 0.6633
vn -0.5238 0.5741 0.6293
vn -0.5787 0.5494 0.6027
vn -0.3875 0.7199 0.5759
vn -0.5934 0.5682 0.5701
vn -0.5999 0.6308 0.4922
vn -0.4164 0.7639 0.4930
vn -0.6234 0.6940 0.3603
vn -0.4676 0.8066 0.3616
vn -0.6498 0.7420 0.1652
vn -0.5151 0.8395 0.1728
vn -0.5595 0.6050 0.5665
vn -0.5389 0.6826 0.4935
vn -0.5316 0.7636 0.3665
vn -0.5333 0.8278 0.1742
vn -0.5338 0.8450 -0.0324
vn -0.6551 0.7541 -0.0471
vn -0.6368 0.7373 -0.2253
vn -0.5220 0.8278 -0.2056
vn 0.7155 0.6930 0.0881
vn 0.6546 0.7507 0.0889
vn 0.6277 0.7711 0.1067
vn 0.6990 0.7049 0.1201
vn 0.5970 0.7926 0.1241
vn 0.6745 0.7213 0.1574
vn 0.0976 0.9945 0.0385
vn 0.0772 0.9953 -0.0593
vn 0.0661 0.9877 -0.1419
vn 0.0652 0.9751 -0.2121
vn 0.5635 0.8120 0.1524
vn 0.6398 0.7397 0.2087
vn -0.6019 0.7088 -0.3678
vn -0.4865 0.8020 -0.3466
vn -0.5243 0.6963 -0.4901
vn -0.4260 0.7759 -0.4653
vn -0.5253 0.8501 -0.0377
vn -0.5049 0.8359 -0.2154
vn -0.4807 0.8029 -0.3526
vn -0.4569 0.7708 -0.4440
vn -0.3393 0.7525 -0.5645
vn -0.4002 0.7163 -0.5716
vn -0.2615 0.7327 -0.6283
vn -0.2317 0.7327 -0.6399
vn -0.4068 0.8337 0.3734
vn -0.4291 0.7498 0.5036
vn -0.3119 0.7977 0.5162
vn -0.2844 0.8805 0.3792
vn -0.4633 0.6671 0.5833
vn -0.3547 0.7131 0.6047
vn -0.1731 0.8313 0.5281
vn -0.1524 0.9106 0.3843
vn -0.2045 0.7523 0.6263
vn -0.3921 0.9028 0.1770
vn -0.1373 0.9758 0.1704
vn -0.2641 0.9487 0.1740
vn -0.0917 0.9054 -0.4146
vn -0.1977 0.8978 -0.3936
vn -0.2144 0.9454 -0.2453
vn -0.1044 0.9585 -0.2654
vn -0.3203 0.8737 -0.3662
vn -0.3439 0.9120 -0.2235
vn -0.2408 0.9690 -0.0551
vn -0.1216 0.9902 -0.0691
vn -0.3713 0.9276 -0.0410
vn -0.0956 0.8370 -0.5388
vn -0.2120 0.8291 -0.5174
vn -0.3429 0.8032 -0.4871
vn -0.1244 0.7388 -0.6624
vn -0.1149 0.7180 -0.6865
vn 0.0739 0.9617 -0.2638
vn 0.0656 0.9600 -0.2723
vn 0.0828 0.9551 -0.2846
vn 0.5830 0.7610 0.2846
vn 0.5166 0.8308 0.2070
vn 0.4293 0.8535 0.2953
vn 0.4779 0.7888 0.3866
vn 0.2606 0.8804 0.3962
vn 0.2869 0.8214 0.4929
vn -0.3070 0.7263 -0.6150
vn 0.0890 0.9536 -0.2875
vn 0.0984 0.9486 -0.3006
vn -0.1966 0.7032 -0.6833
vn 0.4206 0.9047 0.0675
vn 0.3466 0.9310 0.1141
vn 0.0677 0.9499 -0.3050
vn -0.0944 0.6821 -0.7251
vn 0.2077 0.9648 0.1617
vn -0.6956 0.3811 -0.6090
vn -0.4238 0.7417 -0.5199
vn -0.5558 0.3630 -0.7479
vn 0.0469 0.9650 -0.2580
vn 0.4531 0.8907 0.0364
vn -0.2037 0.3145 -0.9272
vn -0.3910 0.3373 -0.8563
vn -0.7063 0.7052 -0.0622
vn -0.1452 0.9894 0.0057
vn -0.0864 0.9887 -0.1225
vn -0.6380 0.7278 -0.2513
vn 0.4524 0.8895 0.0642
vn 0.4608 0.8869 0.0335
vn -0.0160 0.9784 -0.2061
vn -0.5381 0.7420 -0.3998
vn 0.4630 0.8860 0.0251
vn -0.9269 0.3642 -0.0902
vn -0.8052 0.3843 -0.4516
vn -0.8826 0.3760 -0.2821
vn -0.8794 0.1728 -0.4436
vn -0.8878 0.1200 -0.4444
vn -0.9765 0.1904 0.1010
vn -0.9816 0.1710 0.0855
vn -0.7801 0.1538 -0.6064
vn -0.7881 0.0929 -0.6085
vn -0.6460 0.0593 -0.7610
vn -0.6402 0.1260 -0.7578
vn -0.4619 0.0970 -0.8816
vn -0.4660 0.0273 -0.8844
vn -0.2455 0.0748 -0.9665
vn -0.2479 0.0045 -0.9688
vn -0.8213 0.1979 0.5351
vn -0.8276 0.1675 0.5357
vn -0.8802 0.1766 0.4405
vn -0.8806 0.1939 0.4323
vn -0.9375 0.1860 0.2941
vn -0.9425 0.1849 0.2783
vn -0.7769 0.1974 0.5979
vn -0.7869 0.1637 0.5950
vn -0.3760 0.7432 0.5535
vn -0.7922 0.2821 0.5411
vn -0.8650 0.2648 0.4263
vn -0.4410 0.7548 0.4856
vn -0.9360 0.2351 0.2618
vn -0.5208 0.7745 0.3591
vn -0.3404 0.7366 0.5844
vn -0.7377 0.2832 0.6129
vn -0.9773 0.2007 0.0678
vn -0.5811 0.7954 0.1721
vn -0.5898 0.8066 -0.0384
vn -0.9779 0.1710 -0.1202
vn -0.9457 0.1475 -0.2896
vn -0.5465 0.8025 -0.2394
vn -0.8822 0.1232 -0.4545
vn -0.4523 0.7805 -0.4315
vn -0.7778 0.0915 -0.6219
vn -0.3021 0.7378 -0.6036
vn -0.4204 0.1512 0.8947
vn -0.4172 0.1716 0.8925
vn -0.6397 0.1670 0.7502
vn -0.6384 0.1714 0.7504
vn -0.7383 0.1644 0.6541
vn -0.7304 0.1892 0.6562
vn -0.1704 0.6947 0.6989
vn -0.3915 0.1813 0.9021
vn -0.5988 0.2255 0.7685
vn -0.2753 0.7085 0.6498
vn -0.6880 0.2642 0.6759
vn -0.3184 0.7262 0.6093
vn -0.1289 0.6934 -0.7089
vn -0.6309 0.0541 -0.7739
vn -0.4509 0.0199 -0.8923
vn 0.0065 0.6813 -0.7320
vn 0.1341 0.9341 0.3309
vn 0.2501 0.9334 0.2572
vn 0.1656 0.9237 0.3454
vn 0.3000 0.9148 0.2704
vn 0.1476 0.9270 0.3449
vn 0.0870 0.9320 0.3519
vn 0.2323 0.9479 0.2180
vn 0.3128 0.9236 0.2216
vn 0.0307 0.9298 0.3667
vn 0.1284 0.9675 0.2180
vn 0.3469 0.9337 -0.0891
vn 0.3122 0.9500 -0.0043
vn 0.4888 0.8706 0.0561
vn 0.5026 0.8644 0.0119
vn 0.3735 0.8981 0.2322
vn 0.2006 0.9166 0.3460
vn -0.3712 0.7119 0.5961
vn -0.8154 0.0136 0.5787
vn -0.7178 -0.0172 0.6960
vn -0.3400 0.6912 0.6377
vn -0.7914 -0.5380 0.2902
vn -0.6985 -0.5993 0.3911
vn -0.4803 -0.0712 0.8742
vn -0.2365 0.6702 0.7035
vn -0.4701 -0.6997 0.5380
vn -0.3751 0.7304 0.5708
vn -0.8635 0.0374 0.5029
vn -0.8385 -0.4984 0.2204
vn -0.7074 -0.7054 0.0447
vn -0.3734 -0.8965 0.2386
vn -0.3484 -0.9155 -0.2010
vn -0.2825 -0.9404 -0.1895
vn -0.2762 -0.9609 0.0187
vn -0.1744 -0.9694 -0.1727
vn -0.5639 -0.8213 -0.0864
vn -0.3922 -0.8959 -0.2086
vn -0.1888 -0.9328 -0.3071
vn -0.1417 -0.9399 -0.3106
vn 0.2307 -0.7445 -0.6265
vn 0.1755 -0.7364 -0.6534
vn -0.0815 -0.9467 -0.3115
vn 0.0958 -0.7354 -0.6708
vn -0.2247 -0.9258 -0.3041
vn 0.2757 -0.7564 -0.5931
vn -0.5913 -0.8048 -0.0521
vn -0.4736 -0.8799 0.0386
vn -0.4348 -0.9004 0.0152
vn -0.5701 -0.8192 -0.0624
vn 0.2266 -0.7638 -0.6044
vn 0.1881 -0.7565 -0.6263
vn 0.1204 -0.7423 -0.6591
vn 0.2616 -0.7650 -0.5885
vn 0.3128 -0.7744 -0.5499
vn 0.3744 -0.8047 -0.4607
vn 0.4211 -0.8484 -0.3207
vn 0.4442 -0.8834 -0.1495
vn 0.0291 -0.7936 0.6078
vn 0.4546 -0.8904 0.0225
vn 0.4398 -0.8793 0.1829
vn 0.3901 -0.8565 0.3381
vn 0.2961 -0.8276 0.4769
vn 0.1767 -0.8059 0.5652
vn 0.0835 -0.7965 0.5989
vn 0.2841 -0.9033 0.3215
vn 0.3837 -0.9088 0.1641
vn 0.4501 -0.8930 0.0058
vn 0.1621 -0.8758 0.4546
vn 0.4839 -0.8622 -0.1497
vn 0.4684 -0.8296 -0.3040
vn 0.4092 -0.7981 -0.4422
vn 0.3344 -0.7732 -0.5388
vn -0.3762 -0.9260 -0.0306
vn -0.5387 -0.8383 -0.0842
vn -0.5966 -0.8012 -0.0463
vn -0.4818 -0.8743 0.0584
vn -0.3147 -0.9430 -0.1081
vn -0.5033 -0.8554 -0.1227
vn -0.4711 -0.8661 -0.1669
vn -0.2704 -0.9423 -0.1974
vn -0.2517 -0.9310 -0.2642
vn -0.4461 -0.8728 -0.1980
vn -0.2440 -0.9235 -0.2960
vn -0.4229 -0.8815 -0.2100
vn -0.7858 -0.5750 -0.2279
vn -0.7010 -0.6977 -0.1477
vn -0.7045 -0.6972 -0.1327
vn -0.8063 -0.5627 -0.1826
vn -0.6992 -0.7043 -0.1226
vn -0.8157 -0.5609 -0.1413
vn -0.6867 -0.7075 -0.1672
vn -0.7518 -0.5979 -0.2782
vn -0.6853 -0.7183 -0.1205
vn -0.8140 -0.5714 -0.1048
vn -0.8007 -0.5951 -0.0687
vn -0.6633 -0.7386 -0.1207
vn -0.6351 -0.7637 -0.1157
vn -0.7769 -0.6289 -0.0308
vn -0.6019 -0.7917 -0.1043
vn -0.7449 -0.6671 0.0066
vn -0.3520 -0.7786 -0.5196
vn -0.3393 -0.8818 -0.3276
vn -0.5451 -0.7973 -0.2592
vn -0.5734 -0.6994 -0.4266
vn -0.3107 0.8641 -0.3960
vn -0.8622 0.1458 -0.4852
vn -0.9382 0.1598 -0.3072
vn -0.4003 0.8909 -0.2146
vn -0.8630 -0.3896 -0.3216
vn -0.8990 -0.3712 -0.2323
vn -0.9776 0.1597 -0.1370
vn -0.4555 0.8898 -0.0276
vn -0.9190 -0.3647 -0.1494
vn 0.3802 0.9090 -0.1709
vn -0.1878 0.8074 -0.5593
vn -0.7409 0.1120 -0.6622
vn -0.8051 -0.4199 -0.4188
vn -0.9258 -0.3715 -0.0693
vn -0.9885 0.1478 0.0317
vn -0.4763 0.8639 0.1641
vn 0.2794 0.9563 0.0861
vn 0.2542 0.9490 0.1863
vn -0.4614 0.8200 0.3388
vn -0.9734 0.1228 0.1936
vn -0.9393 0.0924 0.3305
vn -0.4230 0.7776 0.4653
vn -0.9195 -0.3930 0.0117
vn -0.9005 -0.4253 0.0905
vn -0.8999 0.0633 0.4314
vn -0.3882 0.7488 0.5372
vn -0.8724 -0.4620 0.1597
vn 0.2437 0.9298 0.2759
vn 0.2322 0.9087 0.3470
vn 0.2421 0.9127 0.3292
vn 0.4711 0.8756 0.1068
vn 0.4018 0.9154 0.0259
vn 0.4309 0.9020 -0.0276
vn 0.3762 0.9219 0.0924
vn 0.4538 0.8751 0.1682
vn 0.4127 0.8771 0.2457
vn 0.4319 0.8673 0.2473
vn 0.3572 0.9180 0.1723
vn 0.5092 0.8601 -0.0309
vn 0.4581 0.8863 -0.0681
vn 0.3318 0.8997 0.2838
vn 0.3437 0.8964 0.2800
vn 0.4417 0.8692 0.2222
vn 0.3478 0.9055 0.2431
vn 0.1933 0.9787 0.0691
vn 0.2347 0.9716 -0.0297
vn 0.2944 0.9494 -0.1097
vn 0.1708 0.9684 0.1819
vn 0.3646 0.9169 -0.1622
vn 0.1805 0.9169 0.3559
vn 0.1762 0.9237 0.3403
vn 0.1675 0.9447 0.2820
vn 0.4597 0.8842 -0.0832
vn 0.4097 0.8965 -0.1685
vn 0.3867 0.9131 -0.1294
vn 0.4042 0.9121 -0.0685
vn 0.2553 0.9639 -0.0750
vn 0.2566 0.9657 -0.0407
vn 0.0607 0.7117 -0.6998
vn 0.3901 0.8906 -0.2339
vn 0.4906 0.8692 -0.0617
vn 0.4193 0.9050 -0.0726
vn 0.3441 0.8987 -0.2718
vn 0.2620 0.9624 -0.0711
vn 0.2176 0.9305 -0.2948
vn -0.2385 -0.0039 -0.9711
vn 0.0242 0.6532 -0.7568
vn -0.2408 -0.0555 -0.9690
vn -0.4316 -0.0016 -0.9020
vn 0.0070 0.6850 -0.7285
vn -0.3411 -0.5833 -0.7372
vn -0.5736 -0.5205 -0.6325
vn -0.5931 0.0567 -0.8031
vn -0.0665 0.7380 -0.6715
vn -0.7155 -0.4641 -0.5221
vn -0.6906 -0.6374 -0.3418
vn -0.2967 -0.9510 -0.0874
vn -0.4793 -0.8753 -0.0641
vn -0.6449 -0.7372 -0.2015
vn -0.5675 -0.8219 -0.0487
vn -0.2119 -0.9654 0.1523
vn -0.3580 -0.9259 0.1211
vn -0.0102 -0.7963 0.6048
vn 0.0103 -0.8125 0.5829
vn -0.4459 -0.8909 0.0860
vn 0.0652 -0.8400 0.5387
vn -0.1769 0.8560 -0.4857
vn -0.3335 0.8053 0.4902
vn -0.5376 0.8006 0.2646
vn -0.1708 0.8065 -0.5660
vn -0.5878 0.8062 0.0679
vn -0.0661 0.8179 -0.5716
vn -0.0000 0.8097 0.5868
vn -0.0000 0.9044 -0.4267
vn -0.5544 0.8321 -0.0156
vn 0.0657 0.8733 -0.4828
vn 0.5451 -0.3437 -0.7647
vn 0.3138 -0.3657 -0.8762
vn 0.8228 -0.2540 -0.5085
vn 0.7055 -0.3049 -0.6397
vn -0.0000 -0.3780 -0.9258
vn 0.1720 0.9274 -0.3321
vn -0.5023 0.8647 -0.0091
vn -0.4630 0.8857 0.0335
vn 0.2364 0.9571 -0.1675
vn -0.4399 0.8932 0.0934
vn 0.2672 0.9636 -0.0023
vn -0.4291 0.8882 0.1642
vn 0.2691 0.9489 0.1648
vn 0.9699 -0.2084 -0.1262
vn 0.9476 -0.2124 -0.2384
vn 0.9034 -0.2238 -0.3658
vn 0.9776 -0.2098 -0.0176
vn 0.2427 0.9174 0.3155
vn -0.4292 0.8746 0.2254
vn -0.4452 0.8593 0.2518
vn 0.1973 0.8839 0.4240
vn -0.4820 0.8462 0.2271
vn 0.1431 0.8630 0.4846
vn -0.5271 0.8374 0.1444
vn 0.0881 0.8631 0.4973
vn 0.0437 0.8803 0.4724
vn -0.5531 0.8322 0.0382
vn -0.5523 0.8320 -0.0515
vn 0.0208 0.8973 0.4409
vn -0.5398 0.8346 -0.1096
vn 0.0125 0.9071 0.4207
vn -0.5334 0.8339 -0.1416
vn 0.0079 0.9107 0.4130
vn 0.0202 0.9092 0.4159
vn -0.5248 0.8350 -0.1653
vn -0.4751 0.8576 -0.1967
vn 0.0441 0.9025 0.4285
vn -0.3241 0.9156 -0.2380
vn 0.0676 0.8799 0.4703
vn -0.0000 0.9644 -0.2644
vn -0.0000 0.8528 0.5222
vn 0.4105 -0.3832 0.8274
vn 0.6277 -0.3294 0.7053
vn 0.7102 -0.2981 0.6378
vn -0.0000 -0.4173 0.9088
vn 0.7392 -0.2855 0.6100
vn 0.7577 -0.2797 0.5896
vn 0.7965 -0.2704 0.5408
vn 0.8493 -0.2658 0.4561
vn 0.8973 -0.2670 0.3514
vn 0.3100 -0.9199 0.2400
vn 0.4580 -0.8659 0.2010
vn 0.5082 -0.8441 0.1710
vn -0.0000 -0.9644 0.2645
vn 0.5181 -0.8423 0.1488
vn 0.5264 -0.8419 0.1187
vn 0.5423 -0.8379 0.0622
vn 0.5475 -0.8364 -0.0276
vn 0.5253 -0.8399 -0.1365
vn 0.9305 -0.2606 0.2574
vn 0.4818 -0.8474 -0.2230
vn 0.4453 -0.8597 -0.2504
vn 0.9539 -0.2457 0.1722
vn 0.4292 -0.8746 -0.2255
vn 0.9707 -0.2257 0.0830
vn 0.4289 -0.8881 -0.1652
vn 0.4395 -0.8932 -0.0951
vn 0.4621 -0.8861 -0.0367
vn 0.5001 -0.8659 0.0032
vn 0.5495 -0.8355 0.0048
vn 0.5777 -0.8119 -0.0838
vn 0.5217 -0.8059 -0.2800
vn 0.3199 -0.8067 -0.4968
vn -0.0000 -0.8088 -0.5881
vn 0.1769 0.8560 -0.4857
vn 0.1708 0.8065 -0.5660
vn 0.5376 0.8006 0.2646
vn 0.3335 0.8053 0.4902
vn -0.0657 0.8733 -0.4828
vn 0.5544 0.8321 -0.0156
vn 0.5878 0.8062 0.0679
vn 0.0661 0.8179 -0.5716
vn -0.3138 -0.3657 -0.8762
vn -0.5451 -0.3437 -0.7647
vn -0.7055 -0.3049 -0.6397
vn -0.8228 -0.2540 -0.5085
vn -0.1720 0.9274 -0.3321
vn -0.2364 0.9571 -0.1675
vn 0.4630 0.8857 0.0335
vn 0.5023 0.8647 -0.0091
vn -0.2691 0.9489 0.1648
vn 0.4291 0.8882 0.1642
vn 0.4399 0.8932 0.0934
vn -0.2672 0.9636 -0.0023
vn -0.9477 -0.2124 -0.2384
vn -0.9699 -0.2084 -0.1262
vn -0.9034 -0.2238 -0.3658
vn -0.9776 -0.2098 -0.0177
vn -0.2427 0.9174 0.3155
vn -0.1973 0.8839 0.4240
vn 0.4452 0.8593 0.2518
vn 0.4292 0.8746 0.2254
vn 0.5271 0.8374 0.1444
vn 0.4820 0.8462 0.2271
vn -0.1431 0.8630 0.4846
vn -0.0881 0.8631 0.4973
vn -0.0437 0.8803 0.4724
vn -0.0208 0.8973 0.4409
vn 0.5523 0.8320 -0.0515
vn 0.5531 0.8322 0.0382
vn 0.5334 0.8339 -0.1416
vn 0.5398 0.8346 -0.1096
vn -0.0125 0.9071 0.4207
vn -0.0079 0.9107 0.4130
vn -0.0202 0.9092 0.4159
vn -0.0441 0.9025 0.4285
vn 0.4751 0.8576 -0.1967
vn 0.5248 0.8350 -0.1653
vn 0.3241 0.9156 -0.2380
vn -0.0676 0.8799 0.4703
vn -0.6277 -0.3294 0.7053
vn -0.4105 -0.3832 0.8274
vn -0.7392 -0.2855 0.6100
vn -0.7102 -0.2981 0.6378
vn -0.7965 -0.2704 0.5408
vn -0.7577 -0.2797 0.5896
vn -0.8973 -0.2670 0.3514
vn -0.8493 -0.2658 0.4561
vn -0.4580 -0.8659 0.2010
vn -0.3100 -0.9199 0.2400
vn -0.5181 -0.8423 0.1488
vn -0.5082 -0.8441 0.1710
vn -0.5423 -0.8379 0.0622
vn -0.5264 -0.8419 0.1187
vn -0.5253 -0.8399 -0.1365
vn -0.5475 -0.8364 -0.0276
vn -0.9305 -0.2606 0.2574
vn -0.9539 -0.2457 0.1722
vn -0.4453 -0.8597 -0.2504
vn -0.4818 -0.8474 -0.2230
vn -0.4289 -0.8881 -0.1652
vn -0.4292 -0.8746 -0.2255
vn -0.9707 -0.2257 0.0830
vn -0.4621 -0.8861 -0.0367
vn -0.4395 -0.8932 -0.0951
vn -0.5495 -0.8355 0.0048
vn -0.5001 -0.8660 0.0032
vn -0.5217 -0.8059 -0.2800
vn -0.5777 -0.8119 -0.0838
vn -0.3199 -0.8067 -0.4968
vt 0.194898 0.973526
vt 0.190167 0.960340
vt 0.198884 0.957999
vt 0.201652 0.968500
vt 0.187936 0.942940
vt 0.197165 0.942880
vt 0.187239 0.923129
vt 0.196851 0.925015
vt 0.199042 0.924762
vt 0.199097 0.942005
vt 0.200485 0.956641
vt 0.202883 0.966921
vt 0.205890 0.973890
vt 0.206844 0.972155
vt 0.201992 0.980914
vt 0.100592 0.630577
vt 0.092132 0.642220
vt 0.089323 0.641807
vt 0.097836 0.630420
vt 0.079739 0.655629
vt 0.076912 0.654902
vt 0.190626 0.977696
vt 0.185114 0.963176
vt 0.187365 0.961544
vt 0.192503 0.975547
vt 0.182473 0.944625
vt 0.184962 0.943494
vt 0.107420 0.620342
vt 0.104317 0.630827
vt 0.103729 0.620342
vt 0.095982 0.642832
vt 0.083697 0.656687
vt 0.069082 0.671928
vt 0.065070 0.670438
vt 0.062299 0.669389
vt 0.181586 0.923809
vt 0.184196 0.923144
vt 0.200437 0.983711
vt 0.199004 0.986286
vt 0.100990 0.620342
vt 0.049810 0.685953
vt 0.034882 0.701594
vt 0.032422 0.700090
vt 0.047176 0.684640
vt 0.020847 0.717101
vt 0.018583 0.715441
vt 0.181586 0.902309
vt 0.182794 0.881067
vt 0.185355 0.881409
vt 0.184215 0.902130
vt 0.186013 0.860801
vt 0.188420 0.861694
vt 0.053813 0.687772
vt 0.038834 0.703651
vt 0.024694 0.719389
vt 0.011283 0.735383
vt 0.007536 0.732725
vt 0.005545 0.730744
vt 0.192211 0.842079
vt 0.194383 0.843545
vt 0.197244 0.845618
vt 0.191410 0.863261
vt 0.188410 0.882451
vt 0.187284 0.902641
vt 0.198879 0.887660
vt 0.197305 0.906269
vt 0.202215 0.869860
vt 0.208108 0.853417
vt 0.210596 0.855049
vt 0.204721 0.871146
vt 0.201338 0.888515
vt 0.199655 0.906605
vt 0.088252 0.809984
vt 0.085393 0.821787
vt 0.078220 0.811706
vt 0.080035 0.796349
vt 0.095994 0.825971
vt 0.091778 0.833906
vt 0.063775 0.778449
vt 0.072226 0.782332
vt 0.071725 0.786805
vt 0.063706 0.783162
vt 0.080893 0.792483
vt 0.089456 0.806886
vt 0.097573 0.823619
vt 0.070769 0.804514
vt 0.063433 0.801685
vt 0.089879 0.837704
vt 0.085044 0.831456
vt 0.078225 0.824139
vt 0.070779 0.818473
vt 0.063220 0.816143
vt 0.109299 0.860304
vt 0.101533 0.863619
vt 0.097135 0.847966
vt 0.103162 0.842895
vt 0.113702 0.877917
vt 0.104605 0.880044
vt 0.105834 0.896512
vt 0.115772 0.895548
vt 0.105133 0.841184
vt 0.111626 0.859154
vt 0.116318 0.877275
vt 0.118589 0.895386
vt 0.098918 0.896796
vt 0.098024 0.880276
vt 0.095736 0.863764
vt 0.092599 0.848522
vt 0.111894 0.930786
vt 0.102407 0.928491
vt 0.105073 0.912795
vt 0.115151 0.913261
vt 0.206654 0.829858
vt 0.219051 0.816129
vt 0.228759 0.825697
vt 0.217163 0.838636
vt 0.233471 0.804711
vt 0.241957 0.814871
vt 0.248929 0.796021
vt 0.255782 0.806607
vt 0.257200 0.808904
vt 0.243805 0.817107
vt 0.230925 0.827797
vt 0.219552 0.840541
vt 0.106201 0.947312
vt 0.098376 0.942748
vt 0.093064 0.954649
vt 0.098796 0.961989
vt 0.118053 0.913587
vt 0.114775 0.931658
vt 0.108880 0.948753
vt 0.101135 0.963975
vt 0.090818 0.950961
vt 0.093336 0.941751
vt 0.096153 0.928258
vt 0.098208 0.912919
vt 0.080772 0.983116
vt 0.078554 0.970535
vt 0.086378 0.963763
vt 0.090205 0.974062
vt 0.090153 0.879430
vt 0.081325 0.878042
vt 0.080415 0.858961
vt 0.088589 0.861850
vt 0.071945 0.876748
vt 0.071646 0.856418
vt 0.079166 0.840394
vt 0.086520 0.845242
vt 0.071166 0.836337
vt 0.090743 0.896713
vt 0.081630 0.896407
vt 0.071964 0.896055
vt 0.062048 0.895809
vt 0.062338 0.876092
vt 0.062645 0.855259
vt 0.062949 0.834591
vt 0.070467 0.948812
vt 0.071092 0.932005
vt 0.080295 0.930778
vt 0.079181 0.946552
vt 0.071634 0.914301
vt 0.081214 0.913898
vt 0.088750 0.929255
vt 0.086947 0.943631
vt 0.090185 0.913359
vt 0.061034 0.964765
vt 0.061257 0.949618
vt 0.069996 0.963556
vt 0.061510 0.932425
vt 0.061775 0.914393
vt 0.085766 0.955383
vt 0.078419 0.960159
vt 0.070820 0.988799
vt 0.069927 0.974969
vt 0.060653 0.990688
vt 0.060861 0.976516
vt 0.092075 0.976552
vt 0.082061 0.986009
vt 0.071454 0.991936
vt 0.060605 0.993897
vt 0.055583 0.786567
vt 0.056017 0.804297
vt 0.048358 0.811267
vt 0.046996 0.795863
vt 0.264520 0.790492
vt 0.279627 0.788243
vt 0.281699 0.798857
vt 0.269262 0.801281
vt 0.293687 0.789392
vt 0.292526 0.799346
vt 0.306171 0.793974
vt 0.301461 0.802459
vt 0.300655 0.803918
vt 0.292259 0.801150
vt 0.282023 0.800933
vt 0.270164 0.803529
vt 0.578318 0.122383
vt 0.584331 0.136747
vt 0.580523 0.136813
vt 0.574708 0.122485
vt 0.588411 0.150485
vt 0.584442 0.150519
vt 0.263836 0.782836
vt 0.280354 0.780353
vt 0.279689 0.784184
vt 0.263801 0.786530
vt 0.296015 0.781603
vt 0.294677 0.785422
vt 0.575462 0.106595
vt 0.583121 0.122084
vt 0.570893 0.107052
vt 0.589412 0.136572
vt 0.593737 0.150405
vt 0.595410 0.163947
vt 0.589938 0.163947
vt 0.585865 0.163947
vt 0.310156 0.786805
vt 0.308148 0.790417
vt 0.247569 0.792284
vt 0.247036 0.788854
vt 0.567495 0.107201
vt 0.546173 0.053924
vt 0.554089 0.072595
vt 0.551095 0.072963
vt 0.543338 0.054492
vt 0.562568 0.090419
vt 0.559379 0.090649
vt 0.202155 0.825262
vt 0.215260 0.810544
vt 0.216737 0.813118
vt 0.204013 0.827300
vt 0.230548 0.798252
vt 0.231584 0.801300
vt 0.543397 0.032549
vt 0.550503 0.052633
vt 0.538997 0.034325
vt 0.558449 0.071650
vt 0.566999 0.089751
vt 0.536280 0.035313
vt 0.591425 0.060819
vt 0.599898 0.080419
vt 0.581408 0.085956
vt 0.572906 0.067117
vt 0.565197 0.047267
vt 0.609102 0.098791
vt 0.590137 0.103504
vt 0.618615 0.115883
vt 0.627267 0.132216
vt 0.605800 0.134892
vt 0.598537 0.119672
vt 0.558884 0.026500
vt 0.578676 0.019184
vt 0.584160 0.040256
vt 0.633613 0.148168
vt 0.610970 0.149548
vt 0.636098 0.163947
vt 0.612994 0.163947
vt 0.084736 0.702971
vt 0.070205 0.719583
vt 0.052374 0.710693
vt 0.067167 0.694392
vt 0.056375 0.735793
vt 0.038335 0.726782
vt 0.025278 0.743421
vt 0.043667 0.752525
vt 0.120668 0.717929
vt 0.105506 0.734625
vt 0.088074 0.727530
vt 0.102740 0.710796
vt 0.082164 0.677778
vt 0.099397 0.685564
vt 0.090842 0.750676
vt 0.074013 0.743696
vt 0.061080 0.760377
vt 0.077327 0.767359
vt 0.618677 0.027513
vt 0.625858 0.049174
vt 0.609121 0.054813
vt 0.602028 0.033708
vt 0.117396 0.692821
vt 0.135604 0.699592
vt 0.634890 0.070128
vt 0.617770 0.075111
vt 0.645598 0.089964
vt 0.627653 0.094231
vt 0.132509 0.634110
vt 0.124846 0.649956
vt 0.108311 0.645758
vt 0.116250 0.632138
vt 0.597031 0.012241
vt 0.613930 0.005545
vt 0.113306 0.667502
vt 0.096429 0.661234
vt 0.167910 0.638584
vt 0.160581 0.658456
vt 0.142532 0.654214
vt 0.150040 0.636300
vt 0.119157 0.620342
vt 0.135252 0.620342
vt 0.149389 0.679311
vt 0.131175 0.673530
vt 0.657650 0.108841
vt 0.669173 0.127352
vt 0.648523 0.129656
vt 0.638413 0.112219
vt 0.152708 0.620342
vt 0.170497 0.620342
vt 0.151148 0.071038
vt 0.182322 0.090684
vt 0.180124 0.114872
vt 0.154298 0.099668
vt 0.158160 0.129649
vt 0.138324 0.124474
vt 0.129356 0.091213
vt 0.178605 0.139999
vt 0.204720 0.133560
vt 0.211891 0.114171
vt 0.188254 0.052008
vt 0.185715 0.068402
vt 0.149332 0.045167
vt 0.148081 0.026396
vt 0.198188 0.153572
vt 0.107438 0.092781
vt 0.120585 0.126501
vt 0.095005 0.060902
vt 0.121120 0.059648
vt 0.114327 0.031546
vt 0.109492 0.011346
vt 0.220148 0.095953
vt 0.226263 0.082327
vt 0.084046 0.032811
vt 0.076199 0.012698
vt 0.343439 0.306764
vt 0.327252 0.303578
vt 0.326645 0.270165
vt 0.342708 0.270755
vt 0.498684 0.884916
vt 0.450912 0.884121
vt 0.449688 0.881168
vt 0.496948 0.882264
vt 0.412941 0.875619
vt 0.412970 0.872432
vt 0.450065 0.877501
vt 0.496301 0.878387
vt 0.414426 0.869247
vt 0.188542 0.047235
vt 0.227429 0.078295
vt 0.147437 0.020982
vt 0.107964 0.005545
vt 0.073936 0.006897
vt 0.386995 0.859965
vt 0.389291 0.857592
vt 0.391659 0.855144
vt 0.395601 0.851070
vt 0.417746 0.864371
vt 0.452182 0.871750
vt 0.496760 0.872108
vt 0.546545 0.872402
vt 0.545223 0.866007
vt 0.548123 0.876259
vt 0.550028 0.878702
vt 0.430189 0.848436
vt 0.461432 0.853321
vt 0.476043 0.828594
vt 0.509055 0.826468
vt 0.500930 0.852143
vt 0.448952 0.825450
vt 0.409201 0.837015
vt 0.495247 0.799987
vt 0.520942 0.798690
vt 0.429979 0.815546
vt 0.543647 0.845779
vt 0.544206 0.820429
vt 0.473158 0.796813
vt 0.517143 0.767747
vt 0.534728 0.768693
vt 0.501104 0.763574
vt 0.456837 0.787806
vt 0.700523 0.694006
vt 0.692032 0.721931
vt 0.661050 0.717632
vt 0.669658 0.695404
vt 0.488258 0.755396
vt 0.547513 0.794257
vt 0.552035 0.767073
vt 0.508391 0.184898
vt 0.516864 0.200160
vt 0.457333 0.207922
vt 0.450726 0.196479
vt 0.525191 0.231385
vt 0.463662 0.231385
vt 0.461935 0.219713
vt 0.522894 0.215852
vt 0.443001 0.186180
vt 0.498787 0.171066
vt 0.752763 0.420239
vt 0.750891 0.361672
vt 0.764037 0.417612
vt 0.740121 0.421481
vt 0.727110 0.420902
vt 0.715009 0.417930
vt 0.705068 0.411947
vt 0.783092 0.408310
vt 0.791601 0.401533
vt 0.774038 0.413646
vt 0.799193 0.308676
vt 0.807636 0.318916
vt 0.813517 0.331387
vt 0.816634 0.345099
vt 0.816634 0.358889
vt 0.813335 0.371701
vt 0.807449 0.383179
vt 0.799908 0.393161
vt 0.440382 0.081915
vt 0.447363 0.098163
vt 0.400359 0.132882
vt 0.395380 0.120781
vt 0.412247 0.154404
vt 0.405920 0.144274
vt 0.454675 0.113459
vt 0.462535 0.127180
vt 0.390532 0.108251
vt 0.433205 0.065012
vt 0.470973 0.138810
vt 0.479880 0.149135
vt 0.426990 0.170220
vt 0.419341 0.162826
vt 0.434959 0.177647
vt 0.489177 0.159435
vt 0.677378 0.747687
vt 0.648214 0.737710
vt 0.629185 0.714833
vt 0.638252 0.698273
vt 0.617911 0.729099
vt 0.632337 0.754852
vt 0.657780 0.769865
vt 0.634391 0.787571
vt 0.607560 0.801351
vt 0.594468 0.779494
vt 0.614432 0.768647
vt 0.605698 0.740902
vt 0.673082 0.671953
vt 0.643907 0.679766
vt 0.701927 0.665492
vt 0.577444 0.812059
vt 0.572213 0.787885
vt 0.581099 0.757941
vt 0.593594 0.750449
vt 0.567443 0.763485
vt 0.756268 0.698586
vt 0.746034 0.736939
vt 0.721887 0.729237
vt 0.731145 0.695592
vt 0.726775 0.772109
vt 0.704819 0.760300
vt 0.700409 0.801869
vt 0.681467 0.786873
vt 0.668639 0.824996
vt 0.632118 0.842530
vt 0.620741 0.823875
vt 0.653261 0.807802
vt 0.731374 0.661452
vt 0.756126 0.659891
vt 0.590962 0.855911
vt 0.584139 0.836244
vt 0.709557 0.567216
vt 0.729010 0.592264
vt 0.708896 0.601695
vt 0.692618 0.579379
vt 0.772248 0.702648
vt 0.761287 0.743438
vt 0.758814 0.741917
vt 0.769556 0.701427
vt 0.740764 0.780573
vt 0.738487 0.778874
vt 0.753956 0.739836
vt 0.764525 0.700092
vt 0.734019 0.776208
vt 0.337116 0.342565
vt 0.347279 0.307922
vt 0.340814 0.344622
vt 0.346513 0.271079
vt 0.336069 0.235611
vt 0.339705 0.235149
vt 0.324319 0.202378
vt 0.327681 0.201162
vt 0.712975 0.811861
vt 0.710793 0.809984
vt 0.706764 0.806871
vt 0.764290 0.659946
vt 0.769313 0.660478
vt 0.772248 0.661274
vt 0.679553 0.836032
vt 0.641242 0.854273
vt 0.639260 0.852109
vt 0.677486 0.834004
vt 0.598107 0.868195
vt 0.596165 0.865900
vt 0.636297 0.848514
vt 0.673965 0.830597
vt 0.593830 0.862160
vt 0.307784 0.171561
vt 0.310777 0.169629
vt 0.286134 0.141988
vt 0.288641 0.139377
vt 0.259052 0.112495
vt 0.260960 0.109190
vt 0.305251 0.299130
vt 0.304810 0.269147
vt 0.320633 0.237422
vt 0.299621 0.239629
vt 0.321476 0.336543
vt 0.300218 0.328444
vt 0.290192 0.211642
vt 0.309881 0.206421
vt 0.274755 0.150446
vt 0.249957 0.123439
vt 0.294652 0.177761
vt 0.259289 0.161569
vt 0.237666 0.137881
vt 0.276771 0.185861
vt 0.283607 0.267220
vt 0.279259 0.241306
vt 0.283825 0.293530
vt 0.262939 0.264719
vt 0.259445 0.242688
vt 0.262898 0.287157
vt 0.279430 0.319203
vt 0.244732 0.173134
vt 0.226369 0.153070
vt 0.258976 0.309241
vt 0.271190 0.216752
vt 0.252751 0.221833
vt 0.259673 0.194190
vt 0.230765 0.185031
vt 0.215700 0.168695
vt 0.243158 0.202692
vt 0.289201 0.355846
vt 0.273224 0.379850
vt 0.257062 0.363923
vt 0.270183 0.343119
vt 0.253581 0.398757
vt 0.241157 0.380040
vt 0.240894 0.348691
vt 0.251182 0.330183
vt 0.229181 0.362849
vt 0.231341 0.411272
vt 0.223242 0.390382
vt 0.322825 0.376971
vt 0.301755 0.407972
vt 0.289644 0.395675
vt 0.308566 0.367823
vt 0.215936 0.371454
vt 0.275767 0.432975
vt 0.266272 0.417965
vt 0.246243 0.449668
vt 0.239718 0.432857
vt 0.074940 0.077662
vt 0.090247 0.106465
vt 0.077615 0.129571
vt 0.060556 0.106370
vt 0.677834 0.145722
vt 0.656069 0.146862
vt 0.681244 0.163947
vt 0.659044 0.163947
vt 0.584160 0.287637
vt 0.565197 0.280627
vt 0.572906 0.260777
vt 0.591425 0.267075
vt 0.722313 0.559870
vt 0.743605 0.587975
vt 0.740348 0.588414
vt 0.719253 0.561242
vt 0.761524 0.622198
vt 0.758367 0.621940
vt 0.735868 0.589596
vt 0.715366 0.563385
vt 0.753524 0.622235
vt 0.278123 0.437562
vt 0.248177 0.454651
vt 0.304618 0.411876
vt 0.326178 0.379981
vt 0.745846 0.623588
vt 0.694629 0.542288
vt 0.689915 0.547147
vt 0.697656 0.539168
vt 0.700048 0.536703
vt 0.722915 0.629448
vt 0.686026 0.613714
vt 0.673518 0.593799
vt 0.696268 0.638014
vt 0.665006 0.626794
vt 0.656052 0.608435
vt 0.675823 0.561672
vt 0.659833 0.578153
vt 0.671087 0.648459
vt 0.643629 0.640538
vt 0.637994 0.623601
vt 0.645529 0.659885
vt 0.371241 0.750624
vt 0.391073 0.745799
vt 0.391189 0.785336
vt 0.373066 0.795190
vt 0.644542 0.593910
vt 0.628669 0.610251
vt 0.402912 0.016224
vt 0.414981 0.030810
vt 0.378032 0.082878
vt 0.369230 0.071945
vt 0.384995 0.095373
vt 0.424952 0.047606
vt 0.358368 0.063900
vt 0.388400 0.005545
vt 0.212031 0.983045
vt 0.212745 0.974579
vt 0.223202 0.971585
vt 0.225759 0.980183
vt 0.236903 0.964986
vt 0.241715 0.972904
vt 0.213458 0.972686
vt 0.223520 0.969527
vt 0.236627 0.962875
vt 0.251351 0.953939
vt 0.252285 0.955932
vt 0.258944 0.963095
vt 0.100592 0.610107
vt 0.097836 0.610264
vt 0.089323 0.598877
vt 0.092132 0.598464
vt 0.210724 0.988879
vt 0.211568 0.986151
vt 0.226205 0.983198
vt 0.225999 0.985972
vt 0.076912 0.585782
vt 0.079739 0.585055
vt 0.242809 0.975727
vt 0.243157 0.978439
vt 0.104317 0.609857
vt 0.260532 0.965692
vt 0.261340 0.968262
vt 0.062299 0.571295
vt 0.065070 0.570246
vt 0.083697 0.583997
vt 0.069082 0.568756
vt 0.095983 0.597852
vt 0.049810 0.554730
vt 0.047176 0.556044
vt 0.032422 0.540594
vt 0.034882 0.539090
vt 0.279635 0.956926
vt 0.278401 0.954595
vt 0.295425 0.942694
vt 0.297065 0.944693
vt 0.018583 0.525243
vt 0.020846 0.523583
vt 0.310572 0.929705
vt 0.312600 0.931281
vt 0.053813 0.552911
vt 0.276347 0.952253
vt 0.292928 0.940646
vt 0.307666 0.927987
vt 0.319601 0.913744
vt 0.322869 0.915088
vt 0.325258 0.916163
vt 0.005545 0.509940
vt 0.007536 0.507959
vt 0.024694 0.521295
vt 0.011283 0.505301
vt 0.038834 0.537032
vt 0.267975 0.945642
vt 0.282982 0.934482
vt 0.296361 0.922268
vt 0.266448 0.943821
vt 0.280960 0.932840
vt 0.293947 0.920812
vt 0.304561 0.907347
vt 0.307256 0.908606
vt 0.040891 0.821132
vt 0.038381 0.809250
vt 0.055213 0.782082
vt 0.034152 0.833058
vt 0.030172 0.825003
vt 0.055597 0.818249
vt 0.047987 0.823695
vt 0.040956 0.830807
vt 0.035939 0.836910
vt 0.022509 0.841708
vt 0.028384 0.846954
vt 0.023528 0.862471
vt 0.015863 0.858930
vt 0.037269 0.806119
vt 0.028663 0.822605
vt 0.046252 0.791973
vt 0.019974 0.878799
vt 0.010944 0.876405
vt 0.020590 0.839940
vt 0.018261 0.895224
vt 0.008355 0.893967
vt 0.032902 0.847644
vt 0.029318 0.862787
vt 0.026545 0.879224
vt 0.025166 0.895711
vt 0.008455 0.911691
vt 0.018543 0.911522
vt 0.020746 0.927289
vt 0.011195 0.929304
vt 0.008347 0.875687
vt 0.005545 0.893723
vt 0.013570 0.857711
vt 0.328053 0.897455
vt 0.315062 0.893145
vt 0.319957 0.876460
vt 0.333204 0.879684
vt 0.322205 0.859546
vt 0.335326 0.861411
vt 0.312185 0.892117
vt 0.317033 0.875723
vt 0.319328 0.859153
vt 0.319275 0.843414
vt 0.321977 0.843418
vt 0.334588 0.843681
vt 0.024356 0.941659
vt 0.016400 0.945991
vt 0.005545 0.911932
vt 0.029315 0.953711
vt 0.023370 0.960879
vt 0.025401 0.911847
vt 0.027004 0.927241
vt 0.029423 0.940810
vt 0.031668 0.950090
vt 0.031602 0.973200
vt 0.035730 0.963018
vt 0.043352 0.970017
vt 0.040764 0.982528
vt 0.013679 0.947353
vt 0.020974 0.962796
vt 0.008290 0.930092
vt 0.034438 0.878610
vt 0.036518 0.861084
vt 0.044774 0.858436
vt 0.043303 0.877483
vt 0.039075 0.844544
vt 0.046568 0.839915
vt 0.053614 0.856152
vt 0.052716 0.876465
vt 0.054684 0.836095
vt 0.033340 0.895868
vt 0.052130 0.895764
vt 0.042458 0.895831
vt 0.052074 0.948542
vt 0.043430 0.946026
vt 0.042781 0.930226
vt 0.051944 0.931724
vt 0.035754 0.942878
vt 0.034374 0.928455
vt 0.042360 0.913326
vt 0.051923 0.914011
vt 0.033408 0.912523
vt 0.052111 0.963293
vt 0.043792 0.959649
vt 0.036589 0.954660
vt 0.051845 0.974703
vt 0.050545 0.988501
vt 0.029659 0.975634
vt 0.049819 0.991618
vt 0.039391 0.985382
vt 0.331088 0.827512
vt 0.319451 0.829146
vt 0.314886 0.817352
vt 0.325029 0.813496
vt 0.308835 0.808362
vt 0.316655 0.802155
vt 0.317071 0.829565
vt 0.312952 0.818175
vt 0.307443 0.809532
vt 0.578318 0.205511
vt 0.574708 0.205408
vt 0.580523 0.191081
vt 0.584331 0.191147
vt 0.337956 0.824060
vt 0.334834 0.826036
vt 0.328446 0.811304
vt 0.331351 0.808720
vt 0.584442 0.177375
vt 0.588411 0.177409
vt 0.319503 0.799221
vt 0.322042 0.796071
vt 0.575462 0.221299
vt 0.570893 0.220842
vt 0.583121 0.205810
vt 0.567495 0.220693
vt 0.341682 0.841520
vt 0.338483 0.842872
vt 0.593737 0.177489
vt 0.589412 0.191322
vt 0.546173 0.273970
vt 0.543338 0.273401
vt 0.551095 0.254930
vt 0.554089 0.255299
vt 0.334328 0.898863
vt 0.331618 0.898355
vt 0.336983 0.880068
vt 0.339950 0.879970
vt 0.559379 0.237245
vt 0.562568 0.237475
vt 0.339222 0.861220
vt 0.342360 0.860498
vt 0.543397 0.295345
vt 0.538997 0.293569
vt 0.550503 0.275260
vt 0.536281 0.292581
vt 0.566999 0.238143
vt 0.558449 0.256244
vt 0.581408 0.241937
vt 0.599898 0.247475
vt 0.558884 0.301394
vt 0.578676 0.308710
vt 0.590137 0.224389
vt 0.609102 0.229103
vt 0.618615 0.212011
vt 0.598537 0.208221
vt 0.605800 0.193002
vt 0.627267 0.195678
vt 0.610970 0.178346
vt 0.633613 0.179725
vt 0.084736 0.537713
vt 0.067167 0.546292
vt 0.052374 0.529991
vt 0.070205 0.521100
vt 0.038335 0.513902
vt 0.056375 0.504891
vt 0.099397 0.555120
vt 0.082164 0.562906
vt 0.025278 0.497263
vt 0.043667 0.488158
vt 0.120668 0.522754
vt 0.102740 0.529888
vt 0.088074 0.513154
vt 0.105506 0.506059
vt 0.074013 0.496987
vt 0.090842 0.490008
vt 0.135604 0.541092
vt 0.117395 0.547863
vt 0.061080 0.480307
vt 0.077327 0.473325
vt 0.618677 0.300381
vt 0.602028 0.294185
vt 0.609122 0.273081
vt 0.625858 0.278720
vt 0.617770 0.252782
vt 0.634890 0.257766
vt 0.597031 0.315653
vt 0.613930 0.322349
vt 0.627653 0.233662
vt 0.645598 0.237930
vt 0.132509 0.606574
vt 0.116251 0.608545
vt 0.108311 0.594926
vt 0.124846 0.590727
vt 0.096429 0.579449
vt 0.113306 0.573182
vt 0.167910 0.602100
vt 0.150040 0.604384
vt 0.142532 0.586469
vt 0.160581 0.582228
vt 0.131175 0.567154
vt 0.149389 0.561373
vt 0.657650 0.219053
vt 0.638413 0.215674
vt 0.648523 0.198238
vt 0.669173 0.200542
vt 0.106155 0.137008
vt 0.095071 0.154247
vt 0.068900 0.158249
vt 0.050912 0.141927
vt 0.087048 0.175743
vt 0.081762 0.199007
vt 0.063422 0.188657
vt 0.045030 0.179219
vt 0.020380 0.117481
vt 0.032594 0.071450
vt 0.044381 0.086106
vt 0.033339 0.127824
vt 0.050790 0.034251
vt 0.060911 0.052385
vt 0.078100 0.409901
vt 0.054334 0.382853
vt 0.065779 0.371578
vt 0.087884 0.396625
vt 0.026636 0.171387
vt 0.012925 0.165493
vt 0.358368 0.749121
vt 0.361078 0.750770
vt 0.363732 0.797993
vt 0.360738 0.796867
vt 0.364977 0.751290
vt 0.367385 0.797496
vt 0.373676 0.834413
vt 0.370491 0.834548
vt 0.376811 0.832853
vt 0.009342 0.163314
vt 0.016938 0.114165
vt 0.362895 0.697556
vt 0.365401 0.699381
vt 0.369312 0.700834
vt 0.375753 0.701947
vt 0.381576 0.829373
vt 0.047986 0.028949
vt 0.029403 0.067032
vt 0.416489 0.736835
vt 0.415438 0.769919
vt 0.397097 0.816412
vt 0.419462 0.796903
vt 0.396040 0.702863
vt 0.421377 0.701480
vt 0.443889 0.724039
vt 0.443433 0.749787
vt 0.473424 0.709238
vt 0.475017 0.726803
vt 0.447312 0.771775
vt 0.479733 0.742755
vt 0.447436 0.697322
vt 0.474398 0.691928
vt 0.542801 0.541060
vt 0.542383 0.571965
vt 0.520433 0.581293
vt 0.515147 0.550440
vt 0.508391 0.277873
vt 0.450726 0.266291
vt 0.457333 0.254849
vt 0.516864 0.262610
vt 0.461935 0.243057
vt 0.522894 0.246919
vt 0.498787 0.291705
vt 0.443001 0.276590
vt 0.692401 0.365223
vt 0.692333 0.377926
vt 0.693975 0.353754
vt 0.696999 0.343429
vt 0.701475 0.333921
vt 0.707435 0.324821
vt 0.698191 0.402602
vt 0.694113 0.390828
vt 0.788216 0.301216
vt 0.715004 0.315776
vt 0.724246 0.307345
vt 0.735131 0.300423
vt 0.747583 0.295953
vt 0.761313 0.294678
vt 0.775254 0.296513
vt 0.440382 0.380856
vt 0.395380 0.341989
vt 0.400359 0.329889
vt 0.447363 0.364608
vt 0.405920 0.318496
vt 0.454675 0.349311
vt 0.433205 0.397758
vt 0.390533 0.354520
vt 0.412247 0.308367
vt 0.462535 0.335590
vt 0.470973 0.323960
vt 0.419341 0.299944
vt 0.426990 0.292550
vt 0.479880 0.313636
vt 0.434959 0.285123
vt 0.489177 0.303335
vt 0.540495 0.603516
vt 0.524258 0.613056
vt 0.500773 0.594767
vt 0.489858 0.565917
vt 0.510398 0.624794
vt 0.571265 0.538756
vt 0.565715 0.567774
vt 0.558880 0.597191
vt 0.498955 0.637368
vt 0.484144 0.611191
vt 0.468302 0.586227
vt 0.451340 0.610192
vt 0.470916 0.629549
vt 0.460700 0.649877
vt 0.438413 0.637482
vt 0.489810 0.649809
vt 0.482704 0.662575
vt 0.453009 0.672410
vt 0.428667 0.667957
vt 0.477559 0.676427
vt 0.536472 0.485460
vt 0.540252 0.510492
vt 0.506894 0.520812
vt 0.498430 0.496901
vt 0.476366 0.538869
vt 0.463855 0.517279
vt 0.574386 0.509196
vt 0.575177 0.484397
vt 0.450529 0.563076
vt 0.434920 0.544603
vt 0.412794 0.577130
vt 0.430492 0.591965
vt 0.415454 0.625020
vt 0.396421 0.614238
vt 0.404260 0.662042
vt 0.384362 0.655855
vt 0.669261 0.528121
vt 0.657616 0.545421
vt 0.634816 0.529829
vt 0.643631 0.509433
vt 0.531909 0.469602
vt 0.533215 0.472257
vt 0.493047 0.484274
vt 0.491447 0.481847
vt 0.534707 0.477248
vt 0.495282 0.489068
vt 0.456716 0.505776
vt 0.454944 0.503551
vt 0.459525 0.510162
vt 0.106935 0.432026
vt 0.105598 0.436039
vt 0.076050 0.413346
vt 0.573294 0.468315
vt 0.574181 0.471226
vt 0.574869 0.476234
vt 0.429713 0.538404
vt 0.426469 0.534472
vt 0.424522 0.532348
vt 0.035519 0.352459
vt 0.032526 0.354571
vt 0.018467 0.321414
vt 0.021763 0.320042
vt 0.051747 0.385659
vt 0.401402 0.566561
vt 0.403497 0.568565
vt 0.386605 0.607400
vt 0.384376 0.605486
vt 0.407020 0.571980
vt 0.390298 0.610248
vt 0.374197 0.650973
vt 0.371838 0.649104
vt 0.378015 0.653187
vt 0.009653 0.286790
vt 0.013159 0.286193
vt 0.009180 0.209841
vt 0.005545 0.208697
vt 0.009151 0.249821
vt 0.005545 0.249590
vt 0.048119 0.343379
vt 0.081191 0.356092
vt 0.101099 0.378498
vt 0.065095 0.330825
vt 0.035127 0.313281
vt 0.023263 0.211755
vt 0.023233 0.248369
vt 0.053154 0.303841
vt 0.114397 0.417028
vt 0.124596 0.396709
vt 0.042063 0.214091
vt 0.042124 0.246123
vt 0.027011 0.281901
vt 0.045642 0.275802
vt 0.081235 0.318312
vt 0.095524 0.340361
vt 0.096782 0.305934
vt 0.109080 0.324566
vt 0.113114 0.359914
vt 0.124241 0.341100
vt 0.070599 0.294777
vt 0.087602 0.286063
vt 0.142036 0.354730
vt 0.133670 0.375874
vt 0.060638 0.217655
vt 0.060644 0.244819
vt 0.079041 0.221976
vt 0.078949 0.244162
vt 0.063848 0.270397
vt 0.081736 0.265511
vt 0.151224 0.409463
vt 0.156642 0.387255
vt 0.180356 0.393669
vt 0.179208 0.416350
vt 0.161841 0.365007
vt 0.181911 0.371450
vt 0.202997 0.394788
vt 0.206465 0.417030
vt 0.200262 0.373837
vt 0.140703 0.447733
vt 0.145036 0.431364
vt 0.177786 0.439114
vt 0.177157 0.456356
vt 0.210068 0.439779
vt 0.213191 0.457262
vt 0.656069 0.181032
vt 0.677834 0.182171
vt 0.676218 0.515146
vt 0.674939 0.518247
vt 0.647134 0.497980
vt 0.647474 0.494711
vt 0.672914 0.522197
vt 0.646089 0.502496
vt 0.613061 0.480986
vt 0.612706 0.477837
vt 0.612915 0.485838
vt 0.214547 0.462235
vt 0.611798 0.493558
vt 0.140264 0.452215
vt 0.177681 0.461166
vt 0.643784 0.564948
vt 0.623501 0.553053
vt 0.606644 0.516663
vt 0.598907 0.543562
vt 0.629689 0.582839
vt 0.611070 0.574461
vt 0.615103 0.601285
vt 0.597980 0.596336
vt 0.589253 0.569039
vt 0.578649 0.594775
vt 0.402912 0.446546
vt 0.369230 0.390826
vt 0.378032 0.379892
vt 0.414981 0.431961
vt 0.384995 0.367397
vt 0.424952 0.415164
vt 0.358368 0.398871
vt 0.388400 0.457226
vt 0.966909 0.577457
vt 0.961260 0.579092
vt 0.960609 0.560963
vt 0.966297 0.557929
vt 0.956891 0.541713
vt 0.962606 0.537516
vt 0.960936 0.595594
vt 0.966582 0.595594
vt 0.948950 0.522998
vt 0.954508 0.517841
vt 0.265878 0.603485
vt 0.257064 0.586050
vt 0.266970 0.583098
vt 0.276096 0.601961
vt 0.231854 0.552451
vt 0.240988 0.547271
vt 0.254596 0.564922
vt 0.245081 0.569116
vt 0.279676 0.621294
vt 0.269332 0.621294
vt 0.941586 0.500548
vt 0.936497 0.506441
vt 0.920432 0.492685
vt 0.924835 0.486269
vt 0.901882 0.482155
vt 0.905541 0.475394
vt 0.881934 0.475287
vt 0.884958 0.468315
vt 0.193172 0.499313
vt 0.201369 0.492280
vt 0.214163 0.511108
vt 0.205655 0.517608
vt 0.227447 0.529471
vt 0.218636 0.535384
vt 0.189464 0.473325
vt 0.181586 0.480886
vt 0.803746 0.987408
vt 0.802687 0.979931
vt 0.820109 0.970332
vt 0.821565 0.977658
vt 0.835215 0.959240
vt 0.837247 0.966261
vt 0.783953 0.994455
vt 0.783337 0.986881
vt 0.847572 0.947832
vt 0.850612 0.954305
vt 0.861720 0.942719
vt 0.857043 0.937089
vt 0.864467 0.927000
vt 0.871182 0.931586
vt 0.870851 0.917264
vt 0.879630 0.920746
vt 0.877097 0.907569
vt 0.887591 0.910037
vt 0.895331 0.899408
vt 0.883745 0.897744
vt 0.890075 0.888075
vt 0.902219 0.889110
vt 0.894976 0.878933
vt 0.907325 0.879439
vt 0.896957 0.870499
vt 0.909335 0.870499
vt 0.810514 0.153529
vt 0.822328 0.154225
vt 0.817327 0.164710
vt 0.805655 0.163326
vt 0.810567 0.175901
vt 0.799083 0.173828
vt 0.824294 0.144567
vt 0.812423 0.144567
vt 0.802966 0.187463
vt 0.791687 0.184700
vt 0.784048 0.195640
vt 0.795118 0.199094
vt 0.786632 0.210742
vt 0.775785 0.206623
vt 0.776850 0.222440
vt 0.766262 0.217703
vt 0.765091 0.234245
vt 0.754820 0.228959
vt 0.837454 0.145612
vt 0.849803 0.145105
vt 0.854855 0.154932
vt 0.842712 0.155971
vt 0.861389 0.165282
vt 0.849804 0.166954
vt 0.847762 0.135976
vt 0.835383 0.135976
vt 0.868264 0.175788
vt 0.857772 0.178267
vt 0.865968 0.189655
vt 0.874742 0.186159
vt 0.881371 0.196545
vt 0.874666 0.201146
vt 0.889067 0.207233
vt 0.884407 0.212877
vt 0.898862 0.218508
vt 0.895846 0.224993
vt 0.909624 0.237394
vt 0.911627 0.230365
vt 0.927222 0.241819
vt 0.925797 0.249151
vt 0.945197 0.251692
vt 0.944170 0.259172
vt 0.965137 0.258830
vt 0.964553 0.266407
vt 0.807557 0.728410
vt 0.803946 0.721623
vt 0.823131 0.710963
vt 0.827487 0.717411
vt 0.839746 0.696847
vt 0.844793 0.702776
vt 0.786311 0.735454
vt 0.783338 0.728460
vt 0.852607 0.679629
vt 0.858130 0.684823
vt 0.709154 0.264079
vt 0.725577 0.252126
vt 0.735005 0.258297
vt 0.718096 0.270629
vt 0.750931 0.246208
vt 0.741052 0.240449
vt 0.700779 0.283588
vt 0.692333 0.276667
vt 0.866461 0.664151
vt 0.860769 0.659923
vt 0.864554 0.639438
vt 0.870233 0.642489
vt 0.865197 0.619905
vt 0.870845 0.621543
vt 0.864861 0.601884
vt 0.870508 0.601884
vt 0.966909 0.613732
vt 0.966297 0.633259
vt 0.960609 0.630225
vt 0.961260 0.612097
vt 0.954507 0.673347
vt 0.948950 0.668191
vt 0.956891 0.649475
vt 0.962606 0.653672
vt 0.265878 0.639103
vt 0.276096 0.640627
vt 0.266970 0.659491
vt 0.257064 0.656538
vt 0.254596 0.677666
vt 0.245081 0.673472
vt 0.240988 0.695317
vt 0.231854 0.690137
vt 0.941586 0.690640
vt 0.924835 0.704919
vt 0.920432 0.698503
vt 0.936497 0.684747
vt 0.884958 0.722873
vt 0.881934 0.715901
vt 0.901882 0.709033
vt 0.905541 0.715795
vt 0.193172 0.743275
vt 0.205655 0.724980
vt 0.214163 0.731480
vt 0.201369 0.750308
vt 0.227447 0.713117
vt 0.218636 0.707204
vt 0.189464 0.769264
vt 0.181586 0.761702
vt 0.803746 0.753591
vt 0.821565 0.763340
vt 0.820109 0.770666
vt 0.802687 0.761067
vt 0.847572 0.793166
vt 0.835215 0.781759
vt 0.837247 0.774737
vt 0.850612 0.786693
vt 0.783337 0.754117
vt 0.783953 0.746543
vt 0.861720 0.798280
vt 0.871182 0.809412
vt 0.864467 0.813999
vt 0.857043 0.803909
vt 0.877097 0.833429
vt 0.870851 0.823735
vt 0.879630 0.820252
vt 0.887591 0.830961
vt 0.895331 0.841590
vt 0.902219 0.851888
vt 0.890075 0.852924
vt 0.883745 0.843255
vt 0.894976 0.862066
vt 0.907325 0.861559
vt 0.810514 0.135604
vt 0.805655 0.125807
vt 0.817327 0.124423
vt 0.822328 0.134908
vt 0.802966 0.101670
vt 0.810567 0.113233
vt 0.799083 0.115305
vt 0.791687 0.104433
vt 0.784048 0.093493
vt 0.775785 0.082510
vt 0.786632 0.078391
vt 0.795118 0.090039
vt 0.754820 0.060174
vt 0.765091 0.054888
vt 0.776850 0.066694
vt 0.766262 0.071430
vt 0.837454 0.126340
vt 0.842712 0.115981
vt 0.854855 0.117020
vt 0.849803 0.126847
vt 0.868264 0.096164
vt 0.861389 0.106670
vt 0.849804 0.104998
vt 0.857772 0.093685
vt 0.865968 0.082297
vt 0.874666 0.070806
vt 0.881371 0.075407
vt 0.874742 0.085793
vt 0.898862 0.053444
vt 0.889067 0.064719
vt 0.884407 0.059075
vt 0.895846 0.046959
vt 0.909624 0.034558
vt 0.925797 0.022801
vt 0.927222 0.030133
vt 0.911627 0.041587
vt 0.964553 0.005545
vt 0.965137 0.013121
vt 0.945197 0.020261
vt 0.944170 0.012780
vt 0.807557 0.475359
vt 0.827487 0.486358
vt 0.823131 0.492805
vt 0.803946 0.482146
vt 0.852607 0.524139
vt 0.839746 0.506922
vt 0.844793 0.500993
vt 0.858130 0.518946
vt 0.783337 0.475308
vt 0.786311 0.468315
vt 0.709154 0.025054
vt 0.718096 0.018505
vt 0.735005 0.030836
vt 0.725577 0.037007
vt 0.750931 0.042926
vt 0.741052 0.048684
vt 0.700779 0.005545
vt 0.692333 0.012466
vt 0.866461 0.539618
vt 0.870233 0.561279
vt 0.864554 0.564331
vt 0.860769 0.543846
vt 0.865197 0.583864
vt 0.870845 0.582226
s 1
g Hat
g Hat_Hat
usemtl Hat
f 101/1/1 100/2/2 520/3/3 519/4/4
f 100/2/2 99/5/5 521/6/6 520/3/3
f 1/7/7 108/8/8 521/6/6 99/5/5
f 521/6/6 108/8/8 5/9/9 111/10/10
f 520/3/3 521/6/6 111/10/10 112/11/11
f 519/4/4 520/3/3 112/11/11 113/12/12
f 326/13/13 519/4/4 113/12/12 7/14/14
f 519/4/4 326/13/13 2/15/15 101/1/1
f 522/16/16 523/17/17 526/18/18 525/19/19
f 523/17/17 524/20/20 527/21/21 526/18/18
f 525/22/19 526/23/18 529/24/22 528/25/23
f 526/23/18 527/26/21 530/27/24 529/24/22
f 28/28/25 193/29/26 522/16/16 190/30/27
f 193/29/26 192/31/28 523/17/17 522/16/16
f 192/31/28 191/32/29 524/20/20 523/17/17
f 191/32/29 3/33/30 102/34/31 524/20/20
f 524/20/20 102/34/31 103/35/32 527/21/21
f 527/26/21 103/36/32 104/37/33 530/27/24
f 530/27/24 104/37/33 1/7/7 99/5/5
f 529/24/22 530/27/24 99/5/5 100/2/2
f 528/25/23 529/24/22 100/2/2 101/1/1
f 188/38/34 528/25/23 101/1/1 2/15/15
f 189/39/35 525/22/19 528/25/23 188/38/34
f 190/30/27 522/16/16 525/19/19 189/40/35
f 531/41/36 532/42/37 535/43/38 534/44/39
f 532/42/37 533/45/40 536/46/41 535/43/38
f 534/47/39 535/48/38 538/49/42 537/50/43
f 535/48/38 536/51/41 539/52/44 538/49/42
f 3/33/30 170/53/45 531/41/36 102/34/31
f 170/53/45 171/54/46 532/42/37 531/41/36
f 171/54/46 172/55/47 533/45/40 532/42/37
f 172/55/47 21/56/48 167/57/49 533/45/40
f 533/45/40 167/57/49 168/58/50 536/46/41
f 536/51/41 168/59/50 169/60/51 539/52/44
f 539/52/44 169/60/51 4/61/52 107/62/53
f 538/49/42 539/52/44 107/62/53 106/63/54
f 537/50/43 538/49/42 106/63/54 105/64/55
f 104/37/33 537/50/43 105/64/55 1/7/7
f 103/36/32 534/47/39 537/50/43 104/37/33
f 102/34/31 531/41/36 534/44/39 103/35/32
f 105/64/55 106/63/54 541/65/56 540/66/57
f 106/63/54 107/62/53 542/67/58 541/65/56
f 117/68/59 542/67/58 107/62/53 4/61/52
f 542/67/58 117/68/59 8/69/60 116/70/61
f 541/65/56 542/67/58 116/70/61 115/71/62
f 540/66/57 541/65/56 115/71/62 114/72/63
f 108/8/8 540/66/57 114/72/63 5/9/9
f 540/66/57 108/8/8 1/7/7 105/64/55
f 545/73/64 548/74/65 547/75/66 544/76/67
f 109/77/68 110/78/69 548/74/65 545/73/64
f 7/79/14 113/80/12 543/81/70 323/82/71
f 113/80/12 112/83/11 544/76/67 543/81/70
f 112/83/11 111/84/10 545/73/64 544/76/67
f 111/84/10 5/85/9 109/77/68 545/73/64
f 323/82/71 543/81/70 546/86/72 322/87/73
f 548/74/65 110/78/69 6/88/74 319/89/75
f 547/75/66 548/74/65 319/89/75 320/90/76
f 546/86/72 547/75/66 320/90/76 321/91/77
f 322/87/73 546/86/72 321/91/77 13/92/78
f 550/93/79 553/94/80 552/95/81 549/96/82
f 551/97/83 554/98/84 553/94/80 550/93/79
f 121/99/85 554/98/84 551/97/83 122/100/86
f 5/85/9 114/101/63 549/96/82 109/77/68
f 114/101/63 115/102/62 550/93/79 549/96/82
f 115/102/62 116/103/61 551/97/83 550/93/79
f 116/103/61 8/104/60 122/100/86 551/97/83
f 109/77/68 549/96/82 552/95/81 110/78/69
f 554/98/84 121/99/85 10/105/87 125/106/88
f 553/94/80 554/98/84 125/106/88 124/107/89
f 552/95/81 553/94/80 124/107/89 123/108/90
f 110/78/69 552/95/81 123/108/90 6/88/74
f 559/109/91 562/110/92 561/111/93 558/112/94
f 158/113/95 157/114/96 556/115/97 555/116/98
f 157/114/96 156/117/99 557/118/100 556/115/97
f 18/119/101 159/120/102 557/118/100 156/117/99
f 557/118/100 159/120/102 9/121/103 118/122/104
f 556/115/97 557/118/100 118/122/104 119/123/105
f 555/116/98 556/115/97 119/123/105 120/124/106
f 117/68/59 555/116/98 120/124/106 8/69/60
f 555/116/98 117/68/59 4/61/52 158/113/95
f 560/125/107 563/126/108 562/110/92 559/109/91
f 324/127/109 563/126/108 560/125/107 325/128/110
f 8/104/60 120/129/106 558/112/94 122/100/86
f 120/129/106 119/130/105 559/109/91 558/112/94
f 119/130/105 118/131/104 560/125/107 559/109/91
f 118/131/104 9/132/103 325/128/110 560/125/107
f 122/100/86 558/112/94 561/111/93 121/99/85
f 563/126/108 324/127/109 11/133/111 126/134/112
f 562/110/92 563/126/108 126/134/112 127/135/113
f 561/111/93 562/110/92 127/135/113 128/136/114
f 121/99/85 561/111/93 128/136/114 10/105/87
f 583/137/115 586/138/116 585/139/117 582/140/118
f 564/141/119 565/142/120 568/143/121 567/144/122
f 565/142/120 566/145/123 569/146/124 568/143/121
f 567/144/122 568/143/121 571/147/125 570/148/126
f 568/143/121 569/146/124 572/149/127 571/147/125
f 10/105/87 129/150/128 564/141/119 125/106/88
f 129/150/128 130/151/129 565/142/120 564/141/119
f 130/151/129 131/152/130 566/145/123 565/142/120
f 131/152/130 12/153/131 134/154/132 566/145/123
f 566/145/123 134/154/132 133/155/133 569/146/124
f 569/146/124 133/155/133 132/156/134 572/149/127
f 572/149/127 132/156/134 13/92/78 321/91/77
f 571/147/125 572/149/127 321/91/77 320/90/76
f 570/148/126 571/147/125 320/90/76 319/89/75
f 123/108/90 570/148/126 319/89/75 6/88/74
f 124/107/89 567/144/122 570/148/126 123/108/90
f 125/106/88 564/141/119 567/144/122 124/107/89
f 573/157/135 574/158/136 577/159/137 576/160/138
f 574/158/136 575/161/139 578/162/140 577/159/137
f 576/160/138 577/159/137 580/163/141 579/164/142
f 577/159/137 578/162/140 581/165/143 580/163/141
f 14/166/144 135/167/145 573/157/135 140/168/146
f 135/167/145 136/169/147 574/158/136 573/157/135
f 136/169/147 137/170/148 575/161/139 574/158/136
f 137/170/148 12/153/131 131/152/130 575/161/139
f 575/161/139 131/152/130 130/151/129 578/162/140
f 578/162/140 130/151/129 129/150/128 581/165/143
f 581/165/143 129/150/128 10/105/87 128/136/114
f 580/163/141 581/165/143 128/136/114 127/135/113
f 579/164/142 580/163/141 127/135/113 126/134/112
f 138/171/149 579/164/142 126/134/112 11/133/111
f 139/172/150 576/160/138 579/164/142 138/171/149
f 140/168/146 573/157/135 576/160/138 139/172/150
f 584/173/151 587/174/152 586/138/116 583/137/115
f 141/175/153 142/176/154 587/174/152 584/173/151
f 9/132/103 144/177/155 582/140/118 325/128/110
f 144/177/155 145/178/156 583/137/115 582/140/118
f 145/178/156 146/179/157 584/173/151 583/137/115
f 146/179/157 15/180/158 141/175/153 584/173/151
f 325/128/110 582/140/118 585/139/117 324/127/109
f 587/174/152 142/176/154 14/166/144 140/168/146
f 586/138/116 587/174/152 140/168/146 139/172/150
f 585/139/117 586/138/116 139/172/150 138/171/149
f 324/127/109 585/139/117 138/171/149 11/133/111
f 741/181/159 742/182/160 744/183/161 743/184/162
f 150/185/163 151/186/164 589/187/165 588/188/166
f 151/186/164 152/189/167 590/190/168 589/187/165
f 16/191/169 143/192/170 590/190/168 152/189/167
f 590/190/168 143/192/170 15/193/158 146/194/157
f 589/187/165 590/190/168 146/194/157 145/195/156
f 588/188/166 589/187/165 145/195/156 144/196/155
f 159/120/102 588/188/166 144/196/155 9/121/103
f 588/188/166 159/120/102 18/119/101 150/185/163
f 591/197/171 592/198/172 595/199/173 594/200/174
f 592/198/172 593/201/175 596/202/176 595/199/173
f 594/203/174 595/204/173 598/205/177 597/206/178
f 595/204/173 596/207/176 599/208/179 598/205/177
f 19/209/180 164/210/181 591/197/171 155/211/182
f 164/210/181 165/212/183 592/198/172 591/197/171
f 165/212/183 166/213/184 593/201/175 592/198/172
f 166/213/184 17/214/185 147/215/186 593/201/175
f 593/201/175 147/215/186 148/216/187 596/202/176
f 596/207/176 148/217/187 149/218/188 599/208/179
f 599/208/179 149/218/188 16/191/169 152/189/167
f 598/205/177 599/208/179 152/189/167 151/186/164
f 597/206/178 598/205/177 151/186/164 150/185/163
f 153/219/189 597/206/178 150/185/163 18/119/101
f 154/220/190 594/203/174 597/206/178 153/219/189
f 155/211/182 591/197/171 594/200/174 154/221/190
f 600/222/191 601/223/192 604/224/193 603/225/194
f 601/223/192 602/226/195 605/227/196 604/224/193
f 603/228/194 604/229/193 607/230/197 606/231/198
f 604/229/193 605/232/196 608/233/199 607/230/197
f 21/234/48 163/235/200 600/222/191 167/236/49
f 163/235/200 162/237/201 601/223/192 600/222/191
f 162/237/201 161/238/202 602/226/195 601/223/192
f 161/238/202 19/209/180 155/211/182 602/226/195
f 602/226/195 155/211/182 154/221/190 605/227/196
f 605/232/196 154/220/190 153/219/189 608/233/199
f 608/233/199 153/219/189 18/119/101 156/117/99
f 607/230/197 608/233/199 156/117/99 157/114/96
f 606/231/198 607/230/197 157/114/96 158/113/95
f 169/60/51 606/231/198 158/113/95 4/61/52
f 168/59/50 603/228/194 606/231/198 169/60/51
f 167/236/49 600/222/191 603/225/194 168/239/50
f 176/240/203 175/241/204 611/242/205 610/243/206
f 610/243/206 162/237/201 163/235/200 609/244/207
f 611/242/205 161/238/202 162/237/201 610/243/206
f 20/245/208 160/246/209 611/242/205 175/241/204
f 282/247/210 281/248/211 613/249/212 612/250/213
f 160/246/209 19/209/180 161/238/202 611/242/205
f 173/251/214 609/244/207 163/235/200 21/234/48
f 609/244/207 173/251/214 22/252/215 177/253/216
f 281/248/211 280/254/217 614/255/218 613/249/212
f 613/249/212 165/212/183 164/210/181 612/250/213
f 614/255/218 166/213/184 165/212/183 613/249/212
f 58/256/219 279/257/220 614/255/218 280/254/217
f 180/258/221 179/259/222 616/260/223 615/261/224
f 279/257/220 17/214/185 166/213/184 614/255/218
f 160/246/209 612/250/213 164/210/181 19/209/180
f 612/250/213 160/246/209 20/245/208 282/247/210
f 179/259/222 178/262/225 617/263/226 616/260/223
f 616/260/223 171/54/46 170/53/45 615/261/224
f 617/263/226 172/55/47 171/54/46 616/260/223
f 173/264/214 617/263/226 178/262/225 22/265/215
f 316/266/227 317/267/228 619/268/229 618/269/230
f 21/56/48 172/55/47 617/263/226 173/264/214
f 181/270/231 615/261/224 170/53/45 3/33/30
f 615/261/224 181/270/231 24/271/232 180/258/221
f 317/267/228 318/272/233 620/273/234 619/268/229
f 619/268/229 179/259/222 180/258/221 618/269/230
f 620/273/234 178/262/225 179/259/222 619/268/229
f 174/274/235 620/273/234 318/272/233 23/275/236
f 275/276/237 274/277/238 622/278/239 621/279/240
f 22/265/215 178/262/225 620/273/234 174/274/235
f 182/280/241 618/269/230 180/258/221 24/271/232
f 618/269/230 182/280/241 25/281/242 316/266/227
f 274/277/238 273/282/243 623/283/244 622/278/239
f 622/278/239 176/240/203 177/253/216 621/279/240
f 623/283/244 175/241/204 176/240/203 622/278/239
f 56/284/245 276/285/246 623/283/244 273/282/243
f 185/286/247 184/287/248 625/288/249 624/289/250
f 276/285/246 20/245/208 175/241/204 623/283/244
f 174/290/235 621/279/240 177/253/216 22/252/215
f 621/279/240 174/290/235 23/291/236 275/276/237
f 184/287/248 183/292/251 626/293/252 625/288/249
f 625/288/249 192/31/28 193/29/26 624/289/250
f 626/293/252 191/32/29 192/31/28 625/288/249
f 24/271/232 181/270/231 626/293/252 183/292/251
f 196/294/253 195/295/254 628/296/255 627/297/256
f 181/270/231 3/33/30 191/32/29 626/293/252
f 187/298/257 624/289/250 193/29/26 28/28/25
f 624/289/250 187/298/257 26/299/258 185/286/247
f 195/295/254 194/300/259 629/301/260 628/296/255
f 628/296/255 184/287/248 185/286/247 627/297/256
f 629/301/260 183/292/251 184/287/248 628/296/255
f 25/281/242 182/280/241 629/301/260 194/300/259
f 270/302/261 271/303/262 700/304/263 699/305/264
f 182/280/241 24/271/232 183/292/251 629/301/260
f 186/306/265 627/297/256 185/286/247 26/299/258
f 627/297/256 186/306/265 27/307/266 196/294/253
f 199/308/267 198/309/268 632/310/269 631/311/270
f 631/311/270 195/312/254 196/313/253 630/314/271
f 632/310/269 194/315/259 195/312/254 631/311/270
f 315/316/272 632/310/269 198/309/268 30/317/273
f 202/318/274 633/319/275 634/320/276 203/321/277
f 25/322/242 194/315/259 632/310/269 315/316/272
f 197/323/278 630/314/271 196/313/253 27/324/266
f 630/314/271 197/323/278 29/325/279 200/326/280
f 633/319/275 198/309/268 199/308/267 634/320/276
f 203/321/277 634/320/276 635/327/281 204/328/282
f 634/320/276 199/308/267 200/326/280 635/327/281
f 314/329/283 633/319/275 202/318/274 32/330/284
f 30/317/273 198/309/268 633/319/275 314/329/283
f 635/327/281 200/326/280 29/325/279 201/331/285
f 204/328/282 635/327/281 201/331/285 31/332/286
f 251/333/287 681/334/288 682/335/289 252/336/290
f 636/337/291 637/338/292 640/339/293 639/340/294
f 637/338/292 638/341/295 641/342/296 640/339/293
f 639/340/294 640/339/293 643/343/297 642/344/298
f 640/339/293 641/342/296 644/345/299 643/343/297
f 32/330/284 202/318/274 636/346/291 311/347/300
f 202/318/274 203/321/277 637/348/292 636/346/291
f 203/321/277 204/328/282 638/349/295 637/348/292
f 204/328/282 31/332/286 205/350/301 638/349/295
f 638/341/295 205/351/301 206/352/302 641/342/296
f 641/342/296 206/352/302 207/353/303 644/345/299
f 644/345/299 207/353/303 33/354/304 210/355/305
f 643/343/297 644/345/299 210/355/305 209/356/306
f 642/344/298 643/343/297 209/356/306 208/357/307
f 313/358/308 642/344/298 208/357/307 34/359/309
f 312/360/310 639/340/294 642/344/298 313/358/308
f 311/361/300 636/337/291 639/340/294 312/360/310
f 209/356/306 210/355/305 647/362/311 646/363/312
f 646/363/312 213/364/313 212/365/314 645/366/315
f 647/362/311 214/367/316 213/364/313 646/363/312
f 33/354/304 211/368/317 647/362/311 210/355/305
f 212/365/314 213/364/313 649/369/318 648/370/319
f 211/368/317 35/371/320 214/367/316 647/362/311
f 310/372/321 645/366/315 212/365/314 36/373/322
f 645/366/315 310/372/321 34/359/309 208/357/307
f 213/364/313 214/367/316 650/374/323 649/369/318
f 649/369/318 217/375/324 216/376/325 648/370/319
f 650/374/323 218/377/326 217/375/324 649/369/318
f 35/371/320 215/378/327 650/374/323 214/367/316
f 235/379/328 236/380/329 652/381/330 651/382/331
f 215/378/327 37/383/332 218/377/326 650/374/323
f 309/384/333 648/370/319 216/376/325 38/385/334
f 648/370/319 309/384/333 36/373/322 212/365/314
f 216/386/325 217/387/324 220/388/335 219/389/336
f 37/390/332 39/391/337 221/392/338 218/393/326
f 217/387/324 218/393/326 221/392/338 220/388/335
f 219/389/336 40/394/339 38/395/334 216/386/325
f 40/396/339 41/397/340 225/398/341
f 219/399/336 220/400/335 41/397/340
f 220/400/335 221/401/338 41/397/340
f 221/401/338 39/402/337 41/397/340
f 227/403/342 41/397/340 43/404/343
f 226/405/344 41/397/340 227/403/342
f 225/398/341 41/397/340 226/405/344
f 42/406/345 308/407/346 41/397/340
f 308/407/346 307/408/347 41/397/340
f 307/408/347 306/409/348 41/397/340
f 44/410/349 41/397/340 306/409/348
f 41/397/340 222/411/350 223/412/351
f 41/397/340 223/412/351 224/413/352
f 41/397/340 224/413/352 43/404/343
f 228/414/353 229/415/354 223/416/351 222/417/350
f 43/418/343 224/419/352 230/420/355 45/421/356
f 229/415/354 230/420/355 224/419/352 223/416/351
f 222/417/350 44/422/349 46/423/357 228/414/353
f 233/424/358 232/425/359 226/426/344 227/427/342
f 38/395/334 40/394/339 225/428/341 231/429/360
f 232/425/359 231/429/360 225/428/341 226/426/344
f 227/427/342 43/418/343 45/421/356 233/424/358
f 236/380/329 237/430/361 653/431/362 652/381/330
f 652/381/330 229/432/354 228/433/353 651/382/331
f 653/431/362 230/434/355 229/432/354 652/381/330
f 234/435/363 653/431/362 237/430/361 47/436/364
f 240/437/365 239/438/366 655/439/367 654/440/368
f 45/441/356 230/434/355 653/431/362 234/435/363
f 305/442/369 651/382/331 228/433/353 46/443/357
f 651/382/331 305/442/369 48/444/370 235/379/328
f 239/438/366 238/445/371 656/446/372 655/439/367
f 655/439/367 232/447/359 233/448/358 654/440/368
f 656/446/372 231/449/360 232/447/359 655/439/367
f 36/373/322 309/384/333 656/446/372 238/445/371
f 242/450/373 243/451/374 658/452/375 657/453/376
f 309/384/333 38/385/334 231/449/360 656/446/372
f 234/435/363 654/440/368 233/448/358 45/441/356
f 654/440/368 234/435/363 47/436/364 240/437/365
f 243/451/374 244/454/377 659/455/378 658/452/375
f 658/452/375 236/380/329 235/379/328 657/453/376
f 659/455/378 237/430/361 236/380/329 658/452/375
f 49/456/379 241/457/380 659/455/378 244/454/377
f 247/458/381 246/459/382 661/460/383 660/461/384
f 241/457/380 47/436/364 237/430/361 659/455/378
f 304/462/385 657/453/376 235/379/328 48/444/370
f 657/453/376 304/462/385 50/463/386 242/450/373
f 246/459/382 245/464/387 662/465/388 661/460/383
f 661/460/383 239/438/366 240/437/365 660/461/384
f 662/465/388 238/445/371 239/438/366 661/460/383
f 310/372/321 662/465/388 245/464/387 34/359/309
f 292/466/389 291/467/390 712/468/391 711/469/392
f 36/373/322 238/445/371 662/465/388 310/372/321
f 241/457/380 660/461/384 240/437/365 47/436/364
f 660/461/384 241/457/380 49/456/379 247/458/381
f 663/470/393 664/471/394 667/472/395 666/473/396
f 664/471/394 665/474/397 668/475/398 667/472/395
f 666/473/396 667/472/395 670/476/399 669/477/400
f 667/472/395 668/475/398 671/478/401 670/476/399
f 52/479/402 251/333/287 663/480/393 301/481/403
f 251/333/287 252/336/290 664/482/394 663/480/393
f 252/336/290 253/483/404 665/484/397 664/482/394
f 253/483/404 51/485/405 250/486/406 665/484/397
f 665/474/397 250/487/406 249/488/407 668/475/398
f 668/475/398 249/488/407 248/489/408 671/478/401
f 671/478/401 248/489/408 49/456/379 244/454/377
f 670/476/399 671/478/401 244/454/377 243/451/374
f 669/477/400 670/476/399 243/451/374 242/450/373
f 303/490/409 669/477/400 242/450/373 50/463/386
f 302/491/410 666/473/396 669/477/400 303/490/409
f 301/492/403 663/470/393 666/473/396 302/491/410
f 672/493/411 673/494/412 676/495/413 675/496/414
f 673/494/412 674/497/415 677/498/416 676/495/413
f 675/496/414 676/495/413 679/499/417 678/500/418
f 676/495/413 677/498/416 680/501/419 679/499/417
f 51/485/405 256/502/420 672/503/411 250/486/406
f 256/502/420 255/504/421 673/505/412 672/503/411
f 255/504/421 254/506/422 674/507/415 673/505/412
f 254/506/422 32/330/284 311/347/300 674/507/415
f 674/497/415 311/361/300 312/360/310 677/498/416
f 677/498/416 312/360/310 313/358/308 680/501/419
f 680/501/419 313/358/308 34/359/309 245/464/387
f 679/499/417 680/501/419 245/464/387 246/459/382
f 678/500/418 679/499/417 246/459/382 247/458/381
f 248/489/408 678/500/418 247/458/381 49/456/379
f 249/488/407 675/496/414 678/500/418 248/489/408
f 250/487/406 672/493/411 675/496/414 249/488/407
f 681/334/288 258/508/423 259/509/424 682/335/289
f 252/336/290 682/335/289 683/510/425 253/483/404
f 682/335/289 259/509/424 260/511/426 683/510/425
f 268/512/427 681/334/288 251/333/287 52/479/402
f 54/513/428 258/508/423 681/334/288 268/512/427
f 683/510/425 260/511/426 53/514/429 257/515/430
f 253/483/404 683/510/425 257/515/430 51/485/405
f 254/506/422 255/504/421 685/516/431 684/517/432
f 255/504/421 256/502/420 686/518/433 685/516/431
f 685/516/431 262/519/434 261/520/435 684/517/432
f 686/518/433 263/521/436 262/519/434 685/516/431
f 51/485/405 257/515/430 686/518/433 256/502/420
f 260/511/426 259/509/424 688/522/437 687/523/438
f 257/515/430 53/514/429 263/521/436 686/518/433
f 314/329/283 684/517/432 261/520/435 30/317/273
f 684/517/432 314/329/283 32/330/284 254/506/422
f 259/509/424 258/508/423 689/524/439 688/522/437
f 688/522/437 274/525/238 275/526/237 687/523/438
f 689/524/439 273/527/243 274/525/238 688/522/437
f 269/528/440 689/524/439 258/508/423 54/513/428
f 261/520/435 262/519/434 691/529/441 690/530/442
f 56/531/245 273/527/243 689/524/439 269/528/440
f 264/532/443 687/523/438 275/526/237 23/533/236
f 687/523/438 264/532/443 53/514/429 260/511/426
f 262/519/434 263/521/436 692/534/444 691/529/441
f 691/529/441 317/535/228 316/536/227 690/530/442
f 692/534/444 318/537/233 317/535/228 691/529/441
f 53/514/429 264/532/443 692/534/444 263/521/436
f 265/538/445 266/539/446 694/540/447 693/541/448
f 264/532/443 23/533/236 318/537/233 692/534/444
f 315/316/272 690/530/442 316/536/227 25/322/242
f 690/530/442 315/316/272 30/317/273 261/520/435
f 266/539/446 267/542/449 695/543/450 694/540/447
f 694/540/447 271/544/262 270/545/261 693/541/448
f 695/543/450 272/546/451 271/544/262 694/540/447
f 55/547/452 277/548/453 695/543/450 267/542/449
f 284/549/454 285/550/455 697/551/456 696/552/457
f 277/548/453 57/553/458 272/546/451 695/543/450
f 269/528/440 693/541/448 270/545/261 56/531/245
f 693/541/448 269/528/440 54/513/428 265/538/445
f 285/550/455 286/554/459 698/555/460 697/551/456
f 697/551/456 266/539/446 265/538/445 696/552/457
f 698/555/460 267/542/449 266/539/446 697/551/456
f 59/556/461 283/557/462 698/555/460 286/554/459
f 410/558/463 828/559/464 829/560/465 409/561/466
f 283/557/462 55/547/452 267/542/449 698/555/460
f 268/512/427 696/552/457 265/538/445 54/513/428
f 696/552/457 268/512/427 52/479/402 284/549/454
f 271/303/262 272/562/451 701/563/467 700/304/263
f 700/304/263 281/248/211 282/247/210 699/305/264
f 701/563/467 280/254/217 281/248/211 700/304/263
f 57/564/458 278/565/468 701/563/467 272/562/451
f 393/566/469 807/567/470 808/568/471 392/569/472
f 278/565/468 58/256/219 280/254/217 701/563/467
f 276/285/246 699/305/264 282/247/210 20/245/208
f 699/305/264 276/285/246 56/284/245 270/302/261
f 702/570/473 703/571/474 706/572/475 705/573/476
f 703/571/474 704/574/477 707/575/478 706/572/475
f 705/573/476 706/572/475 709/576/479 708/577/480
f 706/572/475 707/575/478 710/578/481 709/576/479
f 59/556/461 286/554/459 702/579/473 289/580/482
f 286/554/459 285/550/455 703/581/474 702/579/473
f 285/550/455 284/549/454 704/582/477 703/581/474
f 284/549/454 52/479/402 301/481/403 704/582/477
f 704/574/477 301/492/403 302/491/410 707/575/478
f 707/575/478 302/491/410 303/490/409 710/578/481
f 710/578/481 303/490/409 50/463/386 290/583/483
f 709/576/479 710/578/481 290/583/483 291/467/390
f 708/577/480 709/576/479 291/467/390 292/466/389
f 287/584/484 708/577/480 292/466/389 60/585/485
f 288/586/486 705/573/476 708/577/480 287/584/484
f 289/587/482 702/570/473 705/573/476 288/586/486
f 291/467/390 290/583/483 713/588/487 712/468/391
f 712/468/391 295/589/488 296/590/489 711/469/392
f 713/588/487 294/591/490 295/589/488 712/468/391
f 304/462/385 713/588/487 290/583/483 50/463/386
f 296/590/489 295/589/488 715/592/491 714/593/492
f 48/444/370 294/591/490 713/588/487 304/462/385
f 293/594/493 711/469/392 296/590/489 61/595/494
f 711/469/392 293/594/493 60/585/485 292/466/389
f 295/589/488 294/591/490 716/596/495 715/592/491
f 715/592/491 299/597/496 300/598/497 714/593/492
f 716/596/495 298/599/498 299/597/496 715/592/491
f 48/444/370 305/442/369 716/596/495 294/591/490
f 414/600/499 843/601/500 844/602/501 415/603/502
f 305/442/369 46/443/357 298/599/498 716/596/495
f 297/604/503 714/593/492 300/598/497 62/605/504
f 714/593/492 297/604/503 61/595/494 296/590/489
f 300/606/497 299/607/496 307/608/347 308/609/346
f 46/423/357 44/422/349 306/610/348 298/611/498
f 299/607/496 298/611/498 306/610/348 307/608/347
f 308/609/346 42/612/345 62/613/504 300/606/497
f 329/614/505 717/615/506 718/616/507 328/617/508
f 328/617/508 718/616/507 719/618/509 327/619/510
f 326/13/13 717/615/506 329/614/505 2/15/15
f 326/13/13 7/14/14 341/620/511 717/615/506
f 717/615/506 341/620/511 340/621/512 718/616/507
f 718/616/507 340/621/512 339/622/513 719/618/509
f 719/618/509 339/622/513 66/623/514 336/624/515
f 719/618/509 336/624/515 63/625/516 327/619/510
f 720/626/517 721/627/518 724/628/519 723/629/520
f 721/630/518 722/631/521 725/632/522 724/633/519
f 723/629/520 724/628/519 727/634/523 726/635/524
f 724/633/519 725/632/522 728/636/525 727/637/523
f 28/28/25 190/30/27 720/626/517 404/638/526
f 190/30/27 189/40/35 721/627/518 720/626/517
f 189/39/35 188/38/34 722/631/521 721/630/518
f 188/38/34 2/15/15 329/614/505 722/631/521
f 722/631/521 329/614/505 328/617/508 725/632/522
f 725/632/522 328/617/508 327/619/510 728/636/525
f 728/636/525 327/619/510 63/625/516 332/639/527
f 727/637/523 728/636/525 332/639/527 331/640/528
f 726/635/524 727/634/523 331/641/528 330/642/529
f 402/643/530 726/635/524 330/642/529 64/644/531
f 403/645/532 723/629/520 726/635/524 402/643/530
f 404/638/526 720/626/517 723/629/520 403/645/532
f 729/646/533 730/647/534 733/648/535 732/649/536
f 730/650/534 731/651/537 734/652/538 733/653/535
f 732/649/536 733/648/535 736/654/539 735/655/540
f 733/653/535 734/652/538 737/656/541 736/657/539
f 64/644/531 330/642/529 729/646/533 386/658/542
f 330/642/529 331/641/528 730/647/534 729/646/533
f 331/640/528 332/639/527 731/651/537 730/650/534
f 332/639/527 63/625/516 333/659/543 731/651/537
f 731/651/537 333/659/543 334/660/544 734/652/538
f 734/652/538 334/660/544 335/661/545 737/656/541
f 737/656/541 335/661/545 65/662/546 385/663/547
f 736/657/539 737/656/541 385/663/547 384/664/548
f 735/655/540 736/654/539 384/665/548 383/666/549
f 388/667/550 735/655/540 383/666/549 75/668/551
f 387/669/552 732/649/536 735/655/540 388/667/550
f 386/658/542 729/646/533 732/649/536 387/669/552
f 333/659/543 738/670/553 739/671/554 334/660/544
f 334/660/544 739/671/554 740/672/555 335/661/545
f 63/625/516 336/624/515 738/670/553 333/659/543
f 336/624/515 66/623/514 342/673/556 738/670/553
f 738/670/553 342/673/556 343/674/557 739/671/554
f 739/671/554 343/674/557 344/675/558 740/672/555
f 740/672/555 344/675/558 68/676/559 345/677/560
f 740/672/555 345/677/560 65/662/546 335/661/545
f 743/184/162 744/183/161 746/678/561 745/679/562
f 322/87/73 742/182/160 741/181/159 323/82/71
f 7/79/14 323/82/71 741/181/159 341/680/511
f 745/679/562 746/678/561 338/681/563 337/682/564
f 322/87/73 13/92/78 516/683/565 742/182/160
f 742/182/160 516/683/565 515/684/566 744/183/161
f 744/183/161 515/684/566 514/685/567 746/678/561
f 746/678/561 514/685/567 67/686/568 338/681/563
f 747/687/569 748/688/570 750/689/571 749/690/572
f 339/691/513 745/679/562 337/682/564 66/692/514
f 340/693/512 743/184/162 745/679/562 339/691/513
f 341/680/511 741/181/159 743/184/162 340/693/512
f 749/690/572 750/689/571 752/694/573 751/695/574
f 337/682/564 338/681/563 748/688/570 747/687/569
f 66/692/514 337/682/564 747/687/569 342/696/556
f 751/695/574 752/694/573 349/697/575 350/698/576
f 338/681/563 67/686/568 351/699/577 748/688/570
f 748/688/570 351/699/577 352/700/578 750/689/571
f 750/689/571 352/700/578 353/701/579 752/694/573
f 752/694/573 353/701/579 70/702/580 349/697/575
f 756/703/581 757/704/582 759/705/583 758/706/584
f 344/707/558 751/695/574 350/698/576 68/708/559
f 343/709/557 749/690/572 751/695/574 344/707/558
f 342/696/556 747/687/569 749/690/572 343/709/557
f 374/710/585 753/711/586 754/712/587 373/713/588
f 373/713/588 754/712/587 755/714/589 372/715/590
f 345/677/560 753/711/586 374/710/585 65/662/546
f 345/677/560 68/676/559 348/716/591 753/711/586
f 753/711/586 348/716/591 347/717/592 754/712/587
f 754/712/587 347/717/592 346/718/593 755/714/589
f 755/714/589 346/718/593 69/719/594 375/720/595
f 755/714/589 375/720/595 72/721/596 372/715/590
f 758/706/584 759/705/583 761/722/597 760/723/598
f 349/697/575 757/704/582 756/703/581 350/698/576
f 68/708/559 350/698/576 756/703/581 348/724/591
f 760/723/598 761/722/597 517/725/599 518/726/600
f 349/697/575 70/702/580 356/727/601 757/704/582
f 757/704/582 356/727/601 355/728/602 759/705/583
f 759/705/583 355/728/602 354/729/603 761/722/597
f 761/722/597 354/729/603 71/730/604 517/725/599
f 780/731/605 781/732/606 783/733/607 782/734/608
f 346/735/593 760/723/598 518/726/600 69/736/594
f 347/737/592 758/706/584 760/723/598 346/735/593
f 348/724/591 756/703/581 758/706/584 347/737/592
f 762/738/609 763/739/610 766/740/611 765/741/612
f 763/739/610 764/742/613 767/743/614 766/740/611
f 765/741/612 766/740/611 769/744/615 768/745/616
f 766/740/611 767/743/614 770/746/617 769/744/615
f 70/702/580 353/701/579 762/738/609 357/747/618
f 353/701/579 352/700/578 763/739/610 762/738/609
f 352/700/578 351/699/577 764/742/613 763/739/610
f 351/699/577 67/686/568 514/685/567 764/742/613
f 764/742/613 514/685/567 515/684/566 767/743/614
f 767/743/614 515/684/566 516/683/565 770/746/617
f 770/746/617 516/683/565 13/92/78 132/156/134
f 769/744/615 770/746/617 132/156/134 133/155/133
f 768/745/616 769/744/615 133/155/133 134/154/132
f 359/748/619 768/745/616 134/154/132 12/153/131
f 358/749/620 765/741/612 768/745/616 359/748/619
f 357/747/618 762/738/609 765/741/612 358/749/620
f 771/750/621 772/751/622 775/752/623 774/753/624
f 772/751/622 773/754/625 776/755/626 775/752/623
f 774/753/624 775/752/623 778/756/627 777/757/628
f 775/752/623 776/755/626 779/758/629 778/756/627
f 14/166/144 362/759/630 771/750/621 135/167/145
f 362/759/630 361/760/631 772/751/622 771/750/621
f 361/760/631 360/761/632 773/754/625 772/751/622
f 360/761/632 71/730/604 354/729/603 773/754/625
f 773/754/625 354/729/603 355/728/602 776/755/626
f 776/755/626 355/728/602 356/727/601 779/758/629
f 779/758/629 356/727/601 70/702/580 357/747/618
f 778/756/627 779/758/629 357/747/618 358/749/620
f 777/757/628 778/756/627 358/749/620 359/748/619
f 137/170/148 777/757/628 359/748/619 12/153/131
f 136/169/147 774/753/624 777/757/628 137/170/148
f 135/167/145 771/750/621 774/753/624 136/169/147
f 782/734/608 783/733/607 785/762/633 784/763/634
f 517/725/599 781/732/606 780/731/605 518/726/600
f 69/736/594 518/726/600 780/731/605 363/764/635
f 784/763/634 785/762/633 142/176/154 141/175/153
f 517/725/599 71/730/604 360/761/632 781/732/606
f 781/732/606 360/761/632 361/760/631 783/733/607
f 783/733/607 361/760/631 362/759/630 785/762/633
f 785/762/633 362/759/630 14/166/144 142/176/154
f 365/765/636 784/763/634 141/175/153 15/180/158
f 364/766/637 782/734/608 784/763/634 365/765/636
f 363/764/635 780/731/605 782/734/608 364/766/637
f 366/767/638 786/768/639 787/769/640 367/770/641
f 367/770/641 787/769/640 788/771/642 368/772/643
f 72/721/596 375/720/595 786/768/639 366/767/638
f 375/720/595 69/719/594 363/773/635 786/768/639
f 786/768/639 363/773/635 364/774/637 787/769/640
f 787/769/640 364/774/637 365/775/636 788/771/642
f 788/771/642 365/775/636 15/193/158 143/192/170
f 788/771/642 143/192/170 16/191/169 368/772/643
f 544/76/67 547/75/66 546/86/72 543/81/70
f 789/776/644 790/777/645 793/778/646 792/779/647
f 790/780/645 791/781/648 794/782/649 793/783/646
f 792/779/647 793/778/646 796/784/650 795/785/651
f 793/783/646 794/782/649 797/786/652 796/787/650
f 73/788/653 371/789/654 789/776/644 380/790/655
f 371/789/654 370/791/656 790/777/645 789/776/644
f 370/792/656 369/793/657 791/781/648 790/780/645
f 369/793/657 72/721/596 366/767/638 791/781/648
f 791/781/648 366/767/638 367/770/641 794/782/649
f 794/782/649 367/770/641 368/772/643 797/786/652
f 797/786/652 368/772/643 16/191/169 149/218/188
f 796/787/650 797/786/652 149/218/188 148/217/187
f 795/785/651 796/784/650 148/216/187 147/215/186
f 382/794/658 795/785/651 147/215/186 17/214/185
f 381/795/659 792/779/647 795/785/651 382/794/658
f 380/790/655 789/776/644 792/779/647 381/795/659
f 798/796/660 799/797/661 802/798/662 801/799/663
f 799/800/661 800/801/664 803/802/665 802/803/662
f 801/799/663 802/798/662 805/804/666 804/805/667
f 802/803/662 803/802/665 806/806/668 805/807/666
f 75/808/551 383/809/549 798/796/660 379/810/669
f 383/809/549 384/811/548 799/797/661 798/796/660
f 384/664/548 385/663/547 800/801/664 799/800/661
f 385/663/547 65/662/546 374/710/585 800/801/664
f 800/801/664 374/710/585 373/713/588 803/802/665
f 803/802/665 373/713/588 372/715/590 806/806/668
f 806/806/668 372/715/590 72/721/596 369/793/657
f 805/807/666 806/806/668 369/793/657 370/792/656
f 804/805/667 805/804/666 370/791/656 371/789/654
f 377/812/670 804/805/667 371/789/654 73/788/653
f 378/813/671 801/799/663 804/805/667 377/812/670
f 379/810/669 798/796/660 801/799/663 378/813/671
f 807/567/470 379/810/669 378/813/671 808/568/471
f 392/569/472 808/568/471 809/814/672 391/815/673
f 808/568/471 378/813/671 377/812/670 809/814/672
f 389/816/674 807/567/470 393/566/469 76/817/675
f 75/808/551 379/810/669 807/567/470 389/816/674
f 809/814/672 377/812/670 73/788/653 376/818/676
f 391/815/673 809/814/672 376/818/676 74/819/677
f 483/820/678 810/821/679 811/822/680 482/823/681
f 810/821/679 380/790/655 381/795/659 811/822/680
f 482/823/681 811/822/680 812/824/682 481/825/683
f 811/822/680 381/795/659 382/794/658 812/824/682
f 74/819/677 376/818/676 810/821/679 483/820/678
f 376/818/676 73/788/653 380/790/655 810/821/679
f 812/824/682 382/794/658 17/214/185 279/257/220
f 481/825/683 812/824/682 279/257/220 58/256/219
f 396/826/684 813/827/685 814/828/686 395/829/687
f 813/827/685 386/658/542 387/669/552 814/828/686
f 395/829/687 814/828/686 815/830/688 394/831/689
f 814/828/686 387/669/552 388/667/550 815/830/688
f 78/832/690 397/833/691 813/827/685 396/826/684
f 397/833/691 64/644/531 386/658/542 813/827/685
f 815/830/688 388/667/550 75/668/551 389/834/674
f 394/831/689 815/830/688 389/834/674 76/835/675
f 511/836/692 816/837/693 817/838/694 512/839/695
f 816/837/693 396/826/684 395/829/687 817/838/694
f 512/839/695 817/838/694 818/840/696 513/841/697
f 817/838/694 395/829/687 394/831/689 818/840/696
f 79/842/698 398/843/699 816/837/693 511/836/692
f 398/843/699 78/832/690 396/826/684 816/837/693
f 818/840/696 394/831/689 76/835/675 390/844/700
f 513/841/697 818/840/696 390/844/700 77/845/701
f 479/846/702 819/847/703 820/848/704 478/849/705
f 819/847/703 393/566/469 392/569/472 820/848/704
f 478/849/705 820/848/704 821/850/706 477/851/707
f 820/848/704 392/569/472 391/815/673 821/850/706
f 390/852/700 819/847/703 479/846/702 77/853/701
f 76/817/675 393/566/469 819/847/703 390/852/700
f 821/850/706 391/815/673 74/819/677 480/854/708
f 477/851/707 821/850/706 480/854/708 98/855/709
f 401/856/710 822/857/711 823/858/712 400/859/713
f 822/857/711 404/638/526 403/645/532 823/858/712
f 400/859/713 823/858/712 824/860/714 399/861/715
f 823/858/712 403/645/532 402/643/530 824/860/714
f 187/298/257 822/857/711 401/856/710 26/299/258
f 28/28/25 404/638/526 822/857/711 187/298/257
f 824/860/714 402/643/530 64/644/531 397/833/691
f 399/861/715 824/860/714 397/833/691 78/832/690
f 407/862/716 825/863/717 826/864/718 406/865/719
f 825/863/717 401/856/710 400/859/713 826/864/718
f 406/865/719 826/864/718 827/866/720 405/867/721
f 826/864/718 400/859/713 399/861/715 827/866/720
f 186/306/265 825/863/717 407/862/716 27/307/266
f 26/299/258 401/856/710 825/863/717 186/306/265
f 827/866/720 399/861/715 78/832/690 398/843/699
f 405/867/721 827/866/720 398/843/699 79/842/698
f 474/868/722 897/869/723 898/870/724 475/871/725
f 828/559/464 407/872/716 406/873/719 829/560/465
f 409/561/466 829/560/465 830/874/726 408/875/727
f 829/560/465 406/873/719 405/876/721 830/874/726
f 29/325/279 197/323/278 828/559/464 410/558/463
f 197/323/278 27/324/266 407/872/716 828/559/464
f 830/874/726 405/876/721 79/877/698 510/878/728
f 408/875/727 830/874/726 510/878/728 80/879/729
f 411/880/730 412/881/731 832/882/732 831/883/733
f 412/881/731 413/884/734 833/885/735 832/882/732
f 832/882/732 409/561/466 408/875/727 831/883/733
f 833/885/735 410/558/463 409/561/466 832/882/732
f 31/332/286 201/331/285 833/885/735 413/884/734
f 455/886/736 456/887/737 880/888/738 879/889/739
f 201/331/285 29/325/279 410/558/463 833/885/735
f 509/890/740 831/883/733 408/875/727 80/879/729
f 831/883/733 509/890/740 81/891/741 411/880/730
f 834/892/742 835/893/743 838/894/744 837/895/745
f 835/893/743 836/896/746 839/897/747 838/894/744
f 837/895/745 838/894/744 841/898/748 840/899/749
f 838/894/744 839/897/747 842/900/750 841/898/748
f 81/891/741 506/901/751 834/902/742 411/880/730
f 506/903/751 507/904/752 835/893/743 834/892/742
f 507/904/752 508/905/753 836/896/746 835/893/743
f 508/905/753 82/906/754 414/600/499 836/896/746
f 836/896/746 414/600/499 415/603/502 839/897/747
f 839/897/747 415/603/502 416/907/755 842/900/750
f 842/900/750 416/907/755 33/354/304 207/353/303
f 841/898/748 842/900/750 207/353/303 206/352/302
f 840/899/749 841/898/748 206/352/302 205/351/301
f 413/884/734 840/908/749 205/350/301 31/332/286
f 412/881/731 837/909/745 840/908/749 413/884/734
f 411/880/730 834/902/742 837/909/745 412/881/731
f 843/601/500 417/910/756 418/911/757 844/602/501
f 415/603/502 844/602/501 845/912/758 416/907/755
f 844/602/501 418/911/757 419/913/759 845/912/758
f 505/914/760 843/601/500 414/600/499 82/906/754
f 83/915/761 417/910/756 843/601/500 505/914/760
f 845/912/758 419/913/759 35/371/320 211/368/317
f 416/907/755 845/912/758 211/368/317 33/354/304
f 417/910/756 846/916/762 847/917/763 418/911/757
f 846/916/762 420/918/764 421/919/765 847/917/763
f 418/911/757 847/917/763 848/920/766 419/913/759
f 847/917/763 421/919/765 422/921/767 848/920/766
f 83/915/761 504/922/768 846/916/762 417/910/756
f 504/922/768 84/923/769 420/918/764 846/916/762
f 848/920/766 422/921/767 37/383/332 215/378/327
f 419/913/759 848/920/766 215/378/327 35/371/320
f 439/924/770 849/925/771 850/926/772 440/927/773
f 420/928/764 423/929/774 424/930/775 421/931/765
f 421/931/765 424/930/775 425/932/776 422/933/767
f 84/934/769 85/935/777 423/929/774 420/928/764
f 425/932/776 39/391/337 37/390/332 422/933/767
f 85/936/777 41/397/340 423/937/774
f 429/938/778 430/939/779 41/397/340
f 430/939/779 431/940/780 41/397/340
f 431/940/780 86/941/781 41/397/340
f 425/942/776 41/397/340 39/402/337
f 424/943/775 41/397/340 425/942/776
f 423/937/774 41/397/340 424/943/775
f 42/406/345 41/397/340 503/944/782
f 41/397/340 86/941/781 428/945/783
f 41/397/340 428/945/783 427/946/784
f 41/397/340 427/946/784 426/947/785
f 41/397/340 87/948/786 501/949/787
f 502/950/788 41/397/340 501/949/787
f 503/944/782 41/397/340 502/950/788
f 432/951/789 426/952/785 427/953/784 433/954/790
f 433/954/790 427/953/784 428/955/783 434/956/791
f 89/957/792 87/958/786 426/952/785 432/951/789
f 428/955/783 86/959/781 88/960/793 434/956/791
f 437/961/794 431/962/780 430/963/779 436/964/795
f 436/964/795 430/963/779 429/965/778 435/966/796
f 86/959/781 431/962/780 437/961/794 88/960/793
f 429/965/778 85/935/777 84/934/769 435/966/796
f 849/925/771 432/967/789 433/968/790 850/926/772
f 440/927/773 850/926/772 851/969/797 441/970/798
f 850/926/772 433/968/790 434/971/791 851/969/797
f 91/972/799 500/973/800 849/925/771 439/924/770
f 500/973/800 89/974/792 432/967/789 849/925/771
f 851/969/797 434/971/791 88/975/793 438/976/801
f 441/970/798 851/969/797 438/976/801 90/977/802
f 444/978/803 852/979/804 853/980/805 443/981/806
f 852/979/804 437/982/794 436/983/795 853/980/805
f 443/981/806 853/980/805 854/984/807 442/985/808
f 853/980/805 436/983/795 435/986/796 854/984/807
f 438/976/801 852/979/804 444/978/803 90/977/802
f 88/975/793 437/982/794 852/979/804 438/976/801
f 854/984/807 435/986/796 84/923/769 504/922/768
f 442/985/808 854/984/807 504/922/768 83/915/761
f 446/987/809 855/988/810 856/989/811 447/990/812
f 855/988/810 439/924/770 440/927/773 856/989/811
f 447/990/812 856/989/811 857/991/813 448/992/814
f 856/989/811 440/927/773 441/970/798 857/991/813
f 499/993/815 855/988/810 446/987/809 93/994/816
f 91/972/799 439/924/770 855/988/810 499/993/815
f 857/991/813 441/970/798 90/977/802 445/995/817
f 448/992/814 857/991/813 445/995/817 92/996/818
f 451/997/819 858/998/820 859/999/821 450/1000/822
f 858/998/820 444/978/803 443/981/806 859/999/821
f 450/1000/822 859/999/821 860/1001/823 449/1002/824
f 859/999/821 443/981/806 442/985/808 860/1001/823
f 92/996/818 445/995/817 858/998/820 451/997/819
f 445/995/817 90/977/802 444/978/803 858/998/820
f 860/1001/823 442/985/808 83/915/761 505/914/760
f 449/1002/824 860/1001/823 505/914/760 82/906/754
f 489/1003/825 909/1004/826 910/1005/827 488/1006/828
f 861/1007/829 862/1008/830 865/1009/831 864/1010/832
f 862/1008/830 863/1011/833 866/1012/834 865/1009/831
f 864/1010/832 865/1009/831 868/1013/835 867/1014/836
f 865/1009/831 866/1012/834 869/1015/837 868/1013/835
f 95/1016/838 496/1017/839 861/1018/829 455/886/736
f 496/1019/839 497/1020/840 862/1008/830 861/1007/829
f 497/1020/840 498/1021/841 863/1011/833 862/1008/830
f 498/1021/841 93/994/816 446/987/809 863/1011/833
f 863/1011/833 446/987/809 447/990/812 866/1012/834
f 866/1012/834 447/990/812 448/992/814 869/1015/837
f 869/1015/837 448/992/814 92/996/818 452/1022/842
f 868/1013/835 869/1015/837 452/1022/842 453/1023/843
f 867/1014/836 868/1013/835 453/1023/843 454/1024/844
f 457/1025/845 867/1026/836 454/1027/844 94/1028/846
f 456/887/737 864/1029/832 867/1026/836 457/1025/845
f 455/886/736 861/1018/829 864/1029/832 456/887/737
f 870/1030/847 871/1031/848 874/1032/849 873/1033/850
f 871/1031/848 872/1034/851 875/1035/852 874/1032/849
f 873/1033/850 874/1032/849 877/1036/853 876/1037/854
f 874/1032/849 875/1035/852 878/1038/855 877/1036/853
f 94/1028/846 454/1027/844 870/1039/847 460/1040/856
f 454/1024/844 453/1023/843 871/1031/848 870/1030/847
f 453/1023/843 452/1022/842 872/1034/851 871/1031/848
f 452/1022/842 92/996/818 451/997/819 872/1034/851
f 872/1034/851 451/997/819 450/1000/822 875/1035/852
f 875/1035/852 450/1000/822 449/1002/824 878/1038/855
f 878/1038/855 449/1002/824 82/906/754 508/905/753
f 877/1036/853 878/1038/855 508/905/753 507/904/752
f 876/1037/854 877/1036/853 507/904/752 506/903/751
f 458/1041/857 876/1042/854 506/901/751 81/891/741
f 459/1043/858 873/1044/850 876/1042/854 458/1041/857
f 460/1040/856 870/1039/847 873/1044/850 459/1043/858
f 456/887/737 457/1025/845 881/1045/859 880/888/738
f 880/888/738 463/1046/860 462/1047/861 879/889/739
f 881/1045/859 464/1048/862 463/1046/860 880/888/738
f 94/1028/846 461/1049/863 881/1045/859 457/1025/845
f 458/1041/857 882/1050/864 883/1051/865 459/1043/858
f 461/1049/863 96/1052/866 464/1048/862 881/1045/859
f 472/1053/867 879/889/739 462/1047/861 97/1054/868
f 879/889/739 472/1053/867 95/1016/838 455/886/736
f 882/1050/864 465/1055/869 466/1056/870 883/1051/865
f 459/1043/858 883/1051/865 884/1057/871 460/1040/856
f 883/1051/865 466/1056/870 467/1058/872 884/1057/871
f 509/890/740 882/1050/864 458/1041/857 81/891/741
f 80/879/729 465/1055/869 882/1050/864 509/890/740
f 884/1057/871 467/1058/872 96/1052/866 461/1049/863
f 460/1040/856 884/1057/871 461/1049/863 94/1028/846
f 464/1048/862 885/1059/873 886/1060/874 463/1046/860
f 885/1059/873 479/1061/702 478/1062/705 886/1060/874
f 463/1046/860 886/1060/874 887/1063/875 462/1047/861
f 886/1060/874 478/1062/705 477/1064/707 887/1063/875
f 96/1052/866 468/1065/876 885/1059/873 464/1048/862
f 468/1065/876 77/1066/701 479/1061/702 885/1059/873
f 887/1063/875 477/1064/707 98/1067/709 473/1068/877
f 462/1047/861 887/1063/875 473/1068/877 97/1054/868
f 465/1055/869 888/1069/878 889/1070/879 466/1056/870
f 888/1069/878 511/1071/692 512/1072/695 889/1070/879
f 466/1056/870 889/1070/879 890/1073/880 467/1058/872
f 889/1070/879 512/1072/695 513/1074/697 890/1073/880
f 510/878/728 888/1069/878 465/1055/869 80/879/729
f 79/877/698 511/1071/692 888/1069/878 510/878/728
f 890/1073/880 513/1074/697 77/1066/701 468/1065/876
f 467/1058/872 890/1073/880 468/1065/876 96/1052/866
f 469/1075/881 891/1076/882 892/1077/883 470/1078/884
f 891/1076/882 474/1079/722 475/1080/725 892/1077/883
f 470/1078/884 892/1077/883 893/1081/885 471/1082/886
f 892/1077/883 475/1080/725 476/1083/887 893/1081/885
f 473/1068/877 891/1076/882 469/1075/881 97/1054/868
f 98/1067/709 474/1079/722 891/1076/882 473/1068/877
f 893/1081/885 476/1083/887 57/553/458 277/548/453
f 471/1082/886 893/1081/885 277/548/453 55/547/452
f 484/1084/888 894/1085/889 895/1086/890 485/1087/891
f 894/1085/889 469/1075/881 470/1078/884 895/1086/890
f 485/1087/891 895/1086/890 896/1088/892 486/1089/893
f 895/1086/890 470/1078/884 471/1082/886 896/1088/892
f 472/1053/867 894/1085/889 484/1084/888 95/1016/838
f 97/1054/868 469/1075/881 894/1085/889 472/1053/867
f 896/1088/892 471/1082/886 55/547/452 283/557/462
f 486/1089/893 896/1088/892 283/557/462 59/556/461
f 208/357/307 209/356/306 646/363/312 645/366/315
f 897/869/723 483/820/678 482/823/681 898/870/724
f 475/871/725 898/870/724 899/1090/894 476/1091/887
f 898/870/724 482/823/681 481/825/683 899/1090/894
f 98/855/709 480/854/708 897/869/723 474/868/722
f 480/854/708 74/819/677 483/820/678 897/869/723
f 899/1090/894 481/825/683 58/256/219 278/565/468
f 476/1091/887 899/1090/894 278/565/468 57/564/458
f 200/326/280 199/308/267 631/311/270 630/314/271
f 900/1092/895 901/1093/896 904/1094/897 903/1095/898
f 901/1093/896 902/1096/899 905/1097/900 904/1094/897
f 903/1095/898 904/1094/897 907/1098/901 906/1099/902
f 904/1094/897 905/1097/900 908/1100/903 907/1098/901
f 59/556/461 289/580/482 900/1101/895 486/1089/893
f 289/587/482 288/586/486 901/1093/896 900/1092/895
f 288/586/486 287/584/484 902/1096/899 901/1093/896
f 287/584/484 60/585/485 489/1003/825 902/1096/899
f 902/1096/899 489/1003/825 488/1006/828 905/1097/900
f 905/1097/900 488/1006/828 487/1102/904 908/1100/903
f 908/1100/903 487/1102/904 93/994/816 498/1021/841
f 907/1098/901 908/1100/903 498/1021/841 497/1020/840
f 906/1099/902 907/1098/901 497/1020/840 496/1019/839
f 484/1084/888 906/1103/902 496/1017/839 95/1016/838
f 485/1087/891 903/1104/898 906/1103/902 484/1084/888
f 486/1089/893 900/1101/895 903/1104/898 485/1087/891
f 909/1004/826 492/1105/905 491/1106/906 910/1005/827
f 488/1006/828 910/1005/827 911/1107/907 487/1102/904
f 910/1005/827 491/1106/906 490/1108/908 911/1107/907
f 293/594/493 909/1004/826 489/1003/825 60/585/485
f 61/595/494 492/1105/905 909/1004/826 293/594/493
f 911/1107/907 490/1108/908 91/972/799 499/993/815
f 487/1102/904 911/1107/907 499/993/815 93/994/816
f 492/1105/905 912/1109/909 913/1110/910 491/1106/906
f 912/1109/909 495/1111/911 494/1112/912 913/1110/910
f 491/1106/906 913/1110/910 914/1113/913 490/1108/908
f 913/1110/910 494/1112/912 493/1114/914 914/1113/913
f 297/604/503 912/1109/909 492/1105/905 61/595/494
f 62/605/504 495/1111/911 912/1109/909 297/604/503
f 914/1113/913 493/1114/914 89/974/792 500/973/800
f 490/1108/908 914/1113/913 500/973/800 91/972/799
f 495/1115/911 503/1116/782 502/1117/788 494/1118/912
f 494/1118/912 502/1117/788 501/1119/787 493/1120/914
f 42/1121/345 503/1116/782 495/1115/911 62/1122/504
f 41/397/340 426/947/785 87/948/786
f 85/936/777 429/938/778 41/397/340
f 44/410/349 222/411/350 41/397/340
f 501/1119/787 87/958/786 89/957/792 493/1120/914
f 40/396/339 219/399/336 41/397/340
f 177/253/216 176/240/203 610/243/206 609/244/207
f 957/1123/915 963/1124/916 962/1125/917 956/1126/918
f 956/1126/918 962/1125/917 961/1127/919 955/1128/920
f 920/1129/921 963/1124/916 957/1123/915 916/1130/922
f 961/1127/919 919/1131/923 915/1132/924 955/1128/920
f 957/1133/915 956/1134/918 1010/1135/925 1011/1136/926
f 915/1137/924 918/1138/927 1009/1139/928 955/1140/920
f 956/1134/918 955/1140/920 1009/1139/928 1010/1135/925
f 1011/1136/926 938/1141/929 916/1142/922 957/1133/915
f 958/1143/930 964/1144/931 965/1145/932 959/1146/933
f 959/1146/933 965/1145/932 966/1147/934 960/1148/935
f 915/1132/924 919/1131/923 964/1144/931 958/1143/930
f 966/1147/934 921/1149/936 917/1150/937 960/1148/935
f 960/1151/935 1002/1152/938 1001/1153/939 959/1154/933
f 959/1154/933 1001/1153/939 1000/1155/940 958/1156/930
f 936/1157/941 1002/1152/938 960/1151/935 917/1158/937
f 1000/1155/940 918/1138/927 915/1137/924 958/1156/930
f 1014/1159/942 969/1160/943 968/1161/944 1013/1162/945
f 1013/1162/945 968/1161/944 967/1163/946 1012/1164/947
f 917/1165/937 921/1166/936 969/1160/943 1014/1159/942
f 967/1163/946 922/1167/948 923/1168/949 1012/1164/947
f 979/1169/950 970/1170/951 971/1171/952 980/1172/953
f 980/1172/953 971/1171/952 972/1173/954 981/1174/955
f 922/1167/948 970/1170/951 979/1169/950 923/1168/949
f 972/1173/954 924/1175/956 926/1176/957 981/1174/955
f 976/1177/958 973/1178/959 974/1179/960 977/1180/961
f 977/1180/961 974/1179/960 975/1181/962 978/1182/963
f 924/1175/956 973/1178/959 976/1177/958 926/1176/957
f 975/1181/962 925/1183/964 927/1184/965 978/1182/963
f 978/1185/963 984/1186/966 983/1187/967 977/1188/961
f 977/1188/961 983/1187/967 982/1189/968 976/1190/958
f 929/1191/969 984/1186/966 978/1185/963 927/1192/965
f 982/1189/968 928/1193/970 926/1194/957 976/1190/958
f 981/1195/955 987/1196/971 986/1197/972 980/1198/953
f 980/1198/953 986/1197/972 985/1199/973 979/1200/950
f 928/1193/970 987/1196/971 981/1195/955 926/1194/957
f 985/1199/973 930/1201/974 923/1202/949 979/1200/950
f 984/1203/966 990/1204/975 989/1205/976 983/1206/967
f 983/1206/967 989/1205/976 988/1207/977 982/1208/968
f 932/1209/978 990/1204/975 984/1203/966 929/1210/969
f 988/1207/977 931/1211/979 928/1212/970 982/1208/968
f 987/1213/971 993/1214/980 992/1215/981 986/1216/972
f 986/1216/972 992/1215/981 991/1217/982 985/1218/973
f 931/1211/979 993/1214/980 987/1213/971 928/1212/970
f 991/1217/982 933/1219/983 930/1220/974 985/1218/973
f 1003/1221/984 994/1222/985 995/1223/986 1004/1224/987
f 1004/1224/987 995/1223/986 996/1225/988 1005/1226/989
f 933/1219/983 994/1222/985 1003/1221/984 930/1220/974
f 996/1225/988 934/1227/990 936/1228/941 1005/1226/989
f 1002/1229/938 999/1230/991 998/1231/992 1001/1232/939
f 1001/1232/939 998/1231/992 997/1233/993 1000/1234/940
f 936/1235/941 934/1236/990 999/1230/991 1002/1229/938
f 997/1233/993 935/1237/994 918/1238/927 1000/1234/940
f 1014/1239/942 1013/1240/945 1004/1241/987 1005/1242/989
f 923/1202/949 930/1201/974 1003/1243/984 1012/1244/947
f 1013/1240/945 1012/1244/947 1003/1243/984 1004/1241/987
f 1005/1242/989 936/1245/941 917/1246/937 1014/1239/942
f 1009/1247/928 1006/1248/995 1007/1249/996 1010/1250/925
f 1010/1250/925 1007/1249/996 1008/1251/997 1011/1252/926
f 935/1237/994 1006/1248/995 1009/1247/928 918/1238/927
f 1008/1251/997 937/1253/998 938/1254/929 1011/1252/926
f 1017/1255/999 1016/1256/1000 1022/1257/1001 1023/1258/1002
f 939/1259/1003 942/1260/1004 1021/1261/1005 1015/1262/1006
f 1016/1256/1000 1015/1262/1006 1021/1261/1005 1022/1257/1001
f 1023/1258/1002 920/1129/921 916/1130/922 1017/1255/999
f 1017/1263/999 1071/1264/1007 1070/1265/1008 1016/1266/1000
f 1016/1266/1000 1070/1265/1008 1069/1267/1009 1015/1268/1006
f 938/1141/929 1071/1264/1007 1017/1263/999 916/1142/922
f 1069/1267/1009 941/1269/1010 939/1270/1003 1015/1268/1006
f 1018/1271/1011 1019/1272/1012 1025/1273/1013 1024/1274/1014
f 940/1275/1015 943/1276/1016 1026/1277/1017 1020/1278/1018
f 1019/1272/1012 1020/1278/1018 1026/1277/1017 1025/1273/1013
f 1024/1274/1014 942/1260/1004 939/1259/1003 1018/1271/1011
f 1020/1279/1018 1019/1280/1012 1061/1281/1019 1062/1282/1020
f 939/1270/1003 941/1269/1010 1060/1283/1021 1018/1284/1011
f 1019/1280/1012 1018/1284/1011 1060/1283/1021 1061/1281/1019
f 1062/1282/1020 954/1285/1022 940/1286/1015 1020/1279/1018
f 1074/1287/1023 1073/1288/1024 1028/1289/1025 1029/1290/1026
f 944/1291/1027 1027/1292/1028 1072/1293/1029 945/1294/1030
f 1073/1288/1024 1072/1293/1029 1027/1292/1028 1028/1289/1025
f 1029/1290/1026 943/1295/1016 940/1296/1015 1074/1287/1023
f 1039/1297/1031 1040/1298/1032 1031/1299/1033 1030/1300/1034
f 946/1301/1035 1032/1302/1036 1041/1303/1037 947/1304/1038
f 1040/1298/1032 1041/1303/1037 1032/1302/1036 1031/1299/1033
f 1030/1300/1034 944/1291/1027 945/1294/1030 1039/1297/1031
f 1036/1305/1039 1037/1306/1040 1034/1307/1041 1033/1308/1042
f 927/1184/965 925/1183/964 1035/1309/1043 1038/1310/1044
f 1037/1306/1040 1038/1310/1044 1035/1309/1043 1034/1307/1041
f 1033/1308/1042 946/1301/1035 947/1304/1038 1036/1305/1039
f 1038/1311/1044 1037/1312/1040 1043/1313/1045 1044/1314/1046
f 948/1315/1047 1042/1316/1048 1036/1317/1039 947/1318/1038
f 1037/1312/1040 1036/1317/1039 1042/1316/1048 1043/1313/1045
f 1044/1314/1046 929/1191/969 927/1192/965 1038/1311/1044
f 1041/1319/1037 1040/1320/1032 1046/1321/1049 1047/1322/1050
f 945/1323/1030 949/1324/1051 1045/1325/1052 1039/1326/1031
f 1040/1320/1032 1039/1326/1031 1045/1325/1052 1046/1321/1049
f 1047/1322/1050 948/1315/1047 947/1318/1038 1041/1319/1037
f 1044/1327/1046 1043/1328/1045 1049/1329/1053 1050/1330/1054
f 950/1331/1055 1048/1332/1056 1042/1333/1048 948/1334/1047
f 1043/1328/1045 1042/1333/1048 1048/1332/1056 1049/1329/1053
f 1050/1330/1054 932/1209/978 929/1210/969 1044/1327/1046
f 1047/1335/1050 1046/1336/1049 1052/1337/1057 1053/1338/1058
f 951/1339/1059 1051/1340/1060 1045/1341/1052 949/1342/1051
f 1046/1336/1049 1045/1341/1052 1051/1340/1060 1052/1337/1057
f 1053/1338/1058 950/1331/1055 948/1334/1047 1047/1335/1050
f 1063/1343/1061 1064/1344/1062 1055/1345/1063 1054/1346/1064
f 954/1347/1022 952/1348/1065 1056/1349/1066 1065/1350/1067
f 1064/1344/1062 1065/1350/1067 1056/1349/1066 1055/1345/1063
f 1054/1346/1064 951/1339/1059 949/1342/1051 1063/1343/1061
f 1062/1351/1020 1061/1352/1019 1058/1353/1068 1059/1354/1069
f 953/1355/1070 1057/1356/1071 1060/1357/1021 941/1358/1010
f 1061/1352/1019 1060/1357/1021 1057/1356/1071 1058/1353/1068
f 1059/1354/1069 952/1359/1065 954/1360/1022 1062/1351/1020
f 1074/1361/1023 1065/1362/1067 1064/1363/1062 1073/1364/1024
f 1073/1364/1024 1064/1363/1062 1063/1365/1061 1072/1366/1029
f 954/1367/1022 1065/1362/1067 1074/1361/1023 940/1368/1015
f 1063/1365/1061 949/1324/1051 945/1323/1030 1072/1366/1029
f 1069/1369/1009 1070/1370/1008 1067/1371/1072 1066/1372/1073
f 938/1254/929 937/1253/998 1068/1373/1074 1071/1374/1007
f 1070/1370/1008 1071/1374/1007 1068/1373/1074 1067/1371/1072
f 1066/1372/1073 953/1355/1070 941/1358/1010 1069/1369/1009
