# Blender 5.0.1
# www.blender.org
mtllib mano_izq_yae.mtl
g 肌.002_Malla
v 0.011591 -0.107169 0.099511
v 0.016138 -0.110558 0.102194
v 0.012442 -0.108385 0.098086
v 0.016138 -0.110558 0.102194
v 0.013293 -0.109602 0.096661
v 0.012442 -0.108385 0.098086
v -0.003225 -0.097668 0.080668
v -0.002503 -0.100507 0.082582
v -0.002296 -0.098217 0.081747
v -0.058072 -0.050713 -0.007612
v -0.035151 -0.032982 -0.008277
v -0.038928 -0.028192 -0.007698
v -0.038928 -0.028192 -0.007698
v -0.060815 -0.047974 -0.006690
v -0.058072 -0.050713 -0.007612
v -0.055998 -0.053107 -0.006624
v -0.032478 -0.036303 -0.006530
v -0.035151 -0.032982 -0.008277
v -0.035151 -0.032982 -0.008277
v -0.058072 -0.050713 -0.007612
v -0.055998 -0.053107 -0.006624
v -0.041083 -0.025043 0.002318
v -0.038911 -0.027628 0.007157
v -0.060960 -0.047163 0.005049
v -0.060960 -0.047163 0.005049
v -0.062349 -0.045900 0.001706
v -0.041083 -0.025043 0.002318
v -0.055432 -0.053278 -0.001885
v -0.031644 -0.037519 -0.001267
v -0.032478 -0.036303 -0.006530
v -0.032478 -0.036303 -0.006530
v -0.055998 -0.053107 -0.006624
v -0.055432 -0.053278 -0.001885
v -0.056306 -0.052185 0.004159
v -0.032215 -0.036264 0.005323
v -0.031644 -0.037519 -0.001267
v -0.031644 -0.037519 -0.001267
v -0.055432 -0.053278 -0.001885
v -0.056306 -0.052185 0.004159
v -0.034850 -0.032615 0.008186
v -0.032215 -0.036264 0.005323
v -0.056306 -0.052185 0.004159
v -0.056306 -0.052185 0.004159
v -0.058222 -0.049958 0.006041
v -0.034850 -0.032615 0.008186
v -0.038911 -0.027628 0.007157
v -0.034850 -0.032615 0.008186
v -0.058222 -0.049958 0.006041
v -0.058222 -0.049958 0.006041
v -0.060960 -0.047163 0.005049
v -0.038911 -0.027628 0.007157
v -0.040811 -0.025612 -0.003811
v -0.041083 -0.025043 0.002318
v -0.062349 -0.045900 0.001706
v -0.062349 -0.045900 0.001706
v -0.062355 -0.046141 -0.002928
v -0.040811 -0.025612 -0.003811
v -0.038928 -0.028192 -0.007698
v -0.040811 -0.025612 -0.003811
v -0.062355 -0.046141 -0.002928
v -0.062355 -0.046141 -0.002928
v -0.060815 -0.047974 -0.006690
v -0.038928 -0.028192 -0.007698
v -0.063027 -0.049079 0.004974
v -0.064228 -0.047794 0.001736
v -0.062349 -0.045900 0.001706
v -0.062349 -0.045900 0.001706
v -0.060960 -0.047163 0.005049
v -0.063027 -0.049079 0.004974
v -0.058072 -0.050713 -0.007612
v -0.059971 -0.052667 -0.008142
v -0.058214 -0.054934 -0.007033
v -0.058214 -0.054934 -0.007033
v -0.055998 -0.053107 -0.006624
v -0.058072 -0.050713 -0.007612
v -0.057691 -0.055164 0.001034
v -0.058392 -0.054119 0.004070
v -0.056306 -0.052185 0.004159
v -0.056306 -0.052185 0.004159
v -0.058392 -0.054119 0.004070
v -0.060516 -0.051856 0.005910
v -0.060516 -0.051856 0.005910
v -0.058222 -0.049958 0.006041
v -0.056306 -0.052185 0.004159
v -0.064228 -0.047794 0.001736
v -0.064276 -0.047988 -0.002915
v -0.062355 -0.046141 -0.002928
v -0.062355 -0.046141 -0.002928
v -0.062349 -0.045900 0.001706
v -0.064228 -0.047794 0.001736
v -0.064276 -0.047988 -0.002915
v -0.062725 -0.049768 -0.006949
v -0.060815 -0.047974 -0.006690
v -0.060815 -0.047974 -0.006690
v -0.062355 -0.046141 -0.002928
v -0.064276 -0.047988 -0.002915
v -0.058072 -0.050713 -0.007612
v -0.060815 -0.047974 -0.006690
v -0.062725 -0.049768 -0.006949
v -0.062725 -0.049768 -0.006949
v -0.059971 -0.052667 -0.008142
v -0.058072 -0.050713 -0.007612
v -0.060960 -0.047163 0.005049
v -0.058222 -0.049958 0.006041
v -0.060516 -0.051856 0.005910
v -0.060516 -0.051856 0.005910
v -0.063027 -0.049079 0.004974
v -0.060960 -0.047163 0.005049
v -0.055432 -0.053278 -0.001885
v -0.057691 -0.055164 0.001034
v -0.056306 -0.052185 0.004159
v -0.055998 -0.053107 -0.006624
v -0.058214 -0.054934 -0.007033
v -0.057767 -0.055364 -0.004821
v -0.055998 -0.053107 -0.006624
v -0.057767 -0.055364 -0.004821
v -0.055432 -0.053278 -0.001885
v -0.066120 -0.049645 -0.002903
v -0.064276 -0.047988 -0.002915
v -0.064228 -0.047794 0.001736
v -0.064228 -0.047794 0.001736
v -0.066107 -0.049591 0.001874
v -0.066120 -0.049645 -0.002903
v -0.066120 -0.049645 -0.002903
v -0.064434 -0.051377 -0.007445
v -0.062725 -0.049768 -0.006949
v -0.062725 -0.049768 -0.006949
v -0.064276 -0.047988 -0.002915
v -0.066120 -0.049645 -0.002903
v -0.059971 -0.052667 -0.008142
v -0.062725 -0.049768 -0.006949
v -0.064434 -0.051377 -0.007445
v -0.064434 -0.051377 -0.007445
v -0.061519 -0.054538 -0.008740
v -0.059971 -0.052667 -0.008142
v -0.064860 -0.050831 0.005136
v -0.063027 -0.049079 0.004974
v -0.060516 -0.051856 0.005910
v -0.060516 -0.051856 0.005910
v -0.062312 -0.053491 0.006016
v -0.064860 -0.050831 0.005136
v -0.059499 -0.057131 0.000992
v -0.057691 -0.055164 0.001034
v -0.057596 -0.055390 -0.001946
v -0.057596 -0.055390 -0.001946
v -0.059404 -0.057369 -0.002159
v -0.059499 -0.057131 0.000992
v -0.058214 -0.054934 -0.007033
v -0.059719 -0.056593 -0.007563
v -0.059271 -0.057482 -0.005110
v -0.059271 -0.057482 -0.005110
v -0.057767 -0.055364 -0.004821
v -0.058214 -0.054934 -0.007033
v -0.057767 -0.055364 -0.004821
v -0.059271 -0.057482 -0.005110
v -0.059404 -0.057369 -0.002159
v -0.059404 -0.057369 -0.002159
v -0.057596 -0.055390 -0.001946
v -0.057767 -0.055364 -0.004821
v -0.062312 -0.053491 0.006016
v -0.060516 -0.051856 0.005910
v -0.058392 -0.054119 0.004070
v -0.058392 -0.054119 0.004070
v -0.060270 -0.056003 0.004290
v -0.062312 -0.053491 0.006016
v -0.068115 -0.051380 -0.002710
v -0.066120 -0.049645 -0.002903
v -0.066107 -0.049591 0.001874
v -0.066107 -0.049591 0.001874
v -0.068097 -0.051501 0.002013
v -0.068115 -0.051380 -0.002710
v -0.067601 -0.058550 0.007625
v -0.070590 -0.061448 0.008668
v -0.072974 -0.059034 0.007370
v -0.072974 -0.059034 0.007370
v -0.069873 -0.055891 0.006363
v -0.067601 -0.058550 0.007625
v -0.064860 -0.050831 0.005136
v -0.066809 -0.052785 0.005546
v -0.068097 -0.051501 0.002013
v -0.068097 -0.051501 0.002013
v -0.066107 -0.049591 0.001874
v -0.064860 -0.050831 0.005136
v -0.059404 -0.057369 -0.002159
v -0.061255 -0.059280 -0.002434
v -0.061426 -0.059235 0.001084
v -0.061426 -0.059235 0.001084
v -0.059499 -0.057131 0.000992
v -0.059404 -0.057369 -0.002159
v -0.059271 -0.057482 -0.005110
v -0.060685 -0.059560 -0.005475
v -0.061255 -0.059280 -0.002434
v -0.061255 -0.059280 -0.002434
v -0.059404 -0.057369 -0.002159
v -0.059271 -0.057482 -0.005110
v -0.062460 -0.062317 -0.006538
v -0.062073 -0.060308 -0.009620
v -0.063727 -0.062866 -0.011413
v -0.063727 -0.062866 -0.011413
v -0.064395 -0.065151 -0.008181
v -0.062460 -0.062317 -0.006538
v -0.064395 -0.065151 -0.008181
v -0.063727 -0.062866 -0.011413
v -0.065938 -0.066327 -0.013172
v -0.065938 -0.066327 -0.013172
v -0.066587 -0.067993 -0.010275
v -0.064395 -0.065151 -0.008181
v -0.068115 -0.051380 -0.002710
v -0.066180 -0.053255 -0.008053
v -0.064434 -0.051377 -0.007445
v -0.064434 -0.051377 -0.007445
v -0.066120 -0.049645 -0.002903
v -0.068115 -0.051380 -0.002710
v -0.060270 -0.056003 0.004290
v -0.059499 -0.057131 0.000992
v -0.061426 -0.059235 0.001084
v -0.061426 -0.059235 0.001084
v -0.062284 -0.058101 0.004809
v -0.060270 -0.056003 0.004290
v -0.066809 -0.052785 0.005546
v -0.064860 -0.050831 0.005136
v -0.062312 -0.053491 0.006016
v -0.062312 -0.053491 0.006016
v -0.064457 -0.055506 0.006475
v -0.066809 -0.052785 0.005546
v -0.088919 -0.069829 -0.003909
v -0.088004 -0.072434 -0.004560
v -0.087481 -0.072102 -0.004867
v -0.087481 -0.072102 -0.004867
v -0.088442 -0.069432 -0.003975
v -0.088919 -0.069829 -0.003909
v -0.086215 -0.074930 -0.001599
v -0.083953 -0.074263 -0.001725
v -0.084499 -0.074147 -0.003896
v -0.084499 -0.074147 -0.003896
v -0.086782 -0.074490 -0.003603
v -0.086215 -0.074930 -0.001599
v -0.087481 -0.072102 -0.004867
v -0.088004 -0.072434 -0.004560
v -0.086782 -0.074490 -0.003603
v -0.086782 -0.074490 -0.003603
v -0.084499 -0.074147 -0.003896
v -0.087481 -0.072102 -0.004867
v -0.087481 -0.072102 -0.004867
v -0.086661 -0.072271 -0.005065
v -0.086735 -0.069439 -0.005156
v -0.086735 -0.069439 -0.005156
v -0.088442 -0.069432 -0.003975
v -0.087481 -0.072102 -0.004867
v -0.085417 -0.066368 -0.006044
v -0.082500 -0.063707 -0.006307
v -0.083043 -0.063213 -0.002083
v -0.083043 -0.063213 -0.002083
v -0.086065 -0.065664 -0.002045
v -0.085417 -0.066368 -0.006044
v -0.088694 -0.068905 -0.000124
v -0.089181 -0.069309 -0.000146
v -0.089484 -0.068775 -0.001998
v -0.089484 -0.068775 -0.001998
v -0.088999 -0.068353 -0.002019
v -0.088694 -0.068905 -0.000124
v -0.087549 -0.070962 0.001251
v -0.088694 -0.068905 -0.000124
v -0.086569 -0.068485 0.001383
v -0.086569 -0.068485 0.001383
v -0.086543 -0.071172 0.001197
v -0.087549 -0.070962 0.001251
v -0.084187 -0.073990 0.000197
v -0.087549 -0.070962 0.001251
v -0.086543 -0.071172 0.001197
v -0.086543 -0.071172 0.001197
v -0.083343 -0.073749 0.001310
v -0.084187 -0.073990 0.000197
v -0.085368 -0.065980 0.001748
v -0.086065 -0.065664 -0.002045
v -0.083043 -0.063213 -0.002083
v -0.083043 -0.063213 -0.002083
v -0.082553 -0.063514 0.001460
v -0.085368 -0.065980 0.001748
v -0.083716 -0.072478 -0.010541
v -0.083346 -0.073803 -0.008222
v -0.081197 -0.072926 -0.007656
v -0.081197 -0.072926 -0.007656
v -0.080989 -0.071623 -0.010200
v -0.083716 -0.072478 -0.010541
v -0.085946 -0.073268 -0.010369
v -0.085341 -0.074364 -0.008369
v -0.083346 -0.073803 -0.008222
v -0.083346 -0.073803 -0.008222
v -0.083716 -0.072478 -0.010541
v -0.085946 -0.073268 -0.010369
v -0.086609 -0.072425 -0.005299
v -0.087490 -0.069998 -0.006292
v -0.086735 -0.069439 -0.005156
v -0.086735 -0.069439 -0.005156
v -0.086661 -0.072271 -0.005065
v -0.086609 -0.072425 -0.005299
v -0.083810 -0.074061 -0.006470
v -0.086609 -0.072425 -0.005299
v -0.086661 -0.072271 -0.005065
v -0.086661 -0.072271 -0.005065
v -0.083881 -0.073923 -0.005379
v -0.083810 -0.074061 -0.006470
v -0.083810 -0.074061 -0.006470
v -0.083881 -0.073923 -0.005379
v -0.082106 -0.073357 -0.004813
v -0.082500 -0.063707 -0.006307
v -0.085417 -0.066368 -0.006044
v -0.084569 -0.066064 -0.009030
v -0.084569 -0.066064 -0.009030
v -0.081734 -0.064341 -0.009230
v -0.082500 -0.063707 -0.006307
v -0.086168 -0.068351 -0.006780
v -0.087490 -0.069998 -0.006292
v -0.087799 -0.069024 -0.007931
v -0.087799 -0.069024 -0.007931
v -0.086332 -0.067648 -0.008649
v -0.086168 -0.068351 -0.006780
v -0.088187 -0.075606 0.003010
v -0.085198 -0.074214 0.002793
v -0.086803 -0.071779 0.001900
v -0.086803 -0.071779 0.001900
v -0.089391 -0.073742 0.002057
v -0.088187 -0.075606 0.003010
v -0.090365 -0.072257 0.002622
v -0.089391 -0.073742 0.002057
v -0.086803 -0.071779 0.001900
v -0.086803 -0.071779 0.001900
v -0.087392 -0.069602 0.002747
v -0.090365 -0.072257 0.002622
v -0.087773 -0.076206 0.004811
v -0.084793 -0.074514 0.004624
v -0.085198 -0.074214 0.002793
v -0.085198 -0.074214 0.002793
v -0.088187 -0.075606 0.003010
v -0.087773 -0.076206 0.004811
v -0.090956 -0.071465 0.004073
v -0.090365 -0.072257 0.002622
v -0.087392 -0.069602 0.002747
v -0.087392 -0.069602 0.002747
v -0.087558 -0.068752 0.004482
v -0.090956 -0.071465 0.004073
v -0.083343 -0.073749 0.001310
v -0.086543 -0.071172 0.001197
v -0.086372 -0.071383 0.001574
v -0.086372 -0.071383 0.001574
v -0.083285 -0.074239 0.002455
v -0.083343 -0.073749 0.001310
v -0.086958 -0.069161 0.002691
v -0.086372 -0.071383 0.001574
v -0.086543 -0.071172 0.001197
v -0.086543 -0.071172 0.001197
v -0.086569 -0.068485 0.001383
v -0.086958 -0.069161 0.002691
v -0.084301 -0.065966 0.005063
v -0.085368 -0.065980 0.001748
v -0.082553 -0.063514 0.001460
v -0.082553 -0.063514 0.001460
v -0.081804 -0.063687 0.004669
v -0.084301 -0.065966 0.005063
v -0.086282 -0.071486 0.007054
v -0.085217 -0.073699 0.006254
v -0.088578 -0.075136 0.006287
v -0.088578 -0.075136 0.006287
v -0.089731 -0.073345 0.006705
v -0.086282 -0.071486 0.007054
v -0.086282 -0.071486 0.007054
v -0.089731 -0.073345 0.006705
v -0.090673 -0.071935 0.005732
v -0.090673 -0.071935 0.005732
v -0.087163 -0.069451 0.006167
v -0.086282 -0.071486 0.007054
v -0.085217 -0.073699 0.006254
v -0.084793 -0.074514 0.004624
v -0.087773 -0.076206 0.004811
v -0.087773 -0.076206 0.004811
v -0.088578 -0.075136 0.006287
v -0.085217 -0.073699 0.006254
v -0.087163 -0.069451 0.006167
v -0.090673 -0.071935 0.005732
v -0.090956 -0.071465 0.004073
v -0.090956 -0.071465 0.004073
v -0.087558 -0.068752 0.004482
v -0.087163 -0.069451 0.006167
v -0.083659 -0.069023 0.007396
v -0.084105 -0.071137 0.006926
v -0.085493 -0.071110 0.007259
v -0.085493 -0.071110 0.007259
v -0.086522 -0.069043 0.006279
v -0.083659 -0.069023 0.007396
v -0.082745 -0.073547 0.006381
v -0.085493 -0.071110 0.007259
v -0.084105 -0.071137 0.006926
v -0.084105 -0.071137 0.006926
v -0.081851 -0.073109 0.006713
v -0.082745 -0.073547 0.006381
v -0.082703 -0.066775 0.007549
v -0.084301 -0.065966 0.005063
v -0.081804 -0.063687 0.004669
v -0.081804 -0.063687 0.004669
v -0.080265 -0.064385 0.007211
v -0.082703 -0.066775 0.007549
v -0.087299 -0.073439 0.008349
v -0.086594 -0.074649 0.007711
v -0.083538 -0.071653 0.007303
v -0.083538 -0.071653 0.007303
v -0.083842 -0.069925 0.008151
v -0.087299 -0.073439 0.008349
v -0.083538 -0.071653 0.007303
v -0.086594 -0.074649 0.007711
v -0.085593 -0.075873 0.008159
v -0.085593 -0.075873 0.008159
v -0.081828 -0.073098 0.007557
v -0.083538 -0.071653 0.007303
v -0.085243 -0.076254 0.009697
v -0.080881 -0.073304 0.009363
v -0.081828 -0.073098 0.007557
v -0.081828 -0.073098 0.007557
v -0.085593 -0.075873 0.008159
v -0.085243 -0.076254 0.009697
v -0.087710 -0.073028 0.009752
v -0.087299 -0.073439 0.008349
v -0.083842 -0.069925 0.008151
v -0.083842 -0.069925 0.008151
v -0.083500 -0.069204 0.009914
v -0.087710 -0.073028 0.009752
v -0.081851 -0.073109 0.006713
v -0.084105 -0.071137 0.006926
v -0.083298 -0.071388 0.007025
v -0.083298 -0.071388 0.007025
v -0.080523 -0.072929 0.006912
v -0.081851 -0.073109 0.006713
v -0.084105 -0.071137 0.006926
v -0.083659 -0.069023 0.007396
v -0.083482 -0.069510 0.008228
v -0.083482 -0.069510 0.008228
v -0.083298 -0.071388 0.007025
v -0.084105 -0.071137 0.006926
v -0.081851 -0.073109 0.006713
v -0.080523 -0.072929 0.006912
v -0.080072 -0.072547 0.005878
v -0.081428 -0.066870 0.009727
v -0.082009 -0.067721 0.010072
v -0.082894 -0.068398 0.008278
v -0.082894 -0.068398 0.008278
v -0.082703 -0.066775 0.007549
v -0.081428 -0.066870 0.009727
v -0.081825 -0.070756 0.011696
v -0.086542 -0.074497 0.011905
v -0.087282 -0.073382 0.011066
v -0.087282 -0.073382 0.011066
v -0.082751 -0.069661 0.011318
v -0.081825 -0.070756 0.011696
v -0.081047 -0.072326 0.011044
v -0.085580 -0.075702 0.011177
v -0.086542 -0.074497 0.011905
v -0.086542 -0.074497 0.011905
v -0.081825 -0.070756 0.011696
v -0.081047 -0.072326 0.011044
v -0.085580 -0.075702 0.011177
v -0.081047 -0.072326 0.011044
v -0.080881 -0.073304 0.009363
v -0.080881 -0.073304 0.009363
v -0.085243 -0.076254 0.009697
v -0.085580 -0.075702 0.011177
v -0.087282 -0.073382 0.011066
v -0.087710 -0.073028 0.009752
v -0.083500 -0.069204 0.009914
v -0.083500 -0.069204 0.009914
v -0.082751 -0.069661 0.011318
v -0.087282 -0.073382 0.011066
v -0.079450 -0.072459 0.008826
v -0.080881 -0.073304 0.009363
v -0.081047 -0.072326 0.011044
v -0.081047 -0.072326 0.011044
v -0.079109 -0.071260 0.010709
v -0.079450 -0.072459 0.008826
v -0.074972 -0.068994 0.008821
v -0.078255 -0.072016 0.007874
v -0.077484 -0.070422 0.009914
v -0.078888 -0.064843 0.009396
v -0.081428 -0.066870 0.009727
v -0.080265 -0.064385 0.007211
v -0.076288 -0.066770 0.010375
v -0.079918 -0.067388 0.010749
v -0.078888 -0.064843 0.009396
v -0.069467 -0.072330 -0.014635
v -0.068468 -0.070670 -0.011797
v -0.067590 -0.069066 -0.014080
v -0.072434 -0.072530 -0.011038
v -0.070902 -0.071102 -0.010085
v -0.070350 -0.072995 -0.012464
v -0.069782 -0.069206 -0.015942
v -0.069116 -0.067591 -0.015381
v -0.071721 -0.066710 -0.015165
v -0.071721 -0.066710 -0.015165
v -0.072024 -0.068413 -0.015869
v -0.069782 -0.069206 -0.015942
v -0.074339 -0.071226 -0.011484
v -0.074961 -0.069884 -0.011997
v -0.074043 -0.070235 -0.010872
v -0.074961 -0.069884 -0.011997
v -0.074014 -0.068515 -0.014266
v -0.075186 -0.067036 -0.012907
v -0.075186 -0.067036 -0.012907
v -0.075492 -0.068975 -0.011965
v -0.074961 -0.069884 -0.011997
v -0.072434 -0.072530 -0.011038
v -0.074339 -0.071226 -0.011484
v -0.070902 -0.071102 -0.010085
v -0.074014 -0.068515 -0.014266
v -0.074028 -0.066623 -0.013783
v -0.075186 -0.067036 -0.012907
v -0.076189 -0.057787 -0.002262
v -0.075054 -0.057981 0.003307
v -0.078488 -0.061236 0.004038
v -0.078488 -0.061236 0.004038
v -0.079712 -0.060479 -0.002199
v -0.076189 -0.057787 -0.002262
v -0.079712 -0.060479 -0.002199
v -0.079658 -0.061257 -0.006561
v -0.076300 -0.058677 -0.006702
v -0.076300 -0.058677 -0.006702
v -0.076189 -0.057787 -0.002262
v -0.079712 -0.060479 -0.002199
v -0.076006 -0.061904 0.008462
v -0.078488 -0.061236 0.004038
v -0.075054 -0.057981 0.003307
v -0.075054 -0.057981 0.003307
v -0.072974 -0.059034 0.007370
v -0.076006 -0.061904 0.008462
v -0.077198 -0.070910 -0.001112
v -0.077585 -0.071068 -0.006506
v -0.082106 -0.073357 -0.004813
v -0.078114 -0.064519 -0.011237
v -0.080636 -0.065737 -0.010772
v -0.079356 -0.067667 -0.011758
v -0.079356 -0.067667 -0.011758
v -0.077243 -0.066873 -0.012156
v -0.078114 -0.064519 -0.011237
v -0.076703 -0.068685 -0.011652
v -0.077243 -0.066873 -0.012156
v -0.079356 -0.067667 -0.011758
v -0.079356 -0.067667 -0.011758
v -0.078690 -0.069105 -0.011273
v -0.076703 -0.068685 -0.011652
v -0.078690 -0.069105 -0.011273
v -0.077953 -0.070469 -0.010003
v -0.075559 -0.069863 -0.010196
v -0.075559 -0.069863 -0.010196
v -0.076703 -0.068685 -0.011652
v -0.078690 -0.069105 -0.011273
v -0.075873 -0.070523 0.004166
v -0.080472 -0.073356 0.003560
v -0.080072 -0.072547 0.005878
v -0.079658 -0.061257 -0.006561
v -0.078991 -0.062750 -0.009625
v -0.075885 -0.061171 -0.010152
v -0.075885 -0.061171 -0.010152
v -0.076300 -0.058677 -0.006702
v -0.079658 -0.061257 -0.006561
v -0.064221 -0.062599 -0.003101
v -0.067292 -0.066070 -0.004538
v -0.067751 -0.065275 0.001779
v -0.067751 -0.065275 0.001779
v -0.064627 -0.062512 0.001295
v -0.064221 -0.062599 -0.003101
v -0.065457 -0.061150 0.005764
v -0.064627 -0.062512 0.001295
v -0.067751 -0.065275 0.001779
v -0.067751 -0.065275 0.001779
v -0.068330 -0.063843 0.006759
v -0.065457 -0.061150 0.005764
v -0.067601 -0.058550 0.007625
v -0.065457 -0.061150 0.005764
v -0.068330 -0.063843 0.006759
v -0.068330 -0.063843 0.006759
v -0.070590 -0.061448 0.008668
v -0.067601 -0.058550 0.007625
v -0.071201 -0.066343 0.007656
v -0.073378 -0.064066 0.009525
v -0.070590 -0.061448 0.008668
v -0.070590 -0.061448 0.008668
v -0.068330 -0.063843 0.006759
v -0.071201 -0.066343 0.007656
v -0.070590 -0.061448 0.008668
v -0.073378 -0.064066 0.009525
v -0.076006 -0.061904 0.008462
v -0.076006 -0.061904 0.008462
v -0.072974 -0.059034 0.007370
v -0.070590 -0.061448 0.008668
v -0.078488 -0.061236 0.004038
v -0.076006 -0.061904 0.008462
v -0.080265 -0.064385 0.007211
v -0.068330 -0.063843 0.006759
v -0.067751 -0.065275 0.001779
v -0.070952 -0.067475 0.002582
v -0.070952 -0.067475 0.002582
v -0.071201 -0.066343 0.007656
v -0.068330 -0.063843 0.006759
v -0.068468 -0.070670 -0.011797
v -0.070902 -0.071102 -0.010085
v -0.069301 -0.068896 -0.007810
v -0.069301 -0.068896 -0.007810
v -0.066587 -0.067993 -0.010275
v -0.068468 -0.070670 -0.011797
v -0.067590 -0.069066 -0.014080
v -0.068468 -0.070670 -0.011797
v -0.066587 -0.067993 -0.010275
v -0.066587 -0.067993 -0.010275
v -0.065938 -0.066327 -0.013172
v -0.067590 -0.069066 -0.014080
v -0.070902 -0.071102 -0.010085
v -0.074043 -0.070235 -0.010872
v -0.069301 -0.068896 -0.007810
v -0.069116 -0.067591 -0.015381
v -0.067652 -0.064715 -0.014435
v -0.070795 -0.063356 -0.014058
v -0.070795 -0.063356 -0.014058
v -0.071721 -0.066710 -0.015165
v -0.069116 -0.067591 -0.015381
v -0.075885 -0.061171 -0.010152
v -0.075684 -0.063620 -0.011904
v -0.073313 -0.063344 -0.012745
v -0.073313 -0.063344 -0.012745
v -0.072370 -0.059795 -0.010970
v -0.075885 -0.061171 -0.010152
v -0.064395 -0.065151 -0.008181
v -0.067292 -0.066070 -0.004538
v -0.064221 -0.062599 -0.003101
v -0.064221 -0.062599 -0.003101
v -0.062460 -0.062317 -0.006538
v -0.064395 -0.065151 -0.008181
v -0.077585 -0.071068 -0.006506
v -0.077953 -0.070469 -0.010003
v -0.080989 -0.071623 -0.010200
v -0.080989 -0.071623 -0.010200
v -0.081197 -0.072926 -0.007656
v -0.077585 -0.071068 -0.006506
v -0.082106 -0.073357 -0.004813
v -0.081706 -0.073517 -0.001910
v -0.077198 -0.070910 -0.001112
v -0.081706 -0.073517 -0.001910
v -0.081805 -0.073078 0.000583
v -0.077198 -0.070910 -0.001112
v -0.086735 -0.069439 -0.005156
v -0.087490 -0.069998 -0.006292
v -0.086168 -0.068351 -0.006780
v -0.088442 -0.069432 -0.003975
v -0.086735 -0.069439 -0.005156
v -0.087019 -0.067971 -0.003997
v -0.085368 -0.065980 0.001748
v -0.086569 -0.068485 0.001383
v -0.087203 -0.067684 0.000037
v -0.086569 -0.068485 0.001383
v -0.085368 -0.065980 0.001748
v -0.086096 -0.067676 0.002913
v -0.083659 -0.069023 0.007396
v -0.086522 -0.069043 0.006279
v -0.084938 -0.068024 0.006600
v -0.075492 -0.068975 -0.011965
v -0.075186 -0.067036 -0.012907
v -0.077243 -0.066873 -0.012156
v -0.077243 -0.066873 -0.012156
v -0.076703 -0.068685 -0.011652
v -0.075492 -0.068975 -0.011965
v -0.069301 -0.068896 -0.007810
v -0.067292 -0.066070 -0.004538
v -0.064395 -0.065151 -0.008181
v -0.064395 -0.065151 -0.008181
v -0.066587 -0.067993 -0.010275
v -0.069301 -0.068896 -0.007810
v -0.081948 -0.068966 -0.011409
v -0.078690 -0.069105 -0.011273
v -0.079356 -0.067667 -0.011758
v -0.078690 -0.069105 -0.011273
v -0.080989 -0.071623 -0.010200
v -0.077953 -0.070469 -0.010003
v -0.067517 -0.055753 -0.009717
v -0.066180 -0.053255 -0.008053
v -0.071314 -0.055510 -0.006926
v -0.062807 -0.056180 -0.009647
v -0.066180 -0.053255 -0.008053
v -0.067517 -0.055753 -0.009717
v -0.067517 -0.055753 -0.009717
v -0.063930 -0.057841 -0.010787
v -0.062807 -0.056180 -0.009647
v -0.076300 -0.058677 -0.006702
v -0.075885 -0.061171 -0.010152
v -0.072370 -0.059795 -0.010970
v -0.072370 -0.059795 -0.010970
v -0.071314 -0.055510 -0.006926
v -0.076300 -0.058677 -0.006702
v -0.061519 -0.054538 -0.008740
v -0.064434 -0.051377 -0.007445
v -0.066180 -0.053255 -0.008053
v -0.066180 -0.053255 -0.008053
v -0.062807 -0.056180 -0.009647
v -0.061519 -0.054538 -0.008740
v -0.068991 -0.059349 -0.012134
v -0.070795 -0.063356 -0.014058
v -0.067652 -0.064715 -0.014435
v -0.067652 -0.064715 -0.014435
v -0.065616 -0.060888 -0.012748
v -0.068991 -0.059349 -0.012134
v -0.084299 -0.070309 -0.011296
v -0.085548 -0.068452 -0.010388
v -0.087552 -0.069668 -0.009629
v -0.087552 -0.069668 -0.009629
v -0.086735 -0.071332 -0.010939
v -0.084299 -0.070309 -0.011296
v -0.080636 -0.065737 -0.010772
v -0.083422 -0.067077 -0.010588
v -0.081948 -0.068966 -0.011409
v -0.081948 -0.068966 -0.011409
v -0.079356 -0.067667 -0.011758
v -0.080636 -0.065737 -0.010772
v -0.082062 -0.069198 0.011349
v -0.080785 -0.068176 0.011003
v -0.079569 -0.069450 0.011100
v -0.079569 -0.069450 0.011100
v -0.081173 -0.070331 0.011516
v -0.082062 -0.069198 0.011349
v -0.081173 -0.070331 0.011516
v -0.079569 -0.069450 0.011100
v -0.079109 -0.071260 0.010709
v -0.079109 -0.071260 0.010709
v -0.081047 -0.072326 0.011044
v -0.081173 -0.070331 0.011516
v -0.076288 -0.066770 0.010375
v -0.074972 -0.068994 0.008821
v -0.077484 -0.070422 0.009914
v -0.077484 -0.070422 0.009914
v -0.078288 -0.068449 0.010866
v -0.076288 -0.066770 0.010375
v -0.079918 -0.067388 0.010749
v -0.076288 -0.066770 0.010375
v -0.078288 -0.068449 0.010866
v -0.083716 -0.072478 -0.010541
v -0.084299 -0.070309 -0.011296
v -0.086735 -0.071332 -0.010939
v -0.086735 -0.071332 -0.010939
v -0.085946 -0.073268 -0.010369
v -0.083716 -0.072478 -0.010541
v -0.074034 -0.078912 -0.016257
v -0.074710 -0.079007 -0.014786
v -0.073700 -0.077422 -0.014039
v -0.076253 -0.082231 -0.017750
v -0.076928 -0.082695 -0.016408
v -0.075616 -0.080487 -0.015238
v -0.075616 -0.080487 -0.015238
v -0.074951 -0.080298 -0.016863
v -0.076253 -0.082231 -0.017750
v -0.074954 -0.078238 -0.017559
v -0.074034 -0.078912 -0.016257
v -0.074636 -0.077721 -0.017395
v -0.074710 -0.079007 -0.014786
v -0.076088 -0.078521 -0.014032
v -0.075210 -0.076936 -0.013107
v -0.075616 -0.080487 -0.015238
v -0.076928 -0.082695 -0.016408
v -0.078163 -0.082297 -0.015871
v -0.078163 -0.082297 -0.015871
v -0.076860 -0.080026 -0.014577
v -0.075616 -0.080487 -0.015238
v -0.079049 -0.083540 -0.017164
v -0.077936 -0.083817 -0.017588
v -0.078585 -0.084416 -0.018828
v -0.078585 -0.084416 -0.018828
v -0.079636 -0.084388 -0.018606
v -0.079049 -0.083540 -0.017164
v -0.078852 -0.084455 -0.019802
v -0.079870 -0.084225 -0.020005
v -0.079636 -0.084388 -0.018606
v -0.079636 -0.084388 -0.018606
v -0.078585 -0.084416 -0.018828
v -0.078852 -0.084455 -0.019802
v -0.072312 -0.070210 -0.016205
v -0.075120 -0.075499 -0.017216
v -0.073680 -0.076295 -0.016942
v -0.073680 -0.076295 -0.016942
v -0.070462 -0.071075 -0.016192
v -0.072312 -0.070210 -0.016205
v -0.069116 -0.067591 -0.015381
v -0.069782 -0.069206 -0.015942
v -0.067590 -0.069066 -0.014080
v -0.078990 -0.082543 -0.019561
v -0.079870 -0.084225 -0.020005
v -0.078852 -0.084455 -0.019802
v -0.078852 -0.084455 -0.019802
v -0.077909 -0.083192 -0.019365
v -0.078990 -0.082543 -0.019561
v -0.074339 -0.071226 -0.011484
v -0.076713 -0.076041 -0.013695
v -0.077227 -0.075190 -0.015046
v -0.077227 -0.075190 -0.015046
v -0.074961 -0.070054 -0.012824
v -0.074339 -0.071226 -0.011484
v -0.076713 -0.076041 -0.013695
v -0.077473 -0.077783 -0.014509
v -0.078070 -0.076956 -0.015705
v -0.077361 -0.077001 -0.017098
v -0.077080 -0.076446 -0.016865
v -0.078070 -0.076956 -0.015705
v -0.075210 -0.076936 -0.013107
v -0.076088 -0.078521 -0.014032
v -0.077473 -0.077783 -0.014509
v -0.079049 -0.083540 -0.017164
v -0.079636 -0.084388 -0.018606
v -0.080303 -0.083529 -0.018506
v -0.080303 -0.083529 -0.018506
v -0.080003 -0.082800 -0.017419
v -0.079049 -0.083540 -0.017164
v -0.074015 -0.069839 -0.015040
v -0.076465 -0.074984 -0.016459
v -0.075120 -0.075499 -0.017216
v -0.075120 -0.075499 -0.017216
v -0.072312 -0.070210 -0.016205
v -0.074015 -0.069839 -0.015040
v -0.080402 -0.083690 -0.019609
v -0.079870 -0.084225 -0.020005
v -0.078990 -0.082543 -0.019561
v -0.078990 -0.082543 -0.019561
v -0.079918 -0.082078 -0.019051
v -0.080402 -0.083690 -0.019609
v -0.078163 -0.082297 -0.015871
v -0.079280 -0.081504 -0.016170
v -0.078145 -0.079268 -0.014987
v -0.078145 -0.079268 -0.014987
v -0.076860 -0.080026 -0.014577
v -0.078163 -0.082297 -0.015871
v -0.074015 -0.069839 -0.015040
v -0.074961 -0.070054 -0.012824
v -0.077227 -0.075190 -0.015046
v -0.077227 -0.075190 -0.015046
v -0.076465 -0.074984 -0.016459
v -0.074015 -0.069839 -0.015040
v -0.072434 -0.072530 -0.011038
v -0.070350 -0.072995 -0.012464
v -0.073700 -0.077422 -0.014039
v -0.073700 -0.077422 -0.014039
v -0.075210 -0.076936 -0.013107
v -0.072434 -0.072530 -0.011038
v -0.069467 -0.072330 -0.014635
v -0.070462 -0.071075 -0.016192
v -0.073680 -0.076295 -0.016942
v -0.073680 -0.076295 -0.016942
v -0.072886 -0.077184 -0.015662
v -0.069467 -0.072330 -0.014635
v -0.076253 -0.082231 -0.017750
v -0.077514 -0.083728 -0.018577
v -0.077936 -0.083817 -0.017588
v -0.077936 -0.083817 -0.017588
v -0.076928 -0.082695 -0.016408
v -0.076253 -0.082231 -0.017750
v -0.072434 -0.072530 -0.011038
v -0.075210 -0.076936 -0.013107
v -0.076713 -0.076041 -0.013695
v -0.076713 -0.076041 -0.013695
v -0.074339 -0.071226 -0.011484
v -0.072434 -0.072530 -0.011038
v -0.077361 -0.077001 -0.017098
v -0.078070 -0.076956 -0.015705
v -0.077570 -0.077376 -0.017246
v -0.079280 -0.081504 -0.016170
v -0.079720 -0.080470 -0.017316
v -0.078758 -0.078511 -0.016375
v -0.078758 -0.078511 -0.016375
v -0.078145 -0.079268 -0.014987
v -0.079280 -0.081504 -0.016170
v -0.077570 -0.077376 -0.017246
v -0.076430 -0.077888 -0.017983
v -0.076190 -0.077462 -0.017829
v -0.076190 -0.077462 -0.017829
v -0.077361 -0.077001 -0.017098
v -0.077570 -0.077376 -0.017246
v -0.076190 -0.077462 -0.017829
v -0.076430 -0.077888 -0.017983
v -0.075170 -0.078601 -0.017681
v -0.075170 -0.078601 -0.017681
v -0.074954 -0.078238 -0.017559
v -0.076190 -0.077462 -0.017829
v -0.075170 -0.078601 -0.017681
v -0.074034 -0.078912 -0.016257
v -0.074954 -0.078238 -0.017559
v -0.076882 -0.081424 -0.018641
v -0.077785 -0.080403 -0.018813
v -0.078990 -0.082543 -0.019561
v -0.078990 -0.082543 -0.019561
v -0.077909 -0.083192 -0.019365
v -0.076882 -0.081424 -0.018641
v -0.079003 -0.080331 -0.018378
v -0.079918 -0.082078 -0.019051
v -0.078990 -0.082543 -0.019561
v -0.078990 -0.082543 -0.019561
v -0.077785 -0.080403 -0.018813
v -0.079003 -0.080331 -0.018378
v -0.080383 -0.082133 -0.018092
v -0.079720 -0.080470 -0.017316
v -0.079280 -0.081504 -0.016170
v -0.079280 -0.081504 -0.016170
v -0.080003 -0.082800 -0.017419
v -0.080383 -0.082133 -0.018092
v -0.080383 -0.082133 -0.018092
v -0.079918 -0.082078 -0.019051
v -0.079003 -0.080331 -0.018378
v -0.079003 -0.080331 -0.018378
v -0.079720 -0.080470 -0.017316
v -0.080383 -0.082133 -0.018092
v -0.080402 -0.083690 -0.019609
v -0.080303 -0.083529 -0.018506
v -0.079636 -0.084388 -0.018606
v -0.079636 -0.084388 -0.018606
v -0.079870 -0.084225 -0.020005
v -0.080402 -0.083690 -0.019609
v -0.077514 -0.083728 -0.018577
v -0.076253 -0.082231 -0.017750
v -0.076882 -0.081424 -0.018641
v -0.076882 -0.081424 -0.018641
v -0.077909 -0.083192 -0.019365
v -0.077514 -0.083728 -0.018577
v -0.078585 -0.084416 -0.018828
v -0.077936 -0.083817 -0.017588
v -0.077514 -0.083728 -0.018577
v -0.080303 -0.083529 -0.018506
v -0.080383 -0.082133 -0.018092
v -0.080003 -0.082800 -0.017419
v -0.079918 -0.082078 -0.019051
v -0.080383 -0.082133 -0.018092
v -0.080402 -0.083690 -0.019609
v -0.078585 -0.084416 -0.018828
v -0.077514 -0.083728 -0.018577
v -0.078852 -0.084455 -0.019802
v -0.078163 -0.082297 -0.015871
v -0.076928 -0.082695 -0.016408
v -0.077936 -0.083817 -0.017588
v -0.077936 -0.083817 -0.017588
v -0.079049 -0.083540 -0.017164
v -0.078163 -0.082297 -0.015871
v -0.079280 -0.081504 -0.016170
v -0.078163 -0.082297 -0.015871
v -0.079049 -0.083540 -0.017164
v -0.079049 -0.083540 -0.017164
v -0.080003 -0.082800 -0.017419
v -0.079280 -0.081504 -0.016170
v -0.088052 -0.070012 -0.009506
v -0.087355 -0.071657 -0.010785
v -0.086735 -0.071332 -0.010939
v -0.086735 -0.071332 -0.010939
v -0.087552 -0.069668 -0.009629
v -0.088052 -0.070012 -0.009506
v -0.085946 -0.073268 -0.010369
v -0.086735 -0.071332 -0.010939
v -0.087355 -0.071657 -0.010785
v -0.092671 -0.075303 -0.010138
v -0.093581 -0.074242 -0.008960
v -0.094755 -0.075234 -0.008940
v -0.088177 -0.074772 -0.010045
v -0.089368 -0.072894 -0.010467
v -0.092671 -0.075303 -0.010138
v -0.092671 -0.075303 -0.010138
v -0.091494 -0.076890 -0.009742
v -0.088177 -0.074772 -0.010045
v -0.097644 -0.080629 -0.009285
v -0.094469 -0.078622 -0.009562
v -0.095649 -0.077390 -0.009899
v -0.095649 -0.077390 -0.009899
v -0.098532 -0.079518 -0.009674
v -0.097644 -0.080629 -0.009285
v -0.097644 -0.080629 -0.009285
v -0.098532 -0.079518 -0.009674
v -0.100026 -0.080518 -0.009565
v -0.098532 -0.079518 -0.009674
v -0.095649 -0.077390 -0.009899
v -0.096576 -0.076608 -0.008885
v -0.096576 -0.076608 -0.008885
v -0.099199 -0.078625 -0.008740
v -0.098532 -0.079518 -0.009674
v -0.088177 -0.074772 -0.010045
v -0.087477 -0.075894 -0.008317
v -0.085341 -0.074364 -0.008369
v -0.085341 -0.074364 -0.008369
v -0.085946 -0.073268 -0.010369
v -0.088177 -0.074772 -0.010045
v -0.087477 -0.075894 -0.008317
v -0.088177 -0.074772 -0.010045
v -0.091494 -0.076890 -0.009742
v -0.091494 -0.076890 -0.009742
v -0.090829 -0.077788 -0.008076
v -0.087477 -0.075894 -0.008317
v -0.097059 -0.081303 -0.007913
v -0.093795 -0.079383 -0.008012
v -0.094469 -0.078622 -0.009562
v -0.094469 -0.078622 -0.009562
v -0.097644 -0.080629 -0.009285
v -0.097059 -0.081303 -0.007913
v -0.098670 -0.082232 -0.007868
v -0.097059 -0.081303 -0.007913
v -0.099168 -0.081533 -0.009181
v -0.104412 -0.083806 -0.008540
v -0.105630 -0.083709 -0.008356
v -0.105707 -0.084093 -0.007536
v -0.105707 -0.084093 -0.007536
v -0.104188 -0.084223 -0.007631
v -0.104412 -0.083806 -0.008540
v -0.106184 -0.083333 -0.008110
v -0.106567 -0.083343 -0.007372
v -0.105707 -0.084093 -0.007536
v -0.099199 -0.078625 -0.008740
v -0.096576 -0.076608 -0.008885
v -0.096900 -0.076382 -0.007394
v -0.096900 -0.076382 -0.007394
v -0.099490 -0.078402 -0.007362
v -0.099199 -0.078625 -0.008740
v -0.088287 -0.069436 -0.007804
v -0.088052 -0.070012 -0.009506
v -0.087552 -0.069668 -0.009629
v -0.087552 -0.069668 -0.009629
v -0.087799 -0.069024 -0.007931
v -0.088287 -0.069436 -0.007804
v -0.103305 -0.081238 -0.007362
v -0.103459 -0.081609 -0.008497
v -0.101163 -0.080013 -0.008658
v -0.101163 -0.080013 -0.008658
v -0.101410 -0.079822 -0.007378
v -0.103305 -0.081238 -0.007362
v -0.087913 -0.070390 -0.006231
v -0.087490 -0.069998 -0.006292
v -0.086609 -0.072425 -0.005299
v -0.086609 -0.072425 -0.005299
v -0.087036 -0.072692 -0.005374
v -0.087913 -0.070390 -0.006231
v -0.092023 -0.075701 -0.005585
v -0.093643 -0.076809 -0.005658
v -0.094446 -0.075438 -0.006121
v -0.093643 -0.076809 -0.005658
v -0.092023 -0.075701 -0.005585
v -0.091201 -0.077282 -0.006454
v -0.091201 -0.077282 -0.006454
v -0.092023 -0.075701 -0.005585
v -0.088913 -0.073864 -0.005445
v -0.088913 -0.073864 -0.005445
v -0.087845 -0.075502 -0.006432
v -0.091201 -0.077282 -0.006454
v -0.092023 -0.075701 -0.005585
v -0.093264 -0.074470 -0.006077
v -0.089987 -0.072181 -0.006073
v -0.089987 -0.072181 -0.006073
v -0.088913 -0.073864 -0.005445
v -0.092023 -0.075701 -0.005585
v -0.095115 -0.077797 -0.005707
v -0.094201 -0.078947 -0.006469
v -0.097313 -0.080939 -0.006564
v -0.097313 -0.080939 -0.006564
v -0.098116 -0.079842 -0.005774
v -0.095115 -0.077797 -0.005707
v -0.096322 -0.076894 -0.006162
v -0.095115 -0.077797 -0.005707
v -0.098116 -0.079842 -0.005774
v -0.098116 -0.079842 -0.005774
v -0.099025 -0.078861 -0.006199
v -0.096322 -0.076894 -0.006162
v -0.087477 -0.075894 -0.008317
v -0.087845 -0.075502 -0.006432
v -0.085711 -0.074232 -0.006494
v -0.085711 -0.074232 -0.006494
v -0.085341 -0.074364 -0.008369
v -0.087477 -0.075894 -0.008317
v -0.090829 -0.077788 -0.008076
v -0.092516 -0.078696 -0.008069
v -0.092850 -0.078246 -0.006468
v -0.097059 -0.081303 -0.007913
v -0.098670 -0.082232 -0.007868
v -0.098949 -0.081799 -0.006521
v -0.094201 -0.078947 -0.006469
v -0.093795 -0.079383 -0.008012
v -0.097059 -0.081303 -0.007913
v -0.097059 -0.081303 -0.007913
v -0.097313 -0.080939 -0.006564
v -0.094201 -0.078947 -0.006469
v -0.105484 -0.083832 -0.006662
v -0.104258 -0.083883 -0.006595
v -0.104188 -0.084223 -0.007631
v -0.104188 -0.084223 -0.007631
v -0.105707 -0.084093 -0.007536
v -0.105484 -0.083832 -0.006662
v -0.096900 -0.076382 -0.007394
v -0.096322 -0.076894 -0.006162
v -0.099025 -0.078861 -0.006199
v -0.099025 -0.078861 -0.006199
v -0.099490 -0.078402 -0.007362
v -0.096900 -0.076382 -0.007394
v -0.087490 -0.069998 -0.006292
v -0.087913 -0.070390 -0.006231
v -0.088287 -0.069436 -0.007804
v -0.088287 -0.069436 -0.007804
v -0.087799 -0.069024 -0.007931
v -0.087490 -0.069998 -0.006292
v -0.101034 -0.080271 -0.006342
v -0.103301 -0.081801 -0.006457
v -0.103305 -0.081238 -0.007362
v -0.103305 -0.081238 -0.007362
v -0.101410 -0.079822 -0.007378
v -0.101034 -0.080271 -0.006342
v -0.100026 -0.080518 -0.009565
v -0.103163 -0.082345 -0.009196
v -0.102568 -0.083227 -0.008854
v -0.102568 -0.083227 -0.008854
v -0.099168 -0.081533 -0.009181
v -0.100026 -0.080518 -0.009565
v -0.099168 -0.081533 -0.009181
v -0.102568 -0.083227 -0.008854
v -0.102152 -0.083797 -0.007780
v -0.102152 -0.083797 -0.007780
v -0.098670 -0.082232 -0.007868
v -0.099168 -0.081533 -0.009181
v -0.102152 -0.083797 -0.007780
v -0.102304 -0.083406 -0.006519
v -0.098949 -0.081799 -0.006521
v -0.098949 -0.081799 -0.006521
v -0.098670 -0.082232 -0.007868
v -0.102152 -0.083797 -0.007780
v -0.103163 -0.082345 -0.009196
v -0.104831 -0.083156 -0.008799
v -0.104412 -0.083806 -0.008540
v -0.104412 -0.083806 -0.008540
v -0.102568 -0.083227 -0.008854
v -0.103163 -0.082345 -0.009196
v -0.105484 -0.083832 -0.006662
v -0.104791 -0.083247 -0.006333
v -0.104258 -0.083883 -0.006595
v -0.099698 -0.080778 -0.005843
v -0.098949 -0.081799 -0.006521
v -0.102304 -0.083406 -0.006519
v -0.102304 -0.083406 -0.006519
v -0.102811 -0.082527 -0.006055
v -0.099698 -0.080778 -0.005843
v -0.094325 -0.076426 -0.009965
v -0.093099 -0.077820 -0.009573
v -0.091494 -0.076890 -0.009742
v -0.092516 -0.078696 -0.008069
v -0.090829 -0.077788 -0.008076
v -0.093099 -0.077820 -0.009573
v -0.087845 -0.075502 -0.006432
v -0.087477 -0.075894 -0.008317
v -0.090829 -0.077788 -0.008076
v -0.090829 -0.077788 -0.008076
v -0.091201 -0.077282 -0.006454
v -0.087845 -0.075502 -0.006432
v -0.102811 -0.082527 -0.006055
v -0.103301 -0.081801 -0.006457
v -0.101034 -0.080271 -0.006342
v -0.101034 -0.080271 -0.006342
v -0.099698 -0.080778 -0.005843
v -0.102811 -0.082527 -0.006055
v -0.098532 -0.079518 -0.009674
v -0.099199 -0.078625 -0.008740
v -0.100484 -0.079537 -0.008683
v -0.099199 -0.078625 -0.008740
v -0.099490 -0.078402 -0.007362
v -0.100709 -0.079308 -0.007370
v -0.098116 -0.079842 -0.005774
v -0.099698 -0.080778 -0.005843
v -0.100318 -0.079773 -0.006285
v -0.099698 -0.080778 -0.005843
v -0.098116 -0.079842 -0.005774
v -0.097313 -0.080939 -0.006564
v -0.100709 -0.079308 -0.007370
v -0.099490 -0.078402 -0.007362
v -0.099025 -0.078861 -0.006199
v -0.101163 -0.080013 -0.008658
v -0.103459 -0.081609 -0.008497
v -0.103163 -0.082345 -0.009196
v -0.103163 -0.082345 -0.009196
v -0.100026 -0.080518 -0.009565
v -0.101163 -0.080013 -0.008658
v -0.103459 -0.081609 -0.008497
v -0.103305 -0.081238 -0.007362
v -0.105236 -0.082466 -0.007352
v -0.105236 -0.082466 -0.007352
v -0.105149 -0.082657 -0.008353
v -0.103459 -0.081609 -0.008497
v -0.105236 -0.082466 -0.007352
v -0.103305 -0.081238 -0.007362
v -0.103301 -0.081801 -0.006457
v -0.103301 -0.081801 -0.006457
v -0.105008 -0.082796 -0.006553
v -0.105236 -0.082466 -0.007352
v -0.104412 -0.083806 -0.008540
v -0.104831 -0.083156 -0.008799
v -0.105630 -0.083709 -0.008356
v -0.104258 -0.083883 -0.006595
v -0.104791 -0.083247 -0.006333
v -0.102811 -0.082527 -0.006055
v -0.102811 -0.082527 -0.006055
v -0.102304 -0.083406 -0.006519
v -0.104258 -0.083883 -0.006595
v -0.105149 -0.082657 -0.008353
v -0.106184 -0.083333 -0.008110
v -0.104831 -0.083156 -0.008799
v -0.103301 -0.081801 -0.006457
v -0.102811 -0.082527 -0.006055
v -0.104791 -0.083247 -0.006333
v -0.104791 -0.083247 -0.006333
v -0.105008 -0.082796 -0.006553
v -0.103301 -0.081801 -0.006457
v -0.105236 -0.082466 -0.007352
v -0.106567 -0.083343 -0.007372
v -0.106184 -0.083333 -0.008110
v -0.106184 -0.083333 -0.008110
v -0.105149 -0.082657 -0.008353
v -0.105236 -0.082466 -0.007352
v -0.106059 -0.083380 -0.006702
v -0.106567 -0.083343 -0.007372
v -0.105236 -0.082466 -0.007352
v -0.105236 -0.082466 -0.007352
v -0.105008 -0.082796 -0.006553
v -0.106059 -0.083380 -0.006702
v -0.106567 -0.083343 -0.007372
v -0.106059 -0.083380 -0.006702
v -0.105707 -0.084093 -0.007536
v -0.104831 -0.083156 -0.008799
v -0.103163 -0.082345 -0.009196
v -0.103459 -0.081609 -0.008497
v -0.103459 -0.081609 -0.008497
v -0.105149 -0.082657 -0.008353
v -0.104831 -0.083156 -0.008799
v -0.105008 -0.082796 -0.006553
v -0.104791 -0.083247 -0.006333
v -0.106059 -0.083380 -0.006702
v -0.102568 -0.083227 -0.008854
v -0.104412 -0.083806 -0.008540
v -0.104188 -0.084223 -0.007631
v -0.104188 -0.084223 -0.007631
v -0.102152 -0.083797 -0.007780
v -0.102568 -0.083227 -0.008854
v -0.104188 -0.084223 -0.007631
v -0.104258 -0.083883 -0.006595
v -0.102304 -0.083406 -0.006519
v -0.102304 -0.083406 -0.006519
v -0.102152 -0.083797 -0.007780
v -0.104188 -0.084223 -0.007631
v -0.093535 -0.075613 -0.004067
v -0.094701 -0.074124 -0.003404
v -0.095982 -0.075162 -0.003369
v -0.090167 -0.073601 -0.004251
v -0.093535 -0.075613 -0.004067
v -0.092573 -0.077223 -0.003333
v -0.092573 -0.077223 -0.003333
v -0.088887 -0.075420 -0.003561
v -0.090167 -0.073601 -0.004251
v -0.099258 -0.081618 -0.003059
v -0.099968 -0.080423 -0.003816
v -0.101702 -0.081731 -0.003694
v -0.103136 -0.080992 -0.003077
v -0.106284 -0.083194 -0.002893
v -0.105525 -0.083990 -0.003422
v -0.105525 -0.083990 -0.003422
v -0.101702 -0.081731 -0.003694
v -0.103136 -0.080992 -0.003077
v -0.099968 -0.080423 -0.003816
v -0.100884 -0.079304 -0.003150
v -0.102474 -0.080492 -0.003103
v -0.092211 -0.077810 -0.001510
v -0.088413 -0.076035 -0.001579
v -0.088887 -0.075420 -0.003561
v -0.088887 -0.075420 -0.003561
v -0.092573 -0.077223 -0.003333
v -0.092211 -0.077810 -0.001510
v -0.101079 -0.082696 -0.002984
v -0.100749 -0.083106 -0.001352
v -0.098935 -0.082101 -0.001334
v -0.108606 -0.085614 -0.002647
v -0.109005 -0.085793 -0.001783
v -0.107557 -0.086040 -0.001588
v -0.107557 -0.086040 -0.001588
v -0.107671 -0.085680 -0.002735
v -0.108606 -0.085614 -0.002647
v -0.109843 -0.084820 -0.001855
v -0.109005 -0.085793 -0.001783
v -0.109283 -0.084959 -0.002550
v -0.106193 -0.082607 -0.001924
v -0.106284 -0.083194 -0.002893
v -0.103136 -0.080992 -0.003077
v -0.103136 -0.080992 -0.003077
v -0.103609 -0.080530 -0.001936
v -0.106193 -0.082607 -0.001924
v -0.100884 -0.079304 -0.003150
v -0.101420 -0.078814 -0.001931
v -0.102938 -0.079994 -0.001932
v -0.094701 -0.074124 -0.003404
v -0.091322 -0.071828 -0.003576
v -0.091924 -0.070903 -0.001974
v -0.091924 -0.070903 -0.001974
v -0.095337 -0.073510 -0.001905
v -0.094701 -0.074124 -0.003404
v -0.095486 -0.076409 0.000591
v -0.096217 -0.074944 -0.000326
v -0.093909 -0.075233 0.000634
v -0.095486 -0.076409 0.000591
v -0.093909 -0.075233 0.000634
v -0.092851 -0.076917 0.000241
v -0.090614 -0.072972 0.000715
v -0.089172 -0.075018 0.000297
v -0.092851 -0.076917 0.000241
v -0.092851 -0.076917 0.000241
v -0.093909 -0.075233 0.000634
v -0.090614 -0.072972 0.000715
v -0.094936 -0.073861 -0.000356
v -0.091633 -0.071347 -0.000261
v -0.090614 -0.072972 0.000715
v -0.090614 -0.072972 0.000715
v -0.093909 -0.075233 0.000634
v -0.094936 -0.073861 -0.000356
v -0.105643 -0.083861 -0.000144
v -0.106327 -0.083088 -0.000773
v -0.103311 -0.080735 -0.000623
v -0.103311 -0.080735 -0.000623
v -0.102046 -0.081380 0.000239
v -0.105643 -0.083861 -0.000144
v -0.105069 -0.084583 -0.000454
v -0.105643 -0.083861 -0.000144
v -0.102046 -0.081380 0.000239
v -0.102046 -0.081380 0.000239
v -0.101151 -0.082420 -0.000118
v -0.105069 -0.084583 -0.000454
v -0.102046 -0.081380 0.000239
v -0.100341 -0.080089 0.000329
v -0.099454 -0.081401 0.000004
v -0.102046 -0.081380 0.000239
v -0.102697 -0.080262 -0.000598
v -0.100341 -0.080089 0.000329
v -0.093846 -0.078760 -0.001407
v -0.094326 -0.077940 0.000155
v -0.092211 -0.077810 -0.001510
v -0.098935 -0.082101 -0.001334
v -0.100749 -0.083106 -0.001352
v -0.101151 -0.082420 -0.000118
v -0.108695 -0.085447 -0.000902
v -0.107669 -0.085565 -0.000715
v -0.107557 -0.086040 -0.001588
v -0.107557 -0.086040 -0.001588
v -0.109005 -0.085793 -0.001783
v -0.108695 -0.085447 -0.000902
v -0.103311 -0.080735 -0.000623
v -0.106327 -0.083088 -0.000773
v -0.106193 -0.082607 -0.001924
v -0.106193 -0.082607 -0.001924
v -0.103609 -0.080530 -0.001936
v -0.103311 -0.080735 -0.000623
v -0.102938 -0.079994 -0.001932
v -0.101420 -0.078814 -0.001931
v -0.101116 -0.079068 -0.000572
v -0.091924 -0.070903 -0.001974
v -0.091633 -0.071347 -0.000261
v -0.094936 -0.073861 -0.000356
v -0.094936 -0.073861 -0.000356
v -0.095337 -0.073510 -0.001905
v -0.091924 -0.070903 -0.001974
v -0.097101 -0.075711 -0.000337
v -0.095486 -0.076409 0.000591
v -0.096879 -0.077468 0.000517
v -0.096879 -0.077468 0.000517
v -0.098162 -0.076594 -0.000392
v -0.097101 -0.075711 -0.000337
v -0.095676 -0.078852 0.000113
v -0.096879 -0.077468 0.000517
v -0.095486 -0.076409 0.000591
v -0.095486 -0.076409 0.000591
v -0.094326 -0.077940 0.000155
v -0.095676 -0.078852 0.000113
v -0.097530 -0.075339 -0.001930
v -0.097101 -0.075711 -0.000337
v -0.098162 -0.076594 -0.000392
v -0.098162 -0.076594 -0.000392
v -0.098532 -0.076241 -0.001912
v -0.097530 -0.075339 -0.001930
v -0.095507 -0.079079 -0.003191
v -0.095112 -0.079595 -0.001415
v -0.093846 -0.078760 -0.001407
v -0.093846 -0.078760 -0.001407
v -0.094182 -0.078164 -0.003257
v -0.095507 -0.079079 -0.003191
v -0.104791 -0.085070 -0.001531
v -0.100749 -0.083106 -0.001352
v -0.101079 -0.082696 -0.002984
v -0.101079 -0.082696 -0.002984
v -0.105022 -0.084682 -0.002846
v -0.104791 -0.085070 -0.001531
v -0.105069 -0.084583 -0.000454
v -0.101151 -0.082420 -0.000118
v -0.100749 -0.083106 -0.001352
v -0.100749 -0.083106 -0.001352
v -0.104791 -0.085070 -0.001531
v -0.105069 -0.084583 -0.000454
v -0.105022 -0.084682 -0.002846
v -0.101079 -0.082696 -0.002984
v -0.101702 -0.081731 -0.003694
v -0.101702 -0.081731 -0.003694
v -0.105525 -0.083990 -0.003422
v -0.105022 -0.084682 -0.002846
v -0.107671 -0.085680 -0.002735
v -0.105022 -0.084682 -0.002846
v -0.105525 -0.083990 -0.003422
v -0.105525 -0.083990 -0.003422
v -0.107922 -0.085196 -0.003019
v -0.107671 -0.085680 -0.002735
v -0.108695 -0.085447 -0.000902
v -0.107930 -0.085011 -0.000578
v -0.107669 -0.085565 -0.000715
v -0.095309 -0.076742 -0.004001
v -0.094182 -0.078164 -0.003257
v -0.092573 -0.077223 -0.003333
v -0.093846 -0.078760 -0.001407
v -0.092211 -0.077810 -0.001510
v -0.094182 -0.078164 -0.003257
v -0.094701 -0.074124 -0.003404
v -0.095337 -0.073510 -0.001905
v -0.096585 -0.074465 -0.001914
v -0.096585 -0.074465 -0.001914
v -0.095337 -0.073510 -0.001905
v -0.094936 -0.073861 -0.000356
v -0.106284 -0.083194 -0.002893
v -0.106193 -0.082607 -0.001924
v -0.108477 -0.084086 -0.001908
v -0.108477 -0.084086 -0.001908
v -0.108229 -0.084351 -0.002773
v -0.106284 -0.083194 -0.002893
v -0.108477 -0.084086 -0.001908
v -0.106193 -0.082607 -0.001924
v -0.106327 -0.083088 -0.000773
v -0.106327 -0.083088 -0.000773
v -0.108317 -0.084249 -0.000882
v -0.108477 -0.084086 -0.001908
v -0.107922 -0.085196 -0.003019
v -0.108606 -0.085614 -0.002647
v -0.107671 -0.085680 -0.002735
v -0.107669 -0.085565 -0.000715
v -0.107930 -0.085011 -0.000578
v -0.105643 -0.083861 -0.000144
v -0.105643 -0.083861 -0.000144
v -0.105069 -0.084583 -0.000454
v -0.107669 -0.085565 -0.000715
v -0.107922 -0.085196 -0.003019
v -0.108229 -0.084351 -0.002773
v -0.109283 -0.084959 -0.002550
v -0.106327 -0.083088 -0.000773
v -0.105643 -0.083861 -0.000144
v -0.107930 -0.085011 -0.000578
v -0.107930 -0.085011 -0.000578
v -0.108317 -0.084249 -0.000882
v -0.106327 -0.083088 -0.000773
v -0.108477 -0.084086 -0.001908
v -0.109843 -0.084820 -0.001855
v -0.109283 -0.084959 -0.002550
v -0.109283 -0.084959 -0.002550
v -0.108229 -0.084351 -0.002773
v -0.108477 -0.084086 -0.001908
v -0.108477 -0.084086 -0.001908
v -0.108317 -0.084249 -0.000882
v -0.109385 -0.084821 -0.001113
v -0.109385 -0.084821 -0.001113
v -0.109843 -0.084820 -0.001855
v -0.108477 -0.084086 -0.001908
v -0.095507 -0.079079 -0.003191
v -0.094182 -0.078164 -0.003257
v -0.095309 -0.076742 -0.004001
v -0.095309 -0.076742 -0.004001
v -0.096649 -0.077808 -0.003941
v -0.095507 -0.079079 -0.003191
v -0.109843 -0.084820 -0.001855
v -0.109385 -0.084821 -0.001113
v -0.109005 -0.085793 -0.001783
v -0.106284 -0.083194 -0.002893
v -0.108229 -0.084351 -0.002773
v -0.107922 -0.085196 -0.003019
v -0.107922 -0.085196 -0.003019
v -0.105525 -0.083990 -0.003422
v -0.106284 -0.083194 -0.002893
v -0.107930 -0.085011 -0.000578
v -0.109385 -0.084821 -0.001113
v -0.108317 -0.084249 -0.000882
v -0.107557 -0.086040 -0.001588
v -0.104791 -0.085070 -0.001531
v -0.105022 -0.084682 -0.002846
v -0.105022 -0.084682 -0.002846
v -0.107671 -0.085680 -0.002735
v -0.107557 -0.086040 -0.001588
v -0.104791 -0.085070 -0.001531
v -0.107557 -0.086040 -0.001588
v -0.107669 -0.085565 -0.000715
v -0.107669 -0.085565 -0.000715
v -0.105069 -0.084583 -0.000454
v -0.104791 -0.085070 -0.001531
v -0.092105 -0.075370 0.002147
v -0.092983 -0.073910 0.002592
v -0.094502 -0.074916 0.002669
v -0.091095 -0.077054 0.003092
v -0.088187 -0.075606 0.003010
v -0.089391 -0.073742 0.002057
v -0.089391 -0.073742 0.002057
v -0.092105 -0.075370 0.002147
v -0.091095 -0.077054 0.003092
v -0.095120 -0.079102 0.003158
v -0.093172 -0.077942 0.003131
v -0.094058 -0.076533 0.002195
v -0.094058 -0.076533 0.002195
v -0.095997 -0.077841 0.002223
v -0.095120 -0.079102 0.003158
v -0.099167 -0.081266 0.003176
v -0.099647 -0.080138 0.002325
v -0.101338 -0.081053 0.002418
v -0.099647 -0.080138 0.002325
v -0.100437 -0.078953 0.002844
v -0.101901 -0.079878 0.002924
v -0.095997 -0.077841 0.002223
v -0.094058 -0.076533 0.002195
v -0.095580 -0.075639 0.002673
v -0.095580 -0.075639 0.002673
v -0.097062 -0.076630 0.002735
v -0.095997 -0.077841 0.002223
v -0.088187 -0.075606 0.003010
v -0.091095 -0.077054 0.003092
v -0.090802 -0.077571 0.004813
v -0.090802 -0.077571 0.004813
v -0.087773 -0.076206 0.004811
v -0.088187 -0.075606 0.003010
v -0.094804 -0.079644 0.004734
v -0.092849 -0.078522 0.004798
v -0.093172 -0.077942 0.003131
v -0.093172 -0.077942 0.003131
v -0.095120 -0.079102 0.003158
v -0.094804 -0.079644 0.004734
v -0.099167 -0.081266 0.003176
v -0.100788 -0.082116 0.003181
v -0.098981 -0.081654 0.004637
v -0.107305 -0.083767 0.003325
v -0.107688 -0.083972 0.004288
v -0.105969 -0.084285 0.004442
v -0.105969 -0.084285 0.004442
v -0.105967 -0.084106 0.003464
v -0.107305 -0.083767 0.003325
v -0.108411 -0.083152 0.004118
v -0.107688 -0.083972 0.004288
v -0.108048 -0.083348 0.003471
v -0.100437 -0.078953 0.002844
v -0.100936 -0.078404 0.004145
v -0.101901 -0.079878 0.002924
v -0.096052 -0.074994 0.004072
v -0.097543 -0.076016 0.004102
v -0.097062 -0.076630 0.002735
v -0.097062 -0.076630 0.002735
v -0.095580 -0.075639 0.002673
v -0.096052 -0.074994 0.004072
v -0.090365 -0.072257 0.002622
v -0.090956 -0.071465 0.004073
v -0.093402 -0.073181 0.004067
v -0.093402 -0.073181 0.004067
v -0.092983 -0.073910 0.002592
v -0.090365 -0.072257 0.002622
v -0.092983 -0.073910 0.002592
v -0.093402 -0.073181 0.004067
v -0.094968 -0.074254 0.004088
v -0.104964 -0.081059 0.004163
v -0.104979 -0.081658 0.003087
v -0.102741 -0.080402 0.002978
v -0.102741 -0.080402 0.002978
v -0.103151 -0.079858 0.004167
v -0.104964 -0.081059 0.004163
v -0.094300 -0.076072 0.006609
v -0.094750 -0.074643 0.005643
v -0.092375 -0.074866 0.006666
v -0.094300 -0.076072 0.006609
v -0.092375 -0.074866 0.006666
v -0.091426 -0.076547 0.006309
v -0.091426 -0.076547 0.006309
v -0.092375 -0.074866 0.006666
v -0.089731 -0.073345 0.006705
v -0.089731 -0.073345 0.006705
v -0.088578 -0.075136 0.006287
v -0.091426 -0.076547 0.006309
v -0.092375 -0.074866 0.006666
v -0.093226 -0.073590 0.005643
v -0.090673 -0.071935 0.005732
v -0.090673 -0.071935 0.005732
v -0.089731 -0.073345 0.006705
v -0.092375 -0.074866 0.006666
v -0.102198 -0.079621 0.005447
v -0.100715 -0.078648 0.005484
v -0.100092 -0.079652 0.006334
v -0.093440 -0.077615 0.006242
v -0.095435 -0.078798 0.006191
v -0.096373 -0.077341 0.006513
v -0.096373 -0.077341 0.006513
v -0.094300 -0.076072 0.006609
v -0.093440 -0.077615 0.006242
v -0.095793 -0.075347 0.005609
v -0.094300 -0.076072 0.006609
v -0.096373 -0.077341 0.006513
v -0.096373 -0.077341 0.006513
v -0.097296 -0.076334 0.005575
v -0.095793 -0.075347 0.005609
v -0.092849 -0.078522 0.004798
v -0.093440 -0.077615 0.006242
v -0.090802 -0.077571 0.004813
v -0.098981 -0.081654 0.004637
v -0.100592 -0.082458 0.004606
v -0.100941 -0.081832 0.005932
v -0.094804 -0.079644 0.004734
v -0.095435 -0.078798 0.006191
v -0.093440 -0.077615 0.006242
v -0.093440 -0.077615 0.006242
v -0.092849 -0.078522 0.004798
v -0.094804 -0.079644 0.004734
v -0.107449 -0.083737 0.005220
v -0.106130 -0.083909 0.005324
v -0.105969 -0.084285 0.004442
v -0.105969 -0.084285 0.004442
v -0.107688 -0.083972 0.004288
v -0.107449 -0.083737 0.005220
v -0.102198 -0.079621 0.005447
v -0.100936 -0.078404 0.004145
v -0.100715 -0.078648 0.005484
v -0.096052 -0.074994 0.004072
v -0.095793 -0.075347 0.005609
v -0.097296 -0.076334 0.005575
v -0.097296 -0.076334 0.005575
v -0.097543 -0.076016 0.004102
v -0.096052 -0.074994 0.004072
v -0.094968 -0.074254 0.004088
v -0.093402 -0.073181 0.004067
v -0.093226 -0.073590 0.005643
v -0.093402 -0.073181 0.004067
v -0.090956 -0.071465 0.004073
v -0.090673 -0.071935 0.005732
v -0.090673 -0.071935 0.005732
v -0.093226 -0.073590 0.005643
v -0.093402 -0.073181 0.004067
v -0.102975 -0.080122 0.005436
v -0.105109 -0.081483 0.005301
v -0.104964 -0.081059 0.004163
v -0.104964 -0.081059 0.004163
v -0.103151 -0.079858 0.004167
v -0.102975 -0.080122 0.005436
v -0.101338 -0.081053 0.002418
v -0.104390 -0.082682 0.002598
v -0.104055 -0.083422 0.003200
v -0.104055 -0.083422 0.003200
v -0.100788 -0.082116 0.003181
v -0.101338 -0.081053 0.002418
v -0.100788 -0.082116 0.003181
v -0.104055 -0.083422 0.003200
v -0.103722 -0.083721 0.004491
v -0.103722 -0.083721 0.004491
v -0.100592 -0.082458 0.004606
v -0.100788 -0.082116 0.003181
v -0.100592 -0.082458 0.004606
v -0.103722 -0.083721 0.004491
v -0.103992 -0.083109 0.005596
v -0.103992 -0.083109 0.005596
v -0.100941 -0.081832 0.005932
v -0.100592 -0.082458 0.004606
v -0.105967 -0.084106 0.003464
v -0.104055 -0.083422 0.003200
v -0.104390 -0.082682 0.002598
v -0.104390 -0.082682 0.002598
v -0.106345 -0.083514 0.002969
v -0.105967 -0.084106 0.003464
v -0.107449 -0.083737 0.005220
v -0.106532 -0.083360 0.005609
v -0.106130 -0.083909 0.005324
v -0.101767 -0.080689 0.006230
v -0.100941 -0.081832 0.005932
v -0.103992 -0.083109 0.005596
v -0.103992 -0.083109 0.005596
v -0.104490 -0.082334 0.005961
v -0.101767 -0.080689 0.006230
v -0.090365 -0.072257 0.002622
v -0.092983 -0.073910 0.002592
v -0.092105 -0.075370 0.002147
v -0.092105 -0.075370 0.002147
v -0.089391 -0.073742 0.002057
v -0.090365 -0.072257 0.002622
v -0.094058 -0.076533 0.002195
v -0.093172 -0.077942 0.003131
v -0.091095 -0.077054 0.003092
v -0.092849 -0.078522 0.004798
v -0.090802 -0.077571 0.004813
v -0.093172 -0.077942 0.003131
v -0.088578 -0.075136 0.006287
v -0.087773 -0.076206 0.004811
v -0.090802 -0.077571 0.004813
v -0.090802 -0.077571 0.004813
v -0.091426 -0.076547 0.006309
v -0.088578 -0.075136 0.006287
v -0.104490 -0.082334 0.005961
v -0.105109 -0.081483 0.005301
v -0.102975 -0.080122 0.005436
v -0.102975 -0.080122 0.005436
v -0.101767 -0.080689 0.006230
v -0.104490 -0.082334 0.005961
v -0.102741 -0.080402 0.002978
v -0.104979 -0.081658 0.003087
v -0.104390 -0.082682 0.002598
v -0.104390 -0.082682 0.002598
v -0.101338 -0.081053 0.002418
v -0.102741 -0.080402 0.002978
v -0.104979 -0.081658 0.003087
v -0.104964 -0.081059 0.004163
v -0.107146 -0.082419 0.004113
v -0.107146 -0.082419 0.004113
v -0.106880 -0.082766 0.003207
v -0.104979 -0.081658 0.003087
v -0.107146 -0.082419 0.004113
v -0.104964 -0.081059 0.004163
v -0.105109 -0.081483 0.005301
v -0.105109 -0.081483 0.005301
v -0.107027 -0.082627 0.005157
v -0.107146 -0.082419 0.004113
v -0.105967 -0.084106 0.003464
v -0.106345 -0.083514 0.002969
v -0.107305 -0.083767 0.003325
v -0.106130 -0.083909 0.005324
v -0.106532 -0.083360 0.005609
v -0.104490 -0.082334 0.005961
v -0.104490 -0.082334 0.005961
v -0.103992 -0.083109 0.005596
v -0.106130 -0.083909 0.005324
v -0.106345 -0.083514 0.002969
v -0.104390 -0.082682 0.002598
v -0.104979 -0.081658 0.003087
v -0.104979 -0.081658 0.003087
v -0.106880 -0.082766 0.003207
v -0.106345 -0.083514 0.002969
v -0.105109 -0.081483 0.005301
v -0.104490 -0.082334 0.005961
v -0.106532 -0.083360 0.005609
v -0.106532 -0.083360 0.005609
v -0.107027 -0.082627 0.005157
v -0.105109 -0.081483 0.005301
v -0.107146 -0.082419 0.004113
v -0.108411 -0.083152 0.004118
v -0.108048 -0.083348 0.003471
v -0.108048 -0.083348 0.003471
v -0.106880 -0.082766 0.003207
v -0.107146 -0.082419 0.004113
v -0.108132 -0.083187 0.004902
v -0.108411 -0.083152 0.004118
v -0.107146 -0.082419 0.004113
v -0.107146 -0.082419 0.004113
v -0.107027 -0.082627 0.005157
v -0.108132 -0.083187 0.004902
v -0.107688 -0.083972 0.004288
v -0.108411 -0.083152 0.004118
v -0.108132 -0.083187 0.004902
v -0.107027 -0.082627 0.005157
v -0.106532 -0.083360 0.005609
v -0.108132 -0.083187 0.004902
v -0.105969 -0.084285 0.004442
v -0.103722 -0.083721 0.004491
v -0.104055 -0.083422 0.003200
v -0.104055 -0.083422 0.003200
v -0.105967 -0.084106 0.003464
v -0.105969 -0.084285 0.004442
v -0.106130 -0.083909 0.005324
v -0.103992 -0.083109 0.005596
v -0.103722 -0.083721 0.004491
v -0.103722 -0.083721 0.004491
v -0.105969 -0.084285 0.004442
v -0.106130 -0.083909 0.005324
v -0.086594 -0.074649 0.007711
v -0.087299 -0.073439 0.008349
v -0.088741 -0.074637 0.008540
v -0.090199 -0.079309 0.008364
v -0.090986 -0.078337 0.007874
v -0.092517 -0.079582 0.007905
v -0.090986 -0.078337 0.007874
v -0.091841 -0.077526 0.008427
v -0.093093 -0.078546 0.008426
v -0.088337 -0.077983 0.008389
v -0.088072 -0.078431 0.009758
v -0.086695 -0.077250 0.009867
v -0.086695 -0.077250 0.009867
v -0.086900 -0.076918 0.008345
v -0.088337 -0.077983 0.008389
v -0.091845 -0.080390 0.008428
v -0.091688 -0.080729 0.009617
v -0.089971 -0.079702 0.009695
v -0.097299 -0.082470 0.008583
v -0.097534 -0.082638 0.009390
v -0.096299 -0.082794 0.009435
v -0.096299 -0.082794 0.009435
v -0.096317 -0.082552 0.008610
v -0.097299 -0.082470 0.008583
v -0.098432 -0.082057 0.009328
v -0.097534 -0.082638 0.009390
v -0.098102 -0.082060 0.008717
v -0.091841 -0.077526 0.008427
v -0.092264 -0.077189 0.009546
v -0.093093 -0.078546 0.008426
v -0.095607 -0.079946 0.009405
v -0.095644 -0.080358 0.008530
v -0.093689 -0.079013 0.008433
v -0.093689 -0.079013 0.008433
v -0.094069 -0.078757 0.009465
v -0.095607 -0.079946 0.009405
v -0.088123 -0.075834 0.011811
v -0.088705 -0.074636 0.011134
v -0.086542 -0.074497 0.011905
v -0.085580 -0.075702 0.011177
v -0.087132 -0.076807 0.011252
v -0.088123 -0.075834 0.011811
v -0.093187 -0.078497 0.010577
v -0.091965 -0.077455 0.010732
v -0.091140 -0.078334 0.011433
v -0.092667 -0.079491 0.011201
v -0.091140 -0.078334 0.011433
v -0.090390 -0.079235 0.010945
v -0.088583 -0.077893 0.011167
v -0.089419 -0.076882 0.011681
v -0.088123 -0.075834 0.011811
v -0.088123 -0.075834 0.011811
v -0.087132 -0.076807 0.011252
v -0.088583 -0.077893 0.011167
v -0.089498 -0.075278 0.011063
v -0.088123 -0.075834 0.011811
v -0.089419 -0.076882 0.011681
v -0.089419 -0.076882 0.011681
v -0.090364 -0.075992 0.010959
v -0.089498 -0.075278 0.011063
v -0.086695 -0.077250 0.009867
v -0.087132 -0.076807 0.011252
v -0.085243 -0.076254 0.009697
v -0.089971 -0.079702 0.009695
v -0.091688 -0.080729 0.009617
v -0.092022 -0.080312 0.010759
v -0.097417 -0.082498 0.010182
v -0.096363 -0.082581 0.010259
v -0.096299 -0.082794 0.009435
v -0.096299 -0.082794 0.009435
v -0.097534 -0.082638 0.009390
v -0.097417 -0.082498 0.010182
v -0.093187 -0.078497 0.010577
v -0.092264 -0.077189 0.009546
v -0.091965 -0.077455 0.010732
v -0.089938 -0.074906 0.009740
v -0.089498 -0.075278 0.011063
v -0.090364 -0.075992 0.010959
v -0.090364 -0.075992 0.010959
v -0.090769 -0.075672 0.009672
v -0.089938 -0.074906 0.009740
v -0.093817 -0.079001 0.010521
v -0.095668 -0.080375 0.010258
v -0.095607 -0.079946 0.009405
v -0.095607 -0.079946 0.009405
v -0.094069 -0.078757 0.009465
v -0.093817 -0.079001 0.010521
v -0.092517 -0.079582 0.007905
v -0.095087 -0.081200 0.008084
v -0.094577 -0.081893 0.008542
v -0.094577 -0.081893 0.008542
v -0.091845 -0.080390 0.008428
v -0.092517 -0.079582 0.007905
v -0.094577 -0.081893 0.008542
v -0.094381 -0.082233 0.009500
v -0.091688 -0.080729 0.009617
v -0.091688 -0.080729 0.009617
v -0.091845 -0.080390 0.008428
v -0.094577 -0.081893 0.008542
v -0.091688 -0.080729 0.009617
v -0.094381 -0.082233 0.009500
v -0.094657 -0.081873 0.010443
v -0.094657 -0.081873 0.010443
v -0.092022 -0.080312 0.010759
v -0.091688 -0.080729 0.009617
v -0.086695 -0.077250 0.009867
v -0.088072 -0.078431 0.009758
v -0.088583 -0.077893 0.011167
v -0.088583 -0.077893 0.011167
v -0.087132 -0.076807 0.011252
v -0.086695 -0.077250 0.009867
v -0.090280 -0.076031 0.008473
v -0.089468 -0.075290 0.008531
v -0.089938 -0.074906 0.009740
v -0.089938 -0.074906 0.009740
v -0.090769 -0.075672 0.009672
v -0.090280 -0.076031 0.008473
v -0.089269 -0.076877 0.007901
v -0.088018 -0.075909 0.007875
v -0.089468 -0.075290 0.008531
v -0.089468 -0.075290 0.008531
v -0.090280 -0.076031 0.008473
v -0.089269 -0.076877 0.007901
v -0.088337 -0.077983 0.008389
v -0.086900 -0.076918 0.008345
v -0.088018 -0.075909 0.007875
v -0.088018 -0.075909 0.007875
v -0.089269 -0.076877 0.007901
v -0.088337 -0.077983 0.008389
v -0.095087 -0.081200 0.008084
v -0.096749 -0.082099 0.008273
v -0.096317 -0.082552 0.008610
v -0.096317 -0.082552 0.008610
v -0.094577 -0.081893 0.008542
v -0.095087 -0.081200 0.008084
v -0.097417 -0.082498 0.010182
v -0.096707 -0.082177 0.010446
v -0.096363 -0.082581 0.010259
v -0.092667 -0.079491 0.011201
v -0.092022 -0.080312 0.010759
v -0.094657 -0.081873 0.010443
v -0.094657 -0.081873 0.010443
v -0.095079 -0.081239 0.010787
v -0.092667 -0.079491 0.011201
v -0.085593 -0.075873 0.008159
v -0.086594 -0.074649 0.007711
v -0.088018 -0.075909 0.007875
v -0.086695 -0.077250 0.009867
v -0.085243 -0.076254 0.009697
v -0.086900 -0.076918 0.008345
v -0.095079 -0.081239 0.010787
v -0.095668 -0.080375 0.010258
v -0.093817 -0.079001 0.010521
v -0.093817 -0.079001 0.010521
v -0.092667 -0.079491 0.011201
v -0.095079 -0.081239 0.010787
v -0.093689 -0.079013 0.008433
v -0.095644 -0.080358 0.008530
v -0.095087 -0.081200 0.008084
v -0.095087 -0.081200 0.008084
v -0.092517 -0.079582 0.007905
v -0.093689 -0.079013 0.008433
v -0.095644 -0.080358 0.008530
v -0.095607 -0.079946 0.009405
v -0.097503 -0.081333 0.009331
v -0.097503 -0.081333 0.009331
v -0.097297 -0.081543 0.008577
v -0.095644 -0.080358 0.008530
v -0.095668 -0.080375 0.010258
v -0.097359 -0.081567 0.010131
v -0.097503 -0.081333 0.009331
v -0.097503 -0.081333 0.009331
v -0.095607 -0.079946 0.009405
v -0.095668 -0.080375 0.010258
v -0.096317 -0.082552 0.008610
v -0.096749 -0.082099 0.008273
v -0.097299 -0.082470 0.008583
v -0.095079 -0.081239 0.010787
v -0.094657 -0.081873 0.010443
v -0.096363 -0.082581 0.010259
v -0.096363 -0.082581 0.010259
v -0.096707 -0.082177 0.010446
v -0.095079 -0.081239 0.010787
v -0.097299 -0.082470 0.008583
v -0.096749 -0.082099 0.008273
v -0.098102 -0.082060 0.008717
v -0.096707 -0.082177 0.010446
v -0.097359 -0.081567 0.010131
v -0.095668 -0.080375 0.010258
v -0.095668 -0.080375 0.010258
v -0.095079 -0.081239 0.010787
v -0.096707 -0.082177 0.010446
v -0.097503 -0.081333 0.009331
v -0.098432 -0.082057 0.009328
v -0.098102 -0.082060 0.008717
v -0.098102 -0.082060 0.008717
v -0.097297 -0.081543 0.008577
v -0.097503 -0.081333 0.009331
v -0.098167 -0.082096 0.009959
v -0.098432 -0.082057 0.009328
v -0.097503 -0.081333 0.009331
v -0.097503 -0.081333 0.009331
v -0.097359 -0.081567 0.010131
v -0.098167 -0.082096 0.009959
v -0.097534 -0.082638 0.009390
v -0.098432 -0.082057 0.009328
v -0.098167 -0.082096 0.009959
v -0.096749 -0.082099 0.008273
v -0.095087 -0.081200 0.008084
v -0.095644 -0.080358 0.008530
v -0.095644 -0.080358 0.008530
v -0.097297 -0.081543 0.008577
v -0.096749 -0.082099 0.008273
v -0.097359 -0.081567 0.010131
v -0.096707 -0.082177 0.010446
v -0.098167 -0.082096 0.009959
v -0.094577 -0.081893 0.008542
v -0.096317 -0.082552 0.008610
v -0.096299 -0.082794 0.009435
v -0.096299 -0.082794 0.009435
v -0.094381 -0.082233 0.009500
v -0.094577 -0.081893 0.008542
v -0.094657 -0.081873 0.010443
v -0.094381 -0.082233 0.009500
v -0.096299 -0.082794 0.009435
v -0.096299 -0.082794 0.009435
v -0.096363 -0.082581 0.010259
v -0.094657 -0.081873 0.010443
v -0.084299 -0.070309 -0.011296
v -0.083716 -0.072478 -0.010541
v -0.080989 -0.071623 -0.010200
v -0.080989 -0.071623 -0.010200
v -0.081948 -0.068966 -0.011409
v -0.084299 -0.070309 -0.011296
v -0.062807 -0.056180 -0.009647
v -0.060958 -0.058405 -0.008375
v -0.059719 -0.056593 -0.007563
v -0.059719 -0.056593 -0.007563
v -0.061519 -0.054538 -0.008740
v -0.062807 -0.056180 -0.009647
v -0.067652 -0.064715 -0.014435
v -0.069116 -0.067591 -0.015381
v -0.067590 -0.069066 -0.014080
v -0.067590 -0.069066 -0.014080
v -0.065938 -0.066327 -0.013172
v -0.067652 -0.064715 -0.014435
v -0.062073 -0.060308 -0.009620
v -0.063930 -0.057841 -0.010787
v -0.065616 -0.060888 -0.012748
v -0.065616 -0.060888 -0.012748
v -0.063727 -0.062866 -0.011413
v -0.062073 -0.060308 -0.009620
v -0.077198 -0.070910 -0.001112
v -0.075873 -0.070523 0.004166
v -0.070952 -0.067475 0.002582
v -0.070952 -0.067475 0.002582
v -0.072074 -0.068134 -0.002842
v -0.077198 -0.070910 -0.001112
v -0.059719 -0.056593 -0.007563
v -0.060958 -0.058405 -0.008375
v -0.060685 -0.059560 -0.005475
v -0.060685 -0.059560 -0.005475
v -0.059271 -0.057482 -0.005110
v -0.059719 -0.056593 -0.007563
v -0.067751 -0.065275 0.001779
v -0.072074 -0.068134 -0.002842
v -0.070952 -0.067475 0.002582
v -0.065938 -0.066327 -0.013172
v -0.063727 -0.062866 -0.011413
v -0.065616 -0.060888 -0.012748
v -0.065616 -0.060888 -0.012748
v -0.067652 -0.064715 -0.014435
v -0.065938 -0.066327 -0.013172
v -0.064457 -0.055506 0.006475
v -0.062284 -0.058101 0.004809
v -0.065457 -0.061150 0.005764
v -0.065457 -0.061150 0.005764
v -0.067601 -0.058550 0.007625
v -0.064457 -0.055506 0.006475
v -0.069873 -0.055891 0.006363
v -0.072974 -0.059034 0.007370
v -0.075054 -0.057981 0.003307
v -0.075054 -0.057981 0.003307
v -0.071242 -0.054439 0.002538
v -0.069873 -0.055891 0.006363
v -0.076189 -0.057787 -0.002262
v -0.071679 -0.054211 -0.002543
v -0.071242 -0.054439 0.002538
v -0.071242 -0.054439 0.002538
v -0.075054 -0.057981 0.003307
v -0.076189 -0.057787 -0.002262
v -0.071314 -0.055510 -0.006926
v -0.071679 -0.054211 -0.002543
v -0.076189 -0.057787 -0.002262
v -0.076189 -0.057787 -0.002262
v -0.076300 -0.058677 -0.006702
v -0.071314 -0.055510 -0.006926
v -0.071242 -0.054439 0.002538
v -0.068097 -0.051501 0.002013
v -0.066809 -0.052785 0.005546
v -0.066809 -0.052785 0.005546
v -0.069873 -0.055891 0.006363
v -0.071242 -0.054439 0.002538
v -0.071679 -0.054211 -0.002543
v -0.068115 -0.051380 -0.002710
v -0.068097 -0.051501 0.002013
v -0.068097 -0.051501 0.002013
v -0.071242 -0.054439 0.002538
v -0.071679 -0.054211 -0.002543
v -0.071314 -0.055510 -0.006926
v -0.066180 -0.053255 -0.008053
v -0.068115 -0.051380 -0.002710
v -0.068115 -0.051380 -0.002710
v -0.071679 -0.054211 -0.002543
v -0.071314 -0.055510 -0.006926
v -0.079658 -0.061257 -0.006561
v -0.082500 -0.063707 -0.006307
v -0.081734 -0.064341 -0.009230
v -0.081734 -0.064341 -0.009230
v -0.078991 -0.062750 -0.009625
v -0.079658 -0.061257 -0.006561
v -0.079712 -0.060479 -0.002199
v -0.083043 -0.063213 -0.002083
v -0.082500 -0.063707 -0.006307
v -0.082500 -0.063707 -0.006307
v -0.079658 -0.061257 -0.006561
v -0.079712 -0.060479 -0.002199
v -0.079712 -0.060479 -0.002199
v -0.078488 -0.061236 0.004038
v -0.082553 -0.063514 0.001460
v -0.078488 -0.061236 0.004038
v -0.081804 -0.063687 0.004669
v -0.082553 -0.063514 0.001460
v -0.084569 -0.066064 -0.009030
v -0.086332 -0.067648 -0.008649
v -0.085548 -0.068452 -0.010388
v -0.085548 -0.068452 -0.010388
v -0.083422 -0.067077 -0.010588
v -0.084569 -0.066064 -0.009030
v -0.086332 -0.067648 -0.008649
v -0.084569 -0.066064 -0.009030
v -0.085417 -0.066368 -0.006044
v -0.085417 -0.066368 -0.006044
v -0.086168 -0.068351 -0.006780
v -0.086332 -0.067648 -0.008649
v -0.084301 -0.065966 0.005063
v -0.082703 -0.066775 0.007549
v -0.084938 -0.068024 0.006600
v -0.084938 -0.068024 0.006600
v -0.085777 -0.067119 0.005017
v -0.084301 -0.065966 0.005063
v -0.079569 -0.069450 0.011100
v -0.078288 -0.068449 0.010866
v -0.077484 -0.070422 0.009914
v -0.077484 -0.070422 0.009914
v -0.079109 -0.071260 0.010709
v -0.079569 -0.069450 0.011100
v -0.078255 -0.072016 0.007874
v -0.079450 -0.072459 0.008826
v -0.079109 -0.071260 0.010709
v -0.079109 -0.071260 0.010709
v -0.077484 -0.070422 0.009914
v -0.078255 -0.072016 0.007874
v -0.072886 -0.077184 -0.015662
v -0.073700 -0.077422 -0.014039
v -0.070350 -0.072995 -0.012464
v -0.070350 -0.072995 -0.012464
v -0.069467 -0.072330 -0.014635
v -0.072886 -0.077184 -0.015662
v -0.072024 -0.068413 -0.015869
v -0.072312 -0.070210 -0.016205
v -0.070462 -0.071075 -0.016192
v -0.070462 -0.071075 -0.016192
v -0.069782 -0.069206 -0.015942
v -0.072024 -0.068413 -0.015869
v -0.074014 -0.068515 -0.014266
v -0.074961 -0.069884 -0.011997
v -0.074961 -0.070054 -0.012824
v -0.074961 -0.070054 -0.012824
v -0.074015 -0.069839 -0.015040
v -0.074014 -0.068515 -0.014266
v -0.072024 -0.068413 -0.015869
v -0.074014 -0.068515 -0.014266
v -0.074015 -0.069839 -0.015040
v -0.074015 -0.069839 -0.015040
v -0.072312 -0.070210 -0.016205
v -0.072024 -0.068413 -0.015869
v -0.090552 -0.071347 -0.007411
v -0.093810 -0.073948 -0.007395
v -0.093581 -0.074242 -0.008960
v -0.093581 -0.074242 -0.008960
v -0.090238 -0.071653 -0.009112
v -0.090552 -0.071347 -0.007411
v -0.093264 -0.074470 -0.006077
v -0.093810 -0.073948 -0.007395
v -0.090552 -0.071347 -0.007411
v -0.090552 -0.071347 -0.007411
v -0.089987 -0.072181 -0.006073
v -0.093264 -0.074470 -0.006077
v -0.092671 -0.075303 -0.010138
v -0.089368 -0.072894 -0.010467
v -0.090238 -0.071653 -0.009112
v -0.090238 -0.071653 -0.009112
v -0.093581 -0.074242 -0.008960
v -0.092671 -0.075303 -0.010138
v -0.093535 -0.075613 -0.004067
v -0.090167 -0.073601 -0.004251
v -0.091322 -0.071828 -0.003576
v -0.091322 -0.071828 -0.003576
v -0.094701 -0.074124 -0.003404
v -0.093535 -0.075613 -0.004067
v -0.092211 -0.077810 -0.001510
v -0.092851 -0.076917 0.000241
v -0.089172 -0.075018 0.000297
v -0.089172 -0.075018 0.000297
v -0.088413 -0.076035 -0.001579
v -0.092211 -0.077810 -0.001510
v -0.097530 -0.075339 -0.001930
v -0.098532 -0.076241 -0.001912
v -0.097961 -0.076810 -0.003277
v -0.097961 -0.076810 -0.003277
v -0.096938 -0.075941 -0.003352
v -0.097530 -0.075339 -0.001930
v -0.096649 -0.077808 -0.003941
v -0.095309 -0.076742 -0.004001
v -0.096938 -0.075941 -0.003352
v -0.096938 -0.075941 -0.003352
v -0.097961 -0.076810 -0.003277
v -0.096649 -0.077808 -0.003941
v -0.093846 -0.078760 -0.001407
v -0.095112 -0.079595 -0.001415
v -0.095676 -0.078852 0.000113
v -0.095676 -0.078852 0.000113
v -0.094326 -0.077940 0.000155
v -0.093846 -0.078760 -0.001407
v -0.079569 -0.069450 0.011100
v -0.080785 -0.068176 0.011003
v -0.079918 -0.067388 0.010749
v -0.079918 -0.067388 0.010749
v -0.078288 -0.068449 0.010866
v -0.079569 -0.069450 0.011100
v -0.083881 -0.073923 -0.005379
v -0.084499 -0.074147 -0.003896
v -0.082106 -0.073357 -0.004813
v -0.081805 -0.073078 0.000583
v -0.084187 -0.073990 0.000197
v -0.083343 -0.073749 0.001310
v -0.093264 -0.074470 -0.006077
v -0.094446 -0.075438 -0.006121
v -0.095014 -0.074940 -0.007407
v -0.094755 -0.075234 -0.008940
v -0.093581 -0.074242 -0.008960
v -0.095014 -0.074940 -0.007407
v -0.089138 -0.074171 0.009800
v -0.087710 -0.073028 0.009752
v -0.088705 -0.074636 0.011134
v -0.088741 -0.074637 0.008540
v -0.087710 -0.073028 0.009752
v -0.089138 -0.074171 0.009800
v -0.077361 -0.077001 -0.017098
v -0.076190 -0.077462 -0.017829
v -0.075861 -0.076907 -0.017635
v -0.075861 -0.076907 -0.017635
v -0.077080 -0.076446 -0.016865
v -0.077361 -0.077001 -0.017098
v -0.075861 -0.076907 -0.017635
v -0.076190 -0.077462 -0.017829
v -0.074954 -0.078238 -0.017559
v -0.074954 -0.078238 -0.017559
v -0.074636 -0.077721 -0.017395
v -0.075861 -0.076907 -0.017635
v -0.086065 -0.065664 -0.002045
v -0.085368 -0.065980 0.001748
v -0.087203 -0.067684 0.000037
v -0.087203 -0.067684 0.000037
v -0.087546 -0.066951 -0.002026
v -0.086065 -0.065664 -0.002045
v -0.087019 -0.067971 -0.003997
v -0.085417 -0.066368 -0.006044
v -0.086065 -0.065664 -0.002045
v -0.086065 -0.065664 -0.002045
v -0.087546 -0.066951 -0.002026
v -0.087019 -0.067971 -0.003997
v -0.087019 -0.067971 -0.003997
v -0.087546 -0.066951 -0.002026
v -0.088999 -0.068353 -0.002019
v -0.088999 -0.068353 -0.002019
v -0.088442 -0.069432 -0.003975
v -0.087019 -0.067971 -0.003997
v -0.088999 -0.068353 -0.002019
v -0.087546 -0.066951 -0.002026
v -0.087203 -0.067684 0.000037
v -0.087203 -0.067684 0.000037
v -0.088694 -0.068905 -0.000124
v -0.088999 -0.068353 -0.002019
v -0.086332 -0.067648 -0.008649
v -0.087799 -0.069024 -0.007931
v -0.087552 -0.069668 -0.009629
v -0.087552 -0.069668 -0.009629
v -0.085548 -0.068452 -0.010388
v -0.086332 -0.067648 -0.008649
v -0.084938 -0.068024 0.006600
v -0.086522 -0.069043 0.006279
v -0.087003 -0.068309 0.004605
v -0.087003 -0.068309 0.004605
v -0.085777 -0.067119 0.005017
v -0.084938 -0.068024 0.006600
v -0.087003 -0.068309 0.004605
v -0.086958 -0.069161 0.002691
v -0.086096 -0.067676 0.002913
v -0.086096 -0.067676 0.002913
v -0.085777 -0.067119 0.005017
v -0.087003 -0.068309 0.004605
v -0.081428 -0.066870 0.009727
v -0.079918 -0.067388 0.010749
v -0.080785 -0.068176 0.011003
v -0.080785 -0.068176 0.011003
v -0.082009 -0.067721 0.010072
v -0.081428 -0.066870 0.009727
v -0.082009 -0.067721 0.010072
v -0.080785 -0.068176 0.011003
v -0.082062 -0.069198 0.011349
v -0.082062 -0.069198 0.011349
v -0.082968 -0.068764 0.009953
v -0.082009 -0.067721 0.010072
v -0.063027 -0.049079 0.004974
v -0.064860 -0.050831 0.005136
v -0.066107 -0.049591 0.001874
v -0.066107 -0.049591 0.001874
v -0.064228 -0.047794 0.001736
v -0.063027 -0.049079 0.004974
v -0.061519 -0.054538 -0.008740
v -0.059719 -0.056593 -0.007563
v -0.058214 -0.054934 -0.007033
v -0.058214 -0.054934 -0.007033
v -0.059971 -0.052667 -0.008142
v -0.061519 -0.054538 -0.008740
v -0.064457 -0.055506 0.006475
v -0.062312 -0.053491 0.006016
v -0.060270 -0.056003 0.004290
v -0.060270 -0.056003 0.004290
v -0.062284 -0.058101 0.004809
v -0.064457 -0.055506 0.006475
v -0.060270 -0.056003 0.004290
v -0.058392 -0.054119 0.004070
v -0.057691 -0.055164 0.001034
v -0.057691 -0.055164 0.001034
v -0.059499 -0.057131 0.000992
v -0.060270 -0.056003 0.004290
v -0.061255 -0.059280 -0.002434
v -0.064221 -0.062599 -0.003101
v -0.064627 -0.062512 0.001295
v -0.064627 -0.062512 0.001295
v -0.061426 -0.059235 0.001084
v -0.061255 -0.059280 -0.002434
v -0.061255 -0.059280 -0.002434
v -0.060685 -0.059560 -0.005475
v -0.062460 -0.062317 -0.006538
v -0.062460 -0.062317 -0.006538
v -0.064221 -0.062599 -0.003101
v -0.061255 -0.059280 -0.002434
v -0.062284 -0.058101 0.004809
v -0.061426 -0.059235 0.001084
v -0.064627 -0.062512 0.001295
v -0.064627 -0.062512 0.001295
v -0.065457 -0.061150 0.005764
v -0.062284 -0.058101 0.004809
v -0.060958 -0.058405 -0.008375
v -0.062807 -0.056180 -0.009647
v -0.063930 -0.057841 -0.010787
v -0.063930 -0.057841 -0.010787
v -0.062073 -0.060308 -0.009620
v -0.060958 -0.058405 -0.008375
v -0.060685 -0.059560 -0.005475
v -0.060958 -0.058405 -0.008375
v -0.062073 -0.060308 -0.009620
v -0.062073 -0.060308 -0.009620
v -0.062460 -0.062317 -0.006538
v -0.060685 -0.059560 -0.005475
v -0.075559 -0.069863 -0.010196
v -0.077953 -0.070469 -0.010003
v -0.077585 -0.071068 -0.006506
v -0.077585 -0.071068 -0.006506
v -0.073611 -0.069421 -0.006746
v -0.075559 -0.069863 -0.010196
v -0.072074 -0.068134 -0.002842
v -0.073611 -0.069421 -0.006746
v -0.077585 -0.071068 -0.006506
v -0.077585 -0.071068 -0.006506
v -0.077198 -0.070910 -0.001112
v -0.072074 -0.068134 -0.002842
v -0.086096 -0.067676 0.002913
v -0.085368 -0.065980 0.001748
v -0.084301 -0.065966 0.005063
v -0.084301 -0.065966 0.005063
v -0.085777 -0.067119 0.005017
v -0.086096 -0.067676 0.002913
v -0.075559 -0.069863 -0.010196
v -0.074043 -0.070235 -0.010872
v -0.075492 -0.068975 -0.011965
v -0.075492 -0.068975 -0.011965
v -0.076703 -0.068685 -0.011652
v -0.075559 -0.069863 -0.010196
v -0.072074 -0.068134 -0.002842
v -0.067292 -0.066070 -0.004538
v -0.069301 -0.068896 -0.007810
v -0.069301 -0.068896 -0.007810
v -0.073611 -0.069421 -0.006746
v -0.072074 -0.068134 -0.002842
v -0.067751 -0.065275 0.001779
v -0.067292 -0.066070 -0.004538
v -0.072074 -0.068134 -0.002842
v -0.088442 -0.069432 -0.003975
v -0.088999 -0.068353 -0.002019
v -0.089484 -0.068775 -0.001998
v -0.089484 -0.068775 -0.001998
v -0.088919 -0.069829 -0.003909
v -0.088442 -0.069432 -0.003975
v -0.089181 -0.069309 -0.000146
v -0.088694 -0.068905 -0.000124
v -0.087549 -0.070962 0.001251
v -0.087549 -0.070962 0.001251
v -0.088148 -0.071402 0.001062
v -0.089181 -0.069309 -0.000146
v -0.083285 -0.074239 0.002455
v -0.081805 -0.073078 0.000583
v -0.083343 -0.073749 0.001310
v -0.081851 -0.073109 0.006713
v -0.080072 -0.072547 0.005878
v -0.082745 -0.073547 0.006381
v -0.082894 -0.068398 0.008278
v -0.083659 -0.069023 0.007396
v -0.082703 -0.066775 0.007549
v -0.078255 -0.072016 0.007874
v -0.075873 -0.070523 0.004166
v -0.080072 -0.072547 0.005878
v -0.077198 -0.070910 -0.001112
v -0.080472 -0.073356 0.003560
v -0.075873 -0.070523 0.004166
v -0.083422 -0.067077 -0.010588
v -0.080636 -0.065737 -0.010772
v -0.081734 -0.064341 -0.009230
v -0.081734 -0.064341 -0.009230
v -0.084569 -0.066064 -0.009030
v -0.083422 -0.067077 -0.010588
v -0.078991 -0.062750 -0.009625
v -0.081734 -0.064341 -0.009230
v -0.080636 -0.065737 -0.010772
v -0.080636 -0.065737 -0.010772
v -0.078114 -0.064519 -0.011237
v -0.078991 -0.062750 -0.009625
v -0.075885 -0.061171 -0.010152
v -0.078991 -0.062750 -0.009625
v -0.078114 -0.064519 -0.011237
v -0.078114 -0.064519 -0.011237
v -0.075684 -0.063620 -0.011904
v -0.075885 -0.061171 -0.010152
v -0.075684 -0.063620 -0.011904
v -0.075186 -0.067036 -0.012907
v -0.074028 -0.066623 -0.013783
v -0.074028 -0.066623 -0.013783
v -0.073313 -0.063344 -0.012745
v -0.075684 -0.063620 -0.011904
v -0.077243 -0.066873 -0.012156
v -0.075186 -0.067036 -0.012907
v -0.075684 -0.063620 -0.011904
v -0.075684 -0.063620 -0.011904
v -0.078114 -0.064519 -0.011237
v -0.077243 -0.066873 -0.012156
v -0.084299 -0.070309 -0.011296
v -0.081948 -0.068966 -0.011409
v -0.083422 -0.067077 -0.010588
v -0.083422 -0.067077 -0.010588
v -0.085548 -0.068452 -0.010388
v -0.084299 -0.070309 -0.011296
v -0.072370 -0.059795 -0.010970
v -0.073313 -0.063344 -0.012745
v -0.070795 -0.063356 -0.014058
v -0.070795 -0.063356 -0.014058
v -0.068991 -0.059349 -0.012134
v -0.072370 -0.059795 -0.010970
v -0.071721 -0.066710 -0.015165
v -0.070795 -0.063356 -0.014058
v -0.073313 -0.063344 -0.012745
v -0.073313 -0.063344 -0.012745
v -0.074028 -0.066623 -0.013783
v -0.071721 -0.066710 -0.015165
v -0.072024 -0.068413 -0.015869
v -0.071721 -0.066710 -0.015165
v -0.074028 -0.066623 -0.013783
v -0.074028 -0.066623 -0.013783
v -0.074014 -0.068515 -0.014266
v -0.072024 -0.068413 -0.015869
v -0.074972 -0.068994 0.008821
v -0.076288 -0.066770 0.010375
v -0.073378 -0.064066 0.009525
v -0.073378 -0.064066 0.009525
v -0.071201 -0.066343 0.007656
v -0.074972 -0.068994 0.008821
v -0.075873 -0.070523 0.004166
v -0.074972 -0.068994 0.008821
v -0.071201 -0.066343 0.007656
v -0.071201 -0.066343 0.007656
v -0.070952 -0.067475 0.002582
v -0.075873 -0.070523 0.004166
v -0.069873 -0.055891 0.006363
v -0.066809 -0.052785 0.005546
v -0.064457 -0.055506 0.006475
v -0.064457 -0.055506 0.006475
v -0.067601 -0.058550 0.007625
v -0.069873 -0.055891 0.006363
v -0.076006 -0.061904 0.008462
v -0.073378 -0.064066 0.009525
v -0.076288 -0.066770 0.010375
v -0.076288 -0.066770 0.010375
v -0.078888 -0.064843 0.009396
v -0.076006 -0.061904 0.008462
v -0.080265 -0.064385 0.007211
v -0.081804 -0.063687 0.004669
v -0.078488 -0.061236 0.004038
v -0.078888 -0.064843 0.009396
v -0.080265 -0.064385 0.007211
v -0.076006 -0.061904 0.008462
v -0.077585 -0.071068 -0.006506
v -0.081197 -0.072926 -0.007656
v -0.082106 -0.073357 -0.004813
v -0.108048 -0.083348 0.003471
v -0.106345 -0.083514 0.002969
v -0.106880 -0.082766 0.003207
v -0.057596 -0.055390 -0.001946
v -0.057691 -0.055164 0.001034
v -0.055432 -0.053278 -0.001885
v -0.073611 -0.069421 -0.006746
v -0.069301 -0.068896 -0.007810
v -0.074043 -0.070235 -0.010872
v -0.074043 -0.070235 -0.010872
v -0.075559 -0.069863 -0.010196
v -0.073611 -0.069421 -0.006746
v -0.080989 -0.071623 -0.010200
v -0.078690 -0.069105 -0.011273
v -0.081948 -0.068966 -0.011409
v -0.080265 -0.064385 0.007211
v -0.081428 -0.066870 0.009727
v -0.082703 -0.066775 0.007549
v -0.083043 -0.063213 -0.002083
v -0.079712 -0.060479 -0.002199
v -0.082553 -0.063514 0.001460
v -0.063930 -0.057841 -0.010787
v -0.067517 -0.055753 -0.009717
v -0.068991 -0.059349 -0.012134
v -0.068991 -0.059349 -0.012134
v -0.065616 -0.060888 -0.012748
v -0.063930 -0.057841 -0.010787
v -0.072370 -0.059795 -0.010970
v -0.068991 -0.059349 -0.012134
v -0.067517 -0.055753 -0.009717
v -0.067517 -0.055753 -0.009717
v -0.071314 -0.055510 -0.006926
v -0.072370 -0.059795 -0.010970
v -0.055432 -0.053278 -0.001885
v -0.057767 -0.055364 -0.004821
v -0.057596 -0.055390 -0.001946
v -0.081805 -0.073078 0.000583
v -0.080472 -0.073356 0.003560
v -0.077198 -0.070910 -0.001112
v -0.075873 -0.070523 0.004166
v -0.078255 -0.072016 0.007874
v -0.074972 -0.068994 0.008821
v -0.097534 -0.082638 0.009390
v -0.097299 -0.082470 0.008583
v -0.098102 -0.082060 0.008717
v -0.097417 -0.082498 0.010182
v -0.097534 -0.082638 0.009390
v -0.098167 -0.082096 0.009959
v -0.098102 -0.082060 0.008717
v -0.096749 -0.082099 0.008273
v -0.097297 -0.081543 0.008577
v -0.098167 -0.082096 0.009959
v -0.096707 -0.082177 0.010446
v -0.097417 -0.082498 0.010182
v -0.107305 -0.083767 0.003325
v -0.106345 -0.083514 0.002969
v -0.108048 -0.083348 0.003471
v -0.107688 -0.083972 0.004288
v -0.107305 -0.083767 0.003325
v -0.108048 -0.083348 0.003471
v -0.107449 -0.083737 0.005220
v -0.107688 -0.083972 0.004288
v -0.108132 -0.083187 0.004902
v -0.108132 -0.083187 0.004902
v -0.106532 -0.083360 0.005609
v -0.107449 -0.083737 0.005220
v -0.108606 -0.085614 -0.002647
v -0.107922 -0.085196 -0.003019
v -0.109283 -0.084959 -0.002550
v -0.109283 -0.084959 -0.002550
v -0.109005 -0.085793 -0.001783
v -0.108606 -0.085614 -0.002647
v -0.109385 -0.084821 -0.001113
v -0.108695 -0.085447 -0.000902
v -0.109005 -0.085793 -0.001783
v -0.108695 -0.085447 -0.000902
v -0.109385 -0.084821 -0.001113
v -0.107930 -0.085011 -0.000578
v -0.104831 -0.083156 -0.008799
v -0.106184 -0.083333 -0.008110
v -0.105630 -0.083709 -0.008356
v -0.105630 -0.083709 -0.008356
v -0.106184 -0.083333 -0.008110
v -0.105707 -0.084093 -0.007536
v -0.106059 -0.083380 -0.006702
v -0.105484 -0.083832 -0.006662
v -0.105707 -0.084093 -0.007536
v -0.106059 -0.083380 -0.006702
v -0.104791 -0.083247 -0.006333
v -0.105484 -0.083832 -0.006662
v -0.078852 -0.084455 -0.019802
v -0.077514 -0.083728 -0.018577
v -0.077909 -0.083192 -0.019365
v -0.080402 -0.083690 -0.019609
v -0.080383 -0.082133 -0.018092
v -0.080303 -0.083529 -0.018506
v -0.094755 -0.075234 -0.008940
v -0.095334 -0.075685 -0.008948
v -0.094325 -0.076426 -0.009965
v -0.095014 -0.074940 -0.007407
v -0.095649 -0.075430 -0.007402
v -0.095334 -0.075685 -0.008948
v -0.095334 -0.075685 -0.008948
v -0.094755 -0.075234 -0.008940
v -0.095014 -0.074940 -0.007407
v -0.095014 -0.074940 -0.007407
v -0.094446 -0.075438 -0.006121
v -0.095100 -0.075925 -0.006128
v -0.095100 -0.075925 -0.006128
v -0.095649 -0.075430 -0.007402
v -0.095014 -0.074940 -0.007407
v -0.094446 -0.075438 -0.006121
v -0.093643 -0.076809 -0.005658
v -0.095100 -0.075925 -0.006128
v -0.095100 -0.075925 -0.006128
v -0.093643 -0.076809 -0.005658
v -0.095503 -0.076261 -0.006141
v -0.095503 -0.076261 -0.006141
v -0.096086 -0.075746 -0.007389
v -0.095649 -0.075430 -0.007402
v -0.095649 -0.075430 -0.007402
v -0.095100 -0.075925 -0.006128
v -0.095503 -0.076261 -0.006141
v -0.095756 -0.075977 -0.008925
v -0.095334 -0.075685 -0.008948
v -0.095649 -0.075430 -0.007402
v -0.095649 -0.075430 -0.007402
v -0.096086 -0.075746 -0.007389
v -0.095756 -0.075977 -0.008925
v -0.095334 -0.075685 -0.008948
v -0.095756 -0.075977 -0.008925
v -0.094325 -0.076426 -0.009965
v -0.100852 -0.079808 -0.008681
v -0.100026 -0.080518 -0.009565
v -0.100484 -0.079537 -0.008683
v -0.100852 -0.079808 -0.008681
v -0.100484 -0.079537 -0.008683
v -0.100709 -0.079308 -0.007370
v -0.100709 -0.079308 -0.007370
v -0.101105 -0.079604 -0.007378
v -0.100852 -0.079808 -0.008681
v -0.100752 -0.080064 -0.006320
v -0.101105 -0.079604 -0.007378
v -0.100709 -0.079308 -0.007370
v -0.100709 -0.079308 -0.007370
v -0.100318 -0.079773 -0.006285
v -0.100752 -0.080064 -0.006320
v -0.100752 -0.080064 -0.006320
v -0.100318 -0.079773 -0.006285
v -0.099698 -0.080778 -0.005843
v -0.100752 -0.080064 -0.006320
v -0.099698 -0.080778 -0.005843
v -0.101034 -0.080271 -0.006342
v -0.101034 -0.080271 -0.006342
v -0.101410 -0.079822 -0.007378
v -0.101105 -0.079604 -0.007378
v -0.101105 -0.079604 -0.007378
v -0.100752 -0.080064 -0.006320
v -0.101034 -0.080271 -0.006342
v -0.101163 -0.080013 -0.008658
v -0.100852 -0.079808 -0.008681
v -0.101105 -0.079604 -0.007378
v -0.101105 -0.079604 -0.007378
v -0.101410 -0.079822 -0.007378
v -0.101163 -0.080013 -0.008658
v -0.101163 -0.080013 -0.008658
v -0.100026 -0.080518 -0.009565
v -0.100852 -0.079808 -0.008681
v -0.095982 -0.075162 -0.003369
v -0.096558 -0.075604 -0.003363
v -0.095309 -0.076742 -0.004001
v -0.096558 -0.075604 -0.003363
v -0.095982 -0.075162 -0.003369
v -0.096585 -0.074465 -0.001914
v -0.096585 -0.074465 -0.001914
v -0.097136 -0.074953 -0.001917
v -0.096558 -0.075604 -0.003363
v -0.096217 -0.074944 -0.000326
v -0.096749 -0.075396 -0.000325
v -0.097136 -0.074953 -0.001917
v -0.097136 -0.074953 -0.001917
v -0.096585 -0.074465 -0.001914
v -0.096217 -0.074944 -0.000326
v -0.096217 -0.074944 -0.000326
v -0.095486 -0.076409 0.000591
v -0.096749 -0.075396 -0.000325
v -0.096749 -0.075396 -0.000325
v -0.095486 -0.076409 0.000591
v -0.097101 -0.075711 -0.000337
v -0.097101 -0.075711 -0.000337
v -0.097530 -0.075339 -0.001930
v -0.097136 -0.074953 -0.001917
v -0.097136 -0.074953 -0.001917
v -0.096749 -0.075396 -0.000325
v -0.097101 -0.075711 -0.000337
v -0.096938 -0.075941 -0.003352
v -0.096558 -0.075604 -0.003363
v -0.097136 -0.074953 -0.001917
v -0.097136 -0.074953 -0.001917
v -0.097530 -0.075339 -0.001930
v -0.096938 -0.075941 -0.003352
v -0.096558 -0.075604 -0.003363
v -0.096938 -0.075941 -0.003352
v -0.095309 -0.076742 -0.004001
v -0.102789 -0.080738 -0.003094
v -0.101702 -0.081731 -0.003694
v -0.102474 -0.080492 -0.003103
v -0.102789 -0.080738 -0.003094
v -0.102474 -0.080492 -0.003103
v -0.102938 -0.079994 -0.001932
v -0.102938 -0.079994 -0.001932
v -0.103294 -0.080286 -0.001935
v -0.102789 -0.080738 -0.003094
v -0.103019 -0.080517 -0.000607
v -0.103294 -0.080286 -0.001935
v -0.102938 -0.079994 -0.001932
v -0.102938 -0.079994 -0.001932
v -0.102697 -0.080262 -0.000598
v -0.103019 -0.080517 -0.000607
v -0.103019 -0.080517 -0.000607
v -0.102697 -0.080262 -0.000598
v -0.102046 -0.081380 0.000239
v -0.103311 -0.080735 -0.000623
v -0.103019 -0.080517 -0.000607
v -0.102046 -0.081380 0.000239
v -0.103311 -0.080735 -0.000623
v -0.103609 -0.080530 -0.001936
v -0.103294 -0.080286 -0.001935
v -0.103294 -0.080286 -0.001935
v -0.103019 -0.080517 -0.000607
v -0.103311 -0.080735 -0.000623
v -0.103136 -0.080992 -0.003077
v -0.102789 -0.080738 -0.003094
v -0.103294 -0.080286 -0.001935
v -0.103294 -0.080286 -0.001935
v -0.103609 -0.080530 -0.001936
v -0.103136 -0.080992 -0.003077
v -0.103136 -0.080992 -0.003077
v -0.101702 -0.081731 -0.003694
v -0.102789 -0.080738 -0.003094
v -0.094502 -0.074916 0.002669
v -0.095157 -0.075337 0.002673
v -0.094058 -0.076533 0.002195
v -0.095157 -0.075337 0.002673
v -0.094502 -0.074916 0.002669
v -0.094968 -0.074254 0.004088
v -0.094968 -0.074254 0.004088
v -0.095636 -0.074692 0.004079
v -0.095157 -0.075337 0.002673
v -0.095395 -0.075067 0.005631
v -0.095636 -0.074692 0.004079
v -0.094968 -0.074254 0.004088
v -0.094968 -0.074254 0.004088
v -0.094750 -0.074643 0.005643
v -0.095395 -0.075067 0.005631
v -0.094750 -0.074643 0.005643
v -0.094300 -0.076072 0.006609
v -0.095395 -0.075067 0.005631
v -0.095395 -0.075067 0.005631
v -0.094300 -0.076072 0.006609
v -0.095793 -0.075347 0.005609
v -0.095793 -0.075347 0.005609
v -0.096052 -0.074994 0.004072
v -0.095636 -0.074692 0.004079
v -0.095636 -0.074692 0.004079
v -0.095395 -0.075067 0.005631
v -0.095793 -0.075347 0.005609
v -0.095580 -0.075639 0.002673
v -0.095157 -0.075337 0.002673
v -0.095636 -0.074692 0.004079
v -0.095636 -0.074692 0.004079
v -0.096052 -0.074994 0.004072
v -0.095580 -0.075639 0.002673
v -0.095157 -0.075337 0.002673
v -0.095580 -0.075639 0.002673
v -0.094058 -0.076533 0.002195
v -0.102372 -0.080184 0.002958
v -0.101338 -0.081053 0.002418
v -0.101901 -0.079878 0.002924
v -0.102372 -0.080184 0.002958
v -0.101901 -0.079878 0.002924
v -0.102332 -0.079323 0.004149
v -0.102332 -0.079323 0.004149
v -0.102797 -0.079621 0.004172
v -0.102372 -0.080184 0.002958
v -0.102198 -0.079621 0.005447
v -0.102611 -0.079899 0.005445
v -0.102797 -0.079621 0.004172
v -0.102797 -0.079621 0.004172
v -0.102332 -0.079323 0.004149
v -0.102198 -0.079621 0.005447
v -0.102198 -0.079621 0.005447
v -0.101767 -0.080689 0.006230
v -0.102611 -0.079899 0.005445
v -0.102611 -0.079899 0.005445
v -0.101767 -0.080689 0.006230
v -0.102975 -0.080122 0.005436
v -0.102975 -0.080122 0.005436
v -0.103151 -0.079858 0.004167
v -0.102797 -0.079621 0.004172
v -0.102797 -0.079621 0.004172
v -0.102611 -0.079899 0.005445
v -0.102975 -0.080122 0.005436
v -0.102741 -0.080402 0.002978
v -0.102372 -0.080184 0.002958
v -0.102797 -0.079621 0.004172
v -0.102797 -0.079621 0.004172
v -0.103151 -0.079858 0.004167
v -0.102741 -0.080402 0.002978
v -0.102741 -0.080402 0.002978
v -0.101338 -0.081053 0.002418
v -0.102372 -0.080184 0.002958
v -0.088741 -0.074637 0.008540
v -0.089166 -0.074992 0.008536
v -0.088018 -0.075909 0.007875
v -0.089166 -0.074992 0.008536
v -0.088741 -0.074637 0.008540
v -0.089138 -0.074171 0.009800
v -0.089138 -0.074171 0.009800
v -0.089624 -0.074624 0.009762
v -0.089166 -0.074992 0.008536
v -0.089204 -0.075028 0.011105
v -0.089624 -0.074624 0.009762
v -0.089138 -0.074171 0.009800
v -0.089138 -0.074171 0.009800
v -0.088705 -0.074636 0.011134
v -0.089204 -0.075028 0.011105
v -0.088705 -0.074636 0.011134
v -0.088123 -0.075834 0.011811
v -0.089204 -0.075028 0.011105
v -0.089204 -0.075028 0.011105
v -0.088123 -0.075834 0.011811
v -0.089498 -0.075278 0.011063
v -0.089498 -0.075278 0.011063
v -0.089938 -0.074906 0.009740
v -0.089624 -0.074624 0.009762
v -0.089624 -0.074624 0.009762
v -0.089204 -0.075028 0.011105
v -0.089498 -0.075278 0.011063
v -0.089468 -0.075290 0.008531
v -0.089166 -0.074992 0.008536
v -0.089624 -0.074624 0.009762
v -0.089624 -0.074624 0.009762
v -0.089938 -0.074906 0.009740
v -0.089468 -0.075290 0.008531
v -0.089166 -0.074992 0.008536
v -0.089468 -0.075290 0.008531
v -0.088018 -0.075909 0.007875
v -0.093435 -0.078808 0.008429
v -0.092517 -0.079582 0.007905
v -0.093093 -0.078546 0.008426
v -0.093435 -0.078808 0.008429
v -0.093093 -0.078546 0.008426
v -0.093424 -0.078225 0.009489
v -0.093424 -0.078225 0.009489
v -0.093797 -0.078527 0.009472
v -0.093435 -0.078808 0.008429
v -0.093553 -0.078789 0.010541
v -0.093797 -0.078527 0.009472
v -0.093424 -0.078225 0.009489
v -0.093424 -0.078225 0.009489
v -0.093187 -0.078497 0.010577
v -0.093553 -0.078789 0.010541
v -0.093187 -0.078497 0.010577
v -0.092667 -0.079491 0.011201
v -0.093553 -0.078789 0.010541
v -0.093553 -0.078789 0.010541
v -0.092667 -0.079491 0.011201
v -0.093817 -0.079001 0.010521
v -0.093817 -0.079001 0.010521
v -0.094069 -0.078757 0.009465
v -0.093797 -0.078527 0.009472
v -0.093797 -0.078527 0.009472
v -0.093553 -0.078789 0.010541
v -0.093817 -0.079001 0.010521
v -0.093689 -0.079013 0.008433
v -0.093435 -0.078808 0.008429
v -0.093797 -0.078527 0.009472
v -0.093797 -0.078527 0.009472
v -0.094069 -0.078757 0.009465
v -0.093689 -0.079013 0.008433
v -0.093689 -0.079013 0.008433
v -0.092517 -0.079582 0.007905
v -0.093435 -0.078808 0.008429
v -0.076465 -0.074984 -0.016459
v -0.077227 -0.075190 -0.015046
v -0.077080 -0.076446 -0.016865
v -0.077080 -0.076446 -0.016865
v -0.075120 -0.075499 -0.017216
v -0.076465 -0.074984 -0.016459
v -0.073680 -0.076295 -0.016942
v -0.075120 -0.075499 -0.017216
v -0.074636 -0.077721 -0.017395
v -0.072886 -0.077184 -0.015662
v -0.073680 -0.076295 -0.016942
v -0.074636 -0.077721 -0.017395
v -0.075752 -0.079556 -0.017974
v -0.076882 -0.081424 -0.018641
v -0.076253 -0.082231 -0.017750
v -0.076253 -0.082231 -0.017750
v -0.074951 -0.080298 -0.016863
v -0.075752 -0.079556 -0.017974
v -0.077785 -0.080403 -0.018813
v -0.076882 -0.081424 -0.018641
v -0.075752 -0.079556 -0.017974
v -0.075752 -0.079556 -0.017974
v -0.076907 -0.078811 -0.018284
v -0.077785 -0.080403 -0.018813
v -0.078077 -0.078445 -0.017630
v -0.079003 -0.080331 -0.018378
v -0.077785 -0.080403 -0.018813
v -0.077785 -0.080403 -0.018813
v -0.076907 -0.078811 -0.018284
v -0.078077 -0.078445 -0.017630
v -0.079720 -0.080470 -0.017316
v -0.079003 -0.080331 -0.018378
v -0.078077 -0.078445 -0.017630
v -0.078077 -0.078445 -0.017630
v -0.078758 -0.078511 -0.016375
v -0.079720 -0.080470 -0.017316
v -0.095649 -0.077390 -0.009899
v -0.094325 -0.076426 -0.009965
v -0.095756 -0.075977 -0.008925
v -0.095756 -0.075977 -0.008925
v -0.096576 -0.076608 -0.008885
v -0.095649 -0.077390 -0.009899
v -0.094469 -0.078622 -0.009562
v -0.093099 -0.077820 -0.009573
v -0.094325 -0.076426 -0.009965
v -0.094325 -0.076426 -0.009965
v -0.095649 -0.077390 -0.009899
v -0.094469 -0.078622 -0.009562
v -0.093795 -0.079383 -0.008012
v -0.092516 -0.078696 -0.008069
v -0.093099 -0.077820 -0.009573
v -0.093099 -0.077820 -0.009573
v -0.094469 -0.078622 -0.009562
v -0.093795 -0.079383 -0.008012
v -0.092850 -0.078246 -0.006468
v -0.092516 -0.078696 -0.008069
v -0.093795 -0.079383 -0.008012
v -0.093795 -0.079383 -0.008012
v -0.094201 -0.078947 -0.006469
v -0.092850 -0.078246 -0.006468
v -0.093643 -0.076809 -0.005658
v -0.092850 -0.078246 -0.006468
v -0.094201 -0.078947 -0.006469
v -0.094201 -0.078947 -0.006469
v -0.095115 -0.077797 -0.005707
v -0.093643 -0.076809 -0.005658
v -0.095503 -0.076261 -0.006141
v -0.093643 -0.076809 -0.005658
v -0.095115 -0.077797 -0.005707
v -0.095115 -0.077797 -0.005707
v -0.096322 -0.076894 -0.006162
v -0.095503 -0.076261 -0.006141
v -0.096086 -0.075746 -0.007389
v -0.095503 -0.076261 -0.006141
v -0.096322 -0.076894 -0.006162
v -0.096322 -0.076894 -0.006162
v -0.096900 -0.076382 -0.007394
v -0.096086 -0.075746 -0.007389
v -0.096576 -0.076608 -0.008885
v -0.095756 -0.075977 -0.008925
v -0.096086 -0.075746 -0.007389
v -0.096086 -0.075746 -0.007389
v -0.096900 -0.076382 -0.007394
v -0.096576 -0.076608 -0.008885
v -0.100884 -0.079304 -0.003150
v -0.097961 -0.076810 -0.003277
v -0.098532 -0.076241 -0.001912
v -0.098532 -0.076241 -0.001912
v -0.101420 -0.078814 -0.001931
v -0.100884 -0.079304 -0.003150
v -0.101116 -0.079068 -0.000572
v -0.101420 -0.078814 -0.001931
v -0.098532 -0.076241 -0.001912
v -0.098532 -0.076241 -0.001912
v -0.098162 -0.076594 -0.000392
v -0.101116 -0.079068 -0.000572
v -0.098162 -0.076594 -0.000392
v -0.096879 -0.077468 0.000517
v -0.100341 -0.080089 0.000329
v -0.100341 -0.080089 0.000329
v -0.101116 -0.079068 -0.000572
v -0.098162 -0.076594 -0.000392
v -0.096879 -0.077468 0.000517
v -0.095676 -0.078852 0.000113
v -0.099454 -0.081401 0.000004
v -0.099454 -0.081401 0.000004
v -0.100341 -0.080089 0.000329
v -0.096879 -0.077468 0.000517
v -0.095676 -0.078852 0.000113
v -0.095112 -0.079595 -0.001415
v -0.098935 -0.082101 -0.001334
v -0.098935 -0.082101 -0.001334
v -0.099454 -0.081401 0.000004
v -0.095676 -0.078852 0.000113
v -0.095112 -0.079595 -0.001415
v -0.095507 -0.079079 -0.003191
v -0.099258 -0.081618 -0.003059
v -0.099258 -0.081618 -0.003059
v -0.098935 -0.082101 -0.001334
v -0.095112 -0.079595 -0.001415
v -0.095507 -0.079079 -0.003191
v -0.096649 -0.077808 -0.003941
v -0.099968 -0.080423 -0.003816
v -0.099968 -0.080423 -0.003816
v -0.099258 -0.081618 -0.003059
v -0.095507 -0.079079 -0.003191
v -0.099968 -0.080423 -0.003816
v -0.096649 -0.077808 -0.003941
v -0.097961 -0.076810 -0.003277
v -0.097961 -0.076810 -0.003277
v -0.100884 -0.079304 -0.003150
v -0.099968 -0.080423 -0.003816
v -0.097296 -0.076334 0.005575
v -0.096373 -0.077341 0.006513
v -0.100092 -0.079652 0.006334
v -0.100092 -0.079652 0.006334
v -0.100715 -0.078648 0.005484
v -0.097296 -0.076334 0.005575
v -0.096373 -0.077341 0.006513
v -0.095435 -0.078798 0.006191
v -0.099409 -0.080927 0.005954
v -0.099409 -0.080927 0.005954
v -0.100092 -0.079652 0.006334
v -0.096373 -0.077341 0.006513
v -0.095435 -0.078798 0.006191
v -0.094804 -0.079644 0.004734
v -0.098981 -0.081654 0.004637
v -0.098981 -0.081654 0.004637
v -0.099409 -0.080927 0.005954
v -0.095435 -0.078798 0.006191
v -0.098981 -0.081654 0.004637
v -0.094804 -0.079644 0.004734
v -0.095120 -0.079102 0.003158
v -0.095120 -0.079102 0.003158
v -0.099167 -0.081266 0.003176
v -0.098981 -0.081654 0.004637
v -0.095120 -0.079102 0.003158
v -0.095997 -0.077841 0.002223
v -0.099647 -0.080138 0.002325
v -0.099647 -0.080138 0.002325
v -0.099167 -0.081266 0.003176
v -0.095120 -0.079102 0.003158
v -0.099647 -0.080138 0.002325
v -0.095997 -0.077841 0.002223
v -0.097062 -0.076630 0.002735
v -0.097062 -0.076630 0.002735
v -0.100437 -0.078953 0.002844
v -0.099647 -0.080138 0.002325
v -0.100437 -0.078953 0.002844
v -0.097062 -0.076630 0.002735
v -0.097543 -0.076016 0.004102
v -0.097543 -0.076016 0.004102
v -0.100936 -0.078404 0.004145
v -0.100437 -0.078953 0.002844
v -0.097543 -0.076016 0.004102
v -0.097296 -0.076334 0.005575
v -0.100715 -0.078648 0.005484
v -0.100715 -0.078648 0.005484
v -0.100936 -0.078404 0.004145
v -0.097543 -0.076016 0.004102
v -0.091841 -0.077526 0.008427
v -0.090280 -0.076031 0.008473
v -0.090769 -0.075672 0.009672
v -0.090769 -0.075672 0.009672
v -0.092264 -0.077189 0.009546
v -0.091841 -0.077526 0.008427
v -0.090769 -0.075672 0.009672
v -0.090364 -0.075992 0.010959
v -0.091965 -0.077455 0.010732
v -0.091965 -0.077455 0.010732
v -0.092264 -0.077189 0.009546
v -0.090769 -0.075672 0.009672
v -0.090364 -0.075992 0.010959
v -0.089419 -0.076882 0.011681
v -0.091140 -0.078334 0.011433
v -0.091140 -0.078334 0.011433
v -0.091965 -0.077455 0.010732
v -0.090364 -0.075992 0.010959
v -0.091140 -0.078334 0.011433
v -0.089419 -0.076882 0.011681
v -0.088583 -0.077893 0.011167
v -0.088583 -0.077893 0.011167
v -0.090390 -0.079235 0.010945
v -0.091140 -0.078334 0.011433
v -0.089971 -0.079702 0.009695
v -0.090390 -0.079235 0.010945
v -0.088583 -0.077893 0.011167
v -0.088583 -0.077893 0.011167
v -0.088072 -0.078431 0.009758
v -0.089971 -0.079702 0.009695
v -0.090199 -0.079309 0.008364
v -0.089971 -0.079702 0.009695
v -0.088072 -0.078431 0.009758
v -0.088072 -0.078431 0.009758
v -0.088337 -0.077983 0.008389
v -0.090199 -0.079309 0.008364
v -0.090199 -0.079309 0.008364
v -0.088337 -0.077983 0.008389
v -0.089269 -0.076877 0.007901
v -0.089269 -0.076877 0.007901
v -0.090986 -0.078337 0.007874
v -0.090199 -0.079309 0.008364
v -0.090986 -0.078337 0.007874
v -0.089269 -0.076877 0.007901
v -0.090280 -0.076031 0.008473
v -0.090280 -0.076031 0.008473
v -0.091841 -0.077526 0.008427
v -0.090986 -0.078337 0.007874
v -0.086735 -0.069439 -0.005156
v -0.085417 -0.066368 -0.006044
v -0.087019 -0.067971 -0.003997
v -0.085417 -0.066368 -0.006044
v -0.086735 -0.069439 -0.005156
v -0.086168 -0.068351 -0.006780
v -0.086569 -0.068485 0.001383
v -0.088694 -0.068905 -0.000124
v -0.087203 -0.067684 0.000037
v -0.086958 -0.069161 0.002691
v -0.086569 -0.068485 0.001383
v -0.086096 -0.067676 0.002913
v -0.082703 -0.066775 0.007549
v -0.083659 -0.069023 0.007396
v -0.084938 -0.068024 0.006600
v -0.083482 -0.069510 0.008228
v -0.083659 -0.069023 0.007396
v -0.082894 -0.068398 0.008278
v -0.082968 -0.068764 0.009953
v -0.083482 -0.069510 0.008228
v -0.082894 -0.068398 0.008278
v -0.082894 -0.068398 0.008278
v -0.082009 -0.067721 0.010072
v -0.082968 -0.068764 0.009953
v -0.079918 -0.067388 0.010749
v -0.081428 -0.066870 0.009727
v -0.078888 -0.064843 0.009396
v -0.083810 -0.074061 -0.006470
v -0.083346 -0.073803 -0.008222
v -0.085341 -0.074364 -0.008369
v -0.085341 -0.074364 -0.008369
v -0.085711 -0.074232 -0.006494
v -0.083810 -0.074061 -0.006470
v -0.082106 -0.073357 -0.004813
v -0.081197 -0.072926 -0.007656
v -0.083346 -0.073803 -0.008222
v -0.083346 -0.073803 -0.008222
v -0.083810 -0.074061 -0.006470
v -0.082106 -0.073357 -0.004813
v -0.084499 -0.074147 -0.003896
v -0.083953 -0.074263 -0.001725
v -0.081706 -0.073517 -0.001910
v -0.081706 -0.073517 -0.001910
v -0.082106 -0.073357 -0.004813
v -0.084499 -0.074147 -0.003896
v -0.083881 -0.073923 -0.005379
v -0.086661 -0.072271 -0.005065
v -0.087481 -0.072102 -0.004867
v -0.087481 -0.072102 -0.004867
v -0.084499 -0.074147 -0.003896
v -0.083881 -0.073923 -0.005379
v -0.086215 -0.074930 -0.001599
v -0.086712 -0.074064 0.000226
v -0.084187 -0.073990 0.000197
v -0.084187 -0.073990 0.000197
v -0.083953 -0.074263 -0.001725
v -0.086215 -0.074930 -0.001599
v -0.081706 -0.073517 -0.001910
v -0.083953 -0.074263 -0.001725
v -0.084187 -0.073990 0.000197
v -0.084187 -0.073990 0.000197
v -0.081805 -0.073078 0.000583
v -0.081706 -0.073517 -0.001910
v -0.083285 -0.074239 0.002455
v -0.082358 -0.074041 0.004363
v -0.080472 -0.073356 0.003560
v -0.080472 -0.073356 0.003560
v -0.081805 -0.073078 0.000583
v -0.083285 -0.074239 0.002455
v -0.084793 -0.074514 0.004624
v -0.082358 -0.074041 0.004363
v -0.083285 -0.074239 0.002455
v -0.083285 -0.074239 0.002455
v -0.085198 -0.074214 0.002793
v -0.084793 -0.074514 0.004624
v -0.086712 -0.074064 0.000226
v -0.088148 -0.071402 0.001062
v -0.087549 -0.070962 0.001251
v -0.087549 -0.070962 0.001251
v -0.084187 -0.073990 0.000197
v -0.086712 -0.074064 0.000226
v -0.082358 -0.074041 0.004363
v -0.082745 -0.073547 0.006381
v -0.080072 -0.072547 0.005878
v -0.080072 -0.072547 0.005878
v -0.080472 -0.073356 0.003560
v -0.082358 -0.074041 0.004363
v -0.080072 -0.072547 0.005878
v -0.080523 -0.072929 0.006912
v -0.079450 -0.072459 0.008826
v -0.079450 -0.072459 0.008826
v -0.078255 -0.072016 0.007874
v -0.080072 -0.072547 0.005878
v -0.082745 -0.073547 0.006381
v -0.082358 -0.074041 0.004363
v -0.084793 -0.074514 0.004624
v -0.084793 -0.074514 0.004624
v -0.085217 -0.073699 0.006254
v -0.082745 -0.073547 0.006381
v -0.080881 -0.073304 0.009363
v -0.079450 -0.072459 0.008826
v -0.080523 -0.072929 0.006912
v -0.080523 -0.072929 0.006912
v -0.081828 -0.073098 0.007557
v -0.080881 -0.073304 0.009363
v -0.087845 -0.075502 -0.006432
v -0.088913 -0.073864 -0.005445
v -0.087036 -0.072692 -0.005374
v -0.087036 -0.072692 -0.005374
v -0.085711 -0.074232 -0.006494
v -0.087845 -0.075502 -0.006432
v -0.091322 -0.071828 -0.003576
v -0.090167 -0.073601 -0.004251
v -0.088004 -0.072434 -0.004560
v -0.088004 -0.072434 -0.004560
v -0.088919 -0.069829 -0.003909
v -0.091322 -0.071828 -0.003576
v -0.088919 -0.069829 -0.003909
v -0.089484 -0.068775 -0.001998
v -0.091924 -0.070903 -0.001974
v -0.091924 -0.070903 -0.001974
v -0.091322 -0.071828 -0.003576
v -0.088919 -0.069829 -0.003909
v -0.089181 -0.069309 -0.000146
v -0.091633 -0.071347 -0.000261
v -0.091924 -0.070903 -0.001974
v -0.091924 -0.070903 -0.001974
v -0.089484 -0.068775 -0.001998
v -0.089181 -0.069309 -0.000146
v -0.091633 -0.071347 -0.000261
v -0.089181 -0.069309 -0.000146
v -0.088148 -0.071402 0.001062
v -0.088148 -0.071402 0.001062
v -0.090614 -0.072972 0.000715
v -0.091633 -0.071347 -0.000261
v -0.088148 -0.071402 0.001062
v -0.086712 -0.074064 0.000226
v -0.089172 -0.075018 0.000297
v -0.089172 -0.075018 0.000297
v -0.090614 -0.072972 0.000715
v -0.088148 -0.071402 0.001062
v -0.086712 -0.074064 0.000226
v -0.086215 -0.074930 -0.001599
v -0.088413 -0.076035 -0.001579
v -0.088413 -0.076035 -0.001579
v -0.089172 -0.075018 0.000297
v -0.086712 -0.074064 0.000226
v -0.086782 -0.074490 -0.003603
v -0.088887 -0.075420 -0.003561
v -0.088413 -0.076035 -0.001579
v -0.088413 -0.076035 -0.001579
v -0.086215 -0.074930 -0.001599
v -0.086782 -0.074490 -0.003603
v -0.088004 -0.072434 -0.004560
v -0.090167 -0.073601 -0.004251
v -0.088887 -0.075420 -0.003561
v -0.088887 -0.075420 -0.003561
v -0.086782 -0.074490 -0.003603
v -0.088004 -0.072434 -0.004560
v -0.087392 -0.069602 0.002747
v -0.086803 -0.071779 0.001900
v -0.086372 -0.071383 0.001574
v -0.086372 -0.071383 0.001574
v -0.086958 -0.069161 0.002691
v -0.087392 -0.069602 0.002747
v -0.085198 -0.074214 0.002793
v -0.083285 -0.074239 0.002455
v -0.086372 -0.071383 0.001574
v -0.086372 -0.071383 0.001574
v -0.086803 -0.071779 0.001900
v -0.085198 -0.074214 0.002793
v -0.085493 -0.071110 0.007259
v -0.086282 -0.071486 0.007054
v -0.087163 -0.069451 0.006167
v -0.087163 -0.069451 0.006167
v -0.086522 -0.069043 0.006279
v -0.085493 -0.071110 0.007259
v -0.086522 -0.069043 0.006279
v -0.087163 -0.069451 0.006167
v -0.087558 -0.068752 0.004482
v -0.087558 -0.068752 0.004482
v -0.087003 -0.068309 0.004605
v -0.086522 -0.069043 0.006279
v -0.087558 -0.068752 0.004482
v -0.087392 -0.069602 0.002747
v -0.086958 -0.069161 0.002691
v -0.086958 -0.069161 0.002691
v -0.087003 -0.068309 0.004605
v -0.087558 -0.068752 0.004482
v -0.083842 -0.069925 0.008151
v -0.083538 -0.071653 0.007303
v -0.083298 -0.071388 0.007025
v -0.083298 -0.071388 0.007025
v -0.083482 -0.069510 0.008228
v -0.083842 -0.069925 0.008151
v -0.081828 -0.073098 0.007557
v -0.080523 -0.072929 0.006912
v -0.083298 -0.071388 0.007025
v -0.083298 -0.071388 0.007025
v -0.083538 -0.071653 0.007303
v -0.081828 -0.073098 0.007557
v -0.081825 -0.070756 0.011696
v -0.082751 -0.069661 0.011318
v -0.082062 -0.069198 0.011349
v -0.082062 -0.069198 0.011349
v -0.081173 -0.070331 0.011516
v -0.081825 -0.070756 0.011696
v -0.082968 -0.068764 0.009953
v -0.082062 -0.069198 0.011349
v -0.082751 -0.069661 0.011318
v -0.082751 -0.069661 0.011318
v -0.083500 -0.069204 0.009914
v -0.082968 -0.068764 0.009953
v -0.083500 -0.069204 0.009914
v -0.083842 -0.069925 0.008151
v -0.083482 -0.069510 0.008228
v -0.083482 -0.069510 0.008228
v -0.082968 -0.068764 0.009953
v -0.083500 -0.069204 0.009914
v -0.089987 -0.072181 -0.006073
v -0.087913 -0.070390 -0.006231
v -0.087036 -0.072692 -0.005374
v -0.087036 -0.072692 -0.005374
v -0.088913 -0.073864 -0.005445
v -0.089987 -0.072181 -0.006073
v -0.090238 -0.071653 -0.009112
v -0.089368 -0.072894 -0.010467
v -0.087355 -0.071657 -0.010785
v -0.087355 -0.071657 -0.010785
v -0.088052 -0.070012 -0.009506
v -0.090238 -0.071653 -0.009112
v -0.088287 -0.069436 -0.007804
v -0.090552 -0.071347 -0.007411
v -0.090238 -0.071653 -0.009112
v -0.090238 -0.071653 -0.009112
v -0.088052 -0.070012 -0.009506
v -0.088287 -0.069436 -0.007804
v -0.087913 -0.070390 -0.006231
v -0.089987 -0.072181 -0.006073
v -0.090552 -0.071347 -0.007411
v -0.090552 -0.071347 -0.007411
v -0.088287 -0.069436 -0.007804
v -0.087913 -0.070390 -0.006231
v -0.081173 -0.070331 0.011516
v -0.081047 -0.072326 0.011044
v -0.081825 -0.070756 0.011696
v -0.087355 -0.071657 -0.010785
v -0.089368 -0.072894 -0.010467
v -0.088177 -0.074772 -0.010045
v -0.088177 -0.074772 -0.010045
v -0.085946 -0.073268 -0.010369
v -0.087355 -0.071657 -0.010785
v -0.085711 -0.074232 -0.006494
v -0.087036 -0.072692 -0.005374
v -0.086609 -0.072425 -0.005299
v -0.086609 -0.072425 -0.005299
v -0.083810 -0.074061 -0.006470
v -0.085711 -0.074232 -0.006494
v -0.085493 -0.071110 0.007259
v -0.082745 -0.073547 0.006381
v -0.085217 -0.073699 0.006254
v -0.085217 -0.073699 0.006254
v -0.086282 -0.071486 0.007054
v -0.085493 -0.071110 0.007259
v -0.070462 -0.071075 -0.016192
v -0.069467 -0.072330 -0.014635
v -0.069782 -0.069206 -0.015942
v -0.069782 -0.069206 -0.015942
v -0.069467 -0.072330 -0.014635
v -0.067590 -0.069066 -0.014080
v -0.074961 -0.069884 -0.011997
v -0.075492 -0.068975 -0.011965
v -0.074043 -0.070235 -0.010872
v -0.074961 -0.070054 -0.012824
v -0.074961 -0.069884 -0.011997
v -0.074339 -0.071226 -0.011484
v -0.078077 -0.078445 -0.017630
v -0.076907 -0.078811 -0.018284
v -0.076430 -0.077888 -0.017983
v -0.076430 -0.077888 -0.017983
v -0.077570 -0.077376 -0.017246
v -0.078077 -0.078445 -0.017630
v -0.075752 -0.079556 -0.017974
v -0.075170 -0.078601 -0.017681
v -0.076430 -0.077888 -0.017983
v -0.076430 -0.077888 -0.017983
v -0.076907 -0.078811 -0.018284
v -0.075752 -0.079556 -0.017974
v -0.074951 -0.080298 -0.016863
v -0.074034 -0.078912 -0.016257
v -0.075170 -0.078601 -0.017681
v -0.075170 -0.078601 -0.017681
v -0.075752 -0.079556 -0.017974
v -0.074951 -0.080298 -0.016863
v -0.075616 -0.080487 -0.015238
v -0.074710 -0.079007 -0.014786
v -0.074034 -0.078912 -0.016257
v -0.074034 -0.078912 -0.016257
v -0.074951 -0.080298 -0.016863
v -0.075616 -0.080487 -0.015238
v -0.075616 -0.080487 -0.015238
v -0.076860 -0.080026 -0.014577
v -0.076088 -0.078521 -0.014032
v -0.076088 -0.078521 -0.014032
v -0.074710 -0.079007 -0.014786
v -0.075616 -0.080487 -0.015238
v -0.077473 -0.077783 -0.014509
v -0.076088 -0.078521 -0.014032
v -0.076860 -0.080026 -0.014577
v -0.076860 -0.080026 -0.014577
v -0.078145 -0.079268 -0.014987
v -0.077473 -0.077783 -0.014509
v -0.078758 -0.078511 -0.016375
v -0.078070 -0.076956 -0.015705
v -0.077473 -0.077783 -0.014509
v -0.077473 -0.077783 -0.014509
v -0.078145 -0.079268 -0.014987
v -0.078758 -0.078511 -0.016375
v -0.077570 -0.077376 -0.017246
v -0.078070 -0.076956 -0.015705
v -0.078758 -0.078511 -0.016375
v -0.078758 -0.078511 -0.016375
v -0.078077 -0.078445 -0.017630
v -0.077570 -0.077376 -0.017246
v -0.070350 -0.072995 -0.012464
v -0.070902 -0.071102 -0.010085
v -0.068468 -0.070670 -0.011797
v -0.074339 -0.071226 -0.011484
v -0.074043 -0.070235 -0.010872
v -0.070902 -0.071102 -0.010085
v -0.070350 -0.072995 -0.012464
v -0.068468 -0.070670 -0.011797
v -0.069467 -0.072330 -0.014635
v -0.074034 -0.078912 -0.016257
v -0.072886 -0.077184 -0.015662
v -0.074636 -0.077721 -0.017395
v -0.074636 -0.077721 -0.017395
v -0.075120 -0.075499 -0.017216
v -0.075861 -0.076907 -0.017635
v -0.075861 -0.076907 -0.017635
v -0.075120 -0.075499 -0.017216
v -0.077080 -0.076446 -0.016865
v -0.077227 -0.075190 -0.015046
v -0.078070 -0.076956 -0.015705
v -0.077080 -0.076446 -0.016865
v -0.072886 -0.077184 -0.015662
v -0.074034 -0.078912 -0.016257
v -0.073700 -0.077422 -0.014039
v -0.073700 -0.077422 -0.014039
v -0.074710 -0.079007 -0.014786
v -0.075210 -0.076936 -0.013107
v -0.076713 -0.076041 -0.013695
v -0.075210 -0.076936 -0.013107
v -0.077473 -0.077783 -0.014509
v -0.077227 -0.075190 -0.015046
v -0.076713 -0.076041 -0.013695
v -0.078070 -0.076956 -0.015705
v -0.093810 -0.073948 -0.007395
v -0.093264 -0.074470 -0.006077
v -0.095014 -0.074940 -0.007407
v -0.093581 -0.074242 -0.008960
v -0.093810 -0.073948 -0.007395
v -0.095014 -0.074940 -0.007407
v -0.090829 -0.077788 -0.008076
v -0.091494 -0.076890 -0.009742
v -0.093099 -0.077820 -0.009573
v -0.091201 -0.077282 -0.006454
v -0.090829 -0.077788 -0.008076
v -0.092850 -0.078246 -0.006468
v -0.092671 -0.075303 -0.010138
v -0.094325 -0.076426 -0.009965
v -0.091494 -0.076890 -0.009742
v -0.094325 -0.076426 -0.009965
v -0.092671 -0.075303 -0.010138
v -0.094755 -0.075234 -0.008940
v -0.092850 -0.078246 -0.006468
v -0.093643 -0.076809 -0.005658
v -0.091201 -0.077282 -0.006454
v -0.093264 -0.074470 -0.006077
v -0.092023 -0.075701 -0.005585
v -0.094446 -0.075438 -0.006121
v -0.098949 -0.081799 -0.006521
v -0.099698 -0.080778 -0.005843
v -0.097313 -0.080939 -0.006564
v -0.097059 -0.081303 -0.007913
v -0.097644 -0.080629 -0.009285
v -0.099168 -0.081533 -0.009181
v -0.097313 -0.080939 -0.006564
v -0.097059 -0.081303 -0.007913
v -0.098949 -0.081799 -0.006521
v -0.099168 -0.081533 -0.009181
v -0.097644 -0.080629 -0.009285
v -0.100026 -0.080518 -0.009565
v -0.100026 -0.080518 -0.009565
v -0.098532 -0.079518 -0.009674
v -0.100484 -0.079537 -0.008683
v -0.100484 -0.079537 -0.008683
v -0.099199 -0.078625 -0.008740
v -0.100709 -0.079308 -0.007370
v -0.100318 -0.079773 -0.006285
v -0.100709 -0.079308 -0.007370
v -0.099025 -0.078861 -0.006199
v -0.099025 -0.078861 -0.006199
v -0.098116 -0.079842 -0.005774
v -0.100318 -0.079773 -0.006285
v -0.095982 -0.075162 -0.003369
v -0.094701 -0.074124 -0.003404
v -0.096585 -0.074465 -0.001914
v -0.096217 -0.074944 -0.000326
v -0.096585 -0.074465 -0.001914
v -0.094936 -0.073861 -0.000356
v -0.095309 -0.076742 -0.004001
v -0.093535 -0.075613 -0.004067
v -0.095982 -0.075162 -0.003369
v -0.093535 -0.075613 -0.004067
v -0.095309 -0.076742 -0.004001
v -0.092573 -0.077223 -0.003333
v -0.092211 -0.077810 -0.001510
v -0.092573 -0.077223 -0.003333
v -0.094182 -0.078164 -0.003257
v -0.094326 -0.077940 0.000155
v -0.092851 -0.076917 0.000241
v -0.092211 -0.077810 -0.001510
v -0.094326 -0.077940 0.000155
v -0.095486 -0.076409 0.000591
v -0.092851 -0.076917 0.000241
v -0.096217 -0.074944 -0.000326
v -0.094936 -0.073861 -0.000356
v -0.093909 -0.075233 0.000634
v -0.102474 -0.080492 -0.003103
v -0.100884 -0.079304 -0.003150
v -0.102938 -0.079994 -0.001932
v -0.102697 -0.080262 -0.000598
v -0.102938 -0.079994 -0.001932
v -0.101116 -0.079068 -0.000572
v -0.101702 -0.081731 -0.003694
v -0.099968 -0.080423 -0.003816
v -0.102474 -0.080492 -0.003103
v -0.101079 -0.082696 -0.002984
v -0.099258 -0.081618 -0.003059
v -0.101702 -0.081731 -0.003694
v -0.099258 -0.081618 -0.003059
v -0.101079 -0.082696 -0.002984
v -0.098935 -0.082101 -0.001334
v -0.099454 -0.081401 0.000004
v -0.098935 -0.082101 -0.001334
v -0.101151 -0.082420 -0.000118
v -0.101151 -0.082420 -0.000118
v -0.102046 -0.081380 0.000239
v -0.099454 -0.081401 0.000004
v -0.102697 -0.080262 -0.000598
v -0.101116 -0.079068 -0.000572
v -0.100341 -0.080089 0.000329
v -0.094058 -0.076533 0.002195
v -0.092105 -0.075370 0.002147
v -0.094502 -0.074916 0.002669
v -0.094502 -0.074916 0.002669
v -0.092983 -0.073910 0.002592
v -0.094968 -0.074254 0.004088
v -0.094750 -0.074643 0.005643
v -0.094968 -0.074254 0.004088
v -0.093226 -0.073590 0.005643
v -0.094750 -0.074643 0.005643
v -0.093226 -0.073590 0.005643
v -0.092375 -0.074866 0.006666
v -0.093440 -0.077615 0.006242
v -0.094300 -0.076072 0.006609
v -0.091426 -0.076547 0.006309
v -0.090802 -0.077571 0.004813
v -0.091095 -0.077054 0.003092
v -0.093172 -0.077942 0.003131
v -0.093440 -0.077615 0.006242
v -0.091426 -0.076547 0.006309
v -0.090802 -0.077571 0.004813
v -0.092105 -0.075370 0.002147
v -0.094058 -0.076533 0.002195
v -0.091095 -0.077054 0.003092
v -0.101338 -0.081053 0.002418
v -0.099647 -0.080138 0.002325
v -0.101901 -0.079878 0.002924
v -0.101901 -0.079878 0.002924
v -0.100936 -0.078404 0.004145
v -0.102332 -0.079323 0.004149
v -0.102332 -0.079323 0.004149
v -0.100936 -0.078404 0.004145
v -0.102198 -0.079621 0.005447
v -0.101767 -0.080689 0.006230
v -0.102198 -0.079621 0.005447
v -0.100092 -0.079652 0.006334
v -0.100941 -0.081832 0.005932
v -0.101767 -0.080689 0.006230
v -0.099409 -0.080927 0.005954
v -0.100788 -0.082116 0.003181
v -0.100592 -0.082458 0.004606
v -0.098981 -0.081654 0.004637
v -0.100788 -0.082116 0.003181
v -0.099167 -0.081266 0.003176
v -0.101338 -0.081053 0.002418
v -0.099409 -0.080927 0.005954
v -0.098981 -0.081654 0.004637
v -0.100941 -0.081832 0.005932
v -0.088705 -0.074636 0.011134
v -0.087282 -0.073382 0.011066
v -0.086542 -0.074497 0.011905
v -0.088705 -0.074636 0.011134
v -0.087710 -0.073028 0.009752
v -0.087282 -0.073382 0.011066
v -0.087299 -0.073439 0.008349
v -0.087710 -0.073028 0.009752
v -0.088741 -0.074637 0.008540
v -0.088018 -0.075909 0.007875
v -0.086594 -0.074649 0.007711
v -0.088741 -0.074637 0.008540
v -0.086900 -0.076918 0.008345
v -0.085593 -0.075873 0.008159
v -0.088018 -0.075909 0.007875
v -0.085243 -0.076254 0.009697
v -0.085593 -0.075873 0.008159
v -0.086900 -0.076918 0.008345
v -0.087132 -0.076807 0.011252
v -0.085580 -0.075702 0.011177
v -0.085243 -0.076254 0.009697
v -0.086542 -0.074497 0.011905
v -0.085580 -0.075702 0.011177
v -0.088123 -0.075834 0.011811
v -0.090199 -0.079309 0.008364
v -0.091845 -0.080390 0.008428
v -0.089971 -0.079702 0.009695
v -0.090390 -0.079235 0.010945
v -0.089971 -0.079702 0.009695
v -0.092022 -0.080312 0.010759
v -0.091845 -0.080390 0.008428
v -0.090199 -0.079309 0.008364
v -0.092517 -0.079582 0.007905
v -0.092517 -0.079582 0.007905
v -0.090986 -0.078337 0.007874
v -0.093093 -0.078546 0.008426
v -0.093093 -0.078546 0.008426
v -0.092264 -0.077189 0.009546
v -0.093424 -0.078225 0.009489
v -0.093424 -0.078225 0.009489
v -0.092264 -0.077189 0.009546
v -0.093187 -0.078497 0.010577
v -0.092667 -0.079491 0.011201
v -0.093187 -0.078497 0.010577
v -0.091140 -0.078334 0.011433
v -0.092022 -0.080312 0.010759
v -0.092667 -0.079491 0.011201
v -0.090390 -0.079235 0.010945
v 0.005084 -0.011129 -0.007779
v 0.015006 -0.002039 -0.008254
v 0.010727 0.002086 -0.011345
v 0.010727 0.002086 -0.011345
v 0.000737 -0.006110 -0.011569
v 0.005084 -0.011129 -0.007779
v 0.005084 -0.011129 -0.007779
v 0.008009 -0.013510 -0.000371
v 0.016891 -0.003621 -0.002210
v 0.016891 -0.003621 -0.002210
v 0.015006 -0.002039 -0.008254
v 0.005084 -0.011129 -0.007779
v 0.001651 -0.005661 0.012215
v -0.002911 -0.000274 0.010866
v 0.006652 0.006988 0.010611
v 0.006652 0.006988 0.010611
v 0.010798 0.002891 0.010986
v 0.001651 -0.005661 0.012215
v -0.002911 -0.000274 0.010866
v -0.006289 0.003738 0.007590
v 0.002899 0.010556 0.007493
v 0.002899 0.010556 0.007493
v 0.006652 0.006988 0.010611
v -0.002911 -0.000274 0.010866
v 0.016666 -0.003169 0.003594
v 0.007646 -0.012850 0.003897
v 0.005520 -0.009816 0.008628
v 0.005520 -0.009816 0.008628
v 0.014516 -0.000873 0.007979
v 0.016666 -0.003169 0.003594
v 0.008009 -0.013510 -0.000371
v 0.007646 -0.012850 0.003897
v 0.016666 -0.003169 0.003594
v 0.016666 -0.003169 0.003594
v 0.016891 -0.003621 -0.002210
v 0.008009 -0.013510 -0.000371
v 0.005520 -0.009816 0.008628
v 0.001651 -0.005661 0.012215
v 0.010798 0.002891 0.010986
v 0.010798 0.002891 0.010986
v 0.014516 -0.000873 0.007979
v 0.005520 -0.009816 0.008628
v 0.001613 0.011873 0.000911
v 0.002899 0.010556 0.007493
v -0.006289 0.003738 0.007590
v -0.006289 0.003738 0.007590
v -0.007496 0.005111 0.000857
v 0.001613 0.011873 0.000911
v 0.005864 0.006851 -0.009865
v 0.002431 0.010631 -0.005328
v -0.006729 0.003797 -0.005384
v -0.006729 0.003797 -0.005384
v -0.003350 -0.000818 -0.010200
v 0.005864 0.006851 -0.009865
v 0.000737 -0.006110 -0.011569
v 0.010727 0.002086 -0.011345
v 0.005864 0.006851 -0.009865
v 0.005864 0.006851 -0.009865
v -0.003350 -0.000818 -0.010200
v 0.000737 -0.006110 -0.011569
v 0.002431 0.010631 -0.005328
v 0.001613 0.011873 0.000911
v -0.007496 0.005111 0.000857
v -0.007496 0.005111 0.000857
v -0.006729 0.003797 -0.005384
v 0.002431 0.010631 -0.005328
v -0.023115 -0.085819 0.059572
v -0.012805 -0.098449 0.069057
v -0.022222 -0.089279 0.056188
v -0.012805 -0.098449 0.069057
v -0.023115 -0.085819 0.059572
v -0.013075 -0.095634 0.072044
v -0.023115 -0.085819 0.059572
v -0.025535 -0.085771 0.051292
v -0.031424 -0.077242 0.050285
v -0.025535 -0.085771 0.051292
v -0.023115 -0.085819 0.059572
v -0.022222 -0.089279 0.056188
v -0.025535 -0.085771 0.051292
v -0.017618 -0.090992 0.053158
v -0.024978 -0.083241 0.040364
v -0.017618 -0.090992 0.053158
v -0.025535 -0.085771 0.051292
v -0.022222 -0.089279 0.056188
v -0.047394 -0.037520 0.019129
v -0.041639 -0.042899 0.024732
v -0.056009 -0.044991 0.021301
v -0.046759 -0.059935 0.034695
v -0.052598 -0.050915 0.027075
v -0.035213 -0.051136 0.031870
v -0.041639 -0.042899 0.024732
v -0.035213 -0.051136 0.031870
v -0.052598 -0.050915 0.027075
v -0.052598 -0.050915 0.027075
v -0.054598 -0.047728 0.023878
v -0.041639 -0.042899 0.024732
v 0.001123 -0.090403 0.078858
v 0.000339 -0.091423 0.076318
v 0.002347 -0.089987 0.077386
v 0.000339 -0.091423 0.076318
v 0.001123 -0.090403 0.078858
v -0.000215 -0.091566 0.077887
v 0.002521 -0.096523 0.082198
v 0.002912 -0.094416 0.082513
v 0.004328 -0.095136 0.082239
v 0.002912 -0.094416 0.082513
v 0.002521 -0.096523 0.082198
v 0.001385 -0.095744 0.082068
v 0.002736 -0.090572 0.080543
v 0.002347 -0.089987 0.077386
v 0.004394 -0.090173 0.079512
v 0.002347 -0.089987 0.077386
v 0.002736 -0.090572 0.080543
v 0.001123 -0.090403 0.078858
v 0.005132 -0.092462 0.081410
v 0.002736 -0.090572 0.080543
v 0.004394 -0.090173 0.079512
v 0.002736 -0.090572 0.080543
v 0.005132 -0.092462 0.081410
v 0.003295 -0.092337 0.082089
v 0.004328 -0.095136 0.082239
v 0.003295 -0.092337 0.082089
v 0.005132 -0.092462 0.081410
v 0.003295 -0.092337 0.082089
v 0.004328 -0.095136 0.082239
v 0.002912 -0.094416 0.082513
v -0.000947 -0.093113 0.076805
v -0.000215 -0.091566 0.077887
v -0.001052 -0.093344 0.078262
v -0.000215 -0.091566 0.077887
v -0.000947 -0.093113 0.076805
v 0.000339 -0.091423 0.076318
v 0.001385 -0.095744 0.082068
v 0.002521 -0.096523 0.082198
v 0.000759 -0.097206 0.082098
v -0.002423 -0.096109 0.080331
v -0.000184 -0.094259 0.078378
v -0.001945 -0.096896 0.080530
v -0.000184 -0.094259 0.078378
v -0.002423 -0.096109 0.080331
v -0.001052 -0.093344 0.078262
v 0.000759 -0.097206 0.082098
v -0.002223 -0.096774 0.081268
v 0.001385 -0.095744 0.082068
v -0.002223 -0.096774 0.081268
v 0.000759 -0.097206 0.082098
v -0.001837 -0.097550 0.081467
v -0.000184 -0.094259 0.078378
v -0.000215 -0.091566 0.077887
v 0.000669 -0.092681 0.077937
v 0.001734 -0.091943 0.078549
v -0.000215 -0.091566 0.077887
v 0.001123 -0.090403 0.078858
v -0.000215 -0.091566 0.077887
v 0.001734 -0.091943 0.078549
v 0.000669 -0.092681 0.077937
v 0.002724 -0.092201 0.079606
v 0.001123 -0.090403 0.078858
v 0.002736 -0.090572 0.080543
v 0.001123 -0.090403 0.078858
v 0.002724 -0.092201 0.079606
v 0.001734 -0.091943 0.078549
v 0.003295 -0.092337 0.082089
v 0.002724 -0.092201 0.079606
v 0.002736 -0.090572 0.080543
v 0.002724 -0.092201 0.079606
v 0.003295 -0.092337 0.082089
v 0.003097 -0.093178 0.080688
v 0.003295 -0.092337 0.082089
v 0.002912 -0.094416 0.082513
v 0.002737 -0.094593 0.081151
v 0.001385 -0.095744 0.082068
v 0.002737 -0.094593 0.081151
v 0.002912 -0.094416 0.082513
v 0.002737 -0.094593 0.081151
v 0.001385 -0.095744 0.082068
v 0.001253 -0.095717 0.080829
v 0.001253 -0.095717 0.080829
v -0.002223 -0.096774 0.081268
v -0.002134 -0.096672 0.080484
v -0.002223 -0.096774 0.081268
v 0.001253 -0.095717 0.080829
v 0.001385 -0.095744 0.082068
v -0.000947 -0.093113 0.076805
v -0.001052 -0.093344 0.078262
v -0.001950 -0.094397 0.077693
v -0.001950 -0.094397 0.077693
v -0.002423 -0.096109 0.080331
v -0.002696 -0.096271 0.079504
v -0.002423 -0.096109 0.080331
v -0.001950 -0.094397 0.077693
v -0.001052 -0.093344 0.078262
v 0.003097 -0.093178 0.080688
v 0.003295 -0.092337 0.082089
v 0.002737 -0.094593 0.081151
v -0.001052 -0.093344 0.078262
v -0.000215 -0.091566 0.077887
v -0.000184 -0.094259 0.078378
v 0.001734 -0.091943 0.078549
v 0.000339 -0.091423 0.076318
v 0.000669 -0.092681 0.077937
v 0.000339 -0.091423 0.076318
v 0.001734 -0.091943 0.078549
v 0.002347 -0.089987 0.077386
v -0.001950 -0.094397 0.077693
v -0.001945 -0.096896 0.080530
v -0.000184 -0.094259 0.078378
v 0.002521 -0.096523 0.082198
v 0.002737 -0.094593 0.081151
v 0.001253 -0.095717 0.080829
v 0.002737 -0.094593 0.081151
v 0.002521 -0.096523 0.082198
v 0.004328 -0.095136 0.082239
v 0.002724 -0.092201 0.079606
v 0.002347 -0.089987 0.077386
v 0.001734 -0.091943 0.078549
v 0.002347 -0.089987 0.077386
v 0.002724 -0.092201 0.079606
v 0.004394 -0.090173 0.079512
v 0.005132 -0.092462 0.081410
v 0.002724 -0.092201 0.079606
v 0.003097 -0.093178 0.080688
v 0.002724 -0.092201 0.079606
v 0.005132 -0.092462 0.081410
v 0.004394 -0.090173 0.079512
v 0.004328 -0.095136 0.082239
v 0.003097 -0.093178 0.080688
v 0.002737 -0.094593 0.081151
v 0.003097 -0.093178 0.080688
v 0.004328 -0.095136 0.082239
v 0.005132 -0.092462 0.081410
v 0.000669 -0.092681 0.077937
v -0.000947 -0.093113 0.076805
v -0.000184 -0.094259 0.078378
v -0.000947 -0.093113 0.076805
v 0.000669 -0.092681 0.077937
v 0.000339 -0.091423 0.076318
v 0.000759 -0.097206 0.082098
v 0.002521 -0.096523 0.082198
v 0.001253 -0.095717 0.080829
v -0.001950 -0.094397 0.077693
v -0.000184 -0.094259 0.078378
v -0.000947 -0.093113 0.076805
v 0.000759 -0.097206 0.082098
v 0.001253 -0.095717 0.080829
v -0.002134 -0.096672 0.080484
v -0.001945 -0.096896 0.080530
v -0.001950 -0.094397 0.077693
v -0.002696 -0.096271 0.079504
v 0.000759 -0.097206 0.082098
v -0.002134 -0.096672 0.080484
v -0.001837 -0.097550 0.081467
v -0.005021 -0.094996 0.079569
v -0.003184 -0.096661 0.081174
v -0.003073 -0.094005 0.079887
v -0.006046 -0.096743 0.080449
v -0.003184 -0.096661 0.081174
v -0.005021 -0.094996 0.079569
v -0.005548 -0.098223 0.082010
v -0.003184 -0.096661 0.081174
v -0.006046 -0.096743 0.080449
v -0.003818 -0.098569 0.083338
v -0.003184 -0.096661 0.081174
v -0.005548 -0.098223 0.082010
v -0.001870 -0.097578 0.083656
v -0.003184 -0.096661 0.081174
v -0.003818 -0.098569 0.083338
v -0.000845 -0.095831 0.082776
v -0.003184 -0.096661 0.081174
v -0.001870 -0.097578 0.083656
v -0.001344 -0.094351 0.081215
v -0.003184 -0.096661 0.081174
v -0.000845 -0.095831 0.082776
v -0.003073 -0.094005 0.079887
v -0.003184 -0.096661 0.081174
v -0.001344 -0.094351 0.081215
v -0.005021 -0.094996 0.079569
v -0.003692 -0.094013 0.081271
v -0.005022 -0.094690 0.081054
v -0.003692 -0.094013 0.081271
v -0.005021 -0.094996 0.079569
v -0.003073 -0.094005 0.079887
v -0.006046 -0.096743 0.080449
v -0.005022 -0.094690 0.081054
v -0.005722 -0.095883 0.081655
v -0.005022 -0.094690 0.081054
v -0.006046 -0.096743 0.080449
v -0.005021 -0.094996 0.079569
v -0.005548 -0.098223 0.082010
v -0.005722 -0.095883 0.081655
v -0.005382 -0.096894 0.082721
v -0.005722 -0.095883 0.081655
v -0.005548 -0.098223 0.082010
v -0.006046 -0.096743 0.080449
v -0.003818 -0.098569 0.083338
v -0.005382 -0.096894 0.082721
v -0.004200 -0.097130 0.083629
v -0.005382 -0.096894 0.082721
v -0.003818 -0.098569 0.083338
v -0.005548 -0.098223 0.082010
v -0.001870 -0.097578 0.083656
v -0.004200 -0.097130 0.083629
v -0.002870 -0.096454 0.083846
v -0.004200 -0.097130 0.083629
v -0.001870 -0.097578 0.083656
v -0.003818 -0.098569 0.083338
v -0.000845 -0.095831 0.082776
v -0.002870 -0.096454 0.083846
v -0.002170 -0.095260 0.083245
v -0.002870 -0.096454 0.083846
v -0.000845 -0.095831 0.082776
v -0.001870 -0.097578 0.083656
v -0.001344 -0.094351 0.081215
v -0.002170 -0.095260 0.083245
v -0.002510 -0.094250 0.082179
v -0.002170 -0.095260 0.083245
v -0.001344 -0.094351 0.081215
v -0.000845 -0.095831 0.082776
v -0.003073 -0.094005 0.079887
v -0.002510 -0.094250 0.082179
v -0.003692 -0.094013 0.081271
v -0.002510 -0.094250 0.082179
v -0.003073 -0.094005 0.079887
v -0.001344 -0.094351 0.081215
v -0.005022 -0.094690 0.081054
v -0.003692 -0.094013 0.081271
v -0.004338 -0.095012 0.083105
v -0.005722 -0.095883 0.081655
v -0.005022 -0.094690 0.081054
v -0.004338 -0.095012 0.083105
v -0.005382 -0.096894 0.082721
v -0.005722 -0.095883 0.081655
v -0.004338 -0.095012 0.083105
v -0.004200 -0.097130 0.083629
v -0.005382 -0.096894 0.082721
v -0.004338 -0.095012 0.083105
v -0.002870 -0.096454 0.083846
v -0.004200 -0.097130 0.083629
v -0.004338 -0.095012 0.083105
v -0.002170 -0.095260 0.083245
v -0.002870 -0.096454 0.083846
v -0.004338 -0.095012 0.083105
v -0.002510 -0.094250 0.082179
v -0.002170 -0.095260 0.083245
v -0.004338 -0.095012 0.083105
v -0.003692 -0.094013 0.081271
v -0.002510 -0.094250 0.082179
v -0.004338 -0.095012 0.083105
v -0.002946 -0.096862 0.080536
v 0.000338 -0.099340 0.085836
v -0.002388 -0.101675 0.084206
v -0.002946 -0.096862 0.080536
v 0.002461 -0.097209 0.083289
v 0.000338 -0.099340 0.085836
v -0.002388 -0.101675 0.084206
v 0.001685 -0.101244 0.083687
v -0.002006 -0.102221 0.083566
v 0.001685 -0.101244 0.083687
v -0.002388 -0.101675 0.084206
v 0.000338 -0.099340 0.085836
v 0.002461 -0.097209 0.083289
v -0.002299 -0.097766 0.079559
v 0.002843 -0.097755 0.082650
v -0.002299 -0.097766 0.079559
v 0.002461 -0.097209 0.083289
v -0.002946 -0.096862 0.080536
v 0.002461 -0.097209 0.083289
v 0.001685 -0.101244 0.083687
v 0.000338 -0.099340 0.085836
v 0.001685 -0.101244 0.083687
v 0.002461 -0.097209 0.083289
v 0.002843 -0.097755 0.082650
v -0.002006 -0.102221 0.083566
v 0.001685 -0.101244 0.083687
v -0.002299 -0.097766 0.079559
v 0.001685 -0.101244 0.083687
v 0.002843 -0.097755 0.082650
v -0.002299 -0.097766 0.079559
v -0.002299 -0.097766 0.079559
v -0.002388 -0.101675 0.084206
v -0.002006 -0.102221 0.083566
v -0.002388 -0.101675 0.084206
v -0.002299 -0.097766 0.079559
v -0.002946 -0.096862 0.080536
v 0.002134 -0.098975 0.084920
v 0.001429 -0.098115 0.083592
v 0.004251 -0.098220 0.084744
v 0.003998 -0.099083 0.085671
v 0.002134 -0.098975 0.084920
v 0.004251 -0.098220 0.084744
v -0.000172 -0.102923 0.086460
v -0.001218 -0.103256 0.085778
v -0.000313 -0.101229 0.085383
v -0.000313 -0.101229 0.085383
v -0.001218 -0.103256 0.085778
v -0.001316 -0.100734 0.084053
v 0.002134 -0.098975 0.084920
v -0.000072 -0.099225 0.084047
v 0.001429 -0.098115 0.083592
v -0.000072 -0.099225 0.084047
v 0.002134 -0.098975 0.084920
v 0.001748 -0.100706 0.086642
v -0.000072 -0.099225 0.084047
v -0.000313 -0.101229 0.085383
v -0.001316 -0.100734 0.084053
v -0.000313 -0.101229 0.085383
v -0.000072 -0.099225 0.084047
v 0.001748 -0.100706 0.086642
v 0.004359 -0.098375 0.084562
v 0.001833 -0.098745 0.082882
v 0.002698 -0.099782 0.083975
v 0.004359 -0.098375 0.084562
v 0.002698 -0.099782 0.083975
v 0.004302 -0.099518 0.085162
v 0.000251 -0.102036 0.084438
v -0.001109 -0.103411 0.085596
v 0.000132 -0.103358 0.085950
v -0.000911 -0.101365 0.083343
v -0.001109 -0.103411 0.085596
v 0.000251 -0.102036 0.084438
v 0.002698 -0.099782 0.083975
v 0.000589 -0.100255 0.082888
v 0.002584 -0.101901 0.085242
v 0.000589 -0.100255 0.082888
v 0.002698 -0.099782 0.083975
v 0.001833 -0.098745 0.082882
v 0.000251 -0.102036 0.084438
v 0.000589 -0.100255 0.082888
v -0.000911 -0.101365 0.083343
v 0.000589 -0.100255 0.082888
v 0.000251 -0.102036 0.084438
v 0.002584 -0.101901 0.085242
v 0.004251 -0.098220 0.084744
v 0.001833 -0.098745 0.082882
v 0.004359 -0.098375 0.084562
v 0.001833 -0.098745 0.082882
v 0.004251 -0.098220 0.084744
v 0.001429 -0.098115 0.083592
v 0.003998 -0.099083 0.085671
v 0.004359 -0.098375 0.084562
v 0.004302 -0.099518 0.085162
v 0.004359 -0.098375 0.084562
v 0.003998 -0.099083 0.085671
v 0.004251 -0.098220 0.084744
v -0.001316 -0.100734 0.084053
v -0.001109 -0.103411 0.085596
v -0.000911 -0.101365 0.083343
v -0.001109 -0.103411 0.085596
v -0.001316 -0.100734 0.084053
v -0.001218 -0.103256 0.085778
v -0.001218 -0.103256 0.085778
v 0.000132 -0.103358 0.085950
v -0.001109 -0.103411 0.085596
v 0.000132 -0.103358 0.085950
v -0.001218 -0.103256 0.085778
v -0.000172 -0.102923 0.086460
v -0.000172 -0.102923 0.086460
v 0.000251 -0.102036 0.084438
v 0.000132 -0.103358 0.085950
v 0.000251 -0.102036 0.084438
v -0.000172 -0.102923 0.086460
v -0.000313 -0.101229 0.085383
v 0.002134 -0.098975 0.084920
v 0.004302 -0.099518 0.085162
v 0.002698 -0.099782 0.083975
v 0.004302 -0.099518 0.085162
v 0.002134 -0.098975 0.084920
v 0.003998 -0.099083 0.085671
v 0.001748 -0.100706 0.086642
v 0.002698 -0.099782 0.083975
v 0.002584 -0.101901 0.085242
v 0.002698 -0.099782 0.083975
v 0.001748 -0.100706 0.086642
v 0.002134 -0.098975 0.084920
v -0.000313 -0.101229 0.085383
v 0.002584 -0.101901 0.085242
v 0.000251 -0.102036 0.084438
v 0.002584 -0.101901 0.085242
v -0.000313 -0.101229 0.085383
v 0.001748 -0.100706 0.086642
v 0.013293 -0.109602 0.096661
v 0.013377 -0.106753 0.095264
v 0.011270 -0.109268 0.095299
v 0.016788 -0.114048 0.101199
v 0.008675 -0.111084 0.096153
v 0.012972 -0.116696 0.102467
v 0.008675 -0.111084 0.096153
v 0.016788 -0.114048 0.101199
v 0.011270 -0.109268 0.095299
v 0.012972 -0.116696 0.102467
v 0.007111 -0.111137 0.097326
v 0.010655 -0.116739 0.104226
v 0.007111 -0.111137 0.097326
v 0.012972 -0.116696 0.102467
v 0.008675 -0.111084 0.096153
v 0.011193 -0.114153 0.105446
v 0.007111 -0.111137 0.097326
v 0.007494 -0.109396 0.098130
v 0.007111 -0.111137 0.097326
v 0.011193 -0.114153 0.105446
v 0.010655 -0.116739 0.104226
v 0.014272 -0.110451 0.105411
v 0.007494 -0.109396 0.098130
v 0.009601 -0.106881 0.098095
v 0.007494 -0.109396 0.098130
v 0.014272 -0.110451 0.105411
v 0.011193 -0.114153 0.105446
v 0.011591 -0.107169 0.099511
v 0.018087 -0.107803 0.104142
v 0.015765 -0.109415 0.104914
v 0.018087 -0.107803 0.104142
v 0.011591 -0.107169 0.099511
v 0.012196 -0.105066 0.097241
v 0.018087 -0.107803 0.104142
v 0.013760 -0.105013 0.096069
v 0.020405 -0.107760 0.102383
v 0.013760 -0.105013 0.096069
v 0.018087 -0.107803 0.104142
v 0.012196 -0.105066 0.097241
v 0.019866 -0.110346 0.101164
v 0.013760 -0.105013 0.096069
v 0.013377 -0.106753 0.095264
v 0.013760 -0.105013 0.096069
v 0.019866 -0.110346 0.101164
v 0.020405 -0.107760 0.102383
v 0.011270 -0.109268 0.095299
v 0.006361 -0.102247 0.087622
v 0.004961 -0.103999 0.087593
v 0.006361 -0.102247 0.087622
v 0.011270 -0.109268 0.095299
v 0.013377 -0.106753 0.095264
v 0.011270 -0.109268 0.095299
v 0.003167 -0.105188 0.088226
v 0.008675 -0.111084 0.096153
v 0.003167 -0.105188 0.088226
v 0.011270 -0.109268 0.095299
v 0.004961 -0.103999 0.087593
v 0.008675 -0.111084 0.096153
v 0.001794 -0.105332 0.089193
v 0.007111 -0.111137 0.097326
v 0.001794 -0.105332 0.089193
v 0.008675 -0.111084 0.096153
v 0.003167 -0.105188 0.088226
v 0.007494 -0.109396 0.098130
v 0.001794 -0.105332 0.089193
v 0.002214 -0.103825 0.089822
v 0.001794 -0.105332 0.089193
v 0.007494 -0.109396 0.098130
v 0.007111 -0.111137 0.097326
v 0.009601 -0.106881 0.098095
v 0.002214 -0.103825 0.089822
v 0.003613 -0.102072 0.089851
v 0.002214 -0.103825 0.089822
v 0.009601 -0.106881 0.098095
v 0.007494 -0.109396 0.098130
v 0.009601 -0.106881 0.098095
v 0.005407 -0.100884 0.089218
v 0.012196 -0.105066 0.097241
v 0.005407 -0.100884 0.089218
v 0.009601 -0.106881 0.098095
v 0.003613 -0.102072 0.089851
v 0.012196 -0.105066 0.097241
v 0.006780 -0.100740 0.088251
v 0.013760 -0.105013 0.096069
v 0.006780 -0.100740 0.088251
v 0.012196 -0.105066 0.097241
v 0.005407 -0.100884 0.089218
v 0.013377 -0.106753 0.095264
v 0.006780 -0.100740 0.088251
v 0.006361 -0.102247 0.087622
v 0.006780 -0.100740 0.088251
v 0.013377 -0.106753 0.095264
v 0.013760 -0.105013 0.096069
v 0.004961 -0.103999 0.087593
v 0.003630 -0.100352 0.085232
v 0.002413 -0.101699 0.085320
v 0.003630 -0.100352 0.085232
v 0.004961 -0.103999 0.087593
v 0.006361 -0.102247 0.087622
v 0.004961 -0.103999 0.087593
v 0.001004 -0.102771 0.085728
v 0.003167 -0.105188 0.088226
v 0.001004 -0.102771 0.085728
v 0.004961 -0.103999 0.087593
v 0.002413 -0.101699 0.085320
v 0.003167 -0.105188 0.088226
v 0.000229 -0.102942 0.086218
v 0.001794 -0.105332 0.089193
v 0.000229 -0.102942 0.086218
v 0.003167 -0.105188 0.088226
v 0.001004 -0.102771 0.085728
v 0.002214 -0.103825 0.089822
v 0.000229 -0.102942 0.086218
v 0.000542 -0.102111 0.086502
v 0.000229 -0.102942 0.086218
v 0.002214 -0.103825 0.089822
v 0.001794 -0.105332 0.089193
v 0.003613 -0.102072 0.089851
v 0.000542 -0.102111 0.086502
v 0.001759 -0.100765 0.086414
v 0.000542 -0.102111 0.086502
v 0.003613 -0.102072 0.089851
v 0.002214 -0.103825 0.089822
v 0.003613 -0.102072 0.089851
v 0.003168 -0.099692 0.086005
v 0.005407 -0.100884 0.089218
v 0.003168 -0.099692 0.086005
v 0.003613 -0.102072 0.089851
v 0.001759 -0.100765 0.086414
v 0.005407 -0.100884 0.089218
v 0.003943 -0.099521 0.085516
v 0.006780 -0.100740 0.088251
v 0.003943 -0.099521 0.085516
v 0.005407 -0.100884 0.089218
v 0.003168 -0.099692 0.086005
v 0.006361 -0.102247 0.087622
v 0.003943 -0.099521 0.085516
v 0.003630 -0.100352 0.085232
v 0.003943 -0.099521 0.085516
v 0.006361 -0.102247 0.087622
v 0.006780 -0.100740 0.088251
v 0.002413 -0.101699 0.085320
v 0.003630 -0.100352 0.085232
v -0.000257 -0.099311 0.082827
v 0.001004 -0.102771 0.085728
v 0.002413 -0.101699 0.085320
v -0.000257 -0.099311 0.082827
v 0.000229 -0.102942 0.086218
v 0.001004 -0.102771 0.085728
v -0.000257 -0.099311 0.082827
v 0.000542 -0.102111 0.086502
v 0.000229 -0.102942 0.086218
v -0.000257 -0.099311 0.082827
v 0.001759 -0.100765 0.086414
v 0.000542 -0.102111 0.086502
v -0.000257 -0.099311 0.082827
v 0.003168 -0.099692 0.086005
v 0.001759 -0.100765 0.086414
v -0.000257 -0.099311 0.082827
v 0.003943 -0.099521 0.085516
v 0.003168 -0.099692 0.086005
v -0.000257 -0.099311 0.082827
v 0.003630 -0.100352 0.085232
v 0.003943 -0.099521 0.085516
v -0.000257 -0.099311 0.082827
v 0.014272 -0.110451 0.105411
v 0.011591 -0.107169 0.099511
v 0.015221 -0.109803 0.105089
v 0.011591 -0.107169 0.099511
v 0.014272 -0.110451 0.105411
v 0.009601 -0.106881 0.098095
v 0.011591 -0.107169 0.099511
v 0.009601 -0.106881 0.098095
v 0.012196 -0.105066 0.097241
v 0.013293 -0.109602 0.096661
v 0.016788 -0.114048 0.101199
v 0.017185 -0.113570 0.101194
v 0.016788 -0.114048 0.101199
v 0.013293 -0.109602 0.096661
v 0.011270 -0.109268 0.095299
v 0.019866 -0.110346 0.101164
v 0.013293 -0.109602 0.096661
v 0.017692 -0.113026 0.101147
v 0.013293 -0.109602 0.096661
v 0.019866 -0.110346 0.101164
v 0.013377 -0.106753 0.095264
v 0.017692 -0.113026 0.101147
v 0.016138 -0.110558 0.102194
v 0.019866 -0.110346 0.101164
v 0.016788 -0.114048 0.101199
v 0.012972 -0.116696 0.102467
v 0.015750 -0.110924 0.102262
v 0.012972 -0.116696 0.102467
v 0.010655 -0.116739 0.104226
v 0.015750 -0.110924 0.102262
v 0.010655 -0.116739 0.104226
v 0.011193 -0.114153 0.105446
v 0.015750 -0.110924 0.102262
v 0.011193 -0.114153 0.105446
v 0.014272 -0.110451 0.105411
v 0.015750 -0.110924 0.102262
v 0.015765 -0.109415 0.104914
v 0.018087 -0.107803 0.104142
v 0.016138 -0.110558 0.102194
v 0.018087 -0.107803 0.104142
v 0.020405 -0.107760 0.102383
v 0.016138 -0.110558 0.102194
v 0.020405 -0.107760 0.102383
v 0.019866 -0.110346 0.101164
v 0.016138 -0.110558 0.102194
v 0.015221 -0.109803 0.105089
v 0.015750 -0.110924 0.102262
v 0.014272 -0.110451 0.105411
v 0.017185 -0.113570 0.101194
v 0.016788 -0.114048 0.101199
v 0.015750 -0.110924 0.102262
v 0.016138 -0.110558 0.102194
v 0.011591 -0.107169 0.099511
v 0.015765 -0.109415 0.104914
v 0.011591 -0.107169 0.099511
v 0.015750 -0.110924 0.102262
v 0.015221 -0.109803 0.105089
v 0.015750 -0.110924 0.102262
v 0.011591 -0.107169 0.099511
v 0.012442 -0.108385 0.098086
v 0.015750 -0.110924 0.102262
v 0.013293 -0.109602 0.096661
v 0.017185 -0.113570 0.101194
v 0.013293 -0.109602 0.096661
v 0.015750 -0.110924 0.102262
v 0.012442 -0.108385 0.098086
v 0.013293 -0.109602 0.096661
v 0.016138 -0.110558 0.102194
v 0.017692 -0.113026 0.101147
v -0.004169 -0.090153 0.076163
v -0.006732 -0.089691 0.075461
v -0.006754 -0.088604 0.073950
v -0.010489 -0.098478 0.077100
v -0.010777 -0.095656 0.076891
v -0.008788 -0.097526 0.078587
v -0.010777 -0.095656 0.076891
v -0.010489 -0.098478 0.077100
v -0.012065 -0.096061 0.075667
v -0.009264 -0.090864 0.075387
v -0.006754 -0.088604 0.073950
v -0.006732 -0.089691 0.075461
v -0.006754 -0.088604 0.073950
v -0.009264 -0.090864 0.075387
v -0.010102 -0.090061 0.073933
v -0.010864 -0.093087 0.075973
v -0.012135 -0.093026 0.074620
v -0.010102 -0.090061 0.073933
v -0.010777 -0.095656 0.076891
v -0.012065 -0.096061 0.075667
v -0.012135 -0.093026 0.074620
v -0.004169 -0.090153 0.076163
v -0.001637 -0.090522 0.076052
v -0.002566 -0.091755 0.077798
v -0.001637 -0.090522 0.076052
v -0.004169 -0.090153 0.076163
v -0.003702 -0.089164 0.074730
v -0.008028 -0.099227 0.078855
v -0.010489 -0.098478 0.077100
v -0.008788 -0.097526 0.078587
v -0.003200 -0.093020 0.076798
v -0.002482 -0.094219 0.079759
v -0.002742 -0.095094 0.078486
v -0.002482 -0.094219 0.079759
v -0.003200 -0.093020 0.076798
v -0.002566 -0.091755 0.077798
v -0.008028 -0.099227 0.078855
v -0.005789 -0.097401 0.080301
v -0.005471 -0.098628 0.080138
v -0.005789 -0.097401 0.080301
v -0.008028 -0.099227 0.078855
v -0.008788 -0.097526 0.078587
v -0.005789 -0.097401 0.080301
v -0.000261 -0.097208 0.082389
v -0.005471 -0.098628 0.080138
v -0.000261 -0.097208 0.082389
v -0.005789 -0.097401 0.080301
v -0.000695 -0.095872 0.082623
v -0.002501 -0.100866 0.085254
v -0.003873 -0.101360 0.088605
v -0.003761 -0.100129 0.085292
v -0.003873 -0.101360 0.088605
v -0.002501 -0.100866 0.085254
v -0.002640 -0.102081 0.088639
v 0.001390 -0.095332 0.084136
v 0.003960 -0.095799 0.086609
v 0.001942 -0.096611 0.083996
v 0.003960 -0.095799 0.086609
v 0.001390 -0.095332 0.084136
v 0.003436 -0.094487 0.086819
v -0.002482 -0.094219 0.079759
v -0.002479 -0.099373 0.082804
v -0.003740 -0.098755 0.083180
v -0.002479 -0.099373 0.082804
v -0.002482 -0.094219 0.079759
v -0.001314 -0.094715 0.079442
v -0.000261 -0.097208 0.082389
v 0.001390 -0.095332 0.084136
v 0.001942 -0.096611 0.083996
v 0.001390 -0.095332 0.084136
v -0.000261 -0.097208 0.082389
v -0.000695 -0.095872 0.082623
v -0.002479 -0.099373 0.082804
v -0.003761 -0.100129 0.085292
v -0.003740 -0.098755 0.083180
v -0.003761 -0.100129 0.085292
v -0.002479 -0.099373 0.082804
v -0.002501 -0.100866 0.085254
v -0.004169 -0.090153 0.076163
v -0.003200 -0.093020 0.076798
v -0.004468 -0.091762 0.075321
v -0.003200 -0.093020 0.076798
v -0.004169 -0.090153 0.076163
v -0.002566 -0.091755 0.077798
v -0.004169 -0.090153 0.076163
v -0.004468 -0.091762 0.075321
v -0.006732 -0.089691 0.075461
v -0.006584 -0.091317 0.074727
v -0.009264 -0.090864 0.075387
v -0.006732 -0.089691 0.075461
v -0.009264 -0.090864 0.075387
v -0.006584 -0.091317 0.074727
v -0.008289 -0.092167 0.074645
v -0.008289 -0.092167 0.074645
v -0.009425 -0.093650 0.075083
v -0.009264 -0.090864 0.075387
v -0.009425 -0.093650 0.075083
v -0.009321 -0.095755 0.075905
v -0.010864 -0.093087 0.075973
v -0.008788 -0.097526 0.078587
v -0.009321 -0.095755 0.075905
v -0.007803 -0.097132 0.077344
v -0.009321 -0.095755 0.075905
v -0.008788 -0.097526 0.078587
v -0.010777 -0.095656 0.076891
v -0.005789 -0.097401 0.080301
v -0.000244 -0.095674 0.081380
v -0.000695 -0.095872 0.082623
v -0.000244 -0.095674 0.081380
v -0.005789 -0.097401 0.080301
v -0.005236 -0.097435 0.078873
v -0.000695 -0.095872 0.082623
v 0.001999 -0.095130 0.082931
v 0.001390 -0.095332 0.084136
v 0.001999 -0.095130 0.082931
v -0.000695 -0.095872 0.082623
v -0.000244 -0.095674 0.081380
v 0.001390 -0.095332 0.084136
v 0.004434 -0.094336 0.085808
v 0.003436 -0.094487 0.086819
v 0.004434 -0.094336 0.085808
v 0.001390 -0.095332 0.084136
v 0.001999 -0.095130 0.082931
v -0.003761 -0.100129 0.085292
v -0.004184 -0.102661 0.088102
v -0.004059 -0.101149 0.084300
v -0.004184 -0.102661 0.088102
v -0.003761 -0.100129 0.085292
v -0.003873 -0.101360 0.088605
v -0.003740 -0.098755 0.083180
v -0.004059 -0.101149 0.084300
v -0.004064 -0.099512 0.082033
v -0.004059 -0.101149 0.084300
v -0.003740 -0.098755 0.083180
v -0.003761 -0.100129 0.085292
v -0.002482 -0.094219 0.079759
v -0.004064 -0.099512 0.082033
v -0.002742 -0.095094 0.078486
v -0.004064 -0.099512 0.082033
v -0.002482 -0.094219 0.079759
v -0.003740 -0.098755 0.083180
v -0.008788 -0.097526 0.078587
v -0.005236 -0.097435 0.078873
v -0.005789 -0.097401 0.080301
v -0.005236 -0.097435 0.078873
v -0.008788 -0.097526 0.078587
v -0.007803 -0.097132 0.077344
v -0.000959 -0.092487 0.077956
v -0.002566 -0.091755 0.077798
v -0.001637 -0.090522 0.076052
v -0.000959 -0.092487 0.077956
v -0.002482 -0.094219 0.079759
v -0.002566 -0.091755 0.077798
v -0.002482 -0.094219 0.079759
v -0.000959 -0.092487 0.077956
v -0.001314 -0.094715 0.079442
v -0.004468 -0.091762 0.075321
v -0.006584 -0.091317 0.074727
v -0.006732 -0.089691 0.075461
v -0.003702 -0.089164 0.074730
v -0.004169 -0.090153 0.076163
v -0.006754 -0.088604 0.073950
v -0.010864 -0.093087 0.075973
v -0.010777 -0.095656 0.076891
v -0.012135 -0.093026 0.074620
v -0.009264 -0.090864 0.075387
v -0.010864 -0.093087 0.075973
v -0.010102 -0.090061 0.073933
v -0.009425 -0.093650 0.075083
v -0.010864 -0.093087 0.075973
v -0.009264 -0.090864 0.075387
v -0.009321 -0.095755 0.075905
v -0.010777 -0.095656 0.076891
v -0.010864 -0.093087 0.075973
v -0.006584 -0.091317 0.074727
v -0.003702 -0.089164 0.074730
v -0.006754 -0.088604 0.073950
v -0.003702 -0.089164 0.074730
v -0.006584 -0.091317 0.074727
v -0.004468 -0.091762 0.075321
v -0.003200 -0.093020 0.076798
v -0.002742 -0.095094 0.078486
v -0.000959 -0.092487 0.077956
v -0.010489 -0.098478 0.077100
v -0.009321 -0.095755 0.075905
v -0.012065 -0.096061 0.075667
v -0.009321 -0.095755 0.075905
v -0.010489 -0.098478 0.077100
v -0.007803 -0.097132 0.077344
v -0.010102 -0.090061 0.073933
v -0.006584 -0.091317 0.074727
v -0.006754 -0.088604 0.073950
v -0.006584 -0.091317 0.074727
v -0.010102 -0.090061 0.073933
v -0.008289 -0.092167 0.074645
v -0.010102 -0.090061 0.073933
v -0.009425 -0.093650 0.075083
v -0.008289 -0.092167 0.074645
v -0.009425 -0.093650 0.075083
v -0.010102 -0.090061 0.073933
v -0.012135 -0.093026 0.074620
v -0.012065 -0.096061 0.075667
v -0.009425 -0.093650 0.075083
v -0.012135 -0.093026 0.074620
v -0.009425 -0.093650 0.075083
v -0.012065 -0.096061 0.075667
v -0.009321 -0.095755 0.075905
v -0.001637 -0.090522 0.076052
v -0.004468 -0.091762 0.075321
v -0.003200 -0.093020 0.076798
v -0.004468 -0.091762 0.075321
v -0.001637 -0.090522 0.076052
v -0.003702 -0.089164 0.074730
v -0.007803 -0.097132 0.077344
v -0.010489 -0.098478 0.077100
v -0.008028 -0.099227 0.078855
v -0.000959 -0.092487 0.077956
v -0.002742 -0.095094 0.078486
v -0.001314 -0.094715 0.079442
v -0.005471 -0.098628 0.080138
v -0.005236 -0.097435 0.078873
v -0.008028 -0.099227 0.078855
v -0.001637 -0.090522 0.076052
v -0.003200 -0.093020 0.076798
v -0.000959 -0.092487 0.077956
v -0.005236 -0.097435 0.078873
v -0.007803 -0.097132 0.077344
v -0.008028 -0.099227 0.078855
v 0.003436 -0.094487 0.086819
v 0.004434 -0.094336 0.085808
v 0.003960 -0.095799 0.086609
v 0.004434 -0.094336 0.085808
v 0.001942 -0.096611 0.083996
v 0.003960 -0.095799 0.086609
v 0.001942 -0.096611 0.083996
v 0.004434 -0.094336 0.085808
v 0.001999 -0.095130 0.082931
v 0.001999 -0.095130 0.082931
v -0.000261 -0.097208 0.082389
v 0.001942 -0.096611 0.083996
v -0.000261 -0.097208 0.082389
v 0.001999 -0.095130 0.082931
v -0.000244 -0.095674 0.081380
v -0.005236 -0.097435 0.078873
v -0.000261 -0.097208 0.082389
v -0.000244 -0.095674 0.081380
v -0.000261 -0.097208 0.082389
v -0.005236 -0.097435 0.078873
v -0.005471 -0.098628 0.080138
v -0.002742 -0.095094 0.078486
v -0.002479 -0.099373 0.082804
v -0.001314 -0.094715 0.079442
v -0.002479 -0.099373 0.082804
v -0.002742 -0.095094 0.078486
v -0.004064 -0.099512 0.082033
v -0.004059 -0.101149 0.084300
v -0.002479 -0.099373 0.082804
v -0.004064 -0.099512 0.082033
v -0.002479 -0.099373 0.082804
v -0.004059 -0.101149 0.084300
v -0.002501 -0.100866 0.085254
v -0.004184 -0.102661 0.088102
v -0.002501 -0.100866 0.085254
v -0.004059 -0.101149 0.084300
v -0.002501 -0.100866 0.085254
v -0.004184 -0.102661 0.088102
v -0.002640 -0.102081 0.088639
v -0.004184 -0.102661 0.088102
v -0.003873 -0.101360 0.088605
v -0.002640 -0.102081 0.088639
v -0.009751 -0.100888 0.078577
v -0.009835 -0.101122 0.081389
v -0.010912 -0.102529 0.080652
v -0.009835 -0.101122 0.081389
v -0.009751 -0.100888 0.078577
v -0.009022 -0.100152 0.079727
v -0.003153 -0.102173 0.083106
v -0.005058 -0.102150 0.084029
v -0.003893 -0.100975 0.082878
v -0.005058 -0.102150 0.084029
v -0.003153 -0.102173 0.083106
v -0.004573 -0.103666 0.084080
v -0.009835 -0.101122 0.081389
v -0.009182 -0.102182 0.083367
v -0.010038 -0.104004 0.083225
v -0.007306 -0.104306 0.084384
v -0.009182 -0.102182 0.083367
v -0.007092 -0.102365 0.084388
v -0.009182 -0.102182 0.083367
v -0.007306 -0.104306 0.084384
v -0.010038 -0.104004 0.083225
v -0.004573 -0.103666 0.084080
v -0.007092 -0.102365 0.084388
v -0.005058 -0.102150 0.084029
v -0.007092 -0.102365 0.084388
v -0.004573 -0.103666 0.084080
v -0.007306 -0.104306 0.084384
v -0.009022 -0.100152 0.079727
v -0.009751 -0.100888 0.078577
v -0.007067 -0.099315 0.079237
v -0.002503 -0.100507 0.082582
v -0.003153 -0.102173 0.083106
v -0.003893 -0.100975 0.082878
v -0.006268 -0.100182 0.079452
v -0.003802 -0.097261 0.080481
v -0.003106 -0.097713 0.080711
v -0.003802 -0.097261 0.080481
v -0.006268 -0.100182 0.079452
v -0.007067 -0.099315 0.079237
v -0.003074 -0.097780 0.081647
v -0.002503 -0.100507 0.082582
v -0.003893 -0.100975 0.082878
v -0.008081 -0.101198 0.079883
v -0.007067 -0.099315 0.079237
v -0.006268 -0.100182 0.079452
v -0.007067 -0.099315 0.079237
v -0.008081 -0.101198 0.079883
v -0.009022 -0.100152 0.079727
v -0.008081 -0.101198 0.079883
v -0.009835 -0.101122 0.081389
v -0.009022 -0.100152 0.079727
v -0.008564 -0.102067 0.080939
v -0.009182 -0.102182 0.083367
v -0.009835 -0.101122 0.081389
v -0.009182 -0.102182 0.083367
v -0.008564 -0.102067 0.080939
v -0.008020 -0.102769 0.082055
v -0.006799 -0.102812 0.082885
v -0.009182 -0.102182 0.083367
v -0.008020 -0.102769 0.082055
v -0.009182 -0.102182 0.083367
v -0.006799 -0.102812 0.082885
v -0.007092 -0.102365 0.084388
v -0.005058 -0.102150 0.084029
v -0.006799 -0.102812 0.082885
v -0.005321 -0.102488 0.082709
v -0.006799 -0.102812 0.082885
v -0.005058 -0.102150 0.084029
v -0.007092 -0.102365 0.084388
v -0.005321 -0.102488 0.082709
v -0.004223 -0.101245 0.081660
v -0.005058 -0.102150 0.084029
v -0.003074 -0.097780 0.081647
v -0.004223 -0.101245 0.081660
v -0.003225 -0.097668 0.080668
v -0.004223 -0.101245 0.081660
v -0.003074 -0.097780 0.081647
v -0.003893 -0.100975 0.082878
v -0.006019 -0.098584 0.078369
v -0.007067 -0.099315 0.079237
v -0.007743 -0.099697 0.078085
v -0.006019 -0.098584 0.078369
v -0.003802 -0.097261 0.080481
v -0.007067 -0.099315 0.079237
v -0.003802 -0.097261 0.080481
v -0.006019 -0.098584 0.078369
v -0.003887 -0.097083 0.079704
v -0.007067 -0.099315 0.079237
v -0.009751 -0.100888 0.078577
v -0.007743 -0.099697 0.078085
v -0.010912 -0.102529 0.080652
v -0.009835 -0.101122 0.081389
v -0.010038 -0.104004 0.083225
v -0.004223 -0.101245 0.081660
v -0.003893 -0.100975 0.082878
v -0.005058 -0.102150 0.084029
v -0.008564 -0.102067 0.080939
v -0.009835 -0.101122 0.081389
v -0.008081 -0.101198 0.079883
v -0.008564 -0.102067 0.080939
v -0.009751 -0.100888 0.078577
v -0.010912 -0.102529 0.080652
v -0.009751 -0.100888 0.078577
v -0.008564 -0.102067 0.080939
v -0.008081 -0.101198 0.079883
v -0.006268 -0.100182 0.079452
v -0.003106 -0.097713 0.080711
v -0.006019 -0.098584 0.078369
v -0.003153 -0.102173 0.083106
v -0.005321 -0.102488 0.082709
v -0.004573 -0.103666 0.084080
v -0.005321 -0.102488 0.082709
v -0.003153 -0.102173 0.083106
v -0.004223 -0.101245 0.081660
v -0.008020 -0.102769 0.082055
v -0.010912 -0.102529 0.080652
v -0.010038 -0.104004 0.083225
v -0.010912 -0.102529 0.080652
v -0.008020 -0.102769 0.082055
v -0.008564 -0.102067 0.080939
v -0.007306 -0.104306 0.084384
v -0.008020 -0.102769 0.082055
v -0.010038 -0.104004 0.083225
v -0.008020 -0.102769 0.082055
v -0.007306 -0.104306 0.084384
v -0.006799 -0.102812 0.082885
v -0.004573 -0.103666 0.084080
v -0.006799 -0.102812 0.082885
v -0.007306 -0.104306 0.084384
v -0.006799 -0.102812 0.082885
v -0.004573 -0.103666 0.084080
v -0.005321 -0.102488 0.082709
v -0.007743 -0.099697 0.078085
v -0.008081 -0.101198 0.079883
v -0.006268 -0.100182 0.079452
v -0.008081 -0.101198 0.079883
v -0.007743 -0.099697 0.078085
v -0.009751 -0.100888 0.078577
v -0.004223 -0.101245 0.081660
v -0.003153 -0.102173 0.083106
v -0.002503 -0.100507 0.082582
v -0.007743 -0.099697 0.078085
v -0.006268 -0.100182 0.079452
v -0.006019 -0.098584 0.078369
v -0.003225 -0.097668 0.080668
v -0.004223 -0.101245 0.081660
v -0.002503 -0.100507 0.082582
v -0.006019 -0.098584 0.078369
v -0.003106 -0.097713 0.080711
v -0.003887 -0.097083 0.079704
v -0.003627 -0.106951 0.081863
v -0.013075 -0.095634 0.072044
v -0.003206 -0.105222 0.084182
v -0.013075 -0.095634 0.072044
v -0.003627 -0.106951 0.081863
v -0.012805 -0.098449 0.069057
v -0.001285 -0.109219 0.084987
v -0.001077 -0.106605 0.079614
v -0.003627 -0.106951 0.081863
v -0.017618 -0.090992 0.053158
v -0.012805 -0.098449 0.069057
v -0.009436 -0.099994 0.066323
v -0.012805 -0.098449 0.069057
v -0.017618 -0.090992 0.053158
v -0.022222 -0.089279 0.056188
v -0.001077 -0.106605 0.079614
v -0.012805 -0.098449 0.069057
v -0.003627 -0.106951 0.081863
v -0.012805 -0.098449 0.069057
v -0.001077 -0.106605 0.079614
v -0.009436 -0.099994 0.066323
v -0.001285 -0.109219 0.084987
v -0.003627 -0.106951 0.081863
v -0.003206 -0.105222 0.084182
v -0.031424 -0.077242 0.050285
v -0.027889 -0.080297 0.045090
v -0.032470 -0.070262 0.035672
v -0.041287 -0.057295 -0.007106
v -0.035143 -0.047647 0.014973
v -0.038952 -0.062602 0.001811
v -0.043244 -0.053328 -0.011909
v -0.039202 -0.036060 0.004958
v -0.041287 -0.057295 -0.007106
v -0.048948 -0.043882 -0.016814
v -0.045067 -0.029735 0.001298
v -0.039202 -0.036060 0.004958
v -0.059955 -0.036399 0.013926
v -0.045067 -0.029735 0.001298
v -0.061324 -0.033488 0.010813
v -0.058701 -0.039559 0.016877
v -0.039202 -0.036060 0.004958
v -0.045067 -0.029735 0.001298
v -0.056009 -0.044991 0.021301
v -0.035143 -0.047647 0.014973
v -0.039202 -0.036060 0.004958
v -0.062010 -0.030995 0.006582
v -0.056662 -0.029469 -0.000414
v -0.062242 -0.029664 0.001276
v -0.056554 -0.034844 -0.014040
v -0.045067 -0.029735 0.001298
v -0.053227 -0.038494 -0.015998
v -0.046759 -0.059935 0.034695
v -0.035143 -0.047647 0.014973
v -0.052598 -0.050915 0.027075
v -0.061647 -0.029783 -0.004521
v -0.062242 -0.029664 0.001276
v -0.056662 -0.029469 -0.000414
v -0.024978 -0.083241 0.040364
v -0.032470 -0.070262 0.035672
v -0.027889 -0.080297 0.045090
v -0.035803 -0.067903 0.012059
v -0.033360 -0.060014 0.025627
v -0.030969 -0.075939 0.027104
v -0.032470 -0.070262 0.035672
v -0.046759 -0.059935 0.034695
v -0.039802 -0.068702 0.041956
v -0.046759 -0.059935 0.034695
v -0.032470 -0.070262 0.035672
v -0.033360 -0.060014 0.025627
v -0.048948 -0.043882 -0.016814
v -0.039202 -0.036060 0.004958
v -0.045195 -0.049141 -0.015569
v -0.035803 -0.067903 0.012059
v -0.035143 -0.047647 0.014973
v -0.033360 -0.060014 0.025627
v -0.035143 -0.047647 0.014973
v -0.035803 -0.067903 0.012059
v -0.038952 -0.062602 0.001811
v -0.043244 -0.053328 -0.011909
v -0.045195 -0.049141 -0.015569
v -0.039202 -0.036060 0.004958
v -0.061647 -0.029783 -0.004521
v -0.056662 -0.029469 -0.000414
v -0.059348 -0.031739 -0.010492
v -0.062010 -0.030995 0.006582
v -0.061324 -0.033488 0.010813
v -0.056662 -0.029469 -0.000414
v -0.056554 -0.034844 -0.014040
v -0.059348 -0.031739 -0.010492
v -0.045067 -0.029735 0.001298
v -0.048948 -0.043882 -0.016814
v -0.053227 -0.038494 -0.015998
v -0.045067 -0.029735 0.001298
v -0.045067 -0.029735 0.001298
v -0.059348 -0.031739 -0.010492
v -0.056662 -0.029469 -0.000414
v -0.041287 -0.057295 -0.007106
v -0.039202 -0.036060 0.004958
v -0.035143 -0.047647 0.014973
v -0.058701 -0.039559 0.016877
v -0.056009 -0.044991 0.021301
v -0.039202 -0.036060 0.004958
v -0.061324 -0.033488 0.010813
v -0.045067 -0.029735 0.001298
v -0.056662 -0.029469 -0.000414
v -0.059955 -0.036399 0.013926
v -0.058701 -0.039559 0.016877
v -0.045067 -0.029735 0.001298
v -0.056009 -0.044991 0.021301
v -0.054598 -0.047728 0.023878
v -0.035143 -0.047647 0.014973
v -0.032470 -0.070262 0.035672
v -0.030969 -0.075939 0.027104
v -0.033360 -0.060014 0.025627
v -0.027889 -0.080297 0.045090
v -0.031424 -0.077242 0.050285
v -0.025535 -0.085771 0.051292
v -0.024978 -0.083241 0.040364
v -0.027889 -0.080297 0.045090
v -0.025535 -0.085771 0.051292
v -0.031424 -0.077242 0.050285
v -0.032470 -0.070262 0.035672
v -0.039802 -0.068702 0.041956
v -0.024978 -0.083241 0.040364
v -0.030969 -0.075939 0.027104
v -0.032470 -0.070262 0.035672
v -0.033360 -0.060014 0.025627
v -0.035143 -0.047647 0.014973
v -0.046759 -0.059935 0.034695
v 0.003956 -0.024356 0.020568
v 0.002568 -0.018487 0.008138
v 0.004898 -0.025978 0.017557
v 0.003761 -0.030091 0.014223
v 0.004898 -0.025978 0.017557
v 0.002768 -0.020780 0.001960
v 0.004860 -0.017878 0.001389
v 0.001054 -0.014124 -0.008075
v 0.002768 -0.020780 0.001960
v -0.007892 -0.004103 0.011178
v -0.010702 -0.013012 0.014170
v -0.013946 -0.008704 0.011427
v -0.010702 -0.013012 0.014170
v -0.007892 -0.004103 0.011178
v -0.004183 -0.008624 0.012742
v -0.013946 -0.008704 0.011427
v -0.011285 -0.000059 0.007487
v -0.007892 -0.004103 0.011178
v -0.011285 -0.000059 0.007487
v -0.013946 -0.008704 0.011427
v -0.017264 -0.004599 0.007546
v -0.011285 -0.000059 0.007487
v -0.018295 -0.002897 0.000783
v -0.012344 0.001508 0.000814
v -0.018295 -0.002897 0.000783
v -0.011285 -0.000059 0.007487
v -0.017264 -0.004599 0.007546
v 0.035216 -0.066627 0.068180
v 0.037268 -0.066397 0.072950
v 0.035586 -0.062728 0.068775
v 0.037268 -0.066397 0.072950
v 0.034121 -0.064582 0.073209
v 0.035586 -0.062728 0.068775
v -0.013946 -0.008704 0.011427
v -0.025735 -0.010803 0.007800
v -0.017264 -0.004599 0.007546
v -0.025735 -0.010803 0.007800
v -0.013946 -0.008704 0.011427
v -0.022614 -0.014963 0.012209
v 0.024706 -0.075171 0.075927
v 0.006746 -0.076524 0.067876
v 0.018014 -0.065698 0.065688
v 0.006746 -0.076524 0.067876
v 0.024706 -0.075171 0.075927
v 0.014463 -0.086610 0.079196
v -0.025854 -0.033464 -0.013075
v -0.021354 -0.015493 -0.011601
v -0.033381 -0.024442 -0.013065
v -0.021354 -0.015493 -0.011601
v -0.025854 -0.033464 -0.013075
v -0.014175 -0.023553 -0.011931
v 0.001988 -0.013459 0.010553
v 0.002568 -0.018487 0.008138
v 0.001334 -0.016489 0.012380
v 0.002568 -0.018487 0.008138
v 0.001988 -0.013459 0.010553
v 0.004233 -0.015410 0.005807
v -0.002911 -0.000274 0.010866
v -0.004183 -0.008624 0.012742
v -0.007892 -0.004103 0.011178
v -0.004183 -0.008624 0.012742
v -0.002911 -0.000274 0.010866
v 0.001651 -0.005661 0.012215
v -0.006289 0.003738 0.007590
v -0.007892 -0.004103 0.011178
v -0.011285 -0.000059 0.007487
v -0.007892 -0.004103 0.011178
v -0.006289 0.003738 0.007590
v -0.002911 -0.000274 0.010866
v -0.007496 0.005111 0.000857
v -0.011285 -0.000059 0.007487
v -0.012344 0.001508 0.000814
v -0.011285 -0.000059 0.007487
v -0.007496 0.005111 0.000857
v -0.006289 0.003738 0.007590
v 0.004233 -0.015410 0.005807
v 0.002768 -0.020780 0.001960
v 0.002568 -0.018487 0.008138
v 0.002768 -0.020780 0.001960
v 0.004233 -0.015410 0.005807
v 0.004860 -0.017878 0.001389
v 0.000737 -0.006110 -0.011569
v 0.001054 -0.014124 -0.008075
v 0.005084 -0.011128 -0.007779
v 0.001054 -0.014124 -0.008075
v 0.000737 -0.006110 -0.011569
v -0.003309 -0.009632 -0.011654
v 0.001651 -0.005661 0.012215
v 0.005520 -0.009816 0.008628
v 0.001988 -0.013459 0.010553
v 0.004233 -0.015410 0.005807
v 0.005520 -0.009816 0.008628
v 0.007646 -0.012850 0.003897
v 0.005520 -0.009816 0.008628
v 0.004233 -0.015410 0.005807
v 0.001988 -0.013459 0.010553
v 0.008009 -0.013510 -0.000371
v 0.004860 -0.017878 0.001389
v 0.007646 -0.012850 0.003897
v 0.008009 -0.013510 -0.000371
v 0.005084 -0.011128 -0.007779
v 0.004860 -0.017878 0.001389
v -0.017264 -0.004599 0.007546
v -0.026844 -0.008922 0.000727
v -0.018295 -0.002897 0.000783
v -0.026844 -0.008922 0.000727
v -0.017264 -0.004599 0.007546
v -0.025735 -0.010803 0.007800
v -0.014175 -0.023553 -0.011931
v -0.001811 -0.021345 -0.004295
v -0.006233 -0.016222 -0.011215
v -0.001811 -0.021345 -0.004295
v -0.014175 -0.023553 -0.011931
v -0.009819 -0.029358 -0.004888
v 0.000366 -0.025529 0.004077
v -0.009819 -0.029358 -0.004888
v -0.007349 -0.033572 0.003338
v -0.009819 -0.029358 -0.004888
v 0.000366 -0.025529 0.004077
v -0.001811 -0.021345 -0.004295
v -0.003350 -0.000818 -0.010200
v -0.011212 0.000177 -0.005475
v -0.007754 -0.004282 -0.010434
v -0.011212 0.000177 -0.005475
v -0.003350 -0.000818 -0.010200
v -0.006729 0.003797 -0.005384
v -0.007754 -0.004282 -0.010434
v -0.017033 -0.004263 -0.005713
v -0.013470 -0.008783 -0.010795
v -0.017033 -0.004263 -0.005713
v -0.007754 -0.004282 -0.010434
v -0.011212 0.000177 -0.005475
v -0.014175 -0.023553 -0.011931
v -0.013470 -0.008783 -0.010795
v -0.021354 -0.015493 -0.011601
v -0.013470 -0.008783 -0.010795
v -0.014175 -0.023553 -0.011931
v -0.006233 -0.016222 -0.011215
v -0.038266 -0.019026 0.008805
v -0.022614 -0.014963 0.012209
v -0.035606 -0.022974 0.013280
v -0.022614 -0.014963 0.012209
v -0.038266 -0.019026 0.008805
v -0.025735 -0.010803 0.007800
v -0.039606 -0.016789 0.000733
v -0.025735 -0.010803 0.007800
v -0.038266 -0.019026 0.008805
v -0.025735 -0.010803 0.007800
v -0.039606 -0.016789 0.000733
v -0.026844 -0.008922 0.000727
v 0.034121 -0.064582 0.073209
v 0.018014 -0.065698 0.065688
v 0.027376 -0.056562 0.063976
v 0.018014 -0.065698 0.065688
v 0.034121 -0.064582 0.073209
v 0.024706 -0.075171 0.075927
v 0.015608 -0.088221 0.074398
v 0.026897 -0.078219 0.076026
v 0.025749 -0.076974 0.071178
v 0.026897 -0.078219 0.076026
v 0.015608 -0.088221 0.074398
v 0.016822 -0.089682 0.079336
v 0.026897 -0.078219 0.076026
v 0.014463 -0.086610 0.079196
v 0.024706 -0.075171 0.075927
v 0.014463 -0.086610 0.079196
v 0.026897 -0.078219 0.076026
v 0.016822 -0.089682 0.079336
v 0.001054 -0.014124 -0.008075
v -0.003309 -0.009632 -0.011654
v -0.006233 -0.016222 -0.011215
v -0.025550 -0.010274 -0.006317
v -0.013470 -0.008783 -0.010795
v -0.017033 -0.004263 -0.005713
v -0.013470 -0.008783 -0.010795
v -0.025550 -0.010274 -0.006317
v -0.021354 -0.015493 -0.011601
v -0.038208 -0.018411 -0.007693
v -0.021354 -0.015493 -0.011601
v -0.025550 -0.010274 -0.006317
v -0.021354 -0.015493 -0.011601
v -0.038208 -0.018411 -0.007693
v -0.033381 -0.024442 -0.013065
v -0.006617 -0.017698 0.017912
v 0.003956 -0.024356 0.020568
v -0.000867 -0.024728 0.023655
v 0.003956 -0.024356 0.020568
v -0.006617 -0.017698 0.017912
v 0.001334 -0.016489 0.012380
v 0.000366 -0.025529 0.004077
v 0.002768 -0.020780 0.001960
v -0.001811 -0.021345 -0.004295
v 0.002768 -0.020780 0.001960
v 0.001054 -0.014124 -0.008075
v -0.001811 -0.021345 -0.004295
v -0.007754 -0.004282 -0.010434
v 0.000737 -0.006110 -0.011569
v -0.003350 -0.000818 -0.010200
v 0.000737 -0.006110 -0.011569
v -0.007754 -0.004282 -0.010434
v -0.003309 -0.009632 -0.011654
v -0.013470 -0.008783 -0.010795
v -0.003309 -0.009632 -0.011654
v -0.007754 -0.004282 -0.010434
v -0.003309 -0.009632 -0.011654
v -0.013470 -0.008783 -0.010795
v -0.006233 -0.016222 -0.011215
v -0.004183 -0.008624 0.012742
v 0.001334 -0.016489 0.012380
v -0.006617 -0.017698 0.017912
v 0.001334 -0.016489 0.012380
v -0.004183 -0.008624 0.012742
v 0.001988 -0.013459 0.010553
v -0.006617 -0.017698 0.017912
v -0.010702 -0.013012 0.014170
v -0.004183 -0.008624 0.012742
v 0.030730 -0.060820 0.058476
v 0.035586 -0.062728 0.068775
v 0.031400 -0.056132 0.060656
v 0.035586 -0.062728 0.068775
v 0.030730 -0.060820 0.058476
v 0.035216 -0.066627 0.068180
v 0.027376 -0.056562 0.063976
v 0.035586 -0.062728 0.068775
v 0.034121 -0.064582 0.073209
v 0.035586 -0.062728 0.068775
v 0.027376 -0.056562 0.063976
v 0.031400 -0.056132 0.060656
v 0.018014 -0.065698 0.065688
v -0.001436 -0.067261 0.055599
v 0.010588 -0.056315 0.053736
v -0.001436 -0.067261 0.055599
v 0.018014 -0.065698 0.065688
v 0.006746 -0.076524 0.067876
v 0.010027 -0.080829 0.062337
v 0.025749 -0.076974 0.071178
v 0.021145 -0.069909 0.060322
v 0.025749 -0.076974 0.071178
v 0.010027 -0.080829 0.062337
v 0.015608 -0.088221 0.074398
v 0.021145 -0.069909 0.060322
v 0.035216 -0.066627 0.068180
v 0.030730 -0.060820 0.058476
v 0.035216 -0.066627 0.068180
v 0.021145 -0.069909 0.060322
v 0.025749 -0.076974 0.071178
v 0.009202 -0.037276 0.025147
v 0.016809 -0.039970 0.038838
v 0.010061 -0.031961 0.028642
v 0.016809 -0.039970 0.038838
v 0.009202 -0.037276 0.025147
v 0.016238 -0.045285 0.035955
v 0.010061 -0.031961 0.028642
v 0.012488 -0.040012 0.041838
v 0.005513 -0.031778 0.031710
v 0.012488 -0.040012 0.041838
v 0.010061 -0.031961 0.028642
v 0.016809 -0.039970 0.038838
v 0.003307 -0.047537 0.043274
v 0.005513 -0.031778 0.031710
v 0.012488 -0.040012 0.041838
v 0.024074 -0.047725 0.049178
v 0.016238 -0.045285 0.035955
v 0.023087 -0.052499 0.046726
v 0.016238 -0.045285 0.035955
v 0.024074 -0.047725 0.049178
v 0.016809 -0.039970 0.038838
v 0.024074 -0.047725 0.049178
v 0.012488 -0.040012 0.041838
v 0.016809 -0.039970 0.038838
v 0.012488 -0.040012 0.041838
v 0.024074 -0.047725 0.049178
v 0.019441 -0.047952 0.052454
v 0.003307 -0.047537 0.043274
v 0.019441 -0.047952 0.052454
v 0.010588 -0.056315 0.053736
v 0.019441 -0.047952 0.052454
v 0.003307 -0.047537 0.043274
v 0.012488 -0.040012 0.041838
v -0.009164 -0.058288 0.045359
v 0.010588 -0.056315 0.053736
v -0.001436 -0.067261 0.055599
v 0.010588 -0.056315 0.053736
v -0.009164 -0.058288 0.045359
v 0.003307 -0.047537 0.043274
v 0.023087 -0.052499 0.046726
v 0.031400 -0.056132 0.060656
v 0.024074 -0.047725 0.049178
v 0.031400 -0.056132 0.060656
v 0.023087 -0.052499 0.046726
v 0.030730 -0.060820 0.058476
v 0.019441 -0.047952 0.052454
v 0.031400 -0.056132 0.060656
v 0.027376 -0.056562 0.063976
v 0.031400 -0.056132 0.060656
v 0.019441 -0.047952 0.052454
v 0.024074 -0.047725 0.049178
v 0.014120 -0.060858 0.048074
v 0.030730 -0.060820 0.058476
v 0.023087 -0.052499 0.046726
v 0.030730 -0.060820 0.058476
v 0.014120 -0.060858 0.048074
v 0.021145 -0.069909 0.060322
v 0.010588 -0.056315 0.053736
v 0.027376 -0.056562 0.063976
v 0.018014 -0.065698 0.065688
v 0.027376 -0.056562 0.063976
v 0.010588 -0.056315 0.053736
v 0.019441 -0.047952 0.052454
v 0.002291 -0.072082 0.049598
v 0.021145 -0.069909 0.060322
v 0.014120 -0.060858 0.048074
v 0.021145 -0.069909 0.060322
v 0.002291 -0.072082 0.049598
v 0.010027 -0.080829 0.062337
v -0.052069 -0.024455 0.001195
v -0.038266 -0.019026 0.008805
v -0.051668 -0.027291 0.009858
v -0.038266 -0.019026 0.008805
v -0.052069 -0.024455 0.001195
v -0.039606 -0.016789 0.000733
v -0.020926 -0.068563 0.047619
v -0.001436 -0.067261 0.055599
v -0.013193 -0.077326 0.057754
v -0.001436 -0.067261 0.055599
v -0.020926 -0.068563 0.047619
v -0.009164 -0.058288 0.045359
v -0.013193 -0.077326 0.057754
v 0.006746 -0.076524 0.067876
v -0.004453 -0.087255 0.070055
v 0.006746 -0.076524 0.067876
v -0.013193 -0.077326 0.057754
v -0.001436 -0.067261 0.055599
v 0.014463 -0.086610 0.079196
v -0.004453 -0.087255 0.070055
v 0.006746 -0.076524 0.067876
v -0.004453 -0.087255 0.070055
v 0.014463 -0.086610 0.079196
v 0.004221 -0.098049 0.082464
v 0.016822 -0.089682 0.079336
v 0.004221 -0.098049 0.082464
v 0.014463 -0.086610 0.079196
v 0.004221 -0.098049 0.082464
v 0.016822 -0.089682 0.079336
v 0.006940 -0.100943 0.082653
v 0.005504 -0.099466 0.077670
v 0.016822 -0.089682 0.079336
v 0.015608 -0.088221 0.074398
v 0.016822 -0.089682 0.079336
v 0.005504 -0.099466 0.077670
v 0.006940 -0.100943 0.082653
v -0.001148 -0.091477 0.064518
v 0.015608 -0.088221 0.074398
v 0.010027 -0.080829 0.062337
v 0.015608 -0.088221 0.074398
v -0.001148 -0.091477 0.064518
v 0.005504 -0.099466 0.077670
v -0.062010 -0.030995 0.006582
v -0.052069 -0.024455 0.001195
v -0.051668 -0.027291 0.009858
v 0.001080 -0.107294 0.084633
v -0.001077 -0.106605 0.079614
v -0.001285 -0.109219 0.084987
v -0.003206 -0.105222 0.084182
v 0.001080 -0.107294 0.084633
v -0.001285 -0.109219 0.084987
v -0.013075 -0.095634 0.072044
v 0.004221 -0.098049 0.082464
v -0.003206 -0.105222 0.084182
v 0.004221 -0.098049 0.082464
v -0.013075 -0.095634 0.072044
v -0.004453 -0.087255 0.070055
v -0.023115 -0.085819 0.059572
v -0.004453 -0.087255 0.070055
v -0.013075 -0.095634 0.072044
v 0.003956 -0.024356 0.020568
v 0.005513 -0.031778 0.031710
v -0.000867 -0.024728 0.023655
v 0.005513 -0.031778 0.031710
v 0.003956 -0.024356 0.020568
v 0.010061 -0.031961 0.028642
v 0.003956 -0.024356 0.020568
v 0.004898 -0.025978 0.017557
v 0.010061 -0.031961 0.028642
v 0.004898 -0.025978 0.017557
v 0.009202 -0.037276 0.025147
v 0.010061 -0.031961 0.028642
v 0.009202 -0.037276 0.025147
v 0.004898 -0.025978 0.017557
v 0.003761 -0.030091 0.014223
v 0.006940 -0.100943 0.082653
v -0.001077 -0.106605 0.079614
v 0.001080 -0.107294 0.084633
v -0.001077 -0.106605 0.079614
v 0.006940 -0.100943 0.082653
v 0.005504 -0.099466 0.077670
v 0.004221 -0.098049 0.082464
v 0.001080 -0.107294 0.084633
v -0.003206 -0.105222 0.084182
v 0.001080 -0.107294 0.084633
v 0.004221 -0.098049 0.082464
v 0.006940 -0.100943 0.082653
v -0.012344 0.001508 0.000814
v -0.006729 0.003797 -0.005384
v -0.007496 0.005111 0.000857
v -0.006729 0.003797 -0.005384
v -0.012344 0.001508 0.000814
v -0.011212 0.000177 -0.005475
v -0.012344 0.001508 0.000814
v -0.017033 -0.004263 -0.005713
v -0.011212 0.000177 -0.005475
v -0.017033 -0.004263 -0.005713
v -0.012344 0.001508 0.000814
v -0.018295 -0.002897 0.000783
v -0.018295 -0.002897 0.000783
v -0.025550 -0.010274 -0.006317
v -0.017033 -0.004263 -0.005713
v -0.025550 -0.010274 -0.006317
v -0.018295 -0.002897 0.000783
v -0.026844 -0.008922 0.000727
v -0.039606 -0.016789 0.000733
v -0.025550 -0.010274 -0.006317
v -0.026844 -0.008922 0.000727
v -0.025550 -0.010274 -0.006317
v -0.039606 -0.016789 0.000733
v -0.038208 -0.018411 -0.007693
v 0.037268 -0.066397 0.072950
v 0.025749 -0.076974 0.071178
v 0.026897 -0.078219 0.076026
v 0.025749 -0.076974 0.071178
v 0.037268 -0.066397 0.072950
v 0.035216 -0.066627 0.068180
v 0.024706 -0.075171 0.075927
v 0.037268 -0.066397 0.072950
v 0.026897 -0.078219 0.076026
v 0.037268 -0.066397 0.072950
v 0.024706 -0.075171 0.075927
v 0.034121 -0.064582 0.073209
v 0.001054 -0.014124 -0.008075
v -0.006233 -0.016222 -0.011215
v -0.001811 -0.021345 -0.004295
v -0.061647 -0.029783 -0.004521
v -0.052069 -0.024455 0.001195
v -0.062242 -0.029664 0.001276
v -0.062242 -0.029664 0.001276
v -0.052069 -0.024455 0.001195
v -0.062010 -0.030995 0.006582
v -0.062010 -0.030995 0.006582
v -0.051668 -0.027291 0.009858
v -0.061324 -0.033488 0.010813
v -0.061324 -0.033488 0.010813
v -0.051668 -0.027291 0.009858
v -0.059955 -0.036399 0.013926
v -0.058701 -0.039559 0.016877
v -0.059955 -0.036399 0.013926
v -0.049849 -0.033128 0.014998
v 0.002768 -0.020780 0.001960
v 0.004898 -0.025978 0.017557
v 0.002568 -0.018487 0.008138
v -0.061647 -0.029783 -0.004521
v -0.059348 -0.031739 -0.010492
v -0.050174 -0.026251 -0.008921
v -0.050174 -0.026251 -0.008921
v -0.059348 -0.031739 -0.010492
v -0.056554 -0.034844 -0.014040
v -0.056554 -0.034844 -0.014040
v -0.053227 -0.038494 -0.015998
v -0.044526 -0.032741 -0.014420
v -0.037380 -0.041722 -0.014768
v -0.048948 -0.043882 -0.016814
v -0.045195 -0.049141 -0.015569
v -0.048948 -0.043882 -0.016814
v -0.037380 -0.041722 -0.014768
v -0.044526 -0.032741 -0.014420
v -0.045195 -0.049141 -0.015569
v -0.043244 -0.053328 -0.011909
v -0.037380 -0.041722 -0.014768
v -0.041287 -0.057295 -0.007106
v -0.032586 -0.048975 -0.006982
v -0.043244 -0.053328 -0.011909
v -0.038952 -0.062602 0.001811
v -0.026540 -0.059074 0.011964
v -0.029888 -0.054630 0.002560
v -0.026540 -0.059074 0.011964
v -0.038952 -0.062602 0.001811
v -0.035803 -0.067903 0.012059
v -0.008661 -0.082485 0.051556
v -0.024978 -0.083241 0.040364
v -0.017618 -0.090992 0.053158
v -0.024978 -0.083241 0.040364
v -0.008661 -0.082485 0.051556
v -0.015335 -0.074331 0.039069
v -0.009436 -0.099994 0.066323
v 0.005504 -0.099466 0.077670
v -0.001148 -0.091477 0.064518
v 0.005504 -0.099466 0.077670
v -0.009436 -0.099994 0.066323
v -0.001077 -0.106605 0.079614
v -0.035803 -0.067903 0.012059
v -0.021487 -0.066334 0.026269
v -0.026540 -0.059074 0.011964
v -0.021487 -0.066334 0.026269
v -0.035803 -0.067903 0.012059
v -0.030969 -0.075939 0.027104
v -0.015335 -0.074331 0.039069
v -0.030969 -0.075939 0.027104
v -0.024978 -0.083241 0.040364
v -0.030969 -0.075939 0.027104
v -0.015335 -0.074331 0.039069
v -0.021487 -0.066334 0.026269
v -0.001148 -0.091477 0.064518
v -0.017618 -0.090992 0.053158
v -0.009436 -0.099994 0.066323
v -0.017618 -0.090992 0.053158
v -0.001148 -0.091477 0.064518
v -0.008661 -0.082485 0.051556
v 0.004860 -0.017878 0.001389
v 0.005084 -0.011128 -0.007779
v 0.001054 -0.014124 -0.008075
v 0.004233 -0.015410 0.005807
v 0.007646 -0.012850 0.003897
v 0.004860 -0.017878 0.001389
v -0.004183 -0.008624 0.012742
v 0.001651 -0.005661 0.012215
v 0.001988 -0.013459 0.010553
v -0.016562 -0.049636 0.036758
v 0.003307 -0.047537 0.043274
v -0.009164 -0.058288 0.045359
v 0.003307 -0.047537 0.043274
v -0.016562 -0.049636 0.036758
v -0.003879 -0.038777 0.033944
v -0.029888 -0.054630 0.002560
v -0.041287 -0.057295 -0.007106
v -0.038952 -0.062602 0.001811
v -0.041287 -0.057295 -0.007106
v -0.029888 -0.054630 0.002560
v -0.032586 -0.048975 -0.006982
v -0.028556 -0.059651 0.039432
v -0.009164 -0.058288 0.045359
v -0.020926 -0.068563 0.047619
v -0.009164 -0.058288 0.045359
v -0.028556 -0.059651 0.039432
v -0.016562 -0.049636 0.036758
v -0.010029 -0.031249 0.026274
v 0.005513 -0.031778 0.031710
v -0.003879 -0.038777 0.033944
v 0.005513 -0.031778 0.031710
v -0.010029 -0.031249 0.026274
v -0.000867 -0.024728 0.023655
v -0.022678 -0.041285 0.029046
v -0.003879 -0.038777 0.033944
v -0.016562 -0.049636 0.036758
v -0.003879 -0.038777 0.033944
v -0.022678 -0.041285 0.029046
v -0.010029 -0.031249 0.026274
v 0.003761 -0.030091 0.014223
v 0.002768 -0.020780 0.001960
v 0.000366 -0.025529 0.004077
v -0.004188 -0.037691 0.013064
v 0.000366 -0.025529 0.004077
v -0.007349 -0.033572 0.003338
v 0.000366 -0.025529 0.004077
v -0.004188 -0.037691 0.013064
v 0.003761 -0.030091 0.014223
v 0.009202 -0.037276 0.025147
v -0.004188 -0.037691 0.013064
v 0.000760 -0.044337 0.025005
v -0.004188 -0.037691 0.013064
v 0.009202 -0.037276 0.025147
v 0.003761 -0.030091 0.014223
v 0.000760 -0.044337 0.025005
v 0.016238 -0.045285 0.035955
v 0.009202 -0.037276 0.025147
v 0.016238 -0.045285 0.035955
v 0.000760 -0.044337 0.025005
v 0.007047 -0.052981 0.036857
v 0.023087 -0.052499 0.046726
v 0.007047 -0.052981 0.036857
v 0.014120 -0.060858 0.048074
v 0.007047 -0.052981 0.036857
v 0.023087 -0.052499 0.046726
v 0.016238 -0.045285 0.035955
v -0.021258 -0.039361 -0.006019
v -0.014175 -0.023553 -0.011931
v -0.025854 -0.033464 -0.013075
v -0.014175 -0.023553 -0.011931
v -0.021258 -0.039361 -0.006019
v -0.009819 -0.029358 -0.004888
v -0.007349 -0.033572 0.003338
v -0.021258 -0.039361 -0.006019
v -0.018046 -0.043866 0.003015
v -0.021258 -0.039361 -0.006019
v -0.007349 -0.033572 0.003338
v -0.009819 -0.029358 -0.004888
v -0.018046 -0.043866 0.003015
v -0.004188 -0.037691 0.013064
v -0.007349 -0.033572 0.003338
v -0.004188 -0.037691 0.013064
v -0.018046 -0.043866 0.003015
v -0.015151 -0.048046 0.012422
v -0.015151 -0.048046 0.012422
v 0.000760 -0.044337 0.025005
v -0.004188 -0.037691 0.013064
v 0.000760 -0.044337 0.025005
v -0.015151 -0.048046 0.012422
v -0.010196 -0.054895 0.025274
v -0.010196 -0.054895 0.025274
v 0.007047 -0.052981 0.036857
v 0.000760 -0.044337 0.025005
v 0.007047 -0.052981 0.036857
v -0.010196 -0.054895 0.025274
v -0.003633 -0.063518 0.037497
v 0.014120 -0.060858 0.048074
v -0.003633 -0.063518 0.037497
v 0.002291 -0.072082 0.049598
v -0.003633 -0.063518 0.037497
v 0.014120 -0.060858 0.048074
v 0.007047 -0.052981 0.036857
v -0.049849 -0.033128 0.014998
v -0.059955 -0.036399 0.013926
v -0.051668 -0.027291 0.009858
v -0.035213 -0.051136 0.031870
v -0.039802 -0.068702 0.041956
v -0.046759 -0.059935 0.034695
v -0.039802 -0.068702 0.041956
v -0.020926 -0.068563 0.047619
v -0.031424 -0.077242 0.050285
v -0.020926 -0.068563 0.047619
v -0.039802 -0.068702 0.041956
v -0.028556 -0.059651 0.039432
v -0.013193 -0.077326 0.057754
v -0.031424 -0.077242 0.050285
v -0.020926 -0.068563 0.047619
v -0.031424 -0.077242 0.050285
v -0.013193 -0.077326 0.057754
v -0.023115 -0.085819 0.059572
v -0.004453 -0.087255 0.070055
v -0.023115 -0.085819 0.059572
v -0.013193 -0.077326 0.057754
v -0.038266 -0.019026 0.008805
v -0.035606 -0.022974 0.013280
v -0.049849 -0.033128 0.014998
v -0.016562 -0.049636 0.036758
v -0.035213 -0.051136 0.031870
v -0.022678 -0.041285 0.029046
v -0.035213 -0.051136 0.031870
v -0.016562 -0.049636 0.036758
v -0.028556 -0.059651 0.039432
v -0.050174 -0.026251 -0.008921
v -0.039606 -0.016789 0.000733
v -0.052069 -0.024455 0.001195
v -0.039606 -0.016789 0.000733
v -0.050174 -0.026251 -0.008921
v -0.038208 -0.018411 -0.007693
v -0.044526 -0.032741 -0.014420
v -0.038208 -0.018411 -0.007693
v -0.050174 -0.026251 -0.008921
v -0.038208 -0.018411 -0.007693
v -0.044526 -0.032741 -0.014420
v -0.033381 -0.024442 -0.013065
v -0.037380 -0.041722 -0.014768
v -0.033381 -0.024442 -0.013065
v -0.044526 -0.032741 -0.014420
v -0.033381 -0.024442 -0.013065
v -0.037380 -0.041722 -0.014768
v -0.025854 -0.033464 -0.013075
v -0.025854 -0.033464 -0.013075
v -0.032586 -0.048975 -0.006982
v -0.021258 -0.039361 -0.006019
v -0.032586 -0.048975 -0.006982
v -0.025854 -0.033464 -0.013075
v -0.037380 -0.041722 -0.014768
v -0.032586 -0.048975 -0.006982
v -0.018046 -0.043866 0.003015
v -0.021258 -0.039361 -0.006019
v -0.018046 -0.043866 0.003015
v -0.032586 -0.048975 -0.006982
v -0.029888 -0.054630 0.002560
v -0.029888 -0.054630 0.002560
v -0.015151 -0.048046 0.012422
v -0.018046 -0.043866 0.003015
v -0.015151 -0.048046 0.012422
v -0.029888 -0.054630 0.002560
v -0.026540 -0.059074 0.011964
v -0.026540 -0.059074 0.011964
v -0.010196 -0.054895 0.025274
v -0.015151 -0.048046 0.012422
v -0.010196 -0.054895 0.025274
v -0.026540 -0.059074 0.011964
v -0.021487 -0.066334 0.026269
v -0.003633 -0.063518 0.037497
v -0.021487 -0.066334 0.026269
v -0.015335 -0.074331 0.039069
v -0.021487 -0.066334 0.026269
v -0.003633 -0.063518 0.037497
v -0.010196 -0.054895 0.025274
v 0.002291 -0.072082 0.049598
v -0.015335 -0.074331 0.039069
v -0.008661 -0.082485 0.051556
v -0.015335 -0.074331 0.039069
v 0.002291 -0.072082 0.049598
v -0.003633 -0.063518 0.037497
v 0.010027 -0.080829 0.062337
v -0.008661 -0.082485 0.051556
v -0.001148 -0.091477 0.064518
v -0.008661 -0.082485 0.051556
v 0.010027 -0.080829 0.062337
v 0.002291 -0.072082 0.049598
v -0.037380 -0.041722 -0.014768
v -0.043244 -0.053328 -0.011909
v -0.032586 -0.048975 -0.006982
v -0.044526 -0.032741 -0.014420
v -0.053227 -0.038494 -0.015998
v -0.048948 -0.043882 -0.016814
v -0.056554 -0.034844 -0.014040
v -0.044526 -0.032741 -0.014420
v -0.050174 -0.026251 -0.008921
v -0.050174 -0.026251 -0.008921
v -0.052069 -0.024455 0.001195
v -0.061647 -0.029783 -0.004521
v -0.022614 -0.014963 0.012209
v -0.010702 -0.013012 0.014170
v -0.019602 -0.019432 0.015345
v -0.010702 -0.013012 0.014170
v -0.022614 -0.014963 0.012209
v -0.013946 -0.008704 0.011427
v -0.035606 -0.022974 0.013280
v -0.019602 -0.019432 0.015345
v -0.032201 -0.027962 0.017437
v -0.019602 -0.019432 0.015345
v -0.035606 -0.022974 0.013280
v -0.022614 -0.014963 0.012209
v -0.049849 -0.033128 0.014998
v -0.032201 -0.027962 0.017437
v -0.047394 -0.037520 0.019129
v -0.032201 -0.027962 0.017437
v -0.049849 -0.033128 0.014998
v -0.035606 -0.022974 0.013280
v -0.047394 -0.037520 0.019129
v -0.058701 -0.039559 0.016877
v -0.049849 -0.033128 0.014998
v -0.058701 -0.039559 0.016877
v -0.047394 -0.037520 0.019129
v -0.056009 -0.044991 0.021301
v -0.006617 -0.017698 0.017912
v -0.019602 -0.019432 0.015345
v -0.010702 -0.013012 0.014170
v -0.019602 -0.019432 0.015345
v -0.006617 -0.017698 0.017912
v -0.015770 -0.024153 0.019810
v -0.015770 -0.024153 0.019810
v -0.032201 -0.027962 0.017437
v -0.019602 -0.019432 0.015345
v -0.032201 -0.027962 0.017437
v -0.015770 -0.024153 0.019810
v -0.028474 -0.033376 0.022213
v -0.041639 -0.042899 0.024732
v -0.032201 -0.027962 0.017437
v -0.028474 -0.033376 0.022213
v -0.032201 -0.027962 0.017437
v -0.041639 -0.042899 0.024732
v -0.047394 -0.037520 0.019129
v -0.000867 -0.024728 0.023655
v -0.015770 -0.024153 0.019810
v -0.006617 -0.017698 0.017912
v -0.015770 -0.024153 0.019810
v -0.000867 -0.024728 0.023655
v -0.010029 -0.031249 0.026274
v -0.010029 -0.031249 0.026274
v -0.028474 -0.033376 0.022213
v -0.015770 -0.024153 0.019810
v -0.028474 -0.033376 0.022213
v -0.010029 -0.031249 0.026274
v -0.022678 -0.041285 0.029046
v -0.022678 -0.041285 0.029046
v -0.041639 -0.042899 0.024732
v -0.028474 -0.033376 0.022213
v -0.041639 -0.042899 0.024732
v -0.022678 -0.041285 0.029046
v -0.035213 -0.051136 0.031870
v -0.028556 -0.059651 0.039432
v -0.039802 -0.068702 0.041956
v -0.035213 -0.051136 0.031870
v 0.003307 -0.047537 0.043274
v -0.003879 -0.038777 0.033944
v 0.005513 -0.031778 0.031710
v 0.001334 -0.016489 0.012380
v 0.002568 -0.018487 0.008138
v 0.003956 -0.024356 0.020568
v -0.051668 -0.027291 0.009858
v -0.038266 -0.019026 0.008805
v -0.049849 -0.033128 0.014998
v -0.054598 -0.047728 0.023878
v -0.052598 -0.050915 0.027075
v -0.035143 -0.047647 0.014973
v -0.054598 -0.047728 0.023878
v -0.056009 -0.044991 0.021301
v -0.041639 -0.042899 0.024732
v -0.101767 -0.080689 0.006230
v -0.100092 -0.079652 0.006334
v -0.099409 -0.080927 0.005954
vn -0.6624 -0.7171 0.2166
vn -0.7013 -0.6702 0.2430
vn -0.6622 -0.7176 0.2156
vn -0.6882 -0.6863 0.2352
vn 0.6343 -0.3148 -0.7061
vn 0.5702 -0.3855 -0.7254
vn 0.5983 -0.3378 -0.7266
vn -0.3535 0.3467 -0.8688
vn 0.0747 -0.1259 -0.9892
vn 0.0619 0.0186 -0.9979
vn -0.3882 0.4517 -0.8033
vn -0.3536 0.3467 -0.8688
vn 0.0747 -0.1260 -0.9892
vn 0.2231 -0.3070 -0.9252
vn 0.3299 -0.3217 -0.8875
vn 0.0620 0.0185 -0.9979
vn -0.4415 0.4218 0.7919
vn -0.3948 0.3632 0.8439
vn -0.6770 0.6916 0.2518
vn -0.6836 0.6931 0.2285
vn 0.5419 -0.8017 -0.2521
vn 0.5507 -0.8343 -0.0270
vn 0.6519 -0.7570 0.0442
vn 0.6519 -0.7570 0.0443
vn 0.6478 -0.7546 -0.1045
vn 0.5419 -0.8018 -0.2520
vn 0.5507 -0.8343 -0.0269
vn 0.4321 -0.6958 0.5737
vn 0.4876 -0.6297 0.6048
vn 0.4876 -0.6296 0.6049
vn 0.4321 -0.6958 0.5738
vn 0.0635 -0.2073 0.9762
vn 0.0497 -0.1657 0.9849
vn 0.0496 -0.1656 0.9850
vn 0.0635 -0.2072 0.9762
vn -0.3947 0.3631 0.8440
vn -0.3948 0.3631 0.8440
vn -0.4415 0.4217 0.7920
vn 0.0496 -0.1656 0.9849
vn -0.6836 0.6932 0.2284
vn -0.6770 0.6916 0.2517
vn -0.6517 0.6614 -0.3713
vn -0.6625 0.6884 -0.2953
vn -0.6625 0.6883 -0.2955
vn -0.6517 0.6613 -0.3714
vn -0.3883 0.4518 -0.8032
vn -0.6836 0.6932 0.2285
vn -0.6728 0.7022 0.2330
vn -0.4151 0.4581 0.7860
vn -0.4152 0.4581 0.7860
vn 0.6162 -0.4137 -0.6702
vn 0.1864 0.1209 -0.9750
vn 0.0620 0.0186 -0.9979
vn 0.3299 -0.3216 -0.8875
vn 0.5336 -0.5381 0.6525
vn 0.7201 -0.6558 0.2267
vn 0.1005 -0.1059 0.9893
vn 0.5335 -0.5380 0.6526
vn 0.4876 -0.6296 0.6048
vn -0.6625 0.6884 -0.2954
vn -0.6506 0.7061 -0.2795
vn -0.6728 0.7022 0.2329
vn -0.6625 0.6883 -0.2954
vn -0.3883 0.4517 -0.8032
vn -0.3376 0.5352 -0.7743
vn -0.6505 0.7061 -0.2796
vn -0.6506 0.7061 -0.2796
vn -0.3376 0.5353 -0.7743
vn -0.3375 0.5352 -0.7743
vn -0.4415 0.4218 0.7920
vn -0.4151 0.4580 0.7861
vn 0.1004 -0.1058 0.9893
vn 0.7201 -0.6557 0.2267
vn 0.7520 -0.6452 -0.1348
vn 0.7521 -0.6451 -0.1348
vn 0.6479 -0.7545 -0.1045
vn -0.6444 0.7191 -0.2599
vn -0.6445 0.7191 -0.2599
vn -0.6577 0.7117 0.2466
vn -0.3354 0.5635 -0.7549
vn -0.6444 0.7191 -0.2600
vn -0.3353 0.5635 -0.7550
vn -0.3375 0.5352 -0.7744
vn 0.1864 0.1210 -0.9750
vn 0.2538 0.1904 -0.9483
vn -0.4151 0.4580 0.7860
vn -0.3772 0.4969 0.7816
vn -0.3772 0.4969 0.7815
vn 0.1660 -0.0284 0.9857
vn 0.7181 -0.6958 0.0142
vn 0.7201 -0.6558 0.2266
vn 0.7193 -0.6576 0.2241
vn 0.7376 -0.6737 0.0463
vn 0.7181 -0.6958 0.0141
vn 0.8073 -0.5803 -0.1075
vn 0.7044 -0.3133 -0.6369
vn 0.8073 -0.5803 -0.1074
vn 0.7376 -0.6736 0.0463
vn 0.5335 -0.5381 0.6526
vn 0.1006 -0.1059 0.9893
vn 0.1661 -0.0284 0.9857
vn 0.5906 -0.4687 0.6569
vn -0.6578 0.7117 0.2466
vn -0.6171 0.7600 -0.2037
vn -0.6395 0.7258 0.2534
vn -0.3267 0.5961 0.7335
vn 0.2272 0.0993 0.9688
vn 0.2353 0.1050 0.9662
vn 0.2352 0.1049 0.9663
vn -0.3362 0.5684 0.7509
vn -0.6395 0.7258 0.2535
vn -0.3445 0.5286 0.7759
vn -0.3772 0.4970 0.7815
vn -0.6577 0.7117 0.2467
vn 0.7157 -0.6673 0.2060
vn 0.7361 -0.6661 0.1205
vn 0.7193 -0.6575 0.2241
vn 0.7158 -0.6673 0.2060
vn 0.7361 -0.6661 0.1206
vn 0.8444 -0.5354 -0.0192
vn 0.8315 -0.2332 -0.5042
vn 0.8250 -0.2096 -0.5249
vn 0.8117 -0.5802 0.0675
vn 0.7700 -0.6287 0.1085
vn 0.8126 -0.2931 -0.5038
vn 0.7436 -0.6575 0.1218
vn 0.8126 -0.2932 -0.5038
vn -0.3354 0.5635 -0.7550
vn -0.2922 0.6233 -0.7254
vn -0.6171 0.7600 -0.2038
vn -0.6172 0.7600 -0.2038
vn 0.7157 -0.6673 0.2061
vn 0.7193 -0.6575 0.2242
vn 0.5906 -0.4688 0.6569
vn 0.5906 -0.4687 0.6568
vn 0.6172 -0.4422 0.6508
vn 0.7158 -0.6673 0.2061
vn -0.3444 0.5285 0.7759
vn 0.2142 0.0538 0.9753
vn -0.5792 -0.1771 -0.7957
vn -0.2255 -0.1775 -0.9579
vn -0.4665 0.4213 -0.7777
vn -0.4664 0.4214 -0.7777
vn -0.6267 0.4384 -0.6442
vn -0.5792 -0.1772 -0.7957
vn 0.0680 -0.9502 -0.3043
vn 0.3019 -0.9530 0.0248
vn 0.2993 -0.9498 0.0917
vn 0.1599 -0.7283 -0.6663
vn 0.0679 -0.9501 -0.3043
vn 0.1600 -0.7283 -0.6663
vn 0.0680 -0.9501 -0.3043
vn 0.1598 -0.7283 -0.6663
vn -0.9232 0.3825 -0.0383
vn -0.9300 -0.3604 0.0719
vn -0.6267 0.4384 -0.6443
vn -0.6414 0.7671 -0.0133
vn -0.6372 0.7409 -0.2122
vn -0.7589 0.6316 -0.1585
vn -0.7589 0.6317 -0.1585
vn -0.6883 0.7245 -0.0380
vn -0.6553 0.7471 -0.1113
vn -0.5209 0.5768 0.6293
vn -0.6111 0.5724 0.5467
vn -0.6112 0.5724 0.5466
vn -0.6728 0.7322 -0.1054
vn -0.8902 0.4126 0.1931
vn -0.6112 0.5723 0.5467
vn -0.5094 -0.1300 0.8507
vn -0.5094 -0.1301 0.8506
vn -0.9154 -0.3076 0.2597
vn -0.9154 -0.3075 0.2597
vn 0.0765 -0.9066 0.4150
vn -0.3239 -0.9357 0.1401
vn -0.9154 -0.3075 0.2596
vn -0.6414 0.7671 -0.0132
vn -0.6883 0.7244 -0.0379
vn -0.7207 0.6623 0.2048
vn -0.7208 0.6622 0.2048
vn -0.6150 0.7681 0.1783
vn 0.4127 -0.8831 -0.2231
vn 0.3005 -0.9093 -0.2878
vn 0.2008 -0.5958 -0.7777
vn 0.2007 -0.5958 -0.7776
vn 0.2646 -0.7055 -0.6574
vn 0.4127 -0.8831 -0.2230
vn 0.3574 -0.8984 -0.2553
vn 0.1632 -0.5342 -0.8295
vn 0.1632 -0.5341 -0.8295
vn 0.2008 -0.5958 -0.7776
vn -0.9231 0.3825 -0.0383
vn -0.6089 0.4834 0.6290
vn -0.6061 0.0955 0.7896
vn -0.9300 -0.3604 0.0718
vn -0.4071 -0.8684 0.2832
vn -0.1057 -0.7297 0.6755
vn 0.0305 -0.9922 0.1207
vn 0.0305 -0.9922 0.1208
vn -0.1561 -0.9839 -0.0870
vn -0.4072 -0.8683 0.2832
vn 0.3559 -0.9334 -0.0454
vn -0.5825 0.7001 -0.4130
vn -0.4910 0.6636 -0.5644
vn -0.5824 0.7002 -0.4130
vn -0.6684 0.7385 0.0886
vn -0.6089 0.4835 0.6289
vn -0.8116 0.5624 0.1577
vn -0.8116 0.5625 0.1577
vn -0.7128 0.6804 -0.1703
vn -0.6685 0.7384 0.0886
vn -0.3273 -0.1352 -0.9352
vn 0.1166 -0.6172 -0.7781
vn 0.2820 -0.6600 -0.6964
vn 0.2820 -0.6599 -0.6964
vn -0.0215 -0.0880 -0.9959
vn -0.3273 -0.1351 -0.9352
vn -0.0216 -0.0879 -0.9959
vn -0.3782 0.4606 -0.8030
vn -0.5868 0.4824 -0.6503
vn 0.2788 -0.9473 0.1581
vn 0.4172 -0.8920 0.1741
vn 0.4172 -0.8920 0.1742
vn 0.2820 -0.6600 -0.6963
vn -0.5868 0.4825 -0.6503
vn -0.3782 0.4607 -0.8029
vn -0.6006 0.7888 -0.1304
vn -0.6006 0.7888 -0.1305
vn -0.6331 0.7736 0.0273
vn -0.5869 0.4824 -0.6503
vn -0.7015 -0.5608 -0.4398
vn -0.5903 -0.7765 -0.2203
vn -0.3240 -0.9357 0.1400
vn -0.0047 -0.9525 -0.3047
vn -0.7015 -0.5608 -0.4397
vn -0.7988 0.4217 -0.4291
vn -0.8902 0.4126 0.1932
vn -0.6162 0.6996 0.3618
vn -0.5620 0.7505 0.3478
vn 0.2056 -0.4628 0.8623
vn 0.1248 -0.5950 0.7940
vn -0.1375 0.0066 0.9905
vn -0.1162 0.1225 0.9856
vn -0.4541 0.6283 0.6317
vn -0.1163 0.1226 0.9856
vn -0.1375 0.0067 0.9905
vn -0.4295 0.5600 0.7085
vn -0.4540 0.6284 0.6316
vn 0.4172 -0.8920 0.1743
vn 0.2788 -0.9472 0.1581
vn 0.1248 -0.5950 0.7939
vn 0.1248 -0.5951 0.7939
vn 0.2056 -0.4629 0.8622
vn -0.4541 0.6284 0.6316
vn -0.4295 0.5601 0.7084
vn -0.6331 0.7736 0.0274
vn -0.4085 -0.1618 0.8983
vn -0.8607 -0.3084 0.4050
vn -0.7894 0.3280 0.5189
vn -0.7893 0.3281 0.5190
vn -0.5246 0.5366 0.6609
vn -0.4084 -0.1618 0.8983
vn -0.8608 -0.3081 0.4051
vn -0.4085 -0.1619 0.8983
vn 0.1270 -0.8232 0.5534
vn 0.0968 -0.8985 0.4282
vn -0.8608 -0.3083 0.4050
vn -0.5619 0.7505 0.3479
vn -0.6162 0.6995 0.3619
vn -0.6485 0.5677 0.5071
vn -0.5318 0.7044 0.4701
vn -0.4436 -0.0924 -0.8915
vn -0.1470 -0.0144 -0.9890
vn -0.5459 0.4860 -0.6825
vn -0.5459 0.4860 -0.6824
vn -0.6613 0.5604 -0.4987
vn 0.3462 -0.6028 -0.7189
vn -0.1470 -0.0145 -0.9890
vn -0.4436 -0.0925 -0.8915
vn 0.0591 -0.6040 -0.7948
vn 0.3463 -0.6028 -0.7188
vn 0.0590 -0.6039 -0.7948
vn 0.4930 -0.8585 0.1412
vn 0.5729 -0.8186 0.0415
vn 0.0589 -0.6040 -0.7948
vn -0.5460 0.4861 -0.6824
vn -0.6709 0.7415 0.0087
vn -0.6326 0.7543 0.1758
vn -0.7089 -0.5128 -0.4843
vn -0.5200 -0.8079 -0.2774
vn 0.0969 -0.8985 0.4282
vn 0.1800 -0.9801 0.0837
vn -0.7088 -0.5129 -0.4843
vn -0.8502 0.5135 -0.1164
vn -0.8608 -0.3082 0.4050
vn -0.7088 -0.5128 -0.4843
vn -0.8502 0.5134 -0.1164
vn 0.4101 -0.9071 0.0951
vn 0.1800 -0.9801 0.0836
vn 0.0969 -0.8984 0.4283
vn -0.7591 0.5350 0.3709
vn -0.6313 0.6368 0.4427
vn -0.5755 0.6231 0.5297
vn -0.6486 0.5676 0.5071
vn -0.7591 0.5349 0.3709
vn -0.4917 0.5799 0.6495
vn -0.0391 0.0427 0.9983
vn 0.0580 0.0121 0.9982
vn -0.3836 0.5494 0.7423
vn -0.4918 0.5799 0.6495
vn 0.4385 -0.5612 0.7020
vn 0.4229 -0.5572 0.7146
vn 0.0580 0.0120 0.9982
vn 0.4930 -0.8585 0.1413
vn 0.4229 -0.5573 0.7146
vn 0.4386 -0.5612 0.7019
vn 0.5729 -0.8186 0.0416
vn -0.6326 0.7543 0.1759
vn -0.6709 0.7415 0.0089
vn -0.4918 0.5800 0.6495
vn -0.4918 0.5800 0.6494
vn 0.4931 -0.8585 0.1412
vn 0.4684 -0.8610 0.1982
vn 0.4683 -0.8610 0.1982
vn 0.4787 -0.5940 0.6466
vn 0.4229 -0.5573 0.7145
vn 0.5556 -0.5717 0.6037
vn 0.4860 -0.8617 0.1461
vn 0.5991 -0.5904 0.5409
vn -0.5318 0.7044 0.4700
vn -0.5754 0.6232 0.5297
vn -0.3144 0.6116 0.7261
vn -0.3143 0.6115 0.7261
vn -0.1507 0.4739 0.8676
vn 0.2824 0.0568 0.9576
vn 0.8111 -0.3409 -0.4752
vn 0.7057 -0.6669 0.2395
vn 0.8010 -0.5143 -0.3065
vn 0.6048 -0.6448 0.4674
vn 0.1734 -0.7373 0.6529
vn -0.0198 -0.4696 0.8827
vn -0.2450 0.3833 -0.8905
vn 0.3448 0.1527 -0.9262
vn 0.3667 0.0855 -0.9264
vn -0.2804 0.3067 -0.9096
vn -0.4810 -0.8563 0.1880
vn -0.9589 -0.2699 -0.0871
vn -0.6844 -0.2129 0.6974
vn -0.7546 0.0235 -0.6557
vn -0.7801 0.1715 -0.6016
vn -0.9590 -0.2699 -0.0871
vn -0.9590 -0.2699 -0.0870
vn -0.6893 -0.5718 -0.4449
vn -0.7546 0.0235 -0.6558
vn 0.1733 -0.7374 0.6529
vn -0.6843 -0.2130 0.6974
vn -0.0198 -0.4695 0.8827
vn -0.7546 0.0236 -0.6558
vn -0.6314 0.2968 -0.7164
vn -0.7801 0.1716 -0.6017
vn -0.5748 0.7545 0.3166
vn -0.6121 0.7282 0.3083
vn -0.6151 0.7884 -0.0071
vn -0.6173 0.7864 0.0227
vn -0.5385 0.7622 -0.3593
vn -0.5906 0.7501 -0.2974
vn -0.6173 0.7864 0.0226
vn -0.6151 0.7884 -0.0072
vn -0.6120 0.7282 0.3084
vn -0.5748 0.7545 0.3167
vn -0.3335 0.5907 0.7347
vn -0.3267 0.5961 0.7334
vn 0.3560 -0.9334 -0.0453
vn 0.3966 -0.9156 -0.0666
vn 0.4701 -0.8825 -0.0158
vn -0.3123 -0.0125 -0.9499
vn -0.3690 0.3856 -0.8457
vn -0.4636 0.3885 -0.7963
vn -0.5261 -0.0129 -0.8503
vn -0.3123 -0.0126 -0.9499
vn -0.5262 -0.0130 -0.8503
vn -0.3652 -0.6260 -0.6891
vn -0.3652 -0.6260 -0.6890
vn -0.1095 -0.5217 -0.8461
vn -0.3122 -0.0126 -0.9499
vn -0.0328 -0.9703 -0.2398
vn 0.1728 -0.8630 -0.4748
vn -0.1094 -0.5218 -0.8460
vn -0.1095 -0.5218 -0.8460
vn -0.3652 -0.6259 -0.6891
vn -0.0328 -0.9703 -0.2399
vn 0.4102 -0.9070 0.0951
vn 0.4020 -0.9152 0.0278
vn 0.5461 -0.8364 0.0482
vn -0.4630 0.6327 -0.6208
vn -0.4670 0.6405 -0.6097
vn -0.5906 0.7501 -0.2975
vn -0.5385 0.7621 -0.3594
vn -0.4630 0.6327 -0.6207
vn 0.6219 -0.7575 0.1986
vn 0.5758 -0.7678 0.2811
vn 0.7033 -0.6798 0.2078
vn 0.7033 -0.6799 0.2078
vn 0.6916 -0.6931 0.2034
vn 0.6219 -0.7575 0.1985
vn 0.6218 -0.7575 0.1987
vn 0.6915 -0.6931 0.2035
vn 0.6332 -0.4598 0.6226
vn 0.6332 -0.4597 0.6226
vn 0.6288 -0.4987 0.5965
vn 0.6288 -0.4986 0.5966
vn 0.6332 -0.4597 0.6227
vn 0.2353 0.1049 0.9662
vn 0.2229 0.0637 0.9727
vn 0.6044 -0.5623 0.5643
vn 0.6045 -0.5623 0.5643
vn -0.3335 0.5907 0.7348
vn 0.2229 0.0638 0.9728
vn 0.2272 0.0994 0.9688
vn -0.3335 0.5906 0.7348
vn 0.5697 -0.8137 0.1153
vn 0.6218 -0.7575 0.1986
vn 0.6288 -0.4987 0.5966
vn 0.6044 -0.5624 0.5643
vn 0.5697 -0.8137 0.1152
vn 0.4002 -0.8368 0.3736
vn 0.1734 -0.7374 0.6529
vn 0.7056 -0.6669 0.2395
vn 0.7435 -0.6575 0.1219
vn 0.4005 -0.8368 0.3733
vn 0.7436 -0.6575 0.1217
vn 0.8112 -0.3409 -0.4752
vn 0.8125 -0.2932 -0.5039
vn -0.4809 -0.8564 0.1880
vn 0.1733 -0.7373 0.6529
vn -0.2060 0.4491 -0.8694
vn 0.3476 0.1945 -0.9172
vn 0.3447 0.1526 -0.9262
vn -0.4653 0.4602 -0.7561
vn -0.5325 0.4244 -0.7323
vn -0.4629 0.6326 -0.6208
vn -0.4062 0.6181 -0.6730
vn 0.5758 -0.7677 0.2811
vn 0.7700 -0.6288 0.1086
vn 0.7700 -0.6287 0.1086
vn 0.2645 -0.7055 -0.6575
vn 0.1728 -0.8630 -0.4747
vn 0.2646 -0.7055 -0.6575
vn 0.4701 -0.8825 -0.0159
vn 0.3994 -0.9165 0.0217
vn 0.3560 -0.9334 -0.0454
vn 0.3391 -0.9395 -0.0497
vn 0.3994 -0.9165 0.0218
vn -0.8117 0.5625 0.1577
vn -0.7235 0.5733 -0.3845
vn -0.9232 0.3825 -0.0382
vn -0.6865 0.6413 0.3426
vn -0.7928 0.6090 -0.0228
vn -0.5596 0.5869 0.5852
vn -0.7546 0.0236 -0.6557
vn -0.6893 -0.5718 -0.4448
vn -0.1292 -0.0598 -0.9898
vn 0.1727 -0.8630 -0.4748
vn -0.4974 0.7386 -0.4550
vn -0.1948 0.5840 -0.7881
vn -0.1947 0.5840 -0.7881
vn -0.2922 0.6232 -0.7254
vn 0.3162 0.2780 -0.9070
vn 0.3476 0.2989 -0.8888
vn -0.4062 0.6182 -0.6729
vn -0.4629 0.6327 -0.6208
vn -0.5385 0.7622 -0.3594
vn -0.4974 0.7387 -0.4550
vn 0.2538 0.1905 -0.9483
vn -0.2059 0.4491 -0.8694
vn -0.1449 0.5416 -0.8280
vn -0.1449 0.5416 -0.8281
vn 0.3667 0.2687 -0.8907
vn 0.3477 0.1945 -0.9172
vn -0.5417 0.5808 -0.6077
vn -0.4326 0.4591 -0.7759
vn -0.0728 -0.0136 -0.9973
vn -0.0727 -0.0136 -0.9973
vn -0.2195 0.0994 -0.9705
vn -0.1293 -0.0597 -0.9898
vn -0.3396 0.4281 -0.8375
vn 0.2590 -0.0336 0.9653
vn -0.2351 0.4670 0.8524
vn -0.3632 0.5016 0.7852
vn -0.3631 0.5016 0.7852
vn 0.0808 -0.0010 0.9967
vn 0.2590 -0.0335 0.9653
vn 0.0809 -0.0010 0.9967
vn 0.4787 -0.5939 0.6466
vn 0.5556 -0.5716 0.6038
vn 0.2825 0.0568 0.9576
vn 0.3240 -0.0168 0.9459
vn 0.5556 -0.5717 0.6038
vn 0.3239 -0.0167 0.9459
vn -0.2194 0.0994 -0.9705
vn 0.2007 -0.5958 -0.7777
vn 0.2008 -0.5957 -0.7777
vn 0.5439 -0.6198 0.5658
vn 0.5565 -0.5856 0.5894
vn 0.7519 -0.5943 0.2856
vn 0.5382 -0.5957 0.5962
vn 0.4705 -0.7203 0.5097
vn 0.8278 -0.4893 -0.2744
vn 0.8513 -0.4693 -0.2347
vn 0.5383 -0.5957 0.5962
vn 0.5253 -0.0628 -0.8486
vn 0.7293 -0.2358 -0.6423
vn 0.5402 -0.0495 -0.8401
vn -0.0920 -0.4127 0.9062
vn -0.0844 -0.3875 0.9180
vn 0.5564 -0.5856 0.5895
vn -0.1737 -0.5275 0.8316
vn -0.0796 -0.3775 0.9226
vn 0.2711 -0.9524 0.1397
vn 0.3233 -0.8530 0.4096
vn -0.2844 -0.6955 0.6599
vn -0.3832 -0.8711 0.3072
vn -0.4791 -0.8775 -0.0219
vn 0.0397 -0.9978 -0.0524
vn 0.0397 -0.9978 -0.0523
vn 0.2710 -0.9524 0.1397
vn 0.5004 -0.1143 -0.8582
vn -0.0600 0.2657 -0.9622
vn -0.2245 0.2342 -0.9459
vn -0.2244 0.2342 -0.9459
vn 0.4002 -0.0809 -0.9129
vn 0.5005 -0.1143 -0.8582
vn 0.3668 0.0855 -0.9264
vn 0.3448 0.1526 -0.9262
vn 0.3604 0.0379 -0.9320
vn -0.0199 0.2649 -0.9641
vn 0.0022 0.3058 -0.9521
vn 0.5678 -0.0637 -0.8207
vn -0.9218 0.3852 0.0439
vn -0.6978 -0.0002 0.7163
vn -0.6843 -0.2129 0.6974
vn -0.9843 0.1767 0.0010
vn -0.9218 0.3852 0.0440
vn -0.9117 0.2774 0.3029
vn -0.6719 -0.0094 0.7406
vn -0.6978 -0.0001 0.7163
vn -0.7463 0.5263 -0.4075
vn -0.5794 0.5045 -0.6401
vn -0.5479 0.5471 -0.6328
vn -0.6718 -0.0095 0.7406
vn -0.0921 -0.4127 0.9062
vn -0.8639 -0.3941 0.3137
vn -0.2845 -0.6954 0.6599
vn -0.7612 -0.3036 0.5731
vn -0.8639 -0.3941 0.3136
vn -0.0601 0.2658 -0.9622
vn -0.6121 0.4512 -0.6494
vn -0.7080 0.3705 -0.6012
vn -0.7079 0.3706 -0.6013
vn -0.0600 0.2658 -0.9622
vn 0.0021 0.3058 -0.9521
vn -0.0200 0.2649 -0.9641
vn -0.4051 0.3998 -0.8222
vn -0.4051 0.3997 -0.8222
vn -0.5868 0.4774 -0.6541
vn -0.6605 -0.0017 0.7508
vn -0.7012 -0.1209 0.7027
vn -0.1738 -0.5275 0.8316
vn -0.1738 -0.5274 0.8316
vn -0.0797 -0.3774 0.9226
vn -0.9843 0.1768 0.0009
vn -0.7080 0.3706 -0.6012
vn 0.5438 -0.6197 0.5659
vn -0.0197 -0.4696 0.8827
vn 0.5438 -0.6198 0.5659
vn 0.4002 -0.0809 -0.9128
vn 0.8009 -0.5143 -0.3066
vn 0.8010 -0.5142 -0.3066
vn 0.8255 -0.5251 -0.2071
vn 0.5005 -0.1144 -0.8582
vn 0.3234 -0.8530 0.4096
vn 0.7389 -0.6565 -0.1519
vn 0.8278 -0.4893 -0.2745
vn -0.5676 0.5260 -0.6334
vn -0.7464 0.5262 -0.4075
vn -0.5480 0.5471 -0.6328
vn -0.9135 0.4012 0.0676
vn -0.9203 0.3900 0.0310
vn -0.7012 -0.1209 0.7026
vn -0.6606 -0.0016 0.7508
vn -0.0093 0.3398 -0.9405
vn -0.0072 0.3249 -0.9457
vn -0.5675 0.5260 -0.6335
vn -0.5674 0.5260 -0.6336
vn -0.5479 0.5471 -0.6329
vn -0.0092 0.3397 -0.9405
vn 0.5408 -0.0484 -0.8398
vn -0.0071 0.3248 -0.9457
vn 0.5402 -0.0494 -0.8401
vn 0.7293 -0.2357 -0.6424
vn 0.0263 0.3161 -0.9484
vn 0.5483 -0.0291 -0.8358
vn 0.0021 0.3059 -0.9521
vn -0.5868 0.4774 -0.6540
vn -0.5330 0.5176 -0.6693
vn 0.0262 0.3162 -0.9483
vn -0.9203 0.3900 0.0311
vn -0.9738 0.2217 0.0501
vn -0.9738 0.2218 0.0501
vn -0.7612 -0.3036 0.5730
vn -0.7013 -0.1209 0.7026
vn -0.5869 0.4774 -0.6540
vn -0.5331 0.5176 -0.6693
vn -0.8639 -0.3942 0.3135
vn -0.8236 -0.5596 0.0920
vn -0.8237 -0.5596 0.0920
vn -0.4792 -0.8774 -0.0220
vn -0.3832 -0.8711 0.3071
vn 0.5483 -0.0292 -0.8358
vn 0.6986 -0.2104 -0.6839
vn 0.5678 -0.0638 -0.8207
vn 0.5484 -0.0292 -0.8357
vn 0.3234 -0.8531 0.4095
vn 0.2711 -0.9524 0.1396
vn -0.4052 0.3997 -0.8222
vn 0.0397 -0.9978 -0.0525
vn 0.3233 -0.8531 0.4096
vn -0.7612 -0.3037 0.5731
vn -0.2844 -0.6954 0.6599
vn -0.2194 0.0995 -0.9705
vn -0.2222 0.1288 -0.9664
vn -0.5238 0.6198 -0.5843
vn -0.5417 0.5807 -0.6077
vn -0.2195 0.0995 -0.9705
vn -0.2222 0.1288 -0.9665
vn -0.2194 0.0994 -0.9706
vn -0.5347 0.6585 -0.5296
vn -0.5450 0.6549 -0.5236
vn -0.2079 0.1550 -0.9658
vn -0.2268 0.1769 -0.9577
vn 0.2420 -0.4830 -0.8415
vn 0.2419 -0.4830 -0.8416
vn 0.2283 -0.5161 -0.8255
vn -0.1886 0.1603 -0.9689
vn 0.2640 -0.4978 -0.8261
vn 0.2728 -0.5324 -0.8013
vn -0.1670 0.1330 -0.9769
vn -0.1706 0.1146 -0.9787
vn 0.2728 -0.5325 -0.8013
vn -0.5343 0.6586 -0.5299
vn -0.1670 0.1331 -0.9769
vn -0.5211 0.6668 -0.5327
vn 0.3575 -0.8984 -0.2553
vn 0.5139 -0.8343 -0.1997
vn 0.3575 -0.8983 -0.2553
vn 0.2283 -0.5162 -0.8255
vn 0.2420 -0.4831 -0.8415
vn 0.5139 -0.8343 -0.1996
vn 0.4688 -0.8759 -0.1138
vn 0.2640 -0.4979 -0.8261
vn 0.4851 -0.8671 -0.1132
vn 0.4951 -0.8609 -0.1174
vn 0.4950 -0.8609 -0.1174
vn 0.2427 -0.5602 -0.7920
vn 0.4522 -0.8860 -0.1026
vn -0.3981 -0.9167 -0.0354
vn -0.4112 -0.5711 -0.7105
vn -0.0179 -0.7208 -0.6929
vn 0.0750 -0.9951 -0.0647
vn -0.3981 -0.9167 -0.0353
vn -0.6526 -0.7567 0.0390
vn -0.6374 -0.5743 -0.5137
vn -0.6058 0.7821 0.1462
vn -0.5343 0.6587 -0.5298
vn -0.5211 0.6669 -0.5326
vn -0.5999 0.7894 0.1300
vn -0.5417 0.5808 -0.6076
vn -0.5238 0.6199 -0.5842
vn -0.6320 0.7672 0.1100
vn -0.5041 0.6889 -0.5208
vn -0.5071 0.7039 -0.4973
vn -0.5584 0.8171 0.1436
vn -0.5839 0.7997 0.1401
vn -0.5041 0.6890 -0.5207
vn -0.6061 0.0956 0.7896
vn -0.6089 0.4834 0.6289
vn -0.4229 0.4760 0.7711
vn -0.0770 -0.1372 0.9875
vn -0.6060 0.0956 0.7897
vn -0.3892 0.4755 0.7889
vn 0.0191 -0.0939 0.9954
vn 0.0112 -0.0845 0.9964
vn 0.3538 -0.6456 0.6768
vn 0.0112 -0.0846 0.9964
vn 0.0191 -0.0940 0.9954
vn -0.0073 -0.0981 0.9951
vn 0.3537 -0.6456 0.6768
vn 0.3537 -0.6457 0.6768
vn 0.3786 -0.6786 0.6294
vn -0.3533 0.4518 0.8192
vn -0.3879 0.4755 0.7896
vn -0.0074 -0.0980 0.9952
vn 0.3916 -0.6748 0.6256
vn 0.3651 -0.6469 0.6695
vn 0.0289 -0.0942 0.9951
vn 0.0289 -0.0941 0.9951
vn 0.0330 -0.1153 0.9928
vn 0.3915 -0.6748 0.6256
vn 0.0329 -0.1153 0.9928
vn 0.0288 -0.0941 0.9951
vn -0.3762 0.4832 0.7906
vn -0.3762 0.4832 0.7905
vn -0.3889 0.4916 0.7792
vn 0.2660 -0.7638 0.5882
vn 0.3786 -0.6787 0.6293
vn 0.5140 -0.8343 -0.1996
vn 0.3575 -0.8984 -0.2552
vn 0.2659 -0.7637 0.5882
vn 0.3580 -0.6572 0.6633
vn 0.4661 -0.8733 -0.1416
vn 0.3494 -0.6720 0.6530
vn 0.4852 -0.8671 -0.1132
vn 0.3651 -0.6470 0.6694
vn 0.3916 -0.6749 0.6255
vn 0.0750 -0.9951 -0.0646
vn 0.0442 -0.7527 0.6569
vn -0.2865 -0.6871 0.6677
vn -0.2864 -0.6871 0.6678
vn -0.3890 0.4916 0.7791
vn -0.3762 0.4833 0.7905
vn -0.6057 0.7821 0.1463
vn -0.5999 0.7894 0.1301
vn -0.3889 0.4916 0.7791
vn -0.6319 0.7672 0.1100
vn -0.4229 0.4761 0.7710
vn -0.5584 0.8171 0.1437
vn -0.3926 0.5624 0.7277
vn -0.4082 0.5216 0.7492
vn -0.5839 0.7996 0.1402
vn 0.1447 -0.6245 -0.7675
vn -0.0327 -0.2622 -0.9645
vn -0.1705 0.1146 -0.9787
vn 0.1447 -0.6246 -0.7674
vn 0.3112 -0.9431 -0.1173
vn 0.1448 -0.6246 -0.7674
vn 0.4522 -0.8860 -0.1025
vn 0.3494 -0.6719 0.6530
vn 0.2421 -0.7193 0.6512
vn 0.3111 -0.9431 -0.1173
vn -0.2761 -0.0522 -0.9597
vn -0.0328 -0.2622 -0.9645
vn 0.0442 -0.7526 0.6570
vn -0.1723 -0.0573 0.9834
vn -0.2864 -0.6870 0.6678
vn 0.2421 -0.7192 0.6512
vn 0.3494 -0.6719 0.6531
vn -0.0029 -0.0817 0.9967
vn -0.0029 -0.0816 0.9967
vn -0.0720 -0.0627 0.9954
vn 0.2282 -0.5162 -0.8255
vn 0.2473 -0.5144 -0.8211
vn -0.1922 0.1709 -0.9663
vn 0.2474 -0.5144 -0.8211
vn 0.4688 -0.8760 -0.1138
vn 0.4662 -0.8733 -0.1416
vn 0.4688 -0.8759 -0.1137
vn 0.5140 -0.8343 -0.1997
vn 0.3786 -0.6786 0.6293
vn 0.3538 -0.6457 0.6767
vn -0.4082 0.5215 0.7493
vn -0.3925 0.5624 0.7278
vn -0.5083 0.6826 -0.5252
vn -0.5211 0.6669 -0.5327
vn -0.1671 0.1330 -0.9769
vn -0.5915 0.7951 0.1338
vn -0.5999 0.7895 0.1300
vn -0.3976 0.5092 0.7633
vn -0.0030 -0.0816 0.9967
vn -0.5915 0.7951 0.1340
vn -0.4256 0.5268 -0.7358
vn -0.0328 -0.2622 -0.9644
vn -0.5412 0.8315 0.1255
vn -0.5071 0.7040 -0.4973
vn -0.5119 0.6674 -0.5409
vn -0.3926 0.5625 0.7277
vn -0.5412 0.8315 0.1256
vn -0.3931 0.5646 0.7257
vn -0.2761 -0.0523 -0.9597
vn -0.0720 -0.0628 0.9954
vn 0.0442 -0.7526 0.6569
vn 0.2421 -0.7192 0.6513
vn -0.2762 -0.0522 -0.9597
vn -0.5455 0.7578 -0.3579
vn -0.1724 -0.0572 0.9834
vn -0.3930 0.5645 0.7258
vn -0.5455 0.7578 -0.3580
vn -0.5499 0.8326 0.0655
vn -0.5412 0.8315 0.1254
vn -0.5455 0.7578 -0.3578
vn -0.5499 0.8326 0.0657
vn -0.4799 0.7031 0.5247
vn -0.4799 0.7031 0.5248
vn -0.3931 0.5646 0.7258
vn -0.5235 -0.6356 0.5674
vn -0.6526 -0.7567 0.0391
vn -0.5071 0.7039 -0.4974
vn -0.4255 0.5268 -0.7358
vn -0.4297 0.5244 -0.7351
vn -0.5118 0.6674 -0.5410
vn -0.0178 -0.7209 -0.6929
vn 0.1447 -0.6247 -0.7674
vn 0.3112 -0.9431 -0.1174
vn 0.0750 -0.9951 -0.0645
vn -0.3955 0.4890 -0.7774
vn -0.3998 0.4940 -0.7721
vn -0.0308 -0.0372 -0.9988
vn 0.3126 -0.6333 -0.7080
vn -0.0307 -0.0373 -0.9988
vn -0.0781 -0.0490 -0.9957
vn 0.2573 -0.6435 -0.7209
vn 0.3125 -0.6333 -0.7080
vn -0.0056 -0.1157 -0.9933
vn -0.0160 -0.0594 -0.9981
vn 0.3984 -0.6596 -0.6373
vn -0.2684 0.2700 -0.9247
vn -0.4244 0.5650 -0.7076
vn -0.4142 0.5197 -0.7472
vn -0.4196 0.5124 -0.7493
vn -0.4341 0.5076 -0.7442
vn -0.0161 -0.0594 -0.9981
vn 0.2573 -0.6434 -0.7210
vn 0.4182 -0.9023 0.1047
vn 0.4689 -0.8780 0.0958
vn 0.4689 -0.8780 0.0959
vn 0.3126 -0.6333 -0.7079
vn 0.5134 -0.8487 0.1271
vn 0.4598 -0.8782 0.1316
vn 0.3614 -0.7037 -0.6117
vn 0.0940 -0.9904 0.1012
vn -0.5207 -0.8531 0.0328
vn -0.3119 -0.8375 -0.4487
vn -0.3119 -0.8375 -0.4486
vn 0.0758 -0.7939 -0.6033
vn 0.0939 -0.9904 0.1013
vn -0.6244 -0.5528 -0.5518
vn -0.7586 -0.6510 0.0264
vn -0.4142 0.5198 -0.7471
vn -0.4244 0.5651 -0.7075
vn -0.5829 0.8081 -0.0846
vn -0.6145 0.7778 -0.1319
vn -0.4143 0.5198 -0.7471
vn -0.6162 0.7770 -0.1291
vn -0.6333 0.7632 -0.1283
vn -0.4342 0.5077 -0.7442
vn -0.6285 0.7651 -0.1396
vn -0.3981 0.4413 -0.8042
vn -0.6045 0.7905 -0.0983
vn -0.6285 0.7651 -0.1397
vn -0.1142 0.1249 0.9856
vn -0.4888 0.5839 0.6481
vn -0.1215 0.1012 0.9874
vn 0.2718 -0.4850 0.8312
vn -0.1141 0.1247 0.9856
vn -0.1214 0.1011 0.9874
vn 0.2717 -0.4850 0.8312
vn 0.2149 -0.5079 0.8342
vn -0.1500 0.0899 0.9846
vn -0.1500 0.0898 0.9846
vn -0.1141 0.1248 0.9856
vn -0.1501 0.0899 0.9846
vn -0.4944 0.5865 0.6415
vn -0.4757 0.6104 0.6333
vn -0.1501 0.0900 0.9846
vn -0.5139 0.6273 0.5852
vn -0.4781 0.6255 0.6165
vn -0.1451 0.0133 0.9893
vn -0.1503 0.0818 0.9852
vn -0.1503 0.0818 0.9853
vn 0.2206 -0.6268 0.7473
vn 0.2207 -0.6268 0.7473
vn 0.2499 -0.5418 0.8025
vn -0.1503 0.0817 0.9853
vn 0.2821 -0.4985 0.8197
vn -0.1541 0.1299 0.9795
vn -0.1541 0.1300 0.9795
vn -0.5080 0.6342 0.5828
vn 0.3042 -0.5012 0.8101
vn 0.5265 -0.8436 0.1057
vn 0.2499 -0.5419 0.8024
vn 0.4598 -0.8782 0.1315
vn 0.0940 -0.9904 0.1013
vn -0.0151 -0.6625 0.7489
vn -0.4011 -0.5489 0.7334
vn -0.4010 -0.5490 0.7333
vn -0.5207 -0.8531 0.0327
vn -0.5829 0.8081 -0.0845
vn -0.4781 0.6256 0.6165
vn -0.5139 0.6273 0.5851
vn -0.5139 0.6274 0.5851
vn -0.6145 0.7778 -0.1318
vn -0.5829 0.8082 -0.0846
vn -0.5251 0.6221 0.5807
vn -0.6333 0.7632 -0.1282
vn -0.6161 0.7770 -0.1290
vn -0.4757 0.6105 0.6333
vn -0.4945 0.5865 0.6415
vn -0.6285 0.7652 -0.1396
vn -0.6046 0.7905 -0.0983
vn -0.1299 0.0996 0.9865
vn -0.5156 0.5666 0.6427
vn -0.5155 0.5667 0.6427
vn -0.5178 0.5848 0.6244
vn -0.1298 0.0995 0.9865
vn 0.3107 -0.4931 0.8126
vn -0.5179 0.5849 0.6243
vn -0.5156 0.5667 0.6427
vn -0.6782 0.7274 -0.1044
vn -0.6614 0.7427 -0.1045
vn -0.5178 0.5849 0.6243
vn 0.5489 -0.8303 0.0966
vn 0.4009 -0.6125 -0.6813
vn 0.3585 -0.6200 -0.6979
vn 0.3791 -0.9224 0.0735
vn 0.3060 -0.7403 -0.5986
vn 0.3791 -0.9224 0.0736
vn 0.4597 -0.8783 0.1316
vn 0.3060 -0.7403 -0.5987
vn 0.2100 -0.5308 -0.8210
vn 0.0759 -0.7938 -0.6034
vn 0.0758 -0.7938 -0.6034
vn -0.1547 -0.1963 -0.9683
vn -0.2685 0.2701 -0.9246
vn -0.2165 -0.0421 0.9754
vn 0.3584 -0.6200 -0.6979
vn -0.0294 -0.0252 -0.9993
vn 0.3585 -0.6201 -0.6979
vn 0.4689 -0.8781 0.0958
vn 0.5265 -0.8436 0.1056
vn -0.6376 0.7644 -0.0957
vn -0.5193 0.8492 -0.0960
vn -0.4055 0.5263 -0.7474
vn -0.4782 0.6256 0.6164
vn -0.5193 0.8492 -0.0959
vn -0.5193 0.8492 -0.0958
vn -0.4295 0.6052 0.6703
vn 0.0758 -0.7939 -0.6034
vn -0.1548 -0.1963 -0.9683
vn -0.2164 -0.0420 0.9754
vn -0.4456 0.6569 -0.6082
vn -0.4054 0.5262 -0.7475
vn -0.1548 -0.1962 -0.9683
vn -0.1451 0.0134 0.9893
vn -0.4295 0.6053 0.6702
vn -0.2164 -0.0419 0.9754
vn -0.4741 0.8742 -0.1045
vn -0.5192 0.8492 -0.0960
vn -0.4684 0.7700 0.4332
vn -0.4741 0.8743 -0.1044
vn -0.0294 -0.0252 -0.9992
vn 0.4009 -0.6124 -0.6814
vn 0.4008 -0.6125 -0.6813
vn -0.0158 -0.0386 -0.9991
vn -0.0294 -0.0253 -0.9992
vn -0.6488 -0.4932 0.5795
vn -0.1547 -0.1962 -0.9683
vn -0.4244 0.5650 -0.7075
vn -0.4685 0.7700 0.4331
vn -0.2165 -0.0419 0.9754
vn 0.3060 -0.7404 -0.5985
vn 0.0759 -0.7939 -0.6033
vn -0.0151 -0.6626 0.7489
vn -0.3505 0.5114 -0.7846
vn -0.3403 0.5032 -0.7943
vn 0.0249 -0.0879 -0.9958
vn -0.0215 -0.0879 -0.9959
vn 0.3147 -0.6842 -0.6579
vn 0.3147 -0.6841 -0.6580
vn 0.0250 -0.0879 -0.9958
vn -0.0214 -0.0880 -0.9959
vn 0.0301 -0.0997 -0.9946
vn 0.3361 -0.6717 -0.6602
vn 0.3754 -0.6710 -0.6394
vn 0.0515 -0.1174 -0.9917
vn 0.0301 -0.0996 -0.9946
vn 0.0019 -0.1142 -0.9935
vn 0.0275 -0.1397 -0.9898
vn 0.3725 -0.7182 -0.5877
vn -0.3823 0.5304 -0.7567
vn -0.3775 0.5204 -0.7659
vn 0.0274 -0.1397 -0.9898
vn -0.3609 0.5021 -0.7859
vn 0.0300 -0.0996 -0.9946
vn 0.0515 -0.1173 -0.9918
vn 0.0515 -0.1174 -0.9918
vn -0.3714 0.5113 -0.7750
vn 0.4238 -0.8998 0.1033
vn 0.3361 -0.6718 -0.6601
vn 0.4530 -0.8812 0.1351
vn 0.4633 -0.8780 0.1203
vn 0.3755 -0.6710 -0.6393
vn 0.4542 -0.8810 0.1322
vn 0.3359 -0.7330 -0.5915
vn 0.3725 -0.7183 -0.5876
vn 0.0469 -0.9947 0.0913
vn -0.4860 -0.8738 0.0138
vn -0.2801 -0.8794 -0.3849
vn -0.2802 -0.8794 -0.3850
vn 0.0463 -0.8838 -0.4656
vn -0.6066 -0.6847 -0.4040
vn -0.4861 -0.8738 0.0138
vn -0.7522 -0.6587 0.0188
vn -0.3824 0.5304 -0.7566
vn -0.5589 0.8178 -0.1371
vn -0.3775 0.5205 -0.7659
vn -0.3715 0.5114 -0.7749
vn -0.5656 0.8150 -0.1258
vn -0.5713 0.8111 -0.1259
vn -0.5712 0.8111 -0.1259
vn -0.3610 0.5022 -0.7858
vn -0.5542 0.8226 -0.1272
vn -0.3404 0.5032 -0.7943
vn -0.5538 0.8242 -0.1180
vn -0.3650 0.5540 -0.7482
vn -0.3805 0.5687 -0.7293
vn -0.5293 0.8419 -0.1050
vn -0.5293 0.8419 -0.1049
vn -0.5485 0.8247 -0.1380
vn -0.1255 0.1572 0.9796
vn -0.4541 0.6672 0.5904
vn -0.1339 0.1473 0.9800
vn 0.2269 -0.4603 0.8583
vn -0.1255 0.1571 0.9796
vn -0.1339 0.1472 0.9800
vn -0.1162 0.1226 0.9856
vn 0.2268 -0.4604 0.8583
vn -0.4540 0.6283 0.6317
vn -0.4582 0.6707 0.5833
vn -0.4540 0.6284 0.6317
vn -0.1338 0.1291 0.9826
vn -0.4710 0.6811 0.5606
vn -0.4618 0.6837 0.5650
vn -0.1428 0.1513 0.9781
vn 0.2355 -0.4890 0.8399
vn 0.2331 -0.4775 0.8472
vn 0.2333 -0.4774 0.8472
vn -0.1428 0.1514 0.9781
vn -0.4693 0.6613 0.5852
vn -0.4627 0.6727 0.5773
vn 0.2332 -0.4775 0.8471
vn 0.2237 -0.5612 0.7969
vn 0.4022 -0.9082 0.1159
vn 0.4542 -0.8810 0.1323
vn 0.2355 -0.4891 0.8398
vn 0.0469 -0.9947 0.0914
vn 0.0147 -0.7501 0.6611
vn -0.3617 -0.8264 0.4316
vn -0.3618 -0.8264 0.4316
vn -0.4860 -0.8739 0.0138
vn -0.4710 0.6812 0.5604
vn -0.5589 0.8178 -0.1370
vn -0.4619 0.6837 0.5650
vn -0.4627 0.6728 0.5773
vn -0.4693 0.6614 0.5851
vn -0.5713 0.8111 -0.1258
vn -0.5656 0.8150 -0.1257
vn -0.5538 0.8243 -0.1179
vn -0.5293 0.8419 -0.1048
vn -0.4600 0.6617 0.5921
vn -0.4582 0.6750 0.5783
vn -0.4582 0.6751 0.5782
vn 0.2481 -0.7783 -0.5768
vn -0.0383 -0.1682 -0.9850
vn 0.0020 -0.1142 -0.9935
vn 0.2480 -0.7783 -0.5768
vn 0.3143 -0.9422 0.1162
vn 0.2481 -0.7783 -0.5767
vn 0.4022 -0.9082 0.1158
vn 0.1805 -0.6256 0.7590
vn 0.3142 -0.9422 0.1163
vn 0.4023 -0.9082 0.1158
vn 0.2236 -0.5611 0.7969
vn 0.1805 -0.6255 0.7590
vn 0.0464 -0.8837 -0.4657
vn -0.1259 -0.2879 -0.9493
vn 0.0146 -0.7501 0.6612
vn -0.2052 -0.1080 0.9727
vn -0.3618 -0.8263 0.4316
vn 0.1804 -0.6256 0.7590
vn 0.2237 -0.5611 0.7969
vn -0.1523 0.1150 0.9816
vn -0.1382 0.0072 0.9904
vn 0.1804 -0.6255 0.7591
vn 0.0250 -0.0878 -0.9958
vn 0.0300 -0.0997 -0.9946
vn 0.4530 -0.8812 0.1352
vn 0.3082 -0.6826 0.6626
vn 0.2056 -0.4629 0.8623
vn 0.2268 -0.4604 0.8582
vn -0.4599 0.6617 0.5921
vn -0.1383 0.0072 0.9904
vn -0.1523 0.1151 0.9816
vn -0.3804 0.5686 -0.7293
vn -0.3650 0.5540 -0.7483
vn -0.5137 0.8499 -0.1172
vn -0.3823 0.4895 -0.7837
vn -0.5294 0.8419 -0.1049
vn -0.5137 0.8500 -0.1170
vn -0.5137 0.8499 -0.1171
vn -0.4496 0.6332 0.6300
vn -0.4600 0.6618 0.5920
vn -0.1259 -0.2878 -0.9494
vn 0.0463 -0.8837 -0.4657
vn -0.2052 -0.1081 0.9727
vn 0.0147 -0.7501 0.6612
vn -0.3805 0.5686 -0.7293
vn -0.1260 -0.2879 -0.9493
vn -0.1260 -0.2878 -0.9494
vn -0.3823 0.4894 -0.7838
vn -0.2051 -0.1080 0.9727
vn -0.4496 0.6332 0.6301
vn -0.2051 -0.1081 0.9728
vn -0.4426 0.6643 -0.6023
vn -0.4964 0.8569 -0.1392
vn -0.5137 0.8500 -0.1171
vn -0.4906 0.7787 0.3910
vn -0.7210 -0.6313 0.2857
vn -0.7522 -0.6587 0.0190
vn -0.4860 -0.8739 0.0139
vn -0.2051 -0.1080 0.9728
vn 0.2481 -0.7784 -0.5767
vn 0.3143 -0.9422 0.1163
vn 0.0470 -0.9947 0.0913
vn 0.0470 -0.9947 0.0912
vn 0.0147 -0.7502 0.6611
vn -0.4882 0.5131 -0.7059
vn -0.0217 -0.0555 -0.9982
vn -0.0228 0.0136 -0.9996
vn 0.4104 -0.5950 -0.6911
vn -0.4465 0.5503 -0.7056
vn -0.4650 0.5227 -0.7145
vn -0.0229 0.0137 -0.9996
vn 0.5886 -0.8036 0.0882
vn 0.6047 -0.7942 0.0602
vn 0.4263 -0.5718 -0.7009
vn 0.4263 -0.5718 -0.7010
vn 0.4128 -0.6123 -0.6743
vn 0.5886 -0.8036 0.0881
vn 0.5388 -0.8396 0.0685
vn 0.4918 -0.8687 0.0598
vn 0.3744 -0.6683 -0.6428
vn 0.1176 -0.9930 -0.0082
vn -0.3478 -0.9370 -0.0335
vn -0.2684 -0.7304 -0.6281
vn 0.1282 -0.8081 -0.5749
vn 0.1176 -0.9930 -0.0083
vn -0.4856 -0.7682 -0.4173
vn -0.3479 -0.9369 -0.0334
vn -0.5394 -0.8403 -0.0542
vn -0.4465 0.5503 -0.7055
vn -0.6833 0.7280 -0.0566
vn -0.4427 0.5542 -0.7049
vn -0.4399 0.5848 -0.6815
vn -0.5992 0.8005 -0.0087
vn -0.5993 0.8005 -0.0087
vn -0.6267 0.7783 -0.0396
vn -0.4427 0.5543 -0.7048
vn -0.4625 0.5672 0.6814
vn -0.0686 0.0206 0.9974
vn -0.0685 0.0206 0.9974
vn 0.3921 -0.5564 0.7326
vn 0.4385 -0.5611 0.7020
vn -0.1252 -0.0264 0.9918
vn -0.5558 0.5331 0.6378
vn -0.5354 0.5630 0.6296
vn 0.3398 -0.6030 0.7217
vn -0.1252 -0.0263 0.9918
vn -0.1339 -0.0313 0.9905
vn -0.1028 0.0148 0.9946
vn 0.3665 -0.5596 0.7433
vn -0.1028 0.0149 0.9946
vn -0.4995 0.5457 0.6728
vn -0.5246 0.5382 0.6597
vn 0.3921 -0.5565 0.7325
vn 0.3089 -0.6311 0.7115
vn 0.4918 -0.8687 0.0599
vn 0.5388 -0.8396 0.0686
vn 0.1176 -0.9930 -0.0081
vn 0.0808 -0.7902 0.6075
vn -0.2705 -0.9023 0.3356
vn -0.3478 -0.9370 -0.0334
vn -0.5559 0.5332 0.6377
vn -0.6833 0.7279 -0.0565
vn -0.5355 0.5631 0.6295
vn -0.5247 0.5382 0.6596
vn -0.4995 0.5458 0.6728
vn -0.6708 0.7412 -0.0254
vn -0.6892 0.7234 -0.0408
vn -0.5992 0.8005 -0.0086
vn -0.4947 0.5636 0.6615
vn -0.5168 0.5665 0.6419
vn -0.5168 0.5666 0.6418
vn -0.6266 0.7783 -0.0395
vn 0.2979 -0.6997 -0.6494
vn -0.0440 -0.0871 -0.9952
vn -0.0218 -0.0555 -0.9982
vn 0.3744 -0.6682 -0.6429
vn 0.4918 -0.8686 0.0599
vn 0.3907 -0.9202 0.0222
vn 0.2979 -0.6998 -0.6493
vn 0.3745 -0.6683 -0.6428
vn 0.2492 -0.6812 0.6884
vn 0.3907 -0.9202 0.0224
vn 0.3090 -0.6311 0.7115
vn 0.2492 -0.6812 0.6883
vn 0.3666 -0.5597 0.7432
vn 0.6047 -0.7942 0.0603
vn 0.3666 -0.5596 0.7432
vn -0.4863 0.4922 -0.7220
vn -0.4685 0.5047 -0.7251
vn -0.6892 0.7234 -0.0409
vn -0.4862 0.4922 -0.7220
vn -0.0829 -0.0116 -0.9965
vn -0.0419 0.0138 -0.9990
vn -0.4684 0.5047 -0.7252
vn -0.4862 0.4922 -0.7221
vn -0.0828 -0.0117 -0.9965
vn 0.4262 -0.5718 -0.7010
vn -0.0419 0.0137 -0.9990
vn -0.1215 -0.1973 -0.9728
vn -0.0441 -0.0871 -0.9952
vn 0.1282 -0.8082 -0.5748
vn 0.0807 -0.7902 0.6075
vn -0.1711 -0.1472 0.9742
vn -0.2705 -0.9024 0.3355
vn 0.3089 -0.6311 0.7116
vn -0.1323 -0.0726 0.9885
vn 0.2491 -0.6812 0.6884
vn 0.3462 -0.6028 -0.7188
vn -0.4948 0.5636 0.6615
vn -0.1324 -0.0726 0.9885
vn -0.1340 -0.0313 0.9905
vn -0.5167 0.5666 0.6419
vn -0.4399 0.5848 -0.6816
vn -0.5961 0.8027 -0.0187
vn -0.4400 0.5849 -0.6814
vn -0.4422 0.5372 -0.7182
vn -0.5961 0.8027 -0.0188
vn -0.5961 0.8027 -0.0186
vn -0.4634 0.5213 0.7165
vn -0.4947 0.5637 0.6614
vn -0.1324 -0.0727 0.9885
vn -0.1711 -0.1471 0.9742
vn -0.4856 -0.7682 -0.4172
vn -0.1216 -0.1973 -0.9728
vn -0.2685 -0.7304 -0.6280
vn -0.4634 0.5214 0.7165
vn -0.1711 -0.1470 0.9742
vn -0.1712 -0.1471 0.9742
vn -0.5442 0.6748 -0.4986
vn -0.6148 0.7887 0.0005
vn -0.4423 0.5373 -0.7181
vn -0.5442 0.6748 -0.4985
vn -0.6148 0.7887 0.0006
vn -0.5583 0.6667 0.4938
vn -0.5304 -0.8249 0.1952
vn -0.5395 -0.8403 -0.0540
vn -0.3479 -0.9369 -0.0333
vn -0.1216 -0.1972 -0.9728
vn -0.4423 0.5372 -0.7182
vn 0.1177 -0.9930 -0.0083
vn 0.2979 -0.6997 -0.6493
vn 0.2492 -0.6813 0.6883
vn 0.1177 -0.9930 -0.0082
vn -0.1292 -0.0597 -0.9898
vn 0.7044 -0.3132 -0.6370
vn 0.7913 -0.2144 -0.5727
vn 0.3163 0.2779 -0.9071
vn 0.3162 0.2779 -0.9071
vn 0.2539 0.1903 -0.9483
vn 0.7044 -0.3132 -0.6369
vn 0.8111 -0.3409 -0.4753
vn 0.3477 0.1944 -0.9172
vn 0.3668 0.2687 -0.8907
vn 0.3476 0.2988 -0.8887
vn 0.8315 -0.2332 -0.5043
vn 0.5697 -0.8138 0.1152
vn 0.5461 -0.8363 0.0482
vn 0.4395 -0.8869 0.1423
vn 0.5696 -0.8138 0.1152
vn 0.8444 -0.5354 -0.0193
vn 0.7913 -0.2144 -0.5726
vn 0.5697 -0.8138 0.1151
vn 0.4395 -0.8869 0.1424
vn 0.6218 -0.7576 0.1986
vn 0.8125 -0.2931 -0.5038
vn 0.6172 -0.4421 0.6509
vn 0.2142 0.0537 0.9753
vn 0.2142 0.0536 0.9753
vn 0.2353 0.1049 0.9663
vn -0.3363 0.5684 0.7509
vn -0.6172 0.7322 0.2879
vn -0.6173 0.7322 0.2878
vn -0.6284 0.7709 -0.1040
vn -0.6284 0.7709 -0.1041
vn -0.4974 0.7387 -0.4549
vn -0.6173 0.7322 0.2879
vn -0.3363 0.5685 0.7509
vn -0.3445 0.5285 0.7759
vn -0.6396 0.7258 0.2534
vn -0.4911 0.6636 -0.5643
vn -0.5748 0.7546 0.3166
vn -0.5619 0.7505 0.3478
vn -0.4327 0.4592 -0.7758
vn -0.5824 0.7001 -0.4130
vn -0.3397 0.4282 -0.8374
vn -0.4327 0.4592 -0.7759
vn -0.5825 0.7001 -0.4129
vn -0.8117 0.5624 0.1577
vn -0.5596 0.5869 0.5851
vn -0.6162 0.6996 0.3619
vn -0.6286 0.7282 0.2730
vn 0.3239 -0.0168 0.9459
vn 0.4684 -0.8610 0.1983
vn 0.4860 -0.8617 0.1462
vn 0.5555 -0.5717 0.6038
vn 0.4787 -0.5940 0.6465
vn 0.6049 -0.6448 0.4673
vn 0.5438 -0.6198 0.5658
vn 0.8255 -0.5250 -0.2072
vn 0.6048 -0.6448 0.4673
vn 0.4002 -0.0808 -0.9129
vn -0.9842 0.1769 0.0009
vn -0.9590 -0.2698 -0.0871
vn -0.9842 0.1768 0.0009
vn -0.2805 0.3067 -0.9095
vn -0.7079 0.3705 -0.6013
vn -0.5450 0.6549 -0.5235
vn -0.6239 0.7685 0.1421
vn -0.6131 0.7660 0.1931
vn -0.6132 0.7660 0.1931
vn -0.5499 0.6498 -0.5248
vn -0.3880 0.4756 0.7895
vn -0.3880 0.4755 0.7895
vn -0.5498 0.6497 -0.5249
vn -0.3981 0.4413 -0.8043
vn -0.0782 -0.0489 -0.9957
vn 0.2718 -0.4851 0.8312
vn 0.4181 -0.9023 0.1048
vn 0.2149 -0.5079 0.8341
vn -0.4475 0.4805 -0.7542
vn -0.6614 0.7427 -0.1046
vn -0.4408 0.4668 -0.7667
vn -0.0294 -0.0251 -0.9993
vn -0.0159 -0.0385 -0.9991
vn -0.4475 0.4804 -0.7543
vn -0.4408 0.4667 -0.7667
vn 0.3107 -0.4932 0.8125
vn 0.5266 -0.8435 0.1057
vn 0.3042 -0.5013 0.8101
vn 0.3107 -0.4932 0.8126
vn 0.3239 -0.0167 0.9460
vn 0.3559 -0.9334 -0.0453
vn -0.1561 -0.9839 -0.0869
vn -0.3240 -0.9356 0.1401
vn 0.0765 -0.9065 0.4151
vn 0.3390 -0.9395 -0.0498
vn -0.6193 0.7732 0.1362
vn -0.3893 0.4756 0.7889
vn -0.6193 0.7733 0.1361
vn -0.5348 0.6586 -0.5295
vn -0.4625 0.5673 0.6814
vn -0.6709 0.7415 0.0088
vn -0.6484 0.7613 -0.0038
vn -0.6484 0.7612 -0.0039
vn -0.6708 0.7416 0.0088
vn -0.4882 0.5132 -0.7059
vn -0.0249 0.3194 -0.9473
vn -0.0093 0.3397 -0.9405
vn -0.5793 0.5045 -0.6402
vn 0.5401 -0.0494 -0.8401
vn -0.0249 0.3193 -0.9473
vn 0.5252 -0.0627 -0.8487
vn -0.6883 0.7244 -0.0380
vn -0.6725 0.7363 -0.0751
vn -0.6864 0.6414 0.3427
vn -0.7236 0.5733 -0.3845
vn -0.6725 0.7362 -0.0751
vn -0.6728 0.7322 -0.1055
vn -0.6865 0.6414 0.3427
vn -0.6729 0.7322 -0.1054
vn -0.6112 0.5724 0.5467
vn -0.6865 0.6414 0.3426
vn -0.5418 0.5808 -0.6076
vn -0.6685 0.7385 0.0886
vn -0.7128 0.6804 -0.1704
vn -0.7128 0.6803 -0.1703
vn -0.6799 0.7252 0.1087
vn -0.5246 0.5367 0.6608
vn -0.5596 0.5870 0.5851
vn -0.6287 0.7282 0.2730
vn -0.6286 0.7282 0.2729
vn -0.7927 0.6091 -0.0228
vn -0.1508 0.4739 0.8676
vn -0.5754 0.6231 0.5297
vn -0.5754 0.6231 0.5298
vn -0.6312 0.6368 0.4428
vn -0.3631 0.5017 0.7851
vn -0.6312 0.6368 0.4427
vn -0.6775 0.6913 0.2511
vn -0.6728 0.7022 0.2331
vn 0.1865 0.1209 -0.9750
vn 0.7201 -0.6557 0.2268
vn 0.7033 -0.6798 0.2077
vn 0.8117 -0.5802 0.0676
vn 0.6916 -0.6931 0.2035
vn 0.6172 -0.4421 0.6508
vn 0.6916 -0.6930 0.2035
vn 0.3476 0.2988 -0.8888
vn 0.3163 0.2779 -0.9070
vn 0.8250 -0.2097 -0.5248
vn 0.8117 -0.5801 0.0675
vn 0.8250 -0.2096 -0.5248
vn -0.0327 -0.9703 -0.2398
vn 0.2763 -0.9497 0.1475
vn 0.3966 -0.9156 -0.0665
vn 0.3967 -0.9156 -0.0665
vn -0.6162 0.6995 0.3618
vn -0.7928 0.6091 -0.0228
vn -0.6287 0.7282 0.2729
vn -0.4809 -0.8564 0.1881
vn 0.4004 -0.8368 0.3733
vn 0.5757 -0.7678 0.2811
vn 0.2762 -0.9497 0.1476
vn 0.5758 -0.7678 0.2810
vn -0.6267 0.4385 -0.6442
vn -0.5209 0.5767 0.6293
vn -0.2109 0.0070 0.9775
vn -0.5094 -0.1300 0.8506
vn 0.1800 -0.9133 -0.3653
vn 0.3390 -0.9395 -0.0499
vn -0.0047 -0.9524 -0.3048
vn 0.0970 -0.8984 0.4283
vn 0.4101 -0.9071 0.0950
vn 0.5460 -0.8364 0.0482
vn 0.4020 -0.9152 0.0277
vn -0.3690 0.3857 -0.8456
vn -0.3396 0.4282 -0.8374
vn -0.4911 0.6636 -0.5644
vn -0.4670 0.6404 -0.6098
vn -0.4670 0.6404 -0.6097
vn -0.4636 0.3886 -0.7963
vn -0.4630 0.6326 -0.6208
vn -0.6314 0.2967 -0.7164
vn -0.5325 0.4243 -0.7324
vn -0.5325 0.4244 -0.7324
vn -0.4654 0.4602 -0.7561
vn -0.6313 0.2968 -0.7164
vn -0.0727 -0.0135 -0.9973
vn -0.0728 -0.0135 -0.9973
vn -0.4062 0.6182 -0.6730
vn -0.1450 0.5417 -0.8280
vn -0.2061 0.4491 -0.8694
vn -0.2451 0.3833 -0.8905
vn -0.7801 0.1715 -0.6017
vn 0.2229 0.0638 0.9727
vn 0.5461 -0.8363 0.0483
vn 0.2229 0.0639 0.9727
vn -0.3334 0.5907 0.7348
vn -0.5748 0.7546 0.3167
vn -0.3143 0.6116 0.7261
vn 0.4127 -0.8832 -0.2230
vn -0.1260 -0.2879 -0.9494
vn -0.4427 0.6643 -0.6023
vn 0.1106 -0.9735 0.2004
vn 0.2762 -0.9497 0.1475
vn -0.0327 -0.9703 -0.2399
vn 0.1105 -0.9735 0.2004
vn -0.1947 0.5839 -0.7881
vn 0.3475 0.2988 -0.8888
vn -0.1948 0.5840 -0.7880
vn 0.7521 -0.6452 -0.1348
vn 0.3391 -0.9394 -0.0498
vn 0.5990 -0.5904 0.5409
vn -0.5304 -0.8250 0.1952
vn -0.2706 -0.9023 0.3356
vn -0.1215 -0.1972 -0.9728
vn -0.5441 0.6748 -0.4986
vn -0.3189 -0.0709 0.9451
vn -0.6066 -0.6848 -0.4039
vn -0.2948 -0.1979 -0.9348
vn -0.3618 -0.8263 0.4315
vn -0.4009 0.0311 0.9156
vn -0.2052 -0.1080 0.9728
vn -0.6244 -0.5528 -0.5519
vn -0.3530 -0.2307 -0.9067
vn -0.3120 -0.8375 -0.4487
vn -0.5208 -0.8531 0.0328
vn -0.2165 -0.0420 0.9754
vn -0.4010 -0.5490 0.7334
vn -0.6374 -0.5742 -0.5137
vn -0.4112 -0.5711 -0.7104
vn -0.3980 -0.9167 -0.0353
vn -0.2865 -0.6870 0.6678
vn -0.1724 -0.0573 0.9834
vn 0.7389 -0.6564 -0.1519
vn -0.5080 0.6740 -0.5364
vn -0.5080 0.6740 -0.5363
vn -0.5937 0.7925 0.1396
vn -0.5080 0.6741 -0.5363
vn -0.3950 0.4777 0.7847
vn -0.3893 0.4756 0.7888
vn -0.6193 0.7732 0.1361
vn -0.6193 0.7733 0.1362
vn -0.5937 0.7925 0.1397
vn -0.3949 0.4777 0.7848
vn -0.3900 0.4711 0.7912
vn -0.5942 0.7894 0.1541
vn -0.3901 0.4711 0.7912
vn -0.5936 0.7925 0.1397
vn -0.5188 0.6731 -0.5270
vn -0.5942 0.7894 0.1540
vn -0.1923 0.1711 -0.9663
vn -0.5083 0.6826 -0.5251
vn -0.4989 0.6819 -0.5349
vn -0.5914 0.7952 0.1338
vn -0.4988 0.6819 -0.5349
vn -0.5864 0.7988 0.1344
vn -0.5915 0.7951 0.1339
vn -0.5864 0.7988 0.1345
vn -0.4184 0.5076 0.7532
vn -0.4184 0.5075 0.7533
vn -0.4183 0.5075 0.7533
vn -0.5863 0.7989 0.1344
vn -0.5838 0.7997 0.1401
vn -0.5041 0.6890 -0.5208
vn -0.5863 0.7988 0.1344
vn -0.4988 0.6818 -0.5351
vn -0.1705 0.1145 -0.9787
vn -0.5041 0.6889 -0.5210
vn -0.4195 0.4847 -0.7675
vn -0.3956 0.4890 -0.7774
vn -0.4195 0.4848 -0.7675
vn -0.6746 0.7326 -0.0905
vn -0.6375 0.7645 -0.0957
vn -0.6747 0.7325 -0.0905
vn -0.5083 0.5694 0.6460
vn -0.4889 0.5840 0.6480
vn -0.6375 0.7644 -0.0958
vn -0.5083 0.5694 0.6461
vn -0.4888 0.5840 0.6481
vn -0.1215 0.1013 0.9874
vn -0.6747 0.7326 -0.0905
vn -0.6783 0.7274 -0.1044
vn -0.5156 0.5667 0.6426
vn -0.4196 0.4847 -0.7675
vn -0.4409 0.4667 -0.7667
vn -0.4408 0.4668 -0.7666
vn -0.4408 0.4667 -0.7668
vn -0.4194 0.4847 -0.7676
vn -0.0056 -0.1156 -0.9933
vn -0.4140 0.5078 -0.7554
vn -0.6162 0.7770 -0.1292
vn -0.4140 0.5079 -0.7554
vn -0.6167 0.7759 -0.1325
vn -0.6162 0.7770 -0.1290
vn -0.6168 0.7759 -0.1324
vn -0.5089 0.6286 0.5881
vn -0.5090 0.6286 0.5880
vn -0.5080 0.6343 0.5827
vn -0.5089 0.6286 0.5882
vn -0.6168 0.7759 -0.1325
vn -0.6146 0.7778 -0.1318
vn -0.5140 0.6273 0.5851
vn -0.5138 0.6274 0.5851
vn -0.6167 0.7760 -0.1324
vn -0.6168 0.7759 -0.1326
vn -0.4141 0.5078 -0.7554
vn -0.4143 0.5197 -0.7472
vn -0.6145 0.7779 -0.1318
vn -0.4140 0.5078 -0.7555
vn -0.3521 0.5163 -0.7807
vn -0.3506 0.5114 -0.7845
vn -0.5538 0.8243 -0.1181
vn -0.3506 0.5115 -0.7845
vn -0.3521 0.5164 -0.7806
vn -0.5626 0.8182 -0.1184
vn -0.4699 0.6567 0.5898
vn -0.4699 0.6568 0.5898
vn -0.4542 0.6673 0.5903
vn -0.5537 0.8243 -0.1179
vn -0.4699 0.6567 0.5899
vn -0.1340 0.1473 0.9800
vn -0.4542 0.6672 0.5904
vn -0.5627 0.8182 -0.1183
vn -0.4694 0.6613 0.5851
vn -0.5627 0.8181 -0.1185
vn -0.3609 0.5022 -0.7858
vn -0.5626 0.8182 -0.1185
vn -0.3767 0.5361 -0.7554
vn -0.5428 0.8275 -0.1434
vn -0.3824 0.5305 -0.7566
vn -0.3768 0.5362 -0.7553
vn -0.3767 0.5363 -0.7553
vn -0.5439 0.8288 -0.1312
vn -0.5427 0.8276 -0.1434
vn -0.5440 0.8288 -0.1311
vn -0.4478 0.6843 0.5755
vn -0.5428 0.8276 -0.1433
vn -0.5439 0.8288 -0.1311
vn -0.4477 0.6843 0.5755
vn -0.4582 0.6749 0.5784
vn -0.1524 0.1150 0.9816
vn -0.4478 0.6843 0.5756
vn -0.4582 0.6750 0.5782
vn -0.4477 0.6844 0.5755
vn -0.5440 0.8288 -0.1312
vn -0.5439 0.8288 -0.1313
vn -0.3767 0.5362 -0.7554
vn -0.3650 0.5541 -0.7481
vn -0.5484 0.8247 -0.1380
vn -0.3768 0.5361 -0.7554
vn -0.4912 0.4969 -0.7154
vn -0.6484 0.7613 -0.0039
vn -0.4883 0.5132 -0.7059
vn -0.4912 0.4970 -0.7154
vn -0.4912 0.4970 -0.7153
vn -0.6776 0.7351 -0.0219
vn -0.6485 0.7612 -0.0039
vn -0.6776 0.7351 -0.0220
vn -0.4860 0.5512 0.6782
vn -0.4860 0.5512 0.6783
vn -0.6485 0.7612 -0.0038
vn -0.4859 0.5512 0.6783
vn -0.4625 0.5672 0.6815
vn -0.4996 0.5457 0.6728
vn -0.4996 0.5458 0.6727
vn -0.4859 0.5512 0.6782
vn -0.6775 0.7352 -0.0220
vn -0.4862 0.4923 -0.7220
vn -0.4863 0.4923 -0.7220
vn -0.0829 -0.0117 -0.9965
vn -0.4862 0.4921 -0.7221
vn -0.4911 0.4969 -0.7154
vn -0.4453 0.5564 -0.7015
vn -0.6459 0.7622 -0.0428
vn -0.4454 0.5565 -0.7014
vn -0.6361 0.7704 -0.0425
vn -0.6459 0.7622 -0.0427
vn -0.6459 0.7622 -0.0426
vn -0.6362 0.7704 -0.0423
vn -0.5183 0.5801 0.6283
vn -0.5183 0.5802 0.6282
vn -0.5354 0.5631 0.6295
vn -0.5183 0.5801 0.6284
vn -0.6267 0.7782 -0.0395
vn -0.5169 0.5665 0.6418
vn -0.5167 0.5667 0.6418
vn -0.5183 0.5802 0.6283
vn -0.6361 0.7705 -0.0424
vn -0.6362 0.7704 -0.0425
vn -0.4454 0.5564 -0.7014
vn -0.4426 0.5543 -0.7049
vn -0.4454 0.5564 -0.7015
vn -0.0217 -0.0554 -0.9982
vn -0.6122 0.4512 -0.6494
vn -0.6121 0.4512 -0.6495
vn -0.0601 0.2657 -0.9622
vn -0.5794 0.5044 -0.6402
vn 0.5253 -0.0627 -0.8486
vn 0.8254 -0.5251 -0.2072
vn 0.5483 -0.0292 -0.8357
vn 0.5445 -0.0451 -0.8375
vn 0.8513 -0.4693 -0.2346
vn 0.5445 -0.0450 -0.8376
vn 0.0072 0.3089 -0.9511
vn 0.0262 0.3161 -0.9484
vn -0.5656 0.5152 -0.6440
vn -0.5656 0.5152 -0.6439
vn -0.5188 0.6730 -0.5271
vn -0.1923 0.1709 -0.9663
vn -0.1885 0.1603 -0.9689
vn -0.1922 0.1710 -0.9663
vn 0.2473 -0.5143 -0.8212
vn 0.3650 -0.6469 0.6695
vn 0.3580 -0.6571 0.6634
vn -0.5943 0.7894 0.1541
vn -0.6058 0.7821 0.1463
vn -0.5343 0.6586 -0.5298
vn -0.6057 0.7821 0.1462
vn -0.6614 0.7427 -0.1047
vn -0.4341 0.5077 -0.7442
vn -0.4342 0.5076 -0.7442
vn -0.6615 0.7427 -0.1045
vn -0.6615 0.7427 -0.1046
vn -0.1542 0.1300 0.9795
vn -0.5251 0.6221 0.5808
vn 0.2822 -0.4985 0.8197
vn -0.1299 0.0995 0.9865
vn 0.2821 -0.4984 0.8197
vn 0.5134 -0.8487 0.1270
vn 0.3984 -0.6597 -0.6373
vn 0.5489 -0.8303 0.0965
vn 0.3984 -0.6597 -0.6372
vn -0.0160 -0.0595 -0.9981
vn 0.3983 -0.6597 -0.6373
vn -0.1339 0.1291 0.9826
vn -0.4627 0.6727 0.5774
vn 0.2614 -0.5184 0.8142
vn 0.2355 -0.4889 0.8399
vn 0.2614 -0.5183 0.8143
vn 0.4633 -0.8780 0.1204
vn 0.4543 -0.8810 0.1322
vn 0.0275 -0.1398 -0.9898
vn 0.3754 -0.6709 -0.6394
vn 0.3724 -0.7183 -0.5877
vn -0.3775 0.5204 -0.7660
vn -0.5657 0.8150 -0.1258
vn -0.3715 0.5113 -0.7749
vn -0.4628 0.6728 0.5773
vn -0.4711 0.6812 0.5604
vn -0.4651 0.5227 -0.7145
vn -0.4650 0.5228 -0.7145
vn -0.6833 0.7279 -0.0566
vn -0.5559 0.5332 0.6378
vn -0.6833 0.7279 -0.0564
vn -0.5247 0.5381 0.6597
vn 0.3666 -0.5596 0.7433
vn 0.3398 -0.6031 0.7217
vn 0.3399 -0.6031 0.7216
vn 0.6047 -0.7942 0.0601
vn 0.5389 -0.8396 0.0686
vn 0.4104 -0.5950 -0.6910
vn 0.4104 -0.5951 -0.6910
vn 0.4262 -0.5719 -0.7009
vn -0.0418 0.0137 -0.9990
vn -0.0229 0.0136 -0.9996
vn -0.4685 0.5046 -0.7252
vn -0.8117 0.5624 0.1576
vn -0.6111 0.5724 0.5468
vn -0.6486 0.5677 0.5070
vn -0.7894 0.3281 0.5189
vn -0.7591 0.5350 0.3708
vn -0.8502 0.5135 -0.1163
vn -0.6775 0.6914 0.2510
vn -0.6775 0.6914 0.2509
vn 0.3574 -0.8984 -0.2552
vn 0.3005 -0.9094 -0.2877
vn 0.0305 -0.9922 0.1209
vn 0.2660 -0.7637 0.5882
vn 0.0306 -0.9922 0.1208
vn 0.3005 -0.9093 -0.2877
vn 0.3993 -0.9165 0.0218
vn -0.4758 -0.8537 -0.2116
vn -0.1562 -0.9839 -0.0870
vn -0.4758 -0.8537 -0.2118
vn 0.1413 -0.5844 0.7991
vn 0.3019 -0.9530 0.0249
vn 0.0766 -0.9066 0.4150
vn 0.3994 -0.9165 0.0219
vn 0.3391 -0.9394 -0.0497
vn 0.0766 -0.9066 0.4151
vn 0.2883 -0.9497 0.1225
vn -0.0047 -0.9524 -0.3047
vn 0.2788 -0.9473 0.1580
vn -0.0529 -0.9872 -0.1502
vn -0.2108 0.0069 0.9775
vn 0.1412 -0.5843 0.7991
vn 0.2883 -0.9497 0.1226
vn 0.2883 -0.9496 0.1226
vn 0.4859 -0.8617 0.1461
vn 0.4683 -0.8611 0.1982
vn 0.1270 -0.8232 0.5533
vn 0.1269 -0.8232 0.5534
vn 0.2788 -0.9472 0.1582
vn 0.4683 -0.8610 0.1981
vn 0.4931 -0.8585 0.1411
vn 0.0762 -0.9857 -0.1503
vn -0.0770 -0.1373 0.9875
vn -0.2255 -0.1774 -0.9580
vn -0.3981 0.4412 -0.8043
vn -0.6285 0.7652 -0.1397
vn -0.4665 0.4214 -0.7777
vn -0.6286 0.7651 -0.1396
vn -0.4945 0.5864 0.6416
vn -0.4945 0.5864 0.6415
vn 0.1413 -0.5843 0.7991
vn 0.2148 -0.5079 0.8342
vn 0.4182 -0.9023 0.1048
vn 0.1412 -0.5844 0.7991
vn 0.2993 -0.9497 0.0917
vn 0.4181 -0.9023 0.1047
vn 0.2573 -0.6435 -0.7210
vn -0.2254 -0.1775 -0.9579
vn -0.2254 -0.1775 -0.9580
vn -0.6688 0.1237 -0.7331
vn -0.5869 0.4823 -0.6503
vn -0.7987 0.4217 -0.4291
vn -0.0048 -0.9524 -0.3047
vn -0.7016 -0.5608 -0.4397
vn -0.4084 -0.1619 0.8983
vn -0.4294 0.5600 0.7085
vn -0.6330 0.7736 0.0273
vn -0.4295 0.5600 0.7084
vn -0.5247 0.5367 0.6609
vn -0.7987 0.4218 -0.4291
vn -0.6074 0.7216 -0.3321
vn -0.7700 0.1741 -0.6138
vn -0.6613 0.5603 -0.4988
vn -0.7700 0.1740 -0.6138
vn -0.7088 -0.5129 -0.4842
vn -0.3938 -0.5180 -0.7594
vn 0.0590 -0.6039 -0.7949
vn -0.3837 0.5494 0.7423
vn -0.3632 0.5017 0.7851
vn -0.6326 0.7543 0.1757
vn -0.2222 0.1287 -0.9665
vn -0.5498 0.6498 -0.5249
vn -0.6320 0.7672 0.1099
vn -0.3533 0.4519 0.8191
vn -0.6320 0.7671 0.1100
vn 0.0581 0.0121 0.9982
vn 0.0809 -0.0011 0.9967
vn -0.2269 0.1769 -0.9577
vn -0.2221 0.1287 -0.9665
vn 0.2419 -0.4830 -0.8415
vn -0.1057 -0.7296 0.6756
vn -0.1056 -0.7296 0.6756
vn -0.4084 -0.1619 0.8984
vn 0.8010 -0.5143 -0.3066
vn -0.4809 -0.8563 0.1881
vn -0.6893 -0.5719 -0.4448
vn -0.9589 -0.2699 -0.0870
vn -0.9843 0.1767 0.0009
vn -0.5674 0.5260 -0.6335
vn -0.0071 0.3249 -0.9457
vn 0.5408 -0.0484 -0.8397
vn 0.7293 -0.2357 -0.6423
vn 0.5445 -0.0450 -0.8375
vn 0.7518 -0.5943 0.2857
vn 0.5564 -0.5856 0.5894
vn 0.5383 -0.5957 0.5961
vn 0.7518 -0.5943 0.2856
vn -0.0843 -0.3875 0.9180
vn -0.0796 -0.3774 0.9226
vn 0.5382 -0.5957 0.5963
vn -0.6719 -0.0095 0.7406
vn -0.6720 -0.0094 0.7405
vn -0.9118 0.2774 0.3029
vn -0.6605 -0.0016 0.7508
vn -0.5675 0.5260 -0.6334
vn -0.9135 0.4012 0.0675
vn 0.7056 -0.6669 0.2394
vn -0.0250 0.3194 -0.9473
vn -0.5795 0.5045 -0.6401
vn 0.7517 -0.5944 0.2857
vn -0.6239 0.7685 0.1422
vn -0.6239 0.7685 0.1420
vn 0.2282 -0.5161 -0.8255
vn -0.5347 0.6585 -0.5295
vn -0.1923 0.1710 -0.9663
vn 0.3916 -0.6748 0.6255
vn 0.4951 -0.8609 -0.1173
vn 0.2727 -0.5324 -0.8013
vn 0.2427 -0.5601 -0.7921
vn -0.3889 0.4917 0.7791
vn -0.3977 0.5093 0.7632
vn -0.6375 0.7644 -0.0957
vn -0.3956 0.4891 -0.7774
vn -0.4888 0.5840 0.6480
vn -0.0295 -0.0252 -0.9992
vn 0.3585 -0.6201 -0.6978
vn -0.1214 0.1012 0.9874
vn -0.1141 0.1249 0.9856
vn -0.4342 0.5077 -0.7441
vn -0.4196 0.5124 -0.7492
vn -0.5080 0.6343 0.5828
vn 0.2822 -0.4986 0.8197
vn 0.2498 -0.5419 0.8025
vn -0.3506 0.5114 -0.7846
vn -0.5538 0.8243 -0.1180
vn -0.4542 0.6672 0.5903
vn 0.2268 -0.4603 0.8583
vn 0.4238 -0.8999 0.1032
vn 0.2331 -0.4775 0.8471
vn 0.0250 -0.0880 -0.9958
vn 0.0274 -0.1398 -0.9898
vn -0.5428 0.8276 -0.1434
vn -0.5427 0.8276 -0.1433
vn 0.2236 -0.5612 0.7969
vn 0.3724 -0.7182 -0.5878
vn 0.3359 -0.7330 -0.5916
vn -0.0391 0.0426 0.9983
vn -0.4626 0.5672 0.6814
vn 0.4129 -0.6123 -0.6743
vn 0.4128 -0.6123 -0.6742
vn 0.3745 -0.6682 -0.6428
vn 0.5388 -0.8396 0.0687
vn -0.6833 0.7280 -0.0565
vn -0.4466 0.5504 -0.7055
vn -0.6460 0.7622 -0.0426
vn 0.1695 -0.2066 -0.9636
vn 0.4680 -0.5711 -0.6744
vn 0.4850 -0.5452 -0.6838
vn 0.1188 -0.1063 -0.9872
vn 0.6616 -0.7309 -0.1679
vn 0.7325 -0.6571 -0.1781
vn 0.4850 -0.5453 -0.6837
vn 0.4680 -0.5712 -0.6743
vn 0.6615 -0.7309 -0.1679
vn -0.1691 0.2688 0.9482
vn -0.1951 0.3230 0.9261
vn 0.1968 -0.0532 0.9790
vn 0.1814 -0.1345 0.9742
vn -0.4774 0.6354 0.6070
vn -0.4808 0.6471 0.5917
vn -0.1951 0.3231 0.9260
vn -0.1692 0.2688 0.9482
vn 0.5911 -0.3814 0.7107
vn 0.7135 -0.5757 0.3992
vn 0.6422 -0.6803 0.3533
vn 0.6422 -0.6802 0.3533
vn 0.4591 -0.4815 0.7466
vn 0.5911 -0.3815 0.7107
vn 0.6422 -0.6803 0.3532
vn 0.7136 -0.5758 0.3991
vn 0.7325 -0.6571 -0.1780
vn 0.6616 -0.7309 -0.1678
vn 0.1815 -0.1345 0.9741
vn 0.1969 -0.0533 0.9790
vn 0.5910 -0.3814 0.7108
vn 0.4590 -0.4815 0.7467
vn -0.4809 0.6471 0.5916
vn -0.6160 0.7875 0.0211
vn -0.5979 0.8014 0.0154
vn -0.4808 0.6471 0.5916
vn -0.5160 0.6763 -0.5257
vn -0.5299 0.6740 -0.5147
vn -0.3955 0.5260 -0.7529
vn -0.2527 0.3575 -0.8991
vn -0.1184 0.1753 -0.9774
vn 0.1188 -0.1062 -0.9872
vn -0.2526 0.3574 -0.8991
vn -0.5979 0.8014 0.0153
vn -0.6159 0.7875 0.0210
vn -0.5299 0.6741 -0.5146
vn -0.5160 0.6763 -0.5256
vn -0.7135 -0.7006 0.0005
vn -0.7217 -0.6888 0.0687
vn -0.8359 -0.4836 0.2596
vn -0.8418 -0.4251 0.3327
vn -0.8359 -0.4836 0.2595
vn -0.7609 -0.6281 -0.1626
vn -0.7261 -0.6864 -0.0408
vn -0.7135 -0.7006 0.0004
vn -0.7261 -0.6864 -0.0409
vn -0.7972 -0.5920 -0.1187
vn -0.4906 -0.8363 -0.2448
vn -0.7135 -0.7007 0.0004
vn -0.2638 0.5533 0.7901
vn -0.2430 0.5443 0.8029
vn -0.2646 0.5576 0.7868
vn -0.2317 0.5332 0.8136
vn -0.2415 0.5643 0.7894
vn -0.2071 0.5348 0.8192
vn -0.2415 0.5643 0.7895
vn -0.2691 0.5873 0.7633
vn -0.3065 0.9517 0.0177
vn -0.6696 0.7169 -0.1942
vn -0.3362 0.9417 0.0112
vn -0.7430 0.6534 -0.1448
vn -0.3363 0.9417 0.0112
vn 0.2203 0.0183 0.9753
vn 0.1312 -0.0050 0.9913
vn -0.0762 -0.0708 0.9946
vn -0.1622 0.0123 0.9867
vn -0.0763 -0.0708 0.9946
vn 0.1312 -0.0049 0.9913
vn 0.0789 0.8805 0.4674
vn -0.3064 0.9517 0.0178
vn 0.0977 0.8733 0.4773
vn -0.3361 0.9417 0.0112
vn -0.3064 0.9517 0.0177
vn 0.0789 0.8805 0.4675
vn 0.0977 0.8732 0.4774
vn 0.3283 0.4664 0.8214
vn 0.3230 0.4331 0.8415
vn 0.0977 0.8733 0.4774
vn 0.3283 0.4663 0.8214
vn 0.3230 0.4330 0.8415
vn 0.2204 0.0184 0.9752
vn 0.1313 -0.0048 0.9913
vn -0.8324 0.5482 0.0813
vn -0.7431 0.6534 -0.1448
vn -0.8458 0.5311 -0.0513
vn -0.6696 0.7168 -0.1942
vn -0.8458 0.5311 -0.0514
vn -0.2021 0.1064 0.9736
vn -0.0763 -0.0707 0.9946
vn -0.1622 0.0124 0.9867
vn 0.3652 0.4301 0.8256
vn 0.2583 0.3402 0.9042
vn 0.3636 0.4318 0.8254
vn 0.1772 0.2866 0.9415
vn 0.2586 0.3398 0.9042
vn -0.1623 0.0125 0.9867
vn -0.2495 0.1236 0.9604
vn -0.2022 0.1064 0.9736
vn -0.2497 0.1222 0.9606
vn -0.2495 0.1235 0.9605
vn -0.0717 -0.0126 0.9974
vn -0.1676 -0.0979 0.9810
vn 0.2570 0.3406 0.9044
vn -0.5581 -0.3577 0.7487
vn -0.1677 -0.0980 0.9810
vn -0.5530 -0.3540 0.7542
vn -0.0717 -0.0127 0.9973
vn -0.5530 -0.3540 0.7543
vn -0.1676 -0.0980 0.9810
vn -0.8635 -0.2466 0.4400
vn -0.5582 -0.3577 0.7486
vn -0.8666 -0.2574 0.4275
vn -0.5531 -0.3541 0.7541
vn -0.5582 -0.3578 0.7486
vn -0.8635 -0.2466 0.4399
vn -0.8666 -0.2574 0.4274
vn -0.9897 0.0405 0.1374
vn -0.9927 0.0542 0.1081
vn -0.8432 0.5362 0.0383
vn -0.8825 0.4673 0.0529
vn -0.9897 0.0406 0.1374
vn -0.8825 0.4674 0.0529
vn -0.8432 0.5363 0.0383
vn -0.4987 0.8654 0.0490
vn -0.4328 0.8989 0.0684
vn -0.2789 0.9558 0.0931
vn -0.2801 0.9562 0.0846
vn -0.4327 0.8989 0.0685
vn -0.4986 0.8654 0.0490
vn -0.4326 0.8989 0.0693
vn -0.2801 0.9563 0.0845
vn -0.7971 0.5814 0.1632
vn -0.8457 0.5311 -0.0513
vn -0.8428 0.5079 0.1782
vn -0.8292 0.5251 0.1918
vn -0.9927 0.0543 0.1080
vn 0.2586 0.3398 0.9043
vn -0.1675 -0.0979 0.9810
vn 0.6150 -0.5337 -0.5805
vn 0.6237 -0.5520 -0.5534
vn 0.6048 -0.5367 -0.5884
vn 0.6152 -0.5281 -0.5853
vn 0.3988 -0.6466 -0.6503
vn 0.2836 -0.7194 -0.6340
vn 0.3002 -0.7065 -0.6409
vn 0.3628 -0.6036 -0.7100
vn 0.4368 -0.4261 -0.7922
vn 0.3938 -0.5469 -0.7388
vn 0.4080 -0.4215 -0.8098
vn 0.6151 -0.5281 -0.5854
vn 0.5255 -0.5196 -0.6737
vn 0.5521 -0.4863 -0.6773
vn 0.6152 -0.5281 -0.5854
vn 0.4396 -0.4809 -0.7587
vn 0.4596 -0.4488 -0.7664
vn 0.4597 -0.4488 -0.7664
vn 0.5255 -0.5195 -0.6737
vn 0.4396 -0.4808 -0.7587
vn 0.3989 -0.6465 -0.6503
vn 0.4886 -0.6028 -0.6308
vn 0.6151 -0.5337 -0.5804
vn 0.6151 -0.5336 -0.5805
vn 0.3627 -0.6037 -0.7099
vn 0.3938 -0.5470 -0.7388
vn 0.2750 -0.6758 -0.6838
vn 0.3002 -0.7064 -0.6409
vn 0.2584 -0.6786 -0.6876
vn 0.2690 -0.7226 -0.6368
vn 0.2569 -0.6810 -0.6857
vn 0.4316 -0.4080 -0.8045
vn 0.4136 -0.5912 -0.6925
vn 0.2870 -0.4816 -0.8281
vn 0.4136 -0.5912 -0.6924
vn 0.2108 -0.6114 -0.7628
vn 0.2108 -0.6113 -0.7628
vn 0.2478 -0.7213 -0.6468
vn 0.4136 -0.5913 -0.6924
vn 0.3763 -0.7470 -0.5481
vn 0.3763 -0.7469 -0.5481
vn 0.5210 -0.6734 -0.5245
vn 0.5971 -0.5436 -0.5899
vn 0.5601 -0.4337 -0.7058
vn 0.4136 -0.5911 -0.6924
vn -0.6721 0.7391 0.0453
vn -0.2228 0.9676 0.1185
vn -0.6849 0.7135 -0.1474
vn -0.1465 0.9874 -0.0596
vn -0.2228 0.9676 0.1186
vn -0.9086 0.3361 0.2482
vn -0.6721 0.7390 0.0453
vn -0.9684 0.2305 0.0957
vn -0.6850 0.7135 -0.1474
vn -0.7936 -0.0054 0.6084
vn -0.9086 0.3360 0.2482
vn -0.8306 -0.1787 0.5274
vn -0.9684 0.2304 0.0958
vn -0.3946 -0.0852 0.9149
vn -0.7936 -0.0055 0.6085
vn -0.3524 -0.2744 0.8947
vn -0.3525 -0.2744 0.8947
vn 0.0548 0.1433 0.9882
vn -0.3945 -0.0852 0.9149
vn 0.1861 -0.0004 0.9825
vn -0.3523 -0.2744 0.8947
vn 0.1861 -0.0005 0.9825
vn 0.2912 0.5464 0.7853
vn 0.0548 0.1434 0.9882
vn 0.4695 0.4825 0.7394
vn 0.1862 -0.0004 0.9825
vn 0.0548 0.1434 0.9881
vn 0.1763 0.8878 0.4251
vn 0.2913 0.5464 0.7852
vn 0.3318 0.8917 0.3077
vn 0.4695 0.4826 0.7393
vn 0.3318 0.8918 0.3077
vn 0.2912 0.5464 0.7852
vn -0.2227 0.9676 0.1186
vn 0.1762 0.8878 0.4250
vn -0.1464 0.9874 -0.0596
vn 0.3317 0.8918 0.3077
vn 0.1762 0.8879 0.4250
vn -0.4136 0.5912 0.6924
vn -0.6721 0.7391 0.0454
vn -0.4136 0.5913 0.6924
vn -0.9085 0.3361 0.2482
vn -0.9085 0.3360 0.2483
vn -0.7936 -0.0053 0.6084
vn -0.7936 -0.0054 0.6085
vn 0.0547 0.1434 0.9882
vn -0.6934 0.3843 0.6095
vn -0.4791 0.6428 0.5976
vn -0.4792 0.6428 0.5976
vn -0.4791 0.6429 0.5976
vn -0.2107 0.8289 0.5182
vn 0.1626 -0.7003 0.6951
vn 0.5388 -0.4372 0.7201
vn 0.1627 -0.6942 0.7011
vn 0.5374 -0.4352 0.7224
vn 0.1627 -0.6942 0.7012
vn 0.3033 0.8065 -0.5074
vn 0.3154 0.7933 -0.5208
vn 0.3053 0.8044 -0.5096
vn 0.3166 0.7918 -0.5222
vn 0.3053 0.8044 -0.5097
vn 0.3154 0.7932 -0.5209
vn 0.8094 -0.0986 0.5789
vn 0.8142 -0.1002 0.5719
vn 0.8095 -0.0986 0.5788
vn 0.3414 -0.5301 -0.7761
vn 0.1957 -0.6487 -0.7354
vn 0.3415 -0.5301 -0.7762
vn 0.4746 -0.3919 -0.7882
vn 0.3415 -0.5301 -0.7761
vn -0.9091 -0.3101 -0.2783
vn -0.9076 -0.3126 -0.2804
vn -0.8995 -0.3257 -0.2912
vn -0.8985 -0.3273 -0.2925
vn -0.8995 -0.3256 -0.2912
vn -0.2154 0.7499 0.6255
vn -0.2901 0.7256 0.6240
vn -0.2768 0.7297 0.6252
vn -0.2125 0.7437 0.6338
vn -0.5956 0.4602 0.6584
vn -0.6086 0.4044 0.6827
vn -0.5869 0.3990 0.7045
vn -0.6152 0.4650 0.6366
vn -0.4537 0.6105 0.6491
vn -0.4396 0.6119 0.6575
vn -0.4538 0.6105 0.6491
vn -0.4397 0.6119 0.6575
vn -0.4538 0.6104 0.6492
vn 0.5248 -0.4021 -0.7503
vn 0.5135 -0.3817 -0.7686
vn 0.5761 -0.3778 -0.7248
vn 0.5869 -0.3990 -0.7045
vn 0.5761 -0.3778 -0.7249
vn 0.2126 -0.7437 -0.6338
vn 0.2043 -0.7408 -0.6400
vn 0.2387 -0.6985 -0.6746
vn 0.2452 -0.6888 -0.6823
vn 0.3870 -0.5687 -0.7258
vn 0.3870 -0.5557 -0.7358
vn 0.5248 -0.4021 -0.7502
vn 0.5135 -0.3817 -0.7685
vn 0.5248 -0.4022 -0.7502
vn 0.3870 -0.5557 -0.7359
vn 0.3869 -0.5558 -0.7358
vn 0.3869 -0.5688 -0.7258
vn 0.3869 -0.5557 -0.7358
vn 0.2424 0.8046 -0.5421
vn 0.2554 0.7915 -0.5553
vn 0.2452 0.8018 -0.5449
vn 0.2562 0.7907 -0.5560
vn 0.2452 0.8019 -0.5449
vn 0.2556 0.7913 -0.5554
vn 0.9022 0.1641 0.3989
vn -0.9199 -0.2467 -0.3048
vn -0.9123 -0.2551 -0.3204
vn -0.9193 -0.2473 -0.3060
vn -0.9103 -0.2572 -0.3242
vn -0.9193 -0.2474 -0.3060
vn -0.1359 -0.7922 0.5949
vn -0.1359 -0.7921 0.5951
vn 0.9105 0.2733 0.3105
vn 0.9104 0.2733 0.3105
vn -0.2609 -0.8055 0.5320
vn -0.2609 -0.8056 0.5319
vn 0.9047 0.1816 0.3853
vn -0.1560 -0.7953 0.5858
vn 0.3674 -0.5562 -0.7455
vn 0.6493 -0.1517 -0.7453
vn 0.4684 -0.4146 -0.7802
vn -0.0888 -0.7747 -0.6261
vn -0.0378 -0.7883 -0.6142
vn 0.3526 -0.5418 -0.7629
vn 0.3674 -0.5562 -0.7454
vn -0.0379 -0.7883 -0.6142
vn -0.3471 -0.8073 -0.4772
vn -0.3160 -0.8314 -0.4571
vn -0.0379 -0.7883 -0.6141
vn -0.0889 -0.7747 -0.6261
vn -0.7622 0.2470 0.5984
vn -0.8763 -0.0305 0.4808
vn -0.7959 0.2360 0.5576
vn -0.8965 -0.0220 0.4425
vn -0.4479 0.6238 0.6405
vn -0.7622 0.2471 0.5984
vn -0.4665 0.6421 0.6084
vn -0.7621 0.2471 0.5984
vn -0.3325 0.7518 0.5694
vn -0.0738 0.9050 0.4190
vn -0.3157 0.7529 0.5774
vn -0.0753 0.8777 0.4732
vn -0.3157 0.7530 0.5774
vn 0.1655 0.9561 0.2418
vn 0.1803 0.9426 0.2811
vn -0.0737 0.9050 0.4190
vn -0.0753 0.8778 0.4731
vn -0.0738 0.9050 0.4189
vn 0.6493 -0.1516 -0.7452
vn 0.7406 0.1417 -0.6568
vn 0.6396 -0.0989 -0.7623
vn 0.7149 0.1708 -0.6780
vn 0.6396 -0.0989 -0.7624
vn 0.3542 -0.5411 -0.7628
vn 0.6364 -0.1699 -0.7524
vn 0.6493 -0.1517 -0.7452
vn -0.0241 -0.7782 -0.6276
vn 0.3541 -0.5411 -0.7628
vn 0.3673 -0.5562 -0.7454
vn -0.2585 -0.8355 -0.4848
vn -0.0242 -0.7782 -0.6275
vn -0.2585 -0.8356 -0.4848
vn -0.7559 0.2677 0.5974
vn -0.8563 0.0190 0.5161
vn -0.4685 0.6348 0.6144
vn -0.7559 0.2678 0.5975
vn -0.7559 0.2678 0.5974
vn -0.0954 0.8761 0.4726
vn -0.4478 0.6239 0.6405
vn 0.1377 0.9345 0.3281
vn -0.0953 0.8761 0.4725
vn 0.6364 -0.1698 -0.7524
vn 0.7356 0.0800 -0.6727
vn 0.6494 -0.1516 -0.7452
vn 0.3007 -0.4938 -0.8159
vn 0.5251 -0.1607 -0.8357
vn 0.3541 -0.5410 -0.7628
vn 0.6364 -0.1698 -0.7525
vn 0.5251 -0.1606 -0.8357
vn -0.0242 -0.7782 -0.6276
vn -0.0430 -0.6839 -0.7283
vn 0.3005 -0.4939 -0.8159
vn -0.0430 -0.6838 -0.7284
vn -0.2433 -0.7485 -0.6168
vn -0.0431 -0.6839 -0.7283
vn -0.2433 -0.7485 -0.6169
vn -0.7799 0.3694 0.5053
vn -0.8794 0.1608 0.4481
vn -0.8564 0.0190 0.5160
vn -0.8794 0.1607 0.4481
vn -0.5111 0.6663 0.5429
vn -0.4686 0.6348 0.6144
vn -0.7799 0.3695 0.5053
vn -0.2118 0.8927 0.3979
vn -0.4685 0.6349 0.6144
vn -0.5110 0.6664 0.5429
vn -0.2118 0.8926 0.3979
vn -0.0131 0.9586 0.2843
vn -0.0953 0.8762 0.4725
vn -0.2117 0.8927 0.3978
vn 0.5252 -0.1606 -0.8357
vn 0.6231 0.0494 -0.7806
vn 0.7355 0.0800 -0.6727
vn 0.6230 0.0494 -0.7806
vn 0.2676 -0.4638 -0.8446
vn 0.3006 -0.4938 -0.8159
vn 0.2675 -0.4639 -0.8446
vn 0.3006 -0.4939 -0.8159
vn 0.2675 -0.4638 -0.8446
vn -0.5991 0.5971 0.5334
vn -0.8794 0.1608 0.4480
vn -0.7799 0.3694 0.5052
vn -0.5991 0.5972 0.5333
vn -0.7799 0.3695 0.5052
vn -0.0839 0.9747 0.2072
vn -0.0131 0.9587 0.2842
vn 0.6230 0.0494 -0.7807
vn 0.5251 -0.1605 -0.8357
vn -0.3240 0.7565 0.5681
vn -0.4664 0.6421 0.6084
vn -0.0754 0.8777 0.4732
vn 0.4836 -0.4095 -0.7736
vn 0.3527 -0.5418 -0.7629
vn 0.3674 -0.5561 -0.7454
vn 0.4892 -0.3922 -0.7790
vn 0.6395 -0.0990 -0.7624
vn 0.2664 -0.3801 0.8857
vn 0.4214 -0.5282 0.7371
vn 0.2714 -0.2260 0.9356
vn 0.6007 -0.4168 0.6823
vn 0.5515 -0.2370 0.7998
vn 0.3647 -0.1892 0.9117
vn 0.6007 -0.4167 0.6822
vn 0.6504 -0.3405 0.6790
vn 0.6008 -0.4168 0.6822
vn 0.7037 -0.4567 0.5442
vn 0.6673 -0.6238 0.4069
vn 0.7038 -0.4568 0.5441
vn 0.4214 -0.5283 0.7371
vn 0.4991 -0.7073 0.5006
vn 0.6094 -0.6977 0.3767
vn 0.3577 -0.5941 0.7205
vn 0.4991 -0.7073 0.5007
vn 0.2664 -0.3802 0.8857
vn 0.3577 -0.5940 0.7205
vn 0.6672 -0.6239 0.4069
vn 0.6060 -0.6940 0.3887
vn 0.6007 -0.4168 0.6822
vn 0.3646 -0.1892 0.9117
vn 0.2804 -0.2245 0.9333
vn -0.6613 -0.7196 0.2117
vn -0.6622 -0.7178 0.2154
vn 0.7127 0.6876 -0.1391
vn 0.7586 0.6262 -0.1803
vn 0.7153 0.6826 -0.1497
vn 0.7162 0.6808 -0.1536
vn 0.7585 0.6262 -0.1803
vn 0.8134 0.5340 -0.2309
vn 0.7454 0.6432 -0.1752
vn 0.7162 0.6808 -0.1535
vn -0.7523 -0.5945 0.2840
vn -0.7013 -0.6701 0.2431
vn -0.1870 0.7927 0.5803
vn -0.1868 0.7963 0.5754
vn 0.0841 0.8005 0.5934
vn -0.5855 -0.0905 0.8056
vn -0.6928 0.0782 0.7169
vn -0.6506 -0.0469 0.7580
vn -0.7040 0.1230 0.6995
vn -0.6506 -0.0469 0.7579
vn -0.6928 0.0782 0.7168
vn -0.1869 0.7962 0.5754
vn -0.1871 0.7926 0.5803
vn -0.4459 0.6567 0.6083
vn -0.4505 0.6530 0.6088
vn -0.4459 0.6567 0.6082
vn -0.4506 0.6530 0.6088
vn -0.6615 0.3920 0.6393
vn -0.6574 0.3859 0.6473
vn -0.6616 0.3919 0.6393
vn -0.7040 0.1231 0.6995
vn -0.6928 0.0783 0.7168
vn 0.2112 0.7035 0.6786
vn 0.1731 0.7645 0.6209
vn 0.0842 0.8005 0.5934
vn 0.0609 0.8121 0.5803
vn -0.6506 -0.0470 0.7580
vn -0.5173 -0.1253 0.8466
vn -0.9856 0.1213 0.1179
vn -0.9751 0.1787 0.1317
vn -0.8861 0.0075 0.4633
vn -0.8691 0.0466 0.4924
vn -0.8861 0.0076 0.4634
vn -0.9750 0.1788 0.1317
vn -0.3683 -0.2158 0.9043
vn -0.3846 -0.1969 0.9018
vn -0.5172 -0.1254 0.8466
vn -0.5854 -0.0905 0.8057
vn -0.5172 -0.1253 0.8466
vn -0.4198 -0.2832 0.8623
vn -0.4239 -0.2881 0.8587
vn -0.3846 -0.1970 0.9018
vn 0.4781 0.7799 0.4038
vn 0.4760 0.8208 0.3158
vn 0.4732 0.7926 0.3845
vn 0.4728 0.8230 0.3149
vn 0.4732 0.7926 0.3846
vn 0.4759 0.8208 0.3158
vn -0.5973 -0.3370 0.7278
vn -0.6783 -0.3700 0.6349
vn -0.5972 -0.3382 0.7273
vn -0.6778 -0.3722 0.6340
vn 0.4840 0.6019 0.6352
vn 0.4751 0.6092 0.6349
vn 0.3790 0.4906 0.7846
vn 0.4098 0.4623 0.7863
vn -0.5972 -0.3370 0.7278
vn -0.4203 -0.2821 0.8624
vn -0.4239 -0.2881 0.8586
vn -0.5972 -0.3382 0.7274
vn 0.4853 0.6013 0.6347
vn 0.4781 0.7799 0.4039
vn 0.4751 0.6093 0.6349
vn 0.4731 0.7926 0.3846
vn -0.5912 -0.2896 0.7528
vn -0.8861 0.0075 0.4634
vn -0.5760 -0.2794 0.7682
vn -0.8690 0.0465 0.4925
vn -0.5759 -0.2794 0.7683
vn -0.1012 -0.4122 0.9054
vn -0.5911 -0.2896 0.7528
vn -0.5759 -0.2795 0.7683
vn -0.1011 -0.4123 0.9054
vn 0.3303 -0.2660 0.9056
vn -0.0734 -0.4165 0.9061
vn 0.3317 -0.2667 0.9049
vn -0.0734 -0.4165 0.9062
vn 0.3304 -0.2660 0.9056
vn 0.5499 0.0887 0.8305
vn 0.3318 -0.2666 0.9049
vn 0.5455 0.1104 0.8308
vn 0.4742 0.5972 0.6470
vn 0.5499 0.0888 0.8305
vn 0.1279 0.9120 0.3898
vn 0.4741 0.5972 0.6470
vn 0.1428 0.9305 0.3372
vn 0.4873 0.5688 0.6626
vn 0.4741 0.5972 0.6469
vn -0.2858 0.9573 0.0437
vn -0.2867 0.9575 0.0321
vn -0.1604 0.9845 -0.0716
vn -0.1424 0.9893 -0.0323
vn -0.1604 0.9845 -0.0715
vn -0.2867 0.9580 -0.0013
vn -0.2869 0.9577 0.0202
vn -0.2868 0.9575 0.0321
vn -0.2858 0.9573 0.0436
vn -0.2548 0.9609 -0.1083
vn -0.2677 0.9598 -0.0841
vn -0.2867 0.9580 -0.0014
vn -0.9747 0.2027 0.0941
vn -0.9747 0.2178 0.0497
vn -0.9753 0.2066 0.0775
vn -0.9755 0.2150 0.0471
vn -0.9754 0.2066 0.0775
vn -0.9748 0.2177 0.0496
vn -0.9612 0.2599 0.0922
vn -0.9747 0.2026 0.0941
vn -0.9641 0.2451 0.1027
vn -0.9856 0.1213 0.1178
vn -0.9750 0.1788 0.1316
vn -0.9641 0.2450 0.1027
vn -0.1603 0.9845 -0.0715
vn -0.1423 0.9893 -0.0323
vn 0.1427 0.9306 0.3371
vn 0.1278 0.9120 0.3898
vn 0.1427 0.9305 0.3372
vn -0.1424 0.9893 -0.0322
vn 0.2602 0.6291 0.7325
vn 0.2112 0.7034 0.6786
vn 0.3789 0.4907 0.7846
vn 0.2602 0.6290 0.7325
vn 0.4098 0.4622 0.7864
vn 0.2603 0.6290 0.7325
vn -0.0735 -0.4165 0.9061
vn -0.6574 0.3858 0.6473
vn -0.4460 0.6566 0.6083
vn 0.5455 0.1103 0.8308
vn 0.5498 0.0887 0.8306
vn 0.5448 0.1105 0.8312
vn 0.4873 0.5687 0.6627
vn 0.1582 -0.2626 -0.9518
vn 0.2725 -0.2852 -0.9189
vn 0.1655 -0.2526 -0.9533
vn 0.3138 -0.3526 -0.8816
vn 0.1656 -0.2526 -0.9533
vn 0.5054 -0.5050 -0.6997
vn 0.5291 -0.5425 -0.6525
vn 0.4625 -0.4944 -0.7360
vn 0.1124 -0.3832 -0.9168
vn 0.1805 -0.4238 -0.8876
vn 0.2671 -0.5065 -0.8198
vn 0.3487 -0.5452 -0.7623
vn 0.1806 -0.4238 -0.8876
vn 0.0998 -0.2669 -0.9585
vn 0.0863 -0.2517 -0.9639
vn 0.0862 -0.2518 -0.9639
vn 0.0842 -0.3156 -0.9452
vn 0.0914 -0.3054 -0.9478
vn 0.0842 -0.3155 -0.9452
vn 0.3139 -0.3526 -0.8816
vn 0.4233 -0.4353 -0.7946
vn 0.3810 -0.5980 -0.7052
vn 0.2672 -0.5065 -0.8198
vn 0.3488 -0.5452 -0.7623
vn 0.5616 -0.5459 -0.6218
vn 0.5292 -0.5425 -0.6524
vn 0.5055 -0.5050 -0.6996
vn 0.4341 -0.6479 -0.6259
vn 0.4417 -0.6924 -0.5706
vn 0.3810 -0.5979 -0.7052
vn 0.3487 -0.5451 -0.7624
vn 0.4341 -0.6478 -0.6260
vn 0.6901 0.1625 0.7052
vn 0.7588 -0.4843 -0.4356
vn 0.6886 -0.4540 -0.5654
vn 0.7572 -0.4608 -0.4629
vn 0.6641 -0.4456 -0.6003
vn 0.6886 -0.4540 -0.5655
vn 0.6885 -0.4540 -0.5655
vn 0.5500 -0.4895 -0.6766
vn 0.6641 -0.4456 -0.6004
vn 0.5502 -0.4631 -0.6949
vn 0.6640 -0.4456 -0.6004
vn 0.5501 -0.4631 -0.6949
vn 0.4342 -0.6478 -0.6259
vn 0.5500 -0.4896 -0.6766
vn 0.3902 -0.7111 -0.5849
vn 0.3609 -0.7004 -0.6158
vn 0.5291 -0.5425 -0.6524
vn 0.3855 -0.8125 -0.4373
vn 0.3974 -0.8353 -0.3799
vn 0.3902 -0.7112 -0.5848
vn 0.4067 -0.8619 -0.3028
vn 0.4232 -0.8581 -0.2907
vn 0.3974 -0.8353 -0.3798
vn -0.2064 -0.3096 0.9282
vn -0.8274 0.4852 0.2830
vn -0.8215 0.5117 0.2517
vn -0.6566 0.7525 -0.0518
vn -0.5917 0.7950 -0.1335
vn -0.8214 0.5117 0.2517
vn 0.2133 0.3354 0.9176
vn 0.3062 0.1768 0.9354
vn 0.3234 0.2989 0.8978
vn 0.2683 0.0952 0.9586
vn 0.3234 0.2988 0.8978
vn 0.3062 0.1767 0.9354
vn -0.6380 0.2484 0.7289
vn -0.6400 0.2255 0.7345
vn -0.8214 0.5117 0.2518
vn -0.1384 0.0327 0.9898
vn -0.6400 0.2254 0.7346
vn -0.1870 0.0356 0.9817
vn -0.6380 0.2483 0.7289
vn -0.1870 0.0357 0.9817
vn -0.6400 0.2255 0.7346
vn 0.3061 0.1767 0.9355
vn -0.1383 0.0327 0.9899
vn 0.2681 0.0951 0.9587
vn -0.1869 0.0356 0.9817
vn -0.5277 0.8494 -0.0007
vn -0.6565 0.7525 -0.0519
vn -0.5916 0.7951 -0.1335
vn 0.2133 0.3353 0.9177
vn 0.3233 0.2988 0.8979
vn 0.0936 0.3143 0.9447
vn -0.3392 -0.0445 0.9396
vn -0.3366 -0.0470 0.9405
vn -0.1559 0.1021 0.9825
vn -0.0883 0.1423 0.9859
vn -0.1559 0.1022 0.9825
vn 0.2132 0.3354 0.9176
vn 0.0744 0.3373 0.9385
vn -0.1558 0.1022 0.9825
vn 0.3603 0.4287 0.8285
vn 0.3647 0.4498 0.8152
vn 0.3602 0.4287 0.8285
vn 0.3648 0.4499 0.8152
vn 0.6172 0.6606 0.4274
vn 0.3603 0.4288 0.8284
vn 0.6172 0.6606 0.4273
vn 0.4316 0.9017 -0.0272
vn 0.6273 0.6524 0.4252
vn 0.4258 0.9044 -0.0269
vn 0.4315 0.9017 -0.0272
vn 0.4257 0.9044 -0.0270
vn 0.4315 0.9017 -0.0274
vn 0.0167 0.9653 -0.2604
vn 0.0308 0.9596 -0.2797
vn 0.0167 0.9654 -0.2604
vn 0.4315 0.9017 -0.0273
vn -0.5304 0.8407 -0.1094
vn 0.0166 0.9654 -0.2604
vn -0.4651 0.8731 -0.1461
vn -0.8584 0.5018 0.1062
vn -0.5304 0.8406 -0.1094
vn -0.9336 0.3102 0.1794
vn -0.8585 0.5017 0.1062
vn -0.9334 0.3102 0.1803
vn -0.8273 0.5526 0.1012
vn -0.9334 0.3102 0.1801
vn -0.5198 0.8540 0.0220
vn -0.5551 0.8295 0.0612
vn -0.5278 0.8494 -0.0007
vn -0.6267 0.7575 0.1831
vn -0.6540 0.7187 0.2362
vn -0.5551 0.8295 0.0613
vn -0.6267 0.7574 0.1832
vn -0.6565 0.7526 -0.0518
vn -0.5278 0.8494 -0.0006
vn -0.8274 0.4851 0.2831
vn -0.8273 0.5526 0.1011
vn 0.6273 0.6524 0.4253
vn 0.2137 -0.8135 -0.5409
vn 0.2721 -0.7899 -0.5495
vn 0.2344 -0.7931 -0.5622
vn 0.2856 -0.7791 -0.5580
vn 0.5749 -0.4988 -0.6486
vn 0.6454 -0.3853 -0.6596
vn 0.4666 -0.6170 -0.6338
vn 0.1487 -0.7057 -0.6927
vn 0.1611 -0.7195 -0.6755
vn 0.3616 -0.6196 -0.6967
vn 0.4501 -0.5363 -0.7140
vn 0.3616 -0.6196 -0.6966
vn 0.1753 -0.8126 -0.5559
vn 0.2285 -0.7865 -0.5738
vn 0.1750 -0.7555 -0.6314
vn 0.2241 -0.7303 -0.6453
vn 0.2241 -0.7303 -0.6454
vn 0.4665 -0.6170 -0.6338
vn 0.3584 -0.6941 -0.6243
vn 0.2721 -0.7899 -0.5496
vn 0.2856 -0.7791 -0.5581
vn 0.5702 -0.3855 -0.7255
vn 0.3617 -0.6195 -0.6967
vn 0.4666 -0.6169 -0.6338
vn 0.3585 -0.6940 -0.6244
vn 0.6504 -0.3047 -0.6958
vn 0.5750 -0.4988 -0.6486
vn -0.8487 -0.3383 0.4065
vn -0.8418 -0.4250 0.3328
vn -0.8481 -0.3459 0.4014
vn -0.7217 -0.6888 0.0688
vn -0.8481 -0.3460 0.4013
vn -0.2531 -0.8710 -0.4212
vn 0.2315 -0.8439 -0.4840
vn 0.3032 -0.8614 -0.4074
vn -0.5191 -0.8385 -0.1659
vn -0.2531 -0.8710 -0.4211
vn -0.7217 -0.6887 0.0687
vn 0.2316 -0.8439 -0.4840
vn 0.2316 -0.8438 -0.4840
vn -0.8487 -0.3383 0.4064
vn -0.8481 -0.3459 0.4013
vn -0.8546 -0.3298 0.4012
vn -0.7740 -0.5836 -0.2455
vn -0.8107 -0.5543 -0.1886
vn -0.7609 -0.6281 -0.1627
vn -0.9620 0.0046 0.2732
vn -0.9660 -0.0277 0.2572
vn -0.9540 -0.0527 0.2951
vn -0.8840 -0.2419 0.4001
vn -0.9367 -0.1064 0.3334
vn -0.8839 -0.2420 0.4001
vn -0.5818 -0.6474 0.4922
vn -0.7040 -0.4792 0.5241
vn -0.1733 -0.8264 -0.5358
vn -0.1974 -0.7814 -0.5919
vn -0.2229 -0.7288 -0.6474
vn -0.1974 -0.7814 -0.5920
vn -0.2929 -0.6761 -0.6761
vn -0.2733 -0.6922 -0.6679
vn -0.3229 -0.6871 -0.6509
vn -0.2851 -0.7045 -0.6499
vn -0.0073 -0.9903 -0.1384
vn -0.0396 -0.9985 -0.0369
vn -0.2702 -0.8768 -0.3979
vn -0.5370 -0.6230 0.5688
vn -0.5818 -0.6475 0.4923
vn -0.3780 -0.7557 0.5348
vn -0.2841 -0.7400 -0.6096
vn -0.4095 -0.6913 -0.5952
vn -0.0395 -0.9985 -0.0368
vn -0.0073 -0.9904 -0.1383
vn -0.0851 -0.9803 0.1782
vn -0.8107 -0.5543 -0.1885
vn -0.7741 -0.5836 -0.2454
vn -0.7972 -0.5919 -0.1187
vn -0.9595 -0.2606 0.1067
vn -0.9861 -0.0746 0.1488
vn -0.9694 -0.0407 0.2422
vn -0.4965 -0.7774 -0.3863
vn -0.4096 -0.6913 -0.5952
vn -0.4362 -0.6334 -0.6391
vn -0.7741 -0.5836 -0.2455
vn -0.8557 -0.2854 0.4317
vn -0.9861 -0.0746 0.1487
vn -0.9694 -0.0407 0.2423
vn -0.9660 -0.0277 0.2571
vn -0.8840 -0.2420 0.4001
vn -0.8557 -0.2853 0.4316
vn -0.2131 -0.8953 0.3911
vn -0.0396 -0.9985 -0.0368
vn -0.0852 -0.9803 0.1783
vn -0.1734 -0.8264 -0.5357
vn -0.2703 -0.8767 -0.3979
vn -0.5818 -0.6475 0.4922
vn -0.2127 -0.8953 0.3915
vn -0.3780 -0.7558 0.5348
vn -0.5818 -0.6474 0.4923
vn -0.5370 -0.6229 0.5688
vn -0.5819 -0.6474 0.4922
vn -0.0395 -0.9985 -0.0369
vn -0.1973 -0.7815 -0.5919
vn -0.1733 -0.8264 -0.5357
vn -0.2733 -0.6922 -0.6680
vn -0.2750 -0.7452 -0.6075
vn -0.9595 -0.2606 0.1066
vn -0.7261 -0.6863 -0.0409
vn -0.7609 -0.6282 -0.1627
vn -0.7972 -0.5919 -0.1186
vn -0.4363 -0.6334 -0.6391
vn 0.9591 0.2446 -0.1427
vn 0.9864 0.0511 0.1560
vn 0.6244 0.7115 0.3224
vn 0.8425 -0.4672 -0.2683
vn 0.9591 0.2445 -0.1428
vn 0.8261 -0.3333 -0.4544
vn 0.4953 -0.4998 -0.7105
vn 0.7800 -0.6234 -0.0539
vn -0.2861 0.4452 0.8485
vn -0.1915 0.4460 0.8743
vn -0.2220 0.3803 0.8978
vn 0.1070 0.2439 0.9639
vn -0.2221 0.3804 0.8978
vn -0.4922 0.6535 0.5751
vn -0.2861 0.4451 0.8485
vn -0.4807 0.6628 0.5741
vn -0.6000 0.8000 0.0059
vn -0.5846 0.8113 0.0052
vn -0.4922 0.6536 0.5750
vn -0.4807 0.6629 0.5740
vn -0.5847 0.8113 0.0052
vn 0.9095 -0.0101 -0.4155
vn 0.8017 -0.4964 -0.3329
vn 0.7791 -0.4214 -0.4642
vn 0.3709 0.8034 0.4658
vn 0.1057 0.5756 0.8108
vn 0.3177 0.4336 0.8432
vn -0.4454 0.7026 0.5550
vn -0.2693 0.5113 0.8161
vn -0.4004 0.5554 0.7289
vn -0.3888 0.5611 0.7308
vn -0.1255 0.3628 0.9234
vn -0.1248 0.3748 0.9187
vn -0.1255 0.3627 0.9234
vn -0.3888 0.5611 0.7307
vn -0.1054 0.3021 -0.9474
vn -0.1385 0.3111 -0.9402
vn 0.3037 -0.2336 -0.9237
vn 0.2972 -0.2275 -0.9273
vn 0.3037 -0.2337 -0.9237
vn -0.1385 0.3110 -0.9403
vn 0.8452 0.2810 0.4547
vn 0.7638 -0.0339 0.6445
vn 0.7980 -0.4169 0.4353
vn -0.1950 0.3230 0.9261
vn 0.1070 0.2438 0.9639
vn -0.1952 0.3231 0.9260
vn -0.4922 0.6535 0.5750
vn 0.7979 -0.4169 0.4353
vn 0.8425 -0.4671 -0.2684
vn 0.4953 -0.4997 -0.7106
vn 0.1222 -0.0918 -0.9882
vn 0.4953 -0.4998 -0.7106
vn 0.7637 -0.0340 0.6446
vn 0.1969 -0.0532 0.9790
vn 0.7136 -0.5757 0.3993
vn 0.7979 -0.4169 0.4354
vn 0.7638 -0.0339 0.6446
vn 0.7136 -0.5757 0.3992
vn -0.5516 0.8339 0.0202
vn -0.4454 0.7026 0.5549
vn -0.4807 0.6629 0.5741
vn -0.5516 0.8339 0.0201
vn 0.2825 -0.2575 -0.9241
vn 0.6146 -0.5470 -0.5684
vn 0.2973 -0.2276 -0.9273
vn 0.5738 -0.5512 -0.6057
vn 0.2972 -0.2276 -0.9273
vn 0.6322 -0.6055 -0.4835
vn 0.5739 -0.5512 -0.6056
vn 0.6659 -0.5757 -0.4745
vn 0.6146 -0.5470 -0.5683
vn -0.2410 0.3662 -0.8988
vn -0.5094 0.6747 -0.5341
vn -0.2060 0.3283 -0.9218
vn -0.4805 0.6974 -0.5317
vn -0.4804 0.6974 -0.5317
vn -0.2059 0.3283 -0.9219
vn 0.2971 -0.2276 -0.9273
vn 0.2824 -0.2575 -0.9241
vn 0.2971 -0.2275 -0.9273
vn -0.2059 0.3282 -0.9219
vn -0.2860 0.5595 0.7779
vn -0.4225 0.7283 0.5395
vn -0.4225 0.7284 0.5394
vn -0.5241 0.8512 0.0291
vn -0.5515 0.8339 0.0202
vn -0.5241 0.8512 0.0292
vn -0.0565 0.7554 0.6528
vn 0.1057 0.5757 0.8108
vn 0.5849 -0.6586 -0.4735
vn 0.6575 -0.6760 -0.3328
vn 0.5732 -0.6570 -0.4898
vn 0.6428 -0.6756 -0.3611
vn 0.5732 -0.6570 -0.4897
vn -0.1254 0.3627 0.9234
vn -0.1246 0.3748 0.9187
vn 0.1470 0.1390 0.9793
vn 0.1410 0.1563 0.9776
vn -0.1247 0.3747 0.9187
vn -0.4804 0.6974 -0.5318
vn -0.4436 0.7147 -0.5408
vn -0.1386 0.3111 -0.9402
vn -0.4435 0.7147 -0.5408
vn -0.4157 0.7136 -0.5638
vn -0.1055 0.3022 -0.9474
vn 0.0450 0.7172 0.6954
vn 0.0271 0.5717 0.8200
vn 0.3097 0.7333 0.6053
vn 0.6147 -0.5470 -0.5683
vn 0.8424 -0.4672 -0.2683
vn 0.1187 -0.1062 -0.9872
vn -0.2409 0.3661 -0.8989
vn 0.1222 -0.0917 -0.9883
vn -0.2409 0.3661 -0.8988
vn 0.2824 -0.2574 -0.9241
vn 0.8451 0.2811 0.4547
vn 0.1071 0.2438 0.9639
vn 0.0270 0.5717 0.8200
vn 0.8854 0.0828 -0.4575
vn 0.9096 -0.0101 -0.4155
vn 0.7396 -0.2930 -0.6060
vn 0.7396 -0.2930 -0.6059
vn -0.0564 0.7555 0.6527
vn 0.2958 0.8334 0.4668
vn -0.4033 0.5586 0.7248
vn -0.3789 0.5685 0.7302
vn 0.4666 -0.6042 -0.6459
vn 0.5848 -0.6586 -0.4736
vn 0.4676 -0.6075 -0.6421
vn 0.5731 -0.6569 -0.4898
vn 0.5848 -0.6586 -0.4735
vn 0.7790 -0.4214 -0.4643
vn 0.9034 0.1682 -0.3944
vn 0.8693 0.1607 -0.4674
vn 0.7732 -0.2404 -0.5868
vn 0.7264 -0.2474 -0.6412
vn 0.0361 0.7588 0.6503
vn -0.0386 0.7778 0.6273
vn 0.3427 0.8165 0.4647
vn 0.2999 0.8444 0.4438
vn -0.0387 0.7778 0.6274
vn 0.0360 0.7588 0.6503
vn -0.3491 0.5695 0.7441
vn 0.7124 -0.2736 -0.6462
vn 0.7265 -0.2473 -0.6412
vn 0.8644 0.0881 -0.4950
vn 0.2780 0.8497 0.4479
vn -0.0749 0.7681 0.6359
vn 0.2780 0.8497 0.4480
vn -0.4033 0.5585 0.7249
vn -0.0750 0.7681 0.6359
vn -0.0387 0.7778 0.6273
vn -0.0751 0.7681 0.6359
vn -0.3789 0.5686 0.7302
vn -0.4032 0.5586 0.7248
vn -0.3286 0.5409 0.7742
vn -0.3492 0.5695 0.7441
vn -0.3287 0.5409 0.7742
vn 0.8644 0.0880 -0.4950
vn 0.7124 -0.2737 -0.6462
vn 0.8854 0.0828 -0.4574
vn -0.0564 0.7555 0.6528
vn 0.7123 -0.2737 -0.6462
vn 0.4524 -0.5756 -0.6812
vn -0.0564 0.7554 0.6528
vn 0.4588 -0.5913 -0.6633
vn 0.4588 -0.5912 -0.6633
vn -0.3820 0.7355 0.5597
vn -0.4682 0.8826 0.0436
vn -0.4682 0.8825 0.0436
vn -0.3518 0.5727 0.7405
vn -0.2950 0.5508 0.7808
vn -0.3777 0.5582 0.7388
vn -0.3518 0.5727 0.7404
vn -0.1247 0.3748 0.9187
vn -0.1330 0.3873 0.9123
vn -0.1329 0.3873 0.9123
vn 0.1263 0.1821 0.9751
vn 0.5663 -0.6527 -0.5032
vn 0.6299 -0.6781 -0.3787
vn 0.5663 -0.6528 -0.5032
vn 0.6428 -0.6756 -0.3612
vn 0.5731 -0.6570 -0.4898
vn 0.4660 -0.6051 -0.6455
vn 0.5663 -0.6527 -0.5033
vn -0.3819 0.7355 0.5597
vn -0.4313 0.8217 0.3725
vn 0.3033 -0.8614 -0.4074
vn 0.5948 -0.7214 -0.3547
vn -0.0100 0.1928 0.9812
vn 0.0171 0.2079 0.9780
vn -0.1672 0.3802 0.9097
vn -0.1673 0.3803 0.9096
vn -0.3712 0.5586 0.7417
vn -0.3711 0.5586 0.7418
vn -0.1330 0.3874 0.9123
vn -0.3776 0.5582 0.7388
vn -0.3432 0.5563 0.7568
vn 0.9591 0.2446 -0.1428
vn 0.8261 -0.3333 -0.4545
vn 0.7733 -0.2403 -0.5868
vn 0.5947 -0.7214 -0.3547
vn -0.1672 0.3802 0.9096
vn -0.6000 0.8000 0.0058
vn -0.5094 0.6748 -0.5340
vn -0.4805 0.6975 -0.5317
vn -0.5847 0.8113 0.0051
vn -0.4805 0.6975 -0.5316
vn -0.4436 0.7148 -0.5407
vn -0.5516 0.8339 0.0200
vn -0.5240 0.8512 0.0291
vn -0.4157 0.7137 -0.5637
vn 0.7790 -0.4214 -0.4642
vn 0.5849 -0.6586 -0.4734
vn 0.1056 0.5757 0.8108
vn -0.4531 0.8864 0.0949
vn -0.4682 0.8826 0.0435
vn -0.4206 0.8768 -0.2329
vn -0.4531 0.8864 0.0950
vn -0.3733 0.6790 0.6322
vn -0.3819 0.7354 0.5597
vn -0.4313 0.8217 0.3726
vn -0.2899 0.6013 0.7446
vn -0.3732 0.6790 0.6322
vn -0.2760 0.5777 0.7681
vn -0.2639 0.5678 0.7797
vn -0.3445 0.7439 -0.5726
vn -0.3374 0.7331 -0.5906
vn -0.4206 0.8768 -0.2330
vn -0.1635 0.5392 -0.8261
vn -0.3374 0.7330 -0.5906
vn -0.3445 0.7439 -0.5727
vn -0.0511 0.3290 -0.9430
vn -0.0271 0.3024 -0.9528
vn -0.1635 0.5392 -0.8262
vn 0.3666 -0.2907 -0.8838
vn 0.1317 0.0778 -0.9882
vn 0.3132 -0.1964 -0.9291
vn -0.0511 0.3289 -0.9430
vn 0.3133 -0.1964 -0.9291
vn 0.5135 -0.4794 -0.7117
vn 0.3666 -0.2908 -0.8837
vn 0.5440 -0.5520 -0.6319
vn 0.5626 -0.5832 -0.5860
vn 0.5931 -0.6200 -0.5136
vn 0.5946 -0.6160 -0.5168
vn 0.5900 -0.6228 -0.5138
vn 0.5886 -0.6238 -0.5143
vn 0.4561 -0.6000 -0.6572
vn 0.4883 -0.6206 -0.6136
vn 0.4541 -0.6015 -0.6572
vn 0.4860 -0.6087 -0.6272
vn 0.4542 -0.6015 -0.6572
vn 0.4725 -0.5991 -0.6464
vn 0.2316 -0.8438 -0.4841
vn 0.4725 -0.5990 -0.6465
vn 0.5499 -0.6036 -0.5773
vn 0.5515 -0.6130 -0.5657
vn 0.5515 -0.6130 -0.5658
vn 0.5499 -0.6037 -0.5773
vn 0.4541 -0.6015 -0.6573
vn 0.7800 -0.6235 -0.0539
vn 0.1870 -0.1970 0.9624
vn 0.1968 -0.0533 0.9790
vn -0.3491 0.5695 0.7442
vn -0.2816 0.5393 0.7937
vn -0.2751 0.5729 0.7721
vn -0.2815 0.5393 0.7937
vn 0.5626 -0.5832 -0.5859
vn 0.5440 -0.5521 -0.6319
vn -0.2950 0.5507 0.7808
vn -0.2575 0.5275 0.8096
vn 0.0360 0.7588 0.6504
vn -0.2367 0.5718 0.7855
vn -0.2510 0.5389 0.8041
vn 0.8260 -0.3333 -0.4545
vn 0.6064 -0.5936 -0.5290
vn 0.8260 -0.3334 -0.4545
vn 0.6064 -0.5937 -0.5290
vn 0.5205 -0.5858 -0.6212
vn 0.7732 -0.2403 -0.5868
vn 0.4688 -0.5693 -0.6754
vn 0.5205 -0.5858 -0.6213
vn 0.3038 -0.2337 -0.9236
vn 0.5422 -0.5619 -0.6247
vn 0.6014 -0.6266 -0.4956
vn 0.5423 -0.5620 -0.6246
vn 0.6004 -0.6124 -0.5142
vn 0.6065 -0.5937 -0.5289
vn 0.5463 -0.5823 -0.6021
vn 0.5206 -0.5858 -0.6212
vn 0.4687 -0.5693 -0.6754
vn 0.4880 -0.5759 -0.6559
vn -0.2335 0.5332 0.8131
vn -0.2784 0.5572 0.7823
vn -0.2336 0.5333 0.8131
vn -0.2336 0.5332 0.8131
vn -0.3776 0.5583 0.7387
vn -0.4225 0.7284 0.5395
vn -0.4682 0.8825 0.0435
vn -0.3445 0.7438 -0.5727
vn -0.4157 0.7136 -0.5639
vn -0.0510 0.3289 -0.9430
vn 0.3037 -0.2337 -0.9236
vn 0.5440 -0.5520 -0.6320
vn 0.5931 -0.6201 -0.5136
vn 0.6004 -0.6125 -0.5142
vn 0.5463 -0.5823 -0.6020
vn 0.4860 -0.6087 -0.6271
vn 0.5498 -0.6036 -0.5773
vn 0.3133 -0.1965 -0.9291
vn 0.1316 0.0779 -0.9882
vn -0.0270 0.3023 -0.9528
vn -0.2274 0.5073 0.8313
vn -0.2444 0.5362 0.8079
vn -0.2274 0.5072 0.8313
vn -0.2860 0.5594 0.7780
vn -0.2444 0.5362 0.8080
vn -0.2860 0.5595 0.7780
vn -0.2257 0.5512 0.8033
vn -0.2382 0.5384 0.8083
vn 0.6244 0.7115 0.3223
vn 0.8451 0.2811 0.4546
vn -0.2761 0.5777 0.7681
vn -0.3228 -0.6871 -0.6509
vt 0.192677 0.834358
vt 0.210740 0.834908
vt 0.192697 0.834787
vt 0.192636 0.833789
vt 0.124232 0.836088
vt 0.127419 0.836722
vt 0.122915 0.837458
vt 0.325237 0.123471
vt 0.320499 0.123471
vt 0.323336 0.100864
vt 0.326608 0.100864
vt 0.316891 0.123471
vt 0.320657 0.100864
vt 0.337344 0.100864
vt 0.338346 0.123471
vt 0.333828 0.123471
vt 0.334141 0.100864
vt 0.312572 0.123471
vt 0.316862 0.100864
vt 0.352520 0.123471
vt 0.347409 0.123471
vt 0.343585 0.100864
vt 0.348421 0.100864
vt 0.343328 0.123471
vt 0.340711 0.100864
vt 0.329102 0.123471
vt 0.330284 0.100864
vt 0.577139 0.016213
vt 0.575648 0.017848
vt 0.573230 0.015597
vt 0.574957 0.014125
vt 0.587925 0.024465
vt 0.585354 0.024254
vt 0.585672 0.021764
vt 0.587705 0.022099
vt 0.593457 0.016953
vt 0.595076 0.018614
vt 0.593367 0.020628
vt 0.597016 0.016382
vt 0.595232 0.014774
vt 0.579972 0.018631
vt 0.578699 0.020520
vt 0.582835 0.020555
vt 0.582094 0.022687
vt 0.570891 0.012685
vt 0.573064 0.010884
vt 0.590221 0.020257
vt 0.589705 0.023613
vt 0.577509 0.022269
vt 0.574183 0.019430
vt 0.581498 0.024871
vt 0.585420 0.026505
vt 0.571672 0.017025
vt 0.569277 0.014186
vt 0.591571 0.022240
vt 0.594720 0.022348
vt 0.592692 0.024273
vt 0.590532 0.025788
vt 0.588206 0.026524
vt 0.598403 0.017627
vt 0.596661 0.020114
vt 0.576070 0.024036
vt 0.572678 0.021151
vt 0.563091 0.023228
vt 0.561151 0.020229
vt 0.564266 0.018269
vt 0.566698 0.020907
vt 0.569822 0.018553
vt 0.596351 0.024073
vt 0.593902 0.026252
vt 0.591471 0.027867
vt 0.589007 0.034062
vt 0.588881 0.030914
vt 0.592508 0.030884
vt 0.593108 0.034538
vt 0.588955 0.038066
vt 0.592469 0.038670
vt 0.580974 0.027226
vt 0.598591 0.021562
vt 0.567343 0.015917
vt 0.560919 0.047698
vt 0.560548 0.047919
vt 0.559915 0.045524
vt 0.560426 0.045139
vt 0.612952 0.045676
vt 0.614538 0.043630
vt 0.616181 0.045121
vt 0.614732 0.047202
vt 0.614355 0.049470
vt 0.614004 0.049211
vt 0.562357 0.046719
vt 0.561654 0.047674
vt 0.564078 0.037286
vt 0.567583 0.040005
vt 0.564055 0.044069
vt 0.561995 0.039878
vt 0.558376 0.043935
vt 0.556973 0.042443
vt 0.557399 0.041968
vt 0.558830 0.043514
vt 0.555925 0.039773
vt 0.554988 0.041097
vt 0.554896 0.040381
vt 0.620155 0.042594
vt 0.620124 0.043221
vt 0.616064 0.041516
vt 0.616658 0.040693
vt 0.557748 0.038293
vt 0.561462 0.034807
vt 0.607920 0.045902
vt 0.609136 0.047894
vt 0.606681 0.049098
vt 0.605274 0.047261
vt 0.609635 0.049813
vt 0.607407 0.050691
vt 0.564216 0.047875
vt 0.561932 0.048533
vt 0.613455 0.049375
vt 0.613651 0.049861
vt 0.611195 0.047156
vt 0.612039 0.046853
vt 0.610655 0.044694
vt 0.568307 0.043855
vt 0.570382 0.041757
vt 0.565932 0.048446
vt 0.564903 0.045522
vt 0.566888 0.046097
vt 0.620924 0.042044
vt 0.618799 0.039977
vt 0.623631 0.039797
vt 0.623743 0.041839
vt 0.553634 0.040526
vt 0.550657 0.042032
vt 0.549915 0.040283
vt 0.553722 0.038317
vt 0.618607 0.037527
vt 0.623772 0.037988
vt 0.549086 0.038769
vt 0.552709 0.036612
vt 0.620445 0.042079
vt 0.616916 0.039654
vt 0.554139 0.040271
vt 0.554368 0.037984
vt 0.557009 0.033755
vt 0.559282 0.031954
vt 0.624398 0.036236
vt 0.619565 0.035478
vt 0.621887 0.033892
vt 0.624993 0.034229
vt 0.548205 0.037315
vt 0.547260 0.035820
vt 0.549834 0.033533
vt 0.551723 0.034843
vt 0.550271 0.033146
vt 0.550311 0.032581
vt 0.551669 0.032370
vt 0.552320 0.034423
vt 0.621246 0.033493
vt 0.621360 0.033835
vt 0.617979 0.034780
vt 0.618110 0.034090
vt 0.553659 0.031376
vt 0.557499 0.029354
vt 0.549371 0.032128
vt 0.545693 0.031667
vt 0.545445 0.030056
vt 0.550735 0.030891
vt 0.623486 0.029861
vt 0.624510 0.031048
vt 0.621688 0.032823
vt 0.619591 0.032190
vt 0.618572 0.030642
vt 0.622772 0.028416
vt 0.545630 0.028711
vt 0.551122 0.028859
vt 0.621330 0.033048
vt 0.617896 0.033424
vt 0.551405 0.030997
vt 0.549837 0.032187
vt 0.616087 0.034177
vt 0.552207 0.031132
vt 0.553076 0.028904
vt 0.554449 0.028418
vt 0.545635 0.027281
vt 0.546183 0.025815
vt 0.550819 0.025960
vt 0.551087 0.027292
vt 0.621787 0.025141
vt 0.622213 0.026851
vt 0.618017 0.028649
vt 0.617820 0.026585
vt 0.617174 0.031171
vt 0.616608 0.028967
vt 0.615213 0.029000
vt 0.615470 0.031629
vt 0.612378 0.028481
vt 0.556634 0.026943
vt 0.553880 0.026531
vt 0.555594 0.023956
vt 0.588843 0.041064
vt 0.591727 0.041845
vt 0.588641 0.044077
vt 0.591045 0.044586
vt 0.594747 0.043183
vt 0.593544 0.045517
vt 0.583539 0.041080
vt 0.586281 0.040870
vt 0.586324 0.042535
vt 0.583981 0.042792
vt 0.597765 0.044856
vt 0.597653 0.046983
vt 0.595557 0.046576
vt 0.579297 0.042563
vt 0.581552 0.043492
vt 0.579573 0.045086
vt 0.578412 0.044800
vt 0.580940 0.041763
vt 0.562454 0.029420
vt 0.566053 0.026822
vt 0.569820 0.030980
vt 0.566927 0.034146
vt 0.572946 0.034236
vt 0.570151 0.037272
vt 0.559887 0.025135
vt 0.605306 0.042788
vt 0.608967 0.038447
vt 0.574266 0.044824
vt 0.572384 0.043104
vt 0.574760 0.041372
vt 0.576454 0.043353
vt 0.576885 0.045035
vt 0.574961 0.046006
vt 0.600241 0.044527
vt 0.602818 0.045386
vt 0.601828 0.046959
vt 0.600009 0.046500
vt 0.615598 0.037004
vt 0.611202 0.033266
vt 0.575630 0.037472
vt 0.572792 0.039656
vt 0.602321 0.029414
vt 0.597995 0.034330
vt 0.596064 0.029752
vt 0.599253 0.026980
vt 0.602092 0.023517
vt 0.605243 0.025294
vt 0.604010 0.020594
vt 0.607282 0.022475
vt 0.610234 0.024171
vt 0.608315 0.026973
vt 0.558050 0.021930
vt 0.605649 0.031184
vt 0.596441 0.039627
vt 0.582715 0.037998
vt 0.586188 0.037872
vt 0.579920 0.038696
vt 0.577346 0.039864
vt 0.578897 0.035247
vt 0.612767 0.042428
vt 0.614669 0.039965
vt 0.562214 0.043505
vt 0.558614 0.040045
vt 0.556261 0.037228
vt 0.553785 0.033195
vt 0.600857 0.048101
vt 0.603054 0.049277
vt 0.576756 0.030196
vt 0.581310 0.030150
vt 0.585433 0.028630
vt 0.585555 0.030577
vt 0.582127 0.034035
vt 0.585887 0.033889
vt 0.567696 0.048742
vt 0.568707 0.046912
vt 0.570617 0.048144
vt 0.569629 0.049665
vt 0.572000 0.046433
vt 0.570039 0.044992
vt 0.552271 0.025338
vt 0.552670 0.026598
vt 0.551778 0.027293
vt 0.551406 0.025978
vt 0.616422 0.026871
vt 0.617319 0.026768
vt 0.613400 0.025645
vt 0.615360 0.026514
vt 0.553440 0.024604
vt 0.605551 0.051673
vt 0.604646 0.050446
vt 0.589854 0.050432
vt 0.589449 0.052311
vt 0.587825 0.052363
vt 0.589027 0.054596
vt 0.588323 0.058409
vt 0.587139 0.058013
vt 0.587568 0.054480
vt 0.586243 0.052321
vt 0.586209 0.052689
vt 0.591527 0.050949
vt 0.591051 0.052777
vt 0.589452 0.058882
vt 0.590452 0.055064
vt 0.587641 0.061116
vt 0.587808 0.059741
vt 0.589003 0.060276
vt 0.588836 0.061655
vt 0.584993 0.061455
vt 0.584796 0.060290
vt 0.585651 0.060025
vt 0.586378 0.060683
vt 0.586432 0.050284
vt 0.584826 0.050560
vt 0.584390 0.044402
vt 0.586411 0.044127
vt 0.596559 0.101176
vt 0.586757 0.101176
vt 0.586757 0.091233
vt 0.596559 0.091233
vt 0.594541 0.052626
vt 0.593147 0.051717
vt 0.597122 0.047602
vt 0.593931 0.054480
vt 0.592604 0.053530
vt 0.581786 0.052686
vt 0.583250 0.052666
vt 0.583240 0.053006
vt 0.590361 0.061763
vt 0.590536 0.060506
vt 0.583310 0.050743
vt 0.582387 0.044914
vt 0.576842 0.101176
vt 0.576842 0.091233
vt 0.591928 0.055669
vt 0.590800 0.059241
vt 0.581869 0.050891
vt 0.580267 0.045645
vt 0.588113 0.050239
vt 0.586961 0.059387
vt 0.583235 0.053664
vt 0.593257 0.056374
vt 0.592132 0.059535
vt 0.584714 0.053134
vt 0.584701 0.053564
vt 0.586165 0.053332
vt 0.586757 0.078863
vt 0.596559 0.078863
vt 0.576842 0.078863
vt 0.591382 0.060901
vt 0.583206 0.057818
vt 0.583438 0.059209
vt 0.582476 0.059640
vt 0.581987 0.058098
vt 0.583322 0.060905
vt 0.583876 0.060231
vt 0.585874 0.057637
vt 0.585838 0.059023
vt 0.569462 0.050137
vt 0.567547 0.049298
vt 0.605709 0.052121
vt 0.565904 0.057690
vt 0.566182 0.055904
vt 0.567885 0.055920
vt 0.607862 0.057505
vt 0.606441 0.054204
vt 0.608472 0.053368
vt 0.609545 0.056596
vt 0.609032 0.061073
vt 0.610596 0.060314
vt 0.611573 0.063805
vt 0.610111 0.064396
vt 0.610663 0.066020
vt 0.565519 0.060067
vt 0.567083 0.059823
vt 0.566349 0.063414
vt 0.564974 0.063417
vt 0.610353 0.052658
vt 0.611214 0.055870
vt 0.612225 0.059726
vt 0.613133 0.063333
vt 0.612054 0.065371
vt 0.613570 0.064936
vt 0.615475 0.071993
vt 0.614174 0.072091
vt 0.613938 0.070996
vt 0.615101 0.070716
vt 0.562461 0.071792
vt 0.562543 0.070969
vt 0.563302 0.070952
vt 0.564071 0.060151
vt 0.563684 0.063356
vt 0.565810 0.049007
vt 0.564650 0.065558
vt 0.564102 0.068994
vt 0.562878 0.068711
vt 0.563380 0.065466
vt 0.564128 0.048500
vt 0.561912 0.049019
vt 0.562980 0.057147
vt 0.561381 0.057029
vt 0.561589 0.054796
vt 0.612940 0.055599
vt 0.614734 0.055574
vt 0.615084 0.057679
vt 0.614075 0.052191
vt 0.612089 0.052327
vt 0.563718 0.051408
vt 0.563204 0.055336
vt 0.561818 0.051274
vt 0.614657 0.063071
vt 0.613798 0.059473
vt 0.615482 0.059465
vt 0.616257 0.062939
vt 0.561224 0.062775
vt 0.561327 0.058980
vt 0.562765 0.059649
vt 0.562491 0.063115
vt 0.611529 0.049354
vt 0.613357 0.057623
vt 0.611758 0.057873
vt 0.615073 0.064685
vt 0.616189 0.070407
vt 0.616567 0.071387
vt 0.561750 0.068602
vt 0.562249 0.065180
vt 0.613478 0.069885
vt 0.612361 0.070289
vt 0.614773 0.069486
vt 0.616027 0.069159
vt 0.613191 0.071362
vt 0.617059 0.070170
vt 0.616607 0.064584
vt 0.617200 0.068915
vt 0.610094 0.058519
vt 0.608478 0.059365
vt 0.560739 0.068598
vt 0.561118 0.064427
vt 0.564761 0.064841
vt 0.563496 0.064684
vt 0.562342 0.064462
vt 0.565154 0.069399
vt 0.566101 0.065072
vt 0.564651 0.070579
vt 0.563783 0.070031
vt 0.560825 0.069795
vt 0.561714 0.069662
vt 0.561828 0.070703
vt 0.552533 0.051437
vt 0.553953 0.050241
vt 0.555337 0.051598
vt 0.620161 0.051628
vt 0.619069 0.053146
vt 0.616124 0.050772
vt 0.617056 0.048879
vt 0.626845 0.059425
vt 0.625123 0.058169
vt 0.626032 0.056714
vt 0.542831 0.061820
vt 0.542204 0.060673
vt 0.545563 0.057583
vt 0.547265 0.058124
vt 0.546324 0.056895
vt 0.547616 0.055758
vt 0.548790 0.056746
vt 0.618393 0.047263
vt 0.621505 0.050167
vt 0.627180 0.055269
vt 0.628673 0.056571
vt 0.627616 0.057984
vt 0.634388 0.061682
vt 0.635469 0.062673
vt 0.634247 0.063536
vt 0.633416 0.062718
vt 0.540211 0.062001
vt 0.538830 0.061913
vt 0.539581 0.061301
vt 0.541433 0.059639
vt 0.544653 0.056656
vt 0.545410 0.055958
vt 0.546632 0.054840
vt 0.556086 0.046051
vt 0.557342 0.047464
vt 0.552904 0.048910
vt 0.550457 0.046523
vt 0.550380 0.049192
vt 0.548918 0.048112
vt 0.622829 0.048993
vt 0.624328 0.047790
vt 0.625692 0.049032
vt 0.619914 0.046236
vt 0.621957 0.044960
vt 0.553350 0.043516
vt 0.554827 0.044835
vt 0.551712 0.047915
vt 0.543825 0.055621
vt 0.540451 0.058687
vt 0.539342 0.057969
vt 0.543404 0.054014
vt 0.631196 0.054614
vt 0.635196 0.058771
vt 0.634282 0.059840
vt 0.629841 0.055541
vt 0.628370 0.054162
vt 0.629785 0.053076
vt 0.544893 0.052580
vt 0.544519 0.054981
vt 0.624219 0.050301
vt 0.623034 0.051520
vt 0.635137 0.060693
vt 0.636060 0.061415
vt 0.545773 0.053808
vt 0.547713 0.049450
vt 0.549899 0.049665
vt 0.548663 0.050906
vt 0.626918 0.050243
vt 0.625462 0.051457
vt 0.550617 0.051046
vt 0.549423 0.052182
vt 0.624276 0.052643
vt 0.623014 0.054115
vt 0.621724 0.053004
vt 0.633484 0.060831
vt 0.632473 0.061957
vt 0.631554 0.062990
vt 0.632885 0.063510
vt 0.635903 0.059987
vt 0.620669 0.054588
vt 0.551225 0.050472
vt 0.541237 0.061402
vt 0.541617 0.062438
vt 0.538625 0.059093
vt 0.539661 0.059534
vt 0.622002 0.055661
vt 0.538934 0.060540
vt 0.545045 0.042618
vt 0.546964 0.041742
vt 0.547903 0.043305
vt 0.626647 0.040005
vt 0.626879 0.041973
vt 0.629448 0.041980
vt 0.629076 0.040116
vt 0.631352 0.040117
vt 0.631634 0.041896
vt 0.638629 0.041633
vt 0.636216 0.041722
vt 0.636122 0.040120
vt 0.536832 0.046332
vt 0.538484 0.045558
vt 0.539315 0.046737
vt 0.544201 0.042999
vt 0.545498 0.044238
vt 0.543500 0.045045
vt 0.542355 0.043825
vt 0.626701 0.038293
vt 0.629020 0.038449
vt 0.631314 0.038495
vt 0.636120 0.038591
vt 0.638483 0.040115
vt 0.643875 0.038809
vt 0.645363 0.038905
vt 0.644907 0.040370
vt 0.643824 0.039927
vt 0.531199 0.048536
vt 0.529951 0.048250
vt 0.530726 0.047922
vt 0.537733 0.044355
vt 0.541430 0.042609
vt 0.543194 0.041776
vt 0.546385 0.040223
vt 0.544089 0.041345
vt 0.536029 0.046709
vt 0.533404 0.047943
vt 0.532899 0.046829
vt 0.535353 0.045543
vt 0.544737 0.037309
vt 0.543596 0.039860
vt 0.542589 0.038511
vt 0.627244 0.036548
vt 0.627706 0.034697
vt 0.629904 0.034993
vt 0.545431 0.038899
vt 0.536650 0.041875
vt 0.537170 0.043183
vt 0.535498 0.044005
vt 0.632090 0.035151
vt 0.631693 0.036806
vt 0.629436 0.036722
vt 0.540670 0.039598
vt 0.542819 0.040264
vt 0.540994 0.041207
vt 0.638685 0.037061
vt 0.638460 0.038637
vt 0.643894 0.037806
vt 0.644953 0.037387
vt 0.532292 0.045721
vt 0.534781 0.044377
vt 0.642402 0.040127
vt 0.642428 0.041408
vt 0.642465 0.038710
vt 0.642474 0.037472
vt 0.643614 0.041081
vt 0.643743 0.036626
vt 0.638998 0.035594
vt 0.642564 0.036195
vt 0.531549 0.044654
vt 0.534693 0.042932
vt 0.533828 0.049108
vt 0.537278 0.047612
vt 0.532672 0.049403
vt 0.532351 0.048268
vt 0.530632 0.045437
vt 0.531373 0.046343
vt 0.530482 0.047111
vt 0.543120 0.029612
vt 0.631632 0.025488
vt 0.630145 0.026841
vt 0.629151 0.025883
vt 0.537403 0.028291
vt 0.538997 0.028532
vt 0.538968 0.029793
vt 0.624654 0.027281
vt 0.626114 0.026231
vt 0.626978 0.027486
vt 0.625521 0.028560
vt 0.628293 0.024665
vt 0.629909 0.023408
vt 0.630679 0.024592
vt 0.633993 0.020314
vt 0.634983 0.019511
vt 0.635303 0.020691
vt 0.634433 0.021065
vt 0.532518 0.027093
vt 0.531742 0.026339
vt 0.532508 0.026440
vt 0.539027 0.027379
vt 0.536955 0.028214
vt 0.534321 0.027721
vt 0.534601 0.026726
vt 0.536939 0.027080
vt 0.543412 0.026881
vt 0.543800 0.025408
vt 0.623772 0.024349
vt 0.624106 0.025889
vt 0.539522 0.025105
vt 0.539208 0.026279
vt 0.537615 0.026064
vt 0.627735 0.023477
vt 0.627137 0.022190
vt 0.628787 0.021060
vt 0.625123 0.023483
vt 0.625563 0.024921
vt 0.542083 0.025286
vt 0.542706 0.026769
vt 0.541302 0.026573
vt 0.629302 0.022292
vt 0.633460 0.019616
vt 0.633955 0.018737
vt 0.542123 0.028044
vt 0.540880 0.027777
vt 0.534644 0.025651
vt 0.537096 0.025993
vt 0.633542 0.021979
vt 0.634286 0.022895
vt 0.632918 0.021101
vt 0.632298 0.020229
vt 0.542338 0.029428
vt 0.540998 0.029069
vt 0.543061 0.031106
vt 0.541419 0.030579
vt 0.626792 0.029524
vt 0.628137 0.028447
vt 0.634937 0.021849
vt 0.632752 0.018847
vt 0.631723 0.019156
vt 0.534535 0.024601
vt 0.537640 0.024874
vt 0.533923 0.028752
vt 0.537237 0.029493
vt 0.532873 0.028326
vt 0.531965 0.027535
vt 0.533643 0.025587
vt 0.533472 0.024635
vt 0.532730 0.025712
vt 0.533395 0.027472
vt 0.588546 0.028679
vt 0.603061 0.036322
vt 0.600584 0.018744
vt 0.569787 0.023792
vt 0.573473 0.027154
vt 0.555039 0.035119
vt 0.564654 0.055553
vt 0.565242 0.051614
vt 0.566853 0.051884
vt 0.568686 0.052328
vt 0.558678 0.049031
vt 0.550612 0.053118
vt 0.551892 0.051990
vt 0.553450 0.053029
vt 0.552054 0.054142
vt 0.564374 0.057679
vt 0.542921 0.028204
vt 0.584737 0.052599
vt 0.560475 0.041687
vt 0.553324 0.036246
vt 0.551818 0.028878
vt 0.601331 0.040821
vt 0.598653 0.046485
vt 0.554717 0.041498
vt 0.532299 0.025139
vt 0.531200 0.049302
vt 0.529829 0.046646
vt 0.540344 0.062674
vt 0.538300 0.060511
vt 0.563841 0.071475
vt 0.561282 0.071041
vt 0.567460 0.057978
vt 0.565857 0.057994
vt 0.564318 0.058106
vt 0.562932 0.057539
vt 0.562906 0.057868
vt 0.564270 0.058503
vt 0.565800 0.058345
vt 0.564721 0.065113
vt 0.563445 0.065044
vt 0.562306 0.064790
vt 0.552221 0.051700
vt 0.550958 0.050721
vt 0.550142 0.049421
vt 0.546008 0.057174
vt 0.545051 0.056288
vt 0.544202 0.055278
vt 0.544655 0.042796
vt 0.543617 0.041576
vt 0.543233 0.040050
vt 0.536445 0.046514
vt 0.536121 0.045151
vt 0.535758 0.045330
vt 0.535176 0.044163
vt 0.542790 0.029549
vt 0.542498 0.028125
vt 0.543106 0.026825
vt 0.537187 0.028258
vt 0.537476 0.027159
vt 0.537193 0.027118
vt 0.537372 0.026031
vt 0.586056 0.054945
vt 0.584578 0.057612
vt 0.584655 0.055080
vt 0.583225 0.055220
vt 0.581861 0.054714
vt 0.636423 0.036983
vt 0.636674 0.035483
vt 0.617974 0.043618
vt 0.617498 0.037315
vt 0.620428 0.043509
vt 0.613726 0.050274
vt 0.128603 0.228679
vt 0.113170 0.230750
vt 0.113003 0.199711
vt 0.127138 0.199500
vt 0.098276 0.232012
vt 0.095751 0.199500
vt 0.206502 0.226908
vt 0.206279 0.199500
vt 0.219742 0.199500
vt 0.220099 0.228677
vt 0.192462 0.225234
vt 0.191790 0.199500
vt 0.234968 0.199500
vt 0.248329 0.199500
vt 0.246691 0.231488
vt 0.234212 0.230329
vt 0.262598 0.199500
vt 0.260086 0.232012
vt 0.176549 0.224758
vt 0.176549 0.199500
vt 0.160445 0.199500
vt 0.161103 0.225033
vt 0.144867 0.226408
vt 0.143004 0.199500
vt 0.347633 0.718286
vt 0.296774 0.717409
vt 0.348067 0.704880
vt 0.296894 0.705646
vt 0.393146 0.702026
vt 0.363921 0.717915
vt 0.393333 0.732510
vt 0.348417 0.731859
vt 0.476829 0.728915
vt 0.460060 0.763775
vt 0.481788 0.758562
vt 0.429411 0.770423
vt 0.450637 0.735663
vt 0.428371 0.741073
vt 0.469227 0.730873
vt 0.124286 0.858162
vt 0.127887 0.865232
vt 0.121110 0.862449
vt 0.124125 0.867303
vt 0.102179 0.857260
vt 0.104188 0.861032
vt 0.098543 0.862330
vt 0.100611 0.865866
vt 0.117401 0.853494
vt 0.115920 0.858854
vt 0.108844 0.853443
vt 0.109497 0.858697
vt 0.124629 0.873513
vt 0.128151 0.871645
vt 0.095948 0.866870
vt 0.121273 0.885174
vt 0.121159 0.874301
vt 0.123804 0.884095
vt 0.095496 0.873631
vt 0.093796 0.871849
vt 0.120632 0.868895
vt 0.118107 0.865531
vt 0.114384 0.863734
vt 0.110480 0.863114
vt 0.106676 0.864192
vt 0.103221 0.868340
vt 0.096922 0.875984
vt 0.127728 0.876903
vt 0.126224 0.883639
vt 0.129707 0.840716
vt 0.131923 0.839827
vt 0.130203 0.842639
vt 0.132933 0.843070
vt 0.127556 0.839276
vt 0.124185 0.844189
vt 0.126202 0.845738
vt 0.123296 0.846688
vt 0.125592 0.848480
vt 0.129539 0.844487
vt 0.132206 0.846591
vt 0.128074 0.845661
vt 0.129018 0.848580
vt 0.129706 0.837921
vt 0.121673 0.844699
vt 0.121383 0.839956
vt 0.120263 0.841332
vt 0.310072 0.011406
vt 0.310057 0.016694
vt 0.306328 0.012944
vt 0.304768 0.016680
vt 0.306306 0.020424
vt 0.310042 0.021983
vt 0.313786 0.020445
vt 0.315346 0.016710
vt 0.313807 0.012965
vt 0.334453 0.023411
vt 0.338037 0.021989
vt 0.334453 0.027345
vt 0.340902 0.024684
vt 0.330683 0.021793
vt 0.327988 0.024657
vt 0.329253 0.018214
vt 0.325321 0.018214
vt 0.330869 0.014439
vt 0.328003 0.011743
vt 0.334453 0.013016
vt 0.334453 0.009083
vt 0.338224 0.014634
vt 0.340919 0.011771
vt 0.339653 0.018214
vt 0.343585 0.018214
vt 0.334453 0.018214
vt 0.019428 0.188841
vt 0.006475 0.182384
vt 0.006475 0.207004
vt 0.019428 0.188841
vt 0.022132 0.188544
vt 0.006475 0.174367
vt 0.006475 0.209583
vt 0.007131 0.051681
vt 0.007131 0.031921
vt 0.017528 0.037103
vt 0.017528 0.037103
vt 0.046482 0.147321
vt 0.035236 0.160985
vt 0.033852 0.151169
vt 0.041185 0.141935
vt 0.023994 0.160032
vt 0.023994 0.141489
vt 0.047779 0.147286
vt 0.040363 0.164194
vt 0.041518 0.139145
vt 0.034412 0.145995
vt 0.023992 0.134241
vt 0.182962 0.858231
vt 0.185650 0.850389
vt 0.188764 0.857651
vt 0.207995 0.806475
vt 0.185195 0.813484
vt 0.203166 0.795573
vt 0.182245 0.805597
vt 0.210394 0.813186
vt 0.186668 0.818370
vt 0.187123 0.823483
vt 0.210737 0.820312
vt 0.187308 0.832121
vt 0.210790 0.832121
vt 0.210758 0.835492
vt 0.210790 0.842315
vt 0.187313 0.840620
vt 0.210661 0.849423
vt 0.186996 0.845593
vt 0.208492 0.856199
vt 0.155559 0.850135
vt 0.157897 0.845169
vt 0.157724 0.818897
vt 0.155339 0.813833
vt 0.159255 0.822736
vt 0.159800 0.826760
vt 0.160011 0.832121
vt 0.159869 0.837425
vt 0.159377 0.841395
vt 0.145792 0.843052
vt 0.148863 0.840171
vt 0.148746 0.823937
vt 0.145638 0.820979
vt 0.150136 0.825557
vt 0.150298 0.827794
vt 0.150323 0.832120
vt 0.150364 0.836384
vt 0.150231 0.838584
vt 0.139380 0.832120
vt 0.210790 0.835074
vt 0.202484 0.794168
vt 0.186039 0.800779
vt 0.205368 0.864123
vt 0.223631 0.856982
vt 0.219234 0.860003
vt 0.219045 0.855740
vt 0.225610 0.860530
vt 0.218192 0.856964
vt 0.224336 0.856274
vt 0.215420 0.859470
vt 0.217595 0.862508
vt 0.223452 0.864487
vt 0.223656 0.863042
vt 0.219752 0.864065
vt 0.226265 0.860001
vt 0.224984 0.864443
vt 0.225112 0.856458
vt 0.210790 0.836076
vt 0.192719 0.835353
vt 0.210790 0.836619
vt 0.192780 0.835781
vt 0.210749 0.834489
vt 0.057771 0.981937
vt 0.053493 0.980587
vt 0.049716 0.986180
vt 0.042387 0.990237
vt 0.047879 0.992731
vt 0.053577 0.988340
vt 0.054201 0.973734
vt 0.058704 0.973240
vt 0.040594 0.994630
vt 0.034260 0.987263
vt 0.033561 0.990942
vt 0.041632 0.985966
vt 0.033454 0.994031
vt 0.019278 0.992866
vt 0.019570 0.989418
vt 0.012557 0.989285
vt 0.003904 0.989592
vt 0.012288 0.992735
vt 0.004181 0.993045
vt 0.046563 0.983191
vt 0.049621 0.978793
vt 0.049861 0.974234
vt 0.020124 0.985994
vt 0.013144 0.985880
vt 0.003911 0.986125
vt 0.124917 0.846065
vt 0.123892 0.846036
vt 0.124797 0.844796
vt 0.123611 0.844920
vt 0.121832 0.846032
vt 0.120819 0.845057
vt 0.122352 0.844962
vt 0.128090 0.845198
vt 0.127915 0.844058
vt 0.129008 0.844872
vt 0.129084 0.843620
vt 0.126010 0.845753
vt 0.125794 0.844671
vt 0.126765 0.844400
vt 0.127144 0.845614
vt 0.122916 0.846077
vt 0.129981 0.844415
vt 0.120734 0.845840
vt 0.130525 0.843123
vt 0.130917 0.843819
vt 0.135735 0.841500
vt 0.135348 0.840873
vt 0.135959 0.840922
vt 0.134423 0.842227
vt 0.133967 0.841628
vt 0.133206 0.842731
vt 0.132848 0.842064
vt 0.118198 0.845730
vt 0.118268 0.844977
vt 0.117077 0.845013
vt 0.116886 0.845741
vt 0.115511 0.844850
vt 0.115396 0.845578
vt 0.114967 0.845131
vt 0.121110 0.862449
vt 0.102179 0.857260
vt 0.108844 0.853443
vt 0.243134 0.708405
vt 0.245475 0.716376
vt 0.248202 0.725589
vt 0.232726 0.717191
vt 0.297553 0.729478
vt 0.943594 0.228806
vt 0.943648 0.199423
vt 0.954753 0.198474
vt 0.913090 0.285365
vt 0.943857 0.285088
vt 0.908405 0.306697
vt 0.942927 0.310991
vt 0.908953 0.319225
vt 0.951848 0.329739
vt 0.920393 0.343207
vt 0.984822 0.326851
vt 0.984816 0.317031
vt 0.983402 0.307417
vt 0.979450 0.293279
vt 0.975909 0.345433
vt 0.966403 0.341705
vt 0.981664 0.336700
vt 0.931732 0.352042
vt 0.943133 0.356022
vt 0.973888 0.274572
vt 0.968560 0.254582
vt 0.966203 0.353011
vt 0.932704 0.199140
vt 0.926612 0.233165
vt 0.943762 0.257701
vt 0.918411 0.264042
vt 0.962919 0.229559
vt 0.911981 0.331972
vt 0.954486 0.356881
vt 0.977835 0.287849
vt 0.942607 0.176453
vt 0.437553 0.887070
vt 0.465463 0.900592
vt 0.438787 0.878980
vt 0.471557 0.884669
vt 0.437206 0.873035
vt 0.494747 0.878306
vt 0.476777 0.892155
vt 0.506420 0.853570
vt 0.490126 0.857085
vt 0.508634 0.871354
vt 0.493357 0.875608
vt 0.524959 0.867574
vt 0.523793 0.849941
vt 0.542406 0.865617
vt 0.542406 0.847717
vt 0.257040 0.874138
vt 0.241494 0.869622
vt 0.253587 0.864920
vt 0.249152 0.864805
vt 0.522647 0.824722
vt 0.504508 0.828228
vt 0.278885 0.835586
vt 0.272055 0.799513
vt 0.238425 0.830762
vt 0.227029 0.792281
vt 0.510496 0.786999
vt 0.513104 0.825722
vt 0.489745 0.792813
vt 0.493546 0.832021
vt 0.468496 0.887884
vt 0.477268 0.891273
vt 0.472547 0.906110
vt 0.511138 0.886229
vt 0.498675 0.889506
vt 0.525834 0.882247
vt 0.542406 0.880595
vt 0.507115 0.873047
vt 0.486790 0.898771
vt 0.481541 0.911876
vt 0.542406 0.822404
vt 0.498257 0.858975
vt 0.480488 0.866945
vt 0.474737 0.837720
vt 0.456202 0.841155
vt 0.461850 0.871281
vt 0.518204 0.869527
vt 0.529848 0.867308
vt 0.520359 0.883749
vt 0.516277 0.851385
vt 0.529966 0.849237
vt 0.504264 0.791285
vt 0.520950 0.787911
vt 0.542406 0.785202
vt 0.284554 0.865673
vt 0.242048 0.830755
vt 0.228736 0.829650
vt 0.230698 0.792723
vt 0.216846 0.790568
vt 0.228736 0.829650
vt 0.216846 0.790568
vt 0.528703 0.823282
vt 0.526949 0.784810
vt 0.440299 0.865678
vt 0.470217 0.862372
vt 0.286706 0.877339
vt 0.284556 0.865701
vt 0.323583 0.839549
vt 0.318801 0.804769
vt 0.277778 0.835346
vt 0.270782 0.799034
vt 0.404027 0.880141
vt 0.365775 0.878246
vt 0.402913 0.867429
vt 0.363709 0.865846
vt 0.406006 0.867769
vt 0.366374 0.866934
vt 0.365056 0.841610
vt 0.326414 0.866132
vt 0.328508 0.877802
vt 0.327338 0.865730
vt 0.361389 0.807626
vt 0.321203 0.839459
vt 0.316024 0.804014
vt 0.519866 0.748069
vt 0.542406 0.747260
vt 0.315036 0.772378
vt 0.358041 0.777900
vt 0.266265 0.763380
vt 0.215802 0.752316
vt 0.205143 0.751857
vt 0.219285 0.752651
vt 0.265647 0.762701
vt 0.529788 0.716270
vt 0.199837 0.720019
vt 0.210697 0.723499
vt 0.198737 0.728551
vt 0.262358 0.735040
vt 0.312698 0.746030
vt 0.542406 0.717222
vt 0.517327 0.718583
vt 0.505721 0.721555
vt 0.500528 0.752874
vt 0.494291 0.724868
vt 0.524978 0.747161
vt 0.522944 0.717137
vt 0.507973 0.749808
vt 0.487566 0.726493
vt 0.489265 0.755447
vt 0.469705 0.761192
vt 0.470096 0.730624
vt 0.449395 0.764808
vt 0.428418 0.770576
vt 0.428375 0.741136
vt 0.312698 0.746030
vt 0.356898 0.756467
vt 0.312514 0.771675
vt 0.355098 0.778044
vt 0.262358 0.735040
vt 0.393758 0.776136
vt 0.397072 0.748563
vt 0.399637 0.806229
vt 0.404418 0.841572
vt 0.396077 0.775293
vt 0.437829 0.839347
vt 0.433497 0.803773
vt 0.433438 0.844465
vt 0.400037 0.843453
vt 0.360514 0.840714
vt 0.471200 0.798757
vt 0.451280 0.803905
vt 0.429769 0.807689
vt 0.395995 0.810025
vt 0.356712 0.809386
vt 0.487895 0.831109
vt 0.485440 0.795196
vt 0.467823 0.835185
vt 0.464478 0.799082
s 4
g 左手捩
g 肌.002_Материал.020
usemtl Материал.020
f 12/8/8 11/9/9 10/10/10
s 5
f 15/10/10 14/11/11 13/8/12
s 6
f 18/9/13 17/12/14 16/13/15
s 7
f 21/13/15 20/10/16 19/9/13
s 8
f 24/14/17 23/15/18 22/16/19
s 9
f 27/16/19 26/17/20 25/14/17
s 10
f 30/12/21 29/18/22 28/19/23
s 11
f 33/19/24 32/13/25 31/12/26
s 12
f 36/20/27 35/21/28 34/22/29
s 13
f 39/22/29 38/23/24 37/20/27
s 14
f 42/22/30 41/21/31 40/24/32
s 15
f 45/24/32 44/25/33 43/22/30
s 16
f 48/25/34 47/24/35 46/15/36
s 17
f 51/15/37 50/14/38 49/25/39
s 18
f 54/17/40 53/16/41 52/26/42
s 19
f 57/26/42 56/27/43 55/17/40
s 20
f 60/27/44 59/26/45 58/8/12
s 21
f 63/8/12 62/11/46 61/27/44
s 22
f 66/28/47 65/29/48 64/30/49
s 23
f 69/30/50 68/31/17 67/28/47
s 24
f 72/32/51 71/33/52 70/34/53
s 25
f 75/34/53 74/35/54 73/32/51
s 26
f 78/36/29 77/37/55 76/38/56
s 27
f 81/39/57 80/37/58 79/36/30
s 28
f 84/36/59 83/40/39 82/39/57
s 29
f 87/41/60 86/42/61 85/29/62
s 30
f 90/29/48 89/28/40 88/41/63
s 31
f 93/43/64 92/44/65 91/42/66
s 32
f 96/42/67 95/41/63 94/43/64
s 33
f 99/44/68 98/43/11 97/34/10
s 34
f 102/34/10 101/33/52 100/44/69
s 35
f 105/45/57 104/46/34 103/31/70
s 36
f 108/31/70 107/30/71 106/45/72
s 37
f 111/36/59 110/38/73 109/47/24
s 38
f 114/48/74 113/32/51 112/35/15
s 39
f 117/47/24 116/48/75 115/35/76
s 40
g 左手首
f 120/29/48 119/42/61 118/49/77
s 41
f 123/49/78 122/50/79 121/29/48
s 42
f 126/44/65 125/51/80 124/49/81
s 43
f 129/49/81 128/42/67 127/44/68
s 44
f 132/51/82 131/44/83 130/33/84
s 45
f 135/33/84 134/52/85 133/51/82
s 46
f 138/45/57 137/30/86 136/53/87
s 47
f 141/53/88 140/54/89 139/45/57
s 48
f 144/55/90 143/38/91 142/56/92
s 49
f 147/56/92 146/57/93 145/55/94
s 50
f 150/58/95 149/59/96 148/32/51
s 51
f 153/32/51 152/48/75 151/58/97
s 52
f 156/57/98 155/58/97 154/48/75
s 53
f 159/48/75 158/55/90 157/57/93
s 54
f 162/37/99 161/39/100 160/60/101
s 55
f 165/60/101 164/61/102 163/37/58
s 56
f 168/50/103 167/49/78 166/62/104
s 57
f 171/62/104 170/63/105 169/50/79
s 58
f 174/64/106 173/65/107 172/66/108
s 59
f 177/66/109 176/67/110 175/64/106
s 60
f 180/63/111 179/68/112 178/53/88
s 61
f 183/53/113 182/50/114 181/63/111
s 62
f 186/69/115 185/70/116 184/57/93
s 63
f 189/57/93 188/56/117 187/69/118
s 64
f 192/70/119 191/71/120 190/58/97
s 65
f 195/58/97 194/57/93 193/70/116
s 66
f 198/72/121 197/73/122 196/74/123
s 67
f 201/74/123 200/75/124 199/72/121
s 68
g 左親指０
f 204/76/125 203/72/121 202/75/124
s 69
f 207/75/124 206/77/126 205/76/127
s 70
g 左手首
f 210/51/128 209/78/129 208/62/130
s 71
f 213/62/131 212/49/81 211/51/128
s 72
f 216/69/132 215/56/133 214/61/134
s 73
f 219/61/135 218/79/136 217/69/137
s 74
f 222/54/101 221/53/88 220/68/138
s 75
f 225/68/138 224/80/139 223/54/101
s 76
g 左中指１
f 228/81/140 227/82/141 226/83/142
s 77
f 231/83/143 230/84/144 229/81/145
s 78
f 234/85/146 233/86/147 232/87/148
s 79
f 237/87/148 236/88/149 235/85/150
s 80
f 240/88/151 239/89/141 238/90/145
s 81
f 243/90/145 242/85/152 241/88/153
s 82
f 246/91/154 245/92/155 244/81/140
s 83
f 249/81/140 248/84/156 247/91/154
s 84
g 左手首
f 252/93/157 251/94/158 250/95/159
s 85
f 255/95/160 254/96/161 253/93/157
s 86
g 左中指１
f 258/97/162 257/98/163 256/99/164
s 87
f 261/99/165 260/100/166 259/97/162
s 88
f 264/101/167 263/99/168 262/102/169
s 89
f 267/102/170 266/103/171 265/101/167
s 90
f 270/104/172 269/105/170 268/106/173
s 91
g 左手首
f 273/106/173 272/107/174 271/104/175
s 92
f 276/93/176 275/96/177 274/108/178
s 93
f 279/108/179 278/109/180 277/93/176
s 94
f 282/110/181 281/111/182 280/112/183
s 95
f 285/112/184 284/113/185 283/110/186
s 96
g 左人指１
f 288/111/182 287/114/187 286/115/188
s 97
f 291/115/189 290/112/190 289/111/182
s 98
f 294/91/191 293/116/192 292/117/193
s 99
f 297/117/193 296/92/194 295/91/154
s 100
f 300/118/195 299/119/196 298/120/197
s 101
f 303/120/198 302/121/199 301/118/200
s 102
g 左手首
f 306/122/201 305/121/199 304/120/198
s 103
f 309/123/202 308/95/160 307/94/158
s 104
f 312/94/158 311/124/203 310/123/204
s 105
g 左人指１
f 315/125/205 314/116/206 313/126/207
s 106
g 左手首
f 318/126/208 317/127/209 316/125/210
s 107
g 左薬指１
f 321/128/211 320/129/212 319/130/213
s 108
f 324/130/214 323/131/215 322/128/216
s 109
f 327/132/216 326/133/217 325/134/218
s 110
f 330/134/218 329/135/219 328/132/211
s 111
f 333/129/212 332/136/220 331/137/221
s 112
f 336/137/222 335/130/223 334/129/212
s 113
f 339/135/224 338/134/225 337/138/226
s 114
f 342/138/227 341/139/228 340/135/229
s 115
f 345/140/230 344/104/231 343/107/232
s 116
f 348/107/174 347/141/233 346/140/234
s 117
f 351/103/172 350/142/230 349/143/235
s 118
f 354/143/235 353/101/236 352/103/171
s 119
g 左手首
f 357/109/180 356/108/178 355/144/237
s 120
f 360/144/237 359/145/238 358/109/180
s 121
g 左薬指１
f 363/146/239 362/147/240 361/148/241
s 122
f 366/148/241 365/149/242 364/146/239
s 123
f 369/150/243 368/151/244 367/152/241
s 124
f 372/152/245 371/153/246 370/150/247
s 125
f 375/137/248 374/136/249 373/147/250
s 126
f 378/147/251 377/146/252 376/137/222
s 127
f 381/138/227 380/150/253 379/153/254
s 128
f 384/153/246 383/139/255 382/138/226
s 129
f 387/154/256 386/155/257 385/156/258
s 130
f 390/156/259 389/157/260 388/154/261
s 131
f 393/158/262 392/159/263 391/160/264
s 132
f 396/160/264 395/161/265 394/158/266
s 133
g 左手首
f 399/145/267 398/144/268 397/162/269
s 134
f 402/162/269 401/163/270 400/145/267
s 135
g 左小指１
f 405/164/271 404/165/272 403/166/273
s 136
f 408/166/274 407/167/275 406/164/271
s 137
f 411/168/276 410/169/277 409/170/278
s 138
f 414/170/278 413/171/279 412/168/280
s 139
f 417/171/281 416/172/282 415/173/283
s 140
f 420/173/283 419/168/276 418/171/284
s 141
f 423/167/275 422/166/285 421/174/286
s 142
f 426/174/286 425/175/287 424/167/275
s 143
f 429/176/288 428/158/289 427/161/290
s 144
g 左手首
f 432/161/290 431/177/291 430/176/292
s 145
g 左小指１
f 435/178/293 434/156/259 433/155/294
s 146
f 438/155/294 437/179/295 436/178/296
s 147
g 左手首
f 441/180/297 440/177/298 439/161/299
s 148
f 444/181/300 443/182/301 442/183/302
s 149
f 447/183/302 446/162/303 445/181/304
s 150
g 左小指１
f 450/184/305 449/185/306 448/186/307
s 151
f 453/186/307 452/187/308 451/184/309
s 152
f 456/188/306 455/189/310 454/190/311
s 153
f 459/190/311 458/191/312 457/188/306
s 154
f 462/172/313 461/190/314 460/189/315
s 155
f 465/189/315 464/173/316 463/172/282
s 156
f 468/175/317 467/174/318 466/184/319
s 157
f 471/184/320 470/187/308 469/175/287
s 158
f 474/190/314 473/172/321 472/192/322
s 159
f 477/192/323 476/193/324 475/190/325
s 160
g 左手首
f 480/194/326 479/195/327 478/196/328
s 161
f 483/163/329 482/183/330 481/197/331
s 162
f 486/197/332 485/198/333 484/199/334
s 163
g 左親指０
f 489/200/335 488/201/336 487/202/337
s 164
g 左親指１
f 492/203/338 491/204/339 490/205/340
s 165
g 左親指０
f 495/206/341 494/207/342 493/208/343
s 166
f 498/208/343 497/209/344 496/206/341
s 167
f 501/210/345 500/211/346 499/212/347
s 168
f 504/213/348 503/214/349 502/215/350
s 169
f 507/215/351 506/216/352 505/213/353
s 170
g 左親指１
f 510/204/354 509/212/355 508/205/356
s 171
g 左親指０
f 513/213/357 512/217/358 511/214/359
s 172
g 左手首
f 516/218/360 515/219/361 514/220/362
s 173
f 519/220/362 518/221/363 517/218/360
s 174
f 522/222/364 521/223/365 520/221/366
s 175
f 525/221/366 524/220/367 523/222/364
s 176
f 528/219/368 527/218/369 526/224/370
s 177
f 531/224/370 530/64/371 529/219/368
s 178
f 534/122/372 533/225/373 532/226/374
s 179
f 537/227/375 536/228/376 535/229/377
s 180
f 540/229/377 539/230/378 538/227/375
s 181
f 543/227/379 542/230/380 541/231/381
s 182
f 546/231/382 545/232/383 544/227/384
s 183
f 549/233/385 548/234/386 547/235/387
s 184
f 552/235/388 551/236/389 550/233/390
s 185
f 555/180/391 554/237/392 553/238/393
s 186
f 558/239/394 557/240/395 556/223/396
s 187
f 561/223/396 560/222/397 559/239/398
s 188
f 564/241/399 563/242/400 562/243/401
s 189
f 567/243/402 566/244/403 565/241/404
s 190
f 570/241/405 569/244/406 568/245/407
s 191
f 573/245/408 572/246/409 571/241/399
s 192
f 576/246/410 575/245/411 574/247/412
s 193
f 579/247/412 578/248/107 577/246/410
s 194
f 582/248/107 581/249/413 580/250/414
s 195
f 585/250/415 584/246/410 583/248/107
s 196
f 588/224/416 587/251/417 586/65/418
s 197
f 591/65/418 590/64/106 589/224/419
s 198
f 594/163/270 593/224/370 592/218/369
s 199
f 597/252/420 596/241/421 595/246/409
s 200
f 600/246/422 599/250/423 598/252/424
s 201
g 左親指０
f 603/253/425 602/204/426 601/201/427
s 202
f 606/201/427 605/77/428 604/253/429
s 203
f 609/77/430 608/201/427 607/200/335
s 204
f 612/200/431 611/76/432 610/77/430
s 205
f 615/253/429 614/210/433 613/204/434
s 206
f 618/254/435 617/255/436 616/207/437
s 207
f 621/207/437 620/206/341 619/254/435
s 208
g 左手首
f 624/256/438 623/257/439 622/239/394
s 209
f 627/239/440 626/258/441 625/256/438
s 210
f 630/243/401 629/242/442 628/75/443
s 211
f 633/75/444 632/74/123 631/243/401
s 212
f 636/113/445 635/234/446 634/225/373
s 213
f 639/225/373 638/110/181 637/113/447
s 214
f 642/226/448 641/259/449 640/122/450
s 215
f 645/226/374 644/260/451 643/259/452
s 216
g 左人指１
f 648/126/453 647/116/206 646/91/191
s 217
g 左中指１
f 651/261/454 650/91/455 649/84/156
s 218
g 左手首
f 654/262/456 653/101/236 652/108/179
s 219
f 657/263/457 656/108/179 655/101/167
s 220
f 660/264/458 659/157/260 658/156/259
s 221
g 左親指０
f 663/230/378 662/213/459 661/216/352
s 222
g 左手首
f 666/216/460 665/231/389 664/230/380
s 223
f 669/75/443 668/242/400 667/253/429
s 224
g 左親指０
f 672/253/429 671/77/126 670/75/444
s 225
g 左手首
f 675/265/379 674/235/387 673/266/461
s 226
f 678/234/462 677/113/447 676/235/387
s 227
f 681/267/463 680/78/129 679/268/464
s 228
f 684/268/465 683/78/466 682/269/467
s 229
f 687/269/467 686/270/468 685/268/465
s 230
f 690/258/469 689/239/470 688/222/471
s 231
f 693/222/397 692/267/472 691/258/469
s 232
f 696/78/129 695/51/82 694/52/85
s 233
f 699/52/473 698/269/467 697/78/466
s 234
g 左親指０
f 702/255/436 701/254/474 700/271/475
s 235
f 705/271/476 704/272/477 703/255/478
s 236
g 左人指１
f 708/273/479 707/274/480 706/275/481
s 237
f 711/275/482 710/276/483 709/273/479
s 238
g 左手首
f 714/277/484 713/278/485 712/228/376
s 239
f 717/228/376 716/227/375 715/277/484
s 240
f 720/279/486 719/280/487 718/281/488
s 241
g 左小指１
f 723/281/489 722/282/490 721/279/491
s 242
g 左手首
f 726/193/324 725/283/486 724/284/492
s 243
g 左小指１
f 729/284/490 728/190/325 727/193/493
s 244
g 左手首
f 732/194/494 731/196/328 730/285/495
s 245
f 735/285/495 734/286/496 733/194/497
s 246
f 738/287/498 737/199/334 736/198/333
s 247
g 左人指１
f 741/288/499 740/289/482 739/112/500
s 248
f 744/112/501 743/115/189 742/288/483
s 249
g 左親指１
f 747/290/502 746/291/503 745/292/504
s 250
g 左親指２
f 750/293/505 749/294/506 748/295/507
s 251
f 753/295/507 752/296/508 751/293/509
s 252
g 左親指１
f 756/297/510 755/292/511 754/298/512
s 253
g 左親指２
f 759/299/513 758/300/514 757/291/515
s 254
f 762/301/516 761/294/506 760/293/505
s 255
f 765/293/505 764/302/517 763/301/516
s 256
f 768/303/518 767/304/519 766/305/520
s 257
f 771/305/520 770/306/521 769/303/518
s 258
f 774/307/521 773/308/522 772/309/523
s 259
f 777/309/524 776/310/525 775/307/521
s 260
g 左親指１
f 780/311/526 779/312/527 778/313/528
s 261
f 783/313/529 782/314/530 781/311/531
s 262
g 左親指０
f 786/200/335 785/208/532 784/207/533
s 263
g 左親指２
f 789/315/534 788/316/535 787/317/536
s 264
f 792/317/536 791/318/537 790/315/534
s 265
g 左親指１
f 795/319/538 794/320/539 793/212/355
s 266
f 798/212/540 797/321/541 796/319/542
s 267
f 801/322/543 800/323/544 799/320/545
s 268
f 804/324/546 803/325/547 802/326/548
s 269
g 左親指２
f 807/323/549 806/300/514 805/299/550
s 270
f 810/327/551 809/306/521 808/305/552
s 271
f 813/305/552 812/328/553 811/327/554
s 272
g 左親指１
f 816/312/555 815/329/556 814/330/557
s 273
f 819/330/558 818/313/528 817/312/559
s 274
g 左親指２
f 822/317/560 821/316/561 820/331/562
s 275
f 825/331/563 824/332/564 823/317/560
s 276
f 828/333/565 827/334/566 826/301/567
s 277
f 831/301/568 830/302/569 829/333/565
s 278
g 左親指１
f 834/335/538 833/336/570 832/330/571
s 279
f 837/330/571 836/329/556 835/335/538
s 280
f 840/290/572 839/203/338 838/205/356
s 281
f 843/205/573 842/299/550 841/290/574
s 282
f 846/311/531 845/314/575 844/202/576
s 283
f 849/202/577 848/337/578 847/311/579
s 284
g 左親指２
f 852/304/580 851/338/581 850/295/582
s 285
f 855/295/507 854/294/506 853/304/580
s 286
g 左親指１
f 858/320/539 857/299/550 856/205/340
s 287
f 861/205/340 860/212/355 859/320/539
s 288
g 左親指２
f 864/339/583 863/324/584 862/326/585
s 289
f 867/340/586 866/341/587 865/334/588
s 290
f 870/334/588 869/333/589 868/340/586
s 291
f 873/342/590 872/343/591 871/339/592
s 292
f 876/339/593 875/326/594 874/342/595
s 293
f 879/344/596 878/343/597 877/342/595
s 294
f 882/342/595 881/298/598 880/344/596
s 295
f 885/298/598 884/292/599 883/344/596
s 296
f 888/317/536 887/345/600 886/346/601
s 297
f 891/346/601 890/318/537 889/317/536
s 298
f 894/317/602 893/332/603 892/347/604
s 299
f 897/347/604 896/345/605 895/317/560
s 300
f 900/334/588 899/341/606 898/348/607
s 301
f 903/348/608 902/328/609 901/334/610
s 302
f 906/349/604 905/350/611 904/351/608
s 303
f 909/351/608 908/352/587 907/349/612
s 304
f 912/307/521 911/353/613 910/354/614
s 305
f 915/354/615 914/308/616 913/307/617
s 306
f 918/355/618 917/295/582 916/338/619
s 307
f 921/338/581 920/356/620 919/355/621
s 308
f 924/338/581 923/304/622 922/310/623
s 309
f 927/328/609 926/348/608 925/327/554
s 310
f 930/354/624 929/351/608 928/350/611
s 311
f 933/309/625 932/338/581 931/310/623
s 312
f 936/304/519 935/294/506 934/301/516
s 313
f 939/301/516 938/305/520 937/304/626
s 314
f 942/305/552 941/301/567 940/334/588
s 315
f 945/334/588 944/328/627 943/305/628
s 316
g 左人指１
f 948/276/629 947/357/630 946/358/631
s 317
f 951/358/631 950/273/632 949/276/633
s 318
f 954/359/634 953/288/635 952/115/189
s 319
f 957/360/636 956/361/637 955/362/638
s 320
f 960/363/638 959/364/639 958/365/640
s 321
f 963/365/641 962/366/642 961/363/638
s 322
g 左人指２
f 966/367/643 965/368/644 964/369/645
s 323
f 969/369/645 968/370/646 967/367/643
s 324
f 972/371/647 971/370/646 970/369/648
s 325
f 975/372/649 974/373/643 973/374/650
s 326
f 978/374/646 977/375/651 976/372/649
s 327
g 左人指１
f 981/114/652 980/376/653 979/365/640
s 328
f 984/365/640 983/115/188 982/114/654
s 329
f 987/366/655 986/365/656 985/376/657
s 330
f 990/376/653 989/377/658 988/366/655
s 331
g 左人指２
f 993/368/659 992/378/660 991/379/661
s 332
f 996/379/662 995/369/648 994/368/659
s 333
g 左人指３
f 999/380/663 998/379/661 997/381/664
s 334
f 1002/382/665 1001/383/666 1000/384/667
s 335
f 1005/384/667 1004/385/668 1003/382/669
s 336
f 1008/386/669 1007/387/670 1006/388/671
s 337
g 左人指２
f 1011/389/672 1010/372/673 1009/375/674
s 338
f 1014/375/674 1013/390/675 1012/389/672
s 339
g 左人指１
f 1017/273/676 1016/358/677 1015/391/678
s 340
f 1020/391/678 1019/125/210 1018/273/676
s 341
g 左人指３
f 1023/392/679 1022/393/680 1021/394/681
s 342
f 1026/394/681 1025/395/682 1024/392/683
s 343
g 左人指１
f 1029/117/684 1028/116/685 1027/396/686
s 344
f 1032/396/686 1031/397/687 1030/117/688
s 345
f 1035/398/689 1034/399/690 1033/400/691
s 346
f 1038/401/692 1037/402/693 1036/403/694
s 347
f 1041/404/695 1040/402/693 1039/401/696
s 348
f 1044/401/697 1043/405/698 1042/404/695
s 349
f 1047/406/699 1046/407/700 1045/400/691
s 350
f 1050/400/691 1049/408/701 1048/406/699
s 351
g 左人指２
f 1053/409/702 1052/410/703 1051/411/704
s 352
f 1056/411/705 1055/412/706 1054/409/707
s 353
f 1059/413/708 1058/414/709 1057/415/710
s 354
f 1062/415/711 1061/416/712 1060/413/706
s 355
g 左人指１
f 1065/417/713 1064/405/714 1063/376/653
s 356
f 1068/376/715 1067/114/716 1066/417/717
s 357
g 左人指２
f 1071/418/718 1070/419/719 1069/377/658
s 358
g 左人指３
f 1074/420/720 1073/381/664 1072/379/662
s 359
g 左人指２
f 1077/379/661 1076/378/721 1075/410/722
s 360
f 1080/410/722 1079/409/723 1078/379/662
s 361
g 左人指３
f 1083/385/724 1082/421/725 1081/422/726
s 362
f 1086/422/727 1085/382/669 1084/385/724
s 363
g 左人指２
f 1089/416/728 1088/415/729 1087/389/730
s 364
f 1092/389/730 1091/390/731 1090/416/732
s 365
g 左人指１
f 1095/391/733 1094/396/734 1093/116/206
s 366
f 1098/116/206 1097/125/205 1096/391/733
s 367
g 左人指３
f 1101/394/735 1100/423/736 1099/424/737
s 368
f 1104/424/737 1103/395/738 1102/394/735
s 369
f 1107/425/739 1106/426/740 1105/371/647
s 370
f 1110/371/741 1109/380/663 1108/425/742
s 371
f 1113/427/743 1112/425/744 1111/380/663
s 372
f 1116/380/663 1115/381/745 1114/427/743
s 373
f 1119/420/746 1118/428/747 1117/427/743
s 374
f 1122/427/748 1121/381/664 1120/420/746
s 375
f 1125/384/667 1124/429/749 1123/426/750
s 376
f 1128/426/750 1127/425/742 1126/384/667
s 377
f 1131/421/751 1130/430/752 1129/422/753
s 378
f 1134/428/754 1133/420/755 1132/431/756
s 379
f 1137/431/757 1136/432/758 1135/428/754
s 380
g 左人指２
f 1140/366/759 1139/433/760 1138/434/761
s 381
f 1143/433/762 1142/377/763 1141/419/764
s 382
g 左人指１
f 1146/377/765 1145/376/766 1144/405/767
s 383
f 1149/405/767 1148/401/768 1147/377/658
s 384
g 左人指３
f 1152/424/769 1151/423/770 1150/435/758
s 385
f 1155/435/758 1154/436/757 1153/424/769
s 386
g 左人指２
f 1158/437/771 1157/375/772 1156/374/773
s 387
f 1161/438/774 1160/390/775 1159/375/674
s 388
f 1164/439/776 1163/436/777 1162/413/706
s 389
f 1167/409/707 1166/412/706 1165/431/777
s 390
f 1170/416/712 1169/390/731 1168/438/778
s 391
g 左人指３
f 1173/440/779 1172/393/680 1171/392/679
s 392
f 1176/392/679 1175/441/741 1174/440/780
s 393
f 1179/317/781 1178/345/681 1177/346/680
s 394
f 1182/346/782 1181/318/783 1180/317/781
s 395
f 1185/347/784 1184/345/735 1183/317/785
s 396
f 1188/317/785 1187/332/786 1186/347/736
s 397
f 1191/383/666 1190/429/787 1189/384/667
s 398
f 1194/432/788 1193/430/752 1192/421/789
s 399
f 1197/421/751 1196/428/790 1195/432/788
s 400
f 1200/442/791 1199/388/792 1198/443/783
s 401
f 1203/444/793 1202/435/788 1201/423/770
s 402
f 1206/423/770 1205/445/794 1204/444/793
s 403
f 1209/315/795 1208/316/796 1207/317/797
s 404
f 1212/317/781 1211/318/783 1210/315/798
s 405
f 1215/317/785 1214/316/799 1213/331/800
s 406
f 1218/331/801 1217/332/802 1216/317/785
s 407
f 1221/386/669 1220/446/803 1219/387/804
s 408
f 1224/393/805 1223/440/806 1222/442/807
s 409
f 1227/442/749 1226/443/808 1225/393/805
s 410
f 1230/446/801 1229/444/793 1228/445/794
s 411
f 1233/385/724 1232/384/809 1231/425/810
s 412
f 1236/425/742 1235/427/811 1234/385/724
s 413
f 1239/428/747 1238/421/725 1237/385/724
s 414
f 1242/385/812 1241/427/743 1240/428/747
s 415
g 左中指１
f 1245/447/813 1244/448/814 1243/449/815
s 416
f 1248/450/816 1247/451/817 1246/452/818
s 417
f 1251/452/818 1250/453/819 1249/450/820
s 418
g 左中指２
f 1254/454/821 1253/455/822 1252/456/823
s 419
g 左中指３
f 1257/457/824 1256/458/825 1255/459/826
s 420
f 1260/459/826 1259/460/821 1258/457/824
s 421
g 左中指２
f 1263/461/827 1262/462/828 1261/463/829
s 422
g 左中指１
f 1266/453/830 1265/464/831 1264/465/832
s 423
f 1269/465/833 1268/450/834 1267/453/819
s 424
g 左中指３
f 1272/466/835 1271/467/836 1270/468/837
s 425
f 1275/469/838 1274/470/839 1273/471/840
s 426
f 1278/471/841 1277/472/842 1276/469/843
s 427
f 1281/473/844 1280/474/839 1279/475/845
s 428
f 1284/459/846 1283/458/847 1282/476/848
s 429
f 1287/476/848 1286/477/849 1285/459/850
s 430
g 左中指２
f 1290/478/851 1289/479/852 1288/462/853
s 431
g 左中指１
f 1293/480/854 1292/481/855 1291/448/814
s 432
f 1296/448/814 1295/482/856 1294/480/857
s 433
f 1299/483/858 1298/484/859 1297/485/860
s 434
f 1302/486/861 1301/487/862 1300/488/863
s 435
f 1305/486/864 1304/489/865 1303/490/866
s 436
f 1308/490/867 1307/487/868 1306/486/864
s 437
f 1311/491/869 1310/492/870 1309/493/871
s 438
f 1314/493/871 1313/483/858 1312/491/872
s 439
g 左中指３
f 1317/494/873 1316/495/874 1315/496/875
s 440
f 1320/496/875 1319/497/876 1318/494/873
s 441
f 1323/498/877 1322/499/875 1321/500/878
s 442
f 1326/500/879 1325/501/880 1324/498/881
s 443
g 左中指２
f 1329/502/882 1328/503/883 1327/498/881
s 444
f 1332/504/884 1331/505/885 1330/497/877
s 445
f 1335/465/833 1334/506/886 1333/507/887
s 446
g 左中指３
f 1338/501/888 1337/467/889 1336/466/835
s 447
f 1341/469/890 1340/508/891 1339/509/892
s 448
f 1344/509/893 1343/470/894 1342/469/838
s 449
f 1347/476/895 1346/495/896 1345/494/897
s 450
f 1350/494/898 1349/477/899 1348/476/900
s 451
g 左中指２
f 1353/510/901 1352/479/902 1351/478/903
s 452
g 左中指１
f 1356/493/904 1355/492/905 1354/480/854
s 453
f 1359/480/906 1358/482/907 1357/493/904
s 454
g 左中指２
f 1362/511/908 1361/485/860 1360/512/909
s 455
f 1365/512/910 1364/513/911 1363/511/908
s 456
f 1368/488/863 1367/514/912 1366/515/913
s 457
f 1371/515/913 1370/506/886 1369/488/863
s 458
f 1374/513/914 1373/512/915 1372/516/916
s 459
f 1377/516/916 1376/517/917 1375/513/918
s 460
f 1380/507/887 1379/518/919 1378/519/920
s 461
f 1383/519/920 1382/520/921 1381/507/887
s 462
g 左中指３
f 1386/468/837 1385/467/889 1384/521/922
s 463
f 1389/521/922 1388/522/923 1387/468/837
s 464
f 1392/467/889 1391/501/888 1390/500/879
s 465
f 1395/500/879 1394/521/924 1393/467/925
s 466
f 1398/454/821 1397/468/837 1396/522/923
s 467
f 1401/522/926 1400/523/927 1399/454/821
s 468
f 1404/523/927 1403/522/923 1402/472/928
s 469
f 1407/472/929 1406/524/930 1405/523/931
s 470
f 1410/508/891 1409/525/932 1408/509/892
s 471
g 左中指２
f 1413/450/816 1412/520/933 1411/526/934
s 472
f 1416/520/935 1415/465/936 1414/507/937
s 473
g 左中指１
f 1419/527/938 1418/482/907 1417/448/814
s 474
f 1422/493/904 1421/482/856 1420/527/938
s 475
g 左中指３
f 1425/317/939 1424/345/848 1423/346/847
s 476
f 1428/346/847 1427/318/940 1426/317/939
s 477
f 1431/347/941 1430/345/895 1429/317/942
s 478
f 1434/317/943 1433/332/944 1432/347/874
s 479
f 1437/472/945 1436/471/840 1435/524/946
s 480
f 1440/499/875 1439/525/947 1438/508/891
s 481
f 1443/508/891 1442/500/878 1441/499/875
s 482
f 1446/473/948 1445/528/949 1444/529/950
s 483
f 1449/530/947 1448/496/951 1447/495/874
s 484
f 1452/495/896 1451/531/952 1450/530/953
s 485
f 1455/315/948 1454/316/954 1453/317/955
s 486
f 1458/317/939 1457/318/940 1456/315/948
s 487
f 1461/331/956 1460/332/952 1459/317/942
s 488
f 1464/317/942 1463/316/957 1462/331/956
s 489
g 左中指２
f 1467/526/958 1466/520/921 1465/519/959
s 490
f 1470/519/960 1469/532/961 1468/526/962
s 491
g 左中指３
f 1473/474/894 1472/533/963 1471/475/845
s 492
f 1476/529/964 1475/528/940 1474/458/847
s 493
f 1479/458/965 1478/457/824 1477/529/964
s 494
f 1482/531/952 1481/533/966 1480/530/967
s 495
f 1485/522/968 1484/521/924 1483/469/843
s 496
f 1488/469/838 1487/472/969 1486/522/923
s 497
f 1491/508/970 1490/469/838 1489/521/924
s 498
f 1494/521/924 1493/500/878 1492/508/891
s 499
g 左薬指１
f 1497/534/971 1496/535/972 1495/536/973
s 500
f 1500/131/974 1499/130/214 1498/537/975
s 501
f 1503/537/976 1502/538/977 1501/131/978
s 502
g 左薬指２
f 1506/539/979 1505/540/980 1504/541/981
s 503
f 1509/541/981 1508/542/982 1507/539/983
s 504
f 1512/543/984 1511/544/985 1510/545/986
s 505
f 1515/546/987 1514/547/988 1513/548/989
s 506
f 1518/549/990 1517/550/991 1516/551/992
s 507
f 1521/551/993 1520/552/994 1519/549/990
s 508
g 左薬指１
f 1524/553/995 1523/537/975 1522/130/213
s 509
f 1527/130/223 1526/137/222 1525/553/995
s 510
g 左薬指２
f 1530/540/996 1529/554/997 1528/555/998
s 511
f 1533/555/998 1532/541/999 1531/540/996
s 512
f 1536/556/1000 1535/557/1001 1534/545/1002
s 513
g 左薬指３
f 1539/558/1003 1538/559/1004 1537/560/1005
s 514
f 1542/560/1006 1541/561/1007 1540/558/1003
s 515
f 1545/562/1008 1544/563/1009 1543/564/1010
s 516
g 左薬指２
f 1548/546/1011 1547/565/1012 1546/547/1013
s 517
f 1551/552/1014 1550/566/1015 1549/567/1016
s 518
f 1554/567/1017 1553/549/1018 1552/552/1014
s 519
g 左薬指１
f 1557/568/1019 1556/138/227 1555/134/225
s 520
f 1560/134/225 1559/535/1020 1558/568/1019
s 521
f 1563/569/1021 1562/568/1019 1561/535/1020
s 522
g 左薬指３
f 1566/570/1022 1565/571/1023 1564/572/1024
s 523
f 1569/572/1025 1568/573/1026 1567/570/1022
s 524
g 左薬指１
f 1572/574/1027 1571/575/1028 1570/576/1029
s 525
f 1575/577/1030 1574/578/1031 1573/579/1032
s 526
f 1578/149/1033 1577/578/1031 1576/577/1030
s 527
f 1581/577/1034 1580/146/239 1579/149/242
s 528
f 1584/150/1035 1583/580/1036 1582/574/1027
s 529
f 1587/574/1027 1586/151/244 1585/150/1037
s 530
g 左薬指２
f 1590/581/1038 1589/582/1039 1588/583/1040
s 531
f 1593/584/1041 1592/585/1042 1591/586/1043
s 532
f 1596/586/1044 1595/579/1032 1594/584/1041
s 533
f 1599/587/1045 1598/576/1029 1597/588/1046
s 534
f 1602/588/1046 1601/589/1047 1600/587/1045
s 535
f 1605/553/995 1604/586/1048 1603/554/997
s 536
g 左薬指３
f 1608/590/1049 1607/591/1050 1606/556/1051
s 537
g 左薬指２
f 1611/586/1048 1610/585/1052 1609/555/998
s 538
f 1614/555/998 1613/554/997 1612/586/1048
s 539
g 左薬指３
f 1617/558/1053 1616/592/1054 1615/593/1055
s 540
f 1620/593/1056 1619/559/1057 1618/558/1053
s 541
g 左薬指２
f 1623/582/1058 1622/565/1059 1621/583/1060
s 542
f 1626/589/1061 1625/588/1062 1624/567/1063
s 543
f 1629/567/1063 1628/566/1064 1627/589/1061
s 544
g 左薬指１
f 1632/580/1036 1631/568/1019 1630/569/1065
s 545
f 1635/150/253 1634/138/227 1633/568/1019
s 546
f 1638/568/1019 1637/580/1036 1636/150/253
s 547
g 左薬指３
f 1641/572/1066 1640/594/1067 1639/595/1068
s 548
f 1644/595/1069 1643/573/1026 1642/572/1025
s 549
f 1647/596/1070 1646/597/1071 1645/543/984
s 550
f 1650/543/1072 1649/557/1001 1648/596/1073
s 551
f 1653/598/1074 1652/596/1075 1651/557/1001
s 552
f 1656/557/1001 1655/591/1076 1654/598/1074
s 553
f 1659/599/1077 1658/598/1078 1657/591/1079
s 554
f 1662/591/1050 1661/590/1080 1660/599/1081
s 555
f 1665/597/1071 1664/596/1073 1663/561/1082
s 556
f 1668/561/1082 1667/600/1083 1666/597/1071
s 557
f 1671/592/1084 1670/601/1085 1669/593/1086
s 558
f 1674/599/1087 1673/590/1088 1672/602/1089
s 559
f 1677/602/1089 1676/603/1090 1675/599/1091
s 560
g 左薬指１
f 1680/536/973 1679/535/972 1678/134/218
s 561
f 1683/134/218 1682/133/974 1681/536/1092
s 562
g 左薬指２
f 1686/537/976 1685/540/980 1684/539/1093
s 563
f 1689/540/996 1688/553/995 1687/554/1094
s 564
g 左薬指１
f 1692/553/1095 1691/137/222 1690/146/252
s 565
f 1695/146/1096 1694/577/1097 1693/553/995
s 566
g 左薬指３
f 1698/595/1068 1697/594/1098 1696/604/1090
s 567
f 1701/604/1099 1700/605/1100 1699/595/1068
s 568
f 1704/606/1071 1703/571/1101 1702/570/1102
s 569
f 1707/570/1102 1706/607/984 1705/606/1071
s 570
f 1710/317/1103 1709/345/1024 1708/346/1023
s 571
f 1713/346/1023 1712/318/1104 1711/317/1103
s 572
f 1716/347/1067 1715/345/1105 1714/317/1106
s 573
f 1719/317/1107 1718/332/1108 1717/347/1109
s 574
f 1722/560/1006 1721/600/1110 1720/561/1111
s 575
f 1725/603/1090 1724/601/1112 1723/592/1113
s 576
f 1728/592/1113 1727/599/1091 1726/603/1099
s 577
f 1731/571/1114 1730/606/1071 1729/608/1115
s 578
f 1734/608/1116 1733/609/1117 1732/571/1023
s 579
f 1737/610/1118 1736/604/1090 1735/594/1067
s 580
f 1740/594/1098 1739/611/1119 1738/610/1120
s 581
f 1743/315/1121 1742/316/1122 1741/317/1123
s 582
f 1746/317/1107 1745/318/1104 1744/315/1121
s 583
f 1749/317/1106 1748/316/1122 1747/331/1124
s 584
f 1752/331/1124 1751/332/1108 1750/317/1107
s 585
f 1755/612/1125 1754/564/1126 1753/563/1127
s 586
f 1758/612/1124 1757/610/1128 1756/611/1108
s 587
f 1761/596/1129 1760/598/1130 1759/558/1131
s 588
f 1764/558/1132 1763/561/1082 1762/596/1073
s 589
f 1767/598/1078 1766/599/1087 1765/592/1133
s 590
f 1770/592/1133 1769/558/1131 1768/598/1078
s 591
g 左小指１
f 1773/613/1134 1772/166/273 1771/165/272
s 592
g 左小指２
f 1776/614/1135 1775/615/1136 1774/616/1137
s 593
f 1779/617/1138 1778/618/1139 1777/619/1140
s 594
f 1782/620/1141 1781/621/1142 1780/622/1143
s 595
f 1785/622/1144 1784/623/1145 1783/620/1146
s 596
g 左小指３
f 1788/624/1147 1787/625/1148 1786/626/1149
s 597
f 1791/627/1150 1790/628/1151 1789/629/1152
s 598
f 1794/629/1152 1793/630/1153 1792/627/1154
s 599
f 1797/631/1155 1796/632/1156 1795/633/1157
s 600
g 左小指２
f 1800/617/1158 1799/634/1159 1798/618/1139
s 601
g 左小指３
f 1803/635/1160 1802/636/1161 1801/637/1162
s 602
f 1806/637/1163 1805/638/1164 1804/635/1165
s 603
g 左小指１
f 1809/185/306 1808/639/1166 1807/640/1167
s 604
f 1812/641/1168 1811/642/1169 1810/189/1170
s 605
g 左小指２
f 1815/643/1171 1814/644/1172 1813/645/1173
s 606
f 1818/646/1174 1817/647/1175 1816/648/1176
s 607
f 1821/641/1168 1820/649/1177 1819/650/1178
s 608
f 1824/650/1178 1823/642/1169 1822/641/1167
s 609
f 1827/651/1179 1826/640/1167 1825/652/1180
s 610
f 1830/652/1180 1829/653/1181 1828/651/1179
s 611
f 1833/173/316 1832/642/1182 1831/620/1141
s 612
g 左小指３
f 1836/654/1183 1835/625/1184 1834/624/1185
s 613
f 1839/627/1186 1838/655/1187 1837/656/1188
s 614
f 1842/656/1188 1841/628/1189 1840/627/1186
s 615
g 左小指２
f 1845/644/1190 1844/634/1191 1843/645/1192
s 616
f 1848/653/1193 1847/652/1194 1846/657/1195
s 617
f 1851/657/1195 1850/658/1196 1849/653/1193
s 618
g 左小指３
f 1854/637/1197 1853/659/1198 1852/660/1199
s 619
f 1857/660/1200 1856/638/1201 1855/637/1197
s 620
f 1860/661/1202 1859/662/1203 1858/614/1135
s 621
f 1863/614/1204 1862/626/1205 1861/661/1202
s 622
f 1866/625/1206 1865/663/1207 1864/661/1202
s 623
f 1869/661/1208 1868/626/1209 1867/625/1206
s 624
f 1872/664/1210 1871/663/1211 1870/625/1206
s 625
f 1875/625/1206 1874/654/1212 1873/664/1213
s 626
g 左小指２
f 1878/650/1214 1877/621/1215 1876/620/1141
s 627
f 1881/620/1141 1880/642/1182 1879/650/1216
s 628
f 1884/657/1195 1883/665/1217 1882/666/1218
s 629
f 1887/666/1218 1886/658/1219 1885/657/1195
s 630
f 1890/665/1220 1889/667/1221 1888/668/1222
s 631
f 1893/668/1222 1892/666/1223 1891/665/1224
s 632
f 1896/669/1225 1895/623/1145 1894/622/1226
s 633
f 1899/622/1226 1898/670/1227 1897/669/1225
s 634
g 左小指３
f 1902/630/1153 1901/671/1228 1900/662/1229
s 635
f 1905/662/1203 1904/661/1202 1903/630/1230
s 636
f 1908/655/1231 1907/672/1232 1906/656/1233
s 637
f 1911/664/1210 1910/654/1234 1909/648/1176
s 638
f 1914/648/1176 1913/673/1235 1912/664/1236
s 639
g 左小指１
f 1917/669/1225 1916/169/272 1915/168/1237
s 640
g 左小指２
f 1920/623/1145 1919/173/283 1918/620/1146
s 641
g 左小指３
f 1923/660/1199 1922/659/1238 1921/674/1239
s 642
f 1926/674/1239 1925/675/1240 1924/660/1241
s 643
f 1929/676/1229 1928/636/1242 1927/635/1160
s 644
f 1932/635/1160 1931/677/1135 1930/676/1203
s 645
f 1935/317/1243 1934/345/1163 1933/346/1244
s 646
f 1938/346/1161 1937/318/1245 1936/317/1246
s 647
f 1941/317/1247 1940/332/1248 1939/347/1198
s 648
f 1944/347/1249 1943/345/1162 1942/317/1243
s 649
f 1947/629/1152 1946/671/1228 1945/630/1153
s 650
f 1950/655/1187 1949/664/1236 1948/673/1239
s 651
f 1953/673/1250 1952/672/1251 1951/655/1187
s 652
f 1956/631/1252 1955/678/1253 1954/679/1254
s 653
f 1959/659/1238 1958/680/1255 1957/681/1256
s 654
f 1962/681/1257 1961/674/1239 1960/659/1198
s 655
f 1965/315/1258 1964/316/1259 1963/317/1243
s 656
f 1968/317/1243 1967/318/1260 1966/315/1261
s 657
f 1971/317/1243 1970/316/1262 1969/331/1263
s 658
f 1974/331/1263 1973/332/1255 1972/317/1247
s 659
f 1977/682/1264 1976/633/1265 1975/632/1266
s 660
f 1980/636/1242 1979/676/1229 1978/678/1228
s 661
f 1983/678/1267 1982/683/1268 1981/636/1161
s 662
f 1986/682/1263 1985/681/1256 1984/680/1255
s 663
f 1989/627/1269 1988/630/1153 1987/661/1202
s 664
f 1992/661/1270 1991/663/1207 1990/627/1150
s 665
f 1995/627/1186 1994/663/1211 1993/664/1210
s 666
f 1998/664/1271 1997/655/1187 1996/627/1272
s 667
g 左手首
f 2001/113/447 2000/112/501 1999/289/482
s 668
f 2004/289/482 2003/266/1273 2002/113/447
s 669
f 2007/59/1274 2006/684/1275 2005/269/1276
s 670
f 2010/269/1277 2009/52/1278 2008/59/1279
s 671
g 左親指０
f 2013/200/1280 2012/207/533 2011/255/1281
s 672
f 2016/255/1281 2015/76/125 2014/200/335
s 673
g 左手首
f 2019/272/1282 2018/270/1283 2017/73/122
s 674
f 2022/73/122 2021/72/1284 2020/272/477
s 675
f 2025/252/1285 2024/238/1286 2023/226/374
s 676
f 2028/226/374 2027/685/1287 2026/252/1288
s 677
f 2031/71/1289 2030/684/1290 2029/59/1279
s 678
f 2034/59/96 2033/58/95 2032/71/1289
s 679
f 2037/252/1291 2036/685/1292 2035/241/1293
s 680
g 左親指０
f 2040/272/477 2039/72/1284 2038/76/1294
s 681
f 2043/76/1294 2042/255/1281 2041/272/477
s 682
g 左手首
f 2046/245/411 2045/79/1295 2044/686/1296
s 683
f 2049/686/1297 2048/247/1298 2047/245/411
s 684
f 2052/219/368 2051/64/371 2050/67/1299
s 685
f 2055/67/1299 2054/687/1300 2053/219/368
s 686
f 2058/687/1301 2057/688/1302 2056/220/362
s 687
f 2061/220/362 2060/219/361 2059/687/1301
s 688
f 2064/220/367 2063/688/1303 2062/267/1304
s 689
f 2067/267/1304 2066/222/364 2065/220/367
s 690
f 2070/68/112 2069/63/111 2068/687/1301
s 691
f 2073/687/1305 2072/67/1306 2071/68/1307
s 692
f 2076/63/105 2075/62/104 2074/688/1302
s 693
f 2079/688/1302 2078/687/1301 2077/63/1308
s 694
f 2082/62/130 2081/78/129 2080/267/472
s 695
f 2085/267/1304 2084/688/1303 2083/62/104
s 696
f 2088/124/1309 2087/94/158 2086/223/396
s 697
f 2091/223/396 2090/240/395 2089/124/1309
s 698
f 2094/94/158 2093/93/157 2092/221/366
s 699
f 2097/221/366 2096/223/365 2095/94/158
s 700
f 2100/109/180 2099/218/1310 2098/221/363
s 701
f 2103/109/180 2102/145/1311 2101/218/1310
s 702
f 2106/274/1312 2105/127/209 2104/123/202
s 703
f 2109/123/1313 2108/278/1314 2107/274/1315
s 704
f 2112/95/160 2111/123/1316 2110/127/209
s 705
f 2115/127/209 2114/126/1317 2113/95/159
s 706
f 2118/264/1318 2117/162/269 2116/144/1319
s 707
f 2121/144/268 2120/689/1320 2119/264/1318
s 708
f 2124/194/497 2123/286/1321 2122/283/486
s 709
f 2127/283/486 2126/193/493 2125/194/497
s 710
f 2130/193/324 2129/192/1322 2128/195/1323
s 711
f 2133/195/1323 2132/194/1324 2131/193/1325
s 712
g 左親指１
f 2136/203/1326 2135/290/1327 2134/337/1328
s 713
f 2139/337/578 2138/202/337 2137/203/1329
s 714
f 2142/314/1330 2141/313/529 2140/209/344
s 715
g 左親指０
f 2145/209/344 2144/208/343 2143/314/530
s 716
f 2148/336/1331 2147/215/1332 2146/214/359
s 717
g 左親指１
f 2151/214/349 2150/330/571 2149/336/1333
s 718
g 左親指０
f 2154/330/558 2153/214/359 2152/209/1334
s 719
g 左親指１
f 2157/209/1334 2156/313/528 2155/330/1335
s 720
g 左人指１
f 2160/361/1336 2159/690/1337 2158/691/1338
s 721
f 2163/691/1339 2162/692/1340 2161/361/1336
s 722
f 2166/691/1338 2165/690/1337 2164/407/1341
s 723
f 2169/407/1342 2168/406/699 2167/691/1338
s 724
f 2172/692/1343 2171/693/639 2170/362/638
s 725
f 2175/362/638 2174/361/637 2173/692/1343
s 726
g 左中指１
f 2178/481/1344 2177/694/1345 2176/449/815
s 727
f 2181/449/815 2180/448/814 2179/481/1344
s 728
f 2184/489/865 2183/486/1346 2182/465/832
s 729
f 2187/465/832 2186/464/1347 2185/489/1348
s 730
g 左中指２
f 2190/695/1349 2189/517/1350 2188/516/916
s 731
f 2193/516/916 2192/696/1351 2191/695/1349
s 732
f 2196/696/1351 2195/697/1352 2194/698/1353
s 733
f 2199/698/1353 2198/695/1354 2197/696/1355
s 734
f 2202/515/1356 2201/518/919 2200/507/1357
s 735
f 2205/507/887 2204/506/1358 2203/515/1359
s 736
g 左手首
f 2208/198/333 2207/280/487 2206/279/486
s 737
f 2211/279/486 2210/287/1360 2209/198/333
s 738
f 2214/122/1361 2213/85/146 2212/121/1362
s 739
f 2217/107/1363 2216/106/1364 2215/260/1365
s 740
g 左人指１
f 2220/699/1366 2219/398/1367 2218/407/1341
s 741
f 2223/699/1368 2222/361/1336 2221/360/1369
s 742
g 左小指１
f 2226/639/1370 2225/174/1371 2224/700/1372
s 743
f 2229/700/1373 2228/174/1374 2227/613/1375
s 744
g 左親指１
f 2232/701/1376 2231/342/1377 2230/326/548
s 745
f 2235/326/594 2234/325/1378 2233/701/1376
s 746
f 2238/298/1379 2237/342/595 2236/701/1376
s 747
f 2241/701/1380 2240/297/1381 2239/298/598
s 748
g 左手首
f 2244/262/456 2243/108/179 2242/96/1382
s 749
f 2247/96/177 2246/702/1383 2245/262/1384
s 750
f 2250/96/1382 2249/95/159 2248/261/1385
s 751
f 2253/261/454 2252/702/1386 2251/96/161
s 752
f 2256/100/1387 2255/702/1383 2254/261/454
s 753
g 左中指１
f 2259/261/454 2258/84/144 2257/100/1387
s 754
f 2262/262/1388 2261/702/1383 2260/100/1389
s 755
f 2265/100/166 2264/99/1390 2263/262/1391
s 756
g 左人指１
f 2268/273/1392 2267/125/1393 2266/127/1394
s 757
f 2271/127/1395 2270/274/1312 2269/273/676
s 758
g 左薬指１
f 2274/703/1396 2273/157/1397 2272/264/1398
s 759
g 左手首
f 2277/264/458 2276/689/1399 2275/703/1396
s 760
g 左薬指１
f 2280/263/457 2279/143/235 2278/703/1396
s 761
g 左手首
f 2283/703/1396 2282/689/1400 2281/263/1401
s 762
f 2286/280/487 2285/198/1402 2284/183/1403
s 763
f 2289/183/1404 2288/182/1405 2287/280/487
s 764
f 2292/281/1406 2291/280/487 2290/182/1407
s 765
g 左小指１
f 2295/182/301 2294/704/1408 2293/281/488
s 766
g 左手首
f 2298/50/114 2297/53/113 2296/30/50
s 767
f 2301/30/49 2300/29/1409 2299/50/114
s 768
f 2304/32/51 2303/59/96 2302/52/1278
s 769
f 2307/52/1278 2306/33/1410 2305/32/51
s 770
f 2310/61/102 2309/60/101 2308/686/1297
s 771
f 2313/686/1296 2312/79/1295 2311/61/102
s 772
f 2316/38/1411 2315/37/55 2314/61/134
s 773
f 2319/61/134 2318/56/133 2317/38/56
s 774
f 2322/244/403 2321/243/1412 2320/70/116
s 775
f 2325/70/116 2324/69/115 2323/244/403
s 776
f 2328/74/123 2327/71/120 2326/70/119
s 777
f 2331/70/119 2330/243/401 2329/74/1413
s 778
f 2334/244/1414 2333/69/132 2332/79/1415
s 779
f 2337/79/136 2336/245/407 2335/244/1416
s 780
f 2340/270/1417 2339/269/1418 2338/684/1290
s 781
f 2343/684/1290 2342/73/122 2341/270/1283
s 782
f 2346/73/1419 2345/684/1290 2344/71/1289
s 783
f 2349/71/1289 2348/74/1420 2347/73/1421
s 784
f 2352/225/373 2351/234/446 2350/233/1422
s 785
f 2355/233/1422 2354/705/1423 2353/225/373
s 786
f 2358/225/1424 2357/705/1423 2356/685/1292
s 787
f 2361/685/1287 2360/226/374 2359/225/1425
s 788
f 2364/144/1426 2363/108/179 2362/263/1427
s 789
f 2367/263/1427 2366/689/1428 2365/144/237
s 790
g 左親指０
f 2370/706/352 2369/210/1429 2368/233/1422
s 791
g 左手首
f 2373/233/385 2372/236/382 2371/706/460
s 792
f 2376/253/1430 2375/242/1431 2374/685/1292
s 793
f 2379/685/1292 2378/705/1432 2377/253/1430
s 794
f 2382/685/1292 2381/242/1433 2380/241/1293
s 795
g 左中指１
f 2385/97/162 2384/100/1387 2383/84/144
s 796
f 2388/84/1434 2387/83/143 2386/97/162
s 797
f 2391/102/169 2390/99/168 2389/98/163
s 798
f 2394/98/1435 2393/707/1436 2392/102/1437
s 799
g 左手首
f 2397/107/1438 2396/260/1439 2395/141/1440
s 800
f 2400/160/264 2399/180/297 2398/161/1441
s 801
f 2403/162/269 2402/156/259 2401/181/300
s 802
f 2406/180/1442 2405/238/1443 2404/195/327
s 803
f 2409/238/1286 2408/237/1444 2407/226/374
s 804
f 2412/124/203 2411/228/1445 2410/278/1446
s 805
f 2415/278/1446 2414/123/1313 2413/124/203
s 806
f 2418/228/1445 2417/124/1447 2416/240/1448
s 807
f 2421/240/1449 2420/229/377 2419/228/1445
s 808
f 2424/229/1450 2423/240/1448 2422/239/1451
s 809
f 2427/239/394 2426/257/439 2425/229/1450
s 810
g 左親指０
f 2430/217/1452 2429/213/357 2428/257/1453
s 811
f 2433/257/1454 2432/256/1455 2431/217/1456
s 812
g 左手首
f 2436/257/1453 2435/213/353 2434/230/378
s 813
f 2439/230/378 2438/229/377 2437/257/1453
s 814
f 2442/278/485 2441/277/1273 2440/275/1457
s 815
f 2445/275/1458 2444/274/480 2443/278/485
s 816
g 左親指０
f 2448/254/435 2447/256/438 2446/258/441
s 817
g 左手首
f 2451/258/1459 2450/271/1460 2449/254/435
s 818
g 左親指０
f 2454/256/438 2453/254/1461 2452/206/1462
s 819
f 2457/206/1462 2456/217/358 2455/256/1455
s 820
f 2460/217/358 2459/206/1462 2458/209/1334
s 821
f 2463/209/344 2462/214/1463 2461/217/358
s 822
g 左手首
f 2466/249/1464 2465/285/495 2464/196/328
s 823
f 2469/196/328 2468/250/423 2467/249/413
s 824
f 2472/250/414 2471/196/328 2470/238/1465
s 825
f 2475/238/1465 2474/252/1285 2473/250/423
s 826
f 2478/80/1296 2477/68/138 2476/67/1299
s 827
f 2481/67/110 2480/66/108 2479/80/1296
s 828
f 2484/199/495 2483/251/1466 2482/224/416
s 829
f 2487/224/1467 2486/197/332 2485/199/334
s 830
f 2490/218/1468 2489/145/267 2488/163/270
s 831
f 2493/224/416 2492/163/270 2491/197/1469
s 832
f 2496/122/372 2495/110/1470 2494/225/1425
s 833
g 左薬指３
f 2499/609/1117 2498/608/1471 2497/562/1472
s 834
g 左手捩
f 2502/47/24 2501/38/91 2500/55/90
s 835
g 左親指０
f 2505/210/1473 2504/253/1430 2503/705/1474
s 836
g 左手首
f 2508/705/1423 2507/233/1475 2506/210/1476
s 837
f 2511/266/1273 2510/235/388 2509/113/447
s 838
f 2514/162/269 2513/183/330 2512/163/270
s 839
f 2517/109/180 2516/221/363 2515/93/176
s 840
f 2520/271/475 2519/268/1477 2518/270/1478
s 841
f 2523/270/1417 2522/272/477 2521/271/475
s 842
f 2526/268/1479 2525/271/1460 2524/258/1459
s 843
f 2529/258/469 2528/267/472 2527/268/1479
s 844
g 左手捩
f 2532/55/90 2531/48/1480 2530/47/24
s 845
g 左手首
f 2535/226/448 2534/237/1444 2533/260/1481
s 846
f 2538/196/1482 2537/195/327 2536/238/1465
s 847
g 左小指３
f 2541/631/1155 2540/679/1254 2539/632/1189
s 848
f 2544/682/1483 2543/632/1189 2542/708/1484
s 849
f 2547/683/1268 2546/678/1485 2545/631/1486
s 850
f 2550/708/1487 2549/681/1257 2548/682/1487
s 851
g 左薬指３
f 2553/562/1488 2552/608/1115 2551/709/1489
s 852
f 2556/562/1008 2555/709/1006 2554/563/1004
s 853
f 2559/612/1125 2558/563/1004 2557/710/1490
s 854
f 2562/710/1491 2561/610/1492 2560/612/1491
s 855
g 左中指３
f 2565/473/1493 2564/529/946 2563/711/1494
s 856
f 2568/711/1495 2567/474/1496 2566/473/844
s 857
f 2571/474/839 2570/712/892 2569/533/963
s 858
f 2574/530/1497 2573/533/963 2572/712/1498
s 859
g 左人指３
f 2577/713/666 2576/388/1499 2575/442/791
s 860
f 2580/386/669 2579/388/671 2578/713/1500
s 861
f 2583/386/1501 2582/714/1502 2581/446/803
s 862
f 2586/714/753 2585/444/1503 2584/446/803
s 863
g 左親指２
f 2589/356/620 2588/338/1504 2587/309/534
s 864
f 2592/353/554 2591/351/607 2590/354/615
s 865
g 左人指１
f 2595/715/761 2594/716/1505 2593/360/636
s 866
f 2598/716/1506 2597/717/1507 2596/699/1368
s 867
f 2601/699/1368 2600/360/1369 2599/716/1508
s 868
f 2604/718/1509 2603/398/1510 2602/699/1511
s 869
f 2607/699/1512 2606/717/1513 2605/718/1509
s 870
f 2610/718/1514 2609/399/690 2608/398/689
s 871
f 2613/719/1515 2612/399/690 2611/718/1509
s 872
f 2616/717/1513 2615/720/1516 2614/719/1517
s 873
f 2619/719/1515 2618/718/1509 2617/717/1518
s 874
f 2622/717/1507 2621/716/1508 2620/721/1519
s 875
f 2625/721/1519 2624/720/1520 2623/717/1507
s 876
f 2628/715/1521 2627/721/1519 2626/716/1508
s 877
g 左人指２
f 2631/437/1522 2630/441/647 2629/722/1523
s 878
f 2634/438/1524 2633/437/1522 2632/722/1525
s 879
f 2637/722/1523 2636/723/1526 2635/438/774
s 880
f 2640/438/1527 2639/723/1528 2638/724/1529
s 881
f 2643/724/1529 2642/439/776 2641/438/1527
s 882
f 2646/436/777 2645/439/776 2644/724/1530
s 883
f 2649/424/769 2648/436/777 2647/724/1531
s 884
f 2652/723/1532 2651/395/1533 2650/424/737
s 885
f 2655/424/737 2654/724/1529 2653/723/1528
s 886
f 2658/723/1526 2657/722/1523 2656/392/1534
s 887
f 2661/392/683 2660/395/1533 2659/723/1535
s 888
f 2664/722/1536 2663/441/1537 2662/392/1538
s 889
g 左中指１
f 2667/697/1352 2666/725/1539 2665/447/1540
s 890
f 2670/527/938 2669/447/1540 2668/725/1541
s 891
f 2673/725/1541 2672/726/1542 2671/527/1543
s 892
f 2676/726/1544 2675/727/1545 2674/484/1546
s 893
f 2679/484/1546 2678/527/1547 2677/726/1542
s 894
f 2682/727/1548 2681/485/860 2680/484/1549
s 895
f 2685/512/910 2684/485/1550 2683/727/1548
s 896
f 2688/726/1551 2687/516/1552 2686/512/1553
s 897
f 2691/512/915 2690/727/1545 2689/726/1544
s 898
f 2694/726/1544 2693/725/1554 2692/696/1555
s 899
f 2697/696/1556 2696/516/916 2695/726/1544
s 900
f 2700/697/958 2699/696/1557 2698/725/1558
s 901
g 左中指２
f 2703/461/827 2702/460/1559 2701/728/1560
s 902
f 2706/478/1561 2705/461/827 2704/728/1560
s 903
f 2709/728/1562 2708/729/1563 2707/478/903
s 904
f 2712/478/1564 2711/729/1565 2710/730/1566
s 905
f 2715/730/1567 2714/505/1568 2713/478/851
s 906
f 2718/497/877 2717/505/885 2716/730/1569
s 907
f 2721/497/876 2720/730/1566 2719/494/898
s 908
f 2724/729/1570 2723/477/1571 2722/494/1572
s 909
f 2727/494/1573 2726/730/1566 2725/729/1574
s 910
f 2730/729/1575 2729/728/1576 2728/459/1577
s 911
f 2733/459/850 2732/477/1578 2731/729/1563
s 912
f 2736/728/1579 2735/460/821 2734/459/826
s 913
g 左薬指１
f 2739/550/991 2738/731/1580 2737/534/1581
s 914
f 2742/569/1582 2741/534/1583 2740/731/1580
s 915
f 2745/731/1584 2744/732/1585 2743/569/1021
s 916
f 2748/569/1065 2747/732/1585 2746/733/1586
s 917
f 2751/733/1587 2750/575/1588 2749/569/1589
s 918
f 2754/733/1590 2753/576/1591 2752/575/1592
s 919
f 2757/588/1062 2756/576/1591 2755/733/1590
s 920
f 2760/732/1593 2759/567/1063 2758/588/1594
s 921
f 2763/588/1062 2762/733/1586 2761/732/1585
s 922
f 2766/732/1595 2765/731/1580 2764/549/990
s 923
f 2769/549/1596 2768/567/1017 2767/732/1597
s 924
f 2772/550/991 2771/549/990 2770/731/1580
s 925
g 左薬指２
f 2775/546/987 2774/607/984 2773/734/1598
s 926
f 2778/735/1599 2777/546/1600 2776/734/1601
s 927
f 2781/734/1602 2780/736/1603 2779/735/1604
s 928
f 2784/736/1605 2783/737/1606 2782/583/1060
s 929
f 2787/583/1040 2786/735/1607 2785/736/1608
s 930
f 2790/737/1609 2789/605/1100 2788/583/1060
s 931
f 2793/595/1610 2792/605/1611 2791/737/1612
s 932
f 2796/736/1605 2795/573/1026 2794/595/1613
s 933
f 2799/595/1069 2798/737/1614 2797/736/1615
s 934
f 2802/736/1616 2801/734/1617 2800/570/1022
s 935
f 2805/570/1618 2804/573/1619 2803/736/1608
s 936
f 2808/734/1620 2807/607/984 2806/570/1022
s 937
g 左小指１
f 2811/667/1221 2810/738/1621 2809/613/1134
s 938
f 2814/700/1622 2813/613/1623 2812/738/1624
s 939
f 2817/738/1625 2816/739/1626 2815/700/1627
s 940
f 2820/700/1372 2819/739/1628 2818/740/1629
s 941
f 2823/740/1630 2822/639/1166 2821/700/1631
s 942
f 2826/740/1632 2825/640/1168 2824/639/1633
s 943
f 2829/652/1180 2828/640/1167 2827/740/1632
s 944
f 2832/739/1626 2831/657/1195 2830/652/1634
s 945
f 2835/652/1635 2834/740/1636 2833/739/1626
s 946
f 2838/739/1637 2837/738/1624 2836/665/1638
s 947
f 2841/665/1639 2840/657/1195 2839/739/1626
s 948
f 2844/667/1640 2843/665/1641 2842/738/1642
s 949
g 左小指２
f 2847/617/1138 2846/677/1204 2845/741/1643
s 950
f 2850/742/1644 2849/617/1158 2848/741/1643
s 951
f 2853/741/1645 2852/743/1646 2851/742/1647
s 952
f 2856/742/1648 2855/743/1649 2854/744/1650
s 953
f 2859/744/1651 2858/645/1652 2857/742/1647
s 954
f 2862/744/1653 2861/675/1176 2860/645/1173
s 955
f 2865/660/1241 2864/675/1240 2863/744/1653
s 956
f 2868/743/1649 2867/638/1654 2866/660/1655
s 957
f 2871/660/1656 2870/744/1657 2869/743/1658
s 958
f 2874/743/1659 2873/741/1660 2872/635/1165
s 959
f 2877/635/1661 2876/638/1164 2875/743/1646
s 960
f 2880/741/1662 2879/677/1663 2878/635/1160
s 961
g 左親指１
f 2883/325/547 2882/335/538 2881/329/1664
s 962
f 2886/329/1665 2885/312/1666 2884/325/1667
s 963
f 2889/297/1381 2888/312/527 2887/311/526
s 964
f 2892/297/1668 2891/311/531 2890/337/1669
s 965
g 左親指２
f 2895/295/582 2894/355/1670 2893/745/1671
s 966
f 2898/745/1671 2897/296/1672 2896/295/507
s 967
f 2901/745/1673 2900/355/601 2899/746/600
s 968
f 2904/746/600 2903/747/1674 2902/745/1673
s 969
f 2907/746/1675 2906/349/604 2905/748/1676
s 970
f 2910/748/1676 2909/747/1674 2908/746/1675
s 971
f 2913/748/1677 2912/349/604 2911/352/587
s 972
f 2916/352/606 2915/749/586 2914/748/1677
s 973
g 左人指２
f 2919/721/1678 2918/715/1679 2917/373/643
s 974
f 2922/373/1680 2921/372/649 2920/721/1678
s 975
f 2925/434/1681 2924/433/1682 2923/368/659
s 976
f 2928/368/659 2927/367/1680 2926/434/1679
s 977
f 2931/433/762 2930/419/719 2929/378/660
s 978
f 2934/378/660 2933/368/659 2932/433/762
s 979
f 2937/378/660 2936/419/719 2935/418/718
s 980
f 2940/418/718 2939/410/722 2938/378/721
s 981
f 2943/410/1683 2942/418/1684 2941/403/694
s 982
f 2946/403/694 2945/411/704 2944/410/703
s 983
f 2949/414/705 2948/399/690 2947/719/1515
s 984
f 2952/719/1515 2951/415/729 2950/414/709
s 985
f 2955/415/729 2954/719/1515 2953/720/1516
s 986
f 2958/720/1685 2957/389/1686 2956/415/729
s 987
f 2961/720/1520 2960/721/1519 2959/372/1687
s 988
f 2964/372/1687 2963/389/1688 2962/720/1520
s 989
g 左中指２
f 2967/517/1689 2966/695/1349 2965/462/1690
s 990
f 2970/462/1691 2969/479/852 2968/517/1350
s 991
f 2973/517/1692 2972/479/902 2971/510/901
s 992
f 2976/510/901 2975/513/914 2974/517/1693
s 993
f 2979/504/1694 2978/511/908 2977/513/911
s 994
f 2982/513/911 2981/510/1695 2980/504/884
s 995
f 2985/502/1696 2984/515/913 2983/514/912
s 996
f 2988/514/1697 2987/503/883 2986/502/1698
s 997
f 2991/466/835 2990/518/919 2989/515/1359
s 998
f 2994/515/1359 2993/502/1696 2992/466/1699
s 999
f 2997/456/1700 2996/519/920 2995/518/919
s 1000
f 3000/518/1701 2999/466/1699 2998/456/1702
s 1001
f 3003/455/1703 3002/532/961 3001/519/959
s 1002
f 3006/519/959 3005/456/1704 3004/455/829
s 1003
f 3009/695/1354 3008/698/1353 3007/463/829
s 1004
f 3012/463/822 3011/462/828 3010/695/1354
s 1005
g 左薬指２
f 3015/581/1705 3014/587/1045 3013/589/1706
s 1006
f 3018/589/1047 3017/582/1039 3016/581/1705
s 1007
f 3021/750/1707 3020/585/1708 3019/584/1041
s 1008
f 3024/584/1041 3023/751/1038 3022/750/1709
s 1009
f 3027/556/1051 3026/555/1710 3025/585/1042
s 1010
f 3030/585/1042 3029/750/1707 3028/556/1000
s 1011
f 3033/541/981 3032/555/998 3031/556/1711
s 1012
f 3036/556/1711 3035/545/1002 3034/541/981
s 1013
f 3039/544/1712 3038/542/982 3037/541/1713
s 1014
f 3042/541/981 3041/545/1714 3040/544/989
s 1015
f 3045/552/994 3044/551/993 3043/548/989
s 1016
f 3048/548/989 3047/547/1715 3046/552/994
s 1017
f 3051/566/1716 3050/552/1717 3049/547/1013
s 1018
f 3054/547/1013 3053/565/1012 3052/566/1015
s 1019
f 3057/582/1058 3056/589/1718 3055/566/1064
s 1020
f 3060/566/1064 3059/565/1059 3058/582/1719
s 1021
g 左小指２
f 3063/658/1219 3062/666/1218 3061/618/1720
s 1022
f 3066/618/1721 3065/634/1722 3064/658/1219
s 1023
f 3069/644/1723 3068/653/1193 3067/658/1196
s 1024
f 3072/658/1196 3071/634/1724 3070/644/1190
s 1025
f 3075/643/1171 3074/651/1179 3073/653/1181
s 1026
f 3078/653/1725 3077/644/1172 3076/643/1171
s 1027
f 3081/650/1726 3080/649/1177 3079/647/1171
s 1028
f 3084/647/1171 3083/646/1727 3082/650/1178
s 1029
f 3087/650/1178 3086/646/1728 3085/624/1185
s 1030
f 3090/624/1185 3089/621/1142 3088/650/1214
s 1031
f 3093/621/1729 3092/624/1730 3091/616/1731
s 1032
f 3096/616/1732 3095/622/1733 3094/621/1142
s 1033
f 3099/670/1734 3098/622/1226 3097/616/1731
s 1034
f 3102/616/1731 3101/615/1735 3100/670/1227
s 1035
f 3105/666/1736 3104/668/1222 3103/619/1140
s 1036
f 3108/619/1735 3107/618/1139 3106/666/1223
s 1037
g 左手首
f 3111/261/454 3110/95/159 3109/91/154
s 1038
f 3114/126/1737 3113/91/154 3112/95/159
s 1039
f 3117/262/1388 3116/99/1738 3115/101/167
s 1040
f 3120/263/457 3119/101/167 3118/143/235
s 1041
f 3123/264/458 3122/156/259 3121/162/1739
s 1042
f 3126/181/304 3125/156/1740 3124/178/296
s 1043
g 左小指１
f 3129/181/1741 3128/178/1742 3127/704/1743
s 1044
g 左手首
f 3132/704/1744 3131/182/301 3130/181/300
s 1045
f 3135/197/332 3134/183/1403 3133/198/1402
s 1046
g 左人指１
f 3138/114/1745 3137/111/1746 3136/120/198
s 1047
f 3141/120/1747 3140/417/1748 3139/114/1745
s 1048
g 左手首
f 3144/111/1746 3143/110/1470 3142/122/1361
s 1049
f 3147/122/201 3146/120/1749 3145/111/1750
s 1050
f 3150/259/1751 3149/86/147 3148/85/152
s 1051
f 3153/85/152 3152/122/201 3151/259/449
s 1052
g 左中指１
f 3156/90/1752 3155/118/155 3154/121/1753
s 1053
f 3159/121/199 3158/85/152 3157/90/1754
s 1054
f 3162/106/1364 3161/752/1755 3160/87/148
s 1055
f 3165/87/148 3164/86/1756 3163/106/1757
s 1056
g 左手首
f 3168/106/1757 3167/86/147 3166/259/1751
s 1057
f 3171/259/1758 3170/260/1759 3169/106/1760
s 1058
f 3174/237/1444 3173/753/1761 3172/141/1762
s 1059
f 3177/141/1762 3176/260/1481 3175/237/1444
s 1060
g 左薬指１
f 3180/141/1762 3179/753/1761 3178/136/1763
s 1061
f 3183/136/249 3182/129/1764 3181/141/1762
s 1062
g 左中指１
f 3186/105/169 3185/754/1765 3184/752/1766
s 1063
f 3189/752/1766 3188/106/1757 3187/105/169
s 1064
g 左手首
f 3192/180/297 3191/160/264 3190/753/1767
s 1065
f 3195/753/1768 3194/237/392 3193/180/297
s 1066
f 3198/192/323 3197/177/298 3196/180/1442
s 1067
f 3201/180/1442 3200/195/1769 3199/192/1770
s 1068
g 左薬指１
f 3204/136/220 3203/753/1767 3202/160/1771
s 1069
f 3207/160/1772 3206/147/251 3205/136/1773
s 1070
g 左小指１
f 3210/177/298 3209/192/1774 3208/172/1775
s 1071
f 3213/172/282 3212/171/1776 3211/177/298
s 1072
g 左人指１
f 3216/755/687 3215/404/695 3214/405/698
s 1073
f 3219/405/698 3218/417/717 3217/755/1777
s 1074
g 左中指１
f 3222/82/1778 3221/694/1345 3220/481/1779
s 1075
f 3225/481/855 3224/83/142 3223/82/1778
s 1076
f 3228/480/1780 3227/97/162 3226/83/1781
s 1077
f 3231/83/1781 3230/481/855 3229/480/906
s 1078
f 3234/480/1782 3233/492/905 3232/98/163
s 1079
f 3237/98/163 3236/97/162 3235/480/906
s 1080
f 3240/707/1436 3239/98/163 3238/492/1783
s 1081
f 3243/492/1784 3242/491/869 3241/707/1436
s 1082
f 3246/489/865 3245/752/1785 3244/754/1765
s 1083
f 3249/754/1765 3248/490/866 3247/489/1786
s 1084
f 3252/464/1787 3251/87/148 3250/752/1788
s 1085
f 3255/752/1755 3254/489/865 3253/464/1347
s 1086
f 3258/464/831 3257/453/830 3256/88/151
s 1087
f 3261/88/149 3260/87/1789 3259/464/1790
s 1088
f 3264/453/1791 3263/452/818 3262/89/1792
s 1089
f 3267/89/1793 3266/88/149 3265/453/830
s 1090
g 左薬指１
f 3270/142/1794 3269/132/211 3268/135/1795
s 1091
f 3273/135/219 3272/143/1796 3271/142/1794
s 1092
f 3276/140/234 3275/141/1797 3274/129/212
s 1093
f 3279/129/212 3278/128/211 3277/140/1798
s 1094
f 3282/153/246 3281/152/245 3280/154/256
s 1095
f 3285/154/1799 3284/157/260 3283/153/1800
s 1096
f 3288/139/1801 3287/153/1802 3286/157/1397
s 1097
f 3291/157/1803 3290/703/1396 3289/139/228
s 1098
f 3294/143/1804 3293/135/229 3292/139/228
s 1099
f 3297/139/1801 3296/703/1396 3295/143/1805
s 1100
g 左小指１
f 3300/179/1806 3299/164/271 3298/167/275
s 1101
f 3303/167/1807 3302/178/1742 3301/179/1808
s 1102
f 3306/176/1809 3305/177/1810 3304/171/281
s 1103
f 3309/171/1811 3308/170/271 3307/176/295
s 1104
f 3312/281/489 3311/187/1812 3310/186/307
s 1105
f 3315/186/307 3314/282/490 3313/281/489
s 1106
f 3318/187/308 3317/281/1813 3316/704/1408
s 1107
f 3321/704/1743 3320/175/317 3319/187/1812
s 1108
f 3324/178/293 3323/167/275 3322/175/287
s 1109
f 3327/175/1814 3326/704/1744 3325/178/293
s 1110
g 左人指１
f 3330/397/687 3329/396/686 3328/406/699
s 1111
f 3333/406/699 3332/408/701 3331/397/687
s 1112
f 3336/357/1815 3335/693/639 3334/692/1343
s 1113
f 3339/692/1816 3338/358/631 3337/357/634
s 1114
f 3342/692/1340 3341/691/1338 3340/391/1817
s 1115
f 3345/391/678 3344/358/631 3343/692/1340
s 1116
f 3348/691/1339 3347/406/1818 3346/396/686
s 1117
f 3351/396/734 3350/391/1819 3349/691/1338
s 1118
g 左小指１
f 3354/191/1820 3353/190/314 3352/284/1821
s 1119
g 左人指１
f 3357/365/641 3356/364/1822 3355/359/1823
s 1120
f 3360/359/634 3359/115/189 3358/365/1824
s 1121
f 3363/119/1825 3362/755/687 3361/417/717
s 1122
f 3366/417/717 3365/120/198 3364/119/1826
s 1123
g 左薬指１
f 3369/147/251 3368/160/264 3367/159/1799
s 1124
f 3372/159/1827 3371/148/241 3370/147/251
s 1125
g 左親指１
f 3375/208/532 3374/202/576 3373/314/530
s 1126
g 左親指０
f 3378/200/1280 3377/202/1828 3376/208/532
s 1127
f 3381/210/1829 3380/706/1830 3379/211/351
s 1128
g 左親指１
f 3384/212/540 3383/211/1831 3382/321/1832
s 1129
g 左親指２
f 3387/343/591 3386/747/1674 3385/748/1676
s 1130
f 3390/748/1677 3389/339/1833 3388/343/591
s 1131
f 3393/343/1834 3392/344/596 3391/745/1673
s 1132
f 3396/745/1673 3395/747/1674 3394/343/1834
s 1133
f 3399/344/1835 3398/292/1836 3397/296/1672
s 1134
f 3402/296/1672 3401/745/1837 3400/344/1835
s 1135
f 3405/292/1838 3404/291/1839 3403/293/509
s 1136
f 3408/293/1840 3407/296/508 3406/292/1841
s 1137
f 3411/300/1842 3410/302/1843 3409/293/1844
s 1138
f 3414/293/509 3413/291/515 3412/300/1842
s 1139
f 3417/302/569 3416/300/514 3415/323/1845
s 1140
f 3420/323/549 3419/333/565 3418/302/569
s 1141
f 3423/323/1846 3422/322/1847 3421/340/586
s 1142
f 3426/340/586 3425/333/1848 3424/323/544
s 1143
f 3429/749/586 3428/324/543 3427/339/1849
s 1144
f 3432/339/592 3431/748/1677 3430/749/1850
s 1145
g 左親指０
f 3435/201/427 3434/204/339 3433/203/338
s 1146
f 3438/204/339 3437/210/345 3436/212/540
s 1147
g 左親指１
f 3441/202/337 3440/201/1851 3439/203/1329
s 1148
f 3444/297/510 3443/337/1669 3442/292/511
s 1149
f 3447/701/1376 3446/312/527 3445/297/1381
s 1150
f 3450/325/1667 3449/312/555 3448/701/1852
s 1151
f 3453/325/1853 3452/324/546 3451/335/542
s 1152
f 3456/290/1327 3455/292/1854 3454/337/1328
s 1153
f 3459/299/550 3458/291/515 3457/290/572
s 1154
f 3462/323/1845 3461/299/550 3460/320/539
s 1155
f 3465/322/543 3464/320/539 3463/319/542
s 1156
g 左人指１
f 3468/699/1366 3467/407/1341 3466/690/1855
s 1157
f 3471/699/1368 3470/690/1856 3469/361/1336
s 1158
f 3474/433/762 3473/366/655 3472/377/763
s 1159
f 3477/418/718 3476/377/658 3475/401/768
s 1160
f 3480/366/1857 3479/434/1679 3478/363/638
s 1161
f 3483/360/1858 3482/362/638 3481/715/1859
s 1162
g 左人指２
f 3486/401/692 3485/403/694 3484/418/1684
s 1163
g 左人指１
f 3489/398/689 3488/400/691 3487/407/700
s 1164
g 左人指２
f 3492/409/1860 3491/431/756 3490/420/746
s 1165
f 3495/380/663 3494/369/648 3493/379/661
s 1166
f 3498/420/746 3497/379/1861 3496/409/1860
s 1167
f 3501/371/741 3500/369/1862 3499/380/1863
s 1168
f 3504/437/771 3503/374/646 3502/441/741
s 1169
f 3507/438/774 3506/375/674 3505/437/1522
s 1170
f 3510/416/1864 3509/438/1527 3508/439/1865
s 1171
f 3513/439/776 3512/413/706 3511/416/712
s 1172
g 左中指１
f 3516/527/1866 3515/448/814 3514/447/1867
s 1173
f 3519/493/904 3518/527/1547 3517/484/1868
s 1174
f 3522/447/813 3521/449/815 3520/697/1869
s 1175
f 3525/450/820 3524/526/934 3523/451/817
s 1176
f 3528/520/1870 3527/450/834 3526/465/833
s 1177
f 3531/465/833 3530/486/1346 3529/506/886
s 1178
g 左中指２
f 3534/486/864 3533/488/1871 3532/506/886
s 1179
g 左中指１
f 3537/483/1872 3536/493/871 3535/484/1549
s 1180
g 左中指２
f 3540/478/851 3539/462/1873 3538/461/1874
s 1181
f 3543/510/901 3542/478/903 3541/505/1875
s 1182
f 3546/461/827 3545/463/829 3544/460/821
s 1183
f 3549/454/821 3548/456/1704 3547/468/837
s 1184
f 3552/466/1699 3551/468/837 3550/456/1704
s 1185
f 3555/501/888 3554/466/1699 3553/502/1876
s 1186
f 3558/502/882 3557/498/881 3556/501/1877
s 1187
f 3561/504/884 3560/510/1695 3559/505/1875
s 1188
g 左薬指１
f 3564/534/1878 3563/536/973 3562/550/983
s 1189
f 3567/569/1879 3566/535/1020 3565/534/1583
s 1190
f 3570/580/1036 3569/569/1065 3568/575/1880
s 1191
f 3573/574/1027 3572/580/1036 3571/575/1592
s 1192
g 左薬指２
f 3576/577/1881 3575/579/1032 3574/586/1043
s 1193
g 左薬指１
f 3579/540/996 3578/537/975 3577/553/1882
s 1194
f 3582/553/995 3581/577/1034 3580/586/1883
s 1195
f 3585/537/976 3584/539/979 3583/538/1884
s 1196
g 左薬指２
f 3588/546/1011 3587/548/1885 3586/607/984
s 1197
f 3591/735/1886 3590/565/1012 3589/546/1011
s 1198
f 3594/583/1060 3593/565/1059 3592/735/1887
s 1199
f 3597/581/1038 3596/583/1060 3595/605/1100
s 1200
f 3600/750/1709 3599/602/1089 3598/590/1888
s 1201
g 左薬指３
f 3603/556/1000 3602/591/1076 3601/557/1001
s 1202
g 左薬指２
f 3606/543/984 3605/545/1889 3604/557/1890
s 1203
f 3609/590/1049 3608/556/1000 3607/750/1707
s 1204
g 左小指１
f 3612/185/1891 3611/184/305 3610/639/1633
s 1205
f 3615/184/319 3614/174/1371 3613/639/1892
s 1206
f 3618/613/1623 3617/174/286 3616/166/285
s 1207
f 3621/613/1134 3620/165/272 3619/667/1640
s 1208
f 3624/669/1225 3623/168/1237 3622/623/1893
s 1209
f 3627/623/1894 3626/168/1237 3625/173/283
s 1210
f 3630/173/316 3629/189/315 3628/642/1182
s 1211
f 3633/641/1167 3632/189/310 3631/188/306
s 1212
g 左小指２
f 3636/624/1730 3635/626/1895 3634/616/1731
s 1213
f 3639/654/1212 3638/624/1896 3637/646/1727
s 1214
f 3642/614/1204 3641/616/1137 3640/626/1205
s 1215
f 3645/617/1138 3644/619/1140 3643/677/1204
s 1216
f 3648/742/1647 3647/634/1897 3646/617/1898
s 1217
f 3651/645/1652 3650/634/1191 3649/742/1899
s 1218
f 3654/643/1171 3653/645/1173 3652/675/1176
s 1219
g 左小指３
f 3657/646/1727 3656/648/1176 3655/654/1183
s 1907
g 左薬指２
f 5721/750/1709 5720/751/1038 5719/602/1089
s 1220
g 左腕捩
g 肌.002_Material.002
usemtl Material.002
f 3660/756/1900 3659/757/1901 3658/758/1902
s 1221
f 3663/758/1902 3662/759/1903 3661/756/1900
s 1222
f 3666/760/1904 3665/761/1905 3664/758/1906
s 1223
f 3669/758/1906 3668/757/1907 3667/760/1908
s 1224
f 3672/762/1909 3671/763/1910 3670/764/1911
s 1225
f 3675/764/1911 3674/765/1912 3673/762/1909
s 1226
f 3678/766/1913 3677/767/1914 3676/763/1915
s 1227
f 3681/763/1915 3680/762/1916 3679/766/1913
s 1228
f 3684/768/1917 3683/769/1918 3682/770/1919
s 1229
f 3687/770/1920 3686/771/1921 3685/768/1922
s 1230
f 3690/770/1923 3689/769/1924 3688/772/1925
s 1231
f 3693/772/1925 3692/773/1926 3691/770/1923
s 1232
f 3696/765/1927 3695/764/1928 3694/768/1929
s 1233
f 3699/768/1929 3698/771/1930 3697/765/1927
s 1234
f 3702/767/1931 3701/766/1913 3700/774/1932
s 1235
f 3705/774/1932 3704/775/1933 3703/767/1934
s 1236
f 3708/776/1935 3707/777/1936 3706/778/1937
s 1237
f 3711/778/1937 3710/779/1938 3709/776/1935
s 1238
f 3714/778/1939 3713/756/1900 3712/759/1940
s 1239
f 3717/759/1940 3716/779/1941 3715/778/1939
s 1240
f 3720/775/1942 3719/774/1943 3718/777/1944
s 1241
f 3723/777/1944 3722/776/1945 3721/775/1942
s 1
g 左流苏_1_1
g 肌.002_Материал.017
usemtl Материал.017
f 3/1/1 2/2/2 1/3/3
s 2
f 6/1/1 5/4/4 4/2/2
s 3
g 左袖_13_1
f 9/5/5 8/6/6 7/7/7
s 1242
g 左袖_9_1
f 3726/780/1946 3725/781/1947 3724/782/1948
s 1243
g 左袖_11_1
f 3729/783/1949 3728/782/1950 3727/781/1947
s 1244
g 左袖_8_1
f 3732/784/1951 3731/785/1952 3730/782/1948
s 1245
f 3735/780/1953 3734/782/1948 3733/785/1954
s 1246
f 3738/786/1955 3737/787/1956 3736/785/1954
s 1247
f 3741/780/1957 3740/785/1954 3739/787/1956
s 1248
g 左ひじ
f 3744/788/1958 3743/789/1959 3742/790/1960
s 1249
g 左袖_3_1
f 3747/791/1961 3746/792/1962 3745/793/1963
s 1250
g 左袖_1_1
f 3750/792/1964 3749/791/1961 3748/789/1959
s 1251
f 3753/789/1959 3752/794/1965 3751/792/1964
s 1252
g 左袖_12_1
f 3756/795/1966 3755/796/1967 3754/797/1968
s 1253
f 3759/798/1969 3758/797/1970 3757/796/1967
s 1254
g 左袖_13_1
f 3762/799/1971 3761/800/1972 3760/801/1973
s 1255
f 3765/802/1974 3764/801/1975 3763/800/1976
s 1256
g 左袖_12_1
f 3768/803/1977 3767/795/1978 3766/804/1979
s 1257
f 3771/797/1980 3770/804/1979 3769/795/1981
s 1258
g 左袖_13_1
f 3774/803/1982 3773/804/1983 3772/805/1984
s 1259
f 3777/806/1985 3776/805/1984 3775/804/1986
s 1260
f 3780/805/1987 3779/806/1988 3778/799/1989
s 1261
f 3783/800/1990 3782/799/1989 3781/806/1988
s 1262
g 左袖_12_1
f 3786/807/1991 3785/798/1992 3784/808/1993
s 1263
f 3789/796/1994 3788/808/1995 3787/798/1992
s 1264
g 左袖_13_1
f 3792/809/1996 3791/801/1997 3790/802/1998
s 1265
g 左袖_12_1
f 3795/810/1999 3794/811/2000 3793/812/2001
s 1266
f 3798/807/2002 3797/812/2001 3796/811/2003
s 1267
g 左袖_13_1
f 3801/802/2004 3800/813/2005 3799/809/2006
s 1268
f 3804/814/2007 3803/809/1996 3802/813/2008
s 1269
g 左袖_12_1
f 3807/815/2009 3806/798/2010 3805/811/2011
s 1270
f 3810/797/2012 3809/798/2013 3808/816/2014
s 1271
f 3813/815/2015 3812/816/2016 3811/798/2017
s 1272
f 3816/804/2018 3815/797/2019 3814/817/2020
s 1273
f 3819/816/2021 3818/817/2020 3817/797/2022
s 1274
g 左袖_13_1
f 3822/804/2023 3821/817/2024 3820/806/2025
s 1275
f 3825/818/2026 3824/806/2025 3823/817/2020
s 1276
f 3828/819/2027 3827/800/2028 3826/806/2029
s 1277
f 3831/800/2030 3830/819/2031 3829/802/2032
s 1278
f 3834/820/2033 3833/802/2032 3832/819/2031
s 1279
f 3837/821/2034 3836/813/2035 3835/820/2036
s 1280
f 3840/802/2037 3839/820/2038 3838/813/2039
s 1281
g 左袖_12_1
f 3843/822/2040 3842/807/1991 3841/808/2041
s 1282
f 3846/823/2042 3845/812/2043 3844/822/2040
s 1283
f 3849/807/1991 3848/822/2040 3847/812/2043
s 1284
g 左袖_13_1
f 3852/819/2027 3851/806/2029 3850/818/2044
s 1285
g 左袖_12_1
f 3855/811/2045 3854/798/2046 3853/807/2002
s 1286
f 3858/824/2047 3857/825/2048 3856/826/2049
s 1287
f 3861/827/2050 3860/826/2049 3859/825/2048
s 1288
f 3864/828/2051 3863/7/2052 3862/6/2053
s 1289
g 左袖_13_1
f 3867/829/2054 3866/830/2055 3865/831/2056
s 1290
f 3870/832/2057 3869/831/2056 3868/830/2055
s 1291
g 左袖_12_1
f 3873/826/2049 3872/827/2058 3871/833/2059
s 1292
f 3876/834/2060 3875/833/2059 3874/827/2061
s 1293
g 左袖_13_1
f 3879/835/2062 3878/833/2059 3877/836/2063
s 1294
f 3882/834/2060 3881/836/2064 3880/833/2065
s 1295
f 3885/830/2055 3884/835/2066 3883/832/2057
s 1296
f 3888/836/2064 3887/832/2057 3886/835/2066
s 1297
g 左袖_12_1
f 3891/828/2067 3890/837/2068 3889/824/2069
s 1298
f 3894/825/2048 3893/824/2070 3892/837/2068
s 1299
g 左袖_13_1
f 3897/829/2071 3896/831/2072 3895/838/2073
s 1300
g 左袖_12_1
f 3900/837/2068 3899/828/2067 3898/6/2074
s 1301
g 左袖_13_1
f 3903/839/2075 3902/829/2071 3901/838/2073
s 1302
g 左袖_12_1
f 3906/5/2076 3905/6/2053 3904/7/2052
s 1303
g 左袖_13_1
f 3909/840/2077 3908/839/2075 3907/838/2073
s 1304
g 左袖_12_1
f 3912/841/2078 3911/842/2079 3910/843/2080
s 1305
f 3915/843/2080 3914/842/2081 3913/844/2082
s 1306
g 左袖_13_1
f 3918/844/2083 3917/842/2081 3916/845/2084
s 1307
f 3921/845/2084 3920/842/2085 3919/846/2086
s 1308
f 3924/846/2087 3923/842/2081 3922/847/2088
s 1309
f 3927/847/2088 3926/842/2081 3925/848/2089
s 1310
f 3930/848/2089 3929/842/2081 3928/849/2090
s 1311
g 左袖_12_1
f 3933/849/2090 3932/842/2091 3931/841/2078
s 1312
f 3936/850/2092 3935/851/2093 3934/852/2094
s 1313
f 3939/853/2095 3938/852/2094 3937/851/2096
s 1314
f 3942/854/2097 3941/850/2098 3940/855/2099
s 1315
f 3945/852/2100 3944/855/2099 3943/850/2098
s 1316
g 左袖_13_1
f 3948/856/2101 3947/854/2102 3946/857/2103
s 1317
g 左袖_12_1
f 3951/855/2104 3950/857/2103 3949/854/2102
s 1318
g 左袖_13_1
f 3954/858/2105 3953/856/2106 3952/859/2107
s 1319
f 3957/857/2103 3956/859/2108 3955/856/2101
s 1320
f 3960/860/2109 3959/858/2110 3958/861/2111
s 1321
f 3963/859/2112 3962/861/2113 3961/858/2110
s 1322
f 3966/862/2114 3965/860/2115 3964/863/2116
s 1323
f 3969/861/2117 3968/863/2116 3967/860/2118
s 1324
f 3972/864/2119 3971/862/2120 3970/865/2121
s 1325
f 3975/863/2122 3974/865/2123 3973/862/2124
s 1326
g 左袖_12_1
f 3978/851/2125 3977/864/2126 3976/853/2127
s 1327
f 3981/865/2128 3980/853/2127 3979/864/2129
s 1328
f 3984/866/2130 3983/851/2096 3982/850/2131
s 1329
f 3987/866/2132 3986/850/2092 3985/854/2133
s 1330
g 左袖_13_1
f 3990/866/2130 3989/854/2134 3988/856/2135
s 1331
f 3993/866/2130 3992/856/2136 3991/858/2105
s 1332
f 3996/866/2130 3995/858/2105 3994/860/2137
s 1333
f 3999/866/2130 3998/860/2137 3997/862/2114
s 1334
f 4002/866/2130 4001/862/2124 4000/864/2119
s 1335
f 4005/866/2130 4004/864/2129 4003/851/2125
s 1336
f 4008/867/2138 4007/868/2139 4006/869/2140
s 1337
f 4011/868/2141 4010/870/2142 4009/869/2141
s 1338
f 4014/871/2143 4013/872/2144 4012/867/2145
s 1339
f 4017/868/2146 4016/867/2147 4015/872/2144
s 1340
f 4020/871/2148 4019/873/2149 4018/870/2150
s 1341
f 4023/869/2151 4022/870/2152 4021/873/2153
s 1342
f 4026/868/2146 4025/872/2144 4024/870/2154
s 1343
f 4029/871/2155 4028/870/2156 4027/872/2144
s 1344
f 4032/874/2157 4031/875/2157 4030/876/2158
s 1345
f 4035/874/2159 4034/877/2160 4033/875/2161
s 1346
f 4038/871/2162 4037/867/2163 4036/873/2164
s 1347
f 4041/869/2165 4040/873/2166 4039/867/2163
s 1348
f 4044/878/2167 4043/879/2168 4042/880/2169
s 1349
g 左袖_14_1
f 4047/878/2167 4046/880/2169 4045/881/2170
s 1350
f 4050/880/2171 4049/878/2172 4048/881/2173
s 1351
g 左袖_13_1
f 4053/879/2174 4052/878/2172 4051/880/2171
s 1352
f 4056/879/2168 4055/882/2175 4054/880/2169
s 1353
f 4059/883/2176 4058/880/2169 4057/882/2175
s 1354
f 4062/879/2174 4061/880/2171 4060/882/2177
s 1355
f 4065/883/2178 4064/882/2179 4063/880/2171
s 1356
f 4068/880/2180 4067/879/2181 4066/878/2182
s 1357
g 左袖_14_1
f 4071/881/2183 4070/880/2180 4069/878/2184
s 1358
f 4074/881/2185 4073/878/2186 4072/880/2187
s 1359
f 4077/880/2187 4076/878/2186 4075/879/2188
s 1360
g 左袖_13_1
f 4080/883/2189 4079/882/2190 4078/880/2191
s 1361
f 4083/879/2192 4082/880/2193 4081/882/2194
s 1362
f 4086/879/2188 4085/882/2195 4084/880/2187
s 1363
g 左袖_14_1
f 4089/883/2196 4088/880/2187 4087/882/2197
s 1364
g 左袖_13_1
f 4092/884/2198 4091/885/2199 4090/878/2200
s 1365
f 4095/879/2201 4094/878/2202 4093/885/2203
s 1366
g 左袖_14_1
f 4098/886/2204 4097/884/2204 4096/881/2204
s 1367
f 4101/878/2204 4100/881/2204 4099/884/2204
s 1368
g 左袖_13_1
f 4104/885/2205 4103/884/2206 4102/879/2207
s 1369
g 左袖_14_1
f 4107/878/2208 4106/879/2209 4105/884/2206
s 1370
f 4110/884/2210 4109/886/2210 4108/878/2210
s 1371
f 4113/881/2211 4112/878/2211 4111/886/2211
s 1372
f 4116/886/2212 4115/887/2212 4114/881/2212
s 1373
f 4119/880/2213 4118/881/2213 4117/887/2213
s 1374
f 4122/887/2214 4121/886/2214 4120/880/2214
s 1375
f 4125/881/2215 4124/880/2215 4123/886/2215
s 1376
f 4128/888/2216 4127/887/2216 4126/883/2216
s 1377
f 4131/880/2216 4130/883/2216 4129/887/2216
s 1378
f 4134/887/2217 4133/888/2217 4132/880/2217
s 1379
f 4137/883/2217 4136/880/2217 4135/888/2217
s 1380
g 左流苏_1_1
f 4140/889/2218 4139/890/2219 4138/891/2220
s 1381
f 4143/892/2221 4142/893/2222 4141/894/2223
s 1382
f 4146/895/2224 4145/894/2223 4144/893/2225
s 1383
f 4149/896/2226 4148/897/2227 4147/892/2221
s 1384
f 4152/893/2228 4151/892/2229 4150/897/2227
s 1385
f 4155/898/2230 4154/897/2231 4153/899/2232
s 1386
f 4158/896/2233 4157/899/2232 4156/897/2231
s 1387
f 4161/900/2234 4160/898/2235 4159/901/2236
s 1388
f 4164/899/2232 4163/901/2236 4162/898/2237
s 1389
f 4167/902/2238 4166/903/2239 4165/3/2240
s 1390
f 4170/904/2241 4169/3/2242 4168/903/2239
s 1391
f 4173/905/2243 4172/906/2244 4171/903/2245
s 1392
f 4176/904/2246 4175/903/2247 4174/906/2244
s 1393
f 4179/890/2248 4178/906/2249 4177/907/2250
s 1394
f 4182/905/2251 4181/907/2252 4180/906/2249
s 1395
g 左袖_14_1
f 4185/908/2253 4184/909/2254 4183/889/2224
s 1396
g 左流苏_0_1
f 4188/890/2255 4187/889/2224 4186/909/2254
s 1397
f 4191/893/2222 4190/910/2256 4189/895/2224
s 1398
g 左袖_14_1
f 4194/911/2257 4193/895/2258 4192/910/2256
s 1399
g 左流苏_0_1
f 4197/897/2227 4196/912/2259 4195/893/2228
s 1400
g 左袖_14_1
f 4200/910/2260 4199/893/2228 4198/912/2261
s 1401
f 4203/913/2262 4202/912/2263 4201/898/2230
s 1402
g 左流苏_0_1
f 4206/897/2231 4205/898/2230 4204/912/2263
s 1403
g 左袖_14_1
f 4209/914/2264 4208/913/2265 4207/900/2234
s 1404
g 左流苏_0_1
f 4212/898/2237 4211/900/2234 4210/913/2266
s 1405
f 4215/904/2241 4214/915/2267 4213/900/2268
s 1406
g 左袖_14_1
f 4218/914/2264 4217/900/2268 4216/915/2267
s 1407
g 左流苏_0_1
f 4221/906/2244 4220/916/2269 4219/904/2246
s 1408
g 左袖_14_1
f 4224/915/2270 4223/904/2246 4222/916/2269
s 1409
f 4227/909/2271 4226/916/2272 4225/890/2248
s 1410
g 左流苏_0_1
f 4230/906/2249 4229/890/2273 4228/916/2272
s 1411
g 左袖_14_1
f 4233/917/2274 4232/918/2275 4231/908/2276
s 1412
f 4236/909/2277 4235/908/2257 4234/918/2278
s 1413
f 4239/910/2279 4238/919/2280 4237/911/2257
s 1414
f 4242/920/2281 4241/911/2257 4240/919/2282
s 1415
f 4245/912/2261 4244/921/2283 4243/910/2279
s 1416
f 4248/919/2284 4247/910/2279 4246/921/2285
s 1417
f 4251/922/2286 4250/921/2287 4249/913/2262
s 1418
f 4254/912/2288 4253/913/2262 4252/921/2289
s 1419
f 4257/923/2290 4256/922/2286 4255/914/2264
s 1420
f 4260/913/2266 4259/914/2291 4258/922/2292
s 1421
f 4263/915/2267 4262/924/2293 4261/914/2294
s 1422
f 4266/923/2295 4265/914/2264 4264/924/2296
s 1423
f 4269/916/2269 4268/925/2297 4267/915/2298
s 1424
f 4272/924/2299 4271/915/2298 4270/925/2297
s 1425
f 4275/918/2300 4274/925/2301 4273/909/2271
s 1426
f 4278/916/2302 4277/909/2271 4276/925/2303
s 1427
f 4281/926/2304 4280/918/2278 4279/917/2305
s 1428
f 4284/926/2306 4283/920/2307 4282/919/2282
s 1429
f 4287/926/2308 4286/919/2284 4285/921/2285
s 1430
f 4290/926/2309 4289/921/2310 4288/922/2311
s 1431
f 4293/926/2312 4292/922/2313 4291/923/2290
s 1432
g 左袖_13_1
f 4296/926/2312 4295/923/2295 4294/924/2293
s 1433
f 4299/926/2314 4298/924/2299 4297/925/2315
s 1434
f 4302/926/2306 4301/925/2316 4300/918/2317
s 1435
g 左流苏_1_1
f 4305/927/2318 4304/3/2240 4303/901/2319
s 1436
f 4308/900/2268 4307/901/2319 4306/3/2240
s 1437
f 4311/904/2320 4310/900/2268 4309/3/2240
s 1438
f 4314/928/2321 4313/894/2322 4312/929/2220
s 1439
f 4317/895/2323 4316/929/2220 4315/894/2322
s 1440
f 4320/930/2324 4319/891/2220 4318/907/2325
s 1441
f 4323/890/2255 4322/907/2325 4321/891/2220
s 1442
f 4326/931/2326 4325/932/2327 4324/933/2328
s 1443
f 4329/934/2329 4328/935/2330 4327/936/2331
s 1444
f 4332/934/2332 4331/937/2333 4330/935/2330
s 1445
f 4335/934/2334 4334/938/2335 4333/937/2333
s 1446
f 4338/934/2334 4337/939/2336 4336/938/2337
s 1447
f 4341/932/2338 4340/940/2339 4339/941/2340
s 1448
f 4344/932/2338 4343/942/2341 4342/940/2342
s 1449
f 4347/932/2338 4346/931/2343 4345/942/2344
s 1450
f 4350/939/2345 4349/934/2334 4348/943/2346
s 1451
f 4353/934/2347 4352/936/2348 4351/944/2349
s 1452
f 4356/902/2350 4355/3/2351 4354/2/2
s 1453
f 4359/927/2352 4358/945/2353 4357/3/2354
s 1454
f 4362/946/2355 4361/3/2354 4360/945/2356
s 1455
f 4365/947/2357 4364/948/2358 4363/945/2353
s 1456
f 4368/946/2359 4367/945/2353 4366/948/2358
s 1457
f 4371/949/2360 4370/2/2361 4369/4/4
s 1458
g 左袖_11_1
f 4374/950/2362 4373/951/2363 4372/952/2364
s 1459
g 左袖_12_1
f 4377/953/2365 4376/952/2366 4375/954/2367
s 1460
f 4380/955/2368 4379/954/2369 4378/952/2370
s 1461
g 左袖_11_1
f 4383/951/2371 4382/950/2372 4381/956/2373
s 1462
f 4386/957/2374 4385/956/2375 4384/950/2372
s 1463
f 4389/957/2376 4388/950/2377 4387/951/2378
s 1464
f 4392/950/2379 4391/955/2380 4390/952/2381
s 1465
g 左袖_12_1
f 4395/953/2382 4394/954/2383 4393/952/2384
s 1466
f 4398/955/2385 4397/952/2364 4396/954/2383
s 1467
f 4401/953/2365 4400/954/2386 4399/958/2387
s 1468
f 4404/959/2388 4403/960/2389 4402/961/2390
s 1469
f 4407/953/2391 4406/961/2392 4405/960/2393
s 1470
f 4410/962/2394 4409/960/2395 4408/958/2396
s 1471
f 4413/953/2397 4412/958/2398 4411/960/2395
s 1472
g 左袖_13_1
f 4416/962/2394 4415/963/2399 4414/960/2395
s 1473
f 4419/964/2400 4418/960/2401 4417/963/2399
s 1474
f 4422/965/2402 4421/966/2403 4420/967/2404
s 1475
g 左袖_14_1
f 4425/968/2405 4424/967/2406 4423/966/2407
s 1476
g 左袖_13_1
f 4428/967/2408 4427/968/2409 4426/965/2410
s 1477
f 4431/966/2411 4430/965/2410 4429/968/2409
s 1478
f 4434/964/2412 4433/963/2413 4432/960/2414
s 1479
f 4437/962/2415 4436/960/2414 4435/963/2413
s 1480
f 4440/967/2416 4439/965/2410 4438/963/2417
s 1481
f 4443/964/2418 4442/963/2399 4441/965/2419
s 1482
f 4446/964/2420 4445/965/2421 4444/963/2422
s 1483
f 4449/967/2423 4448/963/2422 4447/965/2421
s 1484
g 左袖_12_1
f 4452/969/2424 4451/961/2425 4450/952/2426
s 1485
f 4455/953/2427 4454/952/2428 4453/961/2425
s 1486
g 左袖_11_1
f 4458/951/2429 4457/969/2430 4456/952/2431
s 1487
f 4461/951/2432 4460/956/2433 4459/970/2434
s 1488
f 4464/971/2435 4463/970/2436 4462/956/2433
s 1489
f 4467/956/2437 4466/970/2438 4465/971/2439
s 1490
g 左袖_12_1
f 4470/951/2440 4469/969/2441 4468/970/2442
s 1491
f 4473/961/2443 4472/969/2444 4471/953/2445
s 1492
f 4476/952/2446 4475/953/2445 4474/969/2447
s 1493
g 左袖_13_1
f 4479/964/2448 4478/972/2449 4477/960/2450
s 1494
g 左袖_12_1
f 4482/959/2451 4481/960/2452 4480/972/2449
s 1495
g 左袖_13_1
f 4485/965/2453 4484/973/2454 4483/964/2448
s 1496
f 4488/972/2455 4487/964/2456 4486/973/2454
s 1497
f 4491/966/2457 4490/974/2458 4489/965/2459
s 1498
f 4494/973/2454 4493/965/2453 4492/974/2458
s 1499
f 4497/973/2460 4496/974/2461 4495/965/2462
s 1500
g 左袖_14_1
f 4500/966/2463 4499/965/2464 4498/974/2465
s 1501
g 左袖_13_1
f 4503/972/2466 4502/973/2467 4501/964/2468
s 1502
f 4506/965/2464 4505/964/2468 4504/973/2460
s 1503
g 左袖_12_1
f 4509/959/2469 4508/972/2466 4507/960/2470
s 1504
g 左袖_13_1
f 4512/964/2471 4511/960/2393 4510/972/2466
s 1505
g 左袖_12_1
f 4515/960/2472 4514/959/2473 4513/953/2474
s 1506
f 4518/961/2475 4517/953/2476 4516/959/2477
s 1507
f 4521/954/2383 4520/953/2382 4519/958/2478
s 1508
f 4524/953/2479 4523/960/2480 4522/958/2481
s 1509
f 4527/962/2482 4526/958/2483 4525/960/2414
s 1510
g 左袖_11_1
f 4530/951/2429 4529/970/2484 4528/969/2430
s 1511
f 4533/950/2362 4532/952/2364 4531/955/2385
s 1512
f 4536/950/2379 4535/952/2381 4534/951/2485
s 1513
f 4539/957/2376 4538/951/2485 4537/956/2486
s 1514
f 4542/956/2437 4541/951/2487 4540/970/2488
s 1515
g 左袖_12_1
f 4545/951/2489 4544/952/2490 4543/969/2444
s 1516
g 左袖_11_1
f 4548/975/2491 4547/976/2492 4546/977/2493
s 1517
f 4551/978/2494 4550/977/2495 4549/976/2492
s 1518
g 左袖_12_1
f 4554/979/2496 4553/980/2497 4552/981/2498
s 1519
f 4557/982/2499 4556/983/2500 4555/984/2501
s 1520
f 4560/985/2502 4559/984/2501 4558/983/2503
s 1521
g 左袖_11_1
f 4563/975/2491 4562/977/2493 4561/986/2504
s 1522
f 4566/987/2505 4565/986/2504 4564/977/2495
s 1523
f 4569/987/2506 4568/988/2507 4567/986/2504
s 1524
f 4572/989/2508 4571/986/2504 4570/988/2509
s 1525
f 4575/989/2508 4574/988/2507 4573/982/2499
s 1526
g 左袖_12_1
f 4578/983/2500 4577/982/2499 4576/988/2507
s 1527
f 4581/981/2498 4580/978/2510 4579/990/2511
s 1528
f 4584/976/2492 4583/990/2511 4582/978/2510
s 1529
f 4587/991/2512 4586/984/2513 4585/985/2514
s 1530
f 4590/992/2515 4589/980/2516 4588/979/2517
s 1531
f 4593/991/2512 4592/993/2518 4591/994/2519
s 1532
f 4596/979/2496 4595/981/2498 4594/990/2511
s 1533
f 4599/991/2520 4598/985/2521 4597/993/2522
s 1534
g 左袖_13_1
f 4602/995/2523 4601/996/2523 4600/997/2523
s 1535
f 4605/995/2524 4604/998/2525 4603/996/2526
s 1536
f 4608/999/2527 4607/996/2526 4606/998/2528
s 1537
f 4611/998/2529 4610/1000/2530 4609/999/2531
s 1538
f 4614/1001/2532 4613/999/2533 4612/1000/2530
s 1539
f 4617/1001/2534 4616/1000/2530 4615/993/2535
s 1540
f 4620/994/2519 4619/993/2518 4618/1000/2536
s 1541
f 4623/992/2515 4622/1002/2537 4621/980/2516
s 1542
f 4626/1003/2538 4625/980/2539 4624/1002/2537
s 1543
f 4629/1003/2538 4628/1002/2537 4627/1004/2540
s 1544
f 4632/1005/2541 4631/1004/2540 4630/1002/2542
s 1545
f 4635/1004/2540 4634/1005/2541 4633/1006/2543
s 1546
g 左袖_14_1
f 4638/1007/2544 4637/1006/2543 4636/1005/2545
s 1547
f 4641/1007/2546 4640/1008/2546 4639/1006/2546
s 1548
g 左袖_12_1
f 4644/795/2547 4643/1009/2548 4642/796/2549
s 1549
f 4647/798/2550 4646/796/2549 4645/1009/2551
s 1550
g 左袖_13_1
f 4650/802/2552 4649/800/2553 4648/801/2554
s 1551
f 4653/1010/2555 4652/801/2556 4651/800/2557
s 1552
f 4656/803/2558 4655/804/2559 4654/1009/2560
s 1553
f 4659/806/2561 4658/804/2562 4657/1011/2563
s 1554
f 4662/803/2564 4661/1011/2565 4660/804/2566
s 1555
f 4665/800/2567 4664/806/2568 4663/1010/2569
s 1556
f 4668/1011/2570 4667/1010/2569 4666/806/2568
s 1557
g 左袖_12_1
f 4671/807/2571 4670/796/2572 4669/798/2573
s 1558
g 左袖_13_1
f 4674/802/2574 4673/801/2575 4672/809/2576
s 1559
f 4677/810/2577 4676/812/2578 4675/811/2579
s 1560
g 左袖_12_1
f 4680/807/2580 4679/811/2581 4678/812/2578
s 1561
g 左袖_13_1
f 4683/802/2582 4682/809/2576 4681/813/2583
s 1562
f 4686/811/2584 4685/807/2580 4684/815/2585
s 1563
g 左袖_12_1
f 4689/798/2586 4688/815/2587 4687/807/2580
s 1564
g 左袖_13_1
f 4692/798/2588 4691/1009/2589 4690/815/2590
s 1565
f 4695/1009/2591 4694/804/2592 4693/816/2593
s 1566
f 4698/817/2594 4697/816/2593 4696/804/2595
s 1567
f 4701/817/2596 4700/804/2597 4699/818/2598
s 1568
f 4704/806/2599 4703/818/2600 4702/804/2601
s 1569
f 4707/819/2602 4706/818/2603 4705/800/2604
s 1570
f 4710/806/2599 4709/800/2604 4708/818/2603
s 1571
f 4713/800/2604 4712/820/2605 4711/819/2606
s 1572
f 4716/821/2607 4715/820/2608 4714/813/2609
s 1573
f 4719/802/2610 4718/813/2611 4717/820/2608
s 1574
g 左袖_12_1
f 4722/808/2612 4721/807/2571 4720/822/2613
s 1575
f 4725/807/2614 4724/812/2615 4723/822/2613
s 1576
f 4728/823/2616 4727/822/2617 4726/812/2618
s 1577
f 4731/808/2612 4730/796/2619 4729/807/2620
s 1578
g 左袖_13_1
f 4734/803/2564 4733/1009/2560 4732/795/2621
s 1579
f 4737/800/2604 4736/802/2622 4735/820/2605
s 1580
f 4740/815/2590 4739/1009/2589 4738/816/2623
s 1581
f 4743/836/2624 4742/832/2625 4741/835/2626
s 1582
f 4746/830/2627 4745/835/2626 4744/832/2625
s 1583
f 4749/838/2628 4748/839/2629 4747/829/2630
s 1584
f 4752/825/2631 4751/824/2632 4750/837/2633
s 1585
f 4755/828/2634 4754/837/2635 4753/824/2632
s 1586
f 4758/834/2636 4757/836/2624 4756/833/2637
s 1587
f 4761/835/2626 4760/833/2637 4759/836/2624
s 1588
f 4764/834/2636 4763/833/2637 4762/827/2638
s 1589
f 4767/826/2639 4766/827/2638 4765/833/2637
s 1590
f 4770/827/2638 4769/826/2640 4768/825/2631
s 1591
f 4773/824/2632 4772/825/2631 4771/826/2640
s 1592
g 左袖_12_1
f 4776/829/2641 4775/830/2627 4774/831/2642
s 1593
f 4779/832/2643 4778/831/2642 4777/830/2644
s 1594
g 左袖_13_1
f 4782/6/2645 4781/837/2646 4780/828/2634
s 1595
g 左袖_12_1
f 4785/838/2628 4784/829/2647 4783/831/2648
s 1596
g 左袖_13_1
f 4788/6/6 4787/828/2634 4786/7/7
s 1597
g 左袖_12_1
f 4791/840/2649 4790/839/2629 4789/838/2650
s 1598
g 左袖_14_1
f 4794/1012/2651 4793/783/2652 4792/1013/2653
s 1599
g 左袖_11_1
f 4797/781/2654 4796/1013/2655 4795/783/1949
s 1600
g 左袖_14_1
f 4800/1013/2656 4799/1014/2657 4798/1015/2658
s 1601
g 左袖_11_1
f 4803/1016/2659 4802/781/1947 4801/787/1956
s 1602
g 左袖_9_1
f 4806/780/1957 4805/787/1956 4804/781/1947
s 1603
g 左袖_13_1
f 4809/1013/2660 4808/781/2661 4807/1014/2662
s 1604
g 左袖_11_1
f 4812/1016/2659 4811/1014/2663 4810/781/1947
s 1605
g 左袖_14_1
f 4815/1012/2664 4814/1013/2665 4813/1015/2666
s 1606
g 左袖_7_1
f 4818/1017/2667 4817/1018/2668 4816/1019/2669
s 1607
g 左ひじ
f 4821/1020/2670 4820/1021/2671 4819/1022/2672
s 1608
f 4824/1022/2672 4823/1023/2673 4822/1024/2674
s 1609
f 4827/1023/2675 4826/1025/2676 4825/1026/2677
s 1610
f 4830/1027/2678 4829/1025/2679 4828/1028/2680
s 1611
f 4833/1025/2681 4832/1023/2682 4831/1029/2683
s 1612
f 4836/1023/2682 4835/1021/2684 4834/1030/2685
s 1613
f 4839/1031/2686 4838/1032/2687 4837/1033/2688
s 1614
f 4842/1034/2689 4841/1025/2690 4840/1035/2691
s 1615
g 左袖_1_1
f 4845/1036/2692 4844/1021/2684 4843/1037/2693
s 1616
g 左ひじ
f 4848/1032/2694 4847/1031/2695 4846/1038/2696
s 1617
g 左袖_6_1
f 4851/1018/2697 4850/1017/2698 4849/1039/2699
s 1618
g 左袖_2_1
f 4854/1040/2700 4853/1041/2701 4852/1042/2702
s 1619
g 左袖_5_1
f 4857/1043/2703 4856/1037/2704 4855/1017/2667
s 1620
g 左袖_3_1
f 4860/1041/2705 4859/1017/2706 4858/1037/2704
s 1621
g 左ひじ
f 4863/1044/2707 4862/1023/2675 4861/1026/2677
s 1622
g 左袖_2_1
f 4866/1041/2708 4865/1021/2671 4864/1042/2702
s 1623
f 4869/1020/2670 4868/1042/2709 4867/1021/2710
s 1624
g 左ひじ
f 4872/1023/2711 4871/1044/2712 4870/1024/2674
s 1625
f 4875/1045/2713 4874/1032/2714 4873/1038/2715
s 1626
f 4878/1032/2714 4877/1027/2716 4876/1033/2717
s 1627
f 4881/1025/2718 4880/1045/2719 4879/1035/2720
s 1628
f 4884/1025/2721 4883/1034/2722 4882/1026/2677
s 1629
f 4887/1032/2714 4886/1045/2713 4885/1025/2723
s 1630
f 4890/1021/2710 4889/1023/2711 4888/1022/2672
s 1631
f 4893/1023/2682 4892/1030/2685 4891/1029/2683
s 1632
f 4896/1032/2724 4895/1025/2725 4894/1027/2726
s 1633
f 4899/1025/2679 4898/1029/2727 4897/1028/2680
s 1634
f 4902/1021/2684 4901/1046/2728 4900/1030/2685
s 1635
g 左袖_4_1
f 4905/1041/2708 4904/1040/2729 4903/1017/2706
s 1636
g 左袖_7_1
f 4908/1047/1954 4907/1019/2669 4906/1018/2668
s 1637
f 4911/1047/2730 4910/1018/2668 4909/1039/2699
s 1638
g 左袖_5_1
f 4914/1043/2703 4913/1017/2667 4912/1019/2731
s 1639
g 左袖_4_1
f 4917/1017/2706 4916/1040/2700 4915/1039/2732
s 1640
g 左袖_3_1
f 4920/1037/2704 4919/1021/2684 4918/1041/2733
s 1641
g 左袖_2_1
f 4923/1048/2734 4922/1049/2735 4921/1050/2736
s 1642
g 左袖_1_1
f 4926/1051/2737 4925/1048/2738 4924/1052/2739
s 1643
g 左ひじ
f 4929/1051/2737 4928/1053/2740 4927/1054/2741
s 1644
f 4932/1055/2742 4931/1056/2743 4930/1057/2744
s 1645
f 4935/1058/2745 4934/1057/2744 4933/1056/2743
s 1646
f 4938/1057/2746 4937/1059/2747 4936/1055/2748
s 1647
f 4941/1060/2749 4940/1055/2748 4939/1059/2747
s 1648
f 4944/1061/2750 4943/1062/2751 4942/1059/2752
s 1649
f 4947/1060/2753 4946/1059/2752 4945/1062/2754
s 1650
g 左袖_11_1
f 4950/1063/2755 4949/1064/2756 4948/1065/2757
s 1651
f 4953/1063/2758 4952/1066/2759 4951/1064/2760
s 1652
g 左ひじ
f 4956/1060/2749 4955/1067/2761 4954/1055/2748
s 1653
f 4959/1068/2762 4958/1055/2742 4957/1067/2761
s 1654
g 左袖_10_1
f 4962/1069/2763 4961/1070/2764 4960/1071/2765
s 1655
g 左袖_12_1
f 4965/1072/2766 4964/1071/2767 4963/1070/2768
s 1656
g 左ひじ
f 4968/1073/2769 4967/1074/2770 4966/1075/2771
s 1657
f 4971/1076/2772 4970/1075/2773 4969/1074/2774
s 1658
g 左袖_0_1
f 4974/1077/2775 4973/1049/2735 4972/1078/2776
s 1659
g 左腕捩
f 4977/1079/2777 4976/1078/2776 4975/1049/2735
s 1660
f 4980/1057/2744 4979/1058/2745 4978/1080/1910
s 1661
f 4983/1081/1911 4982/1080/2778 4981/1058/2779
s 1662
f 4986/1059/2747 4985/1057/2746 4984/1082/1914
s 1663
f 4989/1080/2780 4988/1082/1914 4987/1057/2746
s 1664
f 4992/1061/2750 4991/1059/2781 4990/1083/1933
s 1665
f 4995/1082/1934 4994/1083/1933 4993/1059/2781
s 1666
g 左袖_0_1
f 4998/1049/2735 4997/1051/2737 4996/1079/2777
s 1667
g 左ひじ
f 5001/1054/2741 5000/1079/2782 4999/1051/2783
s 1668
g 左腕捩
f 5004/1081/1902 5003/1053/2784 5002/1080/1903
s 1669
f 5007/1084/2785 5006/1080/1903 5005/1053/2786
s 1670
f 5010/1078/2787 5009/1085/1929 5008/1081/2788
s 1671
f 5013/1086/2789 5012/1085/1917 5011/1079/2790
s 1672
f 5016/1078/2791 5015/1079/2790 5014/1085/1917
s 1673
f 5019/1086/2792 5018/1054/2741 5017/1085/1925
s 1674
f 5022/1054/2741 5021/1081/1906 5020/1085/1905
s 1675
g 左ひじ
f 5025/1062/2754 5024/1087/2793 5023/1060/2753
s 1676
f 5028/1067/2794 5027/1060/2795 5026/1087/2796
s 1677
f 5031/1088/2797 5030/1089/2798 5029/1076/2799
s 1678
f 5034/1090/2800 5033/1076/2801 5032/1089/2798
s 1679
f 5037/1091/2802 5036/1090/2803 5035/1092/2804
s 1680
f 5040/1089/2805 5039/1092/2804 5038/1090/2803
s 1681
g 左腕捩
f 5043/1093/2806 5042/1094/2807 5041/1095/1938
s 1682
f 5046/1082/1935 5045/1095/1938 5044/1094/2807
s 1683
g 左ひじ
f 5049/1096/2808 5048/1097/2809 5047/1093/2806
s 1684
f 5052/1094/2807 5051/1093/2806 5050/1097/2810
s 1685
f 5055/1074/2770 5054/1096/2811 5053/1076/2812
s 1686
f 5058/1088/2813 5057/1076/2814 5056/1096/2815
s 1687
f 5061/1098/2816 5060/1068/2762 5059/1099/2817
s 1688
f 5064/1067/2761 5063/1099/2817 5062/1068/2762
s 1689
f 5067/1099/2818 5066/1067/2794 5065/1100/2819
s 1690
f 5070/1087/2820 5069/1100/2821 5068/1067/2794
s 1691
g 左袖_10_1
f 5073/1101/2822 5072/1069/2763 5071/1066/2823
s 1692
g 左袖_12_1
f 5076/1071/2767 5075/1066/2823 5074/1069/2763
s 1693
f 5079/1102/2824 5078/1103/2825 5077/1104/2826
s 1694
g 左袖_13_1
f 5082/1105/2827 5081/1104/2828 5080/1103/2825
s 1695
g 左袖_12_1
f 5085/1071/2829 5084/1072/2830 5083/1106/2831
s 1696
g 左袖_13_1
f 5088/1107/2832 5087/1106/2831 5086/1072/2833
s 1697
g 左ひじ
f 5091/1088/2797 5090/1084/2785 5089/1053/2784
s 1698
f 5094/1097/2834 5093/1096/2808 5092/1108/2835
s 1699
f 5097/1074/2836 5096/1108/2835 5095/1096/2808
s 1700
f 5100/1108/2837 5099/1074/2836 5098/1109/2838
s 1701
f 5103/1073/2839 5102/1109/2838 5101/1074/2836
s 1702
g 左袖_2_1
f 5106/1110/2840 5105/1050/2736 5104/1111/2841
s 1703
g 左袖_0_1
f 5109/1077/2842 5108/1111/2841 5107/1050/2736
s 1704
g 左ひじ
f 5112/1089/2843 5111/1051/2844 5110/1092/2804
s 1705
f 5115/1089/2843 5114/1053/2740 5113/1051/2844
s 1706
g 左腕捩
f 5118/1095/1941 5117/1080/2845 5116/1093/2846
s 1707
f 5121/1084/2847 5120/1093/2848 5119/1080/2845
s 1708
g 左ひじ
f 5124/1093/2848 5123/1084/2847 5122/1096/2811
s 1709
f 5127/1088/2849 5126/1096/2811 5125/1084/2847
s 1710
g 左袖_0_1
f 5130/1111/2841 5129/1077/2850 5128/1058/2851
s 1711
g 左ひじ
f 5133/1078/2791 5132/1058/2779 5131/1077/2850
s 1712
f 5136/1058/2745 5135/1056/2743 5134/1111/2852
s 1713
g 左袖_10_1
f 5139/1112/2853 5138/1063/2854 5137/1113/2855
s 1714
g 左袖_11_1
f 5142/1065/2757 5141/1113/2856 5140/1063/2854
s 1715
f 5145/1066/2823 5144/1063/2758 5143/1101/2857
s 1716
g 左袖_10_1
f 5148/1112/2858 5147/1101/2857 5146/1063/2758
s 1717
g 左袖_8_1
f 5151/1114/2859 5150/1115/2860 5149/1069/2763
s 1718
g 左袖_10_1
f 5154/1070/2768 5153/1069/2763 5152/1115/2860
s 1719
f 5157/1116/2861 5156/1102/2862 5155/1117/2863
s 1720
g 左袖_12_1
f 5160/1104/2864 5159/1117/2863 5158/1102/2865
s 1721
g 左袖_10_1
f 5163/1113/2856 5162/1065/2866 5161/1116/2861
s 1722
g 左袖_11_1
f 5166/1102/2862 5165/1116/2861 5164/1065/2866
s 1723
g 左袖_3_1
f 5169/1118/2867 5168/1119/2868 5167/1120/2869
s 1724
g 左袖_5_1
f 5172/1121/2870 5171/1120/2869 5170/1119/2868
s 1725
g 左袖_3_1
f 5175/1122/2871 5174/1123/2872 5173/1118/2873
s 1726
g 左袖_5_1
f 5178/1119/2874 5177/1118/2873 5176/1123/2872
s 1727
f 5181/1123/2875 5180/1122/2876 5179/1124/2877
s 1728
g 左袖_7_1
f 5184/1125/2878 5183/1121/2879 5182/1126/2880
s 1729
g 左袖_5_1
f 5187/1119/2868 5186/1126/2880 5185/1121/2870
s 1730
f 5190/1119/2874 5189/1123/2872 5188/1126/2881
s 1731
g 左袖_7_1
f 5193/1127/2882 5192/1126/2883 5191/1123/2872
s 1732
f 5196/1114/2884 5195/1127/2885 5194/1124/2877
s 1733
g 左袖_5_1
f 5199/1123/2886 5198/1124/2877 5197/1127/2887
s 1734
g 左袖_8_1
f 5202/1115/2888 5201/1114/2889 5200/1128/2890
s 1735
g 左袖_6_1
f 5205/1124/2891 5204/1128/2892 5203/1114/2889
s 1736
g 左袖_7_1
f 5208/1126/2893 5207/1112/2853 5206/1125/2878
s 1737
g 左袖_10_1
f 5211/1113/2855 5210/1125/2894 5209/1112/2895
s 1738
f 5214/1101/2896 5213/1112/2858 5212/1127/2882
s 1739
g 左袖_7_1
f 5217/1126/2881 5216/1127/2882 5215/1112/2858
s 1740
g 左袖_8_1
f 5220/1125/2897 5219/1113/2856 5218/1129/2898
s 1741
g 左袖_10_1
f 5223/1116/2861 5222/1129/2898 5221/1113/2855
s 1742
f 5226/1069/2763 5225/1101/2822 5224/1114/2859
s 1743
g 左袖_7_1
f 5229/1127/2885 5228/1114/2889 5227/1101/2899
s 1744
g 左袖_8_1
f 5232/1129/2898 5231/1116/2861 5230/1130/2900
s 1745
g 左袖_10_1
f 5235/1117/2863 5234/1130/2901 5233/1116/2861
s 1746
g 左ひじ
f 5238/1131/2902 5237/1099/2818 5236/1132/2903
s 1747
f 5241/1100/2819 5240/1132/2904 5239/1099/2818
s 1748
g 左袖_8_1
f 5244/1133/2905 5243/1115/2860 5242/1134/2906
s 1749
g 左袖_6_1
f 5247/1128/2892 5246/1134/2906 5245/1115/2860
s 1750
g 左袖_11_1
f 5250/1135/2907 5249/1070/2768 5248/1133/2908
s 1751
g 左袖_8_1
f 5253/1115/2860 5252/1133/2908 5251/1070/2764
s 1752
g 左袖_11_1
f 5256/1070/2768 5255/1135/2907 5254/1072/2909
s 1753
g 左袖_13_1
f 5259/1136/2910 5258/1072/2909 5257/1135/2907
s 1754
f 5262/1072/2830 5261/1136/2911 5260/1107/2832
s 1755
f 5265/1137/2912 5264/1107/2832 5263/1136/2911
s 1756
f 5268/1104/2826 5267/1105/2827 5266/1138/2913
s 1757
f 5271/1137/2914 5270/1138/2915 5269/1105/2916
s 1758
g 左袖_11_1
f 5274/1117/2863 5273/1104/2917 5272/1139/2918
s 1759
g 左袖_13_1
f 5277/1138/2919 5276/1139/2918 5275/1104/2864
s 1760
g 左ひじ
f 5280/1131/2920 5279/1132/2903 5278/1140/2921
s 1761
g 左袖_14_1
f 5283/1141/2922 5282/1142/2663 5281/1143/2923
s 1762
f 5286/1141/2924 5285/1143/2925 5284/1142/2926
s 1763
g 左袖_13_1
f 5289/1142/2927 5288/1136/2910 5287/1144/2928
s 1764
g 左袖_11_1
f 5292/1135/2907 5291/1144/2929 5290/1136/2930
s 1765
f 5295/1144/2928 5294/1135/2931 5293/1145/2932
s 1766
g 左袖_2_1
f 5298/1110/2840 5297/1122/2871 5296/1050/2736
s 1767
g 左袖_3_1
f 5301/1118/2873 5300/1050/2736 5299/1122/2871
s 1768
g 左袖_2_1
f 5304/1118/2867 5303/1048/2734 5302/1050/2736
s 1769
g 左袖_3_1
f 5307/1118/2867 5306/1120/2869 5305/1048/2933
s 1770
g 左袖_1_1
f 5310/1052/2934 5309/1048/2933 5308/1120/2935
s 1771
g 左袖_14_1
f 5313/1143/2936 5312/1142/2657 5311/1137/2914
s 1772
g 左袖_13_1
f 5316/1138/2913 5315/1137/2914 5314/1142/2662
s 1773
g 左袖_14_1
f 5319/1142/2937 5318/1143/2925 5317/1136/2911
s 1774
f 5322/1137/2912 5321/1136/2911 5320/1143/2925
s 1775
g 左腕捩
f 5325/1083/1942 5324/1082/1945 5323/1061/2938
s 1776
f 5328/1094/2939 5327/1061/2938 5326/1082/1935
s 1777
g 左ひじ
f 5331/1094/2939 5330/1097/2940 5329/1061/2938
s 1778
f 5334/1062/2941 5333/1061/2938 5332/1097/2940
s 1779
f 5337/1097/2942 5336/1108/2943 5335/1062/2941
s 1780
f 5340/1087/2944 5339/1062/2941 5338/1108/2943
s 1781
f 5343/1087/2796 5342/1108/2943 5341/1100/2945
s 1782
f 5346/1109/2946 5345/1100/2819 5344/1108/2943
s 1783
g 左袖_12_1
f 5349/1103/2825 5348/1102/2824 5347/1064/2756
s 1784
f 5352/1065/2947 5351/1064/2756 5350/1102/2948
s 1785
f 5355/1106/2831 5354/1064/2760 5353/1071/2829
s 1786
f 5358/1066/2949 5357/1071/2829 5356/1064/2760
s 1787
g 左ひじ
f 5361/1089/2798 5360/1088/2813 5359/1053/2786
s 1788
f 5364/1146/2950 5363/1132/2951 5362/1140/2952
s 1789
f 5367/1140/2921 5366/1132/2903 5365/1146/2953
s 1790
f 5370/1147/2954 5369/1131/2955 5368/1140/2956
s 1791
f 5373/1148/2957 5372/1131/2955 5371/1147/2958
s 1792
f 5376/1149/2959 5375/1148/2957 5374/1150/2960
s 1793
g 左袖_0_1
f 5379/1049/2735 5378/1048/2734 5377/1051/2844
s 1794
g 左ひじ
f 5382/1151/2961 5381/1152/2962 5380/1140/2963
s 1795
f 5385/1147/2964 5384/1152/2965 5383/1151/2966
s 1796
f 5388/1153/2967 5387/1148/2968 5386/1147/2969
s 1797
f 5391/1154/2970 5390/1150/2971 5389/1155/2972
s 1798
f 5394/1153/2973 5393/1155/2974 5392/1150/2971
s 1799
f 5397/1155/2974 5396/788/2975 5395/1154/2976
s 1800
f 5400/788/2975 5399/1156/2977 5398/1157/2978
s 1801
g 左袖_0_1
f 5403/1158/2979 5402/1159/2980 5401/792/2981
s 1802
g 左袖_2_1
f 5406/1160/2982 5405/792/2981 5404/1159/2980
s 1803
g 左袖_9_1
f 5409/1161/2983 5408/1162/2984 5407/1163/2985
s 1804
g 左袖_6_1
f 5412/1164/2986 5411/1163/2987 5410/1162/2984
s 1805
g 左袖_11_1
f 5415/1139/2918 5414/1138/2919 5413/1165/2988
s 1806
g 左袖_13_1
f 5418/1142/2989 5417/1165/2990 5416/1138/2919
s 1807
g 左袖_2_1
f 5421/1159/2980 5420/1166/2991 5419/1160/2982
s 1808
g 左袖_4_1
f 5424/1167/2992 5423/1160/2982 5422/1166/2991
s 1809
g 左袖_6_1
f 5427/1162/2984 5426/1167/2993 5425/1164/2986
s 1810
g 左袖_4_1
f 5430/1166/2994 5429/1164/2986 5428/1167/2993
s 1811
g 左袖_11_1
f 5433/1165/2988 5432/1161/2983 5431/1139/2918
s 1812
g 左袖_9_1
f 5436/1163/2995 5435/1139/2918 5434/1161/2983
s 1813
g 左腕捩
f 5439/1053/2740 5438/1081/1906 5437/1054/2741
s 1814
f 5442/1054/2996 5441/1086/2792 5440/1079/2782
s 1815
f 5445/1078/2997 5444/1081/2998 5443/1058/2745
s 1816
g 左袖_6_1
f 5448/1128/2892 5447/1124/2999 5446/1168/3000
s 1817
g 左袖_4_1
f 5451/1169/3001 5450/1168/3002 5449/1124/2877
s 1818
g 左ひじ
f 5454/792/2981 5453/1157/3003 5452/1158/2979
s 1819
f 5457/1156/3004 5456/1158/2979 5455/1157/2978
s 1820
g 左袖_6_1
f 5460/1134/3005 5459/1128/2892 5458/1170/3006
s 1821
g 左袖_4_1
f 5463/1168/3000 5462/1170/3006 5461/1128/2892
s 1822
g 左袖_3_1
f 5466/1169/3001 5465/1122/3007 5464/1171/3008
s 1823
g 左袖_2_1
f 5469/1110/2840 5468/1171/3008 5467/1122/3007
s 1824
g 左袖_4_1
f 5472/1168/3002 5471/1169/3001 5470/1172/3009
s 1825
g 左袖_2_1
f 5475/1171/3008 5474/1172/3009 5473/1169/3001
s 1826
g 左袖_0_1
f 5478/1092/2804 5477/1051/2844 5476/1052/3010
s 1827
f 5481/1091/2802 5480/1092/2804 5479/1173/3011
s 1828
g 左袖_1_1
f 5484/1052/3012 5483/1173/3013 5482/1092/2804
s 1829
g 左袖_3_1
f 5487/1174/3014 5486/1173/3013 5485/1120/2869
s 1830
g 左袖_1_1
f 5490/1052/3010 5489/1120/2869 5488/1173/3011
s 1831
g 左袖_3_1
f 5493/1120/3015 5492/1121/2870 5491/1174/3014
s 1832
g 左袖_5_1
f 5496/1175/3016 5495/1174/3017 5494/1121/2870
s 1833
g 左袖_8_1
f 5499/1129/2898 5498/1175/3016 5497/1125/2894
s 1834
g 左袖_5_1
f 5502/1121/2870 5501/1125/2894 5500/1175/3016
s 1835
g 左ひじ
f 5505/1075/3018 5504/1076/2801 5503/1176/3019
s 1836
f 5508/1090/2800 5507/1176/3019 5506/1076/2801
s 1837
f 5511/1177/3020 5510/1176/3021 5509/1091/2802
s 1838
f 5514/1090/2803 5513/1091/2802 5512/1176/3021
s 1839
g 左袖_0_1
f 5517/1091/2802 5516/1173/3013 5515/1177/3020
s 1840
g 左袖_2_1
f 5520/1178/3022 5519/1177/3020 5518/1173/3023
s 1841
f 5523/1173/3011 5522/1174/3014 5521/1178/3022
s 1842
g 左袖_4_1
f 5526/1179/3024 5525/1178/3022 5524/1174/3025
s 1843
f 5529/1174/3014 5528/1175/3026 5527/1179/3024
s 1844
g 左袖_6_1
f 5532/1180/3027 5531/1179/3024 5530/1175/3016
s 1845
g 左袖_8_1
f 5535/1130/2901 5534/1180/3027 5533/1129/2898
s 1846
g 左袖_6_1
f 5538/1175/3016 5537/1129/2898 5536/1180/3027
s 1847
g 左ひじ
f 5541/1131/2955 5540/1148/2957 5539/1149/2959
s 1848
g 左袖_3_1
f 5544/793/1963 5543/1167/3028 5542/791/1961
s 1849
g 左袖_6_1
f 5547/1162/3029 5546/1134/2906 5545/1167/3030
s 1850
g 左袖_4_1
f 5550/1170/3006 5549/1167/3031 5548/1134/2906
s 1851
g 左袖_6_1
f 5553/1134/2906 5552/1162/3029 5551/1133/2908
s 1852
g 左袖_8_1
f 5556/1145/2932 5555/1133/2908 5554/1162/3029
s 1853
f 5559/1133/2908 5558/1145/2932 5557/1135/3032
s 1854
g 左ひじ
f 5562/1149/2959 5561/1098/2816 5560/1099/3033
s 1855
g 左袖_2_1
f 5565/1172/3009 5564/791/1961 5563/1168/3000
s 1856
g 左袖_4_1
f 5568/1170/3006 5567/1168/3000 5566/791/1961
s 1857
g 左ひじ
f 5571/1132/3034 5570/1100/2819 5569/1151/2961
s 1858
f 5574/1109/2946 5573/1151/2961 5572/1100/2945
s 1859
f 5577/1151/3035 5576/1109/2838 5575/1153/2967
s 1860
f 5580/1073/2839 5579/1153/2967 5578/1109/3036
s 1861
f 5583/1153/3037 5582/1073/2769 5581/1155/2974
s 1862
f 5586/1075/2773 5585/1155/2974 5584/1073/2769
s 1863
f 5589/1176/3019 5588/1156/2977 5587/1075/3018
s 1864
f 5592/1155/2974 5591/1075/3038 5590/1156/3039
s 1865
f 5595/1176/3021 5594/1177/3020 5593/1156/3004
s 1866
f 5598/1158/2979 5597/1156/3004 5596/1177/3020
s 1867
g 左袖_0_1
f 5601/1177/3020 5600/1178/3022 5599/1158/2979
s 1868
g 左袖_2_1
f 5604/1159/2980 5603/1158/3040 5602/1178/3022
s 1869
f 5607/1178/3041 5606/1179/3024 5605/1159/2980
s 1870
g 左袖_4_1
f 5610/1166/2991 5609/1159/2980 5608/1179/3042
s 1871
g 左袖_6_1
f 5613/1164/3043 5612/1166/2991 5611/1180/3027
s 1872
g 左袖_4_1
f 5616/1179/3024 5615/1180/3027 5614/1166/3044
s 1873
g 左袖_8_1
f 5619/1163/2995 5618/1164/2986 5617/1130/2901
s 1874
g 左袖_6_1
f 5622/1180/3027 5621/1130/2901 5620/1164/2986
s 1875
g 左袖_11_1
f 5625/1139/2918 5624/1163/2987 5623/1117/2863
s 1876
g 左袖_8_1
f 5628/1130/2901 5627/1117/2863 5626/1163/2985
s 1877
g 左ひじ
f 5631/1156/2977 5630/788/2975 5629/1155/3045
s 1878
f 5634/1150/3046 5633/1148/3047 5632/1153/3037
s 1879
f 5637/1151/2966 5636/1153/2967 5635/1147/2964
s 1880
f 5640/1140/2963 5639/1132/3034 5638/1151/2961
s 1881
f 5643/1181/3048 5642/1056/2743 5641/1068/2762
s 1882
f 5646/1055/2748 5645/1068/2762 5644/1056/2743
s 1883
f 5649/1182/3049 5648/1181/3050 5647/1098/2816
s 1884
f 5652/1068/2762 5651/1098/3051 5650/1181/3050
s 1885
f 5655/790/1960 5654/1182/3052 5653/1149/2959
s 1886
f 5658/1098/3053 5657/1149/2959 5656/1182/3052
s 1887
f 5661/1149/2959 5660/1150/2960 5659/790/1960
s 1888
f 5664/788/1958 5663/790/1960 5662/1150/2960
s 1889
f 5667/1056/2743 5666/1181/3050 5665/1111/2852
s 1890
f 5670/1183/3054 5669/1111/2852 5668/1181/3050
s 1891
f 5673/1181/3050 5672/1182/3049 5671/1183/3054
s 1892
f 5676/1184/3055 5675/1183/3054 5674/1182/3049
s 1893
f 5679/1184/3055 5678/1182/3049 5677/789/1959
s 1894
f 5682/790/1960 5681/789/1959 5680/1182/3052
s 1895
g 左袖_0_1
f 5685/1111/2852 5684/1183/3054 5683/1110/2840
s 1896
g 左袖_2_1
f 5688/1171/3008 5687/1110/2840 5686/1183/3054
s 1897
f 5691/1183/3054 5690/1184/3055 5689/1171/3008
s 1898
f 5694/1172/3009 5693/1171/3008 5692/1184/3055
s 1899
g 左袖_1_1
f 5697/1184/3055 5696/789/1959 5695/1172/3009
s 1900
g 左袖_2_1
f 5700/791/1961 5699/1172/3009 5698/789/1959
s 1901
g 左袖_4_1
f 5703/791/1961 5702/1167/3031 5701/1170/3006
s 1902
g 左袖_3_1
f 5706/1122/3007 5705/1169/3001 5704/1124/2999
s 1903
g 左袖_0_1
f 5709/1050/3056 5708/1049/2735 5707/1077/3057
s 1904
g 左ひじ
f 5712/1149/3058 5711/1099/2817 5710/1131/2955
s 1905
g 左袖_1_1
f 5715/1021/3059 5714/1036/2692 5713/1046/2728
s 1906
g 左ひじ
f 5718/789/1959 5717/788/1958 5716/794/1965
