# Blender 5.0.1
# www.blender.org
mtllib pie_der_yae.mtl
g 肌.004_Malla
v 0.005386 -0.018877 -0.024103
v 0.001953 -0.017209 -0.025681
v 0.002369 -0.019841 -0.027213
v 0.002369 -0.019841 -0.027213
v 0.005749 -0.020814 -0.025164
v 0.005386 -0.018877 -0.024103
v -0.002177 -0.017998 -0.025487
v -0.001790 -0.020381 -0.027893
v 0.002369 -0.019841 -0.027213
v 0.002369 -0.019841 -0.027213
v 0.001953 -0.017209 -0.025681
v -0.002177 -0.017998 -0.025487
v -0.005976 -0.031882 -0.013345
v -0.007280 -0.031867 -0.022594
v -0.008748 -0.028782 -0.019018
v -0.000465 -0.021640 -0.029322
v -0.001790 -0.020381 -0.027893
v -0.002979 -0.021956 -0.029152
v -0.004901 -0.023161 -0.030511
v -0.004773 -0.023661 -0.031451
v -0.002462 -0.024181 -0.031851
v -0.005270 -0.021441 -0.027319
v -0.002979 -0.021956 -0.029152
v -0.001790 -0.020381 -0.027893
v -0.001790 -0.020381 -0.027893
v -0.000465 -0.021640 -0.029322
v 0.002109 -0.020916 -0.028177
v 0.002109 -0.020916 -0.028177
v 0.002369 -0.019841 -0.027213
v -0.001790 -0.020381 -0.027893
v 0.002109 -0.020916 -0.028177
v 0.005749 -0.020814 -0.025164
v 0.002369 -0.019841 -0.027213
v 0.002004 -0.031912 -0.036514
v -0.000374 -0.031896 -0.036904
v -0.000843 -0.032136 -0.031967
v -0.000843 -0.032136 -0.031967
v 0.001756 -0.032095 -0.031433
v 0.002004 -0.031912 -0.036514
v 0.005594 -0.031690 -0.033968
v 0.003180 -0.031736 -0.034799
v 0.003111 -0.032035 -0.031098
v 0.003111 -0.032035 -0.031098
v 0.005559 -0.031946 -0.029580
v 0.005594 -0.031690 -0.033968
v 0.009204 -0.030732 -0.033333
v 0.009291 -0.031605 -0.031915
v 0.010198 -0.032051 -0.032048
v 0.010198 -0.032051 -0.032048
v 0.010163 -0.031055 -0.033747
v 0.009204 -0.030732 -0.033333
v 0.009532 -0.031622 -0.030163
v 0.010198 -0.032051 -0.032048
v 0.009291 -0.031605 -0.031915
v 0.011113 -0.031886 -0.031942
v 0.010198 -0.032051 -0.032048
v 0.011514 -0.031916 -0.029969
v 0.011514 -0.031916 -0.029969
v 0.010198 -0.032051 -0.032048
v 0.009532 -0.031622 -0.030163
v 0.009677 -0.028008 -0.030669
v 0.010978 -0.027810 -0.030539
v 0.009895 -0.026346 -0.027425
v 0.010251 -0.030145 -0.034093
v 0.010881 -0.029540 -0.032809
v 0.010152 -0.029398 -0.032725
v 0.010251 -0.030145 -0.034093
v 0.010152 -0.029398 -0.032725
v 0.009709 -0.029940 -0.033844
v 0.010198 -0.032051 -0.032048
v 0.011113 -0.031886 -0.031942
v 0.011246 -0.031180 -0.033442
v 0.011246 -0.031180 -0.033442
v 0.010163 -0.031055 -0.033747
v 0.010198 -0.032051 -0.032048
v 0.008949 -0.025976 -0.027958
v 0.009289 -0.029106 -0.030267
v 0.009895 -0.026346 -0.027425
v 0.005941 -0.024839 -0.029540
v 0.006143 -0.028713 -0.032531
v 0.006883 -0.025087 -0.029137
v 0.003111 -0.032035 -0.031098
v 0.002638 -0.028238 -0.033328
v 0.001756 -0.032095 -0.031433
v 0.002242 -0.023819 -0.031189
v 0.002638 -0.028238 -0.033328
v 0.003398 -0.024113 -0.030804
v -0.000843 -0.032136 -0.031967
v -0.001548 -0.028105 -0.033665
v -0.002609 -0.032035 -0.032227
v 0.009223 -0.029696 -0.030903
v 0.009532 -0.031622 -0.030163
v 0.009291 -0.031605 -0.031915
v 0.009291 -0.031605 -0.031915
v 0.009204 -0.030732 -0.033333
v 0.009223 -0.029696 -0.030903
v 0.011113 -0.031886 -0.031942
v 0.011514 -0.031916 -0.029969
v 0.012071 -0.030147 -0.030644
v 0.012071 -0.030147 -0.030644
v 0.011246 -0.031180 -0.033442
v 0.011113 -0.031886 -0.031942
v 0.011246 -0.031180 -0.033442
v 0.012071 -0.030147 -0.030644
v 0.011080 -0.030205 -0.033616
v 0.009610 -0.029894 -0.033463
v 0.009223 -0.029696 -0.030903
v 0.009204 -0.030732 -0.033333
v 0.011775 -0.028540 -0.030452
v 0.010978 -0.027810 -0.030539
v 0.010675 -0.028889 -0.032052
v 0.010675 -0.028889 -0.032052
v 0.011501 -0.029339 -0.032007
v 0.011775 -0.028540 -0.030452
v 0.012071 -0.030147 -0.030644
v 0.011501 -0.029339 -0.032007
v 0.011080 -0.030205 -0.033616
v 0.011775 -0.028540 -0.030452
v 0.011501 -0.029339 -0.032007
v 0.012071 -0.030147 -0.030644
v 0.009223 -0.029696 -0.030903
v 0.009789 -0.028941 -0.032033
v 0.009677 -0.028008 -0.030669
v 0.009677 -0.028008 -0.030669
v 0.009289 -0.029106 -0.030267
v 0.009223 -0.029696 -0.030903
v 0.009610 -0.029894 -0.033463
v 0.009789 -0.028941 -0.032033
v 0.009223 -0.029696 -0.030903
v 0.009289 -0.029106 -0.030267
v 0.009677 -0.028008 -0.030669
v 0.009895 -0.026346 -0.027425
v 0.006143 -0.028713 -0.032531
v 0.006585 -0.026788 -0.032346
v 0.006883 -0.025087 -0.029137
v 0.006590 -0.028180 -0.034283
v 0.006585 -0.026788 -0.032346
v 0.006143 -0.028713 -0.032531
v 0.006143 -0.028713 -0.032531
v 0.006206 -0.028866 -0.033712
v 0.006590 -0.028180 -0.034283
v 0.009195 -0.029286 -0.033050
v 0.008947 -0.027301 -0.031958
v 0.008850 -0.028584 -0.034173
v 0.008949 -0.025976 -0.027958
v 0.008947 -0.027301 -0.031958
v 0.009289 -0.029106 -0.030267
v 0.009289 -0.029106 -0.030267
v 0.008947 -0.027301 -0.031958
v 0.009195 -0.029286 -0.033050
v 0.007665 -0.028116 -0.034472
v 0.007878 -0.026549 -0.032242
v 0.006585 -0.026788 -0.032346
v 0.006585 -0.026788 -0.032346
v 0.006590 -0.028180 -0.034283
v 0.007665 -0.028116 -0.034472
v 0.007665 -0.028116 -0.034472
v 0.008850 -0.028584 -0.034173
v 0.008947 -0.027301 -0.031958
v 0.008947 -0.027301 -0.031958
v 0.007878 -0.026549 -0.032242
v 0.007665 -0.028116 -0.034472
v 0.008949 -0.025976 -0.027958
v 0.007878 -0.026549 -0.032242
v 0.008947 -0.027301 -0.031958
v 0.008949 -0.025976 -0.027958
v 0.006883 -0.025087 -0.029137
v 0.007878 -0.026549 -0.032242
v 0.007878 -0.026549 -0.032242
v 0.006883 -0.025087 -0.029137
v 0.006585 -0.026788 -0.032346
v 0.007532 -0.029135 -0.037810
v 0.007044 -0.029085 -0.037722
v 0.007614 -0.029521 -0.037688
v 0.007532 -0.029135 -0.037810
v 0.007614 -0.029521 -0.037688
v 0.008057 -0.029156 -0.037678
v 0.002638 -0.028238 -0.033328
v 0.003326 -0.026085 -0.034304
v 0.003398 -0.024113 -0.030804
v 0.002815 -0.028832 -0.035765
v 0.003382 -0.027981 -0.036696
v 0.003326 -0.026085 -0.034304
v 0.003326 -0.026085 -0.034304
v 0.002638 -0.028238 -0.033328
v 0.002815 -0.028832 -0.035765
v 0.005749 -0.026411 -0.033179
v 0.005756 -0.028340 -0.036347
v 0.006097 -0.029031 -0.034219
v 0.006097 -0.029031 -0.034219
v 0.006143 -0.028713 -0.032531
v 0.005749 -0.026411 -0.033179
v 0.005941 -0.024839 -0.029540
v 0.005749 -0.026411 -0.033179
v 0.006143 -0.028713 -0.032531
v 0.003180 -0.031736 -0.034799
v 0.004500 -0.031745 -0.038616
v 0.003469 -0.031460 -0.038510
v 0.004714 -0.027778 -0.036857
v 0.004732 -0.025756 -0.034167
v 0.003326 -0.026085 -0.034304
v 0.003326 -0.026085 -0.034304
v 0.003382 -0.027981 -0.036696
v 0.004714 -0.027778 -0.036857
v 0.005756 -0.028340 -0.036347
v 0.005749 -0.026411 -0.033179
v 0.004732 -0.025756 -0.034167
v 0.004732 -0.025756 -0.034167
v 0.004714 -0.027778 -0.036857
v 0.005756 -0.028340 -0.036347
v 0.005941 -0.024839 -0.029540
v 0.004732 -0.025756 -0.034167
v 0.005749 -0.026411 -0.033179
v 0.003180 -0.031736 -0.034799
v 0.005594 -0.031690 -0.033968
v 0.004500 -0.031745 -0.038616
v 0.004500 -0.031745 -0.038616
v 0.005594 -0.031690 -0.033968
v 0.005599 -0.031388 -0.038375
v 0.003326 -0.026085 -0.034304
v 0.004732 -0.025756 -0.034167
v 0.003398 -0.024113 -0.030804
v 0.003398 -0.024113 -0.030804
v 0.004732 -0.025756 -0.034167
v 0.005941 -0.024839 -0.029540
v 0.004465 -0.029334 -0.040723
v 0.004466 -0.029674 -0.040679
v 0.005106 -0.029285 -0.040484
v 0.004465 -0.029334 -0.040723
v 0.003951 -0.029328 -0.040595
v 0.004466 -0.029674 -0.040679
v -0.001548 -0.028105 -0.033665
v -0.000359 -0.025538 -0.034951
v -0.000631 -0.023840 -0.031851
v -0.000966 -0.028919 -0.037847
v -0.000178 -0.027669 -0.038163
v -0.000359 -0.025538 -0.034951
v -0.000359 -0.025538 -0.034951
v -0.001548 -0.028105 -0.033665
v -0.000966 -0.028919 -0.037847
v 0.002304 -0.025546 -0.034414
v 0.002221 -0.027666 -0.037962
v 0.002898 -0.028996 -0.037516
v 0.002898 -0.028996 -0.037516
v 0.002638 -0.028238 -0.033328
v 0.002304 -0.025546 -0.034414
v 0.002242 -0.023819 -0.031189
v 0.002304 -0.025546 -0.034414
v 0.002638 -0.028238 -0.033328
v 0.001105 -0.027363 -0.038156
v 0.000949 -0.024990 -0.034927
v -0.000359 -0.025538 -0.034951
v -0.000359 -0.025538 -0.034951
v -0.000178 -0.027669 -0.038163
v 0.001105 -0.027363 -0.038156
v 0.002221 -0.027666 -0.037962
v 0.002304 -0.025546 -0.034414
v 0.000949 -0.024990 -0.034927
v 0.000949 -0.024990 -0.034927
v 0.001105 -0.027363 -0.038156
v 0.002221 -0.027666 -0.037962
v 0.002242 -0.023819 -0.031189
v 0.000949 -0.024990 -0.034927
v 0.002304 -0.025546 -0.034414
v -0.000374 -0.031896 -0.036904
v 0.001112 -0.032004 -0.040100
v 0.000194 -0.031536 -0.040089
v -0.000359 -0.025538 -0.034951
v 0.000949 -0.024990 -0.034927
v -0.000631 -0.023840 -0.031851
v -0.000631 -0.023840 -0.031851
v 0.000949 -0.024990 -0.034927
v 0.002242 -0.023819 -0.031189
v -0.000374 -0.031896 -0.036904
v 0.002004 -0.031912 -0.036514
v 0.001112 -0.032004 -0.040100
v 0.001112 -0.032004 -0.040100
v 0.002004 -0.031912 -0.036514
v 0.002095 -0.031626 -0.039925
v -0.002472 -0.031211 -0.034972
v -0.002609 -0.032035 -0.032227
v -0.001548 -0.028105 -0.033665
v -0.001548 -0.028105 -0.033665
v -0.001461 -0.028280 -0.035155
v -0.002472 -0.031211 -0.034972
v -0.003739 -0.032201 -0.037340
v -0.005521 -0.031854 -0.037865
v -0.006075 -0.031725 -0.035566
v -0.006075 -0.031725 -0.035566
v -0.004148 -0.031962 -0.035188
v -0.003739 -0.032201 -0.037340
v -0.002609 -0.032035 -0.032227
v -0.004148 -0.031962 -0.035188
v -0.006675 -0.032056 -0.032227
v -0.006675 -0.032056 -0.032227
v -0.004148 -0.031962 -0.035188
v -0.006075 -0.031725 -0.035566
v -0.002609 -0.032035 -0.032227
v -0.002472 -0.031211 -0.034972
v -0.004148 -0.031962 -0.035188
v -0.007072 -0.032004 -0.028041
v -0.008527 -0.028920 -0.029281
v -0.008680 -0.028817 -0.023565
v -0.008680 -0.028817 -0.023565
v -0.007280 -0.031867 -0.022594
v -0.007072 -0.032004 -0.028041
v -0.002462 -0.024181 -0.031851
v -0.002459 -0.025427 -0.033997
v -0.001548 -0.028105 -0.033665
v -0.001548 -0.028105 -0.033665
v -0.002459 -0.025427 -0.033997
v -0.001461 -0.028280 -0.035155
v -0.001105 -0.028769 -0.037111
v -0.001461 -0.028280 -0.035155
v -0.001749 -0.027061 -0.037173
v -0.001749 -0.027061 -0.037173
v -0.001461 -0.028280 -0.035155
v -0.002459 -0.025427 -0.033997
v -0.001627 -0.031335 -0.040477
v -0.001969 -0.031674 -0.037161
v -0.000917 -0.029866 -0.041571
v -0.000917 -0.029866 -0.041571
v -0.001969 -0.031674 -0.037161
v -0.001105 -0.028769 -0.037111
v -0.006772 -0.029602 -0.037903
v -0.005521 -0.031854 -0.037865
v -0.004946 -0.029790 -0.042339
v -0.004946 -0.029790 -0.042339
v -0.005521 -0.031854 -0.037865
v -0.004635 -0.031293 -0.040958
v -0.000966 -0.028919 -0.037847
v -0.000374 -0.031896 -0.036904
v 0.000194 -0.031536 -0.040089
v 0.000194 -0.031536 -0.040089
v -0.000099 -0.030382 -0.041823
v -0.000966 -0.028919 -0.037847
v 0.002095 -0.031626 -0.039925
v 0.002004 -0.031912 -0.036514
v 0.002575 -0.030446 -0.041533
v 0.002575 -0.030446 -0.041533
v 0.002004 -0.031912 -0.036514
v 0.002898 -0.028996 -0.037516
v -0.003450 -0.027820 -0.043407
v -0.003332 -0.028549 -0.043322
v -0.002044 -0.028569 -0.043010
v -0.002044 -0.028569 -0.043010
v -0.001759 -0.027793 -0.043045
v -0.003450 -0.027820 -0.043407
v 0.001396 -0.028831 -0.042229
v 0.001314 -0.029269 -0.042297
v 0.001874 -0.028833 -0.042065
v 0.001396 -0.028831 -0.042229
v 0.000821 -0.028902 -0.042123
v 0.001314 -0.029269 -0.042297
v -0.007912 -0.023084 -0.022421
v -0.005270 -0.021441 -0.027319
v -0.006282 -0.020325 -0.024459
v 0.010675 -0.028889 -0.032052
v 0.010978 -0.027810 -0.030539
v 0.009677 -0.028008 -0.030669
v 0.009677 -0.028008 -0.030669
v 0.009789 -0.028941 -0.032033
v 0.010675 -0.028889 -0.032052
v -0.002472 -0.031211 -0.034972
v -0.001969 -0.031674 -0.037161
v -0.003739 -0.032201 -0.037340
v -0.003739 -0.032201 -0.037340
v -0.004148 -0.031962 -0.035188
v -0.002472 -0.031211 -0.034972
v -0.006772 -0.029602 -0.037903
v -0.006075 -0.031725 -0.035566
v -0.005521 -0.031854 -0.037865
v 0.012069 -0.030207 -0.027574
v 0.011620 -0.030153 -0.024846
v 0.011724 -0.027622 -0.025197
v 0.011724 -0.027622 -0.025197
v 0.011936 -0.027910 -0.027667
v 0.012069 -0.030207 -0.027574
v 0.011775 -0.028540 -0.030452
v 0.012071 -0.030147 -0.030644
v 0.012069 -0.030207 -0.027574
v 0.012069 -0.030207 -0.027574
v 0.011936 -0.027910 -0.027667
v 0.011775 -0.028540 -0.030452
v 0.011775 -0.028540 -0.030452
v 0.011936 -0.027910 -0.027667
v 0.010978 -0.027810 -0.030539
v 0.010978 -0.027810 -0.030539
v 0.011936 -0.027910 -0.027667
v 0.009895 -0.026346 -0.027425
v 0.009895 -0.026346 -0.027425
v 0.011936 -0.027910 -0.027667
v 0.011724 -0.027622 -0.025197
v 0.011620 -0.030153 -0.024846
v 0.012069 -0.030207 -0.027574
v 0.011513 -0.031929 -0.027569
v 0.012069 -0.030207 -0.027574
v 0.012071 -0.030147 -0.030644
v 0.011514 -0.031916 -0.029969
v 0.011514 -0.031916 -0.029969
v 0.011513 -0.031929 -0.027569
v 0.012069 -0.030207 -0.027574
v 0.008659 -0.030768 -0.036903
v 0.007494 -0.030801 -0.037329
v 0.007525 -0.031640 -0.035759
v 0.007525 -0.031640 -0.035759
v 0.008623 -0.031396 -0.035437
v 0.008659 -0.030768 -0.036903
v 0.007525 -0.031640 -0.035759
v 0.007494 -0.030801 -0.037329
v 0.006361 -0.030556 -0.036972
v 0.006361 -0.030556 -0.036972
v 0.006461 -0.031259 -0.035510
v 0.007525 -0.031640 -0.035759
v 0.005736 -0.030705 -0.039854
v 0.004478 -0.030809 -0.040291
v 0.004500 -0.031745 -0.038616
v 0.004500 -0.031745 -0.038616
v 0.005599 -0.031388 -0.038375
v 0.005736 -0.030705 -0.039854
v 0.004500 -0.031745 -0.038616
v 0.004478 -0.030809 -0.040291
v 0.003217 -0.030712 -0.039935
v 0.003217 -0.030712 -0.039935
v 0.003469 -0.031460 -0.038510
v 0.004500 -0.031745 -0.038616
v 0.002575 -0.030446 -0.041533
v 0.001306 -0.030435 -0.042120
v 0.001112 -0.032004 -0.040100
v 0.001112 -0.032004 -0.040100
v 0.002095 -0.031626 -0.039925
v 0.002575 -0.030446 -0.041533
v 0.001306 -0.030435 -0.042120
v -0.000099 -0.030382 -0.041823
v 0.000194 -0.031536 -0.040089
v 0.000194 -0.031536 -0.040089
v 0.001112 -0.032004 -0.040100
v 0.001306 -0.030435 -0.042120
v -0.005270 -0.021441 -0.027319
v -0.001790 -0.020381 -0.027893
v -0.002177 -0.017998 -0.025487
v -0.002177 -0.017998 -0.025487
v -0.006282 -0.020325 -0.024459
v -0.005270 -0.021441 -0.027319
v -0.001203 -0.028197 -0.041871
v -0.001510 -0.027729 -0.039901
v -0.002459 -0.027244 -0.039449
v -0.002459 -0.027244 -0.039449
v -0.001759 -0.027793 -0.043045
v -0.001203 -0.028197 -0.041871
v -0.004494 -0.028146 -0.042379
v -0.003450 -0.027820 -0.043407
v -0.004161 -0.027347 -0.039822
v -0.004161 -0.027347 -0.039822
v -0.004887 -0.027806 -0.040480
v -0.004494 -0.028146 -0.042379
v -0.001759 -0.027793 -0.043045
v -0.002459 -0.027244 -0.039449
v -0.004161 -0.027347 -0.039822
v -0.004161 -0.027347 -0.039822
v -0.003450 -0.027820 -0.043407
v -0.001759 -0.027793 -0.043045
v -0.001749 -0.027061 -0.037173
v -0.001510 -0.027729 -0.039901
v -0.001105 -0.028769 -0.037111
v -0.006772 -0.029602 -0.037903
v -0.004946 -0.029790 -0.042339
v -0.004887 -0.027806 -0.040480
v -0.001510 -0.027729 -0.039901
v -0.000917 -0.029866 -0.041571
v -0.001105 -0.028769 -0.037111
v -0.001510 -0.027729 -0.039901
v -0.001749 -0.027061 -0.037173
v -0.002459 -0.027244 -0.039449
v 0.001874 -0.028833 -0.042065
v 0.001759 -0.028460 -0.040537
v 0.001396 -0.028831 -0.042229
v 0.001105 -0.027363 -0.038156
v 0.001759 -0.028460 -0.040537
v 0.002221 -0.027666 -0.037962
v 0.001396 -0.028831 -0.042229
v 0.000708 -0.028475 -0.040620
v 0.000821 -0.028902 -0.042123
v -0.000178 -0.027669 -0.038163
v 0.000708 -0.028475 -0.040620
v 0.001105 -0.027363 -0.038156
v 0.001759 -0.028460 -0.040537
v 0.002100 -0.028694 -0.040691
v 0.002221 -0.027666 -0.037962
v 0.002100 -0.028694 -0.040691
v 0.001759 -0.028460 -0.040537
v 0.001874 -0.028833 -0.042065
v 0.001874 -0.028833 -0.042065
v 0.002391 -0.029205 -0.041644
v 0.002100 -0.028694 -0.040691
v 0.000365 -0.028687 -0.040852
v 0.000252 -0.029115 -0.041776
v 0.000821 -0.028902 -0.042123
v 0.000821 -0.028902 -0.042123
v 0.000708 -0.028475 -0.040620
v 0.000365 -0.028687 -0.040852
v -0.000178 -0.027669 -0.038163
v 0.000365 -0.028687 -0.040852
v 0.000708 -0.028475 -0.040620
v 0.001396 -0.028831 -0.042229
v 0.001759 -0.028460 -0.040537
v 0.000708 -0.028475 -0.040620
v 0.000708 -0.028475 -0.040620
v 0.001759 -0.028460 -0.040537
v 0.001105 -0.027363 -0.038156
v 0.002898 -0.028996 -0.037516
v 0.002391 -0.029205 -0.041644
v 0.002575 -0.030446 -0.041533
v -0.000099 -0.030382 -0.041823
v 0.000252 -0.029115 -0.041776
v -0.000966 -0.028919 -0.037847
v 0.000252 -0.029115 -0.041776
v -0.000178 -0.027669 -0.038163
v -0.000966 -0.028919 -0.037847
v 0.002898 -0.028996 -0.037516
v 0.002221 -0.027666 -0.037962
v 0.002391 -0.029205 -0.041644
v 0.000365 -0.028687 -0.040852
v -0.000178 -0.027669 -0.038163
v 0.000252 -0.029115 -0.041776
v 0.002221 -0.027666 -0.037962
v 0.002100 -0.028694 -0.040691
v 0.002391 -0.029205 -0.041644
v 0.005756 -0.028340 -0.036347
v 0.005538 -0.029425 -0.039934
v 0.006097 -0.029031 -0.034219
v 0.006097 -0.029031 -0.034219
v 0.005538 -0.029425 -0.039934
v 0.005736 -0.030705 -0.039854
v 0.003382 -0.027981 -0.036696
v 0.002815 -0.028832 -0.035765
v 0.003452 -0.029400 -0.040076
v 0.003452 -0.029400 -0.040076
v 0.002815 -0.028832 -0.035765
v 0.003217 -0.030712 -0.039935
v 0.003452 -0.029400 -0.040076
v 0.003711 -0.028916 -0.039122
v 0.003382 -0.027981 -0.036696
v 0.003452 -0.029400 -0.040076
v 0.003951 -0.029328 -0.040595
v 0.004113 -0.028664 -0.038907
v 0.004113 -0.028664 -0.038907
v 0.003711 -0.028916 -0.039122
v 0.003452 -0.029400 -0.040076
v 0.004465 -0.029334 -0.040723
v 0.004113 -0.028664 -0.038907
v 0.003951 -0.029328 -0.040595
v 0.003382 -0.027981 -0.036696
v 0.004113 -0.028664 -0.038907
v 0.004714 -0.027778 -0.036857
v 0.004714 -0.027778 -0.036857
v 0.005037 -0.028689 -0.038947
v 0.005756 -0.028340 -0.036347
v 0.005106 -0.029285 -0.040484
v 0.005037 -0.028689 -0.038947
v 0.004465 -0.029334 -0.040723
v 0.005538 -0.029425 -0.039934
v 0.005410 -0.029050 -0.039195
v 0.005037 -0.028689 -0.038947
v 0.005037 -0.028689 -0.038947
v 0.005106 -0.029285 -0.040484
v 0.005538 -0.029425 -0.039934
v 0.005756 -0.028340 -0.036347
v 0.005410 -0.029050 -0.039195
v 0.005538 -0.029425 -0.039934
v 0.005756 -0.028340 -0.036347
v 0.005037 -0.028689 -0.038947
v 0.005410 -0.029050 -0.039195
v 0.003711 -0.028916 -0.039122
v 0.004113 -0.028664 -0.038907
v 0.003382 -0.027981 -0.036696
v 0.004714 -0.027778 -0.036857
v 0.004113 -0.028664 -0.038907
v 0.005037 -0.028689 -0.038947
v 0.005037 -0.028689 -0.038947
v 0.004113 -0.028664 -0.038907
v 0.004465 -0.029334 -0.040723
v 0.008850 -0.028584 -0.034173
v 0.008477 -0.029431 -0.037288
v 0.009195 -0.029286 -0.033050
v 0.009195 -0.029286 -0.033050
v 0.008477 -0.029431 -0.037288
v 0.008659 -0.030768 -0.036903
v 0.006590 -0.028180 -0.034283
v 0.006206 -0.028866 -0.033712
v 0.006642 -0.029342 -0.037385
v 0.006642 -0.029342 -0.037385
v 0.006206 -0.028866 -0.033712
v 0.006361 -0.030556 -0.036972
v 0.007532 -0.029135 -0.037810
v 0.007125 -0.028749 -0.036024
v 0.007044 -0.029085 -0.037722
v 0.006590 -0.028180 -0.034283
v 0.007125 -0.028749 -0.036024
v 0.007665 -0.028116 -0.034472
v 0.007665 -0.028116 -0.034472
v 0.008075 -0.028834 -0.036035
v 0.008850 -0.028584 -0.034173
v 0.008057 -0.029156 -0.037678
v 0.008075 -0.028834 -0.036035
v 0.007532 -0.029135 -0.037810
v 0.008075 -0.028834 -0.036035
v 0.008443 -0.029109 -0.036247
v 0.008850 -0.028584 -0.034173
v 0.008075 -0.028834 -0.036035
v 0.008057 -0.029156 -0.037678
v 0.008477 -0.029431 -0.037288
v 0.008477 -0.029431 -0.037288
v 0.008443 -0.029109 -0.036247
v 0.008075 -0.028834 -0.036035
v 0.006642 -0.029342 -0.037385
v 0.007044 -0.029085 -0.037722
v 0.007125 -0.028749 -0.036024
v 0.007125 -0.028749 -0.036024
v 0.006815 -0.028968 -0.036177
v 0.006642 -0.029342 -0.037385
v 0.006590 -0.028180 -0.034283
v 0.006815 -0.028968 -0.036177
v 0.007125 -0.028749 -0.036024
v 0.006590 -0.028180 -0.034283
v 0.006642 -0.029342 -0.037385
v 0.006815 -0.028968 -0.036177
v 0.008443 -0.029109 -0.036247
v 0.008477 -0.029431 -0.037288
v 0.008850 -0.028584 -0.034173
v 0.007665 -0.028116 -0.034472
v 0.007125 -0.028749 -0.036024
v 0.008075 -0.028834 -0.036035
v 0.008075 -0.028834 -0.036035
v 0.007125 -0.028749 -0.036024
v 0.007532 -0.029135 -0.037810
v 0.009789 -0.028941 -0.032033
v 0.010152 -0.029398 -0.032725
v 0.010675 -0.028889 -0.032052
v 0.010675 -0.028889 -0.032052
v 0.010881 -0.029540 -0.032809
v 0.011501 -0.029339 -0.032007
v 0.010152 -0.029398 -0.032725
v 0.009884 -0.029549 -0.032824
v 0.009610 -0.029894 -0.033463
v 0.009610 -0.029894 -0.033463
v 0.009709 -0.029940 -0.033844
v 0.010152 -0.029398 -0.032725
v 0.009789 -0.028941 -0.032033
v 0.009884 -0.029549 -0.032824
v 0.010152 -0.029398 -0.032725
v 0.011037 -0.029824 -0.032979
v 0.010881 -0.029540 -0.032809
v 0.010787 -0.030174 -0.033937
v 0.010787 -0.030174 -0.033937
v 0.011080 -0.030205 -0.033616
v 0.011037 -0.029824 -0.032979
v 0.010881 -0.029540 -0.032809
v 0.011037 -0.029824 -0.032979
v 0.011501 -0.029339 -0.032007
v 0.010152 -0.029398 -0.032725
v 0.010881 -0.029540 -0.032809
v 0.010675 -0.028889 -0.032052
v 0.011080 -0.030205 -0.033616
v 0.011501 -0.029339 -0.032007
v 0.011037 -0.029824 -0.032979
v 0.009789 -0.028941 -0.032033
v 0.009610 -0.029894 -0.033463
v 0.009884 -0.029549 -0.032824
v 0.009204 -0.030732 -0.033333
v 0.010163 -0.031055 -0.033747
v 0.010235 -0.030323 -0.033888
v 0.010235 -0.030323 -0.033888
v 0.009610 -0.029894 -0.033463
v 0.009204 -0.030732 -0.033333
v 0.010163 -0.031055 -0.033747
v 0.011246 -0.031180 -0.033442
v 0.011080 -0.030205 -0.033616
v 0.011080 -0.030205 -0.033616
v 0.010235 -0.030323 -0.033888
v 0.010163 -0.031055 -0.033747
v 0.007494 -0.030801 -0.037329
v 0.007614 -0.029521 -0.037688
v 0.006642 -0.029342 -0.037385
v 0.006642 -0.029342 -0.037385
v 0.006361 -0.030556 -0.036972
v 0.007494 -0.030801 -0.037329
v 0.007494 -0.030801 -0.037329
v 0.008659 -0.030768 -0.036903
v 0.008477 -0.029431 -0.037288
v 0.008477 -0.029431 -0.037288
v 0.007614 -0.029521 -0.037688
v 0.007494 -0.030801 -0.037329
v 0.004478 -0.030809 -0.040291
v 0.004466 -0.029674 -0.040679
v 0.003452 -0.029400 -0.040076
v 0.003452 -0.029400 -0.040076
v 0.003217 -0.030712 -0.039935
v 0.004478 -0.030809 -0.040291
v 0.004478 -0.030809 -0.040291
v 0.005736 -0.030705 -0.039854
v 0.005538 -0.029425 -0.039934
v 0.005538 -0.029425 -0.039934
v 0.004466 -0.029674 -0.040679
v 0.004478 -0.030809 -0.040291
v 0.000252 -0.029115 -0.041776
v -0.000099 -0.030382 -0.041823
v 0.001306 -0.030435 -0.042120
v 0.001306 -0.030435 -0.042120
v 0.001314 -0.029269 -0.042297
v 0.000252 -0.029115 -0.041776
v 0.001306 -0.030435 -0.042120
v 0.002575 -0.030446 -0.041533
v 0.002391 -0.029205 -0.041644
v 0.002391 -0.029205 -0.041644
v 0.001314 -0.029269 -0.042297
v 0.001306 -0.030435 -0.042120
v 0.006143 -0.028713 -0.032531
v 0.006097 -0.029031 -0.034219
v 0.005594 -0.031690 -0.033968
v 0.005594 -0.031690 -0.033968
v 0.005559 -0.031946 -0.029580
v 0.006143 -0.028713 -0.032531
v 0.003180 -0.031736 -0.034799
v 0.002815 -0.028832 -0.035765
v 0.002638 -0.028238 -0.033328
v 0.002638 -0.028238 -0.033328
v 0.003111 -0.032035 -0.031098
v 0.003180 -0.031736 -0.034799
v 0.002815 -0.028832 -0.035765
v 0.003180 -0.031736 -0.034799
v 0.003469 -0.031460 -0.038510
v 0.003469 -0.031460 -0.038510
v 0.003217 -0.030712 -0.039935
v 0.002815 -0.028832 -0.035765
v 0.002638 -0.028238 -0.033328
v 0.002898 -0.028996 -0.037516
v 0.002004 -0.031912 -0.036514
v 0.002004 -0.031912 -0.036514
v 0.001756 -0.032095 -0.031433
v 0.002638 -0.028238 -0.033328
v -0.000374 -0.031896 -0.036904
v -0.000966 -0.028919 -0.037847
v -0.001548 -0.028105 -0.033665
v -0.001548 -0.028105 -0.033665
v -0.000843 -0.032136 -0.031967
v -0.000374 -0.031896 -0.036904
v -0.001105 -0.028769 -0.037111
v -0.001969 -0.031674 -0.037161
v -0.002472 -0.031211 -0.034972
v -0.002472 -0.031211 -0.034972
v -0.001461 -0.028280 -0.035155
v -0.001105 -0.028769 -0.037111
v 0.005599 -0.031388 -0.038375
v 0.005594 -0.031690 -0.033968
v 0.006097 -0.029031 -0.034219
v 0.006097 -0.029031 -0.034219
v 0.005736 -0.030705 -0.039854
v 0.005599 -0.031388 -0.038375
v -0.001510 -0.027729 -0.039901
v -0.001203 -0.028197 -0.041871
v -0.000917 -0.029866 -0.041571
v -0.004946 -0.029790 -0.042339
v -0.004494 -0.028146 -0.042379
v -0.004887 -0.027806 -0.040480
v -0.003609 -0.031709 -0.041298
v -0.002375 -0.031738 -0.041000
v -0.001959 -0.029873 -0.042780
v -0.001959 -0.029873 -0.042780
v -0.003452 -0.029874 -0.043119
v -0.003609 -0.031709 -0.041298
v -0.003452 -0.029874 -0.043119
v -0.001959 -0.029873 -0.042780
v -0.002044 -0.028569 -0.043010
v -0.002044 -0.028569 -0.043010
v -0.003332 -0.028549 -0.043322
v -0.003452 -0.029874 -0.043119
v -0.003609 -0.031709 -0.041298
v -0.003739 -0.032201 -0.037340
v -0.002375 -0.031738 -0.041000
v -0.003739 -0.032201 -0.037340
v -0.003609 -0.031709 -0.041298
v -0.005521 -0.031854 -0.037865
v -0.005521 -0.031854 -0.037865
v -0.003609 -0.031709 -0.041298
v -0.004635 -0.031293 -0.040958
v -0.003739 -0.032201 -0.037340
v -0.001969 -0.031674 -0.037161
v -0.002375 -0.031738 -0.041000
v -0.002375 -0.031738 -0.041000
v -0.001969 -0.031674 -0.037161
v -0.001627 -0.031335 -0.040477
v -0.004946 -0.029790 -0.042339
v -0.004635 -0.031293 -0.040958
v -0.003609 -0.031709 -0.041298
v -0.003609 -0.031709 -0.041298
v -0.003452 -0.029874 -0.043119
v -0.004946 -0.029790 -0.042339
v -0.002375 -0.031738 -0.041000
v -0.001627 -0.031335 -0.040477
v -0.000917 -0.029866 -0.041571
v -0.000917 -0.029866 -0.041571
v -0.001959 -0.029873 -0.042780
v -0.002375 -0.031738 -0.041000
v -0.004494 -0.028146 -0.042379
v -0.004946 -0.029790 -0.042339
v -0.003452 -0.029874 -0.043119
v -0.003452 -0.029874 -0.043119
v -0.003332 -0.028549 -0.043322
v -0.004494 -0.028146 -0.042379
v -0.001203 -0.028197 -0.041871
v -0.002044 -0.028569 -0.043010
v -0.001959 -0.029873 -0.042780
v -0.001959 -0.029873 -0.042780
v -0.000917 -0.029866 -0.041571
v -0.001203 -0.028197 -0.041871
v -0.004494 -0.028146 -0.042379
v -0.003332 -0.028549 -0.043322
v -0.003450 -0.027820 -0.043407
v -0.001759 -0.027793 -0.043045
v -0.002044 -0.028569 -0.043010
v -0.001203 -0.028197 -0.041871
v 0.000252 -0.029115 -0.041776
v 0.001314 -0.029269 -0.042297
v 0.000821 -0.028902 -0.042123
v 0.001874 -0.028833 -0.042065
v 0.001314 -0.029269 -0.042297
v 0.002391 -0.029205 -0.041644
v 0.003452 -0.029400 -0.040076
v 0.004466 -0.029674 -0.040679
v 0.003951 -0.029328 -0.040595
v 0.005106 -0.029285 -0.040484
v 0.004466 -0.029674 -0.040679
v 0.005538 -0.029425 -0.039934
v 0.006642 -0.029342 -0.037385
v 0.007614 -0.029521 -0.037688
v 0.007044 -0.029085 -0.037722
v 0.008057 -0.029156 -0.037678
v 0.007614 -0.029521 -0.037688
v 0.008477 -0.029431 -0.037288
v 0.010787 -0.030174 -0.033937
v 0.010251 -0.030145 -0.034093
v 0.010235 -0.030323 -0.033888
v 0.010235 -0.030323 -0.033888
v 0.011080 -0.030205 -0.033616
v 0.010787 -0.030174 -0.033937
v 0.010235 -0.030323 -0.033888
v 0.010251 -0.030145 -0.034093
v 0.009709 -0.029940 -0.033844
v 0.009709 -0.029940 -0.033844
v 0.009610 -0.029894 -0.033463
v 0.010235 -0.030323 -0.033888
v -0.008205 -0.024282 -0.024932
v -0.008680 -0.028817 -0.023565
v -0.008527 -0.028920 -0.029281
v -0.008527 -0.028920 -0.029281
v -0.007520 -0.025434 -0.030459
v -0.008205 -0.024282 -0.024932
v -0.007520 -0.025434 -0.030459
v -0.004773 -0.023661 -0.031451
v -0.004901 -0.023161 -0.030511
v -0.004901 -0.023161 -0.030511
v -0.008205 -0.024282 -0.024932
v -0.007520 -0.025434 -0.030459
v -0.006679 -0.026374 -0.034384
v -0.004265 -0.025042 -0.034425
v -0.004773 -0.023661 -0.031451
v -0.004773 -0.023661 -0.031451
v -0.007520 -0.025434 -0.030459
v -0.006679 -0.026374 -0.034384
v -0.004265 -0.025042 -0.034425
v -0.002459 -0.025427 -0.033997
v -0.002462 -0.024181 -0.031851
v -0.002462 -0.024181 -0.031851
v -0.004773 -0.023661 -0.031451
v -0.004265 -0.025042 -0.034425
v -0.007520 -0.025434 -0.030459
v -0.008527 -0.028920 -0.029281
v -0.007576 -0.029204 -0.033606
v -0.007576 -0.029204 -0.033606
v -0.006679 -0.026374 -0.034384
v -0.007520 -0.025434 -0.030459
v -0.006075 -0.031725 -0.035566
v -0.007576 -0.029204 -0.033606
v -0.006675 -0.032056 -0.032227
v -0.006675 -0.032056 -0.032227
v -0.007576 -0.029204 -0.033606
v -0.008527 -0.028920 -0.029281
v -0.008527 -0.028920 -0.029281
v -0.007072 -0.032004 -0.028041
v -0.006675 -0.032056 -0.032227
v -0.007576 -0.029204 -0.033606
v -0.006075 -0.031725 -0.035566
v -0.006772 -0.029602 -0.037903
v -0.006772 -0.029602 -0.037903
v -0.004887 -0.027806 -0.040480
v -0.005842 -0.027382 -0.037799
v -0.005842 -0.027382 -0.037799
v -0.004161 -0.027347 -0.039822
v -0.003750 -0.026638 -0.037285
v -0.003750 -0.026638 -0.037285
v -0.002459 -0.027244 -0.039449
v -0.001749 -0.027061 -0.037173
v -0.003750 -0.026638 -0.037285
v -0.004161 -0.027347 -0.039822
v -0.002459 -0.027244 -0.039449
v -0.004161 -0.027347 -0.039822
v -0.005842 -0.027382 -0.037799
v -0.004887 -0.027806 -0.040480
v -0.006772 -0.029602 -0.037903
v -0.005842 -0.027382 -0.037799
v -0.006679 -0.026374 -0.034384
v -0.006679 -0.026374 -0.034384
v -0.007576 -0.029204 -0.033606
v -0.006772 -0.029602 -0.037903
v -0.006679 -0.026374 -0.034384
v -0.005842 -0.027382 -0.037799
v -0.003750 -0.026638 -0.037285
v -0.003750 -0.026638 -0.037285
v -0.004265 -0.025042 -0.034425
v -0.006679 -0.026374 -0.034384
v -0.002459 -0.025427 -0.033997
v -0.004265 -0.025042 -0.034425
v -0.003750 -0.026638 -0.037285
v -0.003750 -0.026638 -0.037285
v -0.001749 -0.027061 -0.037173
v -0.002459 -0.025427 -0.033997
v 0.011514 -0.031916 -0.029969
v 0.009532 -0.031622 -0.030163
v 0.009657 -0.032347 -0.028237
v 0.009657 -0.032347 -0.028237
v 0.011513 -0.031929 -0.027569
v 0.011514 -0.031916 -0.029969
v 0.009657 -0.032347 -0.028237
v 0.009289 -0.029106 -0.030267
v 0.008760 -0.032269 -0.028535
v 0.006626 -0.031896 -0.028953
v 0.006143 -0.028713 -0.032531
v 0.005559 -0.031946 -0.029580
v 0.009289 -0.029106 -0.030267
v 0.009657 -0.032347 -0.028237
v 0.009532 -0.031622 -0.030163
v 0.009532 -0.031622 -0.030163
v 0.009223 -0.029696 -0.030903
v 0.009289 -0.029106 -0.030267
v 0.008862 -0.031643 -0.032482
v 0.006534 -0.031522 -0.032763
v 0.006626 -0.031896 -0.028953
v 0.006626 -0.031896 -0.028953
v 0.008760 -0.032269 -0.028535
v 0.008862 -0.031643 -0.032482
v 0.007525 -0.031640 -0.035759
v 0.008862 -0.031643 -0.032482
v 0.008623 -0.031396 -0.035437
v 0.009799 -0.027975 -0.017578
v 0.010749 -0.027849 -0.020220
v 0.010514 -0.030912 -0.020083
v 0.010514 -0.030912 -0.020083
v 0.008223 -0.031649 -0.013756
v 0.009799 -0.027975 -0.017578
v 0.006461 -0.031259 -0.035510
v 0.006534 -0.031522 -0.032763
v 0.007525 -0.031640 -0.035759
v 0.007525 -0.031640 -0.035759
v 0.006534 -0.031522 -0.032763
v 0.008862 -0.031643 -0.032482
v 0.009289 -0.029106 -0.030267
v 0.009195 -0.029286 -0.033050
v 0.008862 -0.031643 -0.032482
v 0.008862 -0.031643 -0.032482
v 0.008760 -0.032269 -0.028535
v 0.009289 -0.029106 -0.030267
v 0.006534 -0.031522 -0.032763
v 0.006206 -0.028866 -0.033712
v 0.006143 -0.028713 -0.032531
v 0.006143 -0.028713 -0.032531
v 0.006626 -0.031896 -0.028953
v 0.006534 -0.031522 -0.032763
v 0.006206 -0.028866 -0.033712
v 0.006534 -0.031522 -0.032763
v 0.006461 -0.031259 -0.035510
v 0.006461 -0.031259 -0.035510
v 0.006361 -0.030556 -0.036972
v 0.006206 -0.028866 -0.033712
v 0.008623 -0.031396 -0.035437
v 0.008862 -0.031643 -0.032482
v 0.009195 -0.029286 -0.033050
v 0.009195 -0.029286 -0.033050
v 0.008659 -0.030768 -0.036903
v 0.008623 -0.031396 -0.035437
v 0.010251 -0.030145 -0.034093
v 0.010787 -0.030174 -0.033937
v 0.010881 -0.029540 -0.032809
v 0.005386 -0.018877 -0.024103
v 0.005749 -0.020814 -0.025164
v 0.008019 -0.022379 -0.020919
v 0.010514 -0.030912 -0.020083
v 0.009904 -0.031925 -0.020280
v 0.008223 -0.031649 -0.013756
v -0.000631 -0.023840 -0.031851
v 0.002242 -0.023819 -0.031189
v 0.002617 -0.022908 -0.030079
v 0.002617 -0.022908 -0.030079
v 0.002242 -0.023819 -0.031189
v 0.003398 -0.024113 -0.030804
v 0.002617 -0.022908 -0.030079
v 0.003398 -0.024113 -0.030804
v 0.005941 -0.024839 -0.029540
v 0.005941 -0.024839 -0.029540
v 0.006406 -0.022826 -0.027123
v 0.002617 -0.022908 -0.030079
v 0.006406 -0.022826 -0.027123
v 0.005941 -0.024839 -0.029540
v 0.006883 -0.025087 -0.029137
v 0.009249 -0.024385 -0.022801
v 0.008949 -0.025976 -0.027958
v 0.009895 -0.026346 -0.027425
v 0.009249 -0.024385 -0.022801
v 0.009895 -0.026346 -0.027425
v 0.011724 -0.027622 -0.025197
v 0.010749 -0.027849 -0.020220
v 0.009799 -0.027975 -0.017578
v 0.009249 -0.024385 -0.022801
v 0.008949 -0.025976 -0.027958
v 0.009249 -0.024385 -0.022801
v 0.006406 -0.022826 -0.027123
v 0.006406 -0.022826 -0.027123
v 0.006883 -0.025087 -0.029137
v 0.008949 -0.025976 -0.027958
v 0.010749 -0.027849 -0.020220
v 0.009249 -0.024385 -0.022801
v 0.011724 -0.027622 -0.025197
v 0.010749 -0.027849 -0.020220
v 0.011724 -0.027622 -0.025197
v 0.011620 -0.030153 -0.024846
v 0.011620 -0.030153 -0.024846
v 0.010514 -0.030912 -0.020083
v 0.010749 -0.027849 -0.020220
v 0.011620 -0.030153 -0.024846
v 0.011513 -0.031929 -0.027569
v 0.010514 -0.030912 -0.020083
v 0.009904 -0.031925 -0.020280
v 0.010514 -0.030912 -0.020083
v 0.011513 -0.031929 -0.027569
v -0.008748 -0.028782 -0.019018
v -0.008680 -0.028817 -0.023565
v -0.008205 -0.024282 -0.024932
v -0.008680 -0.028817 -0.023565
v -0.008748 -0.028782 -0.019018
v -0.007280 -0.031867 -0.022594
v -0.000394 -0.000708 0.007249
v -0.000182 0.005214 0.005436
v 0.002072 0.004442 0.002864
v 0.002072 0.004442 0.002864
v 0.002002 -0.001827 0.004059
v -0.000394 -0.000708 0.007249
v -0.000394 -0.000708 0.007249
v -0.003429 0.000021 0.008765
v -0.003282 0.005613 0.006841
v -0.003282 0.005613 0.006841
v -0.000182 0.005214 0.005436
v -0.000394 -0.000708 0.007249
v -0.003429 0.000021 0.008765
v -0.006994 -0.000185 0.007749
v -0.006416 0.005534 0.005826
v -0.006416 0.005534 0.005826
v -0.003282 0.005613 0.006841
v -0.003429 0.000021 0.008765
v -0.008854 -0.000977 0.004209
v -0.007965 0.004738 0.002570
v -0.006416 0.005534 0.005826
v -0.006416 0.005534 0.005826
v -0.006994 -0.000185 0.007749
v -0.008854 -0.000977 0.004209
v -0.010010 -0.001167 0.000135
v -0.008912 0.004789 -0.001358
v -0.007965 0.004738 0.002570
v -0.007965 0.004738 0.002570
v -0.008854 -0.000977 0.004209
v -0.010010 -0.001167 0.000135
v -0.006546 -0.010749 -0.018934
v -0.006566 -0.001178 -0.013980
v -0.008965 -0.003553 -0.008932
v -0.008965 -0.003553 -0.008932
v -0.008583 -0.014115 -0.015982
v -0.006546 -0.010749 -0.018934
v 0.005952 -0.013948 -0.014493
v 0.007108 -0.019264 -0.010778
v 0.005637 -0.013436 -0.004680
v 0.005637 -0.013436 -0.004680
v 0.005045 -0.003608 -0.007914
v 0.005952 -0.013948 -0.014493
v 0.005428 -0.023424 -0.008060
v 0.003499 -0.020001 -0.003860
v 0.005051 -0.017162 -0.003855
v 0.005051 -0.017162 -0.003855
v 0.007108 -0.019264 -0.010778
v 0.005428 -0.023424 -0.008060
v 0.005637 -0.013436 -0.004680
v 0.004657 -0.011300 0.001222
v 0.004320 -0.005225 -0.000064
v 0.004320 -0.005225 -0.000064
v 0.005045 -0.003608 -0.007914
v 0.005637 -0.013436 -0.004680
v 0.004235 -0.015044 0.001711
v 0.002302 -0.018246 0.001551
v 0.001056 -0.017133 0.006900
v 0.001056 -0.017133 0.006900
v 0.002891 -0.013708 0.007140
v 0.004235 -0.015044 0.001711
v 0.003056 -0.009628 0.006626
v 0.000466 -0.008813 0.010463
v -0.000394 -0.000708 0.007249
v -0.000394 -0.000708 0.007249
v 0.002002 -0.001827 0.004059
v 0.003056 -0.009628 0.006626
v 0.002891 -0.013708 0.007140
v 0.001056 -0.017133 0.006900
v -0.000087 -0.016699 0.009290
v -0.000087 -0.016699 0.009290
v 0.000210 -0.012800 0.010951
v 0.002891 -0.013708 0.007140
v -0.010736 -0.014484 0.004342
v -0.009794 -0.013733 0.008722
v -0.008112 -0.017054 0.007973
v -0.008112 -0.017054 0.007973
v -0.008548 -0.017633 0.004760
v -0.010736 -0.014484 0.004342
v -0.010736 -0.014484 0.004342
v -0.011325 -0.009914 0.003136
v -0.010148 -0.008924 0.007472
v -0.010148 -0.008924 0.007472
v -0.009794 -0.013733 0.008722
v -0.010736 -0.014484 0.004342
v -0.000394 -0.000708 0.007249
v 0.000466 -0.008813 0.010463
v -0.003252 -0.008218 0.011956
v -0.003252 -0.008218 0.011956
v -0.003429 0.000021 0.008765
v -0.000394 -0.000708 0.007249
v 0.000210 -0.012800 0.010951
v -0.000087 -0.016699 0.009290
v -0.003129 -0.016348 0.010826
v -0.003129 -0.016348 0.010826
v -0.002920 -0.012626 0.012272
v 0.000210 -0.012800 0.010951
v -0.009794 -0.013733 0.008722
v -0.007100 -0.012814 0.011639
v -0.006383 -0.016422 0.010359
v -0.006383 -0.016422 0.010359
v -0.008112 -0.017054 0.007973
v -0.009794 -0.013733 0.008722
v -0.010148 -0.008924 0.007472
v -0.008854 -0.000977 0.004209
v -0.006994 -0.000185 0.007749
v -0.006994 -0.000185 0.007749
v -0.007393 -0.008156 0.011000
v -0.010148 -0.008924 0.007472
v -0.003429 0.000021 0.008765
v -0.003252 -0.008218 0.011956
v -0.007393 -0.008156 0.011000
v -0.007393 -0.008156 0.011000
v -0.006994 -0.000185 0.007749
v -0.003429 0.000021 0.008765
v -0.003129 -0.016348 0.010826
v -0.006383 -0.016422 0.010359
v -0.007100 -0.012814 0.011639
v -0.007100 -0.012814 0.011639
v -0.002920 -0.012626 0.012272
v -0.003129 -0.016348 0.010826
v 0.005051 -0.017162 -0.003855
v 0.003499 -0.020001 -0.003860
v 0.002302 -0.018246 0.001551
v 0.002302 -0.018246 0.001551
v 0.004235 -0.015044 0.001711
v 0.005051 -0.017162 -0.003855
v 0.004620 0.003502 -0.007029
v 0.005636 -0.000711 -0.000610
v 0.004586 0.005378 -0.001782
v 0.005045 -0.003608 -0.007914
v 0.005636 -0.000711 -0.000610
v 0.004620 0.003502 -0.007029
v 0.004586 0.005378 -0.001782
v 0.005636 -0.000711 -0.000610
v 0.002072 0.004442 0.002864
v 0.002072 0.004442 0.002864
v 0.005636 -0.000711 -0.000610
v 0.002002 -0.001827 0.004059
v 0.004320 -0.005225 -0.000064
v 0.005636 -0.000711 -0.000610
v 0.005045 -0.003608 -0.007914
v 0.002002 -0.001827 0.004059
v 0.005636 -0.000711 -0.000610
v 0.004320 -0.005225 -0.000064
v -0.008863 0.006167 -0.006276
v -0.010659 0.000265 -0.005114
v -0.008129 0.005058 -0.009893
v -0.008129 0.005058 -0.009893
v -0.010659 0.000265 -0.005114
v -0.008965 -0.003553 -0.008932
v -0.008912 0.004789 -0.001358
v -0.010659 0.000265 -0.005114
v -0.008863 0.006167 -0.006276
v -0.010010 -0.001167 0.000135
v -0.010659 0.000265 -0.005114
v -0.008912 0.004789 -0.001358
v -0.008965 -0.003553 -0.008932
v -0.010659 0.000265 -0.005114
v -0.010250 -0.004209 -0.004276
v -0.010250 -0.004209 -0.004276
v -0.010659 0.000265 -0.005114
v -0.010010 -0.001167 0.000135
v 0.004320 -0.005225 -0.000064
v 0.004657 -0.011300 0.001222
v 0.003056 -0.009628 0.006626
v 0.003056 -0.009628 0.006626
v 0.002002 -0.001827 0.004059
v 0.004320 -0.005225 -0.000064
v -0.011325 -0.009914 0.003136
v -0.010010 -0.001167 0.000135
v -0.008854 -0.000977 0.004209
v -0.008854 -0.000977 0.004209
v -0.010148 -0.008924 0.007472
v -0.011325 -0.009914 0.003136
v -0.011325 -0.009914 0.003136
v -0.010897 -0.011558 -0.002545
v -0.010250 -0.004209 -0.004276
v -0.010250 -0.004209 -0.004276
v -0.010010 -0.001167 0.000135
v -0.011325 -0.009914 0.003136
v -0.010897 -0.011558 -0.002545
v -0.009499 -0.013997 -0.008156
v -0.008965 -0.003553 -0.008932
v -0.008965 -0.003553 -0.008932
v -0.010250 -0.004209 -0.004276
v -0.010897 -0.011558 -0.002545
v -0.008583 -0.014115 -0.015982
v -0.008965 -0.003553 -0.008932
v -0.009499 -0.013997 -0.008156
v -0.009685 -0.016365 -0.001646
v -0.010736 -0.014484 0.004342
v -0.008548 -0.017633 0.004760
v -0.008548 -0.017633 0.004760
v -0.007344 -0.019407 -0.001153
v -0.009685 -0.016365 -0.001646
v -0.010736 -0.014484 0.004342
v -0.009685 -0.016365 -0.001646
v -0.010897 -0.011558 -0.002545
v -0.010897 -0.011558 -0.002545
v -0.011325 -0.009914 0.003136
v -0.010736 -0.014484 0.004342
v -0.009499 -0.013997 -0.008156
v -0.010897 -0.011558 -0.002545
v -0.009685 -0.016365 -0.001646
v -0.009685 -0.016365 -0.001646
v -0.007884 -0.018607 -0.007757
v -0.009499 -0.013997 -0.008156
v -0.006566 -0.001178 -0.013980
v -0.006217 0.005341 -0.012555
v -0.008129 0.005058 -0.009893
v -0.008129 0.005058 -0.009893
v -0.008965 -0.003553 -0.008932
v -0.006566 -0.001178 -0.013980
v -0.003075 -0.008356 -0.020364
v -0.003376 0.000207 -0.016422
v -0.006566 -0.001178 -0.013980
v -0.006566 -0.001178 -0.013980
v -0.006546 -0.010749 -0.018934
v -0.003075 -0.008356 -0.020364
v 0.003600 -0.000822 -0.014067
v 0.005045 -0.003608 -0.007914
v 0.004620 0.003502 -0.007029
v 0.004620 0.003502 -0.007029
v 0.003288 0.004905 -0.011811
v 0.003600 -0.000822 -0.014067
v 0.004174 -0.009428 -0.018209
v 0.005952 -0.013948 -0.014493
v 0.005045 -0.003608 -0.007914
v 0.005045 -0.003608 -0.007914
v 0.003600 -0.000822 -0.014067
v 0.004174 -0.009428 -0.018209
v 0.003600 -0.000822 -0.014067
v 0.000405 0.000283 -0.016482
v 0.000685 -0.007650 -0.020285
v 0.000685 -0.007650 -0.020285
v 0.004174 -0.009428 -0.018209
v 0.003600 -0.000822 -0.014067
v 0.000685 -0.007650 -0.020285
v 0.000405 0.000283 -0.016482
v -0.003376 0.000207 -0.016422
v -0.003376 0.000207 -0.016422
v -0.003075 -0.008356 -0.020364
v 0.000685 -0.007650 -0.020285
v -0.006217 0.005341 -0.012555
v -0.006566 -0.001178 -0.013980
v -0.003376 0.000207 -0.016422
v -0.003376 0.000207 -0.016422
v -0.002946 0.005923 -0.014714
v -0.006217 0.005341 -0.012555
v 0.000405 0.000283 -0.016482
v 0.003600 -0.000822 -0.014067
v 0.003288 0.004905 -0.011811
v 0.003288 0.004905 -0.011811
v 0.000445 0.005831 -0.014488
v 0.000405 0.000283 -0.016482
v -0.002946 0.005923 -0.014714
v -0.003376 0.000207 -0.016422
v 0.000405 0.000283 -0.016482
v 0.000405 0.000283 -0.016482
v 0.000445 0.005831 -0.014488
v -0.002946 0.005923 -0.014714
v -0.007884 -0.018607 -0.007757
v -0.008238 -0.019879 -0.010599
v -0.009499 -0.013997 -0.008156
v -0.007884 -0.018607 -0.007757
v -0.009685 -0.016365 -0.001646
v -0.007344 -0.019407 -0.001153
v -0.007344 -0.019407 -0.001153
v -0.005314 -0.022430 -0.007259
v -0.007884 -0.018607 -0.007757
v -0.008238 -0.019879 -0.010599
v -0.007884 -0.018607 -0.007757
v -0.005314 -0.022430 -0.007259
v 0.005051 -0.017162 -0.003855
v 0.005637 -0.013436 -0.004680
v 0.007108 -0.019264 -0.010778
v 0.004235 -0.015044 0.001711
v 0.004657 -0.011300 0.001222
v 0.005637 -0.013436 -0.004680
v 0.005637 -0.013436 -0.004680
v 0.005051 -0.017162 -0.003855
v 0.004235 -0.015044 0.001711
v 0.002891 -0.013708 0.007140
v 0.003056 -0.009628 0.006626
v 0.004657 -0.011300 0.001222
v 0.004657 -0.011300 0.001222
v 0.004235 -0.015044 0.001711
v 0.002891 -0.013708 0.007140
v 0.000210 -0.012800 0.010951
v 0.000466 -0.008813 0.010463
v 0.003056 -0.009628 0.006626
v 0.003056 -0.009628 0.006626
v 0.002891 -0.013708 0.007140
v 0.000210 -0.012800 0.010951
v -0.002920 -0.012626 0.012272
v -0.003252 -0.008218 0.011956
v 0.000466 -0.008813 0.010463
v 0.000466 -0.008813 0.010463
v 0.000210 -0.012800 0.010951
v -0.002920 -0.012626 0.012272
v -0.007100 -0.012814 0.011639
v -0.007393 -0.008156 0.011000
v -0.003252 -0.008218 0.011956
v -0.003252 -0.008218 0.011956
v -0.002920 -0.012626 0.012272
v -0.007100 -0.012814 0.011639
v -0.010148 -0.008924 0.007472
v -0.007393 -0.008156 0.011000
v -0.007100 -0.012814 0.011639
v -0.007100 -0.012814 0.011639
v -0.009794 -0.013733 0.008722
v -0.010148 -0.008924 0.007472
v -0.008583 -0.014115 -0.015982
v -0.009499 -0.013997 -0.008156
v -0.008238 -0.019879 -0.010599
v 0.012119 -0.022706 -0.014718
v 0.012156 -0.023579 -0.015522
v 0.011237 -0.024212 -0.013563
v 0.011237 -0.024212 -0.013563
v 0.011145 -0.023421 -0.013263
v 0.012119 -0.022706 -0.014718
v 0.011898 -0.021742 -0.013770
v 0.011126 -0.023500 -0.013223
v 0.010917 -0.023190 -0.012442
v 0.010917 -0.023190 -0.012442
v 0.011491 -0.020937 -0.012963
v 0.011898 -0.021742 -0.013770
v 0.013681 -0.020681 -0.015528
v 0.012979 -0.021398 -0.014948
v 0.012716 -0.021151 -0.014384
v 0.012716 -0.021151 -0.014384
v 0.012815 -0.020059 -0.013818
v 0.013681 -0.020681 -0.015528
v 0.012889 -0.021990 -0.015224
v 0.013331 -0.022518 -0.016259
v 0.012156 -0.023579 -0.015522
v 0.012156 -0.023579 -0.015522
v 0.012119 -0.022706 -0.014718
v 0.012889 -0.021990 -0.015224
v 0.012716 -0.021151 -0.014384
v 0.011898 -0.021742 -0.013770
v 0.011491 -0.020937 -0.012963
v 0.011491 -0.020937 -0.012963
v 0.012815 -0.020059 -0.013818
v 0.012716 -0.021151 -0.014384
v 0.012889 -0.021990 -0.015224
v 0.012979 -0.021398 -0.014948
v 0.013681 -0.020681 -0.015528
v 0.013681 -0.020681 -0.015528
v 0.013331 -0.022518 -0.016259
v 0.012889 -0.021990 -0.015224
v 0.011350 -0.020203 -0.007991
v 0.011035 -0.021262 -0.007591
v 0.011190 -0.021079 -0.006103
v 0.011190 -0.021079 -0.006103
v 0.011708 -0.019149 -0.006759
v 0.011350 -0.020203 -0.007991
v 0.010696 -0.023443 -0.013106
v 0.010802 -0.024407 -0.012148
v 0.011099 -0.021136 -0.011581
v 0.011099 -0.021136 -0.011581
v 0.011326 -0.020005 -0.012702
v 0.010696 -0.023443 -0.013106
v 0.010214 -0.025247 -0.011309
v 0.010446 -0.024354 -0.012129
v 0.011657 -0.027192 -0.012750
v 0.011657 -0.027192 -0.012750
v 0.011525 -0.027763 -0.011741
v 0.010214 -0.025247 -0.011309
v 0.014575 -0.026780 -0.017527
v 0.014886 -0.028651 -0.016537
v 0.013637 -0.027807 -0.015842
v 0.013637 -0.027807 -0.015842
v 0.013597 -0.026772 -0.016238
v 0.014575 -0.026780 -0.017527
v 0.010696 -0.023443 -0.013106
v 0.012057 -0.023436 -0.016252
v 0.011782 -0.024644 -0.015213
v 0.011782 -0.024644 -0.015213
v 0.010802 -0.024407 -0.012148
v 0.010696 -0.023443 -0.013106
v 0.011326 -0.020005 -0.012702
v 0.011099 -0.021136 -0.011581
v 0.011308 -0.020005 -0.010434
v 0.011308 -0.020005 -0.010434
v 0.011581 -0.018333 -0.010953
v 0.011326 -0.020005 -0.012702
v 0.012057 -0.023436 -0.016252
v 0.013314 -0.024880 -0.017720
v 0.012771 -0.025544 -0.016185
v 0.012771 -0.025544 -0.016185
v 0.011782 -0.024644 -0.015213
v 0.012057 -0.023436 -0.016252
v 0.011581 -0.018333 -0.010953
v 0.011308 -0.020005 -0.010434
v 0.011476 -0.019736 -0.008961
v 0.011476 -0.019736 -0.008961
v 0.011897 -0.018196 -0.008664
v 0.011581 -0.018333 -0.010953
v 0.013314 -0.024880 -0.017720
v 0.014575 -0.026780 -0.017527
v 0.013597 -0.026772 -0.016238
v 0.013597 -0.026772 -0.016238
v 0.012771 -0.025544 -0.016185
v 0.013314 -0.024880 -0.017720
v 0.011897 -0.018196 -0.008664
v 0.011476 -0.019736 -0.008961
v 0.011350 -0.020203 -0.007991
v 0.011350 -0.020203 -0.007991
v 0.011708 -0.019149 -0.006759
v 0.011897 -0.018196 -0.008664
v 0.013637 -0.027807 -0.015842
v 0.014886 -0.028651 -0.016537
v 0.014059 -0.029587 -0.014819
v 0.014059 -0.029587 -0.014819
v 0.013149 -0.028387 -0.014905
v 0.013637 -0.027807 -0.015842
v 0.011035 -0.021262 -0.007591
v 0.010616 -0.022500 -0.007955
v 0.010497 -0.023224 -0.006722
v 0.010497 -0.023224 -0.006722
v 0.011190 -0.021079 -0.006103
v 0.011035 -0.021262 -0.007591
v 0.012779 -0.029261 -0.012853
v 0.012477 -0.028131 -0.013696
v 0.013149 -0.028387 -0.014905
v 0.013149 -0.028387 -0.014905
v 0.014059 -0.029587 -0.014819
v 0.012779 -0.029261 -0.012853
v 0.010616 -0.022500 -0.007955
v 0.010549 -0.023641 -0.009123
v 0.010439 -0.024662 -0.008586
v 0.010439 -0.024662 -0.008586
v 0.010497 -0.023224 -0.006722
v 0.010616 -0.022500 -0.007955
v 0.011525 -0.027763 -0.011741
v 0.011657 -0.027192 -0.012750
v 0.012477 -0.028131 -0.013696
v 0.012477 -0.028131 -0.013696
v 0.012779 -0.029261 -0.012853
v 0.011525 -0.027763 -0.011741
v 0.010549 -0.023641 -0.009123
v 0.010446 -0.024354 -0.012129
v 0.010214 -0.025247 -0.011309
v 0.010214 -0.025247 -0.011309
v 0.010439 -0.024662 -0.008586
v 0.010549 -0.023641 -0.009123
v 0.010913 -0.023830 -0.011179
v 0.011067 -0.024924 -0.011203
v 0.011591 -0.026156 -0.004815
v 0.011591 -0.026156 -0.004815
v 0.011108 -0.023789 -0.003699
v 0.010913 -0.023830 -0.011179
v 0.013550 -0.032526 -0.012525
v 0.013149 -0.032348 -0.009834
v 0.011191 -0.025368 -0.011644
v 0.011191 -0.025368 -0.011644
v 0.011345 -0.025379 -0.012737
v 0.013550 -0.032526 -0.012525
v 0.013578 -0.030409 -0.021152
v 0.012806 -0.030426 -0.021303
v 0.013274 -0.032631 -0.022710
v 0.013274 -0.032631 -0.022710
v 0.014048 -0.032628 -0.022568
v 0.013578 -0.030409 -0.021152
v 0.013274 -0.032631 -0.022710
v 0.008817 -0.032542 -0.007177
v 0.009585 -0.032544 -0.007004
v 0.009585 -0.032544 -0.007004
v 0.014048 -0.032628 -0.022568
v 0.013274 -0.032631 -0.022710
v 0.008817 -0.032542 -0.007177
v 0.008606 -0.030494 -0.006340
v 0.009374 -0.030497 -0.006167
v 0.009374 -0.030497 -0.006167
v 0.009585 -0.032544 -0.007004
v 0.008817 -0.032542 -0.007177
v 0.009374 -0.030497 -0.006167
v 0.008606 -0.030494 -0.006340
v 0.011750 -0.030421 -0.018065
v 0.011750 -0.030421 -0.018065
v 0.012519 -0.030413 -0.017895
v 0.009374 -0.030497 -0.006167
v 0.011750 -0.030421 -0.018065
v 0.010577 -0.027931 -0.015110
v 0.011341 -0.027919 -0.014926
v 0.011341 -0.027919 -0.014926
v 0.012519 -0.030413 -0.017895
v 0.011750 -0.030421 -0.018065
v 0.011819 -0.026167 -0.016688
v 0.011055 -0.026178 -0.016872
v 0.012806 -0.030426 -0.021303
v 0.012806 -0.030426 -0.021303
v 0.013578 -0.030409 -0.021152
v 0.011819 -0.026167 -0.016688
v 0.008923 -0.022907 -0.008897
v 0.007685 -0.018700 -0.003842
v 0.008455 -0.018724 -0.003692
v 0.008455 -0.018724 -0.003692
v 0.009684 -0.022912 -0.008700
v 0.008923 -0.022907 -0.008897
v 0.009124 -0.014466 -0.005899
v 0.008355 -0.014438 -0.006061
v 0.009512 -0.020623 -0.011229
v 0.009512 -0.020623 -0.011229
v 0.010274 -0.020628 -0.011032
v 0.009124 -0.014466 -0.005899
v 0.008261 -0.010300 0.000359
v 0.007484 -0.010263 0.000240
v 0.007955 -0.006485 -0.001367
v 0.007955 -0.006485 -0.001367
v 0.008729 -0.006525 -0.001235
v 0.008261 -0.010300 0.000359
v 0.007955 -0.006485 -0.001367
v 0.008355 -0.014438 -0.006061
v 0.009124 -0.014466 -0.005899
v 0.009124 -0.014466 -0.005899
v 0.008729 -0.006525 -0.001235
v 0.007955 -0.006485 -0.001367
v 0.008455 -0.018724 -0.003692
v 0.007685 -0.018700 -0.003842
v 0.007242 -0.014841 0.000583
v 0.007242 -0.014841 0.000583
v 0.008021 -0.014875 0.000689
v 0.008455 -0.018724 -0.003692
v 0.007242 -0.014841 0.000583
v 0.007484 -0.010263 0.000240
v 0.008261 -0.010300 0.000359
v 0.008261 -0.010300 0.000359
v 0.008021 -0.014875 0.000689
v 0.007242 -0.014841 0.000583
v 0.010577 -0.027931 -0.015110
v 0.008923 -0.022907 -0.008897
v 0.009684 -0.022912 -0.008700
v 0.009684 -0.022912 -0.008700
v 0.011341 -0.027919 -0.014926
v 0.010577 -0.027931 -0.015110
v 0.010274 -0.020628 -0.011032
v 0.009512 -0.020623 -0.011229
v 0.011055 -0.026178 -0.016872
v 0.011055 -0.026178 -0.016872
v 0.011819 -0.026167 -0.016688
v 0.010274 -0.020628 -0.011032
v 0.012519 -0.030413 -0.017895
v 0.013578 -0.030409 -0.021152
v 0.014048 -0.032628 -0.022568
v 0.012519 -0.030413 -0.017895
v 0.014048 -0.032628 -0.022568
v 0.009585 -0.032544 -0.007004
v 0.009585 -0.032544 -0.007004
v 0.009374 -0.030497 -0.006167
v 0.012519 -0.030413 -0.017895
v 0.012519 -0.030413 -0.017895
v 0.011341 -0.027919 -0.014926
v 0.011819 -0.026167 -0.016688
v 0.011819 -0.026167 -0.016688
v 0.013578 -0.030409 -0.021152
v 0.012519 -0.030413 -0.017895
v 0.010274 -0.020628 -0.011032
v 0.009684 -0.022912 -0.008700
v 0.008455 -0.018724 -0.003692
v 0.008455 -0.018724 -0.003692
v 0.009124 -0.014466 -0.005899
v 0.010274 -0.020628 -0.011032
v 0.008261 -0.010300 0.000359
v 0.008729 -0.006525 -0.001235
v 0.009124 -0.014466 -0.005899
v 0.008455 -0.018724 -0.003692
v 0.008021 -0.014875 0.000689
v 0.008261 -0.010300 0.000359
v 0.008455 -0.018724 -0.003692
v 0.008261 -0.010300 0.000359
v 0.009124 -0.014466 -0.005899
v 0.011341 -0.027919 -0.014926
v 0.009684 -0.022912 -0.008700
v 0.010274 -0.020628 -0.011032
v 0.010274 -0.020628 -0.011032
v 0.011819 -0.026167 -0.016688
v 0.011341 -0.027919 -0.014926
v 0.012806 -0.030426 -0.021303
v 0.011750 -0.030421 -0.018065
v 0.013274 -0.032631 -0.022710
v 0.011750 -0.030421 -0.018065
v 0.008606 -0.030494 -0.006340
v 0.008817 -0.032542 -0.007177
v 0.008817 -0.032542 -0.007177
v 0.013274 -0.032631 -0.022710
v 0.011750 -0.030421 -0.018065
v 0.011055 -0.026178 -0.016872
v 0.010577 -0.027931 -0.015110
v 0.011750 -0.030421 -0.018065
v 0.011750 -0.030421 -0.018065
v 0.012806 -0.030426 -0.021303
v 0.011055 -0.026178 -0.016872
v 0.009512 -0.020623 -0.011229
v 0.008355 -0.014438 -0.006061
v 0.007685 -0.018700 -0.003842
v 0.007685 -0.018700 -0.003842
v 0.008923 -0.022907 -0.008897
v 0.009512 -0.020623 -0.011229
v 0.007955 -0.006485 -0.001367
v 0.007484 -0.010263 0.000240
v 0.008355 -0.014438 -0.006061
v 0.007242 -0.014841 0.000583
v 0.007685 -0.018700 -0.003842
v 0.007484 -0.010263 0.000240
v 0.007484 -0.010263 0.000240
v 0.007685 -0.018700 -0.003842
v 0.008355 -0.014438 -0.006061
v 0.009512 -0.020623 -0.011229
v 0.008923 -0.022907 -0.008897
v 0.010577 -0.027931 -0.015110
v 0.010577 -0.027931 -0.015110
v 0.011055 -0.026178 -0.016872
v 0.009512 -0.020623 -0.011229
v 0.011328 -0.021539 -0.015031
v 0.009113 -0.020184 -0.012912
v 0.009263 -0.018200 -0.018058
v 0.010000 -0.024593 -0.012882
v 0.009951 -0.023618 -0.017271
v 0.009113 -0.020184 -0.012912
v 0.009113 -0.020184 -0.012912
v 0.011328 -0.021539 -0.015031
v 0.010000 -0.024593 -0.012882
v 0.011328 -0.021539 -0.015031
v 0.009263 -0.018200 -0.018058
v 0.009951 -0.023618 -0.017271
v 0.011328 -0.021539 -0.015031
v 0.009951 -0.023618 -0.017271
v 0.010000 -0.024593 -0.012882
v 0.009951 -0.023618 -0.017271
v 0.009263 -0.018200 -0.018058
v 0.009113 -0.020184 -0.012912
v 0.011090 -0.022873 -0.010370
v 0.012165 -0.023391 -0.010884
v 0.012244 -0.024409 -0.010438
v 0.012244 -0.024409 -0.010438
v 0.011218 -0.024520 -0.009649
v 0.011090 -0.022873 -0.010370
v 0.011192 -0.022201 -0.012039
v 0.012228 -0.022976 -0.011916
v 0.012165 -0.023391 -0.010884
v 0.012165 -0.023391 -0.010884
v 0.011090 -0.022873 -0.010370
v 0.011192 -0.022201 -0.012039
v 0.011466 -0.022898 -0.013679
v 0.012397 -0.023406 -0.012929
v 0.012228 -0.022976 -0.011916
v 0.012228 -0.022976 -0.011916
v 0.011192 -0.022201 -0.012039
v 0.011466 -0.022898 -0.013679
v 0.011750 -0.024555 -0.014328
v 0.012572 -0.024430 -0.013330
v 0.012397 -0.023406 -0.012929
v 0.012397 -0.023406 -0.012929
v 0.011466 -0.022898 -0.013679
v 0.011750 -0.024555 -0.014328
v 0.011878 -0.026202 -0.013607
v 0.012652 -0.025448 -0.012885
v 0.012572 -0.024430 -0.013330
v 0.012572 -0.024430 -0.013330
v 0.011750 -0.024555 -0.014328
v 0.011878 -0.026202 -0.013607
v 0.011776 -0.026873 -0.011938
v 0.012588 -0.025863 -0.011853
v 0.012652 -0.025448 -0.012885
v 0.012652 -0.025448 -0.012885
v 0.011878 -0.026202 -0.013607
v 0.011776 -0.026873 -0.011938
v 0.011502 -0.026177 -0.010298
v 0.012420 -0.025433 -0.010840
v 0.012588 -0.025863 -0.011853
v 0.012588 -0.025863 -0.011853
v 0.011776 -0.026873 -0.011938
v 0.011502 -0.026177 -0.010298
v 0.011218 -0.024520 -0.009649
v 0.012244 -0.024409 -0.010438
v 0.012420 -0.025433 -0.010840
v 0.012420 -0.025433 -0.010840
v 0.011502 -0.026177 -0.010298
v 0.011218 -0.024520 -0.009649
v 0.012165 -0.023391 -0.010884
v 0.012761 -0.024375 -0.011845
v 0.012244 -0.024409 -0.010438
v 0.012228 -0.022976 -0.011916
v 0.012761 -0.024375 -0.011845
v 0.012165 -0.023391 -0.010884
v 0.012397 -0.023406 -0.012929
v 0.012761 -0.024375 -0.011845
v 0.012228 -0.022976 -0.011916
v 0.012572 -0.024430 -0.013330
v 0.012761 -0.024375 -0.011845
v 0.012397 -0.023406 -0.012929
v 0.012652 -0.025448 -0.012885
v 0.012761 -0.024375 -0.011845
v 0.012572 -0.024430 -0.013330
v 0.012588 -0.025863 -0.011853
v 0.012761 -0.024375 -0.011845
v 0.012652 -0.025448 -0.012885
v 0.012420 -0.025433 -0.010840
v 0.012761 -0.024375 -0.011845
v 0.012588 -0.025863 -0.011853
v 0.012244 -0.024409 -0.010438
v 0.012761 -0.024375 -0.011845
v 0.012420 -0.025433 -0.010840
v 0.011097 -0.033182 -0.000910
v 0.012053 -0.033010 -0.000943
v 0.012482 -0.036135 -0.004724
v 0.012482 -0.036135 -0.004724
v 0.011525 -0.036306 -0.004691
v 0.011097 -0.033182 -0.000910
v 0.009377 -0.023171 0.001319
v 0.010334 -0.022999 0.001285
v 0.011281 -0.028324 0.001022
v 0.011281 -0.028324 0.001022
v 0.010324 -0.028496 0.001055
v 0.009377 -0.023171 0.001319
v 0.011525 -0.036306 -0.004691
v 0.012482 -0.036135 -0.004724
v 0.012647 -0.037970 -0.009413
v 0.012647 -0.037970 -0.009413
v 0.011691 -0.038141 -0.009380
v 0.011525 -0.036306 -0.004691
v 0.011097 -0.033182 -0.000910
v 0.011525 -0.036306 -0.004691
v 0.009332 -0.025434 -0.011598
v 0.010324 -0.028496 0.001055
v 0.009332 -0.025434 -0.011598
v 0.009377 -0.023171 0.001319
v 0.011691 -0.038141 -0.009380
v 0.009332 -0.025434 -0.011598
v 0.011525 -0.036306 -0.004691
v 0.012053 -0.033010 -0.000943
v 0.011281 -0.028324 0.001022
v 0.010288 -0.025262 -0.011631
v 0.010334 -0.022999 0.001285
v 0.010288 -0.025262 -0.011631
v 0.011281 -0.028324 0.001022
v 0.012482 -0.036135 -0.004724
v 0.010288 -0.025262 -0.011631
v 0.012647 -0.037970 -0.009413
v 0.009332 -0.025434 -0.011598
v 0.010288 -0.025262 -0.011631
v 0.010334 -0.022999 0.001285
v 0.010334 -0.022999 0.001285
v 0.009377 -0.023171 0.001319
v 0.009332 -0.025434 -0.011598
v 0.010288 -0.025262 -0.011631
v 0.009332 -0.025434 -0.011598
v 0.011691 -0.038141 -0.009380
v 0.011691 -0.038141 -0.009380
v 0.012647 -0.037970 -0.009413
v 0.010288 -0.025262 -0.011631
v 0.010324 -0.028496 0.001055
v 0.011281 -0.028324 0.001022
v 0.012053 -0.033010 -0.000943
v 0.012053 -0.033010 -0.000943
v 0.011097 -0.033182 -0.000910
v 0.010324 -0.028496 0.001055
v 0.011097 -0.033182 -0.000910
v 0.009332 -0.025434 -0.011598
v 0.010324 -0.028496 0.001055
v 0.012053 -0.033010 -0.000943
v 0.010288 -0.025262 -0.011631
v 0.012482 -0.036135 -0.004724
v 0.009249 -0.024385 -0.022801
v 0.008340 -0.023744 -0.019649
v 0.008019 -0.022379 -0.020919
v 0.009249 -0.024385 -0.022801
v 0.008019 -0.022379 -0.020919
v 0.005749 -0.020814 -0.025164
v -0.002462 -0.024181 -0.031851
v -0.001548 -0.028105 -0.033665
v -0.000631 -0.023840 -0.031851
v -0.005976 -0.031882 -0.013345
v -0.008748 -0.028782 -0.019018
v -0.008491 -0.028755 -0.016992
v -0.008748 -0.028782 -0.019018
v -0.008205 -0.024282 -0.024932
v -0.007912 -0.023084 -0.022421
v -0.004901 -0.023161 -0.030511
v -0.005270 -0.021441 -0.027319
v -0.008205 -0.024282 -0.024932
v -0.002979 -0.021956 -0.029152
v -0.005270 -0.021441 -0.027319
v -0.004901 -0.023161 -0.030511
v -0.004901 -0.023161 -0.030511
v -0.002462 -0.024181 -0.031851
v -0.002979 -0.021956 -0.029152
v -0.000631 -0.023840 -0.031851
v -0.000465 -0.021640 -0.029322
v -0.002979 -0.021956 -0.029152
v -0.002979 -0.021956 -0.029152
v -0.002462 -0.024181 -0.031851
v -0.000631 -0.023840 -0.031851
v -0.000465 -0.021640 -0.029322
v -0.000631 -0.023840 -0.031851
v 0.002617 -0.022908 -0.030079
v 0.002617 -0.022908 -0.030079
v 0.002109 -0.020916 -0.028177
v -0.000465 -0.021640 -0.029322
v 0.002109 -0.020916 -0.028177
v 0.002617 -0.022908 -0.030079
v 0.006406 -0.022826 -0.027123
v 0.006406 -0.022826 -0.027123
v 0.005749 -0.020814 -0.025164
v 0.002109 -0.020916 -0.028177
v 0.009358 -0.028073 -0.015620
v 0.009799 -0.027975 -0.017578
v 0.008223 -0.031649 -0.013756
v 0.006406 -0.022826 -0.027123
v 0.009249 -0.024385 -0.022801
v 0.005749 -0.020814 -0.025164
v -0.005270 -0.021441 -0.027319
v -0.007912 -0.023084 -0.022421
v -0.008205 -0.024282 -0.024932
v -0.008748 -0.028782 -0.019018
v -0.007912 -0.023084 -0.022421
v -0.008491 -0.028755 -0.016992
v -0.008583 -0.014115 -0.015982
v -0.008238 -0.019879 -0.010599
v -0.009784 -0.019730 -0.010847
v -0.009784 -0.019730 -0.010847
v -0.009429 -0.013773 -0.016239
v -0.008583 -0.014115 -0.015982
v -0.008491 -0.028755 -0.016992
v -0.007912 -0.023084 -0.022421
v -0.009081 -0.023785 -0.022130
v -0.009081 -0.023785 -0.022130
v -0.009555 -0.028803 -0.017211
v -0.008491 -0.028755 -0.016992
v -0.007912 -0.023084 -0.022421
v -0.006282 -0.020325 -0.024459
v -0.006417 -0.019929 -0.025471
v -0.006417 -0.019929 -0.025471
v -0.009081 -0.023785 -0.022130
v -0.007912 -0.023084 -0.022421
v -0.006546 -0.010749 -0.018934
v -0.008583 -0.014115 -0.015982
v -0.009429 -0.013773 -0.016239
v -0.009429 -0.013773 -0.016239
v -0.007366 -0.009691 -0.019454
v -0.006546 -0.010749 -0.018934
v 0.006429 -0.018838 -0.025011
v 0.005386 -0.018877 -0.024103
v 0.008019 -0.022379 -0.020919
v 0.008019 -0.022379 -0.020919
v 0.009727 -0.023561 -0.020545
v 0.006429 -0.018838 -0.025011
v 0.007309 -0.013665 -0.014199
v 0.005952 -0.013948 -0.014493
v 0.004174 -0.009428 -0.018209
v 0.004174 -0.009428 -0.018209
v 0.004843 -0.008058 -0.019088
v 0.007309 -0.013665 -0.014199
v 0.008019 -0.022379 -0.020919
v 0.008340 -0.023744 -0.019649
v 0.009727 -0.023561 -0.020545
v 0.007108 -0.019264 -0.010778
v 0.005952 -0.013948 -0.014493
v 0.007309 -0.013665 -0.014199
v 0.007309 -0.013665 -0.014199
v 0.008551 -0.019139 -0.010291
v 0.007108 -0.019264 -0.010778
v 0.004843 -0.008058 -0.019088
v 0.004174 -0.009428 -0.018209
v 0.000685 -0.007650 -0.020285
v 0.000685 -0.007650 -0.020285
v 0.000822 -0.005803 -0.021410
v 0.004843 -0.008058 -0.019088
v 0.002257 -0.016939 -0.027062
v 0.001953 -0.017209 -0.025681
v 0.005386 -0.018877 -0.024103
v 0.005386 -0.018877 -0.024103
v 0.006429 -0.018838 -0.025011
v 0.002257 -0.016939 -0.027062
v 0.000685 -0.007650 -0.020285
v -0.003075 -0.008356 -0.020364
v -0.003843 -0.006827 -0.021278
v -0.003843 -0.006827 -0.021278
v 0.000822 -0.005803 -0.021410
v 0.000685 -0.007650 -0.020285
v -0.002657 -0.017776 -0.026909
v -0.002177 -0.017998 -0.025487
v 0.001953 -0.017209 -0.025681
v 0.001953 -0.017209 -0.025681
v 0.002257 -0.016939 -0.027062
v -0.002657 -0.017776 -0.026909
v -0.003075 -0.008356 -0.020364
v -0.006546 -0.010749 -0.018934
v -0.007366 -0.009691 -0.019454
v -0.007366 -0.009691 -0.019454
v -0.003843 -0.006827 -0.021278
v -0.003075 -0.008356 -0.020364
v -0.006417 -0.019929 -0.025471
v -0.006282 -0.020325 -0.024459
v -0.002177 -0.017998 -0.025487
v -0.002177 -0.017998 -0.025487
v -0.002657 -0.017776 -0.026909
v -0.006417 -0.019929 -0.025471
v 0.009358 -0.028073 -0.015620
v 0.009525 -0.031576 -0.014164
v 0.010457 -0.027798 -0.016447
v -0.008238 -0.019879 -0.010599
v -0.006909 -0.022412 -0.006744
v -0.009784 -0.019730 -0.010847
v -0.007125 -0.031008 -0.014211
v -0.005976 -0.031882 -0.013345
v -0.008491 -0.028755 -0.016992
v -0.008491 -0.028755 -0.016992
v -0.009555 -0.028803 -0.017211
v -0.007125 -0.031008 -0.014211
v 0.005428 -0.023424 -0.008060
v 0.007108 -0.019264 -0.010778
v 0.006722 -0.023075 -0.006898
v 0.007108 -0.019264 -0.010778
v 0.008551 -0.019139 -0.010291
v 0.006722 -0.023075 -0.006898
v -0.008238 -0.019879 -0.010599
v -0.005314 -0.022430 -0.007259
v -0.006909 -0.022412 -0.006744
v 0.009358 -0.028073 -0.015620
v 0.008223 -0.031649 -0.013756
v 0.009525 -0.031576 -0.014164
v -0.009081 -0.023785 -0.022130
v -0.009429 -0.013773 -0.016239
v -0.009784 -0.019730 -0.010847
v -0.009784 -0.019730 -0.010847
v -0.009555 -0.028803 -0.017211
v -0.009081 -0.023785 -0.022130
v -0.006417 -0.019929 -0.025471
v -0.007366 -0.009691 -0.019454
v -0.009081 -0.023785 -0.022130
v 0.006429 -0.018838 -0.025011
v 0.009727 -0.023561 -0.020545
v 0.004843 -0.008058 -0.019088
v 0.010457 -0.027798 -0.016447
v 0.007309 -0.013665 -0.014199
v 0.009727 -0.023561 -0.020545
v 0.000822 -0.005803 -0.021410
v 0.006429 -0.018838 -0.025011
v 0.004843 -0.008058 -0.019088
v -0.003843 -0.006827 -0.021278
v -0.002657 -0.017776 -0.026909
v 0.000822 -0.005803 -0.021410
v -0.006417 -0.019929 -0.025471
v -0.002657 -0.017776 -0.026909
v -0.003843 -0.006827 -0.021278
v 0.010457 -0.027798 -0.016447
v 0.009525 -0.031576 -0.014164
v 0.006722 -0.023075 -0.006898
v 0.006722 -0.023075 -0.006898
v 0.008551 -0.019139 -0.010291
v 0.010457 -0.027798 -0.016447
v -0.009784 -0.019730 -0.010847
v -0.006909 -0.022412 -0.006744
v -0.007125 -0.031008 -0.014211
v -0.007125 -0.031008 -0.014211
v -0.009555 -0.028803 -0.017211
v -0.009784 -0.019730 -0.010847
v -0.009081 -0.023785 -0.022130
v -0.007366 -0.009691 -0.019454
v -0.009429 -0.013773 -0.016239
v -0.007366 -0.009691 -0.019454
v -0.006417 -0.019929 -0.025471
v -0.003843 -0.006827 -0.021278
v 0.002257 -0.016939 -0.027062
v 0.006429 -0.018838 -0.025011
v 0.000822 -0.005803 -0.021410
v 0.009727 -0.023561 -0.020545
v 0.007309 -0.013665 -0.014199
v 0.004843 -0.008058 -0.019088
v 0.008551 -0.019139 -0.010291
v 0.007309 -0.013665 -0.014199
v 0.010457 -0.027798 -0.016447
v 0.000822 -0.005803 -0.021410
v -0.002657 -0.017776 -0.026909
v 0.002257 -0.016939 -0.027062
v 0.008340 -0.023744 -0.019649
v 0.009358 -0.028073 -0.015620
v 0.010457 -0.027798 -0.016447
v 0.010457 -0.027798 -0.016447
v 0.009727 -0.023561 -0.020545
v 0.008340 -0.023744 -0.019649
v 0.009799 -0.027975 -0.017578
v 0.009358 -0.028073 -0.015620
v 0.008340 -0.023744 -0.019649
v 0.008340 -0.023744 -0.019649
v 0.009249 -0.024385 -0.022801
v 0.009799 -0.027975 -0.017578
v 0.010304 -0.031657 -0.014461
v 0.012871 -0.031835 -0.022442
v 0.010731 -0.040632 -0.021690
v 0.010731 -0.040632 -0.021690
v 0.008325 -0.040632 -0.013377
v 0.010304 -0.031657 -0.014461
v 0.003966 -0.026132 0.000537
v 0.006373 -0.020218 -0.004880
v 0.004995 -0.027386 -0.004290
v 0.002580 -0.026010 0.007996
v 0.003066 -0.016468 0.008167
v 0.004704 -0.017592 0.002367
v 0.004704 -0.017592 0.002367
v 0.003705 -0.026109 0.003630
v 0.002580 -0.026010 0.007996
v 0.000371 -0.026086 0.011172
v 0.000331 -0.016016 0.011729
v 0.003066 -0.016468 0.008167
v 0.003066 -0.016468 0.008167
v 0.002580 -0.026010 0.007996
v 0.000371 -0.026086 0.011172
v -0.003246 -0.026223 0.012492
v -0.003557 -0.015923 0.013367
v 0.000331 -0.016016 0.011729
v 0.000331 -0.016016 0.011729
v 0.000371 -0.026086 0.011172
v -0.003246 -0.026223 0.012492
v -0.007060 -0.026223 0.010204
v -0.008954 -0.026207 0.006887
v -0.010420 -0.016886 0.007323
v -0.010420 -0.016886 0.007323
v -0.007812 -0.016243 0.011315
v -0.007060 -0.026223 0.010204
v -0.008954 -0.026207 0.006887
v -0.009217 -0.026112 0.002521
v -0.010444 -0.018031 0.001074
v -0.010444 -0.018031 0.001074
v -0.010420 -0.016886 0.007323
v -0.008954 -0.026207 0.006887
v -0.010444 -0.018031 0.001074
v -0.009217 -0.026112 0.002521
v -0.008847 -0.026132 -0.000288
v -0.008889 -0.026444 -0.011465
v -0.009341 -0.020218 -0.005032
v -0.007951 -0.027386 -0.004933
v -0.009126 -0.031657 -0.015667
v -0.006931 -0.040632 -0.014472
v -0.008128 -0.040632 -0.023075
v -0.008128 -0.040632 -0.023075
v -0.009990 -0.031835 -0.024035
v -0.009126 -0.031657 -0.015667
v -0.007819 -0.040632 -0.033231
v -0.009168 -0.031835 -0.034154
v -0.009990 -0.031835 -0.024035
v -0.009990 -0.031835 -0.024035
v -0.008128 -0.040632 -0.023075
v -0.007819 -0.040632 -0.033231
v -0.002669 -0.040632 -0.044138
v -0.003263 -0.031835 -0.045832
v -0.006926 -0.031835 -0.042149
v -0.006926 -0.031835 -0.042149
v -0.005432 -0.040632 -0.041102
v -0.002669 -0.040632 -0.044138
v 0.003397 -0.038891 -0.044676
v 0.007327 -0.031835 -0.044385
v 0.002516 -0.031835 -0.046585
v 0.002516 -0.031835 -0.046585
v 0.002359 -0.038106 -0.045319
v 0.003397 -0.038891 -0.044676
v 0.006358 -0.040632 -0.042836
v 0.009218 -0.040632 -0.039727
v 0.010781 -0.031835 -0.040829
v 0.010781 -0.031835 -0.040829
v 0.007327 -0.031835 -0.044385
v 0.006358 -0.040632 -0.042836
v 0.013069 -0.031835 -0.032898
v 0.010781 -0.031835 -0.040829
v 0.009218 -0.040632 -0.039727
v 0.009218 -0.040632 -0.039727
v 0.011226 -0.040632 -0.032143
v 0.013069 -0.031835 -0.032898
v 0.011226 -0.040632 -0.032143
v 0.010731 -0.040632 -0.021690
v 0.012871 -0.031835 -0.022442
v 0.012871 -0.031835 -0.022442
v 0.013069 -0.031835 -0.032898
v 0.011226 -0.040632 -0.032143
v 0.003705 -0.026109 0.003630
v 0.004704 -0.017592 0.002367
v 0.003966 -0.026132 0.000537
v 0.004704 -0.017592 0.002367
v 0.006373 -0.020218 -0.004880
v 0.003966 -0.026132 0.000537
v -0.007951 -0.027386 -0.004933
v -0.009341 -0.020218 -0.005032
v -0.008847 -0.026132 -0.000288
v 0.004995 -0.027386 -0.004290
v 0.009160 -0.026444 -0.011538
v 0.006472 -0.033281 -0.008785
v -0.007246 -0.033281 -0.009290
v -0.006931 -0.040632 -0.014472
v -0.009126 -0.031657 -0.015667
v -0.009126 -0.031657 -0.015667
v -0.008889 -0.026444 -0.011465
v -0.007246 -0.033281 -0.009290
v -0.005432 -0.040632 -0.041102
v -0.006926 -0.031835 -0.042149
v -0.009168 -0.031835 -0.034154
v -0.009168 -0.031835 -0.034154
v -0.007819 -0.040632 -0.033231
v -0.005432 -0.040632 -0.041102
v 0.006472 -0.033281 -0.008785
v 0.009160 -0.026444 -0.011538
v 0.010304 -0.031657 -0.014461
v 0.010304 -0.031657 -0.014461
v 0.008325 -0.040632 -0.013377
v 0.006472 -0.033281 -0.008785
v -0.007246 -0.033281 -0.009290
v -0.008889 -0.026444 -0.011465
v -0.007951 -0.027386 -0.004933
v 0.006373 -0.020218 -0.004880
v 0.009160 -0.026444 -0.011538
v 0.004995 -0.027386 -0.004290
v -0.007812 -0.016243 0.011315
v -0.003557 -0.015923 0.013367
v -0.003246 -0.026223 0.012492
v -0.003246 -0.026223 0.012492
v -0.007060 -0.026223 0.010204
v -0.007812 -0.016243 0.011315
v 0.002206 -0.040711 0.002718
v 0.002580 -0.026010 0.007996
v 0.003705 -0.026109 0.003630
v 0.000487 -0.032461 0.008090
v 0.000371 -0.026086 0.011172
v 0.002580 -0.026010 0.007996
v 0.000371 -0.026086 0.011172
v 0.000487 -0.032461 0.008090
v -0.002742 -0.032420 0.009310
v -0.002742 -0.032420 0.009310
v -0.003246 -0.026223 0.012492
v 0.000371 -0.026086 0.011172
v -0.006228 -0.032500 0.007402
v -0.008954 -0.026207 0.006887
v -0.007060 -0.026223 0.010204
v -0.006297 -0.040711 0.002274
v -0.006277 -0.040711 -0.000970
v -0.008847 -0.026132 -0.000288
v -0.008847 -0.026132 -0.000288
v -0.009217 -0.026112 0.002521
v -0.006297 -0.040711 0.002274
v -0.002742 -0.032420 0.009310
v -0.006228 -0.032500 0.007402
v -0.007060 -0.026223 0.010204
v -0.007060 -0.026223 0.010204
v -0.003246 -0.026223 0.012492
v -0.002742 -0.032420 0.009310
v -0.006297 -0.040711 0.002274
v -0.009217 -0.026112 0.002521
v -0.008954 -0.026207 0.006887
v 0.003966 -0.026132 0.000537
v 0.002680 -0.040711 -0.000486
v 0.002206 -0.040711 0.002718
v 0.002206 -0.040711 0.002718
v 0.003705 -0.026109 0.003630
v 0.003966 -0.026132 0.000537
v -0.009341 -0.020218 -0.005032
v -0.010444 -0.018031 0.001074
v -0.008847 -0.026132 -0.000288
v 0.002206 -0.040711 0.002718
v 0.000722 -0.040711 0.005719
v 0.000487 -0.032461 0.008090
v 0.000487 -0.032461 0.008090
v 0.000722 -0.040711 0.005719
v -0.002147 -0.040711 0.006701
v -0.002147 -0.040711 0.006701
v -0.002742 -0.032420 0.009310
v 0.000487 -0.032461 0.008090
v -0.006228 -0.032500 0.007402
v -0.002742 -0.032420 0.009310
v -0.002147 -0.040711 0.006701
v -0.002147 -0.040711 0.006701
v -0.005156 -0.040711 0.005365
v -0.006228 -0.032500 0.007402
v -0.006228 -0.032500 0.007402
v -0.006297 -0.040711 0.002274
v -0.008954 -0.026207 0.006887
v -0.006228 -0.032500 0.007402
v -0.005156 -0.040711 0.005365
v -0.006297 -0.040711 0.002274
v 0.002206 -0.040711 0.002718
v 0.000487 -0.032461 0.008090
v 0.002580 -0.026010 0.007996
v -0.002669 -0.040632 -0.044138
v 0.000870 -0.040632 -0.044625
v 0.001205 -0.038906 -0.045005
v 0.001205 -0.038906 -0.045005
v -0.003263 -0.031835 -0.045832
v -0.002669 -0.040632 -0.044138
v 0.001205 -0.038906 -0.045005
v 0.002359 -0.038106 -0.045319
v 0.002516 -0.031835 -0.046585
v 0.002516 -0.031835 -0.046585
v -0.003263 -0.031835 -0.045832
v 0.001205 -0.038906 -0.045005
v 0.003397 -0.038891 -0.044676
v 0.003745 -0.040632 -0.044115
v 0.006358 -0.040632 -0.042836
v 0.006358 -0.040632 -0.042836
v 0.007327 -0.031835 -0.044385
v 0.003397 -0.038891 -0.044676
v 0.010731 -0.040632 -0.021690
v -0.008128 -0.040632 -0.023075
v -0.006931 -0.040632 -0.014472
v -0.006931 -0.040632 -0.014472
v 0.008325 -0.040632 -0.013377
v 0.010731 -0.040632 -0.021690
v 0.010304 -0.031657 -0.014461
v -0.009126 -0.031657 -0.015667
v -0.009990 -0.031835 -0.024035
v -0.009990 -0.031835 -0.024035
v 0.012871 -0.031835 -0.022442
v 0.010304 -0.031657 -0.014461
v 0.009160 -0.026444 -0.011538
v -0.008889 -0.026444 -0.011465
v -0.009126 -0.031657 -0.015667
v -0.009126 -0.031657 -0.015667
v 0.010304 -0.031657 -0.014461
v 0.009160 -0.026444 -0.011538
v 0.003966 -0.026132 0.000537
v 0.004995 -0.027386 -0.004290
v -0.007951 -0.027386 -0.004933
v -0.007951 -0.027386 -0.004933
v -0.008847 -0.026132 -0.000288
v 0.003966 -0.026132 0.000537
v 0.004704 -0.017592 0.002367
v -0.009341 -0.020218 -0.005032
v 0.006373 -0.020218 -0.004880
v 0.003066 -0.016468 0.008167
v -0.010420 -0.016886 0.007323
v -0.010444 -0.018031 0.001074
v -0.010444 -0.018031 0.001074
v 0.004704 -0.017592 0.002367
v 0.003066 -0.016468 0.008167
v -0.007812 -0.016243 0.011315
v -0.010420 -0.016886 0.007323
v 0.003066 -0.016468 0.008167
v 0.003066 -0.016468 0.008167
v 0.000331 -0.016016 0.011729
v -0.007812 -0.016243 0.011315
v 0.011226 -0.040632 -0.032143
v -0.007819 -0.040632 -0.033231
v -0.008128 -0.040632 -0.023075
v -0.008128 -0.040632 -0.023075
v 0.010731 -0.040632 -0.021690
v 0.011226 -0.040632 -0.032143
v 0.013069 -0.031835 -0.032898
v 0.012871 -0.031835 -0.022442
v -0.009990 -0.031835 -0.024035
v -0.009990 -0.031835 -0.024035
v -0.009168 -0.031835 -0.034154
v 0.013069 -0.031835 -0.032898
v 0.006358 -0.040632 -0.042836
v 0.003745 -0.040632 -0.044115
v 0.003519 -0.040632 -0.040287
v 0.003519 -0.040632 -0.040287
v 0.009218 -0.040632 -0.039727
v 0.006358 -0.040632 -0.042836
v 0.007327 -0.031835 -0.044385
v 0.010781 -0.031835 -0.040829
v -0.006926 -0.031835 -0.042149
v -0.006926 -0.031835 -0.042149
v -0.003263 -0.031835 -0.045832
v 0.007327 -0.031835 -0.044385
v 0.004995 -0.027386 -0.004290
v 0.006472 -0.033281 -0.008785
v -0.007246 -0.033281 -0.009290
v -0.007246 -0.033281 -0.009290
v -0.007951 -0.027386 -0.004933
v 0.004995 -0.027386 -0.004290
v -0.010444 -0.018031 0.001074
v -0.009341 -0.020218 -0.005032
v 0.004704 -0.017592 0.002367
v 0.006373 -0.020218 -0.004880
v -0.009341 -0.020218 -0.005032
v -0.008889 -0.026444 -0.011465
v -0.008889 -0.026444 -0.011465
v 0.009160 -0.026444 -0.011538
v 0.006373 -0.020218 -0.004880
v 0.010781 -0.031835 -0.040829
v 0.013069 -0.031835 -0.032898
v -0.009168 -0.031835 -0.034154
v -0.009168 -0.031835 -0.034154
v -0.006926 -0.031835 -0.042149
v 0.010781 -0.031835 -0.040829
v -0.003557 -0.015923 0.013367
v -0.007812 -0.016243 0.011315
v 0.000331 -0.016016 0.011729
v 0.003966 -0.026132 0.000537
v -0.008847 -0.026132 -0.000288
v -0.006277 -0.040711 -0.000970
v -0.006277 -0.040711 -0.000970
v 0.002680 -0.040711 -0.000486
v 0.003966 -0.026132 0.000537
v 0.002206 -0.040711 0.002718
v 0.002680 -0.040711 -0.000486
v -0.006277 -0.040711 -0.000970
v -0.006277 -0.040711 -0.000970
v -0.006297 -0.040711 0.002274
v 0.002206 -0.040711 0.002718
v -0.002147 -0.040711 0.006701
v 0.000722 -0.040711 0.005719
v -0.005156 -0.040711 0.005365
v 0.000722 -0.040711 0.005719
v 0.002206 -0.040711 0.002718
v -0.006297 -0.040711 0.002274
v -0.006297 -0.040711 0.002274
v -0.005156 -0.040711 0.005365
v 0.000722 -0.040711 0.005719
v 0.007327 -0.031835 -0.044385
v -0.003263 -0.031835 -0.045832
v 0.002516 -0.031835 -0.046585
v 0.000647 -0.040632 -0.040538
v 0.000870 -0.040632 -0.044625
v -0.002669 -0.040632 -0.044138
v -0.002669 -0.040632 -0.044138
v -0.005432 -0.040632 -0.041102
v 0.000647 -0.040632 -0.040538
v 0.000647 -0.040632 -0.040538
v -0.005432 -0.040632 -0.041102
v -0.007819 -0.040632 -0.033231
v -0.006931 -0.040632 -0.014472
v -0.007246 -0.033281 -0.009290
v 0.006472 -0.033281 -0.008785
v 0.006472 -0.033281 -0.008785
v 0.008325 -0.040632 -0.013377
v -0.006931 -0.040632 -0.014472
v 0.003159 -0.038957 -0.040233
v 0.003519 -0.040632 -0.040287
v 0.003745 -0.040632 -0.044115
v 0.003745 -0.040632 -0.044115
v 0.003397 -0.038891 -0.044676
v 0.003159 -0.038957 -0.040233
v 0.002053 -0.038166 -0.040285
v 0.003159 -0.038957 -0.040233
v 0.003397 -0.038891 -0.044676
v 0.003397 -0.038891 -0.044676
v 0.002359 -0.038106 -0.045319
v 0.002053 -0.038166 -0.040285
v 0.001205 -0.038906 -0.045005
v 0.000919 -0.038968 -0.040429
v 0.002053 -0.038166 -0.040285
v 0.002053 -0.038166 -0.040285
v 0.002359 -0.038106 -0.045319
v 0.001205 -0.038906 -0.045005
v 0.000919 -0.038968 -0.040429
v 0.001205 -0.038906 -0.045005
v 0.000870 -0.040632 -0.044625
v 0.000870 -0.040632 -0.044625
v 0.000647 -0.040632 -0.040538
v 0.000919 -0.038968 -0.040429
v 0.002053 -0.038166 -0.040285
v 0.000919 -0.038968 -0.040429
v 0.003159 -0.038957 -0.040233
v 0.000647 -0.040632 -0.040538
v 0.003519 -0.040632 -0.040287
v 0.003159 -0.038957 -0.040233
v 0.003159 -0.038957 -0.040233
v 0.000919 -0.038968 -0.040429
v 0.000647 -0.040632 -0.040538
v -0.007819 -0.040632 -0.033231
v 0.011226 -0.040632 -0.032143
v 0.003519 -0.040632 -0.040287
v 0.003519 -0.040632 -0.040287
v 0.000647 -0.040632 -0.040538
v -0.007819 -0.040632 -0.033231
v 0.009218 -0.040632 -0.039727
v 0.003519 -0.040632 -0.040287
v 0.011226 -0.040632 -0.032143
vn 0.3095 0.5688 -0.7621
vn 0.1882 0.5161 -0.8356
vn 0.6969 0.4418 -0.5649
vn 0.6943 0.5395 -0.4763
vn 0.3095 0.5688 -0.7620
vn 0.3094 0.5688 -0.7621
vn -0.1363 0.7086 -0.6923
vn -0.2257 0.6720 -0.7053
vn -0.2257 0.6719 -0.7054
vn 0.1881 0.5161 -0.8356
vn -0.9812 -0.1714 0.0890
vn -0.8918 -0.4522 0.0169
vn -0.7348 -0.6744 -0.0728
vn -0.1790 0.7667 -0.6166
vn -0.1364 0.7086 -0.6923
vn 0.0065 0.7436 -0.6685
vn 0.0040 0.7470 -0.6648
vn -0.2389 0.8639 -0.4434
vn -0.3741 0.7931 -0.4806
vn -0.1791 0.7667 -0.6166
vn -0.5966 0.6436 -0.4795
vn 0.2615 0.6781 -0.6869
vn 0.0065 0.7437 -0.6685
vn 0.2615 0.6780 -0.6869
vn 0.2615 0.6780 -0.6870
vn 0.0172 -0.9991 -0.0386
vn -0.0472 -0.9985 -0.0289
vn 0.0345 -0.9992 -0.0197
vn 0.0346 -0.9992 -0.0197
vn 0.0232 -0.9991 -0.0349
vn 0.0633 -0.9959 -0.0646
vn 0.0034 -0.9993 -0.0364
vn 0.0640 -0.9969 -0.0455
vn 0.0717 -0.9958 -0.0573
vn -0.1561 -0.9629 -0.2200
vn -0.4567 -0.8623 -0.2186
vn -0.5150 -0.4702 -0.7167
vn -0.5151 -0.4702 -0.7167
vn -0.3265 -0.6428 -0.6929
vn -0.4567 -0.8624 -0.2185
vn -0.1561 -0.9630 -0.2199
vn -0.7682 -0.6401 0.0087
vn 0.3254 -0.9382 -0.1178
vn -0.1561 -0.9629 -0.2199
vn 0.5667 -0.7977 -0.2064
vn -0.7683 -0.6401 0.0088
vn 0.5630 0.7656 -0.3114
vn 0.3424 0.8275 -0.4450
vn -0.0774 0.8526 -0.5169
vn -0.0677 0.8348 -0.5463
vn 0.3545 0.7582 -0.5473
vn 0.1442 0.8658 -0.4791
vn -0.0511 0.9064 -0.4192
vn -0.0676 0.8348 -0.5463
vn 0.3875 -0.6397 -0.6638
vn 0.3875 -0.6396 -0.6639
vn 0.9739 0.1946 -0.1166
vn 0.6441 0.6645 -0.3789
vn 0.4719 0.7033 -0.5317
vn 0.9737 0.1863 -0.1313
vn 0.5205 0.6466 -0.5576
vn 0.2317 -0.4711 -0.8511
vn 0.3995 0.6982 -0.5941
vn 0.3821 0.4302 -0.8179
vn 0.2674 0.7140 -0.6471
vn 0.1148 -0.3686 -0.9225
vn -0.9944 -0.0751 0.0740
vn -0.7683 -0.6401 0.0087
vn -0.9943 0.1054 -0.0139
vn -0.9704 0.2247 -0.0883
vn -0.9944 -0.0752 0.0740
vn 0.9886 -0.0576 -0.1389
vn 0.5667 -0.7976 -0.2063
vn 0.9886 -0.0575 -0.1388
vn 0.7157 -0.0194 -0.6981
vn 0.9886 -0.0575 -0.1389
vn 0.9430 0.1038 -0.3162
vn -0.9704 0.2248 -0.0884
vn -0.9943 0.1055 -0.0139
vn -0.8018 0.3120 -0.5097
vn 0.1971 0.7978 -0.5697
vn 0.3425 0.8274 -0.4451
vn 0.8452 0.4635 -0.2663
vn 0.8452 0.4634 -0.2662
vn 0.7528 0.4916 -0.4377
vn 0.1972 0.7978 -0.5697
vn 0.7529 0.4915 -0.4377
vn 0.8452 0.4633 -0.2663
vn -0.9433 0.2941 -0.1538
vn -0.9059 0.3687 -0.2083
vn -0.9943 0.1054 -0.0140
vn -0.9834 0.1734 -0.0541
vn -0.9433 0.2941 -0.1537
vn -0.9059 0.3687 -0.2082
vn -0.9490 0.3019 -0.0906
vn -0.9736 0.2262 -0.0294
vn -0.9707 0.2296 -0.0707
vn -0.9946 0.0746 -0.0724
vn -0.9707 0.2296 -0.0708
vn -0.9252 0.3475 -0.1526
vn -0.9252 0.3476 -0.1526
vn -0.9839 0.1623 -0.0747
vn 0.7913 0.5337 -0.2984
vn 0.8350 0.4908 -0.2490
vn 0.9949 0.0264 -0.0974
vn 0.9739 0.1946 -0.1167
vn 0.8349 0.4908 -0.2490
vn 0.6441 0.6646 -0.3788
vn 0.9949 0.0264 -0.0973
vn -0.1207 0.8455 -0.5201
vn 0.2812 0.8412 -0.4618
vn 0.1604 0.8814 -0.4443
vn -0.1373 0.8675 -0.4780
vn 0.7912 0.5337 -0.2984
vn 0.1605 0.8814 -0.4443
vn 0.2813 0.8412 -0.4618
vn 0.8349 0.4909 -0.2490
vn 0.4718 0.7033 -0.5317
vn 0.4719 0.7032 -0.5317
vn 0.2812 0.8412 -0.4619
vn 0.0638 -0.3321 -0.9411
vn -0.3079 -0.4678 -0.8284
vn -0.0255 -0.3078 -0.9511
vn 0.3606 -0.4142 -0.8357
vn 0.0639 -0.3321 -0.9411
vn -0.0254 -0.3078 -0.9511
vn -0.9601 0.2515 -0.1220
vn -0.9544 0.2599 -0.1467
vn -0.9930 0.0789 -0.0875
vn -0.6393 0.6624 -0.3905
vn -0.9870 0.0887 -0.1340
vn -0.9870 0.0888 -0.1340
vn -0.9544 0.2599 -0.1466
vn 0.9989 -0.0072 -0.0464
vn 0.8633 0.4404 -0.2464
vn 0.8829 0.4105 -0.2279
vn -0.5909 -0.7875 -0.1753
vn 0.0322 -0.9633 -0.2664
vn 0.0033 -0.9993 -0.0365
vn -0.1480 0.8219 -0.5501
vn 0.3145 0.8191 -0.4799
vn 0.2153 0.8601 -0.4624
vn 0.2154 0.8601 -0.4624
vn -0.6393 0.6625 -0.3905
vn -0.1480 0.8218 -0.5502
vn 0.3144 0.8191 -0.4798
vn 0.8829 0.4106 -0.2279
vn 0.8632 0.4405 -0.2465
vn 0.3145 0.8191 -0.4798
vn 0.3145 0.8190 -0.4799
vn 0.5206 0.6466 -0.5576
vn 0.0323 -0.9633 -0.2664
vn 0.0034 -0.9993 -0.0365
vn 0.3438 -0.9154 -0.2094
vn 0.0641 -0.9969 -0.0455
vn 0.5205 0.6467 -0.5576
vn 0.3995 0.6982 -0.5940
vn 0.5265 -0.5359 -0.6600
vn 0.0846 -0.2778 -0.9569
vn 0.0640 -0.1270 -0.9898
vn 0.0845 -0.2778 -0.9569
vn -0.4777 -0.5470 -0.6875
vn 0.0639 -0.1270 -0.9898
vn -0.9205 0.3028 -0.2468
vn -0.6615 0.6196 -0.4225
vn -0.9824 0.0802 -0.1686
vn -0.6616 0.6196 -0.4224
vn -0.5828 0.6979 -0.4163
vn -0.9705 0.0976 -0.2203
vn -0.9705 0.0976 -0.2202
vn -0.6615 0.6196 -0.4224
vn 0.9982 0.0429 -0.0425
vn 0.6715 0.6594 -0.3381
vn 0.8180 0.5123 -0.2616
vn 0.8179 0.5124 -0.2617
vn 0.9988 -0.0344 0.0349
vn 0.9982 0.0429 -0.0424
vn 0.9934 0.1078 -0.0387
vn 0.0755 0.8608 -0.5033
vn 0.0448 0.8768 -0.4787
vn 0.0449 0.8768 -0.4787
vn -0.5827 0.6979 -0.4163
vn 0.0756 0.8608 -0.5033
vn 0.6714 0.6595 -0.3381
vn 0.0450 0.8768 -0.4787
vn -0.6740 -0.6708 -0.3096
vn -0.0237 -0.9379 -0.3462
vn -0.0315 0.7618 -0.6471
vn 0.0755 0.8608 -0.5032
vn 0.2673 0.7140 -0.6471
vn 0.0755 0.8609 -0.5032
vn -0.0314 0.7618 -0.6470
vn -0.0237 -0.9379 -0.3461
vn 0.6657 -0.7240 -0.1807
vn 0.9994 0.0348 0.0024
vn 0.8254 -0.5508 -0.1242
vn 0.8089 -0.5867 0.0377
vn 0.9937 0.0204 0.1101
vn -0.5955 -0.7950 -0.1152
vn -0.5635 -0.8068 -0.1779
vn 0.0665 -0.9972 0.0342
vn 0.1169 -0.9931 -0.0003
vn -0.5956 -0.7950 -0.1151
vn -0.0346 -0.9975 -0.0611
vn 0.1169 -0.9931 -0.0004
vn 0.0053 -0.9996 -0.0272
vn -0.5956 -0.7950 -0.1152
vn 0.1170 -0.9931 -0.0004
vn 0.8253 -0.5508 -0.1242
vn -0.9856 -0.1679 -0.0195
vn -0.9851 -0.1213 -0.1222
vn -0.8978 -0.4382 -0.0431
vn -0.8918 -0.4522 0.0168
vn 0.9994 0.0349 0.0024
vn 0.6794 0.6629 -0.3145
vn 0.9388 0.2982 -0.1721
vn 0.9937 0.0205 0.1101
vn 0.7971 0.6032 -0.0282
vn 0.9929 0.0266 0.1162
vn 0.6794 0.6630 -0.3144
vn 0.9235 -0.2240 -0.3113
vn 0.6787 -0.7150 0.1679
vn 0.7393 -0.6606 -0.1306
vn 0.9929 0.0265 0.1162
vn -0.7426 -0.1830 -0.6443
vn -0.5635 -0.8067 -0.1779
vn -0.9523 -0.0671 -0.2978
vn -0.6187 -0.6736 -0.4043
vn -0.6740 -0.6707 -0.3096
vn -0.9634 -0.2310 -0.1360
vn -0.9706 0.0975 -0.2202
vn -0.9775 -0.0066 -0.2108
vn 0.8337 -0.4439 -0.3283
vn 0.9641 -0.2599 0.0546
vn 0.9982 0.0428 -0.0425
vn 0.9641 -0.2598 0.0546
vn 0.5161 -0.1575 -0.8419
vn -0.1990 -0.1324 -0.9710
vn -0.2404 -0.1598 -0.9574
vn 0.5759 -0.2476 -0.7791
vn 0.4754 -0.1485 -0.8671
vn 0.0303 -0.0698 -0.9971
vn 0.1081 0.1337 -0.9851
vn -0.4800 0.1789 -0.8588
vn 0.1080 0.1337 -0.9851
vn -0.7777 0.4416 -0.4474
vn -0.9430 0.3170 -0.1009
vn -0.0774 0.8526 -0.5168
vn 0.1971 0.7978 -0.5698
vn -0.0509 0.8164 -0.5753
vn 0.0666 -0.9972 0.0342
vn 0.6786 -0.7150 0.1678
vn 0.2523 -0.9333 0.2554
vn 0.8089 -0.5867 0.0378
vn 0.1170 -0.9931 -0.0003
vn 0.9242 0.3769 0.0621
vn 0.9709 -0.1614 0.1771
vn 0.9901 -0.1265 0.0600
vn 0.9902 -0.1265 0.0600
vn 0.8816 0.4682 -0.0593
vn 0.9242 0.3770 0.0621
vn 0.8452 0.4634 -0.2663
vn 0.8816 0.4683 -0.0593
vn 0.5630 0.7656 -0.3113
vn 0.3425 0.8274 -0.4450
vn 0.9241 0.3770 0.0621
vn 0.9438 -0.3195 0.0842
vn 0.9901 -0.1265 0.0601
vn 0.9709 -0.1615 0.1771
vn 0.9527 -0.3039 -0.0042
vn 0.9886 -0.0576 -0.1388
vn 0.9527 -0.3040 -0.0041
vn -0.0544 -0.9618 -0.2684
vn -0.0282 -0.5998 -0.7996
vn 0.3064 -0.6484 -0.6970
vn 0.3065 -0.6484 -0.6969
vn 0.2724 -0.9374 -0.2172
vn -0.3714 -0.6057 -0.7037
vn -0.0545 -0.9618 -0.2684
vn -0.3750 -0.8994 -0.2245
vn 0.0323 -0.9633 -0.2665
vn 0.2116 -0.6669 -0.7145
vn 0.3471 -0.5364 -0.7693
vn -0.2838 -0.5474 -0.7873
vn 0.2116 -0.6668 -0.7146
vn 0.0322 -0.9633 -0.2665
vn -0.5908 -0.7875 -0.1753
vn -0.2838 -0.5475 -0.7873
vn 0.2178 -0.5891 -0.7781
vn 0.8337 -0.4440 -0.3283
vn -0.1438 -0.8349 -0.5313
vn 0.2179 -0.5891 -0.7782
vn -0.5966 0.6436 -0.4794
vn -0.7776 0.4417 -0.4474
vn -0.2258 0.6719 -0.7053
vn 0.1981 0.9631 -0.1824
vn 0.7423 0.6639 -0.0908
vn 0.7965 0.6039 0.0310
vn 0.7965 0.6039 0.0309
vn 0.2051 0.9738 -0.0982
vn -0.1963 0.9542 -0.2259
vn -0.1403 0.9776 -0.1568
vn -0.7046 0.6675 -0.2408
vn -0.6544 0.6874 -0.3149
vn -0.1962 0.9542 -0.2259
vn 0.1980 0.9631 -0.1824
vn -0.1401 0.9776 -0.1568
vn 0.7423 0.6639 -0.0907
vn -0.6545 0.6874 -0.3149
vn -0.7426 -0.1831 -0.6443
vn 0.9235 -0.2240 -0.3114
vn 0.1981 0.9630 -0.1824
vn -0.0313 0.9682 -0.2483
vn 0.2462 0.9199 -0.3053
vn 0.3145 0.9233 -0.2205
vn 0.2463 0.9198 -0.3053
vn -0.1672 0.9450 -0.2810
vn -0.1640 0.9257 -0.3410
vn -0.0314 0.9682 -0.2483
vn -0.1640 0.9256 -0.3410
vn -0.5827 0.6980 -0.4163
vn 0.4587 0.8444 -0.2767
vn 0.2463 0.9199 -0.3053
vn 0.8516 0.4936 -0.1764
vn 0.3146 0.9233 -0.2204
vn -0.4801 0.1789 -0.8588
vn -0.7253 0.6043 -0.3298
vn -0.3016 0.8867 -0.3503
vn -0.3016 0.8868 -0.3503
vn -0.4800 0.1790 -0.8588
vn -0.1639 0.9257 -0.3410
vn -0.1639 0.9256 -0.3410
vn 0.8517 0.4935 -0.1764
vn -0.7253 0.6042 -0.3298
vn -0.9775 -0.0065 -0.2108
vn -0.9706 0.0976 -0.2202
vn 0.6714 0.6595 -0.3380
vn 0.8517 0.4935 -0.1763
vn 0.8176 0.5339 -0.2158
vn 0.8633 0.4405 -0.2464
vn 0.9972 0.0237 -0.0709
vn 0.8176 0.5339 -0.2157
vn -0.7313 0.6246 -0.2739
vn -0.9961 -0.0241 -0.0851
vn -0.6392 0.6625 -0.3905
vn -0.3146 0.8764 -0.3647
vn -0.7313 0.6247 -0.2739
vn -0.1739 0.9130 -0.3690
vn -0.2088 0.9168 -0.3405
vn -0.7312 0.6247 -0.2740
vn -0.3147 0.8763 -0.3647
vn -0.1740 0.9130 -0.3690
vn -0.2087 0.9168 -0.3405
vn -0.1739 0.9130 -0.3691
vn -0.0115 0.9342 -0.3565
vn 0.3160 0.8887 -0.3322
vn 0.2154 0.8601 -0.4623
vn 0.3159 0.8888 -0.3322
vn 0.2413 0.9083 -0.3417
vn 0.5950 0.7553 -0.2748
vn 0.8175 0.5339 -0.2158
vn 0.8175 0.5339 -0.2157
vn 0.3159 0.8887 -0.3322
vn 0.8632 0.4406 -0.2465
vn 0.3160 0.8887 -0.3321
vn 0.8633 0.4405 -0.2465
vn -0.1740 0.9130 -0.3691
vn -0.0115 0.9342 -0.3566
vn 0.9802 0.1026 -0.1695
vn 0.9910 -0.0120 -0.1333
vn 0.9802 0.1025 -0.1695
vn -0.9671 0.2108 -0.1421
vn -0.9947 0.0638 -0.0802
vn -0.9839 0.1622 -0.0747
vn -0.2109 0.9608 -0.1798
vn -0.1842 0.9307 -0.3159
vn 0.0776 0.9779 -0.1941
vn -0.1373 0.8676 -0.4780
vn 0.3032 0.9093 -0.2849
vn 0.2972 0.9364 -0.1868
vn 0.7912 0.5338 -0.2984
vn 0.3630 0.8906 -0.2739
vn 0.5936 0.7851 -0.1768
vn 0.3630 0.8906 -0.2738
vn -0.2110 0.9608 -0.1798
vn -0.5403 0.8274 -0.1533
vn -0.5402 0.8274 -0.1533
vn -0.0910 0.9444 -0.3160
vn -0.0911 0.9444 -0.3160
vn -0.5403 0.8274 -0.1532
vn -0.1374 0.8676 -0.4780
vn 0.2259 0.9328 -0.2807
vn 0.5937 0.7851 -0.1768
vn 0.3629 0.8907 -0.2739
vn 0.3031 0.9094 -0.2850
vn 0.3031 0.9094 -0.2849
vn -0.0677 0.8349 -0.5463
vn -0.3987 0.8751 -0.2744
vn -0.0496 0.8645 -0.5002
vn -0.0511 0.9065 -0.4192
vn -0.3987 0.8750 -0.2744
vn -0.0510 0.8163 -0.5753
vn 0.3149 0.8216 -0.4752
vn 0.3546 0.7581 -0.5473
vn 0.4373 0.7548 -0.4889
vn 0.4372 0.7549 -0.4889
vn 0.4858 0.7646 -0.4236
vn 0.4372 0.7548 -0.4890
vn 0.4371 0.7549 -0.4890
vn -0.0495 0.8645 -0.5002
vn -0.0980 -0.1214 -0.9877
vn -0.5151 -0.4701 -0.7167
vn -0.8017 0.3120 -0.5098
vn -0.0980 -0.1215 -0.9877
vn 0.7157 -0.0193 -0.6981
vn 0.2893 -0.1666 -0.9426
vn -0.0980 -0.1214 -0.9878
vn -0.3377 -0.3163 -0.8865
vn 0.0638 -0.3320 -0.9411
vn -0.0282 -0.5998 -0.7997
vn 0.3957 -0.3130 -0.8634
vn 0.3065 -0.6483 -0.6970
vn 0.3958 -0.3130 -0.8634
vn -0.4456 -0.2692 -0.8538
vn 0.0846 -0.2779 -0.9569
vn -0.4095 -0.1610 -0.8980
vn -0.4095 -0.1609 -0.8980
vn -0.2838 -0.5475 -0.7872
vn -0.4455 -0.2692 -0.8539
vn 0.4951 -0.2477 -0.8327
vn 0.3470 -0.5364 -0.7693
vn 0.2115 -0.6669 -0.7145
vn 0.2116 -0.6668 -0.7145
vn 0.4952 -0.2477 -0.8327
vn -0.3263 -0.0139 -0.9452
vn -0.2029 0.0923 -0.9748
vn -0.3485 -0.0475 -0.9361
vn -0.3486 -0.0475 -0.9361
vn -0.3263 -0.0140 -0.9451
vn 0.4799 -0.1081 -0.8706
vn 0.4199 -0.0189 -0.9074
vn 0.2178 -0.5891 -0.7782
vn 0.4799 -0.1082 -0.8706
vn 0.9829 -0.1840 -0.0049
vn 0.9989 -0.0073 -0.0464
vn 0.9670 -0.2449 -0.0700
vn 0.6529 -0.5717 -0.4969
vn -0.9930 0.0788 -0.0875
vn -0.9880 -0.1446 -0.0537
vn -0.9896 -0.1408 -0.0298
vn -0.9843 -0.1530 -0.0879
vn -0.9880 -0.1446 -0.0536
vn -0.9961 -0.0242 -0.0850
vn 0.9988 -0.0345 0.0350
vn 0.9988 -0.0345 0.0349
vn 0.9782 -0.2039 0.0405
vn -0.9824 0.0801 -0.1686
vn -0.9634 -0.2310 -0.1361
vn -0.9716 -0.2131 -0.1027
vn -0.9824 0.0801 -0.1685
vn 0.9800 -0.1991 -0.0046
vn 0.9800 -0.1990 -0.0046
vn 0.9972 0.0236 -0.0709
vn 0.4897 -0.3870 -0.7813
vn 0.3278 -0.8698 -0.3688
vn -0.1546 -0.8631 -0.4808
vn 0.0265 -0.5281 -0.8488
vn 0.4896 -0.3870 -0.7813
vn 0.5160 -0.1576 -0.8420
vn 0.0264 -0.5281 -0.8488
vn 0.5161 -0.1576 -0.8419
vn 0.0665 -0.9972 0.0341
vn -0.6186 -0.6737 -0.4043
vn -0.1547 -0.8631 -0.4808
vn -0.5634 -0.8068 -0.1780
vn 0.3278 -0.8698 -0.3687
vn 0.6786 -0.7150 0.1679
vn 0.7392 -0.6607 -0.1306
vn 0.6786 -0.7151 0.1678
vn -0.6186 -0.6736 -0.4044
vn -0.7425 -0.1830 -0.6443
vn 0.3279 -0.8698 -0.3688
vn -0.5486 0.0273 -0.8356
vn -0.5734 -0.0211 -0.8190
vn -0.5735 -0.0211 -0.8190
vn -0.5487 0.0273 -0.8356
vn 0.7986 -0.1006 -0.5934
vn 0.4897 -0.3871 -0.7813
vn -0.2405 -0.1598 -0.9574
vn -0.5735 -0.0212 -0.8190
vn 0.4754 -0.1486 -0.8671
vn -0.4777 -0.5470 -0.6874
vn -0.5157 -0.6295 -0.5812
vn -0.4455 -0.2693 -0.8538
vn 0.4951 -0.2478 -0.8327
vn -0.3377 -0.3164 -0.8865
vn 0.3958 -0.3131 -0.8633
vn 0.3607 -0.4143 -0.8356
vn -0.2048 -0.8076 -0.5531
vn -0.1980 -0.7321 -0.6518
vn 0.2128 -0.9077 -0.3616
vn 0.2128 -0.9078 -0.3614
vn 0.2246 -0.9292 -0.2936
vn -0.2048 -0.8076 -0.5530
vn -0.5902 -0.7921 -0.1559
vn -0.1981 -0.7321 -0.6518
vn -0.2049 -0.8075 -0.5531
vn -0.2048 -0.8075 -0.5532
vn -0.5909 -0.8048 -0.0550
vn -0.5901 -0.7921 -0.1558
vn -0.9851 -0.1212 -0.1222
vn -0.9856 -0.1678 -0.0195
vn -0.9178 0.3743 -0.1325
vn -0.8286 0.4978 -0.2560
vn -0.2390 0.8639 -0.4434
vn -0.8286 0.4979 -0.2560
vn -0.3742 0.7931 -0.4806
vn -0.2390 0.8639 -0.4435
vn -0.0965 0.8711 -0.4816
vn -0.7405 0.5719 -0.3530
vn -0.0964 0.8711 -0.4816
vn -0.0963 0.8711 -0.4816
vn -0.2389 0.8639 -0.4435
vn -0.9745 -0.0837 -0.2080
vn -0.7405 0.5718 -0.3530
vn -0.9036 -0.3980 -0.1584
vn -0.5955 -0.7950 -0.1151
vn -0.9745 -0.0838 -0.2080
vn -0.8978 -0.4382 -0.0430
vn -0.6330 0.6952 -0.3406
vn -0.0397 0.9433 -0.3295
vn -0.0396 0.9433 -0.3295
vn -0.0963 0.8710 -0.4817
vn 0.2106 0.8876 -0.4097
vn -0.0396 0.9433 -0.3296
vn 0.0776 -0.9838 -0.1619
vn -0.7683 -0.6400 0.0088
vn 0.3255 -0.9382 -0.1178
vn 0.3254 -0.9382 -0.1177
vn 0.2215 -0.9751 -0.0055
vn 0.0777 -0.9838 -0.1618
vn 0.2343 -0.4967 -0.8357
vn 0.9670 -0.2450 -0.0700
vn 0.4049 -0.6553 -0.6377
vn -0.7682 -0.6401 0.0088
vn -0.9951 -0.0948 0.0291
vn -0.9834 0.1733 -0.0541
vn -0.1073 -0.9845 -0.1386
vn -0.0837 -0.9955 -0.0439
vn -0.0337 -0.9971 -0.0675
vn -0.0337 -0.9971 -0.0676
vn -0.1395 -0.9774 -0.1585
vn 0.2724 -0.9374 -0.2171
vn -0.0336 -0.9972 -0.0675
vn 0.9214 -0.2964 0.2513
vn 0.9256 0.2538 0.2809
vn 0.9416 0.1873 0.2798
vn 0.9418 -0.1755 0.2868
vn -0.3750 -0.8995 -0.2244
vn -0.0337 -0.9972 -0.0675
vn 0.9865 -0.1580 -0.0437
vn 0.9875 -0.1575 -0.0099
vn 0.9875 -0.1574 -0.0099
vn 0.9862 -0.1653 -0.0007
vn -0.9946 0.0745 -0.0724
vn -0.9914 -0.1305 0.0060
vn -0.9903 -0.1387 0.0104
vn -0.9931 -0.1161 0.0137
vn -0.9947 0.0637 -0.0802
vn -0.9932 -0.1160 0.0136
vn 0.9799 -0.1867 -0.0698
vn 0.9910 -0.0121 -0.1332
vn 0.9949 0.0263 -0.0973
vn 0.3148 0.8216 -0.4752
vn 0.8644 0.5011 -0.0408
vn 0.6944 0.5395 -0.4762
vn 0.6970 0.4418 -0.5648
vn 0.9418 -0.1756 0.2867
vn 0.8198 -0.5341 0.2065
vn 0.9214 -0.2965 0.2513
vn 0.3145 0.6963 -0.6452
vn -0.0314 0.7618 -0.6471
vn 0.3145 0.6962 -0.6452
vn 0.3146 0.6962 -0.6452
vn 0.5982 0.6480 -0.4714
vn 0.5629 0.7656 -0.3114
vn 0.8182 0.5745 -0.0213
vn 0.8182 0.5746 -0.0213
vn 0.9256 0.2539 0.2809
vn 0.5983 0.6480 -0.4713
vn 0.8182 0.5746 -0.0214
vn 0.6441 0.6645 -0.3788
vn 0.9214 -0.2964 0.2512
vn 0.9214 -0.2965 0.2512
vn -0.9812 -0.1713 0.0890
vn 0.8103 0.1005 0.5773
vn 0.6146 0.1158 0.7803
vn 0.6510 0.2600 0.7132
vn 0.6510 0.2600 0.7131
vn 0.8351 0.1415 0.5315
vn 0.0513 0.2177 0.9747
vn 0.1108 0.3497 0.9303
vn 0.6509 0.2601 0.7132
vn 0.6145 0.1158 0.7803
vn 0.0514 0.2177 0.9747
vn -0.6633 0.2423 0.7081
vn -0.6232 0.3314 0.7084
vn 0.1107 0.3497 0.9303
vn 0.1107 0.3498 0.9303
vn 0.0513 0.2178 0.9746
vn -0.6632 0.2423 0.7081
vn -0.6633 0.2422 0.7081
vn -0.9319 0.1836 0.3127
vn -0.9148 0.2471 0.3196
vn -0.9148 0.2471 0.3197
vn -0.6233 0.3314 0.7083
vn -0.9701 0.1914 0.1490
vn -0.9727 0.1678 0.1605
vn -0.9446 0.0467 -0.3249
vn -0.8026 0.1928 -0.5645
vn -0.7987 0.2845 -0.5302
vn -0.9711 0.0629 -0.2301
vn -0.9446 0.0466 -0.3249
vn 0.9897 0.0212 0.1413
vn 0.9814 0.0258 0.1900
vn 0.9824 0.1756 -0.0634
vn 0.9824 0.1755 -0.0634
vn 0.9951 0.0676 -0.0728
vn 0.9082 -0.2519 0.3342
vn 0.7561 -0.4143 0.5066
vn 0.8854 -0.2211 0.4088
vn 0.8855 -0.2211 0.4087
vn 0.9814 0.0257 0.1901
vn 0.9083 -0.2519 0.3341
vn 0.9672 0.0027 0.2541
vn 0.9771 0.0164 0.2120
vn 0.9897 0.0212 0.1414
vn 0.8004 -0.4647 0.3786
vn 0.8130 -0.4953 0.3061
vn 0.9191 -0.2884 0.2684
vn 0.8751 -0.2042 0.4387
vn 0.6391 0.1975 0.7433
vn 0.8993 0.1228 0.4197
vn 0.8351 0.1416 0.5315
vn 0.6510 0.2601 0.7132
vn 0.6271 -0.3913 0.6735
vn 0.8751 -0.2042 0.4388
vn 0.5970 -0.1382 0.7903
vn -0.7656 -0.4995 0.4054
vn -0.8476 -0.2046 0.4896
vn -0.9404 -0.3183 0.1197
vn -0.8180 -0.5638 0.1139
vn -0.9013 0.1404 0.4097
vn -0.9943 0.0391 0.0996
vn -0.9404 -0.3182 0.1197
vn -0.8476 -0.2045 0.4896
vn 0.1005 0.2380 0.9660
vn 0.1108 0.3498 0.9303
vn 0.1005 0.2381 0.9660
vn 0.1308 -0.3757 0.9174
vn 0.6271 -0.3913 0.6736
vn 0.5969 -0.1382 0.7903
vn 0.1283 -0.1354 0.9824
vn 0.1308 -0.3758 0.9174
vn -0.4179 -0.4057 0.8129
vn -0.4584 -0.1289 0.8793
vn -0.7656 -0.4994 0.4055
vn -0.9013 0.1405 0.4098
vn -0.5377 0.2099 0.8166
vn -0.5376 0.2099 0.8167
vn 0.1004 0.2381 0.9660
vn -0.4583 -0.1289 0.8794
vn -0.4178 -0.4056 0.8130
vn 0.1307 -0.3757 0.9175
vn 0.1282 -0.1354 0.9825
vn 0.7562 -0.4143 0.5065
vn 0.9082 -0.2519 0.3341
vn 0.9662 0.0969 0.2388
vn 0.9586 -0.0073 0.2846
vn 0.9885 0.0648 -0.1367
vn 0.9885 0.0648 -0.1368
vn 0.9950 0.0676 -0.0729
vn 0.8104 0.1005 0.5773
vn 0.9586 -0.0073 0.2847
vn 0.8351 0.1415 0.5316
vn 0.9586 -0.0073 0.2848
vn 0.9586 -0.0074 0.2846
vn 0.9672 0.0027 0.2542
vn 0.8352 0.1415 0.5315
vn -0.8993 0.1236 -0.4194
vn -0.9897 0.0826 -0.1172
vn -0.9788 0.1756 -0.1053
vn -0.9897 0.0825 -0.1172
vn -0.8993 0.1235 -0.4195
vn -0.9788 0.1756 -0.1052
vn -0.9897 0.0826 -0.1171
vn -0.9701 0.1914 0.1489
vn -0.9702 0.1914 0.1489
vn -0.9897 0.0825 -0.1171
vn -0.9727 0.1678 0.1604
vn -0.9903 -0.0002 -0.1392
vn -0.9446 0.0465 -0.3249
vn 0.8994 0.1227 0.4196
vn 0.9771 0.0164 0.2121
vn 0.9672 0.0028 0.2541
vn -0.9013 0.1405 0.4097
vn -0.9148 0.2471 0.3195
vn -0.9863 -0.0888 -0.1393
vn -0.9943 0.0391 0.0995
vn -0.9903 -0.0001 -0.1391
vn -0.9831 -0.1339 -0.1247
vn -0.9862 -0.0889 -0.1394
vn -0.9831 -0.1339 -0.1246
vn -0.9712 0.0628 -0.2300
vn -0.8180 -0.5638 0.1138
vn -0.8944 -0.4440 -0.0540
vn -0.8944 -0.4439 -0.0540
vn -0.8007 -0.5991 0.0049
vn -0.9862 -0.0889 -0.1393
vn -0.8945 -0.4439 -0.0540
vn -0.9404 -0.3183 0.1196
vn -0.9943 0.0390 0.0995
vn -0.9831 -0.1340 -0.1246
vn -0.8885 -0.4440 0.1157
vn -0.8993 0.1236 -0.4195
vn -0.7081 0.1520 -0.6896
vn -0.9446 0.0466 -0.3250
vn -0.8025 0.1928 -0.5646
vn -0.3668 0.3240 -0.8721
vn -0.3751 0.3999 -0.8363
vn -0.7986 0.2846 -0.5303
vn 0.8537 0.2417 -0.4612
vn 0.8537 0.2418 -0.4612
vn 0.8674 0.1112 -0.4851
vn 0.9950 0.0677 -0.0729
vn 0.9824 0.1756 -0.0635
vn 0.8643 0.2807 -0.4173
vn 0.3061 0.4213 -0.8537
vn 0.3449 0.3663 -0.8642
vn 0.8537 0.2418 -0.4613
vn 0.8643 0.2807 -0.4174
vn -0.3667 0.3240 -0.8721
vn 0.3448 0.3663 -0.8642
vn 0.3060 0.4213 -0.8537
vn 0.3060 0.4214 -0.8537
vn -0.3750 0.3999 -0.8363
vn -0.8026 0.1928 -0.5646
vn -0.7080 0.1520 -0.6896
vn -0.2818 0.1929 -0.9399
vn 0.8673 0.1112 -0.4852
vn 0.8537 0.2417 -0.4613
vn 0.4262 0.1719 -0.8882
vn -0.2817 0.1929 -0.9399
vn 0.4261 0.1719 -0.8882
vn -0.9321 -0.3316 0.1455
vn -0.8885 -0.4439 0.1158
vn -0.8885 -0.4441 0.1158
vn -0.8311 -0.5434 0.1186
vn -0.8310 -0.5434 0.1187
vn -0.8885 -0.4440 0.1159
vn -0.9321 -0.3316 0.1454
vn 0.9083 -0.2518 0.3341
vn 0.9897 0.0211 0.1414
vn 0.9771 0.0163 0.2121
vn 0.9192 -0.2883 0.2684
vn 0.8993 0.1227 0.4197
vn 0.9191 -0.2883 0.2684
vn 0.8751 -0.2041 0.4388
vn 0.6391 0.1975 0.7434
vn 0.1283 -0.1354 0.9825
vn 0.1283 -0.1353 0.9825
vn 0.5969 -0.1381 0.7903
vn 0.6390 0.1975 0.7434
vn 0.1004 0.2380 0.9661
vn -0.5376 0.2098 0.8167
vn -0.4584 -0.1289 0.8794
vn -0.9013 0.1404 0.4098
vn -0.8476 -0.2045 0.4897
vn -0.9322 -0.3316 0.1454
vn 0.8725 -0.1564 0.4628
vn 0.8186 -0.3663 0.4424
vn 0.8297 -0.3353 0.4462
vn 0.8297 -0.3352 0.4463
vn 0.8486 -0.0987 0.5198
vn 0.8725 -0.1564 0.4629
vn 0.8845 -0.2245 0.4089
vn 0.8925 -0.2821 0.3519
vn 0.7898 -0.2177 0.5734
vn 0.7703 -0.2313 0.5942
vn 0.8845 -0.2245 0.4090
vn 0.7400 -0.3500 0.5744
vn 0.7830 -0.3522 0.5127
vn 0.7825 -0.3490 0.5156
vn 0.7825 -0.3491 0.5156
vn 0.7172 -0.3712 0.5898
vn 0.8186 -0.3663 0.4425
vn 0.7503 -0.4012 0.5254
vn 0.7605 -0.3915 0.5180
vn 0.7605 -0.3915 0.5181
vn 0.8297 -0.3353 0.4463
vn 0.7703 -0.2314 0.5943
vn 0.7898 -0.2177 0.5735
vn 0.7399 -0.3500 0.5745
vn 0.7171 -0.3712 0.5899
vn 0.7503 -0.4011 0.5254
vn 0.9558 -0.2884 -0.0572
vn 0.9521 -0.2987 -0.0660
vn 0.9595 -0.2789 -0.0388
vn 0.9604 -0.2750 -0.0442
vn 0.9850 -0.1724 -0.0077
vn 0.9874 0.1521 0.0438
vn 0.9893 0.1190 0.0840
vn 0.9893 0.1189 0.0840
vn 0.9841 -0.1774 0.0109
vn 0.8536 0.3810 0.3552
vn 0.9594 0.0095 0.2819
vn 0.9675 0.0307 0.2511
vn 0.9673 0.0305 0.2516
vn 0.8498 0.4102 0.3310
vn 0.8537 0.3810 0.3551
vn 0.6682 0.4307 0.6066
vn 0.6488 0.4629 0.6040
vn 0.6956 0.4400 0.5679
vn 0.7466 0.3819 0.5447
vn 0.6682 0.4307 0.6067
vn 0.8695 0.2210 0.4417
vn 0.8562 0.2387 0.4582
vn 0.9893 0.1190 0.0841
vn 0.9893 0.1191 0.0841
vn 0.9874 0.1522 0.0438
vn 0.8695 0.2211 0.4417
vn 0.9837 -0.1770 -0.0307
vn 0.9806 -0.1892 -0.0512
vn 0.7942 0.3793 0.4747
vn 0.7806 0.4117 0.4702
vn 0.8561 0.2388 0.4583
vn 0.8695 0.2211 0.4418
vn 0.7942 0.3793 0.4748
vn 0.9693 -0.2400 -0.0529
vn 0.9639 -0.2560 -0.0729
vn 0.7465 0.3820 0.5447
vn 0.7806 0.4118 0.4703
vn 0.7806 0.4117 0.4703
vn 0.7942 0.3794 0.4748
vn 0.7466 0.3820 0.5447
vn 0.9639 -0.2559 -0.0729
vn 0.6792 0.5357 0.5016
vn 0.6488 0.4630 0.6040
vn 0.6682 0.4308 0.6066
vn 0.6681 0.4308 0.6067
vn 0.6899 0.5295 0.4936
vn 0.9797 -0.1994 -0.0191
vn 0.9803 -0.1964 -0.0228
vn 0.6900 0.5295 0.4935
vn 0.8220 0.4597 0.3363
vn 0.7985 0.4957 0.3416
vn 0.7984 0.4957 0.3417
vn 0.6793 0.5358 0.5015
vn 0.9936 -0.1127 -0.0071
vn 0.9923 -0.1236 -0.0017
vn 0.9803 -0.1963 -0.0227
vn 0.9803 -0.1963 -0.0228
vn 0.9798 -0.1993 -0.0190
vn 0.8219 0.4597 0.3363
vn 0.8536 0.3810 0.3551
vn 0.9675 0.0306 0.2511
vn 0.9594 0.0095 0.2818
vn 0.9923 -0.1237 -0.0017
vn 0.9675 0.0306 0.2510
vn 0.9782 0.2056 -0.0291
vn 0.9886 0.1408 -0.0539
vn 0.9864 0.1570 -0.0477
vn 0.9864 0.1571 -0.0477
vn 0.9769 0.2119 -0.0267
vn 0.9465 0.2960 0.1288
vn 0.9471 0.2971 0.1215
vn 0.9470 0.2970 0.1225
vn 0.9470 0.2970 0.1224
vn 0.9463 0.2957 0.1308
vn 0.9464 0.2960 0.1289
vn 0.1483 0.5539 -0.8192
vn 0.1313 0.6582 -0.7413
vn 0.1320 0.6477 -0.7503
vn -0.0044 -1.0000 0.0045
vn 0.0017 -1.0000 0.0059
vn 0.0019 -1.0000 0.0060
vn -0.0042 -1.0000 0.0045
vn -0.2036 -0.3884 0.8987
vn -0.0112 0.9999 0.0041
vn 0.0018 1.0000 0.0067
vn 0.0013 1.0000 0.0066
vn -0.0117 0.9999 0.0041
vn -0.0114 0.9999 0.0041
vn -0.1332 -0.7862 0.6034
vn -0.1345 -0.7864 0.6029
vn -0.1270 -0.7837 0.6081
vn -0.1266 -0.7837 0.6081
vn -0.1260 -0.7837 0.6082
vn -0.1332 -0.7863 0.6034
vn 0.1313 0.6583 -0.7412
vn 0.1495 0.7342 -0.6623
vn 0.1472 0.7348 -0.6621
vn 0.1473 0.7348 -0.6621
vn 0.1320 0.6478 -0.7503
vn -0.1447 -0.7653 0.6272
vn -0.1451 -0.7653 0.6271
vn -0.1604 -0.7822 0.6021
vn -0.1604 -0.7821 0.6021
vn 0.1858 0.6881 -0.7015
vn 0.1880 0.5803 -0.7924
vn 0.1879 0.5803 -0.7924
vn 0.1878 0.5803 -0.7924
vn 0.1855 0.6880 -0.7016
vn 0.1858 0.6881 -0.7014
vn -0.1327 0.3999 0.9069
vn -0.1361 0.2446 0.9600
vn -0.1360 0.2448 0.9600
vn -0.1344 0.3997 0.9068
vn -0.1326 0.3999 0.9069
vn 0.1723 0.5053 -0.8456
vn 0.1723 0.5053 -0.8455
vn 0.1709 0.5053 -0.8458
vn -0.1434 -0.3766 0.9152
vn -0.1411 -0.3767 0.9155
vn -0.1360 0.2447 0.9600
vn -0.1361 0.2445 0.9601
vn -0.1433 -0.3766 0.9152
vn -0.1412 -0.3768 0.9155
vn -0.1332 -0.7863 0.6033
vn 0.1496 0.7342 -0.6623
vn 0.9549 0.0378 0.2945
vn 0.9508 0.0201 0.3093
vn 0.9537 0.0672 0.2930
vn 0.9655 0.0026 0.2606
vn 0.9537 0.0673 0.2930
vn 0.9659 -0.0061 0.2590
vn 0.9655 0.0025 0.2605
vn 0.9561 0.0347 0.2911
vn 0.9572 0.0307 0.2879
vn 0.9770 -0.0354 0.2104
vn 0.9693 0.0012 0.2460
vn 0.9686 -0.0028 0.2485
vn 0.9784 -0.0471 0.2012
vn 0.9842 -0.0506 0.1694
vn 0.9850 -0.0513 0.1645
vn 0.9899 -0.0422 0.1352
vn 0.9692 0.0013 0.2461
vn 0.9686 -0.0028 0.2486
vn -0.9548 -0.0383 -0.2949
vn -0.9536 -0.0678 -0.2933
vn -0.9506 -0.0202 -0.3099
vn -0.9655 -0.0026 -0.2606
vn -0.9659 0.0061 -0.2590
vn -0.9571 -0.0309 -0.2881
vn -0.9560 -0.0348 -0.2912
vn -0.9770 0.0354 -0.2102
vn -0.9784 0.0470 -0.2012
vn -0.9687 0.0028 -0.2484
vn -0.9686 0.0028 -0.2484
vn -0.9693 -0.0011 -0.2459
vn -0.9770 0.0355 -0.2102
vn -0.9850 0.0512 -0.1647
vn -0.9842 0.0505 -0.1695
vn -0.9850 0.0512 -0.1646
vn -0.9898 0.0422 -0.1358
vn 0.6817 0.6757 0.2804
vn 0.7460 0.4466 0.4940
vn 0.7459 0.4471 0.4936
vn -0.9845 -0.1652 -0.0591
vn -0.9798 -0.1974 -0.0329
vn 0.7302 0.1514 0.6662
vn 0.7459 0.4470 0.4937
vn 0.7460 0.4465 0.4940
vn 0.9089 -0.2209 -0.3537
vn 0.8398 0.0279 -0.5422
vn 0.9089 -0.2205 -0.3541
vn 0.8799 -0.4618 -0.1124
vn 0.9089 -0.2210 -0.3536
vn 0.9089 -0.2206 -0.3540
vn -0.9872 -0.1372 -0.0817
vn 0.7624 0.1091 0.6378
vn 0.7325 0.4926 0.4699
vn 0.5617 0.5969 0.5729
vn 0.6011 0.0923 0.7939
vn 0.7624 0.1090 0.6378
vn 0.7564 0.6491 0.0811
vn 0.5931 0.8028 0.0614
vn 0.7564 0.6491 0.0810
vn 0.8200 0.4869 -0.3008
vn 0.6769 0.5894 -0.4410
vn 0.6768 0.5894 -0.4411
vn 0.5931 0.8028 0.0613
vn 0.8862 0.1009 -0.4521
vn 0.7639 0.0816 -0.6401
vn 0.6769 0.5893 -0.4411
vn 0.8200 0.4869 -0.3009
vn 0.9162 -0.2827 -0.2842
vn 0.8033 -0.4230 -0.4192
vn 0.7639 0.0815 -0.6401
vn 0.8923 -0.4392 0.1046
vn 0.7719 -0.6290 0.0923
vn 0.8033 -0.4231 -0.4191
vn 0.9161 -0.2827 -0.2842
vn 0.8286 -0.2769 0.4865
vn 0.6882 -0.4155 0.5948
vn 0.6882 -0.4156 0.5948
vn 0.7719 -0.6290 0.0924
vn 0.6011 0.0922 0.7939
vn 0.6881 -0.4155 0.5948
vn 0.7625 0.1091 0.6378
vn 0.9858 0.1255 0.1111
vn 0.7325 0.4926 0.4698
vn 0.9858 0.1256 0.1111
vn 0.9859 0.1256 0.1110
vn 0.8201 0.4868 -0.3008
vn 0.8863 0.1009 -0.4521
vn 0.9859 0.1255 0.1110
vn 0.9162 -0.2826 -0.2842
vn 0.9162 -0.2826 -0.2841
vn 0.8923 -0.4391 0.1046
vn 0.8923 -0.4391 0.1047
vn 0.8287 -0.2769 0.4865
vn 0.7625 0.1090 0.6378
vn 0.1694 -0.8443 0.5084
vn 0.1320 -0.5785 0.8049
vn 0.1321 -0.5785 0.8049
vn 0.0717 -0.2094 0.9752
vn 0.0425 -0.0419 0.9982
vn 0.1769 -0.9144 0.3641
vn -0.9837 -0.1766 0.0344
vn 0.9837 0.1766 -0.0344
vn -0.1799 0.9690 -0.1691
vn -0.0035 -0.1726 -0.9850
vn 0.1320 -0.5784 0.8050
vn 0.0717 -0.2095 0.9752
vn 0.0718 -0.2095 0.9752
vn 0.8644 0.5011 -0.0407
vn 0.9004 0.3942 0.1843
vn 0.6944 0.5396 -0.4762
vn -0.0751 0.4040 -0.9116
vn 0.0040 0.7470 -0.6649
vn -0.9161 -0.3889 0.0979
vn -0.9812 -0.1715 0.0890
vn -0.9430 0.3170 -0.1008
vn -0.9178 0.3744 -0.1325
vn -0.3741 0.7932 -0.4806
vn -0.1791 0.7667 -0.6165
vn 0.0039 0.7470 -0.6648
vn 0.0066 0.7437 -0.6685
vn 0.2616 0.6780 -0.6869
vn 0.2616 0.6781 -0.6869
vn 0.6943 0.5395 -0.4762
vn 0.5982 0.6481 -0.4714
vn 0.9416 0.1873 0.2797
vn 0.9756 -0.0232 0.2184
vn 0.5982 0.6480 -0.4713
vn -0.9430 0.3171 -0.1008
vn -0.0332 0.7360 0.6762
vn -0.0080 0.7866 0.6175
vn 0.0336 0.6611 0.7496
vn 0.0337 0.6611 0.7496
vn 0.0506 0.6490 0.7591
vn 0.2454 -0.6955 -0.6753
vn 0.2936 -0.7205 -0.6282
vn 0.1757 -0.7116 -0.6803
vn 0.1737 -0.7064 -0.6861
vn 0.4513 -0.8083 -0.3782
vn 0.5783 -0.7308 -0.3626
vn 0.2935 -0.7205 -0.6282
vn 0.2936 -0.7205 -0.6283
vn 0.1192 0.5213 0.8450
vn 0.1193 0.5213 0.8450
vn 0.0930 0.5063 0.8573
vn -0.3970 -0.7447 -0.5365
vn -0.3325 -0.8520 -0.4045
vn -0.3422 -0.8366 -0.4278
vn -0.3422 -0.8366 -0.4277
vn -0.3489 -0.7023 -0.6206
vn -0.1899 0.5905 0.7844
vn -0.2833 0.5256 0.8022
vn -0.2803 0.5246 0.8039
vn -0.2802 0.5247 0.8039
vn -0.1793 0.5802 0.7945
vn -0.3489 -0.7022 -0.6206
vn -0.3292 -0.6844 -0.6506
vn -0.3970 -0.7446 -0.5366
vn -0.3326 0.5974 0.7298
vn -0.3007 0.6095 0.7336
vn -0.1440 0.5242 0.8393
vn -0.1328 0.5227 0.8421
vn -0.3325 -0.8520 -0.4044
vn -0.0835 -0.9734 -0.2135
vn -0.0759 -0.9731 -0.2174
vn -0.0758 -0.9731 -0.2174
vn -0.3422 -0.8367 -0.4277
vn -0.3327 -0.8520 -0.4042
vn -0.0447 0.5040 0.8625
vn -0.0416 0.4917 0.8698
vn -0.0834 -0.9734 -0.2135
vn 0.2794 -0.9279 -0.2470
vn 0.2935 -0.9259 -0.2379
vn -0.0757 -0.9732 -0.2173
vn -0.0834 -0.9733 -0.2137
vn -0.0415 0.4917 0.8698
vn -0.0447 0.5040 0.8626
vn 0.2795 -0.9278 -0.2471
vn 0.4511 -0.8079 -0.3792
vn 0.4512 -0.8083 -0.3782
vn 0.2936 -0.9259 -0.2379
vn 0.2795 -0.9278 -0.2470
vn -0.3850 -0.5931 -0.7071
vn -0.2952 -0.3785 -0.8772
vn -0.4284 -0.4757 -0.7682
vn -0.0332 0.7360 0.6761
vn 0.1464 0.8490 0.5076
vn -0.0080 0.7866 0.6174
vn -0.7348 -0.6743 -0.0728
vn -0.1669 -0.8046 -0.5698
vn -0.1669 -0.8046 -0.5699
vn 0.1737 -0.7065 -0.6861
vn 0.1756 -0.7116 -0.6803
vn -0.5680 0.6147 0.5472
vn -0.3326 0.5974 0.7297
vn -0.6223 0.5885 0.5161
vn -0.5680 0.6147 0.5473
vn -0.3007 0.6095 0.7335
vn 0.1703 0.8493 0.4996
vn -0.2952 -0.3785 -0.8773
vn -0.2573 -0.3812 -0.8880
vn -0.4283 -0.4758 -0.7682
vn -0.9748 -0.1530 0.1623
vn -0.9633 0.1104 -0.2446
vn -0.9701 0.0902 -0.2255
vn -0.9701 0.0902 -0.2254
vn -0.9618 -0.1732 0.2122
vn -0.9748 -0.1530 0.1624
vn -0.9700 0.0902 -0.2255
vn -0.7617 0.2862 -0.5813
vn -0.7430 0.2691 -0.6128
vn 0.7726 0.4080 -0.4864
vn 0.9636 0.2554 -0.0790
vn 0.7834 0.3750 -0.4956
vn 0.9591 0.2741 -0.0712
vn 0.9688 0.0746 0.2363
vn 0.7725 0.4080 -0.4865
vn 0.2328 0.4777 -0.8471
vn 0.2328 0.4778 -0.8471
vn -0.3266 0.4016 -0.8556
vn -0.3454 0.4158 -0.8413
vn -0.3455 0.4157 -0.8413
vn -0.3267 0.4016 -0.8556
vn 0.9184 -0.0636 0.3906
vn 0.9300 -0.0074 0.3674
vn 0.9688 0.0745 0.2363
vn 0.9808 0.0945 0.1707
vn -0.8446 -0.3259 0.4248
vn -0.8613 -0.3207 0.3940
vn -0.9748 -0.1531 0.1624
vn -0.9617 -0.1732 0.2123
vn -0.9633 0.1105 -0.2447
vn -0.3455 0.4158 -0.8413
vn -0.7616 0.2863 -0.5814
vn 0.2329 0.4777 -0.8471
vn 0.7834 0.3751 -0.4957
vn 0.2597 0.4635 -0.8472
vn 0.7726 0.4081 -0.4864
vn 0.9808 0.0946 0.1706
vn 0.2596 0.4634 -0.8472
vn -0.3266 0.4017 -0.8556
vn -0.3850 -0.5932 -0.7070
vn -0.4284 -0.4758 -0.7682
vn -0.3291 -0.6844 -0.6506
vn -0.3292 -0.6846 -0.6504
vn 0.9756 -0.0231 0.2184
vn 0.9416 0.1874 0.2797
vn 0.9004 0.3943 0.1842
vn 0.9615 -0.2097 0.1775
vn 0.9638 -0.2126 0.1609
vn 0.8883 -0.1487 0.4345
vn 0.9153 -0.1571 0.3708
vn 0.9075 -0.1478 0.3932
vn 0.9284 -0.1417 0.3435
vn 0.9797 -0.1244 0.1571
vn 0.9638 -0.0937 0.2497
vn 0.8852 -0.0446 0.4631
vn 0.8915 -0.1275 0.4347
vn 0.9797 -0.1001 0.1735
vn 0.9638 -0.0937 0.2498
vn 0.8851 -0.0446 0.4632
vn 0.5909 -0.0495 0.8053
vn 0.5839 -0.2007 0.7867
vn 0.5838 -0.2007 0.7867
vn 0.8914 -0.1275 0.4348
vn 0.5908 -0.0495 0.8053
vn -0.0233 -0.0853 0.9961
vn -0.0766 -0.2724 0.9591
vn -0.9340 -0.1483 0.3251
vn -0.9325 -0.2135 0.2914
vn -0.6745 -0.2660 0.6887
vn -0.6744 -0.2660 0.6887
vn -0.6409 -0.1150 0.7590
vn -0.9861 -0.1624 -0.0343
vn -0.9842 -0.1746 -0.0301
vn -0.9325 -0.2135 0.2913
vn -0.9340 -0.1483 0.3250
vn -0.9757 -0.1823 -0.1218
vn -0.9842 -0.1746 -0.0302
vn -0.9861 -0.1624 -0.0344
vn -0.9808 -0.1932 0.0276
vn -0.9817 -0.1830 -0.0521
vn -0.9711 -0.1804 0.1561
vn -0.9765 -0.2093 0.0511
vn -0.9625 -0.2130 0.1679
vn -0.9638 -0.1902 0.1868
vn -0.9813 -0.1913 0.0212
vn -0.9765 -0.2093 0.0512
vn -0.9678 -0.1730 -0.1829
vn -0.9694 -0.1801 -0.1669
vn -0.9694 -0.1801 -0.1668
vn -0.8488 -0.1950 -0.4915
vn -0.4305 -0.1979 -0.8806
vn -0.4536 -0.2058 -0.8671
vn -0.4537 -0.2058 -0.8671
vn -0.8564 -0.1970 -0.4772
vn 0.1451 -0.1996 -0.9691
vn 0.5665 -0.1990 -0.7997
vn 0.4212 -0.1968 -0.8853
vn 0.4213 -0.1968 -0.8853
vn 0.1439 -0.1993 -0.9693
vn 0.1451 -0.1997 -0.9691
vn 0.8466 -0.2071 -0.4903
vn 0.8554 -0.2165 -0.4706
vn 0.5825 -0.2071 -0.7860
vn 0.5666 -0.1990 -0.7996
vn 0.8466 -0.2071 -0.4904
vn 0.8554 -0.2165 -0.4705
vn 0.9696 -0.2087 -0.1279
vn 0.9698 -0.2200 -0.1051
vn 0.9638 -0.2126 0.1608
vn 0.9615 -0.2097 0.1774
vn 0.9698 -0.2201 -0.1050
vn 0.9698 -0.2200 -0.1050
vn 0.9696 -0.2087 -0.1278
vn 0.9797 -0.1243 0.1571
vn -0.9817 -0.1829 -0.0521
vn -0.9808 -0.1932 0.0275
vn 0.8486 -0.1290 0.5131
vn 0.8565 -0.1297 0.4996
vn 0.9075 -0.1477 0.3933
vn -0.9622 -0.1862 0.1988
vn -0.9711 -0.1804 0.1562
vn -0.9678 -0.1730 -0.1830
vn -0.8488 -0.1950 -0.4914
vn -0.8565 -0.1970 -0.4771
vn 0.8883 -0.1487 0.4346
vn 0.9153 -0.1571 0.3709
vn -0.0234 -0.0852 0.9961
vn -0.6408 -0.1150 0.7591
vn -0.6744 -0.2660 0.6888
vn 0.9497 -0.1160 0.2908
vn 0.5835 -0.2866 0.7599
vn -0.0653 -0.3862 0.9201
vn 0.5834 -0.2867 0.7599
vn 0.5838 -0.2008 0.7867
vn -0.6745 -0.2661 0.6887
vn -0.6594 -0.3361 0.6725
vn -0.9848 -0.1733 -0.0060
vn -0.9665 -0.2037 0.1561
vn -0.9665 -0.2038 0.1560
vn -0.6744 -0.2661 0.6888
vn -0.6593 -0.3362 0.6725
vn -0.0654 -0.3862 0.9201
vn -0.0653 -0.3861 0.9201
vn 0.9846 -0.0971 0.1455
vn -0.9757 -0.1822 -0.1218
vn 0.5834 -0.2866 0.7599
vn 0.6870 -0.1825 0.7033
vn 0.9497 -0.1160 0.2909
vn -0.0358 -0.2856 0.9577
vn 0.6870 -0.1826 0.7033
vn 0.5834 -0.2867 0.7600
vn -0.0358 -0.2855 0.9577
vn -0.0654 -0.3861 0.9201
vn -0.6593 -0.3361 0.6725
vn -0.7213 -0.2540 0.6444
vn -0.0359 -0.2855 0.9577
vn -0.9324 -0.2135 0.2915
vn -0.9665 -0.2038 0.1561
vn -0.6594 -0.3361 0.6724
vn -0.7214 -0.2539 0.6443
vn 0.8915 -0.1275 0.4348
vn -0.1306 -0.1931 -0.9724
vn -0.1338 -0.1883 -0.9730
vn -0.4304 -0.1980 -0.8806
vn -0.1306 -0.1932 -0.9724
vn 0.1450 -0.1997 -0.9691
vn 0.1438 -0.1993 -0.9693
vn -0.1307 -0.1931 -0.9724
vn -0.1305 -0.1931 -0.9724
vn 0.5824 -0.2071 -0.7861
vn 0.4307 -0.1977 -0.8806
vn -0.0217 -0.8996 0.4362
vn -0.0000 -1.0000 -0.0000
vn -0.0302 -0.9070 0.4201
vn -0.0216 -0.8996 0.4362
vn 0.0007 0.9999 -0.0102
vn 0.0053 0.9058 -0.4236
vn 0.0279 0.8939 -0.4475
vn 0.0279 0.8938 -0.4475
vn 0.0002 0.6768 -0.7362
vn 0.0237 0.6159 -0.7875
vn 0.0238 0.6158 -0.7875
vn -0.0285 -0.8403 0.5414
vn -0.0247 -0.8134 0.5811
vn -0.0133 -0.9679 0.2508
vn -0.0133 -0.9680 0.2508
vn -0.0166 -0.9661 0.2575
vn 0.0014 0.8344 -0.5512
vn 0.0043 0.8561 -0.5169
vn -0.0038 0.9616 -0.2744
vn -0.0078 0.9652 -0.2615
vn -0.0201 0.9857 -0.1675
vn -0.0162 0.9847 -0.1733
vn -0.0078 0.9652 -0.2616
vn -0.0215 0.9900 -0.1392
vn -0.0215 0.9900 -0.1391
vn -0.0206 0.9906 -0.1355
vn -0.0000 1.0000 -0.0000
vn -0.0333 -0.5895 0.8071
vn -0.0409 -0.5784 0.8147
vn -0.0248 -0.8134 0.5812
vn -0.0247 -0.8134 0.5812
vn -0.0286 -0.8403 0.5414
vn 0.0043 0.8560 -0.5169
vn 0.0014 0.8343 -0.5513
vn 0.0237 0.6159 -0.7874
vn -0.0221 0.9938 -0.1093
vn 0.0585 0.0619 -0.9964
vn 0.0642 0.0579 -0.9963
vn 0.0605 0.0604 -0.9963
vn 0.0538 0.0652 -0.9964
vn -0.0216 -0.8996 0.4361
vn -0.0301 -0.9070 0.4200
vn -0.9758 -0.2113 -0.0559
vn -0.9765 -0.2078 -0.0575
vn -0.8327 -0.5511 -0.0536
vn -0.7846 -0.6178 -0.0522
vn -0.9758 -0.2115 -0.0558
vn -0.7846 -0.6178 -0.0521
vn -0.8327 -0.5511 -0.0541
vn -0.5806 -0.8131 -0.0434
vn -0.5806 -0.8130 -0.0435
vn -0.5844 -0.8102 -0.0451
vn 0.5751 -0.8177 0.0248
vn 0.8384 -0.5433 0.0429
vn 0.8039 -0.5933 0.0423
vn 0.8039 -0.5932 0.0423
vn 0.5742 -0.8184 0.0250
vn 0.5750 -0.8178 0.0248
vn 0.9829 -0.1747 0.0579
vn 0.8385 -0.5432 0.0429
vn 0.8385 -0.5432 0.0428
vn 0.9849 -0.1645 0.0539
vn 0.9829 -0.1746 0.0579
vn 0.0871 0.0522 -0.9948
vn 0.0872 0.0520 -0.9948
vn 0.0871 0.0554 -0.9947
vn 0.0870 0.0519 -0.9949
vn 0.0870 0.0511 -0.9949
vn 0.0872 0.0508 -0.9949
vn 0.0872 0.0519 -0.9948
vt 0.745805 0.021865
vt 0.746515 0.012567
vt 0.736349 0.014593
vt 0.734724 0.021734
vt 0.756724 0.023714
vt 0.757247 0.013285
vt 0.708373 0.011038
vt 0.713974 0.011311
vt 0.714898 0.009014
vt 0.760322 0.030036
vt 0.754908 0.029794
vt 0.691087 0.021959
vt 0.695194 0.020140
vt 0.695157 0.018337
vt 0.766189 0.024314
vt 0.745872 0.025471
vt 0.720152 0.029560
vt 0.720229 0.033748
vt 0.721878 0.033781
vt 0.724151 0.030265
vt 0.726513 0.030782
vt 0.726583 0.033931
vt 0.728252 0.033893
vt 0.730916 0.030796
vt 0.738397 0.037475
vt 0.737560 0.037145
vt 0.736181 0.038831
vt 0.737412 0.039444
vt 0.737916 0.034860
vt 0.739838 0.035114
vt 0.739220 0.037758
vt 0.663314 0.025521
vt 0.661525 0.031428
vt 0.663904 0.030811
vt 0.580160 0.138784
vt 0.591338 0.138431
vt 0.585172 0.120353
vt 0.580603 0.121179
vt 0.738061 0.039729
vt 0.665692 0.029279
vt 0.665611 0.024922
vt 0.670199 0.023962
vt 0.672981 0.029546
vt 0.672262 0.023518
vt 0.724943 0.032075
vt 0.677965 0.022884
vt 0.680581 0.029243
vt 0.680523 0.022255
vt 0.716982 0.028725
vt 0.718121 0.031159
vt 0.736551 0.035920
vt 0.657224 0.034354
vt 0.653332 0.035075
vt 0.656231 0.038709
vt 0.659852 0.040146
vt 0.661268 0.038800
vt 0.666122 0.039201
vt 0.666214 0.034507
vt 0.664157 0.038418
vt 0.662177 0.034918
vt 0.659679 0.032390
vt 0.660280 0.035402
vt 0.663903 0.034920
vt 0.671044 0.029425
vt 0.671933 0.033823
vt 0.673273 0.033834
vt 0.668192 0.034788
vt 0.668066 0.030724
vt 0.666589 0.035041
vt 0.669534 0.029809
vt 0.670212 0.034217
vt 0.585229 0.113925
vt 0.589991 0.121097
vt 0.678328 0.029310
vt 0.679118 0.033726
vt 0.680762 0.033561
vt 0.673964 0.033834
vt 0.675890 0.034280
vt 0.674953 0.028863
vt 0.725598 0.037018
vt 0.726565 0.037441
vt 0.676803 0.029120
vt 0.677437 0.033853
vt 0.727642 0.037528
vt 0.687065 0.021794
vt 0.687162 0.027449
vt 0.690873 0.028241
vt 0.687750 0.032536
vt 0.690029 0.033397
vt 0.681720 0.033282
vt 0.683947 0.032531
vt 0.683421 0.027405
vt 0.685397 0.027128
vt 0.685719 0.032335
vt 0.719848 0.036437
vt 0.720780 0.036558
vt 0.721736 0.036667
vt 0.714339 0.031090
vt 0.717823 0.032657
vt 0.708459 0.029096
vt 0.707829 0.032139
vt 0.710768 0.032494
vt 0.711705 0.030019
vt 0.711020 0.024733
vt 0.708346 0.013885
vt 0.706593 0.019799
vt 0.712177 0.018618
vt 0.693082 0.025918
vt 0.690824 0.031463
vt 0.693348 0.031719
vt 0.690775 0.033670
vt 0.715440 0.038249
vt 0.713315 0.033476
vt 0.712997 0.036537
vt 0.717350 0.034786
vt 0.704615 0.038558
vt 0.703867 0.031212
vt 0.707426 0.036181
vt 0.718042 0.034380
vt 0.718363 0.037776
vt 0.722645 0.038546
vt 0.723615 0.035071
vt 0.583458 0.175188
vt 0.591610 0.175153
vt 0.592954 0.169918
vt 0.582164 0.169877
vt 0.769405 0.014606
vt 0.780799 0.014898
vt 0.658036 0.025248
vt 0.653583 0.026789
vt 0.654523 0.030033
vt 0.658734 0.028252
vt 0.651073 0.031052
vt 0.732792 0.037905
vt 0.731960 0.039504
vt 0.734210 0.039474
vt 0.733833 0.037831
vt 0.730723 0.038619
vt 0.731875 0.037411
vt 0.726369 0.039122
vt 0.728346 0.038880
vt 0.724185 0.038013
vt 0.720358 0.038710
vt 0.580502 0.150596
vt 0.575322 0.155591
vt 0.577262 0.172645
vt 0.594450 0.150642
vt 0.598034 0.172657
vt 0.599958 0.155670
vt 0.693466 0.034801
vt 0.699291 0.034685
vt 0.691145 0.039153
vt 0.694784 0.033385
vt 0.684832 0.034853
vt 0.686433 0.034756
vt 0.684201 0.035289
vt 0.595851 0.134796
vt 0.596051 0.122219
vt 0.576063 0.121939
vt 0.576394 0.136067
vt 0.687209 0.035168
vt 0.682540 0.038801
vt 0.683881 0.036948
vt 0.687356 0.036849
vt 0.688962 0.038582
vt 0.676497 0.037764
vt 0.674867 0.038965
vt 0.679096 0.037637
vt 0.680550 0.038582
vt 0.678815 0.036102
vt 0.678015 0.035853
vt 0.677105 0.035841
vt 0.676614 0.036351
vt 0.669038 0.038725
vt 0.668008 0.040014
vt 0.671739 0.038405
vt 0.673290 0.039244
vt 0.670731 0.036217
vt 0.669512 0.036333
vt 0.668724 0.036824
vt 0.671514 0.036527
vt 0.663193 0.036587
vt 0.661810 0.036757
vt 0.663987 0.036751
vt 0.660931 0.037188
vt 0.662990 0.039277
vt 0.663369 0.041123
vt 0.670278 0.039020
vt 0.671041 0.041002
vt 0.677959 0.038204
vt 0.678136 0.040129
vt 0.685614 0.039589
vt 0.685624 0.037238
vt 0.729310 0.035599
vt 0.730577 0.033488
vt 0.724762 0.034143
vt 0.693532 0.037611
vt 0.699523 0.037451
vt 0.712026 0.039620
vt 0.711376 0.036749
vt 0.709207 0.036691
vt 0.710255 0.039450
vt 0.695055 0.037957
vt 0.695754 0.041494
vt 0.697580 0.041433
vt 0.697524 0.037826
vt 0.701056 0.014561
vt 0.700623 0.020047
vt 0.695920 0.025348
vt 0.700327 0.025373
vt 0.705392 0.025289
vt 0.700048 0.030563
vt 0.696370 0.030262
vt 0.697495 0.033343
vt 0.738076 0.032344
vt 0.740311 0.033603
vt 0.736517 0.031898
vt 0.737158 0.033682
vt 0.732976 0.031039
vt 0.732500 0.034632
vt 0.734474 0.034914
vt 0.650571 0.021613
vt 0.655244 0.019842
vt 0.654036 0.016418
vt 0.646949 0.016648
vt 0.735799 0.036533
vt 0.730505 0.035841
vt 0.720096 0.018030
vt 0.648404 0.022500
vt 0.678630 0.020016
vt 0.669877 0.019046
vt 0.661505 0.018031
vt 0.217000 0.108470
vt 0.218614 0.104027
vt 0.210992 0.100964
vt 0.208844 0.106135
vt 0.219948 0.099656
vt 0.212877 0.096729
vt 0.231269 0.168476
vt 0.225485 0.174035
vt 0.228946 0.177647
vt 0.234165 0.171833
vt 0.227928 0.164693
vt 0.221978 0.169782
vt 0.225376 0.159794
vt 0.219025 0.164902
vt 0.210472 0.155324
vt 0.210080 0.147580
vt 0.195416 0.149409
vt 0.193419 0.155017
vt 0.191866 0.117076
vt 0.182991 0.124101
vt 0.189374 0.129187
vt 0.204554 0.122878
vt 0.187013 0.115079
vt 0.182884 0.113709
vt 0.177970 0.119429
vt 0.203616 0.112185
vt 0.195668 0.109714
vt 0.188661 0.099809
vt 0.186094 0.106868
vt 0.190832 0.108231
vt 0.193505 0.101358
vt 0.200307 0.096899
vt 0.198657 0.102760
vt 0.189812 0.096241
vt 0.195338 0.095594
vt 0.205465 0.184633
vt 0.209615 0.182098
vt 0.206065 0.177635
vt 0.202389 0.181042
vt 0.214192 0.177736
vt 0.210448 0.173277
vt 0.202141 0.091955
vt 0.190494 0.091540
vt 0.196016 0.091177
vt 0.208346 0.188019
vt 0.213002 0.185896
vt 0.217776 0.182268
vt 0.220902 0.186881
vt 0.210217 0.192167
vt 0.215661 0.190559
vt 0.217362 0.115753
vt 0.209486 0.113952
vt 0.214306 0.122814
vt 0.220377 0.148979
vt 0.217483 0.157925
vt 0.223901 0.152996
vt 0.212675 0.161336
vt 0.205101 0.167965
vt 0.198559 0.163252
vt 0.199993 0.172294
vt 0.196019 0.175420
vt 0.193002 0.166943
vt 0.219070 0.144765
vt 0.209896 0.141831
vt 0.197016 0.144036
vt 0.207290 0.131357
vt 0.215748 0.129617
vt 0.194587 0.134324
vt 0.197059 0.139221
vt 0.208910 0.136756
vt 0.218148 0.139459
vt 0.217194 0.134898
vt 0.189927 0.164214
vt 0.188048 0.170676
vt 0.154800 0.746366
vt 0.171103 0.752869
vt 0.171536 0.742939
vt 0.157047 0.739607
vt 0.152453 0.731773
vt 0.155946 0.738085
vt 0.170652 0.731546
vt 0.168580 0.721808
vt 0.180512 0.731935
vt 0.183253 0.736793
vt 0.192892 0.736138
vt 0.183617 0.722133
vt 0.185713 0.751255
vt 0.181239 0.741905
vt 0.534586 0.930318
vt 0.530167 0.923711
vt 0.524439 0.926062
vt 0.524453 0.934816
vt 0.515549 0.908412
vt 0.525966 0.893346
vt 0.518984 0.893358
vt 0.507033 0.908286
vt 0.534272 0.908923
vt 0.526003 0.893329
vt 0.532556 0.893322
vt 0.540114 0.907321
vt 0.513924 0.930789
vt 0.519118 0.923982
vt 0.515067 0.917152
vt 0.506612 0.921122
vt 0.541160 0.919848
vt 0.533955 0.917653
vt 0.007766 0.979760
vt 0.044505 0.979074
vt 0.045489 0.972934
vt 0.004071 0.965241
vt 0.131477 0.386316
vt 0.134777 0.380246
vt 0.132919 0.379577
vt 0.129669 0.385494
vt 0.111209 0.349495
vt 0.109424 0.350367
vt 0.127851 0.386293
vt 0.114790 0.345179
vt 0.113279 0.343891
vt 0.109697 0.348207
vt 0.128059 0.367365
vt 0.116533 0.344227
vt 0.129016 0.372096
vt 0.131005 0.362273
vt 0.129062 0.361865
vt 0.138941 0.364835
vt 0.137068 0.364326
vt 0.138200 0.325335
vt 0.136250 0.324855
vt 0.132572 0.341519
vt 0.134544 0.341926
vt 0.144368 0.345448
vt 0.152338 0.326638
vt 0.150576 0.325703
vt 0.142519 0.344776
vt 0.163346 0.303957
vt 0.152486 0.304560
vt 0.152918 0.306499
vt 0.163448 0.305965
vt 0.165133 0.307062
vt 0.140078 0.310366
vt 0.142023 0.310881
vt 0.141273 0.309014
vt 0.062543 0.062836
vt 0.073688 0.046013
vt 0.062543 0.046013
vt 0.010396 0.039672
vt 0.018998 0.039930
vt 0.014627 0.034279
vt 0.062543 0.033829
vt 0.051810 0.046013
vt 0.014567 0.047006
vt 0.429618 0.906956
vt 0.424771 0.908898
vt 0.425015 0.915041
vt 0.434135 0.911125
vt 0.419969 0.906845
vt 0.415798 0.911361
vt 0.418026 0.901999
vt 0.411884 0.902242
vt 0.420079 0.897197
vt 0.415563 0.893026
vt 0.424926 0.895254
vt 0.424681 0.889111
vt 0.429727 0.897307
vt 0.433898 0.892790
vt 0.431671 0.902154
vt 0.437813 0.901908
vt 0.424849 0.902077
vt 0.067259 0.008373
vt 0.076907 0.005957
vt 0.076907 0.004028
vt 0.066536 0.006540
vt 0.086815 0.008586
vt 0.096180 0.014085
vt 0.097138 0.012327
vt 0.087566 0.006763
vt 0.058300 0.013307
vt 0.057380 0.011526
vt 0.076907 0.032653
vt 0.078292 0.034060
vt 0.097562 0.015491
vt 0.056840 0.014666
vt 0.075444 0.034015
vt 0.983742 0.947177
vt 0.982713 0.942978
vt 0.977981 0.950826
vt 0.983153 0.964354
vt 0.977986 0.916639
vt 0.981874 0.928158
vt 0.982960 0.916620
vt 0.938486 0.928541
vt 0.941924 0.933410
vt 0.941121 0.912747
vt 0.933888 0.947347
vt 0.940326 0.953412
vt 0.938268 0.966653
vt 0.944193 0.970693
vt 0.940869 0.975686
vt 0.945119 0.979288
vt 0.983791 0.911647
vt 0.978164 0.911497
vt 0.977623 0.979512
vt 0.976242 0.991007
vt 0.981637 0.989209
vt 0.982554 0.977794
vt 0.977347 0.966262
vt 0.974592 0.918269
vt 0.976052 0.934482
vt 0.979448 0.929666
vt 0.457803 0.703259
vt 0.456360 0.706803
vt 0.471675 0.705626
vt 0.472202 0.703259
vt 0.469990 0.673137
vt 0.470228 0.670652
vt 0.458128 0.670652
vt 0.458491 0.673137
vt 0.479606 0.673137
vt 0.478521 0.670652
vt 0.479799 0.706671
vt 0.480714 0.703259
vt 0.519500 0.670652
vt 0.506537 0.670652
vt 0.507382 0.673137
vt 0.520088 0.673137
vt 0.505755 0.706776
vt 0.516037 0.706904
vt 0.516527 0.703259
vt 0.504160 0.703259
vt 0.522392 0.670652
vt 0.528906 0.707122
vt 0.529051 0.703259
vt 0.496564 0.708447
vt 0.496075 0.703259
vt 0.497687 0.670652
vt 0.497790 0.673137
vt 0.488345 0.703259
vt 0.488312 0.708042
vt 0.488608 0.670652
vt 0.488014 0.673137
vt 0.530887 0.673137
vt 0.539915 0.673137
vt 0.531562 0.670652
vt 0.445038 0.703259
vt 0.447283 0.670652
vt 0.449731 0.673137
vt 0.541601 0.703259
vt 0.541521 0.707976
vt 0.443841 0.707510
vt 0.539252 0.670652
vt 0.906191 0.081255
vt 0.927266 0.079196
vt 0.927266 0.096581
vt 0.906191 0.099985
vt 0.938103 0.122177
vt 0.955718 0.119278
vt 0.941514 0.132959
vt 0.962687 0.136352
vt 0.965832 0.150775
vt 0.942733 0.150805
vt 0.942015 0.140221
vt 0.966717 0.161742
vt 0.942653 0.159846
vt 0.966325 0.171881
vt 0.941413 0.168800
vt 0.940748 0.103184
vt 0.927266 0.060345
vt 0.906191 0.061801
vt 0.927266 0.044332
vt 0.927266 0.033684
vt 0.906191 0.036960
vt 0.906191 0.045958
vt 0.927266 0.021655
vt 0.909860 0.028490
vt 0.911775 0.025290
vt 0.923706 0.112109
vt 0.906191 0.140111
vt 0.926714 0.153469
vt 0.925762 0.161652
vt 0.906191 0.132870
vt 0.906191 0.147559
vt 0.906191 0.154170
vt 0.906191 0.030827
vt 0.967079 0.600600
vt 0.964412 0.610767
vt 0.990043 0.610452
vt 0.987365 0.600379
vt 0.238202 0.603795
vt 0.235191 0.593378
vt 0.210205 0.595500
vt 0.208628 0.606194
vt 0.233836 0.584543
vt 0.210724 0.587410
vt 0.968077 0.581575
vt 0.983206 0.581771
vt 0.982394 0.575654
vt 0.967322 0.575676
vt 0.212880 0.574899
vt 0.233069 0.572604
vt 0.213811 0.564422
vt 0.233472 0.563835
vt 0.232580 0.555405
vt 0.215031 0.556332
vt 0.228708 0.550441
vt 0.218080 0.551136
vt 0.963941 0.621041
vt 0.990051 0.621168
vt 0.210368 0.617857
vt 0.238913 0.615037
vt 0.979120 0.629379
vt 0.980457 0.634307
vt 0.983626 0.632901
vt 0.987217 0.629405
vt 0.237595 0.625172
vt 0.214796 0.626794
vt 0.219953 0.630625
vt 0.233685 0.630517
vt 0.968578 0.590505
vt 0.984300 0.590826
vt 0.222925 0.548351
vt 0.969767 0.557946
vt 0.980545 0.557924
vt 0.980158 0.554009
vt 0.969939 0.554012
vt 0.971477 0.550336
vt 0.978551 0.550277
vt 0.975149 0.548904
vt 0.226550 0.632602
vt 0.968876 0.633801
vt 0.972981 0.634705
vt 0.974322 0.629368
vt 0.965942 0.629998
vt 0.862657 0.921818
vt 0.862645 0.909969
vt 0.857227 0.909828
vt 0.857031 0.923554
vt 0.853006 0.909877
vt 0.852909 0.925420
vt 0.848661 0.910063
vt 0.848675 0.924183
vt 0.843165 0.922856
vt 0.843325 0.910219
vt 0.848004 0.897809
vt 0.839404 0.897975
vt 0.843899 0.901721
vt 0.847941 0.892631
vt 0.839462 0.892841
s 1
g 右足首D
g 肌.004_Материал.020
usemtl Материал.020
f 3/1/1 2/2/2 1/3/3
s 2
f 6/3/3 5/4/4 4/1/5
s 3
f 9/1/6 8/5/7 7/6/8
s 4
f 12/6/9 11/2/10 10/1/6
s 5
f 15/7/11 14/8/12 13/9/13
s 6
f 18/10/14 17/5/15 16/11/16
s 7
f 21/12/17 20/13/18 19/14/19
s 8
f 24/5/15 23/10/20 22/15/21
s 9
f 27/16/22 26/11/23 25/5/7
s 10
f 30/5/7 29/1/6 28/16/24
s 11
f 33/1/5 32/4/4 31/16/25
s 12
f 36/17/26 35/18/27 34/19/28
s 13
f 39/19/29 38/20/30 37/17/26
s 14
f 42/21/31 41/22/32 40/23/33
s 15
f 45/23/33 44/24/34 43/21/31
s 16
f 48/25/35 47/26/36 46/27/37
s 17
f 51/27/38 50/28/39 49/25/35
s 18
f 54/26/40 53/25/41 52/29/42
s 19
f 57/30/43 56/25/44 55/31/45
s 20
f 60/29/46 59/25/41 58/30/43
s 21
f 63/32/47 62/33/48 61/34/49
s 22
f 66/35/50 65/36/51 64/37/52
s 23
f 69/38/53 68/35/54 67/37/52
s 24
f 72/39/55 71/31/45 70/25/35
s 25
f 75/25/35 74/28/39 73/39/56
s 26
f 78/32/47 77/40/57 76/41/58
s 27
f 81/42/59 80/43/60 79/44/61
s 28
f 84/20/62 83/45/62 82/21/62
s 29
f 87/46/63 86/47/64 85/48/65
s 30
f 90/49/66 89/50/66 88/17/66
s 31
f 93/26/67 92/29/68 91/51/69
s 32
f 96/51/69 95/27/70 94/26/71
s 33
f 99/52/72 98/53/43 97/54/73
s 34
f 102/54/73 101/55/56 100/52/74
s 35
f 105/56/75 104/52/76 103/55/77
s 36
f 108/57/78 107/58/79 106/59/80
s 37
f 111/60/81 110/33/82 109/61/83
s 38
f 114/61/84 113/62/85 112/60/86
s 39
f 117/56/75 116/62/87 115/52/76
s 40
f 120/52/74 119/62/87 118/61/88
s 41
f 123/34/89 122/63/90 121/58/69
s 42
f 126/58/91 125/40/92 124/34/93
s 43
f 129/58/79 128/63/94 127/59/80
s 44
f 132/32/95 131/34/93 130/40/92
s 45
f 135/42/96 134/64/97 133/43/98
s 46
f 138/43/98 137/64/99 136/65/100
s 47
f 141/65/101 140/66/102 139/43/98
s 48
f 144/67/103 143/68/104 142/69/105
s 49
f 147/40/106 146/68/107 145/41/108
s 50
f 150/69/109 149/68/107 148/40/106
s 51
f 153/64/110 152/70/111 151/71/112
s 52
f 156/71/112 155/65/113 154/64/110
s 53
f 159/68/107 158/67/114 157/71/115
s 54
f 162/71/112 161/70/116 160/68/117
s 55
f 165/68/117 164/70/116 163/41/108
s 56
f 168/70/116 167/42/118 166/41/108
s 57
f 171/64/110 170/42/119 169/70/120
s 58
f 174/72/121 173/38/122 172/37/123
s 59
f 177/73/124 176/72/125 175/37/126
s 60
f 180/46/127 179/74/128 178/47/129
s 61
f 183/74/128 182/75/130 181/76/131
s 62
f 186/76/132 185/47/129 184/74/133
s 63
f 189/77/134 188/78/135 187/79/136
s 64
f 192/79/136 191/43/60 190/77/134
s 65
f 195/43/60 194/79/136 193/44/61
s 66
f 198/80/137 197/81/138 196/22/139
s 67
f 201/74/140 200/82/141 199/83/142
s 68
f 204/83/143 203/75/144 202/74/145
s 69
f 207/82/146 206/79/147 205/78/148
s 70
f 210/78/148 209/83/143 208/82/149
s 71
f 213/79/147 212/82/150 211/44/151
s 72
f 216/81/152 215/23/33 214/22/153
s 73
f 219/84/154 218/23/155 217/81/152
s 74
f 222/46/63 221/82/141 220/74/140
s 75
f 225/44/156 224/82/149 223/46/157
s 76
f 228/73/158 227/72/159 226/37/160
s 77
f 231/72/161 230/38/162 229/37/163
s 78
f 234/85/164 233/86/165 232/87/166
s 79
f 237/86/167 236/88/168 235/89/169
s 80
f 240/89/170 239/87/166 238/86/171
s 81
f 243/90/172 242/91/173 241/92/174
s 82
f 246/92/175 245/47/176 244/90/177
s 83
f 249/47/176 248/92/175 247/48/178
s 84
f 252/86/165 251/93/179 250/94/180
s 85
f 255/94/181 254/88/182 253/86/165
s 86
f 258/93/183 257/92/175 256/91/184
s 87
f 261/91/184 260/94/185 259/93/183
s 88
f 264/92/175 263/93/183 262/48/65
s 89
f 267/95/186 266/96/187 265/18/27
s 90
f 270/85/188 269/93/189 268/86/165
s 91
f 273/48/190 272/93/191 271/85/192
s 92
f 276/96/193 275/19/29 274/18/27
s 93
f 279/97/194 278/19/29 277/96/187
s 94
f 282/50/195 281/49/196 280/98/197
s 95
f 285/98/197 284/99/198 283/50/195
s 96
f 288/100/199 287/101/200 286/102/201
s 97
f 291/102/201 290/103/202 289/100/203
s 98
f 294/104/204 293/103/205 292/49/206
s 99
f 297/100/207 296/103/205 295/104/204
s 100
f 300/103/208 299/98/197 298/49/209
s 101
f 303/105/210 302/106/211 301/107/212
s 102
f 306/107/212 305/8/213 304/105/210
s 103
f 309/87/214 308/108/215 307/12/216
s 104
f 312/109/217 311/108/215 310/87/214
s 105
f 315/110/218 314/109/217 313/111/219
s 106
f 318/108/220 317/109/217 316/110/218
s 107
f 321/112/221 320/113/222 319/114/223
s 108
f 324/115/224 323/113/222 322/112/221
s 109
f 327/116/225 326/101/226 325/117/227
s 110
f 330/118/228 329/101/200 328/116/225
s 111
f 333/95/229 332/18/230 331/119/231
s 112
f 336/119/231 335/120/232 334/95/229
s 113
f 339/121/233 338/19/234 337/97/194
s 114
f 342/122/235 341/19/236 340/121/233
s 115
f 345/123/237 344/124/238 343/125/239
s 116
f 348/125/239 347/126/240 346/123/237
s 117
f 351/73/241 350/72/242 349/37/243
s 118
f 354/72/242 353/38/244 352/37/245
s 119
f 357/127/246 356/15/21 355/128/247
s 120
f 360/34/248 359/33/48 358/60/249
s 121
f 363/60/249 362/63/250 361/34/49
s 122
f 366/102/251 365/113/252 364/98/253
s 123
f 369/98/254 368/103/255 367/102/251
s 124
f 372/101/226 371/100/207 370/117/227
s 125
f 375/129/256 374/130/257 373/131/258
s 126
f 378/131/259 377/132/260 376/129/261
s 127
f 381/131/259 380/52/74 379/61/84
s 128
f 384/61/262 383/132/260 382/131/259
s 129
f 387/33/82 386/132/263 385/61/83
s 130
f 390/32/264 389/132/260 388/33/265
s 131
f 393/129/266 392/132/260 391/32/264
s 132
f 396/133/267 395/131/268 394/130/269
s 133
f 399/53/270 398/52/271 397/131/258
s 134
f 402/131/258 401/133/267 400/53/272
s 135
f 405/134/273 404/135/274 403/136/275
s 136
f 408/136/276 407/137/277 406/134/273
s 137
f 411/138/278 410/135/274 409/134/279
s 138
f 414/134/279 413/139/280 412/138/278
s 139
f 417/81/281 416/140/282 415/141/283
s 140
f 420/141/283 419/84/154 418/81/152
s 141
f 423/142/284 422/140/285 421/81/138
s 142
f 426/81/286 425/80/287 424/142/288
s 143
f 429/96/187 428/143/289 427/121/233
s 144
f 432/121/290 431/97/194 430/96/187
s 145
f 435/95/229 434/120/291 433/143/289
s 146
f 438/143/292 437/96/187 436/95/229
s 147
f 441/6/9 440/5/15 439/15/21
s 148
f 444/15/293 443/127/294 442/6/295
s 149
f 447/144/296 446/145/297 445/146/298
s 150
f 450/146/299 449/126/300 448/144/296
s 151
f 453/147/301 452/125/302 451/148/303
s 152
f 456/148/303 455/149/304 454/147/301
s 153
f 459/147/305 458/144/306 457/126/300
s 154
f 462/126/300 461/125/307 460/147/305
s 155
f 465/111/224 464/150/308 463/110/218
s 156
f 468/151/309 467/116/310 466/117/227
s 157
f 471/111/224 470/152/311 469/150/297
s 158
f 474/153/312 473/110/218 472/150/297
s 159
f 477/37/313 476/36/314 475/73/315
s 160
f 480/91/184 479/154/316 478/94/181
s 161
f 483/38/317 482/35/318 481/37/319
s 162
f 486/94/180 485/155/320 484/88/321
s 163
f 489/91/184 488/156/322 487/154/316
s 164
f 492/73/315 491/36/323 490/157/322
s 165
f 495/157/322 494/158/324 493/73/325
s 166
f 498/38/326 497/159/327 496/160/328
s 167
f 501/160/329 500/35/320 499/38/330
s 168
f 504/155/320 503/161/329 502/88/321
s 169
f 507/35/331 506/36/314 505/37/319
s 170
f 510/94/181 509/154/314 508/155/332
s 171
f 513/162/290 512/163/333 511/90/172
s 172
f 516/89/169 515/164/334 514/165/335
s 173
f 519/89/336 518/88/168 517/164/327
s 174
f 522/163/333 521/91/337 520/90/172
s 175
f 525/164/327 524/88/321 523/161/328
s 176
f 528/163/338 527/156/322 526/91/184
s 177
f 531/77/134 530/166/339 529/78/340
s 178
f 534/167/341 533/166/342 532/77/134
s 179
f 537/168/343 536/76/131 535/75/130
s 180
f 540/169/344 539/76/131 538/168/343
s 181
f 543/75/345 542/170/346 541/168/347
s 182
f 546/35/348 545/38/349 544/159/350
s 183
f 549/159/343 548/160/351 547/35/352
s 184
f 552/38/353 551/35/354 550/37/355
s 185
f 555/83/143 554/171/354 553/75/130
s 186
f 558/78/340 557/172/356 556/83/357
s 187
f 561/37/355 560/36/358 559/73/359
s 188
f 564/36/356 563/157/360 562/158/361
s 189
f 567/158/362 566/73/359 565/36/363
s 190
f 570/166/361 569/173/360 568/78/364
s 191
f 573/173/360 572/172/365 571/78/366
s 192
f 576/75/345 575/171/367 574/170/351
s 193
f 579/172/363 578/171/354 577/83/142
s 194
f 582/37/368 581/35/354 580/36/363
s 195
f 585/69/105 584/174/369 583/67/103
s 196
f 588/175/370 587/174/371 586/69/105
s 197
f 591/176/372 590/66/102 589/65/100
s 198
f 594/177/373 593/66/374 592/176/372
s 199
f 597/38/375 596/35/376 595/37/377
s 200
f 600/71/112 599/178/376 598/65/378
s 201
f 603/67/103 602/179/379 601/71/115
s 202
f 606/37/377 605/36/379 604/73/380
s 203
f 609/67/381 608/180/382 607/179/379
s 204
f 612/158/383 611/73/380 610/36/379
s 205
f 615/36/379 614/157/384 613/158/383
s 206
f 618/35/376 617/38/385 616/159/386
s 207
f 621/159/387 620/160/388 619/35/376
s 208
f 624/178/376 623/181/388 622/65/378
s 209
f 627/181/389 626/176/390 625/65/391
s 210
f 630/67/392 629/174/393 628/180/394
s 211
f 633/179/395 632/178/376 631/71/112
s 212
f 636/37/377 635/35/376 634/36/396
s 213
f 639/60/81 638/182/397 637/63/250
s 214
f 642/62/85 641/183/51 640/60/249
s 215
f 645/159/398 644/160/399 643/35/397
s 216
f 648/35/50 647/38/400 646/159/401
s 217
f 651/182/50 650/184/399 649/63/402
s 218
f 654/73/403 653/36/404 652/157/405
s 219
f 657/157/406 656/158/407 655/73/403
s 220
f 660/62/87 659/185/408 658/183/404
s 221
f 663/60/249 662/183/51 661/182/54
s 222
f 666/185/409 665/62/87 664/56/407
s 223
f 669/184/410 668/59/398 667/63/250
s 224
f 672/186/411 671/187/39 670/57/412
s 225
f 675/57/412 674/59/413 673/186/414
s 226
f 678/56/415 677/55/55 676/187/416
s 227
f 681/187/416 680/186/417 679/56/75
s 228
f 684/176/418 683/188/419 682/189/420
s 229
f 687/189/274 686/177/278 685/176/418
s 230
f 690/174/421 689/175/422 688/189/274
s 231
f 693/189/274 692/188/125 691/174/423
s 232
f 696/168/424 695/190/425 694/191/426
s 233
f 699/191/427 698/169/428 697/168/429
s 234
f 702/166/430 701/167/431 700/191/432
s 235
f 705/191/433 704/190/159 703/166/434
s 236
f 708/192/435 707/165/436 706/164/437
s 237
f 711/164/438 710/193/242 709/192/439
s 238
f 714/163/440 713/162/441 712/192/289
s 239
f 717/192/442 716/193/242 715/163/443
s 240
f 720/23/444 719/194/445 718/195/446
s 241
f 723/195/446 722/24/447 721/23/444
s 242
f 726/45/448 725/196/131 724/22/449
s 243
f 729/22/449 728/21/450 727/45/448
s 244
f 732/80/451 731/22/452 730/196/131
s 245
f 735/196/131 734/142/453 733/80/287
s 246
f 738/19/236 737/122/235 736/45/454
s 247
f 741/45/455 740/20/456 739/19/236
s 248
f 744/50/457 743/119/231 742/18/458
s 249
f 747/18/230 746/17/459 745/50/460
s 250
f 750/98/254 749/113/252 748/115/224
s 251
f 753/115/224 752/99/198 751/98/254
s 252
f 756/194/445 755/23/444 754/84/461
s 253
f 759/84/462 758/141/463 757/194/445
s 254
f 762/152/221 761/197/299 760/150/297
s 255
f 765/151/304 764/198/303 763/116/310
s 256
f 768/199/464 767/200/465 766/201/466
s 257
f 771/201/466 770/202/467 769/199/468
s 258
f 774/203/469 773/204/468 772/205/467
s 259
f 777/205/470 776/206/238 775/203/471
s 260
f 780/200/465 779/102/472 778/201/466
s 261
f 783/101/226 782/201/466 781/102/472
s 262
f 786/118/473 785/201/474 784/101/475
s 263
f 789/200/476 788/113/477 787/102/251
s 264
f 792/114/478 791/113/479 790/200/465
s 265
f 795/201/474 794/118/480 793/116/481
s 266
f 798/116/225 797/202/467 796/201/474
s 267
f 801/112/311 800/114/478 799/200/482
s 268
f 804/200/465 803/199/464 802/112/221
s 269
f 807/205/483 806/116/225 805/198/484
s 270
f 810/198/485 809/206/238 808/205/486
s 271
f 813/204/468 812/203/471 811/197/487
s 272
f 816/197/487 815/152/221 814/204/488
s 273
f 819/125/489 818/124/238 817/148/490
s 274
f 822/146/487 821/123/471 820/126/240
s 275
f 825/38/244 824/72/242 823/159/437
s 276
f 828/158/443 827/72/242 826/73/491
s 277
f 831/38/492 830/72/493 829/159/494
s 278
f 834/158/495 833/72/161 832/73/158
s 279
f 837/38/122 836/72/125 835/159/496
s 280
f 840/158/497 839/72/125 838/73/498
s 281
f 843/72/499 842/37/500 841/73/501
s 282
f 846/73/502 845/158/503 844/72/504
s 283
f 849/38/505 848/37/506 847/72/507
s 284
f 852/72/508 851/159/509 850/38/510
s 285
f 855/106/511 854/105/512 853/207/513
s 286
f 858/207/513 857/208/514 856/106/511
s 287
f 861/14/19 860/13/515 859/208/516
s 288
f 864/208/516 863/207/513 862/14/517
s 289
f 867/13/518 866/209/519 865/210/520
s 290
f 870/210/520 869/208/516 868/13/515
s 291
f 873/12/17 872/108/215 871/209/521
s 292
f 876/209/522 875/13/523 874/12/17
s 293
f 879/211/524 878/106/511 877/208/514
s 294
f 882/208/514 881/210/525 880/211/524
s 295
f 885/104/526 884/211/524 883/100/527
s 296
f 888/106/211 887/211/528 886/104/526
s 297
f 891/104/526 890/107/529 889/106/211
s 298
f 894/117/227 893/100/207 892/211/528
s 299
f 897/212/530 896/151/309 895/117/227
s 300
f 900/213/531 899/214/301 898/212/530
s 301
f 903/110/218 902/153/296 901/213/532
s 302
f 906/153/306 905/214/305 904/213/531
s 303
f 909/151/304 908/212/530 907/214/301
s 304
f 912/210/525 911/212/530 910/117/227
s 305
f 915/117/227 914/211/524 913/210/525
s 306
f 918/213/531 917/212/530 916/210/525
s 307
f 921/210/520 920/209/521 919/213/532
s 308
f 924/213/532 923/209/533 922/108/215
s 309
f 927/108/215 926/110/534 925/213/535
s 310
f 930/215/536 929/29/537 928/30/538
s 311
f 933/30/539 932/216/540 931/215/541
s 312
f 936/217/542 935/218/542 934/215/542
s 313
f 939/24/447 938/195/543 937/219/544
s 314
f 942/29/545 941/215/546 940/218/547
s 315
f 945/218/92 944/51/69 943/29/42
s 316
f 948/219/548 947/220/549 946/221/550
s 317
f 951/221/551 950/217/552 949/219/548
s 318
f 954/137/553 953/221/554 952/134/273
s 319
f 957/222/555 956/223/556 955/224/557
s 320
f 960/224/557 959/225/558 958/222/555
s 321
f 963/134/279 962/220/549 961/139/559
s 322
f 966/221/560 965/220/549 964/134/273
s 323
f 969/221/561 968/226/109 967/218/562
s 324
f 972/218/563 971/217/564 970/221/561
s 325
f 975/195/565 974/227/374 973/220/566
s 326
f 978/220/566 977/219/567 976/195/565
s 327
f 981/139/568 980/220/566 979/227/374
s 328
f 984/227/374 983/138/569 982/139/570
s 329
f 987/226/105 986/221/561 985/137/571
s 330
f 990/137/571 989/136/572 988/226/573
s 331
f 993/36/51 992/73/574 991/37/52
s 332
f 996/228/575 995/4/576 994/3/577
s 333
f 999/225/578 998/229/579 997/222/580
s 334
f 1002/230/581 1001/48/190 1000/85/582
s 335
f 1005/46/63 1004/48/65 1003/230/583
s 336
f 1008/44/61 1007/46/63 1006/230/584
s 337
f 1011/230/584 1010/231/585 1009/44/151
s 338
f 1014/42/59 1013/44/61 1012/231/585
s 339
f 1017/32/586 1016/41/108 1015/232/587
s 340
f 1020/129/266 1019/32/47 1018/232/588
s 341
f 1023/232/587 1022/224/557 1021/223/589
s 342
f 1026/231/590 1025/232/591 1024/41/592
s 343
f 1029/41/58 1028/42/59 1027/231/585
s 344
f 1032/129/266 1031/232/587 1030/223/589
s 345
f 1035/130/257 1034/129/266 1033/223/556
s 346
f 1038/223/556 1037/222/593 1036/130/257
s 347
f 1041/222/555 1040/133/267 1039/130/269
s 348
f 1044/133/267 1043/222/594 1042/229/579
s 349
f 1047/207/513 1046/105/512 1045/7/595
s 350
f 1050/8/213 1049/7/11 1048/105/210
s 351
g 右ひざD
f 1053/233/596 1052/234/597 1051/235/598
s 352
g 右足首D
f 1056/235/599 1055/236/600 1054/233/596
s 353
f 1059/237/601 1058/238/602 1057/235/603
s 354
g 右ひざD
f 1062/235/603 1061/234/604 1060/237/605
s 355
g 右足首D
f 1065/239/606 1064/240/607 1063/241/608
s 356
g 右ひざD
f 1068/241/609 1067/242/610 1066/239/611
s 357
f 1071/239/612 1070/243/613 1069/244/614
s 358
g 右足首D
f 1074/244/615 1073/240/616 1072/239/612
s 359
g 右ひざD
f 1077/243/613 1076/245/617 1075/246/618
s 360
g 右足首D
f 1080/246/618 1079/244/614 1078/243/613
s 361
f 1083/247/619 1082/248/620 1081/249/621
s 362
f 1086/249/621 1085/250/622 1084/247/623
s 363
f 1089/251/624 1088/252/625 1087/253/626
s 364
f 1092/253/627 1091/254/628 1090/251/624
s 365
f 1095/255/629 1094/256/630 1093/257/631
s 366
f 1098/257/632 1097/252/633 1096/255/634
s 367
f 1101/258/635 1100/259/636 1099/251/637
s 368
f 1104/251/637 1103/254/628 1102/258/635
s 369
f 1107/260/638 1106/261/639 1105/262/640
s 370
f 1110/262/640 1109/263/641 1108/260/638
s 371
f 1113/235/598 1112/264/642 1111/265/643
s 372
f 1116/265/643 1115/236/644 1114/235/645
s 373
f 1119/266/646 1118/260/638 1117/263/641
s 374
f 1122/263/647 1121/267/648 1120/266/646
s 375
f 1125/268/649 1124/269/650 1123/270/651
s 376
f 1128/270/651 1127/271/652 1126/268/649
s 377
f 1131/272/653 1130/273/654 1129/270/655
s 378
f 1134/270/651 1133/269/656 1132/272/653
s 379
f 1137/274/657 1136/264/642 1135/235/603
s 380
f 1140/235/603 1139/238/658 1138/274/659
s 381
f 1143/275/660 1142/266/661 1141/267/662
s 382
f 1146/267/662 1145/276/663 1144/275/664
s 383
f 1149/277/665 1148/278/666 1147/269/650
s 384
f 1152/269/650 1151/268/667 1150/277/665
s 385
f 1155/240/616 1154/244/614 1153/272/668
s 386
f 1158/272/668 1157/279/669 1156/240/616
s 387
f 1161/279/670 1160/280/671 1159/241/609
s 388
f 1164/241/609 1163/240/607 1162/279/669
s 389
f 1167/278/672 1166/277/673 1165/281/674
s 390
f 1170/281/674 1169/282/675 1168/278/672
s 391
f 1173/261/639 1172/256/676 1171/255/677
s 392
f 1176/255/677 1175/262/640 1174/261/639
s 393
g 右ひざD
f 1179/283/678 1178/284/679 1177/285/680
s 394
g 右足首D
f 1182/285/681 1181/284/679 1180/254/682
s 395
g 右ひざD
f 1185/233/683 1184/284/684 1183/283/678
s 396
g 右足首D
f 1188/236/685 1187/284/686 1186/233/596
s 397
f 1191/254/628 1190/284/687 1189/258/635
s 398
f 1194/258/688 1193/284/684 1192/236/689
s 399
g 右ひざD
f 1197/286/690 1196/287/691 1195/288/692
s 400
g 右足首D
f 1200/247/623 1199/287/693 1198/286/694
s 401
g 右ひざD
f 1203/288/695 1202/287/696 1201/245/697
s 402
g 右足首D
f 1206/245/698 1205/287/699 1204/246/700
s 403
f 1209/289/701 1208/287/693 1207/247/702
s 404
f 1212/246/700 1211/287/699 1210/289/701
s 405
f 1215/265/703 1214/259/704 1213/258/705
s 406
f 1218/258/688 1217/236/689 1216/265/643
s 407
f 1221/244/614 1220/246/618 1219/273/654
s 408
f 1224/273/654 1223/272/706 1222/244/707
s 409
f 1227/289/701 1226/290/708 1225/273/709
s 410
f 1230/273/709 1229/246/700 1228/289/710
s 411
f 1233/247/623 1232/291/711 1231/290/712
s 412
f 1236/290/712 1235/289/701 1234/247/623
s 413
f 1239/291/713 1238/247/623 1237/250/714
s 414
f 1242/271/715 1241/270/651 1240/292/716
s 415
f 1245/292/717 1244/293/718 1243/271/715
s 416
f 1248/290/719 1247/292/720 1246/270/721
s 417
f 1251/270/721 1250/273/722 1249/290/719
s 418
f 1254/292/720 1253/290/719 1252/291/723
s 419
f 1257/291/723 1256/294/724 1255/292/720
s 420
g 右ひざD
f 1260/286/725 1259/295/726 1258/248/620
s 421
g 右足首D
f 1263/248/620 1262/247/727 1261/286/694
s 422
f 1266/248/728 1265/296/729 1264/297/730
s 423
f 1269/297/730 1268/249/731 1267/248/728
s 424
f 1272/285/681 1271/254/682 1270/298/732
s 425
g 右ひざD
f 1275/298/733 1274/299/734 1273/285/681
s 426
g 右足首D
f 1278/254/735 1277/253/736 1276/300/737
s 427
f 1281/300/737 1280/298/732 1279/254/682
s 428
f 1284/301/738 1283/302/739 1282/298/740
s 429
f 1287/298/740 1286/300/741 1285/301/738
s 430
f 1290/296/742 1289/302/743 1288/301/744
s 431
f 1293/301/745 1292/297/746 1291/296/742
s 432
f 1296/296/729 1295/248/747 1294/295/748
s 433
g 右ひざD
f 1299/295/748 1298/303/749 1297/296/729
s 434
g 右足首D
f 1302/299/750 1301/298/751 1300/302/739
s 435
g 右ひざD
f 1305/302/739 1304/304/752 1303/299/750
s 436
g 右足首D
f 1308/302/743 1307/296/742 1306/303/753
s 437
g 右ひざD
f 1311/303/753 1310/304/754 1309/302/739
s 438
g 右足首D
f 1314/291/723 1313/305/755 1312/294/756
s 439
f 1317/293/718 1316/292/717 1315/294/757
s 440
f 1320/294/757 1319/306/758 1318/293/718
s 441
f 1323/306/759 1322/294/760 1321/305/761
s 442
f 1326/252/633 1325/251/637 1324/255/762
s 443
f 1329/251/763 1328/259/764 1327/262/765
s 444
f 1332/262/765 1331/255/634 1330/251/763
s 445
f 1335/259/764 1334/265/766 1333/263/641
s 446
f 1338/263/641 1337/262/767 1336/259/764
s 447
f 1341/265/766 1340/264/642 1339/267/648
s 448
f 1344/267/648 1343/263/768 1342/265/766
s 449
f 1347/264/769 1346/274/657 1345/276/770
s 450
f 1350/276/771 1349/267/772 1348/264/773
s 451
f 1353/280/774 1352/279/775 1351/278/672
s 452
f 1356/278/776 1355/282/770 1354/280/774
s 453
f 1359/278/776 1358/279/669 1357/272/777
s 454
f 1362/272/668 1361/269/778 1360/278/776
s 455
f 1365/305/779 1364/291/723 1363/250/714
s 456
g 肌.004_Material.002
usemtl Material.002
f 1368/307/780 1367/308/781 1366/309/782
s 457
f 1371/309/783 1370/310/784 1369/307/785
s 458
f 1374/311/786 1373/312/787 1372/313/788
s 459
f 1377/313/788 1376/314/789 1375/311/790
s 460
f 1380/315/791 1379/316/792 1378/317/793
s 461
f 1383/317/794 1382/318/795 1381/315/791
s 462
f 1386/308/796 1385/319/797 1384/320/798
s 463
f 1389/320/799 1388/309/800 1387/308/781
s 464
f 1392/314/801 1391/313/802 1390/315/803
s 465
f 1395/315/803 1394/318/804 1393/314/801
s 466
f 1398/317/793 1397/316/792 1396/320/799
s 467
f 1401/320/799 1400/319/805 1399/317/793
s 468
f 1404/321/806 1403/322/807 1402/323/808
s 469
f 1407/323/808 1406/324/809 1405/321/806
s 470
f 1410/325/810 1409/326/811 1408/327/812
s 471
f 1413/327/813 1412/328/814 1411/325/810
s 472
f 1416/329/815 1415/330/816 1414/331/817
s 473
f 1419/331/818 1418/332/819 1417/329/820
s 474
f 1422/323/821 1421/324/822 1420/333/823
s 475
f 1425/333/823 1424/334/824 1423/323/825
s 476
f 1428/325/826 1427/328/827 1426/327/828
s 477
f 1431/327/829 1430/330/830 1429/325/831
s 478
f 1434/335/832 1433/325/810 1432/328/814
s 479
f 1437/328/814 1436/336/833 1435/335/832
s 480
f 1440/335/834 1439/336/835 1438/328/827
s 481
f 1443/328/836 1442/325/837 1441/335/838
s 482
f 1446/334/839 1445/335/832 1444/336/833
s 483
f 1449/336/833 1448/333/840 1447/334/839
s 484
f 1452/334/841 1451/333/823 1450/336/842
s 485
f 1455/336/843 1454/335/844 1453/334/845
s 486
f 1458/323/808 1457/334/839 1456/333/840
s 487
f 1461/333/846 1460/324/809 1459/323/808
s 488
f 1464/321/847 1463/324/848 1462/323/849
s 489
f 1467/323/850 1466/322/851 1465/321/847
s 490
f 1470/337/852 1469/338/853 1468/322/807
s 491
f 1473/322/807 1472/321/806 1471/337/852
s 492
f 1476/322/854 1475/338/855 1474/337/856
s 493
f 1479/337/857 1478/321/858 1477/322/854
s 494
f 1482/332/859 1481/329/860 1480/338/861
s 495
f 1485/338/862 1484/337/863 1483/332/859
s 496
f 1488/338/864 1487/329/865 1486/332/819
s 497
f 1491/332/819 1490/337/856 1489/338/855
s 498
f 1494/331/866 1493/330/867 1492/329/868
s 499
f 1497/329/860 1496/332/859 1495/331/869
s 500
f 1500/339/870 1499/340/871 1498/341/872
s 501
f 1503/341/873 1502/342/874 1501/339/870
s 502
f 1506/340/875 1505/339/876 1504/342/877
s 503
f 1509/342/878 1508/341/879 1507/340/880
s 504
f 1512/343/881 1511/344/882 1510/345/883
s 505
f 1515/345/883 1514/346/881 1513/343/881
s 506
f 1518/347/884 1517/348/884 1516/349/885
s 507
f 1521/349/886 1520/346/886 1519/347/887
s 508
f 1524/350/888 1523/351/888 1522/352/888
s 509
f 1527/352/888 1526/347/888 1525/350/888
s 510
f 1530/353/889 1529/354/890 1528/350/891
s 511
f 1533/350/891 1532/355/892 1531/353/893
s 512
f 1536/356/894 1535/357/895 1534/353/896
s 513
f 1539/353/897 1538/355/898 1537/356/899
s 514
f 1542/344/900 1541/358/901 1540/359/902
s 515
f 1545/359/903 1544/345/904 1543/344/900
s 516
f 1548/360/905 1547/361/906 1546/362/907
s 517
f 1551/362/908 1550/363/907 1549/360/905
s 518
f 1554/364/909 1553/365/910 1552/366/911
s 519
f 1557/366/912 1556/367/913 1555/364/914
s 520
f 1560/368/915 1559/369/916 1558/370/917
s 521
f 1563/370/917 1562/371/918 1561/368/919
s 522
f 1566/366/911 1565/365/910 1564/372/920
s 523
f 1569/372/921 1568/371/922 1567/366/912
s 524
f 1572/373/923 1571/361/906 1570/360/905
s 525
f 1575/360/905 1574/374/924 1573/373/923
s 526
f 1578/370/925 1577/369/926 1576/375/923
s 527
f 1581/375/927 1580/374/928 1579/370/925
s 528
f 1584/363/907 1583/362/907 1582/357/895
s 529
f 1587/357/895 1586/356/929 1585/363/907
s 530
f 1590/358/930 1589/364/909 1588/367/913
s 531
f 1593/367/913 1592/359/903 1591/358/930
s 532
f 1596/346/931 1595/345/932 1594/355/933
s 533
f 1599/347/934 1598/346/931 1597/355/933
s 534
f 1602/355/935 1601/350/936 1600/347/937
s 535
f 1605/359/938 1604/356/939 1603/355/933
s 536
f 1608/355/933 1607/345/932 1606/359/938
s 537
f 1611/360/940 1610/363/941 1609/367/942
s 538
f 1614/367/942 1613/366/943 1612/360/940
s 539
f 1617/366/943 1616/371/944 1615/370/945
s 540
f 1620/370/945 1619/374/946 1618/360/940
s 541
f 1623/366/943 1622/370/945 1621/360/940
s 542
f 1626/367/942 1625/363/947 1624/356/939
s 543
f 1629/356/939 1628/359/938 1627/367/948
s 544
f 1632/346/949 1631/355/950 1630/345/951
s 545
f 1635/347/952 1634/350/953 1633/355/950
s 546
f 1638/355/950 1637/346/949 1636/347/952
s 547
f 1641/355/950 1640/356/954 1639/359/955
s 548
f 1644/359/955 1643/345/951 1642/355/950
s 549
f 1647/360/956 1646/366/957 1645/367/958
s 550
f 1650/367/959 1649/363/960 1648/360/961
s 551
f 1653/366/957 1652/370/962 1651/371/963
s 552
f 1656/370/964 1655/360/956 1654/374/965
s 553
f 1659/366/957 1658/360/956 1657/370/964
s 554
f 1662/356/954 1661/363/960 1660/367/958
s 555
f 1665/367/958 1664/359/955 1663/356/954
s 556
f 1668/376/966 1667/377/967 1666/378/968
s 557
f 1671/379/969 1670/380/969 1669/381/970
s 558
f 1674/382/971 1673/378/972 1672/377/973
s 559
f 1677/383/974 1676/376/975 1675/378/976
s 560
f 1680/382/977 1679/383/978 1678/378/979
s 561
f 1683/379/969 1682/384/980 1681/380/969
s 562
f 1686/385/981 1685/386/982 1684/387/983
s 563
f 1689/387/983 1688/388/984 1687/385/985
s 564
f 1692/386/982 1691/389/986 1690/390/987
s 565
f 1695/390/987 1694/387/983 1693/386/982
s 566
f 1698/389/988 1697/391/989 1696/392/990
s 567
f 1701/392/991 1700/390/992 1699/389/986
s 568
f 1704/391/989 1703/393/993 1702/394/994
s 569
f 1707/394/994 1706/392/995 1705/391/996
s 570
f 1710/393/993 1709/395/997 1708/396/998
s 571
f 1713/396/998 1712/394/999 1711/393/993
s 572
f 1716/395/997 1715/397/1000 1714/398/1001
s 573
f 1719/398/1001 1718/396/1002 1717/395/1003
s 574
f 1722/397/1000 1721/399/1004 1720/400/1005
s 575
f 1725/400/1006 1724/398/1007 1723/397/1000
s 576
f 1728/399/1004 1727/385/985 1726/388/1008
s 577
f 1731/388/1008 1730/400/1009 1729/399/1004
s 578
f 1734/385/1010 1733/401/1011 1732/386/982
s 579
f 1737/386/1012 1736/401/1013 1735/389/986
s 580
f 1740/389/988 1739/401/1014 1738/391/1015
s 581
f 1743/391/1015 1742/401/1014 1741/393/1016
s 582
f 1746/393/1016 1745/401/1017 1744/395/1018
s 583
f 1749/395/1019 1748/401/1017 1747/397/1020
s 584
f 1752/397/1021 1751/401/1017 1750/399/1022
s 585
f 1755/399/1004 1754/401/1013 1753/385/1023
s 586
f 1758/402/1024 1757/403/1025 1756/404/1026
s 587
f 1761/404/1025 1760/405/1024 1759/402/1024
s 588
f 1764/406/1027 1763/407/1028 1762/408/1028
s 589
f 1767/408/1028 1766/409/1027 1765/406/1027
s 590
f 1770/410/1029 1769/402/1024 1768/405/1024
s 591
f 1773/405/1024 1772/411/1029 1771/410/1029
s 592
f 1776/412/1030 1775/402/1030 1774/403/1030
s 593
f 1779/407/1030 1778/412/1030 1777/406/1030
s 594
f 1782/402/1030 1781/412/1030 1780/410/1030
s 595
f 1785/412/1031 1784/406/1031 1783/403/1031
s 596
f 1788/406/1031 1787/412/1031 1786/407/1031
s 597
f 1791/410/1031 1790/412/1031 1789/402/1031
s 598
f 1794/407/1032 1793/412/1032 1792/413/1032
s 599
f 1797/413/1032 1796/414/1032 1795/407/1032
s 600
f 1800/415/1033 1799/416/1033 1798/412/1033
s 601
f 1803/412/1033 1802/410/1033 1801/415/1033
s 602
f 1806/403/1034 1805/406/1035 1804/409/1035
s 603
f 1809/409/1036 1808/404/1034 1807/403/1034
s 604
f 1812/406/1030 1811/412/1030 1810/403/1030
s 605
f 1815/402/1031 1814/412/1031 1813/403/1031
s 606
f 1818/417/1037 1817/418/1038 1816/419/587
s 607
f 1821/420/1039 1820/417/1037 1819/419/588
s 608
f 1824/421/582 1823/422/1040 1822/423/1041
s 609
f 1827/424/1042 1826/425/1043 1825/426/13
s 610
f 1830/427/1044 1829/428/513 1828/425/595
s 611
f 1833/428/1045 1832/429/293 1831/430/19
s 612
f 1836/430/1046 1835/429/293 1834/431/1047
s 613
f 1839/431/14 1838/432/1048 1837/430/19
s 614
f 1842/433/14 1841/434/23 1840/421/188
s 615
f 1845/421/188 1844/423/1048 1843/433/20
s 616
f 1848/435/581 1847/436/582 1846/437/1049
s 617
f 1851/437/23 1850/438/25 1849/435/583
s 618
f 1854/439/585 1853/435/584 1852/438/1050
s 619
f 1857/438/1051 1856/420/1052 1855/439/1053
s 620
f 1860/440/558 1859/441/1054 1858/442/1055
s 621
f 1863/420/576 1862/419/588 1861/439/1056
s 622
f 1866/428/1045 1865/427/1057 1864/429/293
s 623
f 1869/424/1042 1868/427/1044 1867/425/595
s 624
f 1872/443/1058 1871/444/1059 1870/445/1060
s 625
f 1875/445/1061 1874/446/1062 1873/443/1058
s 626
f 1878/447/1063 1877/448/1064 1876/449/1065
s 627
f 1881/449/1065 1880/450/1066 1879/447/1063
s 628
f 1884/451/1067 1883/452/1068 1882/448/1069
s 629
f 1887/448/1070 1886/447/1063 1885/451/1067
s 630
f 1890/446/1062 1889/445/1061 1888/453/1071
s 631
f 1893/453/1072 1892/454/1073 1891/446/1062
s 632
f 1896/455/1074 1895/456/1075 1894/457/1076
s 633
f 1899/457/1077 1898/458/1078 1897/455/1074
s 634
f 1902/459/1079 1901/460/1080 1900/461/1081
s 635
f 1905/461/1082 1904/462/1083 1903/459/1079
s 636
f 1908/458/1084 1907/463/1085 1906/455/1086
s 637
f 1911/461/1081 1910/460/1080 1909/464/1087
s 638
f 1914/464/1087 1913/465/1088 1912/461/1081
s 639
f 1917/466/1089 1916/459/1079 1915/462/1083
s 640
f 1920/462/1083 1919/467/1090 1918/466/1089
s 641
f 1923/456/1091 1922/468/1092 1921/469/1093
s 642
f 1926/469/1094 1925/457/1095 1924/456/1096
s 643
f 1929/470/1097 1928/471/1098 1927/466/1089
s 644
f 1932/466/1089 1931/467/1090 1930/470/1097
s 645
f 1935/468/1099 1934/472/1100 1933/473/1101
s 646
f 1938/473/1101 1937/469/1102 1936/468/1103
s 647
f 1941/454/1073 1940/453/1071 1939/471/1104
s 648
f 1944/471/1098 1943/470/1105 1942/454/1073
s 649
f 1947/472/1106 1946/452/1068 1945/451/1107
s 650
f 1950/451/1108 1949/473/1109 1948/472/1110
s 651
f 1953/474/1111 1952/475/1112 1951/476/1113
s 652
f 1956/443/1114 1955/477/1115 1954/444/1116
s 653
f 1959/449/1042 1958/478/1117 1957/479/1118
s 654
f 1962/479/1119 1961/450/1120 1960/449/1121
s 655
f 1965/480/1122 1964/464/1123 1963/481/1124
s 656
f 1968/480/1125 1967/465/1126 1966/464/1123
s 657
f 1971/477/1115 1970/482/1127 1969/444/1116
s 658
f 1974/475/1128 1973/483/1129 1972/476/1130
s 659
f 1977/443/1131 1976/446/1132 1975/447/1133
s 660
f 1980/447/1134 1979/450/1135 1978/443/1136
s 661
f 1983/447/1137 1982/454/1138 1981/451/1139
s 662
f 1986/462/1140 1985/458/1141 1984/457/1142
s 663
f 1989/458/1141 1988/461/1143 1987/474/1144
s 664
f 1992/462/1145 1991/457/1142 1990/467/1146
s 665
f 1995/467/1147 1994/473/1148 1993/470/1149
s 666
f 1998/470/1150 1997/473/1151 1996/451/1139
s 667
f 2001/480/1152 2000/475/1153 1999/474/1154
s 668
f 2004/474/1154 2003/465/1155 2002/480/1152
s 669
f 2007/479/1156 2006/477/1157 2005/443/1158
s 670
f 2010/443/1158 2009/450/1159 2008/479/1156
s 671
f 2013/446/1160 2012/454/1138 2011/447/1133
s 672
f 2016/470/1161 2015/451/1139 2014/454/1162
s 673
f 2019/467/1163 2018/457/1164 2017/469/1165
s 674
f 2022/462/1166 2021/461/1143 2020/458/1141
s 675
f 2025/474/1144 2024/461/1143 2023/465/1167
s 676
f 2028/469/1168 2027/473/1169 2026/467/1147
s 677
f 2031/474/1170 2030/476/1171 2029/463/1172
s 678
f 2034/463/1173 2033/458/1084 2032/474/1170
s 679
f 2037/418/1038 2036/442/1174 2035/441/557
s 680
f 2040/441/1175 2039/419/587 2038/418/1176
s 681
f 2043/484/1177 2042/485/1178 2041/486/1179
s 682
f 2046/486/1179 2045/487/1180 2044/484/1177
s 683
f 2049/488/1181 2048/489/1182 2047/490/1183
s 684
f 2052/491/1184 2051/492/1185 2050/493/1186
s 685
f 2055/493/1186 2054/494/1187 2053/491/1188
s 686
f 2058/492/1189 2057/495/1190 2056/496/1191
s 687
f 2061/496/1192 2060/493/1193 2059/492/1189
s 688
f 2064/495/1194 2063/497/1195 2062/498/1196
s 689
f 2067/498/1196 2066/496/1192 2065/495/1194
s 690
f 2070/492/1197 2069/493/1198 2068/496/1199
s 691
f 2073/496/1200 2072/495/1201 2071/492/1197
s 692
f 2076/491/1202 2075/494/1203 2074/493/1198
s 693
f 2079/493/1204 2078/492/1205 2077/491/1202
s 694
f 2082/490/1206 2081/494/1207 2080/491/1208
s 695
f 2085/488/1209 2084/489/1210 2083/499/1211
s 696
f 2088/484/1212 2087/487/1213 2086/486/1214
s 697
f 2091/486/1214 2090/485/1215 2089/484/1216
s 698
f 2094/485/1215 2093/500/1217 2092/501/1218
s 699
f 2097/501/1219 2096/484/1212 2095/485/1215
s 700
f 2100/502/1220 2099/503/1221 2098/504/1222
s 701
f 2103/504/1223 2102/505/1224 2101/502/1220
s 702
f 2106/506/1225 2105/503/1226 2104/507/1227
s 703
f 2109/507/1228 2108/508/1229 2107/506/1230
s 704
f 2112/502/1231 2111/505/1232 2110/504/1233
s 705
f 2115/504/1233 2114/503/1234 2113/502/1235
s 706
f 2118/505/1236 2117/502/1231 2116/500/1237
s 707
f 2121/500/1237 2120/501/1238 2119/505/1236
s 708
f 2124/485/1239 2123/484/1240 2122/501/1241
s 709
f 2127/501/1242 2126/500/1243 2125/485/1239
s 710
f 2130/490/1244 2129/491/1184 2128/494/1187
s 711
f 2133/490/1244 2132/489/1182 2131/491/1188
s 712
f 2136/490/1206 2135/489/1245 2134/488/1246
s 713
f 2139/509/1247 2138/499/1248 2137/488/1249
s 714
f 2142/486/1214 2141/487/1213 2140/509/1250
s 715
f 2145/509/1250 2144/499/1251 2143/486/1214
s 716
f 2148/500/1252 2147/502/1253 2146/505/1254
s 717
f 2151/505/1254 2150/501/1218 2149/500/1252
s 718
f 2154/486/1255 2153/499/1248 2152/509/1247
s 719
f 2157/509/1247 2156/487/1256 2155/486/1255
s 720
f 2160/488/1209 2159/499/1251 2158/509/1250
s 721
f 2163/488/1249 2162/499/1248 2161/489/1182
s 722
f 2166/498/1196 2165/497/1257 2164/495/1258
s 723
f 2169/495/1258 2168/496/1259 2167/498/1196
s 724
f 2172/494/1187 2171/493/1186 2170/510/1260
s 725
f 2175/493/1193 2174/496/1192 2173/511/1261
s 726
f 2178/512/1262 2177/511/1263 2176/496/1192
s 727
f 2181/496/1264 2180/498/1196 2179/512/1262
s 728
f 2184/496/1265 2183/493/1198 2182/511/1266
s 729
f 2187/490/1206 2186/513/1267 2185/510/1268
s 730
f 2190/510/1269 2189/494/1203 2188/490/1206
s 731
f 2193/496/1270 2192/511/1271 2191/512/1272
s 732
f 2196/512/1273 2195/498/1196 2194/496/1270
s 733
f 2199/493/1198 2198/494/1203 2197/510/1269
s 734
f 2202/510/1260 2201/513/1274 2200/490/1244
s 735
f 2205/490/1244 2204/494/1187 2203/510/1260
s 736
f 2208/490/1275 2207/491/1202 2206/489/1245
s 737
f 2211/511/1276 2210/514/1277 2209/510/1278
s 738
f 2214/515/1279 2213/514/1280 2212/511/1263
s 739
f 2217/511/1281 2216/512/1273 2215/515/1282
s 740
f 2220/515/1279 2219/512/1283 2218/511/1266
s 741
f 2223/511/1284 2222/514/1285 2221/515/1286
s 742
f 2226/493/1287 2225/510/1288 2224/511/1289
s 743
f 2229/510/1288 2228/514/1290 2227/511/1266
s 744
f 2232/493/1291 2231/511/1261 2230/510/1278
s 745
f 2235/507/1292 2234/516/1293 2233/504/1222
s 746
f 2238/504/1222 2237/503/1294 2236/507/1295
s 747
f 2241/506/1296 2240/508/1297 2239/507/1298
s 748
f 2244/507/1299 2243/503/1294 2242/506/1296
s 749
f 2247/504/1300 2246/516/1301 2245/507/1228
s 750
f 2250/507/1228 2249/503/1226 2248/504/1300
s 751
f 2253/517/1302 2252/518/1303 2251/519/1303
s 752
f 2256/519/1303 2255/520/1304 2254/517/1305
s 753
f 2259/521/1306 2258/522/1307 2257/523/1308
s 754
f 2262/523/1309 2261/524/1306 2260/521/1306
s 755
f 2265/522/1307 2264/525/1310 2263/526/1311
s 756
f 2268/526/1312 2267/523/1308 2266/522/1307
s 757
f 2271/527/1313 2270/528/1314 2269/529/1315
s 758
f 2274/529/1316 2273/530/1317 2272/527/1313
s 759
f 2277/531/1318 2276/532/1319 2275/533/1320
s 760
f 2280/534/1321 2279/535/1322 2278/536/1323
s 761
f 2283/536/1323 2282/533/1320 2281/534/1324
s 762
f 2286/536/1323 2285/535/1322 2284/537/1325
s 763
f 2289/537/1326 2288/538/1327 2287/536/1323
s 764
f 2292/518/1303 2291/539/1303 2290/540/1303
s 765
f 2295/540/1303 2294/519/1303 2293/518/1303
s 766
f 2298/521/1306 2297/524/1306 2296/541/1328
s 767
f 2301/541/1328 2300/542/1328 2299/521/1306
s 768
f 2304/543/1303 2303/544/1303 2302/545/1303
s 769
f 2307/545/1303 2306/546/1303 2305/543/1303
s 770
f 2310/547/1328 2309/548/1328 2308/549/1328
s 771
f 2313/549/1328 2312/550/1328 2311/547/1328
s 772
f 2316/551/1329 2315/552/1330 2314/528/1331
s 773
f 2319/528/1332 2318/527/1333 2317/551/1329
s 774
f 2322/533/1320 2321/532/1319 2320/534/1324
s 775
f 2325/525/1310 2324/532/1334 2323/531/1335
s 776
f 2328/531/1335 2327/526/1336 2326/525/1310
s 777
f 2331/542/1328 2330/541/1328 2329/548/1328
s 778
f 2334/548/1328 2333/547/1328 2332/542/1328
s 779
f 2337/538/1327 2336/537/1325 2335/553/1337
s 780
f 2340/554/1338 2339/530/1339 2338/529/1340
s 781
f 2343/529/1340 2342/555/1341 2341/554/1338
s 782
f 2346/554/1303 2345/555/1303 2344/556/1303
s 783
f 2349/556/1303 2348/557/1303 2347/554/1303
s 784
f 2352/558/1303 2351/559/1303 2350/560/1303
s 785
f 2355/557/1303 2354/556/1303 2353/559/1303
s 786
f 2358/559/1303 2357/558/1303 2356/557/1303
s 787
f 2361/561/1328 2360/550/1328 2359/549/1328
s 788
f 2364/562/1303 2363/563/1303 2362/564/1303
s 789
f 2367/564/1303 2366/565/1303 2365/562/1303
s 790
f 2370/539/1303 2369/565/1303 2368/564/1303
s 791
f 2373/552/1330 2372/551/1329 2371/517/1342
s 792
f 2376/517/1342 2375/520/1343 2374/552/1330
s 793
f 2379/566/1344 2378/567/1345 2377/568/1346
s 794
f 2382/568/1346 2381/569/1347 2380/566/1348
s 795
f 2385/569/1349 2384/568/1350 2383/570/1351
s 796
f 2388/570/1352 2387/571/1353 2386/569/1347
s 797
f 2391/570/1354 2390/572/1355 2389/573/1356
s 798
f 2394/573/1357 2393/571/1358 2392/570/1359
s 799
f 2397/574/1360 2396/573/1357 2395/572/1361
s 800
f 2400/572/1362 2399/575/1363 2398/574/1364
s 801
f 2403/576/1365 2402/577/1366 2401/578/1367
s 802
f 2406/576/1368 2405/579/1369 2404/580/1369
s 803
f 2409/580/1370 2408/577/1371 2407/576/1365
s 804
f 2412/543/1303 2411/540/1303 2410/539/1303
s 805
f 2415/539/1303 2414/564/1303 2413/543/1303
s 806
f 2418/540/1303 2417/543/1303 2416/546/1303
