# Blender 5.0.1
# www.blender.org
mtllib tp.mtl
g NarukamiShrine_mesh.087_Malla
v -0.027240 1.065044 -0.017616
v -0.017510 1.065044 0.003624
v -0.215094 0.573349 0.173264
v -0.277861 0.573349 0.060726
v -0.105817 0.573349 0.242085
v 0.036507 0.573349 0.256321
v -0.000852 1.065044 0.007050
v -0.275964 0.573349 -0.091148
v 0.169694 0.573349 0.199013
v 0.249191 0.573349 0.096024
v 0.011730 1.066942 -0.008858
v 0.268887 0.573349 -0.045647
v 0.002350 1.074536 -0.023598
v 0.209561 0.573349 -0.177471
v 0.100163 0.573349 -0.268124
v -0.043317 0.573349 -0.282120
v -0.013869 1.066942 -0.030003
v -0.174160 0.573349 -0.228016
v -0.275964 0.573349 -0.091148
v -0.027240 1.065044 -0.017616
v -0.088850 0.469884 0.185364
v -0.176059 0.469884 0.118446
v -0.218180 0.469884 0.016777
v -0.035308 0.469884 -0.221493
v -0.136903 0.469884 -0.179367
v -0.203824 0.469884 -0.092159
v -0.203824 0.469884 -0.092159
v 0.073646 0.469884 -0.207134
v 0.160914 0.469884 -0.140095
v 0.202916 0.469884 -0.038635
v 0.188560 0.469884 0.070393
v 0.121640 0.469884 0.157600
v 0.020133 0.469884 0.199718
v -0.087899 0.470833 0.182991
v -0.174041 0.470833 0.116901
v -0.215689 0.470833 0.016510
v 0.019821 0.470833 0.197227
v -0.201450 0.470833 -0.091209
v 0.120216 0.470833 0.155582
v 0.186306 0.470833 0.069447
v 0.200543 0.470833 -0.038277
v 0.158896 0.470833 -0.138668
v 0.072755 0.470833 -0.204758
v -0.034981 0.470833 -0.219002
v -0.135360 0.470833 -0.177349
v -0.201450 0.470833 -0.091209
v -0.008233 1.078333 -0.016819
v -0.008233 1.078333 -0.016819
v -0.146514 -0.301356 -0.029896
v -0.119403 -0.219249 -0.025860
v -0.115308 -0.218300 0.033817
v -0.138920 -0.301356 0.045208
v -0.081908 -0.218300 0.085224
v -0.097036 -0.301356 0.109726
v -0.007573 -0.218300 0.115242
v -0.007573 -0.301356 0.136009
v -0.121241 -0.301356 -0.102127
v -0.102375 -0.219249 -0.083557
v -0.065534 -0.301356 -0.148399
v -0.054203 -0.218300 -0.123604
v -0.007573 -0.301356 -0.159313
v -0.007573 -0.218300 -0.130013
v -0.203111 -0.420958 -0.036438
v -0.182111 -0.420958 0.066360
v -0.123733 -0.420958 0.145496
v -0.007580 -0.420958 0.182045
v -0.007565 -0.420958 -0.202152
v -0.082560 -0.420958 -0.188625
v -0.167515 -0.420958 -0.129234
v -0.048537 -0.151854 -0.109837
v -0.007573 -0.151854 -0.118919
v -0.094544 -0.151854 -0.079758
v -0.113825 -0.152804 -0.024788
v -0.108012 -0.152804 0.030380
v -0.076212 -0.151854 0.077572
v -0.007573 -0.151854 0.101482
v -0.075204 -0.527745 -0.255070
v -0.007543 -0.527745 -0.275002
v -0.111808 -0.616972 -0.361858
v -0.007599 -0.618870 -0.389622
v -0.189941 -0.613174 -0.326263
v -0.137970 -0.529169 -0.234543
v -0.261251 -0.607954 -0.264565
v -0.194569 -0.527745 -0.198826
v -0.318441 -0.607954 -0.190285
v -0.227316 -0.527745 -0.141281
v -0.349053 -0.608903 -0.102009
v -0.244997 -0.533915 -0.078396
v -0.366376 -0.607954 -0.010960
v -0.256504 -0.527745 -0.010838
v -0.354036 -0.607954 0.081963
v -0.236689 -0.528220 0.056694
v -0.318204 -0.607954 0.168518
v -0.224469 -0.527745 0.119396
v -0.261251 -0.607954 0.242794
v -0.192196 -0.527745 0.173622
v -0.186975 -0.607954 0.299984
v -0.137970 -0.527745 0.212536
v -0.100418 -0.610327 0.333447
v -0.073899 -0.530117 0.232826
v -0.007562 -0.610327 0.350529
v -0.007629 -0.527745 0.250149
v -0.431398 -0.685315 0.102669
v -0.446349 -0.685315 -0.010910
v -0.387497 -0.685315 0.208504
v -0.317966 -0.685315 0.299511
v -0.226960 -0.685315 0.369041
v -0.121182 -0.685315 0.412941
v -0.007565 -0.685315 0.435486
v -0.387497 -0.685315 -0.230270
v -0.317966 -0.685315 -0.321278
v -0.226960 -0.685315 -0.390808
v -0.121182 -0.685315 -0.434708
v -0.007573 -0.685315 -0.451794
v 0.131370 -0.301356 -0.029896
v 0.123775 -0.301356 0.045177
v 0.100163 -0.218300 0.033817
v 0.104257 -0.219249 -0.025860
v 0.066763 -0.218300 0.085224
v 0.081891 -0.301356 0.109726
v -0.007573 -0.218300 0.115242
v -0.007573 -0.301356 0.136009
v 0.106155 -0.301356 -0.102127
v 0.087230 -0.219249 -0.083557
v 0.050389 -0.301356 -0.148399
v 0.039058 -0.218300 -0.123604
v -0.007573 -0.301356 -0.159313
v -0.007573 -0.218300 -0.130013
v 0.187848 -0.420958 -0.036510
v 0.176338 -0.420958 0.066360
v 0.108529 -0.420958 0.145618
v -0.007580 -0.420958 0.182045
v -0.007565 -0.420958 -0.202152
v 0.067415 -0.420958 -0.188625
v 0.152371 -0.420958 -0.129299
v 0.033392 -0.151854 -0.109837
v -0.007573 -0.151854 -0.118919
v 0.079399 -0.151854 -0.079758
v 0.098680 -0.152804 -0.024788
v 0.244682 -0.527745 0.056694
v 0.253462 -0.527745 -0.010868
v 0.339129 -0.607954 0.081963
v 0.351232 -0.607954 -0.010887
v 0.303296 -0.607954 0.168518
v 0.218578 -0.527745 0.119633
v 0.246106 -0.607954 0.242794
v 0.177050 -0.527745 0.173737
v 0.171830 -0.607954 0.299984
v 0.122826 -0.528693 0.213367
v 0.085273 -0.609851 0.331074
v 0.060059 -0.527745 0.233776
v -0.007562 -0.610327 0.350529
v -0.007629 -0.527745 0.250149
v 0.244682 -0.527745 -0.078453
v 0.339129 -0.607954 -0.103729
v 0.218578 -0.527745 -0.141403
v 0.303296 -0.607954 -0.190285
v 0.179423 -0.527745 -0.198826
v 0.246106 -0.607954 -0.264565
v 0.122826 -0.527745 -0.237156
v 0.174796 -0.613174 -0.326263
v 0.060059 -0.533915 -0.257442
v 0.096663 -0.616497 -0.366127
v -0.007543 -0.527745 -0.275002
v -0.007599 -0.618870 -0.389622
v -0.007565 -0.685315 0.435486
v 0.106037 -0.685315 -0.434708
v -0.007573 -0.685315 -0.451794
v 0.211815 -0.685315 -0.390808
v 0.302822 -0.685315 -0.321278
v 0.372352 -0.685315 -0.230270
v 0.416253 -0.685315 -0.124435
v 0.431204 -0.685315 -0.010887
v 0.416253 -0.685315 0.102669
v 0.372352 -0.685315 0.208504
v 0.302822 -0.685315 0.299511
v 0.211815 -0.685315 0.369041
v 0.106037 -0.685315 0.412941
v 0.092867 -0.152804 0.030380
v 0.061068 -0.151854 0.077572
v -0.007573 -0.151854 0.101482
v 0.095773 -0.152804 -0.024494
v 0.090078 -0.152804 0.029396
v 0.059288 -0.152804 0.075321
v -0.007573 -0.152804 0.098572
v 0.077086 -0.152804 -0.078041
v 0.032324 -0.152804 -0.107227
v -0.007573 -0.152804 -0.116009
v -0.110919 -0.152804 -0.024494
v -0.105223 -0.152804 0.029396
v -0.074433 -0.152804 0.075321
v -0.007573 -0.152804 0.098572
v -0.092231 -0.152804 -0.078041
v -0.047470 -0.152804 -0.107227
v -0.007573 -0.152804 -0.116009
v -0.105817 0.573349 0.242085
v -0.215094 0.573349 0.173264
v -0.277861 0.573349 0.060726
v -0.043317 0.573349 -0.282120
v -0.174160 0.573349 -0.228016
v -0.275964 0.573349 -0.091148
v -0.275964 0.573349 -0.091148
v 0.100163 0.573349 -0.268124
v 0.209561 0.573349 -0.177471
v 0.268887 0.573349 -0.045647
v 0.249191 0.573349 0.096024
v 0.169694 0.573349 0.199013
v 0.036507 0.573349 0.256321
v -0.088850 0.469884 0.185364
v 0.020133 0.469884 0.199718
v -0.176059 0.469884 0.118446
v -0.218180 0.469884 0.016777
v 0.121640 0.469884 0.157600
v -0.203824 0.469884 -0.092159
v 0.188560 0.469884 0.070393
v 0.202916 0.469884 -0.038635
v 0.160914 0.469884 -0.140095
v 0.073646 0.469884 -0.207134
v -0.035308 0.469884 -0.221493
v -0.136903 0.469884 -0.179367
v -0.203824 0.469884 -0.092159
v -0.008233 1.078333 -0.016819
v 0.002350 1.074536 -0.023598
v -0.027240 1.065044 -0.017616
v -0.431398 -0.685315 -0.124435
v 0.098680 -0.152804 -0.024788
v 0.092867 -0.152804 0.030380
v 0.061068 -0.151854 0.077572
v -0.007573 -0.151854 0.101482
v 0.079399 -0.151854 -0.079758
v 0.033392 -0.151854 -0.109837
v -0.007573 -0.151854 -0.118919
v -0.113825 -0.152804 -0.024788
v -0.108012 -0.152804 0.030380
v -0.076212 -0.151854 0.077572
v -0.007573 -0.151854 0.101482
v -0.094544 -0.151854 -0.079758
v -0.048537 -0.151854 -0.109837
v -0.007573 -0.151854 -0.118919
v -0.120445 -0.120819 0.046452
v -0.101844 -0.147879 0.037102
v -0.111330 -0.147883 -0.017845
v -0.132431 -0.120825 -0.019363
v -0.076223 -0.120793 0.096840
v -0.067126 -0.147858 0.082146
v -0.029749 -0.120764 0.117252
v 0.004279 -0.120743 0.119469
v -0.095741 -0.147873 -0.074078
v -0.112026 -0.120811 -0.082775
v -0.051775 -0.147845 -0.107048
v -0.061640 -0.120779 -0.126999
v -0.012910 -0.120748 -0.141212
v -0.121708 -0.066154 0.047184
v -0.133601 -0.066160 -0.019291
v -0.076267 -0.066127 0.096855
v -0.029786 -0.066099 0.117271
v -0.061682 -0.066113 -0.127014
v -0.112073 -0.066146 -0.082787
v -0.072166 -0.060665 0.090710
v 0.003753 -0.060619 0.112053
v -0.126229 -0.060696 -0.018810
v -0.113845 -0.011410 0.043167
v -0.072163 -0.011386 0.090660
v -0.028338 -0.060639 0.109959
v -0.105930 -0.060683 -0.078682
v -0.058414 -0.060653 -0.120388
v -0.012458 -0.060624 -0.133793
v -0.143781 0.001787 -0.020882
v -0.126197 -0.011417 -0.018806
v -0.093815 0.005226 0.105164
v -0.039021 0.005260 0.130417
v -0.028356 -0.011359 0.109901
v 0.005348 0.009269 0.136902
v -0.094395 0.190749 0.106651
v -0.150938 0.057678 -0.020412
v -0.045018 0.190780 0.128792
v 0.005235 0.190810 0.136902
v -0.151017 0.190717 -0.020409
v -0.072257 0.202435 0.089802
v -0.029527 0.202461 0.107800
v -0.126617 0.190733 -0.092384
v -0.079818 0.007075 -0.135284
v -0.058416 -0.011373 -0.120331
v -0.012484 -0.011344 -0.133728
v -0.105909 -0.011403 -0.078651
v -0.012485 0.202476 -0.131725
v 0.003454 0.202482 0.109997
v -0.127285 0.202403 -0.018501
v -0.107235 0.202417 -0.077923
v -0.059741 0.202447 -0.120186
v -0.136042 0.247214 0.053356
v -0.125560 0.228334 -0.019249
v -0.148331 0.247208 -0.020226
v -0.073402 0.228364 0.089497
v -0.101368 0.247235 0.100407
v -0.044019 0.247269 0.133530
v -0.028107 0.228392 0.107903
v 0.005019 0.247300 0.134159
v -0.127354 0.247222 -0.096016
v -0.072034 0.244373 -0.146935
v -0.152110 0.286408 -0.021393
v -0.127388 0.286425 -0.096024
v -0.143862 0.292406 -0.019894
v -0.130540 0.291641 0.051117
v 0.004672 0.291723 0.129292
v -0.121202 0.291649 -0.088417
v -0.072062 0.283575 -0.146946
v -0.014415 0.282031 -0.160248
v -0.144558 0.311274 -0.019981
v -0.130364 0.311281 0.051228
v -0.084483 0.311309 0.107063
v -0.032130 0.311341 0.127914
v -0.038776 0.291696 0.125408
v -0.121244 0.311289 -0.088749
v -0.071368 0.291680 -0.138992
v -0.066673 0.311323 -0.136642
v -0.013892 0.311356 -0.152039
v -0.013812 0.291716 -0.151012
v -0.178082 0.353271 -0.022377
v -0.160920 0.353280 0.066338
v -0.099974 0.353317 0.130993
v -0.038405 0.353354 0.159393
v 0.004726 0.311363 0.130310
v -0.016627 0.353373 -0.193123
v -0.083902 0.353331 -0.171211
v -0.149844 0.353290 -0.109039
v -0.273551 0.410720 0.080540
v -0.288043 0.410713 0.007832
v -0.240731 0.410740 0.147026
v -0.191824 0.410768 0.202747
v -0.130159 0.410806 0.243916
v -0.059943 0.410849 0.267719
v -0.096043 0.410835 -0.279766
v -0.023331 0.410880 -0.294258
v -0.162527 0.410794 -0.246944
v -0.218252 0.410759 -0.198040
v -0.262051 0.410730 -0.138878
v -0.288529 0.410713 -0.065582
v 0.118336 -0.120671 0.030712
v 0.121578 -0.120667 -0.036114
v 0.100889 -0.147752 -0.031837
v 0.098703 -0.147754 0.023880
v 0.081114 -0.120695 0.086468
v 0.070200 -0.147773 0.073093
v 0.037721 -0.120723 0.112804
v 0.003112 -0.147815 0.101517
v 0.078052 -0.147765 -0.085541
v 0.093020 -0.120684 -0.096302
v 0.030138 -0.147794 -0.112450
v 0.037265 -0.120718 -0.133522
v -0.011417 -0.147820 -0.118820
v 0.122677 -0.066002 -0.036190
v 0.081091 -0.066030 0.086479
v 0.037693 -0.066057 0.112823
v 0.004247 -0.066078 0.119492
v 0.037237 -0.066052 -0.133537
v -0.012945 -0.066083 -0.141228
v 0.092999 -0.066019 -0.096310
v 0.115427 -0.060547 -0.034744
v 0.035291 -0.060599 0.105766
v 0.034861 -0.060595 -0.126534
v 0.087442 -0.060563 -0.091438
v 0.111318 -0.060550 0.028347
v 0.076213 -0.060573 0.080925
v 0.035240 -0.011319 0.105705
v 0.087364 -0.011283 -0.091393
v 0.132477 0.001958 -0.039101
v 0.115335 -0.011267 -0.034729
v 0.134657 0.005369 0.036274
v 0.099491 0.005346 0.092415
v 0.076141 -0.011294 0.080875
v 0.048486 0.005314 0.124645
v 0.003718 -0.011339 0.111992
v 0.100031 0.190870 0.093834
v 0.139565 0.057858 -0.039566
v 0.053989 0.190841 0.122265
v 0.110991 0.202550 0.027859
v 0.035862 0.202502 0.103493
v 0.088510 0.202538 -0.090828
v 0.105839 0.190877 -0.107712
v 0.105958 0.004324 -0.107723
v 0.053925 0.190846 -0.144104
v 0.054039 0.007158 -0.144112
v 0.034810 -0.011315 -0.126476
v -0.014139 0.009263 -0.158638
v 0.114349 0.228482 -0.035072
v 0.116188 0.202554 -0.034557
v 0.075858 0.202527 0.080032
v 0.034435 0.228430 0.103779
v 0.087496 0.228467 -0.091530
v 0.035878 0.202506 -0.126495
v 0.134252 0.247381 0.035534
v 0.136770 0.247384 -0.039032
v 0.076921 0.228457 0.079582
v 0.053552 0.247330 0.127094
v 0.003436 0.228411 0.109959
v 0.106023 0.247367 -0.111404
v -0.012588 0.228405 -0.133038
v 0.134240 0.286584 0.035542
v 0.106040 0.286566 0.086742
v 0.004996 0.286502 0.134167
v 0.132328 0.292577 -0.038109
v 0.140316 0.286589 -0.040672
v 0.090660 0.292638 0.092621
v 0.044824 0.291752 -0.146652
v 0.044479 0.283647 -0.154633
v 0.128447 0.291801 0.034035
v 0.128263 0.311442 0.034172
v 0.132983 0.311445 -0.038277
v 0.090111 0.311417 0.095551
v 0.040949 0.311386 0.123093
v 0.047233 0.291749 0.119740
v 0.100843 0.311427 -0.103390
v 0.100868 0.291786 -0.103058
v 0.040454 0.311390 -0.143707
v 0.165853 0.353484 -0.045052
v 0.160488 0.353479 0.045143
v 0.108560 0.353446 0.117249
v 0.051251 0.353410 0.153481
v 0.006812 0.353382 0.162338
v 0.052944 0.353416 -0.180237
v 0.126479 0.353461 -0.127258
v 0.273936 0.411059 0.044441
v 0.278756 0.411063 -0.029549
v 0.250131 0.411044 0.114655
v 0.208964 0.411016 0.176323
v 0.153240 0.410981 0.225227
v 0.086756 0.410940 0.258045
v 0.014043 0.410895 0.272541
v 0.050655 0.410926 -0.289440
v 0.120872 0.410969 -0.265636
v 0.182536 0.411007 -0.224468
v 0.233724 0.411037 -0.171570
v 0.269598 0.411059 -0.102379
v -0.393090 -0.762034 0.014778
v -0.414727 -0.716694 0.016205
v -0.393720 -0.716682 0.121593
v -0.346149 -0.716656 0.217960
v -0.275259 -0.716614 0.298733
v -0.260960 -0.761958 0.282448
v -0.185879 -0.716559 0.358406
v -0.084101 -0.716497 0.392906
v -0.079856 -0.761848 0.371666
v -0.386472 -0.762028 -0.086823
v -0.407740 -0.716688 -0.091038
v -0.353783 -0.762006 -0.183243
v -0.373236 -0.716663 -0.192814
v -0.297250 -0.761970 -0.267925
v -0.313565 -0.716626 -0.282196
v -0.232794 -0.716573 -0.353085
v -0.136428 -0.716514 -0.400658
v -0.031034 -0.716447 -0.421661
v -0.358086 -0.767263 0.012470
v -0.373188 -0.762024 0.114628
v -0.339973 -0.767255 0.103336
v -0.328121 -0.761998 0.205925
v -0.237838 -0.767195 0.256065
v -0.176281 -0.761907 0.338978
v -0.073023 -0.767094 0.337265
v 0.021742 -0.761785 0.378288
v -0.352061 -0.767258 -0.079994
v -0.322312 -0.767238 -0.167747
v -0.270866 -0.767205 -0.244808
v -0.201225 -0.767160 -0.305923
v -0.220728 -0.761921 -0.335087
v -0.118140 -0.767107 -0.346939
v -0.129431 -0.761864 -0.380154
v -0.301038 -0.823811 0.008709
v -0.285841 -0.823805 0.084953
v -0.298959 -0.767231 0.186424
v -0.251429 -0.823784 0.154659
v -0.200147 -0.823753 0.213089
v -0.160775 -0.767147 0.307514
v -0.135490 -0.823715 0.256256
v -0.061863 -0.823670 0.281212
v 0.019437 -0.767036 0.343285
v -0.295983 -0.823807 -0.068871
v -0.271023 -0.823791 -0.142494
v -0.227857 -0.823762 -0.207150
v -0.169428 -0.823726 -0.258430
v -0.099717 -0.823681 -0.292843
v -0.023476 -0.823634 -0.308041
v -0.027270 -0.767052 -0.365051
v -0.052552 -0.831096 0.234333
v -0.114362 -0.831134 0.213383
v -0.168642 -0.831167 0.177143
v -0.211694 -0.831192 0.128090
v -0.240582 -0.831208 0.069572
v -0.253341 -0.831216 0.005566
v -0.020326 -0.831065 -0.260349
v -0.249097 -0.831212 -0.059563
v -0.228143 -0.831196 -0.121368
v -0.191905 -0.831174 -0.175652
v -0.142854 -0.831143 -0.218704
v -0.084330 -0.831105 -0.247589
v 0.012573 -0.831056 0.238579
v 0.385252 -0.761552 -0.036545
v 0.378634 -0.761558 0.065056
v 0.399846 -0.716192 0.069275
v 0.406833 -0.716184 -0.037971
v 0.365342 -0.716215 0.171047
v 0.305671 -0.716254 0.260429
v 0.289412 -0.761618 0.246155
v 0.224900 -0.716305 0.331318
v 0.212890 -0.761665 0.313316
v 0.128534 -0.716365 0.378891
v 0.121593 -0.761723 0.358387
v 0.023139 -0.716431 0.399895
v 0.385825 -0.716196 -0.143368
v 0.320282 -0.761589 -0.227692
v 0.338255 -0.716223 -0.239727
v 0.253121 -0.761629 -0.304214
v 0.267365 -0.716266 -0.320499
v 0.177985 -0.716320 -0.380173
v 0.076207 -0.716381 -0.414677
v -0.029581 -0.761801 -0.400055
v 0.344230 -0.766831 0.058224
v 0.345944 -0.761581 0.161476
v 0.263033 -0.766883 0.223034
v 0.365350 -0.761562 -0.136398
v 0.152944 -0.766940 -0.329281
v 0.168443 -0.761680 -0.360748
v 0.065192 -0.766995 -0.359032
v 0.072018 -0.761739 -0.393436
v 0.293276 -0.823443 -0.030479
v 0.288221 -0.823448 0.047096
v 0.350254 -0.766824 -0.034237
v 0.314481 -0.766851 0.145973
v 0.263261 -0.823466 0.120720
v 0.220096 -0.823494 0.185379
v 0.193394 -0.766929 0.284157
v 0.161666 -0.823531 0.236664
v 0.110308 -0.766981 0.325172
v 0.091955 -0.823574 0.271072
v 0.015713 -0.823622 0.286274
v 0.278079 -0.823452 -0.106720
v 0.332142 -0.766835 -0.125111
v 0.243667 -0.823471 -0.176434
v 0.291127 -0.766858 -0.208191
v 0.192385 -0.823502 -0.234859
v 0.230007 -0.766895 -0.277836
v 0.127728 -0.823541 -0.278023
v 0.054102 -0.823585 -0.302986
v 0.076579 -0.831016 0.225819
v 0.135101 -0.830980 0.196930
v 0.044800 -0.831025 -0.256107
v 0.106610 -0.830988 -0.235153
v 0.160890 -0.830955 -0.198914
v 0.203941 -0.830930 -0.149860
v 0.232830 -0.830913 -0.091339
v 0.245588 -0.830907 -0.027332
v 0.241345 -0.830911 0.037792
v 0.220390 -0.830925 0.099602
v 0.184153 -0.830948 0.153881
v -0.067892 -1.256013 0.049103
v -0.087110 -1.273173 0.006577
v -0.267312 -0.817366 0.041859
v -0.206420 -0.817331 0.168144
v -0.036791 -1.227096 0.090397
v -0.090457 -0.817261 0.243427
v 0.019701 -1.227970 0.094154
v 0.050894 -0.817174 0.251579
v -0.260962 -0.817360 -0.100071
v -0.101704 -1.132256 -0.125809
v -0.072884 -1.228024 -0.091103
v -0.018728 -1.318611 0.006683
v 0.019017 -1.257198 0.061447
v -0.018002 -1.238698 -0.102161
v 0.071719 -1.227937 0.074089
v 0.055518 -1.265308 0.045715
v 0.103540 -1.227917 0.024376
v 0.256094 -0.817044 0.081512
v 0.271705 -0.817032 -0.059078
v 0.110193 -1.227911 -0.036602
v 0.179878 -0.817093 0.190025
v 0.214867 -0.817064 -0.192776
v 0.081259 -1.227928 -0.090015
v 0.017248 -1.332808 -0.023155
v 0.042230 -1.199685 -0.135559
v 0.086480 -0.817142 -0.276005
v 0.010788 -1.331942 0.005558
v -0.032594 -1.108914 -0.179352
v -0.056986 -0.817230 -0.290810
v -0.184956 -0.817310 -0.226532
v -0.031800 -1.169141 -0.143967
v -0.029396 -0.672739 -0.459099
v -0.033166 -0.654882 -0.446033
v -0.076643 -0.654909 -0.437130
v -0.031161 -0.628762 -0.415375
v 0.035012 -0.628722 -0.411198
v -0.027272 -0.587289 -0.366688
v 0.079473 -0.587223 -0.353855
v -0.022597 -0.530535 -0.295261
v 0.126615 -0.532647 -0.261780
v -0.020404 -0.487190 -0.261604
v -0.018803 -0.432075 -0.236805
v -0.132105 -0.487260 -0.230324
v -0.076968 -0.441956 -0.226116
v -0.017981 -0.406741 -0.224094
v -0.262333 -0.702924 -0.389969
v -0.144055 -0.672810 -0.430794
v -0.252174 -0.672879 -0.373791
v -0.411211 -0.703021 -0.216961
v -0.445848 -0.673006 0.018299
v -0.433102 -0.655138 0.017414
v -0.440760 -0.673005 0.071877
v -0.462303 -0.703056 0.019386
v -0.402458 -0.629001 0.015392
v -0.345264 -0.587493 0.011623
v -0.332478 -0.587483 -0.095821
v -0.272707 -0.534985 0.006840
v -0.246862 -0.531187 -0.141872
v -0.223901 -0.487318 -0.110146
v -0.240242 -0.487331 0.004696
v -0.217468 -0.442046 -0.055687
v -0.220436 -0.432204 0.003387
v -0.378609 -0.703009 0.251381
v -0.208962 -0.487314 0.116394
v -0.207739 -0.406863 0.002552
v -0.389661 -0.628994 0.079960
v -0.082060 -0.669533 -0.422668
v -0.089164 -0.658019 -0.407898
v -0.095724 -0.628803 -0.402576
v -0.093688 -0.646056 -0.385193
v -0.132090 -0.587353 -0.339905
v -0.130948 -0.610636 -0.322941
v -0.172147 -0.538378 -0.217640
v -0.135279 -0.669653 -0.401730
v -0.233222 -0.669714 -0.351082
v -0.331424 -0.672930 -0.302162
v -0.309152 -0.670071 -0.283104
v -0.082975 -0.672772 -0.454010
v -0.365815 -0.670357 -0.197060
v -0.394199 -0.672969 -0.209087
v -0.404798 -0.669824 -0.094158
v -0.434030 -0.672997 -0.101273
v -0.414279 -0.669746 -0.038933
v -0.026384 -0.729114 -0.409630
v -0.030467 -0.702780 -0.475574
v -0.144836 -0.702850 -0.448727
v -0.129150 -0.729178 -0.381493
v -0.219091 -0.729236 -0.335419
v -0.346254 -0.702978 -0.314148
v -0.295054 -0.729284 -0.270924
v 0.079076 -0.729050 -0.395912
v 0.178311 -0.728989 -0.360462
v 0.259765 -0.728941 -0.306664
v -0.349072 -0.729318 -0.189224
v -0.384516 -0.729343 -0.089993
v -0.450478 -0.703046 -0.102196
v -0.396326 -0.729353 0.015343
v -0.437371 -0.703043 0.133881
v -0.372477 -0.729339 0.118393
v -0.324024 -0.729311 0.208176
v -0.302787 -0.702965 0.335297
v -0.258633 -0.729272 0.284924
v -0.077142 -0.436145 -0.195534
v -0.135586 -0.485409 -0.201942
v -0.166117 -0.532828 -0.242477
v 0.091240 -0.702704 -0.461838
v 0.206006 -0.702634 -0.422565
v 0.198113 -0.672599 -0.405540
v 0.303873 -0.702576 -0.357014
v 0.027675 -0.669465 -0.429905
v 0.011103 -0.654855 -0.442917
v 0.024472 -0.672706 -0.461098
v 0.035298 -0.645977 -0.393700
v 0.079894 -0.610506 -0.336842
v 0.134457 -0.538189 -0.237858
v 0.186086 -0.670012 -0.377151
v 0.083182 -0.669517 -0.416134
v 0.090300 -0.672665 -0.445370
v 0.040275 -0.441882 -0.233845
v 0.043052 -0.436071 -0.203461
v -0.016613 -0.400378 -0.192604
v 0.100210 -0.485263 -0.217487
v 0.094437 -0.487120 -0.245262
v -0.424198 -0.655135 0.060890
v -0.395310 -0.658217 0.068123
v -0.372269 -0.646238 0.077934
v -0.324955 -0.585789 0.116867
v -0.301545 -0.610751 0.114609
v -0.362454 -0.672960 0.241199
v -0.419453 -0.672993 0.133083
v -0.392771 -0.669822 0.124462
v -0.339743 -0.669791 0.222248
v -0.409421 -0.669745 0.070961
v -0.176297 -0.400481 0.000477
v -0.179208 -0.436213 0.061028
v -0.209738 -0.442044 0.061562
v -0.180624 -0.485442 0.119171
v -0.202766 -0.536711 0.156189
v -0.221086 -0.532870 0.150433
v -0.447845 -0.673006 -0.035568
v -0.399918 -0.658219 -0.037971
v -0.398283 -0.628997 -0.050777
v -0.380775 -0.646241 -0.051056
v -0.315448 -0.610756 -0.096233
v -0.222982 -0.536717 -0.150414
v -0.187133 -0.436216 -0.059166
v -0.196171 -0.485448 -0.116623
v 0.450101 -0.672452 -0.040138
v 0.466593 -0.702482 -0.041222
v 0.452092 -0.672452 0.013645
v 0.437327 -0.654600 -0.039337
v 0.428423 -0.654604 -0.082813
v 0.406651 -0.628500 -0.037315
v 0.349405 -0.587062 -0.033543
v 0.280272 -0.530354 -0.028988
v 0.227487 -0.532586 -0.172508
v 0.246587 -0.487030 -0.026764
v 0.211071 -0.441781 -0.083298
v 0.221756 -0.431931 -0.025127
v 0.230247 -0.487042 0.088078
v 0.218802 -0.441779 0.033943
v 0.402443 -0.628503 0.028366
v 0.346742 -0.702563 0.293114
v 0.332896 -0.672530 0.279964
v 0.258927 -0.702618 0.370266
v 0.145965 -0.702689 0.429195
v 0.025732 -0.672724 0.438034
v 0.024921 -0.654864 0.425270
v 0.022883 -0.628746 0.394611
v 0.019083 -0.587275 0.337391
v 0.014340 -0.530524 0.265968
v 0.012093 -0.487180 0.232311
v 0.068601 -0.441874 0.196823
v 0.010424 -0.432066 0.207512
v -0.086717 -0.672792 0.429012
v -0.290243 -0.672916 0.320961
v -0.088343 -0.587341 0.324608
v -0.134870 -0.532818 0.232483
v -0.102747 -0.487250 0.215969
v -0.048641 -0.441946 0.204552
v 0.009570 -0.406733 0.194801
v -0.042800 -0.628786 0.390404
v 0.434209 -0.654602 0.004929
v 0.396989 -0.657727 0.016521
v 0.384956 -0.645769 0.028641
v 0.336618 -0.587073 0.073891
v 0.319619 -0.610366 0.074295
v 0.222918 -0.538141 0.128761
v 0.246790 -0.532579 0.120224
v 0.393497 -0.672491 0.191994
v 0.368491 -0.669353 0.176189
v 0.405843 -0.669327 0.072445
v 0.435807 -0.672463 0.077332
v 0.311076 -0.669700 0.260387
v 0.409203 -0.669237 0.017620
v 0.233217 -0.669997 0.327858
v 0.248867 -0.672585 0.354416
v 0.136322 -0.669501 0.380016
v 0.147523 -0.672648 0.412689
v 0.400704 -0.728859 -0.036594
v 0.390592 -0.728867 0.068695
v 0.453712 -0.702492 0.075768
v 0.410887 -0.702521 0.199963
v 0.351150 -0.728894 0.164268
v 0.297191 -0.728929 0.248043
v 0.371965 -0.728875 -0.139256
v 0.381710 -0.702529 -0.268600
v 0.323798 -0.728902 -0.232979
v 0.223293 -0.728976 0.312321
v 0.129877 -0.729034 0.365120
v 0.026849 -0.729098 0.388279
v 0.026833 -0.702763 0.454506
v -0.089787 -0.702836 0.447205
v -0.078745 -0.729163 0.373539
v -0.209638 -0.702908 0.399445
v -0.173959 -0.729221 0.339676
v 0.209029 -0.406605 -0.024288
v 0.188459 -0.435986 0.037426
v 0.177581 -0.400261 -0.022213
v 0.202515 -0.485206 0.094555
v 0.419485 -0.672469 -0.156910
v 0.435706 -0.702498 -0.159988
v 0.365842 -0.672500 -0.258556
v 0.399914 -0.669241 -0.091980
v 0.445007 -0.672453 -0.093807
v 0.389676 -0.657729 -0.089394
v 0.393823 -0.628506 -0.102364
v 0.376451 -0.645771 -0.100346
v 0.322622 -0.587077 -0.138374
v 0.305717 -0.610371 -0.136551
v 0.391438 -0.669331 -0.146019
v 0.339280 -0.669920 -0.242912
v 0.291290 -0.672543 -0.342678
v 0.271970 -0.669712 -0.320625
v 0.180534 -0.435988 -0.082771
v 0.186967 -0.485210 -0.141243
v 0.215308 -0.487046 -0.138466
v 0.202700 -0.538148 -0.177837
v -0.030612 -0.657999 0.389835
v -0.043066 -0.646040 0.372910
v -0.088736 -0.610624 0.307590
v -0.143406 -0.538369 0.208607
v -0.201689 -0.672863 0.382072
v -0.185884 -0.669698 0.357067
v -0.082138 -0.669636 0.394421
v -0.270926 -0.670061 0.298912
v -0.031566 -0.669518 0.404205
v -0.028053 -0.672757 0.440025
v -0.052127 -0.436137 0.174217
v -0.109225 -0.485400 0.188240
v 0.068397 -0.654837 0.416370
v 0.078043 -0.669451 0.395058
v 0.079395 -0.672691 0.432938
v 0.075324 -0.657933 0.382854
v 0.087935 -0.628704 0.381786
v 0.085920 -0.645961 0.364403
v 0.123921 -0.587209 0.310608
v 0.122105 -0.610493 0.293690
v 0.007493 -0.400370 0.163361
v 0.068067 -0.436063 0.166290
v 0.126572 -0.485255 0.172691
v 0.123795 -0.487110 0.201035
v 0.163198 -0.538179 0.188393
v 0.157863 -0.532637 0.213181
v -0.256049 0.361502 0.116322
v -0.279781 0.363190 0.007282
v -0.368663 0.443775 0.112019
v -0.348883 0.460412 0.226139
v -0.377827 0.437100 0.013748
v -0.363687 0.488162 0.232273
v -0.312809 0.504712 0.345543
v -0.186985 0.460509 0.368191
v -0.192392 0.488813 0.382938
v -0.073751 0.443952 0.370445
v 0.026078 0.467062 0.385105
v -0.192160 0.367260 0.208778
v 0.018462 0.364147 0.268627
v -0.108905 0.337883 0.198231
v -0.130450 0.315683 0.134235
v -0.181324 0.312734 0.000793
v -0.381648 0.443771 -0.084877
v -0.377021 0.460403 -0.200607
v -0.392746 0.493451 -0.204498
v -0.356940 0.504698 -0.323719
v -0.235178 0.460494 -0.362682
v -0.245499 0.488426 -0.378067
v -0.123222 0.443937 -0.379791
v -0.024825 0.437326 -0.387146
v -0.245271 0.373102 -0.212582
v -0.018435 0.359411 -0.290958
v -0.078601 0.343794 -0.239384
v -0.011872 0.315499 -0.191853
v -0.211456 0.339297 -0.122662
v -0.225399 0.441281 0.246017
v -0.285038 0.417532 0.126698
v -0.370382 0.494001 0.112282
v -0.300189 0.405990 0.008629
v -0.186956 0.509958 0.369713
v -0.099549 0.417643 0.285187
v 0.024957 0.488461 0.368313
v 0.019777 0.410283 0.289005
v -0.300672 0.417527 -0.110409
v -0.257217 0.439250 -0.236530
v -0.235352 0.509574 -0.364204
v -0.137600 0.417631 -0.291882
v -0.025088 0.488446 -0.390636
v -0.019805 0.404270 -0.311340
v -0.194741 0.339302 0.123695
v -0.189199 0.354674 0.116306
v -0.242385 0.378738 0.108715
v -0.124265 0.331062 0.127167
v -0.386210 0.472572 0.117985
v -0.396320 0.466809 0.014969
v -0.379541 0.488219 0.013859
v -0.349838 0.509312 0.222111
v -0.321465 0.532849 0.355583
v -0.399825 0.472393 -0.088490
v -0.383385 0.493822 -0.084915
v -0.380960 0.510004 -0.198044
v -0.228190 0.344930 0.067459
v -0.219592 0.360310 0.065056
v -0.092910 0.365643 0.259460
v -0.102235 0.353257 0.192028
v -0.077309 0.470903 0.389725
v -0.073745 0.492325 0.373268
v -0.309052 0.552526 0.341404
v -0.047954 0.343803 0.225399
v -0.046832 0.358098 0.216980
v -0.087571 0.376770 0.245888
v 0.011903 0.315506 0.168713
v -0.270251 0.361498 -0.104744
v -0.204229 0.354670 -0.111641
v -0.139938 0.331058 -0.133980
v -0.236539 0.344928 -0.059143
v -0.227699 0.360307 -0.057892
v -0.257343 0.374561 -0.098537
v -0.173411 0.328241 0.000271
v -0.125784 0.362979 -0.261818
v -0.136816 0.343603 -0.203243
v -0.128031 0.354838 -0.199177
v -0.147208 0.315678 -0.141304
v -0.129206 0.472371 -0.397320
v -0.123513 0.493794 -0.381477
v -0.366840 0.532974 -0.332535
v -0.352671 0.552651 -0.320110
v -0.119669 0.379516 -0.252357
v -0.076157 0.359169 -0.230736
v -0.011359 0.331001 -0.183929
v 0.279807 0.363536 -0.029617
v 0.270599 0.361827 0.081596
v 0.381573 0.444240 0.062553
v 0.376926 0.460861 0.178280
v 0.399715 0.473058 0.066166
v 0.377760 0.437568 -0.036076
v 0.356789 0.505127 0.301388
v 0.366655 0.533274 0.310207
v 0.235084 0.460770 0.340359
v 0.242346 0.489082 0.354271
v 0.129172 0.471031 0.376110
v 0.123147 0.444074 0.357460
v 0.024759 0.437342 0.364819
v 0.219396 0.367514 0.181637
v 0.078651 0.343882 0.217049
v 0.135513 0.338035 0.182114
v 0.210819 0.339553 0.096954
v 0.181412 0.312958 -0.023129
v 0.228238 0.345215 -0.089790
v 0.368590 0.444236 -0.134346
v 0.348787 0.460852 -0.248470
v 0.386100 0.472880 -0.140316
v 0.363825 0.493920 -0.254387
v 0.312659 0.505113 -0.367867
v 0.321281 0.533400 -0.377911
v 0.186890 0.460755 -0.390514
v 0.077274 0.472499 -0.410934
v 0.073676 0.444059 -0.392776
v -0.026182 0.467046 -0.407433
v 0.216712 0.373389 -0.243046
v 0.195039 0.339548 -0.149464
v 0.257148 0.441579 0.214195
v 0.300631 0.417894 0.088078
v 0.377286 0.509762 0.174168
v 0.300161 0.406361 -0.030960
v 0.235196 0.510219 0.341881
v 0.137559 0.417790 0.269550
v 0.123452 0.492447 0.360268
v 0.284996 0.417889 -0.149029
v 0.352967 0.510458 -0.246437
v 0.225330 0.439548 -0.268349
v 0.099508 0.417778 -0.307518
v 0.073684 0.493916 -0.394478
v 0.256033 0.379047 0.075848
v 0.204334 0.354918 0.090359
v 0.383247 0.494468 0.062592
v 0.379412 0.488688 -0.036190
v 0.396217 0.467299 -0.037292
v 0.392375 0.488630 0.182419
v 0.370245 0.494289 -0.134605
v 0.308843 0.553060 -0.363728
v 0.236587 0.345218 0.036816
v 0.227728 0.360587 0.035561
v 0.173480 0.328456 -0.022606
v 0.128068 0.353399 0.176842
v 0.141419 0.331227 0.109650
v 0.148497 0.315855 0.115841
v 0.352463 0.552934 0.297787
v 0.127664 0.365779 0.244915
v 0.120575 0.376899 0.232162
v 0.076415 0.358174 0.208855
v 0.011325 0.331008 0.160091
v 0.189304 0.354913 -0.137589
v 0.122664 0.331221 -0.151295
v 0.128928 0.315849 -0.159515
v 0.255650 0.361823 -0.139420
v 0.243654 0.374871 -0.131573
v 0.219621 0.360584 -0.087383
v 0.102271 0.354981 -0.214363
v 0.110458 0.343757 -0.219547
v 0.195066 0.488699 -0.407116
v 0.186801 0.509835 -0.392044
v 0.048003 0.343872 -0.247726
v 0.046697 0.359245 -0.238838
v 0.086968 0.379644 -0.265984
v 0.091808 0.363114 -0.276165
v -0.479795 0.756224 -0.040447
v -0.450605 0.820514 -0.035336
v -0.397237 0.913714 -0.039494
v -0.390079 0.913717 0.069061
v -0.478823 0.627938 0.020405
v -0.357096 0.973812 0.072960
v -0.350103 1.042609 -0.057404
v -0.352116 1.096597 -0.069927
v -0.341354 1.096600 0.093292
v -0.358640 1.171691 0.092834
v -0.370869 1.196839 0.059086
v -0.376884 1.196837 -0.032143
v -0.380896 1.214917 0.013935
v -0.447816 0.561405 0.018364
v -0.446536 0.561914 -0.099339
v -0.383621 0.487937 0.014130
v -0.381543 0.488154 -0.086449
v -0.405003 0.565207 -0.210274
v -0.346347 0.488149 -0.181122
v -0.298084 0.488094 -0.270741
v -0.342799 0.550361 -0.309895
v -0.231741 0.421367 -0.056721
v -0.235722 0.421363 0.004379
v -0.212083 0.421361 -0.114708
v -0.178088 0.421326 -0.165630
v -0.452967 0.614870 0.135979
v -0.431092 0.561919 0.134872
v -0.368354 0.488158 0.113564
v -0.375350 0.563979 0.239391
v -0.321033 0.488157 0.202789
v -0.293325 0.555690 0.321667
v -0.196652 0.421366 0.119324
v -0.223753 0.421369 0.064423
v -0.254488 0.561990 -0.388943
v -0.217326 0.488232 -0.333443
v -0.126342 0.488317 -0.377682
v -0.147697 0.562106 -0.440369
v -0.027207 0.488379 -0.397442
v -0.031225 0.563714 -0.457664
v 0.083508 0.562249 -0.456013
v 0.084247 0.616570 -0.473125
v -0.033022 0.617495 -0.484436
v 0.073665 0.488441 -0.390865
v 0.196784 0.568023 -0.412483
v 0.169670 0.488471 -0.358963
v 0.043979 0.421540 -0.241112
v -0.017120 0.421503 -0.245090
v 0.101965 0.421558 -0.221451
v 0.152889 0.421531 -0.187454
v -0.034145 0.698085 -0.500755
v 0.027387 0.755016 -0.490761
v 0.026458 0.909622 -0.406334
v -0.082095 0.909555 -0.399178
v -0.093501 1.037640 -0.346493
v 0.056780 1.096856 -0.361053
v -0.075204 1.193757 -0.377926
v -0.334420 1.227099 -0.019440
v -0.330439 1.227100 0.040920
v -0.356081 1.232549 0.012299
v -0.292464 1.214531 0.070286
v -0.254568 1.190350 0.089874
v -0.265633 1.190346 -0.077938
v -0.244498 1.165027 -0.088985
v -0.212382 1.047596 0.056931
v -0.219487 1.047593 -0.050812
v -0.245574 0.938077 -0.040359
v -0.239616 0.938079 0.050003
v -0.325550 0.758545 -0.036545
v -0.328255 0.704036 0.069557
v -0.336013 0.704034 -0.048100
v -0.212162 0.498614 -0.026173
v -0.177835 0.492764 -0.131973
v -0.254862 0.606623 -0.232800
v -0.189732 0.497465 0.086357
v -0.270315 0.614598 0.184155
v -0.223553 0.606633 0.242008
v -0.144051 0.489226 0.151360
v -0.099144 0.497527 -0.199055
v -0.115670 0.656714 -0.320683
v 0.013386 0.498758 -0.221481
v 0.154702 0.619452 -0.300072
v 0.097786 0.496489 -0.200844
v 0.218238 0.607583 -0.262154
v 0.035126 0.706591 -0.346115
v 0.023913 0.766117 -0.329952
v 0.022482 0.860216 -0.288528
v 0.027185 0.933683 -0.256527
v 0.041001 1.059574 -0.229679
v -0.107160 1.166063 -0.244431
v 0.053127 1.207292 -0.301258
v 0.013292 1.225224 -0.342995
v -0.293624 0.615828 -0.169308
v -0.325312 0.658476 -0.083141
v -0.468368 0.615627 -0.097565
v -0.478038 0.652194 -0.071903
v -0.196899 0.618946 -0.277802
v -0.148837 0.615071 -0.462215
v -0.082530 0.706518 -0.338356
v -0.129885 0.651921 -0.479515
v -0.110592 0.690525 -0.491638
v -0.093911 0.754940 -0.482761
v -0.069364 0.766059 -0.323799
v -0.084954 0.822086 -0.453079
v -0.062624 0.860163 -0.282917
v -0.063174 0.933627 -0.250565
v -0.086112 0.971086 -0.367298
v -0.067212 1.004986 -0.230232
v -0.073502 1.059502 -0.222130
v -0.091809 1.120644 -0.231197
v -0.106439 1.096754 -0.350288
v -0.114071 1.152588 -0.360680
v -0.095103 1.207200 -0.291485
v -0.223629 1.096388 -0.071602
v -0.360389 1.140688 -0.080490
v -0.365052 0.973809 -0.047703
v -0.279842 0.860364 -0.035461
v -0.490515 0.700769 -0.055878
v -0.369194 1.171687 -0.067200
v -0.300629 1.214529 -0.053543
v -0.313044 0.657719 0.102894
v -0.480398 0.700772 0.097553
v -0.471797 0.756227 0.080853
v -0.319400 0.758547 0.056732
v -0.443531 0.820517 0.071945
v -0.274230 0.860366 0.049644
v -0.341001 1.042612 0.080620
v -0.213758 1.096391 0.078087
v -0.348167 1.140691 0.104851
v -0.232163 1.165031 0.098053
v 0.070361 0.656829 -0.332947
v 0.063602 0.652041 -0.492271
v 0.042838 0.690620 -0.501755
v 0.022324 0.822153 -0.460152
v 0.034551 0.971160 -0.375252
v 0.044525 1.037725 -0.355595
v 0.033770 1.005048 -0.236885
v 0.057885 1.120737 -0.241070
v 0.071311 1.166173 -0.256199
v 0.062758 1.152698 -0.372341
v 0.022067 1.193817 -0.384338
v -0.025075 1.231206 -0.366554
v -0.027082 1.214441 -0.388718
v -0.077167 0.421465 -0.233116
v -0.132069 0.421413 -0.206017
v -0.465857 0.650958 0.112812
v -0.031294 0.756492 0.466854
v -0.026221 0.820767 0.437626
v -0.046686 0.701032 0.477604
v 0.029640 0.628242 0.465954
v 0.089592 1.042873 0.327888
v -0.048435 1.042788 0.336990
v -0.060989 1.096768 0.338974
v 0.113763 1.140973 0.334991
v -0.058312 1.171872 0.356003
v 0.101722 1.171971 0.345448
v 0.067957 1.197105 0.357662
v 0.121026 0.652554 0.453045
v 0.145223 0.615995 0.440109
v 0.027639 0.561690 0.434990
v 0.144149 0.562268 0.418266
v 0.023454 0.488182 0.370838
v 0.122886 0.488456 0.355576
v 0.248669 0.565599 0.362522
v 0.212119 0.488484 0.308250
v 0.294627 0.488450 0.248634
v 0.339266 0.550770 0.287785
v 0.073792 0.421550 0.211010
v 0.013746 0.421513 0.222980
v 0.128695 0.421566 0.183910
v 0.174714 0.421538 0.143517
v -0.088322 0.615090 0.455505
v -0.090060 0.562124 0.433708
v -0.077121 0.488333 0.368763
v -0.171796 0.488247 0.333561
v -0.255165 0.488110 0.278168
v -0.105339 0.421421 0.199337
v -0.047353 0.421476 0.219002
v -0.156262 0.421333 0.165344
v 0.406028 0.562386 0.189850
v 0.346182 0.488570 0.160343
v 0.378087 0.488620 0.064342
v 0.442989 0.562460 0.077232
v 0.384659 0.488626 -0.036530
v 0.444837 0.564000 -0.040501
v 0.428133 0.562456 -0.154022
v 0.471578 0.617798 -0.042267
v 0.364898 0.488616 -0.135666
v 0.370104 0.568126 -0.260609
v 0.320662 0.488562 -0.226654
v 0.257961 0.488439 -0.307411
v 0.220379 0.421647 -0.086536
v 0.232348 0.421653 -0.026485
v 0.193277 0.421612 -0.141438
v 0.464754 0.615439 0.075466
v 0.479396 0.652287 0.054382
v 0.466637 0.652283 -0.139103
v 0.487848 0.698398 -0.043346
v 0.478734 0.690881 -0.119789
v 0.488851 0.690885 0.033642
v 0.447170 0.822407 0.013210
v 0.386144 0.909839 -0.091148
v 0.393302 0.909841 0.017399
v 0.354226 0.971352 -0.095131
v 0.362182 0.971355 0.025536
v 0.347908 1.097026 0.047844
v 0.359173 1.152872 0.054012
v 0.364723 1.194023 -0.084080
v -0.010590 1.227292 0.321194
v 0.049773 1.227330 0.317215
v 0.098752 1.190565 0.241364
v 0.106949 1.165238 0.218979
v -0.080093 1.165122 0.231312
v -0.026373 0.860514 0.266834
v 0.058734 0.860567 0.261223
v 0.065883 0.758781 0.306454
v -0.038911 0.704210 0.323105
v 0.040887 0.498766 0.195568
v 0.141267 0.492955 0.147644
v 0.251260 0.606927 0.210701
v -0.073615 0.497535 0.188107
v 0.197427 0.497705 0.060829
v 0.204886 0.498873 -0.053673
v 0.307799 0.656972 -0.124886
v 0.173347 0.496534 -0.134632
v 0.137026 0.489406 -0.169395
v 0.325446 0.706765 -0.091717
v 0.333204 0.706767 0.025940
v 0.275525 0.860366 0.013397
v 0.223798 1.005161 0.024773
v 0.209007 1.059675 -0.082458
v 0.216557 1.059678 0.032043
v 0.218040 1.120834 -0.100731
v 0.243012 1.166273 0.062420
v 0.329773 1.225412 0.004436
v 0.324867 1.225411 -0.069969
v 0.193400 0.616122 0.257458
v 0.112108 0.658739 0.300159
v 0.288250 0.619237 0.147324
v 0.320066 0.656976 0.061146
v 0.477816 0.755284 0.018230
v 0.317004 0.766291 0.014763
v 0.243475 0.933811 0.018143
v 0.342482 1.037902 0.035549
v 0.227911 1.120837 0.048962
v 0.288046 1.207430 0.044262
v 0.371137 1.194025 0.013195
v 0.353257 1.231434 -0.035030
v 0.375502 1.214683 -0.035946
v 0.087026 1.096574 0.200615
v 0.102231 1.096869 0.328205
v 0.065899 1.047765 0.199265
v 0.059038 0.938261 0.226566
v 0.081979 0.974078 0.344021
v 0.078112 0.914000 0.377037
v 0.081058 0.820833 0.430550
v 0.090004 0.756567 0.458855
v 0.078745 0.704283 0.315346
v 0.106744 0.701127 0.467487
v 0.022796 1.215160 0.367680
v -0.160065 0.614665 0.280766
v -0.200997 0.564084 0.392174
v -0.073922 0.657862 0.312431
v -0.027395 0.758723 0.312607
v -0.030441 0.913933 0.384197
v -0.031321 0.938205 0.232521
v -0.038684 0.974003 0.351982
v -0.041843 1.047698 0.206371
v -0.062669 1.096481 0.210480
v -0.071584 1.140858 0.347214
v -0.069059 1.190461 0.252430
v -0.023267 1.197049 0.363678
v 0.021148 1.232776 0.342854
v 0.290386 0.555626 -0.344456
v 0.264159 0.619518 -0.204159
v 0.444967 0.616787 -0.157040
v 0.469817 0.755282 -0.103065
v 0.310853 0.766290 -0.078514
v 0.440096 0.822404 -0.094063
v 0.269913 0.860364 -0.071712
v 0.237517 0.933809 -0.072212
v 0.333380 1.037899 -0.102474
v 0.217140 1.005159 -0.076210
v 0.337145 1.097023 -0.115379
v 0.231244 1.166269 -0.116051
v 0.347513 1.152869 -0.122814
v 0.278272 1.207427 -0.103966
v 0.228368 0.421650 0.034611
v 0.208710 0.421617 0.092594
v -0.063689 0.651200 0.465221
v -0.051353 0.533842 -0.505920
v -0.052930 0.580385 -0.529400
v -0.095737 0.590350 -0.517765
v -0.138553 0.537757 -0.476971
v -0.122784 0.479461 -0.453671
v -0.179458 0.488350 -0.432579
v -0.045047 0.414557 -0.411385
v -0.193801 0.425073 -0.358372
v 0.038886 0.537868 -0.488670
v 0.026386 0.479553 -0.463505
v -0.042093 0.391861 -0.366798
v 0.064763 0.428541 -0.396568
v 0.128095 0.456208 -0.404797
v 0.083345 0.422072 -0.385155
v 0.109367 0.425261 -0.378365
v 0.130324 0.438209 -0.378357
v -0.200996 0.446195 -0.330978
v -0.233802 0.469418 -0.341438
v -0.226577 0.452849 -0.367981
v -0.173132 0.444823 -0.341114
v -0.168546 0.420879 -0.367508
v -0.152114 0.428173 -0.382790
v -0.156326 0.453500 -0.356964
v -0.146215 0.461476 -0.370262
v -0.141462 0.436390 -0.395748
v -0.215873 0.455996 -0.382118
v -0.181449 0.515787 -0.411915
v -0.139491 0.566412 -0.460880
v -0.099340 0.614210 -0.491215
v -0.052690 0.668620 -0.524910
v -0.037779 0.400415 -0.301308
v -0.039414 0.380508 -0.326283
v -0.221765 0.479702 -0.359562
v -0.223307 0.457063 -0.330502
v 0.136866 0.479924 -0.383209
v 0.091120 0.444987 -0.358543
v 0.120071 0.446394 -0.352150
v 0.142208 0.459299 -0.354603
v -0.001950 0.614270 -0.497639
v 0.151071 0.468559 -0.366814
v 0.140443 0.451979 -0.392185
v 0.071768 0.453641 -0.371456
v 0.085326 0.488514 -0.450047
v 0.089980 0.515956 -0.429817
v 0.041893 0.566524 -0.472839
v -0.008980 0.590404 -0.523487
v -0.054083 0.645086 -0.546272
v 0.060589 0.461604 -0.383900
v 0.052562 0.436511 -0.408543
v 0.490342 0.534168 -0.057491
v 0.513798 0.580726 -0.059040
v 0.438123 0.479800 -0.128956
v 0.367275 0.428489 -0.158318
v 0.395881 0.414822 -0.051258
v 0.366584 0.456352 -0.222057
v 0.342862 0.425401 -0.200008
v 0.447958 0.479803 0.020218
v 0.351308 0.392097 -0.048321
v 0.434493 0.488719 0.079163
v 0.381052 0.428727 0.058556
v 0.362853 0.425408 0.103161
v 0.362837 0.438342 0.124123
v 0.376656 0.452114 0.134251
v 0.315454 0.446511 -0.207191
v 0.325897 0.469762 -0.239979
v 0.352454 0.453204 -0.232765
v 0.325591 0.445128 -0.179329
v 0.351998 0.421196 -0.174759
v 0.341437 0.453803 -0.162514
v 0.354728 0.461781 -0.152401
v 0.380228 0.436708 -0.147663
v 0.344017 0.480049 -0.227936
v 0.417033 0.488713 -0.185627
v 0.445284 0.566766 -0.145607
v 0.475589 0.614557 -0.105427
v 0.502157 0.590711 -0.101837
v 0.530629 0.645437 -0.060150
v 0.396349 0.516140 -0.187595
v 0.314968 0.457393 -0.229496
v 0.285807 0.400610 -0.044003
v 0.355926 0.453807 0.065578
v 0.367665 0.480056 0.130692
v 0.343016 0.445133 0.084923
v 0.336625 0.446518 0.113880
v 0.339068 0.459410 0.136024
v 0.482011 0.614559 -0.008038
v 0.351276 0.468672 0.144890
v 0.369645 0.422239 0.077137
v 0.368365 0.461785 0.054405
v 0.393021 0.436712 0.046364
v 0.389266 0.456359 0.121906
v 0.414247 0.516146 0.083832
v 0.473090 0.538125 0.032753
v 0.457244 0.566770 0.035778
v 0.507877 0.590713 -0.015079
v 0.509254 0.668958 -0.058739
v 0.310796 0.380719 -0.045647
v -0.499781 0.533554 0.035778
v -0.523295 0.580083 0.037327
v -0.470834 0.537540 0.122971
v -0.447495 0.479248 0.107239
v -0.426416 0.488185 0.163902
v -0.376585 0.428024 0.136600
v -0.405172 0.414325 0.029545
v -0.352168 0.424964 0.178288
v -0.349411 0.435891 0.199104
v -0.517387 0.590079 -0.006630
v -0.457331 0.479245 -0.041931
v -0.360571 0.391656 0.026600
v -0.443877 0.488180 -0.100876
v -0.378947 0.421780 -0.098854
v -0.372159 0.424958 -0.124882
v -0.372159 0.437893 -0.145844
v -0.324313 0.456990 0.207775
v -0.361794 0.452754 0.211048
v -0.334921 0.444713 0.157604
v -0.361299 0.420749 0.153034
v -0.389547 0.436226 0.125938
v -0.375927 0.455885 0.200344
v -0.405766 0.515637 0.165882
v -0.485128 0.613960 0.083717
v -0.511666 0.590081 0.080132
v -0.518859 0.668320 0.037029
v -0.295082 0.400249 0.022282
v -0.320046 0.380328 0.023930
v -0.350778 0.453369 0.140793
v -0.353390 0.479609 0.206219
v -0.324786 0.446108 0.185471
v -0.335257 0.469344 0.218266
v -0.364078 0.461331 0.130680
v -0.423664 0.515632 -0.105549
v -0.454763 0.566205 0.123894
v -0.352346 0.444707 -0.106647
v -0.345957 0.446101 -0.135597
v -0.348416 0.458992 -0.157738
v -0.491550 0.613958 -0.013676
v -0.390363 0.428253 -0.080280
v -0.365266 0.453365 -0.087296
v -0.377715 0.461327 -0.076118
v -0.398609 0.455878 -0.143623
v -0.377037 0.479602 -0.152409
v -0.385994 0.451649 -0.155968
v -0.360636 0.468238 -0.166607
v -0.466724 0.566201 -0.057491
v -0.540206 0.644774 0.038441
v -0.402341 0.436223 -0.068077
v 0.041914 0.533879 0.484203
v 0.043433 0.580423 0.507687
v 0.113411 0.479588 0.431950
v 0.170074 0.488549 0.410866
v 0.035754 0.414591 0.389668
v 0.206530 0.456241 0.360394
v 0.159247 0.421066 0.345787
v -0.048331 0.537794 0.466957
v -0.035759 0.479496 0.441784
v 0.032828 0.391893 0.345081
v -0.094709 0.488385 0.428329
v -0.074073 0.428439 0.374847
v -0.137439 0.456029 0.383080
v -0.092646 0.421948 0.363434
v -0.118673 0.425105 0.356644
v -0.139646 0.438027 0.356640
v 0.191664 0.446425 0.309261
v 0.184495 0.425293 0.336655
v 0.213963 0.457320 0.308777
v 0.142806 0.428340 0.361069
v 0.217237 0.453109 0.346264
v 0.172031 0.515990 0.390198
v 0.130010 0.566560 0.439167
v 0.089802 0.614307 0.469501
v 0.086228 0.590442 0.496056
v 0.044506 0.645125 0.524563
v 0.136865 0.461636 0.348541
v 0.030163 0.380538 0.304558
v 0.132143 0.436544 0.374027
v 0.146986 0.453673 0.335247
v 0.212391 0.479956 0.337845
v 0.163804 0.445018 0.319397
v 0.224442 0.469688 0.319721
v -0.099399 0.515822 0.408100
v -0.051373 0.566447 0.451126
v -0.069939 0.461508 0.362179
v 0.028504 0.400444 0.279583
v -0.081108 0.453531 0.349735
v -0.129404 0.446226 0.330433
v -0.007589 0.614247 0.475925
v -0.151554 0.459103 0.332882
v -0.160430 0.468352 0.345097
v -0.149781 0.451785 0.370468
v -0.100450 0.444854 0.336819
v -0.061882 0.436424 0.386818
v -0.146238 0.479734 0.361492
v -0.000530 0.590389 0.501774
v 0.043083 0.668659 0.503201
v -0.113871 -0.060690 0.043190
v -0.136050 0.005202 0.054123
v -0.138570 0.190724 0.042789
v -0.079929 0.190763 -0.135277
v -0.126503 0.004180 -0.092388
v -0.014252 0.190804 -0.158630
v -0.113937 0.202411 0.042686
v -0.112179 0.228341 0.042278
v -0.106353 0.228347 -0.078747
v -0.060714 0.228375 -0.120296
v -0.136079 0.286417 0.053364
v -0.101400 0.286438 0.100418
v -0.044045 0.286473 0.133541
v -0.085389 0.292530 0.104225
v 0.119618 -0.066005 0.031273
v 0.111227 -0.011271 0.028324
v 0.135438 0.190893 0.024723
v 0.139479 0.190897 -0.039562
v 0.109162 0.228478 0.027679
v 0.036796 0.228436 -0.126724
v 0.106056 0.247363 0.086731
v -0.014393 0.247293 -0.160236
v 0.044498 0.244445 -0.154621
v 0.053532 0.286533 0.127106
v 0.106009 0.286569 -0.111412
v -0.092643 -1.261214 -0.050648
v 0.022065 -0.657950 -0.415230
v -0.429984 -0.655137 -0.026852
v -0.019348 -0.654892 0.422150
v -0.061115 1.225178 -0.338089
v 0.079149 1.214756 0.279247
v -0.044682 1.214679 0.287411
v -0.214621 0.435985 -0.355614
v 0.340093 0.436325 -0.220821
v 0.461389 0.538121 -0.144684
v -0.482534 0.537536 -0.054466
v 0.205303 0.436231 0.333889
v 0.129107 0.537904 0.455254
vn -0.5287 -0.5064 -0.6812
vn -0.3320 -0.4960 -0.8024
vn -0.1128 -0.5087 -0.8535
vn -0.5326 0.6289 0.5664
vn -0.6403 0.4677 0.6093
vn -0.2862 0.4591 0.8410
vn -0.5480 0.6732 0.4965
vn -0.5635 0.7570 0.3308
vn -0.4721 0.7448 0.4716
vn -0.7340 0.6694 0.1149
vn -0.8377 0.4680 -0.2814
vn -0.8534 0.4705 0.2242
vn 0.1858 0.6706 0.7181
vn 0.0691 0.1681 0.9833
vn 0.5426 0.1785 0.8208
vn -0.1673 0.7636 0.6236
vn -0.3086 0.6798 0.6653
vn -0.3217 0.7447 0.5847
vn 0.7550 0.6290 0.1854
vn 0.8761 0.1589 0.4552
vn 0.9877 0.1472 -0.0531
vn -0.1397 -0.9054 0.4009
vn -0.2498 -0.9200 0.3019
vn -0.2394 -0.9247 0.2959
vn 0.5844 0.7360 -0.3418
vn 0.8288 0.1567 -0.5372
vn 0.4581 0.1595 -0.8745
vn -0.2479 0.9240 -0.2911
vn -0.1387 0.9056 -0.4007
vn -0.0733 0.9752 -0.2090
vn -0.2286 0.6033 -0.7640
vn -0.0616 0.1475 -0.9871
vn -0.5402 0.1603 -0.8262
vn 0.2171 0.9334 0.2858
vn 0.0463 0.9350 0.3517
vn 0.0456 0.9350 0.3518
vn -0.4708 0.7382 -0.4830
vn -0.3246 0.6621 -0.6754
vn -0.3289 0.7514 -0.5720
vn -0.7873 -0.5166 -0.3365
vn -0.6961 -0.4959 -0.5191
vn -0.5185 -0.5125 -0.6844
vn 0.3799 0.2711 -0.8844
vn 0.7803 0.1690 -0.6022
vn 0.8277 0.2017 -0.5236
vn 0.3324 0.9329 0.1384
vn 0.3691 0.9282 -0.0472
vn 0.3326 0.9329 0.1379
vn -0.6068 0.7799 -0.1533
vn -0.6990 0.6804 -0.2199
vn -0.5810 0.7470 -0.3232
vn -0.0037 0.7355 -0.6776
vn -0.2011 0.7175 -0.6669
vn -0.2119 0.7564 -0.6189
vn -0.0587 0.1513 -0.9867
vn 0.3149 -0.5336 -0.7849
vn -0.0925 -0.4962 -0.8632
vn 0.0133 0.2626 0.9648
vn 0.5726 0.3327 0.7493
vn 0.6249 0.2574 0.7370
vn -0.3393 0.2227 -0.9139
vn 0.0192 0.2766 -0.9608
vn -0.3748 0.2672 -0.8878
vn 0.5519 -0.4995 -0.6677
vn 0.3128 -0.5335 -0.7858
vn 0.4748 0.1301 -0.8704
vn -0.2127 0.9372 -0.2766
vn -0.0462 0.9348 -0.3522
vn -0.0463 0.9346 -0.3527
vn -0.3522 0.8962 -0.2699
vn -0.2143 0.9628 -0.1648
vn 0.2209 0.9333 0.2830
vn -0.4373 0.8974 -0.0576
vn -0.3542 0.9341 0.0455
vn -0.3539 0.9340 0.0482
vn 0.1312 0.9379 -0.3212
vn -0.3041 0.9251 0.2276
vn -0.1225 0.9478 0.2945
vn -0.1231 0.9477 0.2946
vn -0.2762 0.9373 0.2126
vn -0.2757 0.9375 0.2125
vn -0.5841 0.4282 -0.6896
vn -0.8430 0.4652 -0.2702
vn -0.7932 -0.5577 -0.2446
vn -0.8527 -0.5185 0.0639
vn -0.7991 -0.5562 0.2283
vn -0.1324 0.9381 0.3201
vn -0.1337 0.9381 0.3196
vn -0.6921 -0.5245 0.4959
vn -0.6028 -0.5393 0.5880
vn -0.2433 0.9675 -0.0693
vn -0.3133 0.6100 -0.7278
vn -0.1997 0.9711 -0.1310
vn 0.1611 0.7107 -0.6849
vn 0.4323 0.8836 0.1801
vn 0.1931 0.6946 -0.6929
vn -0.0271 0.7294 -0.6836
vn 0.2190 0.7614 -0.6102
vn 0.8789 0.3629 0.3096
vn 0.9252 0.2247 0.3058
vn -0.0277 0.6782 0.7344
vn 0.0167 0.7584 0.6516
vn 0.7652 0.3455 -0.5433
vn 0.4197 0.3170 -0.8505
vn -0.6153 0.7702 0.1679
vn -0.7302 0.6825 0.0310
vn -0.6515 0.7581 -0.0303
vn 0.9219 0.3696 -0.1163
vn 0.7493 -0.3250 0.5770
vn 0.6751 -0.5221 0.5211
vn 0.7552 -0.3048 0.5803
vn 0.8023 0.4888 0.3427
vn 0.5209 0.6655 0.5345
vn 0.6543 0.6552 0.3776
vn 0.3340 0.6702 0.6628
vn 0.1589 0.7637 0.6257
vn 0.3148 0.7533 0.5775
vn -0.0192 0.2766 -0.9608
vn 0.3393 0.2227 -0.9139
vn 0.1856 0.7382 0.6485
vn 0.3603 0.7106 0.6044
vn 0.9915 0.0894 -0.0946
vn -0.7652 0.3452 -0.5434
vn -0.8278 0.2014 -0.5236
vn 0.5976 0.1239 0.7922
vn 0.9362 0.1080 0.3345
vn -0.6708 0.7194 0.1804
vn -0.7076 0.4722 -0.5256
vn -0.7435 0.6458 -0.1738
vn -0.8957 0.4354 -0.0904
vn -0.3408 -0.4949 0.7994
vn -0.2810 -0.4965 0.8213
vn -0.6023 0.7189 0.3469
vn -0.3325 0.4494 -0.8291
vn -0.2271 0.6649 -0.7116
vn -0.3452 0.7187 -0.6036
vn 0.5082 0.4693 0.7222
vn 0.8316 0.1532 -0.5338
vn 0.8374 -0.5333 -0.1198
vn 0.7017 -0.5058 -0.5019
vn 0.3244 0.4514 -0.8313
vn 0.4717 0.7453 0.4713
vn -0.0088 0.4384 -0.8987
vn 0.2268 0.6799 -0.6974
vn 0.0496 0.7194 -0.6928
vn -0.5071 0.4703 0.7222
vn -0.6812 0.6582 0.3205
vn -0.5186 0.6694 -0.5318
vn -0.6549 0.7372 -0.1660
vn 0.6883 0.4897 -0.5352
vn 0.2925 0.6506 -0.7009
vn 0.5778 0.7446 0.3343
vn 0.6718 0.7184 0.1804
vn 0.6448 0.7447 0.1724
vn -0.0007 0.7632 0.6462
vn 0.0010 0.7478 0.6640
vn 0.4902 0.7202 0.4909
vn -0.0053 0.4670 0.8843
vn -0.0260 0.2825 0.9589
vn -0.0808 -0.9257 -0.3695
vn -0.1229 -0.9476 -0.2948
vn -0.0540 -0.9686 -0.2427
vn -0.8400 0.4231 0.3397
vn -0.7361 0.6575 0.1610
vn 0.0098 0.4391 -0.8984
vn -0.0074 0.4652 0.8852
vn -0.2119 0.6738 0.7079
vn 0.2112 0.6677 0.7138
vn -0.0159 0.6757 0.7370
vn 0.6672 0.7449 -0.0000
vn 0.7222 0.6626 -0.1984
vn 0.7454 0.6665 0.0087
vn -0.0006 0.1780 0.9840
vn -0.6953 0.7187 -0.0000
vn -0.3479 0.7184 0.6023
vn 0.3450 0.7487 -0.5660
vn 0.4917 0.7197 -0.4902
vn 0.3550 0.7131 -0.6046
vn 0.7262 0.6619 0.1860
vn 0.8642 0.4911 -0.1096
vn 0.5802 0.7428 -0.3342
vn 0.5147 0.6726 -0.5316
vn 0.6645 0.6595 -0.3514
vn -0.9293 0.3485 -0.1220
vn -0.9252 0.2248 0.3057
vn -0.9729 0.2072 -0.1030
vn -0.5639 0.3377 0.7537
vn -0.0133 0.2626 0.9648
vn -0.6249 0.2574 0.7371
vn 0.0057 0.3248 -0.9458
vn -0.0057 0.3248 -0.9458
vn -0.4113 0.3432 -0.8444
vn -0.8874 0.3450 0.3057
vn -0.7803 0.1690 -0.6022
vn 0.9718 0.2122 -0.1032
vn 0.3667 -0.2853 0.8855
vn 0.3435 -0.4924 0.7997
vn 0.3721 -0.2657 0.8894
vn 0.6448 0.7447 -0.1724
vn -0.1948 0.7384 0.6457
vn 0.4718 0.7431 -0.4747
vn 0.1048 -0.4876 0.8667
vn 0.6024 0.7184 -0.3479
vn -0.6044 0.7105 -0.3603
vn 0.6956 0.7184 -0.0000
vn 0.6721 0.7182 -0.1802
vn 0.6030 0.7180 0.3476
vn -0.4917 0.7197 -0.4902
vn -0.9362 0.1081 0.3345
vn -0.9915 0.0894 -0.0945
vn 0.0006 0.1780 0.9840
vn -0.5976 0.1239 0.7922
vn 0.0682 -0.9964 -0.0509
vn 0.0704 -0.9973 0.0201
vn 0.0758 -0.9969 0.0223
vn 0.0553 -0.9976 -0.0413
vn -0.3128 -0.9234 -0.2226
vn -0.3167 -0.9223 -0.2213
vn 0.0664 0.9970 0.0391
vn -0.2502 0.9227 -0.2933
vn 0.0676 0.9973 -0.0274
vn 0.0660 0.9970 0.0396
vn -0.0144 0.7138 -0.7003
vn -0.9358 0.3284 -0.1280
vn -0.4931 0.4802 -0.7254
vn -0.9394 0.3235 -0.1131
vn 0.2846 0.9336 -0.2177
vn 0.3689 0.9282 -0.0496
vn -0.3133 0.9218 0.2281
vn 0.2819 0.9336 -0.2214
vn -0.0817 0.9256 0.3695
vn -0.0547 0.9687 0.2422
vn 0.7615 -0.6100 0.2191
vn 0.9292 -0.3172 -0.1897
vn 0.9047 -0.3084 0.2938
vn -0.3425 -0.9306 0.1289
vn -0.2958 -0.9331 0.2046
vn -0.3490 -0.9292 0.1220
vn 0.3455 -0.3125 0.8849
vn 0.5588 -0.5778 0.5949
vn 0.6646 -0.2695 0.6969
vn 0.0519 -0.6221 0.7812
vn 0.0633 -0.2828 0.9571
vn -0.2259 -0.3129 0.9225
vn 0.0297 0.0136 0.9995
vn 0.3608 0.7712 -0.5244
vn 0.5753 0.3307 -0.7481
vn -0.1958 -0.4096 -0.8910
vn -0.6325 -0.3739 -0.6783
vn -0.1695 -0.3641 -0.9158
vn 0.0354 -0.8482 0.5285
vn -0.0597 -0.7012 0.7105
vn -0.0847 -0.9347 0.3451
vn 0.8906 0.4164 -0.1831
vn -0.5311 0.4268 0.7320
vn -0.8580 -0.3095 0.4100
vn -0.5670 -0.2703 0.7781
vn 0.6221 0.4275 0.6560
vn -0.4343 0.4266 -0.7933
vn -0.0620 -0.3253 -0.9436
vn -0.4476 -0.3163 -0.8364
vn 0.0611 0.3611 0.9305
vn -0.2360 -0.4366 0.8682
vn 0.0594 -0.4376 0.8972
vn -0.9939 0.0788 0.0777
vn -0.6057 -0.4358 0.6657
vn -0.3847 0.1781 0.9057
vn 0.3258 0.4272 -0.8434
vn 0.3342 -0.3158 -0.8880
vn -0.6352 -0.5316 0.5603
vn -0.8643 -0.4995 -0.0592
vn -0.8755 -0.4802 -0.0540
vn 0.5695 -0.0745 -0.8186
vn 0.5432 0.5944 0.5930
vn 0.2193 0.6128 0.7592
vn 0.8201 0.5715 -0.0280
vn 0.8700 0.4261 0.2480
vn -0.0580 0.4799 -0.8754
vn -0.0597 0.4287 -0.9015
vn 0.7975 0.6013 -0.0490
vn 0.8174 0.5752 -0.0311
vn 0.8191 0.5729 -0.0302
vn 0.2675 0.4893 0.8301
vn -0.2130 0.4328 0.8759
vn -0.3668 -0.7779 0.5102
vn -0.8434 -0.3446 0.4123
vn -0.5563 -0.3430 0.7569
vn -0.7282 0.4834 -0.4859
vn -0.8736 0.4833 -0.0569
vn 0.3196 0.4781 -0.8181
vn 0.6456 -0.5122 -0.5664
vn 0.6574 0.4842 -0.5774
vn -0.0584 -0.4501 -0.8911
vn -0.4248 0.4775 -0.7691
vn -0.4122 -0.4582 -0.7875
vn -0.3039 0.1353 0.9431
vn -0.1968 -0.4656 0.8628
vn -0.5025 -0.4953 0.7087
vn -0.6871 0.3123 0.6560
vn 0.5762 -0.4137 0.7049
vn 0.4836 0.8753 0.0046
vn 0.3090 -0.4653 0.8294
vn -0.1470 0.4216 0.8948
vn 0.8496 -0.4984 -0.1722
vn 0.9061 -0.2884 0.3096
vn 0.8614 -0.4792 -0.1685
vn -0.1004 0.9946 -0.0278
vn -0.5849 0.5283 -0.6155
vn -0.0993 0.9947 -0.0277
vn -0.2574 -0.7809 -0.5692
vn -0.4032 -0.8753 0.2670
vn 0.1304 -0.9346 0.3309
vn 0.0609 -0.3885 0.9194
vn 0.0594 -0.4399 0.8961
vn 0.6274 0.5062 0.5917
vn 0.7208 -0.6163 0.3174
vn 0.9319 0.3161 0.1779
vn 0.6388 -0.4460 0.6269
vn 0.3566 0.5132 0.7807
vn 0.3514 -0.4428 0.8249
vn 0.9800 -0.0379 -0.1952
vn -0.9971 -0.0391 -0.0649
vn -0.8479 -0.2424 0.4715
vn 0.0198 -0.2056 -0.9784
vn 0.6830 -0.2205 0.6963
vn 0.6877 -0.2880 0.6664
vn 0.8975 0.4041 0.1768
vn 0.5488 0.5791 0.6029
vn -0.5272 -0.8491 0.0344
vn 0.5746 -0.5179 -0.6337
vn -0.1971 -0.4089 0.8910
vn 0.4739 0.7564 -0.4510
vn 0.0450 -0.9775 -0.2060
vn -0.1215 -0.8972 -0.4246
vn 0.0563 0.5082 0.8594
vn 0.2945 0.5660 0.7700
vn 0.0536 0.5715 0.8189
vn 0.8525 0.4939 -0.1713
vn 0.6205 0.5824 -0.5252
vn 0.5857 0.8105 -0.0100
vn 0.2759 0.9474 -0.1620
vn 0.7769 0.6297 -0.0038
vn 0.5744 0.7372 0.3557
vn 0.6573 0.4972 -0.5664
vn 0.3640 -0.4211 -0.8308
vn 0.3529 0.4992 -0.7914
vn -0.2240 -0.6534 0.7231
vn -0.4583 0.2694 0.8470
vn -0.4510 0.2781 0.8481
vn -0.8320 -0.5547 -0.0080
vn -0.9250 -0.2422 -0.2928
vn -0.6045 0.7885 0.1132
vn -0.5839 0.8115 0.0214
vn -0.6194 0.7840 0.0410
vn 0.6832 0.4214 -0.5964
vn 0.7306 -0.2851 -0.6204
vn 0.6778 -0.4606 -0.5731
vn 0.2853 0.5576 -0.7796
vn -0.0573 0.5000 -0.8641
vn -0.0550 0.5578 -0.8282
vn -0.7466 -0.4614 -0.4792
vn -0.9074 0.4153 -0.0645
vn -0.8045 0.4408 0.3982
vn -0.0860 0.9944 0.0618
vn -0.0652 0.9951 0.0738
vn -0.0878 0.9942 0.0616
vn 0.7617 -0.4844 -0.4303
vn -0.7952 -0.6049 0.0420
vn 0.5856 -0.2840 -0.7592
vn 0.6151 -0.3098 -0.7251
vn -0.5467 -0.7788 0.3075
vn -0.1916 0.5657 0.8021
vn 0.2890 -0.4207 0.8599
vn 0.4358 -0.8748 0.2116
vn 0.5437 -0.5238 -0.6557
vn 0.8964 -0.4308 -0.1038
vn -0.0558 -0.5216 -0.8514
vn 0.5168 -0.5729 0.6361
vn 0.8809 -0.4486 -0.1513
vn 0.8699 -0.4305 0.2405
vn 0.6186 -0.5770 -0.5333
vn 0.2524 -0.6348 -0.7303
vn 0.5636 -0.5519 -0.6146
vn 0.8326 -0.4361 -0.3415
vn 0.6959 -0.6360 -0.3335
vn -0.1728 -0.4193 0.8913
vn 0.3485 -0.4362 0.8296
vn -0.1605 -0.5491 -0.8202
vn -0.3157 -0.6834 -0.6582
vn -0.3491 -0.5378 -0.7674
vn 0.3173 -0.5460 -0.7754
vn 0.6909 -0.4373 -0.5757
vn 0.6711 -0.4872 -0.5588
vn 0.0935 0.9944 0.0491
vn 0.0952 0.9952 0.0233
vn 0.1005 0.9947 0.0221
vn -0.5908 -0.3244 0.7387
vn -0.5469 -0.4829 0.6839
vn 0.0589 -0.4559 0.8881
vn -0.2612 -0.8714 -0.4152
vn -0.0338 -0.4231 -0.9055
vn 0.7490 0.3922 0.5341
vn 0.8097 0.5811 0.0821
vn 0.6884 -0.4350 0.5804
vn -0.0590 -0.4346 -0.8987
vn 0.3031 0.3463 -0.8878
vn 0.3074 -0.4773 -0.8232
vn 0.8238 0.3882 -0.4130
vn 0.6197 0.4700 0.6286
vn 0.9803 0.1802 -0.0808
vn -0.0621 0.5377 0.8408
vn -0.5446 0.3964 0.7391
vn -0.5628 0.1251 0.8171
vn 0.3338 0.4085 0.8495
vn 0.4596 0.5438 0.7022
vn 0.6691 0.5311 -0.5198
vn 0.6686 0.4713 -0.5752
vn 0.3412 -0.0611 -0.9380
vn 0.4256 -0.9002 0.0920
vn -0.0876 -0.1651 -0.9824
vn -0.7332 -0.6766 -0.0673
vn -0.7333 -0.6782 0.0481
vn 0.7253 -0.3098 0.6148
vn 0.6639 -0.1352 -0.7355
vn 0.6382 -0.3098 -0.7048
vn 0.0528 -0.5679 0.8214
vn -0.0524 -0.5761 0.8157
vn 0.7160 -0.3525 -0.6025
vn 0.9129 -0.3654 -0.1817
vn 0.4524 -0.8028 -0.3884
vn 0.3257 -0.2905 -0.8997
vn 0.2259 -0.8061 -0.5470
vn -0.2505 0.3734 -0.8932
vn -0.1983 0.6893 -0.6968
vn -0.2096 0.7011 -0.6816
vn 0.5910 -0.7985 -0.1145
vn 0.8906 -0.3436 0.2979
vn -0.0380 -0.8113 -0.5834
vn 0.0975 -0.8738 -0.4764
vn 0.4316 -0.7774 0.4576
vn 0.5657 -0.8002 0.1989
vn 0.7912 -0.5908 0.1580
vn 0.7636 -0.5908 -0.2605
vn 0.8646 -0.4992 -0.0570
vn 0.2088 -0.9310 0.2995
vn 0.1326 -0.9293 0.3447
vn 0.2114 -0.9320 0.2946
vn 0.1899 0.7598 0.6218
vn 0.1049 0.9138 0.3924
vn -0.5337 -0.8009 0.2714
vn -0.2993 -0.8923 0.3381
vn -0.3771 -0.8889 0.2600
vn -0.4355 -0.8890 0.1417
vn 0.3423 -0.8918 0.2958
vn -0.2026 -0.8893 0.4099
vn 0.0422 -0.7990 0.5998
vn 0.3873 0.7265 0.5676
vn -0.0423 0.5271 0.8487
vn -0.2948 -0.8064 -0.5127
vn -0.2683 -0.8809 -0.3899
vn -0.1581 -0.8740 -0.4595
vn -0.5449 0.5055 0.6690
vn -0.6705 0.6597 0.3395
vn -0.4985 -0.8033 -0.3257
vn -0.3997 -0.8939 -0.2028
vn -0.3407 -0.8856 -0.3156
vn -0.7715 -0.6224 0.1321
vn -0.6847 0.5816 -0.4392
vn -0.6822 0.6489 -0.3369
vn -0.5999 -0.7993 -0.0360
vn -0.4523 -0.8905 0.0495
vn -0.4342 -0.8970 -0.0826
vn -0.2288 0.9002 0.3704
vn -0.2686 0.0367 -0.9625
vn 0.1536 0.9456 0.2869
vn -0.4751 -0.5784 0.6631
vn -0.7254 -0.6109 0.3171
vn 0.3507 -0.4785 0.8050
vn 0.6158 -0.5793 0.5341
vn 0.6815 -0.4254 0.5955
vn 0.4719 0.7713 -0.4270
vn -0.3363 -0.5341 -0.7757
vn 0.6659 0.3308 -0.6687
vn -0.6826 -0.5778 -0.4475
vn -0.8054 -0.2861 -0.5191
vn -0.0503 -0.6382 -0.7682
vn -0.3454 -0.6351 -0.6909
vn -0.7561 0.4206 -0.5015
vn -0.9457 -0.3184 -0.0661
vn -0.5504 -0.4467 0.7053
vn -0.2516 0.5129 0.8208
vn -0.4000 0.4177 0.8158
vn 0.3257 0.4331 0.8404
vn -0.5685 0.7505 0.3369
vn -0.7440 0.6150 -0.2614
vn -0.0441 0.9944 -0.0959
vn -0.0448 0.9945 -0.0945
vn -0.8682 0.4928 -0.0578
vn 0.0589 0.4376 0.8972
vn -0.7920 -0.6084 -0.0507
vn -0.7138 -0.5131 -0.4767
vn 0.8580 0.4843 -0.1711
vn 0.5918 -0.4946 0.6365
vn -0.2395 -0.4431 0.8639
vn 0.8403 -0.5385 0.0624
vn 0.6906 -0.6757 0.2578
vn 0.7385 -0.6717 0.0578
vn 0.6759 -0.2840 -0.6801
vn 0.8341 -0.2050 0.5120
vn 0.7593 -0.2840 0.5855
vn -0.4695 -0.4216 -0.7758
vn -0.7266 0.4963 -0.4751
vn -0.4544 0.4987 -0.7381
vn -0.7322 0.5302 -0.4274
vn -0.9826 0.1790 0.0485
vn -0.9698 0.2390 0.0477
vn -0.6950 0.7176 0.0441
vn -0.8610 0.4266 0.2769
vn -0.8887 0.4547 0.0586
vn -0.6769 0.4699 0.5665
vn 0.7139 -0.3681 -0.5957
vn 0.2428 -0.5030 -0.8295
vn 0.3107 -0.3571 -0.8809
vn 0.2509 0.6711 0.6976
vn -0.3506 0.7741 0.5270
vn -0.1373 0.9480 0.2871
vn -0.0603 -0.3904 -0.9186
vn 0.5503 0.3896 0.7385
vn -0.0814 0.9967 0.0053
vn -0.0651 0.9979 0.0043
vn -0.6515 0.7392 -0.1706
vn -0.5937 0.7484 -0.2955
vn -0.7016 0.7078 -0.0825
vn -0.4656 0.5785 0.6698
vn 0.4560 -0.8899 -0.0104
vn 0.4983 -0.3570 0.7901
vn 0.8705 -0.4370 0.2266
vn -0.3859 0.5571 -0.7353
vn -0.7381 -0.4880 -0.4659
vn -0.4156 -0.5466 -0.7270
vn -0.6665 0.5382 0.5159
vn -0.3658 0.7143 -0.5966
vn -0.4703 -0.8053 0.3611
vn -0.5266 -0.8325 0.1719
vn 0.4797 -0.7606 0.4374
vn -0.2481 0.2897 -0.9244
vn -0.6625 0.1795 -0.7273
vn -0.8925 -0.4497 -0.0343
vn -0.7600 -0.4382 -0.4801
vn -0.4123 -0.4777 -0.7758
vn -0.8303 -0.4316 0.3526
vn -0.4175 0.3458 -0.8403
vn -0.5258 0.4025 -0.7493
vn -0.6599 -0.1731 0.7312
vn -0.6404 -0.3059 0.7045
vn -0.7830 0.6147 0.0948
vn 0.0897 0.9211 0.3790
vn -0.6412 0.6894 0.3371
vn 0.6081 0.7839 0.1255
vn 0.2993 0.4809 0.8241
vn -0.2198 0.4086 0.8859
vn 0.6184 0.7848 -0.0406
vn 0.6933 0.7203 0.0203
vn 0.7386 0.6724 -0.0488
vn -0.4235 0.4750 -0.7714
vn -0.7389 0.4704 -0.4824
vn 0.8307 0.5369 -0.1474
vn 0.3139 -0.7973 0.5155
vn 0.4331 -0.8137 0.3877
vn -0.9284 -0.3666 -0.0604
vn -0.2029 -0.3476 0.9154
vn -0.7885 -0.3534 -0.5034
vn -0.4406 -0.2909 -0.8492
vn -0.0610 0.3843 -0.9212
vn -0.0596 -0.4150 -0.9079
vn -0.4476 0.5358 -0.7160
vn 0.4648 -0.8091 -0.3597
vn -0.5634 -0.7830 -0.2636
vn 0.0421 -0.7743 0.6315
vn -0.1483 -0.7812 0.6064
vn 0.4514 -0.8884 0.0832
vn 0.4091 -0.8884 0.2081
vn 0.4949 0.5303 0.6883
vn 0.6313 0.5354 0.5611
vn 0.6328 0.5363 0.5586
vn 0.2557 -0.8890 0.3797
vn 0.2158 -0.8806 -0.4218
vn 0.2974 -0.8852 -0.3577
vn 0.3707 -0.8934 -0.2536
vn 0.4207 -0.8965 -0.1390
vn 0.8098 -0.4304 0.3988
vn 0.8854 -0.4303 0.1757
vn 0.0596 -0.4308 0.9005
vn 0.2907 -0.4307 0.8544
vn -0.5014 -0.4311 -0.7501
vn -0.6784 -0.4313 -0.5947
vn 0.8547 -0.4303 -0.2904
vn 0.9007 -0.4303 -0.0594
vn -0.0591 -0.4309 -0.9005
vn 0.1760 -0.4308 -0.8852
vn -0.7499 -0.4313 0.5016
vn -0.5945 -0.4312 0.6787
vn 0.6790 -0.4305 0.5947
vn 0.7504 -0.4304 -0.5017
vn -0.8541 -0.4314 0.2904
vn -0.2901 -0.4311 -0.8544
vn -0.7606 0.5234 -0.3840
vn -0.8456 0.4778 -0.2382
vn -0.7548 0.5299 -0.3866
vn -0.0970 -0.9890 0.1113
vn -0.0648 -0.9890 0.1328
vn 0.1408 -0.9889 -0.0477
vn 0.1483 -0.9889 -0.0098
vn -0.1446 -0.9891 -0.0288
vn -0.1471 -0.9891 0.0097
vn 0.1119 -0.9889 0.0975
vn 0.1334 -0.9889 0.0654
vn 0.0660 -0.9889 -0.1328
vn 0.0982 -0.9889 -0.1114
vn 0.1237 -0.9889 -0.0823
vn -0.1225 -0.9891 0.0823
vn -0.1396 -0.9891 0.0476
vn 0.2490 0.4774 -0.8427
vn 0.3841 0.5241 -0.7601
vn 0.2216 0.4461 -0.8671
vn -0.7408 0.2476 0.6245
vn 0.3931 -0.3024 -0.8684
vn -0.0191 -0.8058 -0.5919
vn -0.0091 -0.9890 -0.1477
vn 0.0294 -0.9890 -0.1452
vn 0.5854 -0.7102 -0.3912
vn 0.6667 -0.7101 -0.2265
vn -0.3907 -0.7108 -0.5849
vn -0.5288 -0.7109 -0.4638
vn -0.0459 -0.7106 -0.7021
vn 0.1374 -0.7105 -0.6902
vn -0.0459 -0.7105 -0.7022
vn -0.4633 -0.7109 0.5292
vn -0.5845 -0.7109 0.3911
vn -0.5845 -0.7109 0.3912
vn -0.2260 -0.7107 -0.6662
vn -0.3105 -0.7108 0.6312
vn 0.7026 -0.7101 -0.0463
vn 0.6906 -0.7101 0.1370
vn 0.5297 -0.7102 0.4637
vn 0.6317 -0.7102 0.3110
vn -0.1007 -0.9882 0.1156
vn -0.1271 -0.9882 0.0854
vn -0.1527 -0.9882 0.0101
vn -0.1501 -0.9882 -0.0299
vn -0.1449 -0.9882 0.0494
vn -0.0095 -0.9881 -0.1534
vn -0.0488 -0.9882 -0.1455
vn 0.1513 -0.9880 0.0299
vn 0.1540 -0.9880 -0.0101
vn 0.1461 -0.9880 -0.0495
vn 0.1283 -0.9880 -0.0854
vn -0.0293 -0.9881 0.1507
vn -0.0673 -0.9882 0.1378
vn 0.0685 -0.9881 -0.1379
vn 0.0305 -0.9881 -0.1508
vn -0.0848 -0.9882 -0.1278
vn 0.0107 -0.9881 0.1533
vn 0.0501 -0.9881 0.1455
vn -0.3985 -0.4311 0.8095
vn -0.8092 -0.4314 -0.3988
vn -0.1754 -0.4310 0.8851
vn -0.3985 -0.4312 0.8095
vn 0.5950 -0.4305 -0.6787
vn 0.1760 -0.4308 -0.8851
vn 0.3991 -0.4306 -0.8095
vn 0.5019 -0.4306 0.7501
vn -0.8849 -0.4314 -0.1757
vn -0.9002 -0.4314 0.0594
vn 0.6916 -0.2466 0.6789
vn 0.4006 0.0269 -0.9159
vn 0.7803 0.6142 -0.1179
vn 0.1458 -0.9889 0.0288
vn 0.0483 -0.9890 0.1401
vn 0.0829 -0.9889 0.1231
vn -0.0282 -0.9890 0.1452
vn -0.0817 -0.9890 -0.1231
vn -0.0470 -0.9890 -0.1402
vn 0.0103 -0.9890 0.1477
vn -0.1107 -0.9890 -0.0976
vn -0.6898 -0.7110 -0.1370
vn -0.7017 -0.7110 0.0463
vn 0.3114 -0.7104 -0.6312
vn -0.6308 -0.7109 -0.3110
vn 0.6317 -0.7102 0.3109
vn 0.0467 -0.7105 0.7021
vn 0.2269 -0.7104 0.6662
vn -0.1366 -0.7107 0.6901
vn 0.3916 -0.7103 0.5849
vn 0.4642 -0.7103 -0.5292
vn -0.1150 -0.9882 -0.1013
vn -0.1372 -0.9882 -0.0679
vn 0.0860 -0.9881 0.1277
vn 0.1162 -0.9881 0.1013
vn 0.1385 -0.9880 0.0679
vn 0.1019 -0.9881 -0.1156
vn -0.1322 -0.9891 -0.0654
vn -0.3753 0.4474 -0.8118
vn -0.7160 -0.0060 0.6980
vn -0.4438 0.6525 -0.6142
vn 0.7035 -0.0768 -0.7065
vn 0.7597 -0.2050 -0.6172
vn 0.3765 0.6231 -0.6856
vn 0.5377 -0.7740 -0.3343
vn 0.4251 -0.7645 -0.4846
vn -0.1616 -0.9354 0.3145
vn -0.0868 -0.9409 0.3273
vn -0.0793 -0.9399 0.3321
vn -0.6862 -0.6225 -0.3764
vn -0.8886 -0.3707 -0.2701
vn -0.6278 -0.3965 -0.6698
vn -0.4321 -0.5345 -0.7264
vn -0.5611 -0.5515 0.6172
vn -0.7379 -0.6382 0.2197
vn -0.4473 -0.8526 0.2702
vn -0.2849 -0.5039 0.8154
vn 0.1161 -0.5554 0.8234
vn 0.1297 -0.6555 0.7440
vn -0.1619 -0.6175 -0.7698
vn 0.1914 -0.9394 -0.2846
vn -0.1353 0.2854 -0.9488
vn -0.0358 0.6844 -0.7282
vn -0.0359 0.5136 -0.8573
vn 0.5310 -0.5158 0.6723
vn 0.4662 -0.6661 0.5822
vn 0.8152 -0.5054 0.2827
vn 0.6213 -0.7831 -0.0271
vn 0.8273 -0.4802 -0.2916
vn 0.8485 -0.5260 -0.0578
vn 0.0692 0.9963 -0.0505
vn 0.0967 0.9948 -0.0327
vn 0.0908 0.9952 -0.0352
vn 0.6195 0.3316 -0.7116
vn -0.8306 0.4940 -0.2571
vn 0.5716 0.3645 -0.7352
vn 0.8410 -0.5168 -0.1599
vn 0.6091 -0.5406 -0.5803
vn 0.5822 0.7872 0.2033
vn 0.3521 -0.2190 -0.9100
vn 0.1514 0.9860 0.0694
vn 0.1120 -0.9263 0.3597
vn -0.2682 -0.4905 -0.8291
vn -0.3262 0.4600 -0.8258
vn -0.0523 0.4817 -0.8748
vn -0.0433 0.7679 -0.6391
vn -0.4075 -0.1855 -0.8942
vn -0.4497 0.8723 0.1919
vn 0.1664 0.7643 -0.6231
vn 0.2957 0.7623 -0.5757
vn 0.0785 0.7354 -0.6730
vn 0.6848 0.7203 -0.1110
vn -0.6855 0.7195 0.1112
vn -0.7395 0.6714 0.0487
vn 0.3628 0.7585 0.5414
vn 0.2544 0.7539 0.6058
vn 0.1737 0.7198 0.6721
vn 0.7027 0.7099 -0.0464
vn 0.5829 0.8062 0.1012
vn 0.5994 0.7995 -0.0394
vn 0.8407 0.4617 -0.2830
vn 0.7130 0.6461 -0.2723
vn 0.1233 0.3993 -0.9085
vn 0.1698 0.4613 -0.8708
vn -0.0565 0.5197 -0.8525
vn -0.0596 0.4314 -0.9002
vn 0.0455 0.7157 0.6969
vn -0.1000 0.8114 0.5758
vn 0.0386 0.8035 0.5940
vn -0.0462 0.7156 -0.6970
vn 0.1751 0.6500 -0.7394
vn -0.2833 0.4610 -0.8409
vn -0.2420 0.3991 -0.8844
vn -0.0590 0.4492 -0.8915
vn 0.7532 0.5319 0.3869
vn 0.8331 0.4903 0.2560
vn 0.7481 0.5368 0.3901
vn -0.6886 -0.3304 -0.6456
vn -0.0291 -0.8930 -0.4492
vn -0.4929 -0.8639 -0.1040
vn -0.3566 0.4908 -0.7950
vn -0.4137 0.2915 -0.8625
vn -0.6962 -0.2214 0.6829
vn -0.7141 0.4935 -0.4965
vn -0.8681 0.4491 -0.2113
vn -0.9644 0.2641 0.0108
vn -0.8504 0.5235 0.0530
vn 0.8532 0.5183 -0.0592
vn 0.9723 0.1993 -0.1224
vn -0.8278 0.4645 0.3147
vn -0.9415 0.3166 0.1153
vn -0.8751 0.4811 0.0517
vn 0.5022 0.7456 0.4381
vn 0.4783 0.7692 0.4237
vn 0.0401 0.7844 0.6190
vn -0.0207 0.7199 0.6938
vn 0.0483 0.6719 0.7390
vn 0.1285 0.7986 0.5880
vn -0.6004 0.7981 -0.0507
vn 0.6489 -0.3227 -0.6890
vn -0.6027 -0.3080 0.7361
vn -0.4642 -0.7129 -0.5256
vn -0.9367 0.3275 -0.1237
vn -0.8685 0.4780 -0.1310
vn -0.9154 0.3981 0.0603
vn -0.7987 0.4923 0.3458
vn -0.1809 0.3998 0.8986
vn -0.1155 0.6901 0.7144
vn -0.2403 0.2567 0.9361
vn -0.4035 0.5359 0.7416
vn -0.5570 0.5350 0.6353
vn -0.3999 0.5339 0.7450
vn 0.1736 0.8117 0.5576
vn -0.6973 -0.3787 0.6086
vn -0.9124 0.3275 0.2456
vn -0.8917 0.4487 0.0588
vn -0.5760 0.8141 -0.0733
vn -0.4458 0.8916 -0.0792
vn -0.9689 0.1395 -0.2043
vn -0.9375 -0.1350 -0.3207
vn -0.9314 -0.2677 -0.2465
vn -0.9329 -0.2969 -0.2039
vn -0.5878 0.7855 0.1934
vn -0.0264 0.9958 0.0881
vn -0.3733 0.9200 0.1198
vn -0.9204 -0.2640 -0.2883
vn -0.9217 -0.2570 -0.2906
vn -0.9174 0.3684 -0.1506
vn -0.9638 0.1843 -0.1928
vn -0.6499 -0.6765 0.3462
vn -0.2536 -0.6742 0.6936
vn -0.5396 -0.5800 0.6103
vn 0.0922 0.9945 0.0500
vn 0.0710 0.9953 0.0659
vn 0.0700 0.9955 0.0643
vn 0.0505 0.9964 0.0685
vn 0.0496 0.9964 0.0688
vn -0.5015 -0.7944 0.3427
vn -0.3151 -0.2495 0.9157
vn -0.9911 -0.0066 -0.1331
vn -0.7179 0.6725 -0.1799
vn 0.4524 0.7269 -0.5167
vn 0.0619 0.9236 -0.3785
vn 0.2728 -0.9317 0.2400
vn 0.3224 -0.9317 0.1674
vn 0.2732 -0.9307 0.2433
vn -0.4770 0.7741 0.4163
vn 0.2849 -0.5607 0.7775
vn -0.6531 0.3116 0.6902
vn 0.1619 -0.9318 -0.3249
vn 0.0855 -0.9311 -0.3547
vn 0.0821 -0.9299 -0.3584
vn -0.7475 -0.0991 0.6568
vn -0.2154 0.8042 -0.5539
vn -0.2162 0.8125 -0.5414
vn 0.3014 -0.9317 -0.2026
vn 0.3404 -0.9309 -0.1329
vn 0.2993 -0.9319 -0.2048
vn -0.0075 0.2069 -0.9783
vn 0.7027 0.5244 -0.4809
vn 0.7996 0.4770 -0.3647
vn 0.8288 0.4439 -0.3407
vn -0.2416 0.5225 0.8177
vn -0.2154 0.4964 0.8410
vn 0.3353 0.9329 -0.1314
vn 0.8689 0.4568 0.1906
vn 0.4569 0.8741 -0.1648
vn 0.6937 -0.2793 -0.6640
vn 0.8563 -0.3614 -0.3691
vn 0.8562 -0.3533 -0.3770
vn 0.8777 -0.2714 -0.3950
vn 0.8766 -0.2805 -0.3910
vn 0.9512 0.1277 -0.2810
vn 0.9082 0.3471 -0.2338
vn -0.0764 0.9962 -0.0409
vn -0.0751 0.9963 -0.0417
vn 0.0678 0.9964 -0.0511
vn 0.0615 0.9956 -0.0709
vn 0.0630 0.9954 -0.0726
vn -0.1991 0.0187 -0.9798
vn 0.0454 0.7170 0.6956
vn -0.6809 -0.6198 -0.3901
vn -0.0842 0.9182 0.3872
vn -0.1303 0.7923 0.5961
vn -0.1380 0.3128 0.9397
vn -0.2434 -0.1374 0.9601
vn -0.2486 -0.3455 0.9049
vn -0.2477 -0.3503 0.9033
vn 0.6420 -0.1353 -0.7546
vn 0.2946 0.9318 0.2122
vn -0.2484 -0.3098 0.9178
vn -0.2370 -0.3057 0.9222
vn 0.0059 -0.9985 0.0552
vn 0.7359 -0.3180 0.5978
vn 0.5523 0.6923 0.4645
vn 0.5519 0.6891 0.4697
vn 0.2055 -0.8712 -0.4459
vn 0.0027 -0.9985 0.0555
vn 0.6620 -0.7495 -0.0072
vn -0.8960 -0.3631 -0.2555
vn 0.3840 -0.3978 -0.8332
vn -0.4883 -0.3936 -0.7789
vn -0.5723 0.7679 -0.2877
vn 0.1316 0.3452 -0.9292
vn -0.6001 -0.3088 -0.7379
vn -0.3625 -0.3568 -0.8610
vn -0.3713 -0.3504 -0.8599
vn 0.2888 -0.3812 -0.8782
vn 0.2592 -0.2700 -0.9273
vn 0.2457 -0.3924 -0.8864
vn -0.3845 -0.2626 -0.8850
vn -0.3802 -0.2717 -0.8841
vn -0.3032 0.1350 -0.9433
vn 0.5588 0.8168 0.1436
vn 0.0127 0.9794 0.2015
vn 0.5731 0.8073 0.1407
vn -0.1183 0.7011 0.7032
vn -0.1408 0.8042 0.5774
vn 0.8609 0.4576 0.2223
vn 0.8738 0.4822 -0.0631
vn 0.9673 0.2535 -0.0045
vn 0.0586 0.5288 0.8467
vn 0.1814 -0.7807 -0.5980
vn -0.6943 0.7194 -0.0201
vn -0.1350 0.7352 -0.6643
vn -0.0436 0.7613 -0.6470
vn 0.1873 -0.6306 0.7532
vn 0.3387 -0.5298 -0.7775
vn 0.7522 -0.6582 -0.0319
vn -0.7333 0.6688 0.1223
vn -0.8914 0.3042 0.3361
vn -0.7417 0.6703 -0.0250
vn -0.1704 0.4611 0.8708
vn 0.0559 0.5197 0.8525
vn 0.8522 0.5202 -0.0562
vn 0.8842 0.3998 -0.2418
vn 0.8999 0.4320 -0.0594
vn 0.5644 0.8064 -0.1768
vn 0.2827 0.4613 0.8410
vn 0.2704 0.6510 0.7092
vn 0.9082 0.3998 0.1236
vn 0.8706 0.4617 0.1701
vn 0.8912 0.4498 -0.0588
vn -0.6965 0.5310 0.4825
vn -0.6395 0.5346 -0.5525
vn -0.4853 0.5361 -0.6907
vn -0.4828 0.5312 -0.6962
vn -0.6372 0.5356 -0.5543
vn -0.0284 0.9957 0.0883
vn -0.0500 0.9945 0.0916
vn 0.3119 0.4249 0.8498
vn 0.3502 0.4473 0.8229
vn 0.1092 0.3095 0.9446
vn 0.1105 0.7199 0.6853
vn 0.0105 0.3667 0.9303
vn 0.0637 0.4816 0.8741
vn 0.0188 0.7208 -0.6929
vn 0.5661 0.1631 -0.8080
vn 0.1768 0.7272 -0.6633
vn 0.0248 0.6711 -0.7409
vn 0.5876 0.7988 -0.1290
vn -0.1793 0.7985 -0.5747
vn -0.0412 0.7783 -0.6266
vn 0.5908 0.7512 0.2942
vn 0.6481 0.7439 0.1631
vn 0.2415 0.3994 0.8844
vn 0.0591 0.4315 0.9002
vn -0.0642 0.9953 0.0726
vn 0.3218 -0.3471 0.8809
vn 0.2276 -0.7809 0.5817
vn 0.1019 0.7981 -0.5938
vn -0.1238 0.3992 0.9085
vn 0.0585 0.4493 0.8915
vn 0.5996 0.7987 0.0510
vn 0.2038 0.2831 0.9372
vn 0.3399 -0.2063 0.9176
vn 0.3586 -0.3855 0.8502
vn 0.3960 -0.3757 0.8378
vn 0.9283 -0.2685 0.2571
vn 0.8960 -0.3575 0.2635
vn 0.9306 -0.2577 0.2598
vn 0.2519 0.3538 0.9008
vn 0.3848 -0.2655 0.8840
vn 0.3844 -0.2712 0.8824
vn 0.3000 0.1570 0.9410
vn -0.0617 0.9943 -0.0868
vn -0.0624 0.9944 -0.0855
vn -0.5096 0.8202 0.2600
vn -0.0670 0.8757 -0.4781
vn -0.7303 -0.4520 0.5122
vn -0.7203 0.6826 -0.1231
vn -0.7086 0.6926 -0.1351
vn -0.1560 -0.2196 0.9630
vn -0.0127 0.0193 -0.9997
vn -0.2472 -0.7698 0.5884
vn 0.4141 0.7710 0.4838
vn -0.1750 0.3678 -0.9133
vn 0.8418 -0.5204 0.1436
vn 0.5392 -0.8066 0.2422
vn 0.5921 -0.7986 0.1081
vn 0.4930 0.5201 0.6975
vn 0.1769 -0.3607 0.9158
vn -0.5933 0.7978 -0.1077
vn -0.3601 0.9162 -0.1759
vn -0.5397 0.8068 -0.2402
vn -0.3547 -0.9314 -0.0816
vn -0.3242 -0.9322 -0.1611
vn -0.3222 -0.9324 -0.1636
vn 0.2410 -0.9309 -0.2744
vn 0.1644 -0.9320 -0.3230
vn -0.1028 0.9937 0.0437
vn -0.3663 -0.9302 0.0214
vn -0.3581 -0.9304 -0.0786
vn -0.2370 -0.9329 0.2711
vn -0.2406 -0.9308 0.2752
vn -0.0057 0.9794 -0.2018
vn 0.5375 0.8183 -0.2036
vn 0.5538 0.8078 -0.2021
vn 0.3175 0.9480 -0.0209
vn -0.5506 0.8066 0.2148
vn -0.6894 0.6931 0.2106
vn -0.7046 0.6809 0.1998
vn 0.1051 0.6815 -0.7243
vn 0.1354 0.3531 -0.9257
vn 0.1178 0.6937 -0.7106
vn 0.2460 0.5591 0.7918
vn -0.8682 -0.3032 -0.3927
vn -0.4045 -0.8501 -0.3371
vn -0.6581 0.3523 0.6655
vn 0.0487 0.9135 -0.4038
vn 0.1074 0.7538 -0.6483
vn 0.0754 0.2768 -0.9580
vn 0.2191 -0.2114 -0.9525
vn -0.7797 0.2693 0.5653
vn -0.7615 0.2558 0.5955
vn -0.7553 0.2725 0.5961
vn 0.1743 0.1432 -0.9742
vn 0.2623 -0.2597 -0.9294
vn 0.0403 0.9963 -0.0758
vn 0.0309 0.9947 -0.0977
vn 0.0411 0.9964 -0.0745
vn 0.1957 0.7846 0.5883
vn 0.9302 -0.3566 -0.0868
vn 0.7103 0.6798 -0.1826
vn 0.6930 0.6944 -0.1939
vn -0.5361 0.8161 0.2158
vn 0.0124 0.9802 0.1975
vn -0.2681 0.7824 0.5621
vn -0.2610 0.9184 0.2972
vn -0.4167 0.7750 0.4750
vn -0.6637 0.3449 0.6637
vn -0.5522 0.7004 -0.4521
vn -0.9265 0.2974 0.2306
vn -0.9198 -0.1796 0.3488
vn -0.8592 -0.3629 0.3606
vn -0.8558 -0.3554 0.3759
vn -0.8997 0.3576 0.2504
vn -0.8851 -0.2648 0.3827
vn -0.8833 -0.2707 0.3828
vn -0.9406 0.1609 0.2989
vn 0.3179 0.4755 -0.8203
vn 0.7132 -0.6453 0.2737
vn -0.0814 0.9954 -0.0498
vn 0.1237 0.9473 -0.2953
vn -0.1433 0.8125 0.5651
vn 0.7102 0.6940 0.1182
vn 0.7239 0.6818 0.1055
vn 0.1993 0.6815 0.7042
vn 0.3790 0.9231 0.0654
vn 0.6184 0.7771 0.1169
vn 0.9512 0.2908 0.1034
vn 0.9563 -0.1832 0.2281
vn 0.8969 -0.3670 0.2466
vn 0.9738 0.1470 0.1735
vn 0.9240 0.3581 0.1344
vn -0.3186 0.9477 0.0210
vn 0.1432 0.8165 -0.5593
vn -0.3079 0.9512 0.0204
vn 0.1403 0.8071 -0.5736
vn -0.8460 -0.5303 0.0552
vn -0.8450 -0.5308 -0.0650
vn 0.3440 -0.8550 -0.3882
vn 0.2274 -0.6831 -0.6940
vn 0.5282 -0.8484 -0.0351
vn 0.8385 -0.4927 0.2329
vn 0.1572 -0.5876 0.7937
vn 0.3433 -0.6739 0.6543
vn -0.0564 0.5679 -0.8211
vn -0.1739 0.7017 -0.6909
vn -0.0506 0.6956 -0.7166
vn 0.4010 -0.8420 0.3609
vn 0.1448 -0.7002 0.6991
vn -0.3491 -0.8425 0.4103
vn -0.5509 0.7868 0.2782
vn -0.4329 -0.8586 -0.2747
vn 0.2791 -0.9601 0.0166
vn -0.2059 -0.8582 -0.4703
vn -0.4126 -0.8899 -0.1943
vn 0.1433 -0.8580 -0.4933
vn 0.8220 -0.5428 -0.1722
vn 0.7189 -0.6770 -0.1578
vn -0.8464 0.5296 0.0557
vn -0.7201 0.6712 0.1756
vn -0.7342 0.6772 0.0487
vn 0.7339 -0.6776 -0.0481
vn 0.0769 -0.1448 0.9865
vn 0.0544 -0.5409 -0.8393
vn 0.0680 -0.6829 -0.7274
vn -0.0568 -0.5594 -0.8270
vn -0.2777 -0.9222 -0.2690
vn -0.0337 -0.8539 -0.5193
vn -0.0198 -0.7660 -0.6425
vn -0.5953 -0.7661 -0.2423
vn 0.2405 -0.8900 0.3873
vn -0.3910 -0.8554 -0.3397
vn 0.6442 -0.5158 0.5647
vn -0.3616 -0.9110 -0.1982
vn -0.4396 0.7629 -0.4740
vn 0.5613 0.7122 -0.4215
vn -0.6256 0.1533 -0.7649
vn 0.7263 0.1378 -0.6735
vn -0.3697 0.7619 -0.5318
vn -0.2477 0.7640 -0.5957
vn -0.1671 0.7353 -0.6568
vn -0.0449 0.7368 -0.6746
vn -0.0466 0.7129 -0.6997
vn -0.7008 0.7119 0.0459
vn -0.6843 0.7101 0.1660
vn -0.6220 0.7431 0.2469
vn -0.5480 0.7505 0.3693
vn -0.4195 0.7687 0.4829
vn -0.4413 0.7450 0.5003
vn -0.2895 0.7581 0.5844
vn -0.1736 0.7536 0.6340
vn -0.0848 0.7197 0.6891
vn -0.6245 -0.5245 -0.5787
vn -0.0850 -0.4231 -0.9021
vn 0.0522 -0.6154 0.7865
vn 0.0483 -0.5919 0.8046
vn 0.0497 -0.5884 0.8071
vn -0.0222 -0.9310 -0.3644
vn -0.1240 -0.9321 -0.3404
vn -0.0214 -0.9289 -0.3696
vn -0.5360 0.6915 -0.4842
vn -0.0736 0.5741 -0.8155
vn -0.0759 0.5719 -0.8168
vn 0.7862 0.6158 -0.0524
vn 0.7967 0.6030 -0.0406
vn 0.7839 0.6186 -0.0523
vn 0.7992 0.5996 -0.0421
vn 0.8151 0.5746 -0.0737
vn -0.5048 -0.8521 -0.1380
vn -0.3034 -0.9526 0.0199
vn 0.5164 0.7754 0.3635
vn 0.7182 0.6594 -0.2220
vn -0.9018 -0.4319 0.0147
vn 0.0515 0.6154 0.7865
vn 0.0408 0.6026 0.7970
vn 0.0513 0.6182 0.7844
vn 0.0442 0.5959 0.8018
vn 0.0914 0.5356 0.8395
vn 0.4761 -0.8632 -0.1680
vn 0.5982 -0.3294 -0.7305
vn 0.0066 -0.6019 0.7986
vn 0.6625 -0.7295 0.1701
vn 0.6513 -0.3422 0.6773
vn -0.6336 -0.7302 0.2557
vn 0.4860 -0.8732 -0.0372
vn 0.3045 -0.9523 -0.0200
vn -0.6432 0.0533 0.7638
vn -0.8143 -0.5782 0.0509
vn -0.7959 0.6020 0.0644
vn -0.7870 0.6148 0.0513
vn -0.7848 0.6177 0.0512
vn -0.2823 -0.8925 0.3518
vn -0.8370 0.5469 -0.0182
vn -0.4538 0.0982 -0.8857
vn -0.0348 0.5740 -0.8181
vn 0.6422 0.1715 -0.7471
vn -0.0327 0.5718 -0.8198
vn 0.0776 0.9138 -0.3988
vn -0.0399 0.8004 -0.5981
vn -0.0276 0.9119 -0.4094
vn 0.6830 -0.3234 0.6549
vn -0.7237 -0.6727 0.1543
vn -0.8242 -0.5395 0.1721
vn 0.8455 0.5310 -0.0566
vn 0.7081 0.6815 -0.1846
vn 0.7328 0.6787 -0.0492
vn -0.8000 -0.4937 0.3409
vn -0.2414 -0.4789 0.8440
vn 0.6936 0.1729 -0.6993
vn 0.9344 -0.3486 -0.0732
vn 0.6495 0.0853 -0.7555
vn 0.1255 -0.9278 0.3514
vn 0.0256 -0.9322 0.3611
vn 0.2411 -0.9219 -0.3032
vn -0.7329 -0.6368 -0.2393
vn -0.8184 0.5736 0.0340
vn -0.7985 0.5986 0.0632
vn -0.0618 0.3542 -0.9331
vn -0.8697 -0.4372 -0.2293
vn -0.6388 -0.5526 -0.5354
vn -0.6977 -0.4243 -0.5772
vn 0.6539 -0.3201 -0.6855
vn 0.4971 0.7960 -0.3452
vn 0.3845 0.9139 -0.1298
vn 0.5700 0.7992 -0.1906
vn -0.1558 -0.6835 -0.7132
vn -0.2505 0.6896 0.6795
vn -0.4563 0.7219 0.5202
vn 0.0187 -0.7277 0.6857
vn -0.0515 0.7983 0.6001
vn 0.5489 0.7491 -0.3709
vn 0.6226 0.7400 -0.2546
vn 0.6838 0.7086 -0.1739
vn 0.4220 0.7694 -0.4796
vn 0.4407 0.7519 -0.4904
vn 0.6999 0.7128 -0.0464
vn 0.7172 0.6952 -0.0479
vn 0.0551 0.7671 -0.6392
vn 0.5674 -0.7973 -0.2059
vn 0.7053 0.1723 -0.6877
vn 0.0513 0.5594 0.8273
vn 0.1776 0.6824 0.7091
vn 0.0421 0.6995 0.7134
vn -0.5455 0.8283 0.1276
vn -0.7953 0.6039 0.0536
vn -0.7978 0.6003 0.0562
vn -0.8151 0.5742 0.0766
vn -0.8167 0.5719 0.0776
vn -0.6716 0.1524 0.7250
vn -0.6690 0.1527 0.7274
vn -0.6051 0.1271 0.7859
vn -0.1145 -0.7979 0.5918
vn -0.1679 -0.5186 0.8384
vn -0.5716 0.8060 -0.1536
vn -0.5589 0.8145 -0.1558
vn -0.5432 0.6916 -0.4761
vn -0.8199 0.5716 0.0319
vn -0.9070 -0.3755 0.1908
vn 0.0585 -0.5919 0.8039
vn 0.0574 -0.5884 0.8065
vn 0.1935 -0.7972 0.5719
vn 0.0563 -0.5384 0.8408
vn 0.0401 -0.7981 0.6012
vn -0.6240 0.2530 -0.7393
vn 0.3693 -0.9289 -0.0289
vn 0.3752 -0.9235 0.0799
vn 0.3694 -0.9252 0.0869
vn 0.0287 -0.5986 0.8005
vn 0.6078 -0.5856 0.5363
vn 0.6981 -0.0052 0.7160
vn 0.7449 0.3459 0.5705
vn 0.8146 -0.5773 -0.0565
vn 0.3517 -0.5726 0.7406
vn 0.3804 -0.8854 -0.2671
vn 0.0102 0.1685 -0.9856
vn 0.7947 0.6049 -0.0512
vn 0.7907 -0.4655 0.3976
vn 0.8163 0.5726 -0.0760
vn 0.6493 0.1691 -0.7415
vn -0.6150 0.3352 0.7137
vn 0.0238 0.0687 0.9974
vn -0.6347 0.1784 0.7519
vn -0.6846 0.7242 -0.0828
vn -0.9574 -0.2821 0.0619
vn -0.5795 -0.5915 0.5606
vn -0.7301 0.1493 0.6668
vn 0.5638 0.8176 0.1170
vn 0.3690 0.6839 0.6293
vn -0.6642 -0.2457 0.7060
vn 0.5669 0.5391 0.6229
vn -0.3822 0.4947 0.7805
vn 0.5968 -0.7638 0.2459
vn -0.8525 0.5104 -0.1129
vn 0.0503 0.0015 -0.9987
vn -0.5251 -0.3130 0.7914
vn -0.8944 0.2962 -0.3352
vn -0.9712 -0.0639 0.2297
vn -0.2388 -0.0529 -0.9696
vn -0.5247 0.1593 0.8363
vn 0.0645 -0.2815 0.9574
vn 0.9197 -0.3688 -0.1346
vn 0.8696 -0.3686 0.3285
vn -0.2014 -0.9336 -0.2963
vn -0.2731 -0.9320 -0.2384
vn -0.2764 -0.9310 -0.2383
vn -0.1139 -0.3276 -0.9379
vn -0.8386 -0.5173 -0.1709
vn 0.5977 0.8008 -0.0394
vn 0.2764 0.7959 -0.5386
vn 0.1791 0.9132 -0.3660
vn -0.2979 0.9173 -0.2642
vn -0.3140 0.8019 -0.5083
vn -0.4331 0.8078 -0.3999
vn -0.6150 0.7653 -0.1900
vn 0.1866 -0.9540 -0.2346
vn -0.6186 -0.3933 0.6802
vn -0.2554 -0.3783 0.8897
vn -0.6737 -0.4942 -0.5494
vn -0.6067 -0.4754 0.6371
vn -0.9260 0.3626 -0.1053
vn -0.8087 -0.5190 0.2768
vn -0.2733 -0.7943 0.5426
vn 0.5446 0.8024 0.2441
vn 0.3982 0.9140 0.0782
vn 0.3655 0.9133 0.1796
vn -0.1304 0.9136 -0.3851
vn 0.5676 0.1774 -0.8040
vn 0.0607 0.5960 0.8007
vn 0.0190 0.5357 0.8442
vn 0.0169 0.5271 0.8496
vn 0.0347 0.9959 0.0833
vn 0.0341 0.9959 0.0836
vn 0.1808 -0.4806 -0.8581
vn 0.6051 -0.3621 0.7091
vn 0.3447 -0.9297 -0.1299
vn 0.3699 -0.9287 -0.0267
vn 0.3085 0.8074 0.5030
vn 0.3004 0.9177 0.2601
vn 0.2211 0.9165 0.3333
vn 0.0940 0.3506 -0.9318
vn -0.2526 -0.5211 -0.8153
vn -0.9403 -0.3403 0.0021
vn -0.8270 -0.5407 -0.1538
vn -0.0499 -0.3492 -0.9357
vn 0.0672 0.6793 -0.7308
vn -0.0649 0.3868 -0.9199
vn 0.7990 0.5904 -0.1140
vn -0.0658 0.0148 -0.9977
vn -0.7251 -0.5742 -0.3802
vn 0.8335 -0.3975 0.3838
vn 0.5515 0.3120 -0.7736
vn -0.4376 0.8353 0.3328
vn -0.0157 0.9465 0.3224
vn 0.2199 0.7418 -0.6336
vn 0.5698 0.3107 -0.7608
vn 0.3436 0.7121 -0.6123
vn 0.4210 0.7121 0.5618
vn 0.0475 -0.8990 -0.4354
vn -0.9926 -0.1170 0.0317
vn 0.6648 0.3108 0.6794
vn 0.7902 -0.0767 0.6080
vn -0.4700 0.6635 -0.5821
vn 0.5122 -0.2052 -0.8340
vn -0.3035 -0.7996 -0.5181
vn -0.9778 -0.2091 -0.0126
vn -0.6663 -0.2888 0.6875
vn -0.8293 0.2443 -0.5026
vn -0.0987 0.6291 -0.7710
vn 0.1253 0.6591 -0.7415
vn -0.4286 0.7366 -0.5232
vn 0.0594 0.9955 0.0736
vn 0.2888 0.9479 0.1345
vn -0.7271 0.6806 -0.0899
vn -0.7250 0.6705 -0.1576
vn 0.0084 0.6152 0.7883
vn 0.8493 0.4418 0.2891
vn -0.7795 0.6243 0.0514
vn -0.0619 0.8550 -0.5150
vn -0.2040 0.7871 0.5821
vn 0.2502 0.9436 -0.2170
vn -0.3182 0.9463 0.0573
vn 0.4382 0.8787 -0.1894
vn 0.0305 0.9945 -0.1004
vn -0.0736 0.9954 -0.0615
vn -0.0753 0.9952 -0.0624
vn -0.2672 0.9479 0.1732
vn -0.1553 -0.6897 0.7072
vn -0.5987 0.3115 0.7379
vn 0.7313 -0.1723 0.6600
vn 0.3979 -0.4657 -0.7904
vn 0.7047 -0.3051 0.6406
vn 0.2679 0.9135 -0.3063
vn -0.5855 -0.2213 0.7799
vn -0.5529 -0.0990 0.8274
vn -0.2317 0.8392 -0.4920
vn -0.5157 -0.4539 -0.7266
vn -0.5711 0.3449 0.7449
vn 0.5295 0.7006 0.4783
vn 0.6415 -0.3314 0.6918
vn 0.0684 0.9335 0.3519
vn 0.4839 0.8276 0.2845
vn -0.7019 -0.0843 0.7073
vn 0.5568 0.5346 -0.6357
vn 0.6967 0.5306 -0.4827
vn 0.2177 0.9472 -0.2353
vn -0.0940 -0.2329 0.9679
vn 0.3218 0.9467 0.0151
vn 0.6635 0.1736 0.7277
vn -0.5913 0.1780 0.7866
vn 0.4634 -0.0472 0.8849
vn 0.2153 0.8166 0.5356
vn 0.2143 0.8071 0.5502
vn -0.2296 -0.5363 0.8122
vn 0.7484 0.3276 0.5767
vn 0.3867 0.5303 -0.7545
vn 0.6081 -0.0768 -0.7901
vn -0.0378 0.4729 -0.8803
vn -0.7336 -0.1002 0.6722
vn -0.0338 0.1195 0.9923
vn 0.1889 0.8785 0.4388
vn 0.6900 0.3124 0.6529
vn -0.6141 -0.3059 0.7276
vn 0.6569 -0.0982 0.7476
vn 0.5877 -0.2391 -0.7729
vn 0.6145 0.0448 -0.7877
vn 0.8256 0.2758 -0.4922
vn 0.3156 0.6630 -0.6788
vn -0.1222 0.7906 0.5999
vn 0.0258 0.9160 0.4004
vn -0.0786 0.9159 0.3936
vn 0.3361 -0.9172 -0.2141
vn 0.3805 -0.9156 -0.1299
vn -0.0537 -0.5265 -0.8485
vn -0.0702 -0.0328 -0.9970
vn 0.9942 -0.1052 -0.0224
vn 0.6348 -0.5725 0.5190
vn 0.4241 0.3789 0.8226
vn 0.5722 0.5961 0.5633
vn -0.8405 -0.5389 0.0549
vn -0.5711 -0.7982 0.1917
vn -0.6007 -0.7985 0.0396
vn -0.5918 -0.7977 -0.1163
vn 0.2799 -0.5166 0.8092
vn -0.6177 0.7859 -0.0289
vn -0.5517 -0.7978 -0.2430
vn 0.0516 -0.9966 0.0645
vn -0.2267 0.9130 -0.3392
vn 0.4088 0.9122 -0.0270
vn 0.4006 0.7937 -0.4578
vn -0.5223 0.7831 0.3376
vn -0.3104 -0.8071 -0.5022
vn -0.5784 0.7910 0.1994
vn -0.4009 0.9157 0.0264
vn -0.6095 0.7917 0.0401
vn -0.0542 -0.7835 -0.6190
vn 0.1335 -0.8003 -0.5845
vn 0.2592 -0.7704 -0.5825
vn -0.1765 0.9163 0.3595
vn 0.1137 0.5900 0.7994
vn 0.9977 0.0154 -0.0658
vn 0.0635 0.6027 0.7955
vn 0.9961 -0.0331 -0.0813
vn 0.7878 0.3526 -0.5050
vn 0.0185 0.9570 0.2896
vn 0.6792 0.3108 -0.6649
vn -0.6909 0.5361 0.4850
vn 0.7547 -0.1352 0.6420
vn 0.7787 0.6253 -0.0514
vn 0.8653 0.4980 -0.0571
vn 0.7396 0.3667 -0.5644
vn 0.7549 0.2734 -0.5961
vn 0.7612 0.2568 -0.5956
vn -0.6521 0.1501 0.7431
vn -0.6381 -0.1731 0.7503
vn -0.5939 -0.2887 0.7510
vn -0.5980 -0.0059 0.8015
vn 0.7792 -0.6075 -0.1543
vn 0.9660 0.2461 -0.0794
vn 0.1842 0.7980 0.5738
vn 0.1284 0.9161 0.3799
vn -0.3122 -0.3643 -0.8774
vn -0.0611 -0.3625 -0.9300
vn -0.0567 -0.4997 -0.8643
vn -0.3224 -0.4237 -0.8465
vn -0.0635 -0.2529 -0.9654
vn -0.2602 -0.5914 -0.7632
vn -0.3414 -0.6221 -0.7046
vn 0.1437 -0.7348 -0.6629
vn -0.2935 -0.8033 0.5182
vn -0.0392 -0.7979 -0.6015
vn -0.7905 -0.5918 -0.1580
vn -0.7629 -0.5918 0.2605
vn -0.8640 -0.5003 0.0570
vn -0.7273 0.6776 -0.1091
vn 0.7626 -0.4935 -0.4182
vn -0.1415 -0.6934 0.7065
vn -0.6924 -0.3026 -0.6550
vn 0.1948 -0.3640 -0.9108
vn 0.2089 -0.4234 -0.8815
vn 0.1584 -0.5912 -0.7908
vn 0.6200 -0.5656 -0.5438
vn -0.0216 -0.9415 -0.3363
vn 0.4718 -0.8491 0.2376
vn 0.2467 -0.6236 -0.7418
vn 0.3601 -0.8001 0.4797
vn -0.7360 -0.3081 -0.6029
vn -0.0464 -0.8992 0.4352
vn -0.7414 -0.6242 -0.2463
vn -0.7997 -0.5073 -0.3211
vn 0.2777 -0.7206 -0.6353
vn 0.8034 -0.5760 0.1511
vn 0.8805 -0.4547 -0.1341
vn 0.3285 -0.9438 -0.0364
vn -0.6341 0.5986 0.4894
vn -0.0653 -0.9701 -0.2338
vn 0.7542 0.5744 0.3183
vn -0.4983 0.0566 0.8651
vn -0.1599 -0.8477 0.5057
vn -0.3050 0.0325 0.9518
vn -0.4748 0.7557 0.4511
vn -0.0437 -0.9776 0.2059
vn 0.1225 -0.8970 0.4247
vn 0.6943 0.7183 -0.0449
vn 0.3000 -0.6647 0.6842
vn 0.5651 0.2702 0.7795
vn -0.0715 0.8454 0.5293
vn -0.9393 -0.0892 -0.3313
vn 0.7793 0.2703 -0.5653
vn 0.7814 0.2789 -0.5582
vn 0.4917 0.2732 -0.8268
vn 0.4621 0.3666 -0.8075
vn 0.4903 0.2565 -0.8329
vn 0.0801 0.9968 -0.0054
vn -0.4491 0.3890 0.8044
vn 0.0639 0.9979 -0.0044
vn 0.6279 -0.7770 0.0448
vn -0.7867 0.1780 -0.5912
vn 0.1218 0.6693 0.7329
vn 0.2446 0.3287 0.9122
vn 0.7325 0.6697 -0.1222
vn 0.5464 0.4861 0.6820
vn 0.7753 0.1824 -0.6047
vn 0.0651 -0.1556 0.9857
vn -0.1455 0.3387 0.9296
vn -0.0254 0.6707 0.7413
vn -0.5661 0.1558 0.8095
vn -0.3394 -0.0642 0.9385
vn 0.0847 -0.1581 0.9838
vn -0.1777 0.7270 0.6633
vn 0.4577 0.0690 0.8864
vn 0.6580 0.3216 0.6809
vn 0.0571 0.4898 0.8700
vn 0.0568 0.4975 0.8656
vn -0.6711 0.7276 0.1424
vn -0.0412 -0.7990 -0.5999
vn -0.6120 0.3357 -0.7161
vn 0.0418 0.5271 -0.8488
vn 0.9928 -0.1158 -0.0318
vn 0.6928 -0.3018 0.6550
vn 0.3954 0.4389 0.8069
vn 0.8480 0.2790 0.4507
vn 0.7611 0.2846 -0.5829
vn 0.7598 0.2682 -0.5922
vn 0.7792 0.2613 -0.5697
vn -0.7851 -0.2700 0.5575
vn -0.7611 -0.2847 0.5829
vn -0.8125 -0.2700 0.5168
vn 0.8328 0.2568 0.4904
vn 0.8267 0.2734 0.4918
vn -0.7400 0.3658 0.5644
vn -0.7387 0.3887 0.5506
vn -0.0910 -0.9834 0.1569
vn 0.6072 -0.5532 0.5703
vn 0.8776 -0.3636 -0.3125
vn 0.9302 -0.3619 -0.0613
vn 0.8467 -0.4230 -0.3227
vn 0.9656 -0.2522 -0.0637
vn 0.7049 -0.6215 -0.3418
vn 0.2934 -0.9204 -0.2586
vn 0.6019 -0.7976 -0.0397
vn -0.7564 -0.4960 0.4265
vn 0.6552 -0.3018 -0.6926
vn 0.9110 -0.3636 0.1945
vn 0.8818 -0.4230 0.2087
vn 0.3368 -0.9413 -0.0222
vn 0.7422 -0.6233 0.2463
vn -0.0334 -0.9826 -0.1827
vn -0.0382 -0.9681 0.2477
vn 0.5266 0.2031 0.8255
vn 0.6334 0.5993 -0.4896
vn 0.0665 -0.9700 0.2337
vn 0.5705 -0.6701 0.4749
vn -0.4656 -0.0448 -0.8839
vn -0.0714 -0.1557 -0.9852
vn 0.3313 -0.0885 -0.9394
vn -0.1311 -0.9335 -0.3338
vn 0.8073 0.3668 0.4623
vn 0.8041 0.3897 0.4489
vn -0.0501 0.6560 -0.7531
vn 0.7382 0.3896 -0.5506
vn 0.5690 -0.6988 -0.4336
vn 0.8072 0.5749 -0.1340
vn 0.1414 0.8513 0.5052
vn 0.6371 -0.7325 -0.2401
vn 0.1414 0.3381 -0.9304
vn -0.1228 0.6699 -0.7322
vn -0.2429 0.3284 -0.9128
vn -0.0426 0.0507 -0.9978
vn 0.4201 0.0213 0.9072
vn -0.4204 0.0246 -0.9070
vn -0.0518 0.6247 -0.7791
vn -0.0574 0.4975 -0.8656
vn -0.0518 0.6248 -0.7791
vn -0.8702 0.4893 0.0574
vn -0.8659 0.4969 0.0571
vn 0.6703 0.7284 -0.1423
vn -0.0390 0.6084 -0.7927
vn 0.0394 -0.9680 -0.2477
vn 0.3058 -0.4578 -0.8348
vn 0.1465 0.2962 -0.9438
vn -0.7820 0.2638 0.5648
vn 0.4578 0.2702 -0.8470
vn 0.4505 0.2788 -0.8481
vn -0.4919 0.2726 0.8269
vn -0.4625 0.3660 0.8075
vn -0.4906 0.2559 0.8330
vn -0.5509 0.3888 -0.7385
vn -0.5646 0.3660 -0.7398
vn -0.3279 -0.7358 0.5925
vn -0.8771 -0.3647 0.3125
vn -0.9297 -0.3631 0.0613
vn -0.8462 -0.4241 0.3226
vn -0.9653 -0.2534 0.0636
vn -0.7042 -0.6224 0.3418
vn -0.6009 -0.7983 0.0397
vn 0.2609 -0.5911 0.7632
vn -0.1576 -0.5914 0.7908
vn 0.0401 -0.7979 0.6014
vn -0.9106 -0.3647 -0.1946
vn -0.8813 -0.4241 -0.2087
vn -0.3231 -0.9183 -0.2289
vn -0.3356 -0.9417 0.0221
vn 0.0347 -0.9826 0.1827
vn -0.5057 -0.3663 -0.7811
vn 0.7618 -0.5439 0.3521
vn -0.8472 0.2693 -0.4581
vn 0.4671 0.4251 0.7753
vn -0.5957 0.2559 -0.7613
vn -0.5584 0.2781 -0.7816
vn 0.4486 0.3895 -0.8044
vn 0.4668 0.4000 0.7887
vn 0.0245 0.6707 -0.7414
vn 0.8696 0.4904 -0.0573
vn -0.0662 0.6084 -0.7909
vn -0.0686 0.6144 -0.7860
vn -0.8331 0.2558 -0.4904
vn -0.8483 0.2779 -0.4507
vn -0.8077 0.3658 -0.4624
vn -0.8270 0.2725 -0.4918
vn -0.8046 0.3887 -0.4489
vn 0.0493 0.6560 0.7531
vn 0.0483 0.6729 0.7381
vn 0.3127 -0.3640 0.8774
vn 0.0615 -0.3625 0.9300
vn 0.0573 -0.4997 0.8643
vn 0.3229 -0.4233 0.8465
vn 0.0638 -0.2529 0.9654
vn 0.3421 -0.6217 0.7045
vn -0.1943 -0.3643 0.9108
vn -0.2084 -0.4237 0.8815
vn -0.7086 -0.6123 0.3507
vn 0.0228 -0.9415 0.3362
vn -0.2459 -0.6240 0.7418
vn -0.8219 -0.0202 0.5693
vn 0.2459 -0.5374 -0.8067
vn 0.5954 0.2566 0.7613
vn 0.5580 0.2788 0.7816
vn 0.5959 0.2733 0.7551
vn 0.5641 0.3667 0.7398
vn -0.0651 -0.1404 -0.9880
vn -0.5022 0.7513 -0.4282
vn -0.4822 0.7688 -0.4200
vn 0.4539 0.0500 0.8896
vn 0.0682 0.1411 0.9876
vn 0.2769 -0.7152 0.6417
vn -0.3995 -0.0305 0.9162
vn -0.4539 -0.3793 0.8063
vn 0.1230 -0.6700 0.7321
vn 0.2429 -0.3285 0.9127
vn 0.6590 -0.1702 0.7327
vn 0.0510 0.6248 0.7791
vn 0.2429 -0.3284 0.9127
vn -0.1414 -0.3381 0.9304
vn 0.0647 0.1731 0.9828
vn -0.0245 -0.6707 0.7414
vn -0.5572 -0.1546 0.8159
vn -0.3302 0.0629 0.9418
vn -0.1768 -0.7272 0.6632
vn 0.0871 0.1573 0.9837
vn 0.4778 -0.0754 0.8752
vn 0.6666 -0.3263 0.6702
vn -0.0577 0.4898 -0.8699
vn -0.5963 0.2726 -0.7551
vn -0.6658 -0.7109 0.2264
vn -0.1036 0.9936 0.0450
vn -0.0894 -0.8870 0.4530
vn 0.0258 -0.9289 0.3694
vn 0.1492 -0.8869 0.4373
vn -0.0193 0.9802 -0.1972
vn 0.6993 0.7110 0.0748
vn -0.3941 0.9157 -0.0780
vn -0.1394 0.7677 -0.6255
vn -0.1844 -0.7990 -0.5723
vn -0.0498 -0.6748 -0.7363
vn 0.2101 0.6937 0.6890
vn -0.5357 0.1525 -0.8305
vn -0.0729 -0.9752 0.2089
vn -0.7999 -0.5507 -0.2387
vn 0.0314 0.6523 -0.7573
vn 0.0698 -0.5325 -0.8436
vn -0.0470 0.1394 -0.9891
vn 0.6779 -0.5037 -0.5355
vn -0.2127 0.9372 -0.2763
vn -0.2654 0.9635 -0.0349
vn 0.1350 0.9377 -0.3200
vn -0.7397 -0.5435 -0.3968
vn -0.7840 0.5190 0.3405
vn -0.0171 0.6665 -0.7453
vn 0.0727 -0.4627 0.8835
vn 0.0470 0.1394 -0.9891
vn -0.4903 0.7201 0.4909
vn 0.7686 -0.5300 -0.3582
vn -0.1234 -0.9476 -0.2948
vn 0.0260 0.2826 0.9589
vn -0.3448 -0.3881 0.8547
vn -0.0015 0.7516 0.6596
vn 0.0755 0.1877 0.9793
vn 0.0777 0.9965 -0.0314
vn -0.8449 0.5212 -0.1202
vn -0.2931 -0.9351 0.1990
vn 0.0470 -0.6916 0.7207
vn 0.6163 -0.4236 -0.6639
vn -0.0319 -0.8698 -0.4924
vn -0.7033 0.6681 0.2430
vn 0.0618 -0.3531 0.9336
vn 0.6666 -0.7101 -0.2265
vn -0.1544 -0.9349 0.3194
vn 0.7426 0.6461 0.1763
vn -0.1758 0.6508 0.7387
vn -0.0572 -0.4869 -0.8716
vn -0.5568 0.5354 0.6351
vn -0.2903 -0.3679 0.8834
vn -0.4021 -0.7920 0.4594
vn 0.3152 -0.9349 0.1632
vn 0.0474 0.6865 0.7256
vn -0.0495 0.9943 0.0945
vn -0.2712 0.6507 -0.7092
vn 0.2418 -0.9304 -0.2754
vn -0.3690 -0.9292 0.0218
vn 0.3067 0.9516 -0.0203
vn -0.7818 0.2779 0.5582
vn -0.1643 0.5607 -0.8116
vn -0.8396 0.5122 0.1807
vn -0.7182 0.6943 0.0467
vn 0.0521 -0.6182 0.7843
vn -0.6507 -0.3188 0.6892
vn 0.0943 0.5270 0.8446
vn -0.7379 -0.3208 -0.5937
vn 0.1135 0.7990 -0.5906
vn 0.8307 0.5284 -0.1752
vn -0.5969 -0.4262 0.6798
vn 0.3387 0.9133 -0.2261
vn 0.1669 0.5310 0.8308
vn -0.1948 -0.9349 -0.2966
vn 0.5907 0.7986 0.1153
vn -0.1924 0.7982 -0.5709
vn 0.4528 0.8083 0.3764
vn -0.8472 0.5274 -0.0646
vn 0.5562 0.5361 -0.6350
vn 0.0397 0.7925 0.6085
vn -0.4407 -0.8142 -0.3780
vn -0.3318 0.9152 0.2290
vn -0.3805 0.9159 0.1282
vn -0.0491 0.6729 -0.7381
vn -0.0360 0.6144 -0.7882
vn 0.0309 -0.8869 0.4608
vt 0.289063 -0.124390
vt 0.291748 -0.162109
vt 0.269775 -0.148193
vt 0.396240 -0.244141
vt 0.329346 -0.349609
vt 0.310059 -0.334473
vt 0.761230 -0.534668
vt 0.748535 -0.499268
vt 0.774902 -0.499268
vt 0.401123 -0.246216
vt 0.380859 -0.373779
vt 0.351074 -0.361572
vt 0.393799 -0.242188
vt 0.291992 -0.313721
vt 0.278320 -0.289551
vt 0.824219 -0.499268
vt 0.782227 -0.534668
vt 0.800293 -0.499268
vt 0.393799 -0.238037
vt 0.270996 -0.266602
vt 0.268311 -0.239868
vt 0.738281 -0.644531
vt 0.719238 -0.644531
vt 0.396240 -0.234863
vt 0.270752 -0.212524
vt 0.278564 -0.186523
vt 1.719727 -0.644531
vt 1.738281 -0.644531
vt 0.395996 -0.230469
vt 0.309570 -0.140381
vt 0.255371 -0.302246
vt 0.271729 -0.329834
vt 0.611328 -0.499268
vt 0.604492 -0.534668
vt 0.585449 -0.499268
vt 0.307617 -0.104370
vt 1.649414 -0.625977
vt 1.670898 -0.644531
vt 1.667969 -0.625977
vt 0.245117 -0.271973
vt 0.241699 -0.239624
vt 0.665527 -0.499268
vt 0.647461 -0.534668
vt 0.638184 -0.499268
vt 0.534668 -0.499268
vt 0.546387 -0.463135
vt 0.562012 -0.499268
vt 0.254395 -0.176392
vt 1.747070 -0.625977
vt 1.737305 -0.603027
vt 1.725586 -0.625977
vt 0.656738 -0.644531
vt 0.637207 -0.625977
vt 0.649414 -0.625977
vt 0.366455 -0.400879
vt 0.343018 -0.387695
vt 1.656250 -0.644531
vt 0.316650 -0.373047
vt 0.398193 -0.227295
vt 0.336182 -0.115479
vt 0.292480 -0.353516
vt 0.398926 -0.239136
vt 0.398682 -0.232544
vt 1.546875 -0.463135
vt 1.534180 -0.499268
vt 1.562500 -0.499268
vt 1.711914 -0.603027
vt 1.707031 -0.625977
vt 0.819336 -0.534668
vt 0.848633 -0.499268
vt 1.660156 -0.603027
vt 1.637695 -0.603027
vt 0.721191 -0.499268
vt 0.693359 -0.534668
vt 0.693359 -0.499268
vt 1.686523 -0.603027
vt 1.720703 -0.568359
vt 1.760742 -0.534668
vt 1.739258 -0.534668
vt 1.782227 -0.534668
vt 1.824219 -0.499268
vt 1.799805 -0.499268
vt 1.637695 -0.625977
vt 1.838867 -0.463135
vt 1.813477 -0.463135
vt 1.687500 -0.644531
vt 0.660156 -0.603027
vt 0.667969 -0.625977
vt 1.704102 -0.644531
vt 0.724609 -0.463135
vt 0.648926 -0.568359
vt 0.669922 -0.534668
vt 0.684082 -0.568359
vt 0.755371 -0.463135
vt 0.616699 -0.568359
vt 0.584961 -0.534668
vt 0.572754 -0.463135
vt 1.754883 -0.568359
vt 0.244995 -0.207397
vt 1.616211 -0.568359
vt 1.775391 -0.499268
vt 1.597656 -0.568359
vt 1.584961 -0.534668
vt 1.567383 -0.534668
vt 0.755371 -0.568359
vt 0.739258 -0.534668
vt 0.625000 -0.534668
vt 0.662109 -0.463135
vt 1.648438 -0.568359
vt 1.604492 -0.534668
vt 1.749023 -0.499268
vt 1.724609 -0.463135
vt 1.721680 -0.499268
vt 1.848633 -0.499268
vt 1.860352 -0.463135
vt 1.785156 -0.463135
vt 1.789063 -0.568359
vt 1.761719 -0.603027
vt 0.645996 -0.644531
vt 0.720703 -0.568359
vt 0.716309 -0.534668
vt 0.597656 -0.568359
vt 0.788574 -0.568359
vt 0.801758 -0.534668
vt 1.801758 -0.534668
vt 1.819336 -0.534668
vt 1.693359 -0.499268
vt 1.669922 -0.534668
vt 1.693359 -0.534668
vt 0.693359 -0.463135
vt 0.813477 -0.463135
vt 1.584961 -0.499268
vt 1.601563 -0.463135
vt 1.572266 -0.463135
vt 1.716797 -0.534668
vt 1.683594 -0.568359
vt 1.637695 -0.499268
vt 1.625000 -0.534668
vt 1.647461 -0.534668
vt 0.686035 -0.603027
vt 0.707031 -0.625977
vt 0.687500 -0.625977
vt 0.736816 -0.603027
vt 0.747070 -0.625977
vt 0.725586 -0.625977
vt 1.623047 -0.603027
vt 0.623047 -0.603027
vt 0.638184 -0.603027
vt 0.712402 -0.603027
vt 0.671387 -0.644531
vt 1.687500 -0.625977
vt 1.665039 -0.499268
vt 0.838867 -0.463135
vt 1.611328 -0.499268
vt 1.630859 -0.463135
vt 0.631348 -0.463135
vt 1.693359 -0.463135
vt 1.662109 -0.463135
vt 1.755859 -0.463135
vt 0.601074 -0.463135
vt 0.704102 -0.644531
vt 0.687988 -0.644531
vt 0.567871 -0.534668
vt 1.645508 -0.644531
vt 1.710454 -0.653381
vt 1.685257 -0.666409
vt 1.710454 -0.666409
vt 0.992362 -0.674853
vt 0.971665 -0.715891
vt 0.971665 -0.674853
vt 1.755472 -0.666409
vt 1.735624 -0.653381
vt 1.735624 -0.666409
vt 0.766679 -0.653381
vt 0.766679 -0.666409
vt 0.755472 -0.666409
vt 1.368957 -0.776079
vt 1.335350 -0.813540
vt 1.351884 -0.825003
vt 0.063198 -0.408990
vt 0.159263 -0.467889
vt 0.117387 -0.499166
vt 0.451730 -0.443817
vt 0.481838 -0.487194
vt 0.437052 -0.478010
vt 1.685257 -0.688064
vt 0.735624 -0.688064
vt 0.710454 -0.666409
vt 0.735624 -0.666409
vt 1.735624 -0.688064
vt 0.635138 -0.688064
vt 0.616900 -0.666409
vt 0.635138 -0.666409
vt 0.767777 -0.845618
vt 0.754097 -0.832128
vt 0.767777 -0.832128
vt 0.711992 -0.845618
vt 0.733864 -0.832128
vt 0.733864 -0.845618
vt 1.616900 -0.666409
vt 1.635138 -0.688064
vt 1.635138 -0.666409
vt 0.710598 -0.719595
vt 0.685491 -0.729239
vt 0.685803 -0.719595
vt 1.068505 -0.861699
vt 1.103705 -0.903595
vt 1.110954 -0.884496
vt 1.710454 -0.691824
vt 1.735624 -0.691824
vt 1.616900 -0.691824
vt 1.616900 -0.688064
vt 1.379554 -0.583959
vt 1.419061 -0.592725
vt 1.419018 -0.583959
vt 0.755472 -0.691824
vt 0.755472 -0.688064
vt 0.728190 -0.970948
vt 0.704291 -0.959746
vt 0.722896 -0.959746
vt 0.685257 -0.714852
vt 0.659784 -0.695182
vt 0.685257 -0.695182
vt 1.635138 -0.695182
vt 1.659785 -0.714852
vt 1.659785 -0.695182
vt 0.616900 -0.714852
vt 0.635138 -0.695182
vt 0.635138 -0.714852
vt 0.735624 -0.695182
vt 0.755472 -0.714852
vt 0.735624 -0.714852
vt 1.616900 -0.714852
vt 1.616900 -0.695182
vt 1.458171 -0.824253
vt 1.409760 -0.808514
vt 1.425465 -0.841015
vt 1.735624 -0.695182
vt 1.755472 -0.714852
vt 1.755472 -0.695182
vt 1.685491 -0.729239
vt 1.710598 -0.719595
vt 1.685803 -0.719595
vt 0.950300 -0.589301
vt 0.941098 -0.608425
vt 0.941098 -0.589301
vt 1.296243 -0.479630
vt 1.315021 -0.474635
vt 1.296243 -0.474635
vt 1.755183 -0.719595
vt 1.767998 -0.729239
vt 1.767998 -0.719595
vt 1.733886 -0.795675
vt 1.711534 -0.729239
vt 1.707811 -0.795675
vt 1.733521 -0.729239
vt 1.751945 -0.795675
vt 1.753935 -0.729239
vt 1.685829 -0.748052
vt 0.685829 -0.748052
vt 0.711534 -0.729239
vt 0.072714 -0.842955
vt 0.025359 -0.838476
vt 0.037095 -0.821358
vt 1.711196 -0.805368
vt 1.736091 -0.805368
vt 0.343626 -0.527072
vt 0.343611 -0.490250
vt 0.364702 -0.510309
vt 0.210040 -0.981269
vt 0.201675 -0.967722
vt 0.210040 -0.967722
vt 1.767998 -0.795675
vt 1.754611 -0.805368
vt 1.767998 -0.805368
vt 1.686188 -0.795675
vt 1.661208 -0.805368
vt 1.686311 -0.805368
vt 0.715514 -0.879187
vt 0.733510 -0.942894
vt 0.698295 -0.933435
vt 1.660516 -0.795675
vt 1.639107 -0.729239
vt 1.639219 -0.795675
vt 0.198693 -0.925071
vt 0.205828 -0.894687
vt 0.216799 -0.903069
vt 1.806172 -0.874213
vt 1.766999 -0.870926
vt 1.799857 -0.892127
vt 0.930819 -0.657665
vt 0.907125 -0.635723
vt 0.932589 -0.635723
vt 1.659785 -0.688064
vt 1.659785 -0.666409
vt 1.661000 -0.719595
vt 1.660084 -0.729239
vt 1.636260 -0.805368
vt 1.616552 -0.795675
vt 1.616552 -0.805368
vt 0.660084 -0.729239
vt 0.685257 -0.688064
vt 0.710454 -0.688064
vt 0.950300 -0.717236
vt 0.941098 -0.753665
vt 0.941098 -0.717236
vt 1.661208 -0.807792
vt 1.686311 -0.819599
vt 1.686311 -0.807792
vt 1.824113 -0.841948
vt 1.813299 -0.803198
vt 1.800040 -0.827604
vt 0.736091 -0.819599
vt 0.754611 -0.807792
vt 0.754611 -0.819599
vt 0.315021 -0.474635
vt 0.335420 -0.479630
vt 0.315021 -0.479630
vt 1.616552 -0.819599
vt 1.636260 -0.807792
vt 1.616552 -0.807792
vt 1.711992 -0.821651
vt 1.686939 -0.832128
vt 1.711992 -0.832128
vt 1.659785 -0.653381
vt 1.635138 -0.653381
vt 1.228626 -0.570268
vt 1.269022 -0.580491
vt 1.272272 -0.568752
vt 1.767777 -0.832128
vt 1.754097 -0.821651
vt 1.754097 -0.832128
vt 0.192130 -0.497995
vt 0.213767 -0.528145
vt 0.205555 -0.535644
vt 1.637028 -0.821651
vt 1.661641 -0.832128
vt 1.661641 -0.821651
vt 1.941098 -0.474580
vt 1.950300 -0.434088
vt 1.941098 -0.434088
vt 0.359244 -0.477977
vt 0.384344 -0.472516
vt 0.384344 -0.477977
vt 0.381446 -0.480953
vt 0.361654 -0.486659
vt 0.361654 -0.480953
vt 1.767777 -0.845618
vt 1.754097 -0.845618
vt 1.733864 -0.845618
vt 1.733864 -0.832128
vt 1.617878 -0.832128
vt 1.637028 -0.845618
vt 1.637028 -0.832128
vt 1.686939 -0.853570
vt 1.711992 -0.850048
vt 1.686939 -0.850048
vt 0.733864 -0.853570
vt 0.711992 -0.853570
vt 0.711992 -0.850048
vt 0.733864 -0.850048
vt 0.754097 -0.850048
vt 0.754097 -0.853570
vt 0.767777 -0.853570
vt 0.767777 -0.850048
vt 1.661641 -0.853570
vt 1.661641 -0.850048
vt 0.191069 -0.963405
vt 0.201860 -0.949859
vt 0.201860 -0.963405
vt 0.310894 -0.568530
vt 0.343727 -0.567874
vt 0.824113 -0.841948
vt 0.780057 -0.858052
vt 0.800040 -0.827604
vt 0.501724 -0.459203
vt 0.491709 -0.492252
vt 1.686939 -0.821651
vt 1.685114 -0.955399
vt 1.665805 -0.959746
vt 1.684842 -0.959746
vt 1.661492 -0.970948
vt 1.648082 -0.959746
vt 1.639868 -0.970948
vt 0.854396 -0.570719
vt 0.844439 -0.591697
vt 0.836079 -0.585839
vt 1.684168 -0.970948
vt 1.704291 -0.959746
vt 1.625888 -0.970948
vt 1.614440 -0.995373
vt 1.728190 -0.970948
vt 1.706496 -0.970948
vt 0.305434 -0.901871
vt 0.245692 -0.903533
vt 0.274775 -0.873901
vt 1.971665 -0.551164
vt 1.992362 -0.592159
vt 1.992362 -0.551164
vt 1.941098 -0.415726
vt 1.950300 -0.412610
vt 0.706496 -0.970948
vt 0.733444 -0.995373
vt 0.718004 -0.995373
vt 0.703279 -0.995373
vt 1.733444 -0.995373
vt 0.749230 -0.995373
vt 0.211337 -0.949859
vt 0.218364 -0.963405
vt 0.211337 -0.963405
vt 0.639868 -0.970948
vt 0.629341 -0.995373
vt 0.614440 -0.995373
vt 0.733886 -0.795675
vt 0.707811 -0.795675
vt 0.661492 -0.970948
vt 0.659211 -0.995373
vt 0.644859 -0.995373
vt 0.686311 -0.819599
vt 0.661208 -0.807792
vt 0.686311 -0.807792
vt 0.684168 -0.970948
vt 0.688736 -0.995373
vt 0.674325 -0.995373
vt 0.046584 -0.675615
vt 0.097417 -0.679560
vt 0.058573 -0.697623
vt 0.735624 -0.653381
vt 0.710454 -0.653381
vt 1.480617 -0.529908
vt 1.459268 -0.566507
vt 1.465502 -0.574518
vt 1.766679 -0.653381
vt 1.766679 -0.666409
vt 0.335350 -0.813540
vt 0.368957 -0.776079
vt 0.351885 -0.825003
vt 0.659784 -0.653381
vt 0.659784 -0.666409
vt 0.616900 -0.653381
vt 0.635138 -0.653381
vt 1.711196 -0.819599
vt 0.659784 -0.688064
vt 0.685257 -0.666409
vt 0.733521 -0.729239
vt 0.751946 -0.795675
vt 1.766679 -0.714852
vt 1.766679 -0.695182
vt 1.711992 -0.845618
vt 1.755472 -0.688064
vt 0.710454 -0.691824
vt 0.941098 -0.415726
vt 0.950300 -0.434088
vt 0.941098 -0.434088
vt 0.661208 -0.805368
vt 0.686188 -0.795675
vt 0.686311 -0.805368
vt 0.616900 -0.691824
vt 0.635138 -0.691824
vt 0.766679 -0.691824
vt 0.766679 -0.688064
vt 0.685257 -0.653381
vt 0.659784 -0.714852
vt 1.685257 -0.695182
vt 0.710454 -0.695182
vt 0.766679 -0.695182
vt 0.766679 -0.714852
vt 0.710454 -0.714852
vt 1.710454 -0.714852
vt 1.710454 -0.695182
vt 1.735624 -0.714852
vt 1.736216 -0.719595
vt 0.736216 -0.719595
vt 0.753935 -0.729239
vt 0.755183 -0.719595
vt 1.378903 -0.579492
vt 1.415571 -0.567637
vt 1.376552 -0.568341
vt 0.813299 -0.803198
vt 0.859963 -0.787287
vt 0.839043 -0.818112
vt 0.639107 -0.729239
vt 0.660515 -0.795675
vt 0.639219 -0.795675
vt 0.661641 -0.853570
vt 0.686939 -0.850048
vt 0.686939 -0.853570
vt 0.767998 -0.729239
vt 0.873875 -0.635723
vt 0.849656 -0.677820
vt 0.853509 -0.635723
vt 0.711196 -0.805368
vt 0.015398 -0.529446
vt 0.025962 -0.387590
vt 0.069075 -0.519142
vt 0.663753 -0.935820
vt 0.634450 -0.876812
vt 0.666646 -0.878403
vt 0.661000 -0.719595
vt 0.635720 -0.719595
vt 0.616552 -0.729239
vt 0.307388 -0.839324
vt 0.278043 -0.824996
vt 0.287113 -0.812804
vt 1.319866 -0.448960
vt 1.304755 -0.467412
vt 1.323015 -0.467379
vt 1.616552 -0.729239
vt 0.711196 -0.807792
vt 0.736091 -0.807792
vt 1.688736 -0.995373
vt 0.767998 -0.807792
vt 0.767998 -0.819599
vt 1.754611 -0.807792
vt 1.736091 -0.819599
vt 1.754611 -0.819599
vt 0.636260 -0.807792
vt 0.661208 -0.819599
vt 0.636260 -0.819599
vt 0.496476 -0.881552
vt 0.442590 -0.887783
vt 0.485497 -0.866095
vt 0.711992 -0.821651
vt 0.733864 -0.821651
vt 0.217462 -0.981269
vt 0.661641 -0.821651
vt 0.686939 -0.832128
vt 0.661641 -0.832128
vt 0.735624 -0.691824
vt 0.617878 -0.821651
vt 0.637028 -0.832128
vt 0.617878 -0.832128
vt 0.711992 -0.832128
vt 0.686939 -0.845618
vt 1.766679 -0.688064
vt 0.637028 -0.845618
vt 1.564470 -0.831994
vt 1.604998 -0.850785
vt 1.590144 -0.820767
vt 1.628045 -0.951061
vt 1.563985 -0.932551
vt 1.605086 -0.969327
vt 1.711992 -0.853570
vt 1.733864 -0.853570
vt 1.733864 -0.850048
vt 1.754097 -0.850048
vt 1.754097 -0.853570
vt 1.767777 -0.853570
vt 1.767777 -0.850048
vt 1.932501 -0.389827
vt 1.945024 -0.405773
vt 1.945024 -0.389827
vt 0.637028 -0.853570
vt 0.661641 -0.850048
vt 1.277877 -0.746532
vt 1.309939 -0.715466
vt 1.277877 -0.719555
vt 0.685114 -0.955399
vt 0.684842 -0.959746
vt 0.721101 -0.955399
vt 0.703740 -0.955399
vt 0.732893 -0.955399
vt 0.741883 -0.955399
vt 0.735805 -0.959746
vt 1.767998 -0.807792
vt 0.650294 -0.955399
vt 0.665805 -0.959746
vt 0.648082 -0.959746
vt 0.637673 -0.955399
vt 0.636030 -0.959746
vt 0.103705 -0.903595
vt 0.068505 -0.861699
vt 0.110954 -0.884496
vt 0.752305 -0.970948
vt 0.743887 -0.970948
vt 1.703279 -0.995373
vt 1.718004 -0.995373
vt 1.954226 -0.551164
vt 1.966618 -0.511921
vt 1.954226 -0.511921
vt 1.749230 -0.995373
vt 0.625888 -0.970948
vt 1.629341 -0.995373
vt 1.644859 -0.995373
vt 1.659211 -0.995373
vt 1.674325 -0.995373
vt 1.295421 -0.076310
vt 1.261061 -0.090134
vt 1.295593 -0.090134
vt 1.438629 -0.090134
vt 1.401585 -0.076310
vt 1.402688 -0.090134
vt 0.087186 -0.090134
vt 0.123219 -0.076310
vt 0.122847 -0.090134
vt 1.686939 -0.845618
vt 1.192371 -0.076310
vt 1.226683 -0.090134
vt 1.226683 -0.076310
vt 1.014734 -0.090134
vt 1.051778 -0.076310
vt 1.013843 -0.076310
vt 0.295421 -0.076310
vt 0.330517 -0.090134
vt 0.295593 -0.090134
vt 1.330145 -0.076310
vt 1.330517 -0.090134
vt 1.157771 -0.090134
vt 1.192304 -0.090134
vt 0.260994 -0.076310
vt 0.261061 -0.090134
vt 1.260994 -0.076310
vt 0.050675 -0.090134
vt 0.087933 -0.076310
vt 0.966618 -0.551164
vt 0.954226 -0.592159
vt 0.954226 -0.551164
vt 0.329394 -0.057757
vt 0.365431 -0.072867
vt 0.330145 -0.072867
vt 1.192533 -0.057757
vt 1.226683 -0.072867
vt 1.226682 -0.057757
vt 0.192371 -0.072867
vt 0.226682 -0.057757
vt 0.226683 -0.072867
vt 1.329394 -0.057757
vt 1.295421 -0.072867
vt 1.330145 -0.072867
vt 1.087933 -0.072867
vt 1.123971 -0.057757
vt 1.089283 -0.057757
vt 1.157943 -0.072867
vt 1.158328 -0.057757
vt 0.295037 -0.057757
vt 0.260994 -0.072867
vt 0.260832 -0.057757
vt 0.954226 -0.348375
vt 0.966618 -0.307793
vt 0.966618 -0.348375
vt 0.181742 -0.981269
vt 0.172677 -0.967722
vt 0.181742 -0.967722
vt 1.013843 -0.072867
vt 1.054055 -0.057757
vt 1.018922 -0.057757
vt 1.158328 -0.052997
vt 1.192776 -0.021992
vt 1.159021 -0.021992
vt 0.089283 -0.052997
vt 0.125616 -0.021992
vt 0.123971 -0.052997
vt 1.018922 -0.052997
vt 1.061115 -0.021992
vt 1.031217 -0.021992
vt 0.327750 -0.021991
vt 0.295037 -0.052997
vt 0.294345 -0.021991
vt 0.061115 -0.021992
vt 0.092848 -0.021992
vt 0.329394 -0.052997
vt 0.360518 -0.021991
vt 0.364082 -0.052997
vt 1.226682 -0.052997
vt 1.260589 -0.021991
vt 1.226682 -0.021992
vt 1.327750 -0.021991
vt 1.295037 -0.052997
vt 1.329394 -0.052997
vt 0.294195 -0.014373
vt 0.327366 -0.014373
vt 0.226682 -0.021992
vt 0.192824 -0.014373
vt 0.226682 -0.014373
vt 0.260540 -0.014373
vt 0.034577 -0.014373
vt 0.031217 -0.021992
vt 1.226682 -0.014373
vt 1.159171 -0.014373
vt 0.392252 -0.021991
vt 0.359633 -0.014373
vt 0.390401 -0.014373
vt 1.093734 -0.014373
vt 1.092848 -0.021992
vt 0.093734 -0.014373
vt 1.192824 -0.014373
vt 1.418792 -0.014373
vt 1.392252 -0.021991
vt 1.422151 -0.021991
vt 0.260589 -0.021991
vt 0.365431 -0.076310
vt 0.330145 -0.076310
vt 0.157771 -0.090134
vt 0.157943 -0.076310
vt 0.014734 -0.090134
vt 0.051778 -0.076310
vt 0.402688 -0.090134
vt 0.366177 -0.090134
vt 1.122847 -0.090134
vt 1.157943 -0.076310
vt 1.123219 -0.076310
vt 0.439520 -0.076310
vt 0.401585 -0.076310
vt 1.050675 -0.090134
vt 1.087933 -0.076310
vt 1.365431 -0.076310
vt 1.366178 -0.090134
vt 0.192304 -0.090134
vt 0.226683 -0.076310
vt 0.226683 -0.090134
vt 1.087186 -0.090134
vt 0.192371 -0.076310
vt 0.172677 -0.981269
vt 1.260832 -0.057757
vt 1.399310 -0.057757
vt 1.365431 -0.072867
vt 1.401585 -0.072867
vt 0.364082 -0.057757
vt 0.401585 -0.072867
vt 0.087933 -0.072867
vt 0.054055 -0.057757
vt 0.089283 -0.057757
vt 0.399310 -0.057757
vt 0.439520 -0.072867
vt 1.295037 -0.057757
vt 1.260994 -0.072867
vt 0.123219 -0.072867
vt 0.123971 -0.057757
vt 1.364082 -0.057757
vt 0.295421 -0.072867
vt 0.192533 -0.052997
vt 0.226682 -0.052997
vt 1.089283 -0.052997
vt 0.158328 -0.052997
vt 0.159021 -0.021992
vt 1.260832 -0.052997
vt 1.294345 -0.021991
vt 1.399310 -0.052997
vt 1.434444 -0.052997
vt 1.364082 -0.052997
vt 1.360518 -0.021991
vt 0.054055 -0.052997
vt 1.123971 -0.052997
vt 1.125616 -0.021992
vt 0.192776 -0.021992
vt 0.126001 -0.014373
vt 0.159171 -0.014373
vt 1.062967 -0.014373
vt 1.390401 -0.014373
vt 1.359633 -0.014373
vt 1.294195 -0.014373
vt 1.260540 -0.014373
vt 0.418792 -0.014373
vt 1.126001 -0.014373
vt 1.327366 -0.014373
vt 0.157943 -0.072867
vt 0.192533 -0.057757
vt 1.533436 -0.769927
vt 1.566188 -0.734754
vt 1.520452 -0.753129
vt 0.830998 -0.752395
vt 0.829143 -0.769719
vt 1.087011 -0.646371
vt 1.132258 -0.655982
vt 1.111238 -0.629987
vt 1.971665 -0.715891
vt 1.992362 -0.674853
vt 1.971665 -0.674853
vt 0.055305 -0.343883
vt 0.193325 -0.425358
vt 0.080449 -0.384577
vt 0.055433 -0.359470
vt 0.062459 -0.316595
vt 0.056265 -0.328046
vt 0.030728 -0.316747
vt 0.071937 -0.302369
vt 0.065591 -0.286981
vt 0.052230 -0.292332
vt 0.038193 -0.364527
vt 0.013798 -0.327949
vt 0.954226 -0.408926
vt 0.945024 -0.389827
vt 0.954226 -0.389827
vt 0.055990 -0.273415
vt 0.043254 -0.283479
vt 0.041445 -0.263002
vt 1.184214 -0.695437
vt 1.137523 -0.704205
vt 1.169634 -0.723119
vt 1.950300 -0.306912
vt 1.941098 -0.346550
vt 1.950300 -0.346550
vt 1.113053 -0.770664
vt 1.061349 -0.771872
vt 1.103413 -0.792590
vt 0.024079 -0.256685
vt 0.015008 -0.304370
vt 0.004191 -0.255145
vt 0.006066 -0.378146
vt 0.012278 -0.905810
vt 0.041009 -0.911808
vt 0.027438 -0.921444
vt 0.024477 -0.307106
vt 0.637028 -0.821651
vt 0.053078 -0.388292
vt 0.966618 -0.431199
vt 0.966618 -0.389827
vt 0.069423 -0.947267
vt 0.085901 -0.935825
vt 0.085344 -0.952454
vt 0.286959 -0.426607
vt 0.274774 -0.448092
vt 0.268264 -0.430718
vt 1.945024 -0.374479
vt 0.945024 -0.649684
vt 0.945024 -0.635723
vt 0.403625 -0.448982
vt 0.391787 -0.427349
vt 0.410421 -0.431784
vt 1.873733 -0.389827
vt 1.901752 -0.428130
vt 1.907011 -0.389827
vt 1.848551 -0.348401
vt 1.864301 -0.335594
vt 0.833305 -0.368413
vt 0.848551 -0.348401
vt 0.853348 -0.389827
vt 0.831310 -0.389827
vt 1.873875 -0.635723
vt 1.903037 -0.673303
vt 1.907125 -0.635723
vt 0.873733 -0.389827
vt 0.864301 -0.335594
vt 0.848121 -0.430817
vt 0.833085 -0.410650
vt 0.821022 -0.389827
vt 0.736091 -0.805368
vt 1.966618 -0.473190
vt 1.954226 -0.431199
vt 1.954226 -0.473190
vt 0.317142 -0.423534
vt 0.295183 -0.418263
vt 0.317142 -0.418263
vt 0.954226 -0.431199
vt 1.553279 -0.807895
vt 1.573076 -0.773294
vt 1.542323 -0.785934
vt 0.158328 -0.057757
vt 0.966618 -0.592159
vt 0.954226 -0.615300
vt 0.954226 -0.635723
vt 1.954226 -0.389827
vt 1.954226 -0.371475
vt 0.966618 -0.674853
vt 0.954226 -0.652680
vt 0.966618 -0.635723
vt 0.394960 -0.468583
vt 0.380032 -0.445457
vt 1.932589 -0.635723
vt 1.945024 -0.649684
vt 1.945024 -0.635723
vt 1.929947 -0.610825
vt 0.929947 -0.610825
vt 0.322260 -0.934042
vt 0.348659 -0.923412
vt 0.329636 -0.937052
vt 0.832779 -0.615960
vt 0.847345 -0.595435
vt 0.831485 -0.635723
vt 0.954226 -0.674853
vt 0.857464 -0.701090
vt 0.846334 -0.680727
vt 0.862342 -0.693141
vt 1.954226 -0.715891
vt 1.966618 -0.753665
vt 1.966618 -0.715891
vt 1.901111 -0.596833
vt 0.223119 -0.319624
vt 0.833964 -0.658179
vt 0.821204 -0.635723
vt 0.901111 -0.596833
vt 0.908133 -0.460044
vt 0.912059 -0.470684
vt 0.903986 -0.468720
vt 0.910665 -0.477172
vt 0.902929 -0.485715
vt 0.911656 -0.487114
vt 1.941098 -0.659274
vt 1.950300 -0.677658
vt 1.950300 -0.656274
vt 0.904367 -0.518106
vt 0.914736 -0.518341
vt 0.913935 -0.566618
vt 0.907354 -0.559996
vt 0.415571 -0.567637
vt 0.471917 -0.523656
vt 0.459268 -0.566507
vt 1.950300 -0.474580
vt 1.941098 -0.511928
vt 1.950300 -0.511928
vt 0.659784 -0.691824
vt 1.941098 -0.549770
vt 1.950300 -0.549770
vt 0.422023 -0.656570
vt 0.467211 -0.647117
vt 0.446253 -0.678883
vt 1.814822 -0.939214
vt 1.778050 -0.984325
vt 1.827180 -0.960222
vt 1.685257 -0.691824
vt 1.992362 -0.511921
vt 1.971665 -0.473190
vt 1.971665 -0.511921
vt 0.617878 -0.853570
vt 0.637028 -0.850048
vt 1.220225 -0.813573
vt 1.187030 -0.774633
vt 1.202087 -0.824688
vt 0.971665 -0.307793
vt 0.992362 -0.348375
vt 0.971665 -0.348375
vt 1.148541 -0.922968
vt 1.109205 -0.913962
vt 1.138019 -0.939568
vt 0.829872 -0.612222
vt 0.819625 -0.608045
vt 1.971665 -0.307793
vt 1.992362 -0.348375
vt 1.992362 -0.307793
vt 0.954226 -0.371475
vt 1.966618 -0.307793
vt 1.954226 -0.348375
vt 1.966618 -0.348375
vt 1.954226 -0.674853
vt 1.966618 -0.674853
vt 0.873132 -0.461189
vt 0.877994 -0.469485
vt 0.870115 -0.472122
vt 0.872050 -0.478469
vt 0.880498 -0.486408
vt 0.871919 -0.488532
vt 0.871435 -0.519827
vt 0.881748 -0.518730
vt 0.882252 -0.560722
vt 0.876244 -0.567868
vt 0.950300 -0.549770
vt 0.941098 -0.549770
vt 1.941098 -0.306912
vt 1.950300 -0.269844
vt 1.941098 -0.269844
vt 1.416149 -0.433607
vt 0.429405 -0.459381
vt 1.582255 -0.883975
vt 1.577104 -0.863634
vt 0.399362 -0.409461
vt 0.437246 -0.898150
vt 0.391346 -0.890660
vt 0.428915 -0.874311
vt 0.927080 -0.461155
vt 0.930647 -0.471921
vt 0.922644 -0.469687
vt 0.929036 -0.478358
vt 0.921017 -0.486636
vt 0.929691 -0.488327
vt 1.365416 -0.838594
vt 1.393616 -0.799538
vt 0.921367 -0.519057
vt 0.931722 -0.519640
vt 0.929304 -0.567863
vt 0.922948 -0.561024
vt 0.339225 -0.425634
vt 0.358352 -0.419688
vt 0.358352 -0.425634
vt 1.464520 -0.592725
vt 1.465593 -0.583959
vt 1.361654 -0.486659
vt 1.343071 -0.480953
vt 1.343071 -0.486659
vt 0.144768 -0.807706
vt 0.123617 -0.769236
vt 0.157778 -0.787746
vt 0.888728 -0.458659
vt 0.893589 -0.466956
vt 0.885710 -0.469592
vt 0.887644 -0.475940
vt 0.896092 -0.483879
vt 0.887512 -0.486003
vt 1.871919 -0.488532
vt 1.881748 -0.518730
vt 1.880498 -0.486408
vt 0.887027 -0.517298
vt 0.897340 -0.516201
vt 0.897848 -0.558192
vt 0.891841 -0.565339
vt 1.819625 -0.608045
vt 1.818297 -0.631986
vt 1.829872 -0.612222
vt 0.838315 -0.687062
vt 0.830642 -0.661086
vt 0.686939 -0.821651
vt 1.966618 -0.431199
vt 1.966618 -0.389827
vt 1.954226 -0.408926
vt 1.954226 -0.635723
vt 0.334819 -0.423534
vt 0.945024 -0.618411
vt 0.945024 -0.405773
vt 0.932501 -0.389827
vt 0.300035 -0.500781
vt 0.269181 -0.479038
vt 0.292504 -0.477948
vt 0.058962 -0.644886
vt 0.036907 -0.569213
vt 0.058962 -0.558990
vt 1.849656 -0.677820
vt 1.853509 -0.635723
vt 1.853348 -0.389827
vt 1.833305 -0.368413
vt 1.831310 -0.389827
vt 1.902166 -0.351636
vt 1.847345 -0.595435
vt 1.862670 -0.582083
vt 1.833085 -0.410650
vt 1.848121 -0.430817
vt 1.821022 -0.389827
vt 0.966618 -0.715891
vt 0.966618 -0.511921
vt 0.954226 -0.473190
vt 0.966618 -0.473190
vt 0.954226 -0.511921
vt 1.941098 -0.677658
vt 1.950300 -0.717236
vt 1.966618 -0.592159
vt 1.954226 -0.592159
vt 1.954226 -0.615300
vt 1.945024 -0.618411
vt 1.954226 -0.652680
vt 1.966618 -0.635723
vt 0.945024 -0.374479
vt 0.032224 -0.565699
vt 0.040029 -0.544620
vt 1.930435 -0.366524
vt 0.901752 -0.428130
vt 0.907011 -0.389827
vt 0.373549 -0.468458
vt 0.358520 -0.449285
vt 1.832779 -0.615960
vt 1.831485 -0.635723
vt 1.941098 -0.753665
vt 1.950300 -0.753665
vt 1.752305 -0.970948
vt 1.735806 -0.959746
vt 1.743887 -0.970948
vt 0.902166 -0.351636
vt 1.833964 -0.658179
vt 1.821204 -0.635723
vt 1.930163 -0.413378
vt 1.908133 -0.460044
vt 1.903986 -0.468720
vt 1.912059 -0.470684
vt 1.910665 -0.477172
vt 1.902929 -0.485715
vt 1.911656 -0.487114
vt 1.897340 -0.516201
vt 1.887512 -0.486003
vt 1.887027 -0.517298
vt 1.913935 -0.566618
vt 1.914736 -0.518341
vt 1.904367 -0.518106
vt 1.907354 -0.559996
vt 0.941098 -0.474580
vt 0.950300 -0.474580
vt 0.471560 -0.844849
vt 0.425465 -0.841015
vt 0.458171 -0.824253
vt 0.845308 -0.434755
vt 0.855754 -0.455487
vt 0.837085 -0.440814
vt 0.505134 -0.902582
vt 0.448282 -0.905859
vt 0.504440 -0.893202
vt 1.755472 -0.691824
vt 1.766679 -0.691824
vt 0.067674 -0.728961
vt 0.116084 -0.721022
vt 1.204053 -0.739510
vt 1.245489 -0.715670
vt 1.214105 -0.708183
vt 1.966618 -0.551164
vt 0.195428 -0.214999
vt 1.254237 -0.661273
vt 0.992362 -0.592159
vt 0.971665 -0.551164
vt 0.992362 -0.551164
vt 0.971665 -0.269844
vt 0.992362 -0.307793
vt 0.950300 -0.677658
vt 0.941098 -0.659274
vt 0.950300 -0.656274
vt 0.992362 -0.635723
vt 0.971665 -0.592159
vt 1.992362 -0.753665
vt 1.971665 -0.753665
vt 0.817646 -0.385889
vt 0.819826 -0.359954
vt 0.829929 -0.364475
vt 0.992362 -0.753665
vt 0.971665 -0.753665
vt 0.818297 -0.631986
vt 1.830642 -0.661086
vt 1.838315 -0.687062
vt 1.846334 -0.680727
vt 1.845175 -0.344463
vt 1.855836 -0.323840
vt 1.837015 -0.338320
vt 1.465826 -0.824800
vt 1.488678 -0.770398
vt 1.448698 -0.792884
vt 1.873132 -0.461189
vt 1.870115 -0.472122
vt 1.877994 -0.469485
vt 1.872050 -0.478469
vt 0.344622 -0.890996
vt 0.316210 -0.874137
vt 0.324143 -0.863489
vt 1.882252 -0.560722
vt 1.871435 -0.519827
vt 1.876244 -0.567868
vt 0.950300 -0.306912
vt 0.941098 -0.346550
vt 0.941098 -0.306912
vt 1.241960 -0.758678
vt 1.199024 -0.767723
vt 0.855836 -0.323840
vt 0.845175 -0.344463
vt 0.837015 -0.338320
vt 1.820643 -0.665838
vt 1.817882 -0.638630
vt 1.807097 -0.644479
vt 0.132258 -0.655982
vt 0.162901 -0.604010
vt 0.111238 -0.629987
vt 0.109205 -0.913962
vt 0.127649 -0.952912
vt 0.101841 -0.929069
vt 1.927080 -0.461155
vt 1.922644 -0.469687
vt 1.930647 -0.471921
vt 1.929036 -0.478358
vt 1.921017 -0.486636
vt 1.929691 -0.488327
vt 1.929304 -0.567863
vt 1.931722 -0.519640
vt 1.921367 -0.519057
vt 1.922948 -0.561024
vt 1.637673 -0.955399
vt 1.650294 -0.955399
vt 1.711196 -0.807792
vt 1.736091 -0.807792
vt 1.313285 -0.759744
vt 1.277803 -0.798592
vt 1.304024 -0.801527
vt 0.820643 -0.665838
vt 0.817882 -0.638630
vt 1.836079 -0.585839
vt 1.844439 -0.591697
vt 1.845308 -0.434755
vt 1.855754 -0.455487
vt 1.860922 -0.447722
vt 1.888728 -0.458659
vt 1.885710 -0.469592
vt 1.893589 -0.466956
vt 1.887644 -0.475940
vt 1.896092 -0.483879
vt 1.897848 -0.558192
vt 1.891841 -0.565339
vt 1.817646 -0.385889
vt 1.819826 -0.359954
vt 1.806769 -0.381622
vt 1.829929 -0.364475
vt 1.857464 -0.701090
vt 1.862342 -0.693141
vt 0.343808 -0.579507
vt 0.308863 -0.579704
vt 1.270139 -0.516393
vt 1.213767 -0.528145
vt 1.343626 -0.527072
vt 1.380106 -0.522222
vt 1.637028 -0.853570
vt 1.418800 -0.577696
vt 1.491709 -0.492252
vt 1.471917 -0.523656
vt 1.501724 -0.459203
vt 1.481838 -0.487194
vt 1.490310 -0.455484
vt 1.413260 -0.506330
vt 1.437052 -0.478010
vt 1.451730 -0.443817
vt 0.413260 -0.506330
vt 0.413549 -0.476920
vt 1.474867 -0.647664
vt 1.492952 -0.695359
vt 1.504869 -0.673178
vt 0.564811 -0.718510
vt 0.507348 -0.719571
vt 0.552690 -0.701512
vt 0.380106 -0.522222
vt 0.384011 -0.501361
vt 1.343611 -0.490250
vt 1.322488 -0.510282
vt 0.306660 -0.521999
vt 0.322488 -0.510282
vt 1.741884 -0.955399
vt 1.732893 -0.955399
vt 1.308863 -0.579704
vt 1.310894 -0.568530
vt 1.343808 -0.579507
vt 1.343727 -0.567874
vt 0.191376 -0.981269
vt 1.192130 -0.497995
vt 1.201867 -0.492274
vt 1.180436 -0.465462
vt 1.389433 -0.478804
vt 1.413549 -0.476920
vt 1.230387 -0.446896
vt 1.247828 -0.479598
vt 0.247829 -0.479598
vt 0.230387 -0.446896
vt 0.252785 -0.461738
vt 0.270139 -0.516393
vt 1.300035 -0.500781
vt 1.269181 -0.479038
vt 0.106069 -0.956496
vt 1.893813 -0.732536
vt 1.844920 -0.721567
vt 1.893077 -0.748659
vt 1.126648 -0.719594
vt 1.274774 -0.448092
vt 1.286959 -0.426607
vt 1.268264 -0.430718
vt 1.279082 -0.408938
vt 1.262420 -0.415829
vt 1.339197 -0.448634
vt 1.355062 -0.467628
vt 1.358520 -0.449285
vt 1.373549 -0.468458
vt 1.380032 -0.445457
vt 1.394960 -0.468583
vt 1.403625 -0.448982
vt 1.391787 -0.427349
vt 1.410421 -0.431784
vt 1.636029 -0.959746
vt 1.381446 -0.480953
vt 1.361654 -0.480953
vt 0.175532 -0.471110
vt 0.180256 -0.506174
vt 0.188795 -0.503045
vt 0.992362 -0.389827
vt 0.971665 -0.431199
vt 0.971665 -0.389827
vt 0.220716 -0.579670
vt 0.194972 -0.542758
vt 0.203341 -0.539806
vt 1.344574 -0.583959
vt 1.310169 -0.592725
vt 1.344749 -0.592725
vt 1.309698 -0.583959
vt 1.270532 -0.592725
vt 1.339225 -0.425634
vt 1.358352 -0.419688
vt 1.339225 -0.419688
vt 1.383786 -0.425634
vt 1.383786 -0.419688
vt 0.800802 -0.909861
vt 0.763893 -0.964423
vt 1.335420 -0.479630
vt 1.315021 -0.479630
vt 1.506563 -0.460682
vt 1.504466 -0.495924
vt 1.515110 -0.464137
vt 1.495765 -0.493456
vt 1.492519 -0.533644
vt 1.470359 -0.579193
vt 1.479586 -0.576779
vt 1.317142 -0.418263
vt 1.334819 -0.423534
vt 1.334819 -0.418263
vt 1.295183 -0.418263
vt 1.317142 -0.423534
vt 0.313728 -0.432830
vt 0.295183 -0.432830
vt 0.295183 -0.427674
vt 0.313728 -0.427674
vt 1.722896 -0.959746
vt 1.358467 -0.434479
vt 1.339153 -0.429101
vt 1.339153 -0.434479
vt 0.383786 -0.425634
vt 1.316909 -0.488289
vt 1.336550 -0.482958
vt 1.316909 -0.482958
vt 0.310169 -0.592725
vt 0.344574 -0.583959
vt 0.344749 -0.592725
vt 1.194972 -0.542758
vt 1.220716 -0.579670
vt 1.203341 -0.539806
vt 1.364431 -0.636515
vt 1.370559 -0.695456
vt 1.345390 -0.648313
vt 1.384344 -0.472516
vt 1.359244 -0.477977
vt 1.384344 -0.477977
vt 0.376552 -0.568341
vt 0.378903 -0.579492
vt 0.418800 -0.577696
vt 0.480617 -0.529908
vt 1.129094 -0.748385
vt 1.161144 -0.739568
vt 1.128438 -0.734171
vt 1.971665 -0.592159
vt 1.992362 -0.635723
vt 1.429405 -0.459381
vt 0.389433 -0.478804
vt 1.384011 -0.501361
vt 1.364702 -0.510309
vt 1.306660 -0.521999
vt 0.272272 -0.568752
vt 0.270532 -0.592725
vt 0.309698 -0.583959
vt 1.617878 -0.853570
vt 1.637028 -0.850048
vt 1.617878 -0.850048
vt 0.269022 -0.580491
vt 0.228626 -0.570268
vt 0.222823 -0.578664
vt 0.358467 -0.434479
vt 0.339153 -0.429101
vt 0.358467 -0.429101
vt 0.364431 -0.636515
vt 0.398592 -0.679264
vt 0.201866 -0.492274
vt 0.549941 -0.952606
vt 0.605086 -0.969327
vt 0.596117 -0.984325
vt 1.252785 -0.461738
vt 1.930819 -0.657665
vt 0.304755 -0.467412
vt 0.319866 -0.448960
vt 0.323015 -0.467379
vt 0.298305 -0.445046
vt 0.283191 -0.467780
vt 0.339197 -0.448634
vt 0.339042 -0.467141
vt 0.930435 -0.366524
vt 1.156549 -0.678036
vt 1.107981 -0.678132
vt 0.180436 -0.465462
vt 0.191626 -0.461102
vt 0.636260 -0.805368
vt 0.616552 -0.795675
vt 0.903037 -0.673303
vt 0.343071 -0.480953
vt 0.343071 -0.486659
vt 0.379533 -0.592725
vt 0.379554 -0.583959
vt 0.419061 -0.592725
vt 0.419018 -0.583959
vt 0.464519 -0.592725
vt 0.465593 -0.583959
vt 1.446253 -0.678883
vt 1.398592 -0.679264
vt 1.418468 -0.704958
vt 0.830272 -0.414588
vt 0.820122 -0.419003
vt 0.225585 -0.592725
vt 0.270130 -0.583959
vt 0.215317 -0.374105
vt 1.383293 -0.429101
vt 1.383293 -0.434479
vt 0.296243 -0.479630
vt 0.296243 -0.474635
vt 1.180256 -0.506174
vt 1.175532 -0.471110
vt 1.188795 -0.503045
vt 1.341348 -0.709113
vt 1.385377 -0.723601
vt 1.117874 -0.735598
vt 1.067674 -0.728961
vt 1.067734 -0.750281
vt 0.754097 -0.821651
vt 0.767777 -0.821651
vt 1.992362 -0.389827
vt 1.971665 -0.431199
vt 1.992362 -0.431199
vt 1.313728 -0.432830
vt 1.313728 -0.427674
vt 1.295183 -0.427674
vt 1.295183 -0.432830
vt 0.334113 -0.432830
vt 0.334113 -0.427674
vt 0.520452 -0.753129
vt 0.510244 -0.740320
vt 0.316909 -0.482958
vt 0.298647 -0.488289
vt 0.298647 -0.482958
vt 0.002993 -0.885245
vt 0.045993 -0.879689
vt 0.037593 -0.894372
vt 1.379533 -0.592725
vt 1.187928 -0.841185
vt 1.134037 -0.848869
vt 1.170656 -0.868483
vt 1.270130 -0.583959
vt 1.225585 -0.592725
vt 0.340518 -0.477977
vt 0.359244 -0.472516
vt 1.397518 -0.789171
vt 1.441043 -0.792338
vt 1.432292 -0.771137
vt 1.113977 -0.791162
vt 1.129358 -0.838502
vt 1.144768 -0.807706
vt 1.428445 -0.753309
vt 0.385030 -0.775770
vt 0.396084 -0.744029
vt 0.428445 -0.753309
vt 1.471560 -0.844849
vt 1.433983 -0.863944
vt 1.442590 -0.887783
vt 1.496476 -0.881552
vt 1.448282 -0.905859
vt 1.505134 -0.902582
vt 1.452717 -0.919264
vt 0.459711 -0.925433
vt 0.452717 -0.919264
vt 0.499834 -0.915021
vt 0.472756 -0.928621
vt 0.489830 -0.928900
vt 0.372044 -0.765712
vt 0.359114 -0.758046
vt 1.428423 -0.721269
vt 1.396084 -0.744029
vt 0.074315 -0.116216
vt 0.122327 -0.138030
vt 0.971665 -0.473190
vt 0.992362 -0.511921
vt 0.971665 -0.511921
vt 0.314531 -0.749378
vt 0.351353 -0.740295
vt 0.370559 -0.695456
vt 1.422023 -0.656570
vt 1.380559 -0.622039
vt 1.277877 -0.663062
vt 0.226419 -0.947702
vt 0.277184 -0.974517
vt 0.270034 -0.985215
vt 0.441043 -0.792338
vt 0.397518 -0.789171
vt 0.432292 -0.771137
vt 0.428423 -0.721269
vt 0.418468 -0.704958
vt 1.467211 -0.647117
vt 0.309939 -0.715466
vt 0.324260 -0.656919
vt 0.301642 -0.661830
vt 1.324260 -0.656919
vt 1.072714 -0.842955
vt 1.048832 -0.801833
vt 1.037095 -0.821358
vt 0.495765 -0.493456
vt 0.492519 -0.533644
vt 0.484701 -0.530698
vt 1.941098 -0.589301
vt 1.950300 -0.589301
vt 1.399362 -0.409461
vt 0.126648 -0.719594
vt 0.107981 -0.678132
vt 0.137523 -0.704205
vt 0.162481 -0.170439
vt 1.971665 -0.348375
vt 1.971665 -0.389827
vt 0.245489 -0.715670
vt 0.277877 -0.663062
vt 0.254237 -0.661273
vt 1.196494 -0.757356
vt 0.196494 -0.757356
vt 0.204053 -0.739510
vt 0.240849 -0.748311
vt 0.184103 -0.764266
vt 0.161144 -0.739568
vt 0.128438 -0.734171
vt 0.040667 -0.932030
vt 0.050762 -0.927298
vt 0.129094 -0.748385
vt 0.149176 -0.762481
vt 0.172005 -0.771598
vt 1.157778 -0.787746
vt 1.123617 -0.769236
vt 0.711196 -0.819599
vt 1.083278 -0.841527
vt 1.096716 -0.820978
vt 1.616900 -0.653381
vt 0.685257 -0.691824
vt 0.048157 -0.892944
vt 0.096098 -0.918702
vt 0.079631 -0.925458
vt 0.051573 -0.910380
vt 0.061326 -0.925870
vt 0.886050 -0.704664
vt 0.890818 -0.716494
vt 0.873479 -0.706779
vt 0.837014 -0.729168
vt 0.844920 -0.721567
vt 0.893077 -0.748659
vt 0.172797 -0.963405
vt 0.180758 -0.949859
vt 0.180758 -0.963405
vt 0.890669 -0.759399
vt 0.873905 -0.776651
vt 1.873905 -0.776651
vt 1.829143 -0.769719
vt 1.859963 -0.787287
vt 1.839043 -0.818112
vt 1.580700 -0.796353
vt 1.780057 -0.858052
vt 1.800802 -0.909861
vt 1.748815 -0.877793
vt 1.733510 -0.942894
vt 1.763893 -0.964423
vt 1.715514 -0.879187
vt 1.698295 -0.933435
vt 0.690882 -0.878024
vt 0.814822 -0.939214
vt 0.279082 -0.408938
vt 0.262420 -0.415829
vt 1.663753 -0.935820
vt 1.634450 -0.876812
vt 0.628045 -0.951061
vt 0.580153 -0.904802
vt 1.710454 -0.688064
vt 1.549941 -0.952606
vt 1.596117 -0.984325
vt 0.080576 -0.573237
vt 0.080577 -0.630639
vt 0.616552 -0.819599
vt 1.703740 -0.955399
vt 0.383293 -0.429101
vt 0.433983 -0.863944
vt 1.510244 -0.740320
vt 1.552691 -0.701512
vt 1.507348 -0.719571
vt 1.890818 -0.716494
vt 1.858257 -0.712582
vt 0.520821 -0.687861
vt 0.535612 -0.691429
vt 0.512845 -0.700478
vt 0.950300 -0.346550
vt 0.941098 -0.365973
vt 0.950300 -0.511928
vt 0.941098 -0.511928
vt 1.251604 -0.802758
vt 1.334113 -0.432830
vt 1.334113 -0.427674
vt 0.187030 -0.774633
vt 0.202087 -0.824688
vt 0.175319 -0.781965
vt 0.161548 -0.798113
vt 1.161548 -0.798113
vt 1.148954 -0.818073
vt 0.061349 -0.771872
vt 0.086152 -0.822406
vt 0.048832 -0.801833
vt 1.392453 -0.605197
vt 0.116221 -0.894863
vt 0.153542 -0.908413
vt 0.148541 -0.922968
vt 0.119642 -0.861045
vt 0.096716 -0.820978
vt 0.129358 -0.838502
vt 1.127649 -0.952912
vt 1.101841 -0.929069
vt 1.106069 -0.956496
vt 1.085901 -0.935825
vt 1.085344 -0.952454
vt 1.069423 -0.947267
vt 1.690882 -0.878024
vt 1.666646 -0.878403
vt 1.493152 -0.866642
vt 1.542998 -0.865233
vt 1.534772 -0.851483
vt 1.515403 -0.823812
vt 1.479215 -0.845396
vt 1.966618 -0.269844
vt 1.954226 -0.307793
vt 0.381527 -0.786137
vt 0.393616 -0.799538
vt 0.451842 -0.961252
vt 0.434249 -0.962443
vt 0.453819 -0.935800
vt 1.466447 -0.938988
vt 1.451842 -0.961252
vt 1.468595 -0.956068
vt 0.032355 -0.638330
vt 0.040015 -0.659245
vt 0.027206 -0.644180
vt 1.818209 -0.393766
vt 1.820122 -0.419003
vt 1.830272 -0.414588
vt 0.950300 -0.269844
vt 0.435358 -0.736878
vt 0.485300 -0.750181
vt 0.436101 -0.753856
vt 0.439947 -0.771684
vt 0.365416 -0.838594
vt 0.954226 -0.307793
vt 0.966618 -0.269844
vt 1.502784 -0.803062
vt 0.316909 -0.488289
vt 0.336550 -0.482958
vt 0.336550 -0.488289
vt 1.407133 -0.937223
vt 1.437245 -0.898150
vt 1.401430 -0.922500
vt 1.549094 -0.889740
vt 1.504131 -0.882099
vt 1.512094 -0.893748
vt 1.447049 -0.929631
vt 1.434249 -0.962443
vt 1.453819 -0.935800
vt 0.512789 -0.903129
vt 0.546199 -0.902983
vt 0.534325 -0.916845
vt 0.466447 -0.938988
vt 0.481628 -0.950864
vt 0.468595 -0.956068
vt 1.046584 -0.675615
vt 1.097417 -0.679560
vt 1.076446 -0.647799
vt 1.058573 -0.697623
vt 0.117874 -0.735598
vt 0.118530 -0.749813
vt 0.067734 -0.750281
vt 0.113053 -0.770664
vt 1.971665 -0.269844
vt 1.721101 -0.955399
vt 0.170656 -0.868483
vt 0.124631 -0.871411
vt 0.134037 -0.848869
vt 1.025359 -0.838476
vt 1.057940 -0.863127
vt 0.057940 -0.863127
vt 0.016074 -0.850780
vt 1.045993 -0.879689
vt 1.002993 -0.885245
vt 1.037593 -0.894372
vt 1.012278 -0.905810
vt 1.041009 -0.911808
vt 1.040667 -0.932030
vt 1.027438 -0.921444
vt 0.156549 -0.678036
vt 0.210134 -0.647243
vt 0.190895 -0.635372
vt 1.174713 -0.620894
vt 1.190895 -0.635372
vt 0.427703 -0.736332
vt 0.169634 -0.723119
vt 0.409760 -0.808514
vt 1.385030 -0.775770
vt 1.359114 -0.758046
vt 1.504440 -0.893202
vt 0.470359 -0.579193
vt 0.479586 -0.576779
vt 1.459711 -0.925433
vt 1.499834 -0.915021
vt 1.472756 -0.928621
vt 1.489830 -0.928900
vt 1.372044 -0.765712
vt 0.385377 -0.723601
vt 0.341348 -0.709113
vt 1.351353 -0.740295
vt 1.314531 -0.749378
vt 0.277877 -0.746532
vt 1.340518 -0.477977
vt 1.359244 -0.472516
vt 1.340518 -0.472516
vt 0.023552 -0.104852
vt 1.301642 -0.661830
vt 0.345390 -0.648313
vt 0.392453 -0.605197
vt 0.441382 -0.630207
vt 1.162901 -0.604010
vt 1.210134 -0.647243
vt 0.184214 -0.695437
vt 0.087011 -0.646371
vt 0.174713 -0.620894
vt 0.502784 -0.803062
vt 0.479215 -0.845396
vt 0.465826 -0.824800
vt 1.240849 -0.748311
vt 1.184103 -0.764266
vt 1.172005 -0.771598
vt 1.149176 -0.762481
vt 0.504466 -0.495924
vt 0.506563 -0.460682
vt 0.515110 -0.464137
vt 0.113977 -0.791162
vt 0.083278 -0.841527
vt 1.635138 -0.691824
vt 1.659785 -0.691824
vt 1.079631 -0.925458
vt 1.096098 -0.918702
vt 1.048157 -0.892944
vt 1.051573 -0.910380
vt 1.061326 -0.925870
vt 1.886050 -0.704664
vt 1.873479 -0.706779
vt 0.893813 -0.732536
vt 0.858257 -0.712582
vt 1.837013 -0.729168
vt 1.830998 -0.752395
vt 1.890669 -0.759399
vt 0.966618 -0.753665
vt 0.954226 -0.715891
vt 0.799857 -0.892127
vt 0.806172 -0.874213
vt 0.098003 -0.586527
vt 0.098003 -0.617348
vt 0.296730 -0.848830
vt 0.778050 -0.984325
vt 1.298647 -0.488289
vt 1.298647 -0.482958
vt 1.580153 -0.904802
vt 0.563985 -0.932551
vt 1.435358 -0.736878
vt 1.485327 -0.729080
vt 1.436078 -0.721816
vt 0.617070 -0.866991
vt 0.577104 -0.863634
vt 0.604998 -0.850785
vt 0.564470 -0.831994
vt 0.590144 -0.820767
vt 0.553279 -0.807895
vt 0.580700 -0.796353
vt 0.542323 -0.785934
vt 0.573076 -0.773294
vt 0.533436 -0.769927
vt 0.568377 -0.755769
vt 0.566188 -0.734754
vt 1.520821 -0.687861
vt 1.512845 -0.700478
vt 1.535612 -0.691429
vt 0.277803 -0.798592
vt 0.313285 -0.759744
vt 0.304024 -0.801527
vt 0.356441 -0.768413
vt 1.685257 -0.653381
vt 1.854396 -0.570719
vt 1.859763 -0.578346
vt 0.241960 -0.758678
vt 0.220225 -0.813573
vt 0.199024 -0.767723
vt 1.175319 -0.781965
vt 0.103413 -0.792590
vt 1.086152 -0.822406
vt 1.056557 -0.878261
vt 1.116221 -0.894863
vt 1.153542 -0.908413
vt 1.016074 -0.850780
vt 1.008221 -0.868975
vt 1.941098 -0.365973
vt 0.754611 -0.805368
vt 0.767998 -0.795675
vt 0.767998 -0.805368
vt 0.549094 -0.889740
vt 0.504131 -0.882099
vt 0.542998 -0.865233
vt 1.546199 -0.902983
vt 0.493152 -0.866642
vt 0.515402 -0.823812
vt 0.534772 -0.851483
vt 0.382678 -0.868571
vt 0.420669 -0.851382
vt 0.488678 -0.770398
vt 0.448698 -0.792884
vt 1.439947 -0.771684
vt 1.485300 -0.750181
vt 1.381527 -0.786137
vt 1.534325 -0.916845
vt 1.507490 -0.915568
vt 1.519803 -0.927604
vt 1.507565 -0.935281
vt 1.497485 -0.929447
vt 0.492952 -0.695359
vt 0.474867 -0.647664
vt 0.504869 -0.673178
vt 0.453908 -0.679430
vt 0.485327 -0.729080
vt 0.436078 -0.721816
vt 1.436100 -0.753856
vt 1.420669 -0.851382
vt 1.382678 -0.868571
vt 1.428915 -0.874311
vt 1.391346 -0.890660
vt 0.422394 -0.956826
vt 0.442756 -0.916226
vt 0.447049 -0.929631
vt 1.512789 -0.903129
vt 0.507490 -0.915568
vt 0.519803 -0.927604
vt 0.507565 -0.935281
vt 0.497485 -0.929447
vt 1.442756 -0.916226
vt 1.422394 -0.956826
vt 1.118530 -0.749813
vt 0.187928 -0.841185
vt 0.148954 -0.818073
vt 1.124631 -0.871411
vt 1.161129 -0.889139
vt 0.008221 -0.868975
vt 0.214105 -0.708183
vt 0.231470 -0.656037
vt 1.427703 -0.736332
vt 0.256185 -0.852125
vt 0.274225 -0.853759
vt 0.238120 -0.878450
vt 0.273467 -0.827277
vt 0.221627 -0.905181
vt 0.236509 -0.932508
vt 0.230659 -0.936388
vt 0.276448 -0.934675
vt 0.862670 -0.582083
vt 0.223589 -0.939984
vt 0.213859 -0.941365
vt 0.203520 -0.927183
vt 0.204920 -0.940220
vt 0.198012 -0.932823
vt 0.292154 -0.851110
vt 0.311634 -0.876418
vt 0.316191 -0.930256
vt 0.276985 -0.953824
vt 0.277444 -0.970086
vt 0.329551 -0.902241
vt 0.339710 -0.938403
vt 0.349582 -0.937186
vt 0.354221 -0.928113
vt 0.191376 -0.967722
vt 0.201675 -0.981269
vt 0.353235 -0.921131
vt 0.365000 -0.914667
vt 0.186716 -0.919399
vt 0.193185 -0.930711
vt 0.180174 -0.926885
vt 0.334126 -0.899961
vt 0.224793 -0.866138
vt 0.251358 -0.850013
vt 0.233293 -0.876338
vt 0.268640 -0.825165
vt 0.240185 -0.841130
vt 0.258861 -0.813493
vt 0.328952 -0.944850
vt 0.279783 -0.974489
vt 0.318530 -0.934660
vt 0.025777 -0.653444
vt 0.028475 -0.660799
vt 0.033896 -0.663744
vt 0.036907 -0.634661
vt 0.006123 -0.601937
vt 0.512095 -0.893748
vt 0.027204 -0.559670
vt 0.025792 -0.550401
vt 0.028888 -0.542925
vt 0.033715 -0.540222
vt 0.118321 -0.601937
vt 0.191069 -0.949859
vt 0.358796 -0.925833
vt 0.371647 -0.922227
vt 0.767998 -0.719595
vt 0.236249 -0.936939
vt 0.051778 -0.072867
vt 0.018922 -0.057757
vt 1.481628 -0.950864
vt 1.482975 -0.939267
vt 0.217462 -0.967722
vt 1.666881 -0.955399
vt 0.992362 -0.431199
vt 0.287526 -0.984767
vt 1.635720 -0.719595
vt 1.733864 -0.821651
vt 0.766999 -0.870926
vt 0.748815 -0.877793
vt 0.405466 -0.818881
vt 1.617070 -0.866991
vt 1.439520 -0.072867
vt 1.205555 -0.535644
vt 1.283191 -0.467780
vt 1.298305 -0.445046
vt 0.218364 -0.949859
vt 0.172797 -0.949859
vt 0.264641 -0.435467
vt 0.941098 -0.677658
vt 0.277803 -0.756899
vt 0.764626 -0.995373
vt 1.617878 -0.821651
vt 1.971665 -0.635723
vt 0.422151 -0.021991
vt 0.399310 -0.052997
vt 0.260832 -0.052997
vt 1.661208 -0.819599
vt 1.764626 -0.995373
vt 0.818209 -0.393766
vt 0.807291 -0.397201
vt 0.355062 -0.467628
vt 1.941098 -0.608425
vt 1.950300 -0.611617
vt 1.356441 -0.768413
vt 1.231470 -0.656037
vt 0.407133 -0.937223
vt 0.401430 -0.922500
vt 0.930163 -0.413378
vt 1.453908 -0.679430
vt 1.837085 -0.440814
vt 0.524414 -0.463135
vt 1.524414 -0.463135
vt 0.785156 -0.463135
vt 0.761719 -0.603027
vt 0.860840 -0.463135
vt 0.992362 -0.715891
vt 0.490310 -0.455484
vt 0.616900 -0.688064
vt 0.754097 -0.845618
vt 1.635138 -0.714852
vt 0.616900 -0.695182
vt 0.755472 -0.695182
vt 0.950300 -0.611617
vt 0.950300 -0.753665
vt 0.335420 -0.474635
vt 1.636260 -0.819599
vt 1.222823 -0.578664
vt 1.767777 -0.821651
vt 0.381446 -0.486659
vt 1.617878 -0.845618
vt 1.661641 -0.845618
vt 0.859763 -0.578346
vt 1.601900 -0.995373
vt 0.076446 -0.647799
vt 0.950300 -0.412610
vt 1.685257 -0.714852
vt 0.865664 -0.690234
vt 0.616552 -0.719595
vt 0.661641 -0.845618
vt 0.743506 -0.959746
vt 1.767998 -0.819599
vt 0.666881 -0.955399
vt 0.056557 -0.878261
vt 0.601900 -0.995373
vt 1.439520 -0.076310
vt 1.192371 -0.072867
vt 1.123219 -0.072867
vt 1.051778 -0.072867
vt 1.192533 -0.052997
vt 1.054055 -0.052997
vt 0.062967 -0.014373
vt 0.013843 -0.076310
vt 0.438629 -0.090134
vt 0.434444 -0.057757
vt 0.018922 -0.052997
vt 1.034577 -0.014373
vt 1.568377 -0.755769
vt 1.992362 -0.715891
vt 0.068182 -0.936237
vt 1.863735 -0.443784
vt 1.865664 -0.690234
vt 0.295183 -0.423534
vt 1.954226 -0.753665
vt 0.216114 -0.266014
vt 1.992362 -0.473190
vt 0.617878 -0.850048
vt 0.416503 -0.416982
vt 1.405466 -0.818881
vt 0.339225 -0.419688
vt 1.807299 -0.630139
vt 0.334819 -0.418263
vt 1.941098 -0.717236
vt 0.863735 -0.443784
vt 1.743506 -0.959746
vt 0.860922 -0.447722
vt 0.992362 -0.269844
vt 0.971665 -0.635723
vt 0.806769 -0.381622
vt 0.807299 -0.630139
vt 1.860926 -0.331656
vt 0.860926 -0.331656
vt 0.138019 -0.939568
vt 1.277803 -0.756899
vt 0.807097 -0.644479
vt 1.191625 -0.461102
vt 1.292504 -0.477948
vt 1.339042 -0.467141
vt 1.381446 -0.486659
vt 0.167344 -0.475307
vt 0.211661 -0.584735
vt 1.358352 -0.425634
vt 1.335420 -0.474635
vt 1.484701 -0.530698
vt 1.295183 -0.423534
vt 1.358467 -0.429101
vt 0.383786 -0.419688
vt 1.336550 -0.488289
vt 1.211661 -0.584735
vt 0.465502 -0.574518
vt 0.339153 -0.434479
vt 0.380559 -0.622039
vt 0.616552 -0.805368
vt 0.224051 -0.583959
vt 1.167344 -0.475307
vt 1.116084 -0.721022
vt 1.224051 -0.583959
vt 0.340518 -0.472516
vt 1.485497 -0.866095
vt 0.992362 -0.473190
vt 1.441382 -0.630207
vt 1.416503 -0.416982
vt 0.277877 -0.719555
vt 1.119642 -0.861045
vt 0.616552 -0.807792
vt 0.383293 -0.434479
vt 1.564811 -0.718510
vt 0.950300 -0.369113
vt 1.068182 -0.936237
vt 1.954226 -0.269844
vt 1.807291 -0.397201
vt 0.941098 -0.269844
vt 0.954226 -0.269844
vt 0.482975 -0.939267
vt 1.992362 -0.269844
vt 0.161129 -0.889139
vt 1.050762 -0.927298
vt 0.954226 -0.753665
vt 0.617878 -0.845618
vt 0.827180 -0.960222
vt 0.582255 -0.883975
vt 0.251604 -0.802758
vt 1.950300 -0.369113
vt 0.013843 -0.072867
vt 1.616552 -0.719595
vt 1.434444 -0.057757
vt 0.777629 -0.995373
vt 0.434444 -0.052997
vt 1.777629 -0.995373
s 1
g センター
g NarukamiShrine_mesh.087_Teleport_Waypoint_B
usemtl Teleport_Waypoint_B
f 25/1/1 199/2/2 24/3/3
s 2
f 2/4/4 3/5/5 5/6/6
s 3
f 96/7/7 93/8/8 95/9/9
s 2
f 1/10/10 8/11/11 4/12/12
f 7/13/13 6/14/14 9/15/15
s 3
f 99/16/16 98/17/17 97/18/18
s 2
f 11/19/19 10/20/20 12/21/21
s 4
f 192/22/22 235/23/23 191/23/24
s 2
f 13/24/25 14/25/26 15/26/27
s 5
f 228/27/28 185/28/29 229/28/30
s 2
f 17/29/31 16/2/32 18/30/33
s 6
f 213/31/34 37/32/35 210/32/36
s 2
f 7/13/13 5/6/6 6/14/14
s 3
f 83/33/37 82/34/38 81/35/39
s 7
f 26/36/40 200/30/41 25/1/42
s 8
f 126/37/43 138/38/44 124/39/45
s 6
f 215/40/46 41/41/47 40/40/48
s 2
f 14/25/26 11/19/19 12/21/21
s 3
f 87/42/49 86/43/50 85/44/51
f 80/45/52 113/46/53 79/47/54
s 9
f 16/2/55 28/48/56 24/3/57
s 8
f 121/49/58 120/50/59 119/51/60
s 3
f 70/52/61 62/53/62 60/54/63
s 10
f 204/25/64 28/48/65 15/26/66
s 6
f 220/1/67 44/3/68 219/3/69
f 46/36/70 220/1/67 221/36/71
f 215/40/46 39/31/72 213/31/34
f 38/55/73 212/56/74 36/56/75
f 44/3/68 218/48/76 219/3/69
s 5
f 186/38/77 231/57/78 187/57/79
s 6
f 36/56/75 211/58/80 35/58/81
s 2
f 20/59/82 18/30/33 19/60/83
s 11
f 202/11/84 23/56/85 198/12/86
s 6
f 37/32/35 209/61/87 210/32/36
f 211/58/80 34/61/88 35/58/81
s 11
f 198/12/86 22/58/89 197/5/90
s 2
f 1/10/10 2/4/4 47/62/91
s 12
f 17/29/92 48/63/93 223/24/94
s 2
f 11/19/19 13/24/25 222/62/95
s 8
f 167/64/96 165/65/97 163/66/98
f 119/51/60 116/67/99 117/68/100
s 3
f 102/69/101 99/16/16 101/70/102
s 2
f 10/20/20 7/13/13 9/15/15
s 8
f 126/37/43 123/71/103 125/72/104
s 3
f 91/73/105 90/74/106 89/75/107
f 97/18/18 96/7/7 95/9/9
s 8
f 124/39/45 115/76/108 123/71/103
s 13
f 31/40/109 207/15/110 32/31/111
s 8
f 130/77/112 147/78/113 145/79/114
f 149/80/115 150/81/116 148/82/117
f 128/83/118 136/57/119 126/37/43
f 148/82/117 178/84/120 177/85/121
f 139/86/122 124/39/45 138/38/44
s 3
f 60/54/63 57/87/123 58/88/124
s 8
f 180/27/125 117/68/100 179/89/126
s 3
f 89/75/107 103/90/127 91/73/105
f 69/91/128 88/92/129 63/93/130
s 11
f 197/5/90 21/61/131 196/6/132
s 3
f 105/94/133 95/9/9 93/8/8
f 68/95/134 77/96/135 82/34/38
f 79/47/54 112/97/136 81/35/39
s 8
f 131/98/137 116/67/99 120/50/59
s 14
f 14/25/138 30/41/139 29/99/140
s 8
f 123/71/103 134/100/141 125/72/104
f 149/80/115 146/101/142 147/78/113
f 133/102/143 162/103/144 164/104/145
s 3
f 65/105/146 94/106/147 96/7/7
f 85/44/51 84/107/148 83/33/37
f 85/44/51 225/108/149 87/42/49
s 8
f 135/109/150 160/110/151 134/100/141
s 3
f 91/73/105 105/94/133 93/8/8
s 8
f 144/111/152 174/112/153 142/113/154
f 178/84/120 152/114/155 166/115/156
f 146/101/142 177/85/121 176/116/157
f 132/117/158 120/50/59 122/118/159
f 145/79/114 146/101/142 144/111/152
s 4
f 195/119/160 238/52/161 239/119/162
s 3
f 64/120/163 92/121/164 94/106/147
f 67/122/165 77/96/135 68/95/134
f 66/123/166 100/124/167 102/69/101
s 8
f 131/98/137 151/125/168 149/80/115
s 3
f 65/105/146 96/7/7 98/17/17
f 63/93/130 88/92/129 90/74/106
f 65/105/146 100/124/167 66/123/166
f 69/91/128 84/107/148 86/43/50
s 8
f 115/76/108 117/68/100 116/67/99
f 153/126/169 150/81/116 151/125/168
f 143/127/170 154/128/171 141/129/172
f 181/28/173 119/51/60 180/27/125
s 2
f 4/12/12 2/4/4 1/10/10
s 3
f 89/75/107 225/108/149 104/130/174
f 95/9/9 107/131/175 97/18/18
s 8
f 161/132/176 170/133/177 169/134/178
f 140/135/179 129/136/180 130/77/112
f 163/66/98 169/134/178 167/64/96
f 157/137/181 158/138/182 156/139/183
f 115/76/108 135/109/150 123/71/103
s 3
f 49/140/184 51/141/185 50/142/186
f 54/143/187 55/144/188 53/145/189
f 58/88/124 49/140/184 50/142/186
s 8
f 125/72/104 133/102/143 127/146/190
s 3
f 60/54/63 61/147/191 59/148/192
f 94/106/147 91/73/105 93/8/8
f 66/123/166 54/143/187 65/105/146
f 67/122/165 59/148/192 61/147/191
f 68/95/134 57/87/123 59/148/192
f 49/140/184 69/91/128 63/93/130
f 52/149/193 53/145/189 51/141/185
f 60/54/63 72/150/194 70/52/61
s 8
f 118/151/195 179/89/126 117/68/100
s 15
f 32/31/196 208/14/197 33/32/198
s 8
f 157/137/181 154/128/171 155/152/199
s 3
f 108/153/200 101/70/102 99/16/16
s 8
f 159/154/201 160/110/151 158/138/182
f 116/67/99 129/136/180 115/76/108
f 143/127/170 140/135/179 142/113/154
f 140/135/179 144/111/152 142/113/154
s 3
f 90/74/106 87/42/49 89/75/107
f 107/131/175 99/16/16 97/18/18
s 11
f 33/32/202 196/6/132 21/61/131
s 3
f 63/93/130 92/121/164 64/120/163
s 8
f 159/154/201 171/155/203 170/133/177
s 3
f 64/120/163 54/143/187 52/149/193
s 8
f 161/132/176 162/103/144 160/110/151
s 3
f 83/33/37 110/156/204 85/44/51
s 8
f 155/152/199 173/157/205 172/158/206
f 142/113/154 173/157/205 143/127/170
s 3
f 82/34/38 79/47/54 81/35/39
s 8
f 157/137/181 172/158/206 171/155/203
f 127/146/190 126/37/43 125/72/104
f 146/101/142 175/159/207 144/111/152
f 135/109/150 154/128/171 156/139/183
s 3
f 81/35/39 111/160/208 83/33/37
f 50/142/186 74/161/209 73/162/210
f 58/88/124 73/162/210 72/150/194
f 53/145/189 76/22/211 75/23/212
s 4
f 190/161/213 233/162/214 189/162/215
f 191/23/24 234/161/216 190/161/213
f 193/150/217 233/162/214 237/150/218
s 5
f 227/89/219 184/27/220 228/27/28
s 4
f 238/52/161 193/150/217 237/150/218
s 8
f 163/66/98 164/104/145 162/103/144
f 130/77/112 145/79/114 140/135/179
s 3
f 64/120/163 49/140/184 63/93/130
s 8
f 131/98/137 149/80/115 147/78/113
s 5
f 226/86/221 183/89/222 227/89/219
s 8
f 132/117/158 153/126/169 151/125/168
s 3
f 69/91/128 82/34/38 84/107/148
s 8
f 134/100/141 160/110/151 162/103/144
s 3
f 78/163/223 79/47/54 77/96/135
s 8
f 135/109/150 156/139/183 158/138/182
s 16
f 31/40/224 12/21/225 30/41/226
s 8
f 129/136/180 141/129/172 154/128/171
s 6
f 217/99/227 41/41/47 216/41/228
s 2
f 7/13/13 47/62/91 2/4/4
f 17/29/31 15/26/27 16/2/32
s 5
f 186/38/77 226/86/221 230/38/229
s 6
f 218/48/76 42/99/230 217/99/227
s 5
f 188/164/231 231/57/78 232/164/232
s 3
f 51/141/185 75/23/212 74/161/209
s 1
f 25/1/1 18/30/1703 199/2/2
s 3
f 96/7/7 94/106/147 93/8/8
f 99/16/16 100/124/167 98/17/17
s 4
f 192/22/22 236/22/1704 235/23/23
s 5
f 228/27/28 184/27/220 185/28/29
s 6
f 213/31/34 39/31/72 37/32/35
s 2
f 7/13/13 2/4/4 5/6/6
s 3
f 83/33/37 84/107/148 82/34/38
s 7
f 26/36/40 201/60/1705 200/30/41
s 8
f 126/37/43 136/57/119 138/38/44
s 6
f 215/40/46 216/41/228 41/41/47
s 2
f 14/25/26 13/24/25 11/19/19
s 3
f 87/42/49 88/92/129 86/43/50
f 80/45/52 114/1923/1706 113/46/53
s 9
f 16/2/55 203/26/1707 28/48/56
s 8
f 121/49/58 122/118/159 120/50/59
s 3
f 70/52/61 71/119/1708 62/53/62
s 10
f 204/25/64 29/99/1709 28/48/65
s 6
f 220/1/67 45/1/1710 44/3/68
f 46/36/70 45/1/1710 220/1/67
f 215/40/46 40/40/48 39/31/72
f 38/55/73 214/55/1711 212/56/74
f 44/3/68 43/48/1712 218/48/76
s 5
f 186/38/77 230/38/229 231/57/78
s 6
f 36/56/75 212/56/74 211/58/80
s 2
f 20/59/82 17/29/31 18/30/33
s 11
f 202/11/84 27/55/1713 23/56/85
s 6
f 37/32/35 34/61/88 209/61/87
f 211/58/80 209/61/87 34/61/88
s 11
f 198/12/86 23/56/85 22/58/89
s 12
f 17/29/92 224/59/1714 48/63/93
s 8
f 167/64/96 168/1924/1715 165/65/97
f 119/51/60 120/50/59 116/67/99
s 3
f 102/69/101 100/124/167 99/16/16
s 2
f 10/20/20 11/19/19 7/13/13
s 8
f 126/37/43 124/39/45 123/71/103
s 3
f 91/73/105 92/121/164 90/74/106
f 97/18/18 98/17/17 96/7/7
s 8
f 124/39/45 118/151/195 115/76/108
s 13
f 31/40/109 10/20/1716 207/15/110
s 8
f 130/77/112 131/98/137 147/78/113
f 149/80/115 151/125/168 150/81/116
f 128/83/118 137/164/1717 136/57/119
f 148/82/117 150/81/116 178/84/120
f 139/86/122 118/151/195 124/39/45
s 3
f 60/54/63 59/148/192 57/87/123
s 8
f 180/27/125 119/51/60 117/68/100
s 3
f 89/75/107 104/130/174 103/90/127
f 69/91/128 86/43/50 88/92/129
s 11
f 197/5/90 22/58/89 21/61/131
s 3
f 105/94/133 106/1925/1718 95/9/9
f 79/47/54 113/46/53 112/97/136
s 8
f 131/98/137 130/77/112 116/67/99
s 14
f 14/25/138 205/21/1719 30/41/139
s 8
f 123/71/103 135/109/150 134/100/141
f 149/80/115 148/82/117 146/101/142
f 133/102/143 134/100/141 162/103/144
s 3
f 65/105/146 64/120/163 94/106/147
f 85/44/51 86/43/50 84/107/148
f 85/44/51 110/156/204 225/108/149
s 8
f 135/109/150 158/138/182 160/110/151
s 3
f 91/73/105 103/90/127 105/94/133
s 8
f 144/111/152 175/159/207 174/112/153
f 178/84/120 150/81/116 152/114/155
f 146/101/142 148/82/117 177/85/121
f 132/117/158 131/98/137 120/50/59
f 145/79/114 147/78/113 146/101/142
s 4
f 195/119/160 194/52/1720 238/52/161
s 3
f 67/122/165 78/163/223 77/96/135
s 8
f 131/98/137 132/117/158 151/125/168
s 3
f 65/105/146 98/17/17 100/124/167
s 8
f 115/76/108 118/151/195 117/68/100
f 153/126/169 152/114/155 150/81/116
f 143/127/170 155/152/199 154/128/171
f 181/28/173 121/49/58 119/51/60
s 2
f 4/12/12 3/5/5 2/4/4
s 3
f 89/75/107 87/42/49 225/108/149
f 95/9/9 106/1925/1718 107/131/175
s 8
f 161/132/176 159/154/201 170/133/177
f 140/135/179 141/129/172 129/136/180
f 163/66/98 161/132/176 169/134/178
f 157/137/181 159/154/201 158/138/182
f 115/76/108 129/136/180 135/109/150
s 3
f 49/140/184 52/149/193 51/141/185
f 54/143/187 56/1926/1721 55/144/188
f 58/88/124 57/87/123 49/140/184
s 8
f 125/72/104 134/100/141 133/102/143
s 3
f 60/54/63 62/53/62 61/147/191
f 94/106/147 92/121/164 91/73/105
f 66/123/166 56/1926/1721 54/143/187
f 67/122/165 68/95/134 59/148/192
f 68/95/134 69/91/128 57/87/123
f 49/140/184 57/87/123 69/91/128
f 52/149/193 54/143/187 53/145/189
f 60/54/63 58/88/124 72/150/194
s 8
f 118/151/195 139/86/122 179/89/126
s 15
f 32/31/196 9/15/1722 208/14/197
s 8
f 157/137/181 156/139/183 154/128/171
s 3
f 108/153/200 109/1927/1723 101/70/102
s 8
f 159/154/201 161/132/176 160/110/151
f 116/67/99 130/77/112 129/136/180
f 143/127/170 141/129/172 140/135/179
f 140/135/179 145/79/114 144/111/152
s 3
f 90/74/106 88/92/129 87/42/49
f 107/131/175 108/153/200 99/16/16
s 11
f 33/32/202 6/14/1724 196/6/132
s 3
f 63/93/130 90/74/106 92/121/164
s 8
f 159/154/201 157/137/181 171/155/203
s 3
f 64/120/163 65/105/146 54/143/187
s 8
f 161/132/176 163/66/98 162/103/144
s 3
f 83/33/37 111/160/208 110/156/204
s 8
f 155/152/199 143/127/170 173/157/205
f 142/113/154 174/112/153 173/157/205
s 3
f 82/34/38 77/96/135 79/47/54
s 8
f 157/137/181 155/152/199 172/158/206
f 127/146/190 128/83/118 126/37/43
f 146/101/142 176/116/157 175/159/207
f 135/109/150 129/136/180 154/128/171
s 3
f 81/35/39 112/97/136 111/160/208
f 50/142/186 51/141/185 74/161/209
f 58/88/124 50/142/186 73/162/210
f 53/145/189 55/144/188 76/22/211
s 4
f 190/161/213 234/161/216 233/162/214
f 191/23/24 235/23/23 234/161/216
f 193/150/217 189/162/215 233/162/214
s 5
f 227/89/219 183/89/222 184/27/220
s 4
f 238/52/161 194/52/1720 193/150/217
s 8
f 163/66/98 165/65/97 164/104/145
s 3
f 64/120/163 52/149/193 49/140/184
s 5
f 226/86/221 182/86/1725 183/89/222
s 3
f 69/91/128 68/95/134 82/34/38
f 78/163/223 80/45/52 79/47/54
s 16
f 31/40/224 206/20/1726 12/21/225
s 6
f 217/99/227 42/99/230 41/41/47
s 2
f 7/13/13 11/19/19 47/62/91
f 17/29/31 13/24/25 15/26/27
s 5
f 186/38/77 182/86/1725 226/86/221
s 6
f 218/48/76 43/48/1712 42/99/230
s 5
f 188/164/231 187/57/79 231/57/78
s 3
f 51/141/185 53/145/189 75/23/212
s 17
g NarukamiShrine_mesh.087_Material.013
usemtl Material.013
f 342/165/233 340/166/234 339/167/235
s 18
f 653/168/236 617/169/237 652/170/238
s 17
f 345/171/239 344/172/240 343/173/241
f 346/174/242 247/175/243 246/176/244
s 19
f 1135/177/245 1215/178/246 1235/179/247
s 20
f 582/180/248 584/181/249 583/182/250
s 21
f 831/183/251 828/184/252 876/185/253
s 17
f 352/186/254 339/167/235 340/166/234
f 255/187/255 240/188/256 244/189/257
f 339/167/235 353/190/258 343/173/241
f 257/191/259 252/192/260 251/193/261
f 401/194/262 296/195/263 298/196/264
f 1472/197/265 295/198/266 1473/199/267
f 252/200/260 356/201/268 350/202/269
f 262/203/270 268/204/271 269/205/272
s 19
f 1259/206/273 1183/207/274 1221/208/275
s 17
f 353/190/258 363/209/276 364/210/277
f 267/211/278 356/201/268 357/212/279
s 22
f 907/213/280 936/214/281 951/215/282
s 17
f 264/216/283 255/187/255 256/217/284
f 321/218/285 310/219/286 311/220/287
f 269/221/272 265/222/288 261/223/289
f 361/224/290 366/225/291 362/226/292
f 284/227/293 266/228/294 283/229/295
f 259/230/296 272/231/297 263/232/298
f 284/233/293 361/224/290 267/234/278
s 19
f 1242/235/299 1233/236/300 1232/237/301
s 17
f 364/238/277 365/239/302 360/240/303
f 367/241/304 1477/242/305 368/243/306
s 23
f 636/244/307 637/245/308 635/246/309
s 21
f 962/247/310 918/248/311 961/249/312
s 17
f 365/250/302 273/251/313 373/252/314
f 374/253/315 369/254/316 1478/255/317
f 370/256/318 376/257/319 372/258/320
f 375/259/321 1478/255/317 369/254/316
f 275/260/322 268/204/271 1463/261/323
s 19
f 1112/262/324 1114/263/325 1065/264/326
s 17
f 374/253/315 377/265/327 388/266/328
s 21
f 820/267/329 834/268/330 874/269/331
s 24
f 1393/270/332 1384/271/333 1370/272/334
s 17
f 277/273/335 378/274/336 287/275/337
f 1479/276/338 379/277/339 387/278/340
s 19
f 1070/279/341 1049/280/342 1050/281/343
s 17
f 380/282/344 383/283/345 382/284/346
s 24
f 1386/285/347 1387/286/348 1369/287/349
s 19
f 1241/288/350 1235/289/247 1194/290/351
s 25
f 620/291/352 609/292/353 608/293/354
s 17
f 358/294/355 340/166/234 348/295/356
f 367/241/304 366/296/291 381/297/357
f 391/298/358 1467/299/359 286/300/360
f 1466/301/361 268/204/271 275/260/322
f 254/302/362 240/188/256 253/303/363
s 23
f 683/304/364 800/305/365 686/306/366
s 17
f 379/307/339 386/308/367 387/309/340
s 19
f 1191/310/368 1230/311/369 1192/312/370
s 17
f 294/313/371 280/314/372 297/315/373
s 21
f 832/316/374 865/317/375 877/318/376
s 17
f 398/319/377 391/320/358 286/321/360
f 1480/322/378 393/323/379 392/324/380
f 350/202/269 347/325/381 349/326/382
s 21
f 926/327/383 925/328/384 923/329/385
s 17
f 298/330/264 389/331/386 395/332/387
s 21
f 896/333/388 839/334/389 840/335/390
s 17
f 1481/336/391 397/337/392 390/338/393
s 23
f 745/339/394 747/340/395 746/341/396
s 21
f 901/342/397 846/343/398 902/344/399
f 865/345/375 862/346/400 863/347/401
s 17
f 401/348/262 395/332/387 1485/349/402
f 400/350/403 395/332/387 1482/351/404
f 348/295/356 356/201/268 358/294/355
f 1483/352/405 406/353/406 1484/354/407
f 406/353/406 397/337/392 1484/354/407
f 402/355/408 399/356/409 403/357/410
f 1475/358/411 304/359/412 1472/360/265
f 1472/360/265 1473/361/267 1475/358/411
f 1475/358/411 1473/361/267 1474/362/413
f 1474/362/413 313/363/414 1475/358/411
f 305/364/415 313/363/414 1474/362/413
f 1474/362/413 401/365/262 305/364/415
f 414/366/416 403/357/410 1486/367/417
s 26
f 1457/368/418 1428/369/419 1452/370/420
s 21
f 835/371/421 820/267/329 823/372/422
s 19
f 1103/373/423 1046/374/424 1094/375/425
s 21
f 828/184/252 829/376/426 878/377/427
s 17
f 390/338/393 393/323/379 386/378/367
f 402/379/408 413/380/428 409/381/429
f 422/382/430 415/383/431 421/384/432
s 23
f 699/385/433 613/386/434 701/387/435
s 17
f 416/388/436 408/389/437 409/381/429
f 324/390/438 430/391/439 421/384/432
f 418/392/440 408/389/437 417/393/441
s 27
f 1324/394/442 1319/395/443 1317/396/444
s 18
f 719/397/445 764/398/446 763/399/447
s 23
f 749/400/448 747/340/395 704/401/449
s 17
f 320/402/450 330/403/451 329/404/452
f 320/402/450 329/404/452 327/405/453
f 417/393/441 426/406/454 418/392/440
f 321/218/285 331/407/455 330/403/451
s 27
f 1329/408/456 1354/409/457 1352/410/458
s 17
f 325/411/459 335/412/460 333/413/461
f 1463/261/323 274/414/462 1464/415/463
f 326/416/464 337/417/465 336/418/466
f 292/419/467 289/420/468 288/421/469
f 319/422/470 328/423/471 338/424/472
s 19
f 1061/425/473 1022/426/474 1059/427/475
s 17
f 245/428/476 240/188/256 241/429/477
s 21
f 912/430/478 909/431/479 910/432/480
s 17
f 346/433/242 345/171/239 247/434/243
s 19
f 1071/435/481 1073/436/482 1048/437/483
s 17
f 251/193/261 248/438/484 249/439/485
f 251/193/261 351/440/486 250/441/487
f 1480/442/378 387/309/340 386/308/367
f 258/443/488 243/444/489 254/302/362
f 270/445/490 276/446/491 274/414/462
f 360/240/303 373/447/314 260/448/492
f 1482/351/404 399/449/409 400/350/403
f 255/187/255 246/176/244 256/217/284
f 345/171/239 353/190/258 354/450/493
f 1462/451/494 254/302/362 253/303/363
s 23
f 621/452/495 601/453/496 628/454/497
s 17
f 289/455/468 278/456/498 288/457/469
f 267/458/278 257/191/259 266/459/294
f 260/460/492 256/217/284 355/461/499
f 249/439/485 242/462/500 243/444/489
f 344/172/240 339/167/235 343/173/241
f 266/228/294 285/463/501 283/229/295
f 366/225/291 359/464/502 362/226/292
f 1462/465/494 269/221/272 261/223/289
f 272/231/297 260/466/492 373/467/314
f 262/468/270 259/230/296 263/232/298
f 359/464/502 1477/469/305 363/470/276
f 363/470/276 371/471/503 364/238/277
f 371/472/503 372/258/320 365/250/302
f 270/445/490 262/203/270 263/473/298
f 271/474/504 263/473/298 272/475/297
s 21
f 907/476/505 906/477/506 905/478/507
s 19
f 1044/479/508 1042/480/509 1045/481/510
s 17
f 282/482/511 281/483/512 1465/484/513
f 306/485/514 301/486/515 303/487/516
f 375/259/321 369/254/316 367/241/304
f 273/488/313 276/446/491 271/474/504
s 25
f 611/489/517 618/490/518 614/491/519
s 17
f 288/457/469 1464/415/463 1468/492/520
s 20
f 576/493/521 579/494/522 580/495/523
s 19
f 1056/496/524 1057/497/525 1074/498/526
s 17
f 275/260/322 281/483/512 1466/301/361
f 289/455/468 1465/484/513 281/483/512
f 285/499/501 282/482/511 283/500/295
f 385/501/527 283/500/295 282/482/511
f 1465/484/513 385/501/527 282/482/511
s 27
f 1353/502/528 1344/503/529 1363/504/530
s 28
f 935/505/531 936/506/532 948/507/533
s 17
f 381/297/357 375/259/321 367/241/304
f 385/508/527 382/284/346 383/283/345
f 294/313/371 1468/509/520 279/510/534
f 424/511/535 417/393/441 416/388/436
f 297/315/373 287/512/337 396/513/536
f 378/514/336 394/515/537 389/516/386
f 290/517/538 1470/518/539 1471/519/540
s 19
f 987/520/541 985/521/542 1104/522/543
s 17
f 295/198/266 1469/523/544 294/524/371
f 294/524/371 296/195/263 295/198/266
s 26
f 1433/272/545 1440/525/546 1443/270/547
s 17
f 1470/526/539 293/527/548 299/528/549
f 1462/451/494 255/187/255 259/529/296
f 398/530/377 300/531/550 1483/532/405
f 1472/197/265 293/527/548 291/533/551
f 301/534/515 299/528/549 293/527/548
f 247/434/243 354/450/493 355/535/499
f 296/195/263 1473/199/267 295/198/266
f 256/217/284 247/175/243 355/461/499
f 299/528/549 307/536/552 300/531/550
s 19
f 1257/537/553 1219/538/554 1206/539/555
f 1200/540/556 1252/541/557 1202/542/558
s 17
f 399/356/409 407/543/559 404/544/560
f 404/544/560 400/545/403 399/356/409
f 1485/546/402 400/545/403 404/544/560
f 404/544/560 412/547/561 1485/546/402
f 1485/546/402 412/547/561 305/548/415
f 305/548/415 401/549/262 1485/546/402
s 25
f 707/550/562 737/551/563 705/552/564
s 17
f 315/553/565 302/554/566 306/485/514
s 19
f 1144/555/567 1142/556/568 1143/557/569
s 17
f 303/558/516 310/219/286 309/559/570
f 1475/560/411 310/219/286 304/561/412
f 313/562/414 311/220/287 1475/560/411
f 305/563/415 312/564/571 313/562/414
f 389/516/386 287/565/337 378/514/336
f 315/566/565 314/567/572 316/568/573
f 318/569/574 316/568/573 317/570/575
f 1477/242/305 370/256/318 371/472/503
f 319/422/470 314/567/572 309/559/570
f 312/564/571 321/218/285 311/220/287
s 19
f 1088/571/576 1113/572/577 1032/573/578
s 17
f 312/564/571 420/574/579 322/575/580
f 325/411/459 317/570/575 316/568/573
f 326/416/464 316/568/573 314/567/572
f 328/423/471 320/402/450 327/405/453
f 417/393/441 423/576/581 425/577/582
s 25
f 751/578/583 717/579/584 718/580/585
s 17
f 418/392/440 426/406/454 427/581/586
f 322/575/580 331/407/455 321/218/285
f 333/413/461 324/582/438 325/411/459
f 421/384/432 430/391/439 431/583/587
f 325/411/459 336/418/466 335/412/460
f 422/382/430 432/584/588 433/585/589
f 319/422/470 337/417/465 326/416/464
f 416/388/436 434/586/590 424/511/535
s 29
f 518/587/591 499/588/592 501/589/591
f 508/590/593 507/591/594 506/592/594
f 450/593/595 448/594/596 449/595/596
s 17
f 397/337/392 403/596/410 393/323/379
s 29
f 520/597/597 500/598/598 497/599/598
f 452/600/599 524/601/600 516/602/599
f 456/603/601 439/604/602 438/605/601
f 503/606/603 501/589/591 502/607/603
f 520/597/597 511/608/604 509/609/597
f 454/610/605 438/605/601 437/611/605
f 497/599/598 499/588/592 498/612/592
f 451/613/606 465/614/595 450/593/595
s 25
f 603/615/607 636/616/608 634/617/609
s 30
f 457/618/610 458/619/611 440/620/610
f 537/621/612 497/622/613 527/623/613
f 444/624/614 453/625/615 435/626/615
f 519/627/616 518/628/617 503/629/616
f 522/630/618 541/631/619 521/632/618
f 541/631/619 510/633/620 539/634/620
f 470/635/621 454/636/622 455/637/622
s 25
f 672/638/623 661/639/624 660/640/625
s 30
f 435/626/615 455/637/622 454/636/622
s 27
f 1346/641/626 1333/642/627 1495/643/628
s 30
f 516/644/629 523/645/630 483/646/629
s 31
f 539/647/631 536/648/632 538/649/631
f 464/650/633 479/651/634 463/652/634
f 483/653/635 543/654/636 482/655/637
f 472/656/638 470/657/639 471/658/640
f 464/650/633 481/659/641 480/660/633
f 457/661/638 474/662/642 473/663/642
f 527/664/643 526/665/644 525/666/643
f 530/667/645 528/668/646 519/669/645
s 32
f 472/656/647 487/670/648 486/671/647
f 468/672/649 491/673/650 489/674/649
f 471/658/648 488/675/651 487/670/648
f 490/676/652 481/659/653 482/677/652
f 526/665/654 551/678/655 525/666/655
f 536/648/656 549/679/657 538/649/657
f 475/680/658 485/681/659 484/682/658
f 547/683/660 543/654/661 542/684/660
f 481/659/653 494/685/662 480/660/662
f 525/666/655 550/686/656 536/648/656
f 496/687/663 534/688/664 535/689/663
f 469/690/651 489/674/649 488/675/651
s 29
f 458/691/665 439/604/602 440/692/602
f 447/693/666 448/594/596 446/694/666
f 452/695/599 467/696/606 451/613/606
f 458/691/665 442/697/667 441/698/668
f 513/699/669 510/700/604 512/701/669
f 460/702/593 442/697/667 443/703/667
f 515/704/670 522/705/671 524/601/600
f 505/706/672 502/607/603 504/707/672
f 445/708/673 435/709/674 436/710/674
f 507/591/594 504/707/672 506/592/594
f 514/711/671 512/701/669 522/705/671
f 445/708/673 446/694/666 444/712/673
s 30
f 510/633/620 537/621/612 539/634/620
s 26
f 1434/642/675 1432/641/676 1446/713/677
s 30
f 497/622/613 517/714/678 527/623/613
f 533/715/679 505/716/680 507/717/679
f 473/718/611 443/719/681 458/619/611
f 465/720/682 466/721/683 464/722/682
f 523/645/630 522/630/618 521/632/618
f 459/723/681 460/724/684 443/719/681
f 528/725/617 498/726/678 518/628/617
f 448/727/685 464/722/682 463/728/685
f 531/729/680 503/629/616 505/716/680
f 457/618/610 456/730/621 470/635/621
s 31
f 461/731/686 468/672/687 453/732/687
f 543/654/636 521/733/688 542/684/688
f 462/734/689 479/651/634 478/735/689
f 517/736/644 529/737/690 526/665/644
f 535/689/691 533/738/692 476/739/691
f 475/680/693 473/663/642 474/662/642
f 530/667/645 531/740/694 532/741/694
f 466/742/641 482/677/637 481/659/641
f 542/684/688 541/743/695 540/744/695
f 461/731/686 478/735/689 477/745/686
s 32
f 474/662/659 486/671/647 485/681/659
f 480/660/662 493/746/696 479/651/696
f 477/745/650 492/747/697 491/673/650
f 546/748/661 482/655/652 543/654/661
f 532/741/698 544/749/664 545/750/698
f 478/735/697 493/746/696 492/747/697
f 530/667/699 553/751/700 529/737/700
f 529/737/700 552/752/654 526/665/654
f 496/753/663 475/680/658 484/682/658
f 548/754/701 542/684/660 540/744/701
f 532/741/698 554/755/699 530/667/699
s 30
f 446/756/702 461/757/614 444/624/614
s 19
f 1208/758/703 1222/759/704 1210/760/705
f 1091/761/706 1042/480/509 1043/762/707
f 1251/763/708 1167/764/709 1168/765/710
s 18
f 769/766/711 768/767/712 767/768/713
s 20
f 1487/769/714 563/770/715 564/771/716
f 564/771/716 565/772/717 1487/769/714
f 555/773/718 556/774/719 566/775/720
f 559/776/721 555/773/718 566/775/720
f 556/774/719 1487/769/714 566/775/720
f 561/777/722 559/776/721 567/778/723
f 565/772/717 568/779/724 578/780/725
s 25
f 632/781/726 587/782/727 586/783/728
s 20
f 569/784/729 570/785/730 571/786/731
s 19
f 1161/787/732 1163/788/733 1162/789/734
s 23
f 777/790/735 785/791/736 775/792/737
s 19
f 1254/793/738 1255/794/739 1256/795/740
s 17
f 310/219/286 319/422/470 309/559/570
s 20
f 574/796/741 578/797/725 577/798/742
f 579/494/522 578/780/725 568/779/724
f 577/799/742 578/780/725 579/494/522
s 19
f 1068/800/743 1118/801/744 1069/802/745
s 20
f 570/785/730 581/803/746 571/786/731
f 567/778/723 581/803/746 570/785/730
f 559/776/721 581/803/746 567/778/723
f 566/775/720 578/797/725 581/803/746
f 559/776/721 566/775/720 581/803/746
f 580/495/523 579/494/522 582/180/248
f 580/495/523 582/180/248 583/182/250
s 17
f 299/528/549 1471/804/540 1470/526/539
s 20
f 579/494/522 585/805/747 582/180/248
f 582/180/248 585/805/747 564/771/716
f 563/770/715 584/181/249 564/771/716
f 579/494/522 568/779/724 585/805/747
s 25
f 640/806/748 632/781/726 586/783/728
f 586/783/728 639/807/749 640/806/748
s 19
f 1119/808/750 1034/809/751 1491/810/752
s 28
f 853/811/753 852/812/754 879/813/755
s 25
f 706/814/756 707/550/562 705/552/564
f 678/815/757 608/293/354 605/816/758
s 28
f 858/817/759 859/818/760 897/819/761
s 25
f 709/820/762 740/821/763 708/822/764
f 791/823/765 709/820/762 710/824/766
f 673/825/767 677/826/768 595/827/769
f 595/827/769 596/828/770 673/825/767
f 725/829/771 731/830/772 724/831/773
f 593/832/774 677/826/768 594/833/775
f 595/827/769 597/834/776 598/835/777
f 598/835/777 596/828/770 595/827/769
f 599/836/778 596/828/770 598/835/777
f 599/836/778 673/825/767 596/828/770
s 17
f 1468/492/520 274/414/462 279/837/534
s 25
f 757/838/779 747/839/780 744/840/781
s 21
f 882/841/782 884/842/783 881/843/784
s 25
f 640/806/748 601/844/785 632/781/726
s 19
f 1258/845/786 1207/846/787 1260/847/788
s 30
f 448/727/685 462/848/702 446/756/702
s 25
f 650/849/789 694/850/790 636/616/608
f 604/851/791 694/850/790 650/849/789
f 706/814/756 702/852/792 779/853/793
f 737/551/563 702/852/792 705/552/564
f 652/854/794 606/855/795 604/851/791
f 604/851/791 607/856/796 652/854/794
f 650/849/789 607/856/796 604/851/791
s 28
f 899/857/797 857/858/798 858/817/759
s 25
f 723/859/799 1490/860/800 722/861/801
f 809/862/802 724/831/773 723/859/799
f 609/292/353 696/863/803 608/293/354
s 26
f 1425/864/804 1426/865/805 1427/866/806
s 25
f 615/867/807 613/868/808 614/491/519
f 614/491/519 616/869/809 615/867/807
f 652/854/794 684/870/810 606/855/795
s 23
f 692/871/811 618/872/812 693/873/813
s 25
f 797/874/814 655/875/815 769/876/816
f 811/877/817 725/829/771 724/831/773
s 20
f 559/776/721 558/878/818 555/773/718
s 25
f 614/491/519 618/490/518 690/879/819
f 690/879/819 616/869/809 614/491/519
f 619/880/820 616/869/809 690/879/819
f 619/880/820 615/867/807 616/869/809
f 611/489/517 610/881/821 609/292/353
s 23
f 632/882/822 621/883/495 588/884/823
f 588/884/823 621/883/495 622/885/824
f 623/886/825 588/884/823 622/885/824
f 623/886/825 622/885/824 624/887/826
f 801/888/827 729/889/828 802/890/829
f 625/891/830 626/892/831 627/893/832
f 627/893/832 659/894/833 625/891/830
s 21
f 822/895/834 826/896/835 825/897/836
s 23
f 744/898/837 748/899/838 718/900/839
s 17
f 266/459/294 258/443/488 265/901/288
s 23
f 718/900/839 750/902/840 751/903/841
s 19
f 1008/904/842 1009/905/843 1007/906/844
s 17
f 243/444/489 241/429/477 240/188/256
s 19
f 1238/907/845 1055/908/846 1054/909/847
s 17
f 358/294/355 359/910/502 352/186/254
s 18
f 759/911/848 757/912/849 717/913/850
s 17
f 318/914/574 307/915/552 315/553/565
s 19
f 1217/916/851 1173/917/852 1205/918/853
s 18
f 661/919/854 645/920/855 660/921/856
s 19
f 1209/922/857 1183/923/274 1222/924/704
s 17
f 366/296/291 383/283/345 381/297/357
s 23
f 701/387/435 615/925/858 700/926/859
s 18
f 761/927/860 760/928/861 762/929/862
s 25
f 660/640/625 666/930/863 672/638/623
f 761/931/864 775/932/865 776/933/866
f 729/934/867 769/876/816 767/935/868
f 586/783/728 666/930/863 660/640/625
f 660/640/625 639/807/749 586/783/728
s 23
f 666/936/869 665/937/870 664/938/871
f 665/937/870 1488/939/872 664/938/871
f 590/940/873 1488/939/872 665/937/870
f 590/940/873 667/941/874 1488/939/872
f 668/942/875 592/943/876 594/944/877
f 594/944/877 669/945/878 668/942/875
f 634/946/879 635/246/309 633/947/880
f 786/948/881 787/949/882 788/950/883
s 21
f 884/951/783 831/183/251 881/952/784
s 19
f 1204/953/884 1219/538/554 1255/954/739
s 28
f 861/955/885 897/819/761 859/818/760
s 19
f 985/956/542 1044/957/508 1093/958/886
s 23
f 606/959/887 687/960/888 678/961/889
f 678/961/889 687/960/888 679/962/890
f 620/963/891 678/961/889 679/962/890
f 620/963/891 679/962/890 680/964/892
s 19
f 1193/965/893 1234/966/894 1235/179/247
s 23
f 681/967/895 682/968/896 692/969/811
f 692/969/811 693/970/813 681/967/895
s 21
f 864/971/897 874/972/331 875/973/898
s 22
f 951/215/282 960/974/899 910/975/900
s 23
f 592/943/876 667/941/874 590/940/873
s 21
f 919/976/901 946/977/902 904/978/903
s 19
f 1081/979/904 1029/980/905 1079/981/906
s 23
f 694/982/907 1489/983/908 637/984/308
f 1489/983/908 695/985/909 637/984/308
f 696/986/910 695/985/909 1489/983/908
f 696/986/910 697/987/911 695/985/909
f 782/988/912 783/989/913 781/990/914
f 698/991/915 610/992/916 612/993/917
f 612/993/917 699/994/433 698/991/915
f 814/995/918 735/996/919 727/997/920
f 691/998/921 690/999/922 618/872/812
s 17
f 1469/523/544 293/527/548 292/1000/467
s 25
f 756/1001/923 703/1002/924 702/852/792
f 702/852/792 704/1003/925 756/1001/923
f 1490/860/800 721/1004/926 722/861/801
s 21
f 881/843/784 883/1005/927 882/841/782
s 25
f 608/293/354 1489/1006/928 605/816/758
f 588/1007/929 589/1008/930 587/782/727
s 21
f 847/1009/931 893/1010/932 895/1011/933
s 27
f 1345/1012/934 1356/1013/935 1359/1014/936
s 25
f 733/1015/937 725/829/771 726/1016/938
f 711/1017/939 791/823/765 712/1018/940
f 712/1018/940 713/1019/941 711/1017/939
f 783/1020/942 709/820/762 708/822/764
f 816/1021/943 725/829/771 818/1022/944
f 711/1017/939 713/1019/941 715/1023/945
f 715/1023/945 714/1024/946 711/1017/939
f 771/1025/947 715/1023/945 713/1019/941
f 771/1025/947 713/1019/941 712/1018/940
f 617/1026/948 684/870/810 652/854/794
f 643/1027/949 602/1028/950 600/1029/951
f 756/1001/923 704/1003/925 747/839/780
f 643/1027/949 634/617/609 630/1030/952
s 23
f 799/1031/953 797/1032/954 729/889/828
s 25
f 720/1033/955 753/1034/956 807/1035/957
f 720/1033/955 807/1035/957 721/1004/926
f 1489/1006/928 604/851/791 605/816/758
f 805/1036/958 721/1004/926 807/1035/957
f 721/1004/926 802/1037/959 767/935/868
f 767/935/868 766/1038/960 721/1004/926
f 721/1004/926 766/1038/960 720/1033/955
f 589/1008/930 665/1039/961 587/782/727
s 26
f 1451/1040/962 1459/1041/963 1447/1014/964
s 25
f 781/1042/965 708/822/764 707/550/562
f 625/1043/966 593/832/774 591/1044/967
s 28
f 873/1045/968 856/1046/969 857/858/798
s 25
f 726/1016/938 816/1021/943 727/1047/970
f 727/1047/970 728/1048/971 726/1016/938
f 767/935/868 802/1037/959 729/934/867
s 23
f 797/1032/954 800/1049/365 730/1050/972
s 17
f 420/1051/579 411/1052/973 419/1053/974
s 25
f 593/832/774 592/1054/975 591/1044/967
f 714/1024/946 709/820/762 711/1017/939
f 726/1016/938 728/1048/971 734/1055/976
f 734/1055/976 733/1015/937 726/1016/938
f 735/1056/977 734/1055/976 728/1048/971
f 735/1056/977 728/1048/971 727/1047/970
f 708/822/764 716/1057/978 707/550/562
s 23
f 704/1058/449 737/1059/979 749/1060/448
f 737/1059/979 738/1061/980 749/1060/448
f 716/1062/981 738/1061/980 737/1059/979
f 716/1062/981 739/1063/982 738/1061/980
f 811/1064/983 810/1065/984 812/1066/985
f 742/1067/986 741/1068/987 740/1069/988
f 740/1069/988 743/1070/989 742/1067/986
f 629/1071/990 601/453/496 602/1072/991
s 19
f 984/1073/992 981/1074/993 982/1075/994
s 23
f 597/1076/995 627/1077/832 658/1078/996
s 19
f 988/1079/997 986/1080/998 1106/1081/999
s 17
f 355/535/499 360/1082/303 260/1083/492
s 19
f 1108/1084/1000 1022/426/474 1019/1085/1001
f 1160/1086/1002 1158/1087/1003 1159/1088/1004
s 25
f 753/1034/956 719/1089/1005 751/578/583
s 20
f 562/1090/1006 559/776/721 561/777/722
s 19
f 1159/1088/1007 1266/1091/1008 1158/1087/1009
s 18
f 649/1092/1010 603/1093/1011 648/1094/1012
f 663/1095/1013 646/1096/1014 661/919/854
s 23
f 684/1097/1015 687/1098/888 606/1099/887
s 18
f 651/1100/1016 650/1101/1017 649/1092/1010
f 656/1102/1018 769/766/711 655/1103/1019
s 23
f 599/1104/1020 674/1105/1021 673/1106/1022
s 18
f 617/169/237 656/1107/1018 655/1108/1019
s 23
f 619/1109/1023 700/926/859 615/925/858
f 734/1110/1024 804/1111/1025 733/1112/1026
f 791/1113/1027 792/1114/1028 790/1115/1029
s 25
f 776/933/866 775/932/865 779/853/793
s 33
f 1301/641/1030 1286/642/1031 1494/643/1032
s 19
f 1242/1116/299 1241/1117/350 1125/1118/1033
s 25
f 776/933/866 779/853/793 702/852/792
f 702/852/792 703/1002/924 776/933/866
s 23
f 779/1119/1034 778/1120/1035 706/1121/1036
f 706/1121/1036 778/1120/1035 780/1122/1037
f 781/990/914 706/1121/1036 780/1122/1037
f 781/990/914 780/1122/1037 782/988/912
s 26
f 1447/1123/1038 1421/1124/1039 1448/1125/1040
s 23
f 710/1126/1041 783/989/913 784/1127/1042
f 784/1127/1042 792/1128/1028 710/1126/1041
f 662/1129/1043 671/1130/1044 670/1131/1045
s 19
f 1217/916/851 1157/1132/1046 1172/1133/1047
s 23
f 669/1134/878 677/1135/1048 676/1136/1049
f 803/1137/1050 735/1138/919 813/1139/1051
s 19
f 1023/1140/1052 1027/1141/1053 1168/1142/1054
f 1088/1143/576 1067/1144/1055 1089/1145/1056
s 23
f 802/1146/829 1490/1147/1057 801/1148/827
f 1490/1147/1057 793/1149/1058 801/1148/827
f 736/1150/1059 793/1149/1058 1490/1147/1057
f 736/1150/1059 794/1151/1060 793/1149/1058
f 740/1069/988 739/1063/982 716/1062/981
f 796/1152/1061 795/1153/1062 731/1154/1063
f 731/1154/1063 732/1155/1064 796/1152/1061
s 17
f 318/1156/574 415/383/431 405/1157/1065
f 377/1158/327 394/515/537 388/1159/328
s 19
f 1141/1160/1066 1197/1161/1067 1214/1162/1068
s 23
f 689/1163/1069 619/1164/1023 690/999/922
f 815/1165/1070 727/997/920 816/1166/1071
f 714/1167/1072 742/1168/986 743/1169/989
f 807/1170/1073 806/1171/1074 805/1172/1075
f 805/1172/1075 806/1171/1074 808/1173/1076
f 809/1174/1077 805/1172/1075 808/1173/1076
f 809/1174/1077 808/1173/1076 810/1065/984
f 610/992/916 697/987/911 696/986/910
f 818/1175/1078 811/1064/983 812/1066/985
f 812/1066/985 817/1176/1079 818/1175/1078
f 771/1177/1080 789/1178/1081 773/1179/1082
f 712/1180/1083 790/1115/1029 789/1178/1081
f 733/1112/1026 796/1181/1061 732/1182/1064
s 21
f 835/371/421 867/1183/1084 871/1184/1085
f 926/327/383 932/1185/1086 928/1186/1087
f 903/1187/1088 905/478/507 904/1188/903
s 17
f 1486/367/417 405/1189/1065 414/366/416
s 21
f 951/1190/1089 909/431/479 906/477/506
f 913/1191/1090 911/1192/1091 912/430/478
f 829/1193/1092 914/1194/1093 915/1195/1094
f 906/477/506 911/1192/1091 916/1196/1095
f 961/1197/312 911/1192/1091 914/1194/1096
f 914/1194/1096 831/1198/251 961/1197/312
f 876/185/253 881/952/784 831/183/251
f 876/185/253 830/1199/1097 832/1200/374
s 19
f 1009/1201/843 1238/1202/845 1054/1203/847
f 1067/1204/1055 1068/1205/743 1090/1206/1098
s 21
f 819/1207/1099 862/1208/400 830/1199/1097
f 820/267/329 874/269/331 819/1207/1099
f 903/1187/1088 920/1209/1100 921/1210/1101
f 820/267/329 885/1211/1102 888/1212/1103
s 17
f 411/1052/973 305/1213/415 412/1214/561
s 21
f 923/329/385 924/1215/1104 922/1216/1105
f 950/1217/1106 922/1216/1107 908/1218/1108
f 903/1187/1088 922/1216/1105 908/1218/1109
s 25
f 593/832/774 597/834/776 595/827/769
s 33
f 1494/643/1032 1284/1219/1110 1301/641/1030
s 21
f 929/1220/1111 928/1186/1087 930/1221/1112
f 930/1221/1112 931/1222/1113 929/1220/1111
f 959/1223/1114 916/1196/1095 918/1224/311
s 17
f 303/487/516 1472/360/265 304/359/412
s 21
f 844/1225/1115 930/1221/1112 978/1226/1116
f 892/1227/1117 844/1228/1115 845/1229/1118
f 892/1227/1117 893/1010/932 843/1230/1119
s 17
f 1482/351/404 1480/322/378 392/324/380
s 21
f 933/1231/1120 972/1232/1121 932/1185/1086
f 885/1211/1102 843/1230/1119 847/1009/931
s 19
f 1034/809/751 1090/1233/1098 1491/810/752
f 1493/1234/1122 1188/1235/1123 1248/1236/1124
f 1253/1237/1125 1162/789/734 1163/788/733
s 28
f 938/1238/1126 939/1239/1127 940/1240/1128
f 940/1240/1128 855/1241/1129 854/1242/1130
f 937/1243/1131 952/1244/1132 941/1245/1133
f 942/1246/1134 941/1245/1133 952/1244/1132
f 943/1247/1135 953/1248/1136 974/1249/1137
f 944/1250/1138 974/1249/1137 945/1251/1139
s 17
f 421/384/432 317/1252/575 324/390/438
f 413/380/428 416/388/436 409/381/429
s 21
f 919/976/901 958/1253/1140 947/1254/1141
s 22
f 931/1255/1142 897/1256/1143 896/1257/1144
s 18
f 638/1258/1145 640/1259/1146 639/1260/1147
s 22
f 898/1261/1148 858/1262/1149 840/1263/1150
f 950/1264/1151 952/1265/1152 949/1266/1153
f 924/1267/1154 942/1268/1155 952/1265/1152
s 18
f 652/170/238 651/1100/1016 653/168/236
s 21
f 946/1269/902 954/1270/1156 904/1271/903
f 954/1270/1156 956/1272/1157 920/1273/1100
s 19
f 1049/280/342 1098/1274/1158 1052/1275/1159
s 21
f 958/1276/1140 918/248/311 957/1277/1160
s 22
f 829/1278/1161 940/1279/1162 854/1280/1163
f 913/1281/1164 938/1282/1165 940/1279/1162
f 938/1282/1165 910/1283/900 960/1284/899
s 21
f 917/1285/1166 962/1286/310 961/1287/312
f 884/1288/783 963/1289/1167 917/1285/1166
f 886/1290/1168 890/1291/1169 885/1292/1102
f 885/1292/1102 847/1293/931 886/1290/1168
s 17
f 418/392/440 411/1052/973 410/1294/1170
s 21
f 921/1295/1101 969/1296/1171 968/1297/1172
f 874/972/331 891/1298/1173 875/973/898
f 928/1186/1087 978/1226/1116 930/1221/1112
f 972/1299/1121 966/1300/1174 971/1301/1175
s 22
f 872/1302/1176 867/1303/1177 868/1304/1178
s 26
f 1429/408/1179 1455/409/1180 1454/410/1181
s 22
f 974/1305/1182 927/1306/1183 973/1307/1184
s 19
f 1155/1308/1185 1139/1309/1186 1146/1310/1187
s 21
f 846/1311/398 976/1312/1188 902/1313/399
f 821/1314/1189 820/267/329 819/1207/1099
f 819/1207/1099 822/895/834 821/1314/1189
f 822/895/834 866/1315/1190 821/1314/1189
f 867/1183/1191 821/1314/1192 823/372/1193
f 825/897/836 824/1316/1194 822/895/834
f 827/1317/1195 825/897/836 826/896/835
s 19
f 1176/1318/1196 1164/1319/1197 1174/1320/1198
s 18
f 720/1321/1199 765/1322/1200 764/398/446
s 23
f 680/964/892 681/967/895 620/963/891
s 21
f 906/477/506 904/1188/903 905/478/507
s 28
f 948/507/533 937/1243/1131 935/505/531
s 21
f 961/1197/312 831/1198/251 917/1323/1166
f 961/1197/312 918/1224/311 916/1196/1095
f 830/1199/1097 833/1324/1201 832/1200/374
f 904/1188/903 916/1196/1095 919/1325/901
f 903/1187/1088 904/1188/903 954/1326/1156
s 17
f 285/499/501 268/204/271 1466/301/361
s 21
f 903/1187/1088 921/1210/1101 968/1327/1172
f 836/1328/1202 885/1211/1102 835/371/421
s 22
f 873/1329/1203 871/1330/1204 872/1302/1176
s 17
f 318/1331/574 406/1332/406 308/1333/1205
s 21
f 837/1334/1206 838/1335/1207 836/1328/1202
f 840/335/390 838/1335/1207 898/1336/1208
f 888/1337/1103 890/1338/1169 889/1339/1209
s 19
f 1008/904/1210 1011/1340/1211 1006/1341/1212
s 21
f 843/1230/1119 838/1335/1207 839/334/389
f 892/1227/1117 839/334/389 841/1342/1213
s 19
f 1061/1343/473 1060/1344/1214 1203/1345/1215
s 21
f 978/1226/1116 975/1346/1216 844/1225/1115
f 978/1226/1116 932/1185/1086 972/1232/1121
s 25
f 736/1347/1217 724/831/773 731/830/772
s 21
f 968/1327/1172 933/1231/1120 932/1185/1086
s 28
f 869/1348/1218 849/1349/1219 850/1350/1220
f 848/1351/1221 880/1352/1222 852/812/754
f 850/1350/1220 851/1353/1223 868/1354/1224
s 25
f 591/1044/967 590/1355/1225 589/1008/930
s 19
f 1165/1356/1226 1166/1357/1227 1163/788/733
s 21
f 931/1358/1228 841/1342/1229 842/1359/1230
s 17
f 290/1360/538 1467/1361/359 1465/484/513
f 376/257/319 388/266/328 378/274/336
s 25
f 681/1362/1231 611/489/517 609/292/353
s 23
f 676/1136/1049 673/1106/1022 674/1105/1021
s 21
f 864/1363/897 862/346/400 819/1364/1099
s 17
f 433/585/589 416/388/436 422/382/430
s 22
f 850/1365/1232 867/1303/1177 866/1366/1233
f 869/1367/1234 866/1366/1233 824/1368/1235
f 880/1369/1236 824/1368/1235 870/1370/1237
s 19
f 1239/1371/1238 1151/1372/1239 1150/1373/1240
s 23
f 598/1374/1241 658/1078/996 657/1375/1242
s 22
f 899/1376/1243 837/1377/1244 873/1329/1203
s 20
f 1487/769/714 557/1378/1245 563/770/715
s 21
f 956/1379/1157 921/1295/1101 920/1380/1100
f 832/316/374 883/1381/927 876/1382/253
s 17
f 376/257/319 273/251/313 372/258/320
s 22
f 945/1383/1246 931/1384/1142 929/1385/1247
s 19
f 1140/1386/1248 1137/1387/1249 1139/1309/1250
f 1174/1388/1198 1201/1389/1251 1204/1390/884
s 17
f 298/196/264 297/1391/373 396/1392/536
s 18
f 754/1393/1252 756/1394/1253 755/1395/1254
s 21
f 965/1396/1255 933/1397/1120 968/1398/1172
f 968/1398/1172 969/1399/1171 965/1396/1255
f 887/1400/1256 847/1293/931 895/1401/933
s 19
f 1067/1204/1055 1115/1402/1257 1116/1403/1258
s 17
f 399/449/409 393/323/379 403/596/410
s 21
f 894/1404/1259 892/1405/1117 900/1406/1260
s 19
f 1116/1407/1258 1033/1408/1261 1117/1409/1262
s 22
f 948/1410/1263 950/1264/1151 949/1266/1153
s 19
f 1219/1411/554 1180/1412/1264 1206/1413/555
s 22
f 925/1414/1265 953/1415/1266 942/1268/1155
s 21
f 900/1416/1260 845/1417/1118 901/342/397
s 17
f 421/384/432 432/584/588 422/382/430
s 19
f 1234/1418/894 1125/1419/1033 1124/1420/1267
f 1256/1421/740 1180/1422/1264 1178/1423/1268
f 1126/1424/1269 1234/1418/894 1124/1420/1267
f 1095/1425/1270 983/1426/1271 1099/1427/1272
f 1244/1428/1273 1232/237/301 1231/1429/1274
f 1128/1430/1275 1244/1428/1273 1231/1429/1274
f 1130/1431/1276 1128/1430/1275 1228/1432/1277
f 986/1080/998 987/520/541 1106/1081/999
f 1132/1433/1278 1228/1432/1277 1131/1434/1279
f 988/1079/997 1096/1435/1280 1092/1436/1281
f 1096/1435/1280 988/1079/997 989/1437/1282
f 989/1437/1282 990/1438/1283 1096/1435/1280
f 989/1437/1282 991/1439/1284 990/1438/1283
f 1095/1425/1270 1073/1440/482 983/1426/1271
f 1073/1440/482 1072/1441/1285 983/1426/1271
f 1149/1442/1286 1137/1387/1249 1127/1443/1287
s 20
f 571/786/731 573/1444/1288 572/1445/1289
s 18
f 600/1446/1290 644/1447/1291 643/1448/1292
s 19
f 1072/1441/1285 996/1449/1293 993/1450/1294
f 1011/1340/1211 994/1451/1295 1006/1341/1212
f 1152/1452/1296 1155/1308/1185 1154/1453/1297
f 1148/1454/1298 1142/556/1299 1143/557/1300
s 27
f 1337/1455/1301 1364/1456/1302 1347/1457/1303
s 19
f 1151/1372/1239 1137/1387/1249 1150/1373/1240
f 1102/1458/1304 979/1459/1305 1100/1460/1306
f 1004/1461/1307 1005/1462/1308 1007/906/844
f 1009/1463/843 1152/1452/1309 1239/1371/1238
f 997/1464/1310 1000/1465/1311 1002/1466/1312
f 1139/1309/1186 1145/1467/1313 1146/1310/1187
f 1181/1468/1314 1257/1469/553 1258/1470/786
f 1158/1087/1003 1144/555/567 1143/557/569
f 1148/1454/1298 1158/1087/1009 1266/1091/1008
s 22
f 878/1471/1315 852/1472/1316 827/1473/1317
s 23
f 751/903/841 752/1474/1318 753/1475/1319
s 28
f 945/1251/1139 861/1476/885 944/1250/1138
s 19
f 1019/1477/1001 1022/1478/474 1018/1479/1320
s 20
f 575/1480/1321 571/786/731 572/1445/1289
s 18
f 754/1393/1252 776/1481/1322 703/1482/1323
s 19
f 1207/846/787 1208/758/703 1260/847/788
f 1013/1483/1324 1003/1484/1325 1122/1485/1326
f 1172/1486/1047 1162/789/734 1164/1319/1197
f 1075/1487/1327 1015/1488/1328 1012/1489/1329
f 1077/1490/1330 1020/1491/1331 1075/1487/1327
f 1109/1492/1332 1019/1477/1001 1020/1491/1331
f 1119/1493/750 1118/801/744 1120/1494/1333
f 1110/1495/1334 1020/1491/1331 1028/1496/1335
f 1029/980/905 1110/1495/1334 1028/1496/1335
f 1028/1496/1335 1078/1497/1336 1079/981/906
f 1029/980/905 1028/1496/1335 1079/981/906
f 1256/1421/740 1218/1498/1337 1254/1499/738
s 17
f 288/421/469 1469/1500/544 292/419/467
s 19
f 1181/1501/1314 1180/1422/1264 1179/1502/1338
s 17
f 351/1503/486 350/202/269 349/326/382
f 265/901/288 254/302/362 261/1504/289
s 18
f 660/921/856 638/1258/1145 639/1260/1147
s 19
f 1117/1505/1262 1089/1506/1056 1034/1507/751
f 1034/1507/751 1118/1508/744 1117/1505/1262
f 1120/1509/1333 1118/1508/744 1034/1507/751
f 1037/1510/1339 1036/1511/1340 1035/1512/1341
s 20
f 578/780/725 1487/769/714 565/772/717
s 17
f 245/428/476 246/176/244 244/189/257
s 19
f 1041/1513/1342 1040/1514/1343 1039/1515/1344
s 27
f 1356/1516/935 1327/1517/1345 1348/1518/1346
s 19
f 1091/761/706 1107/1519/1347 1105/1520/1348
f 1246/1521/1349 1229/1522/1350 1245/1523/1351
f 1229/1522/1350 1243/1524/1352 1245/1523/1351
f 1257/537/553 1220/1525/1353 1258/845/786
f 1191/310/368 1193/1526/893 1241/288/350
f 1240/1527/1354 1235/289/247 1215/1528/246
f 1240/1527/1354 1195/1529/1355 1198/1530/1356
f 1195/1529/1355 1214/1531/1068 1196/1532/1357
f 1050/281/343 1051/1533/1358 1070/279/341
f 1053/1534/1359 1052/1275/1159 1098/1274/1158
s 21
f 905/478/1360 950/1217/1106 908/1218/1108
s 28
f 855/1535/1129 879/813/755 854/1536/1130
s 19
f 1199/1537/1361 1217/1538/851 1200/540/556
f 1058/1539/1362 1108/1540/1000 1057/497/525
s 17
f 352/186/254 363/209/276 1476/1541/1363
s 19
f 1202/542/558 1061/1542/473 1203/1543/1215
s 27
f 1345/1012/934 1361/1544/1364 1341/1545/1364
s 21
f 968/1327/1172 923/329/385 922/1216/1105
s 17
f 398/1546/377 290/517/538 1471/519/540
f 402/379/408 408/389/437 407/1547/559
s 21
f 891/1548/1173 888/1337/1103 889/1339/1209
s 19
f 984/1073/992 985/521/542 1093/1549/886
f 979/1459/1305 1099/1427/1272 1100/1460/1306
f 1222/759/704 1262/1550/1365 1210/760/705
f 1262/1550/1365 1223/1551/1366 1264/1552/1367
f 1186/1553/1368 1492/1554/1369 1493/1234/1122
f 1119/1555/750 1491/1556/752 1069/1557/745
s 23
f 672/1558/1370 664/1559/871 671/1130/1044
f 630/1560/1371 633/947/880 631/1561/1372
s 19
f 1197/1161/1067 1157/1132/1046 1216/1562/1373
s 25
f 601/844/785 600/1029/951 602/1028/950
s 21
f 933/1397/1120 966/1563/1174 967/1564/1374
s 19
f 1077/1565/1330 1076/1566/1375 1078/1567/1336
f 1078/1567/1336 1076/1566/1375 1079/1568/906
f 1219/1411/554 1218/1569/1337 1178/1570/1268
f 1063/1571/1376 1030/1572/1377 1064/1573/1378
f 1156/1574/1379 1152/1452/1296 1154/1453/1297
s 29
f 435/709/674 437/611/605 436/710/674
s 19
f 1032/1575/578 1085/1576/1380 1086/1577/1381
f 1084/1578/1382 1030/1579/1377 1031/1580/1383
f 1211/1581/1384 1183/923/274 1184/1582/1385
f 1089/1145/1056 1067/1144/1055 1090/1233/1098
f 1223/1583/1366 1224/1584/1386 1212/1585/1387
f 1224/1584/1386 1225/1586/1388 1212/1585/1387
f 1199/1537/1361 1197/1587/1067 1216/1588/1373
f 1129/1589/1389 1246/1590/1349 1245/1591/1351
f 1129/1589/1389 1243/1592/1352 1244/1593/1273
s 20
f 562/1090/1006 569/784/729 575/1480/1321
s 25
f 663/1594/1390 777/1595/1391 761/931/864
s 19
f 1095/1596/1270 979/1597/1305 1048/437/483
f 1097/1598/1392 1040/1599/1343 1096/1600/1280
f 1134/1601/1393 1492/1602/1369 1187/1603/1394
s 33
f 1290/1604/1395 1300/1605/1396 1287/1606/1397
s 19
f 1073/436/482 1095/1596/1270 1048/437/483
s 23
f 771/1607/1080 772/1608/1398 715/1609/1399
s 18
f 717/913/850 763/399/447 759/911/848
s 23
f 670/1131/1045 787/1610/882 662/1129/1043
s 19
f 1123/1611/1400 1047/1612/1401 1099/1613/1272
f 1099/1613/1272 1047/1612/1401 1100/1614/1306
f 979/1597/1305 1046/1615/424 1048/437/483
s 25
f 662/1616/1402 663/1617/1390 661/639/624
s 19
f 1191/1618/368 1244/1593/1273 1243/1592/1352
s 21
f 893/1619/932 887/1620/1256 895/1621/933
s 19
f 1227/1622/1403 1128/1623/1275 1229/1624/1350
f 1190/1625/1404 1130/1626/1276 1247/1627/1405
f 1131/1628/1279 1188/1629/1123 1133/1630/1406
f 988/1631/997 1039/1632/1344 1038/1633/1407
s 21
f 826/896/835 878/377/427 827/1317/1195
s 19
f 990/1634/1283 1037/1635/1339 1035/1636/1341
f 1061/1637/473 1166/1638/1227 1251/1639/708
f 1201/1389/1251 1166/1638/1227 1252/1640/557
s 17
f 427/581/586 419/1053/974 418/392/440
s 19
f 1109/1641/1332 1110/1642/1334 1062/1643/1408
f 1110/1642/1334 1029/1644/905 1062/1643/1408
s 18
f 762/929/862 663/1645/1013 761/927/860
s 17
f 408/389/437 404/1646/560 407/1547/559
s 19
f 1082/1647/1409 1084/1648/1382 1031/1649/1383
f 1181/1468/1314 1260/1650/788 1259/1651/273
f 1113/1652/577 1066/1653/1410 1114/263/325
f 1086/1577/1381 1088/1143/576 1032/1575/578
f 1261/1654/1411 1262/1655/1365 1263/1656/1412
f 1068/800/743 1116/1407/1258 1117/1409/1262
f 1264/1657/1367 1185/1658/1413 1263/1656/1412
f 1225/1659/1388 1185/1658/1413 1213/1660/1414
f 1021/1661/1415 1025/1662/1416 1024/1663/1417
f 1171/1664/1418 1165/1356/1226 1169/1665/1419
f 983/1426/1271 1004/1461/1307 1123/1666/1400
f 983/1426/1271 1123/1666/1400 1099/1427/1272
f 1075/1487/1327 1017/1667/1420 1015/1488/1328
f 1102/1458/1304 981/1074/993 980/1668/1421
s 25
f 678/815/757 604/851/791 606/855/795
s 19
f 1236/1669/1422 1126/1424/1269 1127/1443/1287
s 25
f 744/840/781 717/579/584 757/838/779
s 19
f 1137/1387/1249 1136/1670/1423 1127/1443/1287
s 17
f 387/278/340 1478/255/317 1479/276/338
s 19
f 1247/1671/1405 1130/1431/1276 1228/1432/1277
s 22
f 870/1672/1237 852/1472/1316 880/1673/1236
s 19
f 1131/1434/1279 1133/1674/1406 1132/1433/1278
f 1249/1675/1424 1132/1433/1278 1133/1674/1406
f 1133/1674/1406 1134/1676/1393 1249/1675/1424
f 1249/1675/1424 1134/1676/1393 1237/1677/1425
f 1236/1669/1422 1127/1443/1287 1135/1678/245
f 1135/1678/245 1127/1443/1287 1136/1670/1423
f 1072/1441/1285 992/1679/1426 983/1426/1271
f 1006/1341/1427 992/1679/1426 994/1451/1428
f 996/1449/1293 995/1680/1429 993/1450/1294
f 1136/1670/1423 1138/1681/1430 1141/1682/1066
f 999/1683/1431 997/1464/1432 996/1449/1293
s 32
f 538/649/657 548/754/701 540/744/701
s 21
f 977/1684/1433 975/1685/1216 978/1686/1116
s 20
f 574/796/741 576/1687/521 573/1444/1288
s 19
f 992/1679/1426 1004/1461/1307 983/1426/1271
f 995/1680/1429 992/1679/1426 993/1450/1294
f 1006/1341/1427 1007/906/844 1005/1462/1308
f 1149/1442/1286 1239/1371/1238 1150/1373/1240
f 1145/1467/1313 1142/556/1299 1147/1688/1434
f 1000/1465/1311 994/1451/1295 1001/1689/1435
f 1156/1690/1379 1008/904/1210 1153/1691/1436
f 1027/1692/1053 1167/764/1437 1168/765/1054
f 1015/1488/1328 1013/1483/1438 1012/1489/1329
f 1165/1356/1439 1170/1693/1440 1161/787/1441
f 1018/1479/1320 1016/1694/1442 1017/1667/1420
f 1017/1667/1420 1019/1477/1001 1018/1479/1320
f 1022/1478/474 1021/1661/1443 1018/1479/1320
f 1253/1237/1125 1163/788/733 1166/1357/1227
f 1251/1695/708 1023/1140/1444 1022/1478/474
f 1026/1696/1445 1021/1661/1415 1024/1663/1417
f 1103/1697/423 984/1698/992 982/1699/994
f 1013/1483/1438 999/1683/1431 1012/1489/1329
f 1172/1486/1047 1157/1700/1046 1160/1086/1002
f 1173/1701/852 1172/1486/1047 1164/1319/1197
f 1174/1320/1198 1164/1319/1197 1253/1237/1125
f 1177/1702/1446 1164/1319/1197 1175/1703/1447
f 1078/1497/1336 1020/1491/1331 1077/1490/1330
f 1254/1499/738 1175/1703/1447 1176/1318/1196
f 1175/1703/1447 1218/1498/1337 1177/1702/1446
f 1254/1499/738 1218/1498/1337 1175/1703/1447
s 22
f 879/1704/1448 829/1705/1161 854/1706/1163
s 19
f 1081/979/904 1030/1579/1377 1111/1707/1449
s 23
f 602/1072/991 631/1561/1372 629/1071/990
s 19
f 1084/1578/1382 1113/572/577 1112/1708/324
s 17
f 358/294/355 361/1709/290 362/1710/292
s 19
f 1117/1505/1262 1088/571/576 1089/1506/1056
f 1224/1711/1386 1184/1712/1385 1263/1713/1412
f 1263/1713/1412 1185/1714/1413 1224/1711/1386
f 1226/1715/1450 1224/1711/1386 1185/1714/1413
f 1250/1716/1451 1187/1717/1394 1186/1553/1368
f 1035/1512/1341 1038/1718/1407 1097/1719/1392
f 1097/1719/1392 1039/1515/1344 1040/1514/1343
f 1248/1236/1124 1188/1235/1123 1189/1720/1452
f 1041/1513/1342 1107/1519/1347 1091/761/706
f 1227/1721/1403 1246/1521/1349 1190/1722/1404
s 25
f 665/1039/961 586/783/728 587/782/727
f 655/1723/815 683/1724/1453 617/1026/948
s 19
f 1044/479/508 1103/373/423 1094/375/425
s 17
f 307/536/552 1483/532/405 300/531/550
s 19
f 1047/1725/1401 1046/374/424 1101/1726/1454
s 24
f 1399/1545/1455 1403/1727/1456 1388/1728/1456
s 33
f 1313/1729/1457 1312/1125/1458 1276/1124/1459
s 19
f 990/1634/1283 1097/1598/1392 1096/1600/1280
f 1196/1532/1357 1214/1531/1068 1197/1587/1067
f 1238/907/845 1240/1527/1354 1198/1530/1356
f 1053/1534/1359 1055/1730/846 1052/1275/1159
f 1051/1533/1358 1056/496/524 1074/498/526
s 21
f 978/1731/1116 971/1301/1175 977/1732/1433
s 19
f 1200/540/556 1217/1538/851 1201/1733/1251
f 1058/1539/1362 1059/1734/475 1108/1540/1000
f 1267/1735/1460 1240/1736/1354 1149/1737/1286
f 1108/1540/1000 1076/1738/1375 1057/497/525
f 1076/1738/1375 1063/1739/1376 1080/1740/1461
f 1080/1740/1461 1064/1741/1378 1082/1742/1409
f 1082/1742/1409 1065/1743/326 1083/1744/1462
f 1083/1744/1462 1114/1745/325 1085/1746/1380
f 1085/1746/1380 1066/1747/1410 1086/1748/1381
f 1066/1747/1410 1087/1749/1463 1086/1748/1381
f 1090/1206/1098 1069/1557/745 1491/1556/752
f 1225/1750/1388 1213/1751/1414 1212/1752/1387
f 1051/1753/1358 996/1754/1293 1070/1755/341
f 1071/435/481 996/1754/1293 1072/1756/1285
s 17
f 348/295/356 341/1757/1464 347/325/381
s 23
f 817/1758/1079 816/1166/1071 818/1759/1078
s 19
f 1012/1760/1329 1057/1761/525 1075/1762/1327
f 1077/1565/1330 1057/1761/525 1076/1566/1375
f 1173/917/852 1177/1763/1446 1205/918/853
f 1177/1763/1446 1218/1569/1337 1205/918/853
f 1063/1571/1376 1029/1644/905 1111/1764/1449
f 1179/1765/1338 1255/794/739 1257/1469/553
f 1263/1713/1412 1183/207/274 1261/1766/1411
f 1084/1648/1382 1085/1576/1380 1032/1575/578
f 1221/1767/275 1209/922/857 1207/1768/787
f 1261/1654/1411 1208/1769/703 1210/1770/705
s 23
f 778/1771/1035 775/792/737 785/791/736
s 19
f 1223/1583/1366 1211/1581/1384 1184/1582/1385
s 17
f 280/1772/372 277/1773/335 287/1774/337
f 380/282/344 375/259/321 381/297/357
s 19
f 1107/1775/1347 987/1776/541 1105/1777/1348
f 1247/1627/1405 1248/1778/1124 1190/1625/1404
f 1003/1484/1325 997/1464/1310 1002/1466/1312
f 1104/1779/543 1045/1780/510 1042/1781/509
f 1093/958/886 1094/1782/425 981/1783/993
f 1101/1784/1454 982/1699/994 1102/1785/1304
f 1124/1786/1267 1241/1117/350 1194/1787/351
f 1236/1788/1422 1235/179/247 1234/966/894
f 1133/1630/1406 1188/1629/1123 1492/1602/1369
f 1493/1789/1122 1249/1790/1424 1186/1791/1368
f 1250/1792/1451 1249/1790/1424 1237/1793/1425
f 1235/179/247 1236/1788/1422 1135/177/245
f 1053/1794/1359 1009/1795/843 1054/1796/847
f 1007/1797/844 1098/1798/1158 1004/1799/1307
f 1123/1611/1400 1098/1798/1158 1047/1612/1401
f 1267/1735/1460 1126/1800/1269 1194/1787/351
f 1126/1800/1269 1124/1786/1267 1194/1787/351
f 1101/1784/1454 1100/1614/1306 1047/1612/1401
f 1232/1801/301 1193/965/893 1192/1802/370
f 1231/1803/1274 1192/1802/370 1230/1804/369
f 1230/1804/369 1128/1623/1275 1231/1803/1274
f 1104/1779/543 1105/1777/1348 987/1776/541
f 1041/1805/1342 986/1806/998 1092/1807/1281
f 1040/1599/1343 1092/1807/1281 1096/1600/1280
f 1493/1789/1122 1248/1778/1124 1132/1808/1278
f 989/1809/1282 1038/1633/1407 1036/1810/1340
f 989/1809/1282 1037/1811/1339 991/1812/1284
s 23
f 624/887/826 625/891/830 623/886/825
s 19
f 1228/1813/1277 1189/1814/1452 1131/1628/1279
f 1108/1084/1000 1109/1641/1332 1062/1643/1408
f 1174/1388/1198 1204/1390/884 1176/1815/1196
f 1176/1815/1196 1204/1390/884 1254/793/738
f 1079/1568/906 1080/1816/1461 1081/1817/904
f 1080/1816/1461 1031/1649/1383 1081/1817/904
f 1206/1413/555 1182/1818/1465 1220/1819/1353
f 1182/1818/1465 1207/1768/787 1220/1819/1353
f 1259/1651/273 1260/1650/788 1208/1769/703
f 1066/1653/1410 1033/1408/1261 1115/1820/1257
f 1263/1656/1412 1262/1655/1365 1264/1657/1367
s 21
f 826/896/835 876/185/253 828/184/252
s 19
f 1189/1720/1452 1190/1722/1404 1248/1236/1124
f 1025/1662/1416 1014/1821/1466 1121/1822/1467
f 1122/1485/1326 1014/1821/1466 1013/1483/1324
f 1127/1443/1287 1267/1823/1460 1149/1442/1286
f 1127/1443/1287 1126/1424/1269 1267/1823/1460
s 33
f 1270/1824/1468 1269/1825/1469 1268/396/1470
f 1268/396/1470 1271/1826/1471 1270/1824/1468
f 1269/1825/1469 1270/1824/1468 1314/1827/1472
f 1268/396/1470 1272/395/1473 1271/1826/1471
f 1272/395/1473 1273/1828/1474 1271/1826/1471
f 1292/1829/1475 1273/1828/1474 1272/395/1473
f 1292/1829/1475 1289/1830/1476 1273/1828/1474
f 1292/1829/1475 1272/395/1473 1274/1831/1477
s 24
f 1375/394/1478 1368/395/1479 1365/396/1480
s 25
f 611/489/517 613/868/808 612/1832/1481
s 33
f 1288/1833/1482 1275/1834/1483 1293/1835/1484
f 1275/1834/1483 1494/1836/1032 1293/1835/1484
f 1293/1835/1484 1494/1836/1032 1286/1837/1031
f 1268/396/1470 1269/1825/1469 1313/1838/1485
f 1269/1825/1469 1314/1827/1472 1313/1838/1485
f 1313/1838/1485 1276/1839/1486 1268/396/1470
f 1268/396/1470 1276/1839/1486 1277/394/1487
f 1316/1840/1488 1274/1831/1477 1277/394/1487
f 1316/1840/1488 1278/1841/1489 1274/1831/1477
f 1292/1829/1475 1274/1831/1477 1278/1841/1489
f 1292/1829/1475 1278/1841/1489 1299/1842/1490
f 1316/1840/1488 1299/1842/1490 1278/1841/1489
f 1316/1840/1488 1277/394/1487 1310/1843/1491
f 1277/394/1487 1276/1839/1486 1310/1843/1491
f 1316/1840/1488 1310/1843/1491 1279/864/1492
s 24
f 1407/865/1493 1404/864/1494 1377/1843/1495
s 33
f 1281/866/1496 1280/865/1497 1282/1844/1498
f 1282/1844/1498 1280/865/1497 1283/1845/1499
f 1280/865/1497 1308/1846/1500 1283/1845/1499
s 27
f 1331/1219/1501 1495/643/628 1323/1847/1502
s 24
f 1381/641/1503 1382/642/1504 1373/643/1505
s 27
f 1323/1847/1502 1334/1848/1506 1331/1219/1501
f 1336/270/1507 1335/271/1508 1320/272/1509
s 24
f 1370/272/334 1397/525/1510 1393/270/332
s 27
f 1358/1849/1511 1359/1123/1512 1349/1850/1513
s 33
f 1300/1851/1396 1293/285/1484 1286/1852/1031
f 1286/1852/1031 1285/1853/1514 1300/1851/1396
f 1276/1124/1459 1311/1123/1515 1310/1854/1516
s 27
f 1341/1855/1517 1343/1856/1518 1496/1857/1519
s 24
f 1412/1858/1520 1388/1859/1521 1390/1860/1522
s 27
f 1356/1861/935 1364/1862/1302 1357/1863/1523
f 1336/1604/1507 1339/1605/1524 1334/1606/1506
s 33
f 1287/1606/1397 1300/1605/1396 1284/1864/1110
f 1301/1865/1030 1284/1864/1110 1300/1605/1396
f 1300/1605/1396 1285/1866/1514 1301/1865/1030
f 1294/1012/1525 1290/1604/1395 1291/1867/1526
s 24
f 1387/1012/1527 1406/1013/1528 1398/1014/1529
s 26
f 1452/370/420 1429/408/1179 1454/410/1181
s 33
f 1291/1867/1526 1298/1868/1530 1315/1013/1531
f 1311/1014/1532 1315/1013/1531 1309/1040/1533
s 19
f 1106/1869/999 1039/1632/1344 988/1631/997
s 33
f 1303/1870/1534 1304/1871/1535 1302/1041/1536
f 1302/1041/1536 1304/1871/1535 1305/1872/1537
f 1305/1872/1537 1307/1873/1538 1302/1041/1536
s 19
f 1264/1552/1367 1212/1752/1387 1213/1751/1414
s 33
f 1297/1874/1539 1296/1728/1540 1306/1727/1540
s 27
f 1351/370/1541 1329/408/456 1352/410/458
s 24
f 1380/408/1542 1410/409/1543 1402/410/1544
s 20
f 585/805/747 565/772/717 564/771/716
s 26
f 1451/1518/962 1427/1875/806 1457/368/418
s 24
f 1406/1516/1528 1404/1517/1494 1405/1518/1545
s 26
f 1419/285/1546 1435/286/1547 1417/287/1548
s 33
f 1308/1876/1549 1280/1849/1550 1302/1850/1551
f 1302/1850/1552 1308/1876/1553 1307/1877/1554
s 26
f 1499/1857/1555 1435/286/1547 1436/1855/1556
f 1448/1125/1040 1460/1729/1557 1453/502/1558
s 17
f 273/488/313 272/475/297 373/1878/314
s 26
f 1441/1456/1559 1440/1455/546 1442/1879/1560
s 27
f 1343/1824/1561 1318/1825/1562 1317/396/444
f 1317/396/444 1496/1826/1563 1343/1824/1561
f 1318/1825/1562 1343/1824/1561 1344/1827/1564
f 1317/396/444 1319/395/443 1496/1826/1563
f 1319/395/443 1340/1828/1565 1496/1826/1563
f 1338/1829/1566 1340/1828/1565 1319/395/443
f 1338/1829/1566 1320/1830/1509 1340/1828/1565
f 1338/1829/1566 1319/395/443 1321/1831/1567
s 33
f 1277/394/1487 1272/395/1473 1268/396/1470
s 26
f 1419/1835/1546 1433/1830/545 1420/1833/1568
s 27
f 1335/1833/1508 1323/1834/1502 1322/1835/1569
f 1323/1834/1502 1495/1836/628 1322/1835/1569
f 1322/1835/1569 1495/1836/628 1333/1837/627
f 1317/396/444 1318/1825/1562 1362/1838/1570
f 1318/1825/1562 1344/1827/1564 1362/1838/1570
f 1362/1838/1570 1360/1839/1571 1317/396/444
f 1317/396/444 1360/1839/1571 1324/394/442
f 1357/1840/1523 1321/1831/1567 1324/394/442
f 1357/1840/1523 1325/1841/1572 1321/1831/1567
f 1338/1829/1566 1321/1831/1567 1325/1841/1572
f 1338/1829/1566 1325/1841/1572 1364/1842/1302
f 1357/1840/1523 1364/1842/1302 1325/1841/1572
f 1357/1840/1523 1324/394/442 1326/1843/1573
f 1324/394/442 1360/1839/1571 1326/1843/1573
f 1357/1840/1523 1326/1843/1573 1327/864/1345
s 17
f 1464/415/463 275/260/322 1463/261/323
s 27
f 1355/866/1574 1358/865/1511 1328/1844/1575
f 1328/1844/1575 1358/865/1511 1329/1845/456
f 1358/865/1511 1330/1846/1576 1329/1845/456
s 24
f 1395/1219/1577 1373/643/1505 1372/1847/1578
s 30
f 467/1880/683 483/1881/629 466/721/683
s 26
f 1431/1847/1579 1445/1848/1580 1430/1219/1581
s 19
f 1134/1601/1393 1250/1882/1451 1237/1883/1425
s 33
f 1291/525/1526 1289/272/1476 1292/1884/1475
s 17
f 405/1157/1065 413/380/428 414/1885/416
s 27
f 1339/1851/1524 1322/285/1569 1333/1852/627
f 1333/1852/627 1332/1853/1582 1339/1851/1524
s 18
f 641/1886/1583 600/1446/1290 640/1259/1146
s 26
f 1438/1856/1584 1436/1855/1556 1437/1859/1585
s 33
f 1314/503/1586 1306/502/1587 1313/1729/1457
s 24
f 1392/1862/1588 1406/1861/1528 1391/1887/1589
f 1393/1604/332 1394/1605/1590 1383/1606/1591
s 27
f 1334/1606/1506 1339/1605/1524 1331/1864/1501
f 1346/1865/626 1331/1864/1501 1339/1605/1524
f 1339/1605/1524 1332/1866/1582 1346/1865/626
f 1345/1012/934 1336/1604/1507 1337/1867/1301
s 26
f 1449/1013/1592 1435/1012/1593 1440/1867/1594
s 24
f 1387/1012/1527 1411/1544/1455 1399/1545/1455
s 27
f 1337/1867/1301 1347/1868/1303 1356/1013/935
f 1359/1014/936 1356/1013/935 1348/1040/1346
s 24
f 1408/1041/1595 1405/1040/1545 1400/1870/1596
s 27
f 1350/1870/1597 1351/1871/1541 1349/1041/1513
f 1349/1041/1513 1351/1871/1541 1352/1872/458
f 1352/1872/458 1354/1873/457 1349/1041/1513
s 26
f 1448/1544/1598 1437/1728/1599 1436/1545/1600
s 27
f 1363/1874/1601 1342/1728/1602 1353/1727/1602
s 24
f 1401/370/1603 1380/408/1542 1402/410/1544
s 22
f 858/1262/1149 896/1257/1604 840/1263/1150
s 24
f 1400/368/1596 1379/369/1605 1401/370/1603
s 17
f 384/1888/1606 385/508/527 383/283/345
s 26
f 1449/1516/1607 1425/1517/804 1451/1518/962
f 1426/1849/805 1447/1123/1038 1459/1850/1608
s 27
f 1330/1876/1576 1358/1849/1511 1349/1850/1513
f 1349/1850/1513 1354/1877/457 1330/1876/1576
f 1345/286/1609 1496/1857/1519 1340/287/1610
s 24
f 1399/1855/1611 1389/1856/1612 1367/1857/1613
f 1412/503/1520 1403/502/1614 1374/1729/1615
f 1392/1456/1588 1397/1455/1510 1385/1879/1616
f 1389/1824/1617 1366/1825/1618 1365/396/1480
f 1365/396/1480 1367/1826/1619 1389/1824/1617
f 1366/1825/1618 1389/1824/1617 1412/1827/1620
f 1365/396/1480 1368/395/1479 1367/1826/1619
f 1368/395/1479 1369/1828/1621 1367/1826/1619
f 1385/1829/1616 1369/1828/1621 1368/395/1479
f 1385/1829/1616 1370/1830/334 1369/1828/1621
f 1385/1829/1616 1368/395/1479 1371/1831/1622
s 26
f 1416/395/1623 1422/394/1624 1418/1831/1625
s 33
f 1289/1830/1476 1293/1835/1484 1273/1828/1474
s 24
f 1384/1833/333 1372/1834/1578 1386/1835/347
f 1372/1834/1578 1373/1836/1505 1386/1835/347
f 1386/1835/347 1373/1836/1505 1382/1837/1504
f 1365/396/1480 1366/1825/1618 1374/1838/1626
f 1366/1825/1618 1412/1827/1620 1374/1838/1626
f 1374/1838/1626 1497/1839/1627 1365/396/1480
f 1365/396/1480 1497/1839/1627 1375/394/1478
f 1413/1840/1628 1371/1831/1622 1375/394/1478
f 1413/1840/1628 1376/1841/1629 1371/1831/1622
f 1385/1829/1616 1371/1831/1622 1376/1841/1629
f 1385/1829/1616 1376/1841/1629 1392/1842/1588
f 1413/1840/1628 1392/1842/1588 1376/1841/1629
f 1413/1840/1628 1375/394/1478 1377/1843/1495
f 1375/394/1478 1497/1839/1627 1377/1843/1495
f 1413/1840/1628 1377/1843/1495 1404/864/1494
s 27
f 1358/865/1511 1327/864/1345 1326/1843/1573
s 24
f 1378/866/1630 1407/865/1493 1379/1844/1605
f 1379/1844/1605 1407/865/1493 1380/1845/1542
f 1407/865/1493 1409/1846/1631 1380/1845/1542
s 26
f 1430/1219/1581 1498/643/1632 1431/1847/1579
s 33
f 1287/1848/1397 1275/1847/1483 1288/271/1482
s 26
f 1443/270/547 1420/271/1568 1433/272/545
s 21
f 871/1184/1085 836/1328/1202 835/371/421
s 33
f 1294/286/1633 1293/285/1484 1300/1851/1396
s 24
f 1394/1851/1590 1386/285/347 1382/1852/1504
f 1382/1852/1504 1396/1853/1634 1394/1851/1590
f 1497/1124/1635 1398/1123/1529 1377/1854/1636
s 20
f 555/773/718 557/1378/1245 556/774/719
s 27
f 1342/1859/1637 1344/1858/529 1343/1856/1518
s 19
f 1221/208/275 1181/1501/1314 1259/206/273
s 26
f 1444/1605/1638 1443/1604/547 1435/1012/1547
s 24
f 1383/1606/1591 1394/1605/1590 1395/1864/1577
f 1381/1865/1503 1395/1864/1577 1394/1605/1590
f 1394/1605/1590 1396/1866/1634 1381/1865/1503
f 1387/1012/1527 1393/1604/332 1397/1867/1510
s 17
f 395/332/387 394/1889/537 1482/351/404
s 26
f 1448/1544/1598 1435/1012/1593 1447/1014/1639
s 24
f 1397/1867/1510 1391/1868/1589 1406/1013/1528
f 1398/1014/1529 1406/1013/1528 1405/1040/1545
s 33
f 1302/1041/1536 1309/1040/1533 1303/1870/1534
s 24
f 1400/1870/1596 1401/1871/1603 1408/1041/1595
f 1408/1041/1595 1401/1871/1603 1402/1872/1544
f 1402/1872/1544 1410/1873/1543 1408/1041/1595
s 27
f 1341/1545/1364 1353/1727/1602 1342/1728/1602
s 24
f 1390/1874/1640 1388/1728/1456 1403/1727/1456
s 19
f 1048/1890/483 1098/1274/1158 1071/1891/481
s 22
f 974/1305/1182 929/1385/1641 945/1383/1642
s 33
f 1282/369/1498 1303/368/1534 1281/1875/1496
f 1281/1875/1496 1309/1518/1533 1279/1517/1492
s 27
f 1320/1830/1509 1322/1835/1569 1340/1828/1565
s 33
f 1311/1123/1515 1280/1849/1550 1310/1854/1516
s 24
f 1409/1876/1631 1407/1849/1493 1408/1850/1595
f 1408/1850/1595 1410/1877/1543 1409/1876/1631
s 33
f 1294/286/1633 1271/1857/1643 1273/287/1644
f 1270/1856/1645 1295/1855/1646 1296/1859/1647
s 26
f 1439/1858/1648 1437/1859/1585 1461/1860/1649
s 33
f 1315/1861/1531 1299/1862/1490 1316/1863/1488
s 26
f 1438/1824/1650 1415/1825/1651 1414/396/1652
f 1414/396/1652 1499/1826/1653 1438/1824/1650
f 1415/1825/1651 1438/1824/1650 1439/1827/1654
f 1414/396/1652 1416/395/1623 1499/1826/1653
f 1416/395/1623 1417/1828/1655 1499/1826/1653
f 1442/1829/1560 1417/1828/1655 1416/395/1623
f 1442/1829/1560 1433/1830/545 1417/1828/1655
f 1442/1829/1560 1416/395/1623 1418/1831/1625
s 19
f 981/1783/993 1046/1615/424 980/1892/1421
s 24
f 1370/1830/334 1386/1835/347 1369/1828/1621
s 26
f 1420/1833/1568 1431/1834/1579 1419/1835/1546
f 1431/1834/1579 1498/1836/1632 1419/1835/1546
f 1419/1835/1546 1498/1836/1632 1434/1837/675
f 1414/396/1652 1415/1825/1651 1460/1838/1656
f 1415/1825/1651 1439/1827/1654 1460/1838/1656
f 1460/1838/1656 1421/1839/1657 1414/396/1652
f 1414/396/1652 1421/1839/1657 1422/394/1624
f 1458/1840/1658 1418/1831/1625 1422/394/1624
f 1458/1840/1658 1423/1841/1659 1418/1831/1625
f 1442/1829/1560 1418/1831/1625 1423/1841/1659
f 1442/1829/1560 1423/1841/1659 1441/1842/1559
f 1458/1840/1658 1441/1842/1559 1423/1841/1659
f 1458/1840/1658 1422/394/1624 1424/1843/1660
f 1422/394/1624 1421/1839/1657 1424/1843/1660
f 1458/1840/1658 1424/1843/1660 1425/864/804
s 33
f 1279/864/1492 1280/865/1497 1281/866/1496
s 26
f 1427/866/806 1426/865/805 1428/1844/419
f 1428/1844/419 1426/865/805 1429/1845/1179
f 1426/865/805 1456/1846/1661 1429/1845/1179
s 19
f 1201/1733/1251 1205/1893/853 1204/953/884
s 30
f 460/1894/684 533/715/679 507/717/679
s 21
f 973/1895/1662 926/327/383 928/1186/1087
s 33
f 1288/271/1482 1290/270/1395 1287/1848/1397
s 27
f 1320/272/1509 1337/525/1301 1336/270/1507
f 1345/286/1609 1322/285/1569 1339/1851/1524
s 26
f 1444/1851/1638 1419/285/1546 1434/1852/675
f 1434/1852/675 1446/1853/677 1444/1851/1638
s 27
f 1360/1124/1663 1359/1123/1512 1326/1854/1664
f 1361/1125/1665 1362/1729/1666 1353/502/528
s 26
f 1453/502/1558 1439/503/1648 1461/504/1649
f 1441/1862/1559 1449/1861/1607 1450/1887/1667
s 28
f 960/1896/1668 934/1897/1669 938/1238/1126
s 26
f 1445/1606/1670 1430/1864/1671 1444/1605/1672
f 1432/1865/1673 1444/1605/1672 1430/1864/1671
f 1444/1605/1672 1432/1865/1673 1446/1866/1674
f 1435/1012/1675 1440/1867/1676 1443/1604/1677
s 33
f 1311/1014/1532 1291/1867/1526 1315/1013/1531
f 1294/1012/1525 1312/1544/1678 1295/1545/1678
s 26
f 1440/1867/1679 1449/1013/1680 1450/1868/1681
f 1447/1014/1682 1451/1040/1683 1449/1013/1680
s 27
f 1348/1040/1346 1349/1041/1513 1359/1014/936
s 26
f 1457/1870/1684 1459/1041/1685 1452/1871/1686
f 1459/1041/1685 1454/1872/1687 1452/1871/1686
f 1454/1872/1687 1459/1041/1685 1455/1873/1688
s 33
f 1296/1728/1540 1312/1544/1678 1306/1727/1540
s 26
f 1461/1874/1689 1437/1728/1599 1453/1727/1599
s 33
f 1283/408/1499 1304/370/1535 1282/369/1498
f 1307/409/1538 1283/408/1499 1308/1898/1500
s 27
f 1350/368/1597 1328/369/1575 1351/370/1541
f 1348/1518/1346 1355/1875/1574 1350/368/1597
s 33
f 1279/1517/1492 1315/1516/1531 1316/1899/1488
s 24
f 1398/1123/1529 1407/1849/1493 1377/1854/1636
s 26
f 1456/1876/1661 1426/1849/805 1459/1850/1608
f 1459/1850/1608 1455/1877/1180 1456/1876/1661
s 24
f 1367/1857/1613 1387/286/348 1399/1855/1611
f 1374/1729/1615 1411/1125/1690 1497/1124/1635
s 33
f 1296/1859/1647 1314/1858/1586 1270/1856/1645
f 1299/1456/1490 1291/1455/1526 1292/1879/1475
s 31
f 470/657/639 469/690/1691 471/658/640
f 533/738/692 532/741/694 531/740/694
s 21
f 844/1225/1115 846/1900/398 845/1229/1118
s 23
f 684/1097/1015 686/306/366 685/1901/1692
s 19
f 1051/1753/1358 1012/1760/1329 999/1902/1431
s 17
f 412/1214/561 410/1294/1170 411/1052/973
f 382/284/346 379/277/339 380/282/344
f 420/574/579 332/1903/1693 322/575/580
f 398/1904/377 1484/354/407 1481/336/391
s 31
f 536/648/632 527/664/643 525/666/643
s 18
f 767/768/713 765/1322/1200 766/1905/1694
s 31
f 540/744/695 539/647/631 538/649/631
f 535/1906/691 459/1907/693 475/680/693
s 25
f 805/1036/958 723/859/799 722/861/801
s 31
f 468/672/687 455/1908/1691 453/732/687
s 17
f 314/567/572 303/558/516 309/559/570
s 18
f 757/912/849 755/1395/1254 756/1394/1253
s 19
f 1064/1573/1378 1112/262/324 1065/264/326
s 17
f 391/320/358 390/1909/393 379/307/339
s 19
f 1140/1386/1248 1141/1682/1066 1138/1681/1430
s 17
f 428/1910/1695 420/1051/579 419/1053/974
s 20
f 567/778/723 569/784/729 561/777/722
s 23
f 599/1911/1020 657/1375/1242 675/1912/1696
s 24
f 1372/1847/1578 1383/1848/1591 1395/1219/1577
s 28
f 851/1353/1223 872/1913/1697 868/1354/1224
s 23
f 753/1475/1319 806/1914/1074 807/1915/1073
s 24
f 1405/1518/1545 1378/1875/1630 1400/368/1596
s 19
f 1141/1160/1066 1215/178/246 1136/1916/1423
f 1265/1917/1698 1161/787/1441 1170/1693/1440
s 17
f 353/190/258 360/1082/303 354/450/493
s 18
f 648/1094/1012 643/1448/1292 644/1447/1291
s 17
f 279/837/534 276/446/491 280/1772/372
s 19
f 985/956/542 1091/1918/706 1043/1919/707
s 20
f 578/797/725 571/786/731 581/803/746
s 19
f 1162/789/734 1159/1088/1004 1161/787/732
s 23
f 794/1151/1060 731/1154/1063 795/1153/1062
s 25
f 591/1044/967 623/1920/1699 625/1043/966
s 19
f 1239/1921/1238 1240/1736/1354 1238/1202/845
f 1017/1667/1420 1014/1821/1700 1015/1488/1328
s 21
f 844/1228/1115 841/1342/1213 842/1359/1701
s 23
f 715/1609/1399 774/1922/1702 714/1167/1072
s 17
f 258/443/488 251/193/261 249/439/485
f 342/165/233 341/1757/1464 340/166/234
s 18
f 653/168/236 654/1928/1727 617/169/237
s 17
f 345/171/239 346/433/242 344/172/240
s 19
f 1135/177/245 1136/1916/1423 1215/178/246
s 20
f 582/180/248 564/771/716 584/181/249
s 21
f 831/183/251 915/1929/1728 828/184/252
s 17
f 352/186/254 1476/1541/1363 339/167/235
f 255/187/255 253/303/363 240/188/256
f 339/167/235 1476/1541/1363 353/190/258
f 257/191/259 357/1930/279 252/192/260
f 401/194/262 1474/1931/413 296/195/263
f 1472/197/265 291/533/551 295/198/266
f 252/200/260 357/212/279 356/201/268
f 262/203/270 1463/261/323 268/204/271
s 19
f 1259/206/273 1261/1766/1411 1183/207/274
s 17
f 353/190/258 1476/1541/1363 363/209/276
f 267/211/278 361/1709/290 356/201/268
s 22
f 907/213/280 948/1410/1263 936/214/281
s 17
f 264/216/283 259/529/296 255/187/255
f 321/218/285 320/402/450 310/219/286
f 269/221/272 285/463/501 265/222/288
f 361/224/290 384/1932/1606 366/225/291
f 284/227/293 267/1933/278 266/228/294
f 259/230/296 264/1934/283 272/231/297
f 284/233/293 384/1932/1606 361/224/290
s 19
f 1242/235/299 1125/1419/1033 1233/236/300
s 17
f 364/238/277 371/471/503 365/239/302
f 367/241/304 369/254/316 1477/242/305
s 23
f 636/244/307 694/1935/907 637/245/308
s 21
f 962/247/310 957/1277/1160 918/248/311
s 17
f 365/250/302 372/258/320 273/251/313
f 374/253/315 370/256/318 369/254/316
f 370/256/318 374/253/315 376/257/319
f 375/259/321 1479/276/338 1478/255/317
s 19
f 1112/262/324 1113/1652/577 1114/263/325
s 17
f 374/253/315 1478/255/317 377/265/327
s 21
f 820/267/329 888/1212/1103 834/268/330
s 24
f 1393/270/332 1383/1848/1591 1384/271/333
s 17
f 277/273/335 376/257/319 378/274/336
f 1479/276/338 380/282/344 379/277/339
s 19
f 1070/279/341 1071/1891/481 1049/280/342
s 17
f 380/282/344 381/297/357 383/283/345
s 24
f 1386/285/347 1394/1851/1590 1387/286/348
s 19
f 1241/288/350 1193/1526/893 1235/289/247
s 25
f 620/291/352 681/1362/1231 609/292/353
s 17
f 358/294/355 352/186/254 340/166/234
f 367/241/304 368/243/306 366/296/291
f 391/298/358 382/284/346 1467/299/359
f 254/302/362 243/444/489 240/188/256
s 23
f 683/304/364 730/1936/972 800/305/365
s 17
f 379/307/339 390/1909/393 386/308/367
s 19
f 1191/310/368 1243/1524/1352 1230/311/369
s 17
f 294/313/371 279/510/534 280/314/372
s 21
f 832/316/374 833/1937/1201 865/317/375
s 17
f 398/319/377 1481/1938/391 391/320/358
f 1480/322/378 386/378/367 393/323/379
f 350/202/269 348/295/356 347/325/381
s 21
f 926/327/383 927/1939/1729 925/328/384
s 17
f 298/330/264 396/1940/536 389/331/386
s 21
f 896/333/388 841/1342/1213 839/334/389
s 17
f 1481/336/391 1484/354/407 397/337/392
s 23
f 745/339/394 744/898/837 747/340/395
s 21
f 901/342/397 845/1417/1118 846/343/398
f 865/345/375 833/1941/1201 862/346/400
s 17
f 401/348/262 298/330/264 395/332/387
f 400/350/403 1485/349/402 395/332/387
f 348/295/356 350/202/269 356/201/268
f 1483/352/405 308/1942/1205 406/353/406
f 406/353/406 1486/1943/417 397/337/392
f 402/355/408 407/543/559 399/356/409
f 414/366/416 402/355/408 403/357/410
s 26
f 1457/368/418 1427/1875/806 1428/369/419
s 21
f 835/371/421 885/1211/1102 820/267/329
s 19
f 1103/373/423 1101/1726/1454 1046/374/424
s 21
f 828/184/252 915/1929/1728 829/376/426
s 17
f 390/338/393 397/337/392 393/323/379
f 402/379/408 414/1885/416 413/380/428
f 422/382/430 413/380/428 415/383/431
s 23
f 699/385/433 612/1944/917 613/386/434
s 17
f 416/388/436 417/393/441 408/389/437
f 324/390/438 334/1945/1730 430/391/439
f 418/392/440 410/1294/1170 408/389/437
s 27
f 1324/394/442 1321/1831/1567 1319/395/443
s 18
f 719/397/445 720/1321/1199 764/398/446
s 23
f 749/400/448 746/341/396 747/340/395
s 17
f 320/402/450 321/218/285 330/403/451
f 417/393/441 425/577/582 426/406/454
s 27
f 1329/408/456 1330/1898/1576 1354/409/457
s 17
f 1463/261/323 270/445/490 274/414/462
f 292/419/467 1470/518/539 289/420/468
s 19
f 1061/425/473 1251/1946/708 1022/426/474
s 17
f 245/428/476 244/189/257 240/188/256
s 21
f 912/430/478 911/1192/1091 909/431/479
s 19
f 1071/435/481 1072/1756/1285 1073/436/482
s 17
f 251/193/261 250/441/487 248/438/484
f 251/193/261 252/192/260 351/440/486
f 1480/442/378 377/1158/327 387/309/340
f 258/443/488 249/439/485 243/444/489
f 270/445/490 271/474/504 276/446/491
f 360/240/303 365/239/302 373/447/314
f 1482/351/404 392/324/380 399/449/409
f 255/187/255 244/189/257 246/176/244
f 345/171/239 343/173/241 353/190/258
f 1462/451/494 261/1504/289 254/302/362
s 23
f 621/452/495 632/1947/822 601/453/496
s 17
f 289/455/468 281/483/512 278/456/498
f 267/458/278 357/1930/279 257/191/259
f 260/460/492 264/216/283 256/217/284
f 249/439/485 248/438/484 242/462/500
f 344/172/240 342/165/233 339/167/235
f 266/228/294 265/222/288 285/463/501
f 366/225/291 368/1948/306 359/464/502
f 1462/465/494 262/468/270 269/221/272
f 272/231/297 264/1934/283 260/466/492
f 262/468/270 1462/465/494 259/230/296
f 359/464/502 368/1948/306 1477/469/305
f 363/470/276 1477/469/305 371/471/503
f 371/472/503 370/256/318 372/258/320
f 270/445/490 1463/261/323 262/203/270
f 271/474/504 270/445/490 263/473/298
s 21
f 907/476/505 951/1190/1089 906/477/506
s 19
f 1044/479/508 1043/762/707 1042/480/509
s 17
f 282/482/511 1466/301/361 281/483/512
f 306/485/514 302/554/566 301/486/515
f 273/488/313 277/1773/335 276/446/491
s 25
f 611/489/517 693/1949/1731 618/490/518
s 17
f 288/457/469 278/456/498 1464/415/463
s 20
f 576/493/521 577/799/742 579/494/522
s 19
f 1056/496/524 1058/1539/1362 1057/497/525
s 17
f 275/260/322 278/456/498 281/483/512
f 289/455/468 290/1360/538 1465/484/513
f 285/499/501 1466/301/361 282/482/511
f 385/501/527 284/1950/293 283/500/295
f 1465/484/513 1467/1361/359 385/501/527
s 27
f 1353/502/528 1362/1729/1666 1344/503/529
s 28
f 935/505/531 934/1897/1669 936/506/532
s 17
f 385/508/527 1467/299/359 382/284/346
f 294/313/371 1469/1500/544 1468/509/520
f 424/511/535 423/576/581 417/393/441
f 297/315/373 280/314/372 287/512/337
f 378/514/336 388/1159/328 394/515/537
f 290/517/538 289/420/468 1470/518/539
s 19
f 987/520/541 986/1080/998 985/521/542
s 17
f 295/198/266 291/533/551 1469/523/544
f 294/524/371 297/1391/373 296/195/263
s 26
f 1433/272/545 1442/1884/1560 1440/525/546
s 17
f 1470/526/539 292/1000/467 293/527/548
f 1462/451/494 253/303/363 255/187/255
f 398/530/377 1471/804/540 300/531/550
f 1472/197/265 301/534/515 293/527/548
f 301/534/515 302/1951/566 299/528/549
f 247/434/243 345/171/239 354/450/493
f 296/195/263 1474/1931/413 1473/199/267
f 256/217/284 246/176/244 247/175/243
f 299/528/549 302/1951/566 307/536/552
s 19
f 1257/537/553 1255/954/739 1219/538/554
f 1200/540/556 1201/1733/1251 1252/541/557
s 25
f 707/550/562 716/1057/978 737/551/563
s 17
f 315/553/565 307/915/552 302/554/566
s 19
f 1144/555/567 1141/1682/1066 1142/556/568
s 17
f 303/558/516 304/561/412 310/219/286
f 1475/560/411 311/220/287 310/219/286
f 313/562/414 312/564/571 311/220/287
f 305/563/415 323/1952/1732 312/564/571
f 389/516/386 396/1953/536 287/565/337
f 315/566/565 306/1954/514 314/567/572
f 318/569/574 315/566/565 316/568/573
f 1477/242/305 369/254/316 370/256/318
f 319/422/470 326/416/464 314/567/572
f 312/564/571 322/575/580 321/218/285
s 19
f 1088/571/576 1033/1955/1261 1113/572/577
s 17
f 312/564/571 323/1952/1732 420/574/579
f 325/411/459 324/582/438 317/570/575
f 326/416/464 325/411/459 316/568/573
f 328/423/471 319/422/470 320/402/450
s 25
f 751/578/583 719/1089/1005 717/579/584
s 17
f 322/575/580 332/1903/1693 331/407/455
f 333/413/461 334/1956/1730 324/582/438
f 325/411/459 326/416/464 336/418/466
f 319/422/470 338/424/472 337/417/465
s 29
f 518/587/591 498/612/592 499/588/592
f 508/590/593 460/1957/593 507/591/594
f 450/593/595 465/614/595 448/594/596
s 17
f 397/337/392 1486/1943/417 403/596/410
s 29
f 520/597/597 509/609/597 500/598/598
f 452/600/599 515/704/670 524/601/600
f 456/603/601 440/692/602 439/604/602
f 503/606/603 518/587/591 501/589/591
f 520/597/597 510/700/604 511/608/604
f 454/610/605 456/603/601 438/605/601
f 497/599/598 500/598/598 499/588/592
f 451/613/606 467/696/606 465/614/595
s 25
f 603/615/607 650/849/789 636/616/608
s 30
f 457/618/610 473/718/611 458/619/611
f 537/621/612 520/1958/612 497/622/613
f 444/624/614 461/757/614 453/625/615
f 519/627/616 528/725/617 518/628/617
f 522/630/618 512/1959/619 541/631/619
f 541/631/619 512/1959/619 510/633/620
f 470/635/621 456/730/621 454/636/622
s 25
f 672/638/623 662/1616/1402 661/639/624
s 30
f 435/626/615 453/625/615 455/637/622
s 27
f 1346/641/626 1332/713/1582 1333/642/627
s 30
f 516/644/629 524/1960/630 523/645/630
s 31
f 539/647/631 537/1961/1733 536/648/632
f 464/650/633 480/660/633 479/651/634
f 483/653/635 523/1962/636 543/654/636
f 472/656/638 457/661/638 470/657/639
f 464/650/633 466/742/641 481/659/641
f 457/661/638 472/656/638 474/662/642
f 527/664/643 517/736/644 526/665/644
f 530/667/645 529/737/690 528/668/646
s 32
f 472/656/647 471/658/648 487/670/648
f 468/672/649 477/745/650 491/673/650
f 471/658/648 469/690/651 488/675/651
f 490/676/652 495/1963/653 481/659/653
f 526/665/654 552/752/654 551/678/655
f 536/648/656 550/686/656 549/679/657
f 475/680/658 474/662/659 485/681/659
f 547/683/660 546/748/661 543/654/661
f 481/659/653 495/1963/653 494/685/662
f 525/666/655 551/678/655 550/686/656
f 496/687/663 544/749/664 534/688/664
f 469/690/651 468/672/649 489/674/649
s 29
f 458/691/665 441/698/668 439/604/602
f 447/693/666 449/595/596 448/594/596
f 452/695/599 516/1964/599 467/696/606
f 458/691/665 443/703/667 442/697/667
f 513/699/669 511/608/604 510/700/604
f 460/702/593 508/1965/593 442/697/667
f 515/704/670 514/711/671 522/705/671
f 505/706/672 503/606/603 502/607/603
f 445/708/673 444/712/673 435/709/674
f 507/591/594 505/706/672 504/707/672
f 514/711/671 513/699/669 512/701/669
f 445/708/673 447/693/666 446/694/666
s 30
f 510/633/620 520/1958/612 537/621/612
s 26
f 1434/642/675 1498/643/1632 1432/641/676
s 30
f 497/622/613 498/726/678 517/714/678
f 533/715/679 531/729/680 505/716/680
f 473/718/611 459/723/681 443/719/681
f 465/720/682 467/1880/683 466/721/683
f 523/645/630 524/1960/630 522/630/618
f 459/723/681 476/1966/684 460/724/684
f 528/725/617 517/714/678 498/726/678
f 448/727/685 465/720/682 464/722/682
f 531/729/680 519/627/616 503/629/616
f 457/618/610 440/620/610 456/730/621
s 31
f 461/731/686 477/745/686 468/672/687
f 543/654/636 523/1962/636 521/733/688
f 462/734/689 463/652/634 479/651/634
f 517/736/644 528/668/646 529/737/690
f 535/689/691 534/688/692 533/738/692
f 475/680/693 459/1907/693 473/663/642
f 530/667/645 519/669/645 531/740/694
f 466/742/641 483/1967/635 482/677/637
f 542/684/688 521/733/688 541/743/695
f 461/731/686 462/734/689 478/735/689
s 32
f 474/662/659 472/656/647 486/671/647
f 480/660/662 494/685/662 493/746/696
f 477/745/650 478/735/697 492/747/697
f 546/748/661 490/1968/652 482/655/652
f 532/741/698 534/688/664 544/749/664
f 478/735/697 479/651/696 493/746/696
f 530/667/699 554/755/699 553/751/700
f 529/737/700 553/751/700 552/752/654
f 496/753/663 535/1906/663 475/680/658
f 548/754/701 547/683/660 542/684/660
f 532/741/698 545/750/698 554/755/699
s 30
f 446/756/702 462/848/702 461/757/614
s 19
f 1208/758/703 1209/1969/857 1222/759/704
f 1091/761/706 1105/1520/1348 1042/480/509
f 1251/763/708 1166/1357/1227 1167/764/709
s 18
f 769/766/711 770/1970/1734 768/767/712
s 25
f 632/781/726 588/1007/929 587/782/727
s 19
f 1161/787/732 1165/1356/1226 1163/788/733
s 23
f 777/790/735 786/948/881 785/791/736
s 19
f 1254/793/738 1204/1390/884 1255/794/739
s 17
f 310/219/286 320/402/450 319/422/470
s 19
f 1068/800/743 1117/1409/1262 1118/801/744
s 17
f 299/528/549 300/531/550 1471/804/540
s 19
f 1119/808/750 1120/1971/1333 1034/809/751
s 28
f 853/811/753 848/1351/1221 852/812/754
s 25
f 706/814/756 781/1042/965 707/550/562
f 678/815/757 620/291/352 608/293/354
s 28
f 858/817/759 857/858/798 859/818/760
s 25
f 709/820/762 743/1972/1735 740/821/763
f 791/823/765 711/1017/939 709/820/762
f 725/829/771 732/1973/1736 731/830/772
f 593/832/774 595/827/769 677/826/768
s 17
f 1468/492/520 1464/415/463 274/414/462
s 25
f 757/838/779 756/1001/923 747/839/780
s 21
f 882/841/782 964/1974/1737 884/842/783
s 19
f 1258/845/786 1220/1525/1353 1207/846/787
s 30
f 448/727/685 463/728/685 462/848/702
s 25
f 706/814/756 705/552/564 702/852/792
f 737/551/563 704/1003/925 702/852/792
s 28
f 899/857/797 873/1045/968 857/858/798
s 25
f 723/859/799 736/1347/1217 1490/860/800
f 809/862/802 811/877/817 724/831/773
f 609/292/353 610/881/821 696/863/803
s 26
f 1425/864/804 1424/1843/1660 1426/865/805
s 23
f 692/871/811 691/998/921 618/872/812
s 25
f 797/874/814 730/1975/1738 655/875/815
f 811/877/817 818/1022/944 725/829/771
s 20
f 559/776/721 560/1976/1739 558/878/818
s 25
f 611/489/517 612/1832/1481 610/881/821
s 23
f 801/888/827 799/1031/953 729/889/828
s 21
f 822/895/834 830/1199/1097 826/896/835
s 23
f 744/898/837 745/339/394 748/899/838
s 17
f 266/459/294 257/191/259 258/443/488
s 23
f 718/900/839 748/899/838 750/902/840
s 19
f 1008/904/842 1153/1691/1740 1009/905/843
s 17
f 243/444/489 242/462/500 241/429/477
s 19
f 1238/907/845 1198/1530/1356 1055/908/846
s 17
f 358/294/355 362/1710/292 359/910/502
s 18
f 759/911/848 758/1977/1741 757/912/849
s 17
f 318/914/574 308/1978/1205 307/915/552
s 19
f 1217/916/851 1172/1133/1047 1173/917/852
s 18
f 661/919/854 646/1096/1014 645/920/855
s 19
f 1209/922/857 1221/1767/275 1183/923/274
s 17
f 366/296/291 384/1888/1606 383/283/345
s 23
f 701/387/435 613/386/434 615/925/858
s 18
f 761/927/860 776/1481/1322 760/928/861
s 25
f 761/931/864 777/1595/1391 775/932/865
f 729/934/867 797/874/814 769/876/816
s 23
f 634/946/879 636/244/307 635/246/309
f 786/948/881 777/790/735 787/949/882
s 21
f 884/951/783 917/1323/1166 831/183/251
s 19
f 1204/953/884 1205/1893/853 1219/538/554
s 28
f 861/955/885 860/1979/1742 897/819/761
s 19
f 985/956/542 1043/1919/707 1044/957/508
f 1193/965/893 1233/1980/300 1234/966/894
s 21
f 864/971/897 819/1981/1099 874/972/331
s 22
f 951/215/282 936/214/281 960/974/899
s 23
f 592/943/876 668/942/875 667/941/874
s 21
f 919/976/901 947/1254/1141 946/977/902
s 19
f 1081/979/904 1111/1707/1449 1029/980/905
s 23
f 782/988/912 784/1127/1042 783/989/913
f 814/995/918 813/1982/1051 735/996/919
f 691/998/921 689/1163/1069 690/999/922
s 17
f 1469/523/544 291/533/551 293/527/548
s 25
f 1490/860/800 802/1037/959 721/1004/926
s 21
f 881/843/784 876/1983/253 883/1005/927
s 25
f 608/293/354 696/863/803 1489/1006/928
f 588/1007/929 623/1920/1699 589/1008/930
s 21
f 847/1009/931 843/1230/1119 893/1010/932
s 27
f 1345/1012/934 1337/1867/1301 1356/1013/935
s 25
f 733/1015/937 732/1973/1736 725/829/771
f 783/1020/942 710/824/766 709/820/762
f 816/1021/943 726/1016/938 725/829/771
f 617/1026/948 683/1724/1453 684/870/810
f 643/1027/949 630/1030/952 602/1028/950
f 643/1027/949 603/615/607 634/617/609
s 23
f 799/1031/953 798/1984/1743 797/1032/954
s 25
f 1489/1006/928 694/850/790 604/851/791
f 805/1036/958 722/861/801 721/1004/926
f 589/1008/930 590/1355/1225 665/1039/961
s 26
f 1451/1040/962 1457/1870/418 1459/1041/963
s 25
f 781/1042/965 783/1020/942 708/822/764
f 625/1043/966 659/1985/1744 593/832/774
s 28
f 873/1045/968 872/1913/1697 856/1046/969
s 23
f 797/1032/954 798/1984/1743 800/1049/365
s 17
f 420/1051/579 323/1986/1732 411/1052/973
s 25
f 593/832/774 594/833/775 592/1054/975
f 714/1024/946 743/1972/1735 709/820/762
f 708/822/764 740/821/763 716/1057/978
s 23
f 811/1064/983 809/1174/1077 810/1065/984
f 629/1071/990 628/454/497 601/453/496
s 19
f 984/1073/992 1093/1549/886 981/1074/993
s 23
f 597/1076/995 659/1987/833 627/1077/832
s 19
f 988/1079/997 1092/1436/1281 986/1080/998
s 17
f 355/535/499 354/450/493 360/1082/303
s 19
f 1108/1084/1000 1059/427/475 1022/426/474
f 1160/1086/1002 1157/1700/1046 1158/1087/1003
s 25
f 753/1034/956 720/1033/955 719/1089/1005
s 20
f 562/1090/1006 560/1976/1739 559/776/721
s 19
f 1159/1088/1007 1265/1917/1698 1266/1091/1008
s 18
f 649/1092/1010 650/1101/1017 603/1093/1011
f 663/1095/1013 647/1988/1745 646/1096/1014
s 23
f 684/1097/1015 685/1901/1692 687/1098/888
s 18
f 651/1100/1016 607/1989/1746 650/1101/1017
f 656/1102/1018 770/1970/1734 769/766/711
s 23
f 599/1104/1020 675/1990/1696 674/1105/1021
s 18
f 617/169/237 654/1928/1727 656/1107/1018
s 23
f 619/1109/1023 688/1991/1747 700/926/859
f 734/1110/1024 803/1137/1050 804/1111/1025
f 791/1113/1027 710/1992/1041 792/1114/1028
s 33
f 1301/641/1030 1285/713/1514 1286/642/1031
s 19
f 1242/1116/299 1191/1618/368 1241/1117/350
s 26
f 1447/1123/1038 1424/1854/1748 1421/1124/1039
s 23
f 662/1129/1043 672/1558/1370 671/1130/1044
s 19
f 1217/916/851 1216/1562/1373 1157/1132/1046
s 23
f 669/1134/878 594/1993/877 677/1135/1048
f 803/1137/1050 734/1110/1024 735/1138/919
s 19
f 1023/1140/1052 1026/1696/1445 1027/1141/1053
f 1088/1143/576 1087/1994/1463 1067/1144/1055
s 23
f 740/1069/988 741/1068/987 739/1063/982
s 17
f 318/1156/574 317/1252/575 415/383/431
f 377/1158/327 1480/442/378 394/515/537
s 19
f 1141/1160/1066 1144/1995/567 1197/1161/1067
s 23
f 689/1163/1069 688/1996/1747 619/1164/1023
f 815/1165/1070 814/995/918 727/997/920
f 714/1167/1072 774/1922/1702 742/1168/986
f 610/992/916 698/991/915 697/987/911
f 771/1177/1080 712/1180/1083 789/1178/1081
f 712/1180/1083 791/1113/1027 790/1115/1029
f 733/1112/1026 804/1111/1025 796/1181/1061
s 21
f 835/371/421 823/372/422 867/1183/1084
f 926/327/383 923/329/385 932/1185/1086
f 903/1187/1088 908/1218/1109 905/478/507
s 17
f 1486/367/417 406/1332/406 405/1189/1065
s 21
f 951/1190/1089 910/432/480 909/431/479
f 913/1191/1090 914/1194/1096 911/1192/1091
f 829/1193/1092 913/1191/1749 914/1194/1093
f 906/477/506 909/431/479 911/1192/1091
f 961/1197/312 916/1196/1095 911/1192/1091
f 914/1194/1096 915/1195/1728 831/1198/251
s 19
f 1009/1201/843 1239/1921/1238 1238/1202/845
f 1067/1204/1055 1116/1403/1258 1068/1205/743
s 21
f 903/1187/1088 954/1326/1156 920/1209/1100
s 17
f 411/1052/973 323/1986/1732 305/1213/415
s 21
f 923/329/385 925/328/384 924/1215/1104
f 950/1217/1106 924/1215/1750 922/1216/1107
f 903/1187/1088 968/1327/1172 922/1216/1105
s 25
f 593/832/774 659/1985/1744 597/834/776
s 33
f 1494/643/1032 1275/1847/1483 1284/1219/1110
s 21
f 929/1220/1111 973/1895/1662 928/1186/1087
f 930/1221/1112 842/1997/1701 931/1222/1113
f 959/1223/1114 919/1325/901 916/1196/1095
s 17
f 303/487/516 301/486/515 1472/360/265
s 21
f 844/1225/1115 842/1997/1701 930/1221/1112
s 17
f 1482/351/404 394/1889/537 1480/322/378
s 21
f 933/1231/1120 967/1998/1374 972/1232/1121
s 19
f 1034/809/751 1089/1145/1056 1090/1233/1098
f 1493/1234/1122 1492/1554/1369 1188/1235/1123
f 1253/1237/1125 1164/1319/1197 1162/789/734
s 28
f 938/1238/1126 934/1897/1669 939/1239/1127
f 940/1240/1128 939/1239/1127 855/1241/1129
f 937/1243/1131 949/1999/1751 952/1244/1132
f 942/1246/1134 943/1247/1135 941/1245/1133
f 943/1247/1135 942/1246/1134 953/1248/1136
f 944/1250/1138 943/1247/1135 974/1249/1137
s 17
f 421/384/432 415/383/431 317/1252/575
f 413/380/428 422/382/430 416/388/436
s 21
f 919/976/901 959/2000/1114 958/1253/1140
s 22
f 931/1255/1142 860/2001/1752 897/1256/1143
s 18
f 638/1258/1145 641/1886/1583 640/1259/1146
s 22
f 898/1261/1148 899/2002/1243 858/1262/1149
f 950/1264/1151 924/1267/1154 952/1265/1152
f 924/1267/1154 925/1414/1265 942/1268/1155
s 18
f 652/170/238 607/1989/1746 651/1100/1016
s 21
f 946/1269/902 955/2003/1753 954/1270/1156
f 954/1270/1156 955/2003/1753 956/1272/1157
s 19
f 1049/280/342 1071/1891/481 1098/1274/1158
s 21
f 958/1276/1140 959/2004/1114 918/248/311
s 22
f 829/1278/1161 913/1281/1164 940/1279/1162
f 913/1281/1164 912/2005/1754 938/1282/1165
f 938/1282/1165 912/2005/1754 910/1283/900
s 21
f 917/1285/1166 963/1289/1167 962/1286/310
f 884/1288/783 964/2006/1737 963/1289/1167
s 17
f 418/392/440 419/1053/974 411/1052/973
s 21
f 921/1295/1101 970/2007/1755 969/1296/1171
f 874/972/331 834/2008/330 891/1298/1173
f 928/1186/1087 932/1185/1086 978/1226/1116
f 972/1299/1121 967/2009/1374 966/1300/1174
s 22
f 872/1302/1176 871/1330/1204 867/1303/1177
s 26
f 1429/408/1179 1456/1898/1661 1455/409/1180
s 22
f 974/1305/1182 953/2010/1266 927/1306/1183
s 19
f 1155/1308/1185 1151/1372/1756 1139/1309/1186
s 21
f 846/1311/398 975/1685/1216 976/1312/1188
f 821/1314/1189 823/372/422 820/267/329
f 819/1207/1099 830/1199/1097 822/895/834
f 822/895/834 824/1316/1194 866/1315/1190
f 867/1183/1191 866/1315/1757 821/1314/1192
f 825/897/836 870/2011/1758 824/1316/1194
f 827/1317/1195 870/2011/1758 825/897/836
s 19
f 1176/1318/1196 1175/1703/1447 1164/1319/1197
s 18
f 720/1321/1199 766/1905/1694 765/1322/1200
s 23
f 680/964/892 682/968/896 681/967/895
s 21
f 906/477/506 916/1196/1095 904/1188/903
s 28
f 948/507/533 949/1999/1751 937/1243/1131
s 21
f 830/1199/1097 862/1208/400 833/1324/1201
s 17
f 285/499/501 269/205/272 268/204/271
s 21
f 836/1328/1202 843/1230/1119 885/1211/1102
s 22
f 873/1329/1203 837/1377/1244 871/1330/1204
s 17
f 318/1331/574 405/1189/1065 406/1332/406
s 21
f 837/1334/1206 898/1336/1208 838/1335/1207
f 840/335/390 839/334/389 838/1335/1207
f 888/1337/1103 885/2012/1102 890/1338/1169
s 19
f 1008/904/1210 1010/2013/1759 1011/1340/1211
s 21
f 843/1230/1119 836/1328/1202 838/1335/1207
f 892/1227/1117 843/1230/1119 839/334/389
s 19
f 1061/1343/473 1059/1734/475 1060/1344/1214
s 25
f 736/1347/1217 723/859/799 724/831/773
s 28
f 869/1348/1218 848/1351/1221 849/1349/1219
f 848/1351/1221 869/1348/1218 880/1352/1222
f 850/1350/1220 849/1349/1219 851/1353/1223
s 25
f 591/1044/967 592/1054/975 590/1355/1225
s 19
f 1165/1356/1226 1167/764/709 1166/1357/1227
s 21
f 931/1358/1228 896/333/1760 841/1342/1229
s 17
f 290/1360/538 286/2014/360 1467/1361/359
f 376/257/319 374/253/315 388/266/328
s 25
f 681/1362/1231 693/1949/1731 611/489/517
s 23
f 676/1136/1049 677/1135/1048 673/1106/1022
s 21
f 864/1363/897 863/347/401 862/346/400
s 17
f 433/585/589 434/586/590 416/388/436
s 22
f 850/1365/1232 868/1304/1178 867/1303/1177
f 869/1367/1234 850/1365/1232 866/1366/1233
f 880/1369/1236 869/1367/1234 824/1368/1235
s 19
f 1239/1371/1238 1152/1452/1309 1151/1372/1239
s 23
f 598/1374/1241 597/1076/995 658/1078/996
s 22
f 899/1376/1243 898/2015/1148 837/1377/1244
s 20
f 1487/769/714 556/774/719 557/1378/1245
s 21
f 956/1379/1157 970/2007/1755 921/1295/1101
f 832/316/374 877/318/376 883/1381/927
s 17
f 376/257/319 277/273/335 273/251/313
s 22
f 945/1383/1246 860/2016/1752 931/1384/1142
s 19
f 1140/1386/1248 1138/1681/1430 1137/1387/1249
f 1174/1388/1198 1253/2017/1125 1201/1389/1251
s 17
f 298/196/264 296/195/263 297/1391/373
s 18
f 754/1393/1252 703/1482/1323 756/1394/1253
s 21
f 887/1400/1256 886/1290/1168 847/1293/931
s 19
f 1067/1204/1055 1087/1749/1463 1115/1402/1257
s 17
f 399/449/409 392/324/380 393/323/379
s 21
f 894/1404/1259 893/1619/932 892/1405/1117
s 19
f 1116/1407/1258 1115/1820/1257 1033/1408/1261
s 22
f 948/1410/1263 907/213/280 950/1264/1151
s 19
f 1219/1411/554 1178/1570/1268 1180/1412/1264
s 22
f 925/1414/1265 927/2018/1183 953/1415/1266
s 21
f 900/1416/1260 892/2019/1117 845/1417/1118
s 17
f 421/384/432 431/583/587 432/584/588
s 19
f 1234/1418/894 1233/236/300 1125/1419/1033
f 1256/1421/740 1179/1502/1338 1180/1422/1264
f 1126/1424/1269 1236/1669/1422 1234/1418/894
f 1244/1428/1273 1242/235/299 1232/237/301
f 1128/1430/1275 1129/2020/1389 1244/1428/1273
f 1130/1431/1276 1129/2020/1389 1128/1430/1275
f 1132/1433/1278 1247/1671/1405 1228/1432/1277
f 1149/1442/1286 1150/1373/1240 1137/1387/1249
s 20
f 571/786/731 574/796/741 573/1444/1288
s 18
f 600/1446/1290 642/2021/1761 644/1447/1291
s 19
f 1011/1340/1211 1001/1689/1435 994/1451/1295
f 1152/1452/1296 1151/1372/1756 1155/1308/1185
f 1148/1454/1298 1147/1688/1434 1142/556/1299
s 27
f 1337/1455/1301 1338/1879/1566 1364/1456/1302
s 19
f 1151/1372/1239 1139/1309/1250 1137/1387/1249
f 1102/1458/1304 980/1668/1421 979/1459/1305
f 1009/1463/843 1153/2022/1740 1152/1452/1309
f 997/1464/1310 995/1680/1762 1000/1465/1311
f 1139/1309/1186 1140/1386/1763 1145/1467/1313
f 1181/1468/1314 1179/1765/1338 1257/1469/553
f 1158/1087/1003 1157/1700/1046 1144/555/567
f 1148/1454/1298 1143/557/1300 1158/1087/1009
s 22
f 878/1471/1315 879/1704/1448 852/1472/1316
s 23
f 751/903/841 750/902/840 752/1474/1318
s 28
f 945/1251/1139 860/2023/1742 861/1476/885
s 20
f 575/1480/1321 569/784/729 571/786/731
s 18
f 754/1393/1252 760/928/861 776/1481/1322
s 19
f 1207/846/787 1209/1969/857 1208/758/703
f 1013/1483/1324 998/2024/1764 1003/1484/1325
f 1172/1486/1047 1160/1086/1002 1162/789/734
f 1119/1493/750 1069/802/745 1118/801/744
f 1110/1495/1334 1109/1492/1332 1020/1491/1331
f 1256/1421/740 1178/1423/1268 1218/1498/1337
s 17
f 288/421/469 1468/509/520 1469/1500/544
s 19
f 1181/1501/1314 1182/2025/1465 1180/1422/1264
s 17
f 351/1503/486 252/200/260 350/202/269
f 265/901/288 258/443/488 254/302/362
s 18
f 660/921/856 645/920/855 638/1258/1145
s 20
f 578/780/725 566/775/720 1487/769/714
s 17
f 245/428/476 346/174/242 246/176/244
s 27
f 1356/1516/935 1357/1899/1523 1327/1517/1345
s 19
f 1246/1521/1349 1227/1721/1403 1229/1522/1350
f 1229/1522/1350 1230/311/369 1243/1524/1352
f 1257/537/553 1206/539/555 1220/1525/1353
f 1191/310/368 1192/312/370 1193/1526/893
f 1240/1527/1354 1194/290/351 1235/289/247
f 1240/1527/1354 1215/1528/246 1195/1529/1355
f 1195/1529/1355 1215/1528/246 1214/1531/1068
s 21
f 905/478/1360 907/476/1765 950/1217/1106
s 28
f 855/1535/1129 853/811/753 879/813/755
s 19
f 1199/1537/1361 1216/1588/1373 1217/1538/851
s 17
f 352/186/254 359/910/502 363/209/276
s 19
f 1202/542/558 1252/541/557 1061/1542/473
s 27
f 1345/1012/934 1359/1014/936 1361/1544/1364
s 21
f 968/1327/1172 932/1185/1086 923/329/385
s 17
f 398/1546/377 286/2026/360 290/517/538
f 402/379/408 409/381/429 408/389/437
s 21
f 891/1548/1173 834/2027/330 888/1337/1103
s 19
f 984/1073/992 1104/522/543 985/521/542
f 979/1459/1305 1095/1425/1270 1099/1427/1272
f 1222/759/704 1211/2028/1384 1262/1550/1365
f 1262/1550/1365 1211/2028/1384 1223/1551/1366
f 1186/1553/1368 1187/1717/1394 1492/1554/1369
s 23
f 672/1558/1370 666/2029/869 664/1559/871
f 630/1560/1371 634/946/879 633/947/880
s 19
f 1197/1161/1067 1144/1995/567 1157/1132/1046
s 25
f 601/844/785 640/806/748 600/1029/951
s 21
f 933/1397/1120 965/1396/1255 966/1563/1174
s 19
f 1219/1411/554 1205/918/853 1218/1569/1337
f 1063/1571/1376 1111/1764/1449 1030/1572/1377
f 1156/1574/1379 1153/2022/1436 1152/1452/1296
s 29
f 435/709/674 454/610/605 437/611/605
s 19
f 1084/1578/1382 1112/1708/324 1030/1579/1377
f 1211/1581/1384 1222/924/704 1183/923/274
f 1223/1583/1366 1184/1582/1385 1224/1584/1386
f 1224/1584/1386 1226/2030/1450 1225/1586/1388
f 1199/1537/1361 1196/1532/1357 1197/1587/1067
f 1129/1589/1389 1130/1626/1276 1246/1590/1349
f 1129/1589/1389 1245/1591/1351 1243/1592/1352
s 20
f 562/1090/1006 561/777/722 569/784/729
s 25
f 663/1594/1390 787/2031/1766 777/1595/1391
s 19
f 1134/1601/1393 1133/1630/1406 1492/1602/1369
s 33
f 1290/1604/1395 1294/1012/1525 1300/1605/1396
s 23
f 771/1607/1080 773/2032/1082 772/1608/1398
s 18
f 717/913/850 719/397/445 763/399/447
s 23
f 670/1131/1045 788/2033/883 787/1610/882
s 19
f 979/1597/1305 980/1892/1421 1046/1615/424
s 25
f 662/1616/1402 787/2034/1766 663/1617/1390
s 19
f 1191/1618/368 1242/1116/299 1244/1593/1273
s 21
f 893/1619/932 894/1404/1259 887/1620/1256
s 19
f 1227/1622/1403 1228/1813/1277 1128/1623/1275
f 1190/1625/1404 1246/1590/1349 1130/1626/1276
f 1131/1628/1279 1189/1814/1452 1188/1629/1123
s 21
f 826/896/835 828/184/252 878/377/427
s 19
f 990/1634/1283 991/2035/1284 1037/1635/1339
f 1061/1637/473 1252/1640/557 1166/1638/1227
f 1201/1389/1251 1253/2017/1125 1166/1638/1227
s 17
f 427/581/586 428/1910/1695 419/1053/974
s 18
f 762/929/862 647/2036/1745 663/1645/1013
s 17
f 408/389/437 410/1294/1170 404/1646/560
s 19
f 1082/1647/1409 1083/2037/1462 1084/1648/1382
f 1181/1468/1314 1258/1470/786 1260/1650/788
f 1086/1577/1381 1087/1994/1463 1088/1143/576
f 1261/1654/1411 1210/1770/705 1262/1655/1365
f 1264/1657/1367 1213/1660/1414 1185/1658/1413
f 1225/1659/1388 1226/2038/1450 1185/1658/1413
f 1021/1661/1415 1016/1694/1767 1025/1662/1416
f 1171/1664/1418 1167/764/709 1165/1356/1226
f 1075/1487/1327 1020/1491/1331 1017/1667/1420
f 1102/1458/1304 982/1075/994 981/1074/993
s 25
f 678/815/757 605/816/758 604/851/791
f 744/840/781 718/580/585 717/579/584
s 19
f 1137/1387/1249 1138/1681/1430 1136/1670/1423
s 17
f 387/278/340 377/265/327 1478/255/317
s 22
f 870/1672/1237 827/1473/1317 852/1472/1316
s 19
f 1072/1441/1285 993/1450/1294 992/1679/1426
f 1006/1341/1427 1005/1462/1308 992/1679/1426
f 996/1449/1293 997/1464/1432 995/1680/1429
f 999/1683/1431 998/2024/1768 997/1464/1432
s 32
f 538/649/657 549/679/657 548/754/701
s 21
f 977/1684/1433 976/1312/1188 975/1685/1216
s 20
f 574/796/741 577/798/742 576/1687/521
s 19
f 992/1679/1426 1005/1462/1308 1004/1461/1307
f 995/1680/1429 994/1451/1428 992/1679/1426
f 1006/1341/1427 1008/904/842 1007/906/844
f 1145/1467/1313 1140/1386/1763 1142/556/1299
f 1000/1465/1311 995/1680/1762 994/1451/1295
f 1156/1690/1379 1010/2013/1759 1008/904/1210
f 1027/1692/1053 1171/1664/1769 1167/764/1437
f 1015/1488/1328 1014/1821/1700 1013/1483/1438
f 1165/1356/1439 1169/1665/1770 1170/1693/1440
f 1018/1479/1320 1021/1661/1443 1016/1694/1442
f 1017/1667/1420 1020/1491/1331 1019/1477/1001
f 1022/1478/474 1023/1140/1444 1021/1661/1443
f 1251/1695/708 1168/1142/710 1023/1140/1444
f 1026/1696/1445 1023/1140/1052 1021/1661/1415
f 1103/1697/423 1045/1780/510 984/1698/992
f 1013/1483/1438 998/2024/1768 999/1683/1431
f 1177/1702/1446 1173/1701/852 1164/1319/1197
f 1078/1497/1336 1028/1496/1335 1020/1491/1331
s 22
f 879/1704/1448 878/1471/1315 829/1705/1161
s 19
f 1081/979/904 1031/1580/1383 1030/1579/1377
s 23
f 602/1072/991 630/1560/1371 631/1561/1372
s 19
f 1084/1578/1382 1032/573/578 1113/572/577
s 17
f 358/294/355 356/201/268 361/1709/290
s 19
f 1117/1505/1262 1033/1955/1261 1088/571/576
f 1035/1512/1341 1036/1511/1340 1038/1718/1407
f 1097/1719/1392 1038/1718/1407 1039/1515/1344
f 1041/1513/1342 1039/1515/1344 1107/1519/1347
s 25
f 665/1039/961 666/930/863 586/783/728
f 655/1723/815 730/2039/1738 683/1724/1453
s 19
f 1044/479/508 1045/481/510 1103/373/423
s 17
f 307/536/552 308/2040/1205 1483/532/405
s 19
f 1047/1725/1401 1048/1890/483 1046/374/424
s 24
f 1399/1545/1455 1411/1544/1455 1403/1727/1456
s 33
f 1313/1729/1457 1306/502/1587 1312/1125/1458
s 19
f 990/1634/1283 1035/1636/1341 1097/1598/1392
f 1053/1534/1359 1054/2041/847 1055/1730/846
f 1051/1533/1358 1050/281/343 1056/496/524
s 21
f 978/1731/1116 972/1299/1121 971/1301/1175
s 19
f 1058/1539/1362 1060/1344/1214 1059/1734/475
f 1267/1735/1460 1194/1787/351 1240/1736/1354
f 1108/1540/1000 1062/2042/1408 1076/1738/1375
f 1076/1738/1375 1062/2042/1408 1063/1739/1376
f 1080/1740/1461 1063/1739/1376 1064/1741/1378
f 1082/1742/1409 1064/1741/1378 1065/1743/326
f 1083/1744/1462 1065/1743/326 1114/1745/325
f 1085/1746/1380 1114/1745/325 1066/1747/1410
f 1066/1747/1410 1115/1402/1257 1087/1749/1463
f 1090/1206/1098 1068/1205/743 1069/1557/745
f 1051/1753/1358 999/1902/1431 996/1754/1293
f 1071/435/481 1070/1755/341 996/1754/1293
s 17
f 348/295/356 340/166/234 341/1757/1464
s 23
f 817/1758/1079 815/1165/1070 816/1166/1071
s 19
f 1012/1760/1329 1074/2043/526 1057/1761/525
f 1077/1565/1330 1075/1762/1327 1057/1761/525
f 1063/1571/1376 1062/1643/1408 1029/1644/905
f 1179/1765/1338 1256/795/740 1255/794/739
f 1263/1713/1412 1184/1712/1385 1183/207/274
f 1084/1648/1382 1083/2037/1462 1085/1576/1380
f 1261/1654/1411 1259/1651/273 1208/1769/703
s 23
f 778/1771/1035 779/2044/1034 775/792/737
s 17
f 280/1772/372 276/446/491 277/1773/335
f 380/282/344 1479/276/338 375/259/321
s 19
f 1107/1775/1347 1106/1869/999 987/1776/541
f 1247/1627/1405 1132/1808/1278 1248/1778/1124
f 1003/1484/1325 998/2024/1764 997/1464/1310
f 1104/1779/543 984/1698/992 1045/1780/510
f 1093/958/886 1044/957/508 1094/1782/425
f 1101/1784/1454 1103/1697/423 982/1699/994
f 1124/1786/1267 1125/1118/1033 1241/1117/350
f 1493/1789/1122 1132/1808/1278 1249/1790/1424
f 1250/1792/1451 1186/1791/1368 1249/1790/1424
f 1053/1794/1359 1007/1797/844 1009/1795/843
f 1007/1797/844 1053/1794/1359 1098/1798/1158
f 1123/1611/1400 1004/1799/1307 1098/1798/1158
f 1101/1784/1454 1102/1785/1304 1100/1614/1306
f 1232/1801/301 1233/1980/300 1193/965/893
f 1231/1803/1274 1232/1801/301 1192/1802/370
f 1230/1804/369 1229/1624/1350 1128/1623/1275
f 1104/1779/543 1042/1781/509 1105/1777/1348
f 1041/1805/1342 1091/1918/706 986/1806/998
f 1040/1599/1343 1041/1805/1342 1092/1807/1281
f 989/1809/1282 988/1631/997 1038/1633/1407
f 989/1809/1282 1036/1810/1340 1037/1811/1339
s 23
f 624/887/826 626/892/831 625/891/830
s 19
f 1228/1813/1277 1227/1622/1403 1189/1814/1452
f 1108/1084/1000 1019/1085/1001 1109/1641/1332
f 1079/1568/906 1076/1566/1375 1080/1816/1461
f 1080/1816/1461 1082/1647/1409 1031/1649/1383
f 1206/1413/555 1180/1412/1264 1182/1818/1465
f 1182/1818/1465 1221/1767/275 1207/1768/787
f 1066/1653/1410 1113/1652/577 1033/1408/1261
s 21
f 826/896/835 830/1199/1097 876/185/253
s 19
f 1189/1720/1452 1227/1721/1403 1190/1722/1404
f 1025/1662/1416 1016/1694/1767 1014/1821/1466
f 1122/1485/1326 1121/1822/1467 1014/1821/1466
s 24
f 1375/394/1478 1371/1831/1622 1368/395/1479
s 25
f 611/489/517 614/491/519 613/868/808
s 24
f 1407/865/1493 1378/866/1630 1404/864/1494
s 27
f 1331/1219/1501 1346/641/626 1495/643/628
s 24
f 1381/641/1503 1396/713/1634 1382/642/1504
s 27
f 1323/1847/1502 1335/271/1508 1334/1848/1506
f 1336/270/1507 1334/1848/1506 1335/271/1508
s 24
f 1370/272/334 1385/1884/1616 1397/525/1510
s 27
f 1358/1849/1511 1326/1854/1664 1359/1123/1512
s 33
f 1276/1124/1459 1312/1125/1458 1311/1123/1515
s 27
f 1341/1855/1517 1342/1859/1637 1343/1856/1518
s 24
f 1412/1858/1520 1389/1856/1612 1388/1859/1521
s 27
f 1356/1861/935 1347/1887/1303 1364/1862/1302
f 1336/1604/1507 1345/1012/934 1339/1605/1524
s 24
f 1387/1012/1527 1397/1867/1510 1406/1013/1528
s 26
f 1452/370/420 1428/369/419 1429/408/1179
s 19
f 1106/1869/999 1107/1775/1347 1039/1632/1344
f 1264/1552/1367 1223/1551/1366 1212/1752/1387
s 27
f 1351/370/1541 1328/369/1575 1329/408/456
s 24
f 1380/408/1542 1409/1898/1631 1410/409/1543
s 20
f 585/805/747 568/779/724 565/772/717
s 26
f 1451/1518/962 1425/1517/804 1427/1875/806
s 24
f 1406/1516/1528 1413/1899/1628 1404/1517/1494
s 26
f 1419/285/1546 1444/1851/1638 1435/286/1547
f 1499/1857/1555 1417/287/1548 1435/286/1547
f 1448/1125/1040 1421/1124/1039 1460/1729/1557
s 17
f 273/488/313 271/474/504 272/475/297
s 26
f 1441/1456/1559 1450/1457/1667 1440/1455/546
s 33
f 1277/394/1487 1274/1831/1477 1272/395/1473
s 26
f 1419/1835/1546 1417/1828/1655 1433/1830/545
s 17
f 1464/415/463 278/456/498 275/260/322
s 24
f 1395/1219/1577 1381/641/1503 1373/643/1505
s 30
f 467/1880/683 516/2045/629 483/1881/629
s 26
f 1431/1847/1579 1420/271/1568 1445/1848/1580
s 19
f 1134/1601/1393 1187/1603/1394 1250/1882/1451
s 33
f 1291/525/1526 1290/270/1395 1289/272/1476
s 17
f 405/1157/1065 415/383/431 413/380/428
s 18
f 641/1886/1583 642/2021/1761 600/1446/1290
s 26
f 1438/1856/1584 1499/1857/1555 1436/1855/1556
s 33
f 1314/503/1586 1297/504/1771 1306/502/1587
s 24
f 1392/1862/1588 1413/1863/1628 1406/1861/1528
f 1393/1604/332 1387/1012/1527 1394/1605/1590
s 26
f 1449/1013/1592 1447/1014/1639 1435/1012/1593
s 24
f 1387/1012/1527 1398/1014/1529 1411/1544/1455
f 1408/1041/1595 1398/1014/1529 1405/1040/1545
s 26
f 1448/1544/1598 1453/1727/1599 1437/1728/1599
s 24
f 1401/370/1603 1379/369/1605 1380/408/1542
s 22
f 858/1262/1149 897/1256/1772 896/1257/1604
s 24
f 1400/368/1596 1378/1875/1630 1379/369/1605
s 17
f 384/1888/1606 284/2046/293 385/508/527
s 26
f 1449/1516/1607 1458/1899/1658 1425/1517/804
f 1426/1849/805 1424/1854/1748 1447/1123/1038
s 27
f 1345/286/1609 1341/1855/1517 1496/1857/1519
s 24
f 1399/1855/1611 1388/1859/1521 1389/1856/1612
f 1412/503/1520 1390/504/1522 1403/502/1614
f 1392/1456/1588 1391/1457/1589 1397/1455/1510
s 26
f 1416/395/1623 1414/396/1652 1422/394/1624
s 33
f 1289/1830/1476 1288/1833/1482 1293/1835/1484
s 27
f 1358/865/1511 1355/866/1574 1327/864/1345
s 26
f 1430/1219/1581 1432/641/676 1498/643/1632
s 33
f 1287/1848/1397 1284/1219/1110 1275/1847/1483
s 26
f 1443/270/547 1445/1848/1580 1420/271/1568
s 21
f 871/1184/1085 837/1334/1206 836/1328/1202
s 33
f 1294/286/1633 1273/287/1644 1293/285/1484
s 24
f 1497/1124/1635 1411/1125/1690 1398/1123/1529
s 20
f 555/773/718 558/878/818 557/1378/1245
s 27
f 1342/1859/1637 1363/1860/530 1344/1858/529
s 19
f 1221/208/275 1182/2025/1465 1181/1501/1314
s 26
f 1444/1605/1638 1445/1606/1580 1443/1604/547
s 17
f 395/332/387 389/331/386 394/1889/537
s 26
f 1448/1544/1598 1436/1545/1600 1435/1012/1593
s 33
f 1302/1041/1536 1311/1014/1532 1309/1040/1533
s 27
f 1341/1545/1364 1361/1544/1364 1353/1727/1602
s 19
f 1048/1890/483 1047/1725/1401 1098/1274/1158
s 22
f 974/1305/1182 973/1307/1184 929/1385/1641
s 33
f 1282/369/1498 1304/370/1535 1303/368/1534
f 1281/1875/1496 1303/368/1534 1309/1518/1533
s 27
f 1320/1830/1509 1335/1833/1508 1322/1835/1569
s 33
f 1311/1123/1515 1302/1850/1551 1280/1849/1550
f 1294/286/1633 1295/1855/1646 1271/1857/1643
f 1270/1856/1645 1271/1857/1643 1295/1855/1646
s 26
f 1439/1858/1648 1438/1856/1584 1437/1859/1585
s 33
f 1315/1861/1531 1298/1887/1530 1299/1862/1490
s 19
f 981/1783/993 1094/1782/425 1046/1615/424
s 24
f 1370/1830/334 1384/1833/333 1386/1835/347
s 33
f 1279/864/1492 1310/1843/1491 1280/865/1497
s 19
f 1201/1733/1251 1217/1538/851 1205/1893/853
s 30
f 460/1894/684 476/2047/684 533/715/679
s 21
f 973/1895/1662 927/1939/1729 926/327/383
s 33
f 1288/271/1482 1289/272/1476 1290/270/1395
s 27
f 1320/272/1509 1338/1884/1566 1337/525/1301
f 1345/286/1609 1340/287/1610 1322/285/1569
f 1360/1124/1663 1361/1125/1665 1359/1123/1512
f 1361/1125/1665 1360/1124/1663 1362/1729/1666
s 26
f 1453/502/1558 1460/1729/1557 1439/503/1648
f 1441/1862/1559 1458/1863/1658 1449/1861/1607
s 28
f 960/1896/1668 936/506/532 934/1897/1669
s 33
f 1311/1014/1532 1294/1012/1525 1291/1867/1526
f 1294/1012/1525 1311/1014/1532 1312/1544/1678
s 27
f 1348/1040/1346 1350/1870/1597 1349/1041/1513
s 33
f 1296/1728/1540 1295/1545/1678 1312/1544/1678
f 1283/408/1499 1305/410/1537 1304/370/1535
f 1307/409/1538 1305/410/1537 1283/408/1499
s 27
f 1350/368/1597 1355/1875/1574 1328/369/1575
f 1348/1518/1346 1327/1517/1345 1355/1875/1574
s 33
f 1279/1517/1492 1309/1518/1533 1315/1516/1531
s 24
f 1398/1123/1529 1408/1850/1595 1407/1849/1493
f 1367/1857/1613 1369/287/349 1387/286/348
f 1374/1729/1615 1403/502/1614 1411/1125/1690
s 33
f 1296/1859/1647 1297/1860/1771 1314/1858/1586
f 1299/1456/1490 1298/1457/1530 1291/1455/1526
s 31
f 470/657/639 455/1908/1691 469/690/1691
f 533/738/692 534/688/692 532/741/694
s 21
f 844/1225/1115 975/1346/1216 846/1900/398
s 23
f 684/1097/1015 683/304/364 686/306/366
s 19
f 1051/1753/1358 1074/2043/526 1012/1760/1329
s 17
f 412/1214/561 404/1646/560 410/1294/1170
f 382/284/346 391/298/358 379/277/339
f 420/574/579 429/2048/1773 332/1903/1693
f 398/1904/377 1483/352/405 1484/354/407
s 31
f 536/648/632 537/1961/1733 527/664/643
s 18
f 767/768/713 768/767/712 765/1322/1200
s 31
f 540/744/695 541/743/695 539/647/631
f 535/1906/691 476/2049/691 459/1907/693
s 25
f 805/1036/958 809/862/802 723/859/799
s 31
f 468/672/687 469/690/1691 455/1908/1691
s 17
f 314/567/572 306/1954/514 303/558/516
s 18
f 757/912/849 758/1977/1741 755/1395/1254
s 19
f 1064/1573/1378 1030/1572/1377 1112/262/324
s 17
f 391/320/358 1481/1938/391 390/1909/393
s 19
f 1140/1386/1248 1142/556/568 1141/1682/1066
s 17
f 428/1910/1695 429/2050/1773 420/1051/579
s 20
f 567/778/723 570/785/730 569/784/729
s 23
f 599/1911/1020 598/1374/1241 657/1375/1242
s 24
f 1372/1847/1578 1384/271/333 1383/1848/1591
s 28
f 851/1353/1223 856/1046/969 872/1913/1697
s 23
f 753/1475/1319 752/1474/1318 806/1914/1074
s 24
f 1405/1518/1545 1404/1517/1494 1378/1875/1630
s 19
f 1141/1160/1066 1214/1162/1068 1215/178/246
f 1265/1917/1698 1159/1088/1007 1161/787/1441
s 17
f 353/190/258 364/210/277 360/1082/303
s 18
f 648/1094/1012 603/1093/1011 643/1448/1292
s 17
f 279/837/534 274/414/462 276/446/491
s 19
f 985/956/542 986/1806/998 1091/1918/706
s 20
f 578/797/725 574/796/741 571/786/731
s 19
f 1162/789/734 1160/1086/1002 1159/1088/1004
s 23
f 794/1151/1060 736/1150/1059 731/1154/1063
s 25
f 591/1044/967 589/1008/930 623/1920/1699
s 19
f 1239/1921/1238 1149/1737/1286 1240/1736/1354
f 1017/1667/1420 1016/1694/1442 1014/1821/1700
s 21
f 844/1228/1115 892/1227/1117 841/1342/1213
s 23
f 715/1609/1399 772/1608/1398 774/1922/1702
s 17
f 258/443/488 257/191/259 251/193/261
