# Blender 5.0.1
# www.blender.org
mtllib arbustos_narukami2.mtl
g Grand_Narukami_Shrine_mesh.007_Malla
v -5.735384 8.358717 23.082747
v -6.019905 8.411129 22.972477
v -5.869816 8.462178 22.928574
v -5.857224 8.668422 22.853359
v -4.530596 8.701095 22.979284
v -4.496563 8.516632 22.936058
v -4.520386 8.507784 23.148771
v -4.544889 8.558833 22.753983
v -4.530596 8.245045 22.882629
v -4.336605 8.602396 22.735943
v -4.448235 8.472388 22.890795
v -4.629292 8.556110 22.754150
v -4.249479 8.394792 22.934017
v -4.574159 8.192633 22.961246
v -5.021530 7.905048 23.001745
v -4.701103 7.817243 22.923126
v -4.678641 7.747134 23.285925
v -4.846427 7.820985 22.625675
v -4.421689 7.443043 22.858807
v -4.477504 7.957120 22.319372
v -4.489756 7.792058 22.677065
v -4.896797 7.781167 22.595978
v -4.124916 7.762448 22.598957
v -4.530596 7.318736 22.950695
v -4.075907 7.821667 23.287287
v -4.357706 7.741688 23.039181
v -4.042555 7.761427 22.768785
v -4.524469 7.651158 23.366926
v -4.573478 7.343154 22.776445
v -4.664348 8.065347 22.463633
v -4.561225 7.934658 22.735945
v -4.891012 7.907772 22.797882
v -4.310059 7.925809 22.566837
v -4.496563 7.552290 22.952396
v -3.982656 8.052415 22.876842
v -4.316865 7.944188 22.899984
v -4.293722 7.979582 22.523611
v -4.205235 7.860465 23.215136
v -4.602067 7.551950 22.864592
v -4.805927 7.897902 23.334251
v -4.627251 7.838003 23.050755
v -4.351580 7.786272 23.294094
v -4.940020 7.814179 22.939465
v -4.449595 7.488138 22.800608
v -4.903944 8.110271 22.836002
v -4.655499 8.027909 22.875481
v -4.750112 7.976180 23.139240
v -4.669453 8.035398 22.621334
v -4.448235 7.728075 22.910875
v -4.305975 8.285885 22.513351
v -4.430536 8.157237 22.772018
v -4.705528 8.166086 22.585472
v -4.138529 8.116398 22.827663
v -4.558503 7.782527 22.957502
v -4.295764 8.193314 23.394833
v -4.441428 8.135456 23.097040
v -4.093605 8.134775 22.986092
v -4.690212 8.066709 23.304304
v -4.537403 7.794439 22.807585
v -4.667070 8.491447 22.552567
v -4.564630 8.375052 22.792780
v -4.857658 8.348507 22.859825
v -4.345452 8.367565 22.632483
v -4.497924 8.032675 22.984386
v -4.128319 8.343060 22.896242
v -4.372000 8.262061 22.922787
v -4.365874 8.287927 22.647030
v -4.280788 8.201482 23.149792
v -4.580284 7.974136 22.905090
v -4.727990 8.464220 23.291372
v -4.599003 8.418615 23.067770
v -4.380168 8.380497 23.246447
v -4.842684 8.399556 22.991875
v -4.469336 8.150431 22.870377
v -4.709271 7.713780 23.085808
v -4.827028 7.701188 22.760788
v -4.457083 7.698465 22.684723
v -5.108231 7.632100 22.940825
v -5.480814 7.783208 22.631290
v -5.103891 7.693701 22.574665
v -5.128056 7.584113 22.987793
v -5.231730 7.738965 22.215401
v -4.783806 7.333539 22.504602
v -4.546251 7.892457 22.096113
v -4.751473 7.730796 22.392462
v -5.071389 7.779806 22.112791
v -4.389016 7.664432 22.505468
v -4.956016 7.320267 22.571987
v -4.993112 8.046968 22.088964
v -4.914154 7.887011 22.401989
v -5.301573 7.869654 22.428110
v -4.604109 7.885990 22.240416
v -4.879099 7.497666 22.624655
v -4.401949 7.800566 22.831408
v -4.709612 7.752238 22.675959
v -4.497924 7.803628 22.364635
v -4.776658 7.648436 22.996639
v -4.960269 7.469930 22.469845
v -4.909730 7.885310 23.022165
v -4.898158 7.878162 22.756365
v -4.613977 7.850255 22.811327
v -5.154346 7.846170 22.800777
v -5.334469 8.117078 22.492754
v -5.044842 8.019741 22.565691
v -5.026295 8.057859 22.261345
v -4.809330 7.709355 22.608828
v -4.435983 8.164044 22.364979
v -4.712336 8.043566 22.534721
v -4.873653 8.104826 22.200935
v -4.461847 7.960524 22.747515
v -4.965204 7.702889 22.607468
v -5.260340 8.211692 22.882286
v -5.022210 8.171532 22.733051
v -4.911091 8.094616 23.013317
v -4.976095 8.255255 22.280575
v -4.908709 8.138860 22.506973
v -5.190846 8.123884 22.537039
v -4.686810 8.140221 22.380037
v -4.874674 7.854680 22.668472
v -4.501327 8.277036 22.853191
v -4.742285 8.237556 22.742920
v -4.588793 8.278398 22.497473
v -4.783465 8.157237 22.991194
v -4.939168 8.019061 22.591982
v -5.129672 8.400917 22.550268
v -4.946997 8.290649 22.622017
v -5.066625 8.300859 22.832258
v -4.925044 8.276356 22.405819
v -4.835536 8.042885 22.692379
v -4.736158 7.652520 22.124701
v -4.551016 7.629376 22.353916
v -4.393100 7.508047 22.137634
v -4.434621 7.414114 22.623293
v -3.986740 7.568457 22.269344
v -4.280108 7.573051 22.427303
v -4.398545 7.462441 22.098494
v -4.067739 7.597044 22.676216
v -4.568032 7.341113 22.603979
v -4.547613 7.868974 22.948654
v -4.497924 7.682469 22.668047
v -4.157588 7.667154 22.799416
v -4.826006 7.697104 22.683617
v -4.454361 7.292487 22.503277
v -4.159630 7.651499 22.158054
v -4.334563 7.673280 22.363020
v -4.527873 7.612700 22.146824
v -4.101773 7.659667 22.490158
v -4.521067 7.502602 22.576370
v -4.170521 7.906411 22.816772
v -4.348857 7.778443 22.601511
v -4.054807 7.684171 22.474609
v -4.544889 7.846851 22.817284
v -4.502007 7.453934 22.466738
v -4.610235 7.698805 22.450146
v -4.677960 7.795802 22.754320
v -4.667411 7.587855 22.183239
v -4.397865 7.419730 22.570923
v -4.533319 7.756662 22.105303
v -4.465932 7.762107 22.322266
v -4.709612 7.795461 22.359447
v -4.282832 7.681788 22.218294
v -4.444151 7.614743 22.557648
v -4.009202 7.881226 22.391865
v -4.273302 7.856721 22.422239
v -4.252882 7.749856 22.148865
v -4.192983 7.903007 22.668217
v -4.519025 7.645032 22.480139
v -4.670134 8.108230 22.739519
v -4.521747 7.945549 22.537209
v -4.288277 7.975499 22.755001
v -4.792994 7.920704 22.443087
v -4.397183 7.607935 22.438618
v -4.165756 7.961884 22.091347
v -4.315504 7.981625 22.280745
v -4.496563 7.931254 22.093391
v -4.103134 7.966650 22.386675
v -4.477504 7.830174 22.477545
v -4.207276 8.076919 22.649414
v -4.344091 7.986389 22.496614
v -4.133765 7.914918 22.395523
v -4.481587 8.036758 22.659964
v -4.462529 7.750536 22.401394
v -4.743305 8.172213 22.319544
v -4.528554 8.093935 22.344727
v -4.570756 8.168128 22.580708
v -4.580966 8.010213 22.141037
v -4.363832 7.876801 22.430492
v -4.141932 8.157237 22.377571
v -4.323671 8.100741 22.380293
v -4.289638 8.076919 22.177454
v -4.280108 8.100741 22.561222
v -4.470696 7.914237 22.376551
v -5.075303 7.840044 22.417730
v -4.837238 7.727394 22.242798
v -4.636100 7.805330 22.501644
v -5.106955 7.625974 22.101561
v -4.612277 7.392417 22.169966
v -4.958227 7.517577 21.708130
v -4.784826 7.518767 22.002861
v -5.169662 7.496476 22.131506
v -4.511537 7.451041 21.793894
v -4.660944 7.242719 22.331795
v -4.135126 7.751557 22.231907
v -4.491797 7.607255 22.207064
v -4.357706 7.509919 21.874554
v -4.467974 7.663070 22.530872
v -4.784487 7.199448 22.224590
v -5.044333 7.754280 21.845285
v -4.816477 7.746452 22.020899
v -5.064922 7.761427 22.217953
v -4.685789 7.666132 21.794575
v -4.635759 7.517917 22.240076
v -4.261049 7.869654 21.829971
v -4.528554 7.804649 22.022942
v -4.695659 7.692338 21.743526
v -4.275344 7.850255 22.212166
v -4.768149 7.489328 22.226463
v -4.736158 7.860125 22.570669
v -4.720503 7.699827 22.310524
v -4.364511 7.737604 22.369062
v -5.039567 7.652180 22.379444
v -4.674558 7.319416 22.148523
v -5.067306 7.938062 22.198044
v -4.832813 7.876801 22.135593
v -4.781083 7.936699 22.373144
v -4.969798 7.788653 21.964401
v -4.623507 7.641289 22.144442
v -4.726629 7.934658 21.663206
v -4.699061 7.932615 21.930368
v -5.024592 7.881906 21.922199
v -4.421689 7.908792 21.849030
v -4.697361 7.706633 22.211826
v -4.280788 8.187187 22.290783
v -4.546931 8.036077 22.165199
v -4.306655 7.980263 21.933434
v -4.653457 8.068750 22.437170
v -4.753855 7.659667 22.096113
v -5.024763 8.128650 21.798660
v -4.813755 8.119801 21.948748
v -5.028677 8.136137 22.132526
v -4.706208 8.046288 21.742163
v -4.645628 7.914237 22.139336
v -4.390378 8.115035 21.833374
v -4.580284 8.070111 21.981419
v -4.711994 7.988431 21.781643
v -4.389016 8.102102 22.113131
v -4.751133 7.841746 22.136272
v -4.712676 8.383221 22.342686
v -4.710293 8.258657 22.142738
v -4.434621 8.285204 22.178133
v -4.953632 8.224625 22.203999
v -4.683407 7.965289 22.017494
v -4.659582 8.272270 21.748970
v -4.671834 8.230069 21.939217
v -4.897138 8.253893 21.904163
v -4.477504 8.175615 21.900421
v -4.729692 8.036758 22.116192
v -4.868208 8.485321 22.723181
v -4.841322 8.300859 22.664728
v -4.780062 8.286566 22.886711
v -4.963842 8.343060 22.501526
v -4.880802 8.023146 22.621166
v -4.379487 8.341700 22.408968
v -4.394462 8.169490 22.374422
v -4.203193 8.177657 22.456528
v -4.580966 8.194674 22.365828
v -4.431899 7.917300 22.403692
v -4.674217 8.500977 22.041658
v -4.660264 8.313791 22.044041
v -4.817839 8.345783 22.177622
v -4.565990 8.326043 21.881702
v -4.703826 8.048329 21.998777
v -4.939339 7.540039 22.549271
v -4.913814 7.543442 22.554886
v -4.951251 7.081437 22.559225
v -4.925044 7.082458 22.565012
v -4.921302 7.539187 22.530115
v -4.932702 7.081181 22.539421
v -4.921302 7.539187 22.530115
v -4.939339 7.540039 22.549271
v -4.932702 7.081181 22.539421
v -4.951251 7.081437 22.559225
v -4.516983 8.343060 22.931976
v -4.523108 8.175615 22.911215
v -4.523108 8.175615 22.919724
v -4.530596 8.175615 22.915642
v -4.523108 8.175615 22.919724
v -4.536041 7.539359 22.842468
v -4.605129 7.084499 22.814901
v -4.511537 7.539359 22.856253
v -4.576200 7.084585 22.831238
v -4.533998 7.881566 22.911554
v -4.533998 7.881566 22.892839
v -4.511537 7.539359 22.856253
v -4.511537 7.539528 22.828344
v -4.533998 7.881566 22.911554
v -4.511537 7.539359 22.856253
v -4.523108 8.175615 22.919724
v -4.523108 8.175615 22.911215
v -4.533998 7.881566 22.911554
v -4.533998 7.881566 22.892839
v -4.523108 8.175615 22.919724
v -4.533998 7.881566 22.911554
v -4.653797 7.539868 22.169113
v -4.653797 7.540039 22.146143
v -4.716078 7.081861 22.226973
v -4.716078 7.081861 22.193960
v -4.673536 7.539868 22.157715
v -4.744667 7.081777 22.210638
v -4.653797 7.539868 22.169113
v -4.716078 7.081861 22.226973
v -4.685108 7.804989 22.118576
v -4.685108 7.804989 22.099855
v -4.653797 7.539868 22.169113
v -4.653797 7.540039 22.146143
v -4.701445 7.804989 22.109385
v -4.673536 7.539868 22.157715
v -4.663326 8.127969 22.043701
v -4.685108 7.804989 22.099855
v -4.685108 7.804989 22.118576
v -4.701445 7.804989 22.109385
v -4.685108 7.804989 22.118576
v -4.455722 8.041524 22.378338
v -4.457764 7.900283 22.419346
v -4.457764 7.903687 22.427429
v -4.465251 7.901986 22.423431
v -4.451638 7.488647 22.543993
v -4.469336 7.492561 22.553522
v -4.513578 7.086967 22.582367
v -4.534679 7.088243 22.593639
v -4.451638 7.496645 22.562798
v -4.513578 7.089690 22.604572
v -4.451638 7.692679 22.474289
v -4.451638 7.686213 22.459465
v -4.451638 7.496645 22.562798
v -4.451638 7.488647 22.543993
v -4.457764 7.903687 22.427429
v -4.457764 7.900283 22.419346
v -4.451638 7.692679 22.474289
v -4.451638 7.686213 22.459465
v -4.465251 7.901986 22.423431
v -4.465251 7.689276 22.466951
v -5.950477 8.625540 22.957161
v -5.900446 8.439716 22.931637
v -6.038282 8.425423 23.097040
v -5.839187 8.488725 22.753983
v -5.901808 8.169490 22.856762
v -5.653703 8.526161 22.856253
v -5.834762 8.395473 22.918703
v -5.909976 8.489406 22.707184
v -5.692842 8.309028 23.061985
v -5.983149 8.115717 22.896582
v -6.384745 7.839705 22.670174
v -6.072317 7.743049 22.778147
v -6.256098 7.661368 23.092276
v -6.029435 7.760406 22.447979
v -5.806515 7.359406 22.863230
v -5.548029 7.893817 22.401308
v -5.758868 7.718204 22.687700
v -6.055981 7.722629 22.393566
v -5.409683 7.678726 22.823069
v -5.950477 7.235323 22.874802
v -5.749679 7.716503 23.430908
v -5.849737 7.652520 23.063005
v -5.434358 7.669877 23.011276
v -6.172376 7.557395 23.241682
v -5.889896 7.266366 22.705482
v -5.783711 8.004767 22.423260
v -5.850078 7.862506 22.703442
v -6.161484 7.844129 22.571350
v -5.545307 7.849915 22.700378
v -5.920527 7.469249 22.904751
v -5.440824 7.957800 23.147751
v -5.736064 7.858764 22.976902
v -5.506679 7.904368 22.675533
v -5.818086 7.762107 23.299541
v -5.960005 7.474864 22.772871
v -6.388148 7.815881 23.068451
v -6.081165 7.758023 22.927212
v -5.985871 7.689957 23.281843
v -6.282644 7.747474 22.659283
v -5.797325 7.407477 22.800777
v -6.191433 8.046968 22.604914
v -6.005610 7.955079 22.772190
v -6.232275 7.898242 22.938784
v -5.875942 7.970053 22.551504
v -5.854502 7.645372 22.904411
v -5.507870 8.213734 22.672981
v -5.757847 8.081002 22.815413
v -5.884791 8.104145 22.507000
v -5.543946 8.028590 23.022507
v -5.972258 7.702889 22.884670
v -5.989955 8.094616 23.414572
v -5.947413 8.049691 23.081726
v -5.593804 8.041524 23.181442
v -6.272434 7.982985 23.114738
v -5.871519 7.718204 22.770998
v -5.830678 8.430867 22.514402
v -5.879347 8.303581 22.767765
v -6.162846 8.285204 22.660559
v -5.606568 8.294052 22.754320
v -5.933799 7.950994 22.951035
v -5.570662 8.253893 23.095337
v -5.790858 8.179700 22.979284
v -5.632263 8.213734 22.752279
v -5.841568 8.109591 23.217857
v -5.959324 7.897902 22.836853
v -6.292173 8.383902 23.099421
v -6.060746 8.341019 22.981665
v -5.976341 8.289968 23.251213
v -6.223425 8.331490 22.781889
v -5.845312 8.072153 22.876162
v -6.171013 7.634481 22.905771
v -6.090013 7.635502 22.567181
v -5.736405 7.622571 22.708548
v -6.426947 7.569648 22.559565
v -5.970215 7.391568 22.234968
v -6.565804 7.742709 22.099174
v -6.218661 7.642310 22.257092
v -6.469829 7.520810 22.585857
v -6.126090 7.702209 21.886467
v -5.849056 7.271365 22.470312
v -5.482514 7.837663 22.172859
v -5.821148 7.673280 22.301165
v -5.934141 7.741006 21.891232
v -5.580702 7.591259 22.594023
v -6.016501 7.261751 22.321075
v -6.531769 7.799884 22.350513
v -6.217299 7.747814 22.368042
v -6.301702 7.648096 22.692379
v -6.260862 7.786272 22.060036
v -5.933799 7.472652 22.361488
v -5.852119 8.007489 21.925945
v -5.961708 7.835279 22.225439
v -6.301702 7.829834 22.031790
v -5.611502 7.828814 22.261688
v -6.060064 7.436067 22.415350
v -5.771120 7.719225 22.866291
v -5.943329 7.685192 22.563095
v -5.591932 7.738965 22.421558
v -6.179182 7.573903 22.790909
v -6.042367 7.415306 22.239223
v -6.302384 7.815540 22.748367
v -6.145149 7.815540 22.531338
v -5.936862 7.776742 22.734072
v -6.384745 7.790696 22.425303
v -5.976341 7.625293 22.320736
v -6.362282 8.078279 22.078415
v -6.160803 7.968010 22.296059
v -6.453493 7.885310 22.458187
v -5.975662 8.014977 22.052549
v -5.990635 7.647075 22.449680
v -5.536288 8.099380 22.471184
v -5.863690 7.982305 22.455421
v -5.813322 8.059220 22.088287
v -5.772820 7.884968 22.769464
v -6.120645 7.646053 22.361914
v -6.515433 8.159280 22.450403
v -6.232955 8.115717 22.455379
v -6.295577 8.026548 22.748877
v -6.282644 8.148389 22.181028
v -5.976683 7.871016 22.440533
v -5.941627 8.211692 22.104622
v -6.012417 8.085768 22.327202
v -6.266308 8.078960 22.195320
v -5.755464 8.083726 22.343878
v -6.076400 7.793758 22.469799
v -5.860968 8.200801 22.849445
v -6.002207 8.172213 22.621759
v -5.736746 8.215775 22.502504
v -6.175778 8.085768 22.804182
v -6.086610 7.963246 22.376637
v -6.218661 8.354632 22.251986
v -6.106350 8.236196 22.408968
v -6.323484 8.244364 22.519445
v -5.968174 8.227346 22.239056
v -6.055299 7.980944 22.519276
v -5.660511 7.601810 22.081478
v -5.632603 7.565905 22.375784
v -5.948774 7.646394 22.367443
v -5.381349 7.444745 22.276321
v -5.687057 7.337539 22.657156
v -5.112400 7.488307 22.615124
v -5.446694 7.498178 22.585005
v -5.364929 7.400246 22.238714
v -5.406449 7.508217 22.912579
v -5.788816 7.269047 22.564116
v -5.957623 7.789675 22.886711
v -5.762270 7.608275 22.670855
v -5.549391 7.577987 22.969074
v -6.045771 7.633461 22.502752
v -5.638048 7.219368 22.540527
v -5.194803 7.581049 22.429474
v -5.455458 7.602490 22.505110
v -5.498510 7.554333 22.214039
v -5.330513 7.577646 22.740540
v -5.732661 7.430790 22.573517
v -5.567088 7.818604 22.986773
v -5.598570 7.702209 22.701908
v -5.282279 7.601129 22.754492
v -5.882750 7.770957 22.776953
v -5.656085 7.384420 22.490137
v -5.944351 7.743390 22.239056
v -5.735044 7.634822 22.426495
v -5.960005 7.725691 22.648308
v -5.636005 7.532552 22.166052
v -5.626647 7.343494 22.634014
v -5.477920 7.700167 22.182220
v -5.542074 7.697443 22.401905
v -5.767035 7.737944 22.299292
v -5.331406 7.613721 22.412880
v -5.656426 7.541571 22.605171
v -5.195655 7.800225 22.718586
v -5.434527 7.783208 22.596703
v -5.267295 7.683149 22.373743
v -5.503446 7.820305 22.849617
v -5.675825 7.576795 22.499964
v -5.941288 8.040163 22.653412
v -5.706115 7.877821 22.559225
v -5.630561 7.893477 22.872759
v -5.882069 7.864209 22.328562
v -5.550922 7.536806 22.531052
v -5.159622 7.894838 22.382845
v -5.390453 7.914918 22.459593
v -5.438952 7.875100 22.199915
v -5.270656 7.889393 22.665920
v -5.637028 7.761767 22.528732
v -5.502764 7.996600 22.833281
v -5.534075 7.913558 22.625164
v -5.301967 7.838003 22.654095
v -5.739469 7.964607 22.688297
v -5.583425 7.683491 22.469675
v -5.768736 8.118440 22.263046
v -5.603163 8.032675 22.400118
v -5.769077 8.101422 22.577732
v -5.535097 7.955759 22.196342
v -5.515186 7.806352 22.554161
v -5.451118 8.031314 22.543633
v -5.515186 8.024507 22.719608
v -5.574406 7.849234 22.451210
v -6.106350 7.793078 22.147163
v -5.810257 7.677023 22.127764
v -5.784392 7.741006 22.459763
v -5.959324 7.587855 21.855156
v -5.584616 7.334646 22.177282
v -5.578489 7.524212 21.595818
v -5.596527 7.511109 21.939898
v -5.991316 7.497666 21.833033
v -5.252129 7.440150 21.912670
v -5.624264 7.219921 22.272919
v -5.175192 7.717524 22.502132
v -5.463116 7.584793 22.277170
v -5.166939 7.491881 22.068207
v -5.622053 7.630739 22.564543
v -5.722792 7.183537 22.112450
v -5.763291 7.722289 21.680222
v -5.669360 7.701869 21.953854
v -5.987232 7.719225 21.982101
v -5.434698 7.623250 21.833033
v -5.641791 7.459549 22.228333
v -5.095553 7.812818 22.106663
v -5.428401 7.750876 22.117554
v -5.414362 7.651499 21.785725
v -5.319813 7.782868 22.418921
v -5.745934 7.435726 22.142401
v -5.888875 7.887011 22.457592
v -5.733001 7.732839 22.241264
v -5.465838 7.757342 22.489391
v -6.039645 7.693359 22.119936
v -5.608949 7.353449 22.114832
v -5.976341 7.897562 21.971550
v -5.745254 7.830174 22.046423
v -5.833061 7.881906 22.277170
v -5.766355 7.751216 21.823164
v -5.577128 7.586154 22.160095
v -5.393177 7.898582 21.711533
v -5.518590 7.888031 21.950788
v -5.787796 7.847531 21.761223
v -5.240558 7.857061 22.035192
v -5.675825 7.652520 22.178474
v -5.364205 8.119801 22.496017
v -5.520122 7.980263 22.236502
v -5.189741 7.923087 22.173199
v -5.760229 8.008170 22.407095
v -5.659490 7.610318 22.048126
v -5.716325 8.099380 21.667969
v -5.622734 8.079640 21.910290
v -5.905211 8.097339 21.946365
v -5.418617 8.007489 21.793213
v -5.589890 7.861485 22.154991
v -5.203396 8.063986 22.048126
v -5.445503 8.021104 22.065142
v -5.445843 7.948952 21.821123
v -5.357313 8.042885 22.283470
v -5.677527 7.792058 22.090668
v -5.753763 8.329448 22.308313
v -5.642132 8.210329 22.136614
v -5.429933 8.226666 22.320393
v -5.880707 8.182423 22.051529
v -5.553474 7.917982 22.033831
v -5.380755 8.233473 21.834734
v -5.497149 8.185825 21.985846
v -5.666296 8.218497 21.832354
v -5.313133 8.125926 22.058674
v -5.645875 7.988431 22.094072
v -6.094099 8.426103 22.545780
v -6.041687 8.241640 22.503880
v -6.113838 8.219178 22.723690
v -6.053257 8.292691 22.300655
v -6.053938 7.965289 22.433599
v -5.511103 8.274994 22.546993
v -5.506679 8.103464 22.502239
v -5.391304 8.102783 22.677746
v -5.658127 8.134775 22.392715
v -5.557049 7.850255 22.495667
v -5.552794 8.455372 22.081820
v -5.544627 8.266145 22.083860
v -5.750700 8.300179 22.110065
v -5.374884 8.280439 22.000479
v -5.559091 8.002725 22.010349
v -6.009695 7.483033 22.393822
v -5.991316 7.485415 22.412796
v -5.914741 7.066377 22.412285
v -5.896023 7.067058 22.431854
v -5.983829 7.482012 22.387609
v -5.888194 7.066122 22.405903
v -5.983829 7.482012 22.387609
v -6.009695 7.483033 22.393822
v -5.888194 7.066122 22.405903
v -5.914741 7.066377 22.412285
v -6.054619 7.735561 22.390503
v -6.009695 7.483033 22.393822
v -5.991316 7.485415 22.412796
v -6.066191 7.734200 22.378677
v -5.917124 8.098020 22.889093
v -5.879687 7.459380 22.815413
v -5.864031 7.460229 22.791759
v -5.833401 7.063824 22.781380
v -5.815022 7.064165 22.753471
v -5.892279 7.460570 22.790398
v -5.848376 7.064250 22.751598
v -5.879687 7.459380 22.815413
v -5.833401 7.063824 22.781380
v -5.933799 7.803288 22.846891
v -5.892279 7.460570 22.790398
v -5.925292 7.802608 22.863569
v -5.879687 7.459380 22.815413
v -5.917124 8.098020 22.889093
v -5.925292 7.802608 22.863569
v -5.617457 7.484394 22.185110
v -5.604866 7.485245 22.165882
v -5.614905 7.067227 22.219654
v -5.596697 7.067568 22.191917
v -5.627838 7.485415 22.164520
v -5.629879 7.067568 22.190046
v -5.617457 7.484394 22.185110
v -5.614905 7.067227 22.219654
v -5.612693 7.753600 22.122997
v -5.602313 7.754280 22.107344
v -5.617457 7.484394 22.185110
v -5.604866 7.485245 22.165882
v -5.621202 7.754280 22.106323
v -5.627838 7.485415 22.164520
v -5.549050 8.079640 22.073992
v -5.602313 7.754280 22.107344
v -5.612693 7.753600 22.122997
v -5.621202 7.754280 22.106323
v -5.666976 7.422964 22.600405
v -5.656426 7.415306 22.584238
v -5.654385 7.070206 22.626696
v -5.642473 7.067738 22.607552
v -5.656426 7.415306 22.584238
v -5.676847 7.419559 22.582581
v -5.642473 7.067738 22.607552
v -5.665956 7.069099 22.605595
v -5.666976 7.422964 22.600405
v -5.654385 7.070206 22.626696
v -5.073432 8.340339 22.224079
v -5.104402 8.187867 22.258623
v -5.050629 8.175615 22.089989
v -5.095894 8.228027 22.413136
v -5.081259 7.964607 22.314949
v -5.268868 8.259338 22.392630
v -5.150517 8.151112 22.288742
v -5.027485 8.228027 22.426834
v -5.303520 8.081002 22.223398
v -5.031910 7.920363 22.259472
v -4.656519 7.691658 22.307461
v -4.928108 7.613380 22.321585
v -4.885906 7.546676 22.024982
v -4.859019 7.626995 22.586620
v -5.159025 7.298826 22.338604
v -5.139542 7.593642 22.487560
v -4.822264 7.595684 22.619976
v -5.447886 7.562671 22.492443
v -5.053351 7.196321 22.284998
v -5.376585 7.594323 21.923901
v -5.186762 7.540379 22.173370
v -5.487449 7.555864 22.341156
v -4.996345 7.461592 21.936836
v -5.047054 7.221618 22.432873
v -5.074452 7.712079 22.447552
v -4.796058 7.695743 22.451721
v -5.305838 7.702889 22.544165
v -5.084492 7.388929 22.271727
v -5.523695 7.793078 22.235481
v -5.246046 7.710377 22.274281
v -5.327322 7.747814 22.575092
v -5.283637 7.631419 22.002520
v -5.013533 7.393098 22.360130
v -4.776999 7.673280 22.002520
v -4.967756 7.625974 22.205359
v -5.150517 7.571350 21.964062
v -4.731394 7.616104 22.347195
v -5.146348 7.338220 22.389057
v -4.782784 7.862506 22.417219
v -4.976605 7.788313 22.347027
v -4.855957 7.741006 22.149885
v -5.007066 7.800225 22.555458
v -5.134181 7.534253 22.292486
v -5.324471 8.002045 22.577049
v -5.178509 7.892457 22.390928
v -4.986135 7.910494 22.586834
v -5.405854 7.850935 22.299292
v -5.037867 7.581049 22.271215
v -5.187018 7.905048 21.862303
v -5.116484 7.866930 22.129126
v -5.417085 7.861485 22.162817
v -4.879099 7.811115 22.003201
v -5.079557 7.593642 22.389313
v -5.028507 8.179700 22.598406
v -5.070368 8.074877 22.389908
v -4.820902 8.058540 22.383867
v -5.274113 8.068069 22.484608
v -5.086875 7.785591 22.232927
v -5.407300 8.036077 22.235649
v -5.203609 7.974136 22.256073
v -5.254234 8.002045 22.478161
v -5.239153 7.916961 22.058674
v -5.032250 7.741347 22.312056
v -4.857658 8.141582 22.009327
v -4.998047 8.106187 22.170986
v -5.146008 8.065347 21.991289
v -4.812394 8.097339 22.272747
v -5.130692 7.885650 22.317503
v -5.085854 8.044246 22.270025
v -5.080918 7.906751 22.292316
v -5.079727 7.906409 22.285511
v -5.079727 7.906409 22.285511
v -5.088066 7.380762 22.352470
v -5.092489 7.381527 22.375275
v -5.087895 7.053189 22.389482
v -5.093170 7.053359 22.416370
v -5.070539 7.381613 22.367701
v -5.067135 7.053359 22.407434
v -5.088066 7.380762 22.352470
v -5.087895 7.053189 22.389482
v -5.066794 7.663070 22.302017
v -5.069858 7.663751 22.317162
v -5.088066 7.380762 22.352470
v -5.092489 7.381527 22.375275
v -5.066794 7.663070 22.302017
v -5.088066 7.380762 22.352470
v -5.079727 7.906409 22.285511
v -5.080918 7.906751 22.292316
v -5.066794 7.663070 22.302017
v -5.069858 7.663751 22.317162
v -5.079727 7.906409 22.285511
v -5.066794 7.663070 22.302017
v -5.242132 9.006035 22.385569
v -5.277228 8.838590 22.424110
v -5.218925 8.824977 22.238033
v -5.266667 8.882153 22.594320
v -5.252788 8.592186 22.486414
v -5.457329 8.918908 22.572624
v -5.328129 8.797750 22.457634
v -5.191187 8.882153 22.609081
v -5.497489 8.721515 22.386505
v -5.199058 8.543179 22.425133
v -4.786869 8.288608 22.476267
v -5.086534 8.204204 22.493433
v -5.041780 8.130011 22.166391
v -5.008596 8.219178 22.785122
v -5.342935 7.859104 22.513752
v -5.395048 8.344422 22.990515
v -5.318728 8.183784 22.677490
v -4.968267 8.184464 22.821709
v -5.658808 8.151793 22.684553
v -5.227347 7.745090 22.454443
v -5.582913 8.185825 22.057653
v -5.372756 8.125245 22.331455
v -5.703053 8.144304 22.517988
v -5.164640 8.036758 22.070248
v -5.219563 7.773338 22.617252
v -5.203779 8.443119 22.890795
v -5.246407 8.314472 22.632908
v -4.939509 8.294052 22.636057
v -5.500892 8.305624 22.740540
v -5.260562 7.957800 22.439638
v -5.741850 8.406363 22.401394
v -5.436399 8.313111 22.442829
v -5.524206 8.355312 22.774740
v -5.479792 8.225986 22.143761
v -5.181828 7.961884 22.536655
v -4.921302 8.268867 22.141037
v -5.130522 8.218497 22.365488
v -5.333703 8.158599 22.100876
v -4.869570 8.206245 22.520618
v -5.328384 7.902326 22.569347
v -4.924363 8.477834 22.597725
v -5.138605 8.396833 22.521448
v -5.006725 8.344422 22.303547
v -5.171022 8.411127 22.751257
v -5.314176 8.118440 22.462654
v -5.519270 8.635750 22.776613
v -5.360165 8.513228 22.570751
v -5.146943 8.532288 22.785631
v -5.611502 8.468986 22.471035
v -5.207907 8.168809 22.438618
v -5.372245 8.526841 21.988226
v -5.293363 8.484640 22.281937
v -5.624434 8.480556 22.320564
v -5.032761 8.421338 22.142059
v -5.253086 8.183784 22.568882
v -5.191868 8.829061 22.798225
v -5.239686 8.714707 22.568882
v -4.964865 8.694287 22.560883
v -5.463797 8.707900 22.674257
v -5.260647 8.394792 22.396290
v -5.612182 8.673867 22.400543
v -5.387987 8.603759 22.422070
v -5.442441 8.634388 22.667194
v -5.428572 8.540455 22.204681
v -5.200418 8.345783 22.483286
v -5.006896 8.785498 22.148184
v -5.160982 8.747379 22.327032
v -5.325279 8.702456 22.129807
v -4.955674 8.736488 22.438320
v -5.307901 8.505060 22.489605
v -5.049098 8.105507 22.352215
v -5.000428 8.105507 22.664387
v -5.345572 8.097339 22.667789
v -4.716078 8.042885 22.554501
v -4.988518 7.884289 22.984051
v -4.438704 8.196716 22.892498
v -4.785166 8.109591 22.879904
v -4.689192 7.998641 22.517508
v -4.734457 8.163363 23.222624
v -5.079046 7.776402 22.897943
v -5.371736 8.292691 23.204586
v -5.133415 8.141582 22.980305
v -4.896456 8.200119 23.285246
v -5.437165 8.070111 22.817623
v -4.912792 7.765851 22.867992
v -4.553058 8.249808 22.693571
v -4.823284 8.205565 22.787334
v -4.866166 8.115717 22.486372
v -4.680344 8.238918 23.030334
v -5.061859 7.958481 22.890795
v -4.974733 8.443119 23.284565
v -4.988007 8.286566 22.995281
v -4.636100 8.278398 23.040203
v -5.294256 8.284523 23.085808
v -4.974733 7.924448 22.801970
v -5.370119 8.185825 22.523687
v -5.121248 8.151793 22.718245
v -5.366757 8.203524 22.958183
v -5.003492 8.049691 22.445894
v -4.928788 7.905048 22.955462
v -4.883183 8.267507 22.439173
v -4.940020 8.268187 22.675449
v -5.184806 8.236196 22.577133
v -4.702466 8.243003 22.681404
v -5.010468 8.096658 22.910194
v -4.599003 8.503018 22.980305
v -4.844045 8.405683 22.867313
v -4.655499 8.328767 22.630354
v -4.914834 8.449245 23.135498
v -5.043141 8.116398 22.797203
v -5.427040 8.530927 22.936058
v -5.147964 8.422018 22.836172
v -5.063050 8.490086 23.161364
v -5.333618 8.335573 22.604233
v -4.903604 8.114355 22.825962
v -4.598322 8.576531 22.615549
v -4.837238 8.539095 22.708885
v -4.886587 8.459455 22.440874
v -4.700424 8.567682 22.921768
v -5.049098 8.319919 22.809626
v -4.959419 8.627582 23.103506
v -4.978308 8.513909 22.892498
v -4.719822 8.505060 22.915300
v -5.199482 8.513909 22.967031
v -4.976436 8.249128 22.750578
v -5.284133 8.621455 22.506716
v -5.087385 8.593548 22.648819
v -5.268486 8.634388 22.840597
v -5.005705 8.514590 22.436066
v -4.934234 8.402280 22.825451
v -4.776319 8.755548 22.884331
v -4.925725 8.649363 22.791418
v -4.781764 8.656170 22.623802
v -4.983412 8.642556 22.981665
v -5.009619 8.419296 22.716545
v -5.193230 8.076919 23.219902
v -5.318601 8.045608 22.982687
v -5.495957 7.938062 23.152855
v -5.372160 7.839364 22.727776
v -5.838166 7.980944 22.961586
v -5.547178 7.987070 22.871395
v -5.497320 7.897562 23.189951
v -5.693863 7.997961 22.610447
v -5.255277 7.776062 22.770658
v -5.220159 8.247766 22.441980
v -5.311219 8.084406 22.690508
v -5.592954 8.059901 22.513681
v -5.374117 7.732159 22.842468
v -5.704073 8.063986 23.088871
v -5.511273 8.081002 22.935381
v -5.375224 8.036078 23.164768
v -5.697607 8.060582 22.781036
v -5.304114 7.923427 22.782228
v -5.581892 8.277717 22.492912
v -5.458351 8.170851 22.720968
v -5.742531 8.082363 22.785973
v -5.245173 8.231430 22.559904
v -5.339915 7.881566 22.878544
v -5.379989 8.168128 23.198460
v -5.402110 8.166086 22.991875
v -5.177659 8.200119 23.000385
v -5.583425 8.091893 23.055517
v -5.801069 8.264103 22.846043
v -5.558750 8.245725 22.865952
v -5.623074 8.155876 23.110312
v -5.587849 8.279758 22.629929
v -5.324982 8.055818 22.863569
v -5.150688 8.474430 22.643372
v -5.317155 8.328767 22.803497
v -5.488471 8.345102 22.566584
v -5.089937 8.313792 22.936058
v -5.440824 8.021104 22.880589
v -5.714283 8.348507 23.139921
v -5.547178 8.364842 22.995958
v -5.417171 8.327406 23.197100
v -5.719049 8.343741 22.864250
v -5.365525 8.223944 22.852848
v -5.581042 8.439035 22.643883
v -5.483705 8.363481 22.807585
v -5.689098 8.296776 22.863569
v -5.332851 8.407724 22.683701
v -5.390965 8.153153 22.921085
v -5.159962 8.545901 23.030334
v -5.347019 8.469666 22.972477
v -5.268497 8.531607 22.766232
v -5.334511 8.399556 23.166809
v -5.476219 8.265465 22.873779
v -5.688077 8.518675 22.873440
v -5.524035 8.470346 22.904751
v -5.590230 8.454010 23.081041
v -5.531183 8.464220 22.734921
v -5.390539 8.303582 22.939465
v -4.840301 8.247087 23.010935
v -5.082790 8.144304 23.129372
v -5.218499 8.203524 22.859825
v -4.864465 8.061262 23.306347
v -5.292459 7.835960 23.165447
v -5.076494 8.051052 23.648045
v -5.180126 8.040842 23.353313
v -4.812394 8.024507 23.306347
v -5.460392 7.978901 23.494892
v -5.229432 7.777082 23.045649
v -5.725514 8.233473 23.027269
v -5.407810 8.109591 23.116438
v -5.584956 8.027229 23.394152
v -5.373096 8.151112 22.820517
v -5.136989 7.743049 23.164768
v -4.967417 8.183784 23.520756
v -5.140733 8.167447 23.324045
v -4.883523 8.180381 23.190290
v -5.296563 8.098020 23.506464
v -5.260797 7.948953 23.103167
v -5.673443 8.273632 23.394152
v -5.398878 8.214415 23.269588
v -5.297052 8.123204 23.552750
v -5.593635 8.245725 23.054497
v -5.144220 7.925809 23.139240
v -5.128736 8.335573 22.825792
v -5.186337 8.196035 23.060965
v -5.495617 8.221901 22.944908
v -4.887608 8.157237 23.056540
v -5.250341 7.852637 23.209692
v -4.887608 8.342381 23.203224
v -5.107805 8.283161 23.219902
v -5.113251 8.330129 22.996300
v -5.013872 8.210331 23.400278
v -5.290327 8.063986 23.182804
v -5.286652 8.347145 23.622858
v -5.264317 8.337616 23.378498
v -4.973542 8.297456 23.444523
v -5.526928 8.312430 23.403683
v -5.213394 8.123204 23.133114
v -5.579680 8.551347 22.974518
v -5.360674 8.422018 23.138220
v -5.616436 8.373011 23.305666
v -5.218073 8.446523 22.912579
v -5.182424 8.084406 23.248489
v -4.998558 8.526161 23.547985
v -5.161067 8.509826 23.376455
v -4.936445 8.524119 23.249168
v -5.292681 8.446524 23.545261
v -5.275198 8.313792 23.182804
v -5.560452 8.500297 23.405724
v -5.363738 8.458776 23.307707
v -5.279944 8.392750 23.512590
v -5.512805 8.480556 23.155235
v -5.180296 8.249808 23.206285
v -5.186253 8.737850 22.997662
v -5.221647 8.628943 23.180082
v -5.462945 8.646641 23.099421
v -4.992432 8.601716 23.168850
v -5.263487 8.364842 23.296816
v -5.336468 8.650724 23.523481
v -5.291470 8.607842 23.356716
v -5.096233 8.635750 23.426826
v -5.471454 8.555430 23.359438
v -5.205906 8.428144 23.214455
v -4.981370 8.822253 22.680893
v -5.013191 8.656170 22.734240
v -5.028847 8.635750 22.525074
v -4.932702 8.701095 22.900665
v -4.981370 8.404322 22.788866
v -5.472645 8.691565 22.881268
v -5.462434 8.535010 22.920065
v -5.619841 8.536371 22.812859
v -5.297276 8.562238 22.959885
v -5.420489 8.304943 22.908154
v -5.275309 8.852203 23.256657
v -5.284634 8.680674 23.258018
v -5.120567 8.709263 23.165108
v -5.398197 8.694287 23.386667
v -5.249767 8.441077 23.314514
v -4.934745 7.966650 22.878544
v -4.940530 7.765171 22.881609
v -4.948017 8.193994 22.831919
v -4.935935 8.194674 22.823069
v -5.257680 8.680674 22.436790
v -5.253086 8.528204 22.461634
v -5.251660 8.528204 22.454102
v -5.251660 8.528204 22.454102
v -5.239089 8.260018 22.472588
v -5.242259 8.260699 22.489307
v -5.264158 7.948953 22.528679
v -5.268900 7.949633 22.553801
v -5.253129 7.759726 22.545588
v -5.259212 7.760746 22.577732
v -5.239089 8.260018 22.472588
v -5.257446 7.971415 23.169191
v -5.245300 8.215775 23.228069
v -5.242109 8.215095 23.211733
v -5.229050 8.215775 23.222624
v -5.242109 8.215095 23.211733
v -5.279381 8.511187 23.264824
v -5.405599 8.419296 22.931295
v -5.394367 8.289288 22.899303
v -5.393006 8.292010 22.892159
v -5.261743 8.293371 23.344463
v -5.227774 8.140221 23.312473
v -5.296095 8.128650 23.475834
v -5.222796 8.180381 23.157959
v -5.245981 7.917300 23.254614
v -5.052160 8.212373 23.193695
v -5.179191 8.103464 23.286606
v -5.289703 8.180381 23.138220
v -5.032591 8.033356 23.364885
v -5.299934 7.873057 23.305666
v -5.669700 7.644351 23.224665
v -5.397770 7.566074 23.234196
v -5.466009 7.499198 23.526203
v -5.443632 7.579517 22.964310
v -5.169491 7.256815 23.146389
v -5.076494 7.690978 22.811157
v -5.172639 7.546165 23.087509
v -5.477240 7.548377 22.927893
v -4.865146 7.515194 23.109972
v -5.279486 7.154311 23.190632
v -4.985964 7.546845 23.669823
v -5.153239 7.492903 23.405045
v -4.838940 7.508388 23.264143
v -5.363695 7.414285 23.623539
v -5.272719 7.179581 23.042585
v -5.257213 7.781507 22.885351
v -5.241024 7.664772 23.121883
v -5.518080 7.648436 23.093296
v -5.002131 7.655242 23.045988
v -5.246449 7.341537 23.297497
v -4.812054 7.745771 23.372370
v -5.085342 7.662730 23.309748
v -4.977966 7.700167 23.017063
v -5.071730 7.583772 23.583378
v -5.285336 7.359661 23.176680
v -5.576277 7.625634 23.539135
v -5.368672 7.578667 23.353994
v -5.207650 7.524044 23.609926
v -5.591593 7.568798 23.191652
v -5.177659 7.296188 23.094997
v -5.534075 7.815200 23.126308
v -5.347273 7.740666 23.213093
v -5.484898 7.693701 23.398918
v -5.298681 7.752919 23.008553
v -5.195187 7.486776 23.281162
v -4.980690 7.954398 23.014677
v -5.142349 7.844810 23.187229
v -5.316856 7.862847 22.975201
v -4.924024 7.803288 23.298859
v -5.292915 7.533573 23.294094
v -5.180212 7.857401 23.714750
v -5.227093 7.819624 23.442480
v -4.924705 7.813838 23.435673
v -5.474687 7.763810 23.547304
v -5.241111 7.546335 23.180422
v -5.273542 8.132052 22.967369
v -5.250236 8.027910 23.178720
v -5.499362 8.011574 23.163067
v -5.038887 8.020423 23.102486
v -5.247555 7.738285 23.336975
v -4.928108 7.989111 23.362164
v -5.129160 7.926830 23.324045
v -5.059308 7.954398 23.106909
v -5.111123 7.869654 23.523481
v -5.294948 7.693701 23.253254
v -5.495448 8.093935 23.539135
v -5.341445 8.058540 23.390749
v -5.209820 8.017700 23.582697
v -5.517570 8.049691 23.272995
v -5.196420 7.838003 23.255976
v -5.245236 7.997280 23.299541
v -5.248150 7.859444 23.277077
v -5.250065 7.859104 23.283884
v -5.250065 7.859104 23.283884
v -5.257105 7.616104 23.214455
v -5.235771 7.333370 23.158981
v -5.229389 7.334051 23.136860
v -5.242939 7.040936 23.104187
v -5.235389 7.041107 23.077980
v -5.251894 7.334136 23.142303
v -5.261955 7.041107 23.084448
v -5.235771 7.333370 23.158981
v -5.242939 7.040936 23.104187
v -5.261381 7.615764 23.229431
v -4.815797 7.580539 22.460699
v -4.530596 7.516216 22.352131
v -4.804225 7.346303 22.780188
v -4.255605 7.680428 22.691530
v -4.601726 7.585814 22.677237
v -4.503369 7.469419 22.315121
v -4.553058 7.642650 23.020124
v -4.893733 7.231595 22.693232
v -5.190762 7.775381 22.999363
v -4.950569 7.617125 22.775764
v -4.715738 7.680087 23.081726
v -5.252979 7.540379 22.611721
v -4.726969 7.221612 22.664303
v -4.795376 7.936019 23.081045
v -4.806268 7.771637 22.791759
v -4.454361 7.764831 22.838554
v -5.112740 7.766872 22.880928
v -4.789932 7.389184 22.598066
v -5.185317 7.663070 22.318352
v -4.937296 7.628696 22.514065
v -5.184125 7.681108 22.752960
v -4.817498 7.522001 22.242117
v -4.744667 7.368764 22.751940
v -4.756578 7.752919 22.472227
v -5.000599 7.717184 22.372805
v -4.519025 7.728075 22.479332
v -4.827028 7.570498 22.706335
v -4.418284 8.002726 22.779167
v -4.662645 7.898582 22.664814
v -4.472058 7.818604 22.428621
v -4.734797 7.943507 22.932659
v -4.859360 7.591939 22.593300
v -5.246237 8.027229 22.730839
v -4.966226 7.913898 22.632141
v -4.883183 7.986390 22.957842
v -5.150091 7.821326 22.399267
v -4.720162 7.589898 22.622698
v -4.416243 8.081002 22.414412
v -4.655499 8.040163 22.506451
v -4.703146 7.955079 22.238203
v -4.519705 8.070111 22.719948
v -4.866507 7.806352 22.605934
v -4.780062 8.132052 22.900324
v -4.797419 8.011574 22.689318
v -4.538764 8.004086 22.713482
v -5.018807 8.010894 22.763000
v -4.792994 7.732159 22.547228
v -5.101850 8.124565 22.302357
v -4.905645 8.095978 22.445339
v -5.087895 8.138179 22.636225
v -4.822603 8.012936 22.232927
v -4.752495 7.894498 22.622356
v -4.596961 8.268867 22.682341
v -4.745347 8.155876 22.588705
v -4.600365 8.163363 22.421814
v -4.803544 8.147709 22.778654
v -4.827369 7.911856 22.513241
v -5.011149 7.548377 23.015018
v -5.135117 7.515024 22.777294
v -4.866166 7.590919 22.676556
v -5.312665 7.399480 22.946272
v -5.186167 7.296741 22.522034
v -5.654043 7.443213 22.753471
v -5.362802 7.451382 22.664814
v -5.313814 7.356768 22.983707
v -5.508380 7.462101 22.403351
v -5.069178 7.230437 22.565351
v -5.035314 7.729775 22.237522
v -5.126609 7.556035 22.485287
v -5.407130 7.528808 22.307121
v -4.830771 7.578667 22.529734
v -5.188040 7.183281 22.636564
v -5.521142 7.531189 22.881609
v -5.327746 7.550930 22.729137
v -5.192549 7.503963 22.958862
v -5.513144 7.528468 22.573942
v -5.118951 7.385696 22.576836
v -5.397346 7.759386 22.286701
v -5.274267 7.646734 22.515102
v -5.558239 7.551270 22.578709
v -5.060839 7.711739 22.355278
v -5.154942 7.341282 22.672897
v -5.065943 7.580709 22.699867
v -5.060668 7.482352 22.952396
v -5.228965 7.302611 22.562033
v -5.198292 7.643671 22.992897
v -5.219393 7.641629 22.786312
v -5.400494 7.561991 22.848934
v -5.193315 7.492221 22.576452
v -5.617969 7.742369 22.638605
v -5.375819 7.724670 22.659538
v -5.440739 7.628696 22.903730
v -5.404068 7.760746 22.423687
v -5.140987 7.525575 22.658260
v -5.134521 7.814179 22.598576
v -5.304795 7.830515 22.360893
v -5.256701 7.487798 22.674683
v -5.398282 7.929213 22.437811
v -5.301296 7.849574 22.601852
v -5.506508 7.777763 22.656645
v -5.150091 7.897902 22.478798
v -5.207864 7.628016 22.715353
v -4.658222 7.730456 22.808096
v -4.900540 7.619848 22.925171
v -5.035483 7.682809 22.655199
v -4.682725 7.533402 23.103167
v -5.108571 7.292912 22.959885
v -4.896116 7.521320 23.443161
v -4.998386 7.509748 23.148430
v -4.630314 7.495114 23.103506
v -5.278895 7.442873 23.288651
v -5.044672 7.231310 22.840427
v -5.543264 7.711058 22.820007
v -5.225348 7.581729 22.910534
v -5.403216 7.493243 23.187229
v -5.189486 7.626314 22.615038
v -4.952611 7.195790 22.959885
v -4.787549 7.662390 23.317236
v -4.959759 7.644011 23.119501
v -4.702125 7.659327 22.987112
v -5.115889 7.569138 23.300900
v -5.077345 7.412582 22.897604
v -5.493236 7.752919 23.186890
v -5.217733 7.692338 23.064026
v -5.116738 7.596025 23.347187
v -5.411555 7.724330 22.848083
v -4.960779 7.389015 22.934700
v -4.946316 7.822348 22.621677
v -5.004172 7.674302 22.856422
v -5.313027 7.699486 22.739006
v -4.705187 7.635162 22.853359
v -5.066794 7.310653 23.004467
v -4.706889 7.830515 23.000044
v -4.927087 7.766872 23.015697
v -4.931512 7.816902 22.792099
v -4.833494 7.690297 23.196075
v -5.107890 7.533913 22.977243
v -5.108061 7.832558 23.417976
v -5.084492 7.822688 23.173615
v -4.794015 7.782527 23.241003
v -5.347019 7.794781 23.197439
v -5.031059 7.597385 22.928234
v -5.399132 8.047649 22.768616
v -5.180212 7.912196 22.933336
v -5.436484 7.858422 23.099081
v -5.036674 7.938742 22.708036
v -5.000428 7.556546 23.043608
v -4.820902 8.023827 23.344463
v -4.982222 8.006128 23.172253
v -4.757259 8.022465 23.045988
v -5.114357 7.937380 23.340380
v -5.094361 7.797843 22.977922
v -5.381775 7.993196 23.199480
v -5.184296 7.950994 23.102825
v -5.101169 7.880886 23.307707
v -5.332767 7.973456 22.949333
v -4.999238 7.730796 23.001745
v -5.007066 8.246406 22.793800
v -5.042631 8.132052 22.975878
v -5.283593 8.149070 22.893860
v -4.813415 8.104145 22.965672
v -5.083471 7.851616 23.091936
v -5.159196 8.153834 23.318598
v -5.113166 8.108910 23.152172
v -4.918579 8.138860 23.223303
v -5.292830 8.051734 23.153538
v -5.025955 7.919343 23.009914
v -4.801502 8.338977 22.478161
v -4.832474 8.162003 22.531170
v -4.846767 8.140902 22.321924
v -4.752834 8.209649 22.697994
v -4.799120 7.896541 22.585642
v -5.098105 8.367565 23.052795
v -5.106274 8.185825 23.053476
v -4.942061 8.217817 22.961246
v -5.220542 8.200119 23.181442
v -5.070368 7.932615 23.109972
v -4.750453 7.433854 22.675024
v -4.772233 7.436236 22.665325
v -4.790953 7.056082 22.675194
v -4.813415 7.056762 22.665154
v -4.769852 7.433003 22.688976
v -4.811033 7.055912 22.689657
v -4.750453 7.433854 22.675024
v -4.790953 7.056082 22.675194
v -5.074452 7.436407 22.963970
v -5.078365 7.437088 22.984390
v -5.061350 7.057272 22.930275
v -5.067135 7.057443 22.959885
v -5.058626 7.437088 22.977583
v -5.038547 7.057443 22.950014
v -5.074452 7.436407 22.963970
v -5.061350 7.057272 22.930275
v -5.047735 7.694722 23.017742
v -5.060839 7.694040 23.006512
v -5.183444 7.378550 22.576708
v -5.186593 7.371233 22.593769
v -5.174766 7.060421 22.555183
v -5.178509 7.057953 22.575348
v -5.169150 7.375232 22.588322
v -5.157835 7.059315 22.568926
v -5.183444 7.378550 22.576708
v -5.174766 7.060421 22.555183
v -5.037355 8.332850 22.377146
v -5.364503 8.182423 22.226120
v -5.093170 8.193314 22.098835
v -5.331491 8.831782 22.835152
v -5.372076 8.618052 23.204926
v -5.510932 8.545220 22.915642
v -5.295458 8.950219 22.553162
v -5.499192 8.859010 22.350174
v -5.288269 8.770522 22.388376
v -5.059308 8.869901 22.747856
v -4.790612 8.657531 22.751598
v -4.986305 8.671144 22.925852
v -5.602484 8.557472 22.996300
v -5.250512 8.637111 22.808092
v -5.336382 8.692926 23.121883
v -5.710200 8.341700 22.459633
v -5.431890 8.135455 22.131847
v -5.386625 8.134094 22.495251
v -5.918144 8.464901 22.477564
v -6.256098 8.294052 22.447380
v -6.034880 8.285204 22.257431
v -5.366417 8.287927 22.462440
v -5.787796 8.128650 22.508354
v -5.588018 8.171532 22.203831
v -4.730372 8.484640 22.582964
v -5.053862 8.350549 22.722160
v -4.972011 8.360078 22.444870
v -4.336605 8.347144 22.468525
v -4.621125 8.356674 22.346771
v -4.495882 8.249808 22.335878
v -4.470016 8.152472 22.141376
v -4.913814 7.543442 22.554886
v -4.925044 7.082458 22.565012
v -4.516983 8.343060 22.931976
v -4.523108 8.175615 22.911215
v -4.516983 8.343060 22.931976
v -4.530596 8.175615 22.915642
v -4.511537 7.539528 22.828344
v -4.576881 7.084585 22.798054
v -4.536041 7.539359 22.842468
v -4.605129 7.084499 22.814901
v -4.550335 7.881226 22.902367
v -4.536041 7.539359 22.842468
v -4.530596 8.175615 22.915642
v -4.550335 7.881226 22.902367
v -4.653797 7.540039 22.146143
v -4.716078 7.081861 22.193960
v -4.744667 7.081777 22.210638
v -4.685108 7.804989 22.099855
v -4.653797 7.540039 22.146143
v -4.663326 8.127969 22.043701
v -4.685108 7.804989 22.099855
v -4.663326 8.127969 22.043701
v -4.701445 7.804989 22.109385
v -4.455722 8.041524 22.378338
v -4.457764 7.900283 22.419346
v -4.469336 7.492561 22.553522
v -4.534679 7.088243 22.593639
v -4.457764 7.900283 22.419346
v -4.451638 7.686213 22.459465
v -5.991316 7.485415 22.412796
v -5.896023 7.067058 22.431854
v -6.067552 8.049691 22.416794
v -6.050535 7.733520 22.374849
v -5.916782 8.266146 22.909855
v -5.921207 8.098700 22.881609
v -5.864031 7.460229 22.791759
v -5.815022 7.064165 22.753471
v -5.892279 7.460570 22.790398
v -5.848376 7.064250 22.751598
v -5.864031 7.460229 22.791759
v -5.933799 7.803288 22.846891
v -5.892279 7.460570 22.790398
v -5.921207 8.098700 22.881609
v -5.933799 7.803288 22.846891
v -5.604866 7.485245 22.165882
v -5.596697 7.067568 22.191917
v -5.627838 7.485415 22.164520
v -5.629879 7.067568 22.190046
v -5.602313 7.754280 22.107344
v -5.604866 7.485245 22.165882
v -5.549050 8.079640 22.073992
v -5.602313 7.754280 22.107344
v -5.676847 7.419559 22.582581
v -5.665956 7.069099 22.605595
v -5.085854 8.044246 22.270025
v -5.074452 7.906751 22.290106
v -5.092489 7.381527 22.375275
v -5.093170 7.053359 22.416370
v -5.070539 7.381613 22.367701
v -5.067135 7.053359 22.407434
v -5.055223 7.663751 22.312227
v -5.070539 7.381613 22.367701
v -5.074452 7.906751 22.290106
v -5.055223 7.663751 22.312227
v -4.954144 7.965969 22.892498
v -4.962142 7.764491 22.897263
v -4.949549 8.196035 22.817114
v -4.948017 8.193994 22.831919
v -4.963502 8.481237 22.798395
v -4.963502 8.481237 22.798395
v -5.245853 8.528204 22.459080
v -5.244768 7.949633 22.545334
v -5.226200 8.260699 22.483692
v -5.261329 7.972095 23.189611
v -5.245300 8.215775 23.228069
v -5.229050 8.215775 23.222624
v -5.279381 8.511187 23.264824
v -5.279381 8.511187 23.264824
v -5.245236 7.997280 23.299541
v -5.254915 7.859444 23.278439
v -5.229389 7.334051 23.136860
v -5.235389 7.041107 23.077980
v -5.251894 7.334136 23.142303
v -5.261955 7.041107 23.084448
v -5.272112 7.616445 23.218540
v -4.772233 7.436236 22.665325
v -4.813415 7.056762 22.665154
v -4.769852 7.433003 22.688976
v -4.811033 7.055912 22.689657
v -5.078365 7.437088 22.984390
v -5.067135 7.057443 22.959885
v -5.058626 7.437088 22.977583
v -5.038547 7.057443 22.950014
v -5.064072 7.694722 23.023527
v -5.047735 7.694722 23.017742
v -5.100147 8.006809 23.059944
v -5.100147 8.006809 23.059944
v -5.186593 7.371233 22.593769
v -5.178509 7.057953 22.575348
v -5.169150 7.375232 22.588322
v -5.157835 7.059315 22.568926
vn -0.2176 0.5011 0.8376
vn 0.0224 0.6132 0.7896
vn -0.3442 0.6128 0.7113
vn -0.2393 0.3455 0.9074
vn 0.9938 0.0042 0.1115
vn 0.9973 0.0333 -0.0660
vn 0.9817 0.1881 -0.0299
vn 0.9681 0.0657 -0.2417
vn 0.9906 -0.1074 -0.0850
vn -0.2658 0.6242 0.7347
vn -0.1411 0.5611 0.8156
vn 0.0130 0.7612 0.6484
vn 0.0105 0.5070 0.8619
vn -0.2675 0.3468 0.8990
vn 0.6013 0.7906 0.1156
vn 0.5718 0.8173 -0.0713
vn 0.2713 0.9620 0.0312
vn 0.5017 0.8326 -0.2346
vn 0.7849 0.6073 -0.1231
vn 0.0706 0.6443 0.7615
vn 0.2008 0.7191 0.6652
vn 0.1620 0.8939 0.4180
vn -0.1817 0.5039 0.8445
vn 0.0058 0.5001 0.8659
vn -0.3709 0.8517 -0.3702
vn -0.5017 0.8317 -0.2379
vn -0.2552 0.9667 -0.0218
vn -0.5944 0.8001 -0.0814
vn -0.6578 0.6291 -0.4141
vn 0.0702 0.7229 0.6874
vn 0.2455 0.7307 0.6370
vn 0.1321 0.9122 0.3878
vn 0.3957 0.7360 0.5493
vn 0.3001 0.5079 0.8075
vn -0.5956 0.8023 0.0388
vn -0.5908 0.7766 0.2187
vn -0.2891 0.9359 0.2015
vn -0.5444 0.7426 0.3901
vn -0.8008 0.5641 0.2011
vn 0.4352 0.8440 -0.3136
vn 0.2804 0.8592 -0.4279
vn 0.1193 0.9840 -0.1327
vn 0.1113 0.8606 -0.4970
vn 0.4161 0.6592 -0.6264
vn 0.5470 0.7624 0.3457
vn 0.5930 0.7880 0.1655
vn 0.2903 0.9457 0.1459
vn 0.5920 0.8059 -0.0088
vn 0.7953 0.5731 0.1977
vn -0.3625 0.7378 0.5694
vn -0.2043 0.7261 0.6566
vn -0.0905 0.9084 0.4082
vn -0.0343 0.7112 0.7022
vn -0.3026 0.5038 0.8090
vn -0.1508 0.8653 -0.4780
vn -0.3270 0.8535 -0.4057
vn -0.1736 0.9792 -0.1053
vn -0.4753 0.8287 -0.2957
vn -0.4112 0.6544 -0.6346
vn 0.0912 0.7228 0.6850
vn 0.2662 0.7323 0.6267
vn 0.1420 0.9132 0.3819
vn 0.4148 0.7377 0.5327
vn 0.3286 0.5092 0.7955
vn -0.5978 0.7993 0.0617
vn -0.5861 0.7733 0.2417
vn -0.2873 0.9340 0.2125
vn -0.5323 0.7399 0.4113
vn -0.7948 0.5607 0.2323
vn 0.4175 0.8463 -0.3308
vn 0.2596 0.8601 -0.4391
vn 0.1094 0.9844 -0.1377
vn 0.0885 0.8613 -0.5004
vn 0.3879 0.6606 -0.6427
vn -0.0006 0.9993 -0.0385
vn -0.1056 0.9944 -0.0003
vn -0.1065 0.9943 0.0001
vn -0.2143 0.9760 0.0398
vn 0.5365 0.8074 0.2456
vn 0.5430 0.8360 0.0794
vn 0.2500 0.9562 0.1525
vn 0.4856 0.8719 -0.0629
vn 0.7506 0.6596 0.0383
vn -0.3613 0.7560 0.5458
vn -0.2510 0.8035 0.5398
vn -0.0897 0.8991 0.4284
vn 0.0094 0.8751 0.4839
vn -0.5033 0.5443 0.6711
vn -0.0091 0.8895 0.4568
vn 0.2280 0.7727 0.5924
vn 0.1005 0.8960 0.4325
vn 0.3181 0.7293 0.6057
vn 0.4064 0.4809 0.7769
vn -0.1760 0.9835 0.0426
vn -0.4515 0.8852 0.1122
vn -0.2237 0.9641 0.1431
vn -0.5303 0.8328 0.1587
vn -0.7642 0.6432 0.0484
vn 0.1020 0.9945 -0.0223
vn -0.0110 0.9996 -0.0274
vn -0.0120 0.9996 -0.0274
vn -0.1294 0.9911 -0.0323
vn 0.5913 0.7950 0.1356
vn 0.5431 0.8284 0.1369
vn 0.2846 0.9489 0.1362
vn 0.7821 0.6107 0.1241
vn -0.4776 0.7938 0.3765
vn -0.4050 0.7527 0.5190
vn -0.1686 0.9124 0.3731
vn -0.2848 0.7307 0.6204
vn -0.5858 0.5599 0.5859
vn 0.2599 0.9526 0.1584
vn 0.0358 0.7188 0.6943
vn 0.2000 0.7137 0.6713
vn 0.1096 0.8969 0.4285
vn 0.3348 0.7322 0.5931
vn 0.2377 0.5013 0.8320
vn -0.4231 0.8987 -0.1151
vn -0.5097 0.8600 0.0233
vn -0.2269 0.9621 0.1515
vn -0.5310 0.8281 0.1798
vn -0.7009 0.7052 -0.1066
vn 0.6397 0.6941 0.3303
vn 0.7156 0.6735 0.1853
vn 0.4831 0.8691 0.1057
vn 0.7321 0.6805 0.0293
vn 0.8507 0.4566 0.2604
vn 0.6140 0.7893 0.0055
vn 0.5853 0.8104 -0.0273
vn 0.3856 0.8958 -0.2210
vn 0.7468 0.6381 0.1873
vn -0.4100 0.8989 -0.1547
vn -0.3550 0.9349 0.0035
vn -0.0799 0.9810 -0.1769
vn -0.2442 0.9628 0.1155
vn -0.5718 0.8098 0.1312
vn 0.3035 0.6327 -0.7125
vn 0.1471 0.6267 -0.7653
vn 0.1248 0.8364 -0.5338
vn -0.0070 0.6510 -0.7590
vn 0.1788 0.3998 -0.8990
vn -0.3219 0.9465 0.0227
vn -0.2106 0.9656 0.1527
vn -0.0108 0.9933 -0.1147
vn -0.0629 0.9736 0.2194
vn -0.3829 0.8552 0.3494
vn -0.1005 0.6730 -0.7328
vn -0.2479 0.7068 -0.6625
vn -0.0513 0.8766 -0.4786
vn -0.3429 0.7598 -0.5524
vn -0.3713 0.5001 -0.7823
vn 0.8194 0.5382 -0.1972
vn 0.7986 0.6017 -0.0140
vn 0.8189 0.5445 -0.1817
vn 0.8103 0.4589 -0.3644
vn 0.1671 0.9570 0.2370
vn 0.3291 0.9193 0.2160
vn 0.2312 0.9681 -0.0961
vn 0.4599 0.8782 0.1315
vn 0.3657 0.8037 0.4693
vn -0.4213 0.8336 -0.3573
vn -0.3282 0.8972 -0.2955
vn -0.1191 0.9574 -0.2630
vn -0.1084 0.9828 -0.1495
vn -0.6609 0.6809 -0.3155
vn 0.4712 0.6515 -0.5947
vn 0.3498 0.6230 -0.6997
vn 0.2192 0.8326 -0.5087
vn 0.2036 0.6268 -0.7521
vn 0.4532 0.3999 -0.7967
vn -0.3073 0.9507 0.0414
vn -0.1925 0.9672 0.1658
vn -0.0038 0.9943 -0.1067
vn -0.0441 0.9731 0.2259
vn -0.3574 0.8589 0.3668
vn -0.1188 0.6774 -0.7260
vn -0.2632 0.7136 -0.6492
vn -0.0572 0.8806 -0.4705
vn -0.3550 0.7665 -0.5352
vn -0.3947 0.5074 -0.7660
vn 0.6083 0.7818 -0.1370
vn 0.6322 0.7205 -0.2851
vn 0.3573 0.8752 -0.3263
vn 0.5948 0.6781 -0.4318
vn 0.8171 0.5368 -0.2104
vn -0.5626 0.8049 -0.1889
vn -0.5863 0.8098 -0.0217
vn -0.2972 0.9537 -0.0465
vn -0.5459 0.8274 0.1314
vn -0.7848 0.6192 -0.0246
vn 0.4000 0.7443 -0.5349
vn 0.2881 0.6945 -0.6593
vn 0.0600 0.8744 -0.4814
vn 0.1426 0.6546 -0.7424
vn 0.4634 0.4740 -0.7487
vn 0.0593 0.9386 0.3399
vn 0.2266 0.9343 0.2750
vn 0.0505 0.9982 -0.0338
vn 0.3619 0.9153 0.1766
vn 0.3255 0.7811 0.5329
vn -0.5530 0.7127 -0.4316
vn -0.6131 0.7457 -0.2608
vn -0.3457 0.9001 -0.2651
vn -0.6026 0.7927 -0.0923
vn -0.7887 0.5547 -0.2650
vn 0.2439 0.9407 0.2360
vn 0.3892 0.9135 0.1189
vn 0.1194 0.9866 -0.1110
vn 0.4788 0.8772 -0.0348
vn 0.5619 0.7592 0.3284
vn -0.5833 0.8120 0.0225
vn -0.4844 0.8586 0.1677
vn -0.2737 0.9602 -0.0560
vn -0.3543 0.8990 0.2575
vn -0.6444 0.6952 0.3185
vn 0.0565 0.6464 -0.7609
vn -0.0530 0.5508 -0.8329
vn -0.0040 0.8512 -0.5248
vn -0.0651 0.3843 -0.9209
vn -0.2477 0.3541 -0.9018
vn 0.4774 0.8217 -0.3112
vn 0.4341 0.7597 -0.4841
vn 0.1304 0.9071 -0.4001
vn 0.3238 0.7104 -0.6249
vn 0.6559 0.5641 -0.5016
vn -0.1522 0.9179 0.3666
vn 0.0199 0.9342 0.3562
vn -0.0375 0.9992 0.0115
vn 0.1724 0.9335 0.3145
vn 0.0320 0.7795 0.6256
vn -0.4268 0.6726 -0.6045
vn -0.5439 0.6892 -0.4786
vn -0.3173 0.8708 -0.3754
vn -0.6116 0.7208 -0.3262
vn -0.6852 0.4776 -0.5500
vn 0.2612 0.9394 0.2219
vn 0.4027 0.9098 0.1003
vn 0.1258 0.9849 -0.1187
vn 0.4851 0.8725 -0.0580
vn 0.5812 0.7556 0.3022
vn -0.5744 0.8174 0.0445
vn -0.4694 0.8635 0.1847
vn -0.2655 0.9629 -0.0484
vn -0.3362 0.9026 0.2690
vn -0.6257 0.7007 0.3430
vn 0.0361 0.6440 -0.7642
vn -0.1194 0.6272 -0.7697
vn -0.1264 0.8413 -0.5256
vn -0.2726 0.6096 -0.7443
vn -0.0934 0.3837 -0.9187
vn 0.0094 0.8541 0.5200
vn 0.1736 0.8306 0.5291
vn 0.1865 0.9565 0.2242
vn 0.3249 0.7980 0.5075
vn 0.1219 0.6501 0.7500
vn 0.9633 0.0586 -0.2621
vn 0.9004 0.0907 -0.4255
vn 0.8900 0.2505 -0.3810
vn 0.8086 0.1191 -0.5762
vn 0.8936 -0.0572 -0.4452
vn 0.3948 -0.0103 -0.9187
vn 0.2260 0.0054 -0.9741
vn 0.2434 0.1704 -0.9548
vn 0.0487 0.0199 -0.9986
vn 0.2154 -0.1441 -0.9658
vn 0.6338 -0.0875 0.7686
vn 0.7608 -0.0915 0.6425
vn 0.7578 0.0647 0.6493
vn 0.8642 -0.0896 0.4951
vn 0.7398 -0.2293 0.6325
vn -0.2166 0.0267 0.9759
vn -0.2181 0.0268 0.9756
vn -0.2182 0.0268 0.9755
vn -0.2165 0.0267 0.9759
vn 0.9580 -0.0296 -0.2852
vn 0.9582 -0.0296 -0.2846
vn -0.7298 0.0041 -0.6837
vn -0.7280 0.0042 -0.6855
vn -0.7279 0.0042 -0.6856
vn -0.7298 0.0041 -0.6836
vn 0.9993 -0.0366 -0.0000
vn -0.5050 0.1244 -0.8541
vn -0.4782 -0.0467 0.8770
vn -0.5078 0.1288 -0.8518
vn -0.4964 0.1284 -0.8585
vn -0.4959 0.1284 -0.8588
vn -0.5083 0.1288 -0.8515
vn -0.4916 0.0220 0.8706
vn -0.4902 0.0217 0.8713
vn -0.4902 0.0216 0.8714
vn -0.4916 0.0220 0.8705
vn 0.9979 0.0655 0.0004
vn 0.9979 0.0655 -0.0000
vn -0.4830 -0.1705 0.8589
vn -0.4804 -0.1708 0.8602
vn -0.4803 -0.1708 0.8603
vn -0.4831 -0.1705 0.8588
vn 0.9993 -0.0370 -0.0000
vn -0.4899 -0.0061 0.8718
vn -0.4791 -0.0074 0.8777
vn -0.4786 -0.0075 0.8780
vn -0.4901 -0.0061 0.8717
vn 0.9909 -0.1347 -0.0000
vn 0.9909 -0.1349 -0.0009
vn 0.9909 -0.1349 -0.0010
vn -0.5038 -0.0215 -0.8636
vn -0.5054 -0.0213 -0.8626
vn -0.5055 -0.0213 -0.8626
vn -0.5037 -0.0215 -0.8636
vn -0.4889 0.1745 0.8547
vn 0.9931 0.1175 0.0008
vn 0.9931 0.1173 0.0001
vn 0.9931 0.1173 -0.0000
vn 0.9931 0.1175 0.0009
vn -0.4935 -0.2060 -0.8450
vn -0.4931 -0.2059 -0.8453
vn -0.4930 -0.2059 -0.8453
vn -0.4936 -0.2060 -0.8450
vn 0.9977 -0.0673 -0.0000
vn -0.5005 -0.1154 -0.8580
vn -0.4773 0.2289 0.8484
vn 0.9999 -0.0129 0.0054
vn -0.5061 -0.2337 -0.8302
vn -0.4718 -0.0112 -0.8816
vn -0.4757 -0.0107 -0.8795
vn -0.4759 -0.0106 -0.8794
vn -0.4717 -0.0112 -0.8817
vn -0.4636 0.1601 0.8715
vn -0.4863 0.1637 0.8583
vn -0.4873 0.1639 0.8577
vn -0.4627 0.1599 0.8719
vn 1.0000 -0.0000 -0.0000
vn 0.9996 0.0264 -0.0115
vn 0.9996 0.0265 -0.0112
vn -0.5041 -0.1731 -0.8461
vn -0.5019 -0.1732 -0.8474
vn -0.5018 -0.1732 -0.8475
vn -0.5042 -0.1731 -0.8461
vn 0.7692 -0.0309 0.6383
vn 0.8689 0.0027 0.4950
vn 0.8385 0.1539 0.5228
vn 0.9411 0.0406 0.3357
vn 0.8722 -0.1347 0.4702
vn -0.6192 0.6120 0.4920
vn -0.5599 0.5431 0.6258
vn -0.3360 0.7424 0.5796
vn -0.4599 0.4816 0.7460
vn -0.7144 0.3301 0.6170
vn 0.4465 0.7671 0.4607
vn 0.5257 0.7998 0.2898
vn 0.2197 0.9514 0.2159
vn 0.5570 0.8225 0.1156
vn 0.7296 0.5843 0.3553
vn -0.4898 0.7103 0.5055
vn -0.3493 0.7022 0.6204
vn -0.1999 0.8940 0.4010
vn -0.1911 0.6930 0.6952
vn -0.4672 0.4745 0.7461
vn -0.0959 0.8738 -0.4767
vn -0.2781 0.8543 -0.4391
vn -0.1899 0.9747 -0.1179
vn -0.4420 0.8212 -0.3610
vn -0.3133 0.6625 -0.6804
vn -0.3134 0.7003 0.6414
vn -0.1384 0.7041 0.6965
vn -0.0931 0.8965 0.4331
vn 0.0363 0.7067 0.7066
vn -0.1895 0.4741 0.8598
vn -0.5085 0.8199 -0.2630
vn -0.6048 0.7885 -0.1114
vn -0.3420 0.9385 0.0470
vn -0.6608 0.7485 0.0562
vn -0.7723 0.5837 -0.2507
vn 0.5455 0.8380 0.0143
vn 0.4798 0.8615 -0.1663
vn 0.1835 0.9830 -0.0037
vn 0.3764 0.8704 -0.3173
vn 0.7002 0.6627 -0.2656
vn 0.2731 0.7339 0.6220
vn 0.4117 0.7635 0.4975
vn 0.1718 0.9314 0.3209
vn 0.5082 0.7861 0.3519
vn 0.5604 0.5411 0.6270
vn -0.6082 0.7327 0.3053
vn -0.5245 0.7133 0.4648
vn -0.2902 0.8989 0.3284
vn -0.4079 0.6915 0.5963
vn -0.6931 0.4899 0.5288
vn 0.1460 0.8833 -0.4455
vn -0.0395 0.8749 -0.4827
vn -0.0761 0.9868 -0.1429
vn -0.2230 0.8520 -0.4736
vn 0.0140 0.6855 -0.7279
vn -0.2920 0.6995 0.6522
vn -0.1151 0.7045 0.7003
vn -0.0816 0.8968 0.4349
vn 0.0594 0.7083 0.7034
vn -0.1587 0.4745 0.8658
vn -0.5235 0.8166 -0.2433
vn -0.6127 0.7853 -0.0895
vn -0.3458 0.9365 0.0575
vn -0.6614 0.7459 0.0786
vn -0.7838 0.5803 -0.2211
vn 0.5405 0.8413 -0.0099
vn 0.4675 0.8640 -0.1870
vn 0.1760 0.9843 -0.0126
vn 0.3587 0.8718 -0.3337
vn 0.6857 0.6653 -0.2953
vn 0.1433 0.9518 -0.2713
vn -0.0132 0.9417 -0.3361
vn -0.0779 0.9968 -0.0156
vn -0.1738 0.9276 -0.3308
vn 0.0660 0.8155 -0.5750
vn 0.2596 0.8244 0.5030
vn 0.3513 0.8596 0.3709
vn 0.1343 0.9431 0.3043
vn 0.3862 0.8905 0.2404
vn 0.4888 0.7465 0.4514
vn -0.6353 0.7144 0.2932
vn -0.5948 0.6666 0.4493
vn -0.3007 0.8890 0.3453
vn -0.4839 0.6547 0.5807
vn -0.7817 0.3944 0.4831
vn 0.4197 0.8311 0.3648
vn 0.4600 0.8643 0.2033
vn 0.1479 0.9653 0.2151
vn 0.4305 0.9011 0.0516
vn 0.6843 0.7002 0.2037
vn -0.3630 0.6975 0.6178
vn -0.2163 0.6864 0.6944
vn -0.1444 0.8797 0.4530
vn -0.0606 0.7010 0.7106
vn -0.2832 0.4680 0.8371
vn -0.2606 0.9183 -0.2980
vn -0.4114 0.8798 -0.2381
vn -0.2544 0.9664 0.0360
vn -0.5199 0.8449 -0.1255
vn -0.4940 0.7363 -0.4625
vn 0.3139 0.9386 -0.1429
vn 0.1935 0.9453 -0.2625
vn 0.0167 0.9998 0.0121
vn 0.0428 0.9469 -0.3186
vn 0.3481 0.8173 -0.4592
vn 0.1555 0.7377 0.6570
vn 0.2980 0.7640 0.5722
vn 0.0858 0.9185 0.3859
vn 0.3866 0.8054 0.4493
vn 0.4333 0.5656 0.7016
vn -0.5969 0.7978 0.0853
vn -0.6153 0.7506 0.2408
vn -0.3364 0.9063 0.2559
vn -0.5715 0.7224 0.3893
vn -0.8049 0.5625 0.1891
vn 0.4259 0.8364 0.3450
vn 0.4586 0.8698 0.1819
vn 0.1456 0.9678 0.2055
vn 0.4235 0.9053 0.0311
vn 0.6853 0.7072 0.1739
vn -0.3453 0.6968 0.6287
vn -0.1960 0.6872 0.6996
vn -0.1353 0.8802 0.4549
vn -0.0404 0.7036 0.7094
vn -0.2553 0.4689 0.8456
vn -0.2806 0.9148 -0.2904
vn -0.4284 0.8752 -0.2250
vn -0.2624 0.9641 0.0417
vn -0.5320 0.8398 -0.1082
vn -0.5181 0.7307 -0.4445
vn 0.3591 0.6631 0.6568
vn 0.5025 0.6441 0.5767
vn 0.3535 0.8507 0.3890
vn 0.6024 0.6553 0.4557
vn 0.5715 0.4192 0.7054
vn 0.2177 0.8953 0.3886
vn 0.3735 0.8398 0.3940
vn 0.3494 0.9335 0.0807
vn 0.5133 0.7908 0.3334
vn 0.3456 0.6947 0.6308
vn -0.2465 0.9158 -0.3172
vn -0.2875 0.9454 -0.1537
vn 0.0427 0.9877 -0.1505
vn -0.2564 0.9666 0.0019
vn -0.5409 0.8233 -0.1717
vn 0.6530 0.6426 -0.4009
vn 0.6092 0.5681 -0.5533
vn 0.4854 0.8342 -0.2618
vn 0.6495 0.4199 -0.6339
vn 0.4912 0.4138 -0.7665
vn -0.2705 0.9554 -0.1181
vn -0.2492 0.9671 0.0519
vn 0.0647 0.9961 -0.0595
vn -0.1629 0.9684 0.1886
vn -0.5021 0.8570 0.1164
vn 0.3286 0.6964 -0.6380
vn 0.1671 0.7334 -0.6589
vn 0.2312 0.8914 -0.3898
vn 0.0271 0.7860 -0.6176
vn 0.1277 0.5339 -0.8359
vn 0.4203 0.9057 0.0552
vn 0.6646 0.7460 0.0431
vn 0.4821 0.8756 -0.0312
vn 0.7376 0.6751 0.0154
vn 0.8819 0.4431 0.1614
vn 0.1518 0.9868 0.0566
vn 0.2640 0.9075 0.3267
vn 0.2569 0.9625 0.0870
vn 0.3205 0.8589 0.3995
vn 0.2428 0.6990 0.6726
vn -0.1457 0.8572 -0.4940
vn -0.3137 0.8515 -0.4202
vn 0.1066 0.9346 -0.3394
vn -0.4650 0.7580 -0.4574
vn -0.5620 0.7825 -0.2679
vn 0.7288 0.6523 -0.2082
vn 0.6847 0.6313 -0.3643
vn 0.4723 0.8397 -0.2681
vn 0.5915 0.6410 -0.4891
vn 0.8222 0.4070 -0.3979
vn -0.2682 0.9585 -0.0969
vn -0.3408 0.9372 0.0744
vn 0.0335 0.9869 -0.1576
vn -0.4922 0.8582 0.1456
vn -0.4221 0.8369 0.3486
vn 0.3084 0.7013 -0.6427
vn 0.1469 0.7392 -0.6573
vn 0.2218 0.8937 -0.3900
vn 0.0093 0.7921 -0.6103
vn 0.0996 0.5424 -0.8342
vn 0.5899 0.7663 0.2545
vn 0.6919 0.7081 0.1406
vn 0.4855 0.8733 -0.0400
vn 0.7417 0.6707 -0.0054
vn 0.8036 0.5152 0.2979
vn -0.7404 0.6258 -0.2453
vn 0.6371 0.7461 -0.1934
vn 0.6119 0.7037 -0.3611
vn 0.3255 0.8857 -0.3310
vn 0.5360 0.6708 -0.5125
vn 0.8050 0.4801 -0.3484
vn -0.1268 0.9274 0.3519
vn 0.0391 0.9188 0.3927
vn 0.0721 0.9965 0.0417
vn 0.2153 0.8974 0.3851
vn -0.0001 0.7528 0.6582
vn -0.2149 0.7423 -0.6347
vn -0.3593 0.7724 -0.5237
vn -0.1315 0.9183 -0.3735
vn -0.4429 0.8143 -0.3752
vn -0.5058 0.5869 -0.6322
vn 0.0834 0.9250 0.3706
vn 0.2691 0.8965 0.3519
vn 0.1717 0.9850 0.0146
vn 0.4285 0.8618 0.2716
vn 0.2960 0.7306 0.6153
vn -0.4891 0.8296 -0.2692
vn -0.4868 0.8688 -0.0908
vn -0.1856 0.9700 -0.1571
vn -0.4268 0.9025 0.0580
vn -0.7055 0.7061 -0.0600
vn 0.4742 0.6656 -0.5763
vn 0.3504 0.6531 -0.6714
vn 0.2020 0.8605 -0.4677
vn 0.2107 0.6385 -0.7402
vn 0.4583 0.4123 -0.7874
vn 0.5789 0.8145 0.0377
vn 0.6376 0.7589 -0.1327
vn 0.3389 0.9139 -0.2235
vn 0.6222 0.7177 -0.3126
vn 0.8302 0.5565 -0.0331
vn -0.3198 0.9113 0.2594
vn -0.1694 0.9225 0.3469
vn -0.0262 0.9992 0.0303
vn -0.0181 0.9178 0.3965
vn -0.3097 0.7596 0.5719
vn -0.0145 0.7033 -0.7107
vn -0.1824 0.7200 -0.6695
vn -0.0480 0.8915 -0.4505
vn -0.3235 0.7493 -0.5779
vn -0.2630 0.5146 -0.8161
vn 0.1050 0.9236 0.3687
vn 0.2915 0.8930 0.3428
vn 0.1815 0.9833 0.0100
vn 0.4487 0.8568 0.2543
vn 0.3274 0.7267 0.6039
vn -0.4944 0.8338 -0.2458
vn -0.4836 0.8727 -0.0679
vn -0.1825 0.9723 -0.1459
vn -0.4182 0.9049 0.0787
vn -0.7038 0.7098 -0.0287
vn 0.4593 0.6646 -0.5894
vn 0.3324 0.6534 -0.6801
vn 0.1940 0.8606 -0.4709
vn 0.1906 0.6401 -0.7443
vn 0.4338 0.4131 -0.8008
vn -0.2687 0.8382 0.4745
vn -0.1378 0.8088 0.5717
vn 0.0427 0.9429 0.3302
vn -0.0001 0.7722 0.6354
vn -0.3046 0.6240 0.7196
vn 0.9486 0.0333 0.3148
vn 0.9867 0.0720 0.1454
vn 0.9558 0.2299 0.1833
vn 0.9938 0.1076 -0.0295
vn 0.9901 -0.0742 0.1191
vn 0.8356 0.0030 -0.5493
vn 0.7256 0.0262 -0.6877
vn 0.7317 0.1897 -0.6547
vn 0.5917 0.0467 -0.8048
vn 0.7108 -0.1234 -0.6925
vn 0.1039 -0.1299 0.9861
vn 0.2787 -0.1352 0.9508
vn 0.2746 0.0222 0.9613
vn 0.4460 -0.1319 0.8853
vn 0.2652 -0.2727 0.9248
vn -0.7138 -0.1313 0.6880
vn -0.7044 -0.1296 0.6978
vn -0.7041 -0.1295 0.6982
vn -0.7141 -0.1313 0.6876
vn 0.9349 0.2269 0.2729
vn 0.9414 0.2259 0.2503
vn 0.9417 0.2259 0.2494
vn 0.9346 0.2270 0.2738
vn -0.2337 -0.0961 -0.9676
vn -0.2359 -0.0968 -0.9669
vn -0.2360 -0.0968 -0.9669
vn -0.2335 -0.0961 -0.9676
vn -0.7061 -0.1164 0.6985
vn -0.2312 0.1157 -0.9660
vn -0.8786 -0.0568 0.4742
vn 0.8338 0.0500 0.5499
vn 0.8321 0.0498 0.5524
vn 0.8320 0.0498 0.5525
vn 0.8338 0.0500 0.5497
vn 0.0557 0.1034 -0.9931
vn 0.0495 0.1022 -0.9935
vn 0.0491 0.1021 -0.9936
vn 0.0560 0.1034 -0.9931
vn -0.8853 -0.1417 0.4429
vn -0.8868 -0.1413 0.4399
vn -0.8869 -0.1413 0.4397
vn -0.8852 -0.1417 0.4431
vn 0.0495 0.1683 -0.9845
vn -0.8822 -0.1784 0.4359
vn -0.8795 -0.1792 0.4409
vn -0.8793 -0.1793 0.4412
vn -0.8823 -0.1783 0.4357
vn -0.8907 -0.0147 0.4543
vn -0.8789 -0.0185 0.4766
vn -0.8784 -0.0187 0.4775
vn -0.8910 -0.0146 0.4539
vn 0.8346 0.0505 0.5485
vn 0.8345 0.0505 0.5487
vn 0.0563 -0.0611 -0.9965
vn 0.0585 -0.0610 -0.9964
vn 0.0586 -0.0610 -0.9964
vn 0.0562 -0.0612 -0.9965
vn -0.8918 0.0319 0.4513
vn -0.8918 0.0319 0.4512
vn 0.8290 0.1114 0.5481
vn 0.8260 0.1128 0.5523
vn 0.8258 0.1129 0.5526
vn 0.8291 0.1113 0.5479
vn 0.0561 -0.2126 -0.9755
vn 0.0529 -0.2128 -0.9757
vn 0.0527 -0.2128 -0.9757
vn 0.0563 -0.2125 -0.9755
vn 0.8323 -0.0800 0.5485
vn 0.0536 -0.1105 -0.9924
vn 0.8510 0.0691 0.5206
vn 0.8502 0.0692 0.5219
vn 0.8502 0.0693 0.5219
vn 0.0788 -0.0629 -0.9949
vn 0.0681 -0.0640 -0.9956
vn 0.0675 -0.0641 -0.9957
vn 0.0793 -0.0629 -0.9949
vn -0.8768 0.0045 0.4808
vn -0.8753 0.0046 0.4836
vn -0.8752 0.0046 0.4837
vn -0.8769 0.0045 0.4807
vn -0.9530 -0.0259 -0.3020
vn -0.9913 0.0082 -0.1317
vn -0.9727 0.1594 -0.1686
vn -0.9980 0.0455 0.0431
vn -0.9857 -0.1293 -0.1076
vn 0.3910 0.6107 -0.6885
vn 0.2864 0.5419 -0.7901
vn 0.0969 0.7424 -0.6630
vn 0.1480 0.4819 -0.8636
vn 0.4315 0.3284 -0.8402
vn -0.5835 0.7706 -0.2563
vn -0.6741 0.7324 -0.0963
vn -0.2802 0.9273 -0.2484
vn -0.8063 0.5890 -0.0538
vn -0.7891 0.5887 0.1754
vn 0.1341 0.4730 -0.8708
vn 0.3342 0.4846 -0.8083
vn 0.1546 0.4751 -0.8662
vn -0.0587 0.4433 -0.8945
vn 0.2721 0.8719 0.4071
vn 0.4269 0.8517 0.3039
vn 0.2249 0.9736 0.0394
vn 0.5492 0.8183 0.1695
vn 0.5494 0.6590 0.5137
vn -0.1711 0.4750 -0.8632
vn 0.0411 0.4765 -0.8782
vn -0.1455 0.4763 -0.8671
vn -0.3585 0.4547 -0.8153
vn 0.5739 0.8172 0.0534
vn 0.6058 0.7861 -0.1230
vn 0.3031 0.9375 -0.1707
vn 0.5945 0.7464 -0.2991
vn 0.8126 0.5800 -0.0573
vn -0.5066 0.8402 0.1935
vn -0.3782 0.8626 0.3361
vn -0.1646 0.9835 0.0746
vn -0.2257 0.8708 0.4367
vn -0.5458 0.6646 0.5103
vn -0.4829 0.7373 -0.4725
vn -0.5641 0.7676 -0.3043
vn -0.2739 0.9337 -0.2305
vn -0.5990 0.7897 -0.1327
vn -0.7524 0.5458 -0.3689
vn 0.3252 0.6304 -0.7049
vn 0.1573 0.6925 -0.7041
vn 0.0363 0.8733 -0.4858
vn 0.5908 0.5078 -0.6269
vn 0.4455 0.4894 -0.7497
vn 0.0367 0.8821 0.4697
vn 0.2225 0.8730 0.4340
vn 0.1291 0.9859 0.1067
vn 0.3889 0.8494 0.3567
vn 0.2642 0.6835 0.6804
vn 0.0286 0.7002 -0.7134
vn -0.1533 0.7058 -0.6916
vn -0.0837 0.8969 -0.4341
vn -0.3159 0.7106 -0.6287
vn -0.1761 0.4772 -0.8610
vn 0.5801 0.8140 0.0299
vn 0.6050 0.7827 -0.1464
vn 0.3027 0.9355 -0.1821
vn 0.5864 0.7437 -0.3210
vn 0.8122 0.5765 -0.0892
vn -0.4930 0.8433 0.2143
vn -0.3590 0.8647 0.3513
vn -0.1548 0.9846 0.0812
vn -0.2028 0.8718 0.4459
vn -0.5210 0.6671 0.5324
vn -0.9836 -0.0627 -0.1690
vn 0.6579 -0.0551 -0.7511
vn -0.9811 -0.0220 -0.1922
vn -0.9816 -0.0219 -0.1898
vn -0.9816 -0.0219 -0.1897
vn -0.9811 -0.0220 -0.1924
vn 0.3225 0.1170 0.9393
vn 0.3235 0.1169 0.9390
vn 0.3224 0.1170 0.9393
vn 0.6523 -0.0847 -0.7532
vn 0.6557 -0.0840 -0.7503
vn 0.6559 -0.0840 -0.7501
vn 0.6521 -0.0848 -0.7534
vn -0.9807 0.0392 -0.1918
vn -0.9792 0.0381 -0.1993
vn -0.9791 0.0381 -0.1997
vn -0.9807 0.0392 -0.1916
vn 0.6503 -0.1808 -0.7378
vn 0.6564 -0.1797 -0.7327
vn 0.6568 -0.1796 -0.7324
vn 0.6501 -0.1809 -0.7380
vn -0.9788 -0.0645 -0.1946
vn -0.9834 -0.0638 -0.1699
vn -0.9836 -0.0637 -0.1689
vn -0.9787 -0.0645 -0.1951
vn 0.6620 -0.0157 -0.7494
vn 0.6576 -0.0165 -0.7532
vn 0.6574 -0.0166 -0.7534
vn 0.6621 -0.0156 -0.7493
vn -0.9545 -0.0201 -0.2976
vn -0.9918 0.0145 -0.1267
vn -0.9724 0.1661 -0.1640
vn -0.9975 0.0515 0.0487
vn -0.9870 -0.1238 -0.1026
vn 0.3914 0.6066 -0.6920
vn 0.2863 0.5381 -0.7927
vn 0.1003 0.7391 -0.6661
vn 0.1476 0.4794 -0.8651
vn 0.4292 0.3252 -0.8427
vn -0.5799 0.7738 -0.2549
vn -0.5876 0.8063 -0.0677
vn -0.2754 0.9544 -0.1156
vn -0.5503 0.8284 0.1045
vn -0.8031 0.5937 -0.0507
vn 0.1698 0.8930 -0.4169
vn 0.0035 0.7615 -0.6481
vn 0.0418 0.8930 -0.4481
vn -0.0801 0.6937 -0.7158
vn -0.0602 0.4424 -0.8948
vn 0.2791 0.8706 0.4052
vn 0.4333 0.8495 0.3010
vn 0.2311 0.9722 0.0377
vn 0.5552 0.8150 0.1663
vn 0.5555 0.6564 0.5104
vn 0.0538 0.6994 -0.7127
vn -0.1294 0.7056 -0.6967
vn -0.0687 0.8972 -0.4362
vn -0.2952 0.7097 -0.6397
vn -0.1466 0.4758 -0.8673
vn 0.5796 0.8134 0.0499
vn 0.6104 0.7819 -0.1268
vn 0.3090 0.9352 -0.1732
vn 0.5981 0.7419 -0.3029
vn 0.8159 0.5749 -0.0619
vn -0.5017 0.8429 0.1944
vn -0.3718 0.8653 0.3363
vn -0.1586 0.9846 0.0731
vn -0.2187 0.8726 0.4368
vn -0.5400 0.6680 0.5120
vn -0.4815 0.7402 -0.4694
vn -0.5615 0.7700 -0.3031
vn -0.2711 0.9344 -0.2310
vn -0.5942 0.7932 -0.1332
vn -0.7503 0.5505 -0.3660
vn 0.4535 0.7277 -0.5145
vn 0.3161 0.7095 -0.6298
vn 0.1539 0.8968 -0.4148
vn 0.1586 0.6901 -0.7061
vn 0.4448 0.4854 -0.7527
vn 0.0438 0.8825 0.4684
vn 0.2296 0.8723 0.4318
vn 0.1355 0.9852 0.1052
vn 0.3957 0.8475 0.3538
vn 0.2712 0.6831 0.6781
vn 0.0312 0.6992 -0.7143
vn -0.1522 0.7070 -0.6906
vn -0.0797 0.8986 -0.4314
vn -0.3165 0.7118 -0.6271
vn -0.1774 0.4762 -0.8612
vn 0.5862 0.8097 0.0290
vn 0.6098 0.7784 -0.1493
vn 0.3094 0.9331 -0.1835
vn 0.5906 0.7385 -0.3253
vn 0.8157 0.5710 -0.0929
vn -0.4890 0.8455 0.2148
vn -0.3532 0.8669 0.3518
vn -0.1499 0.9854 0.0808
vn -0.1958 0.8731 0.4466
vn -0.5153 0.6705 0.5338
vn 0.2019 0.8957 0.3961
vn 0.2964 0.9243 0.2403
vn 0.2033 0.9786 -0.0317
vn -0.0138 0.8220 0.5693
vn 0.1662 0.8138 0.5570
vn -0.4912 0.7879 -0.3713
vn -0.5301 0.8213 -0.2106
vn -0.2295 0.9457 -0.2301
vn -0.5017 0.8629 -0.0611
vn -0.7396 0.6413 -0.2041
vn 0.4479 0.7469 -0.4914
vn 0.3370 0.7925 -0.5083
vn 0.1554 0.8879 -0.4331
vn 0.0688 0.8597 -0.5061
vn 0.6147 0.5344 -0.5802
vn -0.2392 0.9392 -0.2463
vn -0.3915 0.9200 0.0178
vn -0.2079 0.9677 -0.1424
vn -0.4079 0.9057 0.1156
vn -0.6326 0.7249 0.2726
vn 0.1067 0.6965 -0.7095
vn -0.0571 0.6867 -0.7247
vn -0.0296 0.8797 -0.4747
vn -0.2058 0.7035 -0.6803
vn -0.0519 0.4688 -0.8818
vn 0.3648 0.9143 0.1761
vn 0.4811 0.8744 0.0636
vn 0.2331 0.9638 -0.1297
vn 0.5380 0.8389 -0.0819
vn 0.6407 0.7296 0.2391
vn -0.2240 0.9416 0.2514
vn -0.0678 0.9461 0.3166
vn -0.0081 1.0000 -0.0048
vn 0.0925 0.9460 0.3106
vn -0.1370 0.8189 0.5573
vn -0.3863 0.7419 -0.5481
vn -0.4851 0.7692 -0.4158
vn -0.2163 0.9209 -0.3243
vn -0.5196 0.8110 -0.2689
vn -0.6617 0.5727 -0.4839
vn 0.5285 0.7926 -0.3039
vn 0.4855 0.7458 -0.4562
vn 0.2228 0.9045 -0.3637
vn 0.3875 0.7183 -0.5779
vn 0.6789 0.5551 -0.4806
vn -0.5159 0.8424 -0.1553
vn -0.4847 0.8747 0.0069
vn -0.2041 0.9698 -0.1335
vn -0.3946 0.9094 0.1315
vn -0.6920 0.7149 0.1001
vn 0.0867 0.6965 -0.7123
vn -0.0785 0.6888 -0.7207
vn -0.0395 0.8812 -0.4712
vn -0.2261 0.7062 -0.6709
vn -0.0812 0.4704 -0.8787
vn 0.3787 0.9110 0.1636
vn 0.4904 0.8703 0.0461
vn 0.2357 0.9621 -0.1373
vn 0.5415 0.8345 -0.1018
vn 0.6555 0.7238 0.2154
vn -0.5762 0.6702 -0.4677
vn -0.6771 0.6515 -0.3422
vn -0.4672 0.8549 -0.2257
vn -0.7217 0.6641 -0.1951
vn -0.7916 0.4300 -0.4341
vn -0.6143 0.7746 -0.1507
vn -0.5922 0.7978 -0.1130
vn -0.4347 0.8936 0.1118
vn -0.7074 0.6148 -0.3488
vn 0.3582 0.9119 0.2002
vn 0.3343 0.9419 0.0335
vn 0.0277 0.9873 0.1563
vn 0.2466 0.9641 -0.0984
vn 0.5746 0.8171 -0.0465
vn -0.4448 0.6473 0.6190
vn -0.4466 0.6428 0.6224
vn -0.3404 0.8381 0.4262
vn -0.5091 0.4160 0.7535
vn 0.0453 0.9851 0.1661
vn 0.1026 0.9852 -0.1371
vn -0.0254 0.9966 0.0785
vn 0.0896 0.9676 -0.2362
vn 0.2928 0.8360 -0.4641
vn -0.0536 0.6972 0.7149
vn -0.0225 0.7799 0.6255
vn -0.0566 0.8919 0.4486
vn 0.0453 0.9138 0.4037
vn 0.0456 0.4922 0.8693
vn -0.1501 0.9886 0.0063
vn -0.2588 0.9658 0.0182
vn -0.2600 0.9654 0.0183
vn -0.3694 0.9288 0.0304
vn 0.3326 0.8534 0.4013
vn 0.3741 0.8952 0.2423
vn 0.0530 0.9673 0.2478
vn 0.3453 0.9339 0.0921
vn 0.6127 0.7511 0.2460
vn -0.5874 0.6588 0.4701
vn -0.4873 0.6362 0.5981
vn -0.3253 0.8429 0.4286
vn -0.3531 0.6446 0.6781
vn -0.6040 0.4135 0.6813
vn 0.2951 0.9554 -0.0129
vn 0.2056 0.9657 -0.1585
vn -0.0343 0.9967 0.0733
vn 0.0704 0.9665 -0.2467
vn 0.4090 0.8540 -0.3216
vn -0.0339 0.7018 0.7116
vn 0.1223 0.7388 0.6628
vn -0.0486 0.8956 0.4422
vn 0.2333 0.7904 0.5664
vn 0.2319 0.5392 0.8096
vn -0.6352 0.7723 -0.0099
vn -0.6867 0.7145 0.1339
vn -0.4262 0.8769 0.2225
vn -0.6776 0.6768 0.2878
vn -0.8514 0.5236 0.0311
vn 0.5033 0.8224 0.2652
vn 0.5593 0.8222 0.1057
vn 0.2698 0.9604 0.0691
vn 0.5490 0.8341 -0.0532
vn 0.7557 0.6368 0.1531
vn -0.5084 0.7512 0.4210
vn -0.4213 0.7079 0.5669
vn -0.1662 0.8874 0.4299
vn -0.2936 0.6736 0.6783
vn -0.6070 0.4863 0.6285
vn -0.0069 0.9264 -0.3764
vn -0.1847 0.9204 -0.3447
vn -0.0720 0.9974 -0.0092
vn -0.3369 0.9011 -0.2728
vn -0.2297 0.7568 -0.6120
vn 0.4485 0.7376 0.5048
vn 0.4225 0.8098 0.4071
vn 0.2739 0.9152 0.2957
vn 0.3168 0.9335 0.1681
vn 0.6288 0.5386 0.5608
vn -0.2082 0.9274 -0.3107
vn -0.3727 0.9008 -0.2227
vn -0.1526 0.9869 0.0525
vn -0.4896 0.8675 -0.0880
vn -0.4998 0.7361 -0.4565
vn 0.5638 0.8236 0.0625
vn 0.4943 0.8634 -0.1014
vn 0.2425 0.9673 0.0747
vn 0.3827 0.8984 -0.2157
vn 0.6829 0.6988 -0.2130
vn -0.2120 0.6676 0.7137
vn -0.0614 0.6531 0.7548
vn 0.0004 0.8600 0.5104
vn 0.0941 0.6371 0.7650
vn -0.1194 0.4132 0.9028
vn -0.5416 0.8199 0.1854
vn -0.5316 0.7643 0.3651
vn -0.2208 0.9155 0.3362
vn -0.4498 0.7220 0.5258
vn -0.7488 0.5649 0.3466
vn 0.2075 0.9092 -0.3610
vn 0.0350 0.9224 -0.3848
vn 0.0241 0.9990 -0.0368
vn -0.1240 0.9195 -0.3730
vn 0.0775 0.7587 -0.6468
vn 0.2924 0.7001 0.6515
vn 0.4312 0.7150 0.5504
vn 0.2258 0.8884 0.3998
vn 0.5259 0.7435 0.4131
vn 0.5587 0.5089 0.6549
vn -0.2284 0.9266 -0.2989
vn -0.3899 0.8974 -0.2067
vn -0.1615 0.9851 0.0592
vn -0.4998 0.8636 -0.0658
vn -0.5239 0.7332 -0.4335
vn 0.5590 0.8283 0.0383
vn 0.4828 0.8673 -0.1214
vn 0.2368 0.9694 0.0645
vn 0.3674 0.9010 -0.2305
vn 0.6686 0.7036 -0.2404
vn -0.1923 0.6655 0.7212
vn -0.0415 0.6521 0.7570
vn 0.0082 0.8579 0.5138
vn 0.1131 0.6380 0.7617
vn -0.0913 0.4146 0.9054
vn 0.0741 0.8384 -0.5400
vn -0.0836 0.8106 -0.5796
vn -0.1574 0.9454 -0.2855
vn -0.2348 0.7760 -0.5854
vn 0.0127 0.6244 -0.7810
vn -0.9965 0.0458 0.0701
vn -0.9667 0.0848 0.2414
vn -0.9501 0.2443 0.1939
vn -0.9061 0.1189 0.4061
vn -0.9616 -0.0635 0.2671
vn -0.5629 0.0083 0.8265
vn -0.4091 0.0289 0.9120
vn -0.4254 0.1914 0.8845
vn -0.2416 0.0483 0.9692
vn -0.3952 -0.1192 0.9108
vn -0.4723 -0.1253 -0.8725
vn -0.6208 -0.1284 -0.7734
vn -0.6191 0.0274 -0.7848
vn -0.7504 -0.1244 -0.6492
vn -0.6000 -0.2653 -0.7547
vn 0.5865 -0.0045 0.8099
vn 0.5843 -0.0040 0.8116
vn 0.5840 -0.0040 0.8117
vn 0.5867 -0.0045 0.8098
vn -0.9944 -0.0423 0.0970
vn 0.5817 0.1252 0.8037
vn -0.9808 -0.0593 -0.1856
vn -0.9808 -0.0592 -0.1856
vn -0.9808 -0.0598 -0.1856
vn -0.9812 -0.0587 -0.1837
vn -0.9803 -0.0735 -0.1832
vn -0.9803 -0.0735 -0.1831
vn 0.6522 -0.1069 -0.7505
vn 0.6508 -0.0220 -0.7590
vn 0.6507 -0.0220 -0.7591
vn 0.6470 -0.1852 -0.7397
vn 0.6524 -0.1001 -0.7512
vn -0.9762 0.0954 -0.1947
vn -0.9815 -0.0106 -0.1913
vn -0.9812 0.0160 -0.1923
vn 0.3132 -0.1681 0.9347
vn 0.3152 -0.1266 0.9406
vn 0.3153 -0.1229 0.9410
vn -0.9782 -0.0895 -0.1874
vn 0.3167 -0.0810 0.9451
vn 0.6191 0.2134 -0.7557
vn -0.9792 -0.0354 -0.2000
vn 0.9229 -0.0256 0.3842
vn 0.9760 0.0077 0.2176
vn 0.9544 0.1589 0.2529
vn 0.9980 0.0455 0.0440
vn 0.9725 -0.1296 0.1934
vn -0.4504 0.6102 0.6518
vn -0.3546 0.5412 0.7625
vn -0.1568 0.7404 0.6536
vn -0.2227 0.4810 0.8479
vn -0.5025 0.3295 0.7994
vn 0.5671 0.7641 0.3075
vn 0.5929 0.7933 0.1380
vn 0.2694 0.9528 0.1397
vn 0.5749 0.8163 -0.0570
vn 0.8137 0.5732 0.0965
vn -0.3519 0.6429 0.6804
vn -0.1706 0.6336 0.7546
vn -0.0777 0.8939 0.4414
vn 0.0073 0.6338 0.7735
vn -0.2665 0.3126 0.9117
vn -0.2171 0.8967 -0.3857
vn -0.3788 0.8783 -0.2918
vn -0.2203 0.9736 -0.0592
vn -0.5048 0.8437 -0.1827
vn -0.4569 0.7419 -0.4907
vn -0.1140 0.7006 0.7044
vn 0.0694 0.7052 0.7056
vn 0.0344 0.8971 0.4404
vn 0.2392 0.7084 0.6641
vn 0.0693 0.4753 0.8771
vn -0.5764 0.8100 -0.1079
vn -0.6275 0.7753 0.0721
vn -0.3176 0.9373 0.1433
vn -0.6266 0.7399 0.2447
vn -0.8281 0.5598 -0.0304
vn 0.4124 0.8414 -0.3494
vn 0.2384 0.8931 -0.3816
vn 0.0760 0.9835 -0.1642
vn 0.6648 0.6967 -0.2696
vn 0.5257 0.7401 -0.4194
vn 0.4404 0.7371 0.5125
vn 0.5358 0.7669 0.3532
vn 0.2540 0.9331 0.2546
vn 0.5850 0.7894 0.1863
vn 0.7169 0.5458 0.4338
vn -0.3863 0.6306 0.6731
vn -0.2196 0.6926 0.6871
vn -0.0795 0.8735 0.4803
vn -0.6434 0.5079 0.5728
vn -0.5099 0.4896 0.7073
vn 0.0063 0.8823 -0.4707
vn -0.1829 0.8732 -0.4518
vn -0.1184 0.9861 -0.1164
vn -0.3562 0.8497 -0.3889
vn -0.2029 0.6831 -0.7016
vn -0.0904 0.7011 0.7073
vn 0.0627 0.6331 0.7716
vn -0.0865 0.8898 0.4480
vn 0.1006 0.4778 0.8727
vn 0.3161 0.4572 0.8313
vn -0.5762 0.8132 -0.0821
vn -0.6161 0.7822 0.0923
vn -0.3189 0.9352 0.1539
vn -0.6133 0.7428 0.2684
vn -0.8173 0.5760 0.0170
vn 0.5098 0.8433 -0.1701
vn 0.3883 0.8649 -0.3181
vn 0.1613 0.9846 -0.0675
vn 0.2412 0.8719 -0.4262
vn 0.5652 0.6677 -0.4844
vn 0.9615 -0.0639 0.2673
vn -0.7468 -0.0819 0.6600
vn -0.7465 -0.0773 0.6609
vn -0.7474 -0.0490 0.6626
vn 0.9607 -0.0238 0.2764
vn 0.9605 -0.0347 0.2761
vn 0.9605 0.0180 0.2777
vn 0.9584 -0.0750 0.2756
vn 0.9583 -0.0750 0.2756
vn -0.2319 0.1961 -0.9528
vn -0.2299 0.1963 -0.9532
vn -0.2298 0.1963 -0.9532
vn -0.2320 0.1961 -0.9528
vn -0.7162 -0.1115 0.6889
vn -0.7118 -0.1754 0.6801
vn -0.7126 -0.1671 0.6814
vn -0.7162 -0.1115 0.6890
vn -0.7064 -0.1823 0.6840
vn -0.7070 -0.1738 0.6855
vn 0.3753 0.7540 0.5392
vn -0.5126 0.7671 -0.3858
vn -0.5498 0.8059 -0.2197
vn -0.2466 0.9386 -0.2414
vn -0.5248 0.8487 -0.0662
vn -0.7585 0.6157 -0.2134
vn 0.4571 0.7343 -0.5019
vn 0.4315 0.6322 -0.6435
vn 0.2441 0.8957 -0.3717
vn 0.5018 0.4854 -0.7159
vn 0.3439 0.4297 -0.8349
vn 0.1096 0.6796 -0.7254
vn -0.0588 0.6716 -0.7386
vn -0.0341 0.8695 -0.4928
vn -0.2135 0.6844 -0.6972
vn -0.0514 0.4495 -0.8918
vn 0.3073 0.9241 -0.2272
vn 0.5346 0.7509 0.3876
vn -0.1257 0.8005 0.5860
vn -0.3267 0.7907 0.5178
vn -0.1514 0.8013 0.5788
vn 0.0627 0.7780 0.6251
vn -0.3996 0.7207 -0.5665
vn -0.4997 0.7528 -0.4285
vn -0.2303 0.9123 -0.3386
vn -0.5390 0.7949 -0.2785
vn -0.6735 0.5478 -0.4963
vn 0.5403 0.7816 -0.3117
vn 0.5818 0.6781 -0.4491
vn 0.2757 0.9210 -0.2753
vn 0.6885 0.5371 -0.4874
vn 0.5928 0.4693 -0.6545
vn -0.5739 0.8141 0.0889
vn -0.4160 0.8987 0.1385
vn -0.1776 0.9838 -0.0251
vn -0.7555 0.6511 -0.0723
vn -0.7172 0.6897 0.0996
vn 0.0878 0.6784 -0.7294
vn 0.0077 0.7492 -0.6623
vn -0.0436 0.8691 -0.4927
vn -0.1621 0.8626 -0.4792
vn 0.0959 0.4524 -0.8866
vn 0.1778 0.9829 -0.0475
vn 0.4666 0.8815 -0.0723
vn 0.2438 0.9593 -0.1428
vn 0.5607 0.8217 -0.1021
vn 0.7716 0.6338 0.0539
vn -0.5893 0.6477 -0.4829
vn -0.7213 0.5574 -0.4111
vn -0.4283 0.8395 -0.3344
vn -0.8002 0.4056 -0.4417
vn -0.8895 0.3782 -0.2563
vn -0.5688 0.7662 -0.2989
vn -0.6196 0.7756 -0.1207
vn -0.4611 0.8796 0.1170
vn -0.4103 0.7320 -0.5439
vn -0.5709 0.6769 -0.4646
vn 0.3691 0.9049 0.2118
vn 0.3415 0.9391 0.0378
vn 0.0227 0.9859 0.1655
vn 0.2529 0.9622 -0.1014
vn 0.5911 0.8054 -0.0440
vn -0.4614 0.6233 0.6313
vn -0.3599 0.5508 0.7531
vn -0.3608 0.8209 0.4427
vn -0.3652 0.4011 0.8401
vn -0.1660 0.3942 0.9039
vn 0.3144 0.9492 0.0090
vn 0.2248 0.9634 -0.1457
vn -0.0344 0.9958 0.0853
vn 0.0891 0.9651 -0.2461
vn 0.4426 0.8425 -0.3072
vn -0.0616 0.6739 0.7362
vn -0.0320 0.7659 0.6422
vn -0.0649 0.8806 0.4693
vn 0.0418 0.9048 0.4238
vn 0.0392 0.4707 0.8814
vn -0.8851 0.4272 0.1849
vn -0.4695 0.8294 -0.3029
vn -0.4626 0.8476 -0.2600
vn -0.3933 0.9189 0.0311
vn -0.4882 0.6812 -0.5456
vn 0.3399 0.8410 0.4209
vn 0.3799 0.8892 0.2552
vn 0.0477 0.9637 0.2626
vn 0.3532 0.9302 0.1000
vn 0.6254 0.7359 0.2595
vn -0.7310 0.4022 0.5513
vn -0.0418 0.6789 0.7330
vn 0.1158 0.7228 0.6813
vn -0.0582 0.8841 0.4636
vn 0.2292 0.7767 0.5867
vn 0.2256 0.5179 0.8252
vn -0.4869 0.5902 0.6439
vn -0.3104 0.6486 0.6949
vn -0.1158 0.8304 0.5450
vn -0.7177 0.5073 0.4770
vn -0.6183 0.4610 0.6366
vn -0.0114 0.9196 -0.3927
vn -0.1950 0.9136 -0.3568
vn -0.0821 0.9966 -0.0106
vn -0.3555 0.8896 -0.2868
vn -0.2387 0.7379 -0.6312
vn 0.4563 0.7195 0.5235
vn 0.5476 0.7548 0.3612
vn 0.2805 0.9078 0.3117
vn 0.5727 0.7975 0.1898
vn 0.7214 0.5616 0.4053
vn -0.2214 0.9196 -0.3245
vn -0.3905 0.8914 -0.2300
vn -0.1683 0.9842 0.0551
vn -0.5167 0.8511 -0.0934
vn -0.5179 0.7144 -0.4706
vn 0.5809 0.8111 0.0687
vn 0.5062 0.8566 -0.0997
vn 0.2484 0.9653 0.0809
vn 0.3936 0.8923 -0.2211
vn 0.6986 0.6829 -0.2136
vn -0.2242 0.6472 0.7286
vn -0.1277 0.5576 0.8202
vn -0.1234 0.8528 0.5074
vn -0.1266 0.3926 0.9109
vn 0.0577 0.3679 0.9281
vn -0.5630 0.8040 0.1910
vn -0.5503 0.7470 0.3731
vn -0.2369 0.9059 0.3511
vn -0.4711 0.6972 0.5404
vn -0.7666 0.5369 0.3522
vn 0.2117 0.9026 -0.3747
vn 0.0329 0.9174 -0.3965
vn 0.0192 0.9991 -0.0385
vn -0.1322 0.9117 -0.3889
vn 0.0782 0.7428 -0.6650
vn 0.2921 0.6802 0.6723
vn 0.4605 0.6191 0.6361
vn 0.1474 0.8511 0.5040
vn 0.5597 0.4901 0.6682
vn 0.6975 0.5090 0.5044
vn -0.2421 0.9186 -0.3124
vn -0.4082 0.8877 -0.2128
vn -0.1765 0.9822 0.0644
vn -0.5284 0.8462 -0.0693
vn -0.5439 0.7101 -0.4472
vn 0.5772 0.8154 0.0448
vn 0.4953 0.8605 -0.1189
vn 0.2421 0.9675 0.0723
vn 0.3788 0.8950 -0.2355
vn 0.6855 0.6869 -0.2414
vn -0.2048 0.6456 0.7357
vn -0.0492 0.6355 0.7705
vn 0.0013 0.8467 0.5320
vn 0.1098 0.6169 0.7793
vn -0.0985 0.3928 0.9143
vn 0.0762 0.8272 -0.5568
vn -0.0878 0.7990 -0.5949
vn -0.1685 0.9389 -0.3000
vn -0.2450 0.7553 -0.6079
vn 0.0121 0.6037 -0.7971
vn -0.9973 0.0355 0.0645
vn -0.9687 0.0729 0.2375
vn -0.9550 0.2250 0.1931
vn -0.9088 0.1091 0.4027
vn -0.9631 -0.0676 0.2604
vn -0.4688 -0.1177 -0.8754
vn -0.6167 -0.1249 -0.7772
vn -0.6159 0.0247 -0.7874
vn -0.7472 -0.1190 -0.6539
vn -0.5971 -0.2544 -0.7608
vn 0.4064 -0.0437 -0.9126
vn 0.4026 -0.0436 -0.9143
vn 0.4024 -0.0436 -0.9144
vn 0.4066 -0.0437 -0.9126
vn -0.9890 0.1082 0.1005
vn -0.9877 0.1072 0.1135
vn -0.9877 0.1071 0.1141
vn -0.9891 0.1082 0.0999
vn 0.5837 -0.0622 0.8096
vn 0.5845 -0.0624 0.8090
vn 0.5846 -0.0624 0.8090
vn -0.9814 -0.0167 -0.1915
vn -0.9821 -0.0172 -0.1878
vn -0.9821 -0.0173 -0.1876
vn -0.9813 -0.0167 -0.1916
vn 0.3259 -0.0513 0.9440
vn 0.3256 -0.0513 0.9441
vn 0.6513 0.0895 -0.7535
vn 0.6475 0.0892 -0.7568
vn 0.6473 0.0892 -0.7570
vn 0.6515 0.0895 -0.7534
vn 0.3295 -0.1596 0.9306
vn 0.3315 -0.1176 0.9361
vn 0.3316 -0.1136 0.9365
vn 0.3330 -0.0712 0.9402
vn 0.6304 0.2070 -0.7481
vn -0.9827 -0.0145 -0.1844
vn -0.9822 -0.0141 -0.1872
vn -0.9822 -0.0141 -0.1873
vn -0.9828 -0.0145 -0.1843
vn 0.2995 -0.0478 0.9529
vn 0.3073 -0.0479 0.9504
vn 0.3078 -0.0479 0.9503
vn 0.2992 -0.0478 0.9530
vn 0.6317 0.0695 -0.7721
vn 0.6384 0.0699 -0.7665
vn 0.6388 0.0699 -0.7662
vn 0.6314 0.0695 -0.7723
vn -0.2236 0.8885 -0.4006
vn -0.7916 0.5626 0.2383
vn 0.3867 0.6316 -0.6719
vn 0.5204 0.6678 0.5322
vn -0.3407 0.9051 -0.2542
vn 0.5439 0.8367 -0.0646
vn -0.3663 0.8065 -0.4641
vn -0.3617 0.9261 -0.1069
vn -0.4146 0.9054 -0.0913
vn 0.2755 0.7888 -0.5494
vn 0.4904 0.6355 -0.5964
vn 0.1379 0.7122 -0.6883
vn 0.2515 0.8785 -0.4062
vt 0.729004 -0.155762
vt 0.685547 -0.112488
vt 0.814453 -0.111450
vt 0.700195 -0.237915
vt 0.654297 -0.897461
vt 0.799316 -0.891113
vt 0.813965 -1.016602
vt 0.928223 -0.890137
vt 0.805176 -0.674805
vt 0.934082 -0.902344
vt 0.785156 -0.891113
vt 0.770508 -1.016602
vt 0.655273 -0.889160
vt 0.779297 -0.674805
vt 0.973145 -0.042542
vt 0.980469 -0.048920
vt 0.973145 -0.048920
vt 0.980469 -0.042542
vt 0.987305 -0.048920
vt 0.987305 -0.042542
vt 0.994629 -0.048920
vt 0.994629 -0.042542
vt 0.973145 -0.068115
vt 0.980469 -0.068115
vt 0.983887 -0.074524
vt 0.987305 -0.068115
vt 0.994629 -0.068115
vt 0.980469 -0.058533
vt 0.973145 -0.058533
vt 0.994629 -0.058533
vt 0.987305 -0.058533
vt 0.983887 -0.069397
vt 0.835449 -0.166016
vt 0.912109 -0.230957
vt 0.779785 -0.247437
vt 0.810547 -0.062500
vt 0.910156 -0.061676
vt 0.821777 -0.159790
vt 0.795410 -0.195801
vt 0.894043 -0.148071
vt 0.852539 -0.286865
s 1
g センター
g Grand_Narukami_Shrine_mesh.007_Material.038
usemtl Material.038
f 3/1/1 2/2/2 1/3/3
f 3/1/1 1/3/3 4/4/4
f 2/2/2 3/1/1 4/4/4
s 2
f 7/5/5 6/6/6 5/7/7
f 6/6/6 8/8/8 5/7/7
f 6/6/6 7/5/5 9/9/9
f 8/8/8 6/6/6 9/9/9
s 3
f 12/5/10 11/6/11 10/7/12
f 11/6/11 13/8/13 10/7/12
f 11/6/11 12/5/10 14/9/14
f 13/8/13 11/6/11 14/9/14
s 4
f 17/5/15 16/6/16 15/7/17
f 16/6/16 18/8/18 15/7/17
f 16/6/16 17/5/15 19/9/19
f 18/8/18 16/6/16 19/9/19
s 5
f 21/6/20 23/8/21 20/7/22
f 21/6/20 22/5/23 24/9/24
f 23/8/21 21/6/20 24/9/24
s 6
f 27/5/25 26/6/26 25/7/27
f 26/6/26 28/8/28 25/7/27
f 26/6/26 27/5/25 29/9/29
f 28/8/28 26/6/26 29/9/29
s 7
f 32/5/30 31/6/31 30/7/32
f 31/6/31 33/8/33 30/7/32
f 31/6/31 32/5/30 34/9/34
f 33/8/33 31/6/31 34/9/34
s 8
f 37/5/35 36/6/36 35/7/37
f 36/6/36 38/8/38 35/7/37
f 36/6/36 37/5/35 39/9/39
f 38/8/38 36/6/36 39/9/39
s 9
f 42/5/40 41/6/41 40/7/42
f 41/6/41 43/8/43 40/7/42
f 41/6/41 42/5/40 44/9/44
f 43/8/43 41/6/41 44/9/44
s 10
f 47/5/45 46/6/46 45/7/47
f 46/6/46 48/8/48 45/7/47
f 46/6/46 47/5/45 49/9/49
f 48/8/48 46/6/46 49/9/49
s 11
f 52/5/50 51/6/51 50/7/52
f 51/6/51 53/8/53 50/7/52
f 51/6/51 52/5/50 54/9/54
f 53/8/53 51/6/51 54/9/54
s 12
f 57/5/55 56/6/56 55/7/57
f 56/6/56 58/8/58 55/7/57
f 56/6/56 57/5/55 59/9/59
f 58/8/58 56/6/56 59/9/59
s 13
f 62/5/60 61/6/61 60/7/62
f 61/6/61 63/8/63 60/7/62
f 61/6/61 62/5/60 64/9/64
f 63/8/63 61/6/61 64/9/64
s 14
f 67/5/65 66/6/66 65/7/67
f 66/6/66 68/8/68 65/7/67
f 66/6/66 67/5/65 69/9/69
f 68/8/68 66/6/66 69/9/69
s 15
f 72/5/70 71/6/71 70/7/72
f 71/6/71 73/8/73 70/7/72
f 71/6/71 72/5/70 74/9/74
f 73/8/73 71/6/71 74/9/74
s 16
f 77/5/75 76/6/76 75/7/77
f 76/6/76 78/8/78 75/7/77
s 17
f 81/5/79 80/6/80 79/7/81
f 80/6/80 82/8/82 79/7/81
f 80/6/80 81/5/79 83/9/83
f 82/8/82 80/6/80 83/9/83
s 18
f 86/5/84 85/6/85 84/7/86
f 85/6/85 87/8/87 84/7/86
f 85/6/85 86/5/84 88/9/88
s 19
f 91/5/89 90/6/90 89/7/91
f 90/6/90 92/8/92 89/7/91
f 92/8/92 90/6/90 93/9/93
s 20
f 96/5/94 95/6/95 94/7/96
f 95/6/95 97/8/97 94/7/96
f 97/8/97 95/6/95 98/9/98
s 21
f 101/5/99 100/6/100 99/7/101
f 100/6/100 102/8/102 99/7/101
s 22
f 104/6/103 105/8/104 103/7/105
f 105/8/104 104/6/103 106/9/106
s 23
f 109/5/107 108/6/108 107/7/109
f 108/6/108 110/8/110 107/7/109
f 108/6/108 109/5/107 111/9/111
f 110/8/110 108/6/108 111/9/111
s 24
f 114/5/112 113/6/112 112/7/112
s 25
f 117/5/113 116/6/114 115/7/115
f 116/6/114 118/8/116 115/7/115
f 116/6/114 117/5/113 119/9/117
f 118/8/116 116/6/114 119/9/117
s 26
f 122/5/118 121/6/119 120/7/120
f 121/6/119 123/8/121 120/7/120
f 121/6/119 122/5/118 124/9/122
f 123/8/121 121/6/119 124/9/122
s 27
f 127/5/123 126/6/124 125/7/125
f 126/6/124 128/8/126 125/7/125
f 126/6/124 127/5/123 129/9/127
f 128/8/126 126/6/124 129/9/127
s 28
f 131/6/128 132/8/129 130/7/130
f 132/8/129 131/6/128 133/9/131
s 29
f 136/5/132 135/6/133 134/7/134
f 135/6/133 137/8/135 134/7/134
f 135/6/133 136/5/132 138/9/136
f 137/8/135 135/6/133 138/9/136
s 30
f 141/5/137 140/6/138 139/7/139
f 140/6/138 142/8/140 139/7/139
f 140/6/138 141/5/137 143/9/141
f 142/8/140 140/6/138 143/9/141
s 31
f 146/5/142 145/6/143 144/7/144
f 145/6/143 147/8/145 144/7/144
f 145/6/143 146/5/142 148/9/146
f 147/8/145 145/6/143 148/9/146
s 32
f 151/5/147 150/6/148 149/7/149
f 150/6/148 152/8/150 149/7/149
f 150/6/148 151/5/147 153/9/151
f 152/8/150 150/6/148 153/9/151
s 33
f 154/6/152 155/5/153 157/9/154
f 156/8/155 154/6/152 157/9/154
s 34
f 160/5/156 159/6/157 158/7/158
f 159/6/157 161/8/159 158/7/158
f 159/6/157 160/5/156 162/9/160
f 161/8/159 159/6/157 162/9/160
s 35
f 165/5/161 164/6/162 163/7/163
f 164/6/162 166/8/164 163/7/163
f 164/6/162 165/5/161 167/9/165
s 36
f 170/5/166 169/6/167 168/7/168
f 169/6/167 171/8/169 168/7/168
f 169/6/167 170/5/166 172/9/170
f 171/8/169 169/6/167 172/9/170
s 37
f 175/5/171 174/6/172 173/7/173
f 174/6/172 176/8/174 173/7/173
f 174/6/172 175/5/171 177/9/175
f 176/8/174 174/6/172 177/9/175
s 38
f 180/5/176 179/6/177 178/7/178
f 179/6/177 181/8/179 178/7/178
f 179/6/177 180/5/176 182/9/180
f 181/8/179 179/6/177 182/9/180
s 39
f 185/5/181 184/6/182 183/7/183
f 184/6/182 186/8/184 183/7/183
f 184/6/182 185/5/181 187/9/185
f 186/8/184 184/6/182 187/9/185
s 40
f 190/5/186 189/6/187 188/7/188
f 189/6/187 191/8/189 188/7/188
f 189/6/187 190/5/186 192/9/190
f 191/8/189 189/6/187 192/9/190
s 41
f 195/5/191 194/6/192 193/7/193
f 194/6/192 196/8/194 193/7/193
f 194/6/192 195/5/191 197/9/195
f 196/8/194 194/6/192 197/9/195
s 42
f 200/5/196 199/6/197 198/7/198
f 199/6/197 201/8/199 198/7/198
f 199/6/197 200/5/196 202/9/200
f 201/8/199 199/6/197 202/9/200
s 43
f 205/5/201 204/6/202 203/7/203
f 204/6/202 206/8/204 203/7/203
f 204/6/202 205/5/201 207/9/205
f 206/8/204 204/6/202 207/9/205
s 44
f 210/5/206 209/6/207 208/7/208
f 209/6/207 211/8/209 208/7/208
f 209/6/207 210/5/206 212/9/210
f 211/8/209 209/6/207 212/9/210
s 45
f 215/5/211 214/6/212 213/7/213
f 214/6/212 216/8/214 213/7/213
f 214/6/212 215/5/211 217/9/215
f 216/8/214 214/6/212 217/9/215
s 46
f 220/5/216 219/6/217 218/7/218
f 219/6/217 220/5/216 222/9/219
f 221/8/220 219/6/217 222/9/219
s 47
f 225/5/221 224/6/222 223/7/223
f 224/6/222 226/8/224 223/7/223
f 224/6/222 225/5/221 227/9/225
f 226/8/224 224/6/222 227/9/225
s 48
f 230/5/226 229/6/227 228/7/228
f 229/6/227 231/8/229 228/7/228
f 229/6/227 230/5/226 232/9/230
f 231/8/229 229/6/227 232/9/230
s 49
f 235/5/231 234/6/232 233/7/233
f 234/6/232 236/8/234 233/7/233
f 234/6/232 235/5/231 237/9/235
f 236/8/234 234/6/232 237/9/235
s 50
f 240/5/236 239/6/237 238/7/238
f 239/6/237 241/8/239 238/7/238
f 239/6/237 240/5/236 242/9/240
f 241/8/239 239/6/237 242/9/240
s 51
f 245/5/241 244/6/242 243/7/243
f 244/6/242 246/8/244 243/7/243
f 244/6/242 245/5/241 247/9/245
f 246/8/244 244/6/242 247/9/245
s 52
f 250/5/246 249/6/247 248/7/248
f 249/6/247 251/8/249 248/7/248
f 249/6/247 250/5/246 252/9/250
f 251/8/249 249/6/247 252/9/250
s 53
f 255/5/251 254/6/252 253/7/253
f 254/6/252 256/8/254 253/7/253
f 254/6/252 255/5/251 257/9/255
f 256/8/254 254/6/252 257/9/255
s 54
f 260/10/256 259/11/257 258/12/258
f 259/11/257 261/13/259 258/12/258
f 259/11/257 260/10/256 262/14/260
f 261/13/259 259/11/257 262/14/260
s 55
f 265/5/261 264/6/262 263/7/263
f 264/6/262 266/8/264 263/7/263
f 264/6/262 265/5/261 267/9/265
f 266/8/264 264/6/262 267/9/265
s 56
f 270/5/266 269/6/267 268/7/268
f 269/6/267 271/8/269 268/7/268
f 269/6/267 270/5/266 272/9/270
f 271/8/269 269/6/267 272/9/270
s 57
f 275/15/271 274/16/272 273/17/273
f 275/15/271 276/18/274 274/16/272
s 58
f 1385/18/275 277/19/276 1384/16/276
f 1385/18/275 278/20/275 277/19/276
s 59
f 281/20/277 280/21/278 279/19/279
f 281/20/277 282/22/280 280/21/278
s 60
f 285/23/281 284/24/281 283/25/281
s 61
f 1387/24/282 286/26/282 1386/25/282
s 62
f 1389/26/283 287/27/283 1388/25/283
s 63
f 1391/18/284 288/19/285 1390/16/286
f 1391/18/284 289/20/287 288/19/285
s 64
f 1393/20/288 290/21/289 1392/19/290
f 1393/20/288 291/22/291 290/21/289
s 65
f 294/17/292 293/28/293 292/29/293
f 294/17/292 295/16/292 293/28/293
s 66
f 1395/19/294 296/30/295 1394/31/296
f 1395/19/294 297/21/297 296/30/295
s 67
f 300/29/298 299/24/298 298/23/298
f 300/29/298 301/28/298 299/24/298
s 68
f 1397/31/299 302/27/300 1396/26/301
f 1397/31/299 303/30/302 302/27/300
s 69
f 306/15/303 305/16/304 304/17/305
f 306/15/303 307/18/303 305/16/304
s 70
f 1399/18/306 308/19/307 1398/16/308
f 1399/18/306 309/20/309 308/19/307
s 71
f 1400/20/310 311/22/310 310/21/310
s 72
f 314/17/311 313/28/312 312/29/313
f 314/17/311 315/16/314 313/28/312
s 73
f 1402/16/315 316/31/316 1401/28/317
f 1402/16/315 317/19/318 316/31/316
s 74
f 320/29/319 319/28/319 318/32/319
s 75
f 1404/28/320 321/31/320 1403/32/320
s 76
f 1406/31/321 322/30/321 1405/32/321
s 77
f 325/23/322 324/24/322 323/25/322
s 78
f 1408/24/323 326/26/323 1407/25/323
s 79
f 329/18/324 328/19/325 327/16/326
f 329/18/324 330/20/327 328/19/325
s 80
f 1410/20/328 331/21/329 1409/19/330
f 1410/20/328 332/22/331 331/21/329
s 81
f 335/17/332 334/28/332 333/29/332
f 335/17/332 336/16/332 334/28/332
s 82
f 339/29/333 338/24/334 337/23/334
f 339/29/333 340/28/333 338/24/334
s 83
f 1412/28/335 341/26/336 1411/24/337
f 1412/28/335 342/31/338 341/26/336
s 84
f 345/5/339 344/6/340 343/7/341
f 344/6/340 346/8/342 343/7/341
f 344/6/340 345/5/339 347/9/343
f 346/8/342 344/6/340 347/9/343
s 85
f 350/5/344 349/6/345 348/7/346
f 349/6/345 351/8/347 348/7/346
f 349/6/345 350/5/344 352/9/348
f 351/8/347 349/6/345 352/9/348
s 86
f 355/5/349 354/6/350 353/7/351
f 354/6/350 356/8/352 353/7/351
f 354/6/350 355/5/349 357/9/353
f 356/8/352 354/6/350 357/9/353
s 87
f 360/5/354 359/6/355 358/7/356
f 359/6/355 361/8/357 358/7/356
f 359/6/355 360/5/354 362/9/358
f 361/8/357 359/6/355 362/9/358
s 88
f 365/5/359 364/6/360 363/7/361
f 364/6/360 366/8/362 363/7/361
f 364/6/360 365/5/359 367/9/363
f 366/8/362 364/6/360 367/9/363
s 89
f 370/5/364 369/6/365 368/7/366
f 369/6/365 371/8/367 368/7/366
f 369/6/365 370/5/364 372/9/368
f 371/8/367 369/6/365 372/9/368
s 90
f 375/5/369 374/6/370 373/7/371
f 374/6/370 376/8/372 373/7/371
f 374/6/370 375/5/369 377/9/373
f 376/8/372 374/6/370 377/9/373
s 91
f 380/5/374 379/6/375 378/7/376
f 379/6/375 381/8/377 378/7/376
f 379/6/375 380/5/374 382/9/378
f 381/8/377 379/6/375 382/9/378
s 92
f 385/5/379 384/6/380 383/7/381
f 384/6/380 386/8/382 383/7/381
f 384/6/380 385/5/379 387/9/383
f 386/8/382 384/6/380 387/9/383
s 93
f 390/5/384 389/6/385 388/7/386
f 389/6/385 391/8/387 388/7/386
f 389/6/385 390/5/384 392/9/388
f 391/8/387 389/6/385 392/9/388
s 94
f 395/5/389 394/6/390 393/7/391
f 394/6/390 396/8/392 393/7/391
f 394/6/390 395/5/389 397/9/393
f 396/8/392 394/6/390 397/9/393
s 95
f 400/5/394 399/6/395 398/7/396
f 399/6/395 401/8/397 398/7/396
f 399/6/395 400/5/394 402/9/398
f 401/8/397 399/6/395 402/9/398
s 96
f 405/5/399 404/6/400 403/7/401
f 404/6/400 406/8/402 403/7/401
f 404/6/400 405/5/399 407/9/403
f 406/8/402 404/6/400 407/9/403
s 97
f 410/5/404 409/6/405 408/7/406
f 409/6/405 411/8/407 408/7/406
f 409/6/405 410/5/404 412/9/408
f 411/8/407 409/6/405 412/9/408
s 98
f 415/5/409 414/6/410 413/7/411
f 414/6/410 416/8/412 413/7/411
f 414/6/410 415/5/409 417/9/413
f 416/8/412 414/6/410 417/9/413
s 99
f 420/5/414 419/6/415 418/7/416
f 419/6/415 421/8/417 418/7/416
f 419/6/415 420/5/414 422/9/418
f 421/8/417 419/6/415 422/9/418
s 100
f 425/5/419 424/6/420 423/7/421
f 424/6/420 426/8/422 423/7/421
f 424/6/420 425/5/419 427/9/423
f 426/8/422 424/6/420 427/9/423
s 101
f 430/5/424 429/6/425 428/7/426
f 429/6/425 431/8/427 428/7/426
f 429/6/425 430/5/424 432/9/428
f 431/8/427 429/6/425 432/9/428
s 102
f 435/5/429 434/6/430 433/7/431
f 434/6/430 436/8/432 433/7/431
f 434/6/430 435/5/429 437/9/433
f 436/8/432 434/6/430 437/9/433
s 103
f 440/5/434 439/6/435 438/7/436
f 439/6/435 441/8/437 438/7/436
f 439/6/435 440/5/434 442/9/438
f 441/8/437 439/6/435 442/9/438
s 104
f 445/5/439 444/6/440 443/7/441
f 444/6/440 446/8/442 443/7/441
f 444/6/440 445/5/439 447/9/443
f 446/8/442 444/6/440 447/9/443
s 105
f 450/5/444 449/6/445 448/7/446
f 449/6/445 451/8/447 448/7/446
f 449/6/445 450/5/444 452/9/448
f 451/8/447 449/6/445 452/9/448
s 106
f 455/5/449 454/6/450 453/7/451
f 454/6/450 456/8/452 453/7/451
f 454/6/450 455/5/449 457/9/453
f 456/8/452 454/6/450 457/9/453
s 107
f 460/5/454 459/6/455 458/7/456
f 459/6/455 461/8/457 458/7/456
f 459/6/455 460/5/454 462/9/458
f 461/8/457 459/6/455 462/9/458
s 108
f 465/5/459 464/6/460 463/7/461
f 464/6/460 466/8/462 463/7/461
f 464/6/460 465/5/459 467/9/463
f 466/8/462 464/6/460 467/9/463
s 109
f 470/5/464 469/6/465 468/7/466
f 469/6/465 471/8/467 468/7/466
f 469/6/465 470/5/464 472/9/468
f 471/8/467 469/6/465 472/9/468
s 110
f 475/5/469 474/6/470 473/7/471
f 474/6/470 476/8/472 473/7/471
f 474/6/470 475/5/469 477/9/473
f 476/8/472 474/6/470 477/9/473
s 111
f 480/5/474 479/6/475 478/7/476
f 479/6/475 481/8/477 478/7/476
f 479/6/475 480/5/474 482/9/478
f 481/8/477 479/6/475 482/9/478
s 112
f 485/5/479 484/6/480 483/7/481
f 484/6/480 486/8/482 483/7/481
f 484/6/480 485/5/479 487/9/483
f 486/8/482 484/6/480 487/9/483
s 113
f 490/5/484 489/6/485 488/7/486
f 489/6/485 490/5/484 492/9/487
f 491/8/488 489/6/485 492/9/487
s 114
f 495/5/489 494/6/490 493/7/491
f 494/6/490 496/8/492 493/7/491
f 494/6/490 495/5/489 497/9/493
f 496/8/492 494/6/490 497/9/493
s 115
f 500/5/494 499/6/495 498/7/496
f 499/6/495 501/8/497 498/7/496
f 499/6/495 500/5/494 502/9/498
f 501/8/497 499/6/495 502/9/498
s 116
f 505/5/499 504/6/500 503/7/501
f 504/6/500 506/8/502 503/7/501
f 506/8/502 504/6/500 507/9/503
s 117
f 510/5/504 509/6/505 508/7/506
f 509/6/505 511/8/507 508/7/506
f 511/8/507 509/6/505 512/9/508
s 118
f 515/5/509 514/6/510 513/7/511
f 514/6/510 515/5/509 517/9/512
f 516/8/513 514/6/510 517/9/512
s 119
f 520/5/514 519/6/515 518/7/516
f 519/6/515 521/8/517 518/7/516
f 519/6/515 520/5/514 522/9/518
f 521/8/517 519/6/515 522/9/518
s 120
f 525/5/519 524/6/520 523/7/521
f 524/6/520 525/5/519 527/9/522
f 526/8/523 524/6/520 527/9/522
s 121
f 530/5/524 529/6/525 528/7/526
f 529/6/525 531/8/527 528/7/526
f 529/6/525 530/5/524 532/9/528
f 531/8/527 529/6/525 532/9/528
s 122
f 535/5/529 534/6/530 533/7/531
f 534/6/530 536/8/532 533/7/531
f 534/6/530 535/5/529 537/9/533
f 536/8/532 534/6/530 537/9/533
s 123
f 539/8/534 538/6/534 540/9/534
s 124
f 543/5/535 542/6/536 541/7/537
f 542/6/536 544/8/538 541/7/537
f 542/6/536 543/5/535 545/9/539
f 544/8/538 542/6/536 545/9/539
s 125
f 548/5/540 547/6/541 546/7/542
f 547/6/541 549/8/543 546/7/542
f 547/6/541 548/5/540 550/9/544
f 549/8/543 547/6/541 550/9/544
s 126
f 553/5/545 552/6/546 551/7/547
f 552/6/546 554/8/548 551/7/547
f 552/6/546 553/5/545 555/9/549
f 554/8/548 552/6/546 555/9/549
s 127
f 558/5/550 557/6/551 556/7/552
f 557/6/551 559/8/553 556/7/552
f 557/6/551 558/5/550 560/9/554
f 559/8/553 557/6/551 560/9/554
s 128
f 563/5/555 562/6/556 561/7/557
f 562/6/556 564/8/558 561/7/557
f 562/6/556 563/5/555 565/9/559
f 564/8/558 562/6/556 565/9/559
s 129
f 568/5/560 567/6/561 566/7/562
f 567/6/561 569/8/563 566/7/562
f 567/6/561 568/5/560 570/9/564
f 569/8/563 567/6/561 570/9/564
s 130
f 573/5/565 572/6/566 571/7/567
f 572/6/566 574/8/568 571/7/567
f 572/6/566 573/5/565 575/9/569
f 574/8/568 572/6/566 575/9/569
s 131
f 578/5/570 577/6/571 576/7/572
f 577/6/571 579/8/573 576/7/572
f 577/6/571 578/5/570 580/9/574
f 579/8/573 577/6/571 580/9/574
s 132
f 583/5/575 582/6/576 581/7/577
f 582/6/576 584/8/578 581/7/577
f 582/6/576 583/5/575 585/9/579
f 584/8/578 582/6/576 585/9/579
s 133
f 588/5/580 587/6/581 586/7/582
f 587/6/581 589/8/583 586/7/582
f 587/6/581 588/5/580 590/9/584
f 589/8/583 587/6/581 590/9/584
s 134
f 593/5/585 592/6/586 591/7/587
f 592/6/586 594/8/588 591/7/587
f 592/6/586 593/5/585 595/9/589
f 594/8/588 592/6/586 595/9/589
s 135
f 598/5/590 597/6/591 596/7/592
f 597/6/591 599/8/593 596/7/592
f 597/6/591 598/5/590 600/9/594
f 599/8/593 597/6/591 600/9/594
s 136
f 603/5/595 602/6/596 601/7/597
f 602/6/596 604/8/598 601/7/597
f 602/6/596 603/5/595 605/9/599
f 604/8/598 602/6/596 605/9/599
s 137
f 608/10/600 607/11/601 606/12/602
f 607/11/601 609/13/603 606/12/602
f 607/11/601 608/10/600 610/14/604
f 609/13/603 607/11/601 610/14/604
s 138
f 613/5/605 612/6/606 611/7/607
f 612/6/606 614/8/608 611/7/607
f 612/6/606 613/5/605 615/9/609
f 614/8/608 612/6/606 615/9/609
s 139
f 618/5/610 617/6/611 616/7/612
f 617/6/611 619/8/613 616/7/612
f 617/6/611 618/5/610 620/9/614
f 619/8/613 617/6/611 620/9/614
s 140
f 623/15/615 622/16/616 621/17/617
f 623/15/615 624/18/618 622/16/616
s 141
f 1414/18/619 625/19/620 1413/16/621
f 1414/18/619 626/20/622 625/19/620
s 142
f 629/20/623 628/21/624 627/19/625
f 629/20/623 630/22/626 628/21/624
s 143
f 632/17/627 633/16/627 631/28/627
s 144
f 1416/31/628 634/30/628 1415/32/628
s 145
f 1418/26/629 635/27/629 1417/25/629
s 146
f 638/15/630 637/16/631 636/17/632
f 638/15/630 639/18/633 637/16/631
s 147
f 1420/18/634 640/19/635 1419/16/636
f 1420/18/634 641/20/637 640/19/635
s 148
f 1422/20/638 642/21/639 1421/19/640
f 1422/20/638 643/22/641 642/21/639
s 149
f 1423/16/642 645/19/642 644/31/642
s 150
f 1425/19/643 646/30/644 1424/31/645
f 1425/19/643 647/21/646 646/30/644
s 151
f 1427/31/647 648/27/648 1426/26/649
f 1427/31/647 649/30/650 648/27/648
s 152
f 652/15/651 651/16/652 650/17/652
f 652/15/651 653/18/651 651/16/652
s 153
f 1429/18/653 654/19/654 1428/16/655
f 1429/18/653 655/20/656 654/19/654
s 154
f 1431/20/657 656/21/658 1430/19/658
f 1431/20/657 657/22/657 656/21/658
s 155
f 660/17/659 659/28/660 658/29/661
f 660/17/659 661/16/662 659/28/660
s 156
f 1433/16/663 662/31/664 1432/28/665
f 1433/16/663 663/19/666 662/31/664
s 157
f 666/29/667 665/28/667 664/32/667
s 158
f 1435/28/668 667/31/668 1434/32/668
s 159
f 670/15/669 669/16/670 668/17/671
f 670/15/669 671/18/669 669/16/670
s 160
f 674/18/672 673/19/673 672/16/674
f 674/18/672 675/20/675 673/19/673
s 161
f 1437/20/676 676/21/677 1436/19/678
f 1437/20/676 677/22/679 676/21/677
s 162
f 680/5/680 679/6/681 678/7/682
f 679/6/681 681/8/683 678/7/682
f 679/6/681 680/5/680 682/9/684
f 681/8/683 679/6/681 682/9/684
s 163
f 685/5/685 684/6/686 683/7/687
f 684/6/686 686/8/688 683/7/687
f 684/6/686 685/5/685 687/9/689
f 686/8/688 684/6/686 687/9/689
s 164
f 690/5/690 689/6/691 688/7/692
f 689/6/691 690/5/690 692/9/693
f 691/8/694 689/6/691 692/9/693
s 165
f 693/6/695 694/5/696 696/9/697
f 695/8/698 693/6/695 696/9/697
s 166
f 699/5/699 698/6/700 697/7/701
f 698/6/700 700/8/702 697/7/701
f 698/6/700 699/5/699 701/9/703
f 700/8/702 698/6/700 701/9/703
s 167
f 702/6/704 703/5/705 705/9/706
f 704/8/707 702/6/704 705/9/706
s 168
f 708/5/708 707/6/709 706/7/710
f 707/6/709 709/8/711 706/7/710
f 707/6/709 708/5/708 710/9/712
f 709/8/711 707/6/709 710/9/712
s 169
f 713/5/713 712/6/714 711/7/715
f 712/6/714 714/8/716 711/7/715
f 712/6/714 713/5/713 715/9/717
f 714/8/716 712/6/714 715/9/717
s 170
f 718/5/718 717/6/719 716/7/720
f 717/6/719 719/8/721 716/7/720
f 717/6/719 718/5/718 720/9/722
f 719/8/721 717/6/719 720/9/722
s 171
f 722/6/723 724/8/724 721/7/725
f 722/6/723 723/5/726 725/9/727
f 724/8/724 722/6/723 725/9/727
s 172
f 728/5/728 727/6/729 726/7/730
f 727/6/729 729/8/731 726/7/730
f 727/6/729 728/5/728 730/9/732
f 729/8/731 727/6/729 730/9/732
s 173
f 733/5/733 732/6/734 731/7/735
f 732/6/734 734/8/736 731/7/735
f 732/6/734 733/5/733 735/9/737
f 734/8/736 732/6/734 735/9/737
s 174
f 738/5/738 737/6/739 736/7/740
f 737/6/739 739/8/741 736/7/740
f 737/6/739 738/5/738 740/9/742
f 739/8/741 737/6/739 740/9/742
s 175
f 743/5/743 742/6/744 741/7/745
f 742/6/744 744/8/746 741/7/745
f 742/6/744 743/5/743 745/9/747
f 744/8/746 742/6/744 745/9/747
s 176
f 748/23/748 747/24/748 746/25/748
s 177
f 1439/26/749 749/27/749 1438/25/749
s 178
f 752/15/750 751/16/751 750/17/752
f 752/15/750 753/18/753 751/16/751
s 179
f 1441/18/754 754/19/755 1440/16/755
f 1441/18/754 755/20/756 754/19/755
s 180
f 1443/20/757 756/21/758 1442/19/759
f 1443/20/757 757/22/760 756/21/758
s 181
f 760/17/761 759/28/762 758/29/763
f 760/17/761 761/16/764 759/28/762
s 182
f 1445/19/765 762/30/766 1444/31/767
f 1445/19/765 763/21/768 762/30/766
s 183
f 766/29/769 765/24/770 764/23/771
f 766/29/769 767/28/772 765/24/770
s 184
f 1447/31/773 768/27/774 1446/26/775
f 1447/31/773 769/30/776 768/27/774
s 185
f 772/5/777 771/6/778 770/7/779
f 771/6/778 773/8/780 770/7/779
f 771/6/778 772/5/777 774/9/781
f 773/8/780 771/6/778 774/9/781
s 186
f 777/5/782 776/6/783 775/7/784
f 776/6/783 778/8/785 775/7/784
f 776/6/783 777/5/782 779/9/786
f 778/8/785 776/6/783 779/9/786
s 187
f 782/5/787 781/6/788 780/7/789
f 781/6/788 783/8/790 780/7/789
f 781/6/788 782/5/787 784/9/791
f 783/8/790 781/6/788 784/9/791
s 188
f 787/5/792 786/6/793 785/7/794
f 786/6/793 788/8/795 785/7/794
f 788/8/795 786/6/793 789/9/796
s 189
f 792/5/797 791/6/798 790/7/799
f 791/6/798 793/8/800 790/7/799
f 791/6/798 792/5/797 794/9/801
f 793/8/800 791/6/798 794/9/801
s 190
f 797/5/802 796/6/803 795/7/804
f 796/6/803 798/8/805 795/7/804
f 796/6/803 797/5/802 799/9/806
f 798/8/805 796/6/803 799/9/806
s 191
f 802/5/807 801/6/808 800/7/809
f 801/6/808 803/8/810 800/7/809
f 801/6/808 802/5/807 804/9/811
f 803/8/810 801/6/808 804/9/811
s 192
f 807/5/812 806/6/813 805/7/814
f 806/6/813 808/8/815 805/7/814
f 806/6/813 807/5/812 809/9/816
f 808/8/815 806/6/813 809/9/816
s 193
f 812/5/817 811/6/818 810/7/819
f 811/6/818 813/8/820 810/7/819
f 811/6/818 812/5/817 814/9/821
f 813/8/820 811/6/818 814/9/821
s 194
f 817/5/822 816/6/823 815/7/824
f 816/6/823 818/8/825 815/7/824
f 816/6/823 817/5/822 819/9/826
f 818/8/825 816/6/823 819/9/826
s 195
f 822/5/827 821/6/828 820/7/829
f 821/6/828 823/8/830 820/7/829
f 821/6/828 822/5/827 824/9/831
f 823/8/830 821/6/828 824/9/831
s 196
f 827/5/832 826/6/833 825/7/834
f 826/6/833 828/8/835 825/7/834
f 826/6/833 827/5/832 829/9/836
f 828/8/835 826/6/833 829/9/836
s 197
f 832/5/837 831/6/838 830/7/839
f 831/6/838 833/8/840 830/7/839
f 831/6/838 832/5/837 834/9/841
f 833/8/840 831/6/838 834/9/841
s 198
f 837/5/842 836/6/843 835/7/844
f 836/6/843 838/8/845 835/7/844
f 836/6/843 837/5/842 839/9/846
f 838/8/845 836/6/843 839/9/846
s 199
f 841/6/847 843/8/848 840/7/849
f 841/6/847 842/5/850 844/9/851
f 843/8/848 841/6/847 844/9/851
s 200
f 847/5/852 846/6/853 845/7/854
f 846/6/853 848/8/855 845/7/854
f 846/6/853 847/5/852 849/9/856
f 848/8/855 846/6/853 849/9/856
s 201
f 852/5/857 851/6/858 850/7/859
f 851/6/858 853/8/860 850/7/859
f 851/6/858 852/5/857 854/9/861
s 202
f 857/5/862 856/6/863 855/7/864
f 856/6/863 858/8/865 855/7/864
f 858/8/865 856/6/863 859/9/866
s 203
f 862/5/867 861/6/868 860/7/869
f 861/6/868 863/8/870 860/7/869
f 861/6/868 862/5/867 864/9/871
f 863/8/870 861/6/868 864/9/871
s 204
f 867/5/872 866/6/873 865/7/874
f 866/6/873 868/8/875 865/7/874
f 866/6/873 867/5/872 869/9/876
f 868/8/875 866/6/873 869/9/876
s 205
f 872/5/877 871/6/878 870/7/879
f 871/6/878 873/8/880 870/7/879
f 871/6/878 872/5/877 874/9/881
f 873/8/880 871/6/878 874/9/881
s 206
f 877/5/882 876/6/883 875/7/884
f 876/6/883 878/8/885 875/7/884
f 876/6/883 877/5/882 879/9/886
f 878/8/885 876/6/883 879/9/886
s 207
f 882/5/887 881/6/888 880/7/889
f 881/6/888 883/8/890 880/7/889
f 881/6/888 882/5/887 884/9/891
f 883/8/890 881/6/888 884/9/891
s 208
f 887/5/892 886/6/893 885/7/894
f 886/6/893 888/8/895 885/7/894
f 886/6/893 887/5/892 889/9/896
f 888/8/895 886/6/893 889/9/896
s 209
f 892/5/897 891/6/898 890/7/899
f 891/6/898 893/8/900 890/7/899
f 891/6/898 892/5/897 894/9/901
f 893/8/900 891/6/898 894/9/901
s 210
f 897/5/902 896/6/903 895/7/904
f 896/6/903 898/8/905 895/7/904
f 896/6/903 897/5/902 899/9/906
f 898/8/905 896/6/903 899/9/906
s 211
f 902/5/907 901/6/908 900/7/909
f 901/6/908 903/8/910 900/7/909
f 901/6/908 902/5/907 904/9/911
f 903/8/910 901/6/908 904/9/911
s 212
f 906/6/912 907/8/913 905/7/914
f 907/8/913 906/6/912 908/9/915
s 213
f 911/5/916 910/6/917 909/7/918
f 910/6/917 912/8/919 909/7/918
f 910/6/917 911/5/916 913/9/920
f 912/8/919 910/6/917 913/9/920
s 214
f 916/5/921 915/6/922 914/7/923
f 915/6/922 916/5/921 917/9/924
s 215
f 920/5/925 919/6/926 918/7/927
f 919/6/926 921/8/928 918/7/927
f 921/8/928 919/6/926 922/9/929
s 216
f 925/5/930 924/6/931 923/7/932
f 924/6/931 926/8/933 923/7/932
f 924/6/931 925/5/930 927/9/934
s 217
f 930/5/935 929/6/936 928/7/937
f 929/6/936 931/8/938 928/7/937
s 218
f 934/5/939 933/6/940 932/7/941
f 933/6/940 935/8/942 932/7/941
f 933/6/940 934/5/939 936/9/943
f 935/8/942 933/6/940 936/9/943
s 219
f 939/5/944 938/6/945 937/7/946
f 938/6/945 940/8/947 937/7/946
f 938/6/945 939/5/944 941/9/948
f 940/8/947 938/6/945 941/9/948
s 220
f 944/5/949 943/6/950 942/7/951
f 943/6/950 945/8/952 942/7/951
f 943/6/950 944/5/949 946/9/953
f 945/8/952 943/6/950 946/9/953
s 221
f 949/5/954 948/6/955 947/7/956
f 948/6/955 950/8/957 947/7/956
f 948/6/955 949/5/954 951/9/958
f 950/8/957 948/6/955 951/9/958
s 222
f 954/5/959 953/6/960 952/7/961
f 953/6/960 955/8/962 952/7/961
f 953/6/960 954/5/959 956/9/963
f 955/8/962 953/6/960 956/9/963
s 223
f 959/5/964 958/6/965 957/7/966
f 958/6/965 960/8/967 957/7/966
f 958/6/965 959/5/964 961/9/968
f 960/8/967 958/6/965 961/9/968
s 224
f 964/5/969 963/6/970 962/7/971
f 963/6/970 965/8/972 962/7/971
f 963/6/970 964/5/969 966/9/973
f 965/8/972 963/6/970 966/9/973
s 225
f 969/5/974 968/6/975 967/7/976
f 968/6/975 970/8/977 967/7/976
f 968/6/975 969/5/974 971/9/978
f 970/8/977 968/6/975 971/9/978
s 226
f 974/5/979 973/6/980 972/7/981
f 973/6/980 975/8/982 972/7/981
f 973/6/980 974/5/979 976/9/983
s 227
f 979/5/984 978/6/985 977/7/986
f 978/6/985 980/8/987 977/7/986
f 978/6/985 979/5/984 981/9/988
f 980/8/987 978/6/985 981/9/988
s 228
f 984/5/989 983/6/990 982/7/991
f 983/6/990 985/8/992 982/7/991
f 983/6/990 984/5/989 986/9/993
f 985/8/992 983/6/990 986/9/993
s 229
f 989/5/994 988/6/995 987/7/996
f 988/6/995 990/8/997 987/7/996
f 988/6/995 989/5/994 991/9/998
f 990/8/997 988/6/995 991/9/998
s 230
f 994/5/999 993/6/1000 992/7/1001
f 993/6/1000 995/8/1002 992/7/1001
f 993/6/1000 994/5/999 996/9/1003
f 995/8/1002 993/6/1000 996/9/1003
s 231
f 999/5/1004 998/6/1005 997/7/1006
f 998/6/1005 1000/8/1007 997/7/1006
f 998/6/1005 999/5/1004 1001/9/1008
f 1000/8/1007 998/6/1005 1001/9/1008
s 232
f 1004/5/1009 1003/6/1010 1002/7/1011
f 1003/6/1010 1005/8/1012 1002/7/1011
f 1003/6/1010 1004/5/1009 1006/9/1013
f 1005/8/1012 1003/6/1010 1006/9/1013
s 233
f 1009/5/1014 1008/6/1015 1007/7/1016
f 1008/6/1015 1010/8/1017 1007/7/1016
f 1008/6/1015 1009/5/1014 1011/9/1018
f 1010/8/1017 1008/6/1015 1011/9/1018
s 234
f 1014/5/1019 1013/6/1020 1012/7/1021
f 1013/6/1020 1015/8/1022 1012/7/1021
f 1013/6/1020 1014/5/1019 1016/9/1023
f 1015/8/1022 1013/6/1020 1016/9/1023
s 235
f 1019/5/1024 1018/6/1025 1017/7/1026
f 1018/6/1025 1020/8/1027 1017/7/1026
f 1018/6/1025 1019/5/1024 1021/9/1028
f 1020/8/1027 1018/6/1025 1021/9/1028
s 236
f 1024/5/1029 1023/6/1030 1022/7/1031
f 1023/6/1030 1025/8/1032 1022/7/1031
f 1023/6/1030 1024/5/1029 1026/9/1033
f 1025/8/1032 1023/6/1030 1026/9/1033
s 237
f 1029/10/1034 1028/11/1035 1027/12/1036
f 1028/11/1035 1030/13/1037 1027/12/1036
f 1028/11/1035 1029/10/1034 1031/14/1038
f 1030/13/1037 1028/11/1035 1031/14/1038
s 238
f 1034/5/1039 1033/6/1040 1032/7/1041
f 1033/6/1040 1035/8/1042 1032/7/1041
f 1033/6/1040 1034/5/1039 1036/9/1043
f 1035/8/1042 1033/6/1040 1036/9/1043
s 239
f 1039/5/1044 1038/6/1045 1037/7/1046
f 1038/6/1045 1040/8/1047 1037/7/1046
f 1038/6/1045 1039/5/1044 1041/9/1048
f 1040/8/1047 1038/6/1045 1041/9/1048
s 240
f 1449/20/1049 1042/21/1050 1448/19/1051
f 1449/20/1049 1043/22/1052 1042/21/1050
s 241
f 1450/28/1053 1044/31/1053 1452/32/1053
s 242
f 1451/31/1054 1045/30/1054 1453/32/1054
s 243
f 1048/23/1055 1047/24/1056 1046/25/1057
f 1050/29/1058 1047/24/1056 1048/23/1055
f 1050/29/1058 1051/28/1058 1047/24/1056
s 244
f 1054/15/1059 1053/16/1060 1052/17/1060
f 1054/15/1059 1055/18/1059 1053/16/1060
s 245
f 1456/31/1061 1049/27/1062 1454/26/1063
f 1455/19/1064 1056/30/1065 1456/31/1061
f 1456/31/1061 1056/30/1065 1049/27/1062
s 246
f 1057/17/1066 1058/28/1067 1059/29/1068
s 247
f 1457/16/1069 1060/31/1070 1458/28/1071
s 246
f 1059/29/1068 1058/28/1067 1062/32/1072
s 247
f 1458/28/1071 1060/31/1070 1460/32/1073
s 248
f 1459/31/1074 1061/30/1074 1461/32/1074
s 249
f 1065/23/1075 1064/24/1075 1063/25/1075
s 250
f 1068/5/1076 1067/6/1077 1066/7/1078
f 1067/6/1077 1069/8/1079 1066/7/1078
f 1067/6/1077 1068/5/1076 1070/9/1080
f 1069/8/1079 1067/6/1077 1070/9/1080
s 251
f 1073/5/1081 1072/6/1082 1071/7/1083
f 1072/6/1082 1074/8/1084 1071/7/1083
f 1072/6/1082 1073/5/1081 1075/9/1085
f 1074/8/1084 1072/6/1082 1075/9/1085
s 252
f 1078/5/1086 1077/6/1087 1076/7/1088
f 1077/6/1087 1079/8/1089 1076/7/1088
f 1077/6/1087 1078/5/1086 1080/9/1090
f 1079/8/1089 1077/6/1087 1080/9/1090
s 253
f 1083/5/1091 1082/6/1092 1081/7/1093
f 1082/6/1092 1084/8/1094 1081/7/1093
f 1082/6/1092 1083/5/1091 1085/9/1095
f 1084/8/1094 1082/6/1092 1085/9/1095
s 254
f 1088/5/1096 1087/6/1097 1086/7/1098
f 1087/6/1097 1089/8/1099 1086/7/1098
f 1087/6/1097 1088/5/1096 1090/9/1100
f 1089/8/1099 1087/6/1097 1090/9/1100
s 255
f 1093/5/1101 1092/6/1102 1091/7/1103
f 1092/6/1102 1094/8/1104 1091/7/1103
f 1092/6/1102 1093/5/1101 1095/9/1105
f 1094/8/1104 1092/6/1102 1095/9/1105
s 256
f 1098/5/1106 1097/6/1107 1096/7/1108
f 1097/6/1107 1099/8/1109 1096/7/1108
f 1097/6/1107 1098/5/1106 1100/9/1110
f 1099/8/1109 1097/6/1107 1100/9/1110
s 257
f 1102/6/1111 1104/8/1112 1101/7/1113
f 1102/6/1111 1103/5/1114 1105/9/1115
f 1104/8/1112 1102/6/1111 1105/9/1115
s 258
f 1108/5/1116 1107/6/1117 1106/7/1118
f 1107/6/1117 1109/8/1119 1106/7/1118
f 1107/6/1117 1108/5/1116 1110/9/1120
f 1109/8/1119 1107/6/1117 1110/9/1120
s 259
f 1112/6/1121 1114/8/1122 1111/7/1123
f 1112/6/1121 1113/5/1124 1115/9/1125
f 1114/8/1122 1112/6/1121 1115/9/1125
s 260
f 1118/5/1126 1117/6/1127 1116/7/1128
f 1117/6/1127 1119/8/1129 1116/7/1128
f 1117/6/1127 1118/5/1126 1120/9/1130
f 1119/8/1129 1117/6/1127 1120/9/1130
s 261
f 1123/5/1131 1122/6/1132 1121/7/1133
f 1122/6/1132 1123/5/1131 1125/9/1134
f 1124/8/1135 1122/6/1132 1125/9/1134
s 262
f 1128/5/1136 1127/6/1137 1126/7/1138
f 1127/6/1137 1129/8/1139 1126/7/1138
f 1127/6/1137 1128/5/1136 1130/9/1140
f 1129/8/1139 1127/6/1137 1130/9/1140
s 263
f 1133/5/1141 1132/6/1142 1131/7/1143
f 1132/6/1142 1134/8/1144 1131/7/1143
f 1132/6/1142 1133/5/1141 1135/9/1145
f 1134/8/1144 1132/6/1142 1135/9/1145
s 264
f 1138/23/1146 1137/24/1146 1136/25/1146
s 265
f 1463/26/1147 1139/27/1148 1462/25/1149
s 266
f 1141/17/1150 1142/16/1151 1140/28/1152
f 1143/15/1153 1142/16/1151 1141/17/1150
f 1143/15/1153 1144/18/1154 1142/16/1151
s 267
f 1465/18/1155 1145/19/1156 1464/16/1157
f 1465/18/1155 1146/20/1158 1145/19/1156
s 265
f 1467/20/1159 1147/21/1160 1466/19/1161
f 1467/20/1159 1148/22/1162 1147/21/1160
f 1468/31/1163 1139/27/1148 1463/26/1147
f 1466/19/1161 1149/30/1164 1468/31/1163
f 1466/19/1161 1147/21/1160 1149/30/1164
f 1468/31/1163 1149/30/1164 1139/27/1148
s 268
f 1151/8/1165 1150/6/1165 1152/9/1165
s 269
f 1155/5/1166 1154/6/1167 1153/7/1168
f 1154/6/1167 1156/8/1169 1153/7/1168
f 1154/6/1167 1155/5/1166 1157/9/1170
f 1156/8/1169 1154/6/1167 1157/9/1170
s 270
f 1160/5/1171 1159/6/1172 1158/7/1173
f 1159/6/1172 1160/5/1171 1162/9/1174
f 1161/8/1175 1159/6/1172 1162/9/1174
s 271
f 1165/5/1176 1164/6/1177 1163/7/1178
f 1164/6/1177 1166/8/1179 1163/7/1178
f 1164/6/1177 1165/5/1176 1167/9/1180
f 1166/8/1179 1164/6/1177 1167/9/1180
s 272
f 1169/6/1181 1171/8/1181 1168/7/1181
s 273
f 1169/6/1182 1170/5/1182 1172/9/1182
s 274
f 1173/6/1183 1174/5/1184 1176/9/1185
f 1175/8/1186 1173/6/1183 1176/9/1185
s 275
f 1179/5/1187 1178/6/1188 1177/7/1189
f 1178/6/1188 1180/8/1190 1177/7/1189
f 1178/6/1188 1179/5/1187 1181/9/1191
f 1180/8/1190 1178/6/1188 1181/9/1191
s 276
f 1184/5/1192 1183/6/1193 1182/7/1194
f 1183/6/1193 1184/5/1192 1186/9/1195
f 1185/8/1196 1183/6/1193 1186/9/1195
s 277
f 1188/6/1197 1190/8/1198 1187/7/1199
f 1188/6/1197 1189/5/1200 1191/9/1201
f 1190/8/1198 1188/6/1197 1191/9/1201
s 278
f 1194/5/1202 1193/6/1203 1192/7/1204
f 1193/6/1203 1195/8/1205 1192/7/1204
f 1193/6/1203 1194/5/1202 1196/9/1206
s 279
f 1199/5/1207 1198/6/1208 1197/7/1209
f 1198/6/1208 1200/8/1210 1197/7/1209
f 1200/8/1210 1198/6/1208 1201/9/1211
s 280
f 1204/5/1212 1203/6/1213 1202/7/1214
f 1203/6/1213 1204/5/1212 1206/9/1215
f 1205/8/1216 1203/6/1213 1206/9/1215
s 281
f 1208/6/1217 1210/8/1218 1207/7/1219
f 1208/6/1217 1209/5/1220 1211/9/1221
f 1210/8/1218 1208/6/1217 1211/9/1221
s 282
f 1214/5/1222 1213/6/1223 1212/7/1224
f 1213/6/1223 1215/8/1225 1212/7/1224
f 1213/6/1223 1214/5/1222 1216/9/1226
f 1215/8/1225 1213/6/1223 1216/9/1226
s 283
f 1219/5/1227 1218/6/1228 1217/7/1229
f 1218/6/1228 1219/5/1227 1221/9/1230
f 1220/8/1231 1218/6/1228 1221/9/1230
s 284
f 1224/5/1232 1223/6/1233 1222/7/1234
f 1223/6/1233 1225/8/1235 1222/7/1234
f 1223/6/1233 1224/5/1232 1226/9/1236
f 1225/8/1235 1223/6/1233 1226/9/1236
s 285
f 1229/5/1237 1228/6/1238 1227/7/1239
f 1228/6/1238 1230/8/1240 1227/7/1239
f 1228/6/1238 1229/5/1237 1231/9/1241
s 286
f 1233/8/1242 1232/6/1242 1234/9/1242
s 287
f 1236/6/1243 1237/8/1244 1235/7/1245
f 1237/8/1244 1236/6/1243 1238/9/1246
s 288
f 1241/5/1247 1240/6/1248 1239/7/1249
f 1240/6/1248 1242/8/1250 1239/7/1249
f 1240/6/1248 1241/5/1247 1243/9/1251
f 1242/8/1250 1240/6/1248 1243/9/1251
s 289
f 1244/6/1252 1245/5/1252 1246/9/1252
s 290
f 1249/5/1253 1248/6/1254 1247/7/1255
f 1248/6/1254 1250/8/1256 1247/7/1255
f 1248/6/1254 1249/5/1253 1251/9/1257
f 1250/8/1256 1248/6/1254 1251/9/1257
s 291
f 1253/6/1258 1255/8/1259 1252/7/1260
f 1253/6/1258 1254/5/1261 1256/9/1262
f 1255/8/1259 1253/6/1258 1256/9/1262
s 292
f 1259/5/1263 1258/6/1264 1257/7/1265
f 1258/6/1264 1260/8/1266 1257/7/1265
f 1258/6/1264 1259/5/1263 1261/9/1267
f 1260/8/1266 1258/6/1264 1261/9/1267
s 293
f 1264/5/1268 1263/6/1269 1262/7/1270
f 1263/6/1269 1265/8/1271 1262/7/1270
f 1263/6/1269 1264/5/1268 1266/9/1272
f 1265/8/1271 1263/6/1269 1266/9/1272
s 294
f 1269/5/1273 1268/6/1274 1267/7/1275
f 1268/6/1274 1270/8/1276 1267/7/1275
f 1268/6/1274 1269/5/1273 1271/9/1277
f 1270/8/1276 1268/6/1274 1271/9/1277
s 295
f 1274/5/1278 1273/6/1279 1272/7/1280
f 1273/6/1279 1275/8/1281 1272/7/1280
f 1273/6/1279 1274/5/1278 1276/9/1282
f 1275/8/1281 1273/6/1279 1276/9/1282
s 296
f 1279/5/1283 1278/6/1284 1277/7/1285
f 1278/6/1284 1279/5/1283 1281/9/1286
f 1280/8/1287 1278/6/1284 1281/9/1286
s 297
f 1284/5/1288 1283/6/1289 1282/7/1290
f 1283/6/1289 1285/8/1291 1282/7/1290
f 1283/6/1289 1284/5/1288 1286/9/1292
f 1285/8/1291 1283/6/1289 1286/9/1292
s 298
f 1289/5/1293 1288/6/1294 1287/7/1295
f 1288/6/1294 1290/8/1296 1287/7/1295
f 1288/6/1294 1289/5/1293 1291/9/1297
f 1290/8/1296 1288/6/1294 1291/9/1297
s 299
f 1294/5/1298 1293/6/1299 1292/7/1300
f 1293/6/1299 1294/5/1298 1296/9/1301
f 1295/8/1302 1293/6/1299 1296/9/1301
s 300
f 1299/5/1303 1298/6/1304 1297/7/1305
f 1298/6/1304 1300/8/1306 1297/7/1305
f 1298/6/1304 1299/5/1303 1301/9/1307
f 1300/8/1306 1298/6/1304 1301/9/1307
s 301
f 1304/5/1308 1303/6/1309 1302/7/1310
f 1303/6/1309 1305/8/1311 1302/7/1310
f 1303/6/1309 1304/5/1308 1306/9/1312
f 1305/8/1311 1303/6/1309 1306/9/1312
s 302
f 1309/5/1313 1308/6/1314 1307/7/1315
f 1308/6/1314 1310/8/1316 1307/7/1315
f 1308/6/1314 1309/5/1313 1311/9/1317
f 1310/8/1316 1308/6/1314 1311/9/1317
s 303
f 1314/5/1318 1313/6/1319 1312/7/1320
f 1313/6/1319 1315/8/1321 1312/7/1320
f 1313/6/1319 1314/5/1318 1316/9/1322
f 1315/8/1321 1313/6/1319 1316/9/1322
s 304
f 1319/10/1323 1318/11/1324 1317/12/1325
f 1318/11/1324 1320/13/1326 1317/12/1325
f 1318/11/1324 1319/10/1323 1321/14/1327
f 1320/13/1326 1318/11/1324 1321/14/1327
s 305
f 1324/5/1328 1323/6/1329 1322/7/1330
f 1323/6/1329 1325/8/1331 1322/7/1330
f 1323/6/1329 1324/5/1328 1326/9/1332
f 1325/8/1331 1323/6/1329 1326/9/1332
s 306
f 1329/15/1333 1328/16/1334 1327/17/1335
f 1329/15/1333 1330/18/1336 1328/16/1334
s 307
f 1470/18/1337 1331/19/1338 1469/16/1339
f 1470/18/1337 1332/20/1340 1331/19/1338
s 308
f 1472/20/1341 1333/21/1342 1471/19/1343
f 1472/20/1341 1334/22/1341 1333/21/1342
s 309
f 1337/15/1344 1336/16/1345 1335/17/1346
f 1337/15/1344 1338/18/1347 1336/16/1345
s 310
f 1474/18/1348 1339/19/1349 1473/16/1349
f 1474/18/1348 1340/20/1348 1339/19/1349
s 311
f 1476/20/1350 1341/21/1351 1475/19/1352
f 1476/20/1350 1342/22/1353 1341/21/1351
s 312
f 1473/16/1354 1343/31/1355 1477/28/1356
f 1477/28/1356 1343/31/1355 1479/32/1357
s 313
f 1478/31/1358 1344/30/1358 1480/32/1358
s 314
f 1347/15/1359 1346/16/1360 1345/17/1361
f 1347/15/1359 1348/18/1362 1346/16/1360
s 315
f 1482/18/1363 1349/19/1364 1481/16/1365
f 1482/18/1363 1350/20/1366 1349/19/1364
s 316
f 1484/20/1367 1351/21/1368 1483/19/1369
f 1484/20/1367 1352/22/1370 1351/21/1368
s 317
f 1355/2/1371 1354/3/1371 1353/4/1371
s 318
f 1358/33/1372 1357/34/1372 1356/35/1372
s 319
f 1361/2/1373 1360/3/1373 1359/4/1373
s 320
f 1364/36/1374 1363/37/1374 1362/38/1374
s 321
f 1367/39/1375 1366/40/1375 1365/41/1375
s 322
f 1370/33/1376 1369/34/1376 1368/35/1376
s 323
f 1373/36/1377 1372/37/1377 1371/38/1377
s 324
f 1376/39/1378 1375/40/1378 1374/41/1378
s 325
f 1379/36/1379 1378/37/1379 1377/38/1379
s 326
f 1382/1/1380 1381/2/1381 1380/3/1382
f 1382/1/1380 1380/3/1382 1383/4/1383
f 1381/2/1381 1382/1/1380 1383/4/1383
