# Blender 5.0.1
# www.blender.org
mtllib estatua_zorro_narukami.mtl
g NarukamiShrine_mesh.087_Malla
v 0.142988 0.480625 0.463676
v 0.083357 0.409336 0.546685
v 0.064436 0.624180 0.510308
v 0.018280 0.593418 0.319633
v -0.081805 0.718418 0.353813
v 0.093244 0.280186 0.444145
v 0.081953 0.329014 0.400932
v 0.120527 0.480625 0.378227
v 0.018139 0.194004 0.387505
v 0.026396 0.313877 0.504204
v 0.027387 0.699375 0.522759
v -0.116473 0.796055 0.453911
v 0.007734 0.778477 0.537408
v -0.064226 0.879063 0.573052
v -0.005053 0.860507 0.565240
v -0.029070 0.241123 0.455864
v 0.014547 0.953770 0.616998
v -0.051104 0.216709 0.403374
v -0.051104 0.216709 0.403374
v -0.016772 0.410557 0.374077
v -0.161272 0.332188 0.439995
v 0.018139 0.194004 0.387505
v -0.154681 0.531406 0.387749
v -0.238787 0.633457 0.501762
v -0.081805 0.718418 0.353813
v 0.018280 0.593418 0.319633
v 0.120527 0.480625 0.378227
v -0.116473 0.796055 0.453911
v -0.195330 0.766757 0.655572
v 0.081953 0.329014 0.400932
v -0.064226 0.879063 0.573052
v -0.047686 0.876621 0.752740
v 0.014547 0.953770 0.616998
v -0.065203 0.482090 0.841607
v -0.170061 0.404942 0.581841
v 0.084455 0.973300 0.752252
v 0.089033 1.040684 0.615533
v 0.219099 0.786777 0.854791
v 0.089521 0.631016 0.895806
v 0.188581 1.069981 0.674615
v 0.230818 1.192050 0.550591
v 0.132307 1.192050 0.536920
v 0.350080 0.663731 0.758599
v 0.396711 0.823887 0.620416
v 0.180158 1.296543 0.460014
v 0.323469 0.962559 0.702935
v 0.325422 1.118809 0.519341
v 0.216413 1.240879 0.389214
v 0.101362 1.360020 0.406548
v 0.353742 1.011387 0.452202
v 0.195661 1.191075 0.308403
v 0.036024 1.304356 0.300346
v 0.027021 1.424473 0.424858
v -0.050005 1.073887 0.290337
v -0.165911 1.165684 0.371391
v 0.321516 0.700840 0.543756
v 0.296858 0.562168 0.690728
v 0.282453 0.851719 0.393120
v 0.193586 0.639805 0.509332
v 0.101667 0.966465 0.285942
v 0.178694 0.506016 0.598443
v 0.184675 0.433506 0.700982
v 0.064436 0.624180 0.510308
v 0.027387 0.699375 0.522759
v 0.083357 0.409336 0.546685
v 0.059675 0.341221 0.625299
v 0.091902 0.383457 0.786920
v -0.023760 0.316563 0.601861
v 0.026396 0.313877 0.504204
v -0.029070 0.241123 0.455864
v 0.171858 0.746738 0.400688
v 0.055860 0.763828 0.458549
v 0.051527 0.834141 0.342583
v -0.094805 0.914219 0.363335
v -0.189715 1.001622 0.459526
v 0.241804 0.525059 0.812310
v -0.198992 1.149082 0.612603
v -0.183001 1.272129 0.485893
v -0.109759 1.288731 0.698052
v 0.047025 1.072911 0.644830
v -0.062517 1.349278 0.348442
v -0.090899 1.427403 0.458549
v -0.025225 1.496739 0.508355
v -0.089373 1.392247 0.593072
v 0.024435 1.402012 0.692681
v 0.114485 1.506504 0.618951
v 0.117719 1.588536 0.562799
v 0.226423 1.402012 0.604302
v 0.185896 1.287754 0.671197
v 0.111616 1.171543 0.672174
v 0.215315 1.515293 0.543267
v 0.161970 1.615879 0.501518
v 0.014253 1.602207 0.518365
v 0.028478 1.676425 0.527154
v 0.116560 1.687168 0.513726
v 0.084699 1.674473 0.553033
v 0.074018 1.796543 0.555963
v 0.111250 1.606114 0.432915
v 0.014253 1.602207 0.518365
v -0.025225 1.496739 0.508355
v 0.027021 1.424473 0.424858
v 0.028478 1.676425 0.527154
v 0.092939 1.690098 0.480034
v 0.074018 1.796543 0.555963
v 0.116560 1.687168 0.513726
v 0.161970 1.615879 0.501518
v 0.143171 1.477207 0.416069
v 0.101362 1.360020 0.406548
v 0.180158 1.296543 0.460014
v 0.215315 1.515293 0.543267
v 0.226423 1.402012 0.604302
v 0.185896 1.287754 0.671197
v 0.132307 1.192050 0.536920
v 0.111616 1.171543 0.672174
v 0.047025 1.072911 0.644830
v 0.089033 1.040684 0.615533
v 0.014547 0.953770 0.616998
v -0.027361 0.848300 0.466362
v -0.068926 0.931797 0.505913
v -0.051836 1.037754 0.606744
v 0.014547 0.953770 0.616998
v -0.005053 0.860507 0.565240
v 0.007734 0.778477 0.537408
v 0.020002 0.393223 0.388969
v -0.104449 0.379063 0.355522
v 0.020002 0.533848 0.325981
v 0.020002 0.231114 0.391167
v -0.084307 0.231114 0.362846
v 0.020002 0.076817 0.368462
v -0.197161 0.203282 0.243095
v -0.062029 0.080966 0.342094
v -0.051958 0.023045 0.316460
v -0.152605 0.086460 0.238579
v -0.215472 0.140782 0.075706
v -0.166155 0.060765 0.136711
v -0.122942 0.052708 0.162285
v -0.172259 0.056492 0.110100
v -0.180926 0.104893 0.002227
v -0.246844 0.231846 -0.070137
v -0.277605 0.275059 0.035835
v -0.171160 0.227207 -0.083138
v -0.137347 0.096348 -0.007791
v -0.094256 0.147618 -0.007895
v -0.111101 0.280430 -0.075203
v -0.041979 0.051792 0.086906
v -0.197283 0.382725 -0.117134
v -0.271990 0.373936 -0.095039
v -0.237810 0.513340 -0.066414
v -0.107195 0.023045 0.089287
v -0.286150 0.467442 -0.035192
v -0.279803 0.482578 0.049919
v -0.251726 0.544102 0.034370
v -0.208025 0.565098 0.005247
v -0.190447 0.524082 -0.059517
v -0.132464 0.428135 -0.078499
v -0.137102 0.548496 0.027283
v -0.101519 0.454257 -0.026525
v -0.084063 0.314610 -0.053780
v -0.144671 0.566563 0.096367
v -0.125872 0.557285 0.188408
v -0.050921 0.023045 0.134514
v -0.019244 0.023045 0.156670
v -0.026171 0.075717 0.094841
v -0.161028 0.529453 0.204033
v -0.079546 0.518711 0.289604
v -0.193499 0.459629 0.239800
v -0.224016 0.340245 0.217216
v -0.069781 0.152378 0.016982
v -0.040270 0.283360 -0.067451
v 0.020002 0.465977 -0.105049
v -0.036242 0.477695 -0.085823
v -0.084063 0.314610 -0.053780
v -0.069781 0.152378 0.016982
v 0.020002 0.153721 0.006453
v 0.020002 0.075474 0.094475
v -0.101519 0.454257 -0.026525
v -0.085589 0.500156 -0.044714
v -0.037096 0.575352 -0.152412
v 0.020002 0.564610 -0.164131
v -0.038195 0.712559 -0.256538
v -0.093890 0.603184 -0.109566
v -0.137102 0.548496 0.027283
v -0.151873 0.651524 -0.019079
v -0.144671 0.566563 0.096367
v -0.108904 0.705235 0.101799
v -0.125872 0.557285 0.188408
v -0.079546 0.518711 0.289604
v 0.020002 0.533848 0.325981
v 0.020002 0.728184 0.152885
v -0.140642 0.883457 0.017024
v -0.186907 0.832675 -0.065071
v -0.191668 0.998692 -0.099190
v -0.164934 0.800938 -0.142891
v -0.105486 0.733067 -0.198311
v -0.067217 0.737461 -0.274605
v -0.159075 1.068028 -0.069527
v -0.173723 1.219395 -0.108467
v -0.084978 1.119786 -0.035315
v -0.107195 1.340489 -0.104317
v -0.194475 0.900059 -0.119698
v -0.178973 1.348300 -0.208321
v -0.131121 1.451817 -0.237984
v -0.072161 1.503575 -0.159248
v -0.109515 1.606114 -0.299507
v -0.095904 1.533848 -0.359077
v -0.175310 1.334629 -0.269234
v -0.102312 1.404942 -0.328316
v -0.197283 1.301425 -0.271675
v -0.177019 1.262364 -0.372749
v -0.211687 1.206700 -0.294380
v -0.183611 1.172520 -0.377632
v -0.089434 1.136387 -0.497749
v -0.205828 1.142247 -0.321480
v -0.169085 1.014317 -0.373238
v -0.077776 0.990879 -0.480659
v 0.020002 0.984043 -0.536324
v -0.118792 0.887852 -0.383980
v -0.055437 0.864902 -0.435005
v 0.020002 0.857578 -0.462105
v -0.145403 1.687168 -0.385201
v -0.120989 1.604161 -0.407173
v -0.058977 1.526036 -0.428413
v -0.052691 1.485997 -0.395699
v 0.020002 1.458653 -0.425728
v -0.167376 1.633457 -0.423286
v -0.133074 1.581700 -0.463814
v -0.071917 1.544590 -0.472847
v 0.020002 1.502598 -0.449409
v -0.187151 1.717442 -0.405220
v -0.156023 1.724278 -0.403023
v -0.119768 1.712559 -0.347847
v -0.049700 1.660800 -0.230537
v -0.050921 1.754550 -0.300484
v -0.056597 1.529942 -0.586128
v 0.020002 1.521153 -0.487984
v -0.122332 1.825840 -0.398628
v -0.157976 1.787754 -0.440132
v 0.020002 1.509434 -0.572456
v -0.008211 1.452793 -0.699898
v 0.020002 1.443028 -0.710152
v 0.020002 1.766270 -0.288277
v 0.020002 1.674473 -0.203926
v 0.020002 1.529942 -0.125313
v -0.069109 1.816075 -0.359077
v 0.020002 1.825840 -0.358101
v -0.054156 1.861973 -0.449165
v 0.020002 1.860020 -0.453316
v -0.022967 1.860020 -0.532906
v 0.020002 1.857090 -0.537788
v 0.020002 1.836582 -0.588570
v -0.060808 1.830723 -0.578804
v -0.036883 1.761387 -0.635445
v 0.020002 1.761387 -0.645210
v -0.093584 1.739902 -0.617867
v -0.099871 1.799473 -0.575874
v -0.123064 1.766270 -0.539742
v -0.111223 1.722325 -0.557320
v -0.158953 1.711582 -0.489449
v -0.092486 1.694981 -0.599312
v -0.099077 1.664707 -0.586128
v -0.131731 1.636387 -0.530952
v -0.074419 1.596348 -0.609566
v -0.060137 1.640293 -0.618355
v -0.135515 1.794590 -0.502144
v -0.160906 1.737950 -0.456245
v -0.157976 1.787754 -0.440132
v -0.179095 1.716465 -0.438911
v -0.156023 1.724278 -0.403023
v -0.187151 1.717442 -0.405220
v -0.167376 1.633457 -0.423286
v -0.133074 1.581700 -0.463814
v -0.056597 1.529942 -0.586128
v -0.042925 1.565098 -0.665718
v -0.058672 1.674473 -0.631050
v -0.014910 1.634434 -0.659859
v -0.047747 1.691074 -0.664253
v 0.020002 1.688145 -0.666206
v 0.020002 1.631504 -0.671089
v 0.020002 1.574863 -0.697456
v -0.005816 1.483067 -0.747261
v -0.011614 1.463536 -0.730171
v 0.020002 1.485997 -0.762886
v 0.020002 1.458653 -0.744331
v -0.008211 1.452793 -0.699898
v 0.020002 1.443028 -0.710152
v -0.262224 1.165684 -0.152901
v -0.247088 1.240879 -0.191109
v -0.173723 1.219395 -0.108467
v -0.191668 0.998692 -0.099190
v -0.280779 1.089512 -0.210152
v -0.244646 0.943028 -0.165230
v -0.266131 0.901524 -0.264839
v -0.237810 0.797520 -0.264595
v -0.255877 1.009434 -0.327583
v -0.215227 0.896153 -0.364937
v -0.246599 1.137364 -0.311958
v -0.240008 1.232090 -0.265572
v -0.211321 1.014317 -0.372749
v -0.194475 0.900059 -0.119698
v -0.212054 0.804844 -0.159859
v -0.178973 1.348300 -0.208321
v -0.197283 1.301425 -0.271675
v -0.211687 1.206700 -0.294380
v -0.205828 1.142247 -0.321480
v -0.169085 1.014317 -0.373238
v -0.166399 0.896153 -0.389839
v -0.192889 0.794102 -0.346138
v -0.198382 0.667637 -0.235542
v -0.158587 0.682285 -0.162056
v -0.118792 0.887852 -0.383980
v -0.164934 0.800938 -0.142891
v -0.105486 0.733067 -0.198311
v -0.131121 0.589512 -0.169136
v -0.172747 0.564121 -0.203194
v -0.160906 0.503086 -0.185249
v -0.166765 0.508457 -0.226265
v -0.126482 0.506016 -0.160591
v -0.133440 0.340977 -0.222115
v -0.150774 0.349522 -0.269478
v -0.089800 0.514805 -0.170845
v -0.087786 0.587559 -0.206612
v -0.120623 0.354405 -0.296822
v -0.109881 0.183995 -0.327339
v -0.171648 0.562168 -0.227486
v -0.142351 0.563145 -0.262642
v -0.133318 0.513828 -0.261909
v -0.088152 0.518711 -0.248726
v -0.093401 0.571934 -0.249702
v -0.087786 0.587559 -0.206612
v -0.076067 0.516757 -0.212349
v -0.080767 0.350987 -0.277534
v -0.075396 0.345127 -0.244331
v -0.078814 0.178013 -0.320747
v -0.065386 0.157872 -0.285591
v -0.066180 0.070347 -0.337349
v -0.118914 0.118809 -0.358345
v -0.130144 0.175572 -0.300972
v -0.148333 0.105381 -0.327339
v -0.171892 0.079747 -0.352974
v -0.146136 0.068760 -0.310249
v -0.115740 0.153842 -0.267036
v -0.118792 0.078160 -0.286812
v -0.078326 0.084141 -0.301949
v -0.080767 0.107579 -0.358589
v -0.077715 0.083042 -0.390083
v -0.070574 0.032749 -0.376900
v -0.140642 0.080601 -0.418892
v -0.110003 0.055027 -0.440620
v -0.122942 0.072911 -0.424263
v -0.123064 0.035557 -0.424751
v -0.086199 0.152256 -0.268013
v -0.065386 0.157872 -0.285591
v -0.147723 0.050633 -0.439888
v -0.157000 0.037266 -0.406197
v -0.157854 0.069371 -0.406197
v -0.075396 0.345127 -0.244331
v -0.177019 0.046971 -0.410591
v -0.168963 0.033848 -0.349800
v -0.070574 0.032749 -0.376900
v -0.123064 0.035557 -0.424751
v -0.110003 0.055027 -0.440620
v -0.157000 0.037266 -0.406197
v -0.147723 0.050633 -0.439888
v -0.177019 0.046971 -0.410591
v -0.066180 0.070347 -0.337349
v 0.020002 1.356114 -0.070992
v 0.020002 1.125645 -0.017220
v 0.020002 0.909336 0.053459
v -0.060259 1.267247 -0.415230
v 0.020002 1.264317 -0.467232
v 0.020002 1.306309 -0.438667
v -0.048601 1.377598 -0.384712
v -0.132586 1.296543 -0.343452
v 0.020002 1.362950 -0.421089
v 0.020002 1.252598 -0.493843
v -0.082964 1.233067 -0.480415
v 0.020002 1.262364 -0.550972
v 0.020002 1.121739 -0.565132
v 0.020002 0.776035 -0.388130
v -0.045428 0.783848 -0.356636
v -0.076556 0.791172 -0.336861
v 0.020002 0.705235 -0.268501
v -0.019244 0.023045 0.156670
v -0.026171 0.075717 0.094841
v 0.020002 0.023045 0.154350
v -0.105486 0.733067 -0.198311
v -0.067217 0.737461 -0.274605
v -0.102923 0.664707 -0.292671
v -0.076556 0.791172 -0.336861
v -0.129656 0.793613 -0.366158
v -0.160174 0.665684 -0.292671
v -0.089800 0.514805 -0.170845
v -0.137347 0.096348 -0.007791
v -0.196184 0.023045 -0.125435
v -0.107195 0.023045 0.089287
v -0.199114 0.078526 -0.123604
v -0.180926 0.104893 0.002227
v -0.267596 0.095494 -0.164497
v -0.305926 0.111973 -0.237984
v -0.264910 0.077671 -0.290962
v -0.251726 0.023045 -0.283150
v -0.287859 0.051304 -0.320992
v -0.303728 0.065159 -0.299995
v -0.296160 0.074742 -0.153023
v -0.365008 0.074497 -0.240669
v -0.306902 0.041966 -0.145210
v -0.365740 0.033726 -0.231026
v -0.296160 0.023045 -0.152901
v -0.244890 0.042027 -0.030281
v -0.214251 0.023045 -0.004082
v -0.346941 0.023045 -0.277290
v -0.299090 0.023045 -0.296333
v -0.251726 0.023045 -0.283150
v -0.377703 0.043064 -0.285835
v -0.218645 0.044285 -0.005163
v -0.215105 0.076695 -0.010046
v -0.204973 0.050938 0.047005
v -0.172259 0.056492 0.110100
v -0.151751 0.023045 0.118279
v -0.166155 0.060765 0.136711
v -0.122942 0.052708 0.162285
v -0.109148 0.023045 0.138542
v -0.343035 0.048191 -0.321236
v -0.346941 0.023045 -0.277290
v -0.339861 0.072422 -0.309273
v -0.350848 0.061985 -0.283394
v -0.346941 0.023045 -0.277290
v -0.377703 0.043064 -0.285835
v -0.109148 0.023045 0.138542
v -0.117327 0.023045 0.221977
v 0.020002 0.023045 0.332817
v -0.078326 0.084141 -0.301949
v -0.116473 1.936192 -0.483589
v -0.182268 1.987950 -0.486519
v -0.177752 2.040684 -0.528999
v -0.117693 1.944981 -0.533882
v -0.172991 1.987950 -0.536324
v -0.173968 1.906895 -0.449409
v -0.122332 1.825840 -0.398628
v -0.157976 1.787754 -0.440132
v -0.151629 1.892247 -0.553902
v -0.022967 1.860020 -0.532906
v -0.060808 1.830723 -0.578804
v -0.099871 1.799473 -0.575874
v -0.054156 1.861973 -0.449165
v -0.157976 1.787754 -0.440132
v -0.142840 1.886387 -0.504097
v -0.173968 1.906895 -0.449409
v -0.174334 1.985997 -0.514351
v -0.182268 1.987950 -0.486519
v -0.151629 1.892247 -0.553902
v -0.116961 1.817050 -0.548531
v -0.099871 1.799473 -0.575874
v -0.135515 1.794590 -0.502144
v -0.172991 1.987950 -0.536324
v -0.177752 2.040684 -0.528999
v 0.020002 0.281651 -0.075813
v 0.144453 0.379063 0.355522
v 0.124311 0.231114 0.362846
v 0.237165 0.203282 0.243095
v 0.102033 0.080966 0.342094
v 0.091963 0.023045 0.316460
v 0.192610 0.086460 0.238579
v 0.255476 0.140782 0.075706
v 0.206159 0.060765 0.136711
v 0.162946 0.052708 0.162285
v 0.212263 0.056492 0.110100
v 0.220930 0.104893 0.002227
v 0.286848 0.231846 -0.070137
v 0.317610 0.275059 0.035835
v 0.211164 0.227207 -0.083138
v 0.177351 0.096348 -0.007791
v 0.134260 0.147618 -0.007895
v 0.151106 0.280430 -0.075203
v 0.081983 0.051792 0.086906
v 0.237287 0.382725 -0.117134
v 0.311994 0.373936 -0.095039
v 0.277815 0.513340 -0.066414
v 0.147199 0.023045 0.089287
v 0.326154 0.467442 -0.035192
v 0.319807 0.482578 0.049919
v 0.291731 0.544102 0.034370
v 0.248029 0.565098 0.005247
v 0.230451 0.524082 -0.059517
v 0.172468 0.428135 -0.078499
v 0.177107 0.548496 0.027283
v 0.141523 0.454257 -0.026525
v 0.124067 0.314610 -0.053780
v 0.184675 0.566563 0.096367
v 0.165876 0.557285 0.188408
v 0.090925 0.023045 0.134514
v 0.201032 0.529453 0.204033
v 0.119550 0.518711 0.289604
v 0.233503 0.459629 0.239800
v 0.264021 0.340245 0.217216
v 0.109785 0.152378 0.016982
v 0.066175 0.075717 0.094841
v 0.059248 0.023045 0.156670
v 0.080274 0.283360 -0.067451
v 0.076246 0.477695 -0.085823
v 0.124067 0.314610 -0.053780
v 0.109785 0.152378 0.016982
v 0.141523 0.454257 -0.026525
v 0.125593 0.500156 -0.044714
v 0.077100 0.575352 -0.152412
v 0.078199 0.712559 -0.256538
v 0.133894 0.603184 -0.109566
v 0.177107 0.548496 0.027283
v 0.191877 0.651524 -0.019079
v 0.184675 0.566563 0.096367
v 0.148908 0.705235 0.101799
v 0.165876 0.557285 0.188408
v 0.119550 0.518711 0.289604
v 0.180647 0.883457 0.017024
v 0.226911 0.832675 -0.065071
v 0.231672 0.998692 -0.099190
v 0.204939 0.800938 -0.122139
v 0.145490 0.733067 -0.198311
v 0.107221 0.737461 -0.274605
v 0.199079 1.068028 -0.069527
v 0.213728 1.219395 -0.108467
v 0.124983 1.119786 -0.035315
v 0.147199 1.340489 -0.104317
v 0.234480 0.900059 -0.112862
v 0.218977 1.348300 -0.208321
v 0.171125 1.451817 -0.237984
v 0.112165 1.503575 -0.159248
v 0.149519 1.606114 -0.299507
v 0.135908 1.533848 -0.359077
v 0.215315 1.334629 -0.269234
v 0.142317 1.404942 -0.328316
v 0.237287 1.301425 -0.271675
v 0.217024 1.262364 -0.372749
v 0.251692 1.206700 -0.294380
v 0.223615 1.172520 -0.377632
v 0.129438 1.136387 -0.497749
v 0.245832 1.142247 -0.321480
v 0.209089 1.014317 -0.373238
v 0.117780 0.990879 -0.480659
v 0.158796 0.887852 -0.383980
v 0.095442 0.864902 -0.435005
v 0.185407 1.687168 -0.385201
v 0.159773 1.712559 -0.347847
v 0.089704 1.660800 -0.230537
v 0.090925 1.754550 -0.300484
v 0.196027 1.724278 -0.403023
v 0.227155 1.717442 -0.405220
v 0.207380 1.633457 -0.423286
v 0.160993 1.604161 -0.407173
v 0.173078 1.581700 -0.463814
v 0.111921 1.544590 -0.472847
v 0.098982 1.526036 -0.428413
v 0.092695 1.485997 -0.395699
v 0.096601 1.529942 -0.586128
v 0.162336 1.825840 -0.398628
v 0.197981 1.787754 -0.440132
v 0.048216 1.452793 -0.699898
v 0.088606 1.377598 -0.384712
v 0.100263 1.267247 -0.415230
v 0.172590 1.296543 -0.343452
v 0.122968 1.233067 -0.480415
v 0.287092 1.240879 -0.191109
v 0.302229 1.165684 -0.152901
v 0.213728 1.219395 -0.108467
v 0.231672 0.998692 -0.099190
v 0.320783 1.089512 -0.210152
v 0.284651 0.943028 -0.165230
v 0.306135 0.901524 -0.264839
v 0.277815 0.797520 -0.264595
v 0.295881 1.009434 -0.327583
v 0.255232 0.896153 -0.364937
v 0.286604 1.137364 -0.311958
v 0.280012 1.232090 -0.265572
v 0.251325 1.014317 -0.372749
v 0.234480 0.900059 -0.112862
v 0.252058 0.804844 -0.165352
v 0.218977 1.348300 -0.208321
v 0.237287 1.301425 -0.271675
v 0.251692 1.206700 -0.294380
v 0.245832 1.142247 -0.321480
v 0.209089 1.014317 -0.373238
v 0.206403 0.896153 -0.389839
v 0.232893 0.794102 -0.346138
v 0.238386 0.667637 -0.235542
v 0.198591 0.682285 -0.132271
v 0.158796 0.887852 -0.383980
v 0.204939 0.800938 -0.122139
v 0.145490 0.733067 -0.198311
v 0.171125 0.589512 -0.157539
v 0.212751 0.564121 -0.203194
v 0.200910 0.503086 -0.185249
v 0.206770 0.508457 -0.226265
v 0.166486 0.506016 -0.160591
v 0.173444 0.340977 -0.222115
v 0.190778 0.349522 -0.269478
v 0.129804 0.514805 -0.170845
v 0.127790 0.587559 -0.206612
v 0.160627 0.354405 -0.296822
v 0.149885 0.183995 -0.327339
v 0.211652 0.562168 -0.227486
v 0.182356 0.563145 -0.262642
v 0.173322 0.513828 -0.261909
v 0.128156 0.518711 -0.248726
v 0.133405 0.571934 -0.249702
v 0.127790 0.587559 -0.206612
v 0.116071 0.516757 -0.212349
v 0.120771 0.350987 -0.277534
v 0.115400 0.345127 -0.244331
v 0.118818 0.178013 -0.320747
v 0.105390 0.157872 -0.285591
v 0.106184 0.070347 -0.337349
v 0.158918 0.118809 -0.358345
v 0.170149 0.175572 -0.300972
v 0.188337 0.105381 -0.327339
v 0.211897 0.079747 -0.352974
v 0.186140 0.068760 -0.310249
v 0.155744 0.153842 -0.267036
v 0.158796 0.078160 -0.286812
v 0.118330 0.084141 -0.301949
v 0.120771 0.107579 -0.358589
v 0.117719 0.083042 -0.390083
v 0.110578 0.032749 -0.376900
v 0.180647 0.080601 -0.418892
v 0.150007 0.055027 -0.440620
v 0.162946 0.072911 -0.424263
v 0.163069 0.035557 -0.424751
v 0.126203 0.152256 -0.268013
v 0.105390 0.157872 -0.285591
v 0.187727 0.050633 -0.439888
v 0.197004 0.037266 -0.406197
v 0.197859 0.069371 -0.406197
v 0.115400 0.345127 -0.244331
v 0.217024 0.046971 -0.410591
v 0.208967 0.033848 -0.349800
v 0.110578 0.032749 -0.376900
v 0.163069 0.035557 -0.424751
v 0.150007 0.055027 -0.440620
v 0.197004 0.037266 -0.406197
v 0.187727 0.050633 -0.439888
v 0.217024 0.046971 -0.410591
v 0.106184 0.070347 -0.337349
v 0.109113 1.816075 -0.359077
v 0.094160 1.861973 -0.449165
v 0.062971 1.860020 -0.532906
v 0.100813 1.830723 -0.578804
v 0.076887 1.761387 -0.635445
v 0.133589 1.739902 -0.617867
v 0.139875 1.799473 -0.575874
v 0.163069 1.766270 -0.539742
v 0.151228 1.722325 -0.557320
v 0.198957 1.711582 -0.489449
v 0.132490 1.694981 -0.599312
v 0.139082 1.664707 -0.586128
v 0.171735 1.636387 -0.530952
v 0.114423 1.596348 -0.609566
v 0.100141 1.640293 -0.618355
v 0.175520 1.794590 -0.502144
v 0.200910 1.737950 -0.456245
v 0.197981 1.787754 -0.440132
v 0.219099 1.716465 -0.438911
v 0.196027 1.724278 -0.403023
v 0.227155 1.717442 -0.405220
v 0.207380 1.633457 -0.423286
v 0.173078 1.581700 -0.463814
v 0.096601 1.529942 -0.586128
v 0.082929 1.565098 -0.665718
v 0.098676 1.674473 -0.631050
v 0.054945 1.634434 -0.659859
v 0.087751 1.691074 -0.664253
v 0.045820 1.483067 -0.747261
v 0.051618 1.463536 -0.730171
v 0.048216 1.452793 -0.699898
v 0.085432 0.783848 -0.356636
v 0.116560 0.791172 -0.336861
v 0.059248 0.023045 0.156670
v 0.066175 0.075717 0.094841
v 0.145490 0.733067 -0.198311
v 0.107221 0.737461 -0.274605
v 0.142927 0.664707 -0.292671
v 0.116560 0.791172 -0.336861
v 0.169660 0.793613 -0.366158
v 0.200178 0.665684 -0.292671
v 0.129804 0.514805 -0.170845
v 0.236189 0.023045 -0.125435
v 0.177351 0.096348 -0.007791
v 0.147199 0.023045 0.089287
v 0.239118 0.078526 -0.123604
v 0.220930 0.104893 0.002227
v 0.307600 0.095494 -0.164497
v 0.345930 0.111973 -0.237984
v 0.304914 0.077671 -0.290962
v 0.291731 0.023045 -0.283150
v 0.327863 0.051304 -0.320992
v 0.343733 0.065159 -0.299995
v 0.336164 0.074742 -0.153023
v 0.405012 0.074497 -0.240669
v 0.346906 0.041966 -0.145210
v 0.405744 0.033726 -0.231026
v 0.336164 0.023045 -0.152901
v 0.284895 0.042027 -0.030281
v 0.254255 0.023045 -0.004082
v 0.386945 0.023045 -0.277290
v 0.339094 0.023045 -0.296333
v 0.291731 0.023045 -0.283150
v 0.417707 0.043064 -0.285835
v 0.258650 0.044285 -0.005163
v 0.255110 0.076695 -0.010046
v 0.244978 0.050938 0.047005
v 0.212263 0.056492 0.110100
v 0.191755 0.023045 0.118279
v 0.206159 0.060765 0.136711
v 0.162946 0.052708 0.162285
v 0.149152 0.023045 0.138542
v 0.383039 0.048191 -0.321236
v 0.386945 0.023045 -0.277290
v 0.379865 0.072422 -0.309273
v 0.390852 0.061985 -0.283394
v 0.386945 0.023045 -0.277290
v 0.417707 0.043064 -0.285835
v 0.149152 0.023045 0.138542
v 0.157331 0.023045 0.221977
v 0.118330 0.084141 -0.301949
v 0.222273 1.987950 -0.486519
v 0.156477 1.936192 -0.483589
v 0.217756 2.040684 -0.528999
v 0.157697 1.944981 -0.533882
v 0.212995 1.987950 -0.536324
v 0.213972 1.906895 -0.449409
v 0.162336 1.825840 -0.398628
v 0.197981 1.787754 -0.440132
v 0.191633 1.892247 -0.553902
v 0.062971 1.860020 -0.532906
v 0.100813 1.830723 -0.578804
v 0.139875 1.799473 -0.575874
v 0.094160 1.861973 -0.449165
v 0.182844 1.886387 -0.504097
v 0.197981 1.787754 -0.440132
v 0.213972 1.906895 -0.449409
v 0.214338 1.985997 -0.514351
v 0.222273 1.987950 -0.486519
v 0.191633 1.892247 -0.553902
v 0.156965 1.817050 -0.548531
v 0.139875 1.799473 -0.575874
v 0.175520 1.794590 -0.502144
v 0.212995 1.987950 -0.536324
v 0.217756 2.040684 -0.528999
v -0.001299 0.957675 -0.549507
v 0.020002 0.957675 -0.528999
v 0.020002 0.811680 -0.528999
v -0.004809 0.811680 -0.552925
v 0.020002 0.957675 -0.570503
v 0.020002 0.811680 -0.576851
v 0.041303 0.957675 -0.549507
v 0.044813 0.811680 -0.552925
v 0.020002 0.957675 -0.528999
v 0.020002 0.811680 -0.528999
v 0.020002 1.004550 -0.537300
v 0.008291 1.004550 -0.548531
v 0.031713 1.004550 -0.548531
v 0.020002 1.004550 -0.537300
v 0.020002 1.004550 -0.559761
v 0.020002 0.811680 -0.528999
v 0.044813 0.811680 -0.552925
v 0.020002 0.811680 -0.576851
v -0.004809 0.811680 -0.552925
v -0.177141 1.014317 -0.478462
v -0.155901 1.014317 -0.457710
v -0.155901 0.867832 -0.457466
v -0.180681 0.867832 -0.481636
v -0.155901 1.014317 -0.499214
v -0.155901 0.867832 -0.505562
v -0.134539 1.014317 -0.478462
v -0.131121 0.867832 -0.481636
v -0.155901 1.014317 -0.457710
v -0.155901 0.867832 -0.457466
v -0.155901 1.061192 -0.465767
v -0.167620 1.061192 -0.477242
v -0.144182 1.061192 -0.477242
v -0.155901 1.061192 -0.465767
v -0.155901 1.061192 -0.488472
v -0.155901 0.867832 -0.457466
v -0.131121 0.867832 -0.481636
v -0.155901 0.867832 -0.505562
v -0.180681 0.867832 -0.481636
v 0.217146 1.014317 -0.478462
v 0.220686 0.867832 -0.481636
v 0.195905 0.867832 -0.457466
v 0.195905 1.014317 -0.457710
v 0.195905 1.014317 -0.499214
v 0.195905 0.867832 -0.505562
v 0.174543 1.014317 -0.478462
v 0.171125 0.867832 -0.481636
v 0.195905 1.014317 -0.457710
v 0.195905 0.867832 -0.457466
v 0.195905 1.061192 -0.465767
v 0.207624 1.061192 -0.477242
v 0.184187 1.061192 -0.477242
v 0.195905 1.061192 -0.465767
v 0.195905 1.061192 -0.488472
v 0.195905 0.867832 -0.457466
v 0.220686 0.867832 -0.481636
v 0.195905 0.867832 -0.505562
v 0.171125 0.867832 -0.481636
v -0.134295 1.043614 -0.535347
v -0.129534 1.025059 -0.507515
v 0.024191 0.992832 -0.548042
v 0.026819 1.009434 -0.576363
v -0.123431 1.074864 -0.536812
v 0.023718 1.042637 -0.576851
v -0.107806 1.088536 -0.510445
v 0.017992 1.059239 -0.548531
v -0.103045 1.070957 -0.482613
v 0.015367 1.041661 -0.519722
v 0.018467 1.008457 -0.519234
v -0.113909 1.038731 -0.481148
v 0.015367 1.041661 -0.519722
v -0.103045 1.070957 -0.482613
v -0.249041 1.139317 -0.417671
v -0.238543 1.117832 -0.393990
v -0.228289 1.163731 -0.427437
v -0.197161 1.167637 -0.413277
v -0.186785 1.146153 -0.389595
v -0.207415 1.120762 -0.379829
v -0.186785 1.146153 -0.389595
v -0.275164 1.223300 -0.320747
v -0.263933 1.199864 -0.300240
v -0.252947 1.242832 -0.336861
v -0.219744 1.238925 -0.332222
v -0.208636 1.215489 -0.311470
v -0.230730 1.194981 -0.295601
v -0.208636 1.215489 -0.311470
v -0.257586 1.305332 -0.223457
v -0.246844 1.278965 -0.205635
v -0.236346 1.320957 -0.244820
v -0.204363 1.309239 -0.248238
v -0.193621 1.282872 -0.230537
v -0.214861 1.268223 -0.209175
v -0.193621 1.282872 -0.230537
v -0.191790 1.385411 -0.127998
v -0.183123 1.357090 -0.113106
v -0.174700 1.396153 -0.155098
v -0.148943 1.377598 -0.167183
v -0.140276 1.349278 -0.152290
v -0.157366 1.338536 -0.125191
v -0.140276 1.349278 -0.152290
v -0.099139 1.434239 -0.066536
v -0.094195 1.403965 -0.053841
v -0.089312 1.441075 -0.098030
v -0.074480 1.417637 -0.116890
v -0.069536 1.386387 -0.104256
v -0.079363 1.379550 -0.072701
v -0.069536 1.386387 -0.104256
v 0.010381 1.448887 -0.046211
v 0.012331 1.417637 -0.034036
v 0.019146 1.455723 -0.077766
v 0.030607 1.428379 -0.100533
v 0.032697 1.397129 -0.089119
v 0.023176 1.392247 -0.054085
v 0.032697 1.397129 -0.089119
v 0.141340 1.434239 -0.066536
v 0.136335 1.403965 -0.053841
v 0.012331 1.417637 -0.034036
v 0.010381 1.448887 -0.046211
v 0.131513 1.441075 -0.098030
v 0.019146 1.455723 -0.077766
v 0.116682 1.417637 -0.116890
v 0.030607 1.428379 -0.100533
v 0.111677 1.386387 -0.104256
v 0.032697 1.397129 -0.089119
v 0.023176 1.392247 -0.054085
v 0.121565 1.379550 -0.072701
v 0.032697 1.397129 -0.089119
v 0.111677 1.386387 -0.104256
v 0.233991 1.385411 -0.127998
v 0.225324 1.357090 -0.113106
v 0.216902 1.396153 -0.155098
v 0.191145 1.377598 -0.167183
v 0.182478 1.349278 -0.152290
v 0.199568 1.338536 -0.125191
v 0.182478 1.349278 -0.152290
v 0.299787 1.305332 -0.223457
v 0.289045 1.278965 -0.205635
v 0.278547 1.320957 -0.244820
v 0.246565 1.309239 -0.248238
v 0.235822 1.282872 -0.230537
v 0.257063 1.268223 -0.209175
v 0.235822 1.282872 -0.230537
v 0.317365 1.223300 -0.320747
v 0.306135 1.199864 -0.300240
v 0.295149 1.242832 -0.336861
v 0.261945 1.238925 -0.332222
v 0.250837 1.215489 -0.311470
v 0.272932 1.194981 -0.295601
v 0.250837 1.215489 -0.311470
v 0.291242 1.139317 -0.417671
v 0.280744 1.117832 -0.393990
v 0.270490 1.163731 -0.427437
v 0.239362 1.167637 -0.413277
v 0.228864 1.146153 -0.389595
v 0.249616 1.120762 -0.379829
v 0.228864 1.146153 -0.389595
v 0.185652 1.047520 -0.528999
v 0.176252 1.027989 -0.503609
v 0.170271 1.076817 -0.534859
v 0.145490 1.086582 -0.514351
v 0.136030 1.067050 -0.488472
v 0.151350 1.037754 -0.483101
v 0.136030 1.067050 -0.488472
v 0.026819 1.009434 -0.576363
v 0.024191 0.992832 -0.548042
v 0.023718 1.042637 -0.576851
v 0.017992 1.059239 -0.548531
v 0.015367 1.041661 -0.519722
v 0.018467 1.008457 -0.519234
v 0.015367 1.041661 -0.519722
v 0.142988 0.480625 0.463676
v 0.064436 0.624180 0.510308
v 0.018139 0.194004 0.387505
v 0.018139 0.194004 0.387505
v -0.195330 0.766757 0.655572
v -0.047686 0.876621 0.752740
v 0.219099 0.786777 0.854791
v 0.230818 1.192050 0.550591
v 0.180158 1.296543 0.460014
v 0.195661 1.191075 0.308403
v 0.036024 1.304356 0.300346
v 0.350080 0.663731 0.758599
v 0.396711 0.823887 0.620416
v 0.353742 1.011387 0.452202
v -0.065203 0.482090 0.841607
v 0.026396 0.313877 0.504204
v 0.091902 0.383457 0.786920
v -0.161272 0.332188 0.439995
v -0.198992 1.149082 0.612603
v -0.109759 1.288731 0.698052
v -0.025225 1.496739 0.508355
v 0.024435 1.402012 0.692681
v 0.114485 1.506504 0.618951
v 0.117719 1.588536 0.562799
v -0.025225 1.496739 0.508355
v 0.084699 1.674473 0.553033
v 0.074018 1.796543 0.555963
v 0.074018 1.796543 0.555963
v 0.092939 1.690098 0.480034
v 0.111250 1.606114 0.432915
v 0.027021 1.424473 0.424858
v 0.132307 1.192050 0.536920
v 0.047025 1.072911 0.644830
v 0.047025 1.072911 0.644830
v -0.094805 0.914219 0.363335
v -0.189715 1.001622 0.459526
v 0.014547 0.953770 0.616998
v 0.051527 0.834141 0.342583
v 0.027387 0.699375 0.522759
v -0.051104 0.216709 0.403374
v -0.271990 0.373936 -0.095039
v -0.246844 0.231846 -0.070137
v -0.069781 0.152378 0.016982
v -0.131121 1.451817 -0.237984
v -0.145403 1.687168 -0.385201
v -0.187151 1.717442 -0.405220
v -0.047747 1.691074 -0.664253
v -0.042925 1.565098 -0.665718
v -0.005816 1.483067 -0.747261
v 0.020002 1.485997 -0.762886
v -0.011614 1.463536 -0.730171
v -0.205828 1.142247 -0.321480
v -0.194475 0.900059 -0.119698
v -0.164934 0.800938 -0.142891
v -0.158587 0.682285 -0.162056
v -0.131121 0.589512 -0.169136
v -0.126482 0.506016 -0.160591
v -0.150774 0.349522 -0.269478
v -0.133318 0.513828 -0.261909
v -0.142351 0.563145 -0.262642
v -0.093401 0.571934 -0.249702
v -0.088152 0.518711 -0.248726
v -0.120623 0.354405 -0.296822
v -0.109881 0.183995 -0.327339
v -0.118914 0.118809 -0.358345
v -0.148333 0.105381 -0.327339
v -0.146136 0.068760 -0.310249
v -0.118792 0.078160 -0.286812
v -0.080767 0.107579 -0.358589
v -0.077715 0.083042 -0.390083
v -0.110003 0.055027 -0.440620
v -0.122942 0.072911 -0.424263
v -0.140642 0.080601 -0.418892
v -0.115740 0.153842 -0.267036
v -0.078326 0.084141 -0.301949
v -0.123064 0.035557 -0.424751
v -0.140642 0.080601 -0.418892
v -0.147723 0.050633 -0.439888
v -0.140642 0.080601 -0.418892
v -0.075396 0.345127 -0.244331
v -0.157000 0.037266 -0.406197
v -0.177019 0.046971 -0.410591
v -0.171892 0.079747 -0.352974
v -0.168963 0.033848 -0.349800
v -0.070574 0.032749 -0.376900
v 0.020002 1.262364 -0.550972
v -0.087786 0.587559 -0.206612
v -0.102923 0.664707 -0.292671
v -0.199114 0.078526 -0.123604
v -0.137347 0.096348 -0.007791
v -0.287859 0.051304 -0.320992
v -0.267596 0.095494 -0.164497
v -0.365740 0.033726 -0.231026
v -0.287859 0.051304 -0.320992
v -0.303728 0.065159 -0.299995
v -0.299090 0.023045 -0.296333
v -0.244890 0.042027 -0.030281
v -0.180926 0.104893 0.002227
v -0.172259 0.056492 0.110100
v -0.299090 0.023045 -0.296333
v -0.303728 0.065159 -0.299995
v -0.299090 0.023045 -0.296333
v -0.343035 0.048191 -0.321236
v -0.343035 0.048191 -0.321236
v -0.339861 0.072422 -0.309273
v -0.350848 0.061985 -0.283394
v -0.346941 0.023045 -0.277290
v -0.377703 0.043064 -0.285835
v -0.377703 0.043064 -0.285835
v -0.117693 1.944981 -0.533882
v -0.177752 2.040684 -0.528999
v -0.173968 1.906895 -0.449409
v -0.099871 1.799473 -0.575874
v -0.157976 1.787754 -0.440132
v 0.311994 0.373936 -0.095039
v 0.286848 0.231846 -0.070137
v 0.109785 0.152378 0.016982
v 0.171125 1.451817 -0.237984
v 0.020002 0.984043 -0.536324
v 0.185407 1.687168 -0.385201
v 0.160993 1.604161 -0.407173
v 0.020002 1.458653 -0.425728
v 0.020002 1.262364 -0.550972
v 0.020002 1.121739 -0.565132
v 0.245832 1.142247 -0.321480
v 0.204939 0.800938 -0.122139
v 0.204939 0.800938 -0.122139
v 0.198591 0.682285 -0.132271
v 0.171125 0.589512 -0.157539
v 0.190778 0.349522 -0.269478
v 0.173322 0.513828 -0.261909
v 0.182356 0.563145 -0.262642
v 0.128156 0.518711 -0.248726
v 0.133405 0.571934 -0.249702
v 0.160627 0.354405 -0.296822
v 0.149885 0.183995 -0.327339
v 0.158918 0.118809 -0.358345
v 0.188337 0.105381 -0.327339
v 0.186140 0.068760 -0.310249
v 0.158796 0.078160 -0.286812
v 0.120771 0.107579 -0.358589
v 0.117719 0.083042 -0.390083
v 0.162946 0.072911 -0.424263
v 0.150007 0.055027 -0.440620
v 0.180647 0.080601 -0.418892
v 0.155744 0.153842 -0.267036
v 0.118330 0.084141 -0.301949
v 0.163069 0.035557 -0.424751
v 0.180647 0.080601 -0.418892
v 0.180647 0.080601 -0.418892
v 0.187727 0.050633 -0.439888
v 0.115400 0.345127 -0.244331
v 0.197004 0.037266 -0.406197
v 0.217024 0.046971 -0.410591
v 0.211897 0.079747 -0.352974
v 0.208967 0.033848 -0.349800
v 0.110578 0.032749 -0.376900
v 0.196027 1.724278 -0.403023
v 0.227155 1.717442 -0.405220
v 0.087751 1.691074 -0.664253
v 0.082929 1.565098 -0.665718
v 0.020002 1.574863 -0.697456
v 0.045820 1.483067 -0.747261
v 0.051618 1.463536 -0.730171
v 0.127790 0.587559 -0.206612
v 0.142927 0.664707 -0.292671
v 0.177351 0.096348 -0.007791
v 0.239118 0.078526 -0.123604
v 0.327863 0.051304 -0.320992
v 0.307600 0.095494 -0.164497
v 0.405744 0.033726 -0.231026
v 0.343733 0.065159 -0.299995
v 0.327863 0.051304 -0.320992
v 0.339094 0.023045 -0.296333
v 0.284895 0.042027 -0.030281
v 0.220930 0.104893 0.002227
v 0.212263 0.056492 0.110100
v 0.343733 0.065159 -0.299995
v 0.339094 0.023045 -0.296333
v 0.383039 0.048191 -0.321236
v 0.339094 0.023045 -0.296333
v 0.383039 0.048191 -0.321236
v 0.379865 0.072422 -0.309273
v 0.390852 0.061985 -0.283394
v 0.386945 0.023045 -0.277290
v 0.417707 0.043064 -0.285835
v 0.417707 0.043064 -0.285835
v 0.217756 2.040684 -0.528999
v 0.157697 1.944981 -0.533882
v 0.213972 1.906895 -0.449409
v 0.139875 1.799473 -0.575874
v 0.197981 1.787754 -0.440132
v -0.001299 0.957675 -0.549507
v -0.004809 0.811680 -0.552925
v 0.020002 0.957675 -0.570503
v 0.020002 0.811680 -0.576851
v 0.041303 0.957675 -0.549507
v 0.044813 0.811680 -0.552925
v 0.008291 1.004550 -0.548531
v 0.031713 1.004550 -0.548531
v 0.020002 1.004550 -0.559761
v -0.177141 1.014317 -0.478462
v -0.180681 0.867832 -0.481636
v -0.155901 1.014317 -0.499214
v -0.155901 0.867832 -0.505562
v -0.134539 1.014317 -0.478462
v -0.131121 0.867832 -0.481636
v -0.167620 1.061192 -0.477242
v -0.144182 1.061192 -0.477242
v -0.155901 1.061192 -0.488472
v 0.220686 0.867832 -0.481636
v 0.217146 1.014317 -0.478462
v 0.195905 0.867832 -0.505562
v 0.195905 1.014317 -0.499214
v 0.171125 0.867832 -0.481636
v 0.174543 1.014317 -0.478462
v 0.207624 1.061192 -0.477242
v 0.184187 1.061192 -0.477242
v 0.195905 1.061192 -0.488472
v -0.123431 1.074864 -0.536812
v 0.023718 1.042637 -0.576851
v 0.017992 1.059239 -0.548531
v -0.129534 1.025059 -0.507515
v 0.018467 1.008457 -0.519234
v -0.113909 1.038731 -0.481148
v -0.134295 1.043614 -0.535347
v -0.228289 1.163731 -0.427437
v -0.197161 1.167637 -0.413277
v -0.107806 1.088536 -0.510445
v -0.207415 1.120762 -0.379829
v -0.238543 1.117832 -0.393990
v -0.275164 1.223300 -0.320747
v -0.249041 1.139317 -0.417671
v -0.219744 1.238925 -0.332222
v -0.230730 1.194981 -0.295601
v -0.257586 1.305332 -0.223457
v -0.236346 1.320957 -0.244820
v -0.252947 1.242832 -0.336861
v -0.246844 1.278965 -0.205635
v -0.208636 1.215489 -0.311470
v -0.214861 1.268223 -0.209175
v -0.183123 1.357090 -0.113106
v -0.174700 1.396153 -0.155098
v -0.148943 1.377598 -0.167183
v -0.204363 1.309239 -0.248238
v -0.157366 1.338536 -0.125191
v -0.094195 1.403965 -0.053841
v -0.191790 1.385411 -0.127998
v -0.089312 1.441075 -0.098030
v -0.074480 1.417637 -0.116890
v -0.140276 1.349278 -0.152290
v -0.079363 1.379550 -0.072701
v 0.012331 1.417637 -0.034036
v -0.099139 1.434239 -0.066536
v 0.019146 1.455723 -0.077766
v 0.030607 1.428379 -0.100533
v -0.069536 1.386387 -0.104256
v 0.023176 1.392247 -0.054085
v 0.010381 1.448887 -0.046211
v 0.131513 1.441075 -0.098030
v 0.019146 1.455723 -0.077766
v 0.116682 1.417637 -0.116890
v 0.030607 1.428379 -0.100533
v 0.136335 1.403965 -0.053841
v 0.023176 1.392247 -0.054085
v 0.121565 1.379550 -0.072701
v 0.141340 1.434239 -0.066536
v 0.216902 1.396153 -0.155098
v 0.191145 1.377598 -0.167183
v 0.225324 1.357090 -0.113106
v 0.111677 1.386387 -0.104256
v 0.199568 1.338536 -0.125191
v 0.289045 1.278965 -0.205635
v 0.233991 1.385411 -0.127998
v 0.278547 1.320957 -0.244820
v 0.182478 1.349278 -0.152290
v 0.257063 1.268223 -0.209175
v 0.306135 1.199864 -0.300240
v 0.317365 1.223300 -0.320747
v 0.299787 1.305332 -0.223457
v 0.261945 1.238925 -0.332222
v 0.246565 1.309239 -0.248238
v 0.272932 1.194981 -0.295601
v 0.291242 1.139317 -0.417671
v 0.239362 1.167637 -0.413277
v 0.250837 1.215489 -0.311470
v 0.249616 1.120762 -0.379829
v 0.280744 1.117832 -0.393990
v 0.170271 1.076817 -0.534859
v 0.145490 1.086582 -0.514351
v 0.176252 1.027989 -0.503609
v 0.151350 1.037754 -0.483101
v 0.024191 0.992832 -0.548042
v 0.026819 1.009434 -0.576363
v 0.185652 1.047520 -0.528999
v 0.023718 1.042637 -0.576851
v 0.017992 1.059239 -0.548531
v 0.018467 1.008457 -0.519234
vn 0.7210 0.1769 0.6699
vn 0.7835 -0.2042 0.5868
vn 0.8029 0.0221 0.5958
vn -0.7739 -0.5367 0.3363
vn -0.7513 -0.6031 0.2682
vn -0.9336 -0.2088 0.2913
vn -0.6879 -0.6480 0.3269
vn 0.8054 -0.5718 0.1562
vn -0.9577 0.2808 0.0626
vn -0.3575 -0.0160 0.9338
vn -0.9334 -0.2618 0.2454
vn -0.6022 0.0001 0.7984
vn 0.4328 -0.7181 0.5450
vn 0.1187 -0.7730 0.6233
vn -0.7062 -0.4724 0.5274
vn -0.5963 -0.6129 0.5185
vn -0.4826 -0.4058 0.7762
vn -0.2102 -0.5065 0.8362
vn 0.0009 -0.3857 0.9226
vn -0.1113 -0.8057 0.5818
vn -0.0345 -0.4794 0.8769
vn -0.3436 -0.7881 0.5108
vn -0.4565 -0.1419 -0.8784
vn -0.0979 -0.1854 -0.9778
vn -0.3021 -0.0899 -0.9490
vn -0.2535 -0.1005 -0.9621
vn -0.6050 -0.0848 -0.7917
vn -0.9799 0.1034 -0.1706
vn -0.6220 0.1822 -0.7615
vn -0.1842 -0.1798 -0.9663
vn 0.1614 -0.2599 -0.9521
vn -0.7650 0.5345 -0.3593
vn -0.9021 0.4245 0.0775
vn 0.6223 -0.1809 -0.7616
vn 0.5035 -0.1535 -0.8503
vn -0.6842 0.7290 -0.0193
vn -0.6812 0.6059 0.4108
vn -0.6810 0.7102 0.1783
vn -0.5135 -0.1292 0.8483
vn -0.6813 0.6059 0.4108
vn -0.6368 0.1962 0.7457
vn -0.8109 -0.4811 0.3331
vn -0.3183 0.6529 0.6873
vn -0.5336 0.7103 0.4591
vn 0.1370 0.2439 0.9601
vn -0.2247 0.3608 0.9052
vn -0.0316 0.0052 0.9995
vn -0.0637 0.7151 0.6961
vn -0.1056 0.6205 0.7771
vn -0.0395 0.5266 0.8492
vn 0.7224 -0.0386 0.6904
vn 0.8553 0.2573 0.4498
vn 0.7655 0.1995 0.6117
vn 0.2040 0.6958 0.6886
vn 0.6851 0.4062 0.6048
vn 0.6850 0.4062 0.6048
vn 0.8650 0.4890 0.1128
vn 0.6368 0.6372 0.4341
vn 0.7412 0.5643 -0.3634
vn 0.7288 0.6677 -0.1518
vn 0.5140 0.6503 -0.5594
vn 0.9693 0.1791 -0.1685
vn 0.6817 0.3720 -0.6300
vn 0.2705 0.5073 -0.8182
vn -0.0379 0.5604 -0.8273
vn 0.0511 0.0466 -0.9976
vn -0.3626 -0.0671 -0.9295
vn -0.8041 0.0754 -0.5897
vn -0.4175 0.1487 -0.8964
vn 0.7385 -0.4617 -0.4914
vn 0.8787 -0.3118 -0.3615
vn 0.9044 -0.3838 -0.1865
vn 0.8058 -0.5737 -0.1470
vn 0.6041 -0.3000 -0.7383
vn 0.6615 -0.0180 -0.7497
vn 0.2085 -0.5720 -0.7934
vn 0.1043 -0.2071 -0.9727
vn 0.5981 -0.4890 -0.6349
vn 0.6983 -0.7123 -0.0709
vn 0.1204 -0.1026 -0.9874
vn -0.2761 -0.4063 -0.8710
vn 0.7678 -0.4617 -0.4442
vn 0.5179 -0.8554 0.0060
vn 0.2286 -0.8507 0.4734
vn -0.1510 -0.9170 0.3692
vn -0.4047 -0.7837 0.4712
vn 0.8762 -0.4621 -0.1365
vn 0.0942 -0.6133 -0.7842
vn -0.5967 -0.5967 -0.5366
vn -0.0767 -0.4800 -0.8739
vn -0.5497 -0.4005 -0.7331
vn -0.8853 -0.0699 -0.4598
vn 0.0661 -0.4012 0.9136
vn 0.6113 -0.4564 0.6465
vn -0.6987 -0.6354 0.3288
vn -0.9760 0.2100 0.0574
vn -0.9388 0.3264 -0.1097
vn -0.7744 0.5120 0.3717
vn -0.0485 -0.2888 0.9562
vn -0.0647 -0.2322 0.9705
vn -0.3357 -0.5005 0.7980
vn -0.4322 0.5018 -0.7492
vn -0.6543 0.6832 -0.3243
vn -0.5006 0.4674 -0.7287
vn -0.7101 0.6069 0.3570
vn -0.6094 0.6654 0.4311
vn -0.4918 0.7019 0.5152
vn -0.5116 0.6235 0.5912
vn -0.4900 0.2112 0.8457
vn 0.4239 0.3725 0.8256
vn 0.4572 0.3901 0.7993
vn 0.2243 0.1131 0.9679
vn 0.2286 0.1457 0.9625
vn 0.0373 -0.1479 0.9883
vn 0.5167 0.4806 0.7085
vn 0.5856 0.4507 0.6738
vn 0.6260 0.4360 0.6466
vn -0.4900 0.2112 0.8458
vn -0.3926 0.0174 0.9195
vn -0.3875 0.0577 0.9201
vn -0.4116 -0.0490 0.9100
vn 0.7260 0.2159 0.6529
vn 0.7261 0.2074 0.6556
vn -0.4191 -0.0582 0.9061
vn 0.7675 0.0518 0.6389
vn -0.4191 -0.0584 0.9061
vn 0.7674 -0.3560 0.5333
vn 0.7335 -0.2287 0.6400
vn 0.6437 -0.2633 0.7186
vn 0.6452 -0.3298 0.6891
vn 0.6197 -0.3042 0.7234
vn 0.6017 -0.3297 0.7275
vn 0.5954 -0.3937 0.7003
vn -0.7241 -0.4734 0.5016
vn -0.7404 -0.4726 0.4780
vn -0.7481 -0.4528 0.4851
vn -0.7321 -0.3630 0.5764
vn -0.7425 -0.3577 0.5663
vn -0.4565 -0.1170 0.8820
vn 0.5627 0.0003 0.8266
vn 0.3646 -0.4913 0.7910
vn -0.2642 0.0159 0.9643
vn -0.9085 0.2233 0.3532
vn -0.8861 -0.0915 0.4544
vn -0.9666 0.1930 0.1688
vn -0.8968 0.4422 0.0113
vn -0.8674 0.4975 -0.0033
vn -0.8357 0.5473 -0.0449
vn -0.8303 0.5556 -0.0428
vn 0.6561 0.1916 0.7300
vn 0.5387 -0.0617 0.8403
vn -0.0395 0.5267 0.8491
vn -0.0877 -0.2039 0.9751
vn 0.5387 -0.0617 0.8402
vn -0.7154 -0.5452 0.4369
vn -0.6803 -0.7022 0.2100
vn -0.7849 -0.6192 -0.0222
vn -0.5373 -0.6928 0.4811
vn -0.4225 -0.4194 0.8035
vn -0.7174 -0.3423 0.6068
vn -0.8657 -0.2999 0.4007
vn -0.5913 -0.7521 -0.2908
vn -0.8999 -0.3801 -0.2139
vn -0.8572 -0.1202 -0.5008
vn -0.3437 -0.7880 0.5108
vn -0.0000 0.5624 0.8269
vn -0.5177 0.1714 0.8382
vn -0.0000 0.2217 0.9751
vn -0.0000 -0.0656 0.9978
vn -0.4994 -0.0978 0.8609
vn -0.0000 -0.3375 0.9413
vn -0.8467 -0.2114 0.4883
vn -0.5137 -0.3127 0.7990
vn -0.5094 -0.4677 0.7224
vn -0.8067 -0.4510 0.3820
vn -0.8987 -0.4364 0.0440
vn -0.7649 -0.5331 0.3616
vn -0.6957 -0.6754 0.2445
vn -0.8803 -0.3815 0.2820
vn -0.6450 -0.5825 -0.4946
vn -0.7972 -0.4634 -0.3870
vn -0.9733 -0.2189 0.0697
vn 0.0858 -0.3703 -0.9249
vn 0.2390 -0.5207 -0.8196
vn 0.5848 -0.3277 -0.7420
vn 0.5399 -0.1660 -0.8252
vn 0.5798 -0.5762 -0.5760
vn 0.0509 0.0657 -0.9965
vn -0.3473 0.0406 -0.9369
vn -0.9834 -0.1220 -0.1343
vn -0.1778 -0.2003 -0.9635
vn -0.4042 0.5875 -0.7010
vn 0.4763 -0.6719 -0.5672
vn -0.9265 0.2624 -0.2698
vn -0.9412 0.2504 0.2267
vn -0.6856 0.7233 0.0827
vn -0.1406 0.9600 -0.2421
vn 0.2521 0.6527 -0.7145
vn 0.5655 0.2855 -0.7738
vn 0.4190 0.8240 -0.3814
vn 0.6883 0.4223 -0.5898
vn 0.6726 -0.0067 -0.7400
vn -0.1745 0.9810 0.0848
vn -0.6691 0.6137 0.4193
vn 0.3267 -0.8350 -0.4428
vn 0.1898 -0.7743 -0.6037
vn 0.3906 -0.6039 -0.6948
vn -0.5636 0.6826 0.4652
vn -0.4585 0.5406 0.7053
vn -0.7420 0.3436 0.5757
vn -0.8760 0.0004 0.4822
vn 0.4304 -0.4535 -0.7805
vn -0.5330 -0.2557 -0.8066
vn -0.0000 -0.3023 -0.9532
vn -0.2946 -0.3254 -0.8985
vn -0.4645 -0.1554 -0.8719
vn -0.5121 -0.3809 -0.7698
vn -0.0000 -0.6395 -0.7688
vn 0.4304 -0.4535 -0.7804
vn -0.0000 -0.7444 -0.6677
vn -0.7161 0.0221 -0.6976
vn -0.7680 -0.1940 -0.6104
vn -0.4834 -0.5163 -0.7069
vn -0.0000 -0.5768 -0.8169
vn -0.4084 -0.7057 -0.5789
vn -0.7757 -0.3886 -0.4972
vn -0.9344 -0.2144 -0.2846
vn -0.9819 -0.1732 -0.0759
vn -0.9792 0.1339 0.1525
vn -0.7388 0.3144 0.5962
vn -0.6690 0.6137 0.4193
vn -0.0000 0.5529 0.8333
vn -0.6540 0.2248 0.7223
vn -0.9831 -0.0925 0.1583
vn -0.7946 0.0268 0.6065
vn -0.9166 -0.3024 -0.2617
vn -0.7393 -0.4766 -0.4758
vn -0.4205 -0.7888 -0.4484
vn -0.6811 0.1809 0.7095
vn -0.5704 0.2823 0.7713
vn -0.3516 0.2502 0.9021
vn -0.5400 0.3443 0.7680
vn -0.9216 -0.1096 0.3724
vn -0.8391 0.4886 0.2390
vn -0.9423 0.2698 0.1983
vn -0.6492 0.3701 0.6645
vn -0.9518 0.0767 0.2970
vn -0.9204 -0.2363 -0.3116
vn -0.7957 0.4935 -0.3511
vn -0.7798 0.4183 -0.4657
vn -0.8030 0.1482 -0.5773
vn -0.8359 0.4691 -0.2850
vn -0.6914 0.4820 -0.5382
vn -0.7228 0.2793 -0.6321
vn -0.8660 0.0149 -0.4998
vn -0.6615 -0.0046 -0.7499
vn -0.6702 0.1909 -0.7172
vn -0.7978 -0.1576 -0.5820
vn -0.6264 -0.2403 -0.7415
vn -0.3827 -0.3171 -0.8677
vn -0.6810 -0.4119 -0.6054
vn -0.5061 -0.5190 -0.6888
vn -0.0000 -0.5857 -0.8105
vn -0.8035 -0.1384 0.5789
vn -0.8007 -0.5522 0.2324
vn -0.6402 -0.6715 -0.3732
vn -0.6542 -0.3223 -0.6842
vn -0.1919 -0.3747 -0.9071
vn -0.5591 -0.4620 0.6885
vn -0.7346 -0.6775 0.0370
vn -0.4900 -0.8717 -0.0022
vn -0.0000 -0.7386 -0.6741
vn -0.4059 0.0439 0.9128
vn 0.1503 -0.3927 -0.9073
vn 0.0657 0.0217 -0.9976
vn 0.3032 -0.7634 -0.5704
vn -0.7765 0.2292 0.5870
vn -0.6281 0.2760 0.7275
vn -0.5864 0.4397 0.6803
vn -0.4348 0.5285 0.7291
vn -0.6998 -0.7126 -0.0494
vn -0.0000 -0.9893 -0.1458
vn -0.4789 0.4854 0.7315
vn -0.9796 0.1059 0.1708
vn -0.0000 -0.9557 0.2942
vn -0.5535 -0.8273 0.0956
vn -0.0000 -0.9993 -0.0376
vn -0.0000 0.6695 0.7428
vn -0.0000 0.5781 0.8160
vn -0.0000 0.4179 0.9085
vn -0.2518 0.7468 0.6155
vn -0.0000 0.8504 0.5261
vn 0.2179 0.8815 0.4190
vn -0.0000 0.9878 0.1557
vn 0.2546 0.9246 -0.2833
vn -0.0000 0.9752 -0.2213
vn -0.0000 0.7712 -0.6366
vn -0.0905 0.5416 -0.8357
vn -0.2635 0.4852 -0.8337
vn -0.0000 0.4708 -0.8822
vn -0.7550 0.1452 -0.6395
vn -0.6386 0.2602 -0.7242
vn -0.8913 0.1035 -0.4415
vn -0.8892 -0.0198 -0.4570
vn -0.9115 0.0587 -0.4070
vn -0.8531 -0.1484 -0.5002
vn -0.8039 -0.0566 -0.5921
vn -0.8776 -0.2177 -0.4270
vn -0.8465 -0.1474 -0.5116
vn -0.6965 -0.0188 -0.7173
vn -0.9243 0.0433 -0.3793
vn -0.9412 0.3033 -0.1486
vn -0.9240 0.3453 -0.1641
vn -0.7054 0.7038 0.0841
vn -0.2086 0.9749 -0.0782
vn -0.9583 -0.1775 -0.2240
vn -0.9237 -0.2410 -0.2977
vn -0.8507 0.0038 -0.5256
vn -0.7296 -0.3570 -0.5832
vn -0.4493 0.1032 -0.8874
vn -0.5971 -0.2105 -0.7740
vn -0.0000 0.1194 -0.9929
vn -0.0001 0.2753 -0.9613
vn -0.0740 0.3265 -0.9423
vn -0.0243 0.4660 -0.8845
vn 0.3373 -0.1220 0.9335
vn 0.4475 -0.5204 0.7272
vn 0.3724 -0.7795 0.5037
vn -0.7251 0.3034 -0.6182
vn -0.7897 -0.4455 -0.4218
vn 0.3276 -0.8655 0.3789
vn 0.2024 0.1341 0.9701
vn -0.0000 0.4329 0.9014
vn 0.4076 0.5210 0.7499
vn -0.0000 0.5615 0.8275
vn -0.5535 -0.8274 0.0956
vn 0.3105 0.8645 0.3952
vn -0.0000 0.7341 0.6790
vn -0.0000 0.9812 0.1932
vn -0.8662 0.4372 0.2421
vn -0.8289 0.1857 0.5277
vn -0.9970 0.0339 0.0691
vn -0.8615 -0.1532 0.4841
vn -0.9768 -0.2003 -0.0753
vn -0.9509 -0.2852 -0.1205
vn -0.8761 0.0134 -0.4819
vn -0.6844 -0.1763 -0.7075
vn -0.7107 0.2921 -0.6400
vn -0.8415 0.3322 -0.4260
vn -0.3821 0.1707 -0.9082
vn -0.9216 -0.1096 0.3725
vn -0.7364 -0.2582 0.6253
vn -0.0107 0.3724 -0.9280
vn 0.0061 0.2346 -0.9721
vn -0.1545 -0.0780 -0.9849
vn -0.5956 -0.3582 -0.7190
vn -0.9554 -0.2932 -0.0339
vn -0.7586 -0.2358 0.6074
vn 0.1736 -0.0931 -0.9804
vn -0.3465 -0.2314 0.9091
vn -0.3448 -0.3101 0.8860
vn 0.5486 0.0230 0.8357
vn 0.7301 0.0175 0.6831
vn 0.6203 -0.0926 0.7788
vn 0.5800 0.1538 0.8000
vn -0.5811 -0.1023 0.8074
vn -0.9114 -0.1077 0.3972
vn -0.8219 -0.1306 0.5545
vn -0.9557 -0.0872 -0.2812
vn -0.3316 -0.0302 0.9430
vn -0.4297 -0.3114 0.8476
vn -0.9528 -0.1799 0.2445
vn 0.6678 -0.0147 0.7442
vn 0.3281 -0.3421 0.8805
vn -0.3315 -0.0302 0.9430
vn 0.6678 -0.0146 0.7442
vn 0.7430 0.1613 0.6496
vn -0.5967 0.1240 -0.7928
vn -0.6774 0.1112 -0.7271
vn -0.5051 0.2204 -0.8345
vn -0.9212 -0.1878 -0.3406
vn -0.6637 -0.2292 -0.7120
vn -0.7274 -0.0220 -0.6859
vn 0.2450 -0.2153 0.9453
vn -0.2645 -0.1322 0.9553
vn 0.5848 -0.3342 0.7391
vn -0.2850 0.1492 0.9468
vn -0.2826 0.1899 0.9402
vn 0.9728 0.0152 -0.2313
vn 0.9823 0.0939 -0.1621
vn 0.9860 0.0667 -0.1527
vn 0.9961 0.0859 0.0200
vn 0.6716 0.1380 -0.7279
vn 0.8039 0.1440 -0.5771
vn 0.4407 0.1965 -0.8759
vn 0.9955 0.0441 -0.0838
vn 0.7001 0.2380 -0.6732
vn 0.9736 0.0859 -0.2116
vn 0.9901 0.0926 -0.1054
vn -0.1912 0.1538 0.9694
vn -0.2619 -0.3847 0.8851
vn 0.0679 -0.4898 0.8692
vn -0.9923 0.0717 -0.1011
vn -0.6928 0.6026 -0.3960
vn -0.6838 0.6237 -0.3787
vn -0.8603 0.5093 -0.0227
vn -0.8603 0.5092 -0.0227
vn -0.8269 0.0467 0.5603
vn -0.8788 0.1481 0.4537
vn -0.9064 -0.0418 0.4203
vn -0.5238 -0.1955 0.8291
vn 0.2919 -0.8461 0.4461
vn 0.1846 -0.8478 0.4971
vn 0.2686 -0.7588 0.5933
vn 0.7801 0.4615 -0.4225
vn -0.1317 -0.4663 0.8748
vn 0.4745 0.7194 -0.5072
vn 0.2022 0.6303 -0.7496
vn 0.9320 0.0378 -0.3605
vn 0.9191 0.0274 -0.3931
vn -0.2056 0.8573 -0.4720
vn -0.2056 0.8573 -0.4719
vn 0.6597 -0.0249 -0.7511
vn 0.2401 0.7971 -0.5540
vn 0.6450 -0.0121 0.7641
vn 0.7785 -0.0107 0.6276
vn 0.4516 -0.0131 0.8921
vn 0.2850 -0.0135 0.9584
vn 0.0191 -0.2420 0.9701
vn 0.3808 -0.2427 0.8922
vn 0.6630 -0.1950 0.7227
vn 0.8587 -0.2499 0.4475
vn -0.6337 -0.3378 0.6959
vn 0.8891 -0.2177 0.4026
vn 0.9395 -0.3155 0.1335
vn 0.8667 -0.1924 0.4602
vn 0.1273 -0.0760 0.9889
vn 0.3620 -0.2381 0.9013
vn 0.9955 0.0440 -0.0838
vn 0.2171 0.0058 -0.9761
vn -0.6407 0.4475 -0.6239
vn -0.9089 0.3920 -0.1421
vn -0.6407 0.4475 -0.6238
vn -0.9534 -0.0402 0.2990
vn 0.8585 0.0193 -0.5125
vn 0.8966 -0.0164 -0.4425
vn 0.9104 -0.1662 -0.3788
vn 0.0067 -0.9610 0.2766
vn 0.1217 -0.9136 0.3880
vn 0.0808 -0.9409 -0.3290
vn 0.4417 -0.7260 -0.5271
vn -0.2368 -0.9571 -0.1667
vn -0.2726 -0.8662 -0.4187
vn -0.4067 -0.9026 -0.1410
vn 0.2095 -0.7932 0.5717
vn -0.0000 0.2794 0.9602
vn -0.0000 0.2690 0.9632
vn -0.0000 0.3811 0.9245
vn -0.0000 0.4138 -0.9104
vn -0.0000 0.8212 -0.5706
vn -0.3680 0.6755 -0.6390
vn -0.5686 0.1101 -0.8152
vn -0.4727 0.5940 -0.6509
vn -0.0000 0.1547 -0.9880
vn -0.0000 0.9948 -0.1021
vn -0.5281 0.5710 -0.6286
vn -0.5472 0.1258 -0.8275
vn -0.0000 0.9857 0.1685
vn -0.5286 -0.0515 -0.8473
vn -0.4462 -0.6850 -0.5760
vn -0.0000 -0.7633 -0.6461
vn -0.5190 -0.6215 -0.5868
vn -0.0000 -0.7488 -0.6628
vn -0.0000 -0.7523 -0.6588
vn 0.9584 -0.2232 -0.1781
vn 0.6276 -0.3925 -0.6723
vn 0.5399 -0.3259 -0.7761
vn 0.0968 -0.3482 -0.9324
vn -0.6393 0.3099 0.7037
vn -0.4529 -0.4062 -0.7937
vn -0.0048 -0.2818 -0.9595
vn -0.5706 0.7603 0.3103
vn -0.9130 0.0967 0.3964
vn -0.9202 -0.0309 0.3901
vn -0.8982 -0.1723 0.4045
vn 0.1226 0.9740 -0.1905
vn 0.1382 0.9652 -0.2222
vn 0.3215 0.9247 -0.2040
vn 0.2035 0.9769 0.0646
vn -0.1267 0.9890 -0.0765
vn -0.6289 -0.5700 0.5288
vn -0.5253 -0.6193 0.5836
vn -0.8804 -0.1325 0.4553
vn -0.8657 0.2836 0.4126
vn 0.1131 -0.7879 0.6054
vn -0.0799 -0.7580 0.6474
vn -0.4735 0.8239 0.3115
vn -0.6538 0.6204 0.4332
vn -0.8036 0.5810 0.1290
vn -0.8352 -0.1159 0.5376
vn -0.8976 0.0671 0.4357
vn -0.6564 -0.6284 0.4174
vn -0.7658 -0.3646 0.5297
vn -0.8346 -0.2950 0.4652
vn 0.6982 0.6243 -0.3502
vn 0.4465 0.8944 -0.0251
vn 0.3449 0.9356 -0.0758
vn -0.8319 -0.1383 -0.5374
vn 0.1947 -0.6877 -0.6994
vn 0.5610 -0.3103 -0.7674
vn 0.5403 0.8411 0.0254
vn -0.8584 0.0073 0.5129
vn -0.7689 0.4892 0.4116
vn -0.7914 0.4214 0.4429
vn -0.9117 0.0130 0.4107
vn -0.6525 -0.5286 0.5430
vn -0.3157 -0.6781 0.6637
vn -0.6678 0.6576 0.3487
vn -0.6675 0.6545 0.3551
vn 0.3977 0.1996 -0.8955
vn 0.4829 -0.0229 -0.8754
vn 0.1990 0.8429 0.5000
vn -0.4968 -0.3310 0.8022
vn -0.3098 -0.5559 0.7714
vn -0.8707 0.4554 -0.1860
vn -0.9723 0.0653 -0.2245
vn -0.7895 0.5548 -0.2622
vn -0.9798 -0.1230 -0.1575
vn 0.1831 -0.1343 -0.9739
vn -0.5056 0.7683 -0.3926
vn -0.9720 0.0705 0.2242
vn -0.8500 -0.4979 0.1719
vn -0.9289 -0.3591 -0.0911
vn -0.0000 -0.5525 0.8335
vn 0.8587 -0.2500 0.4475
vn 0.6272 0.5892 0.5094
vn 0.3720 0.5166 0.7712
vn 0.5467 0.6512 0.5264
vn 0.7634 0.6455 -0.0235
vn -0.1729 -0.1674 0.9706
vn -0.1354 -0.2614 0.9557
vn -0.1596 -0.1499 0.9757
vn 0.2148 0.5331 0.8183
vn 0.9419 -0.2521 -0.2220
vn 0.7364 0.0463 -0.6749
vn 0.6855 -0.5211 -0.5085
vn -0.0236 -0.2914 0.9563
vn -0.0015 -0.4986 0.8668
vn 0.6616 -0.1479 0.7352
vn 0.8873 0.2334 0.3978
vn 0.8824 0.1531 0.4449
vn 0.9454 0.2583 0.1985
vn 0.9686 0.1812 0.1705
vn 0.9484 0.1850 0.2574
vn 0.9346 0.3478 -0.0751
vn 0.9057 0.2678 0.3285
vn 0.8663 0.4188 0.2722
vn 0.8859 -0.3754 0.2726
vn 0.8944 0.2197 0.3895
vn 0.8055 -0.4549 0.3797
vn 0.9867 0.1453 0.0732
vn 0.9795 0.1069 0.1707
vn -0.0000 -0.3537 -0.9354
vn 0.5177 0.1714 0.8382
vn 0.4994 -0.0978 0.8609
vn 0.8467 -0.2114 0.4883
vn 0.5137 -0.3127 0.7990
vn 0.5094 -0.4677 0.7224
vn 0.8067 -0.4510 0.3820
vn 0.8987 -0.4364 0.0440
vn 0.7649 -0.5331 0.3616
vn 0.6957 -0.6754 0.2445
vn 0.8803 -0.3815 0.2820
vn 0.6450 -0.5825 -0.4946
vn 0.7972 -0.4634 -0.3870
vn 0.9733 -0.2189 0.0697
vn -0.0858 -0.3703 -0.9249
vn -0.2390 -0.5207 -0.8196
vn -0.5848 -0.3277 -0.7420
vn -0.5399 -0.1660 -0.8252
vn -0.5798 -0.5762 -0.5760
vn -0.0509 0.0657 -0.9965
vn 0.3473 0.0406 -0.9369
vn 0.9834 -0.1220 -0.1343
vn 0.1778 -0.2003 -0.9635
vn 0.4042 0.5875 -0.7010
vn -0.4763 -0.6719 -0.5672
vn 0.9265 0.2624 -0.2698
vn 0.9412 0.2504 0.2267
vn 0.6856 0.7233 0.0827
vn 0.1406 0.9600 -0.2421
vn -0.2521 0.6527 -0.7145
vn -0.5655 0.2855 -0.7738
vn -0.4190 0.8240 -0.3814
vn -0.6883 0.4223 -0.5898
vn -0.6726 -0.0067 -0.7400
vn 0.1745 0.9810 0.0848
vn 0.6690 0.6137 0.4193
vn -0.3267 -0.8350 -0.4428
vn 0.5636 0.6826 0.4652
vn 0.4585 0.5406 0.7053
vn 0.7420 0.3436 0.5757
vn 0.8760 0.0004 0.4822
vn -0.4304 -0.4535 -0.7804
vn -0.3906 -0.6039 -0.6948
vn -0.1898 -0.7743 -0.6037
vn 0.5330 -0.2557 -0.8066
vn 0.2946 -0.3254 -0.8985
vn 0.4645 -0.1554 -0.8719
vn 0.5121 -0.3809 -0.7698
vn 0.7161 0.0221 -0.6976
vn 0.7680 -0.1940 -0.6104
vn 0.4834 -0.5163 -0.7069
vn 0.4084 -0.7057 -0.5789
vn 0.7757 -0.3886 -0.4972
vn 0.9344 -0.2144 -0.2846
vn 0.9824 -0.1690 -0.0798
vn 0.9792 0.1339 0.1525
vn 0.7388 0.3144 0.5962
vn 0.6540 0.2248 0.7223
vn 0.9856 -0.1022 0.1348
vn 0.7928 0.0333 0.6085
vn 0.9506 -0.3091 -0.0276
vn 0.7496 -0.4617 -0.4743
vn 0.4205 -0.7888 -0.4484
vn 0.6811 0.1809 0.7095
vn 0.5704 0.2823 0.7713
vn 0.3516 0.2502 0.9021
vn 0.5400 0.3443 0.7680
vn 0.9126 -0.1174 0.3916
vn 0.8391 0.4886 0.2390
vn 0.9423 0.2698 0.1983
vn 0.6492 0.3701 0.6645
vn 0.9518 0.0767 0.2970
vn 0.9204 -0.2363 -0.3116
vn 0.7957 0.4935 -0.3511
vn 0.7798 0.4183 -0.4657
vn 0.8030 0.1482 -0.5773
vn 0.8359 0.4691 -0.2850
vn 0.6914 0.4820 -0.5382
vn 0.7228 0.2793 -0.6321
vn 0.8660 0.0149 -0.4998
vn 0.6615 -0.0046 -0.7499
vn 0.6702 0.1909 -0.7172
vn 0.7978 -0.1576 -0.5820
vn 0.6264 -0.2403 -0.7415
vn 0.5042 -0.2347 -0.8311
vn 0.6811 -0.4119 -0.6054
vn 0.5061 -0.5190 -0.6888
vn 0.8035 -0.1385 0.5789
vn 0.7765 0.2292 0.5870
vn 0.5864 0.4397 0.6803
vn 0.4348 0.5285 0.7291
vn 0.7182 0.3098 0.6230
vn -0.1503 -0.3927 -0.9073
vn -0.3996 -0.7876 -0.4690
vn -0.0656 0.0218 -0.9976
vn 0.5591 -0.4620 0.6885
vn 0.4059 0.0439 0.9128
vn 0.7793 -0.5400 0.3179
vn 0.7346 -0.6775 0.0371
vn 0.4900 -0.8717 -0.0022
vn 0.7768 -0.5200 -0.3551
vn 0.6402 -0.6715 -0.3732
vn 0.6542 -0.3223 -0.6842
vn 0.6998 -0.7126 -0.0494
vn 0.4789 0.4854 0.7315
vn 0.9796 0.1059 0.1708
vn 0.5535 -0.8274 0.0956
vn 0.5686 0.1101 -0.8152
vn 0.4387 -0.0815 -0.8949
vn 0.3680 0.6755 -0.6390
vn 0.4727 0.5940 -0.6509
vn 0.5281 0.5710 -0.6286
vn 0.5472 0.1258 -0.8275
vn 0.5286 -0.0515 -0.8473
vn 0.8289 0.1857 0.5277
vn 0.8662 0.4372 0.2421
vn 0.9970 0.0339 0.0691
vn 0.8689 -0.1495 0.4719
vn 0.9768 -0.2003 -0.0753
vn 0.9511 -0.2863 -0.1157
vn 0.8761 0.0134 -0.4819
vn 0.6844 -0.1763 -0.7075
vn 0.7107 0.2921 -0.6400
vn 0.8415 0.3322 -0.4260
vn 0.3821 0.1707 -0.9082
vn 0.8469 -0.2203 0.4839
vn 0.6703 0.1909 -0.7172
vn 0.0107 0.3724 -0.9280
vn -0.0061 0.2346 -0.9721
vn 0.1545 -0.0780 -0.9849
vn 0.5956 -0.3582 -0.7190
vn 0.9553 -0.2842 -0.0816
vn 0.8391 -0.2249 0.4953
vn -0.1736 -0.0931 -0.9804
vn 0.6770 -0.0985 0.7293
vn -0.7696 0.0249 0.6380
vn -0.7834 -0.0111 0.6214
vn -0.8226 0.0449 0.5669
vn -0.6992 0.1187 0.7050
vn 0.6308 -0.2302 0.7410
vn 0.9340 -0.1412 0.3283
vn 0.8274 -0.1555 0.5396
vn 0.9557 -0.0872 -0.2812
vn 0.1257 -0.1991 0.9719
vn 0.4297 -0.3114 0.8476
vn 0.9528 -0.1799 0.2445
vn -0.6877 -0.0472 0.7245
vn -0.9396 0.1353 0.3142
vn 0.5967 0.1239 -0.7928
vn 0.6774 0.1112 -0.7271
vn 0.5051 0.2203 -0.8345
vn 0.9212 -0.1878 -0.3406
vn 0.6637 -0.2292 -0.7120
vn 0.7274 -0.0220 -0.6859
vn -0.2450 -0.2153 0.9453
vn -0.5848 -0.3342 0.7392
vn 0.2645 -0.1322 0.9553
vn 0.2850 0.1492 0.9468
vn 0.2826 0.1899 0.9402
vn 0.8061 0.0049 0.5917
vn 0.9823 -0.0939 0.1621
vn 0.9860 -0.0667 0.1527
vn -0.9397 0.1353 0.3142
vn -0.6716 0.1380 -0.7279
vn -0.9961 0.0859 0.0200
vn -0.8039 0.1440 -0.5771
vn -0.4407 0.1965 -0.8759
vn -0.9955 0.0441 -0.0839
vn -0.7001 0.2380 -0.6732
vn -0.7001 0.2379 -0.6732
vn -0.9736 0.0859 -0.2116
vn -0.9901 0.0926 -0.1054
vn 0.1913 0.1538 0.9694
vn -0.0679 -0.4898 0.8692
vn 0.2619 -0.3847 0.8851
vn 0.9923 0.0717 -0.1011
vn 0.6928 0.6026 -0.3960
vn 0.6838 0.6237 -0.3787
vn 0.8603 0.5093 -0.0226
vn 0.8603 0.5093 -0.0227
vn 0.8788 0.1481 0.4537
vn 0.8269 0.0467 0.5603
vn 0.9064 -0.0418 0.4203
vn 0.5238 -0.1955 0.8291
vn -0.2919 -0.8461 0.4461
vn -0.2686 -0.7588 0.5933
vn -0.1846 -0.8478 0.4971
vn -0.7801 0.4615 -0.4225
vn 0.1317 -0.4663 0.8748
vn -0.4745 0.7194 -0.5072
vn -0.2022 0.6303 -0.7496
vn 0.9320 -0.0378 0.3606
vn 0.9191 -0.0274 0.3931
vn 0.9619 -0.0477 0.2693
vn 0.2056 0.8573 -0.4720
vn 0.9632 -0.0174 0.2682
vn -0.6597 -0.0249 -0.7512
vn -0.2401 0.7971 -0.5540
vn -0.6450 -0.0121 0.7641
vn -0.4516 -0.0131 0.8921
vn -0.7785 -0.0108 0.6276
vn -0.2850 -0.0135 0.9584
vn -0.0191 -0.2420 0.9701
vn -0.3808 -0.2428 0.8922
vn -0.3808 -0.2427 0.8922
vn -0.6630 -0.1950 0.7227
vn -0.8587 -0.2499 0.4475
vn 0.6337 -0.3378 0.6959
vn -0.8891 -0.2177 0.4026
vn -0.8667 -0.1923 0.4602
vn -0.9395 -0.3155 0.1335
vn -0.1272 -0.0760 0.9890
vn -0.3620 -0.2381 0.9013
vn -0.9955 0.0441 -0.0838
vn -0.2171 0.0058 -0.9761
vn 0.6407 0.4476 -0.6238
vn 0.9089 0.3920 -0.1421
vn 0.6407 0.4475 -0.6238
vn 0.9534 -0.0402 0.2990
vn 0.8584 -0.0194 0.5125
vn 0.8270 0.0467 0.5603
vn -0.1217 -0.9136 0.3880
vn -0.0067 -0.9610 0.2766
vn -0.0807 -0.9409 -0.3290
vn 0.4417 0.7260 0.5271
vn 0.7857 0.5600 0.2628
vn 0.6894 0.6966 -0.1988
vn 0.2368 -0.9571 -0.1667
vn 0.2726 -0.8662 -0.4187
vn 0.4066 -0.9027 -0.1410
vn -0.2095 -0.7932 0.5717
vn 0.2518 0.7468 0.6155
vn -0.2179 0.8815 0.4190
vn -0.2546 0.9246 -0.2833
vn 0.0905 0.5416 -0.8357
vn 0.2635 0.4852 -0.8337
vn 0.7550 0.1452 -0.6395
vn 0.6386 0.2602 -0.7242
vn 0.8913 0.1035 -0.4415
vn 0.8892 -0.0198 -0.4570
vn 0.9115 0.0587 -0.4070
vn 0.8531 -0.1484 -0.5002
vn 0.8039 -0.0566 -0.5921
vn 0.8776 -0.2177 -0.4270
vn 0.8465 -0.1474 -0.5116
vn 0.6965 -0.0188 -0.7173
vn 0.9243 0.0433 -0.3793
vn 0.9412 0.3033 -0.1486
vn 0.9240 0.3453 -0.1641
vn -0.2086 -0.9749 0.0782
vn -0.8352 -0.4072 -0.3698
vn 0.9583 -0.1775 -0.2240
vn 0.9237 -0.2410 -0.2977
vn 0.7346 -0.6775 0.0370
vn 0.8507 0.0037 -0.5256
vn 0.7297 -0.3570 -0.5832
vn 0.4494 0.1031 -0.8874
vn 0.5971 -0.2104 -0.7741
vn 0.0740 0.3265 -0.9423
vn -0.4503 -0.0478 0.8916
vn -0.7319 -0.4635 0.4995
vn -0.4475 -0.5204 0.7272
vn 0.7250 0.3035 -0.6182
vn 0.7897 -0.4456 -0.4218
vn 0.4850 0.5185 -0.7042
vn -0.0000 0.5929 -0.8053
vn -0.2025 0.1341 0.9700
vn -0.4076 0.5210 0.7499
vn -0.3105 0.8645 0.3952
vn 0.4462 -0.6850 -0.5760
vn 0.5190 -0.6215 -0.5868
vn -0.9584 -0.2232 -0.1781
vn -0.6276 -0.3925 -0.6723
vn -0.8490 -0.3105 -0.4276
vn -0.5399 -0.3259 -0.7761
vn -0.0968 -0.3482 -0.9324
vn 0.6303 0.4118 0.6581
vn 0.6393 0.3099 0.7037
vn 0.0048 -0.2818 -0.9595
vn 0.4529 -0.4061 -0.7937
vn 0.5706 0.7603 0.3103
vn 0.9202 -0.0309 0.3901
vn 0.9130 0.0967 0.3964
vn 0.8982 -0.1723 0.4045
vn -0.1226 0.9740 -0.1905
vn -0.3215 0.9247 -0.2040
vn -0.1382 0.9652 -0.2222
vn -0.2035 0.9769 0.0646
vn 0.1267 0.9890 -0.0765
vn 0.6289 -0.5700 0.5288
vn 0.5253 -0.6193 0.5836
vn 0.8804 -0.1325 0.4553
vn 0.8657 0.2836 0.4125
vn -0.1131 -0.7879 0.6054
vn 0.0799 -0.7580 0.6474
vn 0.4735 0.8239 0.3115
vn 0.6538 0.6204 0.4332
vn 0.8036 0.5810 0.1290
vn 0.8352 -0.1159 0.5376
vn 0.8976 0.0671 0.4357
vn 0.6564 -0.6284 0.4174
vn 0.7658 -0.3647 0.5297
vn 0.8346 -0.2950 0.4652
vn -0.6982 0.6243 -0.3503
vn -0.3449 0.9356 -0.0758
vn -0.4465 0.8944 -0.0251
vn 0.8319 -0.1384 -0.5375
vn 0.1947 0.6877 0.6994
vn 0.6469 0.6309 0.4283
vn -0.5403 0.8411 0.0254
vn 0.8584 0.0073 0.5129
vn 0.7689 0.4892 0.4116
vn 0.7914 0.4214 0.4429
vn 0.9117 0.0130 0.4107
vn 0.8803 -0.3816 0.2820
vn 0.6525 -0.5286 0.5430
vn 0.7648 -0.5331 0.3616
vn 0.3157 -0.6781 0.6637
vn 0.6678 0.6576 0.3487
vn 0.6675 0.6545 0.3551
vn -0.3977 0.1996 -0.8955
vn -0.4829 -0.0229 -0.8754
vn -0.1990 0.8429 0.5000
vn 0.4968 -0.3310 0.8023
vn 0.3098 -0.5559 0.7714
vn 0.8706 0.4554 -0.1860
vn 0.7895 0.5548 -0.2622
vn 0.9723 0.0653 -0.2245
vn 0.9798 -0.1230 -0.1575
vn -0.1831 -0.1343 -0.9739
vn 0.5056 0.7683 -0.3926
vn 0.9720 0.0705 0.2242
vn 0.8500 -0.4979 0.1719
vn 0.9289 -0.3591 -0.0911
vn -0.8587 -0.2500 0.4475
vn -0.6272 0.5892 0.5094
vn -0.5467 0.6512 0.5264
vn -0.3720 0.5166 0.7712
vn -0.7634 0.6455 -0.0235
vn 0.1729 -0.1674 0.9706
vn 0.1596 -0.1499 0.9757
vn 0.1354 -0.2614 0.9557
vn -0.2148 0.5331 0.8183
vn 0.7364 -0.0463 0.6749
vn 0.0236 -0.2914 0.9563
vn -0.2546 0.9246 -0.2834
vn 0.0905 0.5417 -0.8357
vn 0.0015 -0.4986 0.8668
vn -0.6616 -0.1479 0.7352
vn -0.8873 0.2334 0.3978
vn -0.9454 0.2583 0.1985
vn -0.8824 0.1531 0.4449
vn -0.9685 0.1812 0.1705
vn -0.9484 0.1851 0.2574
vn -0.9346 0.3478 -0.0751
vn -0.9057 0.2678 0.3285
vn -0.8663 0.4188 0.2722
vn -0.8859 -0.3753 0.2727
vn -0.8944 0.2197 0.3895
vn -0.8055 -0.4549 0.3797
vn -0.9867 0.1453 0.0732
vn -0.9795 0.1069 0.1707
vn -0.6941 -0.0001 0.7199
vn -0.6923 0.0609 0.7191
vn -0.6922 0.0592 0.7192
vn -0.6941 -0.0002 0.7198
vn 0.6948 -0.0316 0.7185
vn 0.6974 -0.0919 0.7107
vn 0.6990 -0.0926 0.7091
vn 0.6938 -0.0313 0.7195
vn -0.6948 -0.0332 0.7184
vn -0.6974 -0.0930 0.7107
vn -0.6990 -0.0922 0.7092
vn -0.6938 -0.0335 0.7194
vn 0.6941 -0.0000 0.7199
vn 0.6924 0.0589 0.7191
vn 0.6922 0.0605 0.7192
vn 0.6942 -0.0000 0.7198
vn -0.6871 0.1259 0.7155
vn -0.6867 0.1256 0.7161
vn 0.6865 -0.1609 0.7091
vn 0.6871 0.1265 0.7155
vn 0.6866 0.1268 0.7159
vn -0.6870 -0.1569 0.7096
vn -0.6838 -0.1548 0.7131
vn 0.6829 -0.1632 0.7121
vn -0.0000 1.0000 -0.0000
vn -0.6983 0.0013 0.7158
vn -0.6976 0.0593 0.7140
vn -0.6977 0.0579 0.7140
vn -0.6982 0.0014 0.7159
vn 0.6948 -0.0313 0.7185
vn 0.6948 -0.0921 0.7132
vn 0.6958 -0.0930 0.7122
vn 0.6943 -0.0312 0.7190
vn -0.6945 -0.0317 0.7188
vn -0.6931 -0.0938 0.7148
vn -0.6938 -0.0928 0.7142
vn -0.6942 -0.0318 0.7190
vn 0.6980 0.0011 0.7160
vn 0.6956 0.0583 0.7161
vn 0.6960 0.0597 0.7156
vn 0.6982 0.0012 0.7159
vn -0.6941 0.1224 0.7094
vn -0.6943 0.1226 0.7091
vn 0.6852 -0.1616 0.7102
vn 0.6934 0.1225 0.7101
vn 0.6944 0.1219 0.7092
vn -0.6846 -0.1602 0.7111
vn -0.6831 -0.1591 0.7128
vn 0.6826 -0.1632 0.7123
vn 0.6983 0.0013 0.7158
vn 0.6982 0.0014 0.7159
vn 0.6977 0.0579 0.7141
vn 0.6976 0.0593 0.7140
vn -0.6948 -0.0921 0.7133
vn -0.6948 -0.0313 0.7185
vn -0.6958 -0.0930 0.7122
vn -0.6942 -0.0312 0.7191
vn 0.6931 -0.0938 0.7148
vn 0.6945 -0.0317 0.7188
vn 0.6938 -0.0928 0.7142
vn 0.6942 -0.0318 0.7190
vn -0.6960 0.0597 0.7156
vn -0.6956 0.0584 0.7161
vn -0.6981 0.0011 0.7160
vn -0.6982 0.0012 0.7159
vn 0.6941 0.1224 0.7094
vn 0.6943 0.1226 0.7091
vn -0.6852 -0.1616 0.7102
vn -0.6934 0.1225 0.7101
vn -0.6944 0.1219 0.7092
vn 0.6847 -0.1602 0.7110
vn 0.6831 -0.1591 0.7128
vn -0.6826 -0.1632 0.7123
vn -0.0177 -0.9575 -0.2880
vn -0.5482 -0.7606 -0.3476
vn -0.5035 -0.5415 -0.6732
vn -0.0728 -0.6741 -0.7351
vn -0.4353 0.1555 -0.8868
vn -0.0068 -0.0184 -0.9998
vn -0.0072 0.8625 -0.5060
vn 0.1004 0.8577 -0.5042
vn 0.2012 0.9470 -0.2503
vn 0.0041 0.8639 -0.5037
vn 0.0045 0.8562 0.5167
vn 0.5923 0.7210 0.3598
vn 0.1509 0.6143 0.7745
vn -0.0064 -0.8789 0.4770
vn 0.1117 0.8612 -0.4959
vn 0.1085 0.8548 -0.5075
vn 0.1143 0.8527 -0.5098
vn 0.4659 -0.1089 0.8781
vn -0.0021 0.0187 0.9998
vn 0.4856 -0.1273 0.8649
vn -0.8877 -0.3126 -0.3380
vn -0.7307 -0.6735 0.1118
vn -0.2840 0.9584 0.0293
vn 0.6277 -0.1876 0.7555
vn 0.4873 0.0575 0.8713
vn 0.0140 0.1513 0.9884
vn 0.7537 -0.0048 0.6572
vn 0.1411 0.8302 -0.5393
vn 0.1653 0.7982 -0.5792
vn 0.1648 0.7982 -0.5794
vn -0.7782 -0.5843 -0.2300
vn -0.8645 -0.4970 -0.0753
vn -0.8645 -0.4974 -0.0718
vn -0.8157 -0.3956 -0.4221
vn 0.2075 0.8456 -0.4919
vn 0.6921 -0.3069 0.6533
vn 0.6912 -0.3090 0.6532
vn -0.9403 -0.2768 0.1979
vn -0.6835 -0.5680 0.4585
vn -0.2066 -0.7634 0.6120
vn -0.1832 -0.8008 0.5702
vn -0.7335 0.4008 -0.5489
vn -0.7517 0.4851 -0.4467
vn -0.4011 0.6877 -0.6051
vn -0.4805 0.4887 -0.7283
vn 0.1779 0.7515 -0.6353
vn 0.1648 0.7982 -0.5795
vn -0.7397 -0.5628 0.3688
vn -0.9417 -0.2747 0.1944
vn -0.1966 -0.7484 0.6334
vn 0.7590 -0.4741 0.4463
vn 0.9962 0.0599 0.0632
vn -0.8970 -0.0710 0.4362
vn -0.8735 -0.1269 0.4700
vn -0.7217 0.6480 -0.2433
vn -0.7204 0.6500 -0.2421
vn -0.1973 -0.7296 0.6548
vn 0.0288 -0.8527 0.5216
vn -0.1869 -0.7102 0.6787
vn 0.4645 0.6140 -0.6382
vn -0.9749 -0.0464 0.2179
vn -0.5748 0.2510 0.7788
vn -0.1965 -0.7484 0.6334
vn 0.2344 -0.7944 0.5604
vn -0.1651 -0.7154 0.6789
vn 0.7589 -0.5589 0.3343
vn 0.7560 -0.5620 0.3357
vn -0.7557 0.5654 -0.3306
vn -0.9857 0.1640 0.0383
vn -0.7099 0.6580 -0.2514
vn -0.8142 0.3630 0.4532
vn -0.7366 0.1248 0.6648
vn -0.1530 -0.6811 0.7161
vn -0.8141 0.3630 0.4532
vn -0.5886 0.8068 -0.0516
vn -0.1547 -0.6803 0.7164
vn -0.1537 -0.6809 0.7161
vn -0.8365 0.0275 0.5472
vn -0.6239 -0.2611 0.7366
vn -0.7413 0.1204 0.6603
vn -0.8732 0.1574 0.4612
vn -0.1556 -0.6803 0.7163
vn -0.5817 0.7712 -0.2587
vn -0.2477 0.8979 0.3638
vn -0.5082 0.5423 0.6691
vn -0.4250 0.2897 0.8576
vn -0.1042 -0.6481 0.7544
vn -0.4858 0.8732 0.0394
vn -0.2484 0.9557 -0.1581
vn -0.5885 0.8068 -0.0516
vn -0.1642 -0.6414 0.7494
vn -0.1340 -0.6713 0.7289
vn -0.4010 -0.1694 0.9003
vn -0.4132 0.2825 0.8657
vn -0.1055 -0.6474 0.7548
vn -0.3950 0.9104 -0.1231
vn -0.4856 0.8733 0.0395
vn -0.4160 0.9046 -0.0930
vn 0.0900 0.9019 0.4226
vn -0.0373 0.7377 0.6741
vn 0.0093 0.1316 0.9913
vn -0.0615 -0.6344 0.7706
vn -0.1614 0.9735 0.1619
vn -0.0374 0.7377 0.6741
vn 0.0241 0.9889 0.1464
vn -0.7033 -0.5763 0.4162
vn -0.0673 -0.5911 0.8038
vn -0.0443 -0.6818 0.7302
vn -0.0609 -0.6113 0.7891
vn -0.1859 0.5177 0.8351
vn -0.1648 0.1419 0.9761
vn 0.0112 -0.6195 0.7849
vn -0.1002 0.9950 -0.0005
vn -0.1443 0.9777 0.1525
vn -0.1198 0.9927 -0.0164
vn -0.1419 0.9529 0.2680
vn 0.3959 0.2334 0.8881
vn 0.3686 0.5868 0.7210
vn -0.0373 0.7376 0.6742
vn -0.1355 -0.9762 -0.1696
vn 0.0511 -0.9054 -0.4214
vn 0.5598 -0.8148 -0.1508
vn 0.0799 -0.9954 0.0533
vn -0.5807 -0.8137 0.0256
vn -0.2585 -0.8801 -0.3983
vn -0.0531 0.6462 -0.7613
vn -0.0941 0.6571 -0.7479
vn -0.0206 0.6342 -0.7729
vn 0.0145 0.6434 -0.7654
vn 0.2073 0.1438 0.9676
vn 0.2554 -0.1083 0.9608
vn 0.4319 0.2779 0.8581
vn 0.2267 0.5190 0.8242
vn 0.0112 -0.6194 0.7850
vn 0.1043 -0.6478 0.7547
vn 0.1096 -0.6483 0.7534
vn 0.1331 0.9910 -0.0115
vn 0.1764 0.9403 0.2912
vn 0.1371 0.9905 0.0075
vn 0.7685 0.6357 0.0726
vn 0.7437 0.4221 0.5184
vn 0.7141 0.0606 0.6975
vn 0.7140 0.0606 0.6975
vn 0.4854 0.8735 0.0385
vn 0.5889 0.8065 -0.0518
vn 0.2145 0.9664 -0.1417
vn -0.4348 -0.2094 0.8758
vn 0.1537 -0.6808 0.7161
vn 0.1547 -0.6802 0.7166
vn 0.1581 -0.6415 0.7507
vn 0.5383 -0.1876 0.8216
vn 0.7415 0.1198 0.6602
vn 0.1043 -0.6478 0.7546
vn 0.1539 -0.6816 0.7154
vn 0.1563 -0.6822 0.7143
vn 0.4144 0.9056 -0.0899
vn 0.4848 0.8738 0.0380
vn 0.3993 0.9088 -0.1211
vn 0.8902 0.3823 -0.2476
vn 0.9356 0.2138 0.2809
vn 0.8968 -0.0704 0.4368
vn 0.1686 -0.7200 0.6732
vn 0.6766 0.7228 -0.1407
vn 0.7212 0.6490 -0.2421
vn 0.5889 0.8065 -0.0519
vn -0.1164 -0.7464 0.6552
vn 0.1866 -0.7124 0.6765
vn 0.8726 0.1590 0.4619
vn 0.9086 -0.4173 -0.0167
vn -0.2405 -0.7859 0.5697
vn -0.6773 -0.7221 0.1409
vn -0.5871 -0.8080 0.0503
vn -0.6755 -0.7230 0.1445
vn 0.6787 0.7194 -0.1479
vn 0.8859 0.3674 0.2832
vn 0.7120 0.6539 -0.2560
vn 0.9403 -0.2775 0.1973
vn 0.7038 -0.5541 0.4446
vn 0.1763 -0.7392 0.6499
vn -0.7536 -0.5622 0.3407
vn -0.3744 -0.6946 0.6143
vn -0.7504 -0.4861 0.4478
vn -0.8347 -0.4850 0.2609
vn 0.1790 -0.7487 0.6383
vn 0.9343 -0.1691 0.3138
vn 0.7401 -0.4831 0.4678
vn 0.9418 -0.2745 0.1939
vn 0.9745 -0.0458 0.2194
vn 0.1992 -0.7468 0.6345
vn 0.6575 0.6346 -0.4062
vn 0.6949 -0.0048 -0.7191
vn 0.8623 -0.5013 -0.0719
vn 0.7420 -0.6531 0.1515
vn -0.3514 -0.6058 0.7138
vn -0.6847 -0.3155 0.6570
vn 0.1619 -0.7996 0.5783
vn 0.8592 -0.5056 -0.0776
vn 0.8602 -0.5046 -0.0738
vn 0.1826 -0.7994 0.5724
vn -0.6858 -0.3044 0.6611
vn -0.7583 -0.4774 0.4439
vn -0.7447 -0.3842 0.5457
vn -0.6850 -0.3029 0.6626
vn 0.6804 -0.4752 -0.5579
vn 0.5458 -0.7730 -0.3233
vn 0.5459 -0.7730 -0.3234
vn 0.1620 -0.8333 0.5285
vn -0.7611 -0.0085 0.6485
vn -0.7821 -0.5850 0.2148
vn 0.0897 -0.8535 0.5133
vn 0.1021 -0.8446 0.5255
vn 0.5389 -0.7545 -0.3747
vn 0.5638 -0.7462 -0.3539
vn 0.1827 -0.7994 0.5724
vn 0.0526 -0.8400 0.5401
vn 0.0951 -0.8490 0.5197
vn -0.6850 -0.3028 0.6626
vn -0.4509 -0.0768 0.8893
vn -0.4663 -0.0823 0.8808
vn 0.0602 -0.8722 0.4854
vn -0.2842 0.0339 0.9582
vn -0.3353 0.2790 0.8998
vn -0.2830 -0.0123 0.9590
vn -0.2698 0.2737 0.9232
vn 0.1165 -0.0206 0.9930
vn 0.0589 -0.8847 0.4624
vn 0.0377 -0.8339 0.5506
vn 0.1027 -0.8464 0.5226
vn -0.0053 -0.5136 -0.8580
vn 0.2497 -0.9488 -0.1932
vn -0.2489 -0.0090 0.9685
vt 0.220703 -0.093628
vt 0.236328 -0.164429
vt 0.257080 -0.131592
vt 0.279297 -0.067017
vt 0.250488 -0.025284
vt 0.283691 -0.188232
vt 0.295654 -0.171021
vt 0.281494 -0.120178
vt 0.306641 -0.219238
vt 0.256592 -0.199585
vt 0.204834 -0.070374
vt 0.212280 -0.011642
vt 0.186035 -0.051422
vt 0.163086 -0.017319
vt 0.162231 -0.037048
vt 0.276855 -0.225830
vt 0.128540 -0.031616
vt 0.292236 -0.238159
vt 0.119202 -0.236084
vt 0.143066 -0.185303
vt 0.078552 -0.209961
vt 0.071472 -0.185547
vt 0.188843 -0.223145
vt 0.217651 -0.261230
vt 0.260010 -0.210571
vt 0.209717 -0.166138
vt 0.159790 -0.136475
vt 0.290283 -0.270508
vt 0.249023 -0.315918
vt 0.111694 -0.157104
vt 0.305176 -0.347900
vt 0.265625 -0.378418
vt 0.308350 -0.417236
vt 0.150146 -0.348389
vt 0.135498 -0.272217
vt 0.266846 -0.434570
vt 0.297119 -0.483398
vt 0.193604 -0.418213
vt 0.174194 -0.381104
vt 0.261230 -0.492432
vt 0.257568 -0.554688
vt 0.284912 -0.561035
vt 0.138794 -0.444580
vt 0.156494 -0.490967
vt 0.253906 -0.612305
vt 0.210571 -0.480225
vt 0.223145 -0.545898
vt 0.229736 -0.608398
vt 0.237793 -0.666992
vt 0.180420 -0.548828
vt 0.200317 -0.615234
vt 0.202637 -0.663086
vt 0.219604 -0.716309
vt 0.130249 -0.639648
vt 0.129395 -0.673340
vt 0.105774 -0.482910
vt 0.102722 -0.432129
vt 0.124084 -0.531250
vt 0.058289 -0.476074
vt 0.124695 -0.593750
vt 0.057861 -0.417236
vt 0.084595 -0.387451
vt 0.011818 -0.456543
vt 0.011620 -0.519531
vt 0.041687 -0.362061
vt 0.068481 -0.333496
vt 0.105896 -0.355713
vt 0.081543 -0.297119
vt 0.049957 -0.295654
vt 0.067444 -0.243530
vt 0.075073 -0.526855
vt 0.039490 -0.553711
vt 0.077515 -0.580078
vt 0.075378 -0.628906
vt 0.073914 -0.670410
vt 0.122681 -0.405518
vt 0.085571 -0.721191
vt 0.135132 -0.707520
vt 0.104370 -0.759277
vt 0.017014 -0.739258
vt 0.190552 -0.689453
vt 0.183594 -0.729492
vt 0.194092 -0.762207
vt 0.149780 -0.757324
vt 0.133911 -0.798828
vt 0.177734 -0.822266
vt 0.215576 -0.818359
vt 0.143066 -0.866211
vt 0.085510 -0.845215
vt 0.041046 -0.797363
vt 0.194336 -0.859375
vt 0.232300 -0.839355
vt 0.222046 -0.779785
vt 0.242798 -0.782715
vt 0.252441 -0.818848
vt 0.244751 -0.803711
vt 0.282715 -0.791016
vt 0.288330 -0.879883
vt 0.260010 -0.940918
vt 0.300293 -0.920410
vt 0.243042 -0.871582
vt 0.309814 -0.948242
vt 0.284424 -0.963379
vt 0.318604 -0.995117
vt 0.277100 -0.977051
vt 0.245728 -0.966797
vt 0.224121 -0.913086
vt 0.205078 -0.873535
vt 0.163696 -0.884277
vt 0.201782 -0.960449
vt 0.158447 -0.950195
vt 0.112061 -0.938965
vt 0.113953 -0.877441
vt 0.075012 -0.907715
vt 0.049377 -0.874023
vt 0.056152 -0.853027
vt 0.017075 -0.842285
vt 0.037140 -0.645508
vt 0.038452 -0.603516
vt 0.032593 -0.702148
vt 0.005741 -0.679199
vt 0.009155 -0.620605
vt 0.012245 -0.571289
vt 0.851563 -0.909180
vt 0.804688 -0.852539
vt 0.851563 -0.856445
vt 0.851563 -0.798828
vt 0.813965 -0.797363
vt 0.851563 -0.745605
vt 0.756836 -0.777344
vt 0.821289 -0.739258
vt 0.822266 -0.715820
vt 0.767090 -0.730957
vt 0.695313 -0.741699
vt 0.727051 -0.709961
vt 0.749512 -0.701660
vt 0.708008 -0.706055
vt 0.657227 -0.724609
vt 0.643555 -0.781250
vt 0.679688 -0.795898
vt 0.621582 -0.773926
vt 0.630371 -0.718750
vt 0.602051 -0.732422
vt 0.593262 -0.791016
vt 0.593262 -0.678223
vt 0.618652 -0.831543
vt 0.638184 -0.830566
vt 0.634766 -0.879395
vt 0.619141 -0.671875
vt 0.649902 -0.863770
vt 0.674316 -0.874023
vt 0.667480 -0.895508
vt 0.648438 -0.905273
vt 0.626953 -0.886230
vt 0.599609 -0.852051
vt 0.624023 -0.922363
vt 0.585449 -0.871582
vt 0.578613 -0.804688
vt 0.672363 -0.939453
vt 0.730469 -0.938477
vt 0.595215 -0.657227
vt 0.582031 -0.650879
vt 0.582031 -0.682129
vt 0.739746 -0.914063
vt 0.791992 -0.914551
vt 0.750488 -0.880371
vt 0.743164 -0.830078
vt 0.589355 -0.728516
vt 0.827637 -0.208374
vt 0.805664 -0.200684
vt 0.839355 -0.136475
vt 0.851563 -0.148071
vt 0.858887 -0.082581
vt 0.831055 -0.077942
vt 0.840820 -0.035522
vt 0.861816 -0.200195
vt 0.851563 -0.217163
vt 0.811035 -0.250977
vt 0.789063 -0.243408
vt 0.786621 -0.311035
vt 0.837891 -0.261230
vt 0.884277 -0.233032
vt 0.881348 -0.273193
vt 0.908203 -0.229858
vt 0.937988 -0.273438
vt 0.934570 -0.210205
vt 0.960938 -0.177490
vt 0.995605 -0.174438
vt 0.995605 -0.266846
vt 0.932129 -0.347656
vt 0.891602 -0.342041
vt 0.902344 -0.403809
vt 0.857910 -0.340088
vt 0.821777 -0.317627
vt 0.792480 -0.326172
vt 0.925781 -0.423828
vt 0.925781 -0.481689
vt 0.961426 -0.446777
vt 0.951660 -0.524414
vt 0.881836 -0.372314
vt 0.910156 -0.537109
vt 0.916016 -0.581543
vt 0.958008 -0.588867
vt 0.923340 -0.647461
vt 0.886719 -0.635254
vt 0.891602 -0.538574
vt 0.877930 -0.582520
vt 0.889648 -0.523438
vt 0.852539 -0.516602
vt 0.876953 -0.488525
vt 0.843262 -0.486328
vt 0.786621 -0.492188
vt 0.860352 -0.468506
vt 0.821777 -0.431641
vt 0.770020 -0.441650
vt 0.730957 -0.451416
vt 0.791504 -0.392578
vt 0.761230 -0.392822
vt 0.731445 -0.391357
vt 0.908691 -0.694336
vt 0.883301 -0.669922
vt 0.855957 -0.641113
vt 0.860352 -0.623535
vt 0.831055 -0.613281
vt 0.882324 -0.690430
vt 0.860840 -0.676270
vt 0.846191 -0.654785
vt 0.826172 -0.625488
vt 0.901855 -0.714844
vt 0.912109 -0.710449
vt 0.930664 -0.693359
vt 0.965332 -0.652344
vt 0.966309 -0.695313
vt 0.806152 -0.669434
vt 0.818848 -0.629883
vt 0.939453 -0.739746
vt 0.914551 -0.737793
vt 0.792480 -0.644531
vt 0.753418 -0.678223
vt 0.743652 -0.671875
vt 0.995605 -0.696777
vt 0.995605 -0.651855
vt 0.995605 -0.592285
vt 0.959961 -0.726074
vt 0.995605 -0.730469
vt 0.965820 -0.764160
vt 0.995605 -0.768066
vt 0.978027 -0.797852
vt 0.995605 -0.799316
vt 0.995605 -0.820313
vt 0.962891 -0.821289
vt 0.975098 -0.854980
vt 0.995605 -0.857422
vt 0.953125 -0.860840
vt 0.945313 -0.834473
vt 0.925781 -0.843262
vt 0.929199 -0.861816
vt 0.897949 -0.858398
vt 0.943848 -0.876465
vt 0.937012 -0.886230
vt 0.911133 -0.891113
vt 0.943848 -0.915039
vt 0.954102 -0.900879
vt 0.914063 -0.829102
vt 0.888184 -0.844727
vt 0.890137 -0.824219
vt 0.877930 -0.853027
vt 0.867676 -0.839844
vt 0.864258 -0.851074
vt 0.868164 -0.884277
vt 0.882813 -0.908691
vt 0.932129 -0.939941
vt 0.965820 -0.933594
vt 0.959961 -0.889160
vt 0.979004 -0.907715
vt 0.971680 -0.883789
vt 0.995605 -0.889160
vt 0.995605 -0.910645
vt 0.995605 -0.934082
vt 0.986328 -0.974609
vt 0.979004 -0.979492
vt 0.995605 -0.976074
vt 0.988770 -0.987793
vt 0.967773 -0.982910
vt 0.974609 -0.994629
vt 0.321289 -0.513184
vt 0.364746 -0.510742
vt 0.349854 -0.483887
vt 0.311035 -0.424316
vt 0.366699 -0.453857
vt 0.342529 -0.400391
vt 0.379395 -0.382568
vt 0.377441 -0.343506
vt 0.406738 -0.420410
vt 0.419678 -0.375977
vt 0.407715 -0.468506
vt 0.392578 -0.505859
vt 0.429443 -0.419434
vt 0.318848 -0.382813
vt 0.341064 -0.346924
vt 0.370850 -0.557129
vt 0.397217 -0.536621
vt 0.410400 -0.499023
vt 0.422852 -0.472168
vt 0.444824 -0.417969
vt 0.437500 -0.372070
vt 0.410156 -0.338135
vt 0.365967 -0.291748
vt 0.336914 -0.296387
vt 0.452148 -0.363281
vt 0.324707 -0.342529
vt 0.310059 -0.311035
vt 0.332520 -0.260986
vt 0.353027 -0.250977
vt 0.344238 -0.228149
vt 0.359863 -0.226807
vt 0.329834 -0.230347
vt 0.331055 -0.165527
vt 0.349365 -0.161743
vt 0.316895 -0.233398
vt 0.312256 -0.259277
vt 0.363525 -0.159302
vt 0.350586 -0.091797
vt 0.364014 -0.248535
vt 0.383301 -0.243408
vt 0.378662 -0.222168
vt 0.396729 -0.218018
vt 0.404053 -0.238159
vt 0.421631 -0.234985
vt 0.411621 -0.212891
vt 0.378662 -0.155640
vt 0.390381 -0.151978
vt 0.363525 -0.088928
vt 0.378906 -0.084900
vt 0.379883 -0.050232
vt 0.346436 -0.060974
vt 0.335693 -0.092957
vt 0.327637 -0.062805
vt 0.324707 -0.046844
vt 0.312744 -0.055908
vt 0.317627 -0.093201
vt 0.306885 -0.065796
vt 0.291748 -0.070618
vt 0.363281 -0.057922
vt 0.363770 -0.042389
vt 0.381104 -0.032166
vt 0.343506 -0.029144
vt 0.357178 -0.018738
vt 0.350098 -0.026352
vt 0.351563 -0.012283
vt 0.305908 -0.095215
vt 0.295654 -0.097656
vt 0.341553 -0.014809
vt 0.329834 -0.017700
vt 0.335205 -0.028839
vt 0.307373 -0.167358
vt 0.326416 -0.022247
vt 0.311279 -0.035889
vt 0.273682 -0.042786
vt 0.283447 -0.017822
vt 0.273682 -0.013191
vt 0.298096 -0.018524
vt 0.289551 -0.007137
vt 0.304688 -0.013115
vt 0.280518 -0.061737
vt 0.995605 -0.524414
vt 0.995605 -0.444824
vt 0.995605 -0.351074
vt 0.810547 -0.571777
vt 0.797363 -0.560547
vt 0.825195 -0.546387
vt 0.849609 -0.583984
vt 0.859863 -0.540039
vt 0.824707 -0.586914
vt 0.787598 -0.556152
vt 0.802734 -0.524414
vt 0.767090 -0.550781
vt 0.744141 -0.508301
vt 0.768066 -0.352295
vt 0.741699 -0.346924
vt 0.781250 -0.354980
vt 0.763672 -0.303223
vt 0.857910 -0.038666
vt 0.861816 -0.009842
vt 0.847656 -0.007183
vt 0.444336 -0.291504
vt 0.458008 -0.270996
vt 0.414551 -0.276611
vt 0.446777 -0.318848
vt 0.431152 -0.331055
vt 0.393555 -0.285889
vt 0.427979 -0.208252
vt 0.637207 -0.667969
vt 0.664063 -0.635742
vt 0.637207 -0.583984
vt 0.660156 -0.583984
vt 0.678711 -0.632324
vt 0.679199 -0.557129
vt 0.678711 -0.524414
vt 0.653809 -0.512695
vt 0.637207 -0.525391
vt 0.638184 -0.498779
vt 0.664551 -0.497314
vt 0.695313 -0.556152
vt 0.700684 -0.512207
vt 0.709961 -0.556641
vt 0.715820 -0.514648
vt 0.720703 -0.556641
vt 0.708984 -0.608887
vt 0.717773 -0.624512
vt 0.734375 -0.504883
vt 0.655762 -0.481201
vt 0.638672 -0.468506
vt 0.724121 -0.493408
vt 0.707520 -0.623047
vt 0.693848 -0.622070
vt 0.705078 -0.644531
vt 0.702637 -0.672852
vt 0.717773 -0.679688
vt 0.700195 -0.683594
vt 0.708496 -0.702148
vt 0.724121 -0.697266
vt 0.679199 -0.482666
vt 0.668945 -0.464600
vt 0.679688 -0.491455
vt 0.691895 -0.494629
vt 0.699219 -0.478027
vt 0.706543 -0.491699
vt 0.776367 -0.704102
vt 0.749512 -0.685547
vt 0.851563 -0.724121
vt 0.389648 -0.059845
vt 0.519043 -0.821289
vt 0.538574 -0.838867
vt 0.530273 -0.873047
vt 0.508301 -0.867188
vt 0.506348 -0.837402
vt 0.560547 -0.867676
vt 0.575195 -0.909180
vt 0.599609 -0.896973
vt 0.481201 -0.868164
vt 0.503418 -0.918945
vt 0.478027 -0.913574
vt 0.458740 -0.906738
vt 0.538574 -0.914551
vt 0.653809 -0.988281
vt 0.605957 -0.992676
vt 0.643555 -0.963867
vt 0.685547 -0.961914
vt 0.687012 -0.973633
vt 0.647949 -0.943848
vt 0.614258 -0.945313
vt 0.605957 -0.933105
vt 0.605957 -0.966309
vt 0.687012 -0.953125
vt 0.708496 -0.956543
vt 0.818359 -0.132935
vt 0.629883 -0.507813
vt 0.629883 -0.597168
vt 0.613281 -0.597168
vt 0.613281 -0.507813
vt 0.595703 -0.597168
vt 0.595703 -0.507813
vt 0.577637 -0.597168
vt 0.577637 -0.507813
vt 0.561035 -0.597168
vt 0.561035 -0.507813
vt 0.629883 -0.624512
vt 0.613281 -0.624512
vt 0.577637 -0.624512
vt 0.561035 -0.624512
vt 0.595703 -0.624512
vt 0.835449 -0.385010
vt 0.816406 -0.365967
vt 0.816406 -0.385010
vt 0.835449 -0.365967
vt 0.573730 -0.972656
vt 0.529785 -0.972656
vt 0.529785 -0.961426
vt 0.571289 -0.961426
vt 0.529785 -0.950195
vt 0.567383 -0.950195
vt 0.529785 -0.938965
vt 0.563965 -0.938965
vt 0.529785 -0.928223
vt 0.561035 -0.928223
vt 0.575684 -0.983398
vt 0.529785 -0.983398
vt 0.576660 -0.994629
vt 0.529785 -0.994629
vt 0.486816 -0.961426
vt 0.486816 -0.972656
vt 0.486816 -0.950195
vt 0.486816 -0.938965
vt 0.486816 -0.928223
vt 0.486816 -0.983398
vt 0.486816 -0.994629
vt 0.451172 -0.961426
vt 0.451172 -0.972656
vt 0.451172 -0.950195
vt 0.451172 -0.938965
vt 0.451172 -0.928223
vt 0.451172 -0.983398
vt 0.451172 -0.994629
vt 0.417725 -0.961426
vt 0.417725 -0.972656
vt 0.417725 -0.950195
vt 0.417725 -0.938965
vt 0.417725 -0.928223
vt 0.417725 -0.983398
vt 0.417725 -0.994629
vt 0.383789 -0.961426
vt 0.383789 -0.972656
vt 0.383789 -0.950195
vt 0.383789 -0.938965
vt 0.383789 -0.928223
vt 0.383789 -0.983398
vt 0.383789 -0.994629
vt 0.355469 -0.961426
vt 0.355469 -0.972656
vt 0.355469 -0.950195
vt 0.355469 -0.938965
vt 0.355469 -0.928223
vt 0.355469 -0.983398
vt 0.355469 -0.994629
vt 0.325928 -0.961426
vt 0.329346 -0.972656
vt 0.322510 -0.950195
vt 0.318848 -0.938965
vt 0.315674 -0.928223
vt 0.332520 -0.983398
vt 0.331787 -0.994629
vt 0.591309 -0.972656
vt 0.554688 -0.972656
vt 0.554688 -0.961426
vt 0.588867 -0.961426
vt 0.554688 -0.950195
vt 0.585449 -0.950195
vt 0.554688 -0.938965
vt 0.579590 -0.938965
vt 0.554688 -0.928223
vt 0.578613 -0.928223
vt 0.593750 -0.983398
vt 0.554688 -0.983398
vt 0.595703 -0.994629
vt 0.554688 -0.994629
vt 0.521973 -0.961426
vt 0.521973 -0.972656
vt 0.521973 -0.950195
vt 0.521973 -0.938965
vt 0.521973 -0.928223
vt 0.521973 -0.983398
vt 0.521973 -0.994629
vt 0.488281 -0.961426
vt 0.488281 -0.972656
vt 0.488281 -0.950195
vt 0.488281 -0.938965
vt 0.488281 -0.928223
vt 0.488281 -0.983398
vt 0.488281 -0.994629
vt 0.449951 -0.961426
vt 0.449951 -0.972656
vt 0.449951 -0.950195
vt 0.449951 -0.938965
vt 0.449951 -0.928223
vt 0.449951 -0.983398
vt 0.449951 -0.994629
vt 0.416016 -0.961426
vt 0.416016 -0.972656
vt 0.416016 -0.950195
vt 0.416016 -0.938965
vt 0.416016 -0.928223
vt 0.416016 -0.983398
vt 0.416016 -0.994629
vt 0.363281 -0.961426
vt 0.363281 -0.972656
vt 0.363281 -0.950195
vt 0.363281 -0.938965
vt 0.363281 -0.928223
vt 0.363281 -0.983398
vt 0.363281 -0.994629
vt 0.324707 -0.961426
vt 0.330078 -0.972656
vt 0.318359 -0.938965
vt 0.317871 -0.928223
vt 0.332031 -0.983398
vt 0.332764 -0.994629
s 1
g センター
g NarukamiShrine_mesh.087_Statues
usemtl Statues
f 3/1/1 2/2/2 1/3/3
s 2
f 917/1/4 4/4/5 916/3/6
f 917/1/4 5/5/7 4/4/5
s 1
f 2/2/2 6/6/8 1/3/3
s 2
f 916/3/6 7/7/9 6/6/10
f 916/3/6 8/8/11 7/7/9
f 916/3/6 4/4/5 8/8/11
f 6/6/10 7/7/9 9/9/12
s 1
f 10/10/13 918/9/14 6/6/8
f 2/2/2 10/10/13 6/6/8
s 2
f 11/11/15 5/5/7 917/1/4
f 11/11/15 12/12/16 5/5/7
f 13/13/17 12/12/16 11/11/15
f 14/14/18 12/12/16 13/13/17
f 15/15/19 14/14/18 13/13/17
s 1
f 10/10/13 16/16/20 918/9/14
s 2
f 14/14/18 15/15/19 17/17/21
s 1
f 16/16/20 18/18/22 918/9/14
s 3
f 21/19/23 20/20/24 19/21/25
f 19/21/25 20/20/24 22/22/26
f 21/19/23 23/23/27 20/20/24
f 21/19/23 24/24/28 23/23/27
f 23/23/27 24/24/28 25/25/29
f 26/26/30 23/23/27 25/25/29
f 26/26/30 20/20/24 23/23/27
f 27/27/31 20/20/24 26/26/30
f 24/24/28 28/28/32 25/25/29
f 24/24/28 29/29/33 28/28/32
f 27/27/31 30/30/34 20/20/24
f 20/20/24 30/30/34 919/22/35
f 29/29/33 31/31/36 28/28/32
f 31/31/36 29/29/33 32/32/37
f 32/32/37 33/33/38 31/31/36
s 4
f 34/34/39 32/32/40 920/29/41
s 3
f 34/34/39 29/29/33 24/24/28
f 35/35/42 34/34/39 24/24/28
f 32/32/37 36/36/43 33/33/38
f 36/36/43 37/37/44 33/33/38
f 38/38/45 36/36/43 921/32/46
f 39/39/47 38/38/45 921/32/46
s 4
f 34/34/39 39/39/47 32/32/40
s 3
f 38/38/45 40/40/48 36/36/43
f 36/36/43 40/40/48 37/37/44
f 40/40/48 41/41/49 37/37/44
f 41/41/49 42/42/50 37/37/44
f 38/38/45 39/39/47 43/43/51
f 44/44/52 922/38/53 43/43/51
f 41/41/49 45/45/54 42/42/50
f 41/41/49 40/40/48 46/46/55
f 44/44/52 46/46/56 922/38/53
f 38/38/45 46/46/55 40/40/48
f 46/46/56 47/47/57 923/41/58
f 45/45/54 923/41/58 47/47/57
f 47/47/57 48/48/59 924/45/60
f 48/48/59 49/49/61 924/45/60
f 50/50/62 46/46/56 44/44/52
f 50/50/62 47/47/57 46/46/56
f 51/51/63 47/47/57 50/50/62
f 51/51/63 48/48/59 47/47/57
f 52/52/64 48/48/59 51/51/63
f 48/48/59 52/52/64 49/49/61
f 52/52/64 53/53/65 49/49/61
f 52/52/64 925/51/66 54/54/67
f 55/55/68 926/52/69 54/54/67
f 56/56/70 928/44/71 927/43/72
f 50/50/62 928/44/71 56/56/70
f 56/56/70 927/43/72 57/57/73
f 58/58/74 50/50/62 56/56/70
f 51/51/63 929/50/75 58/58/74
f 59/59/76 58/58/74 56/56/70
f 60/60/77 51/51/63 58/58/74
f 925/51/66 60/60/77 54/54/67
f 61/61/78 56/56/70 57/57/73
f 61/61/78 59/59/76 56/56/70
f 61/61/78 57/57/73 62/62/79
f 63/63/80 59/59/76 61/61/78
f 63/63/80 64/64/81 59/59/76
f 65/65/82 63/63/80 61/61/78
f 65/65/82 61/61/78 62/62/79
f 65/65/82 62/62/79 66/66/83
f 62/62/79 67/67/84 66/66/83
f 67/67/84 68/68/85 66/66/83
f 930/34/86 68/68/85 67/67/84
f 65/65/82 66/66/83 69/69/87
f 66/66/83 68/68/85 931/69/13
f 68/68/85 70/70/20 931/69/13
f 64/64/81 71/71/88 59/59/76
f 59/59/76 71/71/88 58/58/74
f 64/64/81 72/72/89 71/71/88
f 71/71/88 73/73/90 58/58/74
f 73/73/90 71/71/88 72/72/89
f 73/73/90 74/74/91 60/60/77
f 73/73/90 60/60/77 58/58/74
f 74/74/91 54/54/67 60/60/77
f 74/74/91 75/75/92 54/54/67
s 4
f 39/39/47 34/34/39 932/67/93
s 3
f 76/76/94 39/39/47 67/67/84
f 930/34/86 35/35/42 68/68/85
f 35/35/42 933/19/95 68/68/85
f 68/68/85 933/19/95 70/70/20
f 39/39/47 76/76/94 43/43/51
f 43/43/51 76/76/94 57/57/73
f 75/75/92 55/55/68 54/54/67
f 75/75/92 77/77/96 55/55/68
f 77/77/96 78/78/97 55/55/68
f 77/77/96 79/79/98 78/78/97
s 5
f 80/80/99 935/79/100 934/77/101
s 3
f 81/81/102 55/55/68 78/78/97
f 82/82/103 81/81/102 78/78/97
f 81/81/102 82/82/103 53/53/65
f 82/82/103 83/83/104 53/53/65
f 78/78/97 84/84/105 82/82/103
f 936/83/106 82/82/103 84/84/105
f 79/79/98 84/84/105 78/78/97
f 79/79/98 85/85/107 84/84/105
f 936/83/106 84/84/105 85/85/107
f 86/86/108 936/83/106 85/85/107
f 86/86/108 87/87/109 936/83/106
s 5
f 88/88/110 938/86/111 937/85/112
f 89/89/113 88/88/110 937/85/112
f 89/89/113 937/85/112 935/79/100
f 90/90/114 89/89/113 935/79/100
f 80/80/99 90/90/114 935/79/100
f 88/88/110 91/91/115 938/86/111
f 939/87/116 938/86/111 91/91/115
f 91/91/115 92/92/117 939/87/116
s 6
f 87/87/118 93/93/119 940/83/120
f 93/93/119 87/87/118 94/94/121
s 5
f 939/87/116 92/92/117 95/95/122
f 939/87/116 95/95/122 96/96/123
s 6
f 87/87/118 941/96/124 94/94/121
s 5
f 96/96/123 95/95/122 97/97/125
s 6
f 94/94/121 941/96/124 942/97/126
s 3
f 52/52/64 81/81/102 53/53/65
f 55/55/68 81/81/102 926/52/69
s 7
f 100/98/127 98/99/128 99/100/129
f 100/98/127 101/101/130 98/99/128
f 98/99/128 102/102/131 99/100/129
f 98/99/128 103/103/132 102/102/131
f 103/103/132 104/104/133 102/102/131
s 8
f 105/105/134 943/104/135 944/103/136
f 945/99/137 105/105/134 944/103/136
f 106/106/138 105/105/134 945/99/137
f 945/99/137 107/107/139 106/106/138
f 98/99/140 946/101/141 107/107/139
f 107/107/139 946/101/141 108/108/142
f 107/107/139 108/108/142 109/109/143
f 107/107/139 109/109/143 110/110/144
f 106/106/138 107/107/139 110/110/144
f 110/110/144 109/109/143 111/111/145
f 109/109/143 112/112/146 111/111/145
f 112/112/146 109/109/143 113/113/147
f 112/112/146 113/113/147 114/114/148
f 114/114/148 113/113/147 115/115/149
s 9
f 948/115/150 116/116/151 947/113/152
s 10
f 949/115/99 117/117/153 116/116/154
s 5
f 119/118/155 950/74/156 118/119/157
f 119/118/155 951/75/158 950/74/156
f 951/75/158 119/118/155 120/120/159
f 121/121/160 120/120/159 119/118/155
f 952/121/153 80/80/99 120/120/159
f 119/118/155 122/122/161 121/121/160
f 118/119/157 122/122/161 119/118/155
f 120/120/159 934/77/101 951/75/158
f 80/80/99 934/77/101 120/120/159
f 118/119/157 74/74/91 953/73/162
f 72/72/89 118/119/157 953/73/162
f 72/72/89 123/123/163 118/119/157
f 118/119/157 123/123/163 122/122/161
f 954/64/164 123/123/163 72/72/89
s 3
f 933/19/95 35/35/42 24/24/28
f 933/19/95 955/21/165 70/70/20
f 62/62/79 76/76/94 67/67/84
f 76/76/94 62/62/79 57/57/73
s 11
f 126/124/166 125/125/167 124/126/168
f 127/127/169 124/126/168 125/125/167
f 128/128/170 127/127/169 125/125/167
f 127/127/169 128/128/170 129/129/171
f 125/125/167 130/130/172 128/128/170
f 128/128/170 130/130/172 131/131/173
f 128/128/170 131/131/173 129/129/171
f 131/131/173 132/132/174 129/129/171
f 133/133/175 132/132/174 131/131/173
f 130/130/172 133/133/175 131/131/173
f 134/134/176 133/133/175 130/130/172
f 133/133/175 134/134/176 135/135/177
f 133/133/175 135/135/177 136/136/178
f 135/135/177 134/134/176 137/137/179
f 134/134/176 138/138/180 137/137/179
f 139/139/181 138/138/180 134/134/176
f 134/134/176 140/140/182 139/139/181
f 140/140/182 134/134/176 130/130/172
f 141/141/183 138/138/180 139/139/181
f 138/138/180 141/141/183 142/142/184
f 142/142/184 141/141/183 143/143/185
f 144/144/186 143/143/185 141/141/183
f 142/142/184 143/143/185 145/145/187
f 146/146/188 144/144/186 141/141/183
f 146/146/188 141/141/183 147/147/189
f 956/147/190 139/139/181 140/140/182
f 141/141/183 957/139/191 147/147/189
f 148/148/192 146/146/188 147/147/189
f 149/149/193 142/142/184 145/145/187
f 147/147/189 150/150/194 148/148/192
f 150/150/194 956/147/190 140/140/182
f 150/150/194 140/140/182 151/151/195
f 150/150/194 151/151/195 152/152/196
f 148/148/192 150/150/194 152/152/196
f 148/148/192 152/152/196 153/153/197
f 154/154/198 148/148/192 153/153/197
f 148/148/192 154/154/198 146/146/188
f 146/146/188 154/154/198 155/155/199
f 146/146/188 155/155/199 144/144/186
f 156/156/200 154/154/198 153/153/197
f 156/156/200 157/157/201 154/154/198
f 157/157/201 155/155/199 154/154/198
f 157/157/201 158/158/202 155/155/199
f 158/158/202 144/144/186 155/155/199
f 143/143/185 144/144/186 158/158/202
f 159/159/203 156/156/200 153/153/197
f 159/159/203 153/153/197 152/152/196
f 159/159/203 152/152/196 160/160/204
f 149/149/193 145/145/187 161/161/205
f 162/162/206 161/161/205 145/145/187
f 162/162/206 145/145/187 163/163/207
f 152/152/196 164/164/208 160/160/204
f 164/164/208 165/165/209 160/160/204
f 164/164/208 166/166/210 165/165/209
f 152/152/196 166/166/210 164/164/208
f 166/166/210 125/125/167 165/165/209
f 125/125/167 166/166/210 167/167/211
f 167/167/211 166/166/210 151/151/195
f 140/140/182 167/167/211 151/151/195
f 140/140/182 130/130/172 167/167/211
f 125/125/167 167/167/211 130/130/172
f 126/124/166 165/165/209 125/125/167
f 163/163/207 145/145/187 143/143/185
f 163/163/207 143/143/185 168/168/212
f 158/158/202 168/168/212 143/143/185
f 152/152/196 151/151/195 166/166/210
s 12
f 171/169/213 170/170/214 169/171/215
f 171/169/213 169/171/215 172/172/216
f 172/172/216 169/171/215 173/173/217
f 169/171/215 174/174/218 958/173/219
f 175/175/220 958/173/219 174/174/218
f 176/176/221 171/169/213 172/172/216
f 171/169/213 176/176/221 177/177/222
f 177/177/222 178/178/223 171/169/213
f 179/179/224 171/169/213 178/178/223
f 179/179/224 170/170/214 171/169/213
f 178/178/223 180/180/225 179/179/224
f 181/181/226 180/180/225 178/178/223
f 177/177/222 181/181/226 178/178/223
f 182/182/227 181/181/226 177/177/222
f 177/177/222 176/176/221 182/182/227
f 182/182/227 183/183/228 181/181/226
f 183/183/228 182/182/227 184/184/229
f 184/184/229 185/185/230 183/183/228
f 184/184/229 186/186/231 185/185/230
f 186/186/231 187/187/209 185/185/230
f 185/185/230 187/187/209 188/188/166
f 185/185/230 188/188/166 189/189/232
f 185/185/230 189/189/232 190/190/233
f 190/190/233 191/191/234 185/185/230
f 191/191/234 183/183/228 185/185/230
f 192/192/235 191/191/234 190/190/233
f 183/183/228 191/191/234 193/193/236
f 183/183/228 193/193/236 194/194/237
f 194/194/237 181/181/226 183/183/228
f 181/181/226 194/194/237 180/180/225
f 195/195/238 180/180/225 194/194/237
f 192/192/235 190/190/233 196/196/239
f 197/197/240 192/192/235 196/196/239
f 196/196/239 198/198/241 197/197/240
f 196/196/239 190/190/233 198/198/241
f 198/198/241 199/199/242 197/197/240
f 192/192/235 200/200/243 191/191/234
f 200/200/243 193/193/236 191/191/234
f 197/197/240 199/199/242 201/201/244
f 202/202/245 201/201/244 199/199/242
f 203/203/246 202/202/245 199/199/242
f 203/203/246 204/204/247 202/202/245
f 204/204/247 205/205/248 202/202/245
f 201/201/244 202/202/245 206/206/249
f 959/202/250 207/207/251 206/206/249
f 205/205/248 207/207/251 202/202/245
f 208/208/252 201/201/244 206/206/249
f 206/206/249 209/209/253 208/208/252
f 208/208/252 209/209/253 210/210/254
f 210/210/254 209/209/253 211/211/255
f 211/211/255 209/209/253 212/212/256
f 210/210/254 211/211/255 213/213/257
f 214/214/258 213/213/257 211/211/255
f 214/214/258 211/211/255 212/212/256
f 215/215/259 214/214/258 212/212/256
f 215/215/259 212/212/256 216/216/260
f 217/217/261 214/214/258 215/215/259
f 215/215/259 218/218/262 217/217/261
f 218/218/262 215/215/259 216/216/260
f 218/218/262 216/216/260 219/219/263
f 220/220/264 205/205/248 204/204/247
f 220/220/264 221/221/265 205/205/248
f 221/221/265 222/222/266 205/205/248
f 223/223/267 205/205/248 222/222/266
f 223/223/267 222/222/266 224/224/268
f 220/220/264 225/225/269 221/221/265
f 225/225/269 226/226/270 221/221/265
f 226/226/270 227/227/271 221/221/265
f 221/221/265 227/227/271 222/222/266
f 222/222/266 227/227/271 228/228/272
f 222/222/266 228/228/272 224/224/268
f 220/220/264 229/229/273 225/225/269
s 13
f 960/220/274 229/229/275 230/230/276
s 12
f 220/220/264 231/231/277 230/230/278
f 220/220/264 204/204/247 231/231/277
f 231/231/277 204/204/247 232/232/279
f 232/232/279 233/233/280 231/231/277
f 234/234/281 227/227/271 226/226/270
f 235/235/282 227/227/271 234/234/281
f 227/227/271 235/235/282 228/228/272
f 233/233/280 236/236/283 231/231/277
f 230/230/278 231/231/277 236/236/283
f 237/237/284 230/230/278 236/236/283
f 238/238/285 235/235/282 234/234/281
f 239/239/286 238/238/285 234/234/281
f 239/239/286 240/240/287 238/238/285
f 241/241/288 233/233/280 232/232/279
f 242/242/289 241/241/288 232/232/279
f 242/242/289 232/232/279 243/243/290
f 232/232/279 203/203/246 243/243/290
f 203/203/246 232/232/279 204/204/247
f 244/244/291 233/233/280 241/241/288
f 233/233/280 244/244/291 236/236/283
f 245/245/292 244/244/291 241/241/288
f 246/246/293 236/236/283 244/244/291
f 246/246/293 244/244/291 245/245/292
f 246/246/293 245/245/292 247/247/294
f 247/247/294 248/248/295 246/246/293
f 247/247/294 249/249/296 248/248/295
f 248/248/295 249/249/296 250/250/297
f 248/248/295 250/250/297 251/251/298
f 252/252/299 251/251/298 250/250/297
f 252/252/299 250/250/297 253/253/300
f 252/252/299 254/254/301 251/251/298
f 251/251/298 254/254/301 255/255/302
f 256/256/303 255/255/302 254/254/301
f 257/257/304 256/256/303 254/254/301
f 257/257/304 258/258/305 256/256/303
f 257/257/304 254/254/301 259/259/306
f 260/260/307 258/258/305 257/257/304
f 259/259/306 260/260/307 257/257/304
f 261/261/308 258/258/305 260/260/307
f 262/262/309 261/261/308 260/260/307
f 262/262/309 260/260/307 263/263/310
f 255/255/302 256/256/303 264/264/311
f 264/264/311 256/256/303 258/258/305
f 265/265/312 264/264/311 258/258/305
f 265/265/312 266/266/284 264/264/311
f 265/265/312 258/258/305 267/267/313
f 267/267/313 258/258/305 261/261/308
f 267/267/313 268/268/314 265/265/312
f 268/268/314 266/266/284 265/265/312
f 269/269/315 268/268/314 267/267/313
f 961/269/316 267/267/313 270/270/317
f 270/270/317 267/267/313 261/261/308
f 271/271/270 270/270/317 261/261/308
f 271/271/270 261/261/308 272/272/281
f 262/262/309 272/272/281 261/261/308
f 273/273/318 272/272/281 262/262/309
f 273/273/318 262/262/309 263/263/310
f 259/259/306 274/274/319 260/260/307
f 274/274/319 263/263/310 260/260/307
f 275/275/320 273/273/318 263/263/310
f 275/275/320 263/263/310 274/274/319
f 275/275/320 274/274/319 276/276/321
f 275/275/320 276/276/321 277/277/322
f 278/278/323 275/275/320 277/277/322
f 277/277/322 962/276/324 253/253/300
f 962/276/324 252/252/299 253/253/300
f 252/252/299 276/276/321 254/254/301
f 254/254/301 276/276/321 259/259/306
f 276/276/321 274/274/319 259/259/306
f 273/273/318 275/275/320 279/279/325
f 275/275/320 278/278/323 279/279/325
s 14
f 279/279/326 963/273/327 280/280/328
s 12
f 280/280/329 281/281/330 273/273/318
f 281/281/330 272/272/281 273/273/318
s 14
f 279/279/326 280/280/328 282/282/331
s 15
f 281/281/332 283/283/333 964/280/334
f 964/280/334 283/283/333 965/282/335
s 12
f 281/281/330 284/284/336 272/272/281
f 284/284/336 281/281/330 285/285/287
s 16
f 966/281/337 285/285/338 283/283/339
s 17
f 288/286/240 287/287/340 286/288/341
f 289/289/235 288/286/240 286/288/341
f 290/290/342 286/288/341 287/287/340
f 291/291/343 286/288/341 290/290/342
f 286/288/341 291/291/343 289/289/235
f 291/291/343 290/290/342 292/292/344
f 292/292/344 293/293/345 291/291/343
f 292/292/344 290/290/342 294/294/346
f 295/295/347 293/293/345 292/292/344
f 292/292/344 294/294/346 295/295/347
f 294/294/346 290/290/342 296/296/348
f 296/296/348 290/290/342 287/287/340
f 296/296/348 287/287/340 297/297/349
f 298/298/350 295/295/347 294/294/346
f 298/298/350 294/294/346 296/296/348
f 291/291/343 299/299/351 289/289/235
f 300/300/352 299/299/351 291/291/343
f 293/293/345 300/300/352 291/291/343
f 288/286/240 301/301/244 287/287/340
f 297/297/349 287/287/340 301/301/244
f 297/297/349 301/301/244 302/302/252
f 303/303/254 297/297/349 302/302/252
f 296/296/348 297/297/349 303/303/254
f 304/304/257 296/296/348 303/303/254
f 298/298/350 296/296/348 304/304/257
f 967/304/353 305/305/354 298/298/350
f 305/305/354 306/306/355 298/298/350
f 298/298/350 306/306/355 295/295/347
f 295/295/347 306/306/355 307/307/356
f 295/295/347 307/307/356 293/293/345
f 307/307/356 308/308/357 293/293/345
f 300/300/352 293/293/345 308/308/357
f 300/300/352 308/308/357 309/309/358
f 305/305/354 310/310/359 306/306/355
f 300/300/352 311/311/360 968/299/361
f 300/300/352 309/309/358 311/311/360
s 18
f 970/309/362 312/312/363 969/311/364
f 313/313/365 312/312/363 970/309/362
s 17
f 971/313/366 309/309/358 314/314/367
f 309/309/358 308/308/357 314/314/367
f 314/314/367 315/315/368 971/313/366
f 316/316/369 315/315/368 314/314/367
f 315/315/368 317/317/370 971/313/366
f 315/315/368 318/318/371 317/317/370
f 315/315/368 319/319/372 318/318/371
f 315/315/368 316/316/369 319/319/372
s 19
f 318/318/371 320/320/373 972/317/374
s 18
f 317/317/375 320/320/376 313/313/365
f 320/320/376 321/321/377 313/313/365
f 313/313/365 321/321/377 312/312/363
s 17
f 322/322/378 973/319/379 316/316/369
f 322/322/378 323/323/380 973/319/379
f 314/314/367 324/324/381 316/316/369
f 325/325/382 316/316/369 324/324/381
f 322/322/378 316/316/369 326/326/383
f 325/325/382 326/326/383 316/316/369
s 20
f 327/327/384 974/326/385 322/322/386
f 327/327/384 975/325/387 974/326/385
f 327/327/384 328/328/388 975/325/387
s 17
f 329/329/389 977/327/390 976/328/391
s 21
f 329/329/389 330/330/392 327/327/393
f 330/330/392 331/331/394 327/327/393
f 327/327/393 331/331/394 978/322/395
f 331/331/394 330/330/392 332/332/396
f 331/331/394 333/333/397 978/322/395
s 17
f 333/333/397 323/323/380 322/322/378
s 21
f 333/333/397 331/331/394 334/334/398
f 331/331/394 332/332/396 334/334/398
f 334/334/398 335/335/399 333/333/397
s 22
f 333/333/400 979/323/401 336/336/402
s 17
f 337/337/403 323/323/380 980/336/404
f 337/337/403 980/336/404 338/338/405
f 980/336/404 339/339/406 338/338/405
f 339/339/407 340/340/408 981/338/409
f 340/340/408 341/341/410 981/338/409
f 981/338/409 341/341/410 337/337/403
f 342/342/411 341/341/410 340/340/408
s 23
f 983/342/412 982/340/413 343/343/414
s 21
f 335/335/399 344/344/415 333/333/397
s 22
f 333/333/400 336/336/402 984/344/416
s 21
f 345/345/417 336/336/418 344/344/415
f 345/345/417 344/344/415 335/335/399
s 24
f 346/346/419 985/345/420 335/335/399
s 21
f 345/345/417 347/347/421 336/336/418
s 17
f 980/336/404 347/347/422 339/339/406
s 24
f 346/346/419 348/348/423 985/345/420
s 21
f 348/348/423 349/349/424 345/345/417
f 349/349/424 347/347/421 345/345/417
s 25
f 350/350/425 986/348/426 987/349/427
f 350/350/425 987/349/427 988/347/428
s 19
f 989/341/429 342/342/411 351/351/430
s 23
f 983/342/412 343/343/414 351/351/430
s 26
f 352/352/431 351/351/430 990/343/432
s 27
f 992/347/433 353/353/433 991/350/433
s 28
f 354/354/434 993/353/435 994/347/436
f 994/347/436 355/355/437 354/354/434
s 19
f 989/341/429 351/351/430 318/318/371
f 318/318/371 351/351/430 356/356/438
s 26
f 351/351/430 352/352/431 995/356/439
s 29
f 996/354/440 357/357/440 355/355/441
s 17
f 997/357/442 339/339/406 355/355/443
f 347/347/422 355/355/443 339/339/406
f 339/339/406 997/357/442 358/358/444
s 19
f 318/318/371 356/356/438 320/320/373
s 30
f 998/339/445 340/340/446 358/358/447
s 23
f 982/340/413 999/358/448 359/359/449
f 999/358/448 360/360/450 359/359/449
s 31
f 1000/359/451 360/360/450 361/361/423
s 23
f 360/360/450 999/358/448 362/362/452
f 360/360/450 362/362/452 363/363/453
f 362/362/452 999/358/448 364/364/454
f 982/340/413 359/359/449 365/365/455
f 982/340/413 365/365/455 343/343/414
s 17
f 341/341/410 318/318/371 319/319/372
f 341/341/410 319/319/372 337/337/403
f 323/323/380 337/337/403 319/319/372
s 12
f 243/243/290 199/199/242 366/366/456
f 366/366/456 199/199/242 198/198/241
f 366/366/456 198/198/241 367/367/457
f 198/198/241 368/368/458 367/367/457
f 198/198/241 190/190/233 368/368/458
f 189/189/232 368/368/458 190/190/233
f 243/243/290 203/203/246 199/199/242
f 371/369/459 370/370/460 369/371/461
f 369/371/461 372/372/462 371/369/459
f 369/371/461 373/373/463 372/372/462
f 372/372/462 374/374/464 371/369/459
f 374/374/464 372/372/462 224/224/268
f 369/371/461 370/370/460 375/375/465
f 375/375/465 376/376/466 369/371/461
f 209/209/253 369/371/461 376/376/466
f 209/209/253 373/373/463 369/371/461
f 206/206/249 373/373/463 209/209/253
f 207/207/251 373/373/463 206/206/249
f 373/373/463 207/207/251 372/372/462
f 207/207/251 223/223/267 372/372/462
f 372/372/462 223/223/267 224/224/268
f 207/207/251 205/205/248 223/223/267
f 209/209/253 376/376/466 212/212/256
f 212/212/256 376/376/466 377/377/467
f 375/375/465 1001/377/468 376/376/466
f 212/212/256 377/377/467 378/378/469
f 212/212/256 378/378/469 216/216/260
f 380/379/470 218/218/262 379/380/471
f 379/380/471 180/180/225 380/379/470
f 380/379/470 180/180/225 195/195/238
f 380/379/470 195/195/238 381/381/472
f 380/379/470 381/381/472 217/217/261
f 217/217/261 218/218/262 380/379/470
f 218/218/262 219/219/263 379/380/471
f 379/380/471 382/382/473 180/180/225
f 180/180/225 382/382/473 179/179/224
f 384/383/207 175/175/220 383/384/206
f 175/175/220 385/385/474 383/384/206
f 175/175/220 384/383/207 958/173/219
s 32
f 387/386/475 386/387/363 1002/329/377
s 17
f 388/388/476 387/386/475 329/329/389
f 387/386/475 388/388/476 389/389/477
f 389/389/477 388/388/476 390/390/478
f 390/390/478 310/310/359 389/389/477
f 976/328/391 388/388/476 329/329/389
s 20
f 975/325/387 328/328/388 388/388/479
s 17
f 325/325/382 391/391/480 1003/388/481
f 390/390/478 388/388/476 391/391/480
f 390/390/478 391/391/480 307/307/356
f 307/307/356 391/391/480 308/308/357
f 324/324/381 391/391/480 325/325/382
f 324/324/381 308/308/357 391/391/480
f 314/314/367 308/308/357 324/324/381
f 390/390/478 306/306/355 310/310/359
f 306/306/355 390/390/478 307/307/356
s 21
f 1002/329/377 392/392/376 330/330/392
f 332/332/396 330/330/392 392/392/376
s 33
f 395/393/482 393/394/483 394/395/484
f 394/395/484 393/394/483 396/396/485
s 34
f 397/397/486 1005/394/487 1004/396/488
f 398/398/489 397/397/486 1004/396/488
f 1004/396/488 399/399/490 398/398/489
s 33
f 399/399/491 400/400/492 396/396/485
f 400/400/492 401/401/493 396/396/485
f 396/396/485 401/401/493 394/395/484
f 401/401/493 400/400/492 402/402/494
f 1006/402/495 400/400/492 403/403/496
f 403/403/496 400/400/492 399/399/491
s 35
f 1007/398/497 399/399/490 404/404/498
f 397/397/486 1007/398/497 404/404/498
f 399/399/490 405/405/499 404/404/498
f 406/406/500 404/404/498 405/405/499
f 407/407/501 406/406/500 405/405/499
f 407/407/501 408/408/502 406/406/500
f 406/406/500 408/408/502 409/409/503
f 404/404/498 406/406/500 409/409/503
f 410/410/504 409/409/503 408/408/502
s 36
f 408/408/505 411/411/506 1008/407/507
s 37
f 412/412/508 1010/403/508 1009/402/508
s 38
f 413/413/509 1011/412/509 402/402/510
s 36
f 411/411/506 414/414/511 1008/407/507
s 35
f 410/410/504 415/415/512 409/409/503
f 415/415/512 416/416/513 409/409/503
s 39
f 404/404/498 1012/409/514 416/416/513
s 35
f 415/415/512 410/410/504 417/417/515
f 417/417/515 416/416/513 415/415/512
f 417/417/515 418/418/179 416/416/513
f 417/417/515 410/410/504 419/419/516
f 417/417/515 419/419/516 418/418/179
f 418/418/179 419/419/516 420/420/177
f 420/420/177 419/419/516 421/421/178
f 422/422/517 421/421/178 419/419/516
s 39
f 1014/418/518 1013/397/519 416/416/513
f 1013/397/519 404/404/498 416/416/513
s 40
f 423/423/520 1016/403/521 1015/412/521
s 41
f 424/424/522 1017/412/522 1018/423/522
s 33
f 423/423/523 403/403/496 425/425/524
s 35
f 1020/425/525 1019/423/526 426/426/527
f 426/426/527 1019/423/526 427/427/528
f 399/399/490 1020/425/525 426/426/527
s 33
f 425/425/524 403/403/496 399/399/491
s 42
f 1022/427/529 428/428/529 1021/426/529
s 35
f 426/426/527 405/405/499 399/399/490
f 426/426/527 1023/428/530 405/405/499
f 405/405/499 1024/428/531 407/407/501
s 11
f 430/429/532 136/136/178 429/430/533
f 133/133/175 136/136/178 430/429/532
f 133/133/175 430/429/532 132/132/174
f 132/132/174 431/431/534 129/129/171
s 21
f 432/432/535 335/335/399 334/334/398
s 43
f 435/433/536 434/434/537 433/435/538
f 436/436/539 435/433/536 433/435/538
s 44
f 437/437/540 1025/436/541 1026/433/542
s 43
f 433/435/538 434/434/537 438/438/543
f 438/438/543 439/439/283 433/435/538
s 45
f 440/440/544 1027/438/545 439/439/546
s 44
f 1025/436/541 437/437/540 441/441/547
s 43
f 433/435/538 442/442/295 436/436/539
f 443/443/298 436/436/539 442/442/295
s 44
f 1025/436/541 441/441/547 443/443/548
f 443/443/548 441/441/547 444/444/549
s 43
f 439/439/283 445/445/293 433/435/538
f 433/435/538 445/445/293 442/442/295
s 46
f 448/446/550 446/447/551 447/448/552
f 448/446/550 447/448/552 449/449/553
f 449/449/553 450/450/554 448/446/550
f 447/448/552 451/451/555 449/449/553
f 452/452/556 451/451/555 447/448/552
f 451/451/555 452/452/556 453/453/557
f 1028/453/558 452/452/556 454/454/559
f 447/448/552 454/454/559 452/452/556
f 447/448/552 1029/447/560 454/454/559
f 455/455/561 449/449/553 451/451/555
f 455/455/561 456/456/562 449/449/553
f 449/449/553 456/456/562 450/450/554
s 12
f 170/170/214 457/457/563 169/171/215
f 169/171/215 457/457/563 174/174/218
s 11
f 126/124/166 124/126/168 458/125/564
f 127/127/169 458/125/564 124/126/168
f 459/128/565 458/125/564 127/127/169
f 127/127/169 129/129/171 459/128/565
f 458/125/564 459/128/565 460/130/566
f 459/128/565 461/131/567 460/130/566
f 459/128/565 129/129/171 461/131/567
f 461/131/567 129/129/171 462/132/568
f 463/133/569 461/131/567 462/132/568
f 460/130/566 461/131/567 463/133/569
f 464/134/570 460/130/566 463/133/569
f 463/133/569 465/135/571 464/134/570
f 463/133/569 466/136/572 465/135/571
f 465/135/571 467/137/573 464/134/570
f 464/134/570 467/137/573 468/138/574
f 469/139/575 464/134/570 468/138/574
f 464/134/570 469/139/575 470/140/576
f 470/140/576 460/130/566 464/134/570
f 471/141/577 469/139/575 468/138/574
f 468/138/574 472/142/578 471/141/577
f 472/142/578 473/143/579 471/141/577
f 474/144/580 471/141/577 473/143/579
f 472/142/578 475/145/581 473/143/579
f 476/146/582 471/141/577 474/144/580
f 476/146/582 477/147/583 471/141/577
f 1030/147/584 470/140/576 469/139/575
f 471/141/577 477/147/583 1031/139/585
f 478/148/586 477/147/583 476/146/582
f 479/149/587 475/145/581 472/142/578
f 477/147/583 478/148/586 480/150/588
f 480/150/588 470/140/576 1030/147/584
f 480/150/588 481/151/589 470/140/576
f 480/150/588 482/152/590 481/151/589
f 478/148/586 482/152/590 480/150/588
f 478/148/586 483/153/591 482/152/590
f 484/154/592 483/153/591 478/148/586
f 478/148/586 476/146/582 484/154/592
f 476/146/582 485/155/593 484/154/592
f 476/146/582 474/144/580 485/155/593
f 486/156/594 483/153/591 484/154/592
f 486/156/594 484/154/592 487/157/595
f 487/157/595 484/154/592 485/155/593
f 487/157/595 485/155/593 488/158/596
f 488/158/596 485/155/593 474/144/580
f 473/143/579 488/158/596 474/144/580
f 489/159/597 483/153/591 486/156/594
f 489/159/597 482/152/590 483/153/591
f 489/159/597 490/160/598 482/152/590
f 479/149/587 491/161/599 475/145/581
f 482/152/590 490/160/598 492/164/600
f 492/164/600 490/160/598 493/165/601
f 492/164/600 493/165/601 494/166/602
f 482/152/590 492/164/600 494/166/602
f 482/152/590 494/166/602 481/151/589
f 494/166/602 493/165/601 458/125/564
f 495/167/603 481/151/589 494/166/602
f 458/125/564 495/167/603 494/166/602
f 470/140/576 481/151/589 495/167/603
f 470/140/576 495/167/603 460/130/566
f 458/125/564 460/130/566 495/167/603
f 126/124/166 458/125/564 493/165/601
f 488/158/596 473/143/579 496/168/604
f 497/163/605 496/168/604 473/143/579
f 497/163/605 473/143/579 475/145/581
f 498/162/606 497/163/605 475/145/581
f 498/162/606 475/145/581 491/161/599
s 12
f 500/169/607 499/171/608 170/170/214
f 500/169/607 501/172/609 499/171/608
f 501/172/609 502/173/610 499/171/608
f 499/171/608 1032/173/604 174/174/218
f 175/175/220 174/174/218 1032/173/604
f 503/176/611 501/172/609 500/169/607
f 500/169/607 504/177/612 503/176/611
f 504/177/612 500/169/607 505/178/613
f 179/179/224 505/178/613 500/169/607
f 179/179/224 500/169/607 170/170/214
f 505/178/613 179/179/224 506/180/614
f 507/181/615 505/178/613 506/180/614
f 504/177/612 505/178/613 507/181/615
f 508/182/616 504/177/612 507/181/615
f 504/177/612 508/182/616 503/176/611
f 508/182/616 507/181/615 509/183/617
f 509/183/617 510/184/618 508/182/616
f 510/184/618 509/183/617 511/185/619
f 510/184/618 511/185/619 512/186/598
f 512/186/598 511/185/619 513/187/601
f 511/185/619 188/188/166 513/187/601
f 511/185/619 189/189/232 188/188/166
f 511/185/619 514/190/620 189/189/232
f 514/190/620 511/185/619 515/191/621
f 515/191/621 511/185/619 509/183/617
f 516/192/622 514/190/620 515/191/621
f 509/183/617 517/193/623 515/191/621
f 509/183/617 518/194/624 517/193/623
f 518/194/624 509/183/617 507/181/615
f 507/181/615 506/180/614 518/194/624
f 519/195/625 518/194/624 506/180/614
f 516/192/622 520/196/626 514/190/620
f 521/197/627 520/196/626 516/192/622
f 520/196/626 521/197/627 522/198/628
f 520/196/626 522/198/628 514/190/620
f 522/198/628 521/197/627 523/199/629
f 516/192/622 515/191/621 524/200/630
f 524/200/630 515/191/621 517/193/623
f 521/197/627 525/201/631 523/199/629
f 526/202/632 523/199/629 525/201/631
f 527/203/633 523/199/629 526/202/632
f 527/203/633 526/202/632 528/204/634
f 528/204/634 526/202/632 529/205/635
f 525/201/631 530/206/636 526/202/632
f 1033/202/637 530/206/636 531/207/638
f 529/205/635 526/202/632 531/207/638
f 532/208/639 530/206/636 525/201/631
f 530/206/636 532/208/639 533/209/640
f 532/208/639 534/210/641 533/209/640
f 534/210/641 535/211/642 533/209/640
f 535/211/642 536/212/643 533/209/640
f 534/210/641 537/213/644 535/211/642
f 538/214/645 535/211/642 537/213/644
f 538/214/645 536/212/643 535/211/642
f 539/215/646 536/212/643 538/214/645
f 539/215/646 1034/216/647 536/212/643
f 540/217/648 539/215/646 538/214/645
f 539/215/646 540/217/648 541/218/649
f 541/218/649 1034/216/647 539/215/646
f 541/218/649 219/219/263 216/216/260
f 542/220/650 528/204/634 529/205/635
f 542/220/650 543/231/651 528/204/634
f 543/231/651 544/232/652 528/204/634
f 544/232/652 543/231/651 545/233/653
f 542/220/650 546/230/654 543/231/651
s 47
f 1035/220/655 546/230/656 547/229/657
s 12
f 542/220/650 548/225/658 547/229/659
f 542/220/650 549/221/660 548/225/658
f 548/225/658 549/221/660 550/226/661
f 550/226/661 549/221/660 551/227/662
f 542/220/650 529/205/635 549/221/660
f 1036/221/663 529/205/635 552/222/664
f 549/221/660 552/222/664 551/227/662
f 553/223/665 552/222/664 529/205/635
f 553/223/665 224/224/268 552/222/664
f 552/222/664 228/228/272 551/227/662
f 552/222/664 224/224/268 228/228/272
f 554/234/666 550/226/661 551/227/662
f 235/235/282 554/234/666 551/227/662
f 551/227/662 228/228/272 235/235/282
f 545/233/653 543/231/651 555/236/667
f 546/230/654 555/236/667 543/231/651
f 556/237/668 555/236/667 546/230/654
f 238/238/285 554/234/666 235/235/282
f 557/239/669 554/234/666 238/238/285
f 557/239/669 238/238/285 240/240/287
f 531/207/638 553/223/665 529/205/635
f 531/207/638 558/372/670 553/223/665
f 558/372/670 1037/224/671 553/223/665
f 374/374/464 1037/224/671 558/372/670
f 558/372/670 371/369/459 374/374/464
f 559/371/672 371/369/459 558/372/670
f 371/369/459 559/371/672 370/370/460
f 559/371/672 558/372/670 560/373/673
f 560/373/673 558/372/670 531/207/638
f 559/371/672 375/375/465 370/370/460
f 375/375/465 559/371/672 561/376/674
f 533/209/640 561/376/674 559/371/672
f 533/209/640 559/371/672 560/373/673
f 530/206/636 533/209/640 560/373/673
f 531/207/638 530/206/636 560/373/673
f 533/209/640 536/212/643 561/376/674
f 536/212/643 1038/377/675 561/376/674
f 375/375/465 561/376/674 1001/377/468
f 536/212/643 1039/378/676 1038/377/675
f 536/212/643 1034/216/647 1039/378/676
s 48
f 564/286/627 563/288/677 562/287/678
f 565/289/622 563/288/677 564/286/627
f 566/290/679 562/287/678 563/288/677
f 567/291/680 566/290/679 563/288/677
f 563/288/677 565/289/622 567/291/680
f 567/291/680 568/292/681 566/290/679
f 568/292/681 567/291/680 569/293/682
f 568/292/681 570/294/683 566/290/679
f 571/295/684 568/292/681 569/293/682
f 568/292/681 571/295/684 570/294/683
f 570/294/683 572/296/685 566/290/679
f 572/296/685 562/287/678 566/290/679
f 572/296/685 573/297/686 562/287/678
f 574/298/687 570/294/683 571/295/684
f 574/298/687 572/296/685 570/294/683
f 567/291/680 565/289/622 575/299/630
f 576/300/688 567/291/680 575/299/630
f 569/293/682 567/291/680 576/300/688
f 564/286/627 562/287/678 577/301/631
f 573/297/686 577/301/631 562/287/678
f 573/297/686 578/302/639 577/301/631
f 579/303/641 578/302/639 573/297/686
f 572/296/685 579/303/641 573/297/686
f 580/304/689 579/303/641 572/296/685
f 574/298/687 580/304/689 572/296/685
f 1040/304/690 574/298/687 581/305/691
f 581/305/691 574/298/687 582/306/692
f 574/298/687 571/295/684 582/306/692
f 571/295/684 583/307/693 582/306/692
f 571/295/684 569/293/682 583/307/693
f 583/307/693 569/293/682 584/308/694
f 576/300/688 584/308/694 569/293/682
f 576/300/688 585/309/695 584/308/694
f 581/305/691 582/306/692 586/310/696
f 576/300/688 575/299/630 587/311/623
f 576/300/688 1041/311/697 585/309/695
f 1043/309/698 1042/311/699 588/312/700
f 589/313/701 1043/309/698 588/312/700
f 1044/313/702 590/314/703 585/309/695
f 585/309/695 590/314/703 584/308/694
f 590/314/703 1044/313/702 591/315/704
f 592/316/705 590/314/703 591/315/704
f 591/315/704 1044/313/702 593/317/706
f 591/315/704 593/317/706 594/318/707
f 591/315/704 594/318/707 595/319/708
f 591/315/704 595/319/708 592/316/705
f 594/318/707 593/317/706 596/320/709
f 593/317/706 589/313/701 596/320/709
f 596/320/709 589/313/701 597/321/710
f 589/313/701 588/312/700 597/321/710
f 598/322/711 592/316/705 1045/319/712
f 598/322/711 1045/319/712 599/323/713
f 590/314/703 592/316/705 600/324/714
f 601/325/715 600/324/714 592/316/705
f 598/322/711 602/326/716 592/316/705
f 601/325/715 592/316/705 602/326/716
s 49
f 603/327/717 598/322/718 1046/326/719
f 603/327/717 1046/326/719 1047/325/720
f 603/327/717 1047/325/720 604/328/721
s 50
f 605/329/722 1048/327/723 1049/328/724
s 51
f 605/329/725 603/327/726 606/330/727
f 606/330/727 603/327/726 607/331/728
f 603/327/726 1050/322/729 607/331/728
f 607/331/728 608/332/730 606/330/727
f 607/331/728 1050/322/729 609/333/731
s 48
f 609/333/732 598/322/711 599/323/713
s 51
f 609/333/731 610/334/733 607/331/728
f 607/331/728 610/334/733 608/332/730
f 610/334/733 609/333/731 611/335/734
s 52
f 609/333/735 612/336/736 1051/323/737
s 48
f 613/337/738 1052/336/739 599/323/713
f 613/337/738 614/338/740 1052/336/739
f 1052/336/739 614/338/740 615/339/741
f 615/339/742 1053/338/743 616/340/744
f 616/340/744 1053/338/743 617/341/745
f 1053/338/743 613/337/738 617/341/745
f 618/342/746 616/340/744 617/341/745
s 53
f 1055/342/747 619/343/748 1054/340/749
s 51
f 611/335/734 609/333/731 620/344/750
s 52
f 609/333/735 1056/344/751 612/336/736
s 51
f 621/345/752 620/344/750 612/336/753
f 621/345/752 611/335/734 620/344/750
s 54
f 622/346/754 1057/345/755 611/335/756
s 51
f 621/345/752 612/336/753 623/347/757
s 48
f 1052/336/739 615/339/741 623/347/757
s 54
f 622/346/754 624/348/758 1057/345/755
s 51
f 624/348/759 621/345/752 625/349/760
f 625/349/760 621/345/752 623/347/757
s 55
f 626/350/761 1058/349/762 1059/348/763
f 626/350/761 1060/347/764 1058/349/762
s 48
f 1061/341/765 627/351/766 618/342/746
s 53
f 1055/342/747 627/351/767 619/343/748
s 56
f 628/352/768 1062/343/769 627/351/767
s 57
f 1064/347/770 1063/350/770 629/353/770
s 58
f 630/354/771 1065/347/772 1066/353/773
f 1065/347/772 630/354/771 631/355/774
s 48
f 1061/341/765 594/318/707 627/351/766
f 594/318/707 632/356/775 627/351/766
s 56
f 627/351/767 1067/356/776 628/352/768
s 59
f 1068/354/777 631/355/778 633/357/777
s 48
f 1069/357/779 631/355/780 615/339/741
f 623/347/757 615/339/741 631/355/780
f 615/339/741 634/358/781 1069/357/779
f 594/318/707 596/320/709 632/356/775
s 60
f 1070/339/782 616/340/783 634/358/781
s 53
f 1054/340/749 635/359/784 1071/358/785
f 1071/358/785 635/359/784 636/360/786
s 61
f 1072/359/787 636/360/788 637/361/789
s 53
f 636/360/786 638/362/790 1071/358/785
f 636/360/786 639/363/791 638/362/790
f 638/362/790 640/364/792 1071/358/785
f 1054/340/749 641/365/793 635/359/784
f 1054/340/749 619/343/748 641/365/793
s 48
f 617/341/745 595/319/708 594/318/707
f 617/341/745 613/337/738 595/319/708
f 599/323/713 595/319/708 613/337/738
s 12
f 242/242/289 544/232/652 241/241/288
f 242/242/289 243/243/290 544/232/652
f 544/232/652 243/243/290 527/203/633
f 527/203/633 528/204/634 544/232/652
f 241/241/288 544/232/652 545/233/653
f 642/244/794 241/241/288 545/233/653
f 245/245/292 241/241/288 642/244/794
f 643/246/795 245/245/292 642/244/794
f 643/246/795 247/247/294 245/245/292
f 247/247/294 643/246/795 644/248/796
f 247/247/294 644/248/796 249/249/296
f 643/246/795 642/244/794 555/236/667
f 545/233/653 555/236/667 642/244/794
f 644/248/796 250/250/297 249/249/296
f 644/248/796 645/251/797 250/250/297
f 646/252/798 250/250/297 645/251/797
f 646/252/798 253/253/300 250/250/297
f 646/252/798 645/251/797 647/254/799
f 645/251/797 648/255/800 647/254/799
f 649/256/801 647/254/799 648/255/800
f 650/257/802 647/254/799 649/256/801
f 650/257/802 649/256/801 651/258/803
f 650/257/802 652/259/804 647/254/799
f 653/260/805 650/257/802 651/258/803
f 652/259/804 650/257/802 653/260/805
f 654/261/806 653/260/805 651/258/803
f 655/262/807 653/260/805 654/261/806
f 655/262/807 656/263/808 653/260/805
f 648/255/800 657/264/809 649/256/801
f 657/264/809 651/258/803 649/256/801
f 658/265/810 651/258/803 657/264/809
f 658/265/810 657/264/809 659/266/668
f 658/265/810 660/267/811 651/258/803
f 660/267/811 654/261/806 651/258/803
f 660/267/811 658/265/810 661/268/654
f 661/268/654 658/265/810 659/266/668
s 62
f 662/269/812 1073/268/812 660/267/813
s 12
f 1074/269/814 663/270/815 660/267/811
f 663/270/815 654/261/806 660/267/811
f 664/271/816 654/261/806 663/270/815
f 664/271/816 665/272/666 654/261/806
f 655/262/807 654/261/806 665/272/666
f 666/273/817 655/262/807 665/272/666
f 666/273/817 656/263/808 655/262/807
f 652/259/804 653/260/805 667/274/818
f 667/274/818 653/260/805 656/263/808
f 668/275/819 656/263/808 666/273/817
f 668/275/819 667/274/818 656/263/808
f 668/275/819 669/276/820 667/274/818
f 668/275/819 277/277/322 669/276/820
f 278/278/323 277/277/322 668/275/819
f 277/277/322 253/253/300 1075/276/821
f 1075/276/821 253/253/300 646/252/798
f 646/252/798 647/254/799 669/276/820
f 647/254/799 652/259/804 669/276/820
f 669/276/820 652/259/804 667/274/818
f 666/273/817 279/279/325 668/275/819
f 668/275/819 279/279/325 278/278/323
s 63
f 279/279/822 670/280/823 1076/273/824
s 12
f 670/280/825 666/273/817 671/281/826
f 671/281/826 666/273/817 665/272/666
s 64
f 1077/279/827 670/280/825 282/282/828
s 15
f 671/281/829 1078/280/830 283/283/333
f 1078/280/830 965/282/335 283/283/333
s 12
f 671/281/826 665/272/666 672/284/669
f 672/284/669 285/285/287 671/281/826
s 16
f 1079/281/831 283/283/339 285/285/338
s 12
f 243/243/290 366/366/456 523/199/629
f 366/366/456 522/198/628 523/199/629
f 366/366/456 367/367/457 522/198/628
f 522/198/628 367/367/457 368/368/458
f 522/198/628 368/368/458 514/190/620
f 189/189/232 514/190/620 368/368/458
f 243/243/290 523/199/629 527/203/633
f 673/379/832 379/380/471 541/218/649
f 379/380/471 673/379/832 506/180/614
f 673/379/832 519/195/625 506/180/614
f 673/379/832 674/381/833 519/195/625
f 673/379/832 540/217/648 674/381/833
f 540/217/648 673/379/832 541/218/649
f 541/218/649 379/380/471 219/219/263
f 379/380/471 506/180/614 382/382/473
f 506/180/614 179/179/224 382/382/473
f 676/383/605 675/384/606 175/175/220
f 175/175/220 675/384/606 385/385/474
f 175/175/220 1032/173/604 676/383/605
s 65
f 678/386/834 605/329/710 677/387/700
s 48
f 679/388/835 1080/329/836 678/386/834
f 678/386/834 680/389/837 679/388/835
f 680/389/837 681/390/838 679/388/835
f 681/390/838 680/389/837 586/310/696
s 50
f 1049/328/724 679/388/839 605/329/722
s 49
f 1047/325/720 679/388/840 604/328/721
s 48
f 601/325/715 1081/388/841 682/391/842
f 681/390/838 682/391/842 679/388/835
f 681/390/838 583/307/693 682/391/842
f 583/307/693 584/308/694 682/391/842
f 600/324/714 601/325/715 682/391/842
f 600/324/714 682/391/842 584/308/694
f 590/314/703 600/324/714 584/308/694
f 681/390/838 586/310/696 582/306/692
f 582/306/692 583/307/693 681/390/838
s 51
f 605/329/725 606/330/727 683/392/709
f 608/332/730 683/392/709 606/330/727
s 66
f 686/393/843 684/395/844 685/394/845
f 684/395/844 687/396/846 685/394/845
s 67
f 688/397/847 1083/396/848 1082/394/849
f 689/398/850 1083/396/848 688/397/847
f 1083/396/848 689/398/850 690/399/851
s 66
f 690/399/852 687/396/846 691/400/853
f 691/400/853 687/396/846 692/401/854
f 687/396/846 684/395/844 692/401/854
f 692/401/854 693/402/855 691/400/853
f 1084/402/856 694/403/857 691/400/853
f 694/403/857 690/399/852 691/400/853
s 68
f 1085/398/858 695/404/859 690/399/851
f 688/397/847 695/404/859 1085/398/858
f 690/399/851 695/404/859 696/405/860
f 697/406/861 696/405/860 695/404/859
f 698/407/862 696/405/860 697/406/861
f 698/407/862 697/406/861 699/408/863
f 697/406/861 700/409/864 699/408/863
f 695/404/859 700/409/864 697/406/861
f 701/410/865 699/408/863 700/409/864
s 69
f 699/408/866 1086/407/867 702/411/868
s 70
f 703/412/869 1088/402/869 1087/403/869
s 71
f 704/413/870 1089/412/870 693/402/871
s 69
f 702/411/868 1086/407/867 705/414/872
s 68
f 701/410/865 700/409/864 706/415/873
f 706/415/873 700/409/864 707/416/874
s 72
f 695/404/859 707/416/874 1090/409/875
s 68
f 706/415/873 708/417/876 701/410/865
f 708/417/876 706/415/873 707/416/874
f 708/417/876 707/416/874 709/418/877
f 708/417/876 710/419/878 701/410/865
f 708/417/876 709/418/877 710/419/878
f 709/418/877 711/420/879 710/419/878
f 711/420/879 712/421/572 710/419/878
f 713/422/880 710/419/878 712/421/572
s 72
f 1092/418/881 707/416/874 1091/397/882
f 1091/397/882 707/416/874 695/404/859
s 73
f 714/423/883 1094/412/884 1093/403/884
s 74
f 715/424/885 1095/423/885 1096/412/885
s 66
f 714/423/886 716/425/887 694/403/857
s 68
f 1098/425/888 717/426/889 1097/423/890
f 717/426/889 718/427/891 1097/423/890
f 690/399/851 717/426/889 1098/425/888
s 66
f 716/425/887 690/399/852 694/403/857
s 75
f 1100/427/892 1099/426/892 719/428/892
s 68
f 717/426/889 690/399/851 696/405/860
f 717/426/889 696/405/860 1101/428/893
f 696/405/860 698/407/862 1102/428/894
s 11
f 721/429/895 720/430/896 466/136/572
f 463/133/569 721/429/895 466/136/572
f 463/133/569 462/132/568 721/429/895
f 462/132/568 129/129/171 431/431/534
s 51
f 722/432/897 610/334/733 611/335/734
s 76
f 725/433/898 724/435/899 723/434/900
f 726/436/901 724/435/899 725/433/898
s 77
f 727/437/902 1103/433/903 1104/436/904
s 76
f 724/435/899 728/438/905 723/434/900
f 728/438/905 724/435/899 729/439/667
s 78
f 730/440/668 1105/438/906 729/439/667
s 77
f 1104/436/904 731/441/907 727/437/902
s 76
f 724/435/899 726/436/901 732/442/908
f 733/443/909 732/442/908 726/436/901
s 77
f 1104/436/904 733/443/910 731/441/907
f 733/443/910 734/444/911 731/441/907
s 76
f 729/439/667 724/435/899 735/445/795
f 724/435/899 732/442/908 735/445/795
s 79
f 738/446/912 736/448/913 737/447/914
f 738/446/912 739/449/915 736/448/913
f 739/449/915 738/446/912 740/450/916
f 736/448/913 739/449/915 741/451/917
f 742/452/918 736/448/913 741/451/917
f 741/451/917 743/453/919 742/452/918
f 1106/453/920 744/454/921 742/452/918
f 736/448/913 742/452/918 744/454/921
f 736/448/913 744/454/921 1107/447/922
f 745/455/923 741/451/917 739/449/915
f 745/455/923 739/449/915 746/456/924
f 739/449/915 740/450/916 746/456/924
s 12
f 170/170/214 499/171/608 457/457/563
f 499/171/608 174/174/218 457/457/563
s 80
f 749/458/925 748/459/926 747/460/927
f 747/460/927 750/461/928 749/458/925
s 81
f 1109/461/929 751/462/930 1108/460/931
f 751/462/930 1109/461/929 752/463/932
s 82
f 1111/463/933 753/464/934 1110/462/935
f 753/464/934 1111/463/933 754/465/936
s 83
f 1113/465/937 1112/464/938 755/466/939
f 755/466/939 756/467/940 1113/465/937
s 80
f 747/460/927 748/459/926 757/468/941
f 757/468/941 758/469/942 747/460/927
s 81
f 751/462/930 1114/469/943 1108/460/931
s 83
f 755/466/939 1112/464/938 759/470/944
f 759/470/944 760/471/945 755/466/939
s 82
f 761/472/946 753/464/934 1115/470/947
f 753/464/934 761/472/946 1110/462/935
s 81
f 1114/469/943 751/462/930 1116/472/948
s 84
f 764/473/949 762/474/949 763/475/949
f 762/474/949 764/473/949 765/476/949
s 85
f 768/458/950 767/459/951 766/460/952
f 766/460/952 769/461/953 768/458/950
s 86
f 1118/461/954 770/462/955 1117/460/956
f 770/462/955 1118/461/954 771/463/957
s 87
f 1120/463/958 772/464/959 1119/462/960
f 772/464/959 1120/463/958 773/465/961
s 88
f 1122/465/962 1121/464/963 774/466/964
f 774/466/964 775/467/965 1122/465/962
s 85
f 766/460/952 767/459/951 776/468/966
f 776/468/966 777/469/967 766/460/952
s 86
f 770/462/955 1123/469/968 1117/460/956
s 88
f 774/466/964 1121/464/963 778/470/969
f 778/470/969 779/471/970 774/466/964
s 87
f 780/472/971 772/464/959 1124/470/972
f 772/464/959 780/472/971 1119/462/960
s 86
f 1123/469/968 770/462/955 1125/472/973
s 89
f 783/473/949 781/474/949 782/475/949
f 781/474/949 783/473/949 784/476/949
s 90
f 787/458/974 786/461/975 785/460/976
f 785/460/976 788/459/977 787/458/974
s 91
f 789/462/978 1126/461/979 1127/460/980
f 1126/461/979 789/462/978 790/463/981
s 92
f 791/464/982 1128/463/983 1129/462/984
f 1128/463/983 791/464/982 792/465/985
s 93
f 793/466/986 1131/464/987 1130/465/988
f 1130/465/988 794/467/989 793/466/986
s 90
f 795/468/990 788/459/977 785/460/976
f 785/460/976 796/469/991 795/468/990
s 91
f 1132/469/992 789/462/978 1127/460/980
s 93
f 797/470/993 1131/464/987 793/466/986
f 793/466/986 798/471/994 797/470/993
s 92
f 799/472/995 791/464/982 1129/462/984
f 791/464/982 799/472/995 1133/470/996
s 91
f 789/462/978 1132/469/992 1134/472/997
s 94
f 802/473/949 800/474/949 801/476/949
f 800/474/949 802/473/949 803/475/949
s 95
f 806/477/998 805/478/999 804/479/1000
f 804/479/1000 807/480/1001 806/477/998
f 807/480/1001 804/479/1000 808/481/1002
f 808/481/1002 809/482/1003 807/480/1001
s 96
f 1136/482/1004 1135/481/1005 810/483/1006
f 810/483/1006 811/484/1007 1136/482/1004
s 97
f 1137/484/1008 810/483/1006 812/485/1009
f 812/485/1009 813/486/1010 1137/484/1008
s 95
f 805/478/999 806/477/998 814/487/1011
s 98
f 814/487/1012 1138/478/1013 815/488/1014
s 99
f 1140/488/1015 1139/487/1016 816/489/1010
f 816/489/1010 817/490/1017 1140/488/1015
s 95
f 818/491/1018 804/479/1000 805/478/999
f 805/478/999 819/492/1019 818/491/1018
s 98
f 819/492/1020 815/488/1014 1138/478/1013
s 100
f 1141/479/1021 820/493/1022 818/491/1023
f 820/493/1022 1141/479/1021 808/481/1024
s 101
f 808/481/1002 1142/493/1025 821/494/1026
s 96
f 821/494/1027 810/483/1006 1135/481/1005
s 102
f 1144/483/1028 822/495/1029 1143/494/1030
f 822/495/1029 1144/483/1028 812/485/1031
s 98
f 815/488/1014 819/492/1020 823/496/1032
s 99
f 1145/496/1033 1140/488/1015 817/490/1017
f 817/490/1017 824/497/1034 1145/496/1033
s 95
f 825/498/1035 818/491/1018 819/492/1019
f 819/492/1019 826/499/1036 825/498/1035
f 826/499/1036 1146/492/1037 823/496/1038
s 103
f 1148/491/1039 1147/498/1040 827/500/1041
f 827/500/1041 820/493/1042 1148/491/1039
f 820/493/1042 827/500/1041 828/501/1043
f 828/501/1043 821/494/1044 820/493/1042
s 102
f 1143/494/1030 829/502/1045 1149/501/1046
f 829/502/1045 1143/494/1030 822/495/1029
s 95
f 823/496/1038 830/503/1047 826/499/1036
s 99
f 1150/503/1048 1145/496/1033 824/497/1034
f 824/497/1034 831/504/1049 1150/503/1048
s 95
f 832/505/1050 825/498/1035 826/499/1036
f 826/499/1036 833/506/1051 832/505/1050
f 833/506/1051 826/499/1036 830/503/1047
s 103
f 1147/498/1040 1151/505/1052 834/507/1053
f 834/507/1053 827/500/1041 1147/498/1040
s 104
f 1153/500/1054 835/508/1055 1152/507/1056
s 103
f 835/508/1057 828/501/1043 827/500/1041
s 102
f 1149/501/1046 836/509/1058 835/508/1059
f 836/509/1058 1149/501/1046 829/502/1045
s 105
f 830/503/1060 837/510/1061 1154/506/1062
s 106
f 1156/510/1063 1150/503/1048 1155/504/1064
s 107
f 1155/504/1065 837/510/1066 838/511/1067
s 95
f 839/512/1068 832/505/1050 833/506/1051
f 833/506/1051 840/513/1069 839/512/1068
s 105
f 1157/513/1070 1154/506/1062 837/510/1061
s 103
f 1151/505/1052 839/512/1071 841/514/1072
f 841/514/1072 834/507/1053 1151/505/1052
s 104
f 1152/507/1056 842/515/1073 1158/514/1074
f 842/515/1073 1152/507/1056 835/508/1055
s 108
f 1160/508/1075 843/516/1076 1159/515/1077
f 843/516/1076 1160/508/1075 836/509/1078
s 105
f 837/510/1061 844/517/1079 1157/513/1070
s 107
f 1161/517/1080 838/511/1067 837/510/1066
f 838/511/1067 1161/517/1080 845/518/1081
s 95
f 846/519/1082 839/512/1068 840/513/1069
f 840/513/1069 847/520/1083 846/519/1082
s 105
f 1162/520/1084 1157/513/1070 844/517/1079
s 109
f 1163/512/1085 846/519/1082 848/521/1086
f 848/521/1086 841/514/1087 1163/512/1085
s 104
f 1158/514/1074 849/522/1088 1164/521/1089
f 849/522/1088 1158/514/1074 842/515/1073
s 108
f 1159/515/1077 850/523/1090 1165/522/1091
f 850/523/1090 1159/515/1077 843/516/1076
s 105
f 844/517/1079 851/524/1092 1162/520/1084
s 110
f 1167/524/1093 1166/518/1094 1161/517/1095
f 1166/518/1094 1167/524/1093 852/525/1096
s 95
f 853/526/1097 846/519/1082 847/520/1083
f 847/520/1083 854/527/1098 853/526/1097
s 105
f 1168/527/1099 1162/520/1084 851/524/1092
s 111
f 1169/519/1100 853/526/1101 855/528/1102
f 855/528/1102 848/521/1086 1169/519/1100
s 112
f 848/521/1103 856/529/1104 1170/528/1105
f 856/529/1104 848/521/1103 849/522/1106
s 108
f 1165/522/1091 857/530/1107 1171/529/1108
f 857/530/1107 1165/522/1091 850/523/1090
s 105
f 851/524/1092 858/531/1109 1168/527/1099
s 113
f 1173/531/1110 1172/525/1111 1167/524/1112
f 1172/525/1111 1173/531/1110 859/532/1113
s 114
f 862/533/1098 861/534/1114 860/535/1115
f 860/535/1115 863/536/1116 862/533/1098
s 115
f 1174/536/1117 864/537/1118 860/535/1119
s 116
f 864/537/1120 863/536/1121 865/538/1122
s 117
f 865/538/1102 1175/537/1123 866/539/1124
s 118
f 866/539/1124 867/540/1125 1176/538/1126
s 119
f 1178/540/1127 868/541/1128 1177/539/1129
f 868/541/1128 1178/540/1127 869/542/1130
s 114
f 861/534/1114 862/533/1098 870/543/1131
s 120
f 870/543/1109 871/544/1132 1179/534/1133
s 121
f 1181/544/1134 872/545/1135 1180/543/1136
f 872/545/1135 1181/544/1134 873/546/1137
s 114
f 874/547/1138 860/535/1115 861/534/1114
f 861/534/1114 875/548/1139 874/547/1138
s 120
f 875/548/1140 1179/534/1133 871/544/1132
s 122
f 1182/535/1141 874/547/1138 876/549/1142
f 876/549/1142 864/537/1143 1182/535/1141
s 123
f 864/537/1144 877/550/1145 1183/549/1146
f 877/550/1145 864/537/1144 866/539/1147
s 119
f 1177/539/1129 878/551/1148 1184/550/1149
f 878/551/1148 1177/539/1129 868/541/1128
s 124
f 871/544/1150 879/552/1151 1185/548/1152
s 125
f 1187/552/1153 1186/546/1154 1181/544/1155
f 1186/546/1154 1187/552/1153 880/553/1156
s 114
f 881/554/1157 874/547/1138 875/548/1139
f 875/548/1139 882/555/1158 881/554/1157
s 124
f 1188/555/1159 1185/548/1152 879/552/1151
s 126
f 1189/547/1160 881/554/1157 883/556/1161
f 883/556/1161 876/549/1162 1189/547/1160
s 123
f 1183/549/1146 884/557/1163 1190/556/1164
f 884/557/1163 1183/549/1146 877/550/1145
s 119
f 1184/550/1149 885/558/1165 884/557/1166
f 885/558/1165 1184/550/1149 878/551/1148
s 124
f 879/552/1151 886/559/1167 1188/555/1159
s 127
f 1192/559/1168 1187/552/1169 1191/553/1170
s 128
f 1191/553/1171 886/559/1172 887/560/1173
s 114
f 888/561/1174 881/554/1157 882/555/1158
f 882/555/1158 889/562/1175 888/561/1174
s 124
f 1193/562/1176 1188/555/1159 886/559/1167
s 123
f 1195/554/1177 890/563/1178 1194/561/1179
f 890/563/1178 1195/554/1177 883/556/1180
f 1190/556/1164 891/564/1181 890/563/1178
f 891/564/1181 1190/556/1164 884/557/1163
s 129
f 1197/557/1182 892/565/1183 1196/564/1184
f 892/565/1183 1197/557/1182 885/558/1185
s 114
f 886/559/1167 893/566/1186 889/562/1175
s 128
f 1198/566/1187 887/560/1173 886/559/1172
f 887/560/1173 1198/566/1187 894/567/1188
s 114
f 895/568/1189 888/561/1174 889/562/1175
f 889/562/1175 896/569/1190 895/568/1189
f 896/569/1190 889/562/1175 893/566/1186
s 123
f 1194/561/1179 897/570/1191 1199/568/1192
f 897/570/1191 1194/561/1179 890/563/1178
f 890/563/1178 898/571/1193 897/570/1191
f 898/571/1193 890/563/1178 891/564/1181
s 129
f 1196/564/1184 899/572/1194 1200/571/1195
f 899/572/1194 1196/564/1184 892/565/1183
s 114
f 893/566/1186 900/573/1196 896/569/1190
s 130
f 1202/573/1197 1198/566/1198 1201/567/1199
f 1201/567/1199 901/574/1200 1202/573/1197
s 114
f 902/575/1201 895/568/1189 896/569/1190
f 896/569/1190 903/576/1202 902/575/1201
s 131
f 903/576/1203 1203/569/1204 900/573/1196
s 123
f 1199/568/1192 904/577/1205 902/575/1206
f 904/577/1205 1199/568/1192 897/570/1191
f 897/570/1191 905/578/1207 1204/577/1208
f 905/578/1207 897/570/1191 898/571/1193
s 129
f 1200/571/1195 906/579/1209 1205/578/1210
f 906/579/1209 1200/571/1195 899/572/1194
s 132
f 900/573/1211 907/580/1212 1206/576/1213
s 130
f 907/580/1212 1202/573/1197 901/574/1200
s 133
f 901/574/1214 908/581/1215 1207/580/1216
s 114
f 909/582/1001 902/575/1201 903/576/1202
f 903/576/1202 910/583/998 909/582/1001
s 132
f 1208/583/1217 1206/576/1213 907/580/1212
s 134
f 1210/575/1218 911/528/1219 1209/582/1220
f 911/528/1219 1210/575/1218 904/577/1221
s 135
f 904/577/1222 912/584/1223 1211/528/1224
s 123
f 912/584/1225 1204/577/1208 905/578/1207
s 129
f 1205/578/1210 913/585/1226 1212/584/1227
f 913/585/1226 1205/578/1210 906/579/1209
s 132
f 907/580/1212 914/586/1011 1208/583/1217
s 133
f 1213/586/1016 1207/580/1216 908/581/1215
f 908/581/1215 915/587/1228 1213/586/1016
