# Blender 5.0.1
# www.blender.org
mtllib arbustos_narukami.mtl
g Grand_Narukami_Shrine_mesh.002_Malla
v 4.478970 7.678125 23.565866
v 2.508797 7.772282 24.798620
v 2.830095 7.798717 24.399822
v 2.398336 7.499928 24.297338
v 3.583809 7.851154 23.903471
v 3.669630 8.113137 24.907360
v 4.040344 7.481385 23.677238
v 3.583809 7.851154 23.903471
v -20.606180 11.218494 -1.594501
v -20.608391 11.221926 -1.598820
v -20.610601 11.218494 -1.603140
v -20.324680 11.242511 -1.712738
v -20.324680 11.242511 -1.712738
v 2.350402 8.641273 24.050735
v 2.082458 8.706831 23.778917
v 2.276192 8.770685 23.805876
v 2.329161 9.028660 23.726545
v 3.777763 9.069528 24.551102
v 3.838769 8.838798 24.519270
v 3.702416 8.827729 24.749672
v 3.877100 8.891584 24.286774
v 3.827375 8.499088 24.440851
v 4.123942 8.946074 24.373108
v 3.917128 8.783457 24.492447
v 3.780738 8.888179 24.243645
v 4.121656 8.686397 24.643764
v 3.737331 8.433531 24.508171
v 3.206244 8.073814 24.324743
v 3.612094 7.963984 24.399532
v 3.451501 7.876289 24.824892
v 3.599004 7.968667 23.985649
v 3.963829 7.495926 24.469580
v 4.177040 8.138947 23.825623
v 3.979470 7.932482 24.227341
v 3.556790 7.918859 23.925924
v 4.435719 7.895445 24.325510
v 3.889869 8.274320 23.894270
v 3.867725 8.110850 24.257814
v 3.459758 8.077220 24.159195
v 4.241019 8.099781 24.193840
v 3.830385 7.632576 24.537905
v 4.455359 8.258142 24.715500
v 4.062260 8.122769 24.570354
v 4.281841 8.167043 24.152920
v 4.027833 8.018047 24.987133
v 3.755109 7.632151 24.383595
v 3.281506 8.064875 24.814686
v 3.630828 7.989952 24.583019
v 3.331188 7.960153 24.295536
v 3.961866 7.552331 24.388870
v 3.425441 8.330511 24.196041
v 3.688570 8.227492 24.368593
v 3.445267 8.162786 24.620892
v 3.803100 8.236857 24.071535
v 3.906821 7.852450 24.515348
v 4.273133 8.550173 24.134926
v 3.998280 8.389258 24.366043
v 3.780357 8.400327 24.012112
v 4.302802 8.338175 24.579395
v 3.757111 7.920563 24.511936
v 3.832336 8.434382 25.145641
v 3.819033 8.362014 24.731194
v 4.272729 8.361161 24.783165
v 3.428868 8.276022 24.839916
v 3.858128 7.935462 24.351761
v 3.841115 8.807296 23.994316
v 3.834671 8.661707 24.320898
v 3.466010 8.628501 24.246971
v 4.166954 8.652340 24.250551
v 3.812412 8.233452 24.573698
v 4.279249 8.621691 24.662865
v 3.987667 8.520373 24.568066
v 4.136193 8.552727 24.256664
v 3.975191 8.444599 24.873817
v 3.759167 8.160232 24.440971
v 3.392416 8.773239 24.805775
v 3.654315 8.716196 24.616926
v 3.812223 8.668517 24.933060
v 3.415313 8.692356 24.405281
v 3.903540 8.380745 24.458323
v 3.551783 7.818820 24.149723
v 4.012806 7.815414 24.252844
v 3.138617 7.732402 24.210754
v 3.637525 7.500822 23.730949
v 2.872502 7.921413 23.666443
v 3.331505 7.809454 23.795317
v 3.091897 7.672379 24.254150
v 3.370087 7.866073 23.319901
v 3.732579 7.358958 23.879686
v 4.213215 8.058064 23.535671
v 3.827017 7.855855 23.768366
v 3.605651 7.917157 23.285152
v 4.182456 7.772844 24.083307
v 3.501558 7.342355 23.868160
v 2.962842 8.005703 23.964539
v 3.352818 7.946529 23.925869
v 3.316804 7.838403 24.344616
v 3.237329 7.977605 23.555477
v 3.705848 7.608523 23.874773
v 3.707167 8.251330 23.298157
v 3.636563 8.051252 23.695740
v 3.181242 8.029542 23.526682
v 4.073153 8.049974 23.670576
v 3.562261 7.564251 23.967714
v 4.000407 7.943125 24.448462
v 3.729255 7.882674 24.113232
v 4.130513 7.946956 23.866772
v 3.488179 7.752837 24.444607
v 3.549132 7.529557 23.749468
v 3.323289 8.049124 24.405418
v 3.472918 8.040183 24.108170
v 3.768859 8.005277 24.316727
v 3.157897 8.000169 24.027334
v 3.641555 7.795406 23.825731
v 3.110539 8.339025 23.583532
v 3.403468 8.217276 23.815388
v 3.078783 8.118512 24.076462
v 3.580837 8.264954 23.477751
v 3.649967 7.829037 23.985474
v 4.200993 8.397773 23.898952
v 3.798643 8.247074 23.950726
v 3.785955 8.323700 23.487192
v 3.975143 8.143204 24.322021
v 3.472866 7.820949 23.903913
v 3.343381 8.407137 24.017902
v 3.326278 8.310929 24.394629
v 3.226828 8.432679 23.690142
v 3.659763 8.106593 23.960588
v 3.628228 8.511860 23.525452
v 3.588890 8.366270 23.818283
v 3.251633 8.347540 23.707764
v 3.907154 8.367973 23.787390
v 3.544816 8.010811 24.019968
v 3.875870 8.539104 24.422297
v 3.657618 8.489723 24.172840
v 3.958680 8.540808 23.971653
v 3.483211 8.389258 24.434902
v 3.510511 8.216423 23.899614
v 3.314622 8.694059 23.754255
v 3.486166 8.556132 23.929857
v 3.241799 8.568904 24.108269
v 3.622176 8.538254 23.694513
v 3.577188 8.246222 24.067326
v 3.981922 7.757945 23.470806
v 4.075455 7.728998 23.827293
v 3.684556 7.823928 23.876442
v 4.366597 7.577235 23.661642
v 4.622427 7.756668 23.804768
v 4.317683 7.783913 23.948776
v 4.208151 7.708138 23.602947
v 4.271899 8.075518 24.550552
v 4.178968 7.915453 24.213476
v 4.579515 7.797534 24.219654
v 3.844609 8.001019 24.358982
v 4.073450 7.509549 23.981134
v 3.662632 7.938015 23.713537
v 3.958516 7.815840 23.906662
v 4.030293 7.677062 23.572863
v 4.223251 7.888208 23.552790
v 4.188754 7.895020 23.834860
v 3.891713 7.936738 23.752197
v 4.450975 7.794555 23.810246
v 4.092782 7.710691 24.114532
v 4.674006 8.044016 24.148678
v 4.357165 8.013365 24.047768
v 4.520774 7.879694 23.746422
v 4.322529 8.071260 24.369570
v 4.047161 7.748580 23.987688
v 3.741664 8.327957 24.205994
v 4.014762 8.124473 24.051388
v 4.169285 8.161935 24.419653
v 3.753672 8.093396 23.804802
v 4.207450 7.702178 24.002863
v 4.649678 8.144905 23.725534
v 4.381653 8.169597 23.864708
v 4.271290 8.106592 23.558067
v 4.569523 8.150866 24.094543
v 4.095855 7.980161 24.006042
v 4.315876 8.288793 24.340786
v 4.238244 8.175556 24.096268
v 4.530044 8.086160 24.088917
v 3.997563 8.238561 24.212025
v 4.152021 7.880547 23.926863
v 3.873762 8.407989 23.689386
v 4.105793 8.310078 23.828342
v 3.936534 8.402881 24.075855
v 4.150560 8.205356 23.569096
v 4.249666 8.038482 24.010717
v 4.529942 8.389258 24.064245
v 4.321241 8.318591 23.974070
v 4.464174 8.288793 23.760166
v 4.278063 8.318591 24.202808
v 4.155457 8.085308 23.894333
v 3.444667 7.992506 23.630978
v 3.806007 7.851599 23.553633
v 3.902579 7.949084 23.952126
v 3.570848 7.724740 23.254089
v 4.099995 7.432603 23.586021
v 3.942430 7.589155 22.881657
v 3.988945 7.590644 23.306847
v 3.483947 7.562761 23.256063
v 4.407933 7.505930 23.208761
v 3.961419 7.245356 23.745636
v 4.612471 7.881824 23.901587
v 4.218381 7.701326 23.690178
v 4.542003 7.579576 23.379723
v 4.079352 7.771142 24.071758
v 3.875525 7.191232 23.559940
v 3.773815 7.885229 22.993908
v 3.943583 7.875438 23.311176
v 3.559049 7.894168 23.408430
v 4.208821 7.774972 23.120098
v 4.037225 7.589581 23.653940
v 4.675138 8.029542 23.378479
v 4.270959 7.948233 23.461290
v 4.223765 7.807752 23.056799
v 4.462661 8.005277 23.807102
v 3.893198 7.553822 23.570457
v 3.753017 8.017622 23.979504
v 3.904401 7.817118 23.690804
v 4.280421 7.864369 23.940294
v 3.505082 7.757519 23.605646
v 4.039958 7.341290 23.529598
v 3.566550 8.115108 23.384497
v 3.866080 8.038481 23.433617
v 3.803157 8.113404 23.731140
v 3.797694 7.928225 23.168039
v 4.100286 7.743896 23.551144
v 4.229664 8.110849 22.949287
v 4.123981 8.108295 23.268181
v 3.756853 8.044867 23.091778
v 4.482121 8.078497 23.317766
v 3.981458 7.825631 23.590103
v 4.416098 8.426720 23.893982
v 4.176978 8.237708 23.614128
v 4.570014 8.167893 23.473087
v 3.915872 8.278577 23.869677
v 3.976408 7.766884 23.429113
v 3.820070 8.353499 22.950768
v 3.983723 8.342430 23.230272
v 3.644238 8.362864 23.329592
v 4.212430 8.250480 23.049833
v 4.077674 8.085307 23.533964
v 4.525872 8.336472 23.315981
v 4.233263 8.280278 23.387377
v 4.185568 8.178110 23.091894
v 4.383832 8.320294 23.635788
v 3.958900 7.994634 23.476318
v 3.896821 8.671924 23.731506
v 4.002166 8.516116 23.504658
v 4.298449 8.549321 23.686525
v 3.693154 8.473547 23.449633
v 4.097120 8.149162 23.375597
v 4.262122 8.533144 23.081528
v 4.150497 8.480357 23.292248
v 3.911495 8.510157 23.136620
v 4.392077 8.412246 23.347736
v 3.993665 8.238561 23.464420
v 3.524111 8.799633 24.085690
v 3.584783 8.568904 24.032814
v 3.540721 8.551024 24.317467
v 3.528795 8.621691 23.783772
v 3.562110 8.221533 23.962864
v 4.242857 8.619987 23.978127
v 4.243506 8.404583 23.931034
v 4.419537 8.414801 24.122866
v 4.035180 8.436086 23.825510
v 4.185781 8.089140 23.945208
v 4.095199 8.819215 23.407875
v 4.109893 8.585080 23.417755
v 3.861588 8.625095 23.489248
v 4.300751 8.600406 23.280968
v 4.083435 8.253034 23.343765
v 3.562648 7.616187 23.838217
v 3.532241 7.617250 23.850807
v 3.544866 7.043301 23.842979
v 3.513544 7.043620 23.856047
v 3.514228 7.931631 23.913658
v 3.530295 7.934185 23.925674
v 3.532241 7.617250 23.850807
v 3.514228 7.931631 23.913658
v 3.532241 7.617250 23.850807
v 3.540298 8.326255 23.940792
v 3.530295 7.934185 23.925674
v 3.514228 7.931631 23.913658
v 3.533154 7.931204 23.905834
v 3.530295 7.934185 23.925674
v 3.817573 8.621691 24.504131
v 3.821241 8.412246 24.477306
v 3.816873 8.412246 24.487011
v 3.816873 8.412246 24.487011
v 3.808644 8.044440 24.472107
v 3.818252 8.044440 24.450754
v 3.862651 7.616400 24.420547
v 3.876976 7.616612 24.388718
v 3.808644 8.044440 24.472107
v 3.862651 7.616400 24.420547
v 3.816873 8.412246 24.487011
v 3.821241 8.412246 24.477306
v 3.808644 8.044440 24.472107
v 3.818252 8.044440 24.450754
v 3.816873 8.412246 24.487011
v 3.808644 8.044440 24.472107
v 4.053071 7.617038 23.563742
v 4.064863 7.617250 23.537537
v 3.952333 7.044152 23.597771
v 3.969276 7.044152 23.560112
v 4.036407 7.617038 23.540606
v 3.928107 7.044045 23.564461
v 4.053071 7.617038 23.563742
v 3.952333 7.044152 23.597771
v 4.043296 7.948658 23.490021
v 4.052905 7.948658 23.468670
v 4.053071 7.617038 23.563742
v 4.064863 7.617250 23.537537
v 4.029379 7.948658 23.471153
v 4.036407 7.617038 23.540606
v 4.043296 7.948658 23.490021
v 4.053071 7.617038 23.563742
v 4.106574 8.352648 23.415794
v 4.052905 7.948658 23.468670
v 4.043296 7.948658 23.490021
v 4.029379 7.948658 23.471153
v 4.043296 7.948658 23.490021
v 4.171620 8.244520 23.904057
v 4.148242 8.067855 23.949787
v 4.144093 8.072111 23.959007
v 4.137604 8.069983 23.950603
v 4.144093 8.072111 23.959007
v 4.144093 8.072111 23.959007
v 4.148242 8.067855 23.949787
v 4.127029 7.808177 24.015606
v 4.134639 7.800089 23.998693
v 4.137604 8.069983 23.950603
v 4.115266 7.803921 24.000246
v 2.169514 8.975021 23.797085
v 2.239681 8.742590 23.793650
v 1.997561 8.724710 23.911570
v 2.400745 8.803890 23.622446
v 2.276560 8.404583 23.707542
v 2.559825 8.850718 23.834307
v 2.321244 8.687248 23.812609
v 2.344017 8.804741 23.532734
v 2.409584 8.579121 24.048889
v 2.163340 8.337322 23.711212
v 1.821464 7.992080 23.246830
v 2.122420 7.871181 23.530352
v 1.751553 7.769013 23.794334
v 2.340801 7.892891 23.175749
v 2.381938 7.391311 23.763830
v 2.913875 8.059767 23.369610
v 2.526382 7.840105 23.588068
v 2.338449 7.845638 23.100060
v 2.855202 7.790723 23.921707
v 2.211787 7.236106 23.703136
v 2.155394 7.837976 24.440533
v 2.230096 7.757945 23.969524
v 2.730457 7.779655 24.123720
v 1.770365 7.638962 24.007729
v 2.367794 7.274935 23.541098
v 2.633773 8.198545 23.273678
v 2.414263 8.020601 23.559208
v 2.126853 7.997613 23.248699
v 2.763475 8.004850 23.712145
v 2.230577 7.528706 23.752672
v 2.653032 8.139797 24.276072
v 2.403952 8.015920 23.929649
v 2.820290 8.072963 23.703632
v 2.144793 7.895020 24.255573
v 2.253236 7.535729 23.581980
v 1.613156 7.962280 23.699383
v 2.035814 7.889912 23.695843
v 1.962490 7.804771 24.149267
v 1.943515 7.876716 23.286814
v 2.424475 7.451440 23.697311
v 2.075462 8.251331 23.271610
v 2.201566 8.136393 23.557795
v 1.857511 8.065301 23.631481
v 2.462746 8.155123 23.372622
v 2.306065 7.749005 23.786175
v 2.820240 8.459925 23.700109
v 2.461997 8.293901 23.734270
v 2.475496 8.322848 23.317314
v 2.599689 8.228344 24.080280
v 2.181876 7.820949 23.703217
v 1.889704 8.310929 24.298573
v 2.109072 8.254737 23.940739
v 2.461238 8.244520 24.235985
v 1.721389 8.171300 23.811571
v 2.355130 7.840105 23.625261
v 2.533421 8.731522 23.353533
v 2.347862 8.572309 23.617556
v 2.079511 8.549321 23.349758
v 2.665911 8.560390 23.742233
v 2.191680 8.131284 23.798656
v 2.531832 8.510158 24.149647
v 2.340229 8.417355 23.904245
v 2.637648 8.459925 23.726713
v 2.159930 8.329660 24.150349
v 2.221172 8.064875 23.655310
v 1.706735 8.672774 23.783972
v 2.031157 8.619137 23.768436
v 1.989082 8.555282 24.119217
v 1.948134 8.607217 23.457060
v 2.331046 8.282833 23.758669
v 1.944332 7.735383 23.625267
v 2.210515 7.736660 23.280624
v 2.541304 7.720484 23.623375
v 1.830099 7.654286 23.099001
v 2.517680 7.431539 22.963177
v 1.908015 7.870756 22.502581
v 2.222934 7.745173 22.860888
v 1.767690 7.593199 23.106979
v 2.518759 7.820096 22.485645
v 2.535088 7.281188 23.293810
v 3.105863 7.989525 23.142651
v 2.653740 7.783913 23.115192
v 2.735263 7.868627 22.589602
v 2.777692 7.681319 23.572662
v 2.420689 7.269162 23.037634
v 1.817832 7.942273 22.806740
v 2.167540 7.877141 22.988142
v 1.904788 7.752410 23.314781
v 2.275939 7.925244 22.614456
v 2.494280 7.532963 23.126183
v 2.811004 8.201949 22.671299
v 2.532277 7.986546 22.956673
v 2.243853 7.979734 22.561272
v 2.913138 7.978457 23.177769
v 2.322611 7.487200 23.122810
v 2.420740 7.841383 23.785492
v 2.379930 7.798811 23.351257
v 2.853403 7.866073 23.370173
v 1.993972 7.659607 23.490055
v 2.433197 7.461232 22.930992
v 1.875277 7.961855 23.378292
v 2.166023 7.961855 23.211443
v 2.299549 7.913325 23.549603
v 1.947150 7.930779 22.967512
v 2.466671 7.723888 23.057858
v 2.150820 8.290496 22.583361
v 2.268927 8.152569 22.935034
v 1.851853 8.049124 22.969738
v 2.605101 8.211315 22.752300
v 2.384183 7.751133 23.197605
v 2.891404 8.316890 23.455339
v 2.526037 8.170448 23.269314
v 2.771934 8.266657 22.876389
v 2.468498 8.048697 23.674175
v 2.280935 7.749856 23.030766
v 1.785195 8.391812 22.929064
v 2.104854 8.337322 23.079731
v 1.882778 8.225789 23.382370
v 2.188994 8.378189 22.741283
v 2.404795 8.031244 23.194332
v 2.617194 8.457371 22.829165
v 2.422203 8.299860 23.046719
v 2.200291 8.291347 22.765972
v 2.706740 8.297306 23.197628
v 2.276027 7.934610 23.176537
v 2.326900 8.443748 23.720158
v 2.282659 8.407989 23.387955
v 2.646672 8.462479 23.388178
v 1.991040 8.299862 23.506943
v 2.312200 8.146608 23.065023
v 2.225555 8.636165 22.855064
v 2.273090 8.488020 23.091772
v 1.968706 8.498238 23.106342
v 2.517913 8.476953 22.968882
v 2.274702 8.168745 23.243801
v 2.949733 7.694516 22.947058
v 2.830507 7.649603 23.297085
v 2.474141 7.750281 23.125290
v 3.168153 7.498055 23.312592
v 2.623972 7.363959 23.590084
v 3.301034 7.552545 23.837099
v 2.935178 7.564889 23.631157
v 3.206188 7.442395 23.278124
v 2.812947 7.577447 24.025463
v 2.555653 7.278287 23.431728
v 2.197521 7.929502 23.713058
v 2.531147 7.702603 23.567106
v 2.620903 7.664717 24.016535
v 2.294054 7.734106 23.229841
v 2.739737 7.216148 23.482206
v 3.302331 7.668548 23.583036
v 2.966188 7.695366 23.535526
v 3.066480 7.635130 23.181416
v 2.987871 7.664290 23.868200
v 2.614882 7.480601 23.471275
v 2.591632 7.965687 24.027641
v 2.701934 7.820097 23.686552
v 3.035727 7.693665 23.908875
v 2.339263 7.906088 23.626291
v 2.745026 7.422600 23.415470
v 2.545089 7.871606 22.981110
v 2.687627 7.735808 23.302349
v 2.317171 7.849471 23.439896
v 2.934275 7.607885 23.056103
v 2.704758 7.371408 23.594694
v 3.106299 7.817543 23.155685
v 2.920362 7.814137 23.373346
v 2.716424 7.864796 23.140835
v 3.155031 7.709414 23.493996
v 2.685595 7.619166 23.546509
v 3.152966 7.942698 23.912380
v 2.943051 7.921413 23.650747
v 3.248248 7.796257 23.482258
v 2.734626 7.967814 23.903860
v 2.717465 7.663227 23.416548
v 2.335901 8.242817 23.455326
v 2.652498 8.039759 23.468596
v 2.577752 8.059340 23.865011
v 2.570188 8.022731 23.115175
v 2.843981 7.613206 23.516117
v 3.366394 8.061044 23.547907
v 3.063701 8.086160 23.516970
v 3.141666 8.036352 23.195873
v 3.094447 8.054232 23.813810
v 2.746956 7.894595 23.469276
v 2.743787 8.188328 23.885574
v 2.814893 8.084456 23.632116
v 3.064801 7.989952 23.784250
v 2.548204 8.148312 23.598705
v 2.838412 7.796683 23.429424
v 2.733088 8.340729 23.098616
v 2.851596 8.233452 23.339951
v 2.571182 8.319444 23.457390
v 3.033831 8.137243 23.142448
v 2.872881 7.950362 23.560820
v 3.076100 8.295604 23.776030
v 2.951366 8.231749 23.581694
v 3.190497 8.208761 23.480663
v 2.787963 8.223235 23.749538
v 2.858176 8.004000 23.412992
v 2.407466 7.933759 22.793144
v 2.755165 7.788594 22.922993
v 2.614262 7.868627 23.314964
v 2.725052 7.677062 22.535524
v 2.987130 7.360341 23.095293
v 3.292568 7.597456 22.435186
v 3.095385 7.581067 22.818405
v 2.699916 7.564250 22.493872
v 3.502203 7.492308 22.964119
v 2.892817 7.216840 23.184031
v 3.287407 7.839253 23.675983
v 3.074450 7.673231 23.271593
v 3.519545 7.557014 23.185253
v 2.745656 7.730700 23.517809
v 2.862794 7.171329 22.950417
v 3.038448 7.845212 22.436604
v 3.005147 7.819672 22.796938
v 2.628062 7.841382 22.666002
v 3.334830 7.721334 22.779570
v 2.895708 7.516572 23.124176
v 3.581232 7.958449 23.265764
v 3.195975 7.880971 23.107344
v 3.382307 7.756668 22.736046
v 3.165153 7.920988 23.506836
v 2.821023 7.486773 22.972702
v 2.496196 8.051252 23.258862
v 2.785030 7.858409 23.092113
v 2.962417 7.889060 23.512268
v 2.497530 7.809029 22.796326
v 2.991428 7.383861 23.011566
v 2.645900 8.064448 22.659557
v 2.871062 7.980160 22.863573
v 2.652468 8.044867 23.081711
v 2.961586 7.881397 22.598080
v 3.004491 7.674933 23.079531
v 3.444553 8.065725 22.662289
v 3.178696 8.052529 22.870831
v 2.968923 8.001870 22.516420
v 3.452515 8.013790 23.109812
v 2.882479 7.757945 23.049835
v 3.074944 8.342431 23.571995
v 3.030300 8.167893 23.195944
v 3.439644 8.096376 23.293316
v 2.668858 8.202802 23.267292
v 2.968017 7.705157 22.909538
v 3.098310 8.316889 22.446735
v 3.080692 8.292198 22.771179
v 2.739962 8.314335 22.667339
v 3.373610 8.201949 22.742405
v 2.992554 8.019324 23.067158
v 3.488265 8.272616 23.143637
v 3.203368 8.218977 23.038780
v 3.328229 8.128730 22.760262
v 3.191903 8.246222 23.333080
v 2.925606 7.932482 22.948803
v 2.726935 8.604663 23.157934
v 2.942398 8.455667 23.019382
v 3.090115 8.476101 23.337929
v 2.713935 8.420759 22.799875
v 3.096281 8.089991 22.947649
v 3.395488 8.484614 22.809198
v 3.185160 8.425016 22.921822
v 3.071004 8.465883 22.659920
v 3.357677 8.350094 23.099348
v 2.959962 8.178110 22.968933
v 2.216841 8.725561 23.254120
v 2.298134 8.494831 23.233225
v 2.103009 8.466736 23.446922
v 2.389244 8.558686 22.995476
v 2.320230 8.149163 23.146770
v 2.881219 8.536551 23.554741
v 2.909236 8.321998 23.505962
v 2.950756 8.321146 23.765373
v 2.792701 8.361161 23.303295
v 2.855156 8.005277 23.472612
v 3.072426 8.762172 23.002733
v 3.080696 8.525482 23.009254
v 2.832184 8.568052 22.933372
v 3.317111 8.543362 23.001268
v 3.101929 8.195991 22.917978
v 2.391114 7.545946 23.124107
v 2.402338 7.548925 23.155182
v 2.489948 7.024783 23.193905
v 2.501255 7.025634 23.225834
v 2.423806 7.544669 23.130301
v 2.523503 7.024464 23.200251
v 2.423806 7.544669 23.130301
v 2.391114 7.545946 23.124107
v 2.523503 7.024464 23.200251
v 2.489948 7.024783 23.193905
v 2.334444 7.860113 23.077835
v 2.341573 7.861815 23.097265
v 2.391114 7.545946 23.124107
v 2.402338 7.548925 23.155182
v 2.354268 7.859262 23.081501
v 2.423806 7.544669 23.130301
v 2.334444 7.860113 23.077835
v 2.391114 7.545946 23.124107
v 2.313327 8.254737 23.120615
v 2.341573 7.861815 23.097265
v 2.334444 7.860113 23.077835
v 2.354268 7.859262 23.081501
v 2.341573 7.861815 23.097265
v 2.334444 7.860113 23.077835
v 2.232228 8.525482 23.760418
v 2.251210 8.316037 23.730680
v 2.242495 8.315187 23.736563
v 2.241679 8.316037 23.725925
v 2.242495 8.315187 23.736563
v 2.323018 7.516359 23.671730
v 2.353015 7.517425 23.652786
v 2.393283 7.021590 23.656668
v 2.428569 7.022016 23.634268
v 2.321494 7.517849 23.636736
v 2.391486 7.022121 23.615011
v 2.323018 7.516359 23.671730
v 2.393283 7.021590 23.656668
v 2.265961 7.946529 23.690636
v 2.323018 7.516359 23.671730
v 2.353015 7.517425 23.652786
v 2.245134 7.946529 23.679865
v 2.321494 7.517849 23.636736
v 2.246279 7.945679 23.703255
v 2.323018 7.516359 23.671730
v 2.242495 8.315187 23.736563
v 2.251210 8.316037 23.730680
v 2.246279 7.945679 23.703255
v 2.265961 7.946529 23.690636
v 2.242495 8.315187 23.736563
v 2.246279 7.945679 23.703255
v 2.945650 7.547648 23.087364
v 2.969882 7.548714 23.071894
v 2.930830 7.025846 23.128078
v 2.965837 7.026273 23.105785
v 2.944377 7.548925 23.058550
v 2.928947 7.026273 23.086618
v 2.945650 7.547648 23.087364
v 2.930830 7.025846 23.128078
v 2.982965 7.884377 23.018963
v 3.002841 7.885229 23.006432
v 2.945650 7.547648 23.087364
v 2.969882 7.548714 23.071894
v 2.981820 7.885229 22.995573
v 2.944377 7.548925 23.058550
v 2.982965 7.884377 23.018963
v 2.981820 7.885229 22.995573
v 2.982965 7.884377 23.018963
v 2.811866 7.986119 23.449514
v 2.812804 7.988248 23.460396
v 2.676006 7.470809 23.535660
v 2.696337 7.461232 23.522635
v 2.676875 7.029572 23.572111
v 2.700287 7.026485 23.556389
v 2.696337 7.461232 23.522635
v 2.673896 7.466553 23.510262
v 2.700287 7.026485 23.556389
v 2.674506 7.028189 23.542101
v 2.676006 7.470809 23.535660
v 2.676875 7.029572 23.572111
v 2.768810 7.720484 23.487106
v 2.784666 7.712821 23.476765
v 2.676006 7.470809 23.535660
v 2.696337 7.461232 23.522635
v 2.812804 7.988248 23.460396
v 2.821404 7.983992 23.454767
v 2.768810 7.720484 23.487106
v 2.784666 7.712821 23.476765
v 2.811866 7.986119 23.449514
v 2.767285 7.717078 23.467148
v 2.812804 7.988248 23.460396
v 2.768810 7.720484 23.487106
v 3.546199 8.618284 23.411049
v 3.493142 8.427571 23.434555
v 3.641035 8.412246 23.269798
v 3.423540 8.477803 23.615168
v 3.490628 8.148312 23.510683
v 3.236758 8.516969 23.502995
v 3.425080 8.381596 23.445244
v 3.494539 8.477803 23.665905
v 3.284096 8.293901 23.292175
v 3.575393 8.092971 23.472734
v 3.978956 7.806901 23.720148
v 3.661917 7.708990 23.596863
v 3.862293 7.625552 23.280199
v 3.604686 7.726017 23.934641
v 3.389783 7.315536 23.497749
v 3.108187 7.865222 23.964821
v 3.335549 7.684299 23.677664
v 3.629494 7.686852 23.991550
v 2.981328 7.645559 23.524965
v 3.537835 7.187321 23.490845
v 3.354475 7.685150 22.913048
v 3.442954 7.617677 23.295036
v 3.013851 7.637045 23.332087
v 3.781562 7.519126 23.122969
v 3.469115 7.218962 23.662754
v 3.352008 7.978884 23.951530
v 3.430331 7.832442 23.665434
v 3.745745 7.812008 23.813080
v 3.116809 7.820949 23.656870
v 3.509125 7.428239 23.459721
v 3.026748 7.933759 23.192944
v 3.323539 7.830314 23.379711
v 3.076428 7.877141 23.681122
v 3.420146 7.731552 23.050432
v 3.544693 7.433455 23.596979
v 3.998048 7.783913 23.310478
v 3.676345 7.724740 23.443937
v 3.591730 7.656415 23.074892
v 3.873156 7.712395 23.727043
v 3.378346 7.364810 23.561806
v 3.778594 8.020601 23.780539
v 3.593539 7.927800 23.600988
v 3.832345 7.868627 23.438044
v 3.451810 7.942698 23.823107
v 3.441792 7.610013 23.457897
v 3.078676 8.195139 23.684816
v 3.340700 8.058064 23.547434
v 3.459581 8.080626 23.869637
v 3.128411 8.006127 23.326220
v 3.562572 7.668548 23.483070
v 3.602325 8.073814 22.940083
v 3.545827 8.026135 23.280642
v 3.185649 8.019324 23.164782
v 3.881237 7.956320 23.258846
v 3.454401 7.684299 23.596378
v 3.405311 8.417355 23.861086
v 3.464577 8.286239 23.601776
v 3.752234 8.265804 23.722929
v 3.183568 8.277724 23.605217
v 3.526323 7.924394 23.414242
v 3.159428 8.237708 23.252880
v 3.381289 8.160232 23.380724
v 3.209549 8.195139 23.608068
v 3.442064 8.088714 23.137320
v 3.548016 7.869052 23.532539
v 3.902549 8.369676 23.276840
v 3.659438 8.325402 23.389181
v 3.582899 8.274319 23.108263
v 3.818974 8.314335 23.600546
v 3.432931 8.049549 23.488222
v 3.508446 8.247926 23.457083
v 3.502634 8.075943 23.485041
v 3.507487 8.075517 23.477888
v 3.507487 8.075517 23.477888
v 3.463605 7.418024 23.549990
v 3.446856 7.418981 23.573727
v 3.444802 7.008286 23.592295
v 3.424985 7.008500 23.620256
v 3.463605 7.418024 23.549990
v 3.513766 7.771142 23.503357
v 3.502499 7.771993 23.519060
v 3.463605 7.418024 23.549990
v 3.446856 7.418981 23.573727
v 3.513766 7.771142 23.503357
v 3.463605 7.418024 23.549990
v 3.507487 8.075517 23.477888
v 3.502634 8.075943 23.485041
v 3.513766 7.771142 23.503357
v 3.502499 7.771993 23.519060
v 3.507487 8.075517 23.477888
v 3.513766 7.771142 23.503357
v 3.270881 9.450954 23.508663
v 3.211063 9.241509 23.534616
v 3.373077 9.224482 23.352287
v 3.135746 9.296000 23.734186
v 3.206964 8.933302 23.618225
v 2.929401 9.341975 23.611576
v 3.135796 9.190426 23.546726
v 3.214265 9.296000 23.789768
v 2.979122 9.095068 23.378662
v 3.299706 8.872003 23.575903
v 3.743628 8.553578 23.845798
v 3.393000 8.448005 23.711567
v 3.611911 8.355202 23.361494
v 3.332183 8.466736 24.084284
v 3.090104 8.016344 23.603142
v 2.785950 8.623393 24.120214
v 3.033672 8.422462 23.802336
v 3.359407 8.423314 24.146717
v 2.642131 8.382446 23.635838
v 3.252391 7.873735 23.594816
v 3.050472 8.425016 22.959711
v 3.149657 8.349242 23.379892
v 2.677158 8.373081 23.423132
v 3.521117 8.238561 23.188765
v 3.177706 7.909069 23.784521
v 3.055305 8.746846 24.104643
v 3.139051 8.585932 23.788601
v 3.487502 8.560390 23.949711
v 2.793523 8.574863 23.780748
v 3.222103 8.139797 23.560881
v 2.692747 8.700871 23.270222
v 3.019896 8.584229 23.474266
v 2.749376 8.637015 23.807800
v 3.123904 8.475249 23.110857
v 3.262117 8.144907 23.711958
v 3.762352 8.528888 23.394411
v 3.408494 8.465884 23.543047
v 3.312552 8.390961 23.136925
v 3.626530 8.450559 23.853937
v 3.078164 8.070409 23.674026
v 3.524451 8.790267 23.913767
v 3.319225 8.688951 23.716793
v 3.581499 8.623393 23.535934
v 3.164293 8.706831 23.962292
v 3.149136 8.340729 23.559616
v 2.754044 8.987792 23.812468
v 3.041194 8.834540 23.659313
v 3.174114 8.858379 24.013859
v 2.805686 8.779200 23.416565
v 3.282691 8.403731 23.586742
v 3.326409 8.851568 22.988647
v 3.265635 8.798781 23.364159
v 2.868166 8.793674 23.238291
v 3.634688 8.719602 23.338366
v 3.164296 8.422462 23.712141
v 3.116407 9.229590 24.005165
v 3.179581 9.086555 23.719017
v 3.497164 9.061013 23.850954
v 2.869858 9.078041 23.724186
v 3.244256 8.686397 23.511389
v 2.841091 9.035470 23.335808
v 3.085774 8.947777 23.475437
v 2.897844 8.986090 23.727093
v 3.151061 8.868597 23.206638
v 3.268303 8.625095 23.641537
v 3.661048 9.175100 23.358629
v 3.393489 9.127422 23.483543
v 3.307312 9.071230 23.174248
v 3.570555 9.113799 23.715868
v 3.142461 8.824324 23.593576
v 3.508187 8.324552 23.569698
v 3.403469 8.324552 23.950762
v 3.008031 8.314335 23.777493
v 3.784219 8.246222 23.971369
v 3.252984 8.047847 24.321501
v 3.927125 8.438640 24.499279
v 3.538392 8.329660 24.307083
v 3.833877 8.190882 23.942970
v 3.420327 8.396920 24.724037
v 3.193915 7.912899 24.176819
v 2.702664 8.558686 24.376366
v 3.089626 8.369676 24.242859
v 3.203397 8.442897 24.712317
v 2.826650 8.280278 23.901388
v 3.398928 7.899703 24.227989
v 3.898790 8.505049 24.213673
v 3.542428 8.449707 24.181927
v 3.647990 8.337322 23.816620
v 3.580749 8.491426 24.532475
v 3.217189 8.140650 24.177486
v 3.114459 8.746846 24.671364
v 3.247802 8.551024 24.334572
v 3.626151 8.540808 24.566442
v 2.852008 8.548470 24.280647
v 3.362163 8.098080 24.120886
v 3.053997 8.425016 23.600517
v 3.238011 8.382446 23.950182
v 2.834815 8.447153 24.097855
v 3.512125 8.254737 23.699963
v 3.652806 8.527184 23.754045
v 3.466700 8.528036 23.994387
v 3.237944 8.488020 23.756601
v 3.734612 8.496534 24.123110
v 3.265851 8.313483 24.225990
v 3.699210 8.821770 24.517160
v 3.477695 8.700020 24.262501
v 3.814387 8.603810 24.088985
v 3.259296 8.754508 24.532072
v 3.286579 8.338175 24.080338
v 2.777409 8.856677 24.041679
v 3.147010 8.720452 24.070984
v 3.076955 8.805593 24.485500
v 3.054290 8.612325 23.711130
v 3.430983 8.335619 24.184763
v 3.887205 8.913720 24.101444
v 3.566776 8.866894 24.085281
v 3.648051 8.767280 23.754240
v 3.613570 8.902653 24.398331
v 3.273408 8.592742 24.091454
v 3.224860 8.977575 24.472698
v 3.311621 8.835391 24.222313
v 3.594760 8.824324 24.380997
v 3.021078 8.835391 24.193806
v 3.386600 8.504197 24.061390
v 3.160788 8.969913 23.625296
v 3.312274 8.935005 23.888369
v 3.007264 8.986090 24.014172
v 3.514645 8.836244 23.687616
v 3.396307 8.695763 24.168459
v 3.546215 9.137640 24.316673
v 3.423481 9.004821 24.134007
v 3.673726 9.013334 24.016705
v 3.260030 8.996306 24.321404
v 3.366218 8.717048 24.005539
v 2.898419 8.288793 24.485455
v 2.877169 8.249628 24.150524
v 3.236404 8.337322 24.172131
v 2.587522 8.115108 24.253595
v 2.946915 7.991654 23.832268
v 2.295351 8.168745 23.859777
v 2.673562 8.176409 23.906258
v 2.566928 8.064448 24.295212
v 2.640184 8.190030 23.533310
v 3.058229 7.912474 23.941174
v 3.266991 8.502495 23.584290
v 3.035555 8.298159 23.821037
v 2.804954 8.267508 23.474731
v 3.351467 8.322848 24.022240
v 2.885814 7.857558 23.962088
v 2.382973 8.272616 24.073793
v 2.681676 8.293901 23.997671
v 2.719124 8.237708 24.329151
v 2.548352 8.268359 23.725979
v 2.996582 8.096803 23.929304
v 2.828231 8.539955 23.456718
v 2.852095 8.406286 23.780264
v 2.494576 8.295605 23.708549
v 3.177928 8.482060 23.705963
v 2.906312 8.044440 24.020794
v 3.227498 8.447153 24.317968
v 2.996123 8.327106 24.097151
v 3.260205 8.429274 23.854439
v 2.873204 8.211315 24.388214
v 2.877689 7.998891 23.856432
v 2.696395 8.402881 24.365139
v 2.777196 8.400327 24.118141
v 3.028852 8.442897 24.243053
v 2.537712 8.307524 24.097672
v 2.912549 8.223235 23.891258
v 2.396971 8.522928 23.747021
v 2.663157 8.499941 23.894106
v 2.464362 8.387555 24.139824
v 2.751110 8.542510 23.609951
v 2.931031 8.262400 24.011375
v 3.242863 8.786011 23.849667
v 2.970790 8.603811 23.946875
v 2.896979 8.624245 23.588703
v 3.161929 8.585080 24.214705
v 2.790160 8.218979 23.971329
v 2.345124 8.628501 24.126781
v 2.609626 8.648935 24.048342
v 2.654683 8.602108 24.344505
v 2.481184 8.622541 23.809891
v 2.890287 8.472695 23.978336
v 2.751711 8.741737 23.629360
v 2.778716 8.647232 23.866047
v 2.515696 8.563795 23.824486
v 3.014374 8.702574 23.802170
v 2.826244 8.384150 24.043118
v 3.033667 8.875407 24.286301
v 2.849995 8.780051 24.124290
v 3.045421 8.857529 23.929342
v 2.764516 8.692356 24.352379
v 2.753280 8.524631 23.945396
v 2.511795 8.841352 23.836266
v 2.682839 8.780903 23.956179
v 2.516846 8.760468 24.123295
v 2.761856 8.773239 23.758797
v 2.817297 8.572309 24.064297
v 3.408248 8.501642 24.428246
v 3.070859 8.373081 24.438879
v 3.054412 8.447153 24.061760
v 3.229058 8.269211 24.752808
v 2.813182 7.987398 24.372412
v 2.811821 8.256439 25.033741
v 2.844889 8.243669 24.644360
v 3.288455 8.223235 24.779533
v 2.452529 8.166191 24.661999
v 2.946563 7.913752 24.268112
v 2.390134 8.484614 23.992521
v 2.706758 8.329660 24.257301
v 2.362153 8.226641 24.483154
v 2.898244 8.381596 23.937572
v 2.990870 7.871181 24.451431
v 3.001574 8.422462 24.944534
v 2.904847 8.402029 24.631191
v 3.266887 8.418205 24.610645
v 2.633464 8.315187 24.759289
v 2.881264 8.128730 24.317619
v 2.261219 8.534847 24.437737
v 2.638340 8.460775 24.436579
v 2.609149 8.346688 24.811832
v 2.526589 8.499941 24.091267
v 2.995721 8.099783 24.418606
v 3.174271 8.612326 24.069016
v 2.987859 8.437788 24.307697
v 2.694643 8.470141 24.016577
v 3.330880 8.389258 24.455982
v 2.838513 8.008257 24.444494
v 3.255589 8.620839 24.623302
v 2.995860 8.546767 24.529301
v 3.104416 8.605514 24.271452
v 3.010421 8.455667 24.783266
v 2.806705 8.272616 24.393303
v 2.585028 8.626799 24.897144
v 2.735929 8.614880 24.629871
v 3.033715 8.564647 24.854433
v 2.423450 8.583378 24.523808
v 2.919963 8.346688 24.376114
v 2.583558 8.882219 24.007202
v 2.749345 8.720453 24.306339
v 2.371661 8.659152 24.366064
v 3.027822 8.751103 24.122150
v 2.896071 8.298159 24.523609
v 2.952077 8.850718 24.959610
v 2.854750 8.830283 24.680538
v 3.176300 8.848164 24.650642
v 2.617977 8.751103 24.805534
v 2.823963 8.585080 24.401066
v 2.384165 8.818363 24.508934
v 2.658859 8.766428 24.498096
v 2.649277 8.683843 24.774807
v 2.567083 8.793674 24.247669
v 2.920158 8.505049 24.476564
v 3.020447 9.115502 24.235537
v 2.886443 8.979279 24.425446
v 2.652604 9.001415 24.209591
v 3.153666 8.945223 24.530289
v 2.778800 8.648935 24.537132
v 2.579213 9.006523 24.758217
v 2.716136 8.952886 24.591091
v 2.902850 8.987792 24.771271
v 2.509438 8.887327 24.501814
v 2.886754 8.728115 24.472736
v 3.416738 9.221077 23.979372
v 3.353057 9.013334 24.023891
v 3.442561 8.987792 23.777267
v 3.359447 9.069528 24.255035
v 3.361319 8.698317 24.102531
v 2.753513 9.057608 23.955769
v 2.745245 8.861785 24.005266
v 2.620725 8.863488 23.802193
v 2.913197 8.895842 24.135460
v 2.799205 8.574013 24.013210
v 2.785929 9.258538 24.485252
v 2.774593 9.043985 24.482018
v 3.009426 9.079743 24.460251
v 2.579026 9.061013 24.570473
v 2.785366 8.744292 24.564358
v 3.368474 8.150867 24.228756
v 3.360301 7.898851 24.229279
v 3.383117 8.437788 24.151085
v 3.395589 8.436086 24.164867
v 3.395589 8.436086 24.164867
v 3.376809 8.794524 24.122574
v 3.226855 9.043984 23.559109
v 3.219342 8.853271 23.589806
v 3.224834 8.853271 23.581951
v 3.228902 8.853271 23.590607
v 3.224834 8.853271 23.581951
v 3.229686 8.517819 23.609484
v 3.217488 8.518670 23.626928
v 3.172301 8.128730 23.660601
v 3.153996 8.129580 23.686821
v 3.176201 7.892040 23.685551
v 3.152766 7.893317 23.719090
v 3.185869 8.129580 23.689550
v 3.193542 7.893317 23.722616
v 3.172301 8.128730 23.660601
v 3.176201 7.892040 23.685551
v 3.238689 8.518670 23.628767
v 3.229686 8.517819 23.609484
v 2.851198 8.156825 24.394653
v 2.836288 8.157678 24.415949
v 2.884404 7.906515 24.396523
v 2.861043 7.907792 24.429890
v 2.862214 8.157678 24.418283
v 2.901864 7.907792 24.433323
v 2.834830 8.462479 24.468046
v 2.846856 8.461628 24.451050
v 2.856163 8.462479 24.470173
v 2.846856 8.461628 24.451050
v 2.777092 8.831986 24.492481
v 2.804311 8.717048 24.047253
v 2.833542 8.554429 24.016525
v 2.838764 8.557836 24.009071
v 2.843306 8.556132 24.017651
v 2.838764 8.557836 24.009071
v 2.864045 8.315187 23.970263
v 2.854331 8.308375 23.984331
v 2.922856 8.088714 23.896364
v 2.910443 8.080199 23.914352
v 2.933320 8.084456 23.916943
v 2.963821 7.916306 23.895189
v 2.922856 8.088714 23.896364
v 2.872324 8.311781 23.986359
v 2.864045 8.315187 23.970263
v 2.756334 8.559539 24.592373
v 2.811502 8.367973 24.573318
v 2.649720 8.353499 24.724590
v 2.896487 8.418205 24.399626
v 2.820430 8.089140 24.497974
v 3.072783 8.458221 24.527969
v 2.880195 8.321998 24.568748
v 2.830298 8.418205 24.342766
v 3.007237 8.234303 24.733284
v 2.732684 8.033798 24.528515
v 2.352483 7.747728 24.246330
v 2.657769 7.649817 24.396774
v 2.430054 7.566166 24.694832
v 2.743984 7.666633 24.065384
v 3.241373 7.806048 24.079132
v 2.989859 7.624914 24.345013
v 2.724340 7.627681 24.006596
v 3.329076 7.586174 24.528458
v 2.815053 7.134774 24.407795
v 2.903903 7.625766 25.105051
v 2.849004 7.558291 24.717165
v 3.279834 7.577661 24.717770
v 2.496799 7.459955 24.858376
v 2.898759 7.166382 24.242399
v 2.997153 7.919285 24.071007
v 2.894210 7.773271 24.349121
v 2.592857 7.752837 24.174305
v 3.205663 7.761351 24.385168
v 2.797884 7.368961 24.546654
v 3.254952 7.874587 24.855022
v 2.975365 7.770716 24.643318
v 2.850446 7.671954 24.962425
v 2.815543 7.391630 24.388878
v 2.297636 7.724315 24.652985
v 2.629472 7.665567 24.548363
v 2.681779 7.597244 24.922939
v 2.458521 7.653223 24.248768
v 2.980289 7.312237 24.350975
v 2.557668 7.961430 24.203751
v 2.726201 7.868201 24.398624
v 2.473841 7.809454 24.539946
v 2.886615 7.883526 24.190250
v 2.864743 7.550629 24.554329
v 3.246191 8.135541 24.360456
v 2.973227 7.998466 24.474304
v 2.883002 8.021028 24.142878
v 3.164965 7.946530 24.713696
v 2.746630 7.609162 24.518921
v 2.659276 8.014216 25.056591
v 2.745549 7.966963 24.721962
v 3.093964 7.959726 24.869408
v 2.409323 7.897149 24.714445
v 2.864067 7.625126 24.415848
v 2.936425 8.357757 24.156181
v 2.854531 8.227492 24.409222
v 2.578398 8.207058 24.263493
v 3.134738 8.218126 24.430740
v 2.776360 7.865222 24.591114
v 3.127814 8.178963 24.783806
v 2.918046 8.101060 24.637135
v 3.109175 8.135541 24.425308
v 2.836254 8.029542 24.873878
v 2.765275 7.809454 24.471291
v 2.389835 8.310079 24.694473
v 2.641663 8.265805 24.604259
v 2.693279 8.214722 24.890770
v 2.501205 8.254737 24.379539
v 2.876263 7.989952 24.524967
v 2.798220 8.189179 24.549603
v 2.806426 8.016770 24.522484
v 2.800748 8.016344 24.529264
v 2.800748 8.016344 24.529264
v 2.815789 7.711969 24.461346
v 2.828353 7.712395 24.446461
v 2.815789 7.711969 24.461346
v 3.824892 7.667909 23.432821
v 3.718623 7.667910 23.813189
v 3.324084 7.654713 23.638046
v 3.014431 7.911623 24.235163
v 3.403176 7.713672 24.103395
v 3.513998 7.792427 24.572926
v 3.142427 7.617677 23.761059
v 3.715438 7.218956 24.091022
v 3.423507 8.112554 24.531273
v 3.559566 7.906940 24.195707
v 3.936954 7.898426 24.429710
v 3.164217 7.900980 24.140114
v 3.370187 7.771142 23.461155
v 3.552639 7.728146 23.811699
v 3.148473 7.793704 23.957506
v 3.828873 7.594688 23.562988
v 3.967716 7.883526 23.617529
v 3.780252 7.883526 23.856731
v 3.552938 7.838828 23.618078
v 4.047575 7.852450 23.986767
v 4.008588 8.195991 24.380486
v 3.788548 8.065725 24.124622
v 4.127177 7.965687 23.953030
v 3.568770 8.121919 24.393108
v 3.600869 7.682170 23.942081
v 3.088980 8.226641 23.900393
v 3.459037 8.084883 23.931536
v 3.386585 8.175556 24.345676
v 3.368835 7.969091 23.571533
v 3.744559 7.679615 24.047060
v 4.198135 8.293901 23.965471
v 3.877984 8.242817 23.947653
v 3.961319 8.136393 23.617218
v 3.923296 8.280278 24.260880
v 3.586232 7.950362 23.952824
v 3.533733 8.357757 24.332996
v 3.622241 8.207058 24.083397
v 3.904876 8.197694 24.243723
v 3.331892 8.206207 24.053814
v 3.473606 8.348391 23.485748
v 3.624019 8.312633 23.749554
v 3.318156 8.365418 23.873745
v 3.827766 8.208761 23.549885
v 3.707854 8.060617 24.030077
v 3.854475 8.528888 24.178333
v 3.733278 8.387555 23.995361
v 3.984315 8.396920 23.879410
v 3.569397 8.377338 24.182158
v 3.678453 8.082329 23.867184
v 3.191885 7.585961 24.010418
v 2.902629 7.441437 24.112034
v 3.264672 7.312929 23.693048
v 2.612192 7.496140 23.716894
v 2.989907 7.506356 23.765253
v 2.882104 7.388011 24.154148
v 2.958054 7.519765 23.392290
v 3.375885 7.229994 23.802509
v 3.582778 7.854578 23.445946
v 3.351470 7.637259 23.681705
v 3.122937 7.603202 23.334494
v 3.666108 7.665567 23.884245
v 3.203751 7.171010 23.822735
v 2.698019 7.606183 23.931267
v 2.996877 7.630874 23.856615
v 3.033179 7.572126 24.188049
v 2.865057 7.602777 23.584433
v 3.313214 7.424196 23.790062
v 3.144579 7.891614 23.316223
v 3.167739 7.750708 23.639923
v 2.811174 7.631299 23.566723
v 3.493221 7.832016 23.567167
v 3.222857 7.368641 23.881159
v 3.310529 7.668121 23.957607
v 3.575135 7.777102 23.716061
v 3.186930 7.545094 24.248363
v 3.195325 7.320271 23.716709
v 3.009160 7.746877 24.223923
v 3.091125 7.744323 23.977448
v 2.852407 7.644709 23.955925
v 3.228588 7.557440 23.751457
v 2.712299 7.870329 23.604391
v 2.977766 7.848194 23.752554
v 2.778378 7.728146 23.997770
v 3.066602 7.893317 23.469025
v 3.246284 7.599159 23.871630
v 3.555645 8.154271 23.710617
v 3.284296 7.960153 23.806868
v 3.212067 7.980586 23.448357
v 3.473975 7.942273 24.075733
v 3.105865 7.551906 23.830969
v 2.657665 7.982715 23.983599
v 2.922555 8.005703 23.906498
v 2.966428 7.956747 24.202824
v 2.795385 7.976755 23.667685
v 3.204425 7.821374 23.838091
v 3.065952 8.104038 23.488108
v 3.092381 8.004425 23.725004
v 2.830178 7.914602 23.682175
v 3.328014 8.064875 23.662251
v 3.140697 7.727294 23.902424
v 3.343850 8.247926 24.146019
v 3.161633 8.145758 23.983501
v 3.357511 8.228344 23.789396
v 3.075475 8.053381 24.211281
v 3.067440 7.875439 23.804226
v 2.824506 8.207910 23.693743
v 2.995295 8.145758 23.814358
v 2.828845 8.123622 23.980801
v 3.075307 8.138095 23.617611
v 3.130460 7.926096 23.923492
v 3.720053 7.855431 24.290333
v 3.383556 7.717078 24.299500
v 3.540648 7.608950 24.614330
v 3.128446 7.308140 24.232315
v 3.122731 7.593838 24.892620
v 3.157352 7.579363 24.503937
v 3.600257 7.561059 24.641617
v 2.765417 7.495714 24.519901
v 3.262647 7.231086 24.128855
v 2.704402 7.831165 23.849648
v 3.020571 7.669400 24.116089
v 2.675664 7.558718 24.340408
v 3.213150 7.725165 23.797436
v 3.306343 7.186656 24.312366
v 3.311203 7.770290 24.804710
v 3.216262 7.747303 24.490768
v 3.578088 7.766459 24.471994
v 3.196032 7.457827 24.177301
v 2.573159 7.883526 24.293812
v 2.950475 7.807752 24.295080
v 2.920336 7.687279 24.669905
v 2.840228 7.847767 23.949280
v 3.309952 7.428347 24.279448
v 3.487119 7.970369 23.929817
v 3.300633 7.785190 24.167889
v 3.008601 7.816691 23.875429
v 3.153215 7.330328 24.304615
v 3.566016 7.980586 24.484299
v 3.306810 7.900980 24.389135
v 3.416532 7.963557 24.131811
v 3.120314 7.609589 24.252464
v 2.893901 7.983140 24.755108
v 3.046208 7.970795 24.488474
v 3.342957 7.920563 24.714432
v 2.734527 7.935887 24.380898
v 3.233107 7.688982 24.235998
v 2.895186 8.252182 23.865007
v 3.060353 8.082753 24.165266
v 2.682961 8.015493 24.222786
v 3.339722 8.115958 23.981945
v 3.208827 7.637897 24.383324
v 3.259183 8.222383 24.818645
v 3.163565 8.200248 24.539412
v 3.484978 8.220680 24.510853
v 2.926548 8.114256 24.663366
v 3.135396 7.939719 24.260185
v 2.693834 8.184071 24.365385
v 2.968701 8.131284 24.356495
v 2.958361 8.043590 24.632866
v 2.878129 8.159380 24.105207
v 3.231671 7.855855 24.336184
v 3.329475 8.500792 24.094973
v 3.195450 8.357757 24.284407
v 2.962693 8.379042 24.067169
v 3.462150 8.322848 24.390411
v 3.089299 8.006980 24.395824
v 2.886581 8.385001 24.615505
v 3.024508 8.328809 24.449295
v 3.209957 8.366270 24.630310
v 2.818871 8.257292 24.358631
v 3.197005 8.091694 24.331789
v 3.725964 8.616581 23.840446
v 3.663430 8.395218 23.885010
v 3.754523 8.368824 23.639000
v 3.668641 8.454816 24.116184
v 3.673512 8.063171 23.964264
v 3.064406 8.437788 23.813948
v 3.056887 8.231749 23.863777
v 2.933455 8.231749 23.660141
v 3.224105 8.268359 23.994572
v 3.112537 7.927373 23.872482
v 3.092694 8.652340 24.343670
v 3.083028 8.425016 24.340256
v 3.317678 8.465033 24.319336
v 2.887006 8.442897 24.427567
v 3.094985 8.108296 24.423124
v 3.168141 7.810731 24.329538
v 3.158959 7.809880 24.310001
v 3.116745 8.078497 23.906118
v 3.147094 7.906940 23.875893
v 3.152352 7.911197 23.868225
v 3.156807 7.909494 23.876999
v 3.179183 7.654500 23.830000
v 3.169467 7.647263 23.844067
v 3.239715 7.415257 23.756817
v 3.227367 7.406104 23.774658
v 3.260662 7.017333 23.736715
v 3.246041 7.014246 23.757795
v 3.250057 7.411106 23.777399
v 3.239715 7.415257 23.756817
v 3.260662 7.017333 23.736715
v 3.187325 7.651307 23.846270
v 3.508785 8.608919 23.604162
v 3.213135 8.420759 23.263979
v 3.587966 8.434382 23.258057
v 3.482171 8.413097 23.878052
v 3.840541 8.278577 23.957207
v 3.605840 8.293901 24.143705
v 2.938191 9.232995 23.975616
v 2.702103 8.965656 24.376575
v 2.692195 8.874557 23.975328
v 3.124032 9.381140 23.672461
v 2.995830 9.267052 23.336349
v 3.216813 9.156369 23.488186
v 3.293468 9.280674 24.015749
v 3.598037 9.015038 24.157934
v 3.285378 9.032065 24.256252
v 2.546368 8.889881 24.020342
v 3.044448 8.989495 23.986320
v 2.785439 9.059311 24.300173
v 2.698957 8.619987 23.352901
v 3.184658 8.362014 23.121857
v 3.049764 8.360311 23.559612
v 2.452559 8.774090 23.266623
v 2.082560 8.560390 23.058731
v 2.432391 8.549321 22.955608
v 3.089654 8.552727 23.532558
v 2.585439 8.353499 23.368647
v 2.969622 8.407137 23.123825
v 3.753307 8.798781 23.996496
v 3.312869 8.631056 23.989235
v 3.548558 8.642976 23.714956
v 4.261201 8.626799 24.068069
v 3.999154 8.638719 23.783154
v 4.147604 8.505049 23.835016
v 4.276940 8.383299 23.626432
v -9.798269 13.542295 8.747119
v -9.798269 14.772182 10.340868
v -9.798269 13.779598 8.594775
v -9.751394 14.685238 10.395555
v -10.181082 13.634090 9.043994
v -9.751394 13.407528 8.743213
v -10.231863 13.520809 8.747119
v -10.181082 13.634090 9.043994
v -9.751394 13.407528 8.743213
v -9.751394 13.407528 8.743213
v -9.751394 14.685238 10.395555
v -9.751394 13.476864 8.700244
v -9.751394 14.747898 10.356493
v 3.583809 7.851154 23.903471
v 4.478970 7.678125 23.565866
v -20.606760 11.215065 -1.598295
v 3.533154 7.931204 23.905834
v 3.562648 7.616187 23.838217
v 3.540298 8.326255 23.940792
v 3.817573 8.621691 24.504131
v 3.810429 8.412246 24.478512
v 3.794727 8.044016 24.453239
v 3.841775 7.616400 24.392250
v 3.810429 8.412246 24.478512
v 3.794727 8.044016 24.453239
v 4.064863 7.617250 23.537537
v 3.969276 7.044152 23.560112
v 4.036407 7.617038 23.540606
v 3.928107 7.044045 23.564461
v 4.052905 7.948658 23.468670
v 4.064863 7.617250 23.537537
v 4.029379 7.948658 23.471153
v 4.036407 7.617038 23.540606
v 4.106574 8.352648 23.415794
v 4.052905 7.948658 23.468670
v 4.106574 8.352648 23.415794
v 4.029379 7.948658 23.471153
v 4.171620 8.244520 23.904057
v 4.148242 8.067855 23.949787
v 4.171620 8.244520 23.904057
v 4.137604 8.069983 23.950603
v 4.148242 8.067855 23.949787
v 4.134639 7.800089 23.998693
v 2.402338 7.548925 23.155182
v 2.501255 7.025634 23.225834
v 2.402338 7.548925 23.155182
v 2.354268 7.859262 23.081501
v 2.423806 7.544669 23.130301
v 2.313327 8.254737 23.120615
v 2.313327 8.254737 23.120615
v 2.354268 7.859262 23.081501
v 2.232228 8.525482 23.760418
v 2.251210 8.316037 23.730680
v 2.232228 8.525482 23.760418
v 2.241679 8.316037 23.725925
v 2.353015 7.517425 23.652786
v 2.428569 7.022016 23.634268
v 2.321494 7.517849 23.636736
v 2.391486 7.022121 23.615011
v 2.353015 7.517425 23.652786
v 2.245134 7.946529 23.679865
v 2.321494 7.517849 23.636736
v 2.241679 8.316037 23.725925
v 2.245134 7.946529 23.679865
v 2.969882 7.548714 23.071894
v 2.965837 7.026273 23.105785
v 2.944377 7.548925 23.058550
v 2.928947 7.026273 23.086618
v 3.002841 7.885229 23.006432
v 2.969882 7.548714 23.071894
v 2.981820 7.885229 22.995573
v 2.944377 7.548925 23.058550
v 3.080715 8.292198 22.995728
v 3.002841 7.885229 23.006432
v 3.080715 8.292198 22.995728
v 2.981820 7.885229 22.995573
v 2.865283 8.162786 23.437138
v 2.821404 7.983992 23.454767
v 2.865283 8.162786 23.437138
v 2.811866 7.986119 23.449514
v 2.673896 7.466553 23.510262
v 2.674506 7.028189 23.542101
v 2.821404 7.983992 23.454767
v 2.784666 7.712821 23.476765
v 2.811866 7.986119 23.449514
v 2.767285 7.717078 23.467148
v 3.508446 8.247926 23.457083
v 3.511145 8.075943 23.485836
v 3.475781 7.419087 23.576359
v 3.459269 7.008500 23.623430
v 3.521725 7.771993 23.520943
v 3.475781 7.419087 23.576359
v 3.511145 8.075943 23.485836
v 3.521725 7.771993 23.520943
v 3.339183 8.150015 24.234716
v 3.327614 7.898001 24.236046
v 3.377264 8.435233 24.168756
v 3.376809 8.794524 24.122574
v 3.219342 8.853271 23.589806
v 3.226855 9.043984 23.559109
v 3.228902 8.853271 23.590607
v 3.217488 8.518670 23.626928
v 3.153996 8.129580 23.686821
v 3.152766 7.893317 23.719090
v 3.185869 8.129580 23.689550
v 3.193542 7.893317 23.722616
v 3.238689 8.518670 23.628767
v 2.836288 8.157678 24.415949
v 2.861043 7.907792 24.429890
v 2.834830 8.462479 24.468046
v 2.856163 8.462479 24.470173
v 2.777092 8.831986 24.492481
v 2.777092 8.831986 24.492481
v 2.804311 8.717048 24.047253
v 2.833542 8.554429 24.016525
v 2.804311 8.717048 24.047253
v 2.843306 8.556132 24.017651
v 2.854331 8.308375 23.984331
v 2.910443 8.080199 23.914352
v 2.934716 7.910346 23.891665
v 2.933320 8.084456 23.916943
v 2.872324 8.311781 23.986359
v 2.798220 8.189179 24.549603
v 2.798011 8.016770 24.520563
v 2.809139 7.712821 24.443413
v 3.146538 7.810731 24.327751
v 3.168141 7.810731 24.329538
v 3.086697 8.201098 24.350773
v 3.086697 8.201098 24.350773
v 3.116745 8.078497 23.906118
v 3.147094 7.906940 23.875893
v 3.169467 7.647263 23.844067
v 3.227367 7.406104 23.774658
v 3.246041 7.014246 23.757795
v 3.250057 7.411106 23.777399
v 3.272923 7.015950 23.761082
vn 0.8544 -0.4183 0.3082
vn 0.8755 -0.2677 -0.4024
vn 0.9999 0.0123 -0.0095
vn 0.0111 -0.7910 0.6117
vn -0.0500 -0.8647 0.4997
vn -0.0771 -0.8462 0.5272
vn -0.2575 -0.8299 0.4950
vn -0.2094 -0.9011 0.3797
vn -0.0847 -0.8503 0.5195
vn 1.0000 -0.0000 -0.0000
vn 0.8715 0.4827 0.0862
vn -0.4824 0.8073 -0.3399
vn -0.4814 0.8103 -0.3342
vn -0.2169 0.9489 -0.2291
vn -0.4942 0.5566 -0.6678
vn 0.1175 0.9547 -0.2735
vn 0.0884 0.9619 -0.2586
vn -0.5752 0.2795 -0.7688
vn -0.3167 0.1789 -0.9315
vn 0.1660 0.8117 0.5600
vn 0.1656 0.8119 0.5598
vn -0.1226 -0.8532 -0.5069
vn -0.5421 0.5011 0.6745
vn -0.3036 0.6132 0.7293
vn -0.6057 0.6128 0.5075
vn -0.5906 0.3455 0.7293
vn 0.8605 0.0042 0.5094
vn 0.9365 0.0333 0.3490
vn 0.9075 0.1881 0.3756
vn 0.9820 0.0657 0.1768
vn 0.9382 -0.1074 0.3290
vn -0.5439 0.6242 0.5609
vn -0.4634 0.5611 0.6859
vn -0.2542 0.7612 0.5966
vn -0.3441 0.5070 0.7903
vn -0.6129 0.3468 0.7100
vn 0.5009 0.7906 0.3521
vn 0.4220 0.8739 0.2414
vn 0.2346 0.9620 0.1398
vn 0.2608 0.9654 0.0027
vn 0.7077 0.5900 0.3888
vn -0.2669 0.9042 0.3334
vn -0.1489 0.9074 0.3931
vn -0.1492 0.9074 0.3930
vn -0.0238 0.8939 0.4477
vn -0.2181 0.7229 0.6556
vn -0.0375 0.7307 0.6817
vn -0.0386 0.9122 0.4078
vn 0.1355 0.7360 0.6633
vn -0.0576 0.5079 0.8595
vn -0.5591 0.8023 -0.2090
vn -0.6285 0.7766 -0.0430
vn -0.3463 0.9359 0.0651
vn -0.6565 0.7426 0.1324
vn -0.8128 0.5641 -0.1452
vn 0.3329 0.8372 -0.4338
vn 0.3054 0.8606 -0.4075
vn 0.0843 0.9783 -0.1893
vn 0.4992 0.6378 -0.5865
vn 0.3570 0.7624 0.5398
vn 0.4728 0.7880 0.3943
vn 0.2049 0.9457 0.2522
vn 0.5435 0.8059 0.2349
vn 0.6441 0.5731 0.5066
vn -0.5642 0.7378 0.3705
vn -0.4557 0.7261 0.5149
vn -0.2500 0.9084 0.3351
vn -0.3194 0.7112 0.6262
vn -0.6080 0.5038 0.6136
vn 0.0586 0.8653 -0.4977
vn -0.1317 0.8535 -0.5042
vn -0.1150 0.9792 -0.1673
vn -0.3121 0.8287 -0.4647
vn -0.1146 0.6544 -0.7474
vn -0.1979 0.7228 0.6621
vn -0.0144 0.7323 0.6808
vn -0.0272 0.9132 0.4066
vn 0.1597 0.7377 0.6560
vn -0.0268 0.5092 0.8602
vn -0.5705 0.7993 -0.1890
vn -0.6337 0.7733 -0.0201
vn -0.3492 0.9340 0.0759
vn -0.6542 0.7399 0.1567
vn -0.8201 0.5607 -0.1143
vn 0.5164 0.8463 -0.1303
vn 0.4169 0.8601 -0.2940
vn 0.1562 0.9844 -0.0807
vn 0.2860 0.8613 -0.4200
vn 0.6175 0.6606 -0.4269
vn -0.0650 0.7883 -0.6119
vn 0.1360 0.8022 -0.5813
vn -0.0415 0.7916 -0.6096
vn -0.2474 0.7466 -0.6176
vn 0.1297 0.9294 0.3454
vn 0.4014 0.8906 0.2136
vn 0.1654 0.9562 0.2417
vn 0.4687 0.8719 0.1419
vn 0.7265 0.6729 0.1391
vn -0.5535 0.7560 0.3495
vn -0.4504 0.8035 0.3892
vn -0.2576 0.8991 0.3539
vn -0.1900 0.8751 0.4451
vn -0.7344 0.5443 0.4055
vn 0.4578 0.8505 0.2590
vn 0.4705 0.8776 0.0923
vn 0.1629 0.9751 0.1502
vn 0.4167 0.9074 -0.0538
vn 0.6949 0.7163 0.0629
vn -0.2719 0.7186 0.6401
vn -0.1145 0.7123 0.6925
vn -0.0859 0.8960 0.4357
vn 0.0415 0.7293 0.6829
vn -0.1539 0.4996 0.8525
vn -0.3214 0.9021 -0.2880
vn -0.4840 0.8240 -0.2946
vn -0.1780 0.9835 -0.0333
vn -0.5750 0.7107 -0.4052
vn -0.7168 0.6432 -0.2694
vn 0.1021 0.9945 0.0215
vn 0.0266 0.9612 -0.2744
vn 0.0003 0.9996 -0.0299
vn -0.0264 0.9330 -0.3589
vn 0.0639 0.7727 -0.6315
vn 0.2444 0.7666 0.5939
vn 0.3715 0.7913 0.4855
vn 0.1284 0.9355 0.3291
vn 0.4391 0.8284 0.3477
vn 0.5301 0.5993 0.5998
vn -0.5900 0.7938 0.1474
vn -0.5823 0.7527 0.3071
vn -0.3068 0.9124 0.2710
vn -0.5143 0.7307 0.4489
vn -0.7747 0.5599 0.2939
vn 0.6891 0.7246 0.0044
vn 0.6932 0.6901 0.2077
vn 0.6915 0.7216 0.0336
vn 0.6606 0.7293 -0.1781
vn -0.2522 0.7188 0.6479
vn -0.0930 0.7137 0.6942
vn -0.0759 0.8969 0.4357
vn 0.0619 0.7322 0.6783
vn -0.1246 0.5013 0.8563
vn -0.3387 0.8987 -0.2786
vn -0.4744 0.8600 -0.1880
vn -0.2691 0.9621 0.0450
vn -0.5580 0.8281 -0.0539
vn -0.5954 0.7052 -0.3849
vn 0.4478 0.6941 0.5637
vn 0.5765 0.6735 0.4626
vn 0.3972 0.8691 0.2947
vn 0.6556 0.6805 0.3272
vn 0.6689 0.4566 0.5865
vn 0.2379 0.9711 0.0164
vn 0.3402 0.9403 -0.0129
vn 0.3407 0.9401 -0.0131
vn 0.4423 0.8958 -0.0433
vn -0.0120 0.9775 -0.2104
vn 0.2558 0.8441 -0.4713
vn 0.0075 0.7779 -0.6284
vn 0.1496 0.8766 -0.4575
vn -0.0860 0.7598 -0.6444
vn -0.2220 0.5272 -0.8202
vn 0.4997 0.8327 -0.2387
vn 0.0552 0.9570 0.2847
vn 0.2115 0.9193 0.3320
vn 0.2503 0.9681 0.0072
vn 0.3654 0.8782 0.3086
vn 0.1409 0.8037 0.5781
vn -0.2376 0.8336 -0.4987
vn -0.3156 0.8805 -0.3537
vn -0.0007 0.9574 -0.2887
vn -0.3218 0.9252 -0.2011
vn -0.5465 0.7321 -0.4067
vn 0.6737 0.6515 -0.3489
vn 0.6061 0.6230 -0.4945
vn 0.4086 0.8326 -0.3740
vn 0.4943 0.6268 -0.6024
vn 0.7402 0.3999 -0.5406
vn -0.2972 0.9507 -0.0884
vn -0.2436 0.9672 0.0722
vn 0.0403 0.9943 -0.0988
vn -0.1329 0.9731 0.1879
vn -0.4765 0.8589 0.1878
vn 0.1896 0.6774 -0.7108
vn 0.0264 0.7136 -0.7000
vn 0.1409 0.8806 -0.4525
vn -0.1042 0.7665 -0.6337
vn -0.0456 0.5074 -0.8605
vn 0.6109 0.7818 0.1246
vn 0.6935 0.7205 -0.0005
vn 0.4597 0.8752 -0.1509
vn 0.7196 0.6781 -0.1496
vn 0.8315 0.5368 0.1434
vn -0.4355 0.8049 -0.4031
vn -0.5258 0.8098 -0.2603
vn -0.2519 0.9537 -0.1643
vn -0.5518 0.8274 -0.1042
vn -0.7056 0.6192 -0.3445
vn 0.5842 0.7443 -0.3237
vn 0.5333 0.6945 -0.4830
vn 0.2523 0.8744 -0.4144
vn 0.4347 0.6546 -0.6185
vn 0.7298 0.4740 -0.4927
vn -0.0854 0.9386 0.3343
vn 0.0938 0.9343 0.3438
vn 0.0599 0.9982 -0.0101
vn 0.2575 0.9153 0.3096
vn 0.0782 0.7811 0.6195
vn -0.3272 0.7127 -0.6205
vn -0.4521 0.7457 -0.4894
vn -0.2065 0.9001 -0.3836
vn -0.5117 0.7927 -0.3315
vn -0.6105 0.5547 -0.5653
vn 0.1256 0.9406 0.3153
vn 0.3061 0.9135 0.2682
vn 0.1544 0.9866 -0.0522
vn 0.4509 0.8772 0.1647
vn 0.3777 0.7592 0.5300
vn -0.5411 0.8120 -0.2189
vn -0.5106 0.8586 -0.0459
vn -0.2266 0.9602 -0.1634
vn -0.4288 0.8990 0.0894
vn -0.7183 0.6952 0.0260
vn 0.3638 0.6464 -0.6707
vn 0.2263 0.6283 -0.7443
vn 0.1089 0.8423 -0.5279
vn 0.0774 0.6093 -0.7892
vn 0.3185 0.3843 -0.8665
vn 0.5631 0.8217 -0.0878
vn 0.5945 0.7597 -0.2634
vn 0.2831 0.9071 -0.3114
vn 0.5517 0.7104 -0.4370
vn 0.8040 0.5641 -0.1882
vn -0.2892 0.9179 0.2718
vn -0.1280 0.9342 0.3330
vn -0.0389 0.9992 -0.0049
vn 0.0282 0.9335 0.3576
vn -0.2275 0.7795 0.5837
vn -0.1412 0.6726 -0.7264
vn -0.2996 0.6892 -0.6597
vn -0.1353 0.8708 -0.4726
vn -0.4239 0.7208 -0.5484
vn -0.3991 0.4776 -0.7827
vn 0.1471 0.9394 0.3096
vn 0.3261 0.9098 0.2567
vn 0.1634 0.9849 -0.0567
vn 0.4661 0.8725 0.1462
vn 0.4060 0.7556 0.5141
vn -0.5421 0.8174 -0.1951
vn -0.5038 0.8635 -0.0242
vn -0.2223 0.9629 -0.1531
vn -0.4169 0.9026 0.1073
vn -0.7113 0.7007 0.0560
vn 0.3465 0.6440 -0.6821
vn 0.2070 0.6272 -0.7509
vn 0.1004 0.8413 -0.5312
vn 0.0568 0.6096 -0.7907
vn 0.2919 0.3837 -0.8761
vn -0.2048 0.8541 0.4780
vn -0.0588 0.8306 0.5537
vn 0.0781 0.9565 0.2810
vn 0.0881 0.7980 0.5962
vn -0.1966 0.6501 0.7339
vn 0.9860 0.0586 0.1563
vn 0.9957 0.0907 -0.0186
vn 0.9680 0.2505 0.0178
vn 0.9738 0.1191 -0.1937
vn 0.9976 -0.0572 -0.0393
vn 0.7370 -0.0103 -0.6758
vn 0.6058 0.0054 -0.7956
vn 0.6138 0.1704 -0.7709
vn 0.4542 0.0200 -0.8907
vn 0.5927 -0.1441 -0.7924
vn 0.2626 -0.0875 0.9609
vn 0.4302 -0.0915 0.8981
vn 0.4246 0.0648 0.9031
vn 0.5849 -0.0896 0.8061
vn 0.4151 -0.2293 0.8804
vn -0.3849 0.0041 -0.9229
vn -0.3825 0.0042 -0.9239
vn -0.3824 0.0042 -0.9240
vn -0.3850 0.0041 -0.9229
vn -0.5679 -0.1925 0.8003
vn -0.3728 0.1613 -0.9138
vn -0.3739 0.1611 -0.9134
vn -0.3740 0.1610 -0.9133
vn -0.3727 0.1613 -0.9138
vn -0.5972 -0.0157 0.8019
vn 0.9886 -0.0309 0.1471
vn 0.9113 -0.0366 0.4101
vn -0.7959 -0.0467 0.6036
vn 0.9098 0.0654 0.4099
vn 0.9100 0.0655 0.4095
vn -0.7929 -0.1705 0.5851
vn -0.7912 -0.1708 0.5872
vn -0.7911 -0.1708 0.5874
vn -0.7929 -0.1705 0.5850
vn 0.9113 -0.0370 0.4101
vn -0.8045 -0.0061 0.5939
vn -0.7971 -0.0074 0.6037
vn -0.7968 -0.0075 0.6042
vn -0.8047 -0.0061 0.5937
vn 0.9036 -0.1347 0.4065
vn 0.9040 -0.1349 0.4057
vn 0.9036 -0.1347 0.4066
vn -0.1050 -0.0215 -0.9942
vn -0.1070 -0.0213 -0.9940
vn -0.1050 -0.0216 -0.9942
vn -0.7967 0.1745 0.5787
vn -0.7988 0.1749 0.5756
vn -0.7989 0.1750 0.5754
vn -0.7966 0.1745 0.5788
vn 0.9053 0.1175 0.4082
vn 0.9056 0.1173 0.4076
vn 0.9056 0.1173 0.4075
vn 0.9053 0.1175 0.4083
vn -0.1034 -0.2060 -0.9731
vn -0.1028 -0.2059 -0.9732
vn -0.1027 -0.2059 -0.9732
vn -0.8066 0.1055 0.5816
vn -0.8005 0.1066 0.5898
vn -0.8002 0.1067 0.5902
vn -0.8069 0.1054 0.5812
vn 0.9099 -0.0673 0.4094
vn -0.1043 -0.1154 -0.9878
vn -0.7834 0.2289 0.5779
vn 0.9096 -0.0129 0.4152
vn -0.1208 -0.2338 -0.9648
vn -0.7907 0.2969 0.5353
vn 0.9163 0.0264 0.3997
vn 0.9161 0.0265 0.4000
vn 0.9163 0.0264 0.3996
vn -0.1126 -0.1731 -0.9784
vn -0.1099 -0.1732 -0.9787
vn -0.1097 -0.1732 -0.9788
vn -0.1127 -0.1731 -0.9784
vn 0.4395 -0.0309 0.8977
vn 0.5892 0.0027 0.8080
vn 0.5501 0.1539 0.8208
vn 0.7205 0.0406 0.6923
vn 0.6025 -0.1347 0.7867
vn -0.7665 0.6120 0.1946
vn -0.7674 0.5431 0.3409
vn -0.5442 0.7424 0.3907
vn -0.7255 0.4816 0.4916
vn -0.9046 0.3301 0.2695
vn 0.2181 0.7671 0.6033
vn 0.3605 0.7998 0.4800
vn 0.1118 0.9514 0.2870
vn 0.4605 0.8225 0.3339
vn 0.5196 0.5843 0.6234
vn -0.6541 0.7103 0.2599
vn -0.5731 0.7022 0.4224
vn -0.3468 0.8940 0.2837
vn -0.4596 0.6930 0.5555
vn -0.7322 0.4745 0.4886
vn 0.1082 0.8738 -0.4740
vn -0.0734 0.8543 -0.5146
vn -0.1248 0.9747 -0.1854
vn -0.2550 0.8212 -0.5106
vn -0.0065 0.6625 -0.7490
vn -0.5490 0.7003 0.4563
vn -0.4120 0.7041 0.5784
vn -0.2626 0.8965 0.3568
vn -0.2568 0.7067 0.6593
vn -0.5257 0.4741 0.7063
vn -0.3558 0.8199 -0.4485
vn -0.5058 0.7885 -0.3498
vn -0.3311 0.9385 -0.0975
vn -0.6257 0.7485 -0.2199
vn -0.6014 0.5837 -0.5455
vn 0.4916 0.8380 0.2368
vn 0.5057 0.8615 0.0452
vn 0.1689 0.9830 0.0719
vn 0.4734 0.8704 -0.1349
vn 0.7475 0.6627 0.0451
vn -0.0062 0.7339 0.6793
vn 0.1713 0.7635 0.6226
vn 0.0250 0.9314 0.3631
vn 0.3190 0.7861 0.5295
vn 0.2537 0.5411 0.8018
vn -0.6799 0.7327 0.0289
vn -0.6691 0.7133 0.2087
vn -0.3994 0.8989 0.1804
vn -0.6166 0.6915 0.3764
vn -0.8490 0.4899 0.1978
vn 0.3160 0.8833 -0.3464
vn 0.1621 0.8749 -0.4564
vn -0.0107 0.9868 -0.1615
vn -0.0090 0.8520 -0.5234
vn 0.3114 0.6855 -0.6581
vn -0.5339 0.6995 0.4750
vn -0.3923 0.7045 0.5914
vn -0.2528 0.8968 0.3631
vn -0.2345 0.7083 0.6658
vn -0.5000 0.4745 0.7245
vn -0.3775 0.8166 -0.4367
vn -0.5220 0.7853 -0.3330
vn -0.3390 0.9365 -0.0895
vn -0.6354 0.7459 -0.1997
vn -0.6241 0.5803 -0.5232
vn 0.4969 0.8413 0.2128
vn 0.5031 0.8640 0.0213
vn 0.1656 0.9843 0.0607
vn 0.4640 0.8718 -0.1571
vn 0.7465 0.6653 0.0121
vn 0.2420 0.9518 -0.1886
vn 0.1259 0.9417 -0.3119
vn -0.0647 0.9968 -0.0462
vn -0.0228 0.9276 -0.3730
vn 0.2962 0.8155 -0.4973
vn 0.0303 0.8244 0.5652
vn 0.1682 0.8596 0.4824
vn -0.0024 0.9431 0.3326
vn 0.2535 0.8905 0.3777
vn 0.2605 0.7465 0.6123
vn -0.6997 0.7144 0.0066
vn -0.7268 0.6666 0.1657
vn -0.4159 0.8890 0.1915
vn -0.6796 0.6547 0.3310
vn -0.9111 0.3944 0.1198
vn 0.2331 0.8311 0.5049
vn 0.3360 0.8643 0.3741
vn 0.0466 0.9653 0.2569
vn 0.3714 0.9011 0.2237
vn 0.5404 0.7002 0.4666
vn -0.5846 0.6975 0.4144
vn -0.4821 0.6864 0.5445
vn -0.3176 0.8797 0.3539
vn -0.3468 0.7010 0.6231
vn -0.6018 0.4680 0.6472
vn -0.1153 0.9183 -0.3787
vn -0.2774 0.8798 -0.3860
vn -0.2468 0.9664 -0.0715
vn -0.4226 0.8449 -0.3278
vn -0.2607 0.7363 -0.6245
vn 0.3449 0.9386 -0.0015
vn 0.2841 0.9453 -0.1600
vn 0.0103 0.9998 0.0179
vn 0.1698 0.9469 -0.2730
vn 0.5059 0.8173 -0.2759
vn -0.1278 0.7377 0.6630
vn 0.0370 0.7640 0.6441
vn -0.0801 0.9185 0.3872
vn 0.1682 0.8054 0.5683
vn 0.1073 0.5656 0.8177
vn -0.5793 0.7978 -0.1672
vn -0.6600 0.7506 -0.0329
vn -0.4118 0.9063 0.0954
vn -0.6809 0.7224 0.1205
vn -0.8116 0.5625 -0.1579
vn 0.2468 0.8364 0.4894
vn 0.3436 0.8698 0.3540
vn 0.0485 0.9678 0.2472
vn 0.3735 0.9053 0.2022
vn 0.5536 0.7072 0.4398
vn -0.5729 0.6968 0.4317
vn -0.4658 0.6872 0.5575
vn -0.3101 0.8802 0.3594
vn -0.3280 0.7036 0.6303
vn -0.5798 0.4689 0.6663
vn -0.1367 0.9148 -0.3800
vn -0.2983 0.8752 -0.3809
vn -0.2564 0.9641 -0.0696
vn -0.4407 0.8398 -0.3169
vn -0.2901 0.7307 -0.6180
vn 0.0580 0.6631 0.7463
vn 0.2216 0.6441 0.7321
vn 0.1627 0.8507 0.4998
vn 0.3623 0.6553 0.6628
vn 0.2317 0.4192 0.8778
vn 0.0390 0.8953 0.4437
vn 0.1789 0.8398 0.5126
vn 0.2855 0.9335 0.2170
vn 0.3313 0.7908 0.5147
vn 0.0564 0.6947 0.7170
vn -0.0947 0.9158 -0.3904
vn -0.1991 0.9454 -0.2581
vn 0.1007 0.9877 -0.1197
vn -0.2346 0.9666 -0.1035
vn -0.4228 0.8233 -0.3786
vn 0.7600 0.6426 -0.0976
vn 0.7211 0.6432 -0.2575
vn 0.5127 0.8464 -0.1439
vn 0.6336 0.6724 -0.3826
vn 0.8524 0.4199 -0.3115
vn -0.1983 0.9554 -0.2187
vn -0.2486 0.9671 -0.0549
vn 0.0834 0.9961 -0.0278
vn -0.2260 0.9684 0.1052
vn -0.5056 0.8570 -0.0999
vn 0.5615 0.6964 -0.4469
vn 0.4227 0.7334 -0.5324
vn 0.3708 0.8914 -0.2606
vn 0.2781 0.7860 -0.5521
vn 0.4594 0.5339 -0.7099
vn 0.4154 0.7724 0.4804
vn 0.5571 0.7136 0.4248
vn 0.4524 0.8756 0.1694
vn 0.6663 0.6751 0.3167
vn 0.5873 0.5231 0.6176
vn -0.1174 0.9439 0.3087
vn -0.0131 0.9016 0.4324
vn 0.1986 0.9625 0.1847
vn 0.1284 0.8589 0.4958
vn -0.2074 0.7773 0.5940
vn 0.0698 0.8572 -0.5102
vn -0.0740 0.8995 -0.4306
vn 0.1517 0.9679 -0.2004
vn -0.1630 0.9379 -0.3062
vn -0.2363 0.7580 -0.6080
vn 0.7500 0.6523 0.1092
vn 0.7739 0.6313 -0.0512
vn 0.5407 0.8397 -0.0507
vn 0.7401 0.6410 -0.2033
vn 0.9131 0.4070 -0.0255
vn -0.2049 0.9585 -0.1984
vn -0.2493 0.9679 -0.0326
vn 0.0844 0.9963 -0.0174
vn -0.2204 0.9671 0.1268
vn -0.5086 0.8582 -0.0692
vn 0.5450 0.7013 -0.4596
vn 0.4037 0.7392 -0.5391
vn 0.3623 0.8937 -0.2646
vn 0.2589 0.7921 -0.5527
vn 0.4332 0.5424 -0.7198
vn 0.4336 0.7663 0.4742
vn 0.5733 0.7081 0.4122
vn 0.4592 0.8733 0.1627
vn 0.6786 0.6707 0.2994
vn 0.6106 0.5152 0.6015
vn -0.1483 0.8287 -0.5397
vn -0.3017 0.8287 -0.4714
vn -0.1280 0.9637 -0.2345
vn -0.4088 0.8406 -0.3553
vn -0.4035 0.6455 -0.6485
vn 0.6604 0.7461 0.0850
vn 0.7062 0.7037 -0.0782
vn 0.4326 0.8857 -0.1683
vn 0.6991 0.6708 -0.2474
vn 0.8771 0.4801 0.0126
vn -0.2601 0.9274 0.2688
vn -0.1255 0.9188 0.3741
vn 0.0486 0.9965 0.0676
vn 0.0383 0.8974 0.4396
vn -0.2702 0.7528 0.6002
vn 0.0644 0.7423 -0.6670
vn -0.1128 0.7724 -0.6250
vn 0.0333 0.9183 -0.3946
vn -0.2500 0.8143 -0.5239
vn -0.2018 0.5869 -0.7841
vn -0.0760 0.9250 0.3722
vn 0.1010 0.8965 0.4313
vn 0.1506 0.9850 0.0837
vn 0.2794 0.8618 0.4235
vn 0.0174 0.7306 0.6826
vn -0.3356 0.8296 -0.4462
vn -0.4066 0.8688 -0.2826
vn -0.1049 0.9700 -0.2194
vn -0.4130 0.9025 -0.1223
vn -0.6188 0.7061 -0.3442
vn 0.6689 0.6656 -0.3310
vn 0.5950 0.6531 -0.4685
vn 0.3762 0.8605 -0.3436
vn 0.4959 0.6385 -0.5886
vn 0.7410 0.4123 -0.5300
vn 0.5125 0.8145 0.2720
vn 0.6359 0.7589 0.1406
vn 0.4008 0.9139 -0.0648
vn 0.6957 0.7177 -0.0298
vn 0.7706 0.5565 0.3105
vn -0.3981 0.9113 0.1053
vn -0.2968 0.9225 0.2468
vn -0.0363 0.9992 0.0169
vn -0.1793 0.9178 0.3542
vn -0.5171 0.7596 0.3944
vn 0.2785 0.7033 -0.6541
vn 0.1084 0.7200 -0.6854
vn 0.1411 0.8915 -0.4305
vn -0.0579 0.7493 -0.6597
vn 0.0950 0.5146 -0.8521
vn -0.0556 0.9236 0.3793
vn 0.1251 0.8930 0.4322
vn 0.1614 0.9833 0.0836
vn 0.3048 0.8568 0.4160
vn 0.0508 0.7267 0.6851
vn -0.3499 0.8338 -0.4270
vn -0.4131 0.8727 -0.2603
vn -0.1065 0.9723 -0.2079
vn -0.4137 0.9049 -0.0999
vn -0.6301 0.7098 -0.3150
vn 0.6607 0.6646 -0.3490
vn 0.5822 0.6534 -0.4838
vn 0.3702 0.8606 -0.3498
vn 0.4792 0.6401 -0.6006
vn 0.7242 0.4131 -0.5522
vn -0.4398 0.8382 0.3225
vn -0.3603 0.8088 0.4648
vn -0.0966 0.9429 0.3187
vn -0.2608 0.7722 0.5794
vn -0.5731 0.6240 0.5312
vn 0.7359 0.0333 0.6763
vn 0.8402 0.0720 0.5375
vn 0.7964 0.2299 0.5594
vn 0.9184 0.1076 0.3808
vn 0.8540 -0.0742 0.5149
vn 0.9874 0.0030 -0.1580
vn 0.9438 0.0262 -0.3294
vn 0.9359 0.1897 -0.2968
vn 0.8698 0.0467 -0.4911
vn 0.9323 -0.1234 -0.3399
vn -0.3098 -0.1299 0.9419
vn -0.1360 -0.1352 0.9814
vn -0.1441 0.0222 0.9893
vn 0.0434 -0.1319 0.9903
vn -0.1376 -0.2727 0.9522
vn -0.9332 -0.1313 0.3345
vn -0.9288 -0.1296 0.3473
vn -0.9286 -0.1295 0.3478
vn -0.9334 -0.1313 0.3340
vn 0.7406 0.2269 0.6324
vn 0.7558 0.2259 0.6147
vn 0.7563 0.2259 0.6139
vn 0.7400 0.2270 0.6332
vn 0.1840 -0.0961 -0.9782
vn 0.1817 -0.0967 -0.9786
vn 0.1816 -0.0968 -0.9786
vn 0.1841 -0.0961 -0.9782
vn -0.9305 -0.1164 0.3474
vn -0.9292 -0.1159 0.3508
vn -0.9292 -0.1159 0.3511
vn -0.9305 -0.1164 0.3473
vn 0.7526 0.2602 0.6049
vn 0.1806 -0.1114 -0.9772
vn 0.1764 -0.1127 -0.9779
vn 0.1760 -0.1128 -0.9779
vn 0.1808 -0.1113 -0.9772
vn -0.9327 -0.0878 0.3499
vn 0.7802 0.0189 0.6252
vn 0.1854 0.1157 -0.9758
vn 0.5627 -0.0660 0.8241
vn 0.4403 0.1652 -0.8825
vn -0.9958 -0.0568 0.0717
vn 0.5347 0.0500 0.8436
vn 0.5322 0.0498 0.8452
vn 0.5320 0.0498 0.8453
vn 0.5348 0.0500 0.8435
vn 0.4583 0.1034 -0.8828
vn 0.4528 0.1022 -0.8857
vn 0.4525 0.1021 -0.8859
vn 0.4586 0.1034 -0.8826
vn -0.9891 -0.1417 0.0407
vn -0.9893 -0.1413 0.0373
vn -0.9893 -0.1413 0.0371
vn -0.9891 -0.1417 0.0408
vn 0.5328 0.0335 0.8456
vn 0.4491 0.1683 -0.8775
vn -0.9833 -0.1784 0.0354
vn -0.9829 -0.1792 0.0413
vn -0.9829 -0.1793 0.0416
vn -0.9833 -0.1783 0.0352
vn 0.5410 -0.0693 0.8382
vn 0.5619 -0.0685 0.8244
vn 0.5627 -0.0685 0.8238
vn 0.5406 -0.0693 0.8384
vn -0.9987 -0.0147 0.0489
vn -0.9971 -0.0185 0.0739
vn -0.9970 -0.0187 0.0749
vn -0.9987 -0.0146 0.0484
vn 0.5360 0.0505 0.8427
vn 0.5358 0.0505 0.8428
vn 0.4603 -0.0611 -0.8857
vn 0.4622 -0.0610 -0.8847
vn 0.4623 -0.0610 -0.8846
vn 0.4602 -0.0612 -0.8857
vn -0.9984 0.0319 0.0457
vn -0.9985 0.0319 0.0455
vn 0.5310 0.1114 0.8400
vn 0.5267 0.1127 0.8425
vn 0.5265 0.1128 0.8427
vn 0.5313 0.1113 0.8398
vn 0.4515 -0.2126 -0.8666
vn 0.4486 -0.2128 -0.8680
vn 0.4484 -0.2128 -0.8681
vn 0.4516 -0.2125 -0.8665
vn -0.9913 0.1203 0.0529
vn 0.4561 -0.1105 -0.8830
vn -0.9702 0.2357 0.0561
vn 0.4396 -0.1944 -0.8769
vn -0.9564 0.2910 0.0256
vn 0.5624 0.0691 0.8240
vn 0.5611 0.0692 0.8248
vn 0.5611 0.0693 0.8249
vn 0.4802 -0.0629 -0.8749
vn 0.4707 -0.0640 -0.8800
vn 0.4701 -0.0641 -0.8803
vn 0.4806 -0.0629 -0.8747
vn -0.9969 0.0045 0.0786
vn -0.9966 0.0046 0.0819
vn -0.9966 0.0046 0.0821
vn -0.9969 0.0045 0.0785
vn 0.5290 -0.0312 0.8480
vn 0.5339 -0.0341 0.8448
vn 0.5343 -0.0343 0.8446
vn 0.5288 -0.0310 0.8482
vn 0.5444 -0.0057 0.8388
vn 0.5455 -0.0060 0.8381
vn 0.4547 -0.1331 -0.8807
vn 0.4551 -0.1331 -0.8804
vn -0.9849 0.1665 0.0470
vn -0.9847 0.1666 0.0521
vn -0.9846 0.1666 0.0523
vn -0.9849 0.1665 0.0468
vn -0.7451 -0.0259 -0.6664
vn -0.8499 0.0082 -0.5269
vn -0.8178 0.1594 -0.5529
vn -0.9278 0.0455 -0.3702
vn -0.8548 -0.1293 -0.5027
vn 0.6391 0.6107 -0.4675
vn 0.5854 0.5419 -0.6030
vn 0.3604 0.7423 -0.5648
vn 0.4894 0.4819 -0.7268
vn 0.7383 0.3284 -0.5891
vn -0.4269 0.7706 -0.4732
vn -0.5752 0.7324 -0.3644
vn -0.1536 0.9273 -0.3415
vn -0.7132 0.5890 -0.3799
vn -0.7916 0.5887 -0.1638
vn 0.5110 0.7101 -0.4843
vn 0.3750 0.7027 -0.6047
vn 0.2182 0.8943 -0.3907
vn 0.2195 0.6944 -0.6853
vn 0.4964 0.4752 -0.7265
vn 0.0810 0.8719 0.4829
vn 0.2646 0.8517 0.4523
vn 0.1890 0.9736 0.1282
vn 0.4312 0.8183 0.3800
vn 0.2902 0.6590 0.6939
vn 0.3392 0.7007 -0.6277
vn 0.1669 0.7052 -0.6891
vn 0.1130 0.8967 -0.4280
vn -0.0067 0.7087 -0.7055
vn 0.2231 0.4763 -0.8505
vn 0.5015 0.8172 0.2842
vn 0.6029 0.7861 0.1364
vn 0.3465 0.9375 -0.0313
vn 0.6649 0.7464 -0.0288
vn 0.7646 0.5800 0.2812
vn -0.5414 0.8402 -0.0314
vn -0.4828 0.8625 0.1513
vn -0.1807 0.9835 0.0005
vn -0.3850 0.8708 0.3056
vn -0.7072 0.6646 0.2414
vn -0.2465 0.7373 -0.6290
vn -0.3895 0.7676 -0.5090
vn -0.1552 0.9337 -0.3226
vn -0.4918 0.7897 -0.3668
vn -0.5347 0.5458 -0.6451
vn 0.6213 0.7316 -0.2805
vn 0.5440 0.7129 -0.4425
vn 0.3056 0.8989 -0.3141
vn 0.4324 0.6925 -0.5775
vn 0.7139 0.4894 -0.5009
vn -0.1593 0.8821 0.4433
vn 0.0248 0.8730 0.4871
vn 0.0740 0.9859 0.1503
vn 0.2083 0.8494 0.4849
vn -0.0383 0.6835 0.7289
vn 0.3188 0.7002 -0.6388
vn 0.1440 0.7058 -0.6936
vn 0.1018 0.8969 -0.4303
vn -0.0301 0.7106 -0.7029
vn 0.1927 0.4772 -0.8574
vn 0.5167 0.8140 0.2653
vn 0.6118 0.7827 0.1147
vn 0.3508 0.9355 -0.0419
vn 0.6665 0.7437 -0.0521
vn 0.7773 0.5765 0.2520
vn -0.5375 0.8433 -0.0069
vn -0.4716 0.8647 0.1731
vn -0.1744 0.9846 0.0105
vn -0.3679 0.8718 0.3234
vn -0.6936 0.6671 0.2718
vn -0.8276 -0.0627 -0.5578
vn 0.9081 -0.0551 -0.4150
vn -0.8158 -0.0220 -0.5779
vn -0.8172 -0.0220 -0.5759
vn -0.8173 -0.0219 -0.5758
vn -0.8158 -0.0221 -0.5780
vn 0.9060 -0.0840 -0.4150
vn -0.8155 0.0392 -0.5774
vn -0.8111 0.0381 -0.5836
vn -0.8109 0.0381 -0.5839
vn -0.8157 0.0392 -0.5772
vn 0.8958 -0.1808 -0.4060
vn 0.8992 -0.1797 -0.3988
vn 0.8994 -0.1797 -0.3984
vn 0.8957 -0.1809 -0.4063
vn -0.8127 -0.0645 -0.5791
vn -0.8270 -0.0638 -0.5586
vn -0.8276 -0.0637 -0.5577
vn -0.8124 -0.0645 -0.5795
vn 0.9112 -0.0157 -0.4118
vn 0.9087 -0.0165 -0.4170
vn 0.9086 -0.0166 -0.4172
vn 0.9112 -0.0156 -0.4117
vn -0.7483 -0.0201 -0.6630
vn -0.8525 0.0145 -0.5226
vn -0.8194 0.1661 -0.5486
vn -0.9296 0.0515 -0.3649
vn -0.8580 -0.1238 -0.4985
vn 0.6409 0.6066 -0.4704
vn 0.5864 0.5381 -0.6054
vn 0.3648 0.7391 -0.5663
vn 0.4896 0.4794 -0.7284
vn 0.7372 0.3252 -0.5923
vn -0.4243 0.7738 -0.4704
vn -0.3682 0.8612 -0.3505
vn -0.2037 0.9544 -0.2184
vn -0.2554 0.9626 -0.0900
vn -0.6199 0.5704 -0.5389
vn 0.5126 0.7075 -0.4866
vn 0.3763 0.7008 -0.6061
vn 0.2220 0.8930 -0.3915
vn 0.2207 0.6937 -0.6856
vn 0.4956 0.4730 -0.7285
vn 0.0882 0.8706 0.4841
vn 0.2717 0.8495 0.4523
vn 0.1953 0.9722 0.1292
vn 0.4381 0.8150 0.3794
vn 0.2971 0.6564 0.6934
vn 0.3416 0.6994 -0.6278
vn 0.1679 0.7056 -0.6884
vn 0.1163 0.8972 -0.4260
vn -0.0067 0.7097 -0.7045
vn 0.2222 0.4758 -0.8510
vn 0.5081 0.8134 0.2833
vn 0.6086 0.7819 0.1349
vn 0.3529 0.9352 -0.0312
vn 0.6698 0.7419 -0.0308
vn 0.7694 0.5749 0.2784
vn -0.5373 0.8429 -0.0286
vn -0.4770 0.8653 0.1541
vn -0.1746 0.9846 0.0016
vn -0.3786 0.8726 0.3086
vn -0.7025 0.6680 0.2453
vn -0.2464 0.7402 -0.6256
vn -0.3877 0.7700 -0.5068
vn -0.1524 0.9344 -0.3219
vn -0.4873 0.7932 -0.3653
vn -0.5340 0.5505 -0.6417
vn 0.6247 0.7277 -0.2831
vn 0.5467 0.7095 -0.4446
vn 0.3106 0.8968 -0.3151
vn 0.4344 0.6901 -0.5788
vn 0.7145 0.4854 -0.5038
vn -0.1523 0.8825 0.4451
vn 0.0322 0.8723 0.4880
vn 0.0804 0.9852 0.1515
vn 0.2157 0.8475 0.4850
vn -0.0309 0.6831 0.7297
vn 0.3215 0.6992 -0.6386
vn 0.1446 0.7070 -0.6922
vn 0.1043 0.8986 -0.4262
vn -0.0313 0.7118 -0.7017
vn 0.1916 0.4762 -0.8582
vn 0.5226 0.8097 0.2670
vn 0.6174 0.7784 0.1140
vn 0.3574 0.9331 -0.0404
vn 0.6720 0.7385 -0.0543
vn 0.7819 0.5710 0.2500
vn -0.5340 0.8454 -0.0048
vn -0.4664 0.8669 0.1759
vn -0.1699 0.9854 0.0122
vn -0.3618 0.8731 0.3269
vn -0.6889 0.6705 0.2753
vn 0.0216 0.8957 0.4441
vn 0.1717 0.9243 0.3407
vn 0.1984 0.9786 0.0545
vn -0.2463 0.8220 0.5135
vn -0.0770 0.8137 0.5761
vn -0.2956 0.7879 -0.5402
vn -0.3970 0.8213 -0.4096
vn -0.1148 0.9457 -0.3040
vn -0.4325 0.8629 -0.2616
vn -0.5908 0.6413 -0.4896
vn 0.6101 0.7469 -0.2644
vn 0.5676 0.7085 -0.4194
vn 0.3194 0.8879 -0.3312
vn 0.4719 0.6931 -0.5449
vn 0.7426 0.5027 -0.4425
vn -0.3998 0.8372 -0.3731
vn -0.4441 0.8701 -0.2137
vn -0.1311 0.9677 -0.2152
vn -0.4194 0.9057 -0.0619
vn -0.6701 0.7083 -0.2219
vn 0.3885 0.6965 -0.6032
vn 0.2453 0.6867 -0.6843
vn 0.1678 0.8797 -0.4450
vn 0.0915 0.7035 -0.7048
vn 0.3145 0.4688 -0.8254
vn 0.1694 0.9851 0.0308
vn 0.2655 0.9639 -0.0224
vn 0.2658 0.9638 -0.0226
vn 0.3621 0.9289 -0.0775
vn -0.3075 0.9416 0.1373
vn -0.1917 0.9461 0.2609
vn -0.0054 1.0000 -0.0077
vn -0.0431 0.9460 0.3212
vn -0.3536 0.8189 0.4520
vn -0.1273 0.7418 -0.6584
vn -0.2718 0.7692 -0.5783
vn -0.0641 0.9209 -0.3845
vn -0.3635 0.8110 -0.4584
vn -0.4049 0.5727 -0.7128
vn 0.6067 0.7926 -0.0603
vn 0.6299 0.7458 -0.2168
vn 0.3524 0.9045 -0.2402
vn 0.5905 0.7183 -0.3680
vn 0.8163 0.5551 -0.1597
vn -0.4067 0.8424 -0.3534
vn -0.4449 0.8746 -0.1926
vn -0.1314 0.9698 -0.2055
vn -0.4139 0.9094 -0.0420
vn -0.6721 0.7149 -0.1927
vn 0.3713 0.6965 -0.6140
vn 0.2242 0.6888 -0.6894
vn 0.1573 0.8812 -0.4459
vn 0.0691 0.7062 -0.7046
vn 0.2865 0.4704 -0.8347
vn 0.2782 0.9110 0.3046
vn 0.4283 0.8703 0.2432
vn 0.2713 0.9621 -0.0285
vn 0.5356 0.8345 0.1294
vn 0.5094 0.7238 0.4654
vn -0.3336 0.6702 -0.6630
vn -0.4770 0.6515 -0.5899
vn -0.3334 0.8549 -0.3976
vn -0.5781 0.6641 -0.4740
vn -0.5437 0.4300 -0.7208
vn -0.3819 0.7840 -0.4894
vn -0.4937 0.7978 -0.3461
vn -0.4422 0.8936 -0.0764
vn -0.1452 0.7528 -0.6420
vn -0.3177 0.7013 -0.6381
vn 0.2445 0.9119 0.3295
vn 0.2912 0.9419 0.1677
vn -0.0389 0.9873 0.1539
vn 0.2653 0.9641 0.0115
vn 0.5431 0.8171 0.1934
vn -0.6596 0.6473 0.3820
vn -0.5627 0.6463 0.5154
vn -0.4109 0.8493 0.3314
vn -0.4336 0.6740 0.5981
vn -0.6659 0.4230 0.6145
vn 0.2757 0.9524 0.1303
vn 0.2603 0.9647 -0.0397
vn -0.0554 0.9966 0.0612
vn 0.1787 0.9676 -0.1786
vn 0.5130 0.8530 -0.0961
vn -0.3422 0.6972 0.6299
vn -0.1818 0.7322 0.6564
vn -0.2357 0.8919 0.3859
vn -0.0409 0.7837 0.6197
vn -0.1498 0.5317 0.8336
vn -0.5604 0.7788 -0.2819
vn -0.6965 0.6684 -0.2611
vn -0.4107 0.9095 -0.0641
vn -0.7732 0.5320 -0.3450
vn -0.8717 0.4525 -0.1881
vn 0.0013 0.9457 -0.3250
vn -0.1436 0.9050 -0.4005
vn -0.2447 0.9654 -0.0900
vn -0.2999 0.8635 -0.4055
vn -0.0264 0.7803 -0.6248
vn 0.1386 0.8534 0.5025
vn 0.2418 0.8952 0.3745
vn -0.0534 0.9673 0.2478
vn 0.2771 0.9339 0.2257
vn 0.4578 0.7511 0.4757
vn -0.7286 0.6588 0.1877
vn -0.6898 0.6362 0.3454
vn -0.4725 0.8429 0.2573
vn -0.6003 0.6446 0.4735
vn -0.8304 0.4135 0.3735
vn 0.2744 0.9554 0.1093
vn 0.2525 0.9657 -0.0602
vn -0.0613 0.9967 0.0528
vn 0.1654 0.9665 -0.1961
vn 0.5050 0.8540 -0.1255
vn -0.3230 0.7018 0.6350
vn -0.1604 0.7388 0.6546
vn -0.2258 0.8956 0.3834
vn -0.0197 0.7904 0.6123
vn -0.1207 0.5392 0.8335
vn -0.5752 0.7723 -0.2696
vn -0.6811 0.7145 -0.1597
vn -0.4799 0.8769 0.0280
vn -0.7360 0.6768 -0.0156
vn -0.7892 0.5236 -0.3210
vn 0.3501 0.8224 0.4483
vn 0.4667 0.8222 0.3259
vn 0.2177 0.9604 0.1737
vn 0.5225 0.8341 0.1768
vn 0.6263 0.6368 0.4497
vn -0.6363 0.7512 0.1753
vn -0.6168 0.7079 0.3441
vn -0.3279 0.8874 0.3239
vn -0.5461 0.6736 0.4981
vn -0.8115 0.4863 0.3241
vn 0.1482 0.9264 -0.3461
vn -0.0270 0.9204 -0.3901
vn -0.0618 0.9974 -0.0380
vn -0.1953 0.9011 -0.3870
vn 0.0416 0.7568 -0.6523
vn 0.2018 0.7376 0.6444
vn 0.3495 0.7666 0.5386
vn 0.1284 0.9152 0.3820
vn 0.4380 0.8082 0.3936
vn 0.4905 0.5795 0.6508
vn -0.0624 0.9274 -0.3688
vn -0.2485 0.9008 -0.3560
vn -0.1608 0.9869 -0.0147
vn -0.4103 0.8675 -0.2812
vn -0.2685 0.7361 -0.6214
vn 0.4885 0.8236 0.2884
vn 0.4924 0.8634 0.1104
vn 0.1905 0.9673 0.1677
vn 0.4375 0.8984 -0.0397
vn 0.7102 0.6988 0.0860
vn -0.4862 0.6676 0.5638
vn -0.3657 0.6531 0.6631
vn -0.2090 0.8600 0.4656
vn -0.2281 0.6371 0.7362
vn -0.4793 0.4132 0.7743
vn -0.5700 0.8199 -0.0532
vn -0.6346 0.7643 0.1148
vn -0.3393 0.9155 0.2160
vn -0.6260 0.7220 0.2949
vn -0.8251 0.5649 0.0088
vn 0.3374 0.9092 -0.2441
vn 0.1898 0.9223 -0.3365
vn 0.0370 0.9990 -0.0237
vn 0.0400 0.9195 -0.3910
vn 0.3361 0.7587 -0.5581
vn -0.0007 0.7001 0.7141
vn 0.1674 0.7150 0.6788
vn 0.0419 0.8884 0.4572
vn 0.3101 0.7435 0.5925
vn 0.2408 0.5089 0.8265
vn -0.0856 0.9266 -0.3663
vn -0.2708 0.8974 -0.3485
vn -0.1716 0.9851 -0.0123
vn -0.4288 0.8636 -0.2651
vn -0.2999 0.7332 -0.6103
vn 0.4941 0.8283 0.2643
vn 0.4901 0.8673 0.0874
vn 0.1894 0.9694 0.1560
vn 0.4297 0.9010 -0.0594
vn 0.7084 0.7036 0.0551
vn -0.4713 0.6655 0.5788
vn -0.3484 0.6521 0.6733
vn -0.2034 0.8579 0.4719
vn -0.2094 0.6380 0.7410
vn -0.4548 0.4147 0.7882
vn 0.2891 0.8384 -0.4620
vn 0.1616 0.8106 -0.5629
vn -0.0263 0.9454 -0.3250
vn 0.0261 0.7760 -0.6302
vn 0.3321 0.6244 -0.7070
vn -0.9375 0.0458 -0.3450
vn -0.9806 0.0848 -0.1765
vn -0.9460 0.2443 -0.2130
vn -0.9929 0.1189 -0.0015
vn -0.9865 -0.0636 -0.1510
vn -0.8524 0.0083 0.5228
vn -0.7473 0.0289 0.6638
vn -0.7509 0.1915 0.6320
vn -0.6181 0.0483 0.7847
vn -0.7341 -0.1192 0.6685
vn -0.0726 -0.1253 -0.9895
vn -0.2487 -0.1284 -0.9600
vn -0.2425 0.0274 -0.9698
vn -0.4179 -0.1244 -0.9000
vn -0.2375 -0.2653 -0.9345
vn 0.2026 -0.0045 0.9793
vn 0.1955 0.1041 0.9752
vn 0.1963 0.0880 0.9766
vn 0.2028 -0.0045 0.9792
vn 0.1978 0.1585 0.9674
vn 0.1975 0.1639 0.9665
vn 0.7383 -0.0407 -0.6732
vn 0.2004 0.1252 0.9717
vn -0.8181 -0.0593 -0.5720
vn -0.8181 -0.0598 -0.5720
vn 0.9043 -0.0396 -0.4250
vn 0.9042 -0.0423 -0.4249
vn 0.9034 -0.0604 -0.4246
vn -0.8197 -0.0097 -0.5727
vn -0.8196 -0.0031 -0.5729
vn -0.0855 0.1390 0.9866
vn -0.0831 0.1103 0.9904
vn -0.0830 0.1103 0.9904
vn -0.8201 -0.0102 -0.5722
vn -0.8201 -0.0195 -0.5719
vn -0.8188 -0.0735 -0.5693
vn -0.0853 0.1354 0.9871
vn -0.0844 0.1505 0.9850
vn -0.0844 0.1494 0.9852
vn -0.0854 0.1354 0.9871
vn 0.9058 -0.0297 -0.4228
vn 0.9012 -0.1108 -0.4191
vn 0.9018 -0.1040 -0.4195
vn 0.9058 -0.0296 -0.4227
vn -0.0856 0.1371 0.9869
vn 0.9027 -0.1069 -0.4168
vn 0.9030 -0.1023 -0.4172
vn -0.8160 -0.1125 -0.5670
vn -0.8192 -0.0023 -0.5735
vn -0.8193 -0.0191 -0.5730
vn -0.0841 0.0466 0.9954
vn -0.0893 -0.0560 0.9944
vn -0.0897 -0.0648 0.9939
vn -0.0837 0.0466 0.9954
vn -0.8166 -0.0078 -0.5772
vn -0.8159 0.0160 -0.5780
vn -0.0981 -0.1278 0.9869
vn -0.0984 -0.1229 0.9875
vn -0.8152 -0.0895 -0.5723
vn -0.0989 -0.0810 0.9918
vn 0.8747 0.2134 -0.4352
vn -0.8154 -0.0162 -0.5787
vn -0.8163 -0.0127 -0.5775
vn -0.8108 -0.0354 -0.5843
vn -0.0842 -0.1666 0.9824
vn -0.0838 -0.1680 0.9822
vn -0.0780 -0.1986 0.9770
vn 0.8694 0.2849 -0.4036
vn -0.8208 -0.0091 -0.5712
vn -0.8204 -0.0110 -0.5717
vn -0.0855 -0.1365 0.9869
vn -0.8173 -0.0245 -0.5756
vn -0.0895 -0.1438 0.9856
vn -0.0854 -0.1438 0.9859
vn -0.0849 -0.1438 0.9860
vn -0.0899 -0.1438 0.9855
vn -0.0854 -0.1365 0.9870
vn 0.8637 0.3444 -0.3681
vn 0.8625 0.3446 -0.3705
vn 0.8625 0.3446 -0.3707
vn 0.8637 0.3443 -0.3680
vn 0.6840 -0.0256 0.7291
vn 0.8008 0.0077 0.5989
vn 0.7666 0.1589 0.6222
vn 0.8921 0.0455 0.4496
vn 0.8075 -0.1296 0.5754
vn -0.6782 0.6102 0.4095
vn -0.6363 0.5412 0.5498
vn -0.4112 0.7405 0.5317
vn -0.5511 0.4810 0.6819
vn -0.7862 0.3294 0.5228
vn 0.1229 0.9271 0.3541
vn 0.1871 0.9525 0.2402
vn 0.1883 0.9528 0.2380
vn 0.2519 0.9610 0.1143
vn -0.6001 0.6429 0.4761
vn -0.4506 0.7549 0.4766
vn -0.2520 0.8939 0.3706
vn -0.1475 0.8767 0.4578
vn -0.7390 0.3382 0.5826
vn -0.0397 0.8967 -0.4408
vn -0.2257 0.8783 -0.4216
vn -0.1766 0.9736 -0.1444
vn -0.3854 0.8437 -0.3738
vn -0.2153 0.7419 -0.6350
vn -0.3930 0.7006 0.5956
vn -0.2263 0.7052 0.6719
vn -0.1493 0.8971 0.4157
vn -0.0543 0.7084 0.7037
vn -0.2968 0.4754 0.8282
vn -0.6997 0.7124 -0.0534
vn -0.6718 0.7399 -0.0340
vn -0.4206 0.9001 0.1139
vn -0.8551 0.4845 -0.1848
vn 0.4951 0.8643 0.0885
vn 0.4532 0.8880 -0.0782
vn 0.1791 0.9837 0.0157
vn 0.3740 0.8931 -0.2502
vn 0.6515 0.7401 -0.1667
vn 0.1913 0.7371 0.6481
vn 0.3437 0.7669 0.5420
vn 0.1271 0.9331 0.3364
vn 0.4570 0.7894 0.4099
vn 0.4757 0.5458 0.6898
vn -0.6435 0.7316 0.2250
vn -0.5809 0.7131 0.3926
vn -0.3322 0.8989 0.2858
vn -0.4822 0.6926 0.5365
vn -0.7553 0.4896 0.4358
vn 0.1989 0.8823 -0.4266
vn 0.0187 0.8732 -0.4871
vn -0.0602 0.9861 -0.1548
vn -0.1652 0.8497 -0.5008
vn 0.1029 0.6831 -0.7230
vn -0.3727 0.7011 0.6079
vn -0.2030 0.7071 0.6773
vn -0.1373 0.8981 0.4179
vn -0.0302 0.7110 0.7026
vn -0.2664 0.4778 0.8371
vn -0.4917 0.8132 -0.3113
vn -0.5997 0.7822 -0.1686
vn -0.3540 0.9352 0.0095
vn -0.6694 0.7428 -0.0069
vn -0.7523 0.5760 -0.3198
vn 0.5347 0.8433 0.0540
vn 0.4847 0.8649 -0.1308
vn 0.1748 0.9846 0.0046
vn 0.3948 0.8719 -0.2897
vn 0.7142 0.6677 -0.2098
vn 0.7667 -0.0825 0.6367
vn 0.7665 -0.0856 0.6365
vn 0.7671 -0.0639 0.6383
vn -0.9519 -0.0819 0.2954
vn -0.9519 -0.0773 0.2966
vn -0.9535 -0.0490 0.2975
vn 0.7615 -0.1049 0.6396
vn 0.7614 -0.1049 0.6397
vn -0.9328 -0.1217 0.3391
vn -0.9325 -0.1220 0.3400
vn -0.0297 0.9995 -0.0083
vn 0.2792 0.8480 -0.4504
vn 0.8092 0.5177 -0.2778
vn 0.2783 0.8651 -0.4173
vn 0.1720 0.8695 -0.4630
vn 0.1711 0.8695 -0.4634
vn 0.0579 0.8615 -0.5044
vn 0.1712 0.9847 0.0317
vn 0.2724 0.9619 -0.0238
vn 0.2726 0.9618 -0.0239
vn 0.3735 0.9241 -0.0810
vn -0.1069 0.9907 -0.0838
vn -0.0140 0.9998 -0.0110
vn -0.0132 0.9999 -0.0104
vn 0.0837 0.9943 0.0656
vn -0.1320 0.7207 -0.6806
vn -0.1433 0.8049 -0.5758
vn -0.0711 0.9123 -0.4033
vn -0.1660 0.9292 -0.3303
vn -0.2610 0.5160 -0.8159
vn 0.6206 0.7816 -0.0626
vn 0.6421 0.7341 -0.2212
vn 0.3646 0.8967 -0.2508
vn 0.6071 0.6994 -0.3771
vn 0.8278 0.5371 -0.1620
vn -0.4272 0.8236 -0.3730
vn -0.4638 0.8624 -0.2031
vn -0.1419 0.9656 -0.2179
vn -0.4362 0.8987 -0.0444
vn -0.6949 0.6897 -0.2035
vn 0.2701 0.8636 -0.4257
vn 0.1633 0.8691 -0.4669
vn 0.1624 0.8691 -0.4672
vn 0.0488 0.8626 -0.5035
vn 0.2846 0.9049 0.3164
vn 0.4379 0.8632 0.2514
vn 0.2809 0.9593 -0.0302
vn 0.5532 0.8217 0.1370
vn 0.5203 0.7067 0.4794
vn -0.3393 0.6477 -0.6822
vn -0.4866 0.6308 -0.6045
vn -0.3492 0.8392 -0.4169
vn -0.5951 0.6391 -0.4872
vn -0.5485 0.4056 -0.7312
vn -0.5135 0.5888 -0.6243
vn 0.2497 0.9049 0.3446
vn 0.2959 0.9391 0.1747
vn -0.0472 0.9859 0.1603
vn 0.2722 0.9622 0.0113
vn 0.5571 0.8054 0.2024
vn -0.6798 0.6233 0.3863
vn -0.5797 0.6264 0.5211
vn -0.4341 0.8333 0.3422
vn -0.4504 0.6535 0.6083
vn -0.6778 0.4011 0.6162
vn 0.2831 0.9492 0.1372
vn 0.2648 0.9634 -0.0406
vn -0.0664 0.9958 0.0636
vn 0.1822 0.9651 -0.1879
vn 0.5297 0.8425 -0.0985
vn -0.3583 0.6739 0.6461
vn -0.1940 0.7163 0.6703
vn -0.2518 0.8806 0.4014
vn -0.0500 0.7696 0.6366
vn -0.1608 0.5102 0.8449
vn -0.7933 0.5017 -0.3450
vn -0.6728 0.5587 -0.4850
vn -0.7879 0.5050 -0.3524
vn -0.8830 0.4272 -0.1946
vn -0.3038 0.8294 -0.4689
vn -0.3152 0.8476 -0.4270
vn -0.3714 0.9189 -0.1330
vn -0.2213 0.6811 -0.6979
vn 0.1372 0.8410 0.5233
vn 0.2417 0.8892 0.3886
vn -0.0642 0.9637 0.2590
vn 0.2810 0.9302 0.2361
vn 0.4638 0.7359 0.4933
vn -0.7490 0.6356 0.1871
vn -0.7081 0.6154 0.3464
vn -0.4980 0.8264 0.2627
vn -0.6203 0.6212 0.4789
vn -0.8421 0.3901 0.3724
vn 0.2821 0.9524 0.1156
vn 0.2572 0.9644 -0.0621
vn -0.0706 0.9960 0.0543
vn 0.1687 0.9638 -0.2066
vn 0.5207 0.8440 -0.1287
vn -0.3390 0.6789 0.6513
vn -0.1739 0.7228 0.6688
vn -0.2433 0.8841 0.3989
vn -0.0317 0.7767 0.6290
vn -0.1328 0.5179 0.8451
vn -0.5946 0.7540 -0.2792
vn -0.7253 0.6402 -0.2533
vn -0.4425 0.8943 -0.0661
vn -0.8028 0.4976 -0.3284
vn -0.8916 0.4211 -0.1665
vn 0.3561 0.8111 0.4640
vn 0.4732 0.8141 0.3366
vn 0.2207 0.9583 0.1814
vn 0.5346 0.8246 0.1853
vn 0.6344 0.6198 0.4618
vn -0.6014 0.6141 0.5110
vn -0.5683 0.6486 0.5063
vn -0.3292 0.8304 0.4495
vn -0.7627 0.3912 0.5150
vn -0.2106 0.9760 -0.0551
vn 0.2260 0.7447 -0.6280
vn 0.2014 0.7195 0.6646
vn 0.3512 0.7548 0.5541
vn 0.1279 0.9078 0.3994
vn 0.4443 0.7975 0.4081
vn 0.4915 0.5616 0.6656
vn -0.0688 0.9196 -0.3867
vn -0.0697 0.9050 -0.4196
vn -0.0557 0.9969 -0.0562
vn -0.0739 0.7350 -0.6740
vn 0.5015 0.8111 0.3010
vn 0.5026 0.8566 0.1168
vn 0.1933 0.9653 0.1757
vn 0.4497 0.8923 -0.0401
vn 0.7247 0.6829 0.0919
vn -0.5034 0.6472 0.5724
vn -0.5062 0.6431 0.5747
vn -0.3207 0.8528 0.4121
vn -0.6254 0.4035 0.6679
vn -0.5918 0.8040 -0.0568
vn -0.5957 0.8010 -0.0592
vn -0.3229 0.9420 0.0914
vn -0.7838 0.5910 -0.1905
vn 0.3469 0.9026 -0.2549
vn 0.1927 0.9174 -0.3481
vn 0.0333 0.9991 -0.0272
vn 0.0390 0.9117 -0.4089
vn 0.3441 0.7428 -0.5743
vn -0.0095 0.6802 0.7329
vn 0.1636 0.7012 0.6940
vn 0.0369 0.8789 0.4756
vn 0.3123 0.7299 0.6081
vn 0.2362 0.4901 0.8390
vn -0.0925 0.9186 -0.3843
vn -0.2850 0.8877 -0.3616
vn -0.1874 0.9822 -0.0137
vn -0.4534 0.8462 -0.2800
vn -0.3125 0.7101 -0.6310
vn 0.5079 0.8154 0.2777
vn 0.5005 0.8605 0.0949
vn 0.1912 0.9675 0.1653
vn 0.4421 0.8950 -0.0593
vn 0.7242 0.6869 0.0612
vn -0.4887 0.6456 0.5868
vn -0.3611 0.6355 0.6825
vn -0.2171 0.8467 0.4857
vn -0.2196 0.6169 0.7557
vn -0.4651 0.3927 0.7934
vn 0.2980 0.8272 -0.4764
vn 0.2530 0.7462 -0.6158
vn 0.0679 0.9609 -0.2685
vn 0.3381 0.6037 -0.7219
vn 0.1767 0.5373 -0.8247
vn -0.9359 0.0355 -0.3504
vn -0.9808 0.0729 -0.1809
vn -0.9502 0.2250 -0.2158
vn -0.9940 0.1091 -0.0057
vn -0.9852 -0.0676 -0.1577
vn -0.8552 0.0043 0.5183
vn -0.7504 0.0250 0.6605
vn -0.7553 0.1800 0.6302
vn -0.6217 0.0462 0.7819
vn -0.7381 -0.1159 0.6646
vn -0.0682 -0.1177 -0.9907
vn -0.2435 -0.1249 -0.9618
vn -0.2385 0.0247 -0.9708
vn -0.4130 -0.1190 -0.9029
vn -0.2323 -0.2544 -0.9388
vn -0.0822 -0.0712 0.9941
vn 0.8819 0.2070 -0.4235
vn -0.8181 -0.0242 -0.5745
vn -0.8196 -0.0188 -0.5726
vn -0.8131 -0.0415 -0.5807
vn -0.0718 -0.1536 0.9855
vn -0.0710 -0.1579 0.9849
vn -0.0633 -0.1840 0.9809
vn -0.8226 -0.0012 -0.5686
vn -0.0923 -0.1285 0.9874
vn -0.8206 -0.0145 -0.5714
vn -0.8189 -0.0141 -0.5738
vn -0.8188 -0.0141 -0.5739
vn -0.8206 -0.0145 -0.5713
vn -0.1094 -0.0479 0.9928
vn 0.8929 0.0695 -0.4449
vn 0.8967 0.0699 -0.4370
vn 0.8969 0.0699 -0.4366
vn 0.8927 0.0695 -0.4452
vn -0.0927 -0.1285 0.9874
vn -0.0395 0.8885 -0.4571
vn 0.2825 0.9175 0.2801
vn -0.8197 0.5626 -0.1075
vn 0.6284 0.6316 -0.4541
vn 0.2561 0.6678 0.6989
vn -0.2064 0.9051 -0.3717
vn 0.5225 0.8367 0.1643
vn -0.1436 0.8065 -0.5735
vn -0.2860 0.9261 -0.2459
vn -0.3406 0.9054 -0.2533
vn 0.4767 0.7888 -0.3880
vn 0.6919 0.6355 -0.3427
vn 0.4082 0.7122 -0.5711
vn 0.3960 0.8785 -0.2672
vt 1.774414 -2.138672
vt 2.025391 -2.091797
vt 1.774414 -2.093750
vt 2.025391 -2.048828
vt 1.808594 -2.001953
vt 1.763672 -2.048828
vt 1.694336 -2.001953
vt 1.688477 -2.048828
vt 1.762695 -2.048828
vt 1.763672 -2.074219
vt 2.025391 -2.052734
vt 1.763672 -2.052734
vt 2.025391 -2.072266
vt 0.228271 -0.016403
vt 0.230225 -0.046021
vt 0.207397 -0.032104
vt 0.174072 -0.069885
vt 0.163696 -0.019928
vt 0.116028 -0.015228
vt 0.158813 -0.642090
vt 0.110901 -0.642090
vt 0.130981 -0.628906
vt 0.711426 -0.970703
vt 0.655762 -0.874512
vt 0.711426 -0.874512
vt 0.822754 -0.970703
vt 0.767090 -0.874512
vt 0.822754 -0.874512
vt 0.729004 -0.155762
vt 0.685547 -0.112488
vt 0.814453 -0.111450
vt 0.700195 -0.237915
vt 0.654297 -0.897461
vt 0.799316 -0.891113
vt 0.813965 -1.016602
vt 0.928223 -0.890137
vt 0.805176 -0.674805
vt 0.934082 -0.902344
vt 0.785156 -0.891113
vt 0.770508 -1.016602
vt 0.655273 -0.889160
vt 0.779297 -0.674805
vt 0.987305 -0.042542
vt 0.994629 -0.048920
vt 0.987305 -0.048920
vt 0.994629 -0.042542
vt 0.973145 -0.048920
vt 0.980469 -0.058533
vt 0.973145 -0.058533
vt 0.994629 -0.058533
vt 0.987305 -0.058533
vt 0.983887 -0.069397
vt 0.973145 -0.068115
vt 0.980469 -0.068115
vt 0.983887 -0.074524
vt 0.987305 -0.068115
vt 0.994629 -0.068115
vt 0.980469 -0.048920
vt 0.973145 -0.042542
vt 0.980469 -0.042542
vt 0.810547 -0.062500
vt 0.910156 -0.061676
vt 0.821777 -0.159790
vt 0.835449 -0.166016
vt 0.912109 -0.230957
vt 0.779785 -0.247437
vt 0.795410 -0.195801
vt 0.894043 -0.148071
vt 0.852539 -0.286865
s 1
g センター
g Grand_Narukami_Shrine_mesh.002_Material.010
usemtl Material.010
f 1438/1/1 1437/2/2 1436/3/3
s 2
f 1439/4/4 1440/5/5 1441/6/6
s 3
f 1443/7/7 1442/8/8 1444/9/9
s 4
f 1447/10/10 1446/11/10 1445/12/10
f 1446/11/10 1447/10/10 1448/13/11
s 5
g Grand_Narukami_Shrine_mesh.002_Material.030
usemtl Material.030
f 4/14/12 2/15/13 3/16/13
s 6
f 6/17/14 5/18/15 3/16/14
s 7
f 1/19/16 1449/18/17 6/17/17
s 8
f 8/20/18 1450/21/19 7/22/19
s 9
g Grand_Narukami_Shrine_mesh.002_Material.032
usemtl Material.032
f 12/23/20 10/24/21 9/25/20
s 10
f 13/26/22 1451/27/22 11/28/22
s 11
g Grand_Narukami_Shrine_mesh.002_Material.038
usemtl Material.038
f 16/29/23 15/30/24 14/31/25
f 16/29/23 14/31/25 17/32/26
f 15/30/24 16/29/23 17/32/26
s 12
f 20/33/27 19/34/28 18/35/29
f 19/34/28 21/36/30 18/35/29
f 19/34/28 20/33/27 22/37/31
f 21/36/30 19/34/28 22/37/31
s 13
f 25/33/32 24/34/33 23/35/34
f 24/34/33 26/36/35 23/35/34
f 24/34/33 25/33/32 27/37/36
f 26/36/35 24/34/33 27/37/36
s 14
f 30/33/37 29/34/38 28/35/39
f 29/34/38 31/36/40 28/35/39
f 29/34/38 30/33/37 32/37/41
s 15
f 35/33/42 34/34/43 33/35/44
f 34/34/43 36/36/45 33/35/44
s 16
f 39/33/46 38/34/47 37/35/48
f 38/34/47 40/36/49 37/35/48
f 38/34/47 39/33/46 41/37/50
f 40/36/49 38/34/47 41/37/50
s 17
f 44/33/51 43/34/52 42/35/53
f 43/34/52 45/36/54 42/35/53
f 43/34/52 44/33/51 46/37/55
f 45/36/54 43/34/52 46/37/55
s 18
f 48/34/56 49/36/57 47/35/58
f 49/36/57 48/34/56 50/37/59
s 19
f 53/33/60 52/34/61 51/35/62
f 52/34/61 54/36/63 51/35/62
f 52/34/61 53/33/60 55/37/64
f 54/36/63 52/34/61 55/37/64
s 20
f 58/33/65 57/34/66 56/35/67
f 57/34/66 59/36/68 56/35/67
f 57/34/66 58/33/65 60/37/69
f 59/36/68 57/34/66 60/37/69
s 21
f 63/33/70 62/34/71 61/35/72
f 62/34/71 64/36/73 61/35/72
f 62/34/71 63/33/70 65/37/74
f 64/36/73 62/34/71 65/37/74
s 22
f 68/33/75 67/34/76 66/35/77
f 67/34/76 69/36/78 66/35/77
f 67/34/76 68/33/75 70/37/79
f 69/36/78 67/34/76 70/37/79
s 23
f 73/33/80 72/34/81 71/35/82
f 72/34/81 74/36/83 71/35/82
f 72/34/81 73/33/80 75/37/84
f 74/36/83 72/34/81 75/37/84
s 24
f 78/33/85 77/34/86 76/35/87
f 77/34/86 79/36/88 76/35/87
f 77/34/86 78/33/85 80/37/89
f 79/36/88 77/34/86 80/37/89
s 25
f 81/34/90 82/33/91 84/37/92
f 83/36/93 81/34/90 84/37/92
s 26
f 87/33/94 86/34/95 85/35/96
f 86/34/95 88/36/97 85/35/96
f 88/36/97 86/34/95 89/37/98
s 27
f 92/33/99 91/34/100 90/35/101
f 91/34/100 93/36/102 90/35/101
f 91/34/100 92/33/99 94/37/103
s 28
f 97/33/104 96/34/105 95/35/106
f 96/34/105 98/36/107 95/35/106
f 96/34/105 97/33/104 99/37/108
f 98/36/107 96/34/105 99/37/108
s 29
f 102/33/109 101/34/110 100/35/111
f 101/34/110 103/36/112 100/35/111
f 101/34/110 102/33/109 104/37/113
f 103/36/112 101/34/110 104/37/113
s 30
f 107/33/114 106/34/115 105/35/116
f 106/34/115 107/33/114 109/37/117
f 108/36/118 106/34/115 109/37/117
s 31
f 112/33/119 111/34/120 110/35/121
f 111/34/120 113/36/122 110/35/121
f 113/36/122 111/34/120 114/37/123
s 32
f 117/33/124 116/34/125 115/35/126
f 116/34/125 118/36/127 115/35/126
f 116/34/125 117/33/124 119/37/128
f 118/36/127 116/34/125 119/37/128
s 33
f 122/33/129 121/34/130 120/35/131
f 121/34/130 123/36/132 120/35/131
f 121/34/130 122/33/129 124/37/133
f 123/36/132 121/34/130 124/37/133
s 34
f 125/34/134 126/33/135 128/37/136
f 127/36/137 125/34/134 128/37/136
s 35
f 131/33/138 130/34/139 129/35/140
f 130/34/139 132/36/141 129/35/140
f 130/34/139 131/33/138 133/37/142
f 132/36/141 130/34/139 133/37/142
s 36
f 136/33/143 135/34/144 134/35/145
f 135/34/144 137/36/146 134/35/145
f 135/34/144 136/33/143 138/37/147
f 137/36/146 135/34/144 138/37/147
s 37
f 141/33/148 140/34/149 139/35/150
f 140/34/149 142/36/151 139/35/150
f 140/34/149 141/33/148 143/37/152
f 142/36/151 140/34/149 143/37/152
s 38
f 146/33/153 145/34/154 144/35/155
f 145/34/154 147/36/156 144/35/155
s 39
f 150/33/157 149/34/157 148/35/157
s 40
f 153/33/158 152/34/159 151/35/160
f 152/34/159 154/36/161 151/35/160
f 154/36/161 152/34/159 155/37/162
s 41
f 157/34/163 158/36/163 156/35/163
s 42
f 161/33/164 160/34/165 159/35/166
f 160/34/165 162/36/167 159/35/166
f 160/34/165 161/33/164 163/37/168
f 162/36/167 160/34/165 163/37/168
s 43
f 166/33/169 165/34/170 164/35/171
f 165/34/170 167/36/172 164/35/171
f 165/34/170 166/33/169 168/37/173
f 167/36/172 165/34/170 168/37/173
s 44
f 171/33/174 170/34/175 169/35/176
f 170/34/175 172/36/177 169/35/176
f 170/34/175 171/33/174 173/37/178
f 172/36/177 170/34/175 173/37/178
s 45
f 176/33/179 175/34/180 174/35/181
f 175/34/180 177/36/182 174/35/181
f 175/34/180 176/33/179 178/37/183
f 177/36/182 175/34/180 178/37/183
s 46
f 181/33/184 180/34/185 179/35/186
f 180/34/185 182/36/187 179/35/186
f 180/34/185 181/33/184 183/37/188
f 182/36/187 180/34/185 183/37/188
s 47
f 186/33/189 185/34/190 184/35/191
f 185/34/190 187/36/192 184/35/191
f 185/34/190 186/33/189 188/37/193
f 187/36/192 185/34/190 188/37/193
s 48
f 191/33/194 190/34/195 189/35/196
f 190/34/195 192/36/197 189/35/196
f 190/34/195 191/33/194 193/37/198
f 192/36/197 190/34/195 193/37/198
s 49
f 196/33/199 195/34/200 194/35/201
f 195/34/200 197/36/202 194/35/201
f 195/34/200 196/33/199 198/37/203
f 197/36/202 195/34/200 198/37/203
s 50
f 201/33/204 200/34/205 199/35/206
f 200/34/205 202/36/207 199/35/206
f 200/34/205 201/33/204 203/37/208
f 202/36/207 200/34/205 203/37/208
s 51
f 206/33/209 205/34/210 204/35/211
f 205/34/210 207/36/212 204/35/211
f 205/34/210 206/33/209 208/37/213
f 207/36/212 205/34/210 208/37/213
s 52
f 211/33/214 210/34/215 209/35/216
f 210/34/215 212/36/217 209/35/216
f 210/34/215 211/33/214 213/37/218
f 212/36/217 210/34/215 213/37/218
s 53
f 216/33/219 215/34/220 214/35/221
f 215/34/220 217/36/222 214/35/221
f 215/34/220 216/33/219 218/37/223
f 217/36/222 215/34/220 218/37/223
s 54
f 221/33/224 220/34/225 219/35/226
f 220/34/225 222/36/227 219/35/226
f 220/34/225 221/33/224 223/37/228
f 222/36/227 220/34/225 223/37/228
s 55
f 226/33/229 225/34/230 224/35/231
f 225/34/230 227/36/232 224/35/231
f 225/34/230 226/33/229 228/37/233
f 227/36/232 225/34/230 228/37/233
s 56
f 231/33/234 230/34/235 229/35/236
f 230/34/235 232/36/237 229/35/236
f 230/34/235 231/33/234 233/37/238
f 232/36/237 230/34/235 233/37/238
s 57
f 236/33/239 235/34/240 234/35/241
f 235/34/240 237/36/242 234/35/241
f 235/34/240 236/33/239 238/37/243
f 237/36/242 235/34/240 238/37/243
s 58
f 241/33/244 240/34/245 239/35/246
f 240/34/245 242/36/247 239/35/246
f 240/34/245 241/33/244 243/37/248
f 242/36/247 240/34/245 243/37/248
s 59
f 246/33/249 245/34/250 244/35/251
f 245/34/250 247/36/252 244/35/251
f 245/34/250 246/33/249 248/37/253
f 247/36/252 245/34/250 248/37/253
s 60
f 251/33/254 250/34/255 249/35/256
f 250/34/255 252/36/257 249/35/256
f 250/34/255 251/33/254 253/37/258
f 252/36/257 250/34/255 253/37/258
s 61
f 256/33/259 255/34/260 254/35/261
f 255/34/260 257/36/262 254/35/261
f 255/34/260 256/33/259 258/37/263
f 257/36/262 255/34/260 258/37/263
s 62
f 261/38/264 260/39/265 259/40/266
f 260/39/265 262/41/267 259/40/266
f 260/39/265 261/38/264 263/42/268
f 262/41/267 260/39/265 263/42/268
s 63
f 266/33/269 265/34/270 264/35/271
f 265/34/270 267/36/272 264/35/271
f 265/34/270 266/33/269 268/37/273
f 267/36/272 265/34/270 268/37/273
s 64
f 271/33/274 270/34/275 269/35/276
f 270/34/275 272/36/277 269/35/276
f 270/34/275 271/33/274 273/37/278
f 272/36/277 270/34/275 273/37/278
s 65
f 276/43/279 275/44/280 274/45/281
f 276/43/279 277/46/282 275/44/280
s 66
f 280/47/283 279/48/283 278/49/283
s 67
f 1453/45/284 281/50/285 1452/51/286
f 1453/45/284 282/44/287 281/50/285
s 68
f 285/49/288 284/48/288 283/52/288
s 69
f 287/48/289 286/51/289 1454/52/289
s 70
f 290/53/290 289/54/290 288/55/290
s 71
f 1456/56/291 291/57/291 1455/55/291
s 72
f 294/47/292 293/48/293 292/49/293
f 294/47/292 295/58/292 293/48/293
s 73
f 1458/45/294 296/50/295 1457/51/296
f 1458/45/294 297/44/297 296/50/295
s 74
f 300/49/298 299/54/298 298/53/298
f 300/49/298 301/48/298 299/54/298
s 75
f 1460/51/299 302/57/300 1459/56/301
f 1460/51/299 303/50/302 302/57/300
s 76
f 306/59/303 305/58/304 304/47/304
f 306/59/303 307/60/305 305/58/304
s 77
f 1462/60/306 308/45/307 1461/58/307
f 1462/60/306 309/43/308 308/45/307
s 78
f 1464/43/309 310/44/310 1463/45/311
f 1464/43/309 311/46/312 310/44/310
s 79
f 314/47/313 313/48/314 312/49/315
f 314/47/313 315/58/316 313/48/314
s 80
f 1466/58/317 316/51/318 1465/48/319
f 1466/58/317 317/45/317 316/51/318
s 81
f 1468/45/320 318/50/321 1467/51/322
f 1468/45/320 319/44/323 318/50/321
s 82
f 322/49/324 321/48/324 320/52/324
s 83
f 1470/48/325 323/51/325 1469/52/325
s 84
f 1472/51/326 324/50/326 1471/52/326
s 85
f 327/53/327 326/54/327 325/55/327
s 86
f 1474/54/328 328/56/328 1473/55/328
s 87
f 1476/56/329 329/57/329 1475/55/329
s 88
f 332/49/330 331/54/331 330/53/331
f 332/49/330 333/48/332 331/54/331
s 89
f 1478/48/333 334/56/334 1477/54/335
f 1478/48/333 335/51/336 334/56/334
s 90
f 338/33/337 337/34/338 336/35/339
f 337/34/338 339/36/340 336/35/339
f 337/34/338 338/33/337 340/37/341
f 339/36/340 337/34/338 340/37/341
s 91
f 343/33/342 342/34/343 341/35/344
f 342/34/343 344/36/345 341/35/344
f 342/34/343 343/33/342 345/37/346
f 344/36/345 342/34/343 345/37/346
s 92
f 348/33/347 347/34/348 346/35/349
f 347/34/348 349/36/350 346/35/349
f 347/34/348 348/33/347 350/37/351
f 349/36/350 347/34/348 350/37/351
s 93
f 353/33/352 352/34/353 351/35/354
f 352/34/353 354/36/355 351/35/354
f 352/34/353 353/33/352 355/37/356
f 354/36/355 352/34/353 355/37/356
s 94
f 358/33/357 357/34/358 356/35/359
f 357/34/358 359/36/360 356/35/359
f 357/34/358 358/33/357 360/37/361
f 359/36/360 357/34/358 360/37/361
s 95
f 363/33/362 362/34/363 361/35/364
f 362/34/363 364/36/365 361/35/364
f 362/34/363 363/33/362 365/37/366
f 364/36/365 362/34/363 365/37/366
s 96
f 368/33/367 367/34/368 366/35/369
f 367/34/368 369/36/370 366/35/369
f 367/34/368 368/33/367 370/37/371
f 369/36/370 367/34/368 370/37/371
s 97
f 373/33/372 372/34/373 371/35/374
f 372/34/373 374/36/375 371/35/374
f 372/34/373 373/33/372 375/37/376
f 374/36/375 372/34/373 375/37/376
s 98
f 378/33/377 377/34/378 376/35/379
f 377/34/378 379/36/380 376/35/379
f 377/34/378 378/33/377 380/37/381
f 379/36/380 377/34/378 380/37/381
s 99
f 383/33/382 382/34/383 381/35/384
f 382/34/383 384/36/385 381/35/384
f 382/34/383 383/33/382 385/37/386
f 384/36/385 382/34/383 385/37/386
s 100
f 388/33/387 387/34/388 386/35/389
f 387/34/388 389/36/390 386/35/389
f 387/34/388 388/33/387 390/37/391
f 389/36/390 387/34/388 390/37/391
s 101
f 393/33/392 392/34/393 391/35/394
f 392/34/393 394/36/395 391/35/394
f 392/34/393 393/33/392 395/37/396
f 394/36/395 392/34/393 395/37/396
s 102
f 398/33/397 397/34/398 396/35/399
f 397/34/398 399/36/400 396/35/399
f 397/34/398 398/33/397 400/37/401
f 399/36/400 397/34/398 400/37/401
s 103
f 403/33/402 402/34/403 401/35/404
f 402/34/403 404/36/405 401/35/404
f 402/34/403 403/33/402 405/37/406
f 404/36/405 402/34/403 405/37/406
s 104
f 408/33/407 407/34/408 406/35/409
f 407/34/408 409/36/410 406/35/409
f 407/34/408 408/33/407 410/37/411
f 409/36/410 407/34/408 410/37/411
s 105
f 413/33/412 412/34/413 411/35/414
f 412/34/413 414/36/415 411/35/414
f 412/34/413 413/33/412 415/37/416
f 414/36/415 412/34/413 415/37/416
s 106
f 418/33/417 417/34/418 416/35/419
f 417/34/418 419/36/420 416/35/419
f 417/34/418 418/33/417 420/37/421
f 419/36/420 417/34/418 420/37/421
s 107
f 423/33/422 422/34/423 421/35/424
f 422/34/423 424/36/425 421/35/424
f 422/34/423 423/33/422 425/37/426
f 424/36/425 422/34/423 425/37/426
s 108
f 428/33/427 427/34/428 426/35/429
f 427/34/428 429/36/430 426/35/429
f 427/34/428 428/33/427 430/37/431
f 429/36/430 427/34/428 430/37/431
s 109
f 433/33/432 432/34/433 431/35/434
f 432/34/433 434/36/435 431/35/434
f 432/34/433 433/33/432 435/37/436
f 434/36/435 432/34/433 435/37/436
s 110
f 438/33/437 437/34/438 436/35/439
f 437/34/438 439/36/440 436/35/439
f 437/34/438 438/33/437 440/37/441
f 439/36/440 437/34/438 440/37/441
s 111
f 443/33/442 442/34/443 441/35/444
f 442/34/443 444/36/445 441/35/444
f 442/34/443 443/33/442 445/37/446
f 444/36/445 442/34/443 445/37/446
s 112
f 448/33/447 447/34/448 446/35/449
f 447/34/448 449/36/450 446/35/449
f 447/34/448 448/33/447 450/37/451
f 449/36/450 447/34/448 450/37/451
s 113
f 453/33/452 452/34/453 451/35/454
f 452/34/453 454/36/455 451/35/454
f 452/34/453 453/33/452 455/37/456
f 454/36/455 452/34/453 455/37/456
s 114
f 458/33/457 457/34/458 456/35/459
f 457/34/458 459/36/460 456/35/459
f 457/34/458 458/33/457 460/37/461
f 459/36/460 457/34/458 460/37/461
s 115
f 463/33/462 462/34/463 461/35/464
f 462/34/463 464/36/465 461/35/464
f 462/34/463 463/33/462 465/37/466
f 464/36/465 462/34/463 465/37/466
s 116
f 468/33/467 467/34/468 466/35/469
f 467/34/468 469/36/470 466/35/469
f 467/34/468 468/33/467 470/37/471
f 469/36/470 467/34/468 470/37/471
s 117
f 473/33/472 472/34/473 471/35/474
f 472/34/473 474/36/475 471/35/474
f 472/34/473 473/33/472 475/37/476
f 474/36/475 472/34/473 475/37/476
s 118
f 478/33/477 477/34/478 476/35/479
f 477/34/478 479/36/480 476/35/479
f 477/34/478 478/33/477 480/37/481
f 479/36/480 477/34/478 480/37/481
s 119
f 483/33/482 482/34/483 481/35/484
f 482/34/483 484/36/485 481/35/484
f 482/34/483 483/33/482 485/37/486
f 484/36/485 482/34/483 485/37/486
s 120
f 488/33/487 487/34/488 486/35/489
f 487/34/488 489/36/490 486/35/489
f 487/34/488 488/33/487 490/37/491
f 489/36/490 487/34/488 490/37/491
s 121
f 493/33/492 492/34/493 491/35/494
f 492/34/493 494/36/495 491/35/494
f 492/34/493 493/33/492 495/37/496
f 494/36/495 492/34/493 495/37/496
s 122
f 498/33/497 497/34/498 496/35/499
f 497/34/498 499/36/500 496/35/499
f 497/34/498 498/33/497 500/37/501
f 499/36/500 497/34/498 500/37/501
s 123
f 503/33/502 502/34/503 501/35/504
f 502/34/503 504/36/505 501/35/504
f 502/34/503 503/33/502 505/37/506
f 504/36/505 502/34/503 505/37/506
s 124
f 508/33/507 507/34/508 506/35/509
f 507/34/508 509/36/510 506/35/509
f 507/34/508 508/33/507 510/37/511
f 509/36/510 507/34/508 510/37/511
s 125
f 513/33/512 512/34/513 511/35/514
f 512/34/513 514/36/515 511/35/514
f 512/34/513 513/33/512 515/37/516
f 514/36/515 512/34/513 515/37/516
s 126
f 518/33/517 517/34/518 516/35/519
f 517/34/518 519/36/520 516/35/519
f 517/34/518 518/33/517 520/37/521
f 519/36/520 517/34/518 520/37/521
s 127
f 523/33/522 522/34/523 521/35/524
f 522/34/523 524/36/525 521/35/524
f 522/34/523 523/33/522 525/37/526
f 524/36/525 522/34/523 525/37/526
s 128
f 528/33/527 527/34/528 526/35/529
f 527/34/528 529/36/530 526/35/529
f 527/34/528 528/33/527 530/37/531
f 529/36/530 527/34/528 530/37/531
s 129
f 533/33/532 532/34/533 531/35/534
f 532/34/533 534/36/535 531/35/534
f 532/34/533 533/33/532 535/37/536
f 534/36/535 532/34/533 535/37/536
s 130
f 538/33/537 537/34/538 536/35/539
f 537/34/538 539/36/540 536/35/539
f 537/34/538 538/33/537 540/37/541
f 539/36/540 537/34/538 540/37/541
s 131
f 543/33/542 542/34/543 541/35/544
f 542/34/543 544/36/545 541/35/544
f 542/34/543 543/33/542 545/37/546
f 544/36/545 542/34/543 545/37/546
s 132
f 548/33/547 547/34/548 546/35/549
f 547/34/548 549/36/550 546/35/549
f 547/34/548 548/33/547 550/37/551
f 549/36/550 547/34/548 550/37/551
s 133
f 553/33/552 552/34/553 551/35/554
f 552/34/553 554/36/555 551/35/554
f 552/34/553 553/33/552 555/37/556
f 554/36/555 552/34/553 555/37/556
s 134
f 558/33/557 557/34/558 556/35/559
f 557/34/558 559/36/560 556/35/559
f 557/34/558 558/33/557 560/37/561
f 559/36/560 557/34/558 560/37/561
s 135
f 563/33/562 562/34/563 561/35/564
f 562/34/563 564/36/565 561/35/564
f 562/34/563 563/33/562 565/37/566
f 564/36/565 562/34/563 565/37/566
s 136
f 568/33/567 567/34/568 566/35/569
f 567/34/568 569/36/570 566/35/569
f 567/34/568 568/33/567 570/37/571
f 569/36/570 567/34/568 570/37/571
s 137
f 573/33/572 572/34/573 571/35/574
f 572/34/573 574/36/575 571/35/574
f 572/34/573 573/33/572 575/37/576
f 574/36/575 572/34/573 575/37/576
s 138
f 578/33/577 577/34/578 576/35/579
f 577/34/578 579/36/580 576/35/579
f 577/34/578 578/33/577 580/37/581
f 579/36/580 577/34/578 580/37/581
s 139
f 583/33/582 582/34/583 581/35/584
f 582/34/583 584/36/585 581/35/584
f 582/34/583 583/33/582 585/37/586
f 584/36/585 582/34/583 585/37/586
s 140
f 588/33/587 587/34/588 586/35/589
f 587/34/588 589/36/590 586/35/589
f 587/34/588 588/33/587 590/37/591
f 589/36/590 587/34/588 590/37/591
s 141
f 593/33/592 592/34/593 591/35/594
f 592/34/593 594/36/595 591/35/594
f 592/34/593 593/33/592 595/37/596
f 594/36/595 592/34/593 595/37/596
s 142
f 598/33/597 597/34/598 596/35/599
f 597/34/598 599/36/600 596/35/599
f 597/34/598 598/33/597 600/37/601
f 599/36/600 597/34/598 600/37/601
s 143
f 603/38/602 602/39/603 601/40/604
f 602/39/603 604/41/605 601/40/604
f 602/39/603 603/38/602 605/42/606
f 604/41/605 602/39/603 605/42/606
s 144
f 608/33/607 607/34/608 606/35/609
f 607/34/608 609/36/610 606/35/609
f 607/34/608 608/33/607 610/37/611
f 609/36/610 607/34/608 610/37/611
s 145
f 613/33/612 612/34/613 611/35/614
f 612/34/613 614/36/615 611/35/614
f 612/34/613 613/33/612 615/37/616
f 614/36/615 612/34/613 615/37/616
s 146
f 618/59/617 617/58/618 616/47/619
f 618/59/617 619/60/620 617/58/618
s 147
f 1480/60/621 620/45/622 1479/58/623
f 1480/60/621 621/43/624 620/45/622
s 148
f 624/43/625 623/44/626 622/45/627
f 624/43/625 625/46/628 623/44/626
s 149
f 628/47/629 627/48/630 626/49/631
f 628/47/629 629/58/632 627/48/630
s 150
f 1481/58/633 631/45/633 630/51/633
s 151
f 1483/45/634 632/50/635 1482/51/636
f 1483/45/634 633/44/637 632/50/635
s 152
f 636/49/638 635/48/638 634/52/638
s 153
f 638/48/639 637/51/639 1484/52/639
s 154
f 1486/51/640 639/50/640 1485/52/640
s 155
f 642/53/641 641/54/641 640/55/641
s 156
f 1488/54/642 643/56/642 1487/55/642
s 157
f 1490/56/643 644/57/643 1489/55/643
s 158
f 647/59/644 646/58/645 645/47/646
f 647/59/644 648/60/647 646/58/645
s 159
f 1492/60/648 649/45/649 1491/58/650
f 1492/60/648 650/43/651 649/45/649
s 160
f 1494/43/652 651/44/653 1493/45/654
f 1494/43/652 652/46/655 651/44/653
s 161
f 654/47/656 655/58/656 653/48/656
s 162
f 1495/58/657 657/45/657 656/51/657
s 163
f 1497/45/658 658/50/659 1496/51/660
f 1497/45/658 659/44/661 658/50/659
s 164
f 662/49/662 661/54/663 660/53/664
f 662/49/662 663/48/665 661/54/663
s 165
f 1499/51/666 664/57/667 1498/56/668
f 1499/51/666 665/50/669 664/57/667
s 166
f 668/59/670 667/58/671 666/47/671
f 668/59/670 669/60/670 667/58/671
s 167
f 1501/60/672 670/45/673 1500/58/674
f 1501/60/672 671/43/675 670/45/673
s 168
f 1503/43/676 672/44/677 1502/45/677
f 1503/43/676 673/46/676 672/44/677
s 169
f 676/47/678 675/48/679 674/49/680
f 676/47/678 677/58/681 675/48/679
s 170
f 1505/58/682 678/51/683 1504/48/684
f 1505/58/682 679/45/685 678/51/683
s 171
f 1507/45/686 680/50/686 1506/51/686
s 172
f 1509/48/687 681/51/687 1508/52/687
s 173
f 1511/51/688 682/50/688 1510/52/688
s 174
f 1513/54/689 683/56/689 1512/55/689
s 175
f 1515/56/690 684/57/690 1514/55/690
s 176
f 687/59/691 686/58/692 685/47/693
f 687/59/691 688/60/691 686/58/692
s 177
f 691/60/694 690/45/695 689/58/696
f 691/60/694 692/43/697 690/45/695
s 178
f 1517/43/698 693/44/699 1516/45/700
f 1517/43/698 694/46/701 693/44/699
s 179
f 697/47/702 696/48/703 695/49/704
f 697/47/702 698/58/705 696/48/703
s 180
f 701/49/706 700/54/707 699/53/707
f 701/49/706 702/48/706 700/54/707
s 181
f 1519/48/708 703/56/709 1518/54/709
f 1519/48/708 704/51/708 703/56/709
s 182
f 1521/51/710 705/57/711 1520/56/712
f 1521/51/710 706/50/713 705/57/711
s 183
f 709/33/714 708/34/715 707/35/716
f 708/34/715 710/36/717 707/35/716
f 708/34/715 709/33/714 711/37/718
f 710/36/717 708/34/715 711/37/718
s 184
f 714/33/719 713/34/720 712/35/721
f 713/34/720 715/36/722 712/35/721
f 713/34/720 714/33/719 716/37/723
f 715/36/722 713/34/720 716/37/723
s 185
f 719/33/724 718/34/725 717/35/726
f 718/34/725 719/33/724 721/37/727
f 720/36/728 718/34/725 721/37/727
s 186
f 724/33/729 723/34/730 722/35/731
f 723/34/730 725/36/732 722/35/731
f 723/34/730 724/33/729 726/37/733
f 725/36/732 723/34/730 726/37/733
s 187
f 729/33/734 728/34/735 727/35/736
f 728/34/735 730/36/737 727/35/736
f 728/34/735 729/33/734 731/37/738
f 730/36/737 728/34/735 731/37/738
s 188
f 734/33/739 733/34/740 732/35/741
f 733/34/740 735/36/742 732/35/741
f 733/34/740 734/33/739 736/37/743
f 735/36/742 733/34/740 736/37/743
s 189
f 739/33/744 738/34/745 737/35/746
f 738/34/745 740/36/747 737/35/746
f 738/34/745 739/33/744 741/37/748
f 740/36/747 738/34/745 741/37/748
s 190
f 744/33/749 743/34/750 742/35/751
f 743/34/750 745/36/752 742/35/751
f 743/34/750 744/33/749 746/37/753
f 745/36/752 743/34/750 746/37/753
s 191
f 749/33/754 748/34/755 747/35/756
f 748/34/755 750/36/757 747/35/756
f 748/34/755 749/33/754 751/37/758
f 750/36/757 748/34/755 751/37/758
s 192
f 754/33/759 753/34/760 752/35/761
f 753/34/760 755/36/762 752/35/761
f 753/34/760 754/33/759 756/37/763
f 755/36/762 753/34/760 756/37/763
s 193
f 759/33/764 758/34/765 757/35/766
f 758/34/765 760/36/767 757/35/766
f 758/34/765 759/33/764 761/37/768
f 760/36/767 758/34/765 761/37/768
s 194
f 764/33/769 763/34/770 762/35/771
f 763/34/770 765/36/772 762/35/771
f 763/34/770 764/33/769 766/37/773
f 765/36/772 763/34/770 766/37/773
s 195
f 769/33/774 768/34/775 767/35/776
f 768/34/775 770/36/777 767/35/776
f 768/34/775 769/33/774 771/37/778
f 770/36/777 768/34/775 771/37/778
s 196
f 774/33/779 773/34/780 772/35/781
f 773/34/780 775/36/782 772/35/781
f 773/34/780 774/33/779 776/37/783
f 775/36/782 773/34/780 776/37/783
s 197
f 779/53/784 778/54/784 777/55/784
s 198
f 1523/56/785 780/57/785 1522/55/785
s 199
f 783/59/786 782/58/787 781/47/788
f 783/59/786 784/60/789 782/58/787
s 200
f 1525/43/790 785/44/790 1524/45/790
s 201
f 788/47/791 787/48/792 786/49/793
f 788/47/791 789/58/794 787/48/792
s 202
f 1527/45/795 790/50/796 1526/51/797
f 1527/45/795 791/44/798 790/50/796
s 203
f 794/49/799 793/54/800 792/53/801
f 794/49/799 795/48/802 793/54/800
s 204
f 1529/51/803 796/57/804 1528/56/805
f 1529/51/803 797/50/806 796/57/804
s 205
f 800/33/807 799/34/808 798/35/809
f 799/34/808 801/36/810 798/35/809
f 799/34/808 800/33/807 802/37/811
f 801/36/810 799/34/808 802/37/811
s 206
f 805/33/812 804/34/813 803/35/814
f 804/34/813 806/36/815 803/35/814
f 804/34/813 805/33/812 807/37/816
f 806/36/815 804/34/813 807/37/816
s 207
f 810/33/817 809/34/818 808/35/819
f 809/34/818 811/36/820 808/35/819
f 809/34/818 810/33/817 812/37/821
s 208
f 815/33/822 814/34/823 813/35/824
f 814/34/823 816/36/825 813/35/824
f 814/34/823 815/33/822 817/37/826
f 816/36/825 814/34/823 817/37/826
s 209
f 820/33/827 819/34/828 818/35/829
f 819/34/828 821/36/830 818/35/829
f 819/34/828 820/33/827 822/37/831
f 821/36/830 819/34/828 822/37/831
s 210
f 825/33/832 824/34/833 823/35/834
f 824/34/833 826/36/835 823/35/834
f 824/34/833 825/33/832 827/37/836
f 826/36/835 824/34/833 827/37/836
s 211
f 830/33/837 829/34/838 828/35/839
f 829/34/838 831/36/840 828/35/839
f 829/34/838 830/33/837 832/37/841
f 831/36/840 829/34/838 832/37/841
s 212
f 835/33/842 834/34/843 833/35/844
f 834/34/843 836/36/845 833/35/844
f 834/34/843 835/33/842 837/37/846
f 836/36/845 834/34/843 837/37/846
s 213
f 840/33/847 839/34/848 838/35/849
f 839/34/848 841/36/850 838/35/849
f 839/34/848 840/33/847 842/37/851
f 841/36/850 839/34/848 842/37/851
s 214
f 845/33/852 844/34/853 843/35/854
f 844/34/853 846/36/855 843/35/854
f 844/34/853 845/33/852 847/37/856
f 846/36/855 844/34/853 847/37/856
s 215
f 850/33/857 849/34/858 848/35/859
f 849/34/858 851/36/860 848/35/859
f 849/34/858 850/33/857 852/37/861
f 851/36/860 849/34/858 852/37/861
s 216
f 855/33/862 854/34/863 853/35/864
f 854/34/863 856/36/865 853/35/864
f 854/34/863 855/33/862 857/37/866
f 856/36/865 854/34/863 857/37/866
s 217
f 860/33/867 859/34/868 858/35/869
f 859/34/868 861/36/870 858/35/869
f 859/34/868 860/33/867 862/37/871
f 861/36/870 859/34/868 862/37/871
s 218
f 865/33/872 864/34/873 863/35/874
f 864/34/873 866/36/875 863/35/874
f 864/34/873 865/33/872 867/37/876
f 866/36/875 864/34/873 867/37/876
s 219
f 869/34/877 871/36/878 868/35/879
f 869/34/877 870/33/880 872/37/881
f 871/36/878 869/34/877 872/37/881
s 220
f 875/33/882 874/34/883 873/35/884
f 874/34/883 876/36/885 873/35/884
f 874/34/883 875/33/882 877/37/886
f 876/36/885 874/34/883 877/37/886
s 221
f 880/33/887 879/34/888 878/35/889
f 879/34/888 881/36/890 878/35/889
f 879/34/888 880/33/887 882/37/891
f 881/36/890 879/34/888 882/37/891
s 222
f 885/33/892 884/34/893 883/35/894
f 884/34/893 886/36/895 883/35/894
f 884/34/893 885/33/892 887/37/896
f 886/36/895 884/34/893 887/37/896
s 223
f 890/33/897 889/34/898 888/35/899
f 889/34/898 891/36/900 888/35/899
f 889/34/898 890/33/897 892/37/901
f 891/36/900 889/34/898 892/37/901
s 224
f 895/33/902 894/34/903 893/35/904
f 894/34/903 896/36/905 893/35/904
s 225
f 899/33/906 898/34/907 897/35/908
f 898/34/907 900/36/909 897/35/908
f 898/34/907 899/33/906 901/37/910
f 900/36/909 898/34/907 901/37/910
s 226
f 904/33/911 903/34/912 902/35/913
f 903/34/912 905/36/914 902/35/913
f 903/34/912 904/33/911 906/37/915
f 905/36/914 903/34/912 906/37/915
s 227
f 909/33/916 908/34/917 907/35/918
f 908/34/917 910/36/919 907/35/918
f 908/34/917 909/33/916 911/37/920
f 910/36/919 908/34/917 911/37/920
s 228
f 914/33/921 913/34/922 912/35/923
f 913/34/922 915/36/924 912/35/923
f 913/34/922 914/33/921 916/37/925
f 915/36/924 913/34/922 916/37/925
s 229
f 919/33/926 918/34/927 917/35/928
f 918/34/927 920/36/929 917/35/928
f 918/34/927 919/33/926 921/37/930
f 920/36/929 918/34/927 921/37/930
s 230
f 924/33/931 923/34/932 922/35/933
f 923/34/932 925/36/934 922/35/933
f 923/34/932 924/33/931 926/37/935
f 925/36/934 923/34/932 926/37/935
s 231
f 929/33/936 928/34/937 927/35/938
f 928/34/937 930/36/939 927/35/938
f 928/34/937 929/33/936 931/37/940
f 930/36/939 928/34/937 931/37/940
s 232
f 933/34/941 935/36/942 932/35/943
f 933/34/941 934/33/944 936/37/945
f 935/36/942 933/34/941 936/37/945
s 233
f 939/33/946 938/34/947 937/35/948
f 938/34/947 940/36/949 937/35/948
f 938/34/947 939/33/946 941/37/950
f 940/36/949 938/34/947 941/37/950
s 234
f 944/33/951 943/34/952 942/35/953
f 943/34/952 945/36/954 942/35/953
f 943/34/952 944/33/951 946/37/955
f 945/36/954 943/34/952 946/37/955
s 235
f 949/33/956 948/34/957 947/35/958
f 948/34/957 950/36/959 947/35/958
f 948/34/957 949/33/956 951/37/960
f 950/36/959 948/34/957 951/37/960
s 236
f 954/33/961 953/34/962 952/35/963
f 953/34/962 955/36/964 952/35/963
f 953/34/962 954/33/961 956/37/965
f 955/36/964 953/34/962 956/37/965
s 237
f 959/33/966 958/34/967 957/35/968
f 958/34/967 959/33/966 961/37/969
f 960/36/970 958/34/967 961/37/969
s 238
f 964/33/971 963/34/972 962/35/973
f 963/34/972 965/36/974 962/35/973
f 963/34/972 964/33/971 966/37/975
f 965/36/974 963/34/972 966/37/975
s 239
f 969/33/976 968/34/977 967/35/978
f 968/34/977 970/36/979 967/35/978
f 968/34/977 969/33/976 971/37/980
f 970/36/979 968/34/977 971/37/980
s 240
f 974/33/981 973/34/982 972/35/983
f 973/34/982 975/36/984 972/35/983
f 973/34/982 974/33/981 976/37/985
f 975/36/984 973/34/982 976/37/985
s 241
f 979/33/986 978/34/987 977/35/988
f 978/34/987 980/36/989 977/35/988
f 978/34/987 979/33/986 981/37/990
f 980/36/989 978/34/987 981/37/990
s 242
f 984/33/991 983/34/992 982/35/993
f 983/34/992 985/36/994 982/35/993
f 983/34/992 984/33/991 986/37/995
f 985/36/994 983/34/992 986/37/995
s 243
f 989/33/996 988/34/997 987/35/998
f 988/34/997 990/36/999 987/35/998
f 988/34/997 989/33/996 991/37/1000
f 990/36/999 988/34/997 991/37/1000
s 244
f 994/33/1001 993/34/1002 992/35/1003
f 993/34/1002 995/36/1004 992/35/1003
f 993/34/1002 994/33/1001 996/37/1005
f 995/36/1004 993/34/1002 996/37/1005
s 245
f 999/33/1006 998/34/1007 997/35/1008
f 998/34/1007 1000/36/1009 997/35/1008
f 998/34/1007 999/33/1006 1001/37/1010
f 1000/36/1009 998/34/1007 1001/37/1010
s 246
f 1004/33/1011 1003/34/1012 1002/35/1013
f 1003/34/1012 1005/36/1014 1002/35/1013
f 1003/34/1012 1004/33/1011 1006/37/1015
f 1005/36/1014 1003/34/1012 1006/37/1015
s 247
f 1009/33/1016 1008/34/1017 1007/35/1018
f 1008/34/1017 1010/36/1019 1007/35/1018
f 1008/34/1017 1009/33/1016 1011/37/1020
f 1010/36/1019 1008/34/1017 1011/37/1020
s 248
f 1014/33/1021 1013/34/1022 1012/35/1023
f 1013/34/1022 1015/36/1024 1012/35/1023
f 1013/34/1022 1014/33/1021 1016/37/1025
f 1015/36/1024 1013/34/1022 1016/37/1025
s 249
f 1019/33/1026 1018/34/1027 1017/35/1028
f 1018/34/1027 1020/36/1029 1017/35/1028
f 1018/34/1027 1019/33/1026 1021/37/1030
f 1020/36/1029 1018/34/1027 1021/37/1030
s 250
f 1024/33/1031 1023/34/1032 1022/35/1033
f 1023/34/1032 1025/36/1034 1022/35/1033
f 1023/34/1032 1024/33/1031 1026/37/1035
f 1025/36/1034 1023/34/1032 1026/37/1035
s 251
f 1029/33/1036 1028/34/1037 1027/35/1038
f 1028/34/1037 1030/36/1039 1027/35/1038
f 1028/34/1037 1029/33/1036 1031/37/1040
f 1030/36/1039 1028/34/1037 1031/37/1040
s 252
f 1034/33/1041 1033/34/1042 1032/35/1043
f 1033/34/1042 1035/36/1044 1032/35/1043
f 1033/34/1042 1034/33/1041 1036/37/1045
f 1035/36/1044 1033/34/1042 1036/37/1045
s 253
f 1039/33/1046 1038/34/1047 1037/35/1048
f 1038/34/1047 1040/36/1049 1037/35/1048
f 1038/34/1047 1039/33/1046 1041/37/1050
f 1040/36/1049 1038/34/1047 1041/37/1050
s 254
f 1044/33/1051 1043/34/1052 1042/35/1053
f 1043/34/1052 1045/36/1054 1042/35/1053
f 1043/34/1052 1044/33/1051 1046/37/1055
f 1045/36/1054 1043/34/1052 1046/37/1055
s 255
f 1049/33/1056 1048/34/1057 1047/35/1058
f 1048/34/1057 1050/36/1059 1047/35/1058
f 1048/34/1057 1049/33/1056 1051/37/1060
f 1050/36/1059 1048/34/1057 1051/37/1060
s 256
f 1054/33/1061 1053/34/1062 1052/35/1063
f 1053/34/1062 1055/36/1064 1052/35/1063
f 1053/34/1062 1054/33/1061 1056/37/1065
f 1055/36/1064 1053/34/1062 1056/37/1065
s 257
f 1059/33/1066 1058/34/1067 1057/35/1068
f 1058/34/1067 1060/36/1069 1057/35/1068
f 1058/34/1067 1059/33/1066 1061/37/1070
f 1060/36/1069 1058/34/1067 1061/37/1070
s 258
f 1064/38/1071 1063/39/1072 1062/40/1073
f 1063/39/1072 1065/41/1074 1062/40/1073
f 1063/39/1072 1064/38/1071 1066/42/1075
f 1065/41/1074 1063/39/1072 1066/42/1075
s 259
f 1069/33/1076 1068/34/1077 1067/35/1078
f 1068/34/1077 1070/36/1079 1067/35/1078
f 1068/34/1077 1069/33/1076 1071/37/1080
f 1070/36/1079 1068/34/1077 1071/37/1080
s 260
f 1074/33/1081 1073/34/1082 1072/35/1083
f 1073/34/1082 1075/36/1084 1072/35/1083
f 1073/34/1082 1074/33/1081 1076/37/1085
f 1075/36/1084 1073/34/1082 1076/37/1085
s 261
f 1531/43/1086 1077/44/1087 1530/45/1088
f 1531/43/1086 1078/46/1089 1077/44/1087
f 1530/45/1088 1081/50/1090 1532/51/1091
f 1530/45/1088 1077/44/1087 1081/50/1090
s 262
f 1080/49/1092 1079/48/1092 1082/52/1092
s 261
f 1532/51/1091 1081/50/1090 1533/52/1093
s 263
f 1085/53/1094 1084/54/1094 1083/55/1095
s 264
f 1536/56/1096 1087/57/1097 1535/55/1098
s 263
f 1088/49/1099 1084/54/1094 1085/53/1094
f 1088/49/1099 1089/48/1100 1084/54/1094
s 265
f 1537/48/1101 1086/56/1102 1534/54/1103
s 263
f 1090/47/1104 1089/48/1100 1088/49/1099
f 1090/47/1104 1091/58/1105 1089/48/1100
f 1092/59/1106 1091/58/1105 1090/47/1104
f 1092/59/1106 1093/60/1106 1091/58/1105
s 265
f 1539/60/1107 1094/45/1108 1538/58/1109
f 1539/60/1107 1095/43/1110 1094/45/1108
s 264
f 1541/43/1111 1096/44/1112 1540/45/1113
f 1541/43/1111 1097/46/1114 1096/44/1112
s 265
f 1538/58/1109 1098/51/1115 1537/48/1101
f 1538/58/1109 1094/45/1108 1098/51/1115
f 1537/48/1101 1098/51/1115 1086/56/1102
s 264
f 1542/51/1116 1087/57/1097 1536/56/1096
f 1540/45/1113 1099/50/1117 1542/51/1116
f 1540/45/1113 1096/44/1112 1099/50/1117
f 1542/51/1116 1099/50/1117 1087/57/1097
s 266
f 1102/59/1118 1101/58/1119 1100/47/1120
f 1102/59/1118 1103/60/1118 1101/58/1119
s 267
f 1544/60/1121 1104/45/1122 1543/58/1123
f 1544/60/1121 1105/43/1124 1104/45/1122
s 266
f 1100/47/1120 1101/58/1119 1106/48/1125
f 1100/47/1120 1106/48/1125 1107/49/1126
s 267
f 1543/58/1123 1108/51/1127 1545/48/1128
f 1543/58/1123 1104/45/1122 1108/51/1127
s 266
f 1107/49/1126 1106/48/1125 1110/52/1129
s 267
f 1545/48/1128 1108/51/1127 1547/52/1130
s 268
f 1546/51/1131 1109/50/1131 1548/52/1131
s 269
f 1113/53/1132 1112/54/1133 1111/55/1134
s 270
f 1550/54/1135 1114/56/1136 1549/55/1137
s 271
f 1552/56/1138 1115/57/1138 1551/55/1138
s 269
f 1116/49/1139 1112/54/1133 1113/53/1132
f 1116/49/1139 1117/48/1140 1112/54/1133
s 270
f 1553/48/1141 1114/56/1136 1550/54/1135
s 269
f 1118/47/1142 1117/48/1140 1116/49/1139
f 1118/47/1142 1119/58/1142 1117/48/1140
s 272
f 1555/60/1143 1120/45/1144 1554/58/1145
f 1555/60/1143 1121/43/1146 1120/45/1144
s 270
f 1553/48/1141 1123/51/1147 1114/56/1136
s 273
f 1556/45/1148 1124/50/1149 1557/51/1150
f 1556/45/1148 1122/44/1151 1124/50/1149
s 274
f 1127/33/1152 1126/34/1153 1125/35/1154
f 1126/34/1153 1128/36/1155 1125/35/1154
f 1126/34/1153 1127/33/1152 1129/37/1156
f 1128/36/1155 1126/34/1153 1129/37/1156
s 275
f 1132/33/1157 1131/34/1158 1130/35/1159
f 1131/34/1158 1133/36/1160 1130/35/1159
f 1131/34/1158 1132/33/1157 1134/37/1161
f 1133/36/1160 1131/34/1158 1134/37/1161
s 276
f 1137/33/1162 1136/34/1163 1135/35/1164
f 1136/34/1163 1138/36/1165 1135/35/1164
s 277
f 1141/33/1166 1140/34/1167 1139/35/1168
f 1140/34/1167 1142/36/1169 1139/35/1168
f 1140/34/1167 1141/33/1166 1143/37/1170
s 278
f 1146/33/1171 1145/34/1172 1144/35/1173
f 1145/34/1172 1147/36/1174 1144/35/1173
f 1145/34/1172 1146/33/1171 1148/37/1175
f 1147/36/1174 1145/34/1172 1148/37/1175
s 279
f 1151/33/1176 1150/34/1177 1149/35/1178
f 1150/34/1177 1152/36/1179 1149/35/1178
f 1150/34/1177 1151/33/1176 1153/37/1180
f 1152/36/1179 1150/34/1177 1153/37/1180
s 280
f 1155/34/1181 1156/36/1182 1154/35/1183
f 1156/36/1182 1155/34/1181 1157/37/1184
s 281
f 1160/33/1185 1159/34/1186 1158/35/1187
f 1159/34/1186 1161/36/1188 1158/35/1187
f 1159/34/1186 1160/33/1185 1162/37/1189
f 1161/36/1188 1159/34/1186 1162/37/1189
s 282
f 1165/33/1190 1164/34/1191 1163/35/1192
f 1164/34/1191 1166/36/1193 1163/35/1192
f 1164/34/1191 1165/33/1190 1167/37/1194
f 1166/36/1193 1164/34/1191 1167/37/1194
s 283
f 1170/33/1195 1169/34/1196 1168/35/1197
f 1169/34/1196 1171/36/1198 1168/35/1197
f 1169/34/1196 1170/33/1195 1172/37/1199
f 1171/36/1198 1169/34/1196 1172/37/1199
s 284
f 1175/33/1200 1174/34/1201 1173/35/1202
f 1174/34/1201 1176/36/1203 1173/35/1202
f 1174/34/1201 1175/33/1200 1177/37/1204
f 1176/36/1203 1174/34/1201 1177/37/1204
s 285
f 1180/33/1205 1179/34/1206 1178/35/1207
f 1179/34/1206 1181/36/1208 1178/35/1207
f 1179/34/1206 1180/33/1205 1182/37/1209
f 1181/36/1208 1179/34/1206 1182/37/1209
s 286
f 1185/33/1210 1184/34/1211 1183/35/1212
f 1184/34/1211 1186/36/1213 1183/35/1212
f 1184/34/1211 1185/33/1210 1187/37/1214
f 1186/36/1213 1184/34/1211 1187/37/1214
s 287
f 1190/33/1215 1189/34/1216 1188/35/1217
f 1189/34/1216 1191/36/1218 1188/35/1217
f 1189/34/1216 1190/33/1215 1192/37/1219
f 1191/36/1218 1189/34/1216 1192/37/1219
s 288
f 1195/53/1220 1194/54/1221 1193/55/1222
s 289
f 1559/56/1223 1196/57/1224 1558/55/1225
s 288
f 1197/49/1226 1194/54/1221 1195/53/1220
f 1197/49/1226 1198/48/1227 1194/54/1221
s 289
f 1560/51/1228 1196/57/1224 1559/56/1223
f 1560/51/1228 1199/50/1229 1196/57/1224
s 290
f 1202/33/1230 1201/34/1230 1200/35/1230
s 291
f 1204/34/1231 1206/36/1231 1203/35/1231
s 292
f 1204/34/1232 1205/33/1232 1207/37/1232
s 293
f 1210/33/1233 1209/34/1234 1208/35/1235
f 1209/34/1234 1211/36/1236 1208/35/1235
s 294
f 1214/33/1237 1213/34/1238 1212/35/1239
f 1213/34/1238 1215/36/1240 1212/35/1239
s 295
f 1218/33/1241 1217/34/1242 1216/35/1243
f 1217/34/1242 1219/36/1244 1216/35/1243
s 296
f 1222/33/1245 1221/34/1246 1220/35/1247
f 1221/34/1246 1223/36/1248 1220/35/1247
f 1221/34/1246 1222/33/1245 1224/37/1249
s 297
f 1227/33/1250 1226/34/1251 1225/35/1252
f 1226/34/1251 1228/36/1253 1225/35/1252
f 1226/34/1251 1227/33/1250 1229/37/1254
f 1228/36/1253 1226/34/1251 1229/37/1254
s 298
f 1232/33/1255 1231/34/1256 1230/35/1257
f 1231/34/1256 1233/36/1258 1230/35/1257
f 1231/34/1256 1232/33/1255 1234/37/1259
f 1233/36/1258 1231/34/1256 1234/37/1259
s 299
f 1237/33/1260 1236/34/1261 1235/35/1262
f 1236/34/1261 1238/36/1263 1235/35/1262
s 300
f 1241/33/1264 1240/34/1265 1239/35/1266
f 1240/34/1265 1242/36/1267 1239/35/1266
f 1240/34/1265 1241/33/1264 1243/37/1268
f 1242/36/1267 1240/34/1265 1243/37/1268
s 301
f 1246/33/1269 1245/34/1270 1244/35/1271
f 1245/34/1270 1247/36/1272 1244/35/1271
f 1245/34/1270 1246/33/1269 1248/37/1273
f 1247/36/1272 1245/34/1270 1248/37/1273
s 302
f 1250/36/1274 1249/34/1274 1251/37/1274
s 303
f 1254/33/1275 1253/34/1276 1252/35/1277
f 1253/34/1276 1255/36/1278 1252/35/1277
f 1253/34/1276 1254/33/1275 1256/37/1279
f 1255/36/1278 1253/34/1276 1256/37/1279
s 304
f 1259/33/1280 1258/34/1281 1257/35/1282
f 1258/34/1281 1260/36/1283 1257/35/1282
f 1258/34/1281 1259/33/1280 1261/37/1284
f 1260/36/1283 1258/34/1281 1261/37/1284
s 305
f 1264/33/1285 1263/34/1286 1262/35/1287
f 1263/34/1286 1265/36/1288 1262/35/1287
f 1263/34/1286 1264/33/1285 1266/37/1289
f 1265/36/1288 1263/34/1286 1266/37/1289
s 306
f 1269/33/1290 1268/34/1291 1267/35/1292
f 1268/34/1291 1270/36/1293 1267/35/1292
f 1268/34/1291 1269/33/1290 1271/37/1294
f 1270/36/1293 1268/34/1291 1271/37/1294
s 307
f 1272/34/1295 1273/33/1296 1275/37/1297
f 1274/36/1298 1272/34/1295 1275/37/1297
s 308
f 1277/34/1299 1278/36/1300 1276/35/1301
f 1278/36/1300 1277/34/1299 1279/37/1302
s 309
f 1282/33/1303 1281/34/1304 1280/35/1305
f 1281/34/1304 1283/36/1306 1280/35/1305
f 1281/34/1304 1282/33/1303 1284/37/1307
f 1283/36/1306 1281/34/1304 1284/37/1307
s 310
f 1287/33/1308 1286/34/1309 1285/35/1310
f 1286/34/1309 1288/36/1311 1285/35/1310
f 1286/34/1309 1287/33/1308 1289/37/1312
f 1288/36/1311 1286/34/1309 1289/37/1312
s 311
f 1292/33/1313 1291/34/1314 1290/35/1315
f 1291/34/1314 1293/36/1316 1290/35/1315
f 1291/34/1314 1292/33/1313 1294/37/1317
f 1293/36/1316 1291/34/1314 1294/37/1317
s 312
f 1297/33/1318 1296/34/1319 1295/35/1320
f 1296/34/1319 1298/36/1321 1295/35/1320
f 1296/34/1319 1297/33/1318 1299/37/1322
f 1298/36/1321 1296/34/1319 1299/37/1322
s 313
f 1302/33/1323 1301/34/1324 1300/35/1325
f 1301/34/1324 1302/33/1323 1304/37/1326
f 1303/36/1327 1301/34/1324 1304/37/1326
s 314
f 1307/33/1328 1306/34/1329 1305/35/1330
f 1306/34/1329 1308/36/1331 1305/35/1330
f 1306/34/1329 1307/33/1328 1309/37/1332
f 1308/36/1331 1306/34/1329 1309/37/1332
s 315
f 1311/34/1333 1312/36/1334 1310/35/1335
f 1312/36/1334 1311/34/1333 1313/37/1336
s 316
f 1315/34/1337 1317/36/1337 1314/35/1337
s 317
f 1315/34/1338 1316/33/1338 1318/37/1338
s 318
f 1321/33/1339 1320/34/1340 1319/35/1341
f 1320/34/1340 1322/36/1342 1319/35/1341
f 1320/34/1340 1321/33/1339 1323/37/1343
f 1322/36/1342 1320/34/1340 1323/37/1343
s 319
f 1326/33/1344 1325/34/1345 1324/35/1346
f 1325/34/1345 1326/33/1344 1327/37/1347
s 320
f 1330/33/1348 1329/34/1349 1328/35/1350
f 1329/34/1349 1331/36/1351 1328/35/1350
f 1329/34/1349 1330/33/1348 1332/37/1352
f 1331/36/1351 1329/34/1349 1332/37/1352
s 321
f 1335/33/1353 1334/34/1354 1333/35/1355
f 1334/34/1354 1335/33/1353 1336/37/1356
s 322
f 1339/33/1357 1338/34/1358 1337/35/1359
f 1338/34/1358 1339/33/1357 1340/37/1360
s 323
f 1343/33/1361 1342/34/1362 1341/35/1363
f 1342/34/1362 1344/36/1364 1341/35/1363
f 1342/34/1362 1343/33/1361 1345/37/1365
f 1344/36/1364 1342/34/1362 1345/37/1365
s 324
f 1348/33/1366 1347/34/1367 1346/35/1368
f 1347/34/1367 1349/36/1369 1346/35/1368
f 1347/34/1367 1348/33/1366 1350/37/1370
f 1349/36/1369 1347/34/1367 1350/37/1370
s 325
f 1353/33/1371 1352/34/1372 1351/35/1373
f 1352/34/1372 1354/36/1374 1351/35/1373
f 1352/34/1372 1353/33/1371 1355/37/1375
f 1354/36/1374 1352/34/1372 1355/37/1375
s 326
f 1358/33/1376 1357/34/1377 1356/35/1378
f 1357/34/1377 1359/36/1379 1356/35/1378
f 1357/34/1377 1358/33/1376 1360/37/1380
f 1359/36/1379 1357/34/1377 1360/37/1380
s 327
f 1363/33/1381 1362/34/1382 1361/35/1383
f 1362/34/1382 1364/36/1384 1361/35/1383
f 1362/34/1382 1363/33/1381 1365/37/1385
f 1364/36/1384 1362/34/1382 1365/37/1385
s 328
f 1368/33/1386 1367/34/1387 1366/35/1388
f 1367/34/1387 1368/33/1386 1370/37/1389
f 1369/36/1390 1367/34/1387 1370/37/1389
s 329
f 1373/38/1391 1372/39/1392 1371/40/1393
f 1372/39/1392 1374/41/1394 1371/40/1393
f 1372/39/1392 1373/38/1391 1375/42/1395
f 1374/41/1394 1372/39/1392 1375/42/1395
s 330
f 1378/33/1396 1377/34/1397 1376/35/1398
f 1377/34/1397 1379/36/1399 1376/35/1398
f 1377/34/1397 1378/33/1396 1380/37/1400
f 1379/36/1399 1377/34/1397 1380/37/1400
s 331
f 1383/33/1401 1382/34/1402 1381/35/1403
f 1382/34/1402 1384/36/1404 1381/35/1403
f 1382/34/1402 1383/33/1401 1385/37/1405
f 1384/36/1404 1382/34/1402 1385/37/1405
s 332
f 1561/48/1406 1386/51/1406 1563/52/1406
s 333
f 1562/51/1407 1387/50/1407 1564/52/1407
s 334
f 1390/53/1408 1389/54/1409 1388/55/1410
s 335
f 1566/54/1411 1391/56/1412 1565/55/1413
s 334
f 1392/49/1414 1389/54/1409 1390/53/1408
f 1392/49/1414 1393/48/1414 1389/54/1409
s 335
f 1567/48/1415 1391/56/1412 1566/54/1411
s 336
f 1396/59/1416 1395/58/1417 1394/47/1418
f 1396/59/1416 1397/60/1419 1395/58/1417
s 337
f 1569/60/1420 1398/45/1420 1568/58/1420
s 338
f 1571/43/1421 1399/44/1422 1570/45/1423
f 1571/43/1421 1400/46/1424 1399/44/1422
s 335
f 1567/48/1415 1401/51/1425 1391/56/1412
s 339
f 1404/30/1426 1403/31/1426 1402/32/1426
s 340
f 1407/61/1427 1406/62/1427 1405/63/1427
s 341
f 1410/64/1428 1409/65/1428 1408/66/1428
s 342
f 1413/30/1429 1412/31/1429 1411/32/1429
s 343
f 1416/61/1430 1415/62/1430 1414/63/1430
s 344
f 1419/67/1431 1418/68/1431 1417/69/1431
s 345
f 1422/64/1432 1421/65/1432 1420/66/1432
s 346
f 1425/61/1433 1424/62/1433 1423/63/1433
s 347
f 1428/67/1434 1427/68/1434 1426/69/1434
s 348
f 1431/61/1435 1430/62/1435 1429/63/1435
s 349
f 1434/29/1436 1433/30/1437 1432/31/1438
f 1434/29/1436 1432/31/1438 1435/32/1439
f 1433/30/1437 1434/29/1436 1435/32/1439
