# Blender 5.0.1
# www.blender.org
mtllib cientifico_brazo_izq.mtl
g brazo_izq_Mesh
v 0.201924 -0.209985 -0.237262
v 0.196970 -0.201338 -0.235568
v 0.195442 -0.206197 -0.233378
v 0.208776 -0.215495 -0.239793
v 0.202470 -0.216153 -0.230149
v 0.208031 -0.221944 -0.233432
v 0.196169 -0.212067 -0.226824
v 0.189714 -0.208502 -0.223625
v 0.188962 -0.202778 -0.229857
v 0.189938 -0.197759 -0.232644
v 0.191359 -0.192436 -0.235021
v 0.181899 -0.195116 -0.230387
v 0.181669 -0.205739 -0.220152
v 0.180975 -0.199974 -0.227048
v 0.173786 -0.203347 -0.216792
v 0.173066 -0.197192 -0.224739
v 0.194824 -0.188832 -0.234254
v 0.199417 -0.195980 -0.236992
v 0.204427 -0.205167 -0.238586
v 0.211634 -0.210359 -0.241279
v 0.215145 -0.220529 -0.242190
v 0.204159 -0.179686 -0.228348
v 0.200920 -0.182485 -0.230811
v 0.198013 -0.185431 -0.233025
v 0.202772 -0.192582 -0.236214
v 0.207861 -0.199824 -0.239104
v 0.215797 -0.205162 -0.242085
v 0.219165 -0.216002 -0.243991
v 0.224748 -0.227433 -0.247411
v 0.208426 -0.185890 -0.232429
v 0.205715 -0.188981 -0.234775
v 0.211246 -0.196698 -0.238460
v 0.221222 -0.202231 -0.242056
v 0.224081 -0.211498 -0.245398
v 0.228372 -0.223157 -0.249069
v 0.234561 -0.234260 -0.252919
v 0.214153 -0.192901 -0.236959
v 0.223721 -0.197133 -0.240360
v 0.231645 -0.205234 -0.245232
v 0.234269 -0.201780 -0.244675
v 0.207365 -0.177252 -0.224642
v 0.211207 -0.183102 -0.229865
v 0.216156 -0.189812 -0.234645
v 0.225509 -0.194029 -0.238563
v 0.236311 -0.198979 -0.243227
v 0.245786 -0.207965 -0.249747
v 0.243007 -0.211318 -0.250091
v 0.230007 -0.207556 -0.245619
v 0.213785 -0.180674 -0.226225
v 0.210753 -0.174704 -0.220278
v 0.213453 -0.172760 -0.214632
v 0.216706 -0.178173 -0.221856
v 0.220500 -0.184282 -0.228348
v 0.218705 -0.186620 -0.231870
v 0.228197 -0.190592 -0.236333
v 0.271561 -0.240146 -0.255989
v 0.262471 -0.235075 -0.256624
v 0.266436 -0.246008 -0.247887
v 0.269697 -0.232616 -0.258820
v 0.265490 -0.228790 -0.259775
v 0.267940 -0.226260 -0.259792
v 0.261321 -0.224369 -0.259366
v 0.263041 -0.221595 -0.259078
v 0.253796 -0.217451 -0.254869
v 0.256290 -0.213820 -0.254561
v 0.248352 -0.205206 -0.248179
v 0.239729 -0.195582 -0.241056
v 0.231346 -0.188293 -0.232669
v 0.223223 -0.181590 -0.223855
v 0.219735 -0.176609 -0.216497
v 0.252043 -0.201949 -0.245814
v 0.243250 -0.193232 -0.237922
v 0.259346 -0.211124 -0.252765
v 0.264943 -0.219361 -0.258589
v 0.270164 -0.224281 -0.259370
v 0.272330 -0.231069 -0.258773
v 0.274598 -0.229551 -0.258297
v 0.277041 -0.238633 -0.256556
v 0.280730 -0.237146 -0.256331
v 0.283390 -0.246239 -0.255679
v 0.286941 -0.244407 -0.255321
v 0.289824 -0.254266 -0.254625
v 0.293136 -0.252149 -0.253814
v 0.294182 -0.263480 -0.249127
v 0.297438 -0.261923 -0.247946
v 0.281787 -0.234709 -0.254102
v 0.278896 -0.248392 -0.254954
v 0.285741 -0.256652 -0.253972
v 0.289870 -0.264493 -0.249397
v 0.300605 -0.267882 -0.230868
v 0.299339 -0.275779 -0.226982
v 0.299665 -0.272791 -0.224533
v 0.300665 -0.271057 -0.233954
v 0.299723 -0.262252 -0.236705
v 0.299896 -0.265457 -0.239930
v 0.298819 -0.259440 -0.245334
v 0.298683 -0.267893 -0.242379
v 0.295515 -0.269202 -0.243536
v 0.291366 -0.269831 -0.243852
v 0.285280 -0.267191 -0.240699
v 0.283094 -0.260352 -0.247167
v 0.275061 -0.252685 -0.248109
v 0.298378 -0.256584 -0.241852
v 0.296624 -0.277984 -0.221641
v 0.297153 -0.275670 -0.219107
v 0.298027 -0.277943 -0.229017
v 0.295757 -0.279579 -0.223704
v 0.293714 -0.280690 -0.219294
v 0.294327 -0.279448 -0.217238
v 0.294849 -0.277785 -0.214583
v 0.295169 -0.272594 -0.218033
v 0.297654 -0.269537 -0.223884
v 0.294821 -0.250127 -0.250837
v 0.295004 -0.248660 -0.246338
v 0.292636 -0.251751 -0.239326
v 0.294639 -0.258835 -0.233025
v 0.295768 -0.265694 -0.225474
v 0.292698 -0.270194 -0.217803
v 0.292740 -0.275455 -0.212839
v 0.292902 -0.279774 -0.214490
v 0.291256 -0.281416 -0.215068
v 0.288876 -0.240431 -0.248536
v 0.288276 -0.242232 -0.252574
v 0.282440 -0.231872 -0.250539
v 0.282392 -0.234636 -0.240958
v 0.287300 -0.242886 -0.240790
v 0.289940 -0.273638 -0.211331
v 0.290616 -0.278198 -0.212244
v 0.287935 -0.276682 -0.210723
v 0.288644 -0.280473 -0.212752
v 0.285895 -0.278951 -0.211201
v 0.284276 -0.279952 -0.213733
v 0.287093 -0.281364 -0.215165
v 0.283092 -0.279595 -0.217457
v 0.285935 -0.281308 -0.218709
v 0.284599 -0.277230 -0.224645
v 0.287168 -0.279546 -0.224795
v 0.289056 -0.282362 -0.219497
v 0.289920 -0.282069 -0.216935
v 0.291645 -0.281562 -0.219743
v 0.290320 -0.281270 -0.224836
v 0.288815 -0.277342 -0.231241
v 0.286724 -0.273799 -0.233095
v 0.292284 -0.275286 -0.237770
v 0.296321 -0.274718 -0.237422
v 0.299326 -0.273521 -0.236260
v 0.291833 -0.279623 -0.230977
v 0.293421 -0.280545 -0.224444
v 0.295361 -0.279015 -0.230156
v 0.209780 -0.180272 -0.184698
v 0.205653 -0.186606 -0.184311
v 0.218930 -0.179760 -0.186643
v 0.216017 -0.184097 -0.186865
v 0.211992 -0.190039 -0.187350
v 0.219560 -0.194207 -0.188396
v 0.215464 -0.171529 -0.210223
v 0.218979 -0.173501 -0.197767
v 0.226124 -0.178000 -0.193367
v 0.226023 -0.180547 -0.189401
v 0.225535 -0.183267 -0.186476
v 0.217441 -0.171680 -0.204895
v 0.232435 -0.183161 -0.189575
v 0.250323 -0.183200 -0.192027
v 0.240939 -0.184149 -0.188017
v 0.241645 -0.181638 -0.193506
v 0.232771 -0.180365 -0.194521
v 0.225312 -0.176433 -0.199708
v 0.224036 -0.175063 -0.206511
v 0.221788 -0.175303 -0.211885
v 0.226833 -0.180296 -0.218800
v 0.234742 -0.186092 -0.228651
v 0.232047 -0.178990 -0.201328
v 0.231837 -0.178337 -0.208046
v 0.229031 -0.179004 -0.213876
v 0.239457 -0.184804 -0.223969
v 0.240741 -0.182539 -0.217873
v 0.242028 -0.180906 -0.212129
v 0.243063 -0.180091 -0.207875
v 0.242249 -0.180583 -0.200500
v 0.253077 -0.182574 -0.199340
v 0.261916 -0.186432 -0.195817
v 0.256765 -0.182791 -0.207438
v 0.265884 -0.187053 -0.203052
v 0.270166 -0.188467 -0.212122
v 0.271778 -0.189539 -0.206413
v 0.277729 -0.192997 -0.207239
v 0.259340 -0.186999 -0.188682
v 0.270270 -0.191220 -0.192212
v 0.273210 -0.191641 -0.199973
v 0.267587 -0.191365 -0.185230
v 0.281302 -0.201819 -0.202624
v 0.277187 -0.200340 -0.196093
v 0.274944 -0.200386 -0.188942
v 0.274675 -0.201988 -0.180789
v 0.287103 -0.221234 -0.158046
v 0.279318 -0.213441 -0.158822
v 0.289328 -0.219092 -0.160812
v 0.282272 -0.211160 -0.161597
v 0.275713 -0.206128 -0.164224
v 0.284501 -0.209774 -0.164668
v 0.278169 -0.204556 -0.167152
v 0.284755 -0.210934 -0.168205
v 0.279007 -0.205671 -0.171254
v 0.284040 -0.213105 -0.171817
v 0.279422 -0.207746 -0.175833
v 0.273167 -0.200299 -0.174562
v 0.265026 -0.191604 -0.178856
v 0.256766 -0.188044 -0.182627
v 0.248213 -0.185099 -0.186269
v 0.222757 -0.188790 -0.187014
v 0.228100 -0.191935 -0.186346
v 0.232462 -0.186297 -0.185404
v 0.240994 -0.186286 -0.183593
v 0.246605 -0.186685 -0.181954
v 0.254649 -0.189113 -0.177942
v 0.262665 -0.192146 -0.173977
v 0.271578 -0.199408 -0.169737
v 0.269000 -0.201312 -0.167112
v 0.272694 -0.208546 -0.161669
v 0.276456 -0.216694 -0.158553
v 0.270078 -0.211921 -0.161801
v 0.240785 -0.190770 -0.178421
v 0.244247 -0.188372 -0.180071
v 0.251957 -0.191296 -0.175557
v 0.259881 -0.194606 -0.171437
v 0.265955 -0.203852 -0.164738
v 0.256527 -0.197763 -0.169160
v 0.248552 -0.194124 -0.173567
v 0.263679 -0.207416 -0.165202
v 0.253982 -0.201876 -0.169851
v 0.245855 -0.198059 -0.174519
v 0.237955 -0.194644 -0.179218
v 0.225447 -0.197364 -0.188031
v 0.236477 -0.198407 -0.180282
v 0.244093 -0.201709 -0.175744
v 0.252142 -0.205485 -0.171321
v 0.261982 -0.210452 -0.166418
v 0.268085 -0.214863 -0.162842
v 0.274064 -0.219532 -0.159426
v 0.281427 -0.226266 -0.157790
v 0.231368 -0.202016 -0.187567
v 0.267655 -0.217225 -0.165501
v 0.272765 -0.223884 -0.165147
v 0.267844 -0.219418 -0.168690
v 0.261976 -0.212914 -0.169238
v 0.252023 -0.208471 -0.174710
v 0.243978 -0.204919 -0.178925
v 0.236894 -0.202010 -0.182957
v 0.236917 -0.205352 -0.186552
v 0.244265 -0.208361 -0.183008
v 0.252309 -0.211609 -0.178903
v 0.262641 -0.215230 -0.172637
v 0.273123 -0.221828 -0.162021
v 0.279893 -0.227865 -0.160313
v 0.278831 -0.229320 -0.163591
v 0.284386 -0.233651 -0.162047
v 0.284944 -0.232243 -0.159120
v 0.289728 -0.236097 -0.158300
v 0.289678 -0.234073 -0.156863
v 0.285825 -0.230422 -0.157210
v 0.289669 -0.237786 -0.160686
v 0.284133 -0.223968 -0.157563
v 0.288499 -0.228649 -0.157403
v 0.292362 -0.233049 -0.157362
v 0.293185 -0.235587 -0.158864
v 0.293053 -0.237336 -0.161137
v 0.296451 -0.235445 -0.162283
v 0.296395 -0.233586 -0.159984
v 0.297589 -0.230832 -0.162563
v 0.295365 -0.231322 -0.158554
v 0.296810 -0.228980 -0.160888
v 0.291534 -0.226493 -0.158178
v 0.293408 -0.224493 -0.160812
v 0.297336 -0.227001 -0.162877
v 0.297704 -0.228160 -0.164474
v 0.294351 -0.223537 -0.165628
v 0.294447 -0.222758 -0.163201
v 0.297445 -0.232362 -0.164692
v 0.297712 -0.229738 -0.166363
v 0.293702 -0.225081 -0.168240
v 0.290442 -0.218499 -0.166902
v 0.290849 -0.217630 -0.163700
v 0.288980 -0.220389 -0.170243
v 0.269620 -0.269511 -0.234776
v 0.266604 -0.268312 -0.238713
v 0.270070 -0.267889 -0.237314
v 0.268367 -0.251401 -0.247292
v 0.267124 -0.257814 -0.245612
v 0.264061 -0.252990 -0.245872
v 0.261322 -0.248934 -0.246025
v 0.266436 -0.246008 -0.247887
v 0.258371 -0.245357 -0.238128
v 0.254086 -0.250751 -0.244369
v 0.258934 -0.254859 -0.245496
v 0.253626 -0.253702 -0.248868
v 0.257762 -0.257726 -0.248930
v 0.263119 -0.258907 -0.246005
v 0.262336 -0.262386 -0.248733
v 0.265358 -0.262367 -0.244684
v 0.263739 -0.264508 -0.247826
v 0.264650 -0.267927 -0.244241
v 0.266126 -0.265200 -0.242069
v 0.269228 -0.263584 -0.241465
v 0.272322 -0.262791 -0.241434
v 0.273352 -0.268445 -0.235892
v 0.271294 -0.272480 -0.229203
v 0.248747 -0.241793 -0.232851
v 0.244387 -0.233673 -0.222898
v 0.253979 -0.237041 -0.227537
v 0.244270 -0.246106 -0.238732
v 0.244386 -0.248499 -0.250129
v 0.251813 -0.254431 -0.252743
v 0.257096 -0.259825 -0.252597
v 0.262626 -0.265925 -0.251331
v 0.263961 -0.270427 -0.246438
v 0.265257 -0.271699 -0.239746
v 0.265785 -0.270929 -0.234525
v 0.230347 -0.239954 -0.244459
v 0.268172 -0.272562 -0.229590
v 0.266842 -0.275120 -0.224903
v 0.269456 -0.275764 -0.223291
v 0.266887 -0.276768 -0.222649
v 0.268150 -0.278192 -0.222597
v 0.266113 -0.280693 -0.222960
v 0.264004 -0.278356 -0.222890
v 0.262701 -0.280206 -0.224889
v 0.262739 -0.278373 -0.227055
v 0.262687 -0.281346 -0.227279
v 0.263458 -0.278595 -0.233299
v 0.263748 -0.276064 -0.231807
v 0.264784 -0.273282 -0.237179
v 0.264727 -0.275179 -0.240228
v 0.264078 -0.281600 -0.225198
v 0.263806 -0.275264 -0.226648
v 0.264741 -0.273228 -0.230394
v 0.276740 -0.270021 -0.240423
v 0.275812 -0.275996 -0.236955
v 0.276363 -0.273949 -0.235369
v 0.274931 -0.271545 -0.234720
v 0.271294 -0.272480 -0.229203
v 0.273352 -0.268445 -0.235892
v 0.272322 -0.262791 -0.241434
v 0.276433 -0.265686 -0.244679
v 0.272484 -0.275592 -0.244628
v 0.269544 -0.272470 -0.249363
v 0.269728 -0.276088 -0.244467
v 0.271396 -0.278993 -0.239130
v 0.274234 -0.278040 -0.238558
v 0.272857 -0.279919 -0.234433
v 0.274195 -0.278324 -0.232642
v 0.274922 -0.276641 -0.230937
v 0.273383 -0.274401 -0.229760
v 0.271757 -0.277192 -0.225160
v 0.269456 -0.275764 -0.223291
v 0.270133 -0.279391 -0.224464
v 0.268150 -0.278192 -0.222597
v 0.268040 -0.281662 -0.224682
v 0.266113 -0.280693 -0.222960
v 0.264078 -0.281600 -0.225198
v 0.263961 -0.270427 -0.246438
v 0.264727 -0.275179 -0.240228
v 0.268753 -0.279380 -0.239260
v 0.266430 -0.277885 -0.239057
v 0.263458 -0.278595 -0.233299
v 0.266038 -0.282386 -0.226702
v 0.262687 -0.281346 -0.227279
v 0.264740 -0.282420 -0.228861
v 0.265458 -0.280252 -0.233883
v 0.267705 -0.281370 -0.234427
v 0.270155 -0.280855 -0.234562
v 0.271576 -0.281383 -0.230813
v 0.272741 -0.280135 -0.228829
v 0.273445 -0.278849 -0.227022
v 0.271776 -0.280401 -0.226623
v 0.269743 -0.282023 -0.226881
v 0.268002 -0.282733 -0.228531
v 0.266934 -0.282923 -0.230236
v 0.269051 -0.282355 -0.230673
v 0.268285 -0.259902 -0.244739
v 0.271016 -0.257553 -0.245760
v 0.285895 -0.278951 -0.211201
v 0.282804 -0.277845 -0.214114
v 0.283827 -0.275945 -0.211896
v 0.286458 -0.274685 -0.211124
v 0.287186 -0.272746 -0.214348
v 0.289940 -0.273638 -0.211331
v 0.292698 -0.270194 -0.217803
v 0.287935 -0.276682 -0.210723
v 0.284276 -0.279952 -0.213733
v 0.283092 -0.279595 -0.217457
v 0.283720 -0.275738 -0.217232
v 0.284892 -0.272889 -0.216577
v 0.289017 -0.270213 -0.219287
v 0.290978 -0.267068 -0.224971
v 0.295768 -0.265694 -0.225474
v 0.291144 -0.264754 -0.228212
v 0.294639 -0.258835 -0.233025
v 0.290136 -0.259969 -0.233623
v 0.287842 -0.265156 -0.230199
v 0.286977 -0.261446 -0.234604
v 0.285861 -0.263934 -0.237161
v 0.285742 -0.257763 -0.238429
v 0.284364 -0.259270 -0.241887
v 0.284599 -0.277230 -0.224645
v 0.282605 -0.256319 -0.243519
v 0.283094 -0.260352 -0.247167
v 0.275061 -0.252685 -0.248109
v 0.285280 -0.267191 -0.240699
v 0.286985 -0.268634 -0.231798
v 0.286847 -0.270867 -0.228492
v 0.287646 -0.268363 -0.225536
v 0.285302 -0.273605 -0.222435
v 0.286265 -0.270843 -0.220767
v 0.286724 -0.273799 -0.233095
v 0.283123 -0.253592 -0.240501
v 0.277038 -0.251107 -0.243505
v 0.271445 -0.246255 -0.243109
v 0.267752 -0.243943 -0.240803
v 0.267721 -0.241371 -0.234641
v 0.260133 -0.230903 -0.223325
v 0.249067 -0.227110 -0.218839
v 0.253581 -0.221181 -0.214749
v 0.246880 -0.218979 -0.212277
v 0.258075 -0.215953 -0.207236
v 0.245418 -0.212821 -0.199584
v 0.261411 -0.213943 -0.198262
v 0.266938 -0.214726 -0.203945
v 0.279129 -0.249327 -0.240383
v 0.286997 -0.252275 -0.239790
v 0.288872 -0.255364 -0.238409
v 0.282690 -0.246508 -0.239993
v 0.274816 -0.245266 -0.239629
v 0.292636 -0.251751 -0.239326
v 0.287300 -0.242886 -0.240790
v 0.278464 -0.241029 -0.239857
v 0.274853 -0.238604 -0.237628
v 0.273170 -0.234050 -0.230181
v 0.266105 -0.225027 -0.218827
v 0.270493 -0.218788 -0.212961
v 0.282170 -0.223104 -0.218999
v 0.282392 -0.234636 -0.240958
v 0.274136 -0.215707 -0.209845
v 0.285285 -0.219245 -0.216032
v 0.291152 -0.218954 -0.221499
v 0.294005 -0.220972 -0.229725
v 0.295621 -0.219972 -0.223884
v 0.303910 -0.223722 -0.224844
v 0.304587 -0.225281 -0.230519
v 0.310686 -0.227035 -0.225403
v 0.313331 -0.229680 -0.230643
v 0.309742 -0.224390 -0.220776
v 0.304022 -0.221373 -0.220074
v 0.296744 -0.218106 -0.218711
v 0.288926 -0.216387 -0.214564
v 0.278619 -0.212451 -0.208934
v 0.274529 -0.211271 -0.202895
v 0.272083 -0.210171 -0.196664
v 0.269368 -0.211319 -0.189695
v 0.307235 -0.218057 -0.218526
v 0.313529 -0.221660 -0.219010
v 0.316950 -0.224525 -0.218864
v 0.315132 -0.228847 -0.220542
v 0.314135 -0.229844 -0.225243
v 0.319433 -0.235409 -0.229114
v 0.273550 -0.216964 -0.176847
v 0.277771 -0.220857 -0.172875
v 0.281275 -0.216796 -0.172734
v 0.277118 -0.212239 -0.176631
v 0.268866 -0.213525 -0.181874
v 0.273019 -0.208061 -0.181456
v 0.273460 -0.206351 -0.188929
v 0.275549 -0.205630 -0.196047
v 0.278996 -0.207024 -0.201978
v 0.282441 -0.208413 -0.208471
v 0.291290 -0.211174 -0.213747
v 0.299183 -0.214091 -0.217433
v 0.277187 -0.200340 -0.196093
v 0.274944 -0.200386 -0.188942
v 0.274675 -0.201988 -0.180789
v 0.279422 -0.207746 -0.175833
v 0.284040 -0.213105 -0.171817
v 0.288980 -0.220389 -0.170243
v 0.318528 -0.233890 -0.224425
v 0.318613 -0.232128 -0.220206
v 0.321179 -0.229363 -0.218266
v 0.324590 -0.226566 -0.217108
v 0.318829 -0.219216 -0.218308
v 0.311115 -0.214333 -0.218104
v 0.301989 -0.209734 -0.217494
v 0.293760 -0.205672 -0.214583
v 0.285709 -0.203688 -0.209015
v 0.281302 -0.201819 -0.202624
v 0.323834 -0.239933 -0.217987
v 0.325124 -0.247069 -0.218495
v 0.324007 -0.240797 -0.222194
v 0.322496 -0.237945 -0.223293
v 0.321622 -0.235392 -0.219628
v 0.324925 -0.234096 -0.217486
v 0.329305 -0.233659 -0.215595
v 0.326311 -0.237130 -0.216384
v 0.330595 -0.241793 -0.212017
v 0.327453 -0.243711 -0.213269
v 0.324944 -0.245570 -0.215075
v 0.326109 -0.251367 -0.212110
v 0.326168 -0.253288 -0.214817
v 0.329484 -0.255290 -0.211567
v 0.328209 -0.255778 -0.214509
v 0.327009 -0.255061 -0.217494
v 0.325968 -0.248429 -0.222028
v 0.324593 -0.241129 -0.226858
v 0.331453 -0.249580 -0.208832
v 0.328477 -0.250468 -0.210046
v 0.330747 -0.252957 -0.209631
v 0.250565 -0.239799 -0.261604
v 0.253283 -0.238103 -0.261737
v 0.248736 -0.233178 -0.260613
v 0.251943 -0.231578 -0.260075
v 0.255873 -0.236361 -0.260898
v 0.254458 -0.230798 -0.259271
v 0.258141 -0.235364 -0.259536
v 0.251729 -0.223215 -0.255382
v 0.246137 -0.224116 -0.255125
v 0.240602 -0.215031 -0.250446
v 0.237151 -0.216827 -0.250435
v 0.241122 -0.226500 -0.255184
v 0.245886 -0.235133 -0.260348
v 0.248419 -0.241371 -0.260975
v 0.243917 -0.236969 -0.259792
v 0.237097 -0.229987 -0.254167
v 0.232946 -0.219330 -0.250337
v 0.227859 -0.209133 -0.245622
v 0.244359 -0.243770 -0.257242
v 0.252417 -0.244922 -0.260508
v 0.254532 -0.243998 -0.260935
v 0.256928 -0.242677 -0.260857
v 0.258855 -0.241027 -0.259874
v 0.260177 -0.239921 -0.258794
v 0.213783 -0.227748 -0.236842
v 0.221929 -0.233954 -0.240676
v 0.230347 -0.239954 -0.244459
v 0.244386 -0.248499 -0.250129
v 0.252618 -0.250340 -0.258075
v 0.257243 -0.249624 -0.259354
v 0.261457 -0.248285 -0.259495
v 0.263286 -0.245772 -0.257600
v 0.264455 -0.243664 -0.255388
v 0.268793 -0.249635 -0.253679
v 0.262444 -0.255179 -0.258881
v 0.259147 -0.256711 -0.257952
v 0.267962 -0.251034 -0.256398
v 0.266187 -0.253376 -0.258700
v 0.268101 -0.261366 -0.257988
v 0.265257 -0.263236 -0.257262
v 0.257096 -0.259825 -0.252597
v 0.251813 -0.254431 -0.252743
v 0.262626 -0.265925 -0.251331
v 0.268367 -0.251401 -0.247292
v 0.273369 -0.255762 -0.251826
v 0.273073 -0.256973 -0.254798
v 0.271288 -0.259138 -0.257401
v 0.271883 -0.268199 -0.253736
v 0.268828 -0.269146 -0.253492
v 0.272448 -0.271878 -0.249509
v 0.275979 -0.261635 -0.248252
v 0.276356 -0.263822 -0.250643
v 0.274941 -0.266386 -0.252840
v 0.275369 -0.270360 -0.248677
v 0.275264 -0.274359 -0.243917
v 0.276638 -0.272106 -0.242260
v 0.276631 -0.267909 -0.246702
v 0.271016 -0.257553 -0.245760
v 0.282023 -0.215273 -0.252737
v 0.278674 -0.222144 -0.251203
v 0.287082 -0.219441 -0.251217
v 0.289484 -0.228009 -0.248959
v 0.298333 -0.224046 -0.247446
v 0.302064 -0.233666 -0.247788
v 0.305454 -0.231210 -0.246808
v 0.294815 -0.225989 -0.248643
v 0.297857 -0.236529 -0.247616
v 0.289464 -0.217786 -0.250184
v 0.284428 -0.212574 -0.251327
v 0.276879 -0.210608 -0.252380
v 0.264611 -0.208926 -0.250385
v 0.269802 -0.216449 -0.255881
v 0.267237 -0.217660 -0.257522
v 0.272246 -0.222655 -0.258119
v 0.274642 -0.221448 -0.255890
v 0.276165 -0.227829 -0.256973
v 0.277585 -0.226367 -0.255290
v 0.293466 -0.241811 -0.241035
v 0.305419 -0.244518 -0.246381
v 0.309215 -0.241372 -0.246906
v 0.312359 -0.238590 -0.245692
v 0.303362 -0.249827 -0.239902
v 0.310593 -0.252948 -0.241930
v 0.305998 -0.257832 -0.233258
v 0.306095 -0.275428 -0.212395
v 0.307563 -0.271936 -0.218636
v 0.305128 -0.270275 -0.218365
v 0.309152 -0.268447 -0.224177
v 0.311912 -0.269844 -0.223965
v 0.307123 -0.265218 -0.225971
v 0.312918 -0.264977 -0.230409
v 0.312281 -0.259242 -0.236265
v 0.316317 -0.257652 -0.235752
v 0.314962 -0.251285 -0.241597
v 0.311512 -0.273566 -0.213120
v 0.308829 -0.275491 -0.213477
v 0.309754 -0.275089 -0.210379
v 0.310426 -0.272870 -0.218641
v 0.313444 -0.271032 -0.217873
v 0.315280 -0.268240 -0.222916
v 0.316733 -0.263296 -0.229791
v 0.318235 -0.249082 -0.240107
v 0.319277 -0.255576 -0.234145
v 0.319425 -0.261315 -0.228230
v 0.317781 -0.266452 -0.221499
v 0.315747 -0.269254 -0.216862
v 0.313658 -0.271827 -0.212414
v 0.310897 -0.274116 -0.207903
v 0.307144 -0.275347 -0.208624
v 0.303407 -0.274630 -0.210822
v 0.313653 -0.236624 -0.242180
v 0.319322 -0.246503 -0.236924
v 0.319962 -0.253054 -0.231080
v 0.320070 -0.258819 -0.225431
v 0.318410 -0.264218 -0.218915
v 0.316093 -0.267475 -0.214281
v 0.313764 -0.270466 -0.209778
v 0.312149 -0.271812 -0.206836
v 0.309610 -0.271310 -0.204668
v 0.311149 -0.267889 -0.204780
v 0.307985 -0.267308 -0.203270
v 0.304182 -0.274899 -0.207150
v 0.308296 -0.274206 -0.205770
v 0.306725 -0.270823 -0.203290
v 0.305388 -0.273595 -0.204425
v 0.313705 -0.263330 -0.210037
v 0.313599 -0.268996 -0.206578
v 0.315887 -0.265416 -0.211240
v 0.310985 -0.261651 -0.209830
v 0.316040 -0.259267 -0.214979
v 0.318195 -0.261682 -0.215880
v 0.319529 -0.256111 -0.222012
v 0.319339 -0.250276 -0.227681
v 0.318540 -0.243949 -0.233110
v 0.313537 -0.235618 -0.237574
v 0.306173 -0.229053 -0.243310
v 0.286408 -0.210621 -0.249397
v 0.291443 -0.216138 -0.248614
v 0.298434 -0.221668 -0.244004
v 0.305747 -0.227559 -0.238732
v 0.313885 -0.255583 -0.216418
v 0.313293 -0.248127 -0.223764
v 0.311490 -0.239824 -0.230520
v 0.303101 -0.230357 -0.230963
v 0.297249 -0.218946 -0.239451
v 0.292237 -0.214736 -0.246101
v 0.287716 -0.209524 -0.246702
v 0.282036 -0.205017 -0.245975
v 0.280274 -0.205961 -0.248540
v 0.278495 -0.207994 -0.250601
v 0.294005 -0.220972 -0.229725
v 0.267065 -0.204039 -0.247328
v 0.270091 -0.201054 -0.244745
v 0.272834 -0.199902 -0.241141
v 0.277266 -0.199584 -0.237053
v 0.283807 -0.204684 -0.243212
v 0.288952 -0.208971 -0.243509
v 0.292619 -0.213569 -0.243414
v 0.291240 -0.209815 -0.238220
v 0.300232 -0.200548 -0.227463
v 0.295440 -0.197505 -0.229924
v 0.300169 -0.201443 -0.230502
v 0.294663 -0.198328 -0.233433
v 0.288216 -0.195379 -0.232115
v 0.287469 -0.197405 -0.235052
v 0.276516 -0.195517 -0.232429
v 0.262983 -0.193687 -0.232541
v 0.261033 -0.194947 -0.236342
v 0.258826 -0.196271 -0.239835
v 0.255560 -0.198803 -0.242884
v 0.246679 -0.191050 -0.234397
v 0.248818 -0.189794 -0.231068
v 0.249650 -0.188502 -0.228079
v 0.263697 -0.191444 -0.228919
v 0.277195 -0.192752 -0.228043
v 0.289293 -0.194878 -0.228412
v 0.295904 -0.197403 -0.226061
v 0.290395 -0.194990 -0.224796
v 0.294940 -0.200062 -0.219898
v 0.282997 -0.194668 -0.215930
v 0.285709 -0.203688 -0.209015
v 0.279540 -0.193026 -0.222360
v 0.304138 -0.204991 -0.223984
v 0.311115 -0.214333 -0.218104
v 0.301989 -0.209734 -0.217494
v 0.293760 -0.205672 -0.214583
v 0.253888 -0.183821 -0.214790
v 0.251973 -0.185539 -0.221189
v 0.250607 -0.187257 -0.225522
v 0.264987 -0.189268 -0.224652
v 0.267270 -0.188575 -0.218670
v 0.303232 -0.267846 -0.208932
v 0.307475 -0.262759 -0.211706
v 0.305347 -0.267122 -0.206381
v 0.310985 -0.261651 -0.209830
v 0.309484 -0.258287 -0.216919
v 0.313885 -0.255583 -0.216418
v 0.307985 -0.267308 -0.203270
v 0.309676 -0.255390 -0.219933
v 0.313293 -0.248127 -0.223764
v 0.306442 -0.260479 -0.218252
v 0.304909 -0.264202 -0.213624
v 0.304757 -0.267082 -0.215736
v 0.306361 -0.262926 -0.221436
v 0.305128 -0.270275 -0.218365
v 0.302867 -0.270959 -0.210031
v 0.303623 -0.271484 -0.205440
v 0.305474 -0.269493 -0.204000
v 0.306725 -0.270823 -0.203290
v 0.305388 -0.273595 -0.204425
v 0.304182 -0.274899 -0.207150
v 0.303075 -0.273399 -0.207736
v 0.303407 -0.274630 -0.210822
v 0.280633 -0.229949 -0.225262
v 0.287645 -0.226196 -0.227541
v 0.289006 -0.232296 -0.229914
v 0.291817 -0.227663 -0.229625
v 0.298801 -0.234177 -0.230664
v 0.303101 -0.230357 -0.230963
v 0.305402 -0.240712 -0.231168
v 0.311490 -0.239824 -0.230520
v 0.308034 -0.244544 -0.230111
v 0.309178 -0.250159 -0.225134
v 0.306754 -0.256357 -0.222708
v 0.306552 -0.260086 -0.224548
v 0.307123 -0.265218 -0.225971
v 0.295418 -0.237219 -0.231429
v 0.282172 -0.232664 -0.232722
v 0.286372 -0.234041 -0.234696
v 0.294150 -0.239620 -0.235443
v 0.301182 -0.242294 -0.232173
v 0.305998 -0.257832 -0.233258
v 0.305795 -0.254834 -0.229614
v 0.306250 -0.252219 -0.226770
v 0.305092 -0.247792 -0.230564
v 0.301593 -0.245435 -0.235664
v 0.293466 -0.241811 -0.241035
v 0.304219 -0.249198 -0.234423
v 0.303362 -0.249827 -0.239902
v 0.336673 -0.237639 -0.217989
v 0.333990 -0.242734 -0.213277
v 0.333290 -0.236470 -0.216101
v 0.337420 -0.240571 -0.224552
v 0.337572 -0.238977 -0.221444
v 0.335639 -0.233862 -0.227616
v 0.335453 -0.232186 -0.224179
v 0.334028 -0.231219 -0.220422
v 0.329305 -0.233659 -0.215595
v 0.330595 -0.241793 -0.212017
v 0.331453 -0.249580 -0.208832
v 0.334513 -0.249554 -0.210516
v 0.333800 -0.252973 -0.211326
v 0.336637 -0.252322 -0.213612
v 0.335676 -0.254755 -0.215313
v 0.337484 -0.249837 -0.215807
v 0.337181 -0.250475 -0.218695
v 0.337540 -0.244686 -0.218621
v 0.337394 -0.245632 -0.221650
v 0.337137 -0.243738 -0.215310
v 0.337207 -0.249647 -0.212815
v 0.332081 -0.226928 -0.225616
v 0.332059 -0.228618 -0.229315
v 0.330662 -0.225936 -0.221689
v 0.324590 -0.226566 -0.217108
v 0.333247 -0.235890 -0.229818
v 0.335321 -0.242400 -0.226601
v 0.335399 -0.247544 -0.223185
v 0.335328 -0.252392 -0.219934
v 0.334445 -0.255121 -0.217967
v 0.331257 -0.256004 -0.216191
v 0.330118 -0.255123 -0.219184
v 0.327009 -0.255061 -0.217494
v 0.325968 -0.248429 -0.222028
v 0.329241 -0.249164 -0.223333
v 0.328524 -0.243637 -0.227068
v 0.332386 -0.244078 -0.227849
v 0.329999 -0.237942 -0.230906
v 0.332804 -0.249318 -0.224183
v 0.333272 -0.254424 -0.220469
v 0.328209 -0.255778 -0.214509
v 0.332659 -0.255649 -0.213137
v 0.330747 -0.252957 -0.209631
v 0.329484 -0.255290 -0.211567
v 0.324593 -0.241129 -0.226858
v 0.325981 -0.233342 -0.232538
v 0.329421 -0.230954 -0.231482
v 0.325196 -0.225979 -0.232958
v 0.327826 -0.223298 -0.230855
v 0.320436 -0.216272 -0.232804
v 0.328010 -0.221647 -0.226891
v 0.321029 -0.214676 -0.228646
v 0.326799 -0.220562 -0.222707
v 0.320600 -0.214244 -0.223997
v 0.313985 -0.210816 -0.228769
v 0.313341 -0.209988 -0.224079
v 0.305765 -0.206463 -0.228699
v 0.306206 -0.208169 -0.232637
v 0.299757 -0.202583 -0.233342
v 0.303570 -0.210632 -0.234670
v 0.298444 -0.204397 -0.235507
v 0.318829 -0.219216 -0.218308
v 0.296858 -0.206295 -0.237040
v 0.292295 -0.203162 -0.237888
v 0.286873 -0.199711 -0.237148
v 0.293598 -0.200505 -0.236048
v 0.299740 -0.213414 -0.235842
v 0.304587 -0.225281 -0.230519
v 0.308300 -0.219150 -0.235470
v 0.311351 -0.215545 -0.234741
v 0.313861 -0.212447 -0.232829
v 0.318034 -0.219714 -0.234660
v 0.321469 -0.228823 -0.233983
v 0.319433 -0.235409 -0.229114
v 0.315243 -0.223698 -0.235302
v 0.313331 -0.229680 -0.230643
v 0.284735 -0.227811 -0.170264
v 0.279432 -0.226908 -0.167248
v 0.281704 -0.229152 -0.166727
v 0.286524 -0.233067 -0.165157
v 0.289244 -0.231577 -0.168357
v 0.281086 -0.224270 -0.171235
v 0.274860 -0.222707 -0.168947
v 0.285176 -0.221980 -0.171156
v 0.287390 -0.224171 -0.170595
v 0.291666 -0.228150 -0.168657
v 0.295930 -0.232096 -0.166643
v 0.293841 -0.235232 -0.166169
v 0.291495 -0.237083 -0.163272
v 0.267844 -0.219418 -0.168690
v 0.270294 -0.218626 -0.172609
v 0.262641 -0.215230 -0.172637
v 0.272765 -0.223884 -0.165147
v 0.278831 -0.229320 -0.163591
v 0.284386 -0.233651 -0.162047
v 0.289669 -0.237786 -0.160686
v 0.293053 -0.237336 -0.161137
v 0.296451 -0.235445 -0.162283
v 0.297445 -0.232362 -0.164692
v 0.297712 -0.229738 -0.166363
v 0.293702 -0.225081 -0.168240
v 0.265213 -0.214819 -0.176802
v 0.257061 -0.214480 -0.188532
v 0.259336 -0.214083 -0.192946
v 0.251192 -0.213563 -0.193251
v 0.246719 -0.210718 -0.188154
v 0.252309 -0.211609 -0.178903
v 0.254423 -0.213222 -0.183867
v 0.244265 -0.208361 -0.183008
v 0.239698 -0.208378 -0.191957
v 0.236917 -0.205352 -0.186552
v 0.231006 -0.205800 -0.193685
v 0.231368 -0.202016 -0.187567
v 0.223058 -0.203075 -0.194937
v 0.225447 -0.197364 -0.188031
v 0.216015 -0.199397 -0.193891
v 0.219560 -0.194207 -0.188396
v 0.208351 -0.194745 -0.191550
v 0.211992 -0.190039 -0.187350
v 0.201778 -0.191362 -0.187833
v 0.205653 -0.186606 -0.184311
v 0.191694 -0.192787 -0.187684
v 0.198072 -0.195602 -0.191896
v 0.204932 -0.198799 -0.196103
v 0.213072 -0.203805 -0.199174
v 0.222459 -0.208238 -0.200946
v 0.232564 -0.210086 -0.199993
v 0.238908 -0.216170 -0.208800
v 0.241992 -0.224605 -0.215777
v 0.230549 -0.212500 -0.205308
v 0.201626 -0.202495 -0.200536
v 0.194556 -0.199431 -0.196167
v 0.190734 -0.203439 -0.200859
v 0.183635 -0.201082 -0.196205
v 0.187734 -0.196899 -0.191834
v 0.198091 -0.206223 -0.205439
v 0.187449 -0.205876 -0.205889
v 0.209773 -0.207237 -0.203664
v 0.217134 -0.211611 -0.205971
v 0.225832 -0.217006 -0.209360
v 0.234499 -0.221529 -0.212438
v 0.237284 -0.230954 -0.219516
v 0.239324 -0.237961 -0.228598
v 0.234248 -0.241548 -0.234917
v 0.227697 -0.238024 -0.232040
v 0.221929 -0.233954 -0.240676
v 0.232426 -0.235061 -0.225409
v 0.229830 -0.227838 -0.216009
v 0.221136 -0.221379 -0.213322
v 0.212411 -0.214557 -0.210670
v 0.208963 -0.217310 -0.215989
v 0.202620 -0.213129 -0.213521
v 0.206113 -0.210678 -0.208469
v 0.195053 -0.208588 -0.210450
v 0.225332 -0.231601 -0.222268
v 0.216777 -0.224197 -0.218931
v 0.184260 -0.207755 -0.211402
v 0.192118 -0.210512 -0.215699
v 0.199270 -0.214731 -0.218920
v 0.205659 -0.219238 -0.221720
v 0.212440 -0.226256 -0.224947
v 0.220772 -0.234216 -0.229093
v 0.213783 -0.227748 -0.236842
v 0.208031 -0.221944 -0.233432
v 0.202470 -0.216153 -0.230149
v 0.196169 -0.212067 -0.226824
v 0.189714 -0.208502 -0.223625
v 0.181669 -0.205739 -0.220152
v 0.173786 -0.203347 -0.216792
v 0.176778 -0.205343 -0.206661
v 0.180181 -0.203333 -0.201330
v -0.015504 -0.081373 0.001804
v 0.022617 -0.082656 0.000471
v 0.082445 -0.001640 -0.004585
v 0.064871 0.046433 -0.017991
v 0.050488 0.068031 -0.023232
v 0.027472 0.089629 -0.028474
v 0.048300 0.064695 -0.029731
v 0.063493 0.044953 -0.023693
v 0.073984 -0.004850 -0.016075
v 0.069643 -0.049728 0.003769
v 0.026665 -0.051804 -0.010466
v 0.056385 -0.044494 -0.009241
v 0.024155 0.084438 -0.035770
v -0.015185 -0.051085 -0.011505
v -0.065669 -0.051982 0.009577
v -0.054640 -0.027585 -0.012144
v -0.067764 0.046359 -0.023292
v -0.079705 0.030478 -0.000206
v -0.071703 0.025972 -0.019200
v -0.073116 -0.001831 -0.014329
v -0.082212 0.000833 0.006218
v -0.010715 0.097516 -0.030002
v 0.027472 0.089629 -0.028474
v -0.008558 0.091841 -0.035672
v -0.037719 0.089838 -0.022125
v -0.037160 0.077493 -0.030751
v -0.071173 0.059268 -0.008001
v 0.024155 0.084438 -0.035770
v 0.203057 -0.178026 -0.240114
v 0.139633 -0.193695 -0.194260
v 0.139932 -0.193072 -0.193847
v 0.208896 -0.168565 -0.231537
v 0.140231 -0.192796 -0.192937
v 0.214457 -0.162623 -0.220170
v 0.140545 -0.192533 -0.192028
v 0.219003 -0.162191 -0.208329
v 0.221933 -0.166766 -0.194597
v 0.140691 -0.193067 -0.191148
v 0.140840 -0.193603 -0.190268
v 0.223850 -0.175835 -0.180379
v 0.197463 -0.187533 -0.245104
v 0.158801 -0.198183 -0.200325
v 0.202683 -0.200550 -0.248489
v 0.198589 -0.209133 -0.248347
v 0.158578 -0.198810 -0.200430
v 0.194654 -0.220349 -0.247459
v 0.158477 -0.199638 -0.199972
v 0.191224 -0.230991 -0.241495
v 0.158377 -0.200466 -0.199514
v 0.191059 -0.237841 -0.232946
v 0.193183 -0.242421 -0.222565
v 0.195516 -0.244328 -0.214009
v 0.158784 -0.200463 -0.198151
v 0.159199 -0.200464 -0.196789
v 0.198496 -0.244352 -0.205021
v 0.203709 -0.242371 -0.195805
v 0.208953 -0.238269 -0.187100
v 0.213279 -0.231734 -0.182320
v 0.217604 -0.225199 -0.177540
v 0.159636 -0.199399 -0.196348
v 0.222315 -0.214342 -0.175453
v 0.160076 -0.198335 -0.195907
v 0.226799 -0.203466 -0.176678
v 0.160172 -0.197645 -0.196233
v 0.229440 -0.192354 -0.179579
v 0.160270 -0.196956 -0.196558
v 0.231856 -0.181221 -0.185767
v 0.230301 -0.172840 -0.199099
v 0.160138 -0.196505 -0.197289
v 0.160008 -0.196055 -0.198020
v 0.227687 -0.168615 -0.211939
v 0.223439 -0.169000 -0.222975
v 0.159755 -0.196278 -0.198779
v 0.218101 -0.174489 -0.233522
v 0.159519 -0.196515 -0.199536
v 0.212414 -0.183227 -0.241441
v 0.159271 -0.197035 -0.199877
v 0.206956 -0.191985 -0.246013
v 0.159024 -0.197556 -0.200219
v 0.213279 -0.231734 -0.182320
v 0.213269 -0.232198 -0.181762
v 0.217604 -0.225199 -0.177540
v 0.208953 -0.238269 -0.187100
v 0.208860 -0.238845 -0.186635
v 0.203539 -0.242998 -0.195478
v 0.207806 -0.241361 -0.186221
v 0.203030 -0.245652 -0.194458
v 0.202157 -0.245164 -0.194019
v 0.206976 -0.240872 -0.185775
v 0.212973 -0.234544 -0.180482
v 0.198496 -0.244352 -0.205021
v 0.203709 -0.242371 -0.195805
v 0.195214 -0.244969 -0.214003
v 0.195516 -0.244328 -0.214009
v 0.198249 -0.245029 -0.204832
v 0.198374 -0.247825 -0.203212
v 0.197458 -0.247338 -0.202782
v 0.195485 -0.242136 -0.191738
v 0.200987 -0.237666 -0.182362
v 0.212182 -0.234051 -0.180059
v 0.218140 -0.227728 -0.174744
v 0.217679 -0.225552 -0.176888
v 0.222479 -0.214495 -0.174796
v 0.222315 -0.214342 -0.175453
v 0.223759 -0.215344 -0.172566
v 0.194452 -0.246872 -0.214061
v 0.193531 -0.246389 -0.213622
v 0.189953 -0.244325 -0.201642
v 0.186756 -0.244302 -0.211283
v 0.223022 -0.214866 -0.172182
v 0.228429 -0.202481 -0.173333
v 0.229152 -0.202939 -0.173701
v 0.217388 -0.227230 -0.174343
v 0.205432 -0.230577 -0.177171
v 0.221591 -0.187902 -0.173849
v 0.219090 -0.199922 -0.170846
v 0.214605 -0.211728 -0.169637
v 0.209877 -0.223488 -0.171981
v 0.223850 -0.175835 -0.180379
v 0.231113 -0.190910 -0.176845
v 0.231831 -0.191341 -0.177203
v 0.229690 -0.192139 -0.179120
v 0.227052 -0.203417 -0.176015
v 0.226799 -0.203466 -0.176678
v 0.229440 -0.192354 -0.179579
v 0.231856 -0.181221 -0.185767
v 0.232103 -0.180842 -0.185513
v 0.234285 -0.179722 -0.183994
v 0.233572 -0.179319 -0.183646
v 0.231618 -0.170066 -0.197592
v 0.221933 -0.166766 -0.194597
v 0.228605 -0.164970 -0.211047
v 0.232327 -0.170448 -0.197975
v 0.229311 -0.165332 -0.211465
v 0.230561 -0.172331 -0.198951
v 0.227959 -0.167977 -0.211899
v 0.230301 -0.172840 -0.199099
v 0.227687 -0.168615 -0.211939
v 0.219003 -0.162191 -0.208329
v 0.223343 -0.165891 -0.224149
v 0.208896 -0.168565 -0.231537
v 0.214457 -0.162623 -0.220170
v 0.203057 -0.178026 -0.240114
v 0.216992 -0.171917 -0.236762
v 0.224061 -0.166281 -0.224574
v 0.223613 -0.168417 -0.223135
v 0.223439 -0.169000 -0.222975
v 0.218179 -0.173960 -0.233883
v 0.217722 -0.172333 -0.237196
v 0.211024 -0.180394 -0.244131
v 0.205284 -0.188891 -0.248154
v 0.197463 -0.187533 -0.245104
v 0.200079 -0.199150 -0.250863
v 0.193136 -0.196820 -0.247842
v 0.195053 -0.209426 -0.250954
v 0.195942 -0.209847 -0.251387
v 0.191222 -0.220448 -0.248927
v 0.192125 -0.220892 -0.249376
v 0.189317 -0.231551 -0.243693
v 0.188399 -0.231086 -0.243227
v 0.194315 -0.220591 -0.247998
v 0.218101 -0.174489 -0.233522
v 0.212400 -0.182831 -0.241892
v 0.211779 -0.180802 -0.244535
v 0.206065 -0.189291 -0.248528
v 0.200914 -0.199561 -0.251266
v 0.198313 -0.209200 -0.248938
v 0.194654 -0.220349 -0.247459
v 0.191224 -0.230991 -0.241495
v 0.206849 -0.191722 -0.246554
v 0.202491 -0.200453 -0.249055
v 0.198589 -0.209133 -0.248347
v 0.212414 -0.183227 -0.241441
v 0.206956 -0.191985 -0.246013
v 0.202683 -0.200550 -0.248489
v 0.190822 -0.231408 -0.241984
v 0.190680 -0.238352 -0.233278
v 0.191059 -0.237841 -0.232946
v 0.192825 -0.243026 -0.222741
v 0.193183 -0.242421 -0.222565
v 0.195214 -0.244969 -0.214003
v 0.195516 -0.244328 -0.214009
v 0.189001 -0.206144 -0.247772
v 0.185115 -0.218296 -0.246929
v 0.181754 -0.229864 -0.240635
v 0.189022 -0.238879 -0.234783
v 0.189943 -0.239351 -0.235240
v 0.191599 -0.244034 -0.224062
v 0.194452 -0.246872 -0.214061
v 0.190674 -0.243555 -0.223613
v 0.193531 -0.246389 -0.213622
v 0.181782 -0.237296 -0.231531
v 0.184196 -0.242244 -0.220441
v 0.186756 -0.244302 -0.211283
v 0.003111 -0.111379 -0.182755
v 0.020491 -0.096272 -0.182230
v -0.003728 -0.100583 -0.170585
v 0.098245 -0.095058 -0.169286
v 0.084451 -0.102706 -0.186973
v 0.111570 -0.104184 -0.176607
v 0.071774 -0.086884 -0.175369
v 0.053082 -0.094574 -0.182353
v 0.042842 -0.083805 -0.176177
v 0.033770 -0.107945 -0.190617
v 0.017222 -0.123044 -0.191086
v 0.009285 -0.136692 -0.184248
v -0.004282 -0.125867 -0.175394
v -0.011157 -0.116085 -0.161074
v -0.014472 -0.108179 -0.154393
v -0.014800 -0.121477 -0.142219
v -0.017219 -0.115529 -0.137504
v -0.010895 -0.127021 -0.124742
v -0.023732 -0.102821 -0.119757
v -0.014566 -0.119051 -0.103715
v 0.040892 -0.116712 -0.197216
v 0.064578 -0.116829 -0.200879
v 0.087010 -0.125638 -0.207997
v -0.030555 -0.078466 -0.064928
v -0.034975 -0.066837 -0.053191
v -0.002405 -0.079240 -0.044229
v 0.000012 -0.086750 -0.053589
v -0.022817 -0.098181 -0.084984
v 0.002561 -0.102354 -0.070072
v 0.005538 -0.117457 -0.086368
v -0.000553 -0.131488 -0.110133
v -0.005685 -0.132805 -0.129055
v -0.010779 -0.128382 -0.147574
v -0.004872 -0.135832 -0.161237
v 0.008884 -0.146315 -0.169132
v 0.022671 -0.146224 -0.187193
v 0.030044 -0.131069 -0.194595
v -0.047720 -0.044622 -0.066439
v -0.039396 -0.055209 -0.041454
v -0.045759 -0.018633 -0.076142
v -0.053549 -0.030469 -0.052405
v -0.042392 -0.048046 -0.032611
v -0.026099 0.002893 -0.088497
v -0.051031 -0.000515 -0.060983
v -0.059040 -0.019843 -0.041055
v -0.045387 -0.040882 -0.023768
v 0.002286 0.018678 -0.093267
v -0.027459 0.020644 -0.073257
v -0.056565 0.011821 -0.048587
v -0.064530 -0.009216 -0.029705
v -0.050013 -0.034233 -0.017956
v -0.004822 -0.071730 -0.034869
v -0.007704 -0.065231 -0.027821
v -0.010586 -0.058732 -0.020773
v -0.012886 -0.054908 -0.016139
v -0.015185 -0.051085 -0.011505
v -0.054640 -0.027585 -0.012144
v -0.068823 -0.005524 -0.022017
v -0.062099 0.024157 -0.036191
v -0.031938 0.036970 -0.059957
v 0.000059 0.034686 -0.078910
v -0.066901 0.025064 -0.027695
v -0.073116 -0.001831 -0.014329
v -0.071703 0.025972 -0.019200
v -0.064932 0.035258 -0.029741
v -0.035873 0.053297 -0.046657
v -0.000695 0.050212 -0.066462
v 0.025727 0.047270 -0.065111
v 0.026740 0.031162 -0.077373
v 0.053972 0.034784 -0.059503
v 0.054539 0.022314 -0.071144
v 0.064879 0.014949 -0.052483
v 0.064683 0.025835 -0.042175
v 0.071308 -0.011636 -0.035324
v 0.072646 -0.008243 -0.025700
v 0.052836 -0.044752 -0.018984
v 0.056385 -0.044494 -0.009241
v 0.026665 -0.051804 -0.010466
v -0.001449 0.065737 -0.054015
v -0.005004 0.078789 -0.044844
v -0.036517 0.065395 -0.038704
v 0.073984 -0.004850 -0.016075
v 0.064088 0.035394 -0.032934
v 0.053404 0.047253 -0.047862
v 0.024715 0.063378 -0.052849
v 0.024435 0.073908 -0.044310
v 0.024155 0.084438 -0.035770
v -0.008558 0.091841 -0.035672
v -0.037160 0.077493 -0.030751
v -0.067764 0.046359 -0.023292
v 0.048300 0.064695 -0.029731
v 0.050852 0.055974 -0.038797
v 0.063493 0.044953 -0.023693
v 0.170637 -0.132744 -0.186054
v 0.136694 -0.119142 -0.188347
v 0.164082 -0.134900 -0.199381
v 0.157763 -0.140190 -0.215586
v 0.123004 -0.125269 -0.203363
v 0.180554 -0.163556 -0.234921
v 0.186443 -0.153787 -0.225542
v 0.192062 -0.150583 -0.211684
v 0.197593 -0.147332 -0.197811
v 0.198316 -0.153943 -0.183648
v 0.172895 -0.145010 -0.160244
v 0.143860 -0.119080 -0.172685
v 0.099619 -0.110222 -0.194536
v 0.114116 -0.139676 -0.218912
v 0.143443 -0.156898 -0.229652
v 0.174507 -0.173267 -0.240699
v 0.201481 -0.175004 -0.242973
v 0.207630 -0.165809 -0.234987
v 0.214262 -0.159282 -0.221399
v 0.219879 -0.158264 -0.207337
v 0.223263 -0.163768 -0.192955
v 0.198970 -0.160516 -0.169472
v 0.195785 -0.172035 -0.162656
v 0.166747 -0.165829 -0.148261
v 0.225635 -0.173765 -0.178085
v 0.208424 -0.166230 -0.235456
v 0.215043 -0.159674 -0.221859
v 0.220647 -0.158627 -0.207788
v 0.224035 -0.164153 -0.193369
v 0.226411 -0.174172 -0.178462
v 0.223343 -0.186331 -0.170904
v 0.193821 -0.183349 -0.157840
v 0.187546 -0.196210 -0.156613
v 0.153993 -0.190514 -0.147706
v 0.182245 -0.209233 -0.157137
v 0.174772 -0.217325 -0.164461
v 0.209706 -0.225702 -0.168571
v 0.215379 -0.212300 -0.166133
v 0.220809 -0.198850 -0.167248
v 0.221598 -0.199317 -0.167647
v 0.216184 -0.212787 -0.166549
v 0.224125 -0.186768 -0.171291
v 0.204326 -0.233115 -0.174768
v 0.210526 -0.226210 -0.169005
v 0.209967 -0.223871 -0.171285
v 0.214786 -0.211893 -0.168933
v 0.219360 -0.199869 -0.170134
v 0.221853 -0.187669 -0.173355
v 0.224105 -0.175423 -0.180102
v 0.222196 -0.166214 -0.194434
v 0.208964 -0.167992 -0.231919
v 0.203029 -0.177597 -0.240594
v 0.214627 -0.161991 -0.220336
v 0.219275 -0.161499 -0.208280
v 0.219003 -0.162191 -0.208329
v 0.221933 -0.166766 -0.194597
v 0.223850 -0.175835 -0.180379
v 0.221591 -0.187902 -0.173849
v 0.219090 -0.199922 -0.170846
v 0.214605 -0.211728 -0.169637
v 0.209877 -0.223488 -0.171981
v 0.214457 -0.162623 -0.220170
v 0.208896 -0.168565 -0.231537
v 0.203057 -0.178026 -0.240114
v 0.197341 -0.187250 -0.245681
v 0.197463 -0.187533 -0.245104
v 0.193136 -0.196820 -0.247842
v 0.192928 -0.196716 -0.248448
v 0.189001 -0.206144 -0.247772
v 0.188707 -0.206219 -0.248407
v 0.185115 -0.218296 -0.246929
v 0.184759 -0.218561 -0.247510
v 0.181754 -0.229864 -0.240635
v 0.181336 -0.230319 -0.241163
v 0.181390 -0.237852 -0.231893
v 0.181782 -0.237296 -0.231531
v 0.196428 -0.184647 -0.247775
v 0.191210 -0.195785 -0.250812
v 0.186183 -0.206960 -0.251041
v 0.190302 -0.195374 -0.250375
v 0.185218 -0.206539 -0.250573
v 0.182546 -0.244006 -0.222063
v 0.183830 -0.242901 -0.220637
v 0.180630 -0.238926 -0.234007
v 0.179726 -0.230501 -0.242998
v 0.182419 -0.218934 -0.248991
v 0.181438 -0.218490 -0.248505
v 0.156232 -0.206156 -0.239227
v 0.151691 -0.217446 -0.235489
v 0.115971 -0.199598 -0.220307
v 0.152264 -0.223190 -0.224781
v 0.117708 -0.210776 -0.199876
v 0.152901 -0.228870 -0.214205
v 0.155431 -0.230839 -0.202222
v 0.181540 -0.243523 -0.221577
v 0.184689 -0.246573 -0.210888
v 0.179628 -0.238452 -0.233512
v 0.178728 -0.230034 -0.242494
v 0.185690 -0.247060 -0.211363
v 0.189926 -0.248070 -0.199736
v 0.189708 -0.245061 -0.201446
v 0.195321 -0.242815 -0.191393
v 0.089166 -0.196907 -0.166505
v 0.124013 -0.214791 -0.176869
v 0.157950 -0.232752 -0.190296
v 0.188929 -0.247580 -0.199270
v 0.194854 -0.245687 -0.190324
v 0.199849 -0.241023 -0.181448
v 0.200904 -0.238290 -0.181868
v 0.200987 -0.237666 -0.182362
v 0.195485 -0.242136 -0.191738
v 0.189953 -0.244325 -0.201642
v 0.186451 -0.244998 -0.211283
v 0.184196 -0.242244 -0.220441
v 0.186756 -0.244302 -0.211283
v 0.048980 -0.155070 -0.118043
v 0.030510 -0.157230 -0.135525
v 0.035746 -0.142236 -0.111260
v 0.060699 -0.163459 -0.130363
v 0.034997 -0.165409 -0.149061
v 0.058950 -0.178932 -0.156392
v 0.078835 -0.169715 -0.134666
v 0.106221 -0.189201 -0.145605
v 0.138439 -0.207273 -0.156786
v 0.163324 -0.228881 -0.180350
v 0.168785 -0.225087 -0.170388
v 0.198945 -0.240528 -0.180965
v 0.193904 -0.245194 -0.189850
v 0.025754 -0.161778 -0.161699
v 0.016818 -0.153862 -0.151725
v 0.018803 -0.148117 -0.127157
v 0.008355 -0.137314 -0.114996
v 0.023002 -0.132211 -0.099105
v 0.016238 -0.126793 -0.094671
v 0.006595 -0.145266 -0.144776
v -0.002108 -0.135307 -0.131932
v 0.019067 -0.156678 -0.172168
v 0.029577 -0.163882 -0.171444
v 0.051920 -0.174118 -0.178265
v 0.084156 -0.190715 -0.189628
v 0.033832 -0.155325 -0.189914
v 0.050572 -0.164015 -0.197348
v 0.082569 -0.180078 -0.209349
v 0.043448 -0.135116 -0.200411
v 0.062559 -0.145605 -0.207745
v 0.093422 -0.160230 -0.218899
v 0.125844 -0.177875 -0.229465
v 0.160836 -0.194976 -0.242886
v 0.167650 -0.184109 -0.241789
v 0.195579 -0.184245 -0.247371
v 0.202303 -0.175415 -0.243410
v -0.008027 -0.086109 -0.157422
v 0.004706 -0.080835 -0.166361
v 0.002110 -0.076172 -0.162069
v -0.013693 -0.068525 -0.144852
v -0.022764 -0.085410 -0.133712
v 0.006489 -0.051117 -0.147830
v 0.022656 -0.064660 -0.159605
v 0.010668 -0.086742 -0.170092
v -0.007186 -0.093252 -0.163512
v -0.016026 -0.100724 -0.149289
v 0.033633 -0.071995 -0.166707
v -0.019403 -0.041155 -0.124912
v 0.005274 -0.026810 -0.127598
v -0.031823 -0.060526 -0.113143
v -0.033502 -0.080222 -0.100777
v 0.030430 -0.035940 -0.134635
v 0.030291 -0.016094 -0.119190
v 0.042517 -0.048220 -0.153052
v 0.049218 -0.064432 -0.157723
v 0.058391 -0.068658 -0.167307
v 0.071840 -0.072460 -0.153597
v 0.084872 -0.083681 -0.162002
v 0.039790 -0.012890 -0.117071
v 0.058020 -0.029806 -0.123508
v 0.063983 -0.062128 -0.147427
v 0.073606 -0.064715 -0.134076
v 0.059691 -0.048093 -0.139150
v 0.070244 -0.056009 -0.124122
v 0.068440 -0.043144 -0.110511
v 0.070007 -0.063267 -0.095897
v 0.072644 -0.071810 -0.104196
v 0.076516 -0.076105 -0.110085
v 0.063084 -0.100208 -0.095424
v 0.057404 -0.093411 -0.087044
v 0.054079 -0.085587 -0.078649
v 0.052661 -0.075707 -0.068479
v 0.069709 -0.051261 -0.083637
v 0.066591 -0.028878 -0.097779
v 0.057052 -0.014351 -0.109316
v 0.030255 -0.003480 -0.112384
v 0.069704 -0.039912 -0.070621
v 0.051459 -0.066314 -0.057750
v 0.030478 -0.081285 -0.052676
v 0.032515 -0.092317 -0.064129
v 0.034815 -0.103942 -0.074902
v 0.039439 -0.113109 -0.083322
v 0.045479 -0.119098 -0.090864
v 0.069800 -0.106172 -0.106676
v 0.081270 -0.083173 -0.119292
v 0.079948 -0.074420 -0.138357
v 0.091176 -0.085069 -0.145108
v 0.070774 -0.139054 -0.111476
v 0.083632 -0.148813 -0.120417
v 0.060699 -0.163459 -0.130363
v 0.048980 -0.155070 -0.118043
v 0.057934 -0.131751 -0.103454
v 0.035746 -0.142236 -0.111260
v 0.023002 -0.132211 -0.099105
v 0.016238 -0.126793 -0.094671
v 0.005538 -0.117457 -0.086368
v 0.002561 -0.102354 -0.070072
v 0.000012 -0.086750 -0.053589
v 0.029784 -0.075503 -0.045120
v 0.051093 -0.060538 -0.049850
v 0.070546 -0.024036 -0.052468
v 0.065336 -0.006042 -0.073434
v 0.070125 -0.031974 -0.061545
v 0.050726 -0.054762 -0.041951
v 0.029091 -0.069720 -0.037564
v -0.002405 -0.079240 -0.044229
v 0.050007 -0.049887 -0.035338
v 0.027653 -0.064308 -0.030824
v -0.004822 -0.071730 -0.034869
v -0.007704 -0.065231 -0.027821
v 0.026214 -0.058895 -0.024083
v -0.010586 -0.058732 -0.020773
v 0.055505 0.010214 -0.082823
v 0.065075 0.004064 -0.062790
v 0.070927 -0.017836 -0.043896
v 0.049287 -0.045011 -0.028726
v 0.026440 -0.055350 -0.017275
v -0.012886 -0.054908 -0.016139
v 0.028472 0.021940 -0.090089
v -0.015185 -0.051085 -0.011505
v 0.065597 -0.016147 -0.084077
v 0.056472 -0.001885 -0.094502
v 0.030205 0.010723 -0.102805
v 0.019464 0.007598 -0.104819
v 0.004514 -0.000280 -0.107624
v -0.024732 -0.014857 -0.103738
v -0.040487 -0.036750 -0.091300
v -0.041891 -0.058775 -0.080473
v 0.205436 -0.231080 -0.176576
v 0.205432 -0.230577 -0.177171
v 0.200987 -0.237666 -0.182362
v 0.200904 -0.238290 -0.181868
v 0.205188 -0.233617 -0.175227
v 0.199849 -0.241023 -0.181448
v 0.198945 -0.240528 -0.180965
v 0.168785 -0.225087 -0.170388
v 0.138439 -0.207273 -0.156786
v 0.125404 -0.170743 -0.137451
v 0.139306 -0.147489 -0.138962
v 0.146006 -0.129046 -0.151655
v 0.119289 -0.105338 -0.160202
v 0.106221 -0.189201 -0.145605
v 0.105166 -0.095866 -0.152746
v 0.121237 -0.113605 -0.142334
v 0.114042 -0.131349 -0.129215
v 0.098984 -0.153206 -0.126365
v 0.078835 -0.169715 -0.134666
v 0.082331 -0.113536 -0.114453
v 0.091249 -0.090279 -0.127373
v 0.105756 -0.103247 -0.135794
v 0.097804 -0.122309 -0.122143
vn 0.0470 -0.8518 0.5218
vn -0.0488 -0.9232 0.3811
vn 0.0278 -0.8362 0.5478
vn -0.0635 -0.9254 0.3737
vn -0.2358 -0.9657 0.1086
vn -0.2618 -0.9609 0.0899
vn -0.3965 -0.8628 -0.3137
vn -0.4141 -0.8471 -0.3331
vn -0.3623 -0.9243 0.1196
vn -0.5017 -0.8044 -0.3183
vn -0.6032 -0.7458 -0.2827
vn -0.4746 -0.8631 0.1727
vn -0.6863 -0.6803 -0.2573
vn -0.5680 -0.7860 0.2439
vn -0.7338 -0.6328 -0.2473
vn -0.5955 -0.7452 0.3000
vn -0.6990 -0.6305 -0.3375
vn -0.5183 -0.8262 0.2208
vn -0.6438 -0.6543 -0.3967
vn -0.4282 -0.8800 0.2056
vn -0.3439 -0.8943 0.2862
vn -0.1527 -0.8148 0.5592
vn -0.2777 -0.7704 0.5739
vn -0.3930 -0.7061 0.5890
vn -0.3662 -0.7536 0.5458
vn -0.2816 -0.8182 0.5013
vn -0.1870 -0.8760 0.4445
vn -0.1078 -0.8044 0.5842
vn -0.2251 -0.7586 0.6115
vn -0.1852 -0.7180 0.6710
vn -0.2604 -0.7007 0.6642
vn -0.1731 -0.6877 0.7050
vn -0.2602 -0.6563 0.7082
vn -0.0874 -0.6690 0.7381
vn -0.0702 -0.6257 0.7769
vn 0.0323 -0.5858 0.8098
vn 0.0516 -0.6982 0.7140
vn -0.0616 -0.7849 0.6166
vn -0.6110 -0.7341 -0.2962
vn -0.2355 -0.8896 0.3914
vn 0.0103 -0.7875 0.6162
vn 0.0744 -0.6976 0.7127
vn 0.1290 -0.5922 0.7954
vn -0.0384 -0.8055 0.5913
vn -0.1320 -0.7638 0.6318
vn -0.1833 -0.7257 0.6631
vn -0.1943 -0.7049 0.6822
vn -0.0584 -0.7583 0.6493
vn 0.0724 -0.8005 0.5950
vn 0.0979 -0.7772 0.6216
vn 0.1068 -0.7670 0.6327
vn 0.0737 -0.7505 0.6568
vn -0.0755 -0.7270 0.6825
vn -0.2208 -0.8578 0.4642
vn 0.0884 -0.6299 0.7716
vn 0.1013 -0.7070 0.6999
vn 0.0255 -0.8083 0.5882
vn -0.1621 -0.9304 0.3287
vn -0.3537 -0.8838 0.3063
vn -0.3222 -0.7929 0.5172
vn -0.3118 -0.6996 0.6430
vn -0.2246 -0.6675 0.7099
vn -0.0694 -0.6814 0.7286
vn 0.0587 -0.6928 0.7188
vn -0.0483 -0.3834 0.9223
vn 0.0224 -0.4430 0.8962
vn -0.1841 -0.4535 0.8720
vn -0.4156 -0.4612 0.7839
vn -0.4724 -0.6984 0.5376
vn -0.4683 -0.7849 0.4058
vn -0.4937 -0.7925 0.3580
vn -0.3754 -0.9056 0.1972
vn -0.2374 -0.9687 0.0724
vn -0.2135 -0.9750 0.0620
vn -0.4391 -0.8572 0.2691
vn 0.1342 -0.9887 -0.0670
vn -0.0249 -0.9995 -0.0207
vn -0.1873 -0.9678 -0.1680
vn -0.4712 -0.8727 0.1282
vn -0.3019 -0.8487 -0.4342
vn 0.0692 -0.9852 0.1567
vn 0.4744 -0.8791 -0.0462
vn 0.2926 -0.9077 -0.3007
vn 0.1801 -0.6548 -0.7340
vn 0.0127 -0.5776 -0.8162
vn -0.3851 -0.7587 -0.5254
vn -0.1477 -0.4837 -0.8627
vn 0.3817 -0.1875 -0.9051
vn 0.1826 -0.1205 -0.9758
vn 0.5854 0.2374 -0.7752
vn 0.2233 -0.1215 -0.9671
vn 0.5782 0.1911 -0.7932
vn 0.2749 -0.1690 -0.9465
vn 0.7021 0.0668 -0.7089
vn 0.3830 -0.3011 -0.8733
vn 0.8913 -0.3878 -0.2350
vn 0.1209 -0.6552 -0.7457
vn 0.7221 -0.6911 -0.0307
vn -0.1824 -0.8333 -0.5218
vn 0.3962 -0.9044 0.1583
vn -0.4416 -0.8969 0.0258
vn -0.3742 -0.7228 -0.5810
vn -0.6078 -0.7932 -0.0387
vn -0.4432 -0.7045 -0.5543
vn -0.6518 -0.7574 0.0378
vn -0.4704 -0.6717 -0.5723
vn -0.6596 -0.7516 0.0084
vn -0.6103 -0.7910 -0.0424
vn -0.0629 -0.5308 -0.8452
vn -0.1416 -0.5160 -0.8448
vn -0.4371 -0.7069 -0.5561
vn -0.3800 -0.7530 -0.5372
vn -0.0902 -0.2761 -0.9569
vn -0.1703 -0.3200 -0.9320
vn 0.1572 0.2566 -0.9536
vn -0.4998 -0.6738 -0.5442
vn -0.0393 -0.3086 -0.9504
vn 0.2342 0.1768 -0.9560
vn 0.3610 0.6430 -0.6755
vn -0.5537 -0.5717 -0.6055
vn -0.0676 -0.3807 -0.9222
vn 0.3780 0.1046 -0.9199
vn 0.4897 0.5449 -0.6807
vn 0.6395 0.7494 -0.1714
vn 0.4728 0.8603 -0.1905
vn 0.4740 0.6260 -0.6192
vn 0.2677 0.2487 -0.9308
vn -0.0567 -0.3439 -0.9373
vn 0.6950 -0.5680 0.4409
vn 0.5945 0.3611 -0.7185
vn 0.3038 0.0728 -0.9499
vn 0.4490 0.3345 -0.8286
vn 0.3291 0.5751 -0.7490
vn 0.5757 0.5988 -0.5568
vn 0.1002 0.1620 -0.9817
vn 0.0024 0.3512 -0.9363
vn 0.6570 0.7243 -0.2091
vn 0.5407 0.8189 -0.1924
vn 0.3996 0.7810 -0.4799
vn 0.0652 0.7538 -0.6539
vn 0.2245 0.8012 -0.5546
vn 0.6383 0.7536 0.1570
vn 0.5338 0.7199 0.4436
vn 0.4524 0.7960 0.4023
vn 0.2804 0.4307 0.8578
vn 0.5419 0.7572 0.3647
vn 0.2876 0.4147 0.8633
vn 0.6323 0.6239 0.4593
vn 0.2323 0.3287 0.9154
vn 0.6302 0.5528 0.5453
vn 0.7628 0.6360 -0.1164
vn 0.8109 0.5806 -0.0732
vn 0.6650 0.4362 -0.6062
vn 0.7355 0.3683 -0.5687
vn 0.4521 0.0897 -0.8875
vn 0.5701 -0.0497 -0.8201
vn 0.0194 -0.3935 -0.9191
vn 0.6458 -0.2750 -0.7123
vn 0.1831 -0.4734 -0.8616
vn -0.3463 -0.5120 -0.7861
vn -0.7668 -0.4429 -0.4646
vn 0.0070 -0.4663 0.8846
vn -0.2780 -0.7557 0.5930
vn 0.3032 -0.8777 0.3710
vn -0.4105 -0.8965 0.1666
vn 0.0409 0.2343 0.9713
vn 0.5231 -0.4726 0.7092
vn 0.7080 -0.7011 0.0853
vn 0.0459 -0.9972 -0.0595
vn -0.6952 -0.5920 -0.4077
vn -0.2525 -0.7287 -0.6366
vn -0.3144 -0.5686 -0.7602
vn 0.0970 -0.6886 -0.7186
vn 0.4614 -0.8513 -0.2497
vn 0.7089 -0.4714 -0.5247
vn 0.1312 -0.5676 -0.8128
vn 0.6697 -0.4089 -0.6199
vn 0.9090 -0.3161 -0.2717
vn 0.9299 -0.2059 -0.3047
vn 0.9257 -0.0339 -0.3768
vn 0.8530 0.2125 -0.4766
vn 0.9035 0.4286 -0.0023
vn 0.2035 0.4055 0.8912
vn 0.6908 0.5168 0.5058
vn 0.9788 0.2005 0.0418
vn 0.8212 0.3510 0.4500
vn 0.9972 0.0352 0.0665
vn 0.8406 0.2431 0.4840
vn 0.5033 0.3743 0.7788
vn 0.8027 0.1041 0.5872
vn 0.5426 0.1630 0.8240
vn 0.8058 -0.4416 0.3947
vn 0.9937 -0.1097 0.0240
vn -0.0506 0.3881 0.9202
vn 0.4827 0.4516 0.7503
vn -0.7321 -0.5469 -0.4062
vn -0.9432 -0.2590 0.2080
vn -0.6089 -0.6596 -0.4407
vn -0.9847 -0.1225 0.1237
vn -0.6373 -0.6507 0.4129
vn -0.5407 -0.7364 -0.4067
vn -0.7992 0.0594 0.5981
vn -0.8772 0.2217 0.4258
vn 0.1987 -0.7419 0.6404
vn 0.0787 -0.7215 0.6879
vn 0.2237 -0.7497 0.6228
vn 0.0977 -0.9444 0.3140
vn 0.3529 -0.9354 -0.0225
vn -0.3890 -0.8274 0.4050
vn -0.5140 -0.7234 0.4610
vn -0.3984 -0.4196 0.8156
vn -0.0981 -0.0187 0.9950
vn -0.4602 0.3701 0.8070
vn -0.5748 0.5053 0.6436
vn -0.8908 0.2843 0.3544
vn -0.9979 -0.0536 0.0351
vn -0.7458 -0.4817 -0.4601
vn 0.0345 -0.1145 0.9928
vn -0.2873 -0.4723 0.8333
vn -0.0159 -0.5908 0.8066
vn 0.2333 -0.7160 0.6580
vn 0.5334 -0.4724 0.7016
vn 0.6951 -0.5679 0.4407
vn 0.2008 -0.1180 0.9725
vn 0.4998 0.4567 0.7360
vn -0.8692 -0.2868 -0.4029
vn -0.9901 0.0664 -0.1239
vn -0.8887 0.4275 0.1658
vn -0.5605 0.5689 0.6018
vn 0.2159 0.6656 0.7144
vn 0.4064 0.5573 0.7240
vn -0.9549 -0.1607 0.2495
vn -0.8635 0.0657 0.5001
vn -0.9888 0.0531 -0.1393
vn -0.7989 -0.5259 -0.2918
vn -0.3531 -0.8764 0.3275
vn -0.1896 -0.6157 0.7648
vn 0.0750 -0.2452 0.9666
vn -0.6778 0.2762 0.6814
vn -0.0243 0.6012 0.7987
vn -0.5839 0.6873 0.4321
vn -0.8914 0.4325 0.1354
vn -0.9720 0.1054 -0.2099
vn -0.8749 0.4677 0.1254
vn -0.5608 0.7299 0.3909
vn -0.5644 0.6716 0.4800
vn 0.2165 0.7029 0.6775
vn -0.0878 0.7652 0.6378
vn 0.3932 0.9186 -0.0388
vn 0.3145 0.9355 -0.1609
vn 0.2867 0.9569 -0.0453
vn 0.2278 0.9433 -0.2414
vn 0.1828 0.9260 -0.3304
vn 0.1793 0.9240 -0.3377
vn 0.1434 0.8850 -0.4429
vn 0.5181 0.8057 0.2872
vn 0.6720 0.6891 0.2713
vn 0.2790 0.9590 -0.0506
vn 0.1909 0.9375 -0.2909
vn 0.1226 0.8253 -0.5513
vn 0.1555 0.8763 -0.4560
vn 0.1699 0.9113 -0.3750
vn 0.1648 0.9427 -0.2901
vn 0.1898 0.9519 -0.2406
vn 0.1711 0.9826 -0.0726
vn 0.2555 0.9575 0.1337
vn 0.1717 0.9802 0.0987
vn 0.6916 0.3197 0.6477
vn 0.5252 0.3742 0.7643
vn 0.5314 0.6695 0.5191
vn 0.4020 0.3890 0.8289
vn 0.5211 0.8149 0.2538
vn 0.4580 0.8598 -0.2257
vn 0.2407 0.9679 -0.0723
vn 0.3626 0.9064 0.2169
vn 0.8380 0.2864 0.4645
vn 0.1650 0.9086 -0.3838
vn 0.0822 0.8162 -0.5719
vn 0.1812 0.8519 -0.4914
vn 0.1811 0.8878 -0.4231
vn 0.1249 0.8462 -0.5181
vn 0.1152 0.7972 -0.5926
vn 0.0405 0.6745 -0.7371
vn 0.1935 0.8852 -0.4230
vn 0.1271 0.8765 -0.4643
vn 0.0821 0.7771 -0.6239
vn 0.0122 0.6328 -0.7742
vn -0.0165 0.6156 -0.7879
vn 0.1053 0.7849 -0.6106
vn 0.2437 0.8806 -0.4064
vn 0.5184 0.8310 -0.2016
vn 0.6620 0.7255 -0.1881
vn 0.7771 0.5870 -0.2270
vn 0.7532 0.6288 0.1929
vn 0.7362 0.5620 -0.3770
vn 0.5848 0.6529 -0.4813
vn 0.3490 0.8292 -0.4366
vn 0.2123 0.7298 -0.6498
vn 0.0703 0.5700 -0.8186
vn -0.1031 0.1274 -0.9865
vn 0.0345 0.5301 -0.8473
vn -0.0056 0.5820 -0.8131
vn 0.1264 0.5631 -0.8167
vn 0.4994 0.4565 0.7364
vn 0.3467 0.3312 -0.8776
vn 0.4761 0.5251 -0.7054
vn 0.5919 0.3812 -0.7102
vn 0.7110 0.6289 -0.3146
vn 0.6951 0.6750 0.2474
vn 0.7416 0.6306 0.2288
vn 0.4108 0.5586 0.7206
vn 0.7954 0.5180 0.3146
vn 0.2165 0.6655 0.7143
vn 0.7818 0.4573 0.4239
vn 0.8292 0.3710 0.4180
vn 0.2156 0.7031 0.6776
vn 0.8959 0.1279 0.4254
vn 0.5924 0.5071 0.6260
vn -0.0863 0.7650 0.6382
vn 0.6866 0.6488 -0.3281
vn 0.5348 0.3507 -0.7687
vn 0.2109 -0.0242 -0.9772
vn 0.3497 0.0835 -0.9331
vn 0.4709 0.3696 -0.8011
vn 0.8207 0.4726 -0.3210
vn 0.9448 0.2410 -0.2220
vn 0.9971 0.0343 -0.0683
vn 0.9954 -0.0872 0.0394
vn 0.9545 -0.2588 0.1485
vn 0.9111 -0.3509 0.2162
vn 0.8798 0.0356 0.4739
vn 0.5372 0.4943 0.6834
vn 0.5289 0.3123 0.7892
vn -0.0246 0.6014 0.7985
vn 0.7972 0.0261 0.6032
vn 0.8878 -0.4033 0.2219
vn 0.6939 -0.4868 0.5305
vn 0.0762 -0.2456 0.9664
vn -0.1861 -0.6173 0.7644
vn 0.2956 -0.7528 0.5881
vn -0.3520 -0.8770 0.3271
vn 0.4334 -0.3436 0.8331
vn 0.5882 -0.7425 0.3206
vn 0.0441 -0.9853 0.1649
vn -0.7980 -0.5271 -0.2921
vn 0.7980 -0.6022 0.0243
vn 0.8131 -0.5821 -0.0067
vn 0.8508 -0.5113 -0.1211
vn 0.8747 -0.4068 -0.2635
vn 0.8657 -0.3054 -0.3966
vn 0.7860 -0.1043 -0.6094
vn 0.6161 0.1934 -0.7635
vn -0.8679 -0.2891 -0.4039
vn -0.3334 -0.8762 -0.3480
vn 0.3913 -0.9182 0.0622
vn 0.6124 -0.7820 -0.1159
vn 0.5612 -0.7932 -0.2365
vn 0.5658 -0.7426 -0.3582
vn 0.5529 -0.6569 -0.5126
vn 0.4763 -0.5727 -0.6672
vn 0.4176 -0.3945 -0.8185
vn 0.2406 -0.1420 -0.9602
vn 0.1038 -0.9421 -0.3190
vn 0.1681 -0.8876 -0.4289
vn -0.1689 -0.7010 -0.6929
vn -0.0927 -0.7550 -0.6491
vn 0.1022 -0.8371 -0.5374
vn -0.4134 -0.7342 -0.5386
vn -0.7452 -0.4822 -0.4606
vn -0.4256 -0.6906 -0.5848
vn -0.2056 -0.4666 -0.8602
vn -0.1128 -0.6009 -0.7913
vn -0.7330 -0.5463 -0.4052
vn -0.6081 -0.6596 -0.4417
vn -0.5413 -0.7372 -0.4044
vn 0.1282 -0.0250 -0.9914
vn -0.2812 -0.4332 -0.8563
vn -0.1729 -0.4469 -0.8777
vn 0.3527 -0.9355 -0.0225
vn 0.3020 -0.0011 -0.9533
vn 0.8750 0.4748 -0.0947
vn 0.7581 0.3100 -0.5737
vn 0.7065 0.4113 -0.5759
vn 0.6317 0.2583 -0.7309
vn 0.3895 0.0532 -0.9195
vn 0.4019 0.3339 -0.8526
vn 0.2236 0.1768 -0.9585
vn -0.0557 0.4050 -0.9126
vn 0.4739 0.6647 -0.5776
vn 0.6474 0.5543 -0.5231
vn -0.0063 -0.0701 -0.9975
vn 0.1593 -0.1545 -0.9751
vn 0.9357 0.0637 -0.3470
vn 0.9792 -0.1228 -0.1614
vn 0.7023 -0.2666 -0.6601
vn 0.7537 -0.4724 -0.4568
vn 0.9578 -0.2512 -0.1397
vn 0.7127 -0.5915 -0.3771
vn 0.4807 0.6994 0.5289
vn 0.5733 0.5480 0.6091
vn 0.8500 0.5211 0.0770
vn 0.8698 0.4385 0.2262
vn 0.4733 0.6318 0.6139
vn 0.8589 0.3988 0.3212
vn 0.9058 0.3187 0.2793
vn 0.9168 -0.3940 -0.0649
vn 0.6286 -0.7371 -0.2480
vn 0.3113 -0.7897 -0.5287
vn 0.3336 -0.7179 -0.6110
vn 0.3200 -0.5117 -0.7973
vn 0.5315 -0.0075 -0.8470
vn 0.8023 0.2891 -0.5222
vn -0.3371 -0.7602 -0.5553
vn -0.2568 -0.6931 -0.6736
vn -0.3202 -0.7782 -0.5403
vn -0.7851 -0.5413 -0.3011
vn -0.6929 -0.6403 -0.3316
vn -0.3489 -0.5411 -0.7652
vn 0.1556 -0.2584 -0.9534
vn 0.3331 0.1231 -0.9348
vn 0.6496 0.3888 -0.6533
vn 0.7135 0.6432 -0.2779
vn 0.2124 -0.9728 0.0924
vn 0.8740 0.3046 -0.3786
vn 0.0284 -0.2043 -0.9785
vn 0.6222 0.1092 -0.7752
vn 0.5111 0.3584 -0.7812
vn -0.6850 -0.6851 -0.2479
vn -0.6604 -0.7392 -0.1320
vn -0.5817 -0.7888 -0.1985
vn -0.4680 -0.5216 -0.7134
vn -0.4478 -0.4947 -0.7448
vn -0.0115 -0.1508 -0.9885
vn 0.2453 0.0446 -0.9684
vn 0.6314 0.2615 -0.7300
vn -0.0783 -0.2288 -0.9703
vn 0.5162 0.1439 -0.8443
vn 0.2573 -0.0449 -0.9653
vn -0.0234 -0.2434 -0.9696
vn -0.2821 -0.3976 -0.8731
vn -0.6001 -0.5096 -0.6166
vn -0.6259 -0.3606 -0.6915
vn -0.6110 -0.7342 -0.2961
vn -0.5873 -0.2506 -0.7696
vn -0.6440 -0.6529 -0.3987
vn -0.5839 -0.2612 -0.7687
vn -0.6990 -0.6307 -0.3371
vn -0.7338 -0.6315 -0.2505
vn 0.3122 0.2010 -0.9285
vn 0.0659 0.1159 -0.9911
vn -0.1183 -0.0404 -0.9922
vn -0.4369 -0.3169 -0.8418
vn -0.5613 -0.1372 -0.8162
vn -0.4222 0.1575 -0.8927
vn -0.4258 0.1008 -0.8992
vn -0.3065 0.2484 -0.9189
vn -0.2912 0.2015 -0.9352
vn -0.2239 0.2928 -0.9296
vn -0.1613 0.3336 -0.9288
vn -0.2242 0.2875 -0.9312
vn -0.2003 0.3438 -0.9174
vn -0.3029 0.3247 -0.8960
vn -0.3911 0.1944 -0.8996
vn -0.2106 0.3438 -0.9151
vn -0.1475 0.4293 -0.8910
vn -0.2166 0.2783 -0.9357
vn -0.2576 0.2554 -0.9319
vn 0.3275 0.4741 -0.8173
vn -0.0361 0.4308 -0.9017
vn -0.1947 0.2585 -0.9462
vn -0.2612 0.2669 -0.9277
vn -0.1624 0.4229 -0.8915
vn -0.3461 -0.0871 -0.9341
vn -0.5660 0.2673 0.7799
vn -0.9146 0.0253 0.4035
vn -0.8694 -0.1095 0.4818
vn -0.5697 0.1103 0.8144
vn -0.2791 -0.7551 0.5933
vn 0.0067 -0.4662 0.8847
vn 0.0434 0.2340 0.9713
vn -0.0491 0.3883 0.9202
vn -0.7176 -0.6808 0.1469
vn -0.6577 -0.7307 0.1829
vn -0.4994 -0.6736 -0.5449
vn -0.8018 -0.5868 0.1133
vn -0.5542 -0.5718 -0.6049
vn -0.9536 -0.2981 -0.0417
vn -0.7675 -0.4425 -0.4638
vn -0.9761 -0.2105 -0.0542
vn -0.6974 -0.5905 -0.4062
vn -0.9444 -0.3224 0.0643
vn -0.4120 -0.8957 0.1674
vn -0.9048 -0.0683 0.4202
vn -0.5619 0.2089 0.8004
vn 0.2049 0.4060 0.8906
vn -0.7166 -0.3845 0.5820
vn -0.4132 -0.0697 0.9080
vn 0.2346 0.3303 0.9143
vn -0.3314 -0.1591 0.9300
vn -0.6171 -0.4745 0.6278
vn 0.8790 0.2951 0.3744
vn 0.7024 -0.4892 0.5170
vn 0.8390 0.2807 0.4662
vn 0.5462 -0.3917 0.7404
vn 0.6916 0.3228 0.6462
vn 0.4017 -0.2437 0.8828
vn 0.5244 0.3688 0.7674
vn 0.2068 -0.2114 0.9553
vn 0.4014 0.3875 0.8299
vn -0.0302 -0.2409 0.9701
vn 0.2808 0.4316 0.8572
vn -0.0964 -0.2128 0.9723
vn 0.2857 0.4127 0.8649
vn -0.2392 -0.1408 0.9607
vn -0.5328 -0.5315 0.6585
vn 0.6894 0.2516 -0.6793
vn 0.5819 -0.2519 -0.7733
vn 0.7984 0.2841 -0.5309
vn 0.8067 -0.3706 -0.4603
vn 0.9060 0.4233 -0.0030
vn 0.8868 -0.4594 0.0514
vn 0.9236 0.3113 0.2237
vn 0.7899 -0.4860 0.3739
vn -0.2168 -0.6501 0.7282
vn 0.0092 -0.6877 0.7259
vn 0.2985 -0.5354 0.7901
vn 0.3709 -0.6146 0.6962
vn 0.4648 -0.7677 0.4412
vn 0.4915 -0.8358 0.2448
vn -0.4368 -0.7068 -0.5564
vn -0.4628 -0.8450 0.2681
vn -0.3479 -0.6118 0.7104
vn 0.1324 -0.9225 0.3625
vn 0.2026 -0.7774 0.5954
vn 0.3087 -0.7146 0.6277
vn 0.2896 -0.8760 0.3856
vn -0.2435 -0.9222 0.3006
vn -0.3745 -0.8833 0.2820
vn -0.3802 -0.7535 -0.5364
vn 0.0666 -0.7695 0.6352
vn -0.0054 -0.9029 0.4299
vn 0.2227 -0.0563 0.9733
vn 0.5832 0.4600 0.6696
vn 0.5173 -0.5436 0.6610
vn 0.0618 -0.7002 0.7112
vn 0.1287 -0.6695 0.7316
vn 0.2180 -0.7353 0.6417
vn -0.0390 -0.5149 0.8563
vn 0.0392 0.0039 0.9992
vn -0.0860 0.1259 0.9883
vn 0.4962 0.5644 0.6598
vn -0.3223 0.5255 0.7874
vn 0.3931 0.6908 0.6068
vn -0.3515 0.6281 0.6942
vn -0.7355 0.2272 0.6383
vn -0.7845 0.3716 0.4964
vn 0.0694 -0.9375 0.3411
vn -0.4432 -0.7526 0.4871
vn -0.5440 -0.6225 0.5626
vn -0.2789 -0.3178 0.9062
vn -0.4375 -0.2474 0.8645
vn 0.1214 -0.8065 0.5786
vn 0.0457 -0.9822 -0.1824
vn -0.6267 -0.7031 -0.3359
vn -0.6644 -0.5357 0.5212
vn -0.9432 -0.1245 0.3081
vn -0.7180 0.6784 0.1554
vn -0.9454 0.3016 -0.1235
vn -0.9463 0.3045 -0.1082
vn -0.9335 -0.2079 -0.2922
vn -0.9676 0.2463 -0.0560
vn -0.8299 -0.4472 -0.3336
vn -0.9821 0.0579 0.1795
vn -0.8181 -0.5053 -0.2746
vn -0.3194 0.7088 0.6290
vn -0.7802 0.4358 0.4487
vn -0.7627 0.6162 0.1966
vn -0.2671 0.8598 0.4352
vn -0.2741 0.8867 0.3723
vn -0.7354 0.6664 0.1232
vn -0.9739 -0.0151 0.2266
vn -0.6987 -0.6240 -0.3500
vn -0.8905 -0.4175 -0.1809
vn 0.4452 0.7048 0.5523
vn 0.2292 0.8065 0.5450
vn -0.3103 0.8626 0.3995
vn -0.7561 0.3480 0.5543
vn -0.9704 0.0307 0.2396
vn -0.5241 -0.7571 0.3900
vn -0.2482 -0.4991 0.8302
vn 0.2822 0.6247 0.7281
vn -0.3692 0.5708 0.7334
vn 0.1486 -0.1543 0.9768
vn -0.2433 0.5084 0.8260
vn 0.0251 0.1760 0.9841
vn -0.6532 0.2089 0.7278
vn -0.3261 -0.2454 0.9129
vn 0.1477 0.0784 0.9859
vn -0.2081 -0.3428 0.9161
vn 0.3864 -0.4854 0.7843
vn 0.6656 0.4701 0.5796
vn 0.5712 0.5481 0.6110
vn 0.4715 0.6323 0.6147
vn -0.2989 0.6190 0.7263
vn -0.6947 0.4322 0.5749
vn 0.4415 -0.8505 0.2858
vn 0.1670 -0.9774 0.1294
vn 0.2844 -0.9407 -0.1851
vn -0.2280 -0.9335 -0.2768
vn 0.8834 -0.0640 0.4642
vn 0.6102 -0.6304 0.4797
vn 0.7363 -0.6693 0.0993
vn 0.5429 -0.8369 -0.0694
vn 0.2519 -0.9210 -0.2973
vn -0.1676 -0.9050 -0.3910
vn -0.5682 -0.7157 -0.4060
vn -0.5093 -0.8260 -0.2415
vn -0.0931 -0.9590 0.2675
vn 0.2664 -0.7689 0.5813
vn 0.5390 -0.3905 0.7463
vn 0.7372 0.2529 0.6265
vn 0.7429 0.4371 0.5070
vn 0.9432 -0.0116 0.3320
vn 0.8385 -0.5440 0.0314
vn 0.5800 -0.8010 -0.1486
vn 0.2545 -0.8818 -0.3971
vn -0.2233 -0.8393 -0.4957
vn -0.5801 -0.6600 -0.4774
vn -0.9276 -0.2533 -0.2747
vn -0.8781 -0.4538 -0.1518
vn -0.3352 -0.8171 0.4691
vn -0.8131 -0.4612 -0.3553
vn -0.0187 -0.5659 0.8242
vn 0.3287 -0.2185 0.9188
vn 0.3828 0.6112 0.6928
vn 0.3064 0.7767 0.5503
vn 0.7612 0.4636 0.4536
vn 0.9631 0.0816 0.2565
vn 0.5035 0.6677 0.5484
vn -0.6230 0.2361 0.7457
vn -0.2502 0.4769 0.8426
vn -0.2259 0.8394 0.4944
vn -0.7039 0.6426 0.3026
vn -0.9797 0.1942 0.0504
vn -0.9618 0.2643 -0.0710
vn -0.6783 0.7003 0.2225
vn -0.6619 0.7017 0.2636
vn -0.1778 0.8777 0.4451
vn -0.8766 -0.4563 -0.1527
vn -0.3308 -0.8208 0.4657
vn -0.8744 -0.1014 0.4745
vn -0.0184 -0.5662 0.8241
vn -0.8141 -0.4600 -0.3545
vn -0.9277 -0.2530 -0.2746
vn -0.9636 0.2654 -0.0307
vn -0.7866 -0.5399 -0.2995
vn -0.9605 0.2063 0.1865
vn 0.3266 -0.2173 0.9198
vn 0.3799 0.6132 0.6926
vn 0.3054 0.7772 0.5502
vn -0.1883 0.8560 0.4815
vn -0.5816 -0.7889 -0.1985
vn -0.6984 0.5386 0.4712
vn -0.9457 0.1294 0.2982
vn -0.9125 -0.0561 0.4051
vn -0.6930 -0.6402 -0.3314
vn -0.6594 -0.4787 0.5797
vn -0.6851 -0.6852 -0.2473
vn -0.5746 -0.6065 0.5496
vn -0.6605 -0.7385 -0.1357
vn -0.5326 -0.6954 0.4824
vn -0.0827 -0.8009 0.5931
vn 0.5036 0.6676 0.5483
vn -0.2533 0.7249 0.6406
vn 0.5801 0.1935 -0.7912
vn 0.5856 0.2377 -0.7749
vn 0.7721 0.4990 -0.3935
vn 0.6892 0.2509 -0.6798
vn 0.7574 0.5887 -0.2825
vn 0.7509 0.6073 0.2595
vn 0.6397 0.7198 0.2696
vn 0.3757 0.5903 0.7144
vn 0.5189 0.4894 0.7009
vn 0.7816 0.5657 0.2630
vn 0.7730 0.5049 -0.3841
vn 0.9128 0.3493 -0.2116
vn 0.7029 0.0675 -0.7081
vn 0.9720 -0.0465 0.2305
vn 0.8905 -0.3887 -0.2365
vn 0.7224 -0.6908 -0.0299
vn 0.5749 0.4313 0.6953
vn 0.8386 0.4672 0.2800
vn 0.7161 0.3108 0.6250
vn 0.7755 -0.3215 0.5433
vn 0.5280 0.1231 0.8403
vn 0.4265 -0.5915 0.6843
vn 0.2599 -0.0516 0.9643
vn 0.3732 0.2810 0.8842
vn 0.0906 0.1066 0.9902
vn 0.2670 0.3018 0.9152
vn -0.0187 0.0806 0.9966
vn -0.2213 0.0978 0.9703
vn 0.1005 0.3879 0.9162
vn -0.0766 0.4512 0.8891
vn 0.2074 0.6754 0.7077
vn 0.3961 -0.9048 0.1565
vn -0.4415 -0.8969 0.0234
vn -0.3250 -0.6872 0.6497
vn -0.1390 -0.2676 0.9534
vn -0.2594 -0.1840 0.9481
vn -0.3736 -0.2470 0.8941
vn -0.6072 -0.7934 -0.0413
vn -0.7169 -0.5316 0.4511
vn -0.6168 -0.2412 0.7493
vn -0.5852 -0.3292 0.7410
vn -0.6718 -0.5236 0.5240
vn -0.5109 -0.2234 0.8301
vn -0.6141 -0.5502 0.5658
vn -0.5988 -0.5811 0.5512
vn -0.6519 -0.7573 0.0386
vn -0.6598 -0.7514 0.0093
vn -0.4732 -0.8710 0.1318
vn -0.6088 -0.7920 -0.0456
vn -0.6095 -0.6330 0.4773
vn -0.5410 -0.6814 0.4930
vn -0.4389 -0.8574 0.2688
vn -0.5518 -0.6367 0.5387
vn -0.4910 -0.7979 0.3497
vn -0.5388 -0.6080 0.5831
vn -0.4682 -0.7850 0.4057
vn -0.4684 -0.6740 0.5713
vn -0.5800 -0.2310 0.7812
vn -0.5711 -0.3162 0.7575
vn -0.5467 -0.3683 0.7520
vn -0.4155 -0.4632 0.7828
vn -0.3854 0.1152 0.9155
vn -0.4272 0.0373 0.9034
vn -0.4619 0.0082 0.8869
vn -0.4931 0.0372 0.8692
vn -0.5377 0.1377 0.8318
vn -0.4076 0.0248 0.9128
vn -0.1029 -0.1108 0.9885
vn -0.1850 -0.4554 0.8709
vn 0.0468 -0.1684 0.9846
vn 0.0727 0.3185 0.9451
vn -0.2560 0.4876 0.8347
vn -0.4063 0.4168 0.8131
vn -0.2753 0.4080 0.8705
vn -0.2412 0.3944 0.8867
vn -0.1407 0.4105 0.9009
vn 0.1220 0.6393 0.7593
vn -0.1137 0.7404 0.6625
vn -0.0959 0.7122 0.6954
vn 0.0312 0.6683 0.7432
vn 0.4490 0.7957 0.4066
vn 0.2995 0.8252 0.4789
vn 0.1108 0.8865 0.4493
vn 0.0241 0.8888 0.4577
vn -0.0795 0.8573 0.5086
vn 0.4995 0.7989 0.3351
vn 0.7182 0.6804 -0.1456
vn 0.6985 0.7093 0.0949
vn 0.5416 0.8135 0.2120
vn 0.2387 0.9282 0.2853
vn 0.1052 0.9278 0.3580
vn 0.0203 0.8956 0.4443
vn 0.1412 0.8386 0.5261
vn 0.2093 0.9478 0.2405
vn 0.3264 0.9120 0.2484
vn 0.5933 0.7687 0.2389
vn 0.9058 0.4237 -0.0027
vn 0.7985 0.2847 -0.5304
vn 0.9230 0.3130 0.2238
vn 0.6426 0.7274 0.2406
vn 0.8796 0.2926 0.3750
vn 0.6512 0.7181 0.2455
vn 0.4744 0.8751 0.0957
vn 0.3918 0.9145 0.1006
vn 0.3878 0.9090 0.1525
vn 0.1025 0.9489 0.2983
vn 0.2085 0.9328 0.2940
vn 0.2455 0.9614 0.1242
vn 0.2186 0.9725 -0.0799
vn 0.2298 0.9208 -0.3150
vn 0.2298 0.8944 -0.3837
vn 0.3901 0.8714 -0.2975
vn 0.4110 0.9095 -0.0617
vn 0.4107 0.9020 0.1329
vn -0.0067 0.6530 -0.7574
vn 0.0916 0.8191 -0.5663
vn 0.1839 0.8577 -0.4801
vn 0.3459 0.8403 -0.4175
vn 0.4339 0.8539 -0.2873
vn 0.4661 0.8839 -0.0379
vn 0.4584 0.8799 0.1248
vn 0.3509 0.8925 0.2834
vn 0.3157 0.7013 0.6391
vn 0.4082 0.6203 0.6698
vn 0.3742 0.8226 -0.4282
vn 0.2958 0.7998 -0.5223
vn 0.0226 -0.4426 0.8964
vn 0.0519 -0.2638 0.9632
vn 0.2753 -0.2123 0.9376
vn -0.1289 -0.9024 -0.4112
vn 0.3379 -0.8829 -0.3261
vn 0.3213 -0.9396 -0.1179
vn -0.2770 -0.7709 -0.5736
vn 0.3333 -0.7592 -0.5591
vn 0.7667 -0.5180 -0.3793
vn 0.7026 -0.6938 -0.1582
vn 0.6056 -0.7947 0.0411
vn 0.5659 -0.8183 0.1008
vn 0.3166 -0.9458 -0.0720
vn -0.1693 -0.9443 -0.2823
vn -0.5692 -0.6810 -0.4606
vn 0.9812 -0.1680 -0.0946
vn 0.9848 0.0145 -0.1728
vn 0.7737 -0.3720 -0.5129
vn 0.3285 -0.6480 -0.6871
vn -0.3285 -0.7243 -0.6062
vn -0.8178 -0.5056 -0.2749
vn -0.8305 -0.4464 -0.3331
vn -0.9334 -0.2084 -0.2922
vn -0.5428 -0.7616 -0.3541
vn -0.1969 -0.9664 -0.1651
vn 0.0646 -0.9857 0.1557
vn 0.3486 -0.8352 0.4254
vn 0.4216 -0.3423 0.8397
vn 0.5503 -0.5561 0.6228
vn 0.6544 0.2707 0.7060
vn 0.0836 -0.7372 0.6705
vn -0.2618 -0.9323 0.2496
vn -0.5020 -0.8418 -0.1985
vn -0.8906 -0.4173 -0.1809
vn -0.5268 -0.7547 0.3911
vn -0.2510 -0.4967 0.8308
vn 0.1462 -0.1525 0.9774
vn 0.2826 0.6243 0.7282
vn 0.2267 0.8075 0.5446
vn 0.5841 0.4606 0.6684
vn 0.4948 0.5642 0.6610
vn 0.8334 0.5349 0.1390
vn 0.8085 0.5837 0.0747
vn 0.7136 0.4889 -0.5017
vn 0.3936 0.1536 -0.9064
vn 0.4187 0.2107 -0.8833
vn 0.8513 0.3267 -0.4106
vn 0.5875 0.0093 -0.8092
vn 0.7683 -0.5989 0.2257
vn 0.8126 -0.0609 0.5797
vn 0.6817 0.4766 0.5551
vn 0.7139 0.4984 0.4919
vn 0.4443 0.7052 0.5525
vn 0.8994 0.3399 0.2748
vn 0.3953 0.6903 0.6060
vn 0.8589 0.4350 0.2704
vn 0.8685 0.4533 0.2004
vn 0.9549 0.0995 -0.2799
vn 0.7128 -0.2130 -0.6683
vn 0.9392 0.0694 0.3364
vn 0.8984 -0.0210 0.4387
vn 0.8468 -0.4870 0.2140
vn 0.9146 -0.3924 0.0975
vn -0.2878 -0.4874 -0.8244
vn -0.3829 -0.4613 -0.8004
vn -0.6272 -0.7035 -0.3342
vn -0.2955 -0.4957 -0.8167
vn -0.6963 -0.6245 -0.3539
vn -0.2331 -0.6520 -0.7215
vn 0.3162 -0.4842 -0.8158
vn 0.1872 -0.2358 -0.9536
vn 0.0219 -0.1070 -0.9940
vn 0.0717 -0.1683 -0.9831
vn 0.1241 -0.1731 -0.9771
vn -0.0537 -0.3225 -0.9451
vn 0.0650 0.0662 -0.9957
vn -0.2177 0.2326 -0.9479
vn -0.1531 0.4362 -0.8868
vn -0.0402 0.5695 -0.8210
vn -0.2402 -0.2417 -0.9402
vn 0.1173 0.8152 -0.5671
vn -0.0064 0.7120 -0.7021
vn -0.0657 0.5651 -0.8224
vn 0.0761 0.7228 -0.6869
vn -0.0669 0.5979 -0.7988
vn 0.0174 0.6176 -0.7863
vn 0.1209 0.6771 -0.7259
vn 0.2040 0.7713 -0.6029
vn 0.3130 0.7886 -0.5293
vn 0.2284 0.7339 -0.6397
vn -0.2458 0.3072 -0.9194
vn -0.1533 0.4351 -0.8872
vn -0.1558 0.4559 -0.8763
vn -0.0505 0.4935 -0.8683
vn 0.0561 0.5780 -0.8141
vn 0.1487 0.6378 -0.7557
vn -0.1038 0.3656 -0.9249
vn -0.0092 0.4687 -0.8833
vn -0.3818 0.0530 -0.9227
vn -0.2276 0.1987 -0.9533
vn -0.2262 0.1725 -0.9587
vn -0.0895 0.3441 -0.9347
vn 0.0048 0.4601 -0.8878
vn 0.1119 0.5711 -0.8132
vn -0.3362 0.0179 -0.9416
vn -0.3374 0.0023 -0.9414
vn -0.2402 0.0882 -0.9667
vn -0.0411 0.3275 -0.9440
vn -0.5892 -0.3157 -0.7438
vn -0.6046 -0.3817 -0.6991
vn -0.4120 -0.1341 -0.9012
vn -0.2551 0.0308 -0.9664
vn -0.4248 -0.7494 -0.5079
vn -0.4412 -0.6518 -0.6169
vn -0.3958 -0.8643 -0.3105
vn -0.4133 -0.8486 -0.3302
vn -0.5099 -0.5591 -0.6538
vn -0.4093 -0.4328 -0.8032
vn -0.4444 -0.3470 -0.8259
vn -0.5014 -0.8049 -0.3173
vn -0.5974 -0.4735 -0.6472
vn -0.6031 -0.7460 -0.2824
vn -0.6867 -0.6772 -0.2641
vn 0.2938 -0.3621 0.8846
vn 0.5552 0.0246 0.8313
vn 0.3034 -0.4611 0.8339
vn 0.5093 0.0504 0.8591
vn 0.6975 0.4338 0.5704
vn 0.6410 0.4892 0.5914
vn 0.2316 -0.4166 0.8791
vn 0.2237 -0.3024 0.9266
vn 0.4271 0.1001 0.8987
vn 0.5843 0.5583 0.5889
vn 0.6057 0.7936 0.0582
vn 0.6521 0.7558 0.0595
vn 0.7530 0.6572 -0.0333
vn 0.8236 0.2616 0.5032
vn 0.6515 -0.0913 0.7531
vn 0.3422 -0.5363 0.7715
vn -0.1105 -0.7869 0.6071
vn -0.1299 -0.6833 0.7185
vn -0.1428 -0.6709 0.7277
vn 0.1387 -0.3074 0.9414
vn 0.3912 0.0815 0.9167
vn 0.5649 0.5763 0.5906
vn 0.5479 0.8338 0.0669
vn 0.4283 0.8202 -0.3793
vn 0.5021 0.7724 -0.3888
vn 0.5412 0.7586 -0.3629
vn -0.1403 -0.6917 0.7084
vn 0.3445 0.8603 -0.3759
vn 0.5252 0.8435 0.1124
vn 0.5330 0.6196 0.5761
vn 0.3541 0.0750 0.9322
vn 0.1598 -0.3061 0.9385
vn -0.0221 -0.5720 0.8200
vn -0.1838 -0.7680 0.6135
vn -0.0285 -0.6274 0.7782
vn -0.1535 -0.7328 0.6629
vn 0.8325 -0.5530 -0.0344
vn 0.8915 -0.4426 -0.0964
vn 0.8771 -0.2881 -0.3842
vn 0.8565 -0.2639 -0.4435
vn 0.8992 -0.3231 -0.2950
vn 0.7795 -0.6246 -0.0465
vn 0.8809 -0.3415 -0.3277
vn 0.8761 -0.3636 -0.3165
vn 0.8917 -0.3426 -0.2957
vn 0.9766 -0.1578 0.1463
vn 0.9642 0.2109 -0.1606
vn 0.9501 0.2470 -0.1908
vn 0.6421 0.5460 -0.5381
vn 0.6414 0.5605 -0.5238
vn 0.3069 0.6792 -0.6667
vn 0.1681 0.6100 -0.7744
vn -0.0579 0.6199 -0.7825
vn -0.2568 0.5658 -0.7836
vn -0.2512 0.5490 -0.7972
vn -0.6013 0.4275 -0.6750
vn -0.6137 0.3929 -0.6848
vn -0.8832 0.1334 -0.4496
vn -0.8931 0.0816 -0.4424
vn -0.9631 -0.2425 -0.1166
vn -0.9510 -0.2994 -0.0771
vn -0.6995 -0.6254 0.3458
vn -0.7124 -0.6104 0.3463
vn -0.9403 -0.3256 -0.0989
vn -0.7158 -0.6210 0.3194
vn -0.6930 -0.6488 0.3144
vn -0.9565 -0.2694 -0.1121
vn -0.8606 0.1844 -0.4747
vn -0.5819 0.4857 -0.6523
vn -0.2624 0.6319 -0.7293
vn 0.2566 0.7234 -0.6410
vn 0.6440 0.5839 -0.4944
vn 0.9448 0.2480 -0.2140
vn 0.9796 -0.1691 0.1086
vn 0.7464 -0.5186 0.4171
vn -0.2672 -0.5608 -0.7837
vn -0.2226 -0.8236 0.5217
vn 0.1654 -0.6038 -0.7798
vn 0.1918 -0.9147 0.3558
vn 0.7229 -0.6900 -0.0354
vn 0.7475 -0.6309 0.2081
vn 0.9866 -0.1445 -0.0754
vn 0.9796 -0.1788 0.0916
vn 0.9390 0.2460 -0.2402
vn 0.9417 0.2479 -0.2275
vn 0.6108 0.5701 -0.5495
vn 0.2427 0.6802 -0.6917
vn -0.1996 0.6207 -0.7582
vn -0.2210 -0.8023 0.5545
vn 0.2434 -0.8135 0.5281
vn 0.7245 -0.5299 0.4408
vn 0.9826 -0.1622 0.0900
vn -0.2143 -0.7785 0.5899
vn 0.2957 -0.7107 0.6383
vn -0.2207 -0.7758 0.5911
vn -0.2136 -0.7790 0.5895
vn 0.2951 -0.7292 0.6174
vn 0.7435 -0.5168 0.4244
vn -0.2045 -0.7521 0.6266
vn 0.3268 -0.7345 0.5947
vn 0.7363 -0.4996 0.4564
vn 0.2994 -0.6961 0.6525
vn 0.2895 -0.6623 0.6911
vn -0.2108 -0.7300 0.6502
vn 0.2623 -0.6275 0.7331
vn -0.2405 -0.7256 0.6447
vn 0.2702 -0.5841 0.7654
vn -0.1333 -0.7380 0.6615
vn -0.0526 -0.7601 0.6477
vn -0.0967 -0.7341 0.6721
vn -0.0815 -0.7384 0.6694
vn 0.8365 0.5332 -0.1265
vn 0.9095 0.1355 0.3930
vn 0.7084 -0.2269 0.6683
vn 0.7171 -0.2809 0.6379
vn 0.7479 -0.3759 0.5471
vn 0.7500 -0.4427 0.4915
vn 0.9690 -0.1404 0.2033
vn 0.0265 0.5066 -0.8618
vn 0.3216 0.6325 -0.7047
vn 0.5322 0.6096 -0.5875
vn 0.9619 0.2416 -0.1281
vn 0.9672 -0.0825 0.2403
vn 0.9333 0.0445 0.3564
vn 0.9175 0.3795 -0.1192
vn 0.4849 0.6544 -0.5802
vn 0.5866 0.6449 -0.4899
vn 0.0779 0.6756 -0.7331
vn 0.1024 0.6691 -0.7361
vn 0.1989 0.6398 -0.7424
vn 0.2032 0.7094 -0.6749
vn 0.2534 0.6704 -0.6974
vn -0.0521 0.5612 -0.8261
vn -0.1046 0.5797 -0.8081
vn -0.1261 0.5776 -0.8065
vn -0.2915 0.5711 -0.7674
vn -0.2601 0.5005 -0.8257
vn -0.2940 0.5254 -0.7985
vn -0.6656 0.3042 -0.6815
vn -0.7336 0.2583 -0.6286
vn -0.9323 -0.0229 -0.3610
vn -0.9232 -0.0004 -0.3843
vn -0.9377 -0.3217 -0.1311
vn -0.9139 0.0059 -0.4059
vn -0.7033 0.3090 -0.6402
vn -0.7550 0.2851 -0.5905
vn -0.3010 0.4735 -0.8278
vn -0.4128 0.4830 -0.7722
vn 0.8648 -0.0323 -0.5010
vn 0.7810 -0.0889 -0.6182
vn -0.0089 0.5815 -0.8135
vn -0.1452 0.3971 -0.9062
vn -0.0853 0.4616 -0.8830
vn -0.2289 0.2228 -0.9476
vn -0.1094 0.4205 -0.9007
vn -0.2971 0.1036 -0.9492
vn -0.3145 0.0387 -0.9485
vn -0.0930 0.4332 -0.8965
vn -0.3235 0.0205 -0.9460
vn -0.1010 0.4608 -0.8817
vn -0.3438 0.0418 -0.9381
vn -0.0941 0.4734 -0.8758
vn -0.3364 0.0079 -0.9417
vn -0.1852 0.3752 -0.9083
vn -0.3708 -0.0539 -0.9271
vn -0.1526 0.4586 -0.8755
vn -0.3782 0.0698 -0.9231
vn -0.6090 -0.3823 -0.6950
vn 0.8698 -0.3152 -0.3796
vn 0.6488 -0.0685 -0.7579
vn -0.2154 0.2295 -0.9492
vn -0.3203 0.0417 -0.9464
vn -0.4111 -0.1531 -0.8987
vn -0.5289 -0.5170 -0.6730
vn -0.5169 -0.5144 -0.6843
vn -0.5080 -0.5116 -0.6930
vn -0.5260 -0.5109 -0.6799
vn -0.5093 -0.4529 -0.7317
vn -0.5438 -0.8059 -0.2342
vn -0.5170 -0.8312 -0.2045
vn -0.5194 -0.8310 -0.1990
vn -0.5097 -0.8352 -0.2066
vn -0.6485 -0.7086 -0.2781
vn -0.6721 -0.6975 -0.2487
vn -0.4160 -0.8725 0.2562
vn -0.3911 -0.8749 0.2858
vn -0.3864 -0.8832 0.2659
vn -0.5689 -0.8176 0.0883
vn -0.5753 -0.8071 0.1329
vn -0.6095 -0.7831 0.1236
vn -0.7912 -0.5835 -0.1832
vn -0.8438 -0.5322 -0.0691
vn -0.6121 -0.7739 0.1624
vn -0.6492 -0.7503 0.1250
vn -0.3619 -0.8446 0.3945
vn -0.4229 -0.8002 0.4252
vn -0.1384 -0.7408 0.6573
vn -0.2477 -0.7261 0.6414
vn -0.3991 -0.8284 0.3931
vn -0.0513 -0.7595 0.6485
vn -0.0929 -0.7318 0.6752
vn -0.3832 -0.8355 0.3938
vn -0.2692 -0.8388 0.4732
vn -0.3800 -0.8896 0.2533
vn -0.4120 -0.8977 0.1560
vn -0.3567 -0.9027 0.2405
vn -0.2796 -0.8344 0.4749
vn 0.7736 -0.5990 -0.2066
vn 0.7799 -0.6242 -0.0464
vn -0.1566 -0.7356 0.6590
vn -0.1907 -0.7739 0.6039
vn -0.1394 -0.6908 0.7095
vn -0.1407 -0.6690 0.7299
vn -0.1301 -0.6834 0.7184
vn -0.1104 -0.7869 0.6071
vn -0.0808 -0.7380 0.6700
vn 0.8771 -0.3573 -0.3211
vn 0.8615 -0.3781 -0.3389
vn 0.8943 -0.2934 -0.3379
vn 0.8611 -0.3782 -0.3399
vn 0.8596 -0.3813 -0.3402
vn 0.8585 -0.3840 -0.3399
vn 0.8735 -0.3547 -0.3334
vn 0.5685 -0.7582 -0.3193
vn 0.4624 -0.7962 -0.3902
vn 0.9040 -0.2258 -0.3631
vn 0.8789 -0.2831 -0.3840
vn 0.8517 -0.3855 -0.3550
vn 0.8820 -0.3570 -0.3075
vn 0.8784 -0.3434 -0.3324
vn 0.7181 -0.6307 -0.2941
vn -0.4523 -0.8917 -0.0188
vn -0.4618 -0.8868 -0.0178
vn -0.5076 -0.8380 -0.2001
vn 0.2913 -0.5816 -0.7595
vn -0.3817 -0.1821 -0.9062
vn 0.3383 -0.3878 -0.8574
vn -0.5119 -0.5114 -0.6902
vn -0.4852 -0.3887 -0.7832
vn -0.5317 -0.7660 -0.3613
vn -0.5075 -0.7704 -0.3858
vn -0.5192 -0.8121 -0.2664
vn 0.4248 -0.7293 -0.5364
vn 0.4328 -0.2265 -0.8726
vn 0.6926 -0.3838 -0.6108
vn 0.7640 -0.4409 -0.4711
vn 0.5356 -0.1285 -0.8346
vn 0.7277 -0.3137 -0.6099
vn 0.7728 -0.2695 -0.5746
vn 0.8062 -0.2283 -0.5459
vn 0.8531 -0.4100 -0.3227
vn 0.8657 -0.3639 -0.3438
vn 0.8623 -0.3434 -0.3721
vn 0.8766 -0.3461 -0.3343
vn 0.8772 -0.3140 -0.3632
vn 0.8769 -0.3326 -0.3471
vn 0.8978 -0.3051 -0.3176
vn 0.9077 -0.3043 -0.2889
vn 0.9043 -0.2927 -0.3109
vn 0.8910 -0.3400 -0.3010
vn 0.8905 -0.3290 -0.3142
vn 0.8549 -0.3984 -0.3322
vn 0.8014 -0.3037 -0.5153
vn 0.8907 -0.3356 -0.3068
vn 0.7632 -0.3314 -0.5548
vn 0.8881 -0.3241 -0.3260
vn 0.9034 -0.2937 -0.3125
vn 0.7383 -0.3716 -0.5629
vn 0.8853 -0.3159 -0.3411
vn 0.7312 -0.4756 -0.4890
vn 0.8892 -0.3312 -0.3157
vn 0.8003 -0.4584 -0.3866
vn 0.9471 -0.0457 -0.3177
vn 0.9102 0.0223 -0.4136
vn 0.9355 -0.2043 -0.2884
vn 0.9161 -0.2755 -0.2914
vn 0.8905 -0.3157 -0.3275
vn 0.8986 -0.3279 -0.2916
vn 0.9124 -0.3666 -0.1819
vn 0.0849 -0.4362 0.8958
vn 0.3692 0.0621 0.9273
vn 0.4365 0.2966 0.8494
vn 0.3297 0.0320 0.9435
vn 0.2664 -0.0966 0.9590
vn 0.2718 -0.1366 0.9526
vn 0.0740 -0.4106 0.9088
vn 0.4552 0.3216 0.8303
vn 0.4845 0.6018 0.6349
vn 0.4953 0.8012 0.3358
vn 0.4222 0.9065 0.0010
vn 0.2617 0.9077 -0.3280
vn 0.1468 0.7850 -0.6018
vn 0.5063 0.5425 0.6704
vn 0.5298 0.7808 0.3310
vn 0.4621 0.8858 0.0425
vn 0.2940 0.9003 -0.3209
vn 0.2111 0.8239 -0.5259
vn 0.0116 0.6040 -0.7969
vn 0.1432 0.7604 -0.6334
vn 0.1625 0.7435 -0.6487
vn 0.1472 0.7431 -0.6527
vn 0.1223 0.7150 -0.6884
vn 0.3181 0.8741 -0.3671
vn 0.5037 0.8599 0.0828
vn 0.3210 0.8738 -0.3653
vn 0.8769 0.2807 -0.3902
vn 0.6727 0.5653 -0.4773
vn 0.6647 0.5413 -0.5150
vn 0.8787 -0.1478 -0.4539
vn 0.9443 0.2626 -0.1983
vn 0.6335 0.5483 -0.5459
vn 0.2879 0.6194 -0.7304
vn 0.3355 0.6141 -0.7144
vn 0.3317 0.6566 -0.6774
vn -0.7440 0.3256 -0.5834
vn -0.6633 0.3058 -0.6830
vn -0.9108 0.0421 -0.4106
vn -0.4802 0.4142 -0.7732
vn -0.5361 0.4681 -0.7025
vn -0.1741 0.5607 -0.8095
vn -0.1338 0.6214 -0.7720
vn -0.1802 0.5743 -0.7985
vn -0.1691 0.5981 -0.7834
vn 0.2664 0.6201 -0.7379
vn 0.5941 0.5359 -0.5999
vn 0.9487 0.2354 -0.2109
vn 0.9757 -0.1535 -0.1562
vn 0.5504 -0.5106 -0.6606
vn -0.5191 0.4517 -0.7256
vn -0.5382 0.4490 -0.7133
vn -0.7576 0.2362 -0.6085
vn -0.8774 -0.0321 -0.4787
vn -0.8433 -0.2491 -0.4763
vn -0.8864 -0.3183 -0.3362
vn -0.6030 -0.4838 -0.6343
vn -0.5536 0.4745 -0.6843
vn -0.7976 0.2061 -0.5669
vn -0.9280 -0.2288 -0.2942
vn -0.6865 -0.7067 0.1712
vn -0.2672 -0.5605 -0.7839
vn -0.2251 -0.8237 0.5204
vn -0.6941 -0.6673 0.2699
vn -0.2230 -0.8022 0.5538
vn -0.7044 -0.6524 0.2796
vn -0.2182 -0.7785 0.5885
vn -0.7194 -0.6295 0.2937
vn -0.2148 -0.7760 0.5930
vn -0.2146 -0.7790 0.5891
vn -0.9450 -0.2641 -0.1928
vn -0.8124 0.2139 -0.5424
vn -0.9572 -0.2347 -0.1695
vn -0.7954 -0.2199 -0.5648
vn -0.9093 -0.0878 -0.4067
vn -0.9077 -0.3992 -0.1290
vn -0.7897 -0.6080 0.0826
vn -0.2135 -0.7298 0.6494
vn -0.1999 -0.7522 0.6279
vn -0.0254 0.5580 -0.8294
vn -0.5340 0.2543 -0.8063
vn -0.3179 -0.9467 -0.0514
vn -0.3281 -0.9116 -0.2478
vn -0.3394 -0.9400 -0.0352
vn -0.3422 -0.9052 -0.2520
vn -0.3762 -0.8146 -0.4415
vn -0.3949 -0.7928 -0.4642
vn -0.3990 -0.5614 -0.7250
vn 0.5499 -0.7748 -0.3119
vn 0.4395 -0.8118 -0.3844
vn 0.4097 -0.7432 -0.5290
vn 0.8858 -0.3262 -0.3301
vn 0.8502 -0.4050 -0.3363
vn 0.8557 -0.3915 -0.3384
vn 0.7476 -0.4572 -0.4818
vn 0.2689 -0.5972 -0.7556
vn -0.4280 -0.5109 -0.7455
vn -0.3892 -0.1863 -0.9021
vn -0.4348 -0.1738 -0.8836
vn -0.3569 0.0759 -0.9310
vn -0.3825 0.1019 -0.9183
vn -0.3280 0.2839 -0.9010
vn 0.7403 0.6522 -0.1632
vn 0.8202 0.5580 0.1260
vn 0.8319 0.5094 0.2200
vn 0.8619 0.3282 0.3866
vn 0.6761 -0.4072 -0.6140
vn 0.3296 -0.4039 -0.8533
vn 0.7287 -0.2513 0.6371
vn 0.7647 -0.2949 -0.5729
vn 0.6719 -0.4176 0.6117
vn 0.8052 -0.2595 -0.5332
vn 0.6110 -0.5720 0.5472
vn 0.5582 -0.6906 0.4598
vn 0.8671 -0.3046 -0.3941
vn 0.5015 -0.8101 0.3038
vn 0.7931 -0.0633 0.6058
vn 0.7180 -0.3391 -0.6078
vn 0.5335 -0.1510 -0.8322
vn 0.6485 -0.0930 -0.7555
vn 0.7820 -0.1115 -0.6133
vn 0.4256 -0.2456 -0.8709
vn -0.3278 0.2918 -0.8986
vn -0.2313 0.4632 -0.8555
vn -0.1764 0.6415 -0.7465
vn 0.8631 -0.0597 -0.5015
vn 0.8929 -0.3286 -0.3079
vn 0.4213 -0.9057 0.0477
vn -0.2486 0.4585 -0.8532
vn -0.1753 0.6550 -0.7350
vn -0.0180 0.7994 -0.6005
vn 0.9105 -0.0075 -0.4135
vn 0.8812 -0.3669 -0.2979
vn 0.3377 -0.9087 -0.2453
vn 0.8502 -0.4141 -0.3251
vn 0.7782 -0.4940 -0.3878
vn 0.9457 -0.0764 -0.3160
vn 0.1747 0.9258 -0.3353
vn -0.0182 0.8192 -0.5732
vn 0.3293 0.9419 0.0671
vn 0.1646 0.9338 -0.3178
vn 0.3298 0.9420 0.0626
vn 0.3879 0.8532 0.3486
vn 0.2845 -0.8432 -0.4563
vn 0.7147 -0.5014 -0.4877
vn 0.2669 -0.6950 -0.6676
vn 0.9296 -0.2317 -0.2865
vn 0.9082 -0.3026 -0.2890
vn 0.4172 0.8364 0.3555
vn 0.4478 0.6250 0.6394
vn 0.4289 0.6413 0.6362
vn 0.3900 0.2916 0.8734
vn 0.8825 -0.3424 -0.3224
vn 0.7311 -0.3961 -0.5556
vn 0.2525 -0.4275 -0.8680
vn 0.7582 -0.3582 -0.5448
vn 0.2689 -0.2533 -0.9293
vn 0.3139 -0.0775 -0.9463
vn 0.8036 -0.3322 -0.4939
vn 0.9021 -0.3939 -0.1764
vn 0.8486 -0.2912 -0.4418
vn 0.8888 -0.3552 -0.2896
vn 0.3202 0.0852 0.9435
vn 0.3584 0.2859 0.8887
vn 0.0061 -0.6089 0.7932
vn 0.1087 -0.4179 0.9020
vn 0.0827 -0.4148 0.9062
vn 0.2421 -0.1362 0.9606
vn 0.2389 -0.1388 0.9611
vn 0.3087 0.0901 0.9469
vn -0.0620 -0.7416 0.6680
vn 0.0149 -0.6229 0.7822
vn 0.8789 -0.4683 -0.0911
vn -0.2990 -0.9326 0.2020
vn -0.3126 -0.9494 -0.0307
vn -0.3385 -0.9405 -0.0284
vn -0.2349 -0.8661 0.4412
vn -0.3004 -0.9232 0.2395
vn 0.7014 -0.6518 -0.2885
vn 0.5498 -0.7746 -0.3128
vn 0.8965 -0.2555 -0.3619
vn 0.8850 -0.3272 -0.3312
vn 0.3939 0.1928 -0.8987
vn 0.8724 -0.3275 -0.3628
vn 0.8185 -0.5737 -0.0307
vn -0.0725 -0.7576 0.6487
vn -0.2379 -0.8546 0.4616
vn 0.7555 -0.6236 -0.2007
vn 0.8652 -0.3374 -0.3711
vn 0.6365 0.6230 -0.4547
vn 0.7401 0.6523 -0.1633
vn 0.5191 0.4662 -0.7163
vn 0.5894 0.5949 -0.5465
vn 0.8709 -0.3651 -0.3291
vn 0.7623 -0.6460 -0.0409
vn 0.4291 0.3304 -0.8406
vn 0.6649 -0.4046 0.6279
vn 0.6879 -0.4209 0.5913
vn 0.6079 -0.5559 0.5669
vn 0.6234 -0.5749 0.5299
vn 0.5552 -0.6737 0.4878
vn 0.5480 -0.6900 0.4728
vn 0.5026 -0.7945 0.3408
vn 0.4892 -0.8133 0.3151
vn 0.4144 -0.9076 0.0672
vn 0.4062 -0.9127 0.0446
vn 0.3356 -0.9125 -0.2341
vn 0.3241 -0.9171 -0.2322
vn 0.2746 -0.8521 -0.4456
vn 0.2713 -0.8418 -0.4667
vn 0.2526 -0.6950 -0.6731
vn 0.2668 -0.6949 -0.6678
vn 0.2742 -0.4408 -0.8547
vn 0.2520 -0.3966 -0.8827
vn 0.2667 -0.2470 -0.9316
vn 0.2576 -0.2342 -0.9374
vn 0.2895 -0.0977 -0.9522
vn 0.3059 -0.0402 -0.9512
vn 0.4008 0.1983 -0.8944
vn 0.5631 0.4171 -0.7134
vn 0.4205 0.3376 -0.8421
vn 0.5173 0.4654 -0.7182
vn 0.5788 0.6018 -0.5503
vn 0.6357 0.6216 -0.4577
vn 0.7447 0.6452 -0.1707
vn 0.7283 0.6674 -0.1554
vn 0.8647 0.4035 0.2992
vn 0.8200 0.5583 0.1258
vn 0.8334 0.5093 0.2145
vn 0.8627 0.3322 0.3814
vn 0.7871 -0.0341 0.6158
vn 0.8032 -0.0572 0.5930
vn 0.7224 -0.2357 0.6501
vn 0.7420 -0.2395 0.6261
vn 0.5307 -0.6829 0.5020
vn 0.5936 -0.6189 0.5144
vn 0.5389 -0.6226 0.5673
vn 0.2132 -0.8148 -0.5390
vn 0.2989 -0.7931 -0.5308
vn 0.2497 -0.8437 -0.4751
vn 0.2511 -0.8418 -0.4779
vn 0.2513 -0.7864 -0.5642
vn 0.2419 -0.8991 -0.3648
vn 0.4032 -0.8808 0.2482
vn 0.3966 -0.9103 0.1181
vn 0.4755 -0.8125 0.3372
vn 0.4797 -0.8028 0.3541
vn -0.1407 0.6078 -0.7815
vn 0.3690 0.8360 -0.4062
vn 0.3330 0.6459 -0.6869
vn -0.7438 0.3256 -0.5838
vn -0.9068 0.0643 -0.4166
vn -0.7787 0.3671 -0.5088
vn -0.5539 0.4725 -0.6856
vn -0.5712 0.4344 -0.6965
vn -0.1457 0.6393 -0.7550
vn -0.6020 -0.4820 -0.6366
vn -0.4475 -0.4016 -0.7990
vn -0.8391 -0.2426 -0.4869
vn -0.8422 -0.2505 -0.4775
vn -0.9010 0.0425 -0.4318
vn -0.2686 -0.5642 -0.7807
vn -0.2333 -0.3659 -0.9009
vn 0.1271 -0.3332 -0.9342
vn 0.1650 -0.6069 -0.7775
vn 0.5537 0.6669 -0.4987
vn 0.6565 0.5562 -0.5096
vn 0.3269 0.6499 -0.6861
vn 0.8807 -0.1482 -0.4499
vn 0.4350 -0.4746 -0.7652
vn 0.5557 -0.5075 -0.6585
vn 0.8140 -0.0927 -0.5735
vn 0.9063 0.1609 -0.3909
vn 0.8762 0.2805 -0.3919
vn 0.7002 0.5064 -0.5033
vt 0.691406 0.965424
vt 0.658203 0.965454
vt 0.691406 0.918762
vt 0.657715 0.918762
vt 0.623535 0.965454
vt 0.624512 0.918701
vt 0.591309 0.965210
vt 0.591309 0.918396
vt 0.624512 0.871826
vt 0.591309 0.871582
vt 0.591309 0.820068
vt 0.625000 0.820068
vt 0.590820 0.771484
vt 0.624512 0.771606
vt 0.589355 0.719238
vt 0.624023 0.720215
vt 0.588379 0.679688
vt 0.622559 0.664551
vt 0.587891 0.635498
vt 0.622559 0.612305
vt 0.620605 0.567383
vt 0.654785 0.609375
vt 0.655762 0.662354
vt 0.656250 0.718750
vt 0.656738 0.770874
vt 0.657227 0.820068
vt 0.657715 0.872070
vt 0.691406 0.872192
vt 0.691406 0.820068
vt 0.730469 0.818970
vt 0.690918 0.769897
vt 0.729492 0.769409
vt 0.689941 0.718018
vt 0.687988 0.662842
vt 0.728027 0.718018
vt 0.725098 0.663086
vt 0.685547 0.606201
vt 0.653809 0.566406
vt 0.587891 0.569092
vt 0.619629 0.502441
vt 0.649414 0.505127
vt 0.684082 0.568359
vt 0.720703 0.602295
vt 0.755859 0.661865
vt 0.766602 0.720947
vt 0.774414 0.769043
vt 0.774414 0.818604
vt 0.730957 0.872437
vt 0.730469 0.918884
vt 0.774414 0.965332
vt 0.729980 0.965515
vt 0.774414 0.917114
vt 0.774902 0.870728
vt 0.783203 0.716797
vt 0.718750 0.568848
vt 0.682617 0.501709
vt 0.749023 0.598877
vt 0.791016 0.650391
vt 0.823730 0.698975
vt 0.816895 0.735107
vt 0.812012 0.778809
vt 0.809570 0.823608
vt 0.808594 0.873535
vt 0.807617 0.918274
vt 0.839355 0.919495
vt 0.836914 0.874268
vt 0.837402 0.827515
vt 0.839355 0.787842
vt 0.844727 0.751709
vt 0.848633 0.721436
vt 0.860840 0.696045
vt 0.840820 0.677246
vt 0.862305 0.643555
vt 0.819336 0.640137
vt 0.876953 0.659912
vt 0.829590 0.600342
vt 0.841309 0.617432
vt 0.887695 0.593750
vt 0.899414 0.616699
vt 0.911133 0.556641
vt 0.810059 0.575439
vt 0.848145 0.551514
vt 0.869629 0.563477
vt 0.900879 0.530029
vt 0.920898 0.504883
vt 0.929199 0.525391
vt 0.934082 0.484375
vt 0.913574 0.479980
vt 0.931152 0.458984
vt 0.930664 0.433105
vt 0.938477 0.445312
vt 0.947754 0.404785
vt 0.954102 0.418945
vt 0.965332 0.381836
vt 0.969727 0.394043
vt 0.975098 0.381348
vt 0.976562 0.408203
vt 0.986328 0.390625
vt 0.984375 0.423828
vt 0.991211 0.414062
vt 0.989258 0.437012
vt 0.968750 0.453613
vt 0.974121 0.470703
vt 0.953613 0.482910
vt 0.956543 0.504639
vt 0.945312 0.498047
vt 0.937500 0.542480
vt 0.918945 0.576416
vt 0.961914 0.435059
vt 0.946777 0.461426
vt 0.316895 0.267090
vt 0.320068 0.326660
vt 0.301758 0.287598
vt 0.306152 0.328613
vt 0.292480 0.331055
vt 0.312988 0.214355
vt 0.299072 0.246582
vt 0.288086 0.291992
vt 0.280029 0.332520
vt 0.310059 0.158691
vt 0.296875 0.212891
vt 0.285400 0.244141
vt 0.276367 0.295410
vt 0.264893 0.299316
vt 0.268311 0.339355
vt 0.285156 0.375000
vt 0.298096 0.375000
vt 0.313721 0.378418
vt 0.324219 0.379395
vt 0.326904 0.426758
vt 0.307617 0.414062
vt 0.298584 0.414551
vt 0.301758 0.444824
vt 0.289795 0.416504
vt 0.310791 0.441895
vt 0.312744 0.474121
vt 0.281494 0.420898
vt 0.272949 0.385254
vt 0.292480 0.448730
vt 0.304443 0.479004
vt 0.328125 0.516113
vt 0.271729 0.424805
vt 0.260010 0.400879
vt 0.255615 0.347168
vt 0.234253 0.348145
vt 0.252686 0.302734
vt 0.233887 0.290039
vt 0.249878 0.255371
vt 0.231934 0.225098
vt 0.250488 0.218262
vt 0.261475 0.249023
vt 0.261719 0.215332
vt 0.273193 0.245117
vt 0.273193 0.212891
vt 0.285156 0.212402
vt 0.282959 0.180664
vt 0.294189 0.177734
vt 0.281250 0.144043
vt 0.290039 0.140625
vt 0.300049 0.140625
vt 0.305664 0.103516
vt 0.254639 0.044434
vt 0.269043 0.034668
vt 0.270020 0.046387
vt 0.284180 0.040039
vt 0.244507 0.064941
vt 0.258545 0.054688
vt 0.270752 0.063477
vt 0.281738 0.051758
vt 0.295654 0.058105
vt 0.290039 0.066406
vt 0.297119 0.104492
vt 0.283447 0.076660
vt 0.277588 0.068359
vt 0.278076 0.084961
vt 0.287842 0.107422
vt 0.280273 0.113770
vt 0.271729 0.091797
vt 0.272217 0.119141
vt 0.272217 0.146484
vt 0.272217 0.182129
vt 0.261719 0.184082
vt 0.234009 0.168457
vt 0.250244 0.183594
vt 0.263184 0.146973
vt 0.253662 0.145508
vt 0.263916 0.115723
vt 0.255371 0.111328
vt 0.245239 0.110840
vt 0.258545 0.079590
vt 0.250732 0.071777
vt 0.263916 0.069824
vt 0.264893 0.086426
vt 0.236572 0.113281
vt 0.243774 0.148438
vt 0.717285 0.198730
vt 0.732910 0.239746
vt 0.714844 0.246094
vt 0.733887 0.201172
vt 0.733887 0.262695
vt 0.712402 0.304199
vt 0.746094 0.237793
vt 0.746582 0.201660
vt 0.747559 0.421387
vt 0.748535 0.493164
vt 0.713379 0.425293
vt 0.731934 0.389648
vt 0.708496 0.360840
vt 0.731445 0.364746
vt 0.733398 0.313965
vt 0.747070 0.271484
vt 0.759766 0.264160
vt 0.759766 0.241211
vt 0.759766 0.202148
vt 0.747559 0.169922
vt 0.735352 0.162598
vt 0.720215 0.148438
vt 0.761719 0.313965
vt 0.748047 0.317383
vt 0.749023 0.365234
vt 0.775391 0.433105
vt 0.763672 0.389160
vt 0.779297 0.362305
vt 0.762695 0.364258
vt 0.778809 0.305664
vt 0.722168 0.100586
vt 0.735352 0.141602
vt 0.747559 0.137695
vt 0.759766 0.163086
vt 0.776855 0.200684
vt 0.778320 0.248535
vt 0.737793 0.043457
vt 0.747559 0.042480
vt 0.737793 0.062500
vt 0.728027 0.050781
vt 0.736816 0.033203
vt 0.747559 0.027832
vt 0.758789 0.034180
vt 0.757812 0.044434
vt 0.768066 0.049805
vt 0.757812 0.063477
vt 0.747559 0.069824
vt 0.735840 0.102539
vt 0.747559 0.104004
vt 0.759277 0.104004
vt 0.759766 0.142090
vt 0.775391 0.149902
vt 0.772461 0.101562
vt 0.247437 0.603027
vt 0.270508 0.609863
vt 0.243286 0.685059
vt 0.269287 0.686035
vt 0.294678 0.675781
vt 0.294678 0.606445
vt 0.313477 0.671143
vt 0.249878 0.524902
vt 0.222412 0.566895
vt 0.273438 0.538574
vt 0.294434 0.541992
vt 0.312256 0.601562
vt 0.328125 0.667236
vt 0.323975 0.725098
vt 0.293701 0.740479
vt 0.268311 0.750488
vt 0.251221 0.754639
vt 0.216919 0.711914
vt 0.227417 0.765137
vt 0.216431 0.494629
vt 0.230713 0.448242
vt 0.255371 0.452148
vt 0.236450 0.405273
vt 0.271240 0.451660
vt 0.282959 0.451172
vt 0.282715 0.485352
vt 0.270996 0.482910
vt 0.206299 0.519531
vt 0.294678 0.483398
vt 0.310791 0.533691
vt 0.329102 0.594971
vt 0.343262 0.664795
vt 0.360107 0.667236
vt 0.365479 0.597656
vt 0.384033 0.601074
vt 0.347168 0.595459
vt 0.350098 0.735352
vt 0.381104 0.670654
vt 0.406494 0.602783
vt 0.385986 0.537354
vt 0.366699 0.535645
vt 0.348633 0.530762
vt 0.343262 0.472656
vt 0.343018 0.441895
vt 0.345215 0.416016
vt 0.336426 0.379883
vt 0.354736 0.414551
vt 0.354492 0.445312
vt 0.354004 0.478027
vt 0.365723 0.480469
vt 0.377686 0.480469
vt 0.389160 0.477539
vt 0.407959 0.529785
vt 0.427246 0.541504
vt 0.435059 0.489258
vt 0.322510 0.324219
vt 0.376709 0.447266
vt 0.365479 0.446777
vt 0.365479 0.414062
vt 0.353027 0.372070
vt 0.337646 0.326172
vt 0.338867 0.273926
vt 0.321289 0.247559
vt 0.339111 0.222168
vt 0.320801 0.180176
vt 0.339600 0.182129
vt 0.339111 0.143555
vt 0.322754 0.117676
vt 0.342773 0.104004
vt 0.333496 0.103516
vt 0.328613 0.065918
vt 0.354004 0.326172
vt 0.366455 0.372070
vt 0.381104 0.371582
vt 0.376221 0.415039
vt 0.366943 0.325195
vt 0.355469 0.276367
vt 0.353271 0.219727
vt 0.352539 0.182617
vt 0.352539 0.147949
vt 0.354004 0.108887
vt 0.354980 0.081543
vt 0.345215 0.073730
vt 0.336670 0.068848
vt 0.343506 0.032715
vt 0.339844 0.019531
vt 0.348633 0.043945
vt 0.356445 0.054199
vt 0.356445 0.037598
vt 0.351318 0.007812
vt 0.363281 0.003906
vt 0.363281 0.018066
vt 0.375000 0.008789
vt 0.353271 0.021484
vt 0.363525 0.033691
vt 0.372559 0.023438
vt 0.385742 0.022461
vt 0.363525 0.062012
vt 0.364014 0.086914
vt 0.364502 0.111816
vt 0.364990 0.149414
vt 0.365723 0.183105
vt 0.366699 0.218750
vt 0.367432 0.277344
vt 0.397705 0.066406
vt 0.382324 0.034180
vt 0.370361 0.038574
vt 0.370605 0.055176
vt 0.373047 0.081543
vt 0.374756 0.108398
vt 0.376709 0.146973
vt 0.378662 0.181641
vt 0.379883 0.219238
vt 0.379639 0.276855
vt 0.378418 0.045898
vt 0.382324 0.073730
vt 0.391113 0.179199
vt 0.389404 0.140625
vt 0.385742 0.103027
vt 0.390381 0.069336
vt 0.404297 0.116211
vt 0.394287 0.102539
vt 0.394287 0.273438
vt 0.394043 0.221191
vt 0.408691 0.176758
vt 0.411865 0.242676
vt 0.411377 0.326172
vt 0.380371 0.326172
vt 0.396240 0.325195
vt 0.398682 0.378906
vt 0.412354 0.378418
vt 0.411865 0.433105
vt 0.424316 0.384766
vt 0.429932 0.425293
vt 0.438721 0.383301
vt 0.438965 0.426270
vt 0.448486 0.426758
vt 0.437500 0.456055
vt 0.446777 0.458496
vt 0.444824 0.491211
vt 0.425537 0.484375
vt 0.426758 0.451660
vt 0.389404 0.446777
vt 0.386475 0.417480
vt 0.525391 0.307617
vt 0.528320 0.282227
vt 0.535645 0.309570
vt 0.538574 0.285156
vt 0.531738 0.254883
vt 0.541016 0.257324
vt 0.494385 0.372559
vt 0.499756 0.320801
vt 0.513184 0.343750
vt 0.516113 0.306641
vt 0.504883 0.275391
vt 0.520020 0.279785
vt 0.523438 0.250488
vt 0.535645 0.224121
vt 0.543945 0.227051
vt 0.550293 0.258301
vt 0.548340 0.287598
vt 0.545898 0.313965
vt 0.532227 0.352539
vt 0.521973 0.348145
vt 0.555664 0.288086
vt 0.554688 0.316895
vt 0.558105 0.256348
vt 0.571777 0.291504
vt 0.571289 0.342285
vt 0.552246 0.358398
vt 0.542969 0.356934
vt 0.528809 0.392578
vt 0.519043 0.385254
vt 0.509277 0.381348
vt 0.491455 0.404297
vt 0.505859 0.415527
vt 0.489258 0.451660
vt 0.506348 0.448242
vt 0.499512 0.470703
vt 0.568359 0.410645
vt 0.566895 0.456543
vt 0.565918 0.506592
vt 0.547852 0.452637
vt 0.550293 0.405273
vt 0.540527 0.398438
vt 0.524902 0.423828
vt 0.515137 0.418945
vt 0.537109 0.435547
vt 0.512207 0.451660
vt 0.520020 0.455566
vt 0.527344 0.462402
vt 0.533203 0.469238
vt 0.544922 0.509521
vt 0.536133 0.583008
vt 0.560059 0.597656
vt 0.531738 0.649170
vt 0.556152 0.656738
vt 0.526855 0.712646
vt 0.549805 0.718750
vt 0.544434 0.761230
vt 0.506836 0.477051
vt 0.515625 0.482910
vt 0.523438 0.489746
vt 0.530273 0.495117
vt 0.525879 0.526367
vt 0.518066 0.581055
vt 0.512207 0.641113
vt 0.495850 0.628662
vt 0.486328 0.691406
vt 0.474365 0.680176
vt 0.458984 0.732422
vt 0.466553 0.675049
vt 0.483154 0.616699
vt 0.503418 0.570312
vt 0.519043 0.521729
vt 0.510254 0.514648
vt 0.489746 0.555420
vt 0.472412 0.607178
vt 0.457764 0.607422
vt 0.495117 0.498535
vt 0.501465 0.506104
vt 0.478760 0.534424
vt 0.458984 0.543213
vt 0.442139 0.605713
vt 0.464844 0.489258
vt 0.823242 0.129883
vt 0.812988 0.127930
vt 0.813477 0.089844
vt 0.822754 0.086914
vt 0.812988 0.062500
vt 0.823730 0.066895
vt 0.831543 0.083496
vt 0.834473 0.131348
vt 0.800293 0.219727
vt 0.799316 0.253418
vt 0.785645 0.213867
vt 0.800781 0.187988
vt 0.786133 0.174316
vt 0.800293 0.169922
vt 0.791016 0.127930
vt 0.802246 0.128418
vt 0.794922 0.082031
vt 0.803711 0.086914
vt 0.802734 0.067871
vt 0.812988 0.165527
vt 0.824219 0.171387
vt 0.838379 0.177734
vt 0.812988 0.197266
vt 0.824707 0.189941
vt 0.839355 0.220215
vt 0.825195 0.222656
vt 0.813477 0.223633
vt 0.848633 0.479004
vt 0.829102 0.486816
vt 0.842285 0.467285
vt 0.828613 0.442383
vt 0.842773 0.430664
vt 0.828613 0.397461
vt 0.843262 0.388184
vt 0.829590 0.357910
vt 0.845215 0.349121
vt 0.828613 0.319336
vt 0.843750 0.310059
vt 0.828125 0.282227
vt 0.842285 0.266602
vt 0.827637 0.258301
vt 0.813477 0.250977
vt 0.907715 0.454102
vt 0.895020 0.500732
vt 0.889648 0.472656
vt 0.872559 0.517334
vt 0.873535 0.482422
vt 0.854492 0.519531
vt 0.860352 0.486816
vt 0.841309 0.507080
vt 0.813477 0.326660
vt 0.813965 0.365234
vt 0.812012 0.399414
vt 0.812012 0.460449
vt 0.815430 0.508789
vt 0.832520 0.533447
vt 0.783203 0.256836
vt 0.799805 0.277832
vt 0.813965 0.291016
vt 0.799316 0.532227
vt 0.794922 0.479004
vt 0.794434 0.420410
vt 0.796387 0.387207
vt 0.796875 0.366699
vt 0.799316 0.318848
vt 0.782227 0.305664
vt 0.775391 0.489258
vt 0.777832 0.563232
vt 0.689941 0.361816
vt 0.703125 0.321289
vt 0.692871 0.388672
vt 0.746582 0.571045
vt 0.715820 0.496094
vt 0.678711 0.422363
vt 0.673828 0.367676
vt 0.685059 0.327148
vt 0.683105 0.289062
vt 0.702148 0.275391
vt 0.683594 0.270020
vt 0.699219 0.230957
vt 0.683594 0.233398
vt 0.671387 0.265625
vt 0.672363 0.233887
vt 0.662109 0.400879
vt 0.659180 0.375000
vt 0.658691 0.333496
vt 0.671387 0.332031
vt 0.670898 0.296875
vt 0.644043 0.439941
vt 0.640625 0.389648
vt 0.642090 0.333984
vt 0.658691 0.291016
vt 0.659668 0.271484
vt 0.673828 0.110352
vt 0.663086 0.137207
vt 0.664551 0.104492
vt 0.649902 0.135254
vt 0.662598 0.174805
vt 0.646484 0.183594
vt 0.662109 0.195312
vt 0.644043 0.234863
vt 0.684082 0.193848
vt 0.673340 0.200684
vt 0.673828 0.168945
vt 0.684570 0.172852
vt 0.683594 0.135254
vt 0.673828 0.137207
vt 0.660156 0.234863
vt 0.642090 0.279785
vt 0.654785 0.092285
vt 0.699707 0.179688
vt 0.696289 0.130859
vt 0.682617 0.102539
vt 0.672852 0.078125
vt 0.664062 0.082031
vt 0.661133 0.068848
vt 0.672852 0.061035
vt 0.691895 0.086914
vt 0.682129 0.080566
vt 0.684082 0.066895
vt 0.621582 0.326172
vt 0.621094 0.339355
vt 0.609863 0.320312
vt 0.609863 0.348145
vt 0.623535 0.371094
vt 0.610352 0.380859
vt 0.623535 0.399902
vt 0.636719 0.361816
vt 0.634277 0.331543
vt 0.631348 0.297363
vt 0.620605 0.297363
vt 0.609863 0.296387
vt 0.547852 0.164062
vt 0.553711 0.168945
vt 0.553223 0.180664
vt 0.558105 0.175293
vt 0.536133 0.172852
vt 0.541504 0.167480
vt 0.541504 0.178711
vt 0.546875 0.186035
vt 0.553223 0.202148
vt 0.559082 0.198242
vt 0.565918 0.195312
vt 0.562988 0.166992
vt 0.557617 0.157227
vt 0.549316 0.150391
vt 0.539551 0.153320
vt 0.531738 0.161621
vt 0.524902 0.188965
vt 0.532227 0.194824
vt 0.538574 0.200195
vt 0.545898 0.205078
vt 0.552246 0.226562
vt 0.559082 0.225098
vt 0.566406 0.225586
vt 0.572266 0.194336
vt 0.567871 0.158691
vt 0.561035 0.147461
vt 0.573242 0.239258
vt 0.550781 0.139160
vt 0.538574 0.140625
vt 0.528320 0.149414
vt 0.518066 0.185059
vt 0.520996 0.219238
vt 0.528809 0.220215
vt 0.511719 0.229980
vt 0.609375 0.161133
vt 0.618652 0.165039
vt 0.618652 0.181152
vt 0.609375 0.188477
vt 0.601074 0.180176
vt 0.600098 0.210449
vt 0.609863 0.212402
vt 0.609863 0.239746
vt 0.620117 0.213867
vt 0.594238 0.171387
vt 0.598633 0.154297
vt 0.600586 0.163574
vt 0.609375 0.147461
vt 0.589355 0.250488
vt 0.591797 0.208984
vt 0.599609 0.244141
vt 0.586914 0.294922
vt 0.599121 0.260742
vt 0.620117 0.155273
vt 0.625977 0.171387
vt 0.628906 0.214355
vt 0.620605 0.250000
vt 0.587402 0.477051
vt 0.609375 0.269043
vt 0.598145 0.295410
vt 0.598145 0.322266
vt 0.586914 0.326172
vt 0.598145 0.338379
vt 0.586426 0.370117
vt 0.598633 0.377441
vt 0.585938 0.411133
vt 0.597656 0.410645
vt 0.613770 0.427246
vt 0.631348 0.259766
vt 0.620605 0.266113
vt 0.078064 0.415039
vt 0.095886 0.443359
vt 0.085876 0.453613
vt 0.111572 0.488281
vt 0.101318 0.499512
vt 0.077087 0.462402
vt 0.091614 0.509033
vt 0.080322 0.518311
vt 0.066284 0.468750
vt 0.066345 0.434570
vt 0.072205 0.425781
vt 0.058014 0.403320
vt 0.059082 0.393555
vt 0.046631 0.400391
vt 0.046387 0.389160
vt 0.030197 0.394531
vt 0.056458 0.438477
vt 0.056702 0.412598
vt 0.047546 0.413574
vt 0.033051 0.405273
vt 0.036407 0.417969
vt 0.021118 0.416992
vt 0.026871 0.428711
vt 0.044739 0.446289
vt 0.033936 0.456543
vt 0.053772 0.477051
vt 0.041718 0.486328
vt 0.054565 0.536865
vt 0.067139 0.528564
vt 0.076843 0.569336
vt 0.091248 0.558594
vt 0.015778 0.408691
vt 0.007820 0.429199
vt 0.014175 0.433594
vt 0.020432 0.439453
vt 0.025162 0.465820
vt 0.031769 0.495605
vt 0.007664 0.470703
vt 0.042053 0.593018
vt 0.052460 0.586426
vt 0.062073 0.627686
vt 0.033539 0.551270
vt 0.043823 0.544922
vt 0.022705 0.503906
vt 0.016663 0.467773
vt 0.013062 0.511963
vt 0.023315 0.556641
vt 0.038300 0.640137
vt 0.030991 0.598633
vt 0.050812 0.634277
vt 0.061035 0.697021
vt 0.046021 0.706787
vt 0.071045 0.746582
vt 0.055389 0.756348
vt 0.077881 0.795288
vt 0.065430 0.800659
vt 0.081177 0.837891
vt 0.094055 0.783936
vt 0.084229 0.738037
vt 0.074097 0.688232
vt 0.110168 0.849609
vt 0.063599 0.578613
vt 0.073242 0.619385
vt 0.086365 0.678223
vt 0.096313 0.728271
vt 0.108643 0.769531
vt 0.129883 0.830688
vt 0.139038 0.865112
vt 0.119141 0.879517
vt 0.146484 0.905884
vt 0.157593 0.857178
vt 0.144287 0.811401
vt 0.121948 0.758789
vt 0.109802 0.714600
vt 0.099243 0.668213
vt 0.086731 0.609863
vt 0.101257 0.599121
vt 0.135132 0.747314
vt 0.124268 0.702881
vt 0.114624 0.657471
vt 0.114258 0.590332
vt 0.129395 0.648193
vt 0.137329 0.694580
vt 0.143921 0.740234
vt 0.146973 0.769775
vt 0.103699 0.548584
vt 0.115967 0.538574
vt 0.129639 0.579102
vt 0.145508 0.640381
vt 0.154053 0.689941
vt 0.162842 0.739502
vt 0.170288 0.774658
vt 0.174561 0.810303
vt 0.190186 0.727051
vt 0.178223 0.675781
vt 0.164917 0.627686
vt 0.148682 0.565674
vt 0.129150 0.526123
vt 0.172485 0.559326
vt 0.187622 0.606934
vt 0.190552 0.542236
vt 0.207764 0.590332
vt 0.228027 0.599609
vt 0.224121 0.635010
vt 0.201660 0.658447
vt 0.199097 0.774414
vt 0.202759 0.810181
vt 0.232300 0.809937
vt 0.259766 0.805542
vt 0.291260 0.797974
vt 0.316895 0.796143
vt 0.291260 0.838257
vt 0.260498 0.842407
vt 0.235107 0.845215
vt 0.404053 0.673828
vt 0.375488 0.738281
vt 0.344238 0.794678
vt 0.316162 0.836914
vt 0.291748 0.879211
vt 0.261475 0.883362
vt 0.235107 0.886719
vt 0.205322 0.849731
vt 0.179810 0.851562
vt 0.163696 0.897156
vt 0.315674 0.878906
vt 0.343506 0.836670
vt 0.126221 0.917419
vt 0.130249 0.954865
vt 0.151367 0.945099
vt 0.474609 0.122559
vt 0.465088 0.124023
vt 0.464600 0.094727
vt 0.478516 0.162109
vt 0.466309 0.164062
vt 0.456055 0.163086
vt 0.457031 0.124023
vt 0.457520 0.096680
vt 0.457764 0.073730
vt 0.463623 0.070312
vt 0.472900 0.090332
vt 0.484619 0.123535
vt 0.445068 0.160156
vt 0.443115 0.197266
vt 0.455322 0.199219
vt 0.467285 0.201660
vt 0.479980 0.204102
vt 0.496338 0.205078
vt 0.494141 0.141113
vt 0.490723 0.085938
vt 0.482178 0.086914
vt 0.469482 0.063477
vt 0.463867 0.054199
vt 0.458252 0.049316
vt 0.449463 0.035156
vt 0.452393 0.051758
vt 0.439453 0.045410
vt 0.459473 0.032715
vt 0.468262 0.039551
vt 0.476807 0.053711
vt 0.483154 0.043945
vt 0.472412 0.026367
vt 0.460693 0.018066
vt 0.447998 0.020996
vt 0.435303 0.033691
vt 0.424072 0.075195
vt 0.414307 0.333496
vt 0.413818 0.257812
vt 0.428223 0.284180
vt 0.427002 0.334961
vt 0.440186 0.336426
vt 0.450439 0.384277
vt 0.451660 0.338867
vt 0.441650 0.288086
vt 0.452393 0.291016
vt 0.452393 0.066406
vt 0.445557 0.057617
vt 0.432129 0.077637
vt 0.428223 0.114746
vt 0.417969 0.130859
vt 0.432373 0.154785
vt 0.415527 0.197266
vt 0.429443 0.195801
vt 0.429199 0.235352
vt 0.442627 0.234375
vt 0.454590 0.234863
vt 0.438477 0.115723
vt 0.442139 0.083496
vt 0.450684 0.090820
vt 0.448486 0.120605
vt 0.480225 0.399902
vt 0.478760 0.342285
vt 0.493652 0.345215
vt 0.477783 0.293457
vt 0.495605 0.269531
vt 0.478516 0.243164
vt 0.465820 0.238281
vt 0.463623 0.292969
vt 0.463867 0.341309
vt 0.463379 0.388184
vt 0.458008 0.429688
vt 0.467773 0.434082
vt 0.456543 0.459961
vt 0.454590 0.491699
vt 0.443115 0.543701
vt 0.426514 0.605469
vt 0.467285 0.461426
vt 0.370361 0.793091
vt 0.398193 0.739258
vt 0.424561 0.675781
vt 0.392822 0.791504
vt 0.419434 0.738281
vt 0.414062 0.791626
vt 0.392822 0.835815
vt 0.368652 0.836304
vt 0.343506 0.878723
vt 0.369385 0.878784
vt 0.456055 0.675293
vt 0.439941 0.674316
vt 0.437988 0.734619
vt 0.433838 0.790527
vt 0.412598 0.835938
vt 0.393066 0.878967
vt 0.451904 0.790649
vt 0.431641 0.835815
vt 0.506348 0.703857
vt 0.476807 0.744873
vt 0.469238 0.793701
vt 0.449707 0.836304
vt 0.431885 0.879333
vt 0.413086 0.879211
vt 0.498535 0.751343
vt 0.490967 0.794678
vt 0.466797 0.838623
vt 0.449951 0.879578
vt 0.520996 0.755859
vt 0.516602 0.795654
vt 0.488525 0.838379
vt 0.467285 0.880005
vt 0.513672 0.962799
vt 0.513184 0.922302
vt 0.538086 0.962799
vt 0.537109 0.922058
vt 0.512695 0.879517
vt 0.488281 0.922302
vt 0.487061 0.879700
vt 0.536133 0.879150
vt 0.513672 0.837891
vt 0.538086 0.836426
vt 0.539551 0.796875
vt 0.261230 0.072754
vt 0.250977 0.105469
vt 0.242798 0.066895
vt 0.274658 0.109863
vt 0.246338 0.142090
vt 0.274170 0.140625
vt 0.281738 0.075684
vt 0.298584 0.079590
vt 0.297363 0.109863
vt 0.297852 0.136719
vt 0.277588 0.163574
vt 0.253418 0.165527
vt 0.231689 0.168457
vt 0.225952 0.139160
vt 0.230225 0.099609
vt 0.218262 0.061523
vt 0.281982 0.045410
vt 0.298584 0.050781
vt 0.333252 0.055664
vt 0.334229 0.084473
vt 0.332275 0.113281
vt 0.332275 0.138184
vt 0.299316 0.159668
vt 0.280518 0.184570
vt 0.258545 0.187500
vt 0.235596 0.190918
vt 0.371338 0.058594
vt 0.300049 0.180176
vt 0.333252 0.163086
vt 0.365234 0.136230
vt 0.367188 0.111328
vt 0.370605 0.083496
vt 0.405273 0.066406
vt 0.407471 0.054688
vt 0.436523 0.067383
vt 0.440186 0.056152
vt 0.437744 0.067871
vt 0.433838 0.078613
vt 0.439697 0.070312
vt 0.436035 0.080566
vt 0.437256 0.081055
vt 0.441650 0.056641
vt 0.442871 0.059570
vt 0.443848 0.060547
vt 0.440918 0.070801
vt 0.135132 0.130859
vt 0.148438 0.164551
vt 0.125977 0.163086
vt 0.146118 0.187012
vt 0.121521 0.185547
vt 0.120361 0.216797
vt 0.136963 0.218750
vt 0.122192 0.228516
vt 0.158203 0.248047
vt 0.124695 0.245117
vt 0.130981 0.278320
vt 0.165039 0.276855
vt 0.139771 0.307129
vt 0.171753 0.300781
vt 0.152466 0.327637
vt 0.181030 0.320801
vt 0.165527 0.351074
vt 0.192017 0.342773
vt 0.208740 0.315430
vt 0.217163 0.335449
vt 0.149292 0.356445
vt 0.132324 0.333008
vt 0.115417 0.310547
vt 0.106873 0.280762
vt 0.100769 0.245605
vt 0.099243 0.217773
vt 0.102783 0.185547
vt 0.109009 0.162598
vt 0.120483 0.130371
vt 0.133545 0.087402
vt 0.098083 0.005859
vt 0.103455 0.007324
vt 0.093323 0.049805
vt 0.101135 0.050293
vt 0.090271 0.081543
vt 0.101501 0.083984
vt 0.081238 0.127441
vt 0.093506 0.128418
vt 0.075745 0.162598
vt 0.092102 0.162109
vt 0.084045 0.186035
vt 0.078125 0.218262
vt 0.076904 0.246582
vt 0.109619 0.010742
vt 0.109802 0.051758
vt 0.111511 0.084961
vt 0.105774 0.129883
vt 0.119385 0.014160
vt 0.119751 0.053711
vt 0.129150 0.017578
vt 0.141968 0.019531
vt 0.129639 0.055664
vt 0.121521 0.086426
vt 0.154663 0.021973
vt 0.140869 0.056641
vt 0.145630 0.088867
vt 0.152100 0.057129
vt 0.171143 0.057617
vt 0.178833 0.021973
vt 0.190063 0.056641
vt 0.202271 0.020508
vt 0.205566 0.058105
vt 0.217163 0.028320
vt 0.226074 0.033203
vt 0.246216 0.038086
vt 0.262695 0.044434
vt 0.215088 0.172852
vt 0.208496 0.135742
vt 0.212646 0.093262
vt 0.197266 0.090332
vt 0.181885 0.088867
vt 0.163696 0.089355
vt 0.157227 0.132324
vt 0.148804 0.219727
vt 0.147827 0.208008
vt 0.171265 0.189453
vt 0.172729 0.165039
vt 0.180176 0.132324
vt 0.197144 0.133301
vt 0.196899 0.169434
vt 0.200928 0.193848
vt 0.218140 0.193848
vt 0.176270 0.224609
vt 0.207031 0.218262
vt 0.221558 0.215820
vt 0.239624 0.213379
vt 0.260010 0.208984
vt 0.242920 0.233398
vt 0.225586 0.235352
vt 0.212402 0.242188
vt 0.190796 0.252441
vt 0.244873 0.257324
vt 0.229370 0.260742
vt 0.234375 0.276855
vt 0.225708 0.277832
vt 0.229370 0.292969
vt 0.221802 0.292969
vt 0.226562 0.307617
vt 0.202393 0.296875
vt 0.197510 0.277344
vt 0.217529 0.277344
vt 0.221802 0.263672
vt 0.215698 0.264160
vt 0.422852 0.190918
vt 0.425293 0.202637
vt 0.424072 0.203125
vt 0.426514 0.214355
vt 0.405273 0.217285
vt 0.406494 0.229492
vt 0.372803 0.220703
vt 0.407715 0.241699
vt 0.371826 0.246582
vt 0.339844 0.224121
vt 0.337158 0.251953
vt 0.309082 0.227051
vt 0.305176 0.256348
vt 0.287109 0.238281
vt 0.285400 0.263672
vt 0.272461 0.254395
vt 0.274170 0.269531
vt 0.260986 0.253418
vt 0.262207 0.271973
vt 0.263672 0.284180
vt 0.428223 0.202148
vt 0.427979 0.214355
vt 0.429443 0.227051
vt 0.431885 0.239746
vt 0.409668 0.252930
vt 0.375000 0.270508
vt 0.338379 0.274902
vt 0.305176 0.280273
vt 0.288330 0.284180
vt 0.276611 0.284180
vt 0.379395 0.292480
vt 0.342041 0.295410
vt 0.307861 0.297363
vt 0.286377 0.301270
vt 0.276611 0.298828
vt 0.265381 0.297852
vt 0.345703 0.318359
vt 0.311523 0.318359
vt 0.286377 0.320801
vt 0.281006 0.308105
vt 0.269531 0.313477
vt 0.257324 0.315430
vt 0.251221 0.299316
vt 0.240479 0.305664
vt 0.243286 0.321289
vt 0.238892 0.321777
vt 0.244629 0.338379
vt 0.234375 0.337891
vt 0.235840 0.358887
vt 0.219971 0.359375
vt 0.260986 0.333496
vt 0.245117 0.358887
vt 0.265381 0.354980
vt 0.275879 0.330566
vt 0.424805 0.323242
vt 0.384033 0.315430
vt 0.421631 0.311523
vt 0.454102 0.309082
vt 0.458008 0.319824
vt 0.459229 0.319336
vt 0.463867 0.331055
vt 0.462891 0.331543
vt 0.428223 0.335938
vt 0.391602 0.340332
vt 0.353760 0.344727
vt 0.319092 0.347168
vt 0.300781 0.348145
vt 0.282715 0.353027
vt 0.454346 0.294922
vt 0.458740 0.305176
vt 0.453125 0.295410
vt 0.450195 0.284668
vt 0.448975 0.285156
vt 0.445557 0.272949
vt 0.444336 0.273438
vt 0.451416 0.296387
vt 0.447021 0.284668
vt 0.457520 0.306152
vt 0.462158 0.317871
vt 0.463379 0.317383
vt 0.468506 0.330078
vt 0.467041 0.331055
vt 0.455322 0.308594
vt 0.449951 0.296875
vt 0.419189 0.298828
vt 0.445557 0.285156
vt 0.438232 0.262207
vt 0.434326 0.251465
vt 0.435791 0.250977
vt 0.437012 0.262695
vt 0.411865 0.264648
vt 0.414062 0.275879
vt 0.440918 0.273926
vt 0.416504 0.287109
vt 0.442139 0.272949
vt 0.433350 0.239258
vt 0.437744 0.250000
vt 0.440186 0.262695
vt 0.430908 0.226562
vt 0.436035 0.237305
vt 0.433594 0.226074
vt 0.431152 0.214355
vt 0.441650 0.261719
vt 0.438965 0.249023
vt 0.437256 0.236328
vt 0.434814 0.225586
vt 0.432373 0.214355
vt 0.429688 0.201660
vt 0.427002 0.188477
vt 0.425293 0.188965
vt 0.424805 0.175293
vt 0.423340 0.175293
vt 0.424316 0.162109
vt 0.422607 0.162109
vt 0.432861 0.092773
vt 0.434326 0.093262
vt 0.430420 0.105469
vt 0.431885 0.105957
vt 0.428711 0.118652
vt 0.427246 0.118652
vt 0.425537 0.131836
vt 0.423828 0.131836
vt 0.424805 0.146973
vt 0.423096 0.147461
vt 0.419922 0.161621
vt 0.421143 0.176270
vt 0.420654 0.146484
vt 0.421631 0.131348
vt 0.424561 0.118164
vt 0.427490 0.105469
vt 0.430664 0.091797
vt 0.432373 0.078125
vt 0.426025 0.104980
vt 0.422852 0.117676
vt 0.398193 0.107422
vt 0.400146 0.093262
vt 0.428955 0.091797
vt 0.403320 0.079590
vt 0.395508 0.119141
vt 0.419922 0.130859
vt 0.418945 0.146484
vt 0.418213 0.161133
vt 0.419434 0.176270
vt 0.421387 0.190918
vt 0.394287 0.132812
vt 0.394775 0.147461
vt 0.395752 0.162598
vt 0.397461 0.177734
vt 0.399414 0.191895
vt 0.402832 0.205078
vt 0.370117 0.195801
vt 0.332520 0.202637
vt 0.303223 0.204102
vt 0.283936 0.209961
vt 0.333740 0.181152
vt 0.365967 0.164062
vt 0.366455 0.178711
vt 0.033051 0.165039
vt 0.035126 0.187500
vt 0.023407 0.188965
vt 0.061066 0.120605
vt 0.045654 0.164062
vt 0.048065 0.186523
vt 0.037842 0.219238
vt 0.023865 0.218750
vt 0.011177 0.218750
vt 0.028717 0.323730
vt 0.040985 0.324219
vt 0.043396 0.338867
vt 0.024338 0.284180
vt 0.010994 0.282715
vt 0.018906 0.249023
vt 0.003740 0.251465
vt 0.035400 0.246094
vt 0.056152 0.246582
vt 0.057983 0.218750
vt 0.066040 0.186035
vt 0.059418 0.163574
vt 0.070679 0.123535
vt 0.079956 0.079590
vt 0.038971 0.284668
vt 0.060822 0.284180
vt 0.054474 0.323730
vt 0.048370 0.331543
vt 0.063965 0.357910
vt 0.071228 0.354004
vt 0.091797 0.373047
vt 0.082703 0.283203
vt 0.072754 0.318848
vt 0.079407 0.348633
vt 0.100952 0.372559
vt 0.129395 0.399414
vt 0.135010 0.398438
vt 0.110901 0.371094
vt 0.141113 0.396484
vt 0.122009 0.366211
vt 0.150391 0.393066
vt 0.133057 0.361816
vt 0.159790 0.390137
vt 0.170532 0.384766
vt 0.095764 0.343750
vt 0.091064 0.313965
vt 0.112122 0.338379
vt 0.250244 0.287109
vt 0.237915 0.291992
vt 0.233032 0.306641
vt 0.231567 0.322266
vt 0.200928 0.369629
vt 0.181274 0.379883
vt 0.258301 0.230469
vt 0.247681 0.274902
vt 0.021866 0.904968
vt 0.025452 0.895691
vt 0.028900 0.907715
vt 0.032501 0.897278
vt 0.030273 0.884644
vt 0.036987 0.887390
vt 0.036987 0.875977
vt 0.030319 0.908203
vt 0.033905 0.897766
vt 0.038177 0.888000
vt 0.032410 0.908630
vt 0.035034 0.899353
vt 0.039215 0.889709
vt 0.044250 0.881531
vt 0.043335 0.879944
vt 0.042389 0.879150
vt 0.045685 0.868530
vt 0.049469 0.872559
vt 0.057159 0.867065
vt 0.053986 0.861450
vt 0.061798 0.856689
vt 0.033630 0.908813
vt 0.036224 0.899902
vt 0.040314 0.890381
vt 0.045319 0.882263
vt 0.051849 0.874878
vt 0.050293 0.873535
vt 0.061005 0.870605
vt 0.067322 0.865356
vt 0.067993 0.866211
vt 0.074829 0.861450
vt 0.075317 0.862549
vt 0.083618 0.858887
vt 0.083252 0.857788
vt 0.092407 0.855835
vt 0.052887 0.875671
vt 0.060181 0.869873
vt 0.066040 0.863403
vt 0.074463 0.858887
vt 0.082275 0.855469
vt 0.057831 0.868164
vt 0.065491 0.862183
vt 0.074036 0.857788
vt 0.081970 0.854370
vt 0.090393 0.852783
vt 0.092163 0.854614
vt 0.101440 0.853394
vt 0.069763 0.852051
vt 0.079224 0.847778
vt 0.090332 0.851440
vt 0.100708 0.850464
vt 0.101379 0.852173
vt 0.110168 0.853149
vt 0.110229 0.852051
vt 0.119934 0.853027
vt 0.110596 0.849976
vt 0.100769 0.849121
vt 0.089783 0.843872
vt 0.110657 0.841064
vt 0.100403 0.841187
vt 0.110840 0.848755
vt 0.121948 0.842407
vt 0.119812 0.854370
vt 0.129761 0.855469
vt 0.129639 0.856689
vt 0.120483 0.851196
vt 0.130493 0.853760
vt 0.120789 0.849854
vt 0.130859 0.852539
vt 0.133667 0.845825
vt 0.139038 0.856934
vt 0.138550 0.858032
vt 0.137695 0.859985
vt 0.137329 0.861084
vt 0.145020 0.864990
vt 0.144409 0.865967
vt 0.151367 0.870850
vt 0.152100 0.869995
vt 0.153442 0.868652
vt 0.158081 0.875854
vt 0.145874 0.862915
vt 0.146362 0.861938
vt 0.143188 0.850464
vt 0.170288 0.876465
vt 0.160767 0.874146
vt 0.165649 0.869751
vt 0.154053 0.867554
vt 0.158813 0.862427
vt 0.151123 0.856323
vt 0.174194 0.883301
vt 0.165283 0.880554
vt 0.160034 0.875000
vt 0.181396 0.899292
vt 0.183105 0.906799
vt 0.177612 0.908081
vt 0.177979 0.891357
vt 0.175537 0.899963
vt 0.174561 0.900330
vt 0.176514 0.908386
vt 0.172852 0.901794
vt 0.175049 0.908630
vt 0.157349 0.876526
vt 0.162476 0.881775
vt 0.164551 0.881287
vt 0.169800 0.886780
vt 0.172729 0.893372
vt 0.171997 0.893860
vt 0.170044 0.894531
vt 0.171997 0.902161
vt 0.174072 0.908813
vt 0.166138 0.887634
vt 0.169067 0.894958
vt 0.166992 0.887146
vt 0.169067 0.887390
vt 0.161743 0.882324
vt 0.107727 0.886780
vt 0.118774 0.857056
vt 0.110962 0.886597
vt 0.129761 0.860474
vt 0.113403 0.886719
vt 0.140991 0.865601
vt 0.115662 0.886902
vt 0.151611 0.874023
vt 0.116943 0.887512
vt 0.160156 0.885010
vt 0.117371 0.888245
vt 0.165161 0.897339
vt 0.155273 0.910156
vt 0.115417 0.888672
vt 0.112793 0.889587
vt 0.142456 0.920898
vt 0.128418 0.926758
vt 0.109375 0.890137
vt 0.114258 0.929199
vt 0.105774 0.889771
vt 0.099609 0.929199
vt 0.101440 0.889832
vt 0.085205 0.925781
vt 0.099121 0.889648
vt 0.067810 0.917725
vt 0.068970 0.915527
vt 0.063354 0.909851
vt 0.057587 0.896545
vt 0.062500 0.884705
vt 0.098450 0.889221
vt 0.099121 0.888916
vt 0.069275 0.874756
vt 0.075073 0.867065
vt 0.082642 0.861938
vt 0.101624 0.888367
vt 0.094849 0.856934
vt 0.104919 0.887207
vt 0.107483 0.856567
vt 0.126587 0.993965
vt 0.128540 0.932373
vt 0.135620 0.991592
vt 0.072571 0.989891
vt 0.086914 0.927979
vt 0.084900 0.993073
vt 0.095154 0.929810
vt 0.103333 0.931763
vt 0.095703 0.995544
vt 0.105347 0.996304
vt 0.112122 0.932007
vt 0.116028 0.996120
vt 0.120483 0.933350
vt 0.691406 0.941498
vt 0.702637 0.973389
vt 0.708984 0.966980
vt 0.674805 0.873169
vt 0.654785 0.852783
vt 0.657715 0.880981
vt 0.682617 0.913513
vt 0.671387 0.921326
vt 0.684570 0.943115
vt 0.688965 0.799683
vt 0.668457 0.772705
vt 0.654297 0.824585
vt 0.675781 0.826660
vt 0.674316 0.853149
vt 0.721680 0.771484
vt 0.718262 0.738525
vt 0.758789 0.737061
vt 0.761230 0.770020
vt 0.787109 0.928650
vt 0.789062 0.896484
vt 0.777832 0.925903
vt 0.801270 0.822510
vt 0.807129 0.773071
vt 0.789062 0.781738
vt 0.814941 0.823364
vt 0.803223 0.872925
vt 0.796875 0.871948
vt 0.795898 0.898499
s 1
g off
g brazo_izq_Material.002
usemtl Material.002
f 886/1/1 923/2/2 885/3/3
f 923/2/2 889/4/4 885/3/3
f 923/2/2 922/5/5 889/4/4
f 922/5/5 909/6/6 889/4/4
f 922/5/5 921/7/7 909/6/6
f 921/7/7 920/8/8 909/6/6
f 920/8/8 910/9/9 909/6/6
f 920/8/8 919/10/10 910/9/9
f 919/10/10 918/11/11 910/9/9
f 918/11/11 911/12/12 910/9/9
f 918/11/11 917/13/13 911/12/12
f 917/13/13 912/14/14 911/12/12
f 917/13/13 916/15/15 912/14/14
f 916/15/15 913/16/16 912/14/14
f 916/15/15 915/17/17 913/16/16
f 915/17/17 914/18/18 913/16/16
f 915/17/17 898/19/19 914/18/18
f 898/19/19 897/20/20 914/18/18
f 896/21/21 899/22/22 897/20/20
f 899/22/22 907/23/23 897/20/20
f 897/20/20 907/23/23 914/18/18
f 914/18/18 907/23/23 913/16/16
f 907/23/23 908/24/24 913/16/16
f 913/16/16 908/24/24 912/14/14
f 908/24/24 903/25/25 912/14/14
f 912/14/14 903/25/25 911/12/12
f 903/25/25 904/26/26 911/12/12
f 911/12/12 904/26/26 910/9/9
f 904/26/26 906/27/27 910/9/9
f 910/9/9 906/27/27 909/6/6
f 909/6/6 906/27/27 889/4/4
f 888/28/28 889/4/4 906/27/27
f 888/28/28 906/27/27 905/29/29
f 890/30/30 888/28/28 905/29/29
f 890/30/30 905/29/29 902/31/31
f 891/32/32 890/30/30 902/31/31
f 901/33/33 903/25/25 908/24/24
f 901/33/33 908/24/24 900/34/34
f 900/34/34 908/24/24 907/23/23
f 900/34/34 907/23/23 899/22/22
f 905/29/29 906/27/27 904/26/26
f 905/29/29 904/26/26 902/31/31
f 902/31/31 904/26/26 903/25/25
f 902/31/31 903/25/25 901/33/33
f 891/32/32 902/31/31 901/33/33
f 892/35/35 891/32/32 901/33/33
f 892/35/35 901/33/33 900/34/34
f 892/35/35 900/34/34 893/36/36
f 900/34/34 894/37/37 893/36/36
f 900/34/34 899/22/22 894/37/37
f 899/22/22 895/38/38 894/37/37
f 896/21/21 895/38/38 899/22/22
f 898/19/19 318/39/39 897/20/20
f 318/39/39 896/21/21 897/20/20
f 318/39/39 310/40/40 896/21/21
f 310/40/40 895/38/38 896/21/21
f 307/41/41 895/38/38 310/40/40
f 308/42/42 895/38/38 307/41/41
f 894/37/37 895/38/38 308/42/42
f 881/43/43 894/37/37 308/42/42
f 893/36/36 894/37/37 881/43/43
f 880/44/44 893/36/36 881/43/43
f 880/44/44 882/45/45 893/36/36
f 882/45/45 892/35/35 893/36/36
f 878/46/46 892/35/35 882/45/45
f 878/46/46 891/32/32 892/35/35
f 877/47/47 891/32/32 878/46/46
f 877/47/47 890/30/30 891/32/32
f 877/47/47 883/48/48 890/30/30
f 890/30/30 883/48/48 888/28/28
f 885/3/3 889/4/4 888/28/28
f 883/48/48 885/3/3 888/28/28
f 883/48/48 884/49/49 885/3/3
f 874/50/50 887/51/51 875/52/52
f 875/52/52 887/51/51 884/49/49
f 887/51/51 886/1/1 884/49/49
f 884/49/49 886/1/1 885/3/3
f 875/52/52 884/49/49 876/53/53
f 876/53/53 884/49/49 883/48/48
f 876/53/53 883/48/48 877/47/47
f 878/46/46 882/45/45 879/54/54
f 879/54/54 882/45/45 880/44/44
f 421/55/55 308/42/42 309/56/56
f 881/43/43 308/42/42 421/55/55
f 423/57/57 881/43/43 421/55/55
f 423/57/57 880/44/44 881/43/43
f 425/58/58 880/44/44 423/57/57
f 879/54/54 880/44/44 425/58/58
f 862/59/59 879/54/54 425/58/58
f 862/59/59 864/60/60 879/54/54
f 864/60/60 878/46/46 879/54/54
f 864/60/60 866/61/61 878/46/46
f 866/61/61 877/47/47 878/46/46
f 866/61/61 868/62/62 877/47/47
f 868/62/62 876/53/53 877/47/47
f 868/62/62 870/63/63 876/53/53
f 870/63/63 875/52/52 876/53/53
f 870/63/63 872/64/64 875/52/52
f 872/64/64 874/50/50 875/52/52
f 873/65/65 872/64/64 871/66/66
f 871/66/66 872/64/64 870/63/63
f 871/66/66 870/63/63 869/67/67
f 869/67/67 870/63/63 868/62/62
f 869/67/67 868/62/62 867/68/68
f 867/68/68 868/62/62 866/61/61
f 867/68/68 866/61/61 865/69/69
f 865/69/69 866/61/61 864/60/60
f 865/69/69 864/60/60 863/70/70
f 863/70/70 864/60/60 862/59/59
f 863/70/70 862/59/59 861/71/71
f 861/71/71 862/59/59 858/72/72
f 858/72/72 862/59/59 425/58/58
f 860/73/73 858/72/72 857/74/74
f 859/75/75 858/72/72 860/73/73
f 861/71/71 858/72/72 859/75/75
f 856/76/76 855/77/77 857/74/74
f 855/77/77 860/73/73 857/74/74
f 855/77/77 854/78/78 860/73/73
f 859/75/75 860/73/73 854/78/78
f 859/75/75 854/78/78 844/79/79
f 844/79/79 854/78/78 843/80/80
f 857/74/74 858/72/72 425/58/58
f 426/81/81 857/74/74 425/58/58
f 426/81/81 856/76/76 857/74/74
f 458/82/82 856/76/76 426/81/81
f 458/82/82 855/77/77 856/76/76
f 469/83/83 855/77/77 458/82/82
f 469/83/83 854/78/78 855/77/77
f 465/84/84 854/78/78 469/83/83
f 843/80/80 854/78/78 465/84/84
f 465/84/84 466/85/85 843/80/80
f 843/80/80 466/85/85 835/86/86
f 466/85/85 834/87/87 835/86/86
f 466/85/85 467/88/88 834/87/87
f 467/88/88 836/89/89 834/87/87
f 482/90/90 836/89/89 467/88/88
f 837/91/91 836/89/89 482/90/90
f 853/92/92 837/91/91 482/90/90
f 853/92/92 838/93/93 837/91/91
f 852/94/94 838/93/93 853/92/92
f 852/94/94 839/95/95 838/93/93
f 851/96/96 839/95/95 852/94/94
f 851/96/96 840/97/97 839/95/95
f 850/98/98 840/97/97 851/96/96
f 841/99/99 840/97/97 850/98/98
f 849/100/100 841/99/99 850/98/98
f 848/101/101 841/99/99 849/100/100
f 848/101/101 832/102/102 841/99/99
f 847/103/103 832/102/102 848/101/101
f 847/103/103 831/104/104 832/102/102
f 846/105/105 831/104/104 847/103/103
f 846/105/105 830/106/106 831/104/104
f 845/107/107 830/106/106 846/105/105
f 845/107/107 835/86/86 830/106/106
f 842/108/108 835/86/86 845/107/107
f 842/108/108 843/80/80 835/86/86
f 844/79/79 843/80/80 842/108/108
f 841/99/99 832/102/102 840/97/97
f 840/97/97 832/102/102 833/109/109
f 839/95/95 840/97/97 833/109/109
f 838/93/93 839/95/95 833/109/109
f 838/93/93 833/109/109 829/110/110
f 837/91/91 838/93/93 829/110/110
f 836/89/89 837/91/91 829/110/110
f 836/89/89 829/110/110 834/87/87
f 829/110/110 830/106/106 834/87/87
f 830/106/106 835/86/86 834/87/87
f 833/109/109 832/102/102 829/110/110
f 832/102/102 831/104/104 829/110/110
f 831/104/104 830/106/106 829/110/110
s 2
f 828/111/111 820/112/112 827/113/113
f 820/112/112 821/114/114 827/113/113
f 821/114/114 822/115/115 827/113/113
f 826/116/116 828/111/111 825/117/117
f 828/111/111 827/113/113 825/117/117
f 827/113/113 824/118/118 825/117/117
f 827/113/113 822/115/115 824/118/118
f 824/118/118 822/115/115 823/119/119
f 797/120/120 826/116/116 798/121/121
f 826/116/116 825/117/117 798/121/121
f 825/117/117 800/122/122 798/121/121
f 825/117/117 824/118/118 800/122/122
f 800/122/122 824/118/118 802/123/123
f 824/118/118 823/119/119 802/123/123
f 823/119/119 804/124/124 802/123/123
f 823/119/119 807/125/125 804/124/124
f 810/126/126 807/125/125 823/119/119
f 822/115/115 810/126/126 823/119/119
f 822/115/115 812/127/127 810/126/126
f 821/114/114 812/127/127 822/115/115
f 819/128/128 812/127/127 821/114/114
f 820/112/112 819/128/128 821/114/114
f 820/112/112 664/129/129 819/128/128
f 664/129/129 672/130/130 819/128/128
f 819/128/128 815/131/131 812/127/127
f 819/128/128 672/130/130 815/131/131
f 813/132/132 818/133/133 811/134/134
f 816/135/135 818/133/133 813/132/132
f 816/135/135 817/136/136 818/133/133
f 811/134/134 675/137/137 809/138/138
f 676/139/139 675/137/137 811/134/134
f 818/133/133 676/139/139 811/134/134
f 818/133/133 678/140/140 676/139/139
f 818/133/133 817/136/136 678/140/140
f 817/136/136 668/141/141 678/140/140
f 817/136/136 672/130/130 668/141/141
f 816/135/135 672/130/130 817/136/136
f 815/131/131 672/130/130 816/135/135
f 815/131/131 816/135/135 813/132/132
f 812/127/127 815/131/131 813/132/132
f 809/138/138 675/137/137 673/142/142
f 696/143/143 809/138/138 673/142/142
f 808/144/144 809/138/138 696/143/143
f 697/145/145 808/144/144 696/143/143
f 697/145/145 806/146/146 808/144/144
f 697/145/145 814/147/147 806/146/146
f 814/147/147 805/148/148 806/146/146
f 814/147/147 777/149/149 805/148/148
f 777/149/149 776/150/150 805/148/148
f 776/150/150 803/151/151 805/148/148
f 774/152/152 803/151/151 776/150/150
f 801/153/153 803/151/151 774/152/152
f 801/153/153 774/152/152 775/154/154
f 799/155/155 801/153/153 775/154/154
f 799/155/155 775/154/154 778/156/156
f 799/155/155 778/156/156 790/157/157
f 790/157/157 778/156/156 779/158/158
f 790/157/157 779/158/158 789/159/159
f 812/127/127 813/132/132 811/134/134
f 812/127/127 811/134/134 810/126/126
f 811/134/134 809/138/138 810/126/126
f 810/126/126 809/138/138 807/125/125
f 807/125/125 809/138/138 808/144/144
f 806/146/146 807/125/125 808/144/144
f 804/124/124 807/125/125 806/146/146
f 805/148/148 804/124/124 806/146/146
f 803/151/151 804/124/124 805/148/148
f 802/123/123 804/124/124 803/151/151
f 802/123/123 803/151/151 801/153/153
f 800/122/122 802/123/123 801/153/153
f 799/155/155 800/122/122 801/153/153
f 798/121/121 800/122/122 799/155/155
f 798/121/121 799/155/155 790/157/157
f 797/120/120 798/121/121 790/157/157
f 797/120/120 790/157/157 788/160/160
f 786/161/161 797/120/120 788/160/160
f 795/162/162 796/163/163 794/164/164
f 796/163/163 793/165/165 794/164/164
f 763/166/166 795/162/162 765/167/167
f 795/162/162 794/164/164 765/167/167
f 765/167/167 794/164/164 767/168/168
f 794/164/164 783/169/169 767/168/168
f 793/165/165 783/169/169 794/164/164
f 793/165/165 785/170/170 783/169/169
f 784/171/171 787/172/172 792/173/173
f 784/171/171 792/173/173 782/174/174
f 792/173/173 781/175/175 782/174/174
f 792/173/173 791/176/176 781/175/175
f 792/173/173 787/172/172 791/176/176
f 791/176/176 787/172/172 789/159/159
f 791/176/176 789/159/159 780/177/177
f 789/159/159 779/158/158 780/177/177
f 781/175/175 791/176/176 780/177/177
f 788/160/160 790/157/157 789/159/159
f 787/172/172 788/160/160 789/159/159
f 786/161/161 788/160/160 787/172/172
f 786/161/161 787/172/172 784/171/171
f 785/170/170 786/161/161 784/171/171
f 785/170/170 784/171/171 783/169/169
f 783/169/169 784/171/171 782/174/174
f 783/169/169 782/174/174 767/168/168
f 782/174/174 781/175/175 767/168/168
f 781/175/175 769/178/178 767/168/168
f 781/175/175 780/177/177 769/178/178
f 780/177/177 771/179/179 769/178/178
f 779/158/158 771/179/179 780/177/177
f 756/180/180 771/179/179 779/158/158
f 778/156/156 756/180/180 779/158/158
f 758/181/181 756/180/180 778/156/156
f 775/154/154 758/181/181 778/156/156
f 775/154/154 759/182/182 758/181/181
f 777/149/149 761/183/183 776/150/150
f 761/183/183 760/184/184 776/150/150
f 774/152/152 776/150/150 760/184/184
f 759/182/182 774/152/152 760/184/184
f 775/154/154 774/152/152 759/182/182
f 757/185/185 753/186/186 770/187/187
f 753/186/186 772/188/188 770/187/187
f 753/186/186 754/189/189 772/188/188
f 754/189/189 773/190/190 772/188/188
f 754/189/189 764/191/191 773/190/190
f 764/191/191 766/192/192 773/190/190
f 766/192/192 768/193/193 773/190/190
f 768/193/193 772/188/188 773/190/190
f 770/187/187 772/188/188 768/193/193
f 756/180/180 757/185/185 771/179/179
f 771/179/179 757/185/185 770/187/187
f 771/179/179 770/187/187 769/178/178
f 770/187/187 768/193/193 769/178/178
f 769/178/178 768/193/193 767/168/168
f 767/168/168 768/193/193 766/192/192
f 765/167/167 767/168/168 766/192/192
f 764/191/191 765/167/167 766/192/192
f 763/166/166 765/167/167 764/191/191
f 763/166/166 764/191/191 754/189/189
f 762/194/194 763/166/166 754/189/189
f 762/194/194 754/189/189 755/195/195
f 761/183/183 762/194/194 755/195/195
f 761/183/183 755/195/195 760/184/184
f 760/184/184 755/195/195 753/186/186
f 759/182/182 760/184/184 753/186/186
f 759/182/182 753/186/186 757/185/185
f 758/181/181 759/182/182 757/185/185
f 758/181/181 757/185/185 756/180/180
f 755/195/195 754/189/189 753/186/186
s 1
f 745/196/196 751/197/197 752/198/198
f 745/196/196 746/199/199 751/197/197
f 752/198/198 749/200/200 750/201/201
f 752/198/198 751/197/197 749/200/200
f 749/200/200 751/197/197 748/202/202
f 751/197/197 746/199/199 748/202/202
f 746/199/199 747/203/203 748/202/202
f 727/204/204 438/205/205 437/206/206
f 727/204/204 437/206/206 741/207/207
f 741/207/207 437/206/206 441/208/208
f 742/209/209 741/207/207 441/208/208
f 750/201/201 742/209/209 441/208/208
f 750/201/201 743/210/210 742/209/209
f 750/201/201 749/200/200 743/210/210
f 743/210/210 749/200/200 744/211/211
f 749/200/200 748/202/202 744/211/211
f 748/202/202 733/212/212 744/211/211
f 735/213/213 733/212/212 748/202/202
f 736/214/214 735/213/213 748/202/202
f 747/203/203 736/214/214 748/202/202
f 737/215/215 736/214/214 747/203/203
f 746/199/199 737/215/215 747/203/203
f 746/199/199 738/216/216 737/215/215
f 745/196/196 738/216/216 746/199/199
f 739/217/217 738/216/216 745/196/196
f 733/212/212 731/218/218 744/211/211
f 744/211/211 731/218/218 740/219/219
f 743/210/210 744/211/211 740/219/219
f 742/209/209 743/210/210 740/219/219
f 742/209/209 740/219/219 729/220/220
f 742/209/209 729/220/220 741/207/207
f 729/220/220 727/204/204 741/207/207
f 740/219/219 731/218/218 729/220/220
f 440/221/221 728/222/222 445/223/223
f 445/223/223 728/222/222 730/224/224
f 445/223/223 730/224/224 732/225/225
f 718/226/226 717/227/227 739/217/217
f 739/217/217 717/227/227 738/216/216
f 738/216/216 717/227/227 714/228/228
f 738/216/216 714/228/228 737/215/215
f 714/228/228 712/229/229 737/215/215
f 712/229/229 736/214/214 737/215/215
f 713/230/230 736/214/214 712/229/229
f 713/230/230 735/213/213 736/214/214
f 734/231/231 735/213/213 713/230/230
f 734/231/231 733/212/212 735/213/213
f 732/225/225 733/212/212 734/231/231
f 732/225/225 731/218/218 733/212/212
f 732/225/225 730/224/224 731/218/218
f 731/218/218 730/224/224 729/220/220
f 730/224/224 728/222/222 729/220/220
f 728/222/222 727/204/204 729/220/220
f 440/221/221 727/204/204 728/222/222
f 440/221/221 438/205/205 727/204/204
f 725/232/232 720/233/233 719/234/234
f 719/234/234 718/226/226 726/235/235
f 726/235/235 725/232/232 719/234/234
f 724/236/236 725/232/232 726/235/235
f 724/236/236 720/233/233 725/232/232
f 723/237/237 720/233/233 724/236/236
f 722/238/238 720/233/233 723/237/237
f 721/239/239 720/233/233 722/238/238
f 711/240/240 721/239/239 722/238/238
f 711/240/240 707/241/241 721/239/239
f 721/239/239 707/241/241 720/233/233
f 720/233/233 707/241/241 705/242/242
f 720/233/233 705/242/242 719/234/234
f 705/242/242 716/243/243 719/234/234
f 719/234/234 716/243/243 718/226/226
f 716/243/243 717/227/227 718/226/226
f 717/227/227 716/243/243 714/228/228
f 716/243/243 715/244/244 714/228/228
f 705/242/242 715/244/244 716/243/243
f 705/242/242 706/245/245 715/244/244
f 715/244/244 706/245/245 714/228/228
f 706/245/245 709/246/246 714/228/228
f 709/246/246 712/229/229 714/228/228
f 710/247/247 712/229/229 709/246/246
f 713/230/230 712/229/229 710/247/247
f 708/248/248 707/241/241 711/240/240
f 710/247/247 709/246/246 708/248/248
f 708/248/248 709/246/246 706/245/245
f 708/248/248 706/245/245 707/241/241
f 707/241/241 706/245/245 705/242/242
s 2
f 184/249/249 704/250/250 182/251/251
f 704/250/250 700/252/252 182/251/251
f 704/250/250 701/253/253 700/252/252
f 704/250/250 703/254/254 701/253/253
f 703/254/254 702/255/255 701/253/253
f 693/256/256 184/249/249 186/257/257
f 695/258/258 184/249/249 693/256/256
f 695/258/258 704/250/250 184/249/249
f 688/259/259 704/250/250 695/258/258
f 688/259/259 703/254/254 704/250/250
f 687/260/260 703/254/254 688/259/259
f 687/260/260 702/255/255 703/254/254
f 686/261/261 702/255/255 687/260/260
f 686/261/261 175/262/262 702/255/255
f 702/255/255 175/262/262 701/253/253
f 701/253/253 175/262/262 176/263/263
f 701/253/253 176/263/263 700/252/252
f 700/252/252 176/263/263 177/264/264
f 700/252/252 177/264/264 178/265/265
f 700/252/252 178/265/265 182/251/251
f 182/251/251 178/265/265 180/266/266
f 180/266/266 178/265/265 179/267/267
f 694/268/268 699/269/269 692/270/270
f 699/269/269 698/271/271 692/270/270
f 698/271/271 696/143/143 692/270/270
f 698/271/271 697/145/145 696/143/143
f 696/143/143 673/142/142 692/270/270
f 673/142/142 690/272/272 692/270/270
f 673/142/142 674/273/273 690/272/272
f 689/274/274 688/259/259 695/258/258
f 691/275/275 689/274/274 695/258/258
f 693/256/256 691/275/275 695/258/258
f 191/276/276 694/268/268 186/257/257
f 694/268/268 693/256/256 186/257/257
f 694/268/268 692/270/270 693/256/256
f 692/270/270 691/275/275 693/256/256
f 690/272/272 691/275/275 692/270/270
f 691/275/275 690/272/272 689/274/274
f 690/272/272 674/273/273 689/274/274
f 674/273/273 677/277/277 689/274/274
f 677/277/277 688/259/259 689/274/274
f 677/277/277 679/278/278 688/259/259
f 679/278/278 687/260/260 688/259/259
f 679/278/278 680/279/279 687/260/260
f 680/279/279 686/261/261 687/260/260
f 680/279/279 685/280/280 686/261/261
f 685/280/280 175/262/262 686/261/261
f 685/280/280 684/281/281 175/262/262
f 682/282/282 684/281/281 685/280/280
f 682/282/282 683/283/283 684/281/281
f 680/279/279 681/284/284 685/280/280
f 681/284/284 682/282/282 685/280/280
f 175/262/262 684/281/281 171/285/285
f 684/281/281 72/286/286 171/285/285
f 684/281/281 683/283/283 72/286/286
f 683/283/283 71/287/287 72/286/286
f 665/288/288 71/287/287 683/283/283
f 665/288/288 683/283/283 682/282/282
f 666/289/289 665/288/288 682/282/282
f 681/284/284 666/289/289 682/282/282
f 667/290/290 666/289/289 681/284/284
f 667/290/290 681/284/284 680/279/279
f 667/290/290 680/279/279 668/141/141
f 668/141/141 680/279/279 679/278/278
f 668/141/141 679/278/278 678/140/140
f 678/140/140 679/278/278 677/277/277
f 678/140/140 677/277/277 676/139/139
f 676/139/139 677/277/277 674/273/273
f 676/139/139 674/273/273 675/137/137
f 675/137/137 674/273/273 673/142/142
f 672/130/130 669/291/291 668/141/141
f 672/130/130 670/292/292 669/291/291
f 672/130/130 671/293/293 670/292/292
f 672/130/130 664/129/129 658/294/294
f 672/130/130 658/294/294 671/293/293
f 658/294/294 659/295/295 671/293/293
f 671/293/293 659/295/295 670/292/292
f 670/292/292 659/295/295 660/296/296
f 670/292/292 660/296/296 669/291/291
f 669/291/291 660/296/296 661/297/297
f 669/291/291 661/297/297 668/141/141
f 661/297/297 667/290/290 668/141/141
f 661/297/297 662/298/298 667/290/290
f 662/298/298 666/289/289 667/290/290
f 662/298/298 663/299/299 666/289/289
f 666/289/289 663/299/299 665/288/288
f 663/299/299 583/300/300 665/288/288
f 583/300/300 584/301/301 665/288/288
f 665/288/288 584/301/301 71/287/287
f 71/287/287 584/301/301 73/302/302
f 584/301/301 586/303/303 73/302/302
f 664/129/129 657/304/304 658/294/294
f 663/299/299 582/305/305 583/300/300
f 662/298/298 582/305/305 663/299/299
f 650/306/306 582/305/305 662/298/298
f 661/297/297 650/306/306 662/298/298
f 661/297/297 660/296/296 650/306/306
f 660/296/296 651/307/307 650/306/306
f 660/296/296 659/295/295 651/307/307
f 659/295/295 652/308/308 651/307/307
f 658/294/294 652/308/308 659/295/295
f 653/309/309 652/308/308 658/294/294
f 657/304/304 653/309/309 658/294/294
f 657/304/304 648/310/310 653/309/309
f 657/304/304 656/311/311 648/310/310
f 656/311/311 647/312/312 648/310/310
f 656/311/311 655/313/313 647/312/312
f 655/313/313 646/314/314 647/312/312
f 655/313/313 645/315/315 646/314/314
f 655/313/313 654/316/316 645/315/315
f 654/316/316 644/317/317 645/315/315
f 654/316/316 643/318/318 644/317/317
f 654/316/316 642/319/319 643/318/318
f 648/310/310 649/320/320 653/309/309
f 653/309/309 649/320/320 652/308/308
f 652/308/308 649/320/320 576/321/321
f 652/308/308 576/321/321 651/307/307
f 576/321/321 579/322/322 651/307/307
f 651/307/307 579/322/322 581/323/323
f 651/307/307 581/323/323 650/306/306
f 650/306/306 581/323/323 582/305/305
f 649/320/320 578/324/324 576/321/321
f 649/320/320 624/325/325 578/324/324
f 648/310/310 624/325/325 649/320/320
f 648/310/310 625/326/326 624/325/325
f 647/312/312 625/326/326 648/310/310
f 647/312/312 626/327/327 625/326/326
f 646/314/314 626/327/327 647/312/312
f 646/314/314 627/328/328 626/327/327
f 645/315/315 627/328/328 646/314/314
f 645/315/315 628/329/329 627/328/328
f 644/317/317 628/329/329 645/315/315
f 629/330/330 628/329/329 644/317/317
f 641/331/331 629/330/330 644/317/317
f 643/318/318 641/331/331 644/317/317
f 639/332/332 641/331/331 643/318/318
f 642/319/319 639/332/332 643/318/318
f 642/319/319 633/333/333 639/332/332
f 642/319/319 634/334/334 633/333/333
f 639/332/332 640/335/335 641/331/331
f 641/331/331 630/336/336 629/330/330
f 641/331/331 640/335/335 630/336/336
f 640/335/335 631/337/337 630/336/336
f 633/333/333 631/337/337 640/335/335
f 633/333/333 640/335/335 639/332/332
f 637/338/338 638/339/339 636/340/340
f 638/339/339 635/341/341 636/340/340
f 634/334/334 637/338/338 632/342/342
f 637/338/338 636/340/340 632/342/342
f 636/340/340 621/343/343 632/342/342
f 622/344/344 621/343/343 636/340/340
f 635/341/341 622/344/344 636/340/340
f 635/341/341 623/345/345 622/344/344
f 634/334/334 632/342/342 633/333/333
f 632/342/342 631/337/337 633/333/333
f 632/342/342 621/343/343 631/337/337
f 631/337/337 621/343/343 630/336/336
f 630/336/336 621/343/343 620/346/346
f 630/336/336 620/346/346 629/330/330
f 629/330/330 620/346/346 619/347/347
f 629/330/330 619/347/347 628/329/329
f 628/329/329 619/347/347 618/348/348
f 627/328/328 628/329/329 618/348/348
f 627/328/328 618/348/348 617/349/349
f 626/327/327 627/328/328 617/349/349
f 626/327/327 617/349/349 616/350/350
f 625/326/326 626/327/327 616/350/350
f 625/326/326 616/350/350 615/351/351
f 624/325/325 625/326/326 615/351/351
f 624/325/325 615/351/351 594/352/352
f 624/325/325 594/352/352 578/324/324
f 623/345/345 600/353/353 598/354/354
f 623/345/345 598/354/354 622/344/344
f 598/354/354 610/355/355 622/344/344
f 622/344/344 610/355/355 621/343/343
f 621/343/343 610/355/355 608/356/356
f 620/346/346 621/343/343 608/356/356
f 620/346/346 608/356/356 612/357/357
f 619/347/347 620/346/346 612/357/357
f 619/347/347 612/357/357 613/358/358
f 619/347/347 613/358/358 618/348/348
f 613/358/358 614/359/359 618/348/348
f 618/348/348 614/359/359 617/349/349
f 614/359/359 606/360/360 617/349/349
f 617/349/349 606/360/360 616/350/350
f 616/350/350 606/360/360 607/361/361
f 616/350/350 607/361/361 615/351/351
f 615/351/351 607/361/361 594/352/352
f 594/352/352 607/361/361 593/362/362
f 609/363/363 611/364/364 608/356/356
f 608/356/356 611/364/364 612/357/357
f 614/359/359 605/365/365 606/360/360
f 604/366/366 605/365/365 614/359/359
f 604/366/366 614/359/359 613/358/358
f 602/367/367 604/366/366 613/358/358
f 612/357/357 602/367/367 613/358/358
f 611/364/364 602/367/367 612/357/357
f 599/368/368 602/367/367 611/364/364
f 599/368/368 611/364/364 609/363/363
f 599/368/368 609/363/363 598/354/354
f 598/354/354 609/363/363 610/355/355
f 610/355/355 609/363/363 608/356/356
f 600/353/353 603/369/369 601/370/370
f 593/362/362 607/361/361 592/371/371
f 607/361/361 596/372/372 592/371/371
f 607/361/361 606/360/360 596/372/372
f 606/360/360 605/365/365 596/372/372
f 605/365/365 597/373/373 596/372/372
f 604/366/366 597/373/373 605/365/365
f 603/369/369 597/373/373 604/366/366
f 602/367/367 603/369/369 604/366/366
f 601/370/370 603/369/369 602/367/367
f 601/370/370 602/367/367 599/368/368
f 600/353/353 601/370/370 599/368/368
f 600/353/353 599/368/368 598/354/354
f 597/373/373 595/374/374 596/372/372
f 596/372/372 595/374/374 592/371/371
f 595/374/374 591/375/375 592/371/371
f 594/352/352 593/362/362 578/324/324
f 578/324/324 593/362/362 577/376/376
f 577/376/376 593/362/362 592/371/371
f 577/376/376 592/371/371 580/377/377
f 592/371/371 591/375/375 580/377/377
f 580/377/377 591/375/375 575/378/378
f 591/375/375 125/379/379 575/378/378
f 125/379/379 573/380/380 575/378/378
f 573/380/380 125/379/379 124/381/381
f 573/380/380 124/381/381 590/382/382
f 124/381/381 86/383/383 590/382/382
f 590/382/382 86/383/383 589/384/384
f 589/384/384 86/383/383 77/385/385
f 587/386/386 589/384/384 77/385/385
f 75/387/387 587/386/386 77/385/385
f 586/303/303 587/386/386 75/387/387
f 586/303/303 75/387/387 74/388/388
f 586/303/303 74/388/388 73/302/302
f 585/389/389 573/380/380 588/390/390
f 588/390/390 573/380/380 590/382/382
f 588/390/390 590/382/382 589/384/384
f 587/386/386 588/390/390 589/384/384
f 585/389/389 588/390/390 587/386/386
f 585/389/389 587/386/386 586/303/303
f 584/301/301 585/389/389 586/303/303
f 584/301/301 573/380/380 585/389/389
f 583/300/300 573/380/380 584/301/301
f 572/391/391 573/380/380 583/300/300
f 582/305/305 572/391/391 583/300/300
f 582/305/305 574/392/392 572/391/391
f 582/305/305 581/323/323 574/392/392
f 581/323/323 575/378/378 574/392/392
f 581/323/323 579/322/322 575/378/378
f 579/322/322 580/377/377 575/378/378
f 579/322/322 577/376/376 580/377/377
f 576/321/321 577/376/376 579/322/322
f 578/324/324 577/376/376 576/321/321
f 575/378/378 573/380/380 574/392/392
f 574/392/392 573/380/380 572/391/391
f 565/393/393 570/394/394 566/395/395
f 570/394/394 567/396/396 566/395/395
f 570/394/394 569/397/397 567/396/396
f 569/397/397 568/398/398 567/396/396
f 557/399/399 571/400/400 558/401/401
f 571/400/400 564/402/402 558/401/401
f 571/400/400 342/403/403 564/402/402
f 342/403/403 343/404/404 564/402/402
f 343/404/404 565/393/393 564/402/402
f 343/404/404 570/394/394 565/393/393
f 336/405/405 570/394/394 343/404/404
f 336/405/405 569/397/397 570/394/394
f 337/406/406 569/397/397 336/405/405
f 337/406/406 568/398/398 569/397/397
f 337/406/406 348/407/407 568/398/398
f 568/398/398 348/407/407 344/408/408
f 568/398/398 344/408/408 563/409/409
f 568/398/398 563/409/409 567/396/396
f 563/409/409 561/410/410 567/396/396
f 567/396/396 561/410/410 566/395/395
f 561/410/410 560/411/411 566/395/395
f 565/393/393 566/395/395 560/411/411
f 559/412/412 565/393/393 560/411/411
f 564/402/402 565/393/393 559/412/412
f 564/402/402 559/412/412 558/401/401
f 344/408/408 345/413/413 563/409/409
f 345/413/413 562/414/414 563/409/409
f 562/414/414 561/410/410 563/409/409
f 346/415/415 360/416/416 345/413/413
f 345/413/413 360/416/416 562/414/414
f 360/416/416 556/417/417 562/414/414
f 556/417/417 553/418/418 562/414/414
f 553/418/418 561/410/410 562/414/414
f 552/419/419 561/410/410 553/418/418
f 552/419/419 560/411/411 561/410/410
f 551/420/420 560/411/411 552/419/419
f 559/412/412 560/411/411 551/420/420
f 550/421/421 559/412/412 551/420/420
f 558/401/401 559/412/412 550/421/421
f 558/401/401 550/421/421 547/422/422
f 557/399/399 558/401/401 547/422/422
f 58/423/423 547/422/422 546/424/424
f 57/425/425 58/423/423 546/424/424
f 57/425/425 546/424/424 537/426/426
f 57/425/425 537/426/426 520/427/427
f 556/417/417 554/428/428 553/418/418
f 555/429/429 541/430/430 542/431/431
f 555/429/429 542/431/431 549/432/432
f 554/428/428 555/429/429 549/432/432
f 554/428/428 549/432/432 553/418/418
f 549/432/432 548/433/433 553/418/418
f 553/418/418 548/433/433 552/419/419
f 551/420/420 552/419/419 548/433/433
f 551/420/420 548/433/433 544/434/434
f 550/421/421 551/420/420 544/434/434
f 545/435/435 550/421/421 544/434/434
f 547/422/422 550/421/421 545/435/435
f 542/431/431 543/436/436 549/432/432
f 549/432/432 543/436/436 548/433/433
f 548/433/433 543/436/436 544/434/434
f 547/422/422 545/435/435 546/424/424
f 546/424/424 545/435/435 537/426/426
f 537/426/426 545/435/435 536/437/437
f 536/437/437 545/435/435 544/434/434
f 536/437/437 544/434/434 535/438/438
f 544/434/434 543/436/436 535/438/438
f 543/436/436 534/439/439 535/438/438
f 543/436/436 533/440/440 534/439/439
f 542/431/431 533/440/440 543/436/436
f 532/441/441 533/440/440 542/431/431
f 541/430/430 532/441/441 542/431/431
f 541/430/430 36/442/442 532/441/441
f 541/430/430 540/443/443 36/442/442
f 540/443/443 29/444/444 36/442/442
f 540/443/443 539/445/445 29/444/444
f 539/445/445 21/446/446 29/444/444
f 539/445/445 538/447/447 21/446/446
f 538/447/447 6/448/448 21/446/446
f 537/426/426 536/437/437 520/427/427
f 520/427/427 536/437/437 518/449/449
f 518/449/449 536/437/437 535/438/438
f 518/449/449 535/438/438 515/450/450
f 534/439/439 515/450/450 535/438/438
f 514/451/451 515/450/450 534/439/439
f 533/440/440 514/451/451 534/439/439
f 533/440/440 527/452/452 514/451/451
f 532/441/441 527/452/452 533/440/440
f 532/441/441 528/453/453 527/452/452
f 36/442/442 528/453/453 532/441/441
f 36/442/442 529/454/454 528/453/453
f 36/442/442 35/455/455 529/454/454
f 530/456/456 529/454/454 35/455/455
f 34/457/457 530/456/456 35/455/455
f 531/458/458 530/456/456 34/457/457
f 531/458/458 34/457/457 33/459/459
f 48/460/460 531/458/458 33/459/459
f 48/460/460 524/461/461 531/458/458
f 524/461/461 530/456/456 531/458/458
f 525/462/462 530/456/456 524/461/461
f 525/462/462 529/454/454 530/456/456
f 529/454/454 525/462/462 526/463/463
f 528/453/453 529/454/454 526/463/463
f 527/452/452 528/453/453 526/463/463
f 527/452/452 526/463/463 514/451/451
f 526/463/463 516/464/464 514/451/451
f 526/463/463 525/462/462 516/464/464
f 522/465/465 516/464/464 525/462/462
f 522/465/465 525/462/462 524/461/461
f 523/466/466 522/465/465 524/461/461
f 48/460/460 523/466/466 524/461/461
f 523/466/466 48/460/460 47/467/467
f 519/468/468 517/469/469 521/470/470
f 521/470/470 517/469/469 522/465/465
f 521/470/470 522/465/465 523/466/466
f 521/470/470 523/466/466 64/471/471
f 64/471/471 523/466/466 47/467/467
f 46/472/472 64/471/471 47/467/467
f 522/465/465 517/469/469 516/464/464
f 62/473/473 521/470/470 64/471/471
f 62/473/473 57/425/425 521/470/470
f 57/425/425 519/468/468 521/470/470
f 57/425/425 520/427/427 519/468/468
f 520/427/427 518/449/449 519/468/468
f 519/468/468 518/449/449 517/469/469
f 517/469/469 518/449/449 515/450/450
f 517/469/469 515/450/450 516/464/464
f 516/464/464 515/450/450 514/451/451
s 1
f 502/474/474 503/475/475 504/476/476
f 512/477/477 502/474/474 504/476/476
f 512/477/477 504/476/476 506/478/478
f 513/479/479 512/477/477 506/478/478
f 511/480/480 512/477/477 513/479/479
f 511/480/480 502/474/474 512/477/477
f 501/481/481 502/474/474 511/480/480
f 483/482/482 463/483/483 464/484/484
f 496/485/485 483/482/482 464/484/484
f 496/485/485 464/484/484 510/486/486
f 496/485/485 510/486/486 495/487/487
f 510/486/486 509/488/488 495/487/487
f 495/487/487 509/488/488 494/489/489
f 509/488/488 508/490/490 494/489/489
f 505/491/491 494/489/489 508/490/490
f 507/492/492 505/491/491 508/490/490
f 506/478/478 505/491/491 507/492/492
f 504/476/476 505/491/491 506/478/478
f 504/476/476 494/489/489 505/491/491
f 503/475/475 494/489/489 504/476/476
f 493/493/493 494/489/489 503/475/475
f 502/474/474 493/493/493 503/475/475
f 502/474/474 500/494/494 493/493/493
f 501/481/481 500/494/494 502/474/474
f 499/495/495 500/494/494 501/481/481
f 500/494/494 497/496/496 493/493/493
f 500/494/494 498/497/497 497/496/496
f 499/495/495 498/497/497 500/494/494
f 486/498/498 498/497/497 499/495/495
f 486/498/498 485/499/499 498/497/497
f 498/497/497 485/499/499 497/496/496
f 485/499/499 484/500/500 497/496/496
f 484/500/500 483/482/482 497/496/496
f 497/496/496 483/482/482 496/485/485
f 497/496/496 496/485/485 493/493/493
f 493/493/493 496/485/485 495/487/487
f 495/487/487 494/489/489 493/493/493
f 477/501/501 473/502/502 492/503/503
f 492/503/503 473/502/502 474/504/504
f 492/503/503 474/504/504 491/505/505
f 491/505/505 474/504/504 475/506/506
f 491/505/505 475/506/506 490/507/507
f 490/507/507 475/506/506 476/508/508
f 490/507/507 476/508/508 489/509/509
f 489/509/509 476/508/508 459/510/510
f 489/509/509 459/510/510 488/511/511
f 488/511/511 459/510/510 460/512/512
f 488/511/511 460/512/512 487/513/513
f 487/513/513 460/512/512 461/514/514
f 487/513/513 461/514/514 486/498/498
f 486/498/498 461/514/514 485/499/499
f 485/499/499 461/514/514 462/515/515
f 485/499/499 462/515/515 484/500/500
f 462/515/515 463/483/483 484/500/500
f 484/500/500 463/483/483 483/482/482
f 482/90/90 467/88/88 481/516/516
f 481/516/516 467/88/88 468/517/517
f 481/516/516 468/517/517 480/518/518
f 480/518/518 468/517/517 470/519/519
f 480/518/518 470/519/519 479/520/520
f 479/520/520 470/519/519 471/521/521
f 479/520/520 471/521/521 478/522/522
f 478/522/522 471/521/521 472/523/523
f 478/522/522 472/523/523 477/501/501
f 477/501/501 472/523/523 473/502/502
f 459/510/510 476/508/508 452/524/524
f 476/508/508 453/525/525 452/524/524
f 476/508/508 475/506/506 453/525/525
f 475/506/506 454/526/526 453/525/525
f 475/506/506 474/504/504 454/526/526
f 474/504/504 455/527/527 454/526/526
f 474/504/504 473/502/502 455/527/527
f 473/502/502 456/528/528 455/527/527
f 473/502/502 472/523/523 456/528/528
f 472/523/523 457/529/529 456/528/528
f 472/523/523 471/521/521 457/529/529
f 471/521/521 458/82/82 457/529/529
f 471/521/521 470/519/519 458/82/82
f 470/519/519 469/83/83 458/82/82
f 470/519/519 468/517/517 469/83/83
f 468/517/517 465/84/84 469/83/83
f 468/517/517 467/88/88 465/84/84
f 467/88/88 466/85/85 465/84/84
f 464/484/484 463/483/483 450/530/530
f 463/483/483 449/531/531 450/530/530
f 462/515/515 449/531/531 463/483/483
f 451/532/532 449/531/531 462/515/515
f 461/514/514 451/532/532 462/515/515
f 461/514/514 460/512/512 451/532/532
f 460/512/512 459/510/510 451/532/532
f 459/510/510 452/524/524 451/532/532
f 458/82/82 426/81/81 457/529/529
f 457/529/529 426/81/81 427/533/533
f 457/529/529 427/533/533 456/528/528
f 456/528/528 427/533/533 442/534/534
f 456/528/528 442/534/534 455/527/527
f 455/527/527 442/534/534 443/535/535
f 455/527/527 443/535/535 454/526/526
f 454/526/526 443/535/535 444/536/536
f 454/526/526 444/536/536 453/525/525
f 453/525/525 444/536/536 446/537/537
f 453/525/525 446/537/537 452/524/524
f 452/524/524 446/537/537 447/538/538
f 452/524/524 447/538/538 451/532/532
f 451/532/532 447/538/538 449/531/531
f 449/531/531 447/538/538 448/539/539
f 450/530/530 449/531/531 448/539/539
f 448/539/539 447/538/538 445/223/223
f 447/538/538 446/537/537 445/223/223
f 446/537/537 444/536/536 445/223/223
f 444/536/536 440/221/221 445/223/223
f 444/536/536 443/535/535 440/221/221
f 443/535/535 442/534/534 440/221/221
f 442/534/534 439/540/540 440/221/221
f 442/534/534 427/533/533 439/540/540
f 427/533/533 424/541/541 439/540/540
f 441/208/208 435/542/542 434/543/543
f 441/208/208 436/544/544 435/542/542
f 441/208/208 437/206/206 436/544/544
f 439/540/540 438/205/205 440/221/221
f 424/541/541 438/205/205 439/540/540
f 424/541/541 422/545/545 438/205/205
f 438/205/205 422/545/545 420/546/546
f 437/206/206 438/205/205 420/546/546
f 437/206/206 420/546/546 419/547/547
f 436/544/544 437/206/206 419/547/547
f 436/544/544 419/547/547 432/548/548
f 436/544/544 432/548/548 435/542/542
f 432/548/548 431/549/549 435/542/542
f 435/542/542 431/549/549 434/543/543
f 431/549/549 429/550/550 434/543/543
f 434/543/543 429/550/550 433/551/551
f 433/551/551 429/550/550 430/552/552
f 433/551/551 430/552/552 397/553/553
f 397/553/553 430/552/552 398/554/554
f 398/554/554 430/552/552 402/555/555
f 398/554/554 402/555/555 400/556/556
f 419/547/547 418/557/557 432/548/548
f 418/557/557 417/558/558 432/548/548
f 417/558/558 416/559/559 432/548/548
f 432/548/548 416/559/559 428/560/560
f 432/548/548 428/560/560 431/549/549
f 431/549/549 428/560/560 415/561/561
f 429/550/550 431/549/549 415/561/561
f 429/550/550 415/561/561 402/555/555
f 430/552/552 429/550/550 402/555/555
f 428/560/560 416/559/559 415/561/561
f 427/533/533 426/81/81 424/541/541
f 426/81/81 425/58/58 424/541/541
f 425/58/58 423/57/57 424/541/541
f 424/541/541 423/57/57 422/545/545
f 422/545/545 423/57/57 421/55/55
f 422/545/545 421/55/55 420/546/546
f 421/55/55 309/56/56 420/546/546
f 420/546/546 309/56/56 419/547/547
f 419/547/547 309/56/56 292/562/562
f 419/547/547 292/562/562 418/557/557
f 418/557/557 292/562/562 291/563/563
f 418/557/557 291/563/563 417/558/558
f 291/563/563 407/564/564 417/558/558
f 417/558/558 407/564/564 416/559/559
f 416/559/559 407/564/564 405/565/565
f 416/559/559 405/565/565 415/561/561
f 405/565/565 403/566/566 415/561/561
f 415/561/561 403/566/566 402/555/555
f 392/567/567 412/568/568 391/569/569
f 391/569/569 412/568/568 404/570/570
f 412/568/568 410/571/571 404/570/570
f 414/572/572 404/570/570 410/571/571
f 409/573/573 414/572/572 410/571/571
f 408/574/574 414/572/572 409/573/573
f 396/575/575 399/576/576 411/577/577
f 394/578/578 396/575/575 411/577/577
f 393/579/579 394/578/578 411/577/577
f 393/579/579 411/577/577 413/580/580
f 393/579/579 413/580/580 392/567/567
f 413/580/580 412/568/568 392/567/567
f 411/577/577 412/568/568 413/580/580
f 411/577/577 410/571/571 412/568/568
f 399/576/576 410/571/571 411/577/577
f 409/573/573 410/571/571 399/576/576
f 399/576/576 401/581/581 409/573/573
f 401/581/581 408/574/574 409/573/573
f 401/581/581 403/566/566 408/574/574
f 406/582/582 408/574/574 403/566/566
f 405/565/565 406/582/582 403/566/566
f 407/564/564 406/582/582 405/565/565
f 390/583/583 391/569/569 404/570/570
f 402/555/555 403/566/566 401/581/581
f 402/555/555 401/581/581 400/556/556
f 400/556/556 401/581/581 399/576/576
f 398/554/554 400/556/556 399/576/576
f 396/575/575 398/554/554 399/576/576
f 397/553/553 398/554/554 396/575/575
f 397/553/553 396/575/575 395/584/584
f 395/584/584 396/575/575 394/578/578
f 395/584/584 394/578/578 387/585/585
f 387/585/585 394/578/578 393/579/579
f 387/585/585 393/579/579 385/586/586
f 385/586/586 393/579/579 392/567/567
f 385/586/586 392/567/567 383/587/587
f 392/567/567 391/569/569 383/587/587
f 383/587/587 391/569/569 382/588/588
f 382/588/588 391/569/569 390/583/583
f 389/589/589 382/588/588 390/583/583
f 381/590/590 382/588/588 389/589/589
f 386/591/591 384/592/592 388/593/593
f 388/593/593 384/592/592 381/590/590
f 387/585/585 385/586/586 386/591/591
f 386/591/591 385/586/586 384/592/592
f 384/592/592 385/586/586 383/587/587
f 384/592/592 383/587/587 381/590/590
f 383/587/587 382/588/588 381/590/590
f 379/594/594 288/595/595 299/596/596
f 297/597/597 299/596/596 288/595/595
f 297/597/597 288/595/595 289/598/598
f 294/599/599 297/597/597 289/598/598
f 290/600/600 294/599/599 289/598/598
f 287/601/601 288/595/595 380/602/602
f 380/602/602 288/595/595 379/594/594
f 380/602/602 379/594/594 304/603/603
f 304/603/603 379/594/594 303/604/604
f 379/594/594 299/596/596 303/604/604
f 299/596/596 302/605/605 303/604/604
s 2
f 375/606/606 376/607/607 378/608/608
f 376/607/607 377/609/609 378/608/608
f 373/610/610 374/611/611 372/612/612
f 374/611/611 375/606/606 372/612/612
f 372/612/612 375/606/606 371/613/613
f 371/613/613 375/606/606 378/608/608
f 371/613/613 378/608/608 370/614/614
f 378/608/608 369/615/615 370/614/614
f 377/609/609 369/615/615 378/608/608
f 368/616/616 369/615/615 377/609/609
f 368/616/616 377/609/609 367/617/617
f 367/617/617 377/609/609 376/607/607
f 367/617/617 376/607/607 365/618/618
f 365/618/618 376/607/607 375/606/606
f 365/618/618 375/606/606 357/619/619
f 357/619/619 375/606/606 355/620/620
f 355/620/620 375/606/606 374/611/611
f 355/620/620 374/611/611 353/621/621
f 353/621/621 374/611/611 373/610/610
f 353/621/621 373/610/610 352/622/622
f 352/622/622 373/610/610 351/623/623
f 351/623/623 373/610/610 372/612/612
f 351/623/623 372/612/612 350/624/624
f 372/612/612 371/613/613 350/624/624
f 350/624/624 371/613/613 349/625/625
f 349/625/625 371/613/613 370/614/614
f 349/625/625 370/614/614 347/626/626
f 370/614/614 362/627/627 347/626/626
f 369/615/615 362/627/627 370/614/614
f 363/628/628 362/627/627 369/615/615
f 363/628/628 369/615/615 368/616/616
f 364/629/629 363/628/628 368/616/616
f 364/629/629 368/616/616 367/617/617
f 366/630/630 364/629/629 367/617/617
f 366/630/630 367/617/617 365/618/618
f 359/631/631 366/630/630 365/618/618
f 359/631/631 365/618/618 357/619/619
f 364/629/629 361/632/632 363/628/628
f 363/628/628 361/632/632 362/627/627
f 362/627/627 361/632/632 346/415/415
f 362/627/627 346/415/415 347/626/626
f 361/632/632 360/416/416 346/415/415
f 358/633/633 359/631/631 357/619/619
f 356/634/634 358/633/633 357/619/619
f 356/634/634 357/619/619 355/620/620
f 354/635/635 356/634/634 355/620/620
f 354/635/635 355/620/620 353/621/621
f 340/636/636 354/635/635 353/621/621
f 340/636/636 353/621/621 352/622/622
f 340/636/636 352/622/622 339/637/637
f 352/622/622 351/623/623 339/637/637
f 339/637/637 351/623/623 338/638/638
f 338/638/638 351/623/623 350/624/624
f 338/638/638 350/624/624 337/406/406
f 350/624/624 349/625/625 337/406/406
f 337/406/406 349/625/625 348/407/407
f 348/407/407 349/625/625 347/626/626
f 348/407/407 347/626/626 344/408/408
f 347/626/626 346/415/415 344/408/408
f 346/415/415 345/413/413 344/408/408
f 342/403/403 336/405/405 343/404/404
f 342/403/403 341/639/639 336/405/405
f 341/639/639 339/637/637 336/405/405
f 341/639/639 340/636/636 339/637/637
f 339/637/637 338/638/638 336/405/405
f 338/638/638 337/406/406 336/405/405
s 1
f 325/640/640 322/641/641 320/642/642
f 334/643/643 325/640/640 320/642/642
f 327/644/644 325/640/640 334/643/643
f 327/644/644 334/643/643 330/645/645
f 330/645/645 334/643/643 335/646/646
f 330/645/645 335/646/646 317/647/647
f 317/647/647 335/646/646 319/648/648
f 335/646/646 334/643/643 319/648/648
f 334/643/643 320/642/642 319/648/648
f 328/649/649 333/650/650 326/651/651
f 333/650/650 324/652/652 326/651/651
f 332/653/653 329/654/654 331/655/655
f 315/656/656 332/653/653 316/657/657
f 332/653/653 331/655/655 316/657/657
f 331/655/655 317/647/647 316/657/657
f 330/645/645 317/647/647 331/655/655
f 331/655/655 329/654/654 330/645/645
f 329/654/654 327/644/644 330/645/645
f 329/654/654 328/649/649 327/644/644
f 328/649/649 326/651/651 327/644/644
f 326/651/651 325/640/640 327/644/644
f 326/651/651 324/652/652 325/640/640
f 325/640/640 324/652/652 322/641/641
f 324/652/652 323/658/658 322/641/641
f 323/658/658 321/659/659 322/641/641
f 322/641/641 321/659/659 320/642/642
f 321/659/659 306/660/660 320/642/642
f 320/642/642 306/660/660 319/648/648
f 319/648/648 306/660/660 284/661/661
f 317/647/647 319/648/648 284/661/661
f 318/39/39 311/662/662 310/40/40
f 285/663/663 317/647/647 284/661/661
f 316/657/657 317/647/647 285/663/663
f 316/657/657 285/663/663 301/664/664
f 315/656/656 316/657/657 301/664/664
f 300/665/665 315/656/656 301/664/664
f 314/666/666 315/656/656 300/665/665
f 314/666/666 300/665/665 298/667/667
f 313/668/668 314/666/666 298/667/667
f 313/668/668 298/667/667 296/669/669
f 312/670/670 313/668/668 296/669/669
f 312/670/670 296/669/669 295/671/671
f 311/662/662 312/670/670 295/671/671
f 311/662/662 295/671/671 293/672/672
f 311/662/662 293/672/672 310/40/40
f 293/672/672 292/562/562 310/40/40
f 292/562/562 307/41/41 310/40/40
f 292/562/562 309/56/56 307/41/41
f 309/56/56 308/42/42 307/41/41
f 305/673/673 284/661/661 306/660/660
f 286/674/674 284/661/661 305/673/673
f 304/603/603 286/674/674 305/673/673
f 303/604/604 286/674/674 304/603/603
f 303/604/604 285/663/663 286/674/674
f 302/605/605 285/663/663 303/604/604
f 301/664/664 285/663/663 302/605/605
f 301/664/664 302/605/605 299/596/596
f 301/664/664 299/596/596 300/665/665
f 300/665/665 299/596/596 298/667/667
f 298/667/667 299/596/596 297/597/597
f 298/667/667 297/597/597 296/669/669
f 296/669/669 297/597/597 294/599/599
f 296/669/669 294/599/599 295/671/671
f 295/671/671 294/599/599 293/672/672
f 293/672/672 294/599/599 290/600/600
f 293/672/672 290/600/600 292/562/562
f 292/562/562 290/600/600 291/563/563
f 291/563/563 290/600/600 287/601/601
f 290/600/600 289/598/598 287/601/601
f 289/598/598 288/595/595 287/601/601
f 286/674/674 285/663/663 284/661/661
s 2
f 280/675/675 283/676/676 281/677/677
f 283/676/676 204/678/678 281/677/677
f 204/678/678 202/679/679 281/677/677
f 202/679/679 282/680/680 281/677/677
f 202/679/679 200/681/681 282/680/680
f 282/680/680 200/681/681 198/682/682
f 282/680/680 198/682/682 197/683/683
f 277/684/684 282/680/680 197/683/683
f 281/677/677 282/680/680 277/684/684
f 281/677/677 277/684/684 276/685/685
f 280/675/675 281/677/677 276/685/685
f 280/675/675 276/685/685 275/686/686
f 279/687/687 280/675/675 275/686/686
f 279/687/687 275/686/686 269/688/688
f 278/689/689 279/687/687 269/688/688
f 267/690/690 278/689/689 269/688/688
f 277/684/684 197/683/683 273/691/691
f 274/692/692 277/684/684 273/691/691
f 276/685/685 277/684/684 274/692/692
f 276/685/685 274/692/692 275/686/686
f 275/686/686 274/692/692 271/693/693
f 275/686/686 271/693/693 269/688/688
f 271/693/693 274/692/692 273/691/691
f 268/694/694 270/695/695 265/696/696
f 265/696/696 270/695/695 264/697/697
f 264/697/697 270/695/695 272/698/698
f 264/697/697 272/698/698 263/699/699
f 263/699/699 272/698/698 195/700/700
f 262/701/701 263/699/699 195/700/700
f 220/702/702 262/701/701 195/700/700
f 196/703/703 220/702/702 195/700/700
f 220/702/702 196/703/703 219/704/704
f 219/704/704 196/703/703 199/705/705
f 195/700/700 273/691/691 197/683/683
f 272/698/698 273/691/691 195/700/700
f 271/693/693 273/691/691 272/698/698
f 270/695/695 271/693/693 272/698/698
f 269/688/688 271/693/693 270/695/695
f 269/688/688 270/695/695 268/694/694
f 267/690/690 269/688/688 268/694/694
f 267/690/690 268/694/694 265/696/696
f 266/706/706 267/690/690 265/696/696
f 261/707/707 266/706/706 265/696/696
f 261/707/707 265/696/696 258/708/708
f 265/696/696 264/697/697 258/708/708
f 258/708/708 264/697/697 259/709/709
f 259/709/709 264/697/697 263/699/699
f 260/710/710 259/709/709 263/699/699
f 260/710/710 263/699/699 262/701/701
f 240/711/711 260/710/710 262/701/701
f 240/711/711 262/701/701 220/702/702
f 256/712/712 261/707/707 258/708/708
f 242/713/713 238/714/714 237/715/715
f 253/716/716 238/714/714 242/713/713
f 253/716/716 239/717/717 238/714/714
f 254/718/718 239/717/717 253/716/716
f 254/718/718 240/711/711 239/717/717
f 257/719/719 240/711/711 254/718/718
f 257/719/719 260/710/710 240/711/711
f 257/719/719 259/709/709 260/710/710
f 258/708/708 259/709/709 257/719/719
f 256/712/712 258/708/708 257/719/719
f 256/712/712 257/719/719 254/718/718
f 255/720/720 256/712/712 254/718/718
f 243/721/721 255/720/720 254/718/718
f 243/721/721 254/718/718 253/716/716
f 243/721/721 253/716/716 242/713/713
f 252/722/722 244/723/723 245/724/724
f 252/722/722 245/724/724 246/725/725
f 251/726/726 252/722/722 246/725/725
f 251/726/726 246/725/725 247/727/727
f 250/728/728 251/726/726 247/727/727
f 250/728/728 247/727/727 248/729/729
f 249/730/730 250/728/728 248/729/729
f 241/731/731 249/730/730 248/729/729
f 241/731/731 248/729/729 234/732/732
f 248/729/729 247/727/727 234/732/732
f 247/727/727 235/733/733 234/732/732
f 246/725/725 235/733/733 247/727/727
f 246/725/725 236/734/734 235/733/733
f 245/724/724 236/734/734 246/725/725
f 245/724/724 237/715/715 236/734/734
f 242/713/713 237/715/715 245/724/724
f 244/723/723 242/713/713 245/724/724
f 244/723/723 243/721/721 242/713/713
f 233/735/735 241/731/731 234/732/732
f 239/717/717 240/711/711 220/702/702
f 239/717/717 220/702/702 221/736/736
f 238/714/714 239/717/717 221/736/736
f 238/714/714 221/736/736 229/737/737
f 237/715/715 238/714/714 229/737/737
f 237/715/715 229/737/737 230/738/738
f 236/734/734 237/715/715 230/738/738
f 236/734/734 230/738/738 231/739/739
f 235/733/733 236/734/734 231/739/739
f 232/740/740 235/733/733 231/739/739
f 234/732/732 235/733/733 232/740/740
f 234/732/732 232/740/740 211/741/741
f 233/735/735 234/732/732 211/741/741
f 233/735/735 211/741/741 210/742/742
f 155/743/743 233/735/735 210/742/742
f 155/743/743 210/742/742 153/744/744
f 210/742/742 160/745/745 153/744/744
f 211/741/741 232/740/740 212/746/746
f 212/746/746 232/740/740 222/747/747
f 232/740/740 231/739/739 222/747/747
f 222/747/747 231/739/739 228/748/748
f 231/739/739 230/738/738 228/748/748
f 230/738/738 227/749/749 228/748/748
f 230/738/738 229/737/737 227/749/749
f 229/737/737 226/750/750 227/749/749
f 229/737/737 221/736/736 226/750/750
f 221/736/736 219/704/704 226/750/750
f 219/704/704 218/751/751 226/750/750
f 222/747/747 228/748/748 223/752/752
f 228/748/748 224/753/753 223/752/752
f 227/749/749 224/753/753 228/748/748
f 225/754/754 224/753/753 227/749/749
f 226/750/750 225/754/754 227/749/749
f 218/751/751 225/754/754 226/750/750
f 217/755/755 225/754/754 218/751/751
f 217/755/755 216/756/756 225/754/754
f 216/756/756 215/757/757 225/754/754
f 215/757/757 224/753/753 225/754/754
f 215/757/757 214/758/758 224/753/753
f 224/753/753 214/758/758 223/752/752
f 213/759/759 223/752/752 214/758/758
f 212/746/746 222/747/747 213/759/759
f 221/736/736 220/702/702 219/704/704
f 199/705/705 218/751/751 219/704/704
f 217/755/755 218/751/751 199/705/705
f 201/760/760 217/755/755 199/705/705
f 203/761/761 217/755/755 201/760/760
f 206/762/762 217/755/755 203/761/761
f 206/762/762 216/756/756 217/755/755
f 207/763/763 216/756/756 206/762/762
f 207/763/763 215/757/757 216/756/756
f 207/763/763 208/764/764 215/757/757
f 215/757/757 208/764/764 214/758/758
f 208/764/764 209/765/765 214/758/758
f 209/765/765 213/759/759 214/758/758
f 164/766/766 213/759/759 209/765/765
f 164/766/766 212/746/746 213/759/759
f 162/767/767 212/746/746 164/766/766
f 160/745/745 212/746/746 162/767/767
f 211/741/741 212/746/746 160/745/745
f 211/741/741 160/745/745 210/742/742
f 164/766/766 209/765/765 163/768/768
f 209/765/765 187/769/769 163/768/768
f 208/764/764 187/769/769 209/765/765
f 190/770/770 187/769/769 208/764/764
f 190/770/770 208/764/764 207/763/763
f 194/771/771 190/770/770 207/763/763
f 194/771/771 207/763/763 206/762/762
f 205/772/772 194/771/771 206/762/762
f 205/772/772 206/762/762 203/761/761
f 204/678/678 205/772/772 203/761/761
f 204/678/678 203/761/761 202/679/679
f 203/761/761 201/760/760 202/679/679
f 202/679/679 201/760/760 200/681/681
f 200/681/681 201/760/760 199/705/705
f 200/681/681 199/705/705 198/682/682
f 199/705/705 196/703/703 198/682/682
f 198/682/682 196/703/703 197/683/683
f 197/683/683 196/703/703 195/700/700
f 194/771/771 193/773/773 190/770/770
f 193/773/773 188/774/774 190/770/770
f 193/773/773 192/775/775 188/774/774
f 192/775/775 189/776/776 188/774/774
f 192/775/775 191/276/276 189/776/776
f 191/276/276 186/257/257 189/776/776
f 186/257/257 185/777/777 189/776/776
f 188/774/774 187/769/769 190/770/770
f 189/776/776 185/777/777 183/778/778
f 189/776/776 183/778/778 188/774/774
f 183/778/778 181/779/779 188/774/774
f 181/779/779 187/769/769 188/774/774
f 187/769/769 181/779/779 163/768/768
f 186/257/257 184/249/249 185/777/777
f 185/777/777 184/249/249 183/778/778
f 184/249/249 182/251/251 183/778/778
f 182/251/251 181/779/779 183/778/778
f 182/251/251 180/266/266 181/779/779
f 181/779/779 180/266/266 163/768/768
f 163/768/768 180/266/266 179/267/267
f 165/780/780 163/768/768 179/267/267
f 166/781/781 165/780/780 179/267/267
f 166/781/781 179/267/267 172/782/782
f 179/267/267 178/265/265 172/782/782
f 178/265/265 173/783/783 172/782/782
f 178/265/265 177/264/264 173/783/783
f 177/264/264 174/784/784 173/783/783
f 177/264/264 176/263/263 174/784/784
f 176/263/263 170/785/785 174/784/784
f 176/263/263 175/262/262 170/785/785
f 175/262/262 171/285/285 170/785/785
f 170/785/785 169/786/786 174/784/784
f 174/784/784 169/786/786 168/787/787
f 174/784/784 168/787/787 173/783/783
f 173/783/783 168/787/787 172/782/782
f 172/782/782 168/787/787 167/788/788
f 167/788/788 166/781/781 172/782/782
f 72/286/286 67/789/789 68/790/790
f 72/286/286 68/790/790 171/285/285
f 171/285/285 68/790/790 69/791/791
f 171/285/285 69/791/791 170/785/785
f 170/785/785 69/791/791 70/792/792
f 170/785/785 70/792/792 169/786/786
f 169/786/786 70/792/792 156/793/793
f 161/794/794 169/786/786 156/793/793
f 168/787/787 169/786/786 161/794/794
f 157/795/795 168/787/787 161/794/794
f 167/788/788 168/787/787 157/795/795
f 158/796/796 167/788/788 157/795/795
f 158/796/796 166/781/781 167/788/788
f 159/797/797 166/781/781 158/796/796
f 162/767/767 166/781/781 159/797/797
f 162/767/767 165/780/780 166/781/781
f 162/767/767 164/766/766 165/780/780
f 165/780/780 164/766/766 163/768/768
f 160/745/745 162/767/767 159/797/797
f 152/798/798 160/745/745 159/797/797
f 156/793/793 70/792/792 51/799/799
f 70/792/792 52/800/800 51/799/799
f 154/801/801 155/743/743 153/744/744
f 151/802/802 154/801/801 150/803/803
f 154/801/801 153/744/744 150/803/803
f 147/804/804 149/805/805 148/806/806
f 144/807/807 149/805/805 147/804/804
f 145/808/808 149/805/805 144/807/807
f 145/808/808 146/809/809 149/805/805
f 149/805/805 146/809/809 106/810/810
f 107/811/811 149/805/805 106/810/810
f 148/806/806 149/805/805 107/811/811
f 148/806/806 107/811/811 108/812/812
f 140/813/813 148/806/806 108/812/812
f 141/814/814 148/806/806 140/813/813
f 141/814/814 147/804/804 148/806/806
f 142/815/815 147/804/804 141/814/814
f 144/807/807 147/804/804 142/815/815
f 146/809/809 93/816/816 106/810/810
f 146/809/809 95/817/817 93/816/816
f 97/818/818 95/817/817 146/809/809
f 97/818/818 146/809/809 145/808/808
f 98/819/819 97/818/818 145/808/808
f 144/807/807 98/819/819 145/808/808
f 99/820/820 98/819/819 144/807/807
f 100/821/821 99/820/820 144/807/807
f 143/822/822 100/821/821 144/807/807
f 143/822/822 144/807/807 142/815/815
f 136/823/823 143/822/822 142/815/815
f 136/823/823 142/815/815 137/824/824
f 142/815/815 141/814/814 137/824/824
f 137/824/824 141/814/814 138/825/825
f 138/825/825 141/814/814 140/813/813
f 139/826/826 138/825/825 140/813/813
f 139/826/826 140/813/813 108/812/812
f 121/827/827 139/826/826 108/812/812
f 128/828/828 120/829/829 119/830/830
f 128/828/828 121/827/827 120/829/829
f 130/831/831 121/827/827 128/828/828
f 133/832/832 121/827/827 130/831/831
f 133/832/832 139/826/826 121/827/827
f 135/833/833 139/826/826 133/832/832
f 135/833/833 138/825/825 139/826/826
f 137/824/824 138/825/825 135/833/833
f 136/823/823 137/824/824 135/833/833
f 134/834/834 136/823/823 135/833/833
f 134/834/834 135/833/833 133/832/832
f 132/835/835 134/834/834 133/832/832
f 132/835/835 133/832/832 130/831/831
f 131/836/836 132/835/835 130/831/831
f 129/837/837 131/836/836 130/831/831
f 129/837/837 130/831/831 128/828/828
f 127/838/838 129/837/837 128/828/828
f 127/838/838 128/828/828 119/830/830
f 118/839/839 127/838/838 119/830/830
f 126/840/840 115/841/841 114/842/842
f 126/840/840 114/842/842 122/843/843
f 125/379/379 126/840/840 122/843/843
f 125/379/379 122/843/843 124/381/381
f 124/381/381 122/843/843 86/383/383
f 123/844/844 86/383/383 122/843/843
f 79/845/845 86/383/383 123/844/844
f 79/845/845 123/844/844 81/846/846
f 81/846/846 123/844/844 113/847/847
f 81/846/846 113/847/847 83/848/848
f 113/847/847 123/844/844 114/842/842
f 114/842/842 123/844/844 122/843/843
f 109/849/849 121/827/827 108/812/812
f 120/829/829 121/827/827 109/849/849
f 110/850/850 120/829/829 109/849/849
f 119/830/830 120/829/829 110/850/850
f 119/830/830 110/850/850 111/851/851
f 118/839/839 119/830/830 111/851/851
f 118/839/839 111/851/851 112/852/852
f 117/853/853 118/839/839 112/852/852
f 117/853/853 112/852/852 90/854/854
f 116/855/855 117/853/853 90/854/854
f 116/855/855 90/854/854 94/856/856
f 116/855/855 94/856/856 103/857/857
f 115/841/841 116/855/855 103/857/857
f 115/841/841 103/857/857 114/842/842
f 103/857/857 96/858/858 114/842/842
f 96/858/858 113/847/847 114/842/842
f 85/859/859 113/847/847 96/858/858
f 83/848/848 113/847/847 85/859/859
f 112/852/852 92/860/860 90/854/854
f 112/852/852 105/861/861 92/860/860
f 111/851/851 105/861/861 112/852/852
f 111/851/851 110/850/850 105/861/861
f 105/861/861 110/850/850 109/849/849
f 105/861/861 109/849/849 104/862/862
f 109/849/849 108/812/812 104/862/862
f 108/812/812 107/811/811 104/862/862
f 104/862/862 107/811/811 91/863/863
f 107/811/811 106/810/810 91/863/863
f 106/810/810 93/816/816 91/863/863
f 92/860/860 105/861/861 104/862/862
f 92/860/860 104/862/862 91/863/863
f 94/856/856 96/858/858 103/857/857
f 58/423/423 56/864/864 87/865/865
f 102/866/866 58/423/423 87/865/865
f 102/866/866 87/865/865 88/867/867
f 101/868/868 102/866/866 88/867/867
f 101/868/868 88/867/867 89/869/869
f 100/821/821 101/868/868 89/869/869
f 100/821/821 89/869/869 99/820/820
f 89/869/869 84/870/870 99/820/820
f 99/820/820 84/870/870 98/819/819
f 98/819/819 84/870/870 85/859/859
f 98/819/819 85/859/859 97/818/818
f 85/859/859 96/858/858 97/818/818
f 97/818/818 96/858/858 95/817/817
f 95/817/817 96/858/858 94/856/856
f 93/816/816 95/817/817 94/856/856
f 90/854/854 93/816/816 94/856/856
f 91/863/863 93/816/816 90/854/854
f 92/860/860 91/863/863 90/854/854
f 89/869/869 82/871/871 84/870/870
f 88/867/867 82/871/871 89/869/869
f 88/867/867 80/872/872 82/871/871
f 87/865/865 80/872/872 88/867/867
f 87/865/865 78/873/873 80/872/872
f 56/864/864 78/873/873 87/865/865
f 56/864/864 76/874/874 78/873/873
f 56/864/864 59/875/875 76/874/874
f 76/874/874 59/875/875 61/876/876
f 77/385/385 86/383/383 79/845/845
f 84/870/870 83/848/848 85/859/859
f 84/870/870 82/871/871 83/848/848
f 82/871/871 81/846/846 83/848/848
f 82/871/871 80/872/872 81/846/846
f 80/872/872 79/845/845 81/846/846
f 80/872/872 78/873/873 79/845/845
f 78/873/873 77/385/385 79/845/845
f 78/873/873 76/874/874 77/385/385
f 75/387/387 77/385/385 76/874/874
f 75/387/387 76/874/874 61/876/876
f 74/388/388 75/387/387 61/876/876
f 74/388/388 61/876/876 63/877/877
f 65/878/878 74/388/388 63/877/877
f 73/302/302 74/388/388 65/878/878
f 73/302/302 65/878/878 66/879/879
f 71/287/287 73/302/302 66/879/879
f 67/789/789 71/287/287 66/879/879
f 72/286/286 71/287/287 67/789/789
f 60/880/880 57/425/425 62/473/473
f 70/792/792 69/791/791 52/800/800
f 69/791/791 53/881/881 52/800/800
f 69/791/791 68/790/790 53/881/881
f 68/790/790 55/882/882 53/881/881
f 68/790/790 67/789/789 55/882/882
f 67/789/789 45/883/883 55/882/882
f 67/789/789 66/879/879 45/883/883
f 66/879/879 46/472/472 45/883/883
f 66/879/879 65/878/878 46/472/472
f 46/472/472 65/878/878 64/471/471
f 65/878/878 63/877/877 64/471/471
f 63/877/877 62/473/473 64/471/471
f 61/876/876 62/473/473 63/877/877
f 60/880/880 62/473/473 61/876/876
f 59/875/875 60/880/880 61/876/876
f 59/875/875 57/425/425 60/880/880
f 56/864/864 57/425/425 59/875/875
f 58/423/423 57/425/425 56/864/864
f 55/882/882 54/884/884 53/881/881
f 45/883/883 44/885/885 55/882/882
f 55/882/882 44/885/885 54/884/884
f 54/884/884 44/885/885 43/886/886
f 54/884/884 43/886/886 42/887/887
f 54/884/884 42/887/887 53/881/881
f 53/881/881 42/887/887 49/888/888
f 52/800/800 53/881/881 49/888/888
f 50/889/889 52/800/800 49/888/888
f 51/799/799 52/800/800 50/889/889
f 41/890/890 50/889/889 49/888/888
f 41/890/890 49/888/888 42/887/887
f 39/891/891 48/460/460 33/459/459
f 47/467/467 48/460/460 39/891/891
f 47/467/467 39/891/891 40/892/892
f 46/472/472 47/467/467 40/892/892
f 46/472/472 40/892/892 45/883/883
f 40/892/892 38/893/893 45/883/883
f 45/883/883 38/893/893 44/885/885
f 44/885/885 38/893/893 37/894/894
f 44/885/885 37/894/894 43/886/886
f 43/886/886 37/894/894 30/895/895
f 42/887/887 43/886/886 30/895/895
f 22/896/896 42/887/887 30/895/895
f 22/896/896 41/890/890 42/887/887
f 40/892/892 39/891/891 38/893/893
f 38/893/893 39/891/891 33/459/459
f 38/893/893 33/459/459 32/897/897
f 38/893/893 32/897/897 37/894/894
f 37/894/894 32/897/897 31/898/898
f 30/895/895 37/894/894 31/898/898
f 29/444/444 35/455/455 36/442/442
f 29/444/444 28/899/899 35/455/455
f 28/899/899 34/457/457 35/455/455
f 27/900/900 34/457/457 28/899/899
f 33/459/459 34/457/457 27/900/900
f 33/459/459 27/900/900 32/897/897
f 32/897/897 27/900/900 26/901/901
f 25/902/902 32/897/897 26/901/901
f 31/898/898 32/897/897 25/902/902
f 24/903/903 31/898/898 25/902/902
f 24/903/903 23/904/904 31/898/898
f 23/904/904 30/895/895 31/898/898
f 23/904/904 22/896/896 30/895/895
f 21/446/446 28/899/899 29/444/444
f 21/446/446 20/905/905 28/899/899
f 20/905/905 27/900/900 28/899/899
f 26/901/901 27/900/900 20/905/905
f 19/906/906 26/901/901 20/905/905
f 18/907/907 26/901/901 19/906/906
f 25/902/902 26/901/901 18/907/907
f 17/908/908 25/902/902 18/907/907
f 17/908/908 24/903/903 25/902/902
f 6/448/448 4/909/909 21/446/446
f 4/909/909 20/905/905 21/446/446
f 1/910/910 20/905/905 4/909/909
f 19/906/906 20/905/905 1/910/910
f 2/911/911 19/906/906 1/910/910
f 18/907/907 19/906/906 2/911/911
f 11/912/912 18/907/907 2/911/911
f 11/912/912 17/908/908 18/907/907
f 16/913/913 14/914/914 15/915/915
f 15/915/915 14/914/914 13/916/916
f 14/914/914 9/917/917 13/916/916
f 14/914/914 12/918/918 9/917/917
f 12/918/918 10/919/919 9/917/917
f 13/916/916 9/917/917 8/920/920
f 10/919/919 11/912/912 2/911/911
f 9/917/917 10/919/919 2/911/911
f 3/921/921 9/917/917 2/911/911
f 8/920/920 9/917/917 3/921/921
f 7/922/922 8/920/920 3/921/921
f 7/922/922 3/921/921 1/910/910
f 5/923/923 7/922/922 1/910/910
f 5/923/923 1/910/910 4/909/909
f 6/448/448 5/923/923 4/909/909
f 3/921/921 2/911/911 1/910/910
s 3
f 1413/924/924 1473/925/925 1417/926/926
f 1413/924/924 1476/927/927 1473/925/925
f 1473/925/925 1476/927/927 1474/928/928
f 1476/927/927 1475/929/929 1474/928/928
f 1414/930/930 1476/927/927 1413/924/924
f 1471/931/931 1476/927/927 1414/930/930
f 1471/931/931 1470/932/932 1476/927/927
f 1476/927/927 1470/932/932 1475/929/929
f 1470/932/932 1469/933/933 1475/929/929
f 1469/933/933 1468/934/934 1475/929/929
f 1475/929/929 1468/934/934 1412/935/935
f 1475/929/929 1412/935/935 1474/928/928
f 1474/928/928 1412/935/935 1411/936/936
f 1474/928/928 1411/936/936 1410/937/937
f 1473/925/925 1474/928/928 1410/937/937
f 1409/938/938 1473/925/925 1410/937/937
f 1417/926/926 1473/925/925 1409/938/938
f 1417/926/926 1409/938/938 1408/939/939
f 1415/940/940 1472/941/941 1414/930/930
f 1472/941/941 1471/931/931 1414/930/930
f 1472/941/941 1467/942/942 1471/931/931
f 1467/942/942 1463/943/943 1471/931/931
f 1463/943/943 1470/932/932 1471/931/931
f 1464/944/944 1470/932/932 1463/943/943
f 1470/932/932 1464/944/944 1469/933/933
f 1464/944/944 1465/945/945 1469/933/933
f 1465/945/945 1466/946/946 1469/933/933
f 1466/946/946 1468/934/934 1469/933/933
f 1466/946/946 1121/947/947 1468/934/934
f 1468/934/934 1121/947/947 1383/948/948
f 1412/935/935 1468/934/934 1383/948/948
f 1412/935/935 1383/948/948 1382/949/949
f 1467/942/942 1462/950/950 1463/943/943
f 1123/951/951 1121/947/947 1466/946/946
f 1222/952/952 1123/951/951 1466/946/946
f 1465/945/945 1222/952/952 1466/946/946
f 1221/953/953 1222/952/952 1465/945/945
f 1221/953/953 1465/945/945 1464/944/944
f 1221/953/953 1464/944/944 1234/954/954
f 1234/954/954 1464/944/944 1463/943/943
f 1244/955/955 1234/954/954 1463/943/943
f 1462/950/950 1244/955/955 1463/943/943
f 1462/950/950 1246/956/956 1244/955/955
f 1462/950/950 1461/957/957 1246/956/956
f 1461/957/957 1253/958/958 1246/956/956
f 1461/957/957 1460/959/959 1253/958/958
f 1460/959/959 1458/960/960 1253/958/958
f 1458/960/960 1254/961/961 1253/958/958
f 1454/962/962 1254/961/961 1458/960/960
f 1255/963/963 1254/961/961 1454/962/962
f 1454/962/962 1271/964/964 1255/963/963
f 1460/959/959 1459/965/965 1458/960/960
f 1459/965/965 1457/966/966 1458/960/960
f 1457/966/966 1454/962/962 1458/960/960
f 1457/966/966 1456/967/967 1454/962/962
f 1456/967/967 1455/968/968 1454/962/962
f 1455/968/968 1271/964/964 1454/962/962
f 1402/969/969 1399/970/970 1446/971/971
f 1446/971/971 1399/970/970 1400/972/972
f 1446/971/971 1400/972/972 1447/973/973
f 1400/972/972 1448/974/974 1447/973/973
f 1401/975/975 1448/974/974 1400/972/972
f 1401/975/975 1449/976/976 1448/974/974
f 1401/975/975 1374/977/977 1449/976/976
f 1449/976/976 1374/977/977 1450/978/978
f 1450/978/978 1374/977/977 1451/979/979
f 1374/977/977 1373/980/980 1451/979/979
f 1452/981/981 1451/979/979 1373/980/980
f 1375/982/982 1452/981/981 1373/980/980
f 1453/983/983 1452/981/981 1375/982/982
f 1453/983/983 1375/982/982 1376/984/984
f 1141/985/985 1453/983/983 1376/984/984
f 1145/986/986 1141/985/985 1376/984/984
f 1145/986/986 1376/984/984 1136/987/987
f 1137/988/988 1145/986/986 1136/987/987
f 1141/985/985 1142/989/989 1453/983/983
f 1142/989/989 1155/990/990 1453/983/983
f 1155/990/990 1452/981/981 1453/983/983
f 1155/990/990 1157/991/991 1452/981/981
f 1452/981/981 1157/991/991 1451/979/979
f 1157/991/991 1160/992/992 1451/979/979
f 1450/978/978 1451/979/979 1160/992/992
f 1164/993/993 1450/978/978 1160/992/992
f 1164/993/993 1449/976/976 1450/978/978
f 1444/994/994 1449/976/976 1164/993/993
f 1448/974/974 1449/976/976 1444/994/994
f 1448/974/974 1444/994/994 1438/995/995
f 1447/973/973 1448/974/974 1438/995/995
f 1427/996/996 1447/973/973 1438/995/995
f 1427/996/996 1446/971/971 1447/973/973
f 1428/997/997 1446/971/971 1427/996/996
f 1402/969/969 1446/971/971 1428/997/997
f 1425/998/998 1402/969/969 1428/997/997
f 1445/999/999 1443/1000/1000 1195/1001/1001
f 1443/1000/1000 1442/1002/1002 1195/1001/1001
f 1442/1002/1002 1193/1003/1003 1195/1001/1001
f 1442/1002/1002 1441/1004/1004 1193/1003/1003
f 1193/1003/1003 1441/1004/1004 1191/1005/1005
f 1441/1004/1004 1440/1006/1006 1191/1005/1005
f 1440/1006/1006 1189/1007/1007 1191/1005/1005
f 1440/1006/1006 1439/1008/1008 1189/1007/1007
f 1189/1007/1007 1439/1008/1008 1188/1009/1009
f 1439/1008/1008 1438/995/995 1188/1009/1009
f 1438/995/995 1444/994/994 1188/1009/1009
f 1188/1009/1009 1444/994/994 1186/1010/1010
f 1444/994/994 1164/993/993 1186/1010/1010
f 1186/1010/1010 1164/993/993 1178/1011/1011
f 1443/1000/1000 1437/1012/1012 1442/1002/1002
f 1437/1012/1012 1436/1013/1013 1442/1002/1002
f 1436/1013/1013 1441/1004/1004 1442/1002/1002
f 1436/1013/1013 1432/1014/1014 1441/1004/1004
f 1441/1004/1004 1432/1014/1014 1440/1006/1006
f 1432/1014/1014 1426/1015/1015 1440/1006/1006
f 1426/1015/1015 1439/1008/1008 1440/1006/1006
f 1426/1015/1015 1427/996/996 1439/1008/1008
f 1439/1008/1008 1427/996/996 1438/995/995
f 1437/1012/1012 1435/1016/1016 1436/1013/1013
f 1435/1016/1016 1433/1017/1017 1436/1013/1013
f 1433/1017/1017 1432/1014/1014 1436/1013/1013
f 1435/1016/1016 1434/1018/1018 1433/1017/1017
f 1434/1018/1018 1431/1019/1019 1430/1020/1020
f 1434/1018/1018 1430/1020/1020 1433/1017/1017
f 1430/1020/1020 1429/1021/1021 1433/1017/1017
f 1433/1017/1017 1429/1021/1021 1432/1014/1014
f 1432/1014/1014 1429/1021/1021 1426/1015/1015
f 1431/1019/1019 1423/1022/1022 1424/1023/1023
f 1431/1019/1019 1424/1023/1023 1430/1020/1020
f 1424/1023/1023 1425/998/998 1430/1020/1020
f 1430/1020/1020 1425/998/998 1429/1021/1021
f 1429/1021/1021 1425/998/998 1428/997/997
f 1429/1021/1021 1428/997/997 1426/1015/1015
f 1428/997/997 1427/996/996 1426/1015/1015
f 1425/998/998 1403/1024/1024 1402/969/969
f 1424/1023/1023 1403/1024/1024 1425/998/998
f 1404/1025/1025 1403/1024/1024 1424/1023/1023
f 1423/1022/1022 1404/1025/1025 1424/1023/1023
f 1423/1022/1022 1405/1026/1026 1404/1025/1025
f 1423/1022/1022 1422/1027/1027 1405/1026/1026
f 1422/1027/1027 1406/1028/1028 1405/1026/1026
f 1422/1027/1027 1421/1029/1029 1406/1028/1028
f 1421/1029/1029 1407/1030/1030 1406/1028/1028
f 1421/1029/1029 1420/1031/1031 1407/1030/1030
f 1420/1031/1031 1419/1032/1032 1407/1030/1030
f 1419/1032/1032 1408/939/939 1407/1030/1030
f 1419/1032/1032 1418/1033/1033 1408/939/939
f 1418/1033/1033 1417/926/926 1408/939/939
f 1418/1033/1033 1416/1034/1034 1417/926/926
f 1416/1034/1034 1413/924/924 1417/926/926
f 1416/1034/1034 1415/940/940 1413/924/924
f 1415/940/940 1414/930/930 1413/924/924
f 1411/936/936 1412/935/935 1382/949/949
f 1387/1035/1035 1411/936/936 1382/949/949
f 1410/937/937 1411/936/936 1387/1035/1035
f 1410/937/937 1387/1035/1035 1393/1036/1036
f 1409/938/938 1410/937/937 1393/1036/1036
f 1394/1037/1037 1409/938/938 1393/1036/1036
f 1408/939/939 1409/938/938 1394/1037/1037
f 1408/939/939 1394/1037/1037 1395/1038/1038
f 1408/939/939 1395/1038/1038 1407/1030/1030
f 1407/1030/1030 1395/1038/1038 1406/1028/1028
f 1406/1028/1028 1395/1038/1038 1396/1039/1039
f 1406/1028/1028 1396/1039/1039 1405/1026/1026
f 1405/1026/1026 1396/1039/1039 1397/1040/1040
f 1405/1026/1026 1397/1040/1040 1404/1025/1025
f 1404/1025/1025 1397/1040/1040 1403/1024/1024
f 1403/1024/1024 1397/1040/1040 1398/1041/1041
f 1403/1024/1024 1398/1041/1041 1402/969/969
f 1398/1041/1041 1399/970/970 1402/969/969
f 1378/1042/1042 1374/977/977 1401/975/975
f 1384/1043/1043 1378/1042/1042 1401/975/975
f 1400/972/972 1384/1043/1043 1401/975/975
f 1385/1044/1044 1384/1043/1043 1400/972/972
f 1399/970/970 1385/1044/1044 1400/972/972
f 1399/970/970 1390/1045/1045 1385/1044/1044
f 1398/1041/1041 1390/1045/1045 1399/970/970
f 1391/1046/1046 1390/1045/1045 1398/1041/1041
f 1397/1040/1040 1391/1046/1046 1398/1041/1041
f 1397/1040/1040 1396/1039/1039 1391/1046/1046
f 1396/1039/1039 1395/1038/1038 1391/1046/1046
f 1395/1038/1038 1392/1047/1047 1391/1046/1046
f 1395/1038/1038 1394/1037/1037 1392/1047/1047
f 1394/1037/1037 1393/1036/1036 1392/1047/1047
f 1393/1036/1036 1389/1048/1048 1392/1047/1047
f 1393/1036/1036 1387/1035/1035 1389/1048/1048
f 1389/1048/1048 1387/1035/1035 1388/1049/1049
f 1387/1035/1035 1386/1050/1050 1388/1049/1049
f 1392/1047/1047 1389/1048/1048 1391/1046/1046
f 1391/1046/1046 1389/1048/1048 1390/1045/1045
f 1390/1045/1045 1389/1048/1048 1385/1044/1044
f 1389/1048/1048 1388/1049/1049 1385/1044/1044
f 1388/1049/1049 1377/1051/1051 1385/1044/1044
f 1388/1049/1049 1379/1052/1052 1377/1051/1051
f 1386/1050/1050 1379/1052/1052 1388/1049/1049
f 1386/1050/1050 1380/1053/1053 1379/1052/1052
f 1386/1050/1050 1381/1054/1054 1380/1053/1053
f 1382/949/949 1381/1054/1054 1386/1050/1050
f 1387/1035/1035 1382/949/949 1386/1050/1050
f 1385/1044/1044 1377/1051/1051 1384/1043/1043
f 1383/948/948 1121/947/947 1124/1055/1055
f 1383/948/948 1124/1055/1055 1382/949/949
f 1382/949/949 1124/1055/1055 1381/1054/1054
f 1381/1054/1054 1124/1055/1055 1126/1056/1056
f 1381/1054/1054 1126/1056/1056 1372/1057/1057
f 1380/1053/1053 1381/1054/1054 1372/1057/1057
f 1380/1053/1053 1372/1057/1057 1368/1058/1058
f 1379/1052/1052 1380/1053/1053 1368/1058/1058
f 1379/1052/1052 1368/1058/1058 1367/1059/1059
f 1377/1051/1051 1379/1052/1052 1367/1059/1059
f 1374/977/977 1377/1051/1051 1367/1059/1059
f 1378/1042/1042 1377/1051/1051 1374/977/977
f 1126/1056/1056 1119/1060/1060 1372/1057/1057
f 1372/1057/1057 1119/1060/1060 1369/1061/1061
f 1369/1061/1061 1119/1060/1060 1120/1062/1062
f 1369/1061/1061 1120/1062/1062 1370/1063/1063
f 1370/1063/1063 1120/1062/1062 1132/1064/1064
f 1132/1064/1064 1371/1065/1065 1370/1063/1063
f 1134/1066/1066 1371/1065/1065 1132/1064/1064
f 1136/987/987 1371/1065/1065 1134/1066/1066
f 1136/987/987 1366/1067/1067 1371/1065/1065
f 1376/984/984 1366/1067/1067 1136/987/987
f 1376/984/984 1375/982/982 1366/1067/1067
f 1366/1067/1067 1375/982/982 1365/1068/1068
f 1375/982/982 1373/980/980 1365/1068/1068
f 1373/980/980 1367/1059/1059 1365/1068/1068
f 1374/977/977 1367/1059/1059 1373/980/980
f 1372/1057/1057 1369/1061/1061 1368/1058/1058
f 1371/1065/1065 1366/1067/1067 1362/1069/1069
f 1371/1065/1065 1362/1069/1069 1370/1063/1063
f 1362/1069/1069 1363/1070/1070 1370/1063/1063
f 1363/1070/1070 1369/1061/1061 1370/1063/1063
f 1368/1058/1058 1369/1061/1061 1363/1070/1070
f 1368/1058/1058 1363/1070/1070 1364/1071/1071
f 1368/1058/1058 1364/1071/1071 1367/1059/1059
f 1367/1059/1059 1364/1071/1071 1365/1068/1068
f 1364/1071/1071 1362/1069/1069 1365/1068/1068
f 1366/1067/1067 1365/1068/1068 1362/1069/1069
f 1364/1071/1071 1363/1070/1070 1362/1069/1069
f 1236/1072/1072 1361/1073/1073 1227/1074/1074
f 1361/1073/1073 1360/1075/1075 1227/1074/1074
f 1360/1075/1075 1226/1076/1076 1227/1074/1074
f 1360/1075/1075 1359/1077/1077 1226/1076/1076
f 1226/1076/1076 1359/1077/1077 1225/1078/1078
f 1359/1077/1077 1358/1079/1079 1225/1078/1078
f 1358/1079/1079 1357/1080/1080 1225/1078/1078
f 1225/1078/1078 1357/1080/1080 1224/1081/1081
f 1224/1081/1081 1357/1080/1080 1356/1082/1082
f 1224/1081/1081 1356/1082/1082 1140/1083/1083
f 1356/1082/1082 1355/1084/1084 1140/1083/1083
f 1140/1083/1083 1355/1084/1084 1139/1085/1085
f 1139/1085/1085 1355/1084/1084 1354/1086/1086
f 1139/1085/1085 1354/1086/1086 1138/1087/1087
f 1354/1086/1086 1154/1088/1088 1138/1087/1087
f 1138/1087/1087 1154/1088/1088 1127/1089/1089
f 1127/1089/1089 1154/1088/1088 1128/1090/1090
f 1128/1090/1090 1154/1088/1088 1129/1091/1091
f 1262/1092/1092 1361/1073/1073 1236/1072/1072
f 1262/1092/1092 1287/1093/1093 1361/1073/1073
f 1361/1073/1073 1287/1093/1093 1360/1075/1075
f 1287/1093/1093 1290/1094/1094 1360/1075/1075
f 1290/1094/1094 1359/1077/1077 1360/1075/1075
f 1290/1094/1094 1291/1095/1095 1359/1077/1077
f 1359/1077/1077 1291/1095/1095 1358/1079/1079
f 1291/1095/1095 1298/1096/1096 1358/1079/1079
f 1358/1079/1079 1298/1096/1096 1357/1080/1080
f 1357/1080/1080 1298/1096/1096 1300/1097/1097
f 1357/1080/1080 1300/1097/1097 1356/1082/1082
f 1300/1097/1097 1353/1098/1098 1356/1082/1082
f 1356/1082/1082 1353/1098/1098 1355/1084/1084
f 1355/1084/1084 1353/1098/1098 1352/1099/1099
f 1355/1084/1084 1352/1099/1099 1354/1086/1086
f 1352/1099/1099 1351/1100/1100 1354/1086/1086
f 1354/1086/1086 1351/1100/1100 1154/1088/1088
f 1154/1088/1088 1351/1100/1100 1153/1101/1101
f 1302/1102/1102 1350/1103/1103 1300/1097/1097
f 1300/1097/1097 1350/1103/1103 1353/1098/1098
f 1353/1098/1098 1350/1103/1103 1352/1099/1099
f 1350/1103/1103 1349/1104/1104 1352/1099/1099
f 1349/1104/1104 1351/1100/1100 1352/1099/1099
f 1348/1105/1105 1351/1100/1100 1349/1104/1104
f 1348/1105/1105 1347/1106/1106 1351/1100/1100
f 1347/1106/1106 1153/1101/1101 1351/1100/1100
f 1347/1106/1106 1152/1107/1107 1153/1101/1101
f 1313/1108/1108 1350/1103/1103 1302/1102/1102
f 1313/1108/1108 1331/1109/1109 1350/1103/1103
f 1331/1109/1109 1349/1104/1104 1350/1103/1103
f 1331/1109/1109 1330/1110/1110 1349/1104/1104
f 1330/1110/1110 1348/1105/1105 1349/1104/1104
f 1330/1110/1110 1339/1111/1111 1348/1105/1105
f 1339/1111/1111 1347/1106/1106 1348/1105/1105
f 1340/1112/1112 1347/1106/1106 1339/1111/1111
f 1340/1112/1112 1152/1107/1107 1347/1106/1106
f 1345/1113/1113 1152/1107/1107 1340/1112/1112
f 1151/1114/1114 1152/1107/1107 1345/1113/1113
f 1345/1113/1113 1150/1115/1115 1151/1114/1114
f 1346/1116/1116 1150/1115/1115 1345/1113/1113
f 1149/1117/1117 1150/1115/1115 1346/1116/1116
f 1342/1118/1118 1149/1117/1117 1346/1116/1116
f 1342/1118/1118 1148/1119/1119 1149/1117/1117
f 1344/1120/1120 1148/1119/1119 1342/1118/1118
f 1147/1121/1121 1148/1119/1119 1344/1120/1120
f 1341/1122/1122 1342/1118/1118 1346/1116/1116
f 1341/1122/1122 1346/1116/1116 1345/1113/1113
f 1341/1122/1122 1345/1113/1113 1340/1112/1112
f 1344/1120/1120 1342/1118/1118 1343/1123/1123
f 1343/1123/1123 1342/1118/1118 1328/1124/1124
f 1328/1124/1124 1342/1118/1118 1341/1122/1122
f 1328/1124/1124 1341/1122/1122 1327/1125/1125
f 1327/1125/1125 1341/1122/1122 1340/1112/1112
f 1330/1110/1110 1327/1125/1125 1340/1112/1112
f 1330/1110/1110 1340/1112/1112 1339/1111/1111
f 1335/1126/1126 1314/1127/1127 1315/1128/1128
f 1335/1126/1126 1315/1128/1128 1316/1129/1129
f 1338/1130/1130 1335/1126/1126 1316/1129/1129
f 1338/1130/1130 1316/1129/1129 1317/1131/1131
f 1338/1130/1130 1317/1131/1131 1318/1132/1132
f 1337/1133/1133 1338/1130/1130 1318/1132/1132
f 1337/1133/1133 1335/1126/1126 1338/1130/1130
f 1336/1134/1134 1335/1126/1126 1337/1133/1133
f 1334/1135/1135 1335/1126/1126 1336/1134/1134
f 1334/1135/1135 1314/1127/1127 1335/1126/1126
f 1333/1136/1136 1314/1127/1127 1334/1135/1135
f 1333/1136/1136 1313/1108/1108 1314/1127/1127
f 1332/1137/1137 1313/1108/1108 1333/1136/1136
f 1332/1137/1137 1331/1109/1109 1313/1108/1108
f 1329/1138/1138 1331/1109/1109 1332/1137/1137
f 1329/1138/1138 1330/1110/1110 1331/1109/1109
f 1327/1125/1125 1330/1110/1110 1329/1138/1138
f 1326/1139/1139 1327/1125/1125 1329/1138/1138
f 1328/1124/1124 1327/1125/1125 1326/1139/1139
f 1325/1140/1140 1322/1141/1141 1323/1142/1142
f 1324/1143/1143 1325/1140/1140 1323/1142/1142
f 1324/1143/1143 1323/1142/1142 1293/1144/1144
f 1286/1145/1145 1324/1143/1143 1293/1144/1144
f 1286/1145/1145 1293/1144/1144 1285/1146/1146
f 1293/1144/1144 1309/1147/1147 1292/1148/1148
f 1323/1142/1142 1309/1147/1147 1293/1144/1144
f 1323/1142/1142 1311/1149/1149 1309/1147/1147
f 1323/1142/1142 1322/1141/1141 1311/1149/1149
f 1322/1141/1141 1312/1150/1150 1311/1149/1149
f 1321/1151/1151 1312/1150/1150 1322/1141/1141
f 1320/1152/1152 1312/1150/1150 1321/1151/1151
f 1319/1153/1153 1312/1150/1150 1320/1152/1152
f 1318/1132/1132 1312/1150/1150 1319/1153/1153
f 1317/1131/1131 1312/1150/1150 1318/1132/1132
f 1317/1131/1131 1310/1154/1154 1312/1150/1150
f 1316/1129/1129 1310/1154/1154 1317/1131/1131
f 1316/1129/1129 1306/1155/1155 1310/1154/1154
f 1315/1128/1128 1306/1155/1155 1316/1129/1129
f 1315/1128/1128 1304/1156/1156 1306/1155/1155
f 1314/1127/1127 1304/1156/1156 1315/1128/1128
f 1304/1156/1156 1314/1127/1127 1302/1102/1102
f 1314/1127/1127 1313/1108/1108 1302/1102/1102
f 1312/1150/1150 1310/1154/1154 1311/1149/1149
f 1311/1149/1149 1310/1154/1154 1309/1147/1147
f 1310/1154/1154 1306/1155/1155 1309/1147/1147
f 1306/1155/1155 1305/1157/1157 1309/1147/1147
f 1295/1158/1158 1297/1159/1159 1296/1160/1160
f 1295/1158/1158 1308/1161/1161 1297/1159/1159
f 1297/1159/1159 1308/1161/1161 1299/1162/1162
f 1308/1161/1161 1301/1163/1163 1299/1162/1162
f 1308/1161/1161 1307/1164/1164 1301/1163/1163
f 1307/1164/1164 1303/1165/1165 1301/1163/1163
f 1307/1164/1164 1305/1157/1157 1303/1165/1165
f 1292/1148/1148 1305/1157/1157 1307/1164/1164
f 1309/1147/1147 1305/1157/1157 1292/1148/1148
f 1294/1166/1166 1307/1164/1164 1295/1158/1158
f 1295/1158/1158 1307/1164/1164 1308/1161/1161
f 1292/1148/1148 1307/1164/1164 1294/1166/1166
f 1306/1155/1155 1304/1156/1156 1305/1157/1157
f 1305/1157/1157 1304/1156/1156 1303/1165/1165
f 1304/1156/1156 1302/1102/1102 1303/1165/1165
f 1303/1165/1165 1302/1102/1102 1301/1163/1163
f 1301/1163/1163 1302/1102/1102 1300/1097/1097
f 1299/1162/1162 1301/1163/1163 1300/1097/1097
f 1298/1096/1096 1299/1162/1162 1300/1097/1097
f 1297/1159/1159 1299/1162/1162 1298/1096/1096
f 1291/1095/1095 1297/1159/1159 1298/1096/1096
f 1289/1167/1167 1297/1159/1159 1291/1095/1095
f 1296/1160/1160 1297/1159/1159 1289/1167/1167
f 1282/1168/1168 1296/1160/1160 1289/1167/1167
f 1282/1168/1168 1295/1158/1158 1296/1160/1160
f 1284/1169/1169 1295/1158/1158 1282/1168/1168
f 1284/1169/1169 1294/1166/1166 1295/1158/1158
f 1285/1146/1146 1294/1166/1166 1284/1169/1169
f 1285/1146/1146 1292/1148/1148 1294/1166/1166
f 1293/1144/1144 1292/1148/1148 1285/1146/1146
f 1287/1093/1093 1288/1170/1170 1290/1094/1094
f 1288/1170/1170 1289/1167/1167 1290/1094/1094
f 1289/1167/1167 1291/1095/1095 1290/1094/1094
f 1282/1168/1168 1289/1167/1167 1280/1171/1171
f 1280/1171/1171 1289/1167/1167 1288/1170/1170
f 1280/1171/1171 1288/1170/1170 1278/1172/1172
f 1278/1172/1172 1288/1170/1170 1275/1173/1173
f 1275/1173/1173 1288/1170/1170 1287/1093/1093
f 1275/1173/1173 1287/1093/1093 1262/1092/1092
f 1283/1174/1174 1286/1145/1145 1285/1146/1146
f 1283/1174/1174 1285/1146/1146 1284/1169/1169
f 1283/1174/1174 1284/1169/1169 1282/1168/1168
f 1281/1175/1175 1283/1174/1174 1282/1168/1168
f 1281/1175/1175 1282/1168/1168 1280/1171/1171
f 1279/1176/1176 1281/1175/1175 1280/1171/1171
f 1279/1176/1176 1280/1171/1171 1278/1172/1172
f 1277/1177/1177 1279/1176/1176 1278/1172/1172
f 1277/1177/1177 1278/1172/1172 1275/1173/1173
f 1276/1178/1178 1277/1177/1177 1275/1173/1173
f 1274/1179/1179 1276/1178/1178 1275/1173/1173
f 1274/1179/1179 1275/1173/1173 1262/1092/1092
f 1273/1180/1180 1262/1092/1092 1261/1181/1181
f 1272/1182/1182 1273/1180/1180 1261/1181/1181
f 1272/1182/1182 1261/1181/1181 1263/1183/1183
f 1265/1184/1184 1272/1182/1182 1263/1183/1183
f 1265/1184/1184 1263/1183/1183 1264/1185/1185
f 1271/964/964 1256/1186/1186 1255/963/963
f 1271/964/964 1270/1187/1187 1256/1186/1186
f 1270/1187/1187 1257/1188/1188 1256/1186/1186
f 1270/1187/1187 1269/1189/1189 1257/1188/1188
f 1269/1189/1189 1268/1190/1190 1257/1188/1188
f 1268/1190/1190 1258/1191/1191 1257/1188/1188
f 1268/1190/1190 1267/1192/1192 1258/1191/1191
f 1267/1192/1192 1259/1193/1193 1258/1191/1191
f 1267/1192/1192 1266/1194/1194 1259/1193/1193
f 1266/1194/1194 1260/1195/1195 1259/1193/1193
f 1266/1194/1194 1265/1184/1184 1260/1195/1195
f 1265/1184/1184 1264/1185/1185 1260/1195/1195
f 1264/1185/1185 1238/1196/1196 1260/1195/1195
f 1263/1183/1183 1238/1196/1196 1264/1185/1185
f 1263/1183/1183 1237/1197/1197 1238/1196/1196
f 1261/1181/1181 1237/1197/1197 1263/1183/1183
f 1261/1181/1181 1236/1072/1072 1237/1197/1197
f 1262/1092/1092 1236/1072/1072 1261/1181/1181
f 1260/1195/1195 1238/1196/1196 1239/1198/1198
f 1260/1195/1195 1239/1198/1198 1259/1193/1193
f 1259/1193/1193 1239/1198/1198 1240/1199/1199
f 1259/1193/1193 1240/1199/1199 1252/1200/1200
f 1259/1193/1193 1252/1200/1200 1258/1191/1191
f 1258/1191/1191 1252/1200/1200 1250/1201/1201
f 1258/1191/1191 1250/1201/1201 1257/1188/1188
f 1257/1188/1188 1250/1201/1201 1251/1202/1202
f 1257/1188/1188 1251/1202/1202 1256/1186/1186
f 1256/1186/1186 1251/1202/1202 1255/963/963
f 1255/963/963 1251/1202/1202 1254/961/961
f 1254/961/961 1251/1202/1202 1247/1203/1203
f 1253/958/958 1254/961/961 1247/1203/1203
f 1253/958/958 1247/1203/1203 1246/956/956
f 1250/1201/1201 1252/1200/1200 1249/1204/1204
f 1252/1200/1200 1240/1199/1199 1241/1205/1205
f 1252/1200/1200 1241/1205/1205 1249/1204/1204
f 1241/1205/1205 1242/1206/1206 1249/1204/1204
f 1249/1204/1204 1242/1206/1206 1243/1207/1207
f 1249/1204/1204 1243/1207/1207 1248/1208/1208
f 1248/1208/1208 1243/1207/1207 1245/1209/1209
f 1248/1208/1208 1245/1209/1209 1247/1203/1203
f 1251/1202/1202 1248/1208/1208 1247/1203/1203
f 1251/1202/1202 1250/1201/1201 1248/1208/1208
f 1250/1201/1201 1249/1204/1204 1248/1208/1208
f 1247/1203/1203 1245/1209/1209 1246/956/956
f 1245/1209/1209 1244/955/955 1246/956/956
f 1245/1209/1209 1243/1207/1207 1244/955/955
f 1243/1207/1207 1234/954/954 1244/955/955
f 1243/1207/1207 1242/1206/1206 1234/954/954
f 1242/1206/1206 1233/1210/1210 1234/954/954
f 1241/1205/1205 1233/1210/1210 1242/1206/1206
f 1235/1211/1211 1233/1210/1210 1241/1205/1205
f 1240/1199/1199 1235/1211/1211 1241/1205/1205
f 1240/1199/1199 1231/1212/1212 1235/1211/1211
f 1240/1199/1199 1239/1198/1198 1231/1212/1212
f 1239/1198/1198 1230/1213/1213 1231/1212/1212
f 1239/1198/1198 1238/1196/1196 1230/1213/1213
f 1238/1196/1196 1229/1214/1214 1230/1213/1213
f 1238/1196/1196 1237/1197/1197 1229/1214/1214
f 1237/1197/1197 1228/1215/1215 1229/1214/1214
f 1237/1197/1197 1236/1072/1072 1228/1215/1215
f 1236/1072/1072 1227/1074/1074 1228/1215/1215
f 1231/1212/1212 1232/1216/1216 1235/1211/1211
f 1235/1211/1211 1232/1216/1216 1233/1210/1210
f 1233/1210/1210 1221/953/953 1234/954/954
f 1233/1210/1210 1232/1216/1216 1221/953/953
f 1232/1216/1216 1220/1217/1217 1221/953/953
f 1231/1212/1212 1220/1217/1217 1232/1216/1216
f 1231/1212/1212 1219/1218/1218 1220/1217/1217
f 1230/1213/1213 1219/1218/1218 1231/1212/1212
f 1230/1213/1213 1218/1219/1219 1219/1218/1218
f 1229/1214/1214 1218/1219/1219 1230/1213/1213
f 1229/1214/1214 1217/1220/1220 1218/1219/1219
f 1228/1215/1215 1217/1220/1220 1229/1214/1214
f 1228/1215/1215 1216/1221/1221 1217/1220/1220
f 1227/1074/1074 1216/1221/1221 1228/1215/1215
f 1227/1074/1074 1226/1076/1076 1216/1221/1221
f 1216/1221/1221 1226/1076/1076 1225/1078/1078
f 1216/1221/1221 1225/1078/1078 1214/1222/1222
f 1225/1078/1078 1224/1081/1081 1214/1222/1222
f 1214/1222/1222 1224/1081/1081 1215/1223/1223
f 1215/1223/1223 1224/1081/1081 1140/1083/1083
f 1215/1223/1223 1140/1083/1083 1223/1224/1224
f 1140/1083/1083 1122/1225/1225 1223/1224/1224
f 1223/1224/1224 1122/1225/1225 1123/951/951
f 1215/1223/1223 1223/1224/1224 1123/951/951
f 1212/1226/1226 1215/1223/1223 1123/951/951
f 1222/952/952 1212/1226/1226 1123/951/951
f 1211/1227/1227 1212/1226/1226 1222/952/952
f 1211/1227/1227 1222/952/952 1221/953/953
f 1220/1217/1217 1211/1227/1227 1221/953/953
f 1220/1217/1217 1219/1218/1218 1211/1227/1227
f 1219/1218/1218 1213/1228/1228 1211/1227/1227
f 1219/1218/1218 1218/1219/1219 1213/1228/1228
f 1218/1219/1219 1214/1222/1222 1213/1228/1228
f 1218/1219/1219 1217/1220/1220 1214/1222/1222
f 1217/1220/1220 1216/1221/1221 1214/1222/1222
f 1214/1222/1222 1215/1223/1223 1212/1226/1226
f 1214/1222/1222 1212/1226/1226 1213/1228/1228
f 1213/1228/1228 1212/1226/1226 1211/1227/1227
f 1210/1229/1229 1209/1230/1230 1208/1231/1231
f 1199/1232/1232 1200/1233/1233 1210/1229/1229
f 1210/1229/1229 1200/1233/1233 1209/1230/1230
f 1209/1230/1230 1200/1233/1233 1201/1234/1234
f 1209/1230/1230 1201/1234/1234 1202/1235/1235
f 1203/1236/1236 1209/1230/1230 1202/1235/1235
f 1208/1231/1231 1209/1230/1230 1203/1236/1236
f 1208/1231/1231 1203/1236/1236 1204/1237/1237
f 1207/1238/1238 1182/1239/1239 1181/1240/1240
f 1207/1238/1238 1198/1241/1241 1182/1239/1239
f 1206/1242/1242 1198/1241/1241 1207/1238/1238
f 1206/1242/1242 1197/1243/1243 1198/1241/1241
f 1205/1244/1244 1197/1243/1243 1206/1242/1242
f 1204/1237/1237 1197/1243/1243 1205/1244/1244
f 1204/1237/1237 1203/1236/1236 1197/1243/1243
f 1197/1243/1243 1203/1236/1236 1196/1245/1245
f 1203/1236/1236 1202/1235/1235 1196/1245/1245
f 1202/1235/1235 1184/1246/1246 1196/1245/1245
f 1202/1235/1235 1185/1247/1247 1184/1246/1246
f 1201/1234/1234 1185/1247/1247 1202/1235/1235
f 1201/1234/1234 1187/1248/1248 1185/1247/1247
f 1190/1249/1249 1187/1248/1248 1201/1234/1234
f 1200/1233/1233 1190/1249/1249 1201/1234/1234
f 1200/1233/1233 1192/1250/1250 1190/1249/1249
f 1199/1232/1232 1192/1250/1250 1200/1233/1233
f 1194/1251/1251 1192/1250/1250 1199/1232/1232
f 1182/1239/1239 1198/1241/1241 1183/1252/1252
f 1198/1241/1241 1196/1245/1245 1183/1252/1252
f 1198/1241/1241 1197/1243/1243 1196/1245/1245
f 1196/1245/1245 1184/1246/1246 1183/1252/1252
f 1195/1001/1001 1193/1003/1003 1194/1251/1251
f 1194/1251/1251 1193/1003/1003 1192/1250/1250
f 1192/1250/1250 1193/1003/1003 1191/1005/1005
f 1192/1250/1250 1191/1005/1005 1190/1249/1249
f 1191/1005/1005 1189/1007/1007 1190/1249/1249
f 1190/1249/1249 1189/1007/1007 1187/1248/1248
f 1187/1248/1248 1189/1007/1007 1188/1009/1009
f 1187/1248/1248 1188/1009/1009 1186/1010/1010
f 1185/1247/1247 1187/1248/1248 1186/1010/1010
f 1185/1247/1247 1186/1010/1010 1178/1011/1011
f 1184/1246/1246 1185/1247/1247 1178/1011/1011
f 1177/1253/1253 1184/1246/1246 1178/1011/1011
f 1183/1252/1252 1184/1246/1246 1177/1253/1253
f 1183/1252/1252 1177/1253/1253 1176/1254/1254
f 1182/1239/1239 1183/1252/1252 1176/1254/1254
f 1179/1255/1255 1182/1239/1239 1176/1254/1254
f 1181/1240/1240 1182/1239/1239 1179/1255/1255
f 1181/1240/1240 1179/1255/1255 1180/1256/1256
f 1180/1256/1256 1179/1255/1255 1175/1257/1257
f 1180/1256/1256 1175/1257/1257 1174/1258/1258
f 1175/1257/1257 1179/1255/1255 1176/1254/1254
f 1178/1011/1011 1164/993/993 1165/1259/1259
f 1177/1253/1253 1178/1011/1011 1165/1259/1259
f 1166/1260/1260 1177/1253/1253 1165/1259/1259
f 1176/1254/1254 1177/1253/1253 1166/1260/1260
f 1176/1254/1254 1166/1260/1260 1167/1261/1261
f 1175/1257/1257 1176/1254/1254 1167/1261/1261
f 1168/1262/1262 1175/1257/1257 1167/1261/1261
f 1174/1258/1258 1175/1257/1257 1168/1262/1262
f 1174/1258/1258 1168/1262/1262 1173/1263/1263
f 1173/1263/1263 1168/1262/1262 1172/1264/1264
f 1172/1264/1264 1168/1262/1262 1163/1265/1265
f 1172/1264/1264 1163/1265/1265 1171/1266/1266
f 1171/1266/1266 1163/1265/1265 1159/1267/1267
f 1171/1266/1266 1159/1267/1267 1170/1268/1268
f 1170/1268/1268 1159/1267/1267 1156/1269/1269
f 1170/1268/1268 1156/1269/1269 1169/1270/1270
f 1169/1270/1270 1156/1269/1269 1142/989/989
f 1169/1270/1270 1142/989/989 1143/1271/1271
f 1163/1265/1265 1168/1262/1262 1167/1261/1261
f 1163/1265/1265 1167/1261/1261 1162/1272/1272
f 1167/1261/1261 1166/1260/1260 1162/1272/1272
f 1162/1272/1272 1166/1260/1260 1161/1273/1273
f 1161/1273/1273 1166/1260/1260 1165/1259/1259
f 1161/1273/1273 1165/1259/1259 1160/992/992
f 1165/1259/1259 1164/993/993 1160/992/992
f 1159/1267/1267 1163/1265/1265 1162/1272/1272
f 1159/1267/1267 1162/1272/1272 1158/1274/1274
f 1162/1272/1272 1161/1273/1273 1158/1274/1274
f 1158/1274/1274 1161/1273/1273 1157/991/991
f 1157/991/991 1161/1273/1273 1160/992/992
f 1156/1269/1269 1159/1267/1267 1158/1274/1274
f 1156/1269/1269 1158/1274/1274 1155/990/990
f 1158/1274/1274 1157/991/991 1155/990/990
f 1142/989/989 1156/1269/1269 1155/990/990
f 1129/1091/1091 1154/1088/1088 1153/1101/1101
f 1152/1107/1107 1129/1091/1091 1153/1101/1101
f 1152/1107/1107 1130/1275/1275 1129/1091/1091
f 1151/1114/1114 1130/1275/1275 1152/1107/1107
f 1131/1276/1276 1130/1275/1275 1151/1114/1114
f 1150/1115/1115 1131/1276/1276 1151/1114/1114
f 1150/1115/1115 1133/1277/1277 1131/1276/1276
f 1149/1117/1117 1133/1277/1277 1150/1115/1115
f 1135/1278/1278 1133/1277/1277 1149/1117/1117
f 1148/1119/1119 1135/1278/1278 1149/1117/1117
f 1148/1119/1119 1137/988/988 1135/1278/1278
f 1147/1121/1121 1137/988/988 1148/1119/1119
f 1147/1121/1121 1145/986/986 1137/988/988
f 1146/1279/1279 1145/986/986 1147/1121/1121
f 1144/1280/1280 1145/986/986 1146/1279/1279
f 1144/1280/1280 1141/985/985 1145/986/986
f 1143/1271/1271 1141/985/985 1144/1280/1280
f 1143/1271/1271 1142/989/989 1141/985/985
f 1140/1083/1083 1139/1085/1085 1122/1225/1225
f 1122/1225/1225 1139/1085/1085 1125/1281/1281
f 1139/1085/1085 1138/1087/1087 1125/1281/1281
f 1138/1087/1087 1127/1089/1089 1125/1281/1281
f 1137/988/988 1136/987/987 1135/1278/1278
f 1136/987/987 1134/1066/1066 1135/1278/1278
f 1135/1278/1278 1134/1066/1066 1133/1277/1277
f 1133/1277/1277 1134/1066/1066 1132/1064/1064
f 1133/1277/1277 1132/1064/1064 1131/1276/1276
f 1132/1064/1064 1120/1062/1062 1131/1276/1276
f 1131/1276/1276 1120/1062/1062 1130/1275/1275
f 1130/1275/1275 1120/1062/1062 1118/1282/1282
f 1130/1275/1275 1118/1282/1282 1129/1091/1091
f 1118/1282/1282 1128/1090/1090 1129/1091/1091
f 1118/1282/1282 1119/1060/1060 1128/1090/1090
f 1119/1060/1060 1127/1089/1089 1128/1090/1090
f 1126/1056/1056 1127/1089/1089 1119/1060/1060
f 1125/1281/1281 1127/1089/1089 1126/1056/1056
f 1124/1055/1055 1125/1281/1281 1126/1056/1056
f 1124/1055/1055 1122/1225/1225 1125/1281/1281
f 1124/1055/1055 1121/947/947 1122/1225/1225
f 1123/951/951 1122/1225/1225 1121/947/947
f 1120/1062/1062 1119/1060/1060 1118/1282/1282
s 4
f 1117/1283/1283 1116/1284/1284 1114/1285/1285
f 1114/1285/1285 1116/1284/1284 1113/1286/1286
f 1116/1284/1284 1115/1287/1287 1113/1286/1286
f 1115/1287/1287 1109/1288/1288 1113/1286/1286
f 1115/1287/1287 1108/1289/1289 1109/1288/1288
f 1112/1290/1290 1114/1285/1285 1113/1286/1286
f 1112/1290/1290 1113/1286/1286 1111/1291/1291
f 1113/1286/1286 1109/1288/1288 1111/1291/1291
f 1111/1291/1291 1109/1288/1288 1110/1292/1292
f 1104/1293/1293 1112/1290/1290 1102/1294/1294
f 1102/1294/1294 1112/1290/1290 1111/1291/1291
f 1100/1295/1295 1102/1294/1294 1111/1291/1291
f 1100/1295/1295 1111/1291/1291 1110/1292/1292
f 1099/1296/1296 1100/1295/1295 1110/1292/1292
f 1099/1296/1296 1110/1292/1292 1082/1297/1297
f 1110/1292/1292 1109/1288/1288 1082/1297/1297
f 1082/1297/1297 1109/1288/1288 1083/1298/1298
f 1109/1288/1288 1108/1289/1289 1083/1298/1298
f 1108/1289/1289 1107/1299/1299 1083/1298/1298
f 1083/1298/1298 1107/1299/1299 1080/1300/1300
f 1080/1300/1300 1107/1299/1299 1078/1301/1301
f 1107/1299/1299 1106/1302/1302 1078/1301/1301
f 1106/1302/1302 1077/1303/1303 1078/1301/1301
f 1105/1304/1304 1104/1293/1293 1103/1305/1305
f 1104/1293/1293 1102/1294/1294 1103/1305/1305
f 1103/1305/1305 1102/1294/1294 1101/1306/1306
f 1101/1306/1306 1102/1294/1294 1100/1295/1295
f 1101/1306/1306 1100/1295/1295 1092/1307/1307
f 1092/1307/1307 1100/1295/1295 1099/1296/1296
f 1092/1307/1307 1099/1296/1296 1084/1308/1308
f 1084/1308/1308 1099/1296/1296 1082/1297/1297
f 1084/1308/1308 1082/1297/1297 1081/1309/1309
f 1095/1310/1310 1094/1311/1311 1098/1312/1312
f 1098/1312/1312 1094/1311/1311 1093/1313/1313
f 1098/1312/1312 1093/1313/1313 1097/1314/1314
f 1097/1314/1314 1093/1313/1313 1096/1315/1315
f 1096/1315/1315 1093/1313/1313 1086/1316/1316
f 1096/1315/1315 1086/1316/1316 1085/1317/1317
f 1091/1318/1318 1090/1319/1319 1095/1310/1310
f 1095/1310/1310 1090/1319/1319 1094/1311/1311
f 1094/1311/1311 1090/1319/1319 1089/1320/1320
f 1093/1313/1313 1094/1311/1311 1089/1320/1320
f 1093/1313/1313 1089/1320/1320 1088/1321/1321
f 1086/1316/1316 1093/1313/1313 1088/1321/1321
f 1086/1316/1316 1088/1321/1321 1087/1322/1322
f 1092/1307/1307 1084/1308/1308 1091/1318/1318
f 1091/1318/1318 1084/1308/1308 1090/1319/1319
f 1090/1319/1319 1084/1308/1308 1079/1323/1323
f 1090/1319/1319 1079/1323/1323 1089/1320/1320
f 1079/1323/1323 1076/1324/1324 1089/1320/1320
f 1089/1320/1320 1076/1324/1324 1088/1321/1321
f 1088/1321/1321 1076/1324/1324 1074/1325/1325
f 1088/1321/1321 1074/1325/1325 1087/1322/1322
f 1087/1322/1322 1074/1325/1325 1073/1326/1326
f 1087/1322/1322 1073/1326/1326 1072/1327/1327
f 1086/1316/1316 1087/1322/1322 1072/1327/1327
f 1071/1328/1328 1086/1316/1316 1072/1327/1327
f 1085/1317/1317 1086/1316/1316 1071/1328/1328
f 1085/1317/1317 1071/1328/1328 1070/1329/1329
f 1084/1308/1308 1081/1309/1309 1079/1323/1323
f 1083/1298/1298 1080/1300/1300 1082/1297/1297
f 1082/1297/1297 1080/1300/1300 1081/1309/1309
f 1081/1309/1309 1080/1300/1300 1079/1323/1323
f 1080/1300/1300 1078/1301/1301 1079/1323/1323
f 1078/1301/1301 1076/1324/1324 1079/1323/1323
f 1078/1301/1301 1077/1303/1303 1076/1324/1324
f 1077/1303/1303 1075/1330/1330 1076/1324/1324
f 1074/1325/1325 1076/1324/1324 1075/1330/1330
f 1066/1331/1331 1074/1325/1325 1075/1330/1330
f 1073/1326/1326 1074/1325/1325 1066/1331/1331
f 1067/1332/1332 1073/1326/1326 1066/1331/1331
f 1072/1327/1327 1073/1326/1326 1067/1332/1332
f 1072/1327/1327 1067/1332/1332 1068/1333/1333
f 1071/1328/1328 1072/1327/1327 1068/1333/1333
f 1069/1334/1334 1071/1328/1328 1068/1333/1333
f 1070/1329/1329 1071/1328/1328 1069/1334/1334
f 1070/1329/1329 1069/1334/1334 1061/1335/1335
f 1061/1335/1335 1069/1334/1334 1059/1336/1336
f 1061/1335/1335 1059/1336/1336 1058/1337/1337
f 1059/1336/1336 1069/1334/1334 1057/1338/1338
f 1069/1334/1334 1068/1333/1333 1057/1338/1338
f 1068/1333/1333 1063/1339/1339 1057/1338/1338
f 1068/1333/1333 1067/1332/1332 1063/1339/1339
f 1063/1339/1339 1067/1332/1332 1064/1340/1340
f 1064/1340/1340 1067/1332/1332 1066/1331/1331
f 1062/1341/1341 1063/1339/1339 1065/1342/1342
f 1065/1342/1342 1063/1339/1339 1064/1340/1340
f 1057/1338/1338 1063/1339/1339 1055/1343/1343
f 1055/1343/1343 1063/1339/1339 1062/1341/1341
f 1054/1344/1344 1055/1343/1343 1062/1341/1341
f 1060/1345/1345 1050/1346/1346 1049/1347/1347
f 1061/1335/1335 1058/1337/1337 1060/1345/1345
f 1060/1345/1345 1058/1337/1337 1050/1346/1346
f 1050/1346/1346 1058/1337/1337 1056/1348/1348
f 1050/1346/1346 1056/1348/1348 1051/1349/1349
f 1056/1348/1348 1053/1350/1350 1051/1349/1349
f 1051/1349/1349 1053/1350/1350 1052/1351/1351
f 1058/1337/1337 1059/1336/1336 1057/1338/1338
f 1058/1337/1337 1057/1338/1338 1056/1348/1348
f 1057/1338/1338 1055/1343/1343 1056/1348/1348
f 1056/1348/1348 1055/1343/1343 1053/1350/1350
f 1053/1350/1350 1055/1343/1343 1054/1344/1344
f 1042/1352/1352 1053/1350/1350 1054/1344/1344
f 1052/1351/1351 1053/1350/1350 1042/1352/1352
f 1043/1353/1353 1052/1351/1351 1042/1352/1352
f 1051/1349/1349 1052/1351/1351 1043/1353/1353
f 1051/1349/1349 1043/1353/1353 1044/1354/1354
f 1050/1346/1346 1051/1349/1349 1044/1354/1354
f 1045/1355/1355 1050/1346/1346 1044/1354/1354
f 1049/1347/1347 1050/1346/1346 1045/1355/1355
f 1049/1347/1347 1045/1355/1355 1048/1356/1356
f 1048/1356/1356 1045/1355/1355 1046/1357/1357
f 1048/1356/1356 1046/1357/1357 1047/1358/1358
f 1047/1358/1358 1046/1357/1357 1027/1359/1359
f 1027/1359/1359 1046/1357/1357 1026/1360/1360
f 1026/1360/1360 1028/1361/1361 1025/1362/1362
f 1026/1360/1360 1046/1357/1357 1028/1361/1361
f 1046/1357/1357 1035/1363/1363 1028/1361/1361
f 1046/1357/1357 1045/1355/1355 1035/1363/1363
f 1045/1355/1355 1044/1354/1354 1035/1363/1363
f 1044/1354/1354 1034/1364/1364 1035/1363/1363
f 1044/1354/1354 1043/1353/1353 1034/1364/1364
f 1034/1364/1364 1043/1353/1353 1038/1365/1365
f 1038/1365/1365 1043/1353/1353 1042/1352/1352
f 1037/1366/1366 1036/1367/1367 1041/1368/1368
f 1036/1367/1367 1033/1369/1369 1041/1368/1368
f 1041/1368/1368 1033/1369/1369 1040/1370/1370
f 1040/1370/1370 1033/1369/1369 1039/1371/1371
f 1033/1369/1369 1034/1364/1364 1039/1371/1371
f 1039/1371/1371 1034/1364/1364 1038/1365/1365
f 1037/1366/1366 1022/1372/1372 1023/1373/1373
f 1037/1366/1366 1023/1373/1373 1036/1367/1367
f 1024/1374/1374 1036/1367/1367 1023/1373/1373
f 1028/1361/1361 1036/1367/1367 1024/1374/1374
f 1028/1361/1361 1033/1369/1369 1036/1367/1367
f 1035/1363/1363 1033/1369/1369 1028/1361/1361
f 1035/1363/1363 1034/1364/1364 1033/1369/1369
f 1031/1375/1375 1032/1376/1376 1030/1377/1377
f 1021/1378/1378 1031/1375/1375 1020/1379/1379
f 1020/1379/1379 1031/1375/1375 1030/1377/1377
f 1019/1380/1380 1020/1379/1379 1030/1377/1377
f 1019/1380/1380 1030/1377/1377 1029/1381/1381
f 1029/1381/1381 1018/1382/1382 1019/1380/1380
f 1018/1382/1382 1029/1381/1381 1016/1383/1383
f 1028/1361/1361 1024/1374/1374 1025/1362/1362
f 1027/1359/1359 1026/1360/1360 1005/1384/1384
f 1026/1360/1360 1025/1362/1362 1005/1384/1384
f 1025/1362/1362 1004/1385/1385 1005/1384/1384
f 1025/1362/1362 1024/1374/1374 1004/1385/1385
f 1004/1385/1385 1024/1374/1374 1013/1386/1386
f 1024/1374/1374 1023/1373/1373 1013/1386/1386
f 1023/1373/1373 1012/1387/1387 1013/1386/1386
f 1022/1372/1372 1012/1387/1387 1023/1373/1373
f 1022/1372/1372 1021/1378/1378 1012/1387/1387
f 1012/1387/1387 1021/1378/1378 1011/1388/1388
f 1021/1378/1378 1020/1379/1379 1011/1388/1388
f 1011/1388/1388 1020/1379/1379 1010/1389/1389
f 1010/1389/1389 1020/1379/1379 1019/1380/1380
f 1008/1390/1390 1010/1389/1389 1019/1380/1380
f 1018/1382/1382 1008/1390/1390 1019/1380/1380
f 1014/1391/1391 1008/1390/1390 1018/1382/1382
f 1014/1391/1391 1018/1382/1382 1016/1383/1383
f 1017/1392/1392 1014/1391/1391 1016/1383/1383
f 1006/1393/1393 1008/1390/1390 1015/1394/1394
f 1015/1394/1394 1008/1390/1390 1014/1391/1391
f 1004/1385/1385 1013/1386/1386 1007/1395/1395
f 1013/1386/1386 1009/1396/1396 1007/1395/1395
f 1013/1386/1386 1012/1387/1387 1009/1396/1396
f 1009/1396/1396 1012/1387/1387 1011/1388/1388
f 1009/1396/1396 1011/1388/1388 1010/1389/1389
f 1008/1390/1390 1009/1396/1396 1010/1389/1389
f 1007/1395/1395 1009/1396/1396 1008/1390/1390
f 1007/1395/1395 1008/1390/1390 1006/1393/1393
f 1004/1385/1385 1007/1395/1395 1006/1393/1393
f 1003/1397/1397 1004/1385/1385 1006/1393/1393
f 1005/1384/1384 1004/1385/1385 1003/1397/1397
s 5
f 965/1398/1398 966/1399/1399 1002/1400/1400
f 966/1399/1399 1001/1401/1401 1002/1400/1400
f 1002/1400/1400 1001/1401/1401 1000/1402/1402
f 1001/1401/1401 999/1403/1403 1000/1402/1402
f 1000/1402/1402 999/1403/1403 998/1404/1404
f 999/1403/1403 997/1405/1405 998/1404/1404
f 998/1404/1404 997/1405/1405 996/1406/1406
f 997/1405/1405 995/1407/1407 996/1406/1406
f 996/1406/1406 995/1407/1407 993/1408/1408
f 995/1407/1407 994/1409/1409 993/1408/1408
f 994/1409/1409 991/1410/1410 993/1408/1408
f 993/1408/1408 991/1410/1410 992/1411/1411
f 992/1411/1411 991/1410/1410 989/1412/1412
f 991/1410/1410 990/1413/1413 989/1412/1412
f 990/1413/1413 988/1414/1414 989/1412/1412
f 989/1412/1412 988/1414/1414 987/1415/1415
f 987/1415/1415 988/1414/1414 986/1416/1416
f 987/1415/1415 986/1416/1416 985/1417/1417
f 986/1416/1416 984/1418/1418 985/1417/1417
f 985/1417/1417 984/1418/1418 983/1419/1419
f 984/1418/1418 982/1420/1420 983/1419/1419
f 983/1419/1419 982/1420/1420 977/1421/1421
f 982/1420/1420 981/1422/1422 977/1421/1421
f 981/1422/1422 980/1423/1423 977/1421/1421
f 980/1423/1423 979/1424/1424 977/1421/1421
f 979/1424/1424 978/1425/1425 977/1421/1421
f 978/1425/1425 975/1426/1426 977/1421/1421
f 977/1421/1421 975/1426/1426 976/1427/1427
f 976/1427/1427 975/1426/1426 972/1428/1428
f 975/1426/1426 974/1429/1429 972/1428/1428
f 974/1429/1429 973/1430/1430 972/1428/1428
f 973/1430/1430 971/1431/1431 972/1428/1428
f 972/1428/1428 971/1431/1431 970/1432/1432
f 971/1431/1431 969/1433/1433 970/1432/1432
f 970/1432/1432 969/1433/1433 968/1434/1434
f 969/1433/1433 967/1435/1435 968/1434/1434
f 968/1434/1434 967/1435/1435 965/1398/1398
f 967/1435/1435 966/1399/1399 965/1398/1398
s 6
f 952/1436/1436 953/1437/1437 964/1438/1438
s 7
f 963/1439/1439 962/1440/1440 960/1441/1441
f 962/1440/1440 961/1442/1442 960/1441/1441
f 961/1442/1442 958/1443/1443 960/1441/1441
f 960/1441/1441 958/1443/1443 959/1444/1444
s 6
f 957/1445/1445 956/1446/1446 955/1447/1447
f 954/1448/1448 955/1447/1447 956/1446/1446
f 955/1447/1447 954/1448/1448 952/1436/1436
f 954/1448/1448 953/1437/1437 952/1436/1436
s 8
f 947/1449/1449 946/1450/1450 951/1451/1451
f 940/1452/1452 941/1453/1453 950/1454/1454
f 940/1452/1452 950/1454/1454 949/1455/1455
f 949/1455/1455 950/1454/1454 948/1456/1456
f 949/1455/1455 948/1456/1456 947/1449/1449
f 947/1449/1449 948/1456/1456 945/1457/1457
f 947/1449/1449 945/1457/1457 946/1450/1450
f 939/1458/1458 938/1459/1459 944/1460/1460
f 939/1458/1458 944/1460/1460 943/1461/1461
f 943/1461/1461 944/1460/1460 941/1453/1453
f 943/1461/1461 941/1453/1453 942/1462/1462
f 942/1462/1462 941/1453/1453 940/1452/1452
f 937/1463/1463 938/1459/1459 939/1458/1458
f 937/1463/1463 924/1464/1464 938/1459/1459
f 937/1463/1463 925/1465/1465 924/1464/1464
f 934/1466/1466 925/1465/1465 937/1463/1463
f 929/1467/1467 930/1468/1468 936/1469/1469
f 932/1470/1470 933/1471/1471 935/1472/1472
f 935/1472/1472 933/1471/1471 934/1466/1466
f 934/1466/1466 933/1471/1471 925/1465/1465
f 932/1470/1470 926/1473/1473 933/1471/1471
f 932/1470/1470 927/1474/1474 926/1473/1473
f 931/1475/1475 927/1474/1474 932/1470/1470
f 931/1475/1475 928/1476/1476 927/1474/1474
f 928/1476/1476 931/1475/1475 930/1468/1468
f 929/1467/1467 928/1476/1476 930/1468/1468
