# Blender 5.0.1
# www.blender.org
mtllib hombro_izq_yae.mtl
g 肌.001_Malla
v -0.019407 -0.029881 0.005291
v -0.022681 -0.028559 0.010134
v -0.021056 -0.027683 0.010700
v -0.021056 -0.027683 0.010700
v -0.017263 -0.029015 0.005451
v -0.019407 -0.029881 0.005291
v -0.048283 -0.043118 -0.009188
v -0.044005 -0.047243 -0.006097
v -0.028463 -0.026737 -0.009752
v -0.022541 -0.029233 -0.007674
v -0.044005 -0.047243 -0.006097
v -0.042120 -0.048825 -0.000053
v -0.042120 -0.048825 -0.000053
v -0.019571 -0.030138 -0.001576
v -0.022541 -0.029233 -0.007674
v -0.028550 -0.026390 0.012896
v -0.048213 -0.042313 0.013143
v -0.034621 -0.023591 0.012490
v -0.039128 -0.021222 0.009065
v -0.052358 -0.038216 0.012768
v -0.056112 -0.034648 0.009651
v -0.039704 -0.021062 -0.003643
v -0.056579 -0.034573 -0.003171
v -0.053146 -0.038353 -0.007708
v -0.053146 -0.038353 -0.007708
v -0.035422 -0.023470 -0.008163
v -0.039704 -0.021062 -0.003643
v -0.022681 -0.028559 0.010134
v -0.019407 -0.029881 0.005291
v -0.042345 -0.048373 0.005751
v -0.042345 -0.048373 0.005751
v -0.044495 -0.046077 0.010136
v -0.022681 -0.028559 0.010134
v -0.019407 -0.029881 0.005291
v -0.019571 -0.030138 -0.001576
v -0.042120 -0.048825 -0.000053
v -0.042120 -0.048825 -0.000053
v -0.042345 -0.048373 0.005751
v -0.019407 -0.029881 0.005291
v -0.028550 -0.026390 0.012896
v -0.022681 -0.028559 0.010134
v -0.044495 -0.046077 0.010136
v -0.044495 -0.046077 0.010136
v -0.048213 -0.042313 0.013143
v -0.028550 -0.026390 0.012896
v -0.041150 -0.019896 0.002469
v -0.039128 -0.021222 0.009065
v -0.056112 -0.034648 0.009651
v -0.056112 -0.034648 0.009651
v -0.057398 -0.033331 0.003068
v -0.041150 -0.019896 0.002469
v -0.019571 -0.030138 -0.001576
v -0.017460 -0.029264 -0.001904
v -0.020850 -0.028443 -0.008397
v -0.020850 -0.028443 -0.008397
v -0.022541 -0.029233 -0.007674
v -0.019571 -0.030138 -0.001576
v -0.017263 -0.029015 0.005451
v -0.017460 -0.029264 -0.001904
v -0.019571 -0.030138 -0.001576
v -0.019571 -0.030138 -0.001576
v -0.019407 -0.029881 0.005291
v -0.017263 -0.029015 0.005451
v -0.027156 -0.025771 -0.010527
v -0.028463 -0.026737 -0.009752
v -0.022541 -0.029233 -0.007674
v -0.022541 -0.029233 -0.007674
v -0.020850 -0.028443 -0.008397
v -0.027156 -0.025771 -0.010527
v -0.028550 -0.026390 0.012896
v -0.034621 -0.023591 0.012490
v -0.033792 -0.022379 0.013251
v -0.033792 -0.022379 0.013251
v -0.027182 -0.025443 0.013599
v -0.028550 -0.026390 0.012896
v -0.038502 -0.020103 0.009485
v -0.033792 -0.022379 0.013251
v -0.034621 -0.023591 0.012490
v -0.034621 -0.023591 0.012490
v -0.039128 -0.021222 0.009065
v -0.038502 -0.020103 0.009485
v -0.028463 -0.026737 -0.009752
v -0.027156 -0.025771 -0.010527
v -0.034766 -0.022462 -0.008819
v -0.034766 -0.022462 -0.008819
v -0.035422 -0.023470 -0.008163
v -0.028463 -0.026737 -0.009752
v -0.022681 -0.028559 0.010134
v -0.028550 -0.026390 0.012896
v -0.027182 -0.025443 0.013599
v -0.027182 -0.025443 0.013599
v -0.021056 -0.027683 0.010700
v -0.022681 -0.028559 0.010134
v -0.040791 -0.018631 0.002585
v -0.038502 -0.020103 0.009485
v -0.039128 -0.021222 0.009065
v -0.039128 -0.021222 0.009065
v -0.041150 -0.019896 0.002469
v -0.040791 -0.018631 0.002585
v -0.039068 -0.020024 -0.003873
v -0.039704 -0.021062 -0.003643
v -0.035422 -0.023470 -0.008163
v -0.035422 -0.023470 -0.008163
v -0.034766 -0.022462 -0.008819
v -0.039068 -0.020024 -0.003873
v -0.009669 -0.022458 0.004853
v -0.012920 -0.021304 0.010167
v -0.012701 -0.020267 0.009410
v -0.012701 -0.020267 0.009410
v -0.009341 -0.021413 0.004531
v -0.009669 -0.022458 0.004853
v -0.010240 -0.022601 -0.002578
v -0.009921 -0.021543 -0.002521
v -0.013028 -0.020448 -0.008611
v -0.013028 -0.020448 -0.008611
v -0.013515 -0.021392 -0.009055
v -0.010240 -0.022601 -0.002578
v -0.010240 -0.022601 -0.002578
v -0.009669 -0.022458 0.004853
v -0.009341 -0.021413 0.004531
v -0.009341 -0.021413 0.004531
v -0.009921 -0.021543 -0.002521
v -0.010240 -0.022601 -0.002578
v -0.013515 -0.021392 -0.009055
v -0.013028 -0.020448 -0.008611
v -0.018371 -0.018322 -0.009774
v -0.018371 -0.018322 -0.009774
v -0.019878 -0.018654 -0.011574
v -0.013515 -0.021392 -0.009055
v -0.018411 -0.018843 0.013531
v -0.025354 -0.015881 0.014192
v -0.024310 -0.015409 0.011692
v -0.024310 -0.015409 0.011692
v -0.018288 -0.018152 0.011991
v -0.018411 -0.018843 0.013531
v -0.025354 -0.015881 0.014192
v -0.032419 -0.012766 0.009645
v -0.028818 -0.013123 0.008570
v -0.028818 -0.013123 0.008570
v -0.024310 -0.015409 0.011692
v -0.025354 -0.015881 0.014192
v -0.019878 -0.018654 -0.011574
v -0.018371 -0.018322 -0.009774
v -0.025420 -0.015331 -0.008213
v -0.025420 -0.015331 -0.008213
v -0.029629 -0.014526 -0.010223
v -0.019878 -0.018654 -0.011574
v -0.012920 -0.021304 0.010167
v -0.018411 -0.018843 0.013531
v -0.018288 -0.018152 0.011991
v -0.018288 -0.018152 0.011991
v -0.012701 -0.020267 0.009410
v -0.012920 -0.021304 0.010167
v -0.032419 -0.012766 0.009645
v -0.035926 -0.011091 0.002576
v -0.031268 -0.012071 0.002447
v -0.031268 -0.012071 0.002447
v -0.028818 -0.013123 0.008570
v -0.032419 -0.012766 0.009645
v -0.029629 -0.014526 -0.010223
v -0.025420 -0.015331 -0.008213
v -0.029639 -0.013146 -0.003752
v -0.029639 -0.013146 -0.003752
v -0.034313 -0.012086 -0.004876
v -0.029629 -0.014526 -0.010223
v -0.034313 -0.012086 -0.004876
v -0.029639 -0.013146 -0.003752
v -0.031268 -0.012071 0.002447
v -0.031268 -0.012071 0.002447
v -0.035926 -0.011091 0.002576
v -0.034313 -0.012086 -0.004876
v -0.035422 -0.023470 -0.008163
v -0.048283 -0.043118 -0.009188
v -0.028463 -0.026737 -0.009752
v -0.039068 -0.020024 -0.003873
v -0.040791 -0.018631 0.002585
v -0.041150 -0.019896 0.002469
v -0.041150 -0.019896 0.002469
v -0.039704 -0.021062 -0.003643
v -0.039068 -0.020024 -0.003873
v -0.041150 -0.019896 0.002469
v -0.057398 -0.033331 0.003068
v -0.056579 -0.034573 -0.003171
v -0.056579 -0.034573 -0.003171
v -0.039704 -0.021062 -0.003643
v -0.041150 -0.019896 0.002469
v -0.019878 -0.018654 -0.011574
v -0.027156 -0.025771 -0.010527
v -0.020850 -0.028443 -0.008397
v -0.020850 -0.028443 -0.008397
v -0.013515 -0.021392 -0.009055
v -0.019878 -0.018654 -0.011574
v -0.017460 -0.029264 -0.001904
v -0.010240 -0.022601 -0.002578
v -0.013515 -0.021392 -0.009055
v -0.013515 -0.021392 -0.009055
v -0.020850 -0.028443 -0.008397
v -0.017460 -0.029264 -0.001904
v -0.009669 -0.022458 0.004853
v -0.010240 -0.022601 -0.002578
v -0.017460 -0.029264 -0.001904
v -0.017460 -0.029264 -0.001904
v -0.017263 -0.029015 0.005451
v -0.009669 -0.022458 0.004853
v -0.017263 -0.029015 0.005451
v -0.021056 -0.027683 0.010700
v -0.012920 -0.021304 0.010167
v -0.012920 -0.021304 0.010167
v -0.009669 -0.022458 0.004853
v -0.017263 -0.029015 0.005451
v -0.021056 -0.027683 0.010700
v -0.027182 -0.025443 0.013599
v -0.018411 -0.018843 0.013531
v -0.018411 -0.018843 0.013531
v -0.012920 -0.021304 0.010167
v -0.021056 -0.027683 0.010700
v -0.027182 -0.025443 0.013599
v -0.033792 -0.022379 0.013251
v -0.025354 -0.015881 0.014192
v -0.025354 -0.015881 0.014192
v -0.018411 -0.018843 0.013531
v -0.027182 -0.025443 0.013599
v -0.032419 -0.012766 0.009645
v -0.025354 -0.015881 0.014192
v -0.033792 -0.022379 0.013251
v -0.033792 -0.022379 0.013251
v -0.038502 -0.020103 0.009485
v -0.032419 -0.012766 0.009645
v -0.035926 -0.011091 0.002576
v -0.032419 -0.012766 0.009645
v -0.038502 -0.020103 0.009485
v -0.038502 -0.020103 0.009485
v -0.040791 -0.018631 0.002585
v -0.035926 -0.011091 0.002576
v -0.035926 -0.011091 0.002576
v -0.040791 -0.018631 0.002585
v -0.039068 -0.020024 -0.003873
v -0.039068 -0.020024 -0.003873
v -0.034313 -0.012086 -0.004876
v -0.035926 -0.011091 0.002576
v -0.034313 -0.012086 -0.004876
v -0.039068 -0.020024 -0.003873
v -0.034766 -0.022462 -0.008819
v -0.034766 -0.022462 -0.008819
v -0.029629 -0.014526 -0.010223
v -0.034313 -0.012086 -0.004876
v -0.029629 -0.014526 -0.010223
v -0.034766 -0.022462 -0.008819
v -0.027156 -0.025771 -0.010527
v -0.027156 -0.025771 -0.010527
v -0.019878 -0.018654 -0.011574
v -0.029629 -0.014526 -0.010223
v -0.038640 -0.010883 0.003422
v -0.039027 -0.011480 0.003273
v -0.038818 -0.011736 0.004392
v -0.038818 -0.011736 0.004392
v -0.038318 -0.010928 0.004520
v -0.038640 -0.010883 0.003422
v -0.038357 -0.010133 0.002566
v -0.038436 -0.010371 0.003150
v -0.037775 -0.009412 0.003513
v -0.037775 -0.009412 0.003513
v -0.037797 -0.009141 0.002553
v -0.038357 -0.010133 0.002566
v -0.039027 -0.011480 0.003273
v -0.039389 -0.012760 0.004427
v -0.038818 -0.011736 0.004392
v -0.038818 -0.011736 0.004392
v -0.039389 -0.012760 0.004427
v -0.038785 -0.012668 0.006170
v -0.038785 -0.012668 0.006170
v -0.038066 -0.011336 0.006048
v -0.038818 -0.011736 0.004392
v -0.039355 -0.011899 0.002580
v -0.041662 -0.015986 0.002634
v -0.041441 -0.015920 0.003623
v -0.041441 -0.015920 0.003623
v -0.039027 -0.011480 0.003273
v -0.039355 -0.011899 0.002580
v -0.038941 -0.014048 0.008115
v -0.039582 -0.014953 0.007754
v -0.038747 -0.015613 0.009746
v -0.038747 -0.015613 0.009746
v -0.037995 -0.014558 0.009965
v -0.038941 -0.014048 0.008115
v -0.037923 -0.010045 0.004183
v -0.038436 -0.010371 0.003150
v -0.038640 -0.010883 0.003422
v -0.038640 -0.010883 0.003422
v -0.038318 -0.010928 0.004520
v -0.037923 -0.010045 0.004183
v -0.037775 -0.009412 0.003513
v -0.038436 -0.010371 0.003150
v -0.037923 -0.010045 0.004183
v -0.038066 -0.011336 0.006048
v -0.038785 -0.012668 0.006170
v -0.038617 -0.013078 0.007434
v -0.038617 -0.013078 0.007434
v -0.037663 -0.011667 0.007911
v -0.038066 -0.011336 0.006048
v -0.040965 -0.015534 0.004432
v -0.040742 -0.016302 0.006511
v -0.040107 -0.015145 0.006442
v -0.037508 -0.012897 0.009270
v -0.038617 -0.013078 0.007434
v -0.038941 -0.014048 0.008115
v -0.038941 -0.014048 0.008115
v -0.037995 -0.014558 0.009965
v -0.037508 -0.012897 0.009270
v -0.037663 -0.011667 0.007911
v -0.038617 -0.013078 0.007434
v -0.037508 -0.012897 0.009270
v -0.038747 -0.015613 0.009746
v -0.039582 -0.014953 0.007754
v -0.039791 -0.016336 0.008806
v -0.040742 -0.016302 0.006511
v -0.039791 -0.016336 0.008806
v -0.039582 -0.014953 0.007754
v -0.039582 -0.014953 0.007754
v -0.040107 -0.015145 0.006442
v -0.040742 -0.016302 0.006511
v -0.040322 -0.014678 0.004925
v -0.040965 -0.015534 0.004432
v -0.040107 -0.015145 0.006442
v -0.039389 -0.012760 0.004427
v -0.040965 -0.015534 0.004432
v -0.040322 -0.014678 0.004925
v -0.040322 -0.014678 0.004925
v -0.039749 -0.013714 0.005003
v -0.039389 -0.012760 0.004427
v -0.041441 -0.015920 0.003623
v -0.040965 -0.015534 0.004432
v -0.039389 -0.012760 0.004427
v -0.039389 -0.012760 0.004427
v -0.039027 -0.011480 0.003273
v -0.041441 -0.015920 0.003623
v -0.038698 -0.010873 0.001730
v -0.038450 -0.010905 0.000613
v -0.038940 -0.011714 0.000765
v -0.038940 -0.011714 0.000765
v -0.039074 -0.011472 0.001899
v -0.038698 -0.010873 0.001730
v -0.038357 -0.010133 0.002566
v -0.037797 -0.009141 0.002553
v -0.037840 -0.009400 0.001600
v -0.037840 -0.009400 0.001600
v -0.038475 -0.010364 0.001995
v -0.038357 -0.010133 0.002566
v -0.039513 -0.012738 0.000756
v -0.039074 -0.011472 0.001899
v -0.038940 -0.011714 0.000765
v -0.039027 -0.012625 -0.001022
v -0.039513 -0.012738 0.000756
v -0.038940 -0.011714 0.000765
v -0.038940 -0.011714 0.000765
v -0.038301 -0.011294 -0.000933
v -0.039027 -0.012625 -0.001022
v -0.041507 -0.015908 0.001658
v -0.041662 -0.015986 0.002634
v -0.039355 -0.011899 0.002580
v -0.039355 -0.011899 0.002580
v -0.039074 -0.011472 0.001899
v -0.041507 -0.015908 0.001658
v -0.039232 -0.015527 -0.004628
v -0.039930 -0.014891 -0.002576
v -0.039316 -0.013981 -0.002969
v -0.039316 -0.013981 -0.002969
v -0.038497 -0.014468 -0.004884
v -0.039232 -0.015527 -0.004628
v -0.038698 -0.010873 0.001730
v -0.038475 -0.010364 0.001995
v -0.038033 -0.010025 0.000933
v -0.038033 -0.010025 0.000933
v -0.038450 -0.010905 0.000613
v -0.038698 -0.010873 0.001730
v -0.038475 -0.010364 0.001995
v -0.037840 -0.009400 0.001600
v -0.038033 -0.010025 0.000933
v -0.038946 -0.013020 -0.002299
v -0.039027 -0.012625 -0.001022
v -0.038301 -0.011294 -0.000933
v -0.038301 -0.011294 -0.000933
v -0.038026 -0.011602 -0.002823
v -0.038946 -0.013020 -0.002299
v -0.041005 -0.016255 -0.001275
v -0.041087 -0.015513 0.000824
v -0.040366 -0.015099 -0.001234
v -0.037963 -0.012816 -0.004204
v -0.038497 -0.014468 -0.004884
v -0.039316 -0.013981 -0.002969
v -0.039316 -0.013981 -0.002969
v -0.038946 -0.013020 -0.002299
v -0.037963 -0.012816 -0.004204
v -0.038946 -0.013020 -0.002299
v -0.038026 -0.011602 -0.002823
v -0.037963 -0.012816 -0.004204
v -0.039232 -0.015527 -0.004628
v -0.040210 -0.016261 -0.003629
v -0.039930 -0.014891 -0.002576
v -0.041005 -0.016255 -0.001275
v -0.040366 -0.015099 -0.001234
v -0.039930 -0.014891 -0.002576
v -0.039930 -0.014891 -0.002576
v -0.040210 -0.016261 -0.003629
v -0.041005 -0.016255 -0.001275
v -0.041087 -0.015513 0.000824
v -0.040478 -0.014650 0.000300
v -0.040366 -0.015099 -0.001234
v -0.040478 -0.014650 0.000300
v -0.041087 -0.015513 0.000824
v -0.039513 -0.012738 0.000756
v -0.039513 -0.012738 0.000756
v -0.039912 -0.013685 0.000195
v -0.040478 -0.014650 0.000300
v -0.041507 -0.015908 0.001658
v -0.039074 -0.011472 0.001899
v -0.039513 -0.012738 0.000756
v -0.039513 -0.012738 0.000756
v -0.041087 -0.015513 0.000824
v -0.041507 -0.015908 0.001658
v -0.039446 -0.010429 0.003452
v -0.039124 -0.010474 0.004550
v -0.039624 -0.011282 0.004422
v -0.039624 -0.011282 0.004422
v -0.039833 -0.011026 0.003303
v -0.039446 -0.010429 0.003452
v -0.039163 -0.009679 0.002596
v -0.038603 -0.008687 0.002583
v -0.038581 -0.008958 0.003542
v -0.038581 -0.008958 0.003542
v -0.039242 -0.009917 0.003180
v -0.039163 -0.009679 0.002596
v -0.040195 -0.012306 0.004457
v -0.039833 -0.011026 0.003303
v -0.039624 -0.011282 0.004422
v -0.039591 -0.012214 0.006199
v -0.040195 -0.012306 0.004457
v -0.039624 -0.011282 0.004422
v -0.039624 -0.011282 0.004422
v -0.038872 -0.010882 0.006077
v -0.039591 -0.012214 0.006199
v -0.042247 -0.015466 0.003653
v -0.042468 -0.015532 0.002664
v -0.040161 -0.011445 0.002610
v -0.040161 -0.011445 0.002610
v -0.039833 -0.011026 0.003303
v -0.042247 -0.015466 0.003653
v -0.039747 -0.013593 0.008145
v -0.038801 -0.014104 0.009995
v -0.039553 -0.015159 0.009776
v -0.039553 -0.015159 0.009776
v -0.040387 -0.014499 0.007784
v -0.039747 -0.013593 0.008145
v -0.039446 -0.010429 0.003452
v -0.039242 -0.009917 0.003180
v -0.038729 -0.009591 0.004213
v -0.038729 -0.009591 0.004213
v -0.039124 -0.010474 0.004550
v -0.039446 -0.010429 0.003452
v -0.039242 -0.009917 0.003180
v -0.038581 -0.008958 0.003542
v -0.038729 -0.009591 0.004213
v -0.039423 -0.012624 0.007464
v -0.039591 -0.012214 0.006199
v -0.038872 -0.010882 0.006077
v -0.038872 -0.010882 0.006077
v -0.038469 -0.011213 0.007941
v -0.039423 -0.012624 0.007464
v -0.041548 -0.015848 0.006541
v -0.041771 -0.015080 0.004462
v -0.040913 -0.014691 0.006472
v -0.038314 -0.012443 0.009300
v -0.038801 -0.014104 0.009995
v -0.039747 -0.013593 0.008145
v -0.039747 -0.013593 0.008145
v -0.039423 -0.012624 0.007464
v -0.038314 -0.012443 0.009300
v -0.039423 -0.012624 0.007464
v -0.038469 -0.011213 0.007941
v -0.038314 -0.012443 0.009300
v -0.040597 -0.015882 0.008836
v -0.040387 -0.014499 0.007784
v -0.039553 -0.015159 0.009776
v -0.041548 -0.015848 0.006541
v -0.040913 -0.014691 0.006472
v -0.040387 -0.014499 0.007784
v -0.040387 -0.014499 0.007784
v -0.040597 -0.015882 0.008836
v -0.041548 -0.015848 0.006541
v -0.041771 -0.015080 0.004462
v -0.041128 -0.014224 0.004955
v -0.040913 -0.014691 0.006472
v -0.041128 -0.014224 0.004955
v -0.041771 -0.015080 0.004462
v -0.040195 -0.012306 0.004457
v -0.040195 -0.012306 0.004457
v -0.040555 -0.013260 0.005033
v -0.041128 -0.014224 0.004955
v -0.042247 -0.015466 0.003653
v -0.039833 -0.011026 0.003303
v -0.040195 -0.012306 0.004457
v -0.040195 -0.012306 0.004457
v -0.041771 -0.015080 0.004462
v -0.042247 -0.015466 0.003653
v -0.039504 -0.010419 0.001760
v -0.039880 -0.011018 0.001928
v -0.039746 -0.011260 0.000795
v -0.039746 -0.011260 0.000795
v -0.039256 -0.010450 0.000643
v -0.039504 -0.010419 0.001760
v -0.039163 -0.009679 0.002596
v -0.039281 -0.009910 0.002025
v -0.038646 -0.008946 0.001630
v -0.038646 -0.008946 0.001630
v -0.038603 -0.008687 0.002583
v -0.039163 -0.009679 0.002596
v -0.039880 -0.011018 0.001928
v -0.040319 -0.012284 0.000786
v -0.039746 -0.011260 0.000795
v -0.039746 -0.011260 0.000795
v -0.040319 -0.012284 0.000786
v -0.039833 -0.012171 -0.000992
v -0.039833 -0.012171 -0.000992
v -0.039107 -0.010840 -0.000903
v -0.039746 -0.011260 0.000795
v -0.040161 -0.011445 0.002610
v -0.042468 -0.015532 0.002664
v -0.042313 -0.015454 0.001688
v -0.042313 -0.015454 0.001688
v -0.039880 -0.011018 0.001928
v -0.040161 -0.011445 0.002610
v -0.040122 -0.013527 -0.002939
v -0.040736 -0.014437 -0.002546
v -0.040038 -0.015073 -0.004598
v -0.040038 -0.015073 -0.004598
v -0.039303 -0.014014 -0.004854
v -0.040122 -0.013527 -0.002939
v -0.038838 -0.009571 0.000963
v -0.039281 -0.009910 0.002025
v -0.039504 -0.010419 0.001760
v -0.039504 -0.010419 0.001760
v -0.039256 -0.010450 0.000643
v -0.038838 -0.009571 0.000963
v -0.038646 -0.008946 0.001630
v -0.039281 -0.009910 0.002025
v -0.038838 -0.009571 0.000963
v -0.039107 -0.010840 -0.000903
v -0.039833 -0.012171 -0.000992
v -0.039752 -0.012566 -0.002269
v -0.039752 -0.012566 -0.002269
v -0.038832 -0.011148 -0.002793
v -0.039107 -0.010840 -0.000903
v -0.041893 -0.015058 0.000854
v -0.041811 -0.015801 -0.001245
v -0.041172 -0.014645 -0.001204
v -0.038769 -0.012362 -0.004175
v -0.039752 -0.012566 -0.002269
v -0.040122 -0.013527 -0.002939
v -0.040122 -0.013527 -0.002939
v -0.039303 -0.014014 -0.004854
v -0.038769 -0.012362 -0.004175
v -0.038832 -0.011148 -0.002793
v -0.039752 -0.012566 -0.002269
v -0.038769 -0.012362 -0.004175
v -0.041016 -0.015807 -0.003599
v -0.040038 -0.015073 -0.004598
v -0.040736 -0.014437 -0.002546
v -0.041811 -0.015801 -0.001245
v -0.041016 -0.015807 -0.003599
v -0.040736 -0.014437 -0.002546
v -0.040736 -0.014437 -0.002546
v -0.041172 -0.014645 -0.001204
v -0.041811 -0.015801 -0.001245
v -0.041284 -0.014196 0.000329
v -0.041893 -0.015058 0.000854
v -0.041172 -0.014645 -0.001204
v -0.040319 -0.012284 0.000786
v -0.041893 -0.015058 0.000854
v -0.041284 -0.014196 0.000329
v -0.041284 -0.014196 0.000329
v -0.040718 -0.013231 0.000224
v -0.040319 -0.012284 0.000786
v -0.042313 -0.015454 0.001688
v -0.041893 -0.015058 0.000854
v -0.040319 -0.012284 0.000786
v -0.040319 -0.012284 0.000786
v -0.039880 -0.011018 0.001928
v -0.042313 -0.015454 0.001688
v -0.039124 -0.010474 0.004550
v -0.038318 -0.010928 0.004520
v -0.038818 -0.011736 0.004392
v -0.038818 -0.011736 0.004392
v -0.039624 -0.011282 0.004422
v -0.039124 -0.010474 0.004550
v -0.039027 -0.011480 0.003273
v -0.038640 -0.010883 0.003422
v -0.039446 -0.010429 0.003452
v -0.039446 -0.010429 0.003452
v -0.039833 -0.011026 0.003303
v -0.039027 -0.011480 0.003273
v -0.037797 -0.009141 0.002553
v -0.037775 -0.009412 0.003513
v -0.038581 -0.008958 0.003542
v -0.038581 -0.008958 0.003542
v -0.038603 -0.008687 0.002583
v -0.037797 -0.009141 0.002553
v -0.038818 -0.011736 0.004392
v -0.038066 -0.011336 0.006048
v -0.038872 -0.010882 0.006077
v -0.038872 -0.010882 0.006077
v -0.039624 -0.011282 0.004422
v -0.038818 -0.011736 0.004392
v -0.039591 -0.012214 0.006199
v -0.038785 -0.012668 0.006170
v -0.039389 -0.012760 0.004427
v -0.039389 -0.012760 0.004427
v -0.040195 -0.012306 0.004457
v -0.039591 -0.012214 0.006199
v -0.039355 -0.011899 0.002580
v -0.039027 -0.011480 0.003273
v -0.039833 -0.011026 0.003303
v -0.039833 -0.011026 0.003303
v -0.040161 -0.011445 0.002610
v -0.039355 -0.011899 0.002580
v -0.042247 -0.015466 0.003653
v -0.041441 -0.015920 0.003623
v -0.041662 -0.015986 0.002634
v -0.041662 -0.015986 0.002634
v -0.042468 -0.015532 0.002664
v -0.042247 -0.015466 0.003653
v -0.039582 -0.014953 0.007754
v -0.038941 -0.014048 0.008115
v -0.039747 -0.013593 0.008145
v -0.039747 -0.013593 0.008145
v -0.040387 -0.014499 0.007784
v -0.039582 -0.014953 0.007754
v -0.038801 -0.014104 0.009995
v -0.037995 -0.014558 0.009965
v -0.038747 -0.015613 0.009746
v -0.038747 -0.015613 0.009746
v -0.039553 -0.015159 0.009776
v -0.038801 -0.014104 0.009995
v -0.037923 -0.010045 0.004183
v -0.038318 -0.010928 0.004520
v -0.039124 -0.010474 0.004550
v -0.039124 -0.010474 0.004550
v -0.038729 -0.009591 0.004213
v -0.037923 -0.010045 0.004183
v -0.039446 -0.010429 0.003452
v -0.038640 -0.010883 0.003422
v -0.038436 -0.010371 0.003150
v -0.038436 -0.010371 0.003150
v -0.039242 -0.009917 0.003180
v -0.039446 -0.010429 0.003452
v -0.037775 -0.009412 0.003513
v -0.037923 -0.010045 0.004183
v -0.038729 -0.009591 0.004213
v -0.038729 -0.009591 0.004213
v -0.038581 -0.008958 0.003542
v -0.037775 -0.009412 0.003513
v -0.038066 -0.011336 0.006048
v -0.037663 -0.011667 0.007911
v -0.038469 -0.011213 0.007941
v -0.038469 -0.011213 0.007941
v -0.038872 -0.010882 0.006077
v -0.038066 -0.011336 0.006048
v -0.039423 -0.012624 0.007464
v -0.038617 -0.013078 0.007434
v -0.038785 -0.012668 0.006170
v -0.038785 -0.012668 0.006170
v -0.039591 -0.012214 0.006199
v -0.039423 -0.012624 0.007464
v -0.041548 -0.015848 0.006541
v -0.040742 -0.016302 0.006511
v -0.040965 -0.015534 0.004432
v -0.040965 -0.015534 0.004432
v -0.041771 -0.015080 0.004462
v -0.041548 -0.015848 0.006541
v -0.037508 -0.012897 0.009270
v -0.037995 -0.014558 0.009965
v -0.038801 -0.014104 0.009995
v -0.038801 -0.014104 0.009995
v -0.038314 -0.012443 0.009300
v -0.037508 -0.012897 0.009270
v -0.039747 -0.013593 0.008145
v -0.038941 -0.014048 0.008115
v -0.038617 -0.013078 0.007434
v -0.038617 -0.013078 0.007434
v -0.039423 -0.012624 0.007464
v -0.039747 -0.013593 0.008145
v -0.037663 -0.011667 0.007911
v -0.037508 -0.012897 0.009270
v -0.038314 -0.012443 0.009300
v -0.038314 -0.012443 0.009300
v -0.038469 -0.011213 0.007941
v -0.037663 -0.011667 0.007911
v -0.039791 -0.016336 0.008806
v -0.040597 -0.015882 0.008836
v -0.039553 -0.015159 0.009776
v -0.039553 -0.015159 0.009776
v -0.038747 -0.015613 0.009746
v -0.039791 -0.016336 0.008806
v -0.040107 -0.015145 0.006442
v -0.039582 -0.014953 0.007754
v -0.040387 -0.014499 0.007784
v -0.040387 -0.014499 0.007784
v -0.040913 -0.014691 0.006472
v -0.040107 -0.015145 0.006442
v -0.040597 -0.015882 0.008836
v -0.039791 -0.016336 0.008806
v -0.040742 -0.016302 0.006511
v -0.040742 -0.016302 0.006511
v -0.041548 -0.015848 0.006541
v -0.040597 -0.015882 0.008836
v -0.040322 -0.014678 0.004925
v -0.040107 -0.015145 0.006442
v -0.040913 -0.014691 0.006472
v -0.040913 -0.014691 0.006472
v -0.041128 -0.014224 0.004955
v -0.040322 -0.014678 0.004925
v -0.039389 -0.012760 0.004427
v -0.039749 -0.013714 0.005003
v -0.040555 -0.013260 0.005033
v -0.040555 -0.013260 0.005033
v -0.040195 -0.012306 0.004457
v -0.039389 -0.012760 0.004427
v -0.040555 -0.013260 0.005033
v -0.039749 -0.013714 0.005003
v -0.040322 -0.014678 0.004925
v -0.040322 -0.014678 0.004925
v -0.041128 -0.014224 0.004955
v -0.040555 -0.013260 0.005033
v -0.041771 -0.015080 0.004462
v -0.040965 -0.015534 0.004432
v -0.041441 -0.015920 0.003623
v -0.041441 -0.015920 0.003623
v -0.042247 -0.015466 0.003653
v -0.041771 -0.015080 0.004462
v -0.039242 -0.009917 0.003180
v -0.038436 -0.010371 0.003150
v -0.038357 -0.010133 0.002566
v -0.038357 -0.010133 0.002566
v -0.039163 -0.009679 0.002596
v -0.039242 -0.009917 0.003180
v -0.039504 -0.010419 0.001760
v -0.038698 -0.010873 0.001730
v -0.039074 -0.011472 0.001899
v -0.039074 -0.011472 0.001899
v -0.039880 -0.011018 0.001928
v -0.039504 -0.010419 0.001760
v -0.038357 -0.010133 0.002566
v -0.038475 -0.010364 0.001995
v -0.039281 -0.009910 0.002025
v -0.039281 -0.009910 0.002025
v -0.039163 -0.009679 0.002596
v -0.038357 -0.010133 0.002566
v -0.039513 -0.012738 0.000756
v -0.039027 -0.012625 -0.001022
v -0.039833 -0.012171 -0.000992
v -0.039833 -0.012171 -0.000992
v -0.040319 -0.012284 0.000786
v -0.039513 -0.012738 0.000756
v -0.039107 -0.010840 -0.000903
v -0.038301 -0.011294 -0.000933
v -0.038940 -0.011714 0.000765
v -0.038940 -0.011714 0.000765
v -0.039746 -0.011260 0.000795
v -0.039107 -0.010840 -0.000903
v -0.041662 -0.015986 0.002634
v -0.041507 -0.015908 0.001658
v -0.042313 -0.015454 0.001688
v -0.042313 -0.015454 0.001688
v -0.042468 -0.015532 0.002664
v -0.041662 -0.015986 0.002634
v -0.039880 -0.011018 0.001928
v -0.039074 -0.011472 0.001899
v -0.039355 -0.011899 0.002580
v -0.039355 -0.011899 0.002580
v -0.040161 -0.011445 0.002610
v -0.039880 -0.011018 0.001928
v -0.039232 -0.015527 -0.004628
v -0.038497 -0.014468 -0.004884
v -0.039303 -0.014014 -0.004854
v -0.039303 -0.014014 -0.004854
v -0.040038 -0.015073 -0.004598
v -0.039232 -0.015527 -0.004628
v -0.040122 -0.013527 -0.002939
v -0.039316 -0.013981 -0.002969
v -0.039930 -0.014891 -0.002576
v -0.039930 -0.014891 -0.002576
v -0.040736 -0.014437 -0.002546
v -0.040122 -0.013527 -0.002939
v -0.038475 -0.010364 0.001995
v -0.038698 -0.010873 0.001730
v -0.039504 -0.010419 0.001760
v -0.039504 -0.010419 0.001760
v -0.039281 -0.009910 0.002025
v -0.038475 -0.010364 0.001995
v -0.039027 -0.012625 -0.001022
v -0.038946 -0.013020 -0.002299
v -0.039752 -0.012566 -0.002269
v -0.039752 -0.012566 -0.002269
v -0.039833 -0.012171 -0.000992
v -0.039027 -0.012625 -0.001022
v -0.038832 -0.011148 -0.002793
v -0.038026 -0.011602 -0.002823
v -0.038301 -0.011294 -0.000933
v -0.038301 -0.011294 -0.000933
v -0.039107 -0.010840 -0.000903
v -0.038832 -0.011148 -0.002793
v -0.038946 -0.013020 -0.002299
v -0.039316 -0.013981 -0.002969
v -0.040122 -0.013527 -0.002939
v -0.040122 -0.013527 -0.002939
v -0.039752 -0.012566 -0.002269
v -0.038946 -0.013020 -0.002299
v -0.037963 -0.012816 -0.004204
v -0.038769 -0.012362 -0.004175
v -0.039303 -0.014014 -0.004854
v -0.039303 -0.014014 -0.004854
v -0.038497 -0.014468 -0.004884
v -0.037963 -0.012816 -0.004204
v -0.038769 -0.012362 -0.004175
v -0.037963 -0.012816 -0.004204
v -0.038026 -0.011602 -0.002823
v -0.038026 -0.011602 -0.002823
v -0.038832 -0.011148 -0.002793
v -0.038769 -0.012362 -0.004175
v -0.040736 -0.014437 -0.002546
v -0.039930 -0.014891 -0.002576
v -0.040366 -0.015099 -0.001234
v -0.040366 -0.015099 -0.001234
v -0.041172 -0.014645 -0.001204
v -0.040736 -0.014437 -0.002546
v -0.041172 -0.014645 -0.001204
v -0.040366 -0.015099 -0.001234
v -0.040478 -0.014650 0.000300
v -0.040478 -0.014650 0.000300
v -0.041284 -0.014196 0.000329
v -0.041172 -0.014645 -0.001204
v -0.041507 -0.015908 0.001658
v -0.041087 -0.015513 0.000824
v -0.041893 -0.015058 0.000854
v -0.041893 -0.015058 0.000854
v -0.042313 -0.015454 0.001688
v -0.041507 -0.015908 0.001658
v -0.040478 -0.014650 0.000300
v -0.039912 -0.013685 0.000195
v -0.040718 -0.013231 0.000224
v -0.040718 -0.013231 0.000224
v -0.041284 -0.014196 0.000329
v -0.040478 -0.014650 0.000300
v -0.040718 -0.013231 0.000224
v -0.039912 -0.013685 0.000195
v -0.039513 -0.012738 0.000756
v -0.039513 -0.012738 0.000756
v -0.040319 -0.012284 0.000786
v -0.040718 -0.013231 0.000224
v -0.041087 -0.015513 0.000824
v -0.041005 -0.016255 -0.001275
v -0.041811 -0.015801 -0.001245
v -0.041811 -0.015801 -0.001245
v -0.041893 -0.015058 0.000854
v -0.041087 -0.015513 0.000824
v -0.040210 -0.016261 -0.003629
v -0.039232 -0.015527 -0.004628
v -0.040038 -0.015073 -0.004598
v -0.040038 -0.015073 -0.004598
v -0.041016 -0.015807 -0.003599
v -0.040210 -0.016261 -0.003629
v -0.041005 -0.016255 -0.001275
v -0.040210 -0.016261 -0.003629
v -0.041016 -0.015807 -0.003599
v -0.041016 -0.015807 -0.003599
v -0.041811 -0.015801 -0.001245
v -0.041005 -0.016255 -0.001275
v -0.038940 -0.011714 0.000765
v -0.038450 -0.010905 0.000613
v -0.039256 -0.010450 0.000643
v -0.039256 -0.010450 0.000643
v -0.039746 -0.011260 0.000795
v -0.038940 -0.011714 0.000765
v -0.038646 -0.008946 0.001630
v -0.037840 -0.009400 0.001600
v -0.037797 -0.009141 0.002553
v -0.037797 -0.009141 0.002553
v -0.038603 -0.008687 0.002583
v -0.038646 -0.008946 0.001630
v -0.039256 -0.010450 0.000643
v -0.038450 -0.010905 0.000613
v -0.038033 -0.010025 0.000933
v -0.038033 -0.010025 0.000933
v -0.038838 -0.009571 0.000963
v -0.039256 -0.010450 0.000643
v -0.038838 -0.009571 0.000963
v -0.038033 -0.010025 0.000933
v -0.037840 -0.009400 0.001600
v -0.037840 -0.009400 0.001600
v -0.038646 -0.008946 0.001630
v -0.038838 -0.009571 0.000963
v -0.040889 -0.019976 -0.000696
v -0.039831 -0.017123 0.000976
v -0.038957 -0.016388 -0.000561
v -0.038957 -0.016388 -0.000561
v -0.039696 -0.019079 -0.002929
v -0.040889 -0.019976 -0.000696
v -0.036316 -0.014170 -0.004265
v -0.038327 -0.018156 -0.004789
v -0.037949 -0.015225 -0.001744
v -0.037949 -0.015225 -0.001744
v -0.036882 -0.013881 -0.002684
v -0.036316 -0.014170 -0.004265
v -0.041473 -0.020264 0.002600
v -0.040134 -0.017337 0.002617
v -0.039831 -0.017123 0.000976
v -0.039831 -0.017123 0.000976
v -0.040889 -0.019976 -0.000696
v -0.041473 -0.020264 0.002600
v -0.039696 -0.019079 -0.002929
v -0.038957 -0.016388 -0.000561
v -0.037949 -0.015225 -0.001744
v -0.037949 -0.015225 -0.001744
v -0.038327 -0.018156 -0.004789
v -0.039696 -0.019079 -0.002929
v -0.036316 -0.014170 -0.004265
v -0.034284 -0.015237 -0.006950
v -0.036295 -0.016683 -0.005997
v -0.036295 -0.016683 -0.005997
v -0.038327 -0.018156 -0.004789
v -0.036316 -0.014170 -0.004265
v -0.040728 -0.020086 0.005876
v -0.039496 -0.019419 0.007853
v -0.038799 -0.016495 0.005777
v -0.038799 -0.016495 0.005777
v -0.039751 -0.017178 0.004251
v -0.040728 -0.020086 0.005876
v -0.037669 -0.015397 0.006927
v -0.038199 -0.018664 0.009449
v -0.035793 -0.014438 0.009160
v -0.035793 -0.014438 0.009160
v -0.036452 -0.014109 0.007861
v -0.037669 -0.015397 0.006927
v -0.041473 -0.020264 0.002600
v -0.040728 -0.020086 0.005876
v -0.039751 -0.017178 0.004251
v -0.039751 -0.017178 0.004251
v -0.040134 -0.017337 0.002617
v -0.041473 -0.020264 0.002600
v -0.035793 -0.014438 0.009160
v -0.038199 -0.018664 0.009449
v -0.035855 -0.017015 0.010955
v -0.038799 -0.016495 0.005777
v -0.039496 -0.019419 0.007853
v -0.038199 -0.018664 0.009449
v -0.038199 -0.018664 0.009449
v -0.037669 -0.015397 0.006927
v -0.038799 -0.016495 0.005777
v -0.035855 -0.017015 0.010955
v -0.033672 -0.015544 0.011865
v -0.035793 -0.014438 0.009160
v -0.042392 -0.019149 -0.000780
v -0.041173 -0.018238 -0.003081
v -0.040434 -0.015546 -0.000712
v -0.040434 -0.015546 -0.000712
v -0.041334 -0.016296 0.000892
v -0.042392 -0.019149 -0.000780
v -0.037704 -0.013286 -0.004519
v -0.038315 -0.013019 -0.002900
v -0.039400 -0.014374 -0.001937
v -0.039400 -0.014374 -0.001937
v -0.039774 -0.017303 -0.004986
v -0.037704 -0.013286 -0.004519
v -0.042993 -0.019453 0.002650
v -0.042392 -0.019149 -0.000780
v -0.041334 -0.016296 0.000892
v -0.041334 -0.016296 0.000892
v -0.041654 -0.016526 0.002666
v -0.042993 -0.019453 0.002650
v -0.041173 -0.018238 -0.003081
v -0.039774 -0.017303 -0.004986
v -0.039400 -0.014374 -0.001937
v -0.039400 -0.014374 -0.001937
v -0.040434 -0.015546 -0.000712
v -0.041173 -0.018238 -0.003081
v -0.035626 -0.014332 -0.007242
v -0.037704 -0.013286 -0.004519
v -0.037679 -0.015798 -0.006256
v -0.039774 -0.017303 -0.004986
v -0.037679 -0.015798 -0.006256
v -0.037704 -0.013286 -0.004519
v -0.042226 -0.019263 0.006055
v -0.041249 -0.016355 0.004430
v -0.040271 -0.015658 0.006013
v -0.040271 -0.015658 0.006013
v -0.040969 -0.018582 0.008089
v -0.042226 -0.019263 0.006055
v -0.039112 -0.014547 0.007203
v -0.037871 -0.013246 0.008167
v -0.037171 -0.013567 0.009508
v -0.037171 -0.013567 0.009508
v -0.039626 -0.017817 0.009749
v -0.039112 -0.014547 0.007203
v -0.042993 -0.019453 0.002650
v -0.041654 -0.016526 0.002666
v -0.041249 -0.016355 0.004430
v -0.041249 -0.016355 0.004430
v -0.042226 -0.019263 0.006055
v -0.042993 -0.019453 0.002650
v -0.039626 -0.017817 0.009749
v -0.037171 -0.013567 0.009508
v -0.037217 -0.016148 0.011327
v -0.039626 -0.017817 0.009749
v -0.040969 -0.018582 0.008089
v -0.040271 -0.015658 0.006013
v -0.040271 -0.015658 0.006013
v -0.039112 -0.014547 0.007203
v -0.039626 -0.017817 0.009749
v -0.035010 -0.014667 0.012253
v -0.037217 -0.016148 0.011327
v -0.037171 -0.013567 0.009508
v -0.040889 -0.019976 -0.000696
v -0.039696 -0.019079 -0.002929
v -0.041173 -0.018238 -0.003081
v -0.041173 -0.018238 -0.003081
v -0.042392 -0.019149 -0.000780
v -0.040889 -0.019976 -0.000696
v -0.040434 -0.015546 -0.000712
v -0.038957 -0.016388 -0.000561
v -0.039831 -0.017123 0.000976
v -0.039831 -0.017123 0.000976
v -0.041334 -0.016296 0.000892
v -0.040434 -0.015546 -0.000712
v -0.038315 -0.013019 -0.002900
v -0.036882 -0.013881 -0.002684
v -0.037949 -0.015225 -0.001744
v -0.037949 -0.015225 -0.001744
v -0.039400 -0.014374 -0.001937
v -0.038315 -0.013019 -0.002900
v -0.037704 -0.013286 -0.004519
v -0.036316 -0.014170 -0.004265
v -0.036882 -0.013881 -0.002684
v -0.036882 -0.013881 -0.002684
v -0.038315 -0.013019 -0.002900
v -0.037704 -0.013286 -0.004519
v -0.041473 -0.020264 0.002600
v -0.040889 -0.019976 -0.000696
v -0.042392 -0.019149 -0.000780
v -0.042392 -0.019149 -0.000780
v -0.042993 -0.019453 0.002650
v -0.041473 -0.020264 0.002600
v -0.041334 -0.016296 0.000892
v -0.039831 -0.017123 0.000976
v -0.040134 -0.017337 0.002617
v -0.040134 -0.017337 0.002617
v -0.041654 -0.016526 0.002666
v -0.041334 -0.016296 0.000892
v -0.039774 -0.017303 -0.004986
v -0.041173 -0.018238 -0.003081
v -0.039696 -0.019079 -0.002929
v -0.039696 -0.019079 -0.002929
v -0.038327 -0.018156 -0.004789
v -0.039774 -0.017303 -0.004986
v -0.039400 -0.014374 -0.001937
v -0.037949 -0.015225 -0.001744
v -0.038957 -0.016388 -0.000561
v -0.038957 -0.016388 -0.000561
v -0.040434 -0.015546 -0.000712
v -0.039400 -0.014374 -0.001937
v -0.035626 -0.014332 -0.007242
v -0.034284 -0.015237 -0.006950
v -0.036316 -0.014170 -0.004265
v -0.036316 -0.014170 -0.004265
v -0.037704 -0.013286 -0.004519
v -0.035626 -0.014332 -0.007242
v -0.035626 -0.014332 -0.007242
v -0.037679 -0.015798 -0.006256
v -0.036295 -0.016683 -0.005997
v -0.036295 -0.016683 -0.005997
v -0.034284 -0.015237 -0.006950
v -0.035626 -0.014332 -0.007242
v -0.038327 -0.018156 -0.004789
v -0.036295 -0.016683 -0.005997
v -0.037679 -0.015798 -0.006256
v -0.037679 -0.015798 -0.006256
v -0.039774 -0.017303 -0.004986
v -0.038327 -0.018156 -0.004789
v -0.039751 -0.017178 0.004251
v -0.038799 -0.016495 0.005777
v -0.040271 -0.015658 0.006013
v -0.040271 -0.015658 0.006013
v -0.041249 -0.016355 0.004430
v -0.039751 -0.017178 0.004251
v -0.040969 -0.018582 0.008089
v -0.039496 -0.019419 0.007853
v -0.040728 -0.020086 0.005876
v -0.040728 -0.020086 0.005876
v -0.042226 -0.019263 0.006055
v -0.040969 -0.018582 0.008089
v -0.037171 -0.013567 0.009508
v -0.037871 -0.013246 0.008167
v -0.036452 -0.014109 0.007861
v -0.036452 -0.014109 0.007861
v -0.035793 -0.014438 0.009160
v -0.037171 -0.013567 0.009508
v -0.037871 -0.013246 0.008167
v -0.039112 -0.014547 0.007203
v -0.037669 -0.015397 0.006927
v -0.037669 -0.015397 0.006927
v -0.036452 -0.014109 0.007861
v -0.037871 -0.013246 0.008167
v -0.040134 -0.017337 0.002617
v -0.039751 -0.017178 0.004251
v -0.041249 -0.016355 0.004430
v -0.041249 -0.016355 0.004430
v -0.041654 -0.016526 0.002666
v -0.040134 -0.017337 0.002617
v -0.042226 -0.019263 0.006055
v -0.040728 -0.020086 0.005876
v -0.041473 -0.020264 0.002600
v -0.041473 -0.020264 0.002600
v -0.042993 -0.019453 0.002650
v -0.042226 -0.019263 0.006055
v -0.037217 -0.016148 0.011327
v -0.035855 -0.017015 0.010955
v -0.038199 -0.018664 0.009449
v -0.038199 -0.018664 0.009449
v -0.039626 -0.017817 0.009749
v -0.037217 -0.016148 0.011327
v -0.039112 -0.014547 0.007203
v -0.040271 -0.015658 0.006013
v -0.038799 -0.016495 0.005777
v -0.038799 -0.016495 0.005777
v -0.037669 -0.015397 0.006927
v -0.039112 -0.014547 0.007203
v -0.039626 -0.017817 0.009749
v -0.038199 -0.018664 0.009449
v -0.039496 -0.019419 0.007853
v -0.039496 -0.019419 0.007853
v -0.040969 -0.018582 0.008089
v -0.039626 -0.017817 0.009749
v -0.035010 -0.014667 0.012253
v -0.033672 -0.015544 0.011865
v -0.035855 -0.017015 0.010955
v -0.035855 -0.017015 0.010955
v -0.037217 -0.016148 0.011327
v -0.035010 -0.014667 0.012253
v -0.035793 -0.014438 0.009160
v -0.033672 -0.015544 0.011865
v -0.035010 -0.014667 0.012253
v -0.035010 -0.014667 0.012253
v -0.037171 -0.013567 0.009508
v -0.035793 -0.014438 0.009160
v -0.047576 -0.023626 -0.000281
v -0.042650 -0.020835 0.002639
v -0.045176 -0.023357 -0.002471
v -0.048725 -0.023595 0.002682
v -0.042650 -0.020835 0.002639
v -0.047576 -0.023626 -0.000281
v -0.043135 -0.019721 0.002675
v -0.048061 -0.022512 -0.000245
v -0.045661 -0.022243 -0.002435
v -0.043135 -0.019721 0.002675
v -0.049210 -0.022481 0.002718
v -0.048061 -0.022512 -0.000245
v -0.045661 -0.022243 -0.002435
v -0.045176 -0.023357 -0.002471
v -0.042650 -0.020835 0.002639
v -0.042650 -0.020835 0.002639
v -0.043135 -0.019721 0.002675
v -0.045661 -0.022243 -0.002435
v -0.044991 -0.023605 0.007709
v -0.042650 -0.020835 0.002639
v -0.047470 -0.023769 0.005597
v -0.047470 -0.023769 0.005597
v -0.042650 -0.020835 0.002639
v -0.048725 -0.023595 0.002682
v -0.043135 -0.019721 0.002675
v -0.045476 -0.022491 0.007745
v -0.047955 -0.022656 0.005633
v -0.043135 -0.019721 0.002675
v -0.047955 -0.022656 0.005633
v -0.049210 -0.022481 0.002718
v -0.045476 -0.022491 0.007745
v -0.044991 -0.023605 0.007709
v -0.047470 -0.023769 0.005597
v -0.047470 -0.023769 0.005597
v -0.047955 -0.022656 0.005633
v -0.045476 -0.022491 0.007745
v -0.042650 -0.020835 0.002639
v -0.044991 -0.023605 0.007709
v -0.045476 -0.022491 0.007745
v -0.045476 -0.022491 0.007745
v -0.043135 -0.019721 0.002675
v -0.042650 -0.020835 0.002639
v -0.047955 -0.022656 0.005633
v -0.047470 -0.023769 0.005597
v -0.048725 -0.023595 0.002682
v -0.048725 -0.023595 0.002682
v -0.049210 -0.022481 0.002718
v -0.047955 -0.022656 0.005633
v -0.047576 -0.023626 -0.000281
v -0.045176 -0.023357 -0.002471
v -0.045661 -0.022243 -0.002435
v -0.045661 -0.022243 -0.002435
v -0.048061 -0.022512 -0.000245
v -0.047576 -0.023626 -0.000281
v -0.048725 -0.023595 0.002682
v -0.047576 -0.023626 -0.000281
v -0.048061 -0.022512 -0.000245
v -0.048061 -0.022512 -0.000245
v -0.049210 -0.022481 0.002718
v -0.048725 -0.023595 0.002682
v -0.028463 -0.026737 -0.009752
v -0.044005 -0.047243 -0.006097
v -0.022541 -0.029233 -0.007674
v -0.034621 -0.023591 0.012490
v -0.048213 -0.042313 0.013143
v -0.052358 -0.038216 0.012768
v -0.053146 -0.038353 -0.007708
v -0.048283 -0.043118 -0.009188
v -0.035422 -0.023470 -0.008163
v -0.034621 -0.023591 0.012490
v -0.052358 -0.038216 0.012768
v -0.039128 -0.021222 0.009065
v -0.008332 -0.010320 -0.011438
v -0.015269 -0.008058 -0.009143
v -0.010742 -0.012633 -0.011038
v -0.013028 -0.020448 -0.008611
v -0.009921 -0.021543 -0.002521
v -0.006314 -0.018542 -0.002780
v -0.006314 -0.018542 -0.002780
v -0.007974 -0.015757 -0.009971
v -0.013028 -0.020448 -0.008611
v -0.024310 -0.015409 0.011692
v -0.028818 -0.013123 0.008570
v -0.020635 -0.006680 0.008869
v -0.020635 -0.006680 0.008869
v -0.016190 -0.009258 0.011888
v -0.024310 -0.015409 0.011692
v -0.012023 -0.013723 0.011750
v -0.016190 -0.009258 0.011888
v -0.010300 -0.012033 0.011683
v -0.009921 -0.021543 -0.002521
v -0.009341 -0.021413 0.004531
v -0.006266 -0.018916 0.004202
v -0.006266 -0.018916 0.004202
v -0.006314 -0.018542 -0.002780
v -0.009921 -0.021543 -0.002521
v -0.008448 -0.016998 0.009155
v -0.012023 -0.013723 0.011750
v -0.010300 -0.012033 0.011683
v -0.010300 -0.012033 0.011683
v -0.005995 -0.014468 0.009441
v -0.008448 -0.016998 0.009155
v -0.025420 -0.015331 -0.008213
v -0.015269 -0.008058 -0.009143
v -0.021105 -0.005911 -0.004031
v -0.021105 -0.005911 -0.004031
v -0.029639 -0.013146 -0.003752
v -0.025420 -0.015331 -0.008213
v -0.029639 -0.013146 -0.003752
v -0.021105 -0.005911 -0.004031
v -0.023016 -0.005858 0.002636
v -0.023016 -0.005858 0.002636
v -0.031268 -0.012071 0.002447
v -0.029639 -0.013146 -0.003752
v -0.028818 -0.013123 0.008570
v -0.031268 -0.012071 0.002447
v -0.023016 -0.005858 0.002636
v -0.023016 -0.005858 0.002636
v -0.020635 -0.006680 0.008869
v -0.028818 -0.013123 0.008570
v -0.016461 0.001638 0.002691
v -0.014411 0.000062 0.009135
v -0.017521 -0.003356 0.008966
v -0.017521 -0.003356 0.008966
v -0.019559 -0.001974 0.002697
v -0.016461 0.001638 0.002691
v -0.009721 0.008934 0.002540
v -0.007675 0.006719 0.009143
v -0.011391 0.003522 0.009192
v -0.011391 0.003522 0.009192
v -0.013427 0.005306 0.002739
v -0.009721 0.008934 0.002540
v -0.004042 -0.017081 0.004185
v -0.004305 -0.016498 -0.003023
v -0.006314 -0.018542 -0.002780
v -0.006314 -0.018542 -0.002780
v -0.006266 -0.018916 0.004202
v -0.004042 -0.017081 0.004185
v -0.004042 -0.017081 0.004185
v -0.006266 -0.018916 0.004202
v -0.008448 -0.016998 0.009155
v -0.008448 -0.016998 0.009155
v -0.005995 -0.014468 0.009441
v -0.004042 -0.017081 0.004185
v -0.008296 -0.009635 0.011912
v -0.013581 -0.006093 0.011835
v -0.010806 -0.002605 0.011977
v -0.010806 -0.002605 0.011977
v -0.005904 -0.005979 0.012452
v -0.008296 -0.009635 0.011912
v -0.014825 0.000924 -0.004870
v -0.017995 -0.002595 -0.004314
v -0.013206 -0.005101 -0.009419
v -0.013206 -0.005101 -0.009419
v -0.010873 -0.000742 -0.009581
v -0.014825 0.000924 -0.004870
v -0.016461 0.001638 0.002691
v -0.019559 -0.001974 0.002697
v -0.017995 -0.002595 -0.004314
v -0.017995 -0.002595 -0.004314
v -0.014825 0.000924 -0.004870
v -0.016461 0.001638 0.002691
v -0.005493 -0.008798 -0.012679
v -0.003448 -0.009388 -0.013643
v -0.002287 -0.004666 -0.014332
v -0.002287 -0.004666 -0.014332
v -0.006107 -0.002602 -0.012431
v -0.005493 -0.008798 -0.012679
v -0.013581 -0.006093 0.011835
v -0.017521 -0.003356 0.008966
v -0.014411 0.000062 0.009135
v -0.014411 0.000062 0.009135
v -0.010806 -0.002605 0.011977
v -0.013581 -0.006093 0.011835
v -0.005904 -0.005979 0.012452
v -0.003845 -0.001212 0.012668
v 0.000181 -0.003418 0.012882
v 0.000181 -0.003418 0.012882
v -0.001790 -0.008800 0.011745
v -0.005904 -0.005979 0.012452
v -0.003845 -0.001212 0.012668
v -0.002828 0.004260 0.011973
v 0.001265 0.004389 0.011997
v 0.001265 0.004389 0.011997
v 0.000181 -0.003418 0.012882
v -0.003845 -0.001212 0.012668
v -0.003867 0.009317 0.009094
v -0.006072 0.011738 0.002201
v -0.001738 0.013549 0.001963
v -0.001738 0.013549 0.001963
v 0.000295 0.010554 0.008858
v -0.003867 0.009317 0.009094
v -0.005869 0.003570 0.011888
v -0.007675 0.006719 0.009143
v -0.003867 0.009317 0.009094
v -0.007675 0.006719 0.009143
v -0.009721 0.008934 0.002540
v -0.006072 0.011738 0.002201
v -0.006072 0.011738 0.002201
v -0.003867 0.009317 0.009094
v -0.007675 0.006719 0.009143
v 0.000295 0.010554 0.008858
v 0.001265 0.004389 0.011997
v -0.002828 0.004260 0.011973
v -0.002828 0.004260 0.011973
v -0.003867 0.009317 0.009094
v 0.000295 0.010554 0.008858
v -0.011654 0.004453 -0.005339
v -0.008662 0.007470 -0.005834
v -0.009721 0.008934 0.002540
v -0.009721 0.008934 0.002540
v -0.013427 0.005306 0.002739
v -0.011654 0.004453 -0.005339
v -0.001738 0.013549 0.001963
v -0.006072 0.011738 0.002201
v -0.005100 0.009907 -0.006492
v -0.005100 0.009907 -0.006492
v -0.000628 0.011619 -0.007256
v -0.001738 0.013549 0.001963
v -0.006700 0.005206 -0.009461
v -0.004361 0.006673 -0.009718
v -0.005100 0.009907 -0.006492
v -0.005100 0.009907 -0.006492
v -0.008662 0.007470 -0.005834
v -0.006700 0.005206 -0.009461
v -0.006072 0.011738 0.002201
v -0.009721 0.008934 0.002540
v -0.008662 0.007470 -0.005834
v -0.008662 0.007470 -0.005834
v -0.005100 0.009907 -0.006492
v -0.006072 0.011738 0.002201
v -0.004361 0.006673 -0.009718
v -0.000638 0.007053 -0.010786
v -0.000628 0.011619 -0.007256
v -0.000628 0.011619 -0.007256
v -0.005100 0.009907 -0.006492
v -0.004361 0.006673 -0.009718
v -0.000638 0.007053 -0.010786
v -0.004361 0.006673 -0.009718
v -0.004908 0.002159 -0.011486
v -0.004908 0.002159 -0.011486
v -0.001476 0.001336 -0.013387
v -0.000638 0.007053 -0.010786
v -0.001476 0.001336 -0.013387
v -0.004908 0.002159 -0.011486
v -0.006107 -0.002602 -0.012431
v -0.006107 -0.002602 -0.012431
v -0.002287 -0.004666 -0.014332
v -0.001476 0.001336 -0.013387
v -0.011654 0.004453 -0.005339
v -0.014825 0.000924 -0.004870
v -0.010873 -0.000742 -0.009581
v -0.010873 -0.000742 -0.009581
v -0.008412 0.003207 -0.009676
v -0.011654 0.004453 -0.005339
v -0.014825 0.000924 -0.004870
v -0.011654 0.004453 -0.005339
v -0.013427 0.005306 0.002739
v -0.013427 0.005306 0.002739
v -0.016461 0.001638 0.002691
v -0.014825 0.000924 -0.004870
v -0.013206 -0.005101 -0.009419
v -0.007429 -0.007870 -0.011808
v -0.006107 -0.002602 -0.012431
v -0.006107 -0.002602 -0.012431
v -0.010873 -0.000742 -0.009581
v -0.013206 -0.005101 -0.009419
v -0.013427 0.005306 0.002739
v -0.011391 0.003522 0.009192
v -0.014411 0.000062 0.009135
v -0.014411 0.000062 0.009135
v -0.016461 0.001638 0.002691
v -0.013427 0.005306 0.002739
v -0.010806 -0.002605 0.011977
v -0.014411 0.000062 0.009135
v -0.011391 0.003522 0.009192
v -0.011391 0.003522 0.009192
v -0.008001 0.001100 0.012085
v -0.010806 -0.002605 0.011977
v -0.001790 -0.008800 0.011745
v -0.004262 -0.012351 0.010381
v -0.008296 -0.009635 0.011912
v -0.008296 -0.009635 0.011912
v -0.005904 -0.005979 0.012452
v -0.001790 -0.008800 0.011745
v -0.006107 -0.002602 -0.012431
v -0.004908 0.002159 -0.011486
v -0.008412 0.003207 -0.009676
v -0.008412 0.003207 -0.009676
v -0.010873 -0.000742 -0.009581
v -0.006107 -0.002602 -0.012431
v -0.006700 0.005206 -0.009461
v -0.008412 0.003207 -0.009676
v -0.004908 0.002159 -0.011486
v -0.004908 0.002159 -0.011486
v -0.004361 0.006673 -0.009718
v -0.006700 0.005206 -0.009461
v -0.008412 0.003207 -0.009676
v -0.006700 0.005206 -0.009461
v -0.008662 0.007470 -0.005834
v -0.008662 0.007470 -0.005834
v -0.011654 0.004453 -0.005339
v -0.008412 0.003207 -0.009676
v -0.005869 0.003570 0.011888
v -0.008001 0.001100 0.012085
v -0.011391 0.003522 0.009192
v -0.011391 0.003522 0.009192
v -0.007675 0.006719 0.009143
v -0.005869 0.003570 0.011888
v -0.005869 0.003570 0.011888
v -0.002828 0.004260 0.011973
v -0.003845 -0.001212 0.012668
v -0.003845 -0.001212 0.012668
v -0.008001 0.001100 0.012085
v -0.005869 0.003570 0.011888
v -0.003845 -0.001212 0.012668
v -0.005904 -0.005979 0.012452
v -0.010806 -0.002605 0.011977
v -0.010806 -0.002605 0.011977
v -0.008001 0.001100 0.012085
v -0.003845 -0.001212 0.012668
v -0.012701 -0.020267 0.009410
v -0.018288 -0.018152 0.011991
v -0.012023 -0.013723 0.011750
v -0.012023 -0.013723 0.011750
v -0.008448 -0.016998 0.009155
v -0.012701 -0.020267 0.009410
v -0.015269 -0.008058 -0.009143
v -0.013206 -0.005101 -0.009419
v -0.017995 -0.002595 -0.004314
v -0.017995 -0.002595 -0.004314
v -0.021105 -0.005911 -0.004031
v -0.015269 -0.008058 -0.009143
v -0.021105 -0.005911 -0.004031
v -0.017995 -0.002595 -0.004314
v -0.019559 -0.001974 0.002697
v -0.019559 -0.001974 0.002697
v -0.023016 -0.005858 0.002636
v -0.021105 -0.005911 -0.004031
v -0.019559 -0.001974 0.002697
v -0.017521 -0.003356 0.008966
v -0.020635 -0.006680 0.008869
v -0.020635 -0.006680 0.008869
v -0.023016 -0.005858 0.002636
v -0.019559 -0.001974 0.002697
v -0.016190 -0.009258 0.011888
v -0.020635 -0.006680 0.008869
v -0.017521 -0.003356 0.008966
v -0.017521 -0.003356 0.008966
v -0.013581 -0.006093 0.011835
v -0.016190 -0.009258 0.011888
v -0.008332 -0.010320 -0.011438
v -0.007429 -0.007870 -0.011808
v -0.013206 -0.005101 -0.009419
v -0.013206 -0.005101 -0.009419
v -0.015269 -0.008058 -0.009143
v -0.008332 -0.010320 -0.011438
v -0.013581 -0.006093 0.011835
v -0.008296 -0.009635 0.011912
v -0.010300 -0.012033 0.011683
v -0.010300 -0.012033 0.011683
v -0.016190 -0.009258 0.011888
v -0.013581 -0.006093 0.011835
v -0.010300 -0.012033 0.011683
v -0.008296 -0.009635 0.011912
v -0.005995 -0.014468 0.009441
v -0.005995 -0.014468 0.009441
v -0.008296 -0.009635 0.011912
v -0.004262 -0.012351 0.010381
v -0.004305 -0.016498 -0.003023
v -0.005831 -0.013545 -0.010474
v -0.007974 -0.015757 -0.009971
v -0.007974 -0.015757 -0.009971
v -0.006314 -0.018542 -0.002780
v -0.004305 -0.016498 -0.003023
v -0.010742 -0.012633 -0.011038
v -0.007974 -0.015757 -0.009971
v -0.005831 -0.013545 -0.010474
v -0.005831 -0.013545 -0.010474
v -0.008332 -0.010320 -0.011438
v -0.010742 -0.012633 -0.011038
v -0.004262 -0.012351 0.010381
v -0.001790 -0.008800 0.011745
v -0.002345 -0.013846 0.009776
v -0.005995 -0.014468 0.009441
v -0.004262 -0.012351 0.010381
v -0.002345 -0.013846 0.009776
v -0.005995 -0.014468 0.009441
v -0.002345 -0.013846 0.009776
v -0.002909 -0.016226 0.004276
v -0.002909 -0.016226 0.004276
v -0.004042 -0.017081 0.004185
v -0.005995 -0.014468 0.009441
v -0.004305 -0.016498 -0.003023
v -0.004042 -0.017081 0.004185
v -0.002909 -0.016226 0.004276
v -0.002909 -0.016226 0.004276
v -0.003448 -0.015488 -0.003115
v -0.004305 -0.016498 -0.003023
v -0.003448 -0.015488 -0.003115
v -0.004897 -0.012486 -0.010806
v -0.005831 -0.013545 -0.010474
v -0.005831 -0.013545 -0.010474
v -0.004305 -0.016498 -0.003023
v -0.003448 -0.015488 -0.003115
v -0.008332 -0.010320 -0.011438
v -0.005831 -0.013545 -0.010474
v -0.004897 -0.012486 -0.010806
v -0.008332 -0.010320 -0.011438
v -0.004897 -0.012486 -0.010806
v -0.005493 -0.008798 -0.012679
v -0.008332 -0.010320 -0.011438
v -0.005493 -0.008798 -0.012679
v -0.007429 -0.007870 -0.011808
v -0.007429 -0.007870 -0.011808
v -0.005493 -0.008798 -0.012679
v -0.006107 -0.002602 -0.012431
v -0.008448 -0.016998 0.009155
v -0.006266 -0.018916 0.004202
v -0.009341 -0.021413 0.004531
v -0.009341 -0.021413 0.004531
v -0.012701 -0.020267 0.009410
v -0.008448 -0.016998 0.009155
v -0.018288 -0.018152 0.011991
v -0.024310 -0.015409 0.011692
v -0.016190 -0.009258 0.011888
v -0.016190 -0.009258 0.011888
v -0.012023 -0.013723 0.011750
v -0.018288 -0.018152 0.011991
v -0.018371 -0.018322 -0.009774
v -0.010742 -0.012633 -0.011038
v -0.015269 -0.008058 -0.009143
v -0.015269 -0.008058 -0.009143
v -0.025420 -0.015331 -0.008213
v -0.018371 -0.018322 -0.009774
v -0.010742 -0.012633 -0.011038
v -0.018371 -0.018322 -0.009774
v -0.013028 -0.020448 -0.008611
v -0.013028 -0.020448 -0.008611
v -0.007974 -0.015757 -0.009971
v -0.010742 -0.012633 -0.011038
v -0.005869 0.003570 0.011888
v -0.003867 0.009317 0.009094
v -0.002828 0.004260 0.011973
v -0.005493 -0.008798 -0.012679
v -0.004897 -0.012486 -0.010806
v -0.003448 -0.009388 -0.013643
v -0.008332 -0.010320 -0.011438
v -0.015269 -0.008058 -0.009143
v -0.010742 -0.012633 -0.011038
v -0.013028 -0.020448 -0.008611
v -0.009921 -0.021543 -0.002521
v -0.006314 -0.018542 -0.002780
v -0.006314 -0.018542 -0.002780
v -0.007974 -0.015757 -0.009971
v -0.013028 -0.020448 -0.008611
v -0.024310 -0.015409 0.011692
v -0.028818 -0.013123 0.008570
v -0.020635 -0.006680 0.008869
v -0.020635 -0.006680 0.008869
v -0.016190 -0.009258 0.011888
v -0.024310 -0.015409 0.011692
v -0.012023 -0.013723 0.011750
v -0.016190 -0.009258 0.011888
v -0.010300 -0.012033 0.011683
v -0.009921 -0.021543 -0.002521
v -0.009341 -0.021413 0.004531
v -0.006266 -0.018916 0.004202
v -0.006266 -0.018916 0.004202
v -0.006314 -0.018542 -0.002780
v -0.009921 -0.021543 -0.002521
v -0.008448 -0.016998 0.009155
v -0.012023 -0.013723 0.011750
v -0.010300 -0.012033 0.011683
v -0.010300 -0.012033 0.011683
v -0.005995 -0.014468 0.009441
v -0.008448 -0.016998 0.009155
v -0.025420 -0.015331 -0.008213
v -0.015269 -0.008058 -0.009143
v -0.021105 -0.005911 -0.004031
v -0.021105 -0.005911 -0.004031
v -0.029639 -0.013146 -0.003752
v -0.025420 -0.015331 -0.008213
v -0.029639 -0.013146 -0.003752
v -0.021105 -0.005911 -0.004031
v -0.023016 -0.005858 0.002636
v -0.023016 -0.005858 0.002636
v -0.031268 -0.012071 0.002447
v -0.029639 -0.013146 -0.003752
v -0.028818 -0.013123 0.008570
v -0.031268 -0.012071 0.002447
v -0.023016 -0.005858 0.002636
v -0.023016 -0.005858 0.002636
v -0.020635 -0.006680 0.008869
v -0.028818 -0.013123 0.008570
v -0.016461 0.001638 0.002691
v -0.014411 0.000062 0.009135
v -0.017521 -0.003356 0.008966
v -0.017521 -0.003356 0.008966
v -0.019559 -0.001974 0.002697
v -0.016461 0.001638 0.002691
v -0.009721 0.008934 0.002540
v -0.007675 0.006719 0.009143
v -0.011391 0.003522 0.009192
v -0.011391 0.003522 0.009192
v -0.013427 0.005306 0.002739
v -0.009721 0.008934 0.002540
v -0.004042 -0.017081 0.004185
v -0.004305 -0.016498 -0.003023
v -0.006314 -0.018542 -0.002780
v -0.006314 -0.018542 -0.002780
v -0.006266 -0.018916 0.004202
v -0.004042 -0.017081 0.004185
v -0.004042 -0.017081 0.004185
v -0.006266 -0.018916 0.004202
v -0.008448 -0.016998 0.009155
v -0.008448 -0.016998 0.009155
v -0.005995 -0.014468 0.009441
v -0.004042 -0.017081 0.004185
v -0.008296 -0.009635 0.011912
v -0.013581 -0.006093 0.011835
v -0.010806 -0.002605 0.011977
v -0.010806 -0.002605 0.011977
v -0.005904 -0.005979 0.012452
v -0.008296 -0.009635 0.011912
v -0.014825 0.000924 -0.004870
v -0.017995 -0.002595 -0.004314
v -0.013206 -0.005101 -0.009419
v -0.013206 -0.005101 -0.009419
v -0.010873 -0.000742 -0.009581
v -0.014825 0.000924 -0.004870
v -0.016461 0.001638 0.002691
v -0.019559 -0.001974 0.002697
v -0.017995 -0.002595 -0.004314
v -0.017995 -0.002595 -0.004314
v -0.014825 0.000924 -0.004870
v -0.016461 0.001638 0.002691
v -0.005493 -0.008798 -0.012679
v -0.003448 -0.009388 -0.013643
v -0.002287 -0.004666 -0.014332
v -0.002287 -0.004666 -0.014332
v -0.006107 -0.002602 -0.012431
v -0.005493 -0.008798 -0.012679
v -0.013581 -0.006093 0.011835
v -0.017521 -0.003356 0.008966
v -0.014411 0.000062 0.009135
v -0.014411 0.000062 0.009135
v -0.010806 -0.002605 0.011977
v -0.013581 -0.006093 0.011835
v -0.005904 -0.005979 0.012452
v -0.003845 -0.001212 0.012668
v 0.000181 -0.003418 0.012882
v 0.000181 -0.003418 0.012882
v -0.001790 -0.008800 0.011745
v -0.005904 -0.005979 0.012452
v -0.003845 -0.001212 0.012668
v -0.002828 0.004260 0.011973
v 0.001265 0.004389 0.011997
v 0.001265 0.004389 0.011997
v 0.000181 -0.003418 0.012882
v -0.003845 -0.001212 0.012668
v -0.003867 0.009317 0.009094
v -0.006072 0.011738 0.002201
v -0.001738 0.013549 0.001963
v -0.001738 0.013549 0.001963
v 0.000295 0.010554 0.008858
v -0.003867 0.009317 0.009094
v -0.005869 0.003570 0.011888
v -0.007675 0.006719 0.009143
v -0.003867 0.009317 0.009094
v -0.007675 0.006719 0.009143
v -0.009721 0.008934 0.002540
v -0.006072 0.011738 0.002201
v -0.006072 0.011738 0.002201
v -0.003867 0.009317 0.009094
v -0.007675 0.006719 0.009143
v 0.000295 0.010554 0.008858
v 0.001265 0.004389 0.011997
v -0.002828 0.004260 0.011973
v -0.002828 0.004260 0.011973
v -0.003867 0.009317 0.009094
v 0.000295 0.010554 0.008858
v -0.011654 0.004453 -0.005339
v -0.008662 0.007470 -0.005834
v -0.009721 0.008934 0.002540
v -0.009721 0.008934 0.002540
v -0.013427 0.005306 0.002739
v -0.011654 0.004453 -0.005339
v -0.001738 0.013549 0.001963
v -0.006072 0.011738 0.002201
v -0.005100 0.009907 -0.006492
v -0.005100 0.009907 -0.006492
v -0.000628 0.011619 -0.007256
v -0.001738 0.013549 0.001963
v -0.006700 0.005206 -0.009461
v -0.004361 0.006673 -0.009718
v -0.005100 0.009907 -0.006492
v -0.005100 0.009907 -0.006492
v -0.008662 0.007470 -0.005834
v -0.006700 0.005206 -0.009461
v -0.006072 0.011738 0.002201
v -0.009721 0.008934 0.002540
v -0.008662 0.007470 -0.005834
v -0.008662 0.007470 -0.005834
v -0.005100 0.009907 -0.006492
v -0.006072 0.011738 0.002201
v -0.004361 0.006673 -0.009718
v -0.000638 0.007053 -0.010786
v -0.000628 0.011619 -0.007256
v -0.000628 0.011619 -0.007256
v -0.005100 0.009907 -0.006492
v -0.004361 0.006673 -0.009718
v -0.000638 0.007053 -0.010786
v -0.004361 0.006673 -0.009718
v -0.004908 0.002159 -0.011486
v -0.004908 0.002159 -0.011486
v -0.001476 0.001336 -0.013387
v -0.000638 0.007053 -0.010786
v -0.001476 0.001336 -0.013387
v -0.004908 0.002159 -0.011486
v -0.006107 -0.002602 -0.012431
v -0.006107 -0.002602 -0.012431
v -0.002287 -0.004666 -0.014332
v -0.001476 0.001336 -0.013387
v -0.011654 0.004453 -0.005339
v -0.014825 0.000924 -0.004870
v -0.010873 -0.000742 -0.009581
v -0.010873 -0.000742 -0.009581
v -0.008412 0.003207 -0.009676
v -0.011654 0.004453 -0.005339
v -0.014825 0.000924 -0.004870
v -0.011654 0.004453 -0.005339
v -0.013427 0.005306 0.002739
v -0.013427 0.005306 0.002739
v -0.016461 0.001638 0.002691
v -0.014825 0.000924 -0.004870
v -0.013206 -0.005101 -0.009419
v -0.007429 -0.007870 -0.011808
v -0.006107 -0.002602 -0.012431
v -0.006107 -0.002602 -0.012431
v -0.010873 -0.000742 -0.009581
v -0.013206 -0.005101 -0.009419
v -0.013427 0.005306 0.002739
v -0.011391 0.003522 0.009192
v -0.014411 0.000062 0.009135
v -0.014411 0.000062 0.009135
v -0.016461 0.001638 0.002691
v -0.013427 0.005306 0.002739
v -0.010806 -0.002605 0.011977
v -0.014411 0.000062 0.009135
v -0.011391 0.003522 0.009192
v -0.011391 0.003522 0.009192
v -0.008001 0.001100 0.012085
v -0.010806 -0.002605 0.011977
v -0.001790 -0.008800 0.011745
v -0.004262 -0.012351 0.010381
v -0.008296 -0.009635 0.011912
v -0.008296 -0.009635 0.011912
v -0.005904 -0.005979 0.012452
v -0.001790 -0.008800 0.011745
v -0.006107 -0.002602 -0.012431
v -0.004908 0.002159 -0.011486
v -0.008412 0.003207 -0.009676
v -0.008412 0.003207 -0.009676
v -0.010873 -0.000742 -0.009581
v -0.006107 -0.002602 -0.012431
v -0.006700 0.005206 -0.009461
v -0.008412 0.003207 -0.009676
v -0.004908 0.002159 -0.011486
v -0.004908 0.002159 -0.011486
v -0.004361 0.006673 -0.009718
v -0.006700 0.005206 -0.009461
v -0.008412 0.003207 -0.009676
v -0.006700 0.005206 -0.009461
v -0.008662 0.007470 -0.005834
v -0.008662 0.007470 -0.005834
v -0.011654 0.004453 -0.005339
v -0.008412 0.003207 -0.009676
v -0.005869 0.003570 0.011888
v -0.008001 0.001100 0.012085
v -0.011391 0.003522 0.009192
v -0.011391 0.003522 0.009192
v -0.007675 0.006719 0.009143
v -0.005869 0.003570 0.011888
v -0.005869 0.003570 0.011888
v -0.002828 0.004260 0.011973
v -0.003845 -0.001212 0.012668
v -0.003845 -0.001212 0.012668
v -0.008001 0.001100 0.012085
v -0.005869 0.003570 0.011888
v -0.003845 -0.001212 0.012668
v -0.005904 -0.005979 0.012452
v -0.010806 -0.002605 0.011977
v -0.010806 -0.002605 0.011977
v -0.008001 0.001100 0.012085
v -0.003845 -0.001212 0.012668
v -0.012701 -0.020267 0.009410
v -0.018288 -0.018152 0.011991
v -0.012023 -0.013723 0.011750
v -0.012023 -0.013723 0.011750
v -0.008448 -0.016998 0.009155
v -0.012701 -0.020267 0.009410
v -0.015269 -0.008058 -0.009143
v -0.013206 -0.005101 -0.009419
v -0.017995 -0.002595 -0.004314
v -0.017995 -0.002595 -0.004314
v -0.021105 -0.005911 -0.004031
v -0.015269 -0.008058 -0.009143
v -0.021105 -0.005911 -0.004031
v -0.017995 -0.002595 -0.004314
v -0.019559 -0.001974 0.002697
v -0.019559 -0.001974 0.002697
v -0.023016 -0.005858 0.002636
v -0.021105 -0.005911 -0.004031
v -0.019559 -0.001974 0.002697
v -0.017521 -0.003356 0.008966
v -0.020635 -0.006680 0.008869
v -0.020635 -0.006680 0.008869
v -0.023016 -0.005858 0.002636
v -0.019559 -0.001974 0.002697
v -0.016190 -0.009258 0.011888
v -0.020635 -0.006680 0.008869
v -0.017521 -0.003356 0.008966
v -0.017521 -0.003356 0.008966
v -0.013581 -0.006093 0.011835
v -0.016190 -0.009258 0.011888
v -0.008332 -0.010320 -0.011438
v -0.007429 -0.007870 -0.011808
v -0.013206 -0.005101 -0.009419
v -0.013206 -0.005101 -0.009419
v -0.015269 -0.008058 -0.009143
v -0.008332 -0.010320 -0.011438
v -0.013581 -0.006093 0.011835
v -0.008296 -0.009635 0.011912
v -0.010300 -0.012033 0.011683
v -0.010300 -0.012033 0.011683
v -0.016190 -0.009258 0.011888
v -0.013581 -0.006093 0.011835
v -0.010300 -0.012033 0.011683
v -0.008296 -0.009635 0.011912
v -0.005995 -0.014468 0.009441
v -0.005995 -0.014468 0.009441
v -0.008296 -0.009635 0.011912
v -0.004262 -0.012351 0.010381
v -0.004305 -0.016498 -0.003023
v -0.005831 -0.013545 -0.010474
v -0.007974 -0.015757 -0.009971
v -0.007974 -0.015757 -0.009971
v -0.006314 -0.018542 -0.002780
v -0.004305 -0.016498 -0.003023
v -0.010742 -0.012633 -0.011038
v -0.007974 -0.015757 -0.009971
v -0.005831 -0.013545 -0.010474
v -0.005831 -0.013545 -0.010474
v -0.008332 -0.010320 -0.011438
v -0.010742 -0.012633 -0.011038
v -0.004262 -0.012351 0.010381
v -0.001790 -0.008800 0.011745
v -0.002345 -0.013846 0.009776
v -0.005995 -0.014468 0.009441
v -0.004262 -0.012351 0.010381
v -0.002345 -0.013846 0.009776
v -0.005995 -0.014468 0.009441
v -0.002345 -0.013846 0.009776
v -0.002909 -0.016226 0.004276
v -0.002909 -0.016226 0.004276
v -0.004042 -0.017081 0.004185
v -0.005995 -0.014468 0.009441
v -0.004305 -0.016498 -0.003023
v -0.004042 -0.017081 0.004185
v -0.002909 -0.016226 0.004276
v -0.002909 -0.016226 0.004276
v -0.003448 -0.015488 -0.003115
v -0.004305 -0.016498 -0.003023
v -0.003448 -0.015488 -0.003115
v -0.004897 -0.012486 -0.010806
v -0.005831 -0.013545 -0.010474
v -0.005831 -0.013545 -0.010474
v -0.004305 -0.016498 -0.003023
v -0.003448 -0.015488 -0.003115
v -0.008332 -0.010320 -0.011438
v -0.005831 -0.013545 -0.010474
v -0.004897 -0.012486 -0.010806
v -0.008332 -0.010320 -0.011438
v -0.004897 -0.012486 -0.010806
v -0.005493 -0.008798 -0.012679
v -0.008332 -0.010320 -0.011438
v -0.005493 -0.008798 -0.012679
v -0.007429 -0.007870 -0.011808
v -0.007429 -0.007870 -0.011808
v -0.005493 -0.008798 -0.012679
v -0.006107 -0.002602 -0.012431
v -0.008448 -0.016998 0.009155
v -0.006266 -0.018916 0.004202
v -0.009341 -0.021413 0.004531
v -0.009341 -0.021413 0.004531
v -0.012701 -0.020267 0.009410
v -0.008448 -0.016998 0.009155
v -0.018288 -0.018152 0.011991
v -0.024310 -0.015409 0.011692
v -0.016190 -0.009258 0.011888
v -0.016190 -0.009258 0.011888
v -0.012023 -0.013723 0.011750
v -0.018288 -0.018152 0.011991
v -0.018371 -0.018322 -0.009774
v -0.010742 -0.012633 -0.011038
v -0.015269 -0.008058 -0.009143
v -0.015269 -0.008058 -0.009143
v -0.025420 -0.015331 -0.008213
v -0.018371 -0.018322 -0.009774
v -0.010742 -0.012633 -0.011038
v -0.018371 -0.018322 -0.009774
v -0.013028 -0.020448 -0.008611
v -0.013028 -0.020448 -0.008611
v -0.007974 -0.015757 -0.009971
v -0.010742 -0.012633 -0.011038
v -0.005869 0.003570 0.011888
v -0.003867 0.009317 0.009094
v -0.002828 0.004260 0.011973
v -0.005493 -0.008798 -0.012679
v -0.004897 -0.012486 -0.010806
v -0.003448 -0.009388 -0.013643
v -0.004897 -0.012486 -0.010806
v -0.003582 -0.012390 -0.011296
v -0.003448 -0.009388 -0.013643
vn 0.3300 -0.6400 0.6939
vn 0.3154 -0.6774 0.6646
vn 0.4676 -0.8445 0.2612
vn 0.5136 -0.8138 0.2719
vn 0.2815 -0.3711 -0.8849
vn 0.4680 -0.5711 -0.6744
vn 0.1695 -0.2066 -0.9636
vn 0.6615 -0.7309 -0.1679
vn 0.4680 -0.5712 -0.6743
vn 0.2785 -0.7309 -0.6231
vn 0.2786 -0.7309 -0.6231
vn 0.4832 -0.8612 -0.1578
vn -0.3414 0.0138 0.9398
vn 0.1815 -0.1345 0.9742
vn 0.0350 -0.3684 0.9290
vn -0.4774 0.6353 0.6070
vn -0.1692 0.2688 0.9482
vn -0.6512 0.4335 0.6229
vn -0.4338 0.5116 -0.7417
vn -0.5299 0.6741 -0.5147
vn -0.6668 0.5179 -0.5359
vn -0.5888 0.0828 -0.8040
vn 0.6422 -0.6803 0.3533
vn 0.3155 -0.6773 0.6646
vn 0.4591 -0.4815 0.7466
vn 0.6615 -0.7309 -0.1678
vn 0.4677 -0.8444 0.2611
vn 0.6616 -0.7309 -0.1678
vn 0.4590 -0.4815 0.7466
vn 0.3154 -0.6773 0.6647
vn 0.0351 -0.3684 0.9290
vn 0.0351 -0.3683 0.9290
vn 0.1815 -0.1346 0.9741
vn 0.4590 -0.4814 0.7467
vn -0.4774 0.6354 0.6069
vn -0.8308 0.5565 0.0081
vn -0.8308 0.5566 0.0081
vn -0.6160 0.7875 0.0211
vn 0.3123 -0.6792 -0.6642
vn 0.5261 -0.8302 -0.1844
vn 0.4831 -0.8612 -0.1578
vn 0.5261 -0.8302 -0.1843
vn 0.5136 -0.8138 0.2718
vn 0.4676 -0.8445 0.2611
vn 0.4831 -0.8612 -0.1577
vn 0.2785 -0.7308 -0.6232
vn 0.0062 -0.6310 -0.7757
vn -0.0803 -0.3284 -0.9411
vn -0.3757 -0.0078 0.9267
vn -0.3414 0.0137 0.9398
vn 0.0350 -0.3683 0.9290
vn 0.0340 -0.3768 0.9257
vn -0.3415 0.0137 0.9398
vn -0.3758 -0.0077 0.9267
vn -0.7001 0.3210 0.6378
vn -0.6512 0.4336 0.6229
vn -0.3415 0.0138 0.9398
vn -0.5124 -0.0117 -0.8587
vn -0.0804 -0.3284 -0.9411
vn -0.3284 -0.2878 -0.8996
vn -0.5124 -0.0118 -0.8587
vn 0.0340 -0.3769 0.9256
vn 0.0340 -0.3768 0.9256
vn -0.6512 0.4336 0.6228
vn -0.7001 0.3211 0.6377
vn -0.9072 0.4197 0.0279
vn -0.9072 0.4197 0.0280
vn -0.5888 0.0829 -0.8040
vn -0.7668 0.3684 -0.5257
vn -0.7668 0.3684 -0.5256
vn -0.5125 -0.0117 -0.8586
vn -0.5889 0.0828 -0.8040
vn 0.6327 -0.0919 0.7689
vn 0.6666 -0.1236 0.7351
vn 0.8628 -0.3248 0.3873
vn 0.8628 -0.3248 0.3874
vn 0.8197 -0.5075 0.2655
vn 0.6328 -0.0919 0.7689
vn 0.5308 -0.2945 -0.7947
vn 0.8065 -0.5253 -0.2713
vn 0.8169 -0.5111 -0.2673
vn 0.8169 -0.5112 -0.2673
vn 0.5765 -0.2415 -0.7806
vn 0.5308 -0.2944 -0.7947
vn 0.8198 -0.5074 0.2655
vn 0.8169 -0.5112 -0.2672
vn 0.8065 -0.5253 -0.2712
vn 0.2060 0.4375 -0.8753
vn 0.5764 -0.2416 -0.7806
vn 0.5764 -0.2415 -0.7807
vn 0.3507 0.8308 -0.4323
vn 0.2059 0.4376 -0.8753
vn 0.3312 0.8903 0.3125
vn 0.3178 0.8944 0.3146
vn 0.4564 0.8027 0.3839
vn 0.4693 0.7794 0.4151
vn -0.1367 0.8967 0.4210
vn -0.2573 0.8017 0.5395
vn 0.3177 0.8945 0.3147
vn 0.0447 0.8689 -0.4929
vn 0.2059 0.4375 -0.8753
vn 0.3506 0.8308 -0.4322
vn 0.2851 0.9297 -0.2331
vn 0.0447 0.8690 -0.4929
vn 0.4694 0.7793 0.4151
vn 0.4565 0.8026 0.3839
vn 0.6665 -0.1236 0.7352
vn 0.6665 -0.1237 0.7352
vn -0.1427 0.9895 0.0212
vn 0.2062 0.9784 0.0116
vn -0.1366 0.8967 0.4210
vn -0.1427 0.9895 0.0211
vn -0.1153 0.9374 -0.3286
vn 0.2851 0.9297 -0.2330
vn 0.2418 0.9604 -0.1385
vn 0.2062 0.9784 0.0115
vn -0.1523 0.1507 -0.9768
vn -0.1511 0.1499 -0.9771
vn -0.9072 0.4198 0.0278
vn -0.6669 0.5179 -0.5358
vn -0.5299 0.6741 -0.5146
vn -0.6668 0.5179 -0.5358
vn 0.3124 -0.6792 -0.6642
vn 0.0784 -0.2056 -0.9755
vn 0.5764 -0.2416 -0.7807
vn 0.5764 -0.2415 -0.7806
vn 0.8168 -0.5112 -0.2672
vn 0.5262 -0.8302 -0.1844
vn 0.5262 -0.8302 -0.1843
vn 0.6671 -0.7448 -0.0191
vn 0.5137 -0.8138 0.2718
vn 0.3301 -0.6400 0.6939
vn 0.5137 -0.8138 0.2719
vn 0.8629 -0.3248 0.3873
vn 0.2433 -0.2780 0.9292
vn 0.0341 -0.3768 0.9256
vn 0.3300 -0.6399 0.6940
vn -0.1274 0.0902 0.9877
vn -0.3757 -0.0077 0.9267
vn 0.2433 -0.2780 0.9293
vn -0.1274 0.0903 0.9877
vn -0.2572 0.8017 0.5395
vn -0.7000 0.3211 0.6378
vn -0.7001 0.3211 0.6378
vn -0.8304 0.5503 0.0873
vn -0.8304 0.5503 0.0872
vn -0.7658 0.3931 -0.5090
vn -0.7657 0.3931 -0.5091
vn -0.4076 0.1300 -0.9039
vn -0.5124 -0.0117 -0.8586
vn -0.4076 0.1299 -0.9039
vn -0.4075 0.1299 -0.9039
vn 0.0783 -0.2055 -0.9755
vn -0.0803 -0.3283 -0.9411
vn 0.8381 -0.4765 -0.2657
vn 0.8477 -0.4788 -0.2283
vn 0.8380 -0.4765 -0.2657
vn 0.8479 -0.4930 -0.1951
vn 0.8407 -0.5015 -0.2044
vn 0.8540 -0.5193 -0.0313
vn 0.8540 -0.5193 -0.0314
vn 0.8702 -0.4916 -0.0319
vn 0.8527 -0.4833 -0.1984
vn 0.8703 -0.4916 -0.0309
vn 0.8742 -0.4846 -0.0306
vn 0.8742 -0.4846 -0.0304
vn 0.8477 -0.4788 -0.2282
vn 0.8527 -0.4833 -0.1982
vn 0.7603 -0.4343 -0.4832
vn 0.8146 -0.4205 -0.3994
vn 0.7679 -0.4473 -0.4585
vn 0.7502 -0.4300 -0.5023
vn 0.7602 -0.4343 -0.4832
vn 0.8407 -0.5015 -0.2043
vn 0.8479 -0.4929 -0.1951
vn 0.8039 -0.4764 -0.3561
vn 0.8257 -0.4376 -0.3560
vn 0.8039 -0.4764 -0.3562
vn 0.8412 -0.4554 -0.2915
vn 0.8039 -0.4763 -0.3562
vn 0.7704 -0.4404 -0.4610
vn 0.7705 -0.4404 -0.4610
vn 0.8257 -0.4376 -0.3561
vn 0.7900 -0.4424 -0.4245
vn 0.7603 -0.4343 -0.4831
vn 0.7900 -0.4424 -0.4244
vn 0.8147 -0.4205 -0.3994
vn 0.8380 -0.4765 -0.2658
vn 0.8477 -0.4788 -0.2284
vn 0.8539 -0.4794 0.2028
vn 0.8608 -0.4811 0.1662
vn 0.8589 -0.4947 0.1322
vn 0.8702 -0.4916 -0.0318
vn 0.8524 -0.5034 0.1417
vn 0.8589 -0.4948 0.1322
vn 0.8539 -0.4793 0.2028
vn 0.8703 -0.4916 -0.0307
vn 0.8637 -0.4851 0.1367
vn 0.8637 -0.4851 0.1366
vn 0.8742 -0.4846 -0.0305
vn 0.7969 -0.4525 0.4002
vn 0.8396 -0.4250 0.3384
vn 0.7910 -0.4397 0.4255
vn 0.7909 -0.4397 0.4255
vn 0.7822 -0.4357 0.4453
vn 0.7969 -0.4525 0.4003
vn 0.8524 -0.5033 0.1417
vn 0.8524 -0.5033 0.1418
vn 0.8259 -0.4803 0.2953
vn 0.8259 -0.4803 0.2954
vn 0.8476 -0.4415 0.2943
vn 0.8588 -0.4586 0.2286
vn 0.7969 -0.4524 0.4003
vn 0.7996 -0.4456 0.4026
vn 0.8259 -0.4802 0.2954
vn 0.8395 -0.4250 0.3385
vn 0.8167 -0.4472 0.3648
vn 0.8588 -0.4585 0.2287
vn 0.8167 -0.4471 0.3649
vn 0.8396 -0.4249 0.3385
vn 0.8539 -0.4793 0.2027
vn 0.8539 -0.4793 0.2029
vn -0.8380 0.4765 0.2657
vn -0.8381 0.4765 0.2657
vn -0.8477 0.4788 0.2283
vn -0.8479 0.4930 0.1951
vn -0.8702 0.4916 0.0319
vn -0.8540 0.5193 0.0314
vn -0.8407 0.5015 0.2044
vn -0.8742 0.4846 0.0306
vn -0.8703 0.4916 0.0308
vn -0.8527 0.4833 0.1983
vn -0.7603 0.4343 0.4831
vn -0.7502 0.4300 0.5023
vn -0.7679 0.4473 0.4585
vn -0.8147 0.4205 0.3994
vn -0.8381 0.4765 0.2656
vn -0.8039 0.4764 0.3562
vn -0.8039 0.4764 0.3561
vn -0.8257 0.4377 0.3560
vn -0.8380 0.4766 0.2657
vn -0.8412 0.4554 0.2915
vn -0.7704 0.4404 0.4610
vn -0.8039 0.4763 0.3562
vn -0.8256 0.4376 0.3561
vn -0.7602 0.4343 0.4832
vn -0.8146 0.4205 0.3995
vn -0.7900 0.4424 0.4245
vn -0.8147 0.4205 0.3993
vn -0.8412 0.4555 0.2915
vn -0.7900 0.4424 0.4244
vn -0.8380 0.4765 0.2658
vn -0.8380 0.4765 0.2659
vn -0.8527 0.4833 0.1982
vn -0.8539 0.4793 -0.2028
vn -0.8607 0.4811 -0.1662
vn -0.8589 0.4948 -0.1321
vn -0.8524 0.5034 -0.1417
vn -0.8540 0.5193 0.0313
vn -0.8702 0.4916 0.0317
vn -0.8589 0.4947 -0.1323
vn -0.8539 0.4794 -0.2029
vn -0.8539 0.4794 -0.2028
vn -0.8637 0.4852 -0.1365
vn -0.8703 0.4916 0.0309
vn -0.8742 0.4846 0.0305
vn -0.8608 0.4811 -0.1662
vn -0.8637 0.4852 -0.1366
vn -0.7909 0.4397 -0.4255
vn -0.8396 0.4250 -0.3385
vn -0.7969 0.4525 -0.4003
vn -0.7969 0.4525 -0.4002
vn -0.7822 0.4357 -0.4454
vn -0.8524 0.5034 -0.1418
vn -0.8259 0.4803 -0.2954
vn -0.8476 0.4415 -0.2942
vn -0.8588 0.4586 -0.2286
vn -0.7996 0.4456 -0.4026
vn -0.8259 0.4802 -0.2954
vn -0.8476 0.4415 -0.2943
vn -0.8395 0.4250 -0.3385
vn -0.8166 0.4472 -0.3649
vn -0.8166 0.4472 -0.3648
vn -0.8588 0.4585 -0.2286
vn -0.8588 0.4585 -0.2287
vn -0.8539 0.4793 -0.2029
vn -0.8539 0.4793 -0.2030
vn -0.8637 0.4851 -0.1366
vn -0.0383 -0.1331 0.9904
vn 0.0763 0.0700 0.9946
vn 0.0793 0.0753 0.9940
vn -0.0933 -0.1004 -0.9906
vn -0.0878 -0.0906 -0.9920
vn 0.2334 0.4704 -0.8510
vn 0.2456 0.4910 -0.8358
vn -0.0934 -0.1005 -0.9906
vn 0.4518 0.7727 0.4460
vn 0.4417 0.7518 0.4895
vn 0.4904 0.8714 -0.0125
vn 0.4904 0.8714 -0.0124
vn 0.4518 0.7726 0.4459
vn 0.4738 0.8550 -0.2108
vn 0.4816 0.8644 -0.1449
vn 0.4398 0.8067 -0.3946
vn 0.4399 0.8067 -0.3946
vn -0.4739 -0.8552 0.2097
vn -0.4914 -0.8703 -0.0322
vn -0.4897 -0.8713 0.0312
vn -0.4897 -0.8714 0.0312
vn -0.4740 -0.8552 0.2097
vn 0.2457 0.4912 -0.8357
vn 0.2335 0.4705 -0.8509
vn 0.3746 0.7046 -0.6027
vn 0.2457 0.4911 -0.8357
vn -0.4906 -0.8714 0.0091
vn -0.4390 -0.8053 0.3985
vn -0.4488 -0.8199 0.3554
vn -0.4487 -0.8199 0.3555
vn -0.4905 -0.8714 0.0095
vn -0.4905 -0.8714 0.0092
vn -0.1003 -0.1130 -0.9885
vn -0.0923 -0.0986 -0.9908
vn 0.3088 0.5970 -0.7404
vn 0.3461 0.6584 -0.6684
vn -0.1004 -0.1130 -0.9885
vn -0.1624 -0.3490 0.9229
vn 0.0782 0.0734 0.9942
vn 0.0873 0.0896 0.9921
vn -0.1968 -0.4081 0.8915
vn 0.0793 0.0754 0.9940
vn 0.0764 0.0701 0.9946
vn 0.2853 0.4506 0.8459
vn 0.3008 0.4797 0.8243
vn -0.3723 -0.6151 -0.6950
vn -0.0879 -0.0907 -0.9920
vn -0.0934 -0.1005 -0.9905
vn -0.3834 -0.6365 -0.6693
vn 0.3009 0.4797 0.8242
vn 0.2853 0.4507 0.8459
vn 0.4417 0.7517 0.4897
vn 0.4518 0.7726 0.4462
vn 0.4800 0.8344 0.2709
vn 0.4643 0.7991 0.3819
vn 0.4816 0.8644 -0.1448
vn 0.4816 0.8644 -0.1447
vn 0.4739 0.8550 -0.2106
vn 0.4800 0.8343 0.2710
vn -0.4914 -0.8703 -0.0323
vn -0.4106 -0.6894 -0.5967
vn -0.4341 -0.7364 -0.5189
vn -0.4341 -0.7363 -0.5190
vn -0.4897 -0.8714 0.0310
vn -0.4914 -0.8703 -0.0324
vn -0.4846 -0.8676 0.1118
vn -0.4908 -0.8713 0.0009
vn -0.4916 -0.8674 -0.0778
vn -0.4915 -0.8674 -0.0778
vn -0.4704 -0.8505 0.2355
vn 0.0873 0.0897 0.9921
vn 0.3066 0.4904 0.8158
vn 0.3065 0.4903 0.8159
vn 0.3454 0.5635 0.7505
vn -0.4106 -0.6894 -0.5968
vn -0.4341 -0.7364 -0.5190
vn 0.3454 0.5636 0.7504
vn 0.3066 0.4905 0.8158
vn 0.4643 0.7991 0.3820
vn -0.1969 -0.4082 0.8914
vn -0.4285 -0.7896 0.4392
vn -0.3881 -0.7264 0.5673
vn -0.3882 -0.7264 0.5672
vn -0.1625 -0.3491 0.9229
vn 0.3461 0.6584 -0.6683
vn 0.3088 0.5971 -0.7404
vn 0.4859 0.8688 -0.0957
vn 0.4902 0.8714 -0.0206
vn -0.4908 -0.8713 0.0010
vn -0.4285 -0.7896 0.4391
vn -0.4285 -0.7897 0.4391
vn -0.4916 -0.8674 -0.0777
vn 0.4902 0.8714 -0.0205
vn 0.4859 0.8688 -0.0956
vn 0.4871 0.8517 0.1931
vn 0.1416 0.1873 0.9721
vn 0.1328 0.1714 0.9762
vn 0.2692 0.4208 0.8663
vn 0.1416 0.1874 0.9720
vn -0.0064 -0.0771 0.9970
vn 0.1415 0.1872 0.9721
vn -0.0065 -0.0771 0.9970
vn -0.4389 -0.8053 0.3986
vn -0.4704 -0.8504 0.2356
vn -0.4487 -0.8199 0.3556
vn -0.4389 -0.8052 0.3987
vn -0.4904 -0.8714 0.0143
vn -0.3723 -0.6151 -0.6949
vn -0.3835 -0.6365 -0.6692
vn -0.3834 -0.6365 -0.6692
vn -0.4904 -0.8714 0.0140
vn -0.4904 -0.8714 0.0142
vn 0.2869 0.4536 0.8437
vn -0.0209 -0.1025 0.9945
vn -0.0264 -0.1123 0.9933
vn 0.2979 0.4743 0.8284
vn 0.2869 0.4537 0.8437
vn -0.3367 -0.6429 0.6880
vn -0.3239 -0.6219 0.7130
vn -0.4904 -0.8714 0.0144
vn -0.4904 -0.8714 0.0145
vn -0.4903 -0.8714 0.0143
vn -0.3366 -0.6428 0.6881
vn -0.4910 -0.8711 -0.0085
vn -0.4885 -0.8708 0.0549
vn -0.4874 -0.8528 -0.1876
vn 0.4658 0.8021 0.3737
vn 0.4906 0.8627 0.1224
vn 0.4874 0.8526 0.1886
vn 0.4657 0.8021 0.3737
vn -0.4717 -0.8151 -0.3362
vn -0.4648 -0.7999 -0.3796
vn -0.4905 -0.8714 0.0091
vn -0.4905 -0.8714 0.0094
vn -0.4717 -0.8152 -0.3362
vn 0.4098 0.6878 0.5992
vn 0.2870 0.4537 0.8436
vn 0.2980 0.4743 0.8284
vn 0.2980 0.4744 0.8284
vn 0.4097 0.6878 0.5992
vn 0.0203 0.1015 -0.9946
vn 0.0111 0.0853 -0.9963
vn -0.2243 -0.3381 -0.9140
vn -0.2243 -0.3380 -0.9140
vn -0.2566 -0.3975 -0.8810
vn 0.0203 0.1016 -0.9946
vn 0.3583 0.5882 0.7250
vn -0.0254 -0.1105 0.9936
vn -0.0336 -0.1248 0.9916
vn -0.0336 -0.1249 0.9916
vn 0.3906 0.6504 0.6515
vn -0.0265 -0.1125 0.9933
vn -0.0210 -0.1027 0.9945
vn -0.3239 -0.6218 0.7131
vn -0.3238 -0.6217 0.7132
vn -0.3366 -0.6428 0.6882
vn -0.3984 -0.7427 0.5382
vn -0.3697 -0.6968 0.6147
vn -0.4885 -0.8708 0.0550
vn -0.4910 -0.8711 -0.0084
vn 0.4379 0.8038 -0.4026
vn 0.4611 0.8377 -0.2926
vn 0.4874 0.8526 0.1885
vn -0.0335 -0.1249 0.9916
vn -0.3697 -0.6967 0.6147
vn -0.3697 -0.6967 0.6148
vn -0.0335 -0.1248 0.9916
vn 0.0204 0.1016 -0.9946
vn 0.2942 0.5726 -0.7652
vn 0.2511 0.5003 -0.8287
vn 0.4379 0.8038 -0.4028
vn 0.2511 0.5003 -0.8286
vn 0.2943 0.5727 -0.7651
vn 0.2942 0.5727 -0.7652
vn 0.4611 0.8377 -0.2927
vn 0.4916 0.8677 0.0732
vn 0.3583 0.5883 0.7250
vn 0.3906 0.6505 0.6514
vn 0.4908 0.8713 -0.0020
vn 0.4733 0.8542 -0.2153
vn 0.4916 0.8677 0.0731
vn 0.4908 0.8712 -0.0021
vn 0.4908 0.8713 -0.0021
vn -0.4856 -0.8477 -0.2135
vn -0.4915 -0.8663 -0.0894
vn -0.4648 -0.7999 -0.3797
vn -0.4717 -0.8151 -0.3363
vn 0.0758 0.1989 -0.9771
vn 0.0668 0.1832 -0.9808
vn -0.0736 -0.0651 -0.9952
vn 0.2104 0.4313 -0.8773
vn 0.0759 0.1990 -0.9771
vn -0.4856 -0.8684 0.1002
vn -0.4901 -0.8714 0.0218
vn -0.4914 -0.8663 -0.0893
vn -0.4915 -0.8663 -0.0893
vn -0.4856 -0.8477 -0.2134
vn -0.2566 -0.3976 -0.8810
vn -0.2244 -0.3381 -0.9140
vn -0.4258 -0.7196 -0.5485
vn -0.4258 -0.7197 -0.5484
vn -0.4575 -0.7845 -0.4187
vn -0.2567 -0.3976 -0.8809
vn -0.4901 -0.8714 0.0217
vn 0.0122 0.0873 -0.9961
vn 0.0092 0.0819 -0.9966
vn -0.1049 -0.1213 -0.9871
vn 0.0122 0.0872 -0.9961
vn 0.4905 0.8714 -0.0126
vn 0.4078 0.7573 -0.5102
vn 0.4207 0.7776 -0.4672
vn 0.4208 0.7777 -0.4671
vn 0.4904 0.8714 -0.0123
vn 0.2279 0.4609 -0.8577
vn 0.0092 0.0820 -0.9966
vn 0.0123 0.0873 -0.9961
vn 0.2448 0.4896 -0.8368
vn 0.2279 0.4610 -0.8576
vn 0.2449 0.4897 -0.8368
vn 0.4208 0.7776 -0.4673
vn 0.4077 0.7573 -0.5102
vn 0.8455 -0.4649 0.2627
vn 0.8800 -0.4377 0.1844
vn 0.8740 -0.4416 0.2029
vn 0.8740 -0.4416 0.2030
vn 0.8298 -0.4693 0.3020
vn 0.8455 -0.4649 0.2628
vn 0.8284 -0.4557 0.3257
vn 0.7807 -0.4599 0.4231
vn 0.7518 -0.4422 0.4891
vn 0.8360 -0.4028 0.3726
vn 0.9090 -0.4157 -0.0291
vn 0.9107 -0.4121 -0.0290
vn 0.8284 -0.4557 0.3258
vn 0.8455 -0.4649 0.2626
vn 0.6494 -0.4280 0.6286
vn 0.6229 -0.4405 0.6465
vn 0.7518 -0.4422 0.4892
vn 0.7807 -0.4599 0.4232
vn 0.8156 -0.4493 -0.3646
vn 0.7979 -0.4637 -0.3850
vn 0.8586 -0.4324 -0.2753
vn 0.8696 -0.4307 -0.2415
vn 0.7084 -0.4464 -0.5467
vn 0.7615 -0.4568 -0.4598
vn 0.7898 -0.4408 -0.4265
vn 0.7820 -0.3811 -0.4932
vn 0.9107 -0.4121 -0.0291
vn 0.9090 -0.4157 -0.0292
vn 0.6440 -0.4477 -0.6203
vn 0.7615 -0.4568 -0.4599
vn 0.7083 -0.4464 -0.5468
vn 0.7980 -0.4637 -0.3850
vn 0.8156 -0.4492 -0.3646
vn 0.5903 -0.4709 -0.6556
vn -0.8450 0.4653 -0.2634
vn -0.8297 0.4694 -0.3020
vn -0.8746 0.4410 -0.2017
vn -0.8807 0.4372 -0.1824
vn -0.8450 0.4654 -0.2634
vn -0.8265 0.4568 -0.3290
vn -0.8347 0.3977 -0.3809
vn -0.7490 0.4418 -0.4938
vn -0.7805 0.4605 -0.4228
vn -0.8807 0.4373 -0.1824
vn -0.9109 0.4115 0.0289
vn -0.9090 0.4157 0.0289
vn -0.8449 0.4654 -0.2635
vn -0.6510 0.4274 -0.6273
vn -0.7489 0.4418 -0.4938
vn -0.6242 0.4402 -0.6454
vn -0.7805 0.4605 -0.4229
vn -0.8155 0.4492 0.3649
vn -0.8704 0.4302 0.2392
vn -0.8596 0.4316 0.2733
vn -0.7979 0.4637 0.3850
vn -0.7073 0.4460 0.5484
vn -0.7812 0.3764 0.4981
vn -0.7889 0.4404 0.4286
vn -0.7609 0.4569 0.4608
vn -0.7073 0.4461 0.5484
vn -0.9090 0.4157 0.0290
vn -0.9109 0.4115 0.0290
vn -0.8597 0.4316 0.2733
vn -0.8704 0.4302 0.2393
vn -0.6448 0.4482 0.6192
vn -0.7608 0.4569 0.4609
vn -0.5910 0.4719 0.6542
vn -0.3697 -0.7458 -0.5542
vn -0.3624 -0.7404 -0.5661
vn -0.4340 -0.8279 -0.3553
vn -0.4416 -0.8358 -0.3263
vn 0.4225 0.8138 0.3990
vn 0.3045 0.6635 0.6834
vn 0.3193 0.6753 0.6649
vn 0.4323 0.8219 0.3709
vn 0.4226 0.8138 0.3990
vn 0.1992 0.5305 0.8239
vn 0.4060 0.7803 0.4757
vn 0.3608 0.7389 0.5691
vn 0.2084 0.5352 0.8186
vn 0.1996 0.5303 0.8240
vn 0.4061 0.7803 0.4757
vn 0.5309 0.8452 0.0608
vn 0.5226 0.8508 0.0547
vn -0.4416 -0.8358 -0.3262
vn -0.4710 -0.8822 -0.0033
vn -0.4710 -0.8821 -0.0033
vn -0.4709 -0.8822 -0.0034
vn -0.4416 -0.8358 -0.3261
vn 0.4697 0.8828 0.0033
vn 0.4323 0.8219 0.3708
vn 0.4324 0.8219 0.3709
vn 0.4708 0.8822 0.0034
vn 0.4697 0.8828 0.0034
vn -0.2759 -0.6328 -0.7235
vn -0.2434 -0.5956 -0.7655
vn 0.3044 0.6635 0.6835
vn 0.2084 0.5353 0.8186
vn 0.3192 0.6752 0.6650
vn 0.3044 0.6634 0.6835
vn 0.5451 0.8345 0.0808
vn 0.5406 0.8375 0.0796
vn -0.1288 -0.4616 -0.8777
vn -0.1409 -0.4692 -0.8718
vn -0.1076 -0.4412 -0.8910
vn -0.1075 -0.4412 -0.8910
vn -0.1040 -0.4421 -0.8909
vn -0.1288 -0.4615 -0.8777
vn -0.2758 -0.6327 -0.7236
vn 0.2912 0.6939 -0.6586
vn 0.2746 0.6795 -0.6804
vn 0.4051 0.8260 -0.3918
vn 0.4051 0.8261 -0.3917
vn 0.4154 0.8338 -0.3637
vn 0.2912 0.6939 -0.6585
vn -0.4194 -0.8400 0.3443
vn -0.3400 -0.7589 0.5554
vn -0.3500 -0.7655 0.5400
vn -0.4286 -0.8480 0.3117
vn 0.3918 0.7971 -0.4594
vn 0.3282 0.7417 -0.5850
vn 0.5176 0.8535 -0.0605
vn 0.5234 0.8498 -0.0625
vn 0.1646 0.5497 -0.8190
vn 0.1758 0.5568 -0.8118
vn 0.3282 0.7416 -0.5850
vn 0.3283 0.7416 -0.5850
vn 0.4154 0.8338 -0.3636
vn 0.4697 0.8828 0.0032
vn 0.4708 0.8822 0.0033
vn -0.4710 -0.8821 -0.0032
vn -0.4194 -0.8400 0.3442
vn -0.4287 -0.8480 0.3116
vn -0.4709 -0.8822 -0.0033
vn -0.2205 -0.6399 0.7361
vn -0.0875 -0.5072 0.8574
vn -0.1050 -0.5211 0.8470
vn -0.2509 -0.6667 0.7018
vn 0.2911 0.6939 -0.6586
vn 0.1758 0.5568 -0.8119
vn 0.2746 0.6794 -0.6804
vn -0.2206 -0.6400 0.7361
vn -0.2509 -0.6668 0.7018
vn -0.2510 -0.6668 0.7018
vn -0.3400 -0.7590 0.5553
vn -0.0515 -0.4688 0.8818
vn -0.0531 -0.4683 0.8820
vn -0.0875 -0.5071 0.8574
vn 0.5295 0.8453 -0.0715
vn 0.5323 0.8435 -0.0723
vn 0.5295 0.8453 -0.0714
vn 0.3479 -0.8975 0.2710
vn 0.3857 -0.9222 -0.0294
vn 0.3806 -0.8989 0.2170
vn 0.4132 -0.9102 -0.0296
vn -0.3479 0.8975 -0.2710
vn -0.3806 0.8989 -0.2170
vn -0.3857 0.9222 0.0294
vn -0.4132 0.9102 0.0296
vn 0.7603 0.3487 -0.5480
vn 0.7603 0.3488 -0.5480
vn 0.3717 -0.8869 -0.2741
vn 0.3857 -0.9222 -0.0295
vn 0.3370 -0.8830 -0.3267
vn 0.4132 -0.9102 -0.0297
vn 0.3717 -0.8870 -0.2741
vn -0.3717 0.8869 0.2741
vn -0.3370 0.8830 0.3267
vn -0.3857 0.9222 0.0295
vn -0.4132 0.9102 0.0297
vn -0.7372 -0.3398 0.5840
vn -0.6098 -0.2893 0.7379
vn -0.6097 -0.2893 0.7379
vn -0.7712 -0.3529 0.5298
vn -0.7371 -0.3398 0.5841
vn 0.7800 0.3223 0.5364
vn 0.7800 0.3224 0.5364
vn -0.9167 -0.3995 0.0070
vn -0.7372 -0.3399 0.5839
vn -0.7713 -0.3530 0.5297
vn -0.9167 -0.3994 0.0070
vn -0.9167 -0.3995 0.0069
vn -0.6363 -0.2536 -0.7285
vn -0.7581 -0.3117 -0.5729
vn -0.7581 -0.3117 -0.5728
vn -0.7902 -0.3275 -0.5180
vn -0.6363 -0.2536 -0.7286
vn -0.7903 -0.3275 -0.5179
vn -0.7582 -0.3117 -0.5727
vn -0.9167 -0.3994 0.0069
vn -0.9167 -0.3995 0.0068
vn -0.9167 -0.3994 0.0068
vn 0.2785 -0.7308 -0.6231
vn 0.4680 -0.5712 -0.6744
vn 0.1943 -0.3130 -0.9297
vn -0.1691 0.2687 0.9483
vn 0.1814 -0.1345 0.9742
vn -0.1521 0.1505 -0.9768
vn -0.1507 0.1496 -0.9772
vn -0.6511 0.4336 0.6229
vn -0.1058 -0.0868 -0.9906
vn -0.3967 0.2627 -0.8795
vn -0.2082 -0.1300 -0.9694
vn 0.6718 -0.7028 -0.2340
vn 0.8065 -0.5254 -0.2712
vn 0.3723 -0.5389 -0.7556
vn -0.5308 0.5563 0.6393
vn -0.1367 0.8967 0.4209
vn -0.2510 0.2879 0.9242
vn -0.1665 0.1796 0.9696
vn 0.1682 -0.1818 0.9688
vn -0.1664 0.1795 0.9696
vn 0.1975 -0.1733 0.9649
vn 0.6607 -0.7128 0.2353
vn 0.6718 -0.7028 -0.2339
vn 0.1683 -0.1818 0.9688
vn 0.1975 -0.1734 0.9648
vn 0.4793 -0.5030 0.7192
vn 0.2722 -0.5753 0.7714
vn -0.6124 0.6191 -0.4917
vn -0.3967 0.2628 -0.8795
vn -0.6808 0.7295 0.0665
vn -0.1428 0.9895 0.0212
vn -0.6807 0.7295 0.0665
vn -0.6807 0.7295 0.0666
vn -0.1428 0.9895 0.0211
vn -0.5309 0.5564 0.6392
vn -0.6808 0.7295 0.0666
vn -0.5762 0.4995 0.6469
vn -0.5971 0.4784 0.6440
vn -0.7778 0.6239 0.0765
vn -0.7778 0.6239 0.0764
vn -0.7521 0.6548 0.0747
vn -0.5553 0.5438 0.6292
vn -0.4613 0.6318 0.6229
vn -0.6342 0.7664 0.1019
vn -0.7254 0.6829 0.0866
vn 0.7360 -0.6309 -0.2455
vn 0.6486 -0.7250 0.2317
vn 0.6485 -0.7250 0.2318
vn 0.4793 -0.5031 0.7191
vn 0.6607 -0.7128 0.2354
vn 0.6486 -0.7250 0.2319
vn 0.2722 -0.5753 0.7713
vn -0.2756 0.1611 0.9477
vn -0.2149 0.1583 0.9637
vn 0.0367 -0.1908 0.9809
vn -0.0503 -0.0944 0.9943
vn -0.4971 0.2210 -0.8391
vn -0.6738 0.5474 -0.4963
vn -0.7085 0.5249 -0.4716
vn -0.7085 0.5249 -0.4717
vn -0.5513 0.3054 -0.7764
vn -0.6738 0.5475 -0.4962
vn -0.7521 0.6548 0.0746
vn -0.7778 0.6239 0.0763
vn -0.7085 0.5250 -0.4716
vn -0.5002 0.0943 -0.8607
vn -0.6443 -0.1684 -0.7460
vn -0.4079 -0.1968 -0.8916
vn -0.4141 0.1435 -0.8988
vn -0.5970 0.4783 0.6440
vn -0.2150 0.1584 0.9637
vn -0.2150 0.1583 0.9637
vn -0.2757 0.1612 0.9476
vn -0.0167 -0.0190 0.9997
vn -0.0520 0.0635 0.9966
vn -0.0503 -0.0945 0.9943
vn -0.0605 -0.2476 0.9670
vn -0.0167 -0.0191 0.9997
vn 0.0048 0.2878 0.9577
vn -0.0552 0.3153 0.9474
vn -0.0519 0.0635 0.9966
vn -0.2754 0.9539 0.1193
vn -0.4755 0.8745 0.0953
vn -0.2761 0.6952 0.6636
vn -0.2761 0.6952 0.6637
vn -0.1164 0.7118 0.6926
vn -0.2762 0.6951 0.6637
vn -0.2098 0.3424 0.9158
vn -0.6342 0.7664 0.1020
vn -0.4613 0.6319 0.6229
vn -0.4613 0.6319 0.6228
vn -0.2762 0.6952 0.6636
vn -0.4756 0.8745 0.0953
vn 0.0048 0.2879 0.9577
vn -0.1164 0.7118 0.6927
vn -0.6098 0.6667 -0.4285
vn -0.6839 0.5838 -0.4375
vn -0.7254 0.6828 0.0865
vn -0.6343 0.7664 0.1019
vn -0.4451 0.7637 -0.4676
vn -0.4755 0.8745 0.0952
vn -0.2755 0.9539 0.1192
vn -0.2755 0.9539 0.1193
vn -0.2493 0.8012 -0.5440
vn -0.3339 0.5105 -0.7924
vn -0.4302 0.4890 -0.7588
vn -0.4303 0.4890 -0.7588
vn -0.6097 0.6667 -0.4286
vn -0.4451 0.7636 -0.4677
vn -0.6342 0.7664 0.1018
vn -0.4756 0.8745 0.0952
vn -0.6097 0.6668 -0.4285
vn -0.2493 0.8011 -0.5441
vn -0.2751 0.5333 -0.8000
vn -0.3338 0.5105 -0.7924
vn -0.4451 0.7637 -0.4677
vn -0.3534 0.3368 -0.8728
vn -0.3338 0.5105 -0.7925
vn -0.4116 0.3523 -0.8405
vn -0.3533 0.3368 -0.8728
vn -0.3534 0.3367 -0.8728
vn -0.5002 0.0944 -0.8607
vn -0.6839 0.5837 -0.4376
vn -0.5050 0.4003 -0.7647
vn -0.7254 0.6829 0.0865
vn -0.6840 0.5838 -0.4375
vn -0.7086 0.5250 -0.4715
vn -0.7086 0.5250 -0.4716
vn -0.4011 -0.0035 -0.9160
vn -0.4970 0.2209 -0.8392
vn -0.4970 0.2209 -0.8391
vn -0.5512 0.3054 -0.7765
vn -0.5970 0.4784 0.6440
vn -0.7254 0.6828 0.0866
vn -0.5552 0.5438 0.6293
vn -0.2757 0.1612 0.9477
vn -0.2685 0.2403 0.9328
vn -0.5553 0.5438 0.6293
vn 0.0367 -0.1909 0.9809
vn 0.0242 -0.4022 0.9152
vn -0.0604 -0.2477 0.9670
vn -0.0604 -0.2476 0.9670
vn -0.0502 -0.0945 0.9943
vn -0.5050 0.4002 -0.7647
vn -0.4141 0.1436 -0.8988
vn -0.5049 0.4003 -0.7647
vn -0.4302 0.4889 -0.7589
vn -0.3533 0.3367 -0.8728
vn -0.6098 0.6667 -0.4286
vn -0.0552 0.3152 0.9474
vn -0.2097 0.3423 0.9159
vn -0.2097 0.3424 0.9159
vn -0.2684 0.2403 0.9329
vn 0.0874 -0.1059 0.9905
vn -0.6738 0.5475 -0.4963
vn -0.4970 0.2210 -0.8391
vn -0.3968 0.2628 -0.8795
vn -0.6124 0.6190 -0.4917
vn -0.6124 0.6191 -0.4916
vn -0.6123 0.6192 -0.4916
vn -0.7521 0.6548 0.0748
vn -0.5762 0.4994 0.6470
vn -0.5309 0.5563 0.6393
vn -0.1665 0.1795 0.9696
vn -0.5762 0.4995 0.6470
vn -0.2082 -0.1299 -0.9694
vn -0.3967 0.2627 -0.8796
vn 0.1683 -0.1817 0.9688
vn 0.0242 -0.4022 0.9153
vn 0.3724 -0.5389 -0.7556
vn 0.4009 -0.5206 -0.7539
vn 0.7360 -0.6308 -0.2456
vn 0.7360 -0.6309 -0.2456
vn 0.6718 -0.7028 -0.2341
vn 0.4008 -0.5206 -0.7539
vn -0.1057 -0.0869 -0.9906
vn 0.4008 -0.5205 -0.7539
vn -0.2472 -0.5737 0.7809
vn 0.0243 -0.4022 0.9152
vn 0.2721 -0.5753 0.7714
vn 0.5553 -0.7904 0.2587
vn 0.5553 -0.7905 0.2586
vn 0.6485 -0.7251 0.2318
vn 0.7630 -0.5899 -0.2642
vn 0.5553 -0.7904 0.2586
vn 0.4009 -0.5205 -0.7539
vn 0.6723 -0.6349 -0.3807
vn 0.7629 -0.5900 -0.2643
vn 0.7630 -0.5899 -0.2643
vn -0.1697 -0.6332 -0.7552
vn -0.4078 -0.1969 -0.8916
vn -0.1697 -0.6331 -0.7552
vn -0.2083 -0.1300 -0.9694
vn -0.4078 -0.1968 -0.8916
vn -0.4011 -0.0036 -0.9160
vn 0.8197 -0.5075 0.2656
vn 0.4793 -0.5031 0.7192
vn -0.2509 0.2879 0.9242
vn 0.0873 -0.1058 0.9905
vn -0.1704 0.1094 -0.9793
vn 0.2060 0.4376 -0.8753
vn -0.2097 0.3424 0.9158
vn -0.6443 -0.1685 -0.7460
vn -0.1698 -0.6332 -0.7552
vn -0.4079 -0.1969 -0.8916
vn -0.6444 -0.1685 -0.7459
vn -0.7757 -0.4291 -0.4628
vt 0.232804 0.285959
vt 0.233249 0.281162
vt 0.245889 0.287458
vt 0.245491 0.292637
vt 0.129794 0.274021
vt 0.113170 0.230750
vt 0.128603 0.228679
vt 0.098276 0.232012
vt 0.115737 0.284350
vt 0.100474 0.289412
vt 0.206261 0.261995
vt 0.220099 0.228677
vt 0.219571 0.271866
vt 0.192462 0.225234
vt 0.206502 0.226908
vt 0.192593 0.254006
vt 0.144867 0.226408
vt 0.161103 0.225033
vt 0.161380 0.253642
vt 0.146780 0.261237
vt 0.246691 0.231488
vt 0.234212 0.230329
vt 0.260086 0.232012
vt 0.260238 0.289412
vt 0.176549 0.250955
vt 0.176549 0.224758
vt 0.116469 0.289257
vt 0.100674 0.295192
vt 0.260628 0.295192
vt 0.130008 0.278403
vt 0.205857 0.265667
vt 0.219147 0.276148
vt 0.192509 0.257178
vt 0.147030 0.264799
vt 0.176549 0.253833
vt 0.161520 0.256708
vt 0.229911 0.312206
vt 0.229816 0.309247
vt 0.241803 0.316105
vt 0.241821 0.318703
vt 0.121986 0.314179
vt 0.108337 0.322008
vt 0.107122 0.319695
vt 0.121786 0.311365
vt 0.256696 0.319695
vt 0.255804 0.322008
vt 0.133280 0.304538
vt 0.134233 0.299056
vt 0.204434 0.292763
vt 0.205333 0.288347
vt 0.218283 0.299678
vt 0.217480 0.302760
vt 0.191645 0.284902
vt 0.189550 0.276975
vt 0.148583 0.291582
vt 0.150429 0.282282
vt 0.176549 0.281019
vt 0.174375 0.271892
vt 0.162085 0.283883
vt 0.162504 0.274731
vt 0.030516 0.317535
vt 0.035830 0.318158
vt 0.035081 0.321500
vt 0.029857 0.322004
vt 0.034560 0.329543
vt 0.036348 0.324094
vt 0.039072 0.325304
vt 0.039072 0.330676
vt 0.030411 0.312002
vt 0.022108 0.313688
vt 0.022606 0.320831
vt 0.034437 0.294313
vt 0.039072 0.293599
vt 0.039072 0.315734
vt 0.005163 0.301490
vt 0.014704 0.302373
vt 0.012926 0.307556
vt 0.004043 0.307556
vt 0.031406 0.326564
vt 0.016112 0.312324
vt 0.013752 0.320303
vt 0.020966 0.300438
vt 0.020705 0.294210
vt 0.030559 0.296959
vt 0.007285 0.315541
vt 0.009738 0.296153
vt 0.028162 0.301938
vt 0.027730 0.307218
vt 0.035015 0.076639
vt 0.035015 0.061102
vt 0.038139 0.061102
vt 0.038139 0.076639
vt 0.039090 0.078187
vt 0.032083 0.078187
vt 0.032083 0.057070
vt 0.039090 0.057070
vt 0.038139 0.029353
vt 0.035015 0.029353
vt 0.035015 0.013125
vt 0.038139 0.013125
vt 0.032922 0.094615
vt 0.036046 0.094615
vt 0.036046 0.115435
vt 0.032922 0.115435
vt 0.014049 0.060746
vt 0.014049 0.063976
vt 0.013020 0.063976
vt 0.013020 0.060746
vt 0.032083 0.032766
vt 0.039090 0.032766
vt 0.025469 0.061715
vt 0.025469 0.067095
vt 0.022345 0.067095
vt 0.022345 0.061715
vt 0.013020 0.068511
vt 0.014049 0.068511
vt 0.014049 0.070611
vt 0.013020 0.070611
vt 0.036046 0.017674
vt 0.036046 0.032418
vt 0.032922 0.032418
vt 0.032922 0.017674
vt 0.035015 0.044434
vt 0.038139 0.044434
vt 0.032083 0.096517
vt 0.039090 0.096517
vt 0.032922 0.073037
vt 0.036046 0.073037
vt 0.014049 0.066321
vt 0.013020 0.066321
vt 0.012821 0.048841
vt 0.012821 0.060583
vt 0.009697 0.060583
vt 0.009697 0.048841
vt 0.036046 0.053340
vt 0.032922 0.053340
vt 0.009697 0.081324
vt 0.009697 0.073306
vt 0.012821 0.073306
vt 0.012821 0.081324
vt 0.014049 0.073129
vt 0.013020 0.073129
vt 0.014049 0.075954
vt 0.013020 0.075954
vt 0.023836 0.067567
vt 0.024866 0.067567
vt 0.024866 0.069669
vt 0.023836 0.069669
vt 0.024866 0.065540
vt 0.023836 0.065540
vt 0.025469 0.072491
vt 0.022345 0.072491
vt 0.032083 0.115844
vt 0.039090 0.115844
vt 0.112745 0.181771
vt 0.118910 0.177894
vt 0.112782 0.166736
vt 0.103892 0.171781
vt 0.107959 0.187324
vt 0.096285 0.177105
vt 0.097537 0.193918
vt 0.104004 0.193716
vt 0.125462 0.176671
vt 0.125462 0.164869
vt 0.090263 0.185483
vt 0.084966 0.194181
vt 0.013218 0.053295
vt 0.011857 0.053295
vt 0.011857 0.046302
vt 0.013218 0.046302
vt 0.038311 0.050385
vt 0.038311 0.071834
vt 0.032165 0.071834
vt 0.032165 0.050385
vt 0.038311 0.093493
vt 0.038311 0.115411
vt 0.032165 0.115411
vt 0.032165 0.093493
vt 0.011781 0.109572
vt 0.011781 0.113776
vt 0.010415 0.113776
vt 0.010415 0.109572
vt 0.011857 0.038010
vt 0.013218 0.038010
vt 0.038311 0.031259
vt 0.032165 0.031259
vt 0.013218 0.059698
vt 0.011857 0.059698
vt 0.011781 0.121980
vt 0.010415 0.121980
vt 0.011857 0.066780
vt 0.013218 0.066780
vt 0.013218 0.073623
vt 0.011857 0.073623
vt 0.023733 0.280490
vt 0.004379 0.291575
vt 0.015354 0.272172
vt 0.004379 0.268845
vt 0.012052 0.070927
vt 0.012052 0.067642
vt 0.012355 0.067642
vt 0.012355 0.070927
vt 0.012199 0.073740
vt 0.012199 0.071857
vt 0.012519 0.071857
vt 0.012519 0.073740
vt 0.012199 0.075571
vt 0.012519 0.075571
vt 0.366612 0.060127
vt 0.384570 0.057177
vt 0.365985 0.070985
vt 0.336691 0.059140
vt 0.339823 0.038263
vt 0.357541 0.035599
vt 0.355398 0.060283
vt 0.442216 0.045305
vt 0.440608 0.009808
vt 0.454921 0.018355
vt 0.457481 0.052351
vt 0.473101 0.062819
vt 0.473262 0.055213
vt 0.501663 0.059112
vt 0.498447 0.043284
vt 0.513898 0.038263
vt 0.519410 0.059140
vt 0.487248 0.058332
vt 0.487079 0.069893
vt 0.405343 0.045842
vt 0.391724 0.015683
vt 0.407782 0.008198
vt 0.424227 0.040760
vt 0.424483 0.005261
vt 0.441460 0.059265
vt 0.440515 0.074086
vt 0.423140 0.072364
vt 0.423709 0.056757
vt 0.439563 0.087391
vt 0.439252 0.101446
vt 0.422444 0.101015
vt 0.422919 0.086207
vt 0.521851 0.065490
vt 0.503344 0.068837
vt 0.453641 0.078005
vt 0.455906 0.064480
vt 0.471650 0.072178
vt 0.468013 0.084582
vt 0.385529 0.068496
vt 0.404520 0.059968
vt 0.403700 0.075882
vt 0.388331 0.083241
vt 0.364986 0.099157
vt 0.358288 0.087098
vt 0.363120 0.081859
vt 0.374802 0.092134
vt 0.472007 0.104235
vt 0.461923 0.097637
vt 0.479951 0.090567
vt 0.457738 0.119126
vt 0.452575 0.108829
vt 0.422423 0.127282
vt 0.422026 0.114015
vt 0.439715 0.114452
vt 0.441771 0.126460
vt 0.449816 0.100425
vt 0.402524 0.102807
vt 0.403129 0.090122
vt 0.401106 0.115483
vt 0.398547 0.129656
vt 0.390496 0.112405
vt 0.391443 0.104203
vt 0.384923 0.122287
vt 0.381680 0.103588
vt 0.372992 0.110677
vt 0.390403 0.096636
vt 0.368586 0.078284
vt 0.451294 0.091333
vt 0.484474 0.078324
vt 0.470134 0.029342
vt 0.484904 0.038890
vt 0.355068 0.070096
vt 0.335700 0.065490
vt 0.490707 0.081709
vt 0.504130 0.073551
vt 0.523087 0.068365
vt 0.354935 0.074618
vt 0.335215 0.068365
vt 0.371989 0.027704
vt 0.353819 0.079027
s 534
g 左腕
g 肌.001_Материал.020
usemtl Материал.020
f 1602/209/710 1601/210/711 1600/211/712
s 535
f 1605/212/713 1604/213/714 1603/214/84
s 536
f 1608/214/84 1607/215/715 1606/212/713
s 537
g 左腕捩1
f 1611/216/716 1610/217/717 1609/218/718
s 538
g 左腕
f 1614/218/718 1613/219/719 1612/216/716
s 539
f 1617/220/720 1616/219/721 1615/221/722
s 540
f 1620/222/723 1619/223/85 1618/224/714
s 541
f 1623/224/714 1622/225/724 1621/222/723
s 542
f 1626/220/725 1625/221/726 1624/226/727
s 543
f 1629/226/727 1628/227/728 1627/220/725
s 544
f 1632/228/729 1631/210/730 1630/229/100
s 545
g 左腕捩1
f 1635/229/100 1634/230/113 1633/228/729
s 546
f 1638/231/731 1637/228/729 1636/230/113
s 547
f 1641/230/113 1640/232/732 1639/231/733
s 548
f 1644/231/734 1643/232/735 1642/217/97
s 549
f 1647/217/97 1646/216/736 1645/231/737
s 550
g 左腕
f 1650/233/738 1649/234/739 1648/235/740
s 551
f 1653/235/741 1652/236/742 1651/233/738
s 552
g 左肩
f 1656/237/743 1655/238/744 1654/239/745
s 553
f 1659/239/745 1658/240/746 1657/237/743
s 554
g 左腕
f 1662/225/724 1661/241/747 1660/242/748
s 555
f 1665/242/749 1664/222/723 1663/225/724
s 556
f 1668/226/750 1667/222/751 1666/242/749
s 557
f 1671/242/752 1670/227/753 1669/226/727
s 558
f 1674/243/754 1673/244/755 1672/245/756
s 559
g 左肩
f 1677/245/756 1676/246/757 1675/243/754
s 560
g 左腕
f 1680/247/758 1679/248/759 1678/249/760
s 561
f 1683/249/761 1682/250/762 1681/247/758
s 562
f 1686/248/763 1685/236/764 1684/235/741
s 563
f 1689/235/765 1688/249/766 1687/248/763
s 564
g 左肩
f 1692/251/767 1691/252/768 1690/253/769
s 565
f 1695/253/769 1694/254/770 1693/251/767
s 566
g 左腕
f 1698/234/771 1697/233/738 1696/244/772
s 567
f 1701/244/773 1700/243/774 1699/234/771
s 568
g 左肩
f 1704/255/775 1703/256/776 1702/246/757
s 569
f 1707/246/777 1706/257/778 1705/255/779
s 570
f 1710/258/780 1709/259/781 1708/256/776
s 571
f 1713/256/782 1712/255/775 1711/258/780
s 572
f 1716/260/783 1715/261/784 1714/262/785
s 573
f 1719/262/786 1718/263/787 1717/260/783
s 574
f 1722/262/788 1721/238/744 1720/264/789
s 575
f 1725/261/784 1724/239/790 1723/238/791
s 576
f 1728/238/792 1727/262/793 1726/261/794
s 577
f 1731/259/781 1730/258/795 1729/263/796
s 578
f 1734/263/796 1733/262/786 1732/259/781
s 579
f 1737/239/745 1736/265/797 1735/266/798
s 580
f 1740/266/798 1739/240/799 1738/239/800
s 581
f 1743/267/801 1742/261/802 1741/260/803
s 582
f 1746/260/804 1745/268/805 1744/267/801
s 583
f 1749/267/801 1748/269/806 1747/270/807
s 584
f 1752/270/808 1751/265/809 1750/267/810
s 585
f 1755/265/797 1754/239/811 1753/261/812
s 586
f 1758/261/794 1757/267/801 1756/265/813
s 587
f 1761/268/814 1760/271/815 1759/269/816
s 588
f 1764/269/816 1763/267/817 1762/268/814
s 589
f 1767/272/818 1766/269/819 1765/271/815
s 590
f 1770/271/815 1769/273/820 1768/272/821
s 591
f 1773/254/770 1772/272/822 1771/273/820
s 592
f 1776/273/820 1775/251/823 1774/254/770
s 593
f 1779/250/762 1778/249/760 1777/266/824
s 594
f 1782/266/824 1781/274/825 1780/250/762
s 595
f 1785/240/826 1784/266/827 1783/249/828
s 596
g 左腕
f 1788/249/829 1787/235/765 1786/240/799
s 597
g 左肩
f 1791/254/770 1790/275/830 1789/247/831
s 598
f 1794/247/832 1793/250/833 1792/254/770
s 599
f 1797/234/834 1796/237/743 1795/240/746
s 600
g 左腕
f 1800/240/835 1799/235/741 1798/234/739
s 601
g 左肩
f 1803/237/836 1802/234/771 1801/243/837
s 602
f 1806/243/774 1805/276/838 1804/237/839
s 603
f 1809/245/840 1808/277/841 1807/257/842
s 604
f 1812/257/843 1811/246/844 1810/245/756
s 605
f 1815/274/845 1814/272/821 1813/254/846
s 606
f 1818/254/846 1817/250/833 1816/274/845
s 607
f 1821/272/822 1820/274/847 1819/270/848
s 608
f 1824/270/848 1823/269/819 1822/272/849
s 609
f 1827/265/809 1826/270/808 1825/274/825
s 610
f 1830/274/825 1829/266/824 1828/265/850
s 611
f 1833/237/839 1832/276/838 1831/264/789
s 612
f 1836/264/789 1835/238/744 1834/237/836
s 613
f 1839/256/776 1838/259/851 1837/264/852
s 614
f 1842/264/853 1841/276/854 1840/256/776
s 615
f 1845/243/754 1844/246/757 1843/256/782
s 616
f 1848/256/776 1847/276/854 1846/243/754
s 617
g 左腕
f 1851/221/726 1850/278/855 1849/279/73
s 618
f 1854/279/73 1853/226/727 1852/221/726
s 619
f 1857/248/856 1856/247/857 1855/210/858
s 620
f 1860/210/730 1859/228/859 1858/248/856
s 621
f 1863/236/742 1862/248/763 1861/228/860
s 622
f 1866/228/861 1865/231/731 1864/236/764
s 623
f 1869/216/736 1868/233/738 1867/236/862
s 624
f 1872/236/742 1871/231/737 1870/216/736
s 625
f 1875/233/863 1874/216/864 1873/219/865
s 626
f 1878/219/865 1877/244/772 1876/233/866
s 627
f 1881/247/831 1880/275/830 1879/211/867
s 628
f 1884/211/867 1883/210/868 1882/247/831
s 629
f 1887/220/725 1886/245/756 1885/244/755
s 630
f 1890/244/755 1889/219/721 1888/220/869
s 631
f 1893/227/728 1892/245/840 1891/220/725
s 632
f 1896/277/870 1895/245/840 1894/227/728
s 633
f 1899/215/871 1898/280/872 1897/281/873
s 634
f 1902/281/874 1901/212/875 1900/215/715
s 635
f 1905/280/876 1904/215/715 1903/209/877
s 636
f 1908/209/877 1907/211/712 1906/280/878
s 637
g 左肩
f 1911/282/879 1910/257/842 1909/277/880
s 638
g 左腕
f 1914/282/879 1913/277/880 1912/227/881
s 639
f 1917/283/882 1916/282/879 1915/227/753
s 640
f 1920/227/753 1919/242/749 1918/283/882
s 641
f 1923/283/883 1922/242/884 1921/241/747
s 642
f 1926/241/873 1925/284/885 1924/283/886
s 643
f 1929/280/887 1928/285/888 1927/286/889
s 644
f 1932/286/890 1931/281/873 1930/280/878
s 645
f 1935/285/891 1934/280/876 1933/211/712
s 646
g 左肩
f 1938/253/892 1937/285/893 1936/211/712
s 647
f 1941/275/830 1940/253/769 1939/211/894
s 648
f 1944/254/770 1943/253/895 1942/275/896
s 649
g 左腕
f 1947/223/897 1946/222/751 1945/226/750
s 650
f 1950/226/898 1949/279/73 1948/223/77
s 651
g 左腕捩1
f 1953/219/721 1952/218/899 1951/278/900
s 652
g 左腕
f 1956/278/900 1955/221/722 1954/219/721
s 653
f 1959/210/711 1958/209/710 1957/287/92
s 654
g 左腕捩1
f 1962/287/92 1961/229/901 1960/210/711
s 655
g 左腕
f 1965/214/84 1964/287/902 1963/209/877
s 656
f 1968/209/877 1967/215/871 1966/214/84
s 657
g 左肩
f 1971/259/781 1970/262/786 1969/264/903
s 658
f 1974/252/904 1973/285/905 1972/253/906
s 1
g 左腕捩1
g 肌.001_Material.002
usemtl Material.002
f 3/1/1 2/2/2 1/3/3
s 2
f 6/3/3 5/4/4 4/1/1
s 3
g 左腕捩
f 9/5/5 8/6/6 7/7/7
s 4
f 12/8/8 11/6/9 10/9/10
s 5
g 左腕捩1
f 15/9/11 14/10/12 13/8/8
s 6
g 左腕捩2
f 18/11/13 17/12/14 16/13/15
s 7
g 左腕捩
f 21/14/16 20/15/17 19/16/18
s 8
f 24/17/19 23/18/20 22/19/21
s 9
g 左腕捩2
f 27/19/21 26/20/22 25/17/19
s 10
g 左腕捩1
f 30/21/23 29/3/3 28/2/24
s 11
g 左腕捩
f 33/2/24 32/22/25 31/21/23
s 12
g 左腕捩1
f 36/23/26 35/24/12 34/3/27
s 13
g 左腕捩
f 39/3/27 38/21/23 37/23/28
s 14
g 左腕捩1
f 42/22/29 41/2/30 40/13/31
s 15
g 左腕捩
f 45/13/32 44/12/33 43/22/34
s 16
g 左腕捩2
f 48/14/35 47/16/18 46/25/36
s 17
g 左腕捩
f 51/25/37 50/26/38 49/14/35
s 18
g 左腕捩1
f 54/27/39 53/28/40 52/10/41
s 19
f 57/10/41 56/9/10 55/27/39
s 20
f 60/24/41 59/29/42 58/4/43
s 21
f 63/4/43 62/3/44 61/24/45
s 22
f 66/9/46 65/5/47 64/30/48
s 23
f 69/30/48 68/27/39 67/9/10
s 24
g 左腕捩2
f 72/31/49 71/11/50 70/13/15
s 25
f 75/13/51 74/32/52 73/31/49
s 26
f 78/11/53 77/31/54 76/33/55
s 27
f 81/33/55 80/16/56 79/11/57
s 28
g 左腕捩1
f 84/34/58 83/30/59 82/5/60
s 29
g 左腕捩2
f 87/5/60 86/20/22 85/34/61
s 30
g 左腕捩1
f 90/32/62 89/13/31 88/2/2
s 31
f 93/2/30 92/1/1 91/32/63
s 32
g 左腕捩2
f 96/16/64 95/33/65 94/35/66
s 33
f 99/35/67 98/25/36 97/16/56
s 34
f 102/20/68 101/19/21 100/36/69
s 35
f 105/36/70 104/34/71 103/20/72
s 36
g 左腕
f 108/37/73 107/38/74 106/39/75
s 37
f 111/39/76 110/40/77 109/37/78
s 38
f 114/41/79 113/42/80 112/43/81
s 39
f 117/43/82 116/44/83 115/41/84
s 40
f 120/40/85 119/39/75 118/45/86
s 41
f 123/45/86 122/46/87 121/40/85
s 42
g 左腕捩1
f 126/47/88 125/41/79 124/44/89
s 43
f 129/44/90 128/48/91 127/47/92
s 44
f 132/49/93 131/50/94 130/51/95
s 45
f 135/51/95 134/52/96 133/49/93
s 46
f 138/53/97 137/54/98 136/50/99
s 47
f 141/50/94 140/49/93 139/53/97
s 48
f 144/55/100 143/47/101 142/48/102
s 49
f 147/48/102 146/56/103 145/55/104
s 50
f 150/52/105 149/51/106 148/38/107
s 51
f 153/38/108 152/37/73 151/52/105
s 52
f 156/57/109 155/58/110 154/54/98
s 53
f 159/54/98 158/53/111 157/57/112
s 54
f 162/59/113 161/55/100 160/56/114
s 55
f 165/56/103 164/60/115 163/59/113
s 56
f 168/57/112 167/59/113 166/60/115
s 57
f 171/60/115 170/58/116 169/57/109
s 58
g 左腕捩2
f 174/5/117 173/7/118 172/20/117
s 59
f 177/25/36 176/35/119 175/36/70
s 60
f 180/36/70 179/19/120 178/25/36
s 61
g 左腕捩
f 183/18/121 182/26/38 181/25/36
s 62
g 左腕捩2
f 186/25/37 185/19/122 184/18/121
s 63
g 左腕捩1
f 189/27/123 188/30/48 187/48/124
s 64
f 192/48/124 191/44/125 190/27/39
s 65
f 195/44/126 194/43/127 193/28/128
s 66
f 198/28/128 197/27/123 196/44/89
s 67
f 201/29/129 200/45/86 199/39/130
s 68
f 204/39/130 203/4/131 202/29/129
s 69
f 207/38/107 206/1/132 205/4/133
s 70
f 210/4/4 209/39/134 208/38/107
s 71
f 213/51/135 212/32/136 211/1/137
s 72
f 216/1/137 215/38/108 214/51/135
s 73
f 219/50/138 218/31/139 217/32/52
s 74
f 222/32/52 221/51/140 220/50/138
s 75
f 225/31/54 224/50/141 223/54/142
s 76
g 左腕捩2
f 228/54/142 227/33/143 226/31/54
s 77
g 左腕捩1
f 231/33/144 230/54/142 229/58/145
s 78
g 左腕捩2
f 234/58/145 233/35/66 232/33/144
s 79
f 237/36/70 236/35/119 235/58/146
s 80
g 左腕捩1
f 240/58/146 239/60/147 238/36/70
s 81
g 左腕捩2
f 243/34/58 242/36/70 241/60/148
s 82
g 左腕捩1
f 246/60/148 245/56/149 244/34/150
s 83
f 249/30/48 248/34/58 247/56/151
s 84
f 252/56/152 251/48/153 250/30/154
s 85
f 255/61/155 254/62/156 253/63/155
s 86
f 258/63/157 257/64/157 256/61/157
s 87
f 261/65/158 260/66/159 259/67/160
s 88
f 264/67/161 263/68/162 262/65/158
s 89
f 267/61/155 266/69/155 265/62/156
s 90
f 270/70/155 269/69/155 268/61/155
s 91
f 273/61/157 272/71/157 271/70/157
s 92
g 左腕捩2
f 276/72/163 275/73/164 274/74/165
s 93
f 279/74/166 278/62/167 277/72/168
s 94
f 282/75/169 281/76/170 280/77/171
s 95
f 285/77/171 284/78/172 283/75/173
s 96
g 左腕捩1
f 288/63/155 287/66/174 286/79/155
s 97
f 291/79/155 290/64/155 289/63/155
s 98
f 294/79/155 293/66/159 292/65/175
s 99
f 297/80/176 296/70/157 295/71/157
s 100
f 300/71/155 299/81/177 298/80/178
s 101
g 左腕捩2
f 303/82/155 302/83/179 301/84/155
s 102
g 左腕捩1
f 306/77/171 305/80/180 304/85/181
s 103
f 309/85/182 308/78/172 307/77/171
s 104
f 312/85/182 311/80/180 310/81/183
s 105
g 左腕捩2
f 315/86/184 314/76/170 313/75/185
s 106
f 318/76/170 317/86/186 316/83/179
s 107
f 321/83/179 320/82/155 319/76/187
s 108
f 324/82/155 323/84/155 322/87/155
s 109
f 327/87/155 326/84/155 325/69/155
s 110
f 330/69/155 329/88/155 328/87/155
s 111
f 333/69/188 332/84/188 331/72/168
s 112
f 336/72/163 335/62/189 334/69/155
s 113
g 左腕捩1
f 339/61/190 338/64/190 337/63/190
s 114
f 342/63/190 341/62/191 340/61/190
s 115
f 345/65/192 344/68/193 343/67/160
s 116
f 348/67/161 347/66/194 346/65/195
s 117
f 351/61/196 350/62/191 349/69/196
s 118
f 354/61/196 353/69/196 352/70/196
s 119
f 357/70/190 356/71/190 355/61/190
s 120
g 左腕捩2
f 360/74/166 359/73/197 358/72/198
s 121
f 363/72/199 362/62/191 361/74/200
s 122
f 366/77/201 365/76/202 364/75/203
s 123
f 369/75/204 368/78/205 367/77/206
s 124
g 左腕捩1
f 372/79/196 371/66/207 370/63/196
s 125
f 375/63/196 374/64/196 373/79/196
s 126
f 378/79/196 377/65/192 376/66/208
s 127
f 381/71/190 380/70/190 379/80/209
s 128
f 384/80/210 383/81/211 382/71/196
s 129
g 左腕捩2
f 387/82/196 386/84/196 385/83/212
s 130
g 左腕捩1
f 390/77/213 389/78/205 388/85/214
s 131
f 393/85/214 392/80/210 391/77/201
s 132
f 396/85/214 395/81/211 394/80/215
s 133
g 左腕捩2
f 399/76/216 398/86/217 397/75/204
s 134
f 402/76/202 401/82/196 400/83/212
s 135
f 405/83/218 404/86/219 403/76/220
s 136
f 408/82/196 407/87/196 406/84/196
s 137
f 411/69/221 410/84/221 409/87/221
s 138
f 414/87/196 413/88/196 412/69/196
s 139
f 417/69/196 416/62/191 415/72/199
s 140
f 420/72/199 419/84/222 418/69/222
s 141
g 左腕捩1
f 423/61/223 422/64/223 421/63/223
s 142
f 426/63/224 425/62/225 424/61/224
s 143
f 429/65/226 428/68/227 427/67/228
s 144
f 432/67/228 431/66/229 430/65/226
s 145
f 435/61/223 434/62/225 433/69/223
s 146
f 438/61/223 437/69/223 436/70/223
s 147
f 441/70/224 440/71/224 439/61/224
s 148
g 左腕捩2
f 444/74/230 443/73/231 442/72/232
s 149
f 447/72/232 446/62/225 445/74/230
s 150
f 450/75/233 449/78/234 448/77/235
s 151
f 453/77/235 452/76/236 451/75/233
s 152
g 左腕捩1
f 456/79/223 455/66/229 454/63/223
s 153
f 459/63/224 458/64/224 457/79/224
s 154
f 462/79/224 461/65/226 460/66/229
s 155
f 465/71/237 464/70/237 463/80/238
s 156
f 468/80/239 467/81/240 466/71/241
s 157
g 左腕捩2
f 471/82/224 470/84/224 469/83/242
s 158
g 左腕捩1
f 474/77/235 473/78/234 472/85/243
s 159
f 477/85/243 476/80/244 475/77/235
s 160
f 480/85/243 479/81/245 478/80/244
s 161
g 左腕捩2
f 483/75/246 482/76/247 481/86/248
s 162
f 486/76/249 485/82/224 484/83/242
s 163
f 489/83/250 488/86/251 487/76/236
s 164
f 492/82/241 491/87/241 490/84/241
s 165
f 495/69/252 494/84/252 493/87/252
s 166
f 498/87/253 497/88/253 496/69/253
s 167
f 501/69/237 500/62/225 499/72/254
s 168
f 504/72/232 503/84/224 502/69/224
s 169
g 左腕捩1
f 507/61/255 506/62/256 505/63/255
s 170
f 510/63/255 509/64/255 508/61/255
s 171
f 513/65/257 512/66/258 511/67/228
s 172
f 516/67/259 515/68/260 514/65/261
s 173
f 519/61/262 518/69/262 517/62/256
s 174
f 522/70/263 521/69/263 520/61/263
s 175
f 525/61/255 524/71/255 523/70/255
s 176
g 左腕捩2
f 528/72/264 527/73/265 526/74/266
s 177
f 531/74/266 530/62/267 529/72/268
s 178
f 534/75/269 533/76/270 532/77/271
s 179
f 537/77/272 536/78/273 535/75/269
s 180
g 左腕捩1
f 540/63/255 539/66/258 538/79/255
s 181
f 543/79/263 542/64/263 541/63/263
s 182
f 546/79/255 545/66/274 544/65/261
s 183
f 549/80/275 548/70/255 547/71/255
s 184
f 552/71/255 551/81/276 550/80/275
s 185
g 左腕捩2
f 555/82/255 554/83/277 553/84/255
s 186
g 左腕捩1
f 558/77/272 557/80/275 556/85/278
s 187
f 561/85/278 560/78/273 559/77/272
s 188
f 564/85/278 563/80/279 562/81/280
s 189
g 左腕捩2
f 567/76/281 566/75/269 565/86/282
s 190
f 570/76/270 569/86/283 568/83/284
s 191
f 573/83/285 572/82/255 571/76/270
s 192
f 576/82/263 575/84/263 574/87/263
s 193
f 579/87/286 578/84/286 577/69/286
s 194
f 582/69/287 581/88/287 580/87/287
s 195
f 585/69/255 584/84/255 583/72/288
s 196
f 588/72/268 587/62/267 586/69/255
s 197
g 左腕捩1
f 591/89/289 590/90/290 589/91/291
s 198
f 594/91/291 593/92/289 592/89/289
s 199
f 597/93/292 596/94/293 595/95/294
s 200
f 600/95/294 599/96/295 598/93/296
s 201
f 603/97/297 602/98/298 601/99/299
s 202
f 606/99/299 605/100/300 604/97/301
s 203
f 609/101/302 608/102/303 607/103/304
s 204
f 612/103/305 611/104/305 610/101/302
s 205
f 615/105/306 614/106/307 613/107/308
s 206
f 618/107/309 617/108/310 616/105/310
s 207
f 621/96/311 620/95/312 619/109/313
s 208
f 624/109/313 623/110/313 622/96/314
s 209
g 左腕捩2
f 627/111/315 626/112/316 625/113/317
s 210
f 630/113/318 629/114/319 628/111/320
s 211
f 633/115/321 632/116/322 631/117/323
s 212
f 636/117/323 635/118/324 634/115/325
s 213
f 639/119/326 638/120/327 637/121/328
s 214
f 642/121/328 641/122/329 640/119/326
s 215
g 左腕捩1
f 645/91/330 644/90/331 643/123/332
s 216
f 648/123/332 647/124/333 646/91/330
s 217
f 651/125/334 650/94/335 649/93/336
s 218
f 654/93/336 653/126/337 652/125/334
s 219
f 657/124/338 656/123/339 655/98/340
s 220
f 660/98/340 659/97/341 658/124/333
s 221
f 663/127/342 662/128/343 661/102/344
s 222
f 666/102/345 665/101/346 664/127/347
s 223
f 669/106/348 668/129/349 667/130/350
s 224
f 672/130/351 671/107/352 670/106/353
s 225
g 左腕捩2
f 675/131/354 674/132/355 673/133/356
s 226
f 678/133/357 677/134/358 676/131/354
s 227
g 左腕捩1
f 681/121/359 680/120/327 679/135/360
s 228
f 684/135/361 683/136/362 682/121/359
s 229
g 左腕捩2
f 687/129/363 686/116/322 685/115/321
s 230
g 左腕捩1
f 690/115/325 689/130/364 688/129/363
s 231
f 693/136/365 692/135/366 691/128/343
s 232
f 696/128/367 695/127/347 694/136/365
s 233
g 左腕捩2
f 699/137/368 698/138/369 697/139/370
s 234
f 702/139/371 701/140/372 700/137/368
s 235
f 705/118/373 704/117/374 703/141/375
s 236
f 708/141/375 707/142/376 706/118/324
s 237
f 711/132/377 710/139/371 709/138/378
s 238
f 714/138/379 713/133/380 712/132/355
s 239
f 717/142/381 716/141/382 715/143/383
s 240
f 720/143/383 719/144/383 718/142/381
s 241
f 723/145/384 722/146/385 721/147/386
s 242
f 726/147/386 725/148/386 724/145/387
s 243
f 729/149/388 728/146/385 727/145/389
s 244
f 732/145/389 731/150/390 730/149/390
s 245
f 735/112/391 734/151/354 733/152/358
s 246
f 738/152/392 737/113/393 736/112/394
s 247
g 左腕捩1
f 741/153/395 740/125/396 739/126/397
s 248
f 744/126/398 743/154/399 742/153/400
s 249
f 747/96/401 746/93/402 745/94/403
s 250
f 750/94/403 749/95/404 748/96/405
s 251
f 753/125/406 752/126/407 751/154/408
s 252
f 756/154/409 755/153/410 754/125/411
s 253
f 759/106/412 758/107/413 757/108/414
s 254
f 762/108/414 761/105/414 760/106/412
s 255
f 765/104/415 764/101/416 763/102/417
s 256
f 768/102/417 767/103/418 766/104/418
s 257
g 左腕捩2
f 771/112/419 770/113/420 769/114/315
s 258
f 774/114/421 773/111/422 772/112/423
s 259
g 左腕捩1
f 777/110/424 776/96/425 775/95/426
s 260
f 780/95/427 779/109/428 778/110/428
s 261
g 左腕捩2
f 783/120/429 782/121/430 781/122/431
s 262
f 786/122/432 785/119/433 784/120/434
s 263
f 789/118/435 788/115/436 787/116/437
s 264
f 792/116/438 791/117/439 790/118/435
s 265
g 左腕捩1
f 795/94/440 794/93/441 793/126/442
s 266
f 798/126/443 797/125/444 796/94/403
s 267
f 801/129/445 800/130/446 799/107/447
s 268
f 804/107/413 803/106/448 802/129/445
s 269
f 807/101/416 806/127/449 805/128/450
s 270
f 810/128/450 809/102/451 808/101/416
s 271
g 左腕捩2
f 813/116/452 812/115/436 811/130/453
s 272
g 左腕捩1
f 816/130/454 815/129/445 814/116/455
s 273
f 819/120/456 818/135/457 817/136/458
s 274
f 822/136/458 821/121/430 820/120/456
s 275
f 825/127/459 824/136/460 823/135/461
s 276
f 828/135/462 827/128/463 826/127/459
s 277
g 左腕捩2
f 831/142/464 830/118/465 829/117/466
s 278
f 834/117/466 833/141/467 832/142/464
s 279
f 837/144/468 836/142/469 835/141/470
s 280
f 840/141/471 839/143/468 838/144/468
s 281
f 843/151/472 842/152/473 841/113/474
s 282
f 846/113/474 845/112/475 844/151/472
s 283
f 849/146/476 848/145/477 847/150/478
s 284
f 852/150/478 851/149/478 850/146/476
s 285
f 855/148/479 854/145/477 853/146/480
s 286
f 858/146/480 857/147/479 856/148/479
s 287
f 861/132/481 860/133/482 859/134/483
s 288
f 864/134/484 863/131/485 862/132/481
s 289
f 867/140/486 866/137/487 865/138/488
s 290
f 870/138/489 869/139/490 868/140/491
s 291
f 873/139/490 872/138/489 871/133/492
s 292
f 876/133/492 875/132/481 874/139/490
s 293
g 左腕捩1
f 879/90/493 878/91/494 877/92/495
s 294
f 882/92/495 881/89/495 880/90/496
s 295
f 885/100/497 884/97/498 883/98/499
s 296
f 888/98/500 887/99/501 886/100/299
s 297
f 891/124/502 890/91/503 889/90/493
s 298
f 894/90/504 893/123/505 892/124/502
s 299
f 897/97/498 896/124/506 895/123/507
s 300
f 900/123/507 899/98/508 898/97/509
s 301
g 左腕捩2
f 903/155/510 902/156/511 901/157/512
s 302
f 906/157/513 905/158/514 904/155/515
s 303
f 909/159/516 908/160/517 907/161/518
s 304
g 左腕捩1
f 912/161/518 911/162/519 910/159/516
s 305
g 左腕捩2
f 915/156/511 914/163/520 913/164/521
s 306
f 918/164/521 917/157/513 916/156/511
s 307
f 921/159/522 920/155/523 919/158/514
s 308
f 924/158/514 923/160/517 922/159/516
s 309
g 左腕捩1
f 927/165/524 926/166/525 925/161/526
s 310
f 930/161/526 929/160/527 928/165/524
s 311
g 左腕捩2
f 933/155/528 932/158/529 931/157/530
s 312
f 936/157/530 935/156/531 934/155/528
s 313
f 939/161/532 938/160/533 937/159/534
s 314
g 左腕捩1
f 942/159/534 941/162/535 940/161/532
s 315
g 左腕捩2
f 945/156/531 944/157/530 943/164/536
s 316
f 948/164/536 947/163/537 946/156/531
s 317
f 951/165/538 950/160/539 949/161/540
s 318
f 954/160/533 953/158/541 952/155/542
s 319
f 957/155/542 956/159/534 955/160/533
s 320
g 左腕捩1
f 960/161/540 959/166/543 958/165/538
s 321
g 左腕捩2
f 963/155/544 962/158/545 961/157/546
s 322
f 966/157/546 965/156/547 964/155/548
s 323
g 左腕捩1
f 969/159/549 968/162/550 967/161/551
s 324
g 左腕捩2
f 972/161/551 971/160/552 970/159/549
s 325
f 975/156/553 974/157/546 973/164/554
s 326
f 978/164/554 977/163/555 976/156/547
s 327
f 981/159/549 980/160/552 979/158/545
s 328
f 984/158/545 983/155/556 982/159/549
s 329
g 左腕捩1
f 987/165/557 986/161/558 985/166/559
s 330
g 左腕捩2
f 990/161/551 989/165/557 988/160/560
s 331
f 993/155/561 992/156/562 991/157/563
s 332
f 996/157/563 995/158/564 994/155/561
s 333
g 左腕捩1
f 999/161/565 998/162/566 997/159/567
s 334
g 左腕捩2
f 1002/159/567 1001/160/568 1000/161/569
s 335
f 1005/156/562 1004/163/570 1003/164/571
s 336
f 1008/164/571 1007/157/572 1006/156/573
s 337
f 1011/165/574 1010/161/569 1009/160/575
s 338
f 1014/155/561 1013/158/564 1012/160/568
s 339
f 1017/160/568 1016/159/567 1015/155/561
s 340
g 左腕捩1
f 1020/161/569 1019/165/574 1018/166/576
s 341
g 左腕捩2
f 1023/167/577 1022/168/578 1021/169/579
s 342
f 1026/169/579 1025/170/580 1024/167/577
s 343
f 1029/171/581 1028/172/582 1027/173/583
s 344
f 1032/173/583 1031/174/584 1030/171/585
s 345
g 左腕捩1
f 1035/175/586 1034/176/587 1033/177/588
s 346
f 1038/177/588 1037/178/589 1036/175/590
s 347
f 1041/179/591 1040/180/592 1039/181/593
s 348
f 1044/181/593 1043/182/588 1042/179/591
s 349
g 左腕捩2
f 1047/170/594 1046/169/579 1045/183/595
s 350
f 1050/183/596 1049/184/597 1048/170/598
s 351
f 1053/185/599 1052/171/585 1051/174/600
s 352
f 1056/174/601 1055/186/602 1054/185/603
s 353
f 1059/168/578 1058/167/577 1057/187/604
s 354
f 1062/187/604 1061/188/605 1060/168/578
s 355
f 1065/172/606 1064/175/590 1063/178/607
s 356
f 1068/178/589 1067/173/608 1066/172/609
s 357
g 左腕捩1
f 1071/180/592 1070/189/610 1069/190/611
s 358
f 1074/190/611 1073/181/593 1072/180/592
s 359
f 1077/191/612 1076/192/613 1075/193/614
s 360
f 1080/193/615 1079/194/616 1078/191/617
s 361
g 左腕捩2
f 1083/192/613 1082/191/612 1081/188/605
s 362
f 1086/188/605 1085/187/618 1084/192/613
s 363
f 1089/172/619 1088/173/620 1087/174/621
s 364
f 1092/174/622 1091/171/623 1090/172/624
s 365
f 1095/170/625 1094/167/626 1093/168/627
s 366
f 1098/168/627 1097/169/628 1096/170/625
s 367
g 左腕捩1
f 1101/182/629 1100/179/630 1099/180/631
s 368
f 1104/180/631 1103/181/632 1102/182/629
s 369
f 1107/178/633 1106/175/634 1105/176/635
s 370
f 1110/176/636 1109/177/629 1108/178/633
s 371
g 左腕捩2
f 1113/171/637 1112/174/622 1111/186/638
s 372
f 1116/186/638 1115/185/639 1114/171/637
s 373
f 1119/184/640 1118/170/641 1117/169/642
s 374
f 1122/169/642 1121/183/643 1120/184/640
s 375
f 1125/187/644 1124/192/645 1123/191/646
s 376
f 1128/191/646 1127/188/647 1126/187/644
s 377
f 1131/173/620 1130/172/648 1129/175/634
s 378
f 1134/175/649 1133/178/633 1132/173/650
s 379
f 1137/167/626 1136/187/651 1135/188/652
s 380
f 1140/188/653 1139/168/627 1138/167/654
s 381
g 左腕捩1
f 1143/192/645 1142/193/655 1141/194/656
s 382
f 1146/194/656 1145/191/646 1144/192/657
s 383
f 1149/189/658 1148/190/659 1147/181/632
s 384
f 1152/181/632 1151/180/631 1150/189/660
s 385
g 左腕捩2
f 1155/195/661 1154/196/662 1153/197/663
s 386
f 1158/197/663 1157/196/662 1156/198/664
s 387
f 1161/195/665 1160/197/666 1159/196/667
s 388
f 1164/197/666 1163/198/668 1162/196/667
s 389
f 1167/199/669 1166/200/669 1165/201/669
s 390
f 1170/201/670 1169/202/670 1168/199/670
s 391
f 1173/197/671 1172/196/672 1171/195/673
s 392
f 1176/198/674 1175/196/672 1174/197/675
s 393
f 1179/197/676 1178/195/677 1177/196/678
s 394
f 1182/198/679 1181/197/676 1180/196/678
s 395
f 1185/203/680 1184/204/681 1183/205/681
s 396
f 1188/205/682 1187/206/683 1186/203/684
s 397
f 1191/200/685 1190/201/685 1189/202/685
s 398
f 1194/202/686 1193/199/686 1192/200/686
s 399
f 1197/207/687 1196/203/688 1195/206/689
s 400
f 1200/206/689 1199/208/690 1198/207/691
s 401
f 1203/204/692 1202/205/692 1201/206/693
s 402
f 1206/206/694 1205/203/695 1204/204/696
s 403
f 1209/203/697 1208/206/698 1207/208/699
s 404
f 1212/208/700 1211/207/701 1210/203/695
s 405
g 左腕捩1
f 1215/9/702 1214/6/703 1213/5/704
s 406
g 左腕捩
f 1218/15/705 1217/12/706 1216/11/13
s 407
f 1221/20/707 1220/7/708 1219/17/708
s 408
g 左腕捩2
f 1224/16/709 1223/15/17 1222/11/13
s 409
g 左腕
f 1227/209/710 1226/210/711 1225/211/712
s 410
f 1230/212/713 1229/213/714 1228/214/84
s 411
f 1233/214/84 1232/215/715 1231/212/713
s 412
g 左腕捩1
f 1236/216/716 1235/217/717 1234/218/718
s 413
g 左腕
f 1239/218/718 1238/219/719 1237/216/716
s 414
f 1242/220/720 1241/219/721 1240/221/722
s 415
f 1245/222/723 1244/223/85 1243/224/714
s 416
f 1248/224/714 1247/225/724 1246/222/723
s 417
f 1251/220/725 1250/221/726 1249/226/727
s 418
f 1254/226/727 1253/227/728 1252/220/725
s 419
f 1257/228/729 1256/210/730 1255/229/100
s 420
g 左腕捩1
f 1260/229/100 1259/230/113 1258/228/729
s 421
f 1263/231/731 1262/228/729 1261/230/113
s 422
f 1266/230/113 1265/232/732 1264/231/733
s 423
f 1269/231/734 1268/232/735 1267/217/97
s 424
f 1272/217/97 1271/216/736 1270/231/737
s 425
g 左腕
f 1275/233/738 1274/234/739 1273/235/740
s 426
f 1278/235/741 1277/236/742 1276/233/738
s 427
g 左肩
f 1281/237/743 1280/238/744 1279/239/745
s 428
f 1284/239/745 1283/240/746 1282/237/743
s 429
g 左腕
f 1287/225/724 1286/241/747 1285/242/748
s 430
f 1290/242/749 1289/222/723 1288/225/724
s 431
f 1293/226/750 1292/222/751 1291/242/749
s 432
f 1296/242/752 1295/227/753 1294/226/727
s 433
f 1299/243/754 1298/244/755 1297/245/756
s 434
g 左肩
f 1302/245/756 1301/246/757 1300/243/754
s 435
g 左腕
f 1305/247/758 1304/248/759 1303/249/760
s 436
f 1308/249/761 1307/250/762 1306/247/758
s 437
f 1311/248/763 1310/236/764 1309/235/741
s 438
f 1314/235/765 1313/249/766 1312/248/763
s 439
g 左肩
f 1317/251/767 1316/252/768 1315/253/769
s 440
f 1320/253/769 1319/254/770 1318/251/767
s 441
g 左腕
f 1323/234/771 1322/233/738 1321/244/772
s 442
f 1326/244/773 1325/243/774 1324/234/771
s 443
g 左肩
f 1329/255/775 1328/256/776 1327/246/757
s 444
f 1332/246/777 1331/257/778 1330/255/779
s 445
f 1335/258/780 1334/259/781 1333/256/776
s 446
f 1338/256/782 1337/255/775 1336/258/780
s 447
f 1341/260/783 1340/261/784 1339/262/785
s 448
f 1344/262/786 1343/263/787 1342/260/783
s 449
f 1347/262/788 1346/238/744 1345/264/789
s 450
f 1350/261/784 1349/239/790 1348/238/791
s 451
f 1353/238/792 1352/262/793 1351/261/794
s 452
f 1356/259/781 1355/258/795 1354/263/796
s 453
f 1359/263/796 1358/262/786 1357/259/781
s 454
f 1362/239/745 1361/265/797 1360/266/798
s 455
f 1365/266/798 1364/240/799 1363/239/800
s 456
f 1368/267/801 1367/261/802 1366/260/803
s 457
f 1371/260/804 1370/268/805 1369/267/801
s 458
f 1374/267/801 1373/269/806 1372/270/807
s 459
f 1377/270/808 1376/265/809 1375/267/810
s 460
f 1380/265/797 1379/239/811 1378/261/812
s 461
f 1383/261/794 1382/267/801 1381/265/813
s 462
f 1386/268/814 1385/271/815 1384/269/816
s 463
f 1389/269/816 1388/267/817 1387/268/814
s 464
f 1392/272/818 1391/269/819 1390/271/815
s 465
f 1395/271/815 1394/273/820 1393/272/821
s 466
f 1398/254/770 1397/272/822 1396/273/820
s 467
f 1401/273/820 1400/251/823 1399/254/770
s 468
f 1404/250/762 1403/249/760 1402/266/824
s 469
f 1407/266/824 1406/274/825 1405/250/762
s 470
f 1410/240/826 1409/266/827 1408/249/828
s 471
g 左腕
f 1413/249/829 1412/235/765 1411/240/799
s 472
g 左肩
f 1416/254/770 1415/275/830 1414/247/831
s 473
f 1419/247/832 1418/250/833 1417/254/770
s 474
f 1422/234/834 1421/237/743 1420/240/746
s 475
g 左腕
f 1425/240/835 1424/235/741 1423/234/739
s 476
g 左肩
f 1428/237/836 1427/234/771 1426/243/837
s 477
f 1431/243/774 1430/276/838 1429/237/839
s 478
f 1434/245/840 1433/277/841 1432/257/842
s 479
f 1437/257/843 1436/246/844 1435/245/756
s 480
f 1440/274/845 1439/272/821 1438/254/846
s 481
f 1443/254/846 1442/250/833 1441/274/845
s 482
f 1446/272/822 1445/274/847 1444/270/848
s 483
f 1449/270/848 1448/269/819 1447/272/849
s 484
f 1452/265/809 1451/270/808 1450/274/825
s 485
f 1455/274/825 1454/266/824 1453/265/850
s 486
f 1458/237/839 1457/276/838 1456/264/789
s 487
f 1461/264/789 1460/238/744 1459/237/836
s 488
f 1464/256/776 1463/259/851 1462/264/852
s 489
f 1467/264/853 1466/276/854 1465/256/776
s 490
f 1470/243/754 1469/246/757 1468/256/782
s 491
f 1473/256/776 1472/276/854 1471/243/754
s 492
g 左腕
f 1476/221/726 1475/278/855 1474/279/73
s 493
f 1479/279/73 1478/226/727 1477/221/726
s 494
f 1482/248/856 1481/247/857 1480/210/858
s 495
f 1485/210/730 1484/228/859 1483/248/856
s 496
f 1488/236/742 1487/248/763 1486/228/860
s 497
f 1491/228/861 1490/231/731 1489/236/764
s 498
f 1494/216/736 1493/233/738 1492/236/862
s 499
f 1497/236/742 1496/231/737 1495/216/736
s 500
f 1500/233/863 1499/216/864 1498/219/865
s 501
f 1503/219/865 1502/244/772 1501/233/866
s 502
f 1506/247/831 1505/275/830 1504/211/867
s 503
f 1509/211/867 1508/210/868 1507/247/831
s 504
f 1512/220/725 1511/245/756 1510/244/755
s 505
f 1515/244/755 1514/219/721 1513/220/869
s 506
f 1518/227/728 1517/245/840 1516/220/725
s 507
f 1521/277/870 1520/245/840 1519/227/728
s 508
f 1524/215/871 1523/280/872 1522/281/873
s 509
f 1527/281/874 1526/212/875 1525/215/715
s 510
f 1530/280/876 1529/215/715 1528/209/877
s 511
f 1533/209/877 1532/211/712 1531/280/878
s 512
g 左肩
f 1536/282/879 1535/257/842 1534/277/880
s 513
g 左腕
f 1539/282/879 1538/277/880 1537/227/881
s 514
f 1542/283/882 1541/282/879 1540/227/753
s 515
f 1545/227/753 1544/242/749 1543/283/882
s 516
f 1548/283/883 1547/242/884 1546/241/747
s 517
f 1551/241/873 1550/284/885 1549/283/886
s 518
f 1554/280/887 1553/285/888 1552/286/889
s 519
f 1557/286/890 1556/281/873 1555/280/878
s 520
f 1560/285/891 1559/280/876 1558/211/712
s 521
g 左肩
f 1563/253/892 1562/285/893 1561/211/712
s 522
f 1566/275/830 1565/253/769 1564/211/894
s 523
f 1569/254/770 1568/253/895 1567/275/896
s 524
g 左腕
f 1572/223/897 1571/222/751 1570/226/750
s 525
f 1575/226/898 1574/279/73 1573/223/77
s 526
g 左腕捩1
f 1578/219/721 1577/218/899 1576/278/900
s 527
g 左腕
f 1581/278/900 1580/221/722 1579/219/721
s 528
f 1584/210/711 1583/209/710 1582/287/92
s 529
g 左腕捩1
f 1587/287/92 1586/229/901 1585/210/711
s 530
g 左腕
f 1590/214/84 1589/287/902 1588/209/877
s 531
f 1593/209/877 1592/215/871 1591/214/84
s 532
g 左肩
f 1596/259/781 1595/262/786 1594/264/903
s 533
f 1599/252/904 1598/285/905 1597/253/906
s 659
f 1977/252/907 1976/288/908 1975/285/905
