# Blender 5.0.1
# www.blender.org
mtllib llantas_coche.mtl
g Torus.002_Malla
v 1.779632 -1.442669 -0.000325
v 1.859597 -1.419882 -0.000325
v 1.918136 -1.357627 -0.000325
v 1.939563 -1.272585 -0.000325
v 1.918136 -1.187542 -0.000325
v 1.857041 -1.089216 -0.000325
v 1.779632 -1.133642 -0.000325
v 1.702222 -1.089216 -0.000325
v 1.641127 -1.187542 -0.000325
v 1.619700 -1.272585 -0.000325
v 1.641127 -1.357627 -0.000325
v 1.699666 -1.419882 -0.000325
v 1.779631 -1.430301 0.188379
v 1.859597 -1.407709 0.185405
v 1.918136 -1.345986 0.177279
v 1.939563 -1.261671 0.166179
v 1.918136 -1.177356 0.155079
v 1.857041 -1.079872 0.142245
v 1.702222 -1.079872 0.142245
v 1.641127 -1.177356 0.155079
v 1.619700 -1.261671 0.166179
v 1.641127 -1.345986 0.177279
v 1.699666 -1.407709 0.185405
v 1.779631 -1.393408 0.373855
v 1.859597 -1.371397 0.367957
v 1.918136 -1.311263 0.351845
v 1.939563 -1.229118 0.329834
v 1.918136 -1.146974 0.307823
v 1.857041 -1.051998 0.282375
v 1.779631 -1.094910 0.293873
v 1.702222 -1.051998 0.282375
v 1.641127 -1.146974 0.307823
v 1.619700 -1.229118 0.329834
v 1.641127 -1.311263 0.351844
v 1.699666 -1.371397 0.367957
v 1.779631 -1.332620 0.552929
v 1.859597 -1.311568 0.544208
v 1.918136 -1.254052 0.520384
v 1.939563 -1.175483 0.487840
v 1.918136 -1.096914 0.455296
v 1.857041 -1.006072 0.417668
v 1.779631 -1.047116 0.434669
v 1.702222 -1.006072 0.417668
v 1.641127 -1.096914 0.455295
v 1.619700 -1.175483 0.487840
v 1.641127 -1.254052 0.520384
v 1.699666 -1.311568 0.544208
v 1.779631 -1.248979 0.722536
v 1.859597 -1.229245 0.711142
v 1.918136 -1.175331 0.680015
v 1.939563 -1.101682 0.637493
v 1.918136 -1.028033 0.594972
v 1.857041 -0.942880 0.545809
v 1.779631 -0.981353 0.568022
v 1.702222 -0.942880 0.545809
v 1.641127 -1.028033 0.594972
v 1.619700 -1.101682 0.637493
v 1.641127 -1.175331 0.680015
v 1.699666 -1.229245 0.711142
v 1.779631 -1.143916 0.879774
v 1.859597 -1.125838 0.865902
v 1.918136 -1.076447 0.828004
v 1.939563 -1.008979 0.776233
v 1.918136 -0.941510 0.724463
v 1.857041 -0.863503 0.664605
v 1.702222 -0.863503 0.664605
v 1.641127 -0.941510 0.724462
v 1.619700 -1.008979 0.776233
v 1.641127 -1.076447 0.828004
v 1.699666 -1.125838 0.865902
v 1.779631 -1.019227 1.021954
v 1.859597 -1.003115 1.005841
v 1.918136 -0.959093 0.961820
v 1.939563 -0.898959 0.901686
v 1.918136 -0.838825 0.841552
v 1.857041 -0.769298 0.772025
v 1.779631 -0.800712 0.803439
v 1.702222 -0.769298 0.772025
v 1.641127 -0.838825 0.841552
v 1.619700 -0.898959 0.901686
v 1.641127 -0.959093 0.961820
v 1.699666 -1.003115 1.005841
v 1.779631 -0.877048 1.146643
v 1.859597 -0.863176 1.128564
v 1.918136 -0.825277 1.079174
v 1.939563 -0.773507 1.011705
v 1.918136 -0.721736 0.944237
v 1.857041 -0.661879 0.866229
v 1.779631 -0.688923 0.901474
v 1.702222 -0.661879 0.866229
v 1.641127 -0.721736 0.944236
v 1.619700 -0.773507 1.011705
v 1.641127 -0.825277 1.079174
v 1.699666 -0.863176 1.128564
v 1.779631 -0.719809 1.251706
v 1.859597 -0.708415 1.231972
v 1.918136 -0.677288 1.178058
v 1.939563 -0.634766 1.104409
v 1.918136 -0.592245 1.030760
v 1.857041 -0.543082 0.945607
v 1.779631 -0.565295 0.984080
v 1.702222 -0.543082 0.945607
v 1.641127 -0.592245 1.030760
v 1.619700 -0.634766 1.104409
v 1.641127 -0.677288 1.178058
v 1.699665 -0.708415 1.231972
v 1.779631 -0.550202 1.335347
v 1.859597 -0.541482 1.314295
v 1.918136 -0.517658 1.256778
v 1.939563 -0.485113 1.178209
v 1.918136 -0.452569 1.099640
v 1.857041 -0.414941 1.008799
v 1.702222 -0.414941 1.008799
v 1.641127 -0.452569 1.099640
v 1.619700 -0.485113 1.178209
v 1.641127 -0.517658 1.256778
v 1.699665 -0.541482 1.314295
v 1.779631 -0.371128 1.396134
v 1.859597 -0.365231 1.374124
v 1.918136 -0.349118 1.313990
v 1.939563 -0.327107 1.231845
v 1.918136 -0.305097 1.149700
v 1.857041 -0.279648 1.054725
v 1.779631 -0.291146 1.097636
v 1.702222 -0.279648 1.054725
v 1.641127 -0.305097 1.149700
v 1.619700 -0.327107 1.231845
v 1.641126 -0.349118 1.313990
v 1.699665 -0.365231 1.374124
v 1.779631 -0.185652 1.433028
v 1.859597 -0.182678 1.410436
v 1.918136 -0.174552 1.348713
v 1.939562 -0.163452 1.264398
v 1.918136 -0.152352 1.180083
v 1.857041 -0.139518 1.082599
v 1.779631 -0.145316 1.126644
v 1.702222 -0.139518 1.082599
v 1.641127 -0.152352 1.180083
v 1.619700 -0.163452 1.264398
v 1.641126 -0.174552 1.348713
v 1.699665 -0.182678 1.410436
v 1.779631 0.003052 1.445396
v 1.859597 0.003052 1.422609
v 1.918136 0.003052 1.360354
v 1.939562 0.003052 1.275311
v 1.918136 0.003052 1.190269
v 1.857041 0.003052 1.091943
v 1.779631 0.003052 1.136368
v 1.702222 0.003052 1.091943
v 1.641127 0.003052 1.190269
v 1.619700 0.003052 1.275311
v 1.641126 0.003052 1.360354
v 1.699665 0.003052 1.422609
v 1.779631 0.191757 1.433028
v 1.859597 0.188782 1.410436
v 1.918136 0.180656 1.348713
v 1.939562 0.169556 1.264398
v 1.918136 0.158456 1.180083
v 1.857041 0.145622 1.082598
v 1.702222 0.145622 1.082598
v 1.641126 0.158456 1.180083
v 1.619700 0.169556 1.264398
v 1.641126 0.180656 1.348713
v 1.699665 0.188782 1.410436
v 1.779631 0.377232 1.396134
v 1.859597 0.371334 1.374124
v 1.918136 0.355221 1.313990
v 1.939562 0.333211 1.231845
v 1.918136 0.311200 1.149700
v 1.857041 0.285751 1.054725
v 1.779631 0.297250 1.097636
v 1.702222 0.285751 1.054725
v 1.641126 0.311200 1.149700
v 1.619700 0.333211 1.231845
v 1.641126 0.355221 1.313990
v 1.699665 0.371334 1.374124
v 1.779631 0.556306 1.335347
v 1.859597 0.547585 1.314295
v 1.918136 0.523761 1.256778
v 1.939562 0.491217 1.178209
v 1.918136 0.458673 1.099640
v 1.857041 0.421045 1.008799
v 1.779631 0.438046 1.049843
v 1.702222 0.421045 1.008799
v 1.641127 0.458673 1.099640
v 1.619700 0.491217 1.178209
v 1.641126 0.523761 1.256778
v 1.699665 0.547585 1.314295
v 1.779631 0.725912 1.251706
v 1.859597 0.714519 1.231972
v 1.918136 0.683391 1.178058
v 1.939562 0.640870 1.104409
v 1.918136 0.598349 1.030760
v 1.857041 0.549186 0.945607
v 1.779631 0.571398 0.984080
v 1.702222 0.549186 0.945607
v 1.641127 0.598349 1.030760
v 1.619700 0.640870 1.104409
v 1.641126 0.683391 1.178058
v 1.699665 0.714519 1.231972
v 1.779631 0.883151 1.146643
v 1.859597 0.869279 1.128565
v 1.918136 0.831381 1.079174
v 1.939562 0.779610 1.011705
v 1.918136 0.727840 0.944237
v 1.857041 0.667982 0.866229
v 1.702222 0.667982 0.866229
v 1.641127 0.727840 0.944237
v 1.619700 0.779610 1.011705
v 1.641126 0.831381 1.079174
v 1.699665 0.869279 1.128565
v 1.779631 1.025331 1.021954
v 1.859597 1.009219 1.005841
v 1.918136 0.965197 0.961820
v 1.939563 0.905063 0.901686
v 1.918136 0.844929 0.841552
v 1.857041 0.775402 0.772025
v 1.779631 0.806816 0.803438
v 1.702222 0.775402 0.772025
v 1.641127 0.844929 0.841552
v 1.619700 0.905063 0.901686
v 1.641127 0.965197 0.961820
v 1.699665 1.009219 1.005841
v 1.779631 1.150020 0.879774
v 1.859597 1.131942 0.865903
v 1.918136 1.082551 0.828004
v 1.939563 1.015082 0.776233
v 1.918136 0.947614 0.724463
v 1.857041 0.869606 0.664606
v 1.779631 0.904851 0.691650
v 1.702222 0.869606 0.664606
v 1.641127 0.947614 0.724463
v 1.619700 1.015082 0.776233
v 1.641127 1.082551 0.828004
v 1.699665 1.131942 0.865903
v 1.779631 1.255083 0.722536
v 1.859597 1.235349 0.711142
v 1.918136 1.181434 0.680015
v 1.939563 1.107785 0.637494
v 1.918136 1.034136 0.594972
v 1.857041 0.948984 0.545809
v 1.779631 0.987457 0.568022
v 1.702222 0.948984 0.545809
v 1.641127 1.034136 0.594972
v 1.619700 1.107785 0.637493
v 1.641127 1.181434 0.680015
v 1.699665 1.235349 0.711142
v 1.779631 1.338724 0.552929
v 1.859597 1.317672 0.544208
v 1.918136 1.260155 0.520384
v 1.939563 1.181586 0.487840
v 1.918136 1.103017 0.455296
v 1.857041 1.012176 0.417668
v 1.702222 1.012176 0.417668
v 1.641127 1.103017 0.455296
v 1.619700 1.181586 0.487840
v 1.641127 1.260155 0.520384
v 1.699666 1.317672 0.544208
v 1.779631 1.399511 0.373855
v 1.859597 1.377501 0.367957
v 1.918136 1.317367 0.351844
v 1.939563 1.235222 0.329834
v 1.918136 1.153077 0.307823
v 1.857041 1.058102 0.282375
v 1.779631 1.101013 0.293873
v 1.702222 1.058102 0.282375
v 1.641127 1.153077 0.307823
v 1.619700 1.235222 0.329834
v 1.641127 1.317367 0.351844
v 1.699666 1.377501 0.367957
v 1.779631 1.436405 0.188380
v 1.859597 1.413813 0.185405
v 1.918136 1.352090 0.177279
v 1.939563 1.267775 0.166179
v 1.918136 1.183460 0.155079
v 1.857041 1.085975 0.142245
v 1.779631 1.130021 0.148043
v 1.702222 1.085975 0.142245
v 1.641127 1.183460 0.155079
v 1.619700 1.267775 0.166179
v 1.641127 1.352090 0.177279
v 1.699666 1.413813 0.185405
v 1.779631 1.448773 -0.000325
v 1.859597 1.425986 -0.000325
v 1.918136 1.363731 -0.000325
v 1.939563 1.278688 -0.000325
v 1.918136 1.193646 -0.000325
v 1.857041 1.095320 -0.000325
v 1.779631 1.139745 -0.000325
v 1.702222 1.095320 -0.000325
v 1.641127 1.193646 -0.000325
v 1.619700 1.278688 -0.000325
v 1.641127 1.363731 -0.000325
v 1.699666 1.425986 -0.000325
v 1.779631 1.436405 -0.189030
v 1.859597 1.413813 -0.186055
v 1.918136 1.352090 -0.177929
v 1.939563 1.267775 -0.166829
v 1.918136 1.183460 -0.155729
v 1.857041 1.085975 -0.142895
v 1.702222 1.085975 -0.142895
v 1.641127 1.183460 -0.155729
v 1.619700 1.267775 -0.166829
v 1.641127 1.352090 -0.177929
v 1.699666 1.413813 -0.186055
v 1.779631 1.399511 -0.374505
v 1.859597 1.377501 -0.368607
v 1.918136 1.317367 -0.352494
v 1.939563 1.235222 -0.330484
v 1.918136 1.153077 -0.308473
v 1.857041 1.058102 -0.283025
v 1.779631 1.101013 -0.294523
v 1.702222 1.058102 -0.283025
v 1.641127 1.153077 -0.308473
v 1.619700 1.235222 -0.330484
v 1.641127 1.317367 -0.352495
v 1.699666 1.377501 -0.368607
v 1.779632 1.338724 -0.553578
v 1.859597 1.317672 -0.544858
v 1.918136 1.260155 -0.521034
v 1.939563 1.181587 -0.488489
v 1.918136 1.103017 -0.455945
v 1.857041 1.012176 -0.418317
v 1.779632 1.053220 -0.435318
v 1.702222 1.012176 -0.418318
v 1.641127 1.103017 -0.455945
v 1.619700 1.181587 -0.488490
v 1.641127 1.260155 -0.521034
v 1.699666 1.317672 -0.544858
v 1.779632 1.255083 -0.723185
v 1.859597 1.235349 -0.711792
v 1.918136 1.181435 -0.680664
v 1.939563 1.107786 -0.638143
v 1.918136 1.034137 -0.595622
v 1.857041 0.948984 -0.546459
v 1.779632 0.987457 -0.568672
v 1.702222 0.948984 -0.546459
v 1.641127 1.034137 -0.595622
v 1.619700 1.107786 -0.638143
v 1.641127 1.181435 -0.680664
v 1.699666 1.235349 -0.711792
v 1.779632 1.150020 -0.880424
v 1.859597 1.131942 -0.866553
v 1.918136 1.082551 -0.828654
v 1.939563 1.015082 -0.776883
v 1.918136 0.947614 -0.725113
v 1.857041 0.869606 -0.665256
v 1.702222 0.869606 -0.665256
v 1.641127 0.947614 -0.725113
v 1.619700 1.015082 -0.776883
v 1.641127 1.082551 -0.828654
v 1.699666 1.131942 -0.866553
v 1.779632 1.025331 -1.022604
v 1.859597 1.009219 -1.006491
v 1.918136 0.965197 -0.962470
v 1.939563 0.905063 -0.902336
v 1.918136 0.844929 -0.842202
v 1.857041 0.775402 -0.772675
v 1.779632 0.806816 -0.804088
v 1.702222 0.775402 -0.772675
v 1.641127 0.844929 -0.842202
v 1.619700 0.905063 -0.902336
v 1.641127 0.965197 -0.962470
v 1.699666 1.009219 -1.006491
v 1.779632 0.883152 -1.147292
v 1.859597 0.869280 -1.129214
v 1.918136 0.831381 -1.079824
v 1.939563 0.779611 -1.012355
v 1.918136 0.727840 -0.944886
v 1.857041 0.667983 -0.866879
v 1.779632 0.695027 -0.902124
v 1.702222 0.667983 -0.866879
v 1.641127 0.727840 -0.944886
v 1.619700 0.779611 -1.012355
v 1.641127 0.831381 -1.079824
v 1.699666 0.869280 -1.129214
v 1.779632 0.725912 -1.252357
v 1.859598 0.714519 -1.232623
v 1.918136 0.683391 -1.178708
v 1.939563 0.640870 -1.105059
v 1.918136 0.598349 -1.031410
v 1.857041 0.549186 -0.946257
v 1.779632 0.571398 -0.984731
v 1.702222 0.549186 -0.946257
v 1.641127 0.598349 -1.031410
v 1.619700 0.640870 -1.105059
v 1.641127 0.683391 -1.178708
v 1.699666 0.714519 -1.232623
v 1.779632 0.556306 -1.335997
v 1.859598 0.547585 -1.314945
v 1.918136 0.523761 -1.257428
v 1.939563 0.491217 -1.178859
v 1.918136 0.458673 -1.100291
v 1.857041 0.421045 -1.009449
v 1.702222 0.421045 -1.009449
v 1.641127 0.458673 -1.100291
v 1.619700 0.491217 -1.178859
v 1.641127 0.523761 -1.257428
v 1.699666 0.547585 -1.314945
v 1.779632 0.377233 -1.396785
v 1.859598 0.371335 -1.374774
v 1.918137 0.355222 -1.314640
v 1.939563 0.333211 -1.232495
v 1.918136 0.311201 -1.150350
v 1.857041 0.285752 -1.055375
v 1.779632 0.297250 -1.098287
v 1.702222 0.285752 -1.055375
v 1.641127 0.311201 -1.150350
v 1.619700 0.333211 -1.232495
v 1.641127 0.355222 -1.314640
v 1.699666 0.371335 -1.374774
v 1.779632 0.191757 -1.433678
v 1.859598 0.188783 -1.411086
v 1.918137 0.180657 -1.349363
v 1.939563 0.169557 -1.265048
v 1.918136 0.158456 -1.180733
v 1.857041 0.145622 -1.083248
v 1.779632 0.151421 -1.127294
v 1.702222 0.145622 -1.083248
v 1.641127 0.158456 -1.180733
v 1.619701 0.169557 -1.265048
v 1.641127 0.180657 -1.349363
v 1.699666 0.188783 -1.411086
v 1.779632 0.003052 -1.446046
v 1.859598 0.003052 -1.423259
v 1.918137 0.003052 -1.361004
v 1.939563 0.003052 -1.275962
v 1.918136 0.003052 -1.190919
v 1.857041 0.003052 -1.092593
v 1.779632 0.003052 -1.137018
v 1.702222 0.003052 -1.092593
v 1.641127 0.003052 -1.190919
v 1.619701 0.003052 -1.275962
v 1.641127 0.003052 -1.361004
v 1.699666 0.003052 -1.423259
v 1.779632 -0.185652 -1.433678
v 1.859598 -0.182678 -1.411086
v 1.918137 -0.174552 -1.349363
v 1.939563 -0.163452 -1.265048
v 1.918137 -0.152352 -1.180733
v 1.857041 -0.139518 -1.083249
v 1.702222 -0.139518 -1.083249
v 1.641127 -0.152352 -1.180733
v 1.619701 -0.163452 -1.265048
v 1.641127 -0.174552 -1.349363
v 1.699666 -0.182678 -1.411086
v 1.779632 -0.371128 -1.396785
v 1.859598 -0.365230 -1.374774
v 1.918137 -0.349117 -1.314640
v 1.939563 -0.327107 -1.232495
v 1.918137 -0.305096 -1.150351
v 1.857041 -0.279647 -1.055375
v 1.779632 -0.291146 -1.098287
v 1.702222 -0.279647 -1.055375
v 1.641127 -0.305096 -1.150351
v 1.619701 -0.327107 -1.232495
v 1.641127 -0.349117 -1.314640
v 1.699666 -0.365230 -1.374774
v 1.779632 -0.550202 -1.335997
v 1.859598 -0.541482 -1.314945
v 1.918137 -0.517658 -1.257428
v 1.939563 -0.485113 -1.178859
v 1.918136 -0.452569 -1.100290
v 1.857041 -0.414941 -1.009449
v 1.779632 -0.431942 -1.050493
v 1.702222 -0.414941 -1.009449
v 1.641127 -0.452569 -1.100290
v 1.619701 -0.485113 -1.178859
v 1.641127 -0.517658 -1.257428
v 1.699666 -0.541482 -1.314945
v 1.779632 -0.719809 -1.252357
v 1.859598 -0.708415 -1.232622
v 1.918137 -0.677288 -1.178708
v 1.939563 -0.634766 -1.105059
v 1.918136 -0.592245 -1.031410
v 1.857041 -0.543082 -0.946257
v 1.779632 -0.565295 -0.984730
v 1.702222 -0.543082 -0.946257
v 1.641127 -0.592245 -1.031410
v 1.619701 -0.634766 -1.105059
v 1.641127 -0.677288 -1.178708
v 1.699666 -0.708415 -1.232622
v 1.779632 -0.877047 -1.147293
v 1.859598 -0.863175 -1.129215
v 1.918137 -0.825277 -1.079824
v 1.939563 -0.773506 -1.012356
v 1.918136 -0.721736 -0.944887
v 1.857041 -0.661879 -0.866880
v 1.702222 -0.661879 -0.866880
v 1.641127 -0.721736 -0.944887
v 1.619701 -0.773506 -1.012356
v 1.641127 -0.825277 -1.079824
v 1.699666 -0.863175 -1.129215
v 1.779632 -1.019227 -1.022605
v 1.859598 -1.003114 -1.006492
v 1.918136 -0.959093 -0.962471
v 1.939563 -0.898959 -0.902337
v 1.918136 -0.838825 -0.842203
v 1.857041 -0.769298 -0.772676
v 1.779632 -0.800711 -0.804089
v 1.702222 -0.769298 -0.772676
v 1.641127 -0.838825 -0.842203
v 1.619700 -0.898959 -0.902337
v 1.641127 -0.959093 -0.962471
v 1.699666 -1.003114 -1.006492
v 1.779632 -1.143916 -0.880424
v 1.859598 -1.125838 -0.866552
v 1.918136 -1.076447 -0.828654
v 1.939563 -1.008979 -0.776883
v 1.918136 -0.941510 -0.725112
v 1.857041 -0.863503 -0.665255
v 1.779632 -0.898748 -0.692300
v 1.702222 -0.863503 -0.665255
v 1.641127 -0.941510 -0.725113
v 1.619700 -1.008979 -0.776883
v 1.641127 -1.076447 -0.828654
v 1.699666 -1.125838 -0.866552
v 1.779632 -1.248979 -0.723186
v 1.859598 -1.229245 -0.711792
v 1.918136 -1.175331 -0.680665
v 1.939563 -1.101682 -0.638143
v 1.918136 -1.028033 -0.595622
v 1.857041 -0.942880 -0.546459
v 1.779632 -0.981353 -0.568672
v 1.702222 -0.942880 -0.546459
v 1.641127 -1.028033 -0.595622
v 1.619700 -1.101682 -0.638143
v 1.641127 -1.175331 -0.680665
v 1.699666 -1.229245 -0.711792
v 1.779632 -1.332620 -0.553579
v 1.859597 -1.311568 -0.544859
v 1.918136 -1.254051 -0.521035
v 1.939563 -1.175482 -0.488490
v 1.918136 -1.096913 -0.455946
v 1.857041 -1.006072 -0.418318
v 1.702222 -1.006072 -0.418318
v 1.641127 -1.096913 -0.455946
v 1.619700 -1.175482 -0.488491
v 1.641127 -1.254051 -0.521035
v 1.699666 -1.311568 -0.544859
v 1.779632 -1.393408 -0.374505
v 1.859597 -1.371397 -0.368607
v 1.918136 -1.311263 -0.352494
v 1.939563 -1.229118 -0.330484
v 1.918136 -1.146974 -0.308473
v 1.857041 -1.051998 -0.283024
v 1.779632 -1.094910 -0.294523
v 1.702222 -1.051998 -0.283025
v 1.641127 -1.146974 -0.308473
v 1.619700 -1.229118 -0.330484
v 1.641127 -1.311263 -0.352494
v 1.699666 -1.371397 -0.368607
v 1.779632 -1.430301 -0.189030
v 1.859597 -1.407709 -0.186055
v 1.918136 -1.345986 -0.177929
v 1.939563 -1.261671 -0.166829
v 1.918136 -1.177356 -0.155729
v 1.857041 -1.079872 -0.142895
v 1.779632 -1.123917 -0.148693
v 1.702222 -1.079872 -0.142895
v 1.641127 -1.177356 -0.155729
v 1.619700 -1.261671 -0.166829
v 1.641127 -1.345986 -0.177929
v 1.699666 -1.407709 -0.186055
v 1.823948 -1.092616 0.061598
v 1.823948 -1.087266 0.143218
v 1.779632 -1.118049 0.061598
v 1.735315 -1.092616 0.061598
v 1.735315 -1.087266 0.143218
v 1.823948 -1.071308 0.223442
v 1.779631 -1.095875 0.230024
v 1.735315 -1.071308 0.223442
v 1.823948 -0.914863 0.601135
v 1.779631 -0.936888 0.613852
v 1.735315 -0.914863 0.601135
v 1.823948 -0.869420 0.669146
v 1.735315 -0.869420 0.669146
v 1.823948 -0.815488 0.730643
v 1.779631 -0.833472 0.748627
v 1.735315 -0.815488 0.730643
v 1.823948 -0.491155 0.979512
v 1.779631 -0.503872 1.001538
v 1.735315 -0.491155 0.979512
v 1.823948 -0.417795 1.015689
v 1.735315 -0.417795 1.015689
v 1.823948 -0.340341 1.041981
v 1.779631 -0.346923 1.066548
v 1.735315 -0.340341 1.041981
v 1.823948 0.064975 1.095342
v 1.779631 0.064975 1.120776
v 1.735315 0.064975 1.095342
v 1.823948 0.146595 1.089993
v 1.735315 0.146595 1.089993
v 1.823948 0.226819 1.074035
v 1.779631 0.233401 1.098602
v 1.735315 0.226819 1.074035
v 1.823948 0.604512 0.917589
v 1.779631 0.617229 0.939615
v 1.735315 0.604512 0.917589
v 1.823948 0.672523 0.872146
v 1.735315 0.672523 0.872146
v 1.823948 0.734020 0.818215
v 1.779631 0.752004 0.836199
v 1.735315 0.734020 0.818215
v 1.823948 0.982889 0.493882
v 1.779631 1.004915 0.506599
v 1.735315 0.982889 0.493882
v 1.823948 1.019066 0.420522
v 1.735315 1.019066 0.420522
v 1.823948 1.045359 0.343067
v 1.779631 1.069925 0.349650
v 1.735315 1.045359 0.343067
v 1.823948 1.098719 -0.062248
v 1.779631 1.124153 -0.062248
v 1.735315 1.098719 -0.062248
v 1.823948 1.093369 -0.143868
v 1.735315 1.093369 -0.143868
v 1.823948 1.077412 -0.224092
v 1.779631 1.101979 -0.230674
v 1.735315 1.077412 -0.224092
v 1.823948 0.920966 -0.601785
v 1.779632 0.942992 -0.614502
v 1.735315 0.920966 -0.601785
v 1.823948 0.875523 -0.669796
v 1.735315 0.875523 -0.669796
v 1.823948 0.821592 -0.731293
v 1.779632 0.839576 -0.749277
v 1.735315 0.821592 -0.731293
v 1.823948 0.497259 -0.980162
v 1.779632 0.509976 -1.002188
v 1.735315 0.497259 -0.980162
v 1.823948 0.423899 -1.016339
v 1.735315 0.423899 -1.016339
v 1.823948 0.346444 -1.042632
v 1.779632 0.353027 -1.067198
v 1.735315 0.346444 -1.042632
v 1.823948 -0.058871 -1.095993
v 1.779632 -0.058871 -1.121426
v 1.735315 -0.058871 -1.095993
v 1.823948 -0.140491 -1.090643
v 1.735315 -0.140491 -1.090643
v 1.823948 -0.220715 -1.074685
v 1.779632 -0.227297 -1.099252
v 1.735315 -0.220715 -1.074685
v 1.823948 -0.598408 -0.918240
v 1.779632 -0.611125 -0.940265
v 1.735315 -0.598408 -0.918240
v 1.823948 -0.666419 -0.872797
v 1.735315 -0.666419 -0.872797
v 1.823948 -0.727916 -0.818865
v 1.779632 -0.745900 -0.836849
v 1.735315 -0.727916 -0.818865
v 1.823948 -0.976785 -0.494532
v 1.779632 -0.998811 -0.507249
v 1.735315 -0.976785 -0.494532
v 1.823948 -1.012962 -0.421172
v 1.735315 -1.012962 -0.421172
v 1.823948 -1.039255 -0.343717
v 1.779632 -1.063821 -0.350300
v 1.735315 -1.039255 -0.343717
v 1.823948 -0.315332 -0.040734
v 1.823948 -0.309982 0.040886
v 1.779631 -0.340765 -0.040734
v 1.779631 -0.335198 0.044206
v 1.735315 -0.315332 -0.040734
v 1.735315 -0.309982 0.040886
v 1.823948 -0.294025 0.121110
v 1.779631 -0.318591 0.127692
v 1.735315 -0.294025 0.121110
v 1.823948 -0.292881 0.123872
v 1.779631 -0.314907 0.136589
v 1.735315 -0.292881 0.123872
v 1.823948 -0.247438 0.191882
v 1.779631 -0.267615 0.207365
v 1.735315 -0.247438 0.191882
v 1.823948 -0.193506 0.253380
v 1.779631 -0.211490 0.271364
v 1.735315 -0.193506 0.253380
v 1.823948 -0.191135 0.255199
v 1.779631 -0.203851 0.277225
v 1.735315 -0.191135 0.255199
v 1.823948 -0.117775 0.291376
v 1.779631 -0.127508 0.314873
v 1.735315 -0.117775 0.291376
v 1.823948 -0.040320 0.317668
v 1.779631 -0.046903 0.342235
v 1.735315 -0.040320 0.317668
v 1.823948 -0.037357 0.318059
v 1.779631 -0.037357 0.343492
v 1.735315 -0.037357 0.318059
v 1.823948 0.044264 0.312709
v 1.779631 0.047583 0.337925
v 1.735315 0.044264 0.312709
v 1.823948 0.124487 0.296751
v 1.779631 0.131070 0.321318
v 1.735315 0.124487 0.296751
v 1.823948 0.127249 0.295608
v 1.779631 0.139965 0.317634
v 1.735315 0.127249 0.295608
v 1.823948 0.195259 0.250165
v 1.779631 0.210742 0.270342
v 1.735315 0.195259 0.250165
v 1.823948 0.256756 0.196233
v 1.779631 0.274740 0.214217
v 1.735315 0.256756 0.196233
v 1.823948 0.258576 0.193862
v 1.779631 0.280602 0.206578
v 1.735315 0.258576 0.193862
v 1.823948 0.294753 0.120502
v 1.779631 0.318250 0.130234
v 1.735315 0.294753 0.120501
v 1.823948 0.321045 0.043047
v 1.779631 0.345612 0.049629
v 1.735315 0.321045 0.043047
v 1.823948 0.321436 0.040084
v 1.779631 0.346869 0.040084
v 1.735315 0.321436 0.040084
v 1.823948 0.316086 -0.041537
v 1.779631 0.341302 -0.044856
v 1.735315 0.316086 -0.041537
v 1.823948 0.300128 -0.121760
v 1.779631 0.324695 -0.128343
v 1.735315 0.300128 -0.121760
v 1.823948 0.298985 -0.124522
v 1.779631 0.321010 -0.137239
v 1.735315 0.298985 -0.124522
v 1.823948 0.253541 -0.192532
v 1.779631 0.273719 -0.208015
v 1.735315 0.253541 -0.192532
v 1.823948 0.199610 -0.254029
v 1.779632 0.217594 -0.272014
v 1.735315 0.199610 -0.254029
v 1.823948 0.197238 -0.255849
v 1.779632 0.209955 -0.277875
v 1.735315 0.197238 -0.255849
v 1.823948 0.123878 -0.292026
v 1.779632 0.133611 -0.315524
v 1.735315 0.123878 -0.292026
v 1.823948 0.046424 -0.318319
v 1.779632 0.053007 -0.342885
v 1.735315 0.046424 -0.318319
v 1.823948 0.043460 -0.318709
v 1.779632 0.043460 -0.344142
v 1.735315 0.043460 -0.318709
v 1.823948 -0.038160 -0.313359
v 1.779632 -0.041479 -0.338575
v 1.735315 -0.038160 -0.313359
v 1.823948 -0.118383 -0.297402
v 1.779632 -0.124966 -0.321968
v 1.735315 -0.118383 -0.297402
v 1.823948 -0.121145 -0.296258
v 1.779632 -0.133862 -0.318283
v 1.735315 -0.121145 -0.296258
v 1.823948 -0.189156 -0.250815
v 1.779632 -0.204638 -0.270992
v 1.735315 -0.189156 -0.250815
v 1.823948 -0.250653 -0.196883
v 1.779632 -0.268637 -0.214867
v 1.735315 -0.250653 -0.196883
v 1.823948 -0.252472 -0.194512
v 1.779632 -0.274498 -0.207229
v 1.735315 -0.252472 -0.194512
v 1.823948 -0.288649 -0.121152
v 1.779632 -0.312147 -0.130885
v 1.735315 -0.288649 -0.121152
v 1.823948 -0.314942 -0.043697
v 1.779631 -0.339508 -0.050280
v 1.735315 -0.314942 -0.043697
v 1.856900 -1.135648 -0.000325
v 1.856900 -1.125906 0.148305
v 1.856900 -1.096848 0.294392
v 1.856900 -1.048970 0.435436
v 1.856899 -0.983091 0.569025
v 1.856899 -0.900339 0.692871
v 1.856899 -0.802130 0.804857
v 1.856899 -0.690145 0.903066
v 1.856899 -0.566298 0.985818
v 1.856899 -0.432710 1.051696
v 1.856899 -0.291665 1.099574
v 1.856899 -0.145578 1.128633
v 1.856899 0.003052 1.138375
v 1.856899 0.151682 1.128633
v 1.856899 0.297769 1.099574
v 1.856899 0.438814 1.051696
v 1.856899 0.572402 0.985818
v 1.856899 0.696248 0.903066
v 1.856899 0.808234 0.804857
v 1.856899 0.906443 0.692872
v 1.856899 0.989195 0.569025
v 1.856899 1.055073 0.435437
v 1.856899 1.102951 0.294392
v 1.856899 1.132010 0.148305
v 1.856899 1.141752 -0.000325
v 1.856900 1.132010 -0.148955
v 1.856900 1.102951 -0.295042
v 1.856900 1.055073 -0.436086
v 1.856900 0.989195 -0.569675
v 1.856900 0.906443 -0.693522
v 1.856900 0.808234 -0.805507
v 1.856900 0.696249 -0.903716
v 1.856900 0.572402 -0.986468
v 1.856900 0.438814 -1.052346
v 1.856900 0.297769 -1.100224
v 1.856900 0.151683 -1.129283
v 1.856900 0.003052 -1.139025
v 1.856900 -0.145578 -1.129283
v 1.856900 -0.291665 -1.100225
v 1.856900 -0.432710 -1.052346
v 1.856900 -0.566298 -0.986468
v 1.856900 -0.690144 -0.903717
v 1.856900 -0.802130 -0.805508
v 1.856900 -0.900339 -0.693521
v 1.856900 -0.983091 -0.569675
v 1.856900 -1.048969 -0.436087
v 1.856900 -1.096848 -0.295042
v 1.856900 -1.125906 -0.148955
v 1.644924 0.005945 0.365066
v 1.916410 0.005945 0.365067
v 1.644924 -0.064302 0.358148
v 1.916410 -0.064302 0.358148
v 1.644924 -0.131849 0.337658
v 1.916410 -0.131849 0.337658
v 1.644924 -0.194100 0.304383
v 1.916410 -0.194100 0.304383
v 1.644924 -0.248665 0.259604
v 1.916410 -0.248665 0.259604
v 1.644924 -0.293444 0.205040
v 1.916410 -0.293444 0.205040
v 1.644924 -0.326718 0.142788
v 1.916410 -0.326718 0.142788
v 1.644924 -0.347209 0.075241
v 1.916410 -0.347209 0.075241
v 1.644924 -0.354127 0.004994
v 1.916410 -0.354127 0.004994
v 1.644924 -0.347209 -0.065252
v 1.916410 -0.347209 -0.065252
v 1.644924 -0.326718 -0.132799
v 1.916410 -0.326718 -0.132799
v 1.644924 -0.293444 -0.195051
v 1.916410 -0.293444 -0.195051
v 1.644924 -0.248665 -0.249615
v 1.916410 -0.248665 -0.249615
v 1.644924 -0.194100 -0.294395
v 1.916410 -0.194100 -0.294395
v 1.644924 -0.131849 -0.327669
v 1.916410 -0.131849 -0.327669
v 1.644924 -0.064302 -0.348159
v 1.916410 -0.064302 -0.348159
v 1.644924 0.005945 -0.355078
v 1.916410 0.005945 -0.355078
v 1.644924 0.076192 -0.348159
v 1.916410 0.076192 -0.348159
v 1.644924 0.143739 -0.327669
v 1.916410 0.143739 -0.327669
v 1.644924 0.205991 -0.294395
v 1.916410 0.205991 -0.294395
v 1.644924 0.260555 -0.249615
v 1.916410 0.260555 -0.249615
v 1.644924 0.305334 -0.195051
v 1.916410 0.305334 -0.195051
v 1.644924 0.338608 -0.132799
v 1.916410 0.338608 -0.132799
v 1.644924 0.359099 -0.065252
v 1.916410 0.359099 -0.065252
v 1.644924 0.366017 0.004995
v 1.916410 0.366017 0.004995
v 1.644924 0.359098 0.075241
v 1.916410 0.359098 0.075241
v 1.644924 0.338608 0.142788
v 1.916410 0.338608 0.142788
v 1.644924 0.305334 0.205040
v 1.916410 0.305334 0.205040
v 1.644924 0.260554 0.259604
v 1.916410 0.260554 0.259604
v 1.644924 0.205990 0.304384
v 1.916410 0.205990 0.304384
v 1.644924 0.143738 0.337658
v 1.916410 0.143738 0.337658
v 1.644924 0.076191 0.358148
v 1.916410 0.076191 0.358148
v 1.916410 -0.040163 0.236797
v 1.916410 0.005945 0.241338
v 1.916410 -0.084500 0.223348
v 1.916410 -0.125361 0.201507
v 1.916410 -0.161176 0.172115
v 1.916410 -0.190568 0.136300
v 1.916410 -0.212408 0.095439
v 1.916410 -0.225858 0.051103
v 1.916410 -0.230399 0.004994
v 1.916410 -0.225858 -0.041114
v 1.916410 -0.212409 -0.085451
v 1.916410 -0.190568 -0.126311
v 1.916410 -0.161176 -0.162126
v 1.916410 -0.125361 -0.191519
v 1.916410 -0.084500 -0.213359
v 1.916410 -0.040163 -0.226808
v 1.916410 0.005945 -0.231350
v 1.916410 0.052053 -0.226808
v 1.916410 0.096390 -0.213359
v 1.916410 0.137251 -0.191518
v 1.916410 0.173066 -0.162126
v 1.916410 0.202458 -0.126311
v 1.916410 0.224298 -0.085450
v 1.916410 0.237748 -0.041114
v 1.916410 0.242289 0.004995
v 1.916410 0.237748 0.051103
v 1.916410 0.224298 0.095440
v 1.916410 0.202458 0.136300
v 1.916410 0.173065 0.172115
v 1.916410 0.137250 0.201507
v 1.916410 0.096390 0.223348
v 1.916410 0.052053 0.236797
v 2.002352 -0.040163 0.236797
v 2.002352 0.005945 0.241338
v 2.002352 -0.084500 0.223348
v 2.002352 -0.125361 0.201507
v 2.002352 -0.161176 0.172115
v 2.002352 -0.190568 0.136300
v 2.002352 -0.212408 0.095439
v 2.002352 -0.225858 0.051103
v 2.002352 -0.230399 0.004994
v 2.002352 -0.225858 -0.041114
v 2.002352 -0.212409 -0.085451
v 2.002352 -0.190568 -0.126311
v 2.002352 -0.161176 -0.162126
v 2.002352 -0.125361 -0.191519
v 2.002352 -0.084500 -0.213359
v 2.002352 -0.040163 -0.226808
v 2.002352 0.005945 -0.231350
v 2.002352 0.052053 -0.226808
v 2.002352 0.096390 -0.213359
v 2.002352 0.137251 -0.191518
v 2.002352 0.173066 -0.162126
v 2.002352 0.202458 -0.126311
v 2.002352 0.224298 -0.085450
v 2.002352 0.237748 -0.041114
v 2.002352 0.242289 0.004995
v 2.002352 0.237748 0.051103
v 2.002352 0.224298 0.095440
v 2.002352 0.202458 0.136300
v 2.002352 0.173065 0.172115
v 2.002352 0.137250 0.201507
v 2.002352 0.096390 0.223348
v 2.002352 0.052053 0.236797
v -1.778105 -1.442670 -0.000326
v -1.858070 -1.419883 -0.000326
v -1.916610 -1.357628 -0.000326
v -1.938036 -1.272585 -0.000326
v -1.916610 -1.187543 -0.000326
v -1.855514 -1.089217 -0.000326
v -1.778105 -1.133642 -0.000326
v -1.700695 -1.089217 -0.000326
v -1.639600 -1.187543 -0.000326
v -1.618173 -1.272585 -0.000326
v -1.639600 -1.357628 -0.000326
v -1.698139 -1.419883 -0.000326
v -1.778105 -1.430302 0.188378
v -1.858070 -1.407710 0.185404
v -1.916610 -1.345987 0.177278
v -1.938036 -1.261672 0.166178
v -1.916610 -1.177357 0.155077
v -1.855514 -1.079872 0.142243
v -1.700695 -1.079872 0.142243
v -1.639600 -1.177357 0.155078
v -1.618173 -1.261672 0.166178
v -1.639600 -1.345987 0.177278
v -1.698139 -1.407710 0.185404
v -1.778105 -1.393408 0.373854
v -1.858070 -1.371398 0.367956
v -1.916610 -1.311264 0.351843
v -1.938036 -1.229119 0.329833
v -1.916610 -1.146974 0.307822
v -1.855514 -1.051998 0.282373
v -1.778105 -1.094910 0.293872
v -1.700695 -1.051998 0.282374
v -1.639600 -1.146974 0.307822
v -1.618173 -1.229119 0.329833
v -1.639600 -1.311264 0.351843
v -1.698139 -1.371398 0.367956
v -1.778105 -1.332621 0.552927
v -1.858070 -1.311568 0.544207
v -1.916610 -1.254052 0.520383
v -1.938036 -1.175483 0.487839
v -1.916610 -1.096914 0.455294
v -1.855514 -1.006073 0.417667
v -1.778105 -1.047116 0.434667
v -1.700695 -1.006073 0.417667
v -1.639600 -1.096914 0.455294
v -1.618173 -1.175483 0.487839
v -1.639600 -1.254052 0.520383
v -1.698139 -1.311568 0.544207
v -1.778105 -1.248980 0.722535
v -1.858071 -1.229246 0.711141
v -1.916610 -1.175331 0.680013
v -1.938037 -1.101682 0.637492
v -1.916610 -1.028033 0.594971
v -1.855514 -0.942880 0.545808
v -1.778105 -0.981354 0.568021
v -1.700695 -0.942880 0.545808
v -1.639600 -1.028033 0.594971
v -1.618174 -1.101682 0.637492
v -1.639600 -1.175331 0.680014
v -1.698140 -1.229246 0.711141
v -1.778105 -1.143917 0.879773
v -1.858071 -1.125839 0.865901
v -1.916610 -1.076448 0.828003
v -1.938037 -1.008979 0.776232
v -1.916610 -0.941511 0.724461
v -1.855515 -0.863503 0.664604
v -1.700696 -0.863503 0.664604
v -1.639600 -0.941510 0.724461
v -1.618174 -1.008979 0.776232
v -1.639600 -1.076448 0.828003
v -1.698140 -1.125839 0.865901
v -1.778105 -1.019228 1.021953
v -1.858071 -1.003115 1.005840
v -1.916610 -0.959094 0.961819
v -1.938037 -0.898960 0.901685
v -1.916610 -0.838826 0.841551
v -1.855515 -0.769299 0.772024
v -1.778105 -0.800712 0.803437
v -1.700696 -0.769299 0.772024
v -1.639600 -0.838826 0.841551
v -1.618174 -0.898960 0.901685
v -1.639600 -0.959094 0.961819
v -1.698140 -1.003115 1.005840
v -1.778105 -0.877048 1.146641
v -1.858071 -0.863176 1.128563
v -1.916610 -0.825278 1.079173
v -1.938037 -0.773507 1.011704
v -1.916610 -0.721737 0.944235
v -1.855515 -0.661879 0.866228
v -1.778105 -0.688924 0.901473
v -1.700696 -0.661879 0.866228
v -1.639600 -0.721736 0.944235
v -1.618174 -0.773507 1.011704
v -1.639600 -0.825278 1.079173
v -1.698140 -0.863176 1.128563
v -1.778105 -0.719809 1.251705
v -1.858071 -0.708416 1.231971
v -1.916610 -0.677288 1.178056
v -1.938037 -0.634767 1.104407
v -1.916610 -0.592246 1.030759
v -1.855515 -0.543083 0.945606
v -1.778105 -0.565295 0.984079
v -1.700696 -0.543083 0.945606
v -1.639600 -0.592246 1.030759
v -1.618174 -0.634767 1.104408
v -1.639600 -0.677288 1.178056
v -1.698140 -0.708416 1.231971
v -1.778105 -0.550203 1.335346
v -1.858071 -0.541482 1.314294
v -1.916610 -0.517658 1.256777
v -1.938037 -0.485114 1.178208
v -1.916610 -0.452570 1.099639
v -1.855515 -0.414942 1.008798
v -1.700696 -0.414942 1.008798
v -1.639600 -0.452570 1.099639
v -1.618174 -0.485114 1.178208
v -1.639601 -0.517658 1.256777
v -1.698140 -0.541482 1.314294
v -1.778105 -0.371129 1.396133
v -1.858071 -0.365231 1.374123
v -1.916610 -0.349118 1.313989
v -1.938037 -0.327108 1.231844
v -1.916610 -0.305097 1.149699
v -1.855515 -0.279648 1.054724
v -1.778105 -0.291147 1.097635
v -1.700696 -0.279648 1.054724
v -1.639600 -0.305097 1.149699
v -1.618174 -0.327108 1.231844
v -1.639601 -0.349118 1.313989
v -1.698140 -0.365231 1.374123
v -1.778105 -0.185653 1.433027
v -1.858071 -0.182679 1.410435
v -1.916610 -0.174553 1.348712
v -1.938037 -0.163452 1.264397
v -1.916610 -0.152352 1.180082
v -1.855515 -0.139518 1.082597
v -1.778105 -0.145317 1.126643
v -1.700696 -0.139518 1.082597
v -1.639601 -0.152352 1.180082
v -1.618174 -0.163452 1.264397
v -1.639601 -0.174553 1.348712
v -1.698140 -0.182679 1.410435
v -1.778105 0.003051 1.445395
v -1.858071 0.003051 1.422608
v -1.916610 0.003051 1.360353
v -1.938037 0.003051 1.275310
v -1.916610 0.003051 1.190268
v -1.855515 0.003051 1.091942
v -1.778105 0.003051 1.136367
v -1.700696 0.003051 1.091942
v -1.639601 0.003051 1.190268
v -1.618174 0.003051 1.275310
v -1.639601 0.003051 1.360353
v -1.698140 0.003051 1.422608
v -1.778105 0.191756 1.433027
v -1.858071 0.188782 1.410435
v -1.916610 0.180656 1.348712
v -1.938037 0.169555 1.264397
v -1.916610 0.158455 1.180082
v -1.855515 0.145621 1.082597
v -1.700696 0.145621 1.082597
v -1.639601 0.158455 1.180082
v -1.618174 0.169556 1.264397
v -1.639601 0.180656 1.348712
v -1.698140 0.188782 1.410435
v -1.778105 0.377231 1.396133
v -1.858071 0.371334 1.374123
v -1.916610 0.355221 1.313989
v -1.938037 0.333210 1.231844
v -1.916610 0.311200 1.149699
v -1.855515 0.285751 1.054724
v -1.778105 0.297249 1.097635
v -1.700696 0.285751 1.054724
v -1.639601 0.311200 1.149699
v -1.618174 0.333210 1.231844
v -1.639601 0.355221 1.313989
v -1.698140 0.371334 1.374123
v -1.778105 0.556305 1.335346
v -1.858071 0.547585 1.314294
v -1.916610 0.523761 1.256777
v -1.938037 0.491216 1.178208
v -1.916610 0.458672 1.099639
v -1.855515 0.421044 1.008798
v -1.778105 0.438045 1.049841
v -1.700696 0.421044 1.008798
v -1.639601 0.458672 1.099639
v -1.618174 0.491216 1.178208
v -1.639601 0.523761 1.256777
v -1.698140 0.547585 1.314294
v -1.778105 0.725912 1.251705
v -1.858071 0.714518 1.231971
v -1.916610 0.683391 1.178056
v -1.938037 0.640869 1.104408
v -1.916610 0.598348 1.030759
v -1.855515 0.549185 0.945606
v -1.778105 0.571398 0.984079
v -1.700696 0.549185 0.945606
v -1.639601 0.598348 1.030759
v -1.618174 0.640869 1.104408
v -1.639601 0.683391 1.178057
v -1.698140 0.714518 1.231971
v -1.778105 0.883151 1.146641
v -1.858071 0.869279 1.128563
v -1.916610 0.831380 1.079173
v -1.938037 0.779610 1.011704
v -1.916610 0.727839 0.944236
v -1.855515 0.667982 0.866228
v -1.700696 0.667982 0.866228
v -1.639601 0.727839 0.944236
v -1.618174 0.779610 1.011704
v -1.639601 0.831380 1.079173
v -1.698140 0.869279 1.128563
v -1.778105 1.025331 1.021953
v -1.858071 1.009218 1.005840
v -1.916610 0.965197 0.961819
v -1.938037 0.905063 0.901685
v -1.916610 0.844929 0.841551
v -1.855515 0.775402 0.772024
v -1.778105 0.806815 0.803437
v -1.700696 0.775402 0.772024
v -1.639600 0.844929 0.841551
v -1.618174 0.905063 0.901685
v -1.639601 0.965197 0.961819
v -1.698140 1.009218 1.005840
v -1.778105 1.150019 0.879773
v -1.858071 1.131941 0.865901
v -1.916610 1.082551 0.828003
v -1.938037 1.015082 0.776232
v -1.916610 0.947613 0.724461
v -1.855515 0.869606 0.664604
v -1.778105 0.904851 0.691649
v -1.700696 0.869606 0.664604
v -1.639600 0.947613 0.724462
v -1.618174 1.015082 0.776232
v -1.639600 1.082551 0.828003
v -1.698140 1.131941 0.865901
v -1.778105 1.255082 0.722535
v -1.858071 1.235348 0.711141
v -1.916610 1.181434 0.680014
v -1.938037 1.107785 0.637492
v -1.916610 1.034136 0.594971
v -1.855515 0.948983 0.545808
v -1.778105 0.987457 0.568021
v -1.700696 0.948983 0.545808
v -1.639600 1.034136 0.594971
v -1.618174 1.107785 0.637492
v -1.639600 1.181434 0.680014
v -1.698140 1.235348 0.711141
v -1.778105 1.338724 0.552927
v -1.858071 1.317671 0.544207
v -1.916610 1.260155 0.520383
v -1.938037 1.181586 0.487839
v -1.916610 1.103017 0.455294
v -1.855515 1.012175 0.417667
v -1.700696 1.012175 0.417667
v -1.639600 1.103017 0.455294
v -1.618174 1.181586 0.487839
v -1.639600 1.260155 0.520383
v -1.698140 1.317671 0.544207
v -1.778105 1.399511 0.373854
v -1.858071 1.377500 0.367956
v -1.916610 1.317366 0.351843
v -1.938037 1.235222 0.329833
v -1.916610 1.153077 0.307822
v -1.855515 1.058101 0.282373
v -1.778105 1.101013 0.293872
v -1.700696 1.058101 0.282373
v -1.639600 1.153077 0.307822
v -1.618174 1.235222 0.329833
v -1.639600 1.317366 0.351843
v -1.698140 1.377500 0.367956
v -1.778105 1.436404 0.188378
v -1.858071 1.413812 0.185404
v -1.916610 1.352090 0.177278
v -1.938037 1.267775 0.166178
v -1.916610 1.183460 0.155078
v -1.855515 1.085975 0.142244
v -1.778105 1.130020 0.148042
v -1.700696 1.085975 0.142244
v -1.639600 1.183460 0.155078
v -1.618174 1.267775 0.166178
v -1.639600 1.352090 0.177278
v -1.698140 1.413812 0.185404
v -1.778105 1.448773 -0.000326
v -1.858070 1.425986 -0.000326
v -1.916610 1.363730 -0.000326
v -1.938036 1.278688 -0.000326
v -1.916610 1.193645 -0.000326
v -1.855514 1.095319 -0.000326
v -1.778105 1.139745 -0.000326
v -1.700695 1.095319 -0.000326
v -1.639600 1.193645 -0.000326
v -1.618173 1.278688 -0.000326
v -1.639600 1.363730 -0.000326
v -1.698139 1.425986 -0.000326
v -1.778105 1.436404 -0.189031
v -1.858070 1.413812 -0.186057
v -1.916610 1.352090 -0.177931
v -1.938036 1.267775 -0.166830
v -1.916610 1.183460 -0.155730
v -1.855514 1.085975 -0.142896
v -1.700695 1.085975 -0.142896
v -1.639600 1.183460 -0.155730
v -1.618173 1.267775 -0.166830
v -1.639600 1.352090 -0.177931
v -1.698139 1.413812 -0.186057
v -1.778105 1.399511 -0.374506
v -1.858070 1.377500 -0.368609
v -1.916610 1.317366 -0.352496
v -1.938036 1.235222 -0.330485
v -1.916610 1.153077 -0.308475
v -1.855514 1.058101 -0.283026
v -1.778105 1.101013 -0.294524
v -1.700695 1.058101 -0.283026
v -1.639600 1.153077 -0.308474
v -1.618173 1.235222 -0.330485
v -1.639600 1.317366 -0.352496
v -1.698139 1.377500 -0.368609
v -1.778105 1.338724 -0.553579
v -1.858070 1.317672 -0.544859
v -1.916610 1.260155 -0.521035
v -1.938036 1.181586 -0.488491
v -1.916610 1.103017 -0.455946
v -1.855514 1.012176 -0.418319
v -1.778105 1.053219 -0.435320
v -1.700695 1.012176 -0.418319
v -1.639600 1.103017 -0.455946
v -1.618173 1.181586 -0.488491
v -1.639600 1.260155 -0.521035
v -1.698139 1.317672 -0.544859
v -1.778105 1.255083 -0.723187
v -1.858070 1.235349 -0.711793
v -1.916609 1.181434 -0.680665
v -1.938036 1.107785 -0.638144
v -1.916610 1.034136 -0.595623
v -1.855514 0.948983 -0.546460
v -1.778105 0.987457 -0.568673
v -1.700695 0.948983 -0.546460
v -1.639600 1.034136 -0.595623
v -1.618173 1.107785 -0.638144
v -1.639600 1.181434 -0.680665
v -1.698139 1.235349 -0.711793
v -1.778105 1.150019 -0.880426
v -1.858070 1.131941 -0.866554
v -1.916609 1.082551 -0.828655
v -1.938036 1.015082 -0.776884
v -1.916609 0.947613 -0.725114
v -1.855514 0.869606 -0.665257
v -1.700695 0.869606 -0.665257
v -1.639600 0.947613 -0.725114
v -1.618173 1.015082 -0.776884
v -1.639600 1.082551 -0.828655
v -1.698139 1.131941 -0.866554
v -1.778105 1.025331 -1.022605
v -1.858070 1.009218 -1.006492
v -1.916609 0.965197 -0.962471
v -1.938036 0.905063 -0.902337
v -1.916609 0.844929 -0.842203
v -1.855514 0.775402 -0.772676
v -1.778105 0.806815 -0.804090
v -1.700695 0.775402 -0.772676
v -1.639600 0.844929 -0.842203
v -1.618173 0.905063 -0.902337
v -1.639600 0.965197 -0.962471
v -1.698139 1.009218 -1.006492
v -1.778105 0.883151 -1.147294
v -1.858070 0.869279 -1.129215
v -1.916609 0.831381 -1.079825
v -1.938036 0.779610 -1.012356
v -1.916609 0.727840 -0.944888
v -1.855514 0.667982 -0.866880
v -1.778105 0.695027 -0.902125
v -1.700695 0.667982 -0.866880
v -1.639600 0.727840 -0.944888
v -1.618173 0.779610 -1.012356
v -1.639600 0.831381 -1.079825
v -1.698139 0.869280 -1.129215
v -1.778105 0.725912 -1.252358
v -1.858070 0.714518 -1.232624
v -1.916609 0.683391 -1.178709
v -1.938036 0.640869 -1.105060
v -1.916609 0.598348 -1.031411
v -1.855514 0.549185 -0.946258
v -1.778105 0.571398 -0.984732
v -1.700695 0.549185 -0.946258
v -1.639600 0.598348 -1.031411
v -1.618173 0.640869 -1.105060
v -1.639600 0.683391 -1.178709
v -1.698139 0.714518 -1.232624
v -1.778104 0.556305 -1.335999
v -1.858070 0.547585 -1.314946
v -1.916609 0.523761 -1.257430
v -1.938036 0.491216 -1.178861
v -1.916609 0.458672 -1.100292
v -1.855514 0.421044 -1.009450
v -1.700695 0.421044 -1.009450
v -1.639600 0.458672 -1.100292
v -1.618173 0.491216 -1.178861
v -1.639600 0.523761 -1.257429
v -1.698139 0.547585 -1.314946
v -1.778104 0.377232 -1.396786
v -1.858070 0.371334 -1.374775
v -1.916609 0.355221 -1.314641
v -1.938036 0.333211 -1.232496
v -1.916609 0.311200 -1.150352
v -1.855514 0.285751 -1.055376
v -1.778105 0.297250 -1.098288
v -1.700695 0.285751 -1.055376
v -1.639600 0.311200 -1.150352
v -1.618173 0.333211 -1.232496
v -1.639600 0.355221 -1.314641
v -1.698139 0.371334 -1.374775
v -1.778104 0.191757 -1.433679
v -1.858070 0.188782 -1.411087
v -1.916609 0.180656 -1.349364
v -1.938036 0.169556 -1.265049
v -1.916609 0.158456 -1.180735
v -1.855514 0.145622 -1.083250
v -1.778105 0.151420 -1.127295
v -1.700695 0.145622 -1.083250
v -1.639600 0.158456 -1.180734
v -1.618173 0.169556 -1.265049
v -1.639600 0.180656 -1.349364
v -1.698139 0.188782 -1.411087
v -1.778104 0.003051 -1.446048
v -1.858070 0.003051 -1.423261
v -1.916609 0.003051 -1.361005
v -1.938036 0.003051 -1.275963
v -1.916609 0.003051 -1.190920
v -1.855514 0.003051 -1.092594
v -1.778104 0.003051 -1.137020
v -1.700695 0.003051 -1.092594
v -1.639600 0.003051 -1.190920
v -1.618173 0.003051 -1.275963
v -1.639600 0.003051 -1.361005
v -1.698139 0.003051 -1.423261
v -1.778104 -0.185653 -1.433679
v -1.858070 -0.182679 -1.411087
v -1.916609 -0.174553 -1.349364
v -1.938036 -0.163452 -1.265049
v -1.916609 -0.152352 -1.180735
v -1.855514 -0.139518 -1.083250
v -1.700695 -0.139518 -1.083250
v -1.639600 -0.152352 -1.180735
v -1.618173 -0.163452 -1.265049
v -1.639600 -0.174553 -1.349364
v -1.698139 -0.182679 -1.411087
v -1.778104 -0.371128 -1.396786
v -1.858070 -0.365231 -1.374776
v -1.916609 -0.349118 -1.314641
v -1.938036 -0.327107 -1.232497
v -1.916609 -0.305097 -1.150352
v -1.855514 -0.279648 -1.055376
v -1.778104 -0.291146 -1.098288
v -1.700695 -0.279648 -1.055376
v -1.639600 -0.305097 -1.150352
v -1.618173 -0.327107 -1.232497
v -1.639600 -0.349118 -1.314641
v -1.698139 -0.365231 -1.374776
v -1.778104 -0.550203 -1.335998
v -1.858070 -0.541482 -1.314946
v -1.916609 -0.517658 -1.257430
v -1.938036 -0.485114 -1.178861
v -1.916609 -0.452570 -1.100292
v -1.855514 -0.414942 -1.009450
v -1.778104 -0.431943 -1.050494
v -1.700695 -0.414942 -1.009450
v -1.639600 -0.452570 -1.100291
v -1.618173 -0.485114 -1.178860
v -1.639600 -0.517658 -1.257429
v -1.698139 -0.541482 -1.314946
v -1.778104 -0.719809 -1.252358
v -1.858070 -0.708416 -1.232624
v -1.916609 -0.677288 -1.178709
v -1.938036 -0.634767 -1.105060
v -1.916609 -0.592246 -1.031411
v -1.855514 -0.543083 -0.946258
v -1.778104 -0.565295 -0.984732
v -1.700695 -0.543083 -0.946258
v -1.639600 -0.592246 -1.031411
v -1.618173 -0.634767 -1.105060
v -1.639600 -0.677288 -1.178709
v -1.698139 -0.708416 -1.232624
v -1.778104 -0.877048 -1.147294
v -1.858070 -0.863176 -1.129216
v -1.916609 -0.825277 -1.079826
v -1.938036 -0.773507 -1.012357
v -1.916609 -0.721736 -0.944888
v -1.855514 -0.661879 -0.866881
v -1.700695 -0.661879 -0.866881
v -1.639600 -0.721736 -0.944888
v -1.618173 -0.773507 -1.012357
v -1.639600 -0.825277 -1.079826
v -1.698139 -0.863176 -1.129216
v -1.778104 -1.019227 -1.022606
v -1.858070 -1.003115 -1.006493
v -1.916609 -0.959094 -0.962472
v -1.938036 -0.898959 -0.902338
v -1.916609 -0.838825 -0.842204
v -1.855514 -0.769298 -0.772677
v -1.778105 -0.800712 -0.804090
v -1.700695 -0.769298 -0.772677
v -1.639600 -0.838825 -0.842204
v -1.618173 -0.898959 -0.902338
v -1.639600 -0.959093 -0.962472
v -1.698139 -1.003115 -1.006493
v -1.778104 -1.143917 -0.880425
v -1.858070 -1.125839 -0.866554
v -1.916609 -1.076448 -0.828655
v -1.938036 -1.008979 -0.776884
v -1.916609 -0.941511 -0.725114
v -1.855514 -0.863503 -0.665257
v -1.778105 -0.898748 -0.692301
v -1.700695 -0.863503 -0.665257
v -1.639600 -0.941510 -0.725114
v -1.618173 -1.008979 -0.776884
v -1.639600 -1.076448 -0.828655
v -1.698139 -1.125839 -0.866554
v -1.778105 -1.248980 -0.723187
v -1.858070 -1.229246 -0.711794
v -1.916609 -1.175331 -0.680666
v -1.938036 -1.101682 -0.638145
v -1.916609 -1.028033 -0.595623
v -1.855514 -0.942880 -0.546460
v -1.778105 -0.981354 -0.568673
v -1.700695 -0.942880 -0.546460
v -1.639600 -1.028033 -0.595623
v -1.618173 -1.101682 -0.638145
v -1.639600 -1.175331 -0.680666
v -1.698139 -1.229246 -0.711794
v -1.778105 -1.332621 -0.553580
v -1.858070 -1.311568 -0.544860
v -1.916609 -1.254052 -0.521036
v -1.938036 -1.175483 -0.488492
v -1.916609 -1.096914 -0.455947
v -1.855514 -1.006073 -0.418320
v -1.700695 -1.006073 -0.418319
v -1.639600 -1.096914 -0.455947
v -1.618173 -1.175483 -0.488492
v -1.639600 -1.254052 -0.521036
v -1.698139 -1.311568 -0.544860
v -1.778105 -1.393408 -0.374506
v -1.858070 -1.371398 -0.368608
v -1.916609 -1.311264 -0.352496
v -1.938036 -1.229119 -0.330485
v -1.916609 -1.146974 -0.308474
v -1.855514 -1.051998 -0.283026
v -1.778105 -1.094910 -0.294524
v -1.700695 -1.051998 -0.283026
v -1.639600 -1.146974 -0.308474
v -1.618173 -1.229119 -0.330485
v -1.639600 -1.311264 -0.352495
v -1.698139 -1.371398 -0.368608
v -1.778105 -1.430302 -0.189031
v -1.858070 -1.407710 -0.186056
v -1.916609 -1.345987 -0.177930
v -1.938036 -1.261672 -0.166830
v -1.916609 -1.177357 -0.155730
v -1.855514 -1.079872 -0.142896
v -1.778105 -1.123917 -0.148694
v -1.700695 -1.079872 -0.142896
v -1.639600 -1.177357 -0.155730
v -1.618173 -1.261672 -0.166830
v -1.639600 -1.345987 -0.177930
v -1.698139 -1.407710 -0.186056
v -1.822421 -1.092616 0.061596
v -1.822421 -1.087266 0.143217
v -1.778105 -1.118050 0.061597
v -1.733789 -1.092616 0.061597
v -1.733789 -1.087266 0.143217
v -1.822421 -1.071309 0.223441
v -1.778105 -1.095876 0.230023
v -1.733789 -1.071309 0.223441
v -1.822421 -0.914863 0.601134
v -1.778105 -0.936889 0.613851
v -1.733789 -0.914863 0.601134
v -1.822421 -0.869420 0.669144
v -1.733789 -0.869420 0.669145
v -1.822421 -0.815489 0.730642
v -1.778105 -0.833473 0.748626
v -1.733789 -0.815488 0.730642
v -1.822421 -0.491156 0.979511
v -1.778105 -0.503872 1.001537
v -1.733789 -0.491156 0.979511
v -1.822421 -0.417796 1.015688
v -1.733789 -0.417796 1.015688
v -1.822421 -0.340341 1.041980
v -1.778105 -0.346924 1.066547
v -1.733789 -0.340341 1.041980
v -1.822422 0.064974 1.095341
v -1.778105 0.064974 1.120774
v -1.733789 0.064974 1.095341
v -1.822422 0.146594 1.089991
v -1.733789 0.146594 1.089991
v -1.822422 0.226818 1.074034
v -1.778105 0.233401 1.098601
v -1.733789 0.226818 1.074034
v -1.822421 0.604512 0.917588
v -1.778105 0.617228 0.939614
v -1.733789 0.604512 0.917588
v -1.822421 0.672522 0.872145
v -1.733789 0.672522 0.872145
v -1.822421 0.734019 0.818214
v -1.778105 0.752003 0.836198
v -1.733789 0.734019 0.818214
v -1.822421 0.982888 0.493881
v -1.778105 1.004914 0.506598
v -1.733789 0.982888 0.493881
v -1.822421 1.019066 0.420521
v -1.733789 1.019066 0.420521
v -1.822421 1.045358 0.343066
v -1.778105 1.069925 0.349649
v -1.733789 1.045358 0.343066
v -1.822421 1.098719 -0.062249
v -1.778105 1.124152 -0.062249
v -1.733789 1.098719 -0.062249
v -1.822421 1.093369 -0.143869
v -1.733789 1.093369 -0.143869
v -1.822421 1.077412 -0.224093
v -1.778105 1.101978 -0.230676
v -1.733789 1.077412 -0.224093
v -1.822421 0.920966 -0.601786
v -1.778105 0.942992 -0.614503
v -1.733788 0.920966 -0.601786
v -1.822421 0.875523 -0.669797
v -1.733788 0.875523 -0.669797
v -1.822421 0.821591 -0.731294
v -1.778105 0.839575 -0.749278
v -1.733788 0.821591 -0.731294
v -1.822421 0.497258 -0.980163
v -1.778105 0.509975 -1.002189
v -1.733788 0.497258 -0.980163
v -1.822421 0.423898 -1.016341
v -1.733788 0.423898 -1.016341
v -1.822421 0.346444 -1.042633
v -1.778105 0.353027 -1.067200
v -1.733788 0.346444 -1.042633
v -1.822421 -0.058871 -1.095994
v -1.778104 -0.058871 -1.121427
v -1.733788 -0.058871 -1.095994
v -1.822421 -0.140492 -1.090644
v -1.733788 -0.140492 -1.090644
v -1.822421 -0.220715 -1.074687
v -1.778104 -0.227298 -1.099253
v -1.733788 -0.220715 -1.074687
v -1.822421 -0.598409 -0.918241
v -1.778105 -0.611126 -0.940267
v -1.733788 -0.598409 -0.918241
v -1.822421 -0.666419 -0.872798
v -1.733788 -0.666419 -0.872798
v -1.822421 -0.727916 -0.818866
v -1.778105 -0.745900 -0.836850
v -1.733788 -0.727916 -0.818866
v -1.822421 -0.976786 -0.494533
v -1.778105 -0.998812 -0.507250
v -1.733788 -0.976786 -0.494533
v -1.822421 -1.012963 -0.421173
v -1.733788 -1.012963 -0.421173
v -1.822421 -1.039255 -0.343718
v -1.778105 -1.063822 -0.350301
v -1.733788 -1.039255 -0.343718
v -1.822421 -0.315333 -0.040735
v -1.822421 -0.309983 0.040885
v -1.778105 -0.340766 -0.040735
v -1.778105 -0.335199 0.044205
v -1.733789 -0.315333 -0.040735
v -1.733789 -0.309983 0.040885
v -1.822421 -0.294025 0.121109
v -1.778105 -0.318592 0.127691
v -1.733789 -0.294025 0.121109
v -1.822421 -0.292881 0.123871
v -1.778105 -0.314907 0.136588
v -1.733789 -0.292881 0.123871
v -1.822421 -0.247438 0.191881
v -1.778105 -0.267616 0.207364
v -1.733789 -0.247438 0.191881
v -1.822421 -0.193507 0.253378
v -1.778105 -0.211491 0.271362
v -1.733789 -0.193507 0.253378
v -1.822421 -0.191135 0.255198
v -1.778105 -0.203852 0.277224
v -1.733789 -0.191135 0.255198
v -1.822421 -0.117775 0.291375
v -1.778105 -0.127508 0.314872
v -1.733789 -0.117775 0.291375
v -1.822421 -0.040321 0.317667
v -1.778105 -0.046903 0.342234
v -1.733789 -0.040321 0.317667
v -1.822421 -0.037357 0.318057
v -1.778105 -0.037357 0.343491
v -1.733789 -0.037357 0.318057
v -1.822421 0.044263 0.312708
v -1.778105 0.047583 0.337923
v -1.733789 0.044263 0.312708
v -1.822421 0.124487 0.296750
v -1.778105 0.131069 0.321317
v -1.733789 0.124487 0.296750
v -1.822421 0.127248 0.295607
v -1.778105 0.139965 0.317632
v -1.733789 0.127248 0.295607
v -1.822421 0.195259 0.250163
v -1.778105 0.210741 0.270341
v -1.733789 0.195259 0.250163
v -1.822421 0.256756 0.196232
v -1.778105 0.274740 0.214216
v -1.733789 0.256756 0.196232
v -1.822421 0.258575 0.193861
v -1.778105 0.280601 0.206577
v -1.733789 0.258575 0.193861
v -1.822421 0.294753 0.120500
v -1.778105 0.318250 0.130233
v -1.733789 0.294753 0.120500
v -1.822421 0.321045 0.043046
v -1.778105 0.345612 0.049628
v -1.733789 0.321045 0.043046
v -1.822421 0.321435 0.040083
v -1.778105 0.346868 0.040083
v -1.733789 0.321435 0.040083
v -1.822421 0.316085 -0.041538
v -1.778105 0.341301 -0.044858
v -1.733789 0.316085 -0.041538
v -1.822421 0.300128 -0.121762
v -1.778105 0.324695 -0.128344
v -1.733789 0.300128 -0.121762
v -1.822421 0.298984 -0.124523
v -1.778105 0.321010 -0.137240
v -1.733789 0.298984 -0.124523
v -1.822421 0.253541 -0.192534
v -1.778105 0.273718 -0.208016
v -1.733789 0.253541 -0.192534
v -1.822421 0.199609 -0.254031
v -1.778105 0.217593 -0.272015
v -1.733789 0.199609 -0.254031
v -1.822421 0.197238 -0.255850
v -1.778105 0.209955 -0.277876
v -1.733789 0.197238 -0.255850
v -1.822421 0.123878 -0.292028
v -1.778105 0.133611 -0.315525
v -1.733789 0.123878 -0.292027
v -1.822421 0.046424 -0.318320
v -1.778105 0.053006 -0.342886
v -1.733789 0.046424 -0.318320
v -1.822421 0.043460 -0.318710
v -1.778105 0.043460 -0.344143
v -1.733789 0.043460 -0.318710
v -1.822421 -0.038160 -0.313360
v -1.778105 -0.041480 -0.338576
v -1.733789 -0.038160 -0.313360
v -1.822421 -0.118384 -0.297403
v -1.778105 -0.124967 -0.321970
v -1.733789 -0.118384 -0.297403
v -1.822421 -0.121146 -0.296259
v -1.778105 -0.133862 -0.318285
v -1.733789 -0.121146 -0.296259
v -1.822421 -0.189156 -0.250816
v -1.778105 -0.204639 -0.270993
v -1.733789 -0.189156 -0.250816
v -1.822421 -0.250653 -0.196884
v -1.778105 -0.268637 -0.214868
v -1.733789 -0.250653 -0.196884
v -1.822421 -0.252473 -0.194513
v -1.778105 -0.274499 -0.207230
v -1.733789 -0.252473 -0.194513
v -1.822421 -0.288650 -0.121153
v -1.778105 -0.312147 -0.130886
v -1.733789 -0.288650 -0.121153
v -1.822421 -0.314942 -0.043698
v -1.778105 -0.339509 -0.050281
v -1.733789 -0.314942 -0.043698
v -1.855373 -1.135648 -0.000326
v -1.855373 -1.125907 0.148304
v -1.855373 -1.096848 0.294391
v -1.855373 -1.048970 0.435435
v -1.855373 -0.983092 0.569024
v -1.855373 -0.900340 0.692870
v -1.855373 -0.802131 0.804856
v -1.855373 -0.690145 0.903065
v -1.855373 -0.566298 0.985817
v -1.855373 -0.432710 1.051695
v -1.855373 -0.291666 1.099573
v -1.855373 -0.145579 1.128632
v -1.855374 0.003051 1.138373
v -1.855374 0.151682 1.128632
v -1.855374 0.297768 1.099573
v -1.855374 0.438813 1.051695
v -1.855374 0.572401 0.985817
v -1.855373 0.696248 0.903065
v -1.855373 0.808234 0.804856
v -1.855373 0.906443 0.692870
v -1.855373 0.989194 0.569024
v -1.855373 1.055073 0.435435
v -1.855373 1.102951 0.294391
v -1.855373 1.132009 0.148304
v -1.855373 1.141751 -0.000326
v -1.855373 1.132009 -0.148957
v -1.855373 1.102951 -0.295043
v -1.855373 1.055073 -0.436087
v -1.855373 0.989194 -0.569676
v -1.855373 0.906443 -0.693523
v -1.855373 0.808234 -0.805508
v -1.855373 0.696248 -0.903717
v -1.855373 0.572401 -0.986469
v -1.855373 0.438813 -1.052348
v -1.855373 0.297769 -1.100226
v -1.855373 0.151682 -1.129284
v -1.855373 0.003051 -1.139026
v -1.855373 -0.145579 -1.129284
v -1.855373 -0.291665 -1.100226
v -1.855373 -0.432710 -1.052348
v -1.855373 -0.566298 -0.986469
v -1.855373 -0.690145 -0.903718
v -1.855373 -0.802131 -0.805509
v -1.855373 -0.900340 -0.693523
v -1.855373 -0.983092 -0.569676
v -1.855373 -1.048970 -0.436088
v -1.855373 -1.096848 -0.295043
v -1.855373 -1.125907 -0.148956
v -1.643397 0.005944 0.365065
v -1.914884 0.005944 0.365065
v -1.643397 -0.064302 0.358147
v -1.914883 -0.064302 0.358147
v -1.643397 -0.131849 0.337657
v -1.914883 -0.131849 0.337656
v -1.643397 -0.194101 0.304382
v -1.914883 -0.194101 0.304382
v -1.643397 -0.248665 0.259603
v -1.914883 -0.248665 0.259603
v -1.643397 -0.293445 0.205039
v -1.914883 -0.293445 0.205038
v -1.643397 -0.326719 0.142787
v -1.914883 -0.326719 0.142787
v -1.643397 -0.347209 0.075240
v -1.914883 -0.347209 0.075240
v -1.643397 -0.354128 0.004993
v -1.914883 -0.354128 0.004993
v -1.643397 -0.347209 -0.065253
v -1.914883 -0.347209 -0.065253
v -1.643397 -0.326719 -0.132800
v -1.914883 -0.326719 -0.132801
v -1.643397 -0.293445 -0.195052
v -1.914883 -0.293445 -0.195052
v -1.643397 -0.248665 -0.249616
v -1.914883 -0.248665 -0.249616
v -1.643397 -0.194101 -0.294396
v -1.914883 -0.194101 -0.294396
v -1.643397 -0.131849 -0.327670
v -1.914883 -0.131849 -0.327670
v -1.643397 -0.064302 -0.348160
v -1.914883 -0.064302 -0.348160
v -1.643397 0.005945 -0.355079
v -1.914883 0.005945 -0.355079
v -1.643397 0.076191 -0.348160
v -1.914883 0.076191 -0.348160
v -1.643397 0.143738 -0.327670
v -1.914883 0.143738 -0.327670
v -1.643397 0.205990 -0.294396
v -1.914883 0.205990 -0.294396
v -1.643397 0.260554 -0.249616
v -1.914883 0.260554 -0.249616
v -1.643397 0.305334 -0.195052
v -1.914883 0.305334 -0.195052
v -1.643397 0.338608 -0.132800
v -1.914883 0.338608 -0.132800
v -1.643397 0.359098 -0.065253
v -1.914883 0.359098 -0.065253
v -1.643397 0.366017 0.004994
v -1.914883 0.366017 0.004993
v -1.643397 0.359098 0.075240
v -1.914883 0.359098 0.075240
v -1.643397 0.338608 0.142787
v -1.914883 0.338608 0.142787
v -1.643397 0.305333 0.205039
v -1.914883 0.305333 0.205039
v -1.643397 0.260554 0.259603
v -1.914883 0.260554 0.259603
v -1.643397 0.205989 0.304383
v -1.914883 0.205989 0.304382
v -1.643397 0.143738 0.337657
v -1.914884 0.143738 0.337657
v -1.643397 0.076190 0.358147
v -1.914884 0.076190 0.358147
v -1.914883 -0.040164 0.236796
v -1.914883 0.005944 0.241337
v -1.914883 -0.084501 0.223347
v -1.914883 -0.125361 0.201506
v -1.914883 -0.161176 0.172114
v -1.914883 -0.190569 0.136299
v -1.914883 -0.212409 0.095438
v -1.914883 -0.225858 0.051102
v -1.914883 -0.230400 0.004993
v -1.914883 -0.225858 -0.041115
v -1.914883 -0.212409 -0.085452
v -1.914883 -0.190569 -0.126313
v -1.914883 -0.161176 -0.162127
v -1.914883 -0.125361 -0.191520
v -1.914883 -0.084501 -0.213360
v -1.914883 -0.040164 -0.226810
v -1.914883 0.005944 -0.231351
v -1.914883 0.052053 -0.226810
v -1.914883 0.096389 -0.213360
v -1.914883 0.137250 -0.191520
v -1.914883 0.173065 -0.162127
v -1.914883 0.202457 -0.126312
v -1.914883 0.224298 -0.085452
v -1.914883 0.237747 -0.041115
v -1.914883 0.242288 0.004993
v -1.914883 0.237747 0.051102
v -1.914883 0.224298 0.095438
v -1.914883 0.202457 0.136299
v -1.914883 0.173065 0.172114
v -1.914883 0.137250 0.201506
v -1.914883 0.096389 0.223347
v -1.914883 0.052052 0.236796
v -2.000825 -0.040164 0.236796
v -2.000825 0.005944 0.241337
v -2.000825 -0.084501 0.223347
v -2.000825 -0.125361 0.201506
v -2.000825 -0.161176 0.172114
v -2.000825 -0.190569 0.136299
v -2.000825 -0.212409 0.095438
v -2.000825 -0.225858 0.051102
v -2.000825 -0.230400 0.004993
v -2.000825 -0.225858 -0.041115
v -2.000825 -0.212409 -0.085452
v -2.000825 -0.190569 -0.126313
v -2.000825 -0.161176 -0.162127
v -2.000825 -0.125361 -0.191520
v -2.000825 -0.084501 -0.213360
v -2.000825 -0.040164 -0.226810
v -2.000825 0.005944 -0.231351
v -2.000825 0.052053 -0.226810
v -2.000825 0.096389 -0.213360
v -2.000825 0.137250 -0.191520
v -2.000825 0.173065 -0.162127
v -2.000825 0.202457 -0.126312
v -2.000825 0.224298 -0.085452
v -2.000825 0.237747 -0.041115
v -2.000825 0.242288 0.004993
v -2.000825 0.237747 0.051102
v -2.000825 0.224298 0.095438
v -2.000825 0.202457 0.136299
v -2.000825 0.173065 0.172114
v -2.000825 0.137250 0.201506
v -2.000825 0.096389 0.223347
v -2.000825 0.052052 0.236796
vn -0.0000 -1.0000 -0.0000
vn 0.5152 -0.8498 0.1119
vn -0.0000 -0.9914 0.1305
vn 0.8728 -0.4880 -0.0000
vn 0.5152 -0.8571 -0.0000
vn 0.9999 -0.0102 -0.0000
vn 0.8728 -0.4839 0.0637
vn 0.8544 0.5152 -0.0678
vn 0.9999 -0.0101 0.0013
vn 1.0000 -0.0030 -0.0000
vn 1.0000 -0.0030 0.0004
vn 0.3397 0.8660 0.3670
vn 0.2199 0.9013 0.3733
vn 0.4561 0.8432 0.2847
vn 0.4964 0.2963 -0.8160
vn 0.3397 0.3670 -0.8660
vn 0.4561 0.2847 -0.8432
vn -0.9228 0.3852 -0.0000
vn -0.8494 0.5233 -0.0689
vn -0.8494 0.5278 -0.0000
vn -0.9999 -0.0102 -0.0000
vn -0.9228 0.3819 -0.0503
vn -0.8728 -0.4880 -0.0000
vn -0.9999 -0.0101 0.0013
vn -0.5152 -0.8571 -0.0000
vn -0.8728 -0.4839 0.0637
vn -0.5152 -0.8498 0.1119
vn 0.5152 -0.8279 0.2218
vn -0.0000 -0.9659 0.2588
vn 0.9999 -0.0098 0.0026
vn 0.8728 -0.4714 0.1263
vn 0.8544 0.5019 -0.1345
vn 1.0000 -0.0029 0.0008
vn 0.4964 -0.8160 -0.2963
vn 0.3397 -0.8660 -0.3670
vn 0.4561 -0.8432 -0.2847
vn 0.4964 -0.2963 0.8160
vn 0.3397 -0.3670 0.8660
vn 0.4561 -0.2847 0.8432
vn -0.9228 0.3721 -0.0997
vn -0.8494 0.5098 -0.1366
vn -0.9999 -0.0098 0.0026
vn -0.5152 -0.8279 0.2218
vn -0.8728 -0.4714 0.1263
vn 0.5152 -0.7918 0.3280
vn -0.0000 -0.9239 0.3827
vn 0.9999 -0.0094 0.0039
vn 0.8728 -0.4509 0.1868
vn 0.8544 0.4801 -0.1988
vn 1.0000 -0.0028 0.0012
vn -0.4964 0.8548 -0.1514
vn -0.4978 0.8013 -0.3319
vn -0.4561 0.8725 -0.1750
vn 0.4561 0.8725 -0.1750
vn 0.4978 0.8013 -0.3319
vn 0.4964 0.8548 -0.1514
vn -0.8494 0.4876 -0.2020
vn -0.9228 0.3559 -0.1474
vn -0.9999 -0.0094 0.0039
vn -0.8728 -0.4509 0.1868
vn -0.5152 -0.7918 0.3280
vn 0.5152 -0.7423 0.4285
vn -0.0000 -0.8660 0.5000
vn 0.9999 -0.0088 0.0051
vn 0.8728 -0.4226 0.2440
vn 1.0000 -0.0026 0.0015
vn -0.4964 0.7115 -0.4974
vn -0.4561 0.7408 -0.4932
vn 0.4964 0.7115 -0.4974
vn -0.9228 0.3336 -0.1926
vn -0.8494 0.4571 -0.2639
vn -0.9999 -0.0088 0.0051
vn -0.8728 -0.4226 0.2440
vn -0.5152 -0.7423 0.4285
vn 0.5152 -0.6800 0.5218
vn -0.0000 -0.7934 0.6088
vn 0.8728 -0.3872 0.2971
vn 0.8544 0.4500 -0.2598
vn 0.9999 -0.0081 0.0062
vn 1.0000 -0.0024 0.0019
vn 0.4964 0.8160 0.2963
vn -0.3397 0.3528 -0.8719
vn -0.2199 0.3733 -0.9013
vn -0.4561 0.3949 -0.7975
vn -0.9228 0.3056 -0.2345
vn -0.8494 0.4187 -0.3213
vn -0.8728 -0.3872 0.2971
vn -0.9999 -0.0081 0.0062
vn -0.5152 -0.6800 0.5218
vn 0.5152 -0.6061 0.6061
vn -0.0000 -0.7071 0.7071
vn 0.9999 -0.0072 0.0072
vn 0.8728 -0.3451 0.3451
vn 0.8544 0.4122 -0.3163
vn 1.0000 -0.0022 0.0022
vn -0.3397 -0.8719 -0.3528
vn -0.2198 -0.9013 -0.3733
vn -0.4561 -0.7975 -0.3949
vn -0.3397 -0.3528 0.8719
vn -0.2199 -0.3733 0.9013
vn -0.4561 -0.3949 0.7975
vn -0.9228 0.2724 -0.2724
vn -0.8494 0.3732 -0.3732
vn -0.9999 -0.0072 0.0072
vn -0.5152 -0.6061 0.6061
vn -0.8728 -0.3451 0.3451
vn 0.5152 -0.5218 0.6800
vn -0.0000 -0.6088 0.7934
vn 0.8728 -0.2971 0.3872
vn 0.8544 0.3674 -0.3674
vn 0.9999 -0.0062 0.0081
vn 1.0000 -0.0019 0.0024
vn -0.4964 0.6646 -0.5586
vn -0.4978 0.5280 -0.6881
vn -0.4561 0.6681 -0.5879
vn 0.4561 0.6681 -0.5879
vn 0.4978 0.5280 -0.6881
vn 0.4964 0.6646 -0.5586
vn -0.8494 0.3213 -0.4187
vn -0.9228 0.2345 -0.3056
vn -0.8728 -0.2971 0.3872
vn -0.9999 -0.0062 0.0081
vn -0.5152 -0.5218 0.6800
vn 0.5152 -0.4285 0.7423
vn -0.0000 -0.5000 0.8660
vn 0.8728 -0.2440 0.4226
vn 0.9999 -0.0051 0.0088
vn 0.8544 0.2598 -0.4500
vn 1.0000 -0.0015 0.0026
vn -0.4964 0.3675 -0.7865
vn 0.4964 0.3675 -0.7865
vn -0.9228 0.1926 -0.3336
vn -0.8494 0.2639 -0.4571
vn -0.9999 -0.0051 0.0088
vn -0.8728 -0.2440 0.4226
vn -0.5152 -0.4285 0.7423
vn -0.0000 -0.3827 0.9239
vn 0.5152 -0.3280 0.7918
vn 0.9999 -0.0039 0.0094
vn 0.8728 -0.1868 0.4509
vn 1.0000 -0.0012 0.0028
vn -0.3397 0.8719 0.3528
vn -0.2199 0.9013 0.3733
vn -0.4561 0.7975 0.3949
vn -0.3397 0.3670 -0.8660
vn -0.4964 0.2963 -0.8160
vn -0.4561 0.2847 -0.8432
vn -0.8494 0.2020 -0.4876
vn -0.9999 -0.0039 0.0094
vn -0.9228 0.1474 -0.3559
vn -0.5152 -0.3280 0.7919
vn -0.8728 -0.1868 0.4509
vn -0.0000 -0.2588 0.9659
vn 0.5152 -0.2218 0.8279
vn 0.9999 -0.0026 0.0098
vn 0.8728 -0.1263 0.4714
vn 0.8544 0.1345 -0.5019
vn 1.0000 -0.0008 0.0029
vn -0.3397 -0.8660 -0.3670
vn -0.4964 -0.8160 -0.2963
vn -0.4561 -0.8432 -0.2847
vn -0.3397 -0.3670 0.8660
vn -0.4964 -0.2963 0.8160
vn -0.4561 -0.2847 0.8432
vn -0.9228 0.0997 -0.3721
vn -0.8494 0.1366 -0.5098
vn -0.9999 -0.0026 0.0098
vn -0.8728 -0.1263 0.4714
vn -0.5152 -0.2218 0.8279
vn -0.0000 -0.1305 0.9914
vn 0.5152 -0.1119 0.8498
vn 0.8728 -0.0637 0.4839
vn 0.9999 -0.0013 0.0101
vn 1.0000 -0.0004 0.0030
vn -0.4978 0.1132 -0.8599
vn 0.4978 0.1132 -0.8599
vn -0.8494 0.0689 -0.5233
vn -0.9999 -0.0013 0.0101
vn -0.9228 0.0503 -0.3819
vn -0.8728 -0.0637 0.4839
vn -0.5152 -0.1119 0.8498
vn -0.0000 -0.0000 1.0000
vn 0.5152 -0.0000 0.8571
vn 0.8728 -0.0000 0.4880
vn 0.8544 0.0678 -0.5152
vn 0.9999 -0.0000 0.0102
vn 1.0000 -0.0000 0.0030
vn -0.4561 -0.0568 -0.8881
vn 0.4964 -0.0750 -0.8649
vn -0.9228 -0.0000 -0.3852
vn -0.8494 -0.0000 -0.5278
vn -0.9999 -0.0000 0.0102
vn -0.8728 -0.0000 0.4880
vn -0.5152 -0.0000 0.8571
vn 0.5152 0.1119 0.8498
vn -0.0000 0.1305 0.9914
vn 0.8728 0.0637 0.4839
vn 0.8544 -0.0678 -0.5152
vn 0.9999 0.0013 0.0101
vn 1.0000 0.0004 0.0030
vn -0.3397 0.8660 0.3670
vn -0.4964 0.8160 0.2963
vn -0.4561 0.8432 0.2847
vn -0.8494 -0.0689 -0.5233
vn -0.9999 0.0013 0.0101
vn -0.9228 -0.0503 -0.3819
vn -0.8728 0.0637 0.4839
vn -0.5152 0.1119 0.8498
vn -0.0000 0.2588 0.9659
vn 0.5152 0.2218 0.8279
vn 0.9999 0.0026 0.0098
vn 0.8728 0.1263 0.4714
vn 0.8544 -0.1345 -0.5019
vn 1.0000 0.0008 0.0029
vn -0.9228 -0.0997 -0.3721
vn -0.8494 -0.1366 -0.5098
vn -0.9999 0.0026 0.0098
vn -0.5152 0.2218 0.8279
vn -0.8728 0.1263 0.4714
vn -0.0000 0.3827 0.9239
vn 0.8728 0.1868 0.4509
vn 0.5152 0.3280 0.7919
vn 0.8544 -0.1988 -0.4801
vn 0.9999 0.0039 0.0094
vn 1.0000 0.0012 0.0028
vn -0.4964 -0.1514 -0.8548
vn -0.4978 -0.3319 -0.8013
vn -0.4561 -0.1750 -0.8725
vn 0.4561 -0.1750 -0.8725
vn 0.4978 -0.3319 -0.8013
vn 0.4964 -0.1514 -0.8548
vn -0.8494 -0.2020 -0.4876
vn -0.9228 -0.1474 -0.3559
vn -0.8728 0.1868 0.4509
vn -0.9999 0.0039 0.0094
vn -0.5152 0.3280 0.7918
vn 0.5152 0.4285 0.7423
vn -0.0000 0.5000 0.8660
vn 0.8728 0.2440 0.4226
vn 0.9999 0.0051 0.0088
vn 0.8544 -0.2598 -0.4500
vn 1.0000 0.0015 0.0026
vn -0.4561 -0.4932 -0.7408
vn 0.4561 -0.4932 -0.7408
vn 0.4964 -0.4974 -0.7115
vn -0.9228 -0.1926 -0.3336
vn -0.8494 -0.2639 -0.4571
vn -0.9999 0.0051 0.0088
vn -0.8728 0.2440 0.4226
vn -0.5152 0.4285 0.7423
vn -0.0000 0.6088 0.7934
vn 0.5152 0.5218 0.6800
vn 0.8728 0.2971 0.3872
vn 0.9999 0.0062 0.0081
vn 1.0000 0.0019 0.0024
vn 0.3397 -0.1304 -0.9315
vn 0.4561 -0.0567 -0.8881
vn -0.9228 -0.2345 -0.3056
vn -0.8494 -0.3213 -0.4187
vn -0.9999 0.0062 0.0081
vn -0.8728 0.2971 0.3872
vn -0.5152 0.5218 0.6800
vn 0.5152 0.6061 0.6061
vn -0.0000 0.7071 0.7071
vn 0.8728 0.3451 0.3451
vn 0.9999 0.0072 0.0072
vn 0.8544 -0.3674 -0.3674
vn 1.0000 0.0022 0.0022
vn 0.3397 -0.9315 0.1304
vn 0.4964 -0.8649 0.0750
vn 0.4561 -0.8881 0.0568
vn 0.3397 0.1304 0.9315
vn 0.4964 0.0750 0.8649
vn 0.4561 0.0568 0.8881
vn -0.8494 -0.3732 -0.3732
vn -0.9999 0.0072 0.0072
vn -0.9228 -0.2724 -0.2724
vn -0.8728 0.3451 0.3451
vn -0.5152 0.6061 0.6061
vn 0.5152 0.6800 0.5218
vn -0.0000 0.7934 0.6088
vn 0.8728 0.3872 0.2971
vn 0.8544 -0.4122 -0.3163
vn 0.9999 0.0081 0.0062
vn 1.0000 0.0024 0.0019
vn -0.4964 -0.5586 -0.6646
vn -0.4978 -0.6881 -0.5280
vn -0.4561 -0.5879 -0.6681
vn 0.4964 -0.5586 -0.6646
vn 0.4978 -0.6881 -0.5280
vn -0.8494 -0.4187 -0.3213
vn -0.9228 -0.3056 -0.2345
vn -0.9999 0.0081 0.0062
vn -0.5152 0.6800 0.5218
vn -0.8728 0.3872 0.2971
vn -0.0000 0.8660 0.5000
vn 0.8728 0.4227 0.2440
vn 0.5152 0.7423 0.4285
vn 0.9999 0.0088 0.0051
vn 1.0000 0.0026 0.0015
vn 0.4964 -0.7865 -0.3675
vn -0.8494 -0.4571 -0.2639
vn -0.9999 0.0088 0.0051
vn -0.9228 -0.3336 -0.1926
vn -0.5152 0.7423 0.4285
vn -0.8728 0.4226 0.2440
vn -0.0000 0.9239 0.3827
vn 0.8728 0.4509 0.1868
vn 0.5152 0.7919 0.3280
vn 0.8544 -0.4500 -0.2598
vn 0.9999 0.0094 0.0039
vn 1.0000 0.0028 0.0012
vn 0.2198 -0.1273 -0.9672
vn 0.2198 -0.9672 0.1273
vn -0.8494 -0.4876 -0.2020
vn -0.9999 0.0094 0.0039
vn -0.9228 -0.3559 -0.1474
vn -0.8728 0.4509 0.1868
vn -0.5152 0.7919 0.3280
vn 0.5152 0.8279 0.2218
vn -0.0000 0.9659 0.2588
vn 0.8728 0.4714 0.1263
vn 0.9999 0.0098 0.0026
vn 0.8544 -0.4801 -0.1988
vn 1.0000 0.0029 0.0008
vn 0.2198 0.1273 0.9672
vn -0.4964 -0.0750 -0.8649
vn -0.3397 -0.1304 -0.9315
vn -0.9228 -0.3721 -0.0997
vn -0.8494 -0.5098 -0.1366
vn -0.9999 0.0098 0.0026
vn -0.8728 0.4714 0.1263
vn -0.5152 0.8279 0.2218
vn 0.5152 0.8498 0.1119
vn -0.0000 0.9914 0.1305
vn 0.8728 0.4839 0.0637
vn 0.8544 -0.5019 -0.1345
vn 0.9999 0.0101 0.0013
vn 1.0000 0.0030 0.0004
vn -0.4978 -0.8599 -0.1132
vn 0.4978 -0.8599 -0.1132
vn -0.8494 -0.5233 -0.0689
vn -0.9999 0.0101 0.0013
vn -0.9228 -0.3819 -0.0503
vn -0.8728 0.4839 0.0637
vn -0.5152 0.8498 0.1119
vn -0.0000 1.0000 -0.0000
vn 0.5152 0.8571 -0.0000
vn 0.8728 0.4880 -0.0000
vn 0.8544 -0.5152 -0.0678
vn 0.9999 0.0102 -0.0000
vn 1.0000 0.0030 -0.0000
vn -0.4561 -0.8881 0.0567
vn -0.9228 -0.3852 -0.0000
vn -0.8494 -0.5278 -0.0000
vn -0.8728 0.4880 -0.0000
vn -0.9999 0.0102 -0.0000
vn -0.5152 0.8571 -0.0000
vn -0.0000 0.9914 -0.1305
vn 0.5152 0.8498 -0.1119
vn 0.9999 0.0101 -0.0013
vn 0.8728 0.4839 -0.0637
vn 0.8544 -0.5152 0.0678
vn 1.0000 0.0030 -0.0004
vn -0.4964 -0.8649 0.0750
vn -0.3397 -0.9315 0.1304
vn -0.4964 0.0750 0.8649
vn -0.3397 0.1304 0.9315
vn -0.4561 0.0567 0.8881
vn -0.8494 -0.5233 0.0689
vn -0.9999 0.0101 -0.0013
vn -0.9228 -0.3819 0.0503
vn -0.8728 0.4839 -0.0637
vn -0.5152 0.8498 -0.1119
vn -0.0000 0.9659 -0.2588
vn 0.5152 0.8279 -0.2218
vn 0.8728 0.4714 -0.1263
vn 0.8544 -0.5019 0.1345
vn 0.9999 0.0098 -0.0026
vn 1.0000 0.0029 -0.0008
vn 0.3397 0.9335 -0.1151
vn 0.2198 0.9672 -0.1273
vn 0.3397 -0.1151 -0.9335
vn -0.8494 -0.5098 0.1366
vn -0.9999 0.0098 -0.0026
vn -0.9228 -0.3721 0.0997
vn -0.5152 0.8279 -0.2218
vn -0.8728 0.4714 -0.1263
vn -0.0000 0.9239 -0.3827
vn 0.5152 0.7919 -0.3280
vn 0.8728 0.4509 -0.1868
vn 0.9999 0.0094 -0.0039
vn 1.0000 0.0028 -0.0012
vn -0.4964 -0.8548 0.1514
vn -0.4978 -0.8013 0.3319
vn -0.4561 -0.8725 0.1750
vn 0.4561 -0.8725 0.1750
vn 0.4978 -0.8013 0.3319
vn 0.4964 -0.8548 0.1514
vn -0.8494 -0.4876 0.2020
vn -0.9999 0.0094 -0.0039
vn -0.9228 -0.3559 0.1474
vn -0.8728 0.4509 -0.1868
vn -0.5152 0.7919 -0.3280
vn -0.0000 0.8660 -0.5000
vn 0.8728 0.4226 -0.2440
vn 0.5152 0.7423 -0.4285
vn 0.9999 0.0088 -0.0051
vn 0.8544 -0.4801 0.1988
vn 1.0000 0.0026 -0.0015
vn -0.4561 -0.7408 0.4932
vn 0.4964 -0.7115 0.4974
vn -0.8494 -0.4571 0.2639
vn -0.9228 -0.3336 0.1926
vn -0.9999 0.0088 -0.0051
vn -0.8728 0.4227 -0.2440
vn -0.5152 0.7423 -0.4285
vn -0.0000 0.7934 -0.6088
vn 0.8728 0.3872 -0.2971
vn 0.5152 0.6800 -0.5218
vn 0.8544 -0.4500 0.2598
vn 0.9999 0.0081 -0.0062
vn 1.0000 0.0024 -0.0019
vn 0.3397 -0.9335 0.1151
vn 0.3397 0.1151 0.9335
vn 0.4561 0.1750 0.8726
vn -0.9228 -0.3056 0.2345
vn -0.8494 -0.4187 0.3213
vn -0.9999 0.0081 -0.0062
vn -0.8728 0.3872 -0.2971
vn -0.5152 0.6800 -0.5218
vn -0.0000 0.7071 -0.7071
vn 0.8728 0.3451 -0.3451
vn 0.5152 0.6061 -0.6061
vn 0.9999 0.0072 -0.0072
vn 0.8544 -0.3674 0.3674
vn 1.0000 0.0022 -0.0021
vn -0.9228 -0.2724 0.2724
vn -0.8494 -0.3732 0.3732
vn -0.9999 0.0072 -0.0072
vn -0.8728 0.3451 -0.3451
vn -0.5152 0.6061 -0.6061
vn -0.0000 0.6088 -0.7934
vn 0.5152 0.5218 -0.6800
vn 0.9999 0.0062 -0.0081
vn 0.8728 0.2971 -0.3872
vn 0.8544 -0.3163 0.4122
vn 1.0000 0.0019 -0.0024
vn -0.4561 -0.6681 0.5879
vn -0.4978 -0.5280 0.6881
vn 0.4561 -0.6681 0.5879
vn 0.4978 -0.5280 0.6881
vn 0.4964 -0.6646 0.5586
vn -0.8494 -0.3213 0.4187
vn -0.9228 -0.2345 0.3056
vn -0.9999 0.0062 -0.0081
vn -0.8728 0.2971 -0.3872
vn -0.5152 0.5218 -0.6800
vn -0.0000 0.5000 -0.8660
vn 0.5152 0.4285 -0.7423
vn 0.8728 0.2440 -0.4226
vn 0.8544 -0.2598 0.4500
vn 0.9999 0.0051 -0.0088
vn 1.0000 0.0015 -0.0026
vn -0.4964 -0.3675 0.7865
vn 0.4964 -0.3675 0.7865
vn -0.9228 -0.1926 0.3336
vn -0.8494 -0.2639 0.4571
vn -0.9999 0.0051 -0.0088
vn -0.8728 0.2440 -0.4226
vn -0.5152 0.4285 -0.7423
vn -0.0000 0.3827 -0.9239
vn 0.5152 0.3280 -0.7919
vn 0.8728 0.1868 -0.4509
vn 0.9999 0.0039 -0.0094
vn 1.0000 0.0012 -0.0028
vn 0.4964 0.1514 0.8548
vn -0.8494 -0.2020 0.4876
vn -0.9999 0.0039 -0.0094
vn -0.9228 -0.1474 0.3559
vn -0.8728 0.1868 -0.4509
vn -0.5152 0.3280 -0.7918
vn -0.0000 0.2588 -0.9659
vn 0.8728 0.1263 -0.4714
vn 0.5152 0.2218 -0.8279
vn 0.9999 0.0026 -0.0098
vn 0.8544 -0.1988 0.4801
vn 1.0000 0.0008 -0.0029
vn -0.2198 -0.1273 -0.9672
vn -0.2198 -0.9672 0.1273
vn -0.8494 -0.1366 0.5098
vn -0.9228 -0.0997 0.3721
vn -0.9999 0.0026 -0.0098
vn -0.8728 0.1263 -0.4714
vn -0.5152 0.2218 -0.8279
vn -0.0000 0.1305 -0.9914
vn 0.5152 0.1119 -0.8498
vn 0.8728 0.0637 -0.4839
vn 0.8544 -0.1345 0.5019
vn 0.9999 0.0013 -0.0101
vn 1.0000 0.0004 -0.0030
vn -0.4978 -0.1132 0.8599
vn 0.4978 -0.1132 0.8599
vn -0.9228 -0.0503 0.3819
vn -0.8494 -0.0689 0.5233
vn -0.9999 0.0013 -0.0101
vn -0.8728 0.0637 -0.4839
vn -0.5152 0.1119 -0.8498
vn -0.0000 -0.0000 -1.0000
vn 0.8728 -0.0000 -0.4880
vn 0.5152 -0.0000 -0.8571
vn 0.8544 -0.0678 0.5152
vn 0.9999 -0.0000 -0.0102
vn 1.0000 -0.0000 -0.0030
vn -0.9228 -0.0000 0.3852
vn -0.8494 -0.0000 0.5278
vn -0.9999 -0.0000 -0.0102
vn -0.5152 -0.0000 -0.8571
vn -0.8728 -0.0000 -0.4880
vn 0.5152 -0.1119 -0.8498
vn -0.0000 -0.1305 -0.9914
vn 0.8728 -0.0637 -0.4839
vn 0.8544 -0.0000 0.5196
vn 0.9999 -0.0013 -0.0101
vn 1.0000 -0.0004 -0.0030
vn -0.2198 0.1273 0.9672
vn 0.3397 0.9315 -0.1304
vn 0.4561 0.8881 -0.0568
vn -0.8494 0.0689 0.5233
vn -0.9228 0.0503 0.3819
vn -0.8728 -0.0637 -0.4839
vn -0.9999 -0.0013 -0.0101
vn -0.5152 -0.1119 -0.8498
vn -0.0000 -0.2588 -0.9659
vn 0.5152 -0.2218 -0.8279
vn 0.8728 -0.1263 -0.4714
vn 0.8544 0.0678 0.5152
vn 0.9999 -0.0026 -0.0098
vn 1.0000 -0.0008 -0.0029
vn -0.3397 0.9335 -0.1151
vn -0.3397 -0.1151 -0.9335
vn -0.8494 0.1366 0.5098
vn -0.9228 0.0997 0.3721
vn -0.9999 -0.0026 -0.0098
vn -0.8728 -0.1263 -0.4714
vn -0.5152 -0.2218 -0.8279
vn 0.5152 -0.3280 -0.7919
vn -0.0000 -0.3827 -0.9239
vn 0.8728 -0.1868 -0.4509
vn 0.8544 0.1345 0.5019
vn 0.9999 -0.0039 -0.0094
vn 1.0000 -0.0012 -0.0028
vn -0.4964 0.1514 0.8548
vn -0.4978 0.3319 0.8013
vn -0.4561 0.1750 0.8725
vn 0.4978 0.3319 0.8013
vn -0.8494 0.2020 0.4876
vn -0.9228 0.1474 0.3559
vn -0.9999 -0.0039 -0.0094
vn -0.5152 -0.3280 -0.7919
vn -0.8728 -0.1868 -0.4509
vn 0.5152 -0.4285 -0.7423
vn -0.0000 -0.5000 -0.8660
vn 0.8728 -0.2440 -0.4226
vn 0.8544 0.2598 0.4500
vn 0.9999 -0.0051 -0.0088
vn 1.0000 -0.0015 -0.0026
vn -0.4561 0.4932 0.7408
vn 0.4561 0.4932 0.7408
vn 0.4964 0.4974 0.7115
vn -0.9228 0.1926 0.3336
vn -0.8494 0.2639 0.4571
vn -0.8728 -0.2440 -0.4227
vn -0.9999 -0.0051 -0.0088
vn -0.5152 -0.4285 -0.7423
vn -0.0000 -0.6088 -0.7934
vn 0.5152 -0.5218 -0.6800
vn 0.8728 -0.2971 -0.3872
vn 0.9999 -0.0062 -0.0081
vn 1.0000 -0.0019 -0.0024
vn -0.3397 -0.9335 0.1151
vn -0.3397 0.1151 0.9335
vn -0.9228 0.2345 0.3056
vn -0.8494 0.3213 0.4187
vn -0.8728 -0.2971 -0.3872
vn -0.9999 -0.0062 -0.0081
vn -0.5152 -0.5218 -0.6800
vn 0.5152 -0.6061 -0.6061
vn -0.0000 -0.7071 -0.7071
vn 0.9999 -0.0072 -0.0072
vn 0.8728 -0.3451 -0.3451
vn 0.8544 0.3674 0.3674
vn 1.0000 -0.0022 -0.0022
vn -0.2198 0.9672 -0.1273
vn -0.9228 0.2724 0.2724
vn -0.8494 0.3732 0.3732
vn -0.9999 -0.0072 -0.0072
vn -0.8728 -0.3451 -0.3451
vn -0.5152 -0.6061 -0.6061
vn -0.0000 -0.7934 -0.6088
vn 0.8728 -0.3872 -0.2971
vn 0.5152 -0.6800 -0.5218
vn 0.9999 -0.0081 -0.0062
vn 1.0000 -0.0024 -0.0019
vn -0.4561 0.5879 0.6681
vn -0.4978 0.6881 0.5280
vn 0.4561 0.5879 0.6681
vn 0.4978 0.6881 0.5280
vn 0.4964 0.5586 0.6646
vn -0.9228 0.3056 0.2345
vn -0.8494 0.4187 0.3213
vn -0.8728 -0.3872 -0.2971
vn -0.9999 -0.0081 -0.0062
vn -0.5152 -0.6800 -0.5218
vn -0.0000 -0.8660 -0.5000
vn 0.8728 -0.4226 -0.2440
vn 0.5152 -0.7423 -0.4285
vn 0.9999 -0.0088 -0.0051
vn 0.8544 0.4500 0.2598
vn 1.0000 -0.0026 -0.0015
vn 0.4964 0.7865 0.3675
vn -0.9228 0.3336 0.1926
vn -0.8494 0.4571 0.2639
vn -0.8728 -0.4227 -0.2440
vn -0.9999 -0.0088 -0.0051
vn -0.5152 -0.7423 -0.4285
vn -0.0000 -0.9239 -0.3827
vn 0.5152 -0.7919 -0.3280
vn 0.8728 -0.4509 -0.1868
vn 0.8544 0.4801 0.1988
vn 0.9999 -0.0094 -0.0039
vn 1.0000 -0.0028 -0.0012
vn -0.8494 0.4876 0.2020
vn -0.9228 0.3559 0.1474
vn -0.8728 -0.4509 -0.1868
vn -0.9999 -0.0094 -0.0039
vn -0.5152 -0.7918 -0.3280
vn 0.5152 -0.8279 -0.2218
vn -0.0000 -0.9659 -0.2588
vn 0.8728 -0.4714 -0.1263
vn 0.9999 -0.0098 -0.0026
vn 1.0000 -0.0029 -0.0008
vn 0.4964 0.8649 -0.0750
vn 0.3397 0.7415 -0.5787
vn 0.4561 0.7408 -0.4932
vn -0.9228 0.3721 0.0997
vn -0.8494 0.5098 0.1366
vn -0.9999 -0.0098 -0.0026
vn -0.8728 -0.4714 -0.1263
vn -0.5152 -0.8279 -0.2218
vn -0.0000 -0.9914 -0.1305
vn 0.5152 -0.8498 -0.1119
vn 0.8728 -0.4839 -0.0637
vn 0.8544 0.5019 0.1345
vn 0.9999 -0.0101 -0.0013
vn 1.0000 -0.0030 -0.0004
vn -0.4978 0.8599 0.1132
vn 0.4978 0.8599 0.1132
vn -0.8494 0.5233 0.0689
vn -0.9228 0.3819 0.0503
vn -0.8728 -0.4839 -0.0637
vn -0.9999 -0.0101 -0.0013
vn -0.5152 -0.8498 -0.1119
vn 0.8544 0.5152 0.0678
vn -0.4561 0.8881 -0.0567
vn -1.0000 -0.0000 -0.0000
vn 0.0747 0.9213 0.3816
vn -0.0747 0.7911 -0.6071
vn 0.0747 0.6071 0.7911
vn 1.0000 -0.0000 -0.0000
vn -0.0747 0.9887 -0.1302
vn -0.0747 -0.1302 -0.9887
vn 0.0747 0.7911 -0.6071
vn 0.0747 0.9887 -0.1302
vn -0.0747 0.3816 -0.9213
vn 0.0747 -0.1302 -0.9887
vn -0.0747 -0.9213 -0.3816
vn 0.0747 0.3816 -0.9213
vn 0.0747 -0.9213 -0.3816
vn -0.0747 -0.7911 0.6071
vn 0.0747 -0.7911 0.6071
vn -0.0747 0.6071 0.7911
vn -0.0747 0.1302 0.9887
vn 0.0747 0.1302 0.9887
vn 0.2199 -0.3733 0.9013
vn 0.2199 -0.9013 -0.3733
vn 0.2199 0.3733 -0.9013
vn -0.4964 0.7865 0.3675
vn -0.4964 -0.7865 -0.3675
vn 0.3397 0.8719 0.3528
vn 0.4561 0.7975 0.3949
vn 0.3397 -0.3528 0.8719
vn 0.4561 -0.3949 0.7975
vn 0.3397 -0.8719 -0.3528
vn 0.4561 -0.7975 -0.3949
vn 0.3397 0.3528 -0.8719
vn 0.4561 0.3949 -0.7975
vn -0.2199 0.5939 0.7739
vn -0.3397 0.5664 0.7508
vn -0.2199 -0.7739 0.5939
vn -0.3397 -0.7508 0.5664
vn -0.2199 -0.5939 -0.7739
vn -0.3397 -0.5664 -0.7508
vn -0.2199 0.7739 -0.5939
vn -0.3397 0.7508 -0.5664
vn -0.4964 0.5586 0.6646
vn -0.4964 -0.6646 0.5586
vn -0.3397 0.5787 0.7415
vn -0.3397 -0.7415 0.5787
vn -0.3397 -0.5787 -0.7415
vn -0.3397 0.7415 -0.5787
vn 0.3397 0.5664 0.7508
vn 0.3397 -0.7508 0.5664
vn 0.3397 -0.5664 -0.7508
vn 0.4561 -0.5879 -0.6681
vn 0.3397 0.7508 -0.5664
vn 0.2199 0.5939 0.7739
vn 0.2199 -0.7739 0.5939
vn 0.2199 -0.5939 -0.7739
vn 0.2199 0.7739 -0.5939
vn -0.3397 0.9315 -0.1304
vn -0.4964 0.4974 0.7115
vn -0.4964 -0.7115 0.4974
vn -0.4964 0.8649 -0.0750
vn -0.4964 -0.4974 -0.7115
vn 0.3397 0.5787 0.7415
vn 0.3397 -0.7415 0.5787
vn 0.4561 -0.7408 0.4932
vn 0.3397 -0.5787 -0.7415
vn -0.4970 0.8659 -0.0568
vn -0.4978 0.8599 -0.1132
vn 0.4970 0.8659 -0.0568
vn 0.4978 0.8599 -0.1132
vn -0.4970 0.8511 -0.1693
vn 0.4970 0.8511 -0.1693
vn -0.4970 0.7215 -0.4821
vn -0.4978 0.6881 -0.5280
vn 0.4970 0.7215 -0.4821
vn 0.4978 0.6881 -0.5280
vn -0.4970 0.6524 -0.5722
vn 0.4970 0.6524 -0.5722
vn -0.4970 0.3838 -0.7783
vn -0.4978 0.3319 -0.8013
vn 0.4970 0.3838 -0.7783
vn 0.4978 0.3319 -0.8013
vn -0.4970 0.2789 -0.8217
vn 0.4970 0.2789 -0.8217
vn -0.4970 -0.0568 -0.8659
vn -0.4978 -0.1132 -0.8599
vn 0.4970 -0.0568 -0.8659
vn 0.4978 -0.1132 -0.8599
vn -0.4970 -0.1693 -0.8511
vn 0.4970 -0.1693 -0.8511
vn -0.4970 -0.4821 -0.7215
vn -0.4978 -0.5280 -0.6881
vn 0.4970 -0.4821 -0.7215
vn 0.4978 -0.5280 -0.6881
vn -0.4970 -0.5722 -0.6524
vn 0.4970 -0.5722 -0.6524
vn -0.4970 -0.7783 -0.3838
vn -0.4978 -0.8013 -0.3319
vn 0.4970 -0.7783 -0.3838
vn 0.4978 -0.8013 -0.3319
vn -0.4970 -0.8217 -0.2789
vn 0.4970 -0.8217 -0.2789
vn -0.4970 -0.8659 0.0568
vn -0.4978 -0.8599 0.1132
vn 0.4970 -0.8659 0.0568
vn 0.4978 -0.8599 0.1132
vn -0.4970 -0.8511 0.1693
vn 0.4970 -0.8511 0.1693
vn -0.4970 -0.7215 0.4821
vn -0.4978 -0.6881 0.5280
vn 0.4970 -0.7215 0.4821
vn 0.4978 -0.6881 0.5280
vn -0.4970 -0.6524 0.5722
vn 0.4970 -0.6524 0.5722
vn -0.4970 -0.3838 0.7783
vn -0.4978 -0.3319 0.8013
vn 0.4970 -0.3838 0.7783
vn 0.4978 -0.3319 0.8013
vn -0.4970 -0.2789 0.8217
vn 0.4970 -0.2789 0.8217
vn -0.4970 0.0568 0.8659
vn -0.4978 0.1132 0.8599
vn 0.4970 0.0568 0.8659
vn 0.4978 0.1132 0.8599
vn -0.4970 0.1693 0.8511
vn 0.4970 0.1693 0.8511
vn -0.4970 0.4821 0.7215
vn -0.4978 0.5280 0.6881
vn 0.4970 0.4821 0.7215
vn 0.4978 0.5280 0.6881
vn -0.4970 0.5722 0.6524
vn 0.4970 0.5722 0.6524
vn -0.4970 0.7783 0.3838
vn -0.4978 0.8013 0.3319
vn 0.4970 0.7783 0.3838
vn 0.4978 0.8013 0.3319
vn -0.4970 0.8217 0.2789
vn 0.4970 0.8217 0.2789
vn 0.0747 -0.3816 0.9213
vn -0.0747 0.9213 0.3816
vn -0.0747 -0.3816 0.9213
vn 0.0747 -0.9887 0.1302
vn -0.0747 -0.9887 0.1302
vn 0.0747 -0.6071 -0.7911
vn -0.0747 -0.6071 -0.7911
vn 0.6465 0.7564 0.0996
vn 0.8544 0.5196 -0.0000
vn 0.6465 0.7048 0.2920
vn 0.8544 0.4122 0.3163
vn 0.6465 0.6607 0.3815
vn 0.6465 0.6053 0.4644
vn 0.6465 0.4644 0.6053
vn 0.8544 0.3163 0.4122
vn 0.6465 0.3815 0.6607
vn 0.6465 0.2919 0.7048
vn 0.8544 0.1988 0.4801
vn 0.6465 0.1975 0.7369
vn 0.6465 0.0996 0.7564
vn 0.6465 -0.0996 0.7564
vn 0.6465 -0.2920 0.7048
vn 0.6465 -0.4644 0.6053
vn 0.6465 -0.5395 0.5395
vn 0.6465 -0.6053 0.4644
vn 0.8544 -0.4122 0.3163
vn 0.6465 -0.6607 0.3815
vn 0.6465 -0.7048 0.2919
vn 0.6465 -0.7369 0.1975
vn 0.6465 -0.7564 0.0996
vn 0.6465 -0.7629 -0.0000
vn 0.8544 -0.5196 -0.0000
vn 0.6465 -0.7564 -0.0996
vn 0.6465 -0.7048 -0.2919
vn 0.6465 -0.6053 -0.4644
vn 0.8544 -0.3163 -0.4122
vn 0.6465 -0.5395 -0.5395
vn 0.6465 -0.3815 -0.6607
vn 0.6465 -0.2919 -0.7048
vn 0.6465 -0.0996 -0.7564
vn 0.6465 -0.0000 -0.7629
vn 0.8544 -0.0000 -0.5196
vn 0.6465 0.0996 -0.7564
vn 0.6465 0.1975 -0.7369
vn 0.6465 0.2920 -0.7048
vn 0.8544 0.1988 -0.4801
vn 0.8544 0.3163 -0.4122
vn 0.6465 0.3815 -0.6607
vn 0.6465 0.4644 -0.6053
vn 0.6465 0.5395 -0.5395
vn 0.6465 0.6053 -0.4644
vn 0.6465 0.7048 -0.2919
vn 0.6465 0.7369 -0.1975
vn 0.6465 0.7564 -0.0996
vn -0.0000 -0.1951 0.9808
vn -0.0000 -0.5556 0.8315
vn -0.0000 -0.8315 0.5556
vn -0.0000 -0.9808 0.1951
vn -0.0000 -0.9808 -0.1951
vn -0.0000 -0.8315 -0.5556
vn -0.0000 -0.5556 -0.8315
vn -0.0000 -0.1951 -0.9808
vn -0.0000 0.1951 -0.9808
vn -0.0000 0.5556 -0.8315
vn -0.0000 0.8315 -0.5556
vn -0.0000 0.9808 -0.1951
vn -0.0000 0.9808 0.1951
vn -0.0000 0.8315 0.5556
vn -0.0000 0.5556 0.8315
vn -0.0000 0.1951 0.9808
vn -0.8544 0.5196 -0.0000
vn -1.0000 -0.0030 -0.0000
vn -1.0000 -0.0030 0.0004
vn -0.4863 0.4254 -0.7632
vn 0.8494 0.5233 -0.0689
vn 0.9228 0.3852 -0.0000
vn 0.8494 0.5278 -0.0000
vn -0.8544 0.5152 -0.0678
vn -1.0000 -0.0029 0.0008
vn -0.4863 -0.7632 -0.4254
vn -0.4863 -0.4254 0.7633
vn 0.9228 0.3721 -0.0997
vn 0.9228 0.3819 -0.0503
vn -0.8544 0.4801 -0.1988
vn -0.8544 0.5019 -0.1345
vn -1.0000 -0.0028 0.0012
vn 0.8494 0.4876 -0.2020
vn 0.8494 0.5098 -0.1366
vn 0.9228 0.3559 -0.1474
vn 0.5152 -0.7919 0.3280
vn -1.0000 -0.0026 0.0015
vn 0.9228 0.3336 -0.1926
vn 0.8728 -0.4227 0.2440
vn -0.8728 -0.4227 0.2440
vn -0.8544 0.4500 -0.2598
vn -1.0000 -0.0024 0.0019
vn -0.4863 0.7632 0.4254
vn 0.2198 0.3733 -0.9013
vn 0.8494 0.4187 -0.3213
vn 0.8494 0.4571 -0.2639
vn 0.9228 0.3056 -0.2345
vn -0.8544 0.4122 -0.3163
vn -1.0000 -0.0022 0.0022
vn 0.9228 0.2724 -0.2724
vn -0.8544 0.3674 -0.3674
vn -1.0000 -0.0019 0.0024
vn 0.8494 0.3732 -0.3732
vn 0.9228 0.2345 -0.3056
vn -0.8728 -0.2440 0.4227
vn -0.8544 0.2598 -0.4500
vn -0.8544 0.3163 -0.4122
vn -1.0000 -0.0015 0.0026
vn 0.8494 0.2639 -0.4571
vn 0.8494 0.3213 -0.4187
vn 0.9228 0.1926 -0.3336
vn 0.8728 -0.2440 0.4227
vn -1.0000 -0.0012 0.0028
vn 0.8494 0.2020 -0.4876
vn -0.8544 0.1345 -0.5019
vn -0.8544 0.1988 -0.4801
vn -1.0000 -0.0008 0.0029
vn 0.9228 0.0997 -0.3721
vn 0.9228 0.1474 -0.3559
vn -0.8544 0.0678 -0.5152
vn -1.0000 -0.0004 0.0030
vn 0.8494 0.0689 -0.5233
vn 0.8494 0.1366 -0.5098
vn -0.8544 -0.0000 -0.5196
vn -1.0000 -0.0000 0.0030
vn 0.9228 -0.0000 -0.3852
vn 0.9228 0.0503 -0.3819
vn -1.0000 0.0004 0.0030
vn 0.8494 -0.0689 -0.5233
vn 0.8494 -0.0000 -0.5278
vn 0.9228 -0.0503 -0.3819
vn -0.8544 -0.1345 -0.5019
vn -0.8544 -0.0678 -0.5152
vn -1.0000 0.0008 0.0029
vn 0.9228 -0.0997 -0.3721
vn -1.0000 0.0012 0.0028
vn 0.4561 -0.1750 -0.8726
vn -0.4561 -0.1750 -0.8726
vn 0.8494 -0.2020 -0.4876
vn 0.8494 -0.1366 -0.5098
vn 0.9228 -0.1474 -0.3559
vn 0.5152 0.3280 0.7918
vn -0.8544 -0.1988 -0.4801
vn -1.0000 0.0015 0.0026
vn 0.8494 -0.2639 -0.4571
vn 0.9228 -0.1926 -0.3336
vn 0.8728 0.2440 0.4227
vn -0.8544 -0.2598 -0.4500
vn -1.0000 0.0019 0.0024
vn 0.9228 -0.2345 -0.3056
vn -0.8544 -0.3163 -0.4122
vn -1.0000 0.0022 0.0022
vn -0.4561 0.0568 0.8881
vn 0.8494 -0.3732 -0.3732
vn 0.8494 -0.3213 -0.4187
vn -0.8544 -0.4122 -0.3163
vn -0.8544 -0.3674 -0.3674
vn -1.0000 0.0024 0.0018
vn 0.8494 -0.4187 -0.3213
vn 0.9228 -0.2724 -0.2724
vn 0.9228 -0.3056 -0.2345
vn -0.8728 0.4227 0.2440
vn -0.8544 -0.4500 -0.2598
vn -1.0000 0.0026 0.0015
vn 0.8494 -0.4571 -0.2639
vn 0.9228 -0.3336 -0.1926
vn -1.0000 0.0028 0.0012
vn 0.8494 -0.4876 -0.2020
vn -0.8544 -0.5019 -0.1345
vn -0.8544 -0.4801 -0.1988
vn -1.0000 0.0029 0.0008
vn 0.4863 -0.2134 -0.8473
vn 0.9228 -0.3721 -0.0997
vn 0.9228 -0.3559 -0.1474
vn 0.5152 0.7918 0.3280
vn -1.0000 0.0030 0.0004
vn 0.8494 -0.5098 -0.1366
vn 0.9228 -0.3820 -0.0503
vn -0.8544 -0.5152 -0.0678
vn -1.0000 0.0030 -0.0000
vn 0.8494 -0.5278 -0.0000
vn 0.8494 -0.5233 -0.0689
vn 0.9228 -0.3852 -0.0000
vn -0.8544 -0.5196 -0.0000
vn -1.0000 0.0030 -0.0004
vn 0.4863 -0.8473 0.2134
vn 0.4863 0.2134 0.8473
vn 0.9228 -0.3819 0.0503
vn -0.8544 -0.5152 0.0678
vn -1.0000 0.0029 -0.0008
vn 0.8494 -0.5098 0.1366
vn 0.8494 -0.5233 0.0689
vn 0.9228 -0.3721 0.0997
vn -0.8544 -0.4801 0.1988
vn -0.8544 -0.5019 0.1345
vn -1.0000 0.0028 -0.0012
vn 0.4561 -0.8726 0.1750
vn 0.9228 -0.3559 0.1474
vn 0.5152 0.7918 -0.3280
vn -0.8728 0.4226 -0.2440
vn -1.0000 0.0026 -0.0015
vn 0.8494 -0.4571 0.2639
vn 0.8494 -0.4876 0.2020
vn -0.8544 -0.4500 0.2598
vn -1.0000 0.0024 -0.0018
vn -0.4561 0.1750 0.8726
vn 0.8494 -0.4187 0.3213
vn 0.9228 -0.3336 0.1926
vn -0.8544 -0.4122 0.3163
vn -1.0000 0.0022 -0.0022
vn -0.4863 0.8737 -0.0132
vn -0.4863 -0.0132 -0.8737
vn 0.9228 -0.2724 0.2724
vn 0.9228 -0.3056 0.2345
vn -0.8544 -0.3163 0.4122
vn -0.8544 -0.3674 0.3674
vn -1.0000 0.0019 -0.0024
vn 0.8494 -0.3732 0.3732
vn 0.9228 -0.2345 0.3056
vn -0.8728 0.2440 -0.4227
vn -0.8544 -0.2598 0.4500
vn -1.0000 0.0015 -0.0026
vn 0.8494 -0.2639 0.4571
vn 0.8494 -0.3213 0.4187
vn 0.9228 -0.1926 0.3336
vn -1.0000 0.0012 -0.0028
vn -0.4863 -0.8737 0.0132
vn -0.4863 0.0132 0.8737
vn 0.8494 -0.2020 0.4876
vn 0.9228 -0.1474 0.3559
vn -0.8544 -0.1988 0.4801
vn -1.0000 0.0008 -0.0029
vn 0.4561 -0.0568 -0.8881
vn 0.9228 -0.0997 0.3721
vn -0.8544 -0.1345 0.5019
vn -1.0000 0.0004 -0.0030
vn 0.8494 -0.0689 0.5233
vn 0.8494 -0.1366 0.5098
vn 0.9228 -0.0503 0.3820
vn -0.8544 -0.0000 0.5196
vn -0.8544 -0.0678 0.5152
vn -1.0000 -0.0000 -0.0031
vn 0.9228 -0.0000 0.3852
vn -1.0000 -0.0004 -0.0030
vn 0.8494 0.0689 0.5233
vn 0.8494 -0.0000 0.5278
vn 0.9228 0.0503 0.3819
vn -0.8544 0.1345 0.5019
vn -0.8544 0.0678 0.5152
vn -1.0000 -0.0008 -0.0029
vn 0.8494 0.1366 0.5098
vn 0.9228 0.0997 0.3721
vn -0.8544 0.1988 0.4801
vn -1.0000 -0.0012 -0.0028
vn 0.8494 0.2020 0.4876
vn 0.9228 0.1474 0.3559
vn 0.5152 -0.3280 -0.7918
vn -0.8728 -0.2440 -0.4226
vn -0.8544 0.2598 0.4500
vn -1.0000 -0.0015 -0.0026
vn 0.9228 0.1926 0.3336
vn -1.0000 -0.0019 -0.0024
vn 0.8494 0.3213 0.4187
vn 0.8494 0.2639 0.4571
vn -0.8544 0.3674 0.3674
vn -0.8544 0.3163 0.4122
vn -1.0000 -0.0022 -0.0022
vn 0.2199 0.9672 -0.1273
vn 0.9228 0.2724 0.2724
vn 0.9228 0.2345 0.3056
vn -1.0000 -0.0024 -0.0019
vn -1.0000 -0.0022 -0.0021
vn 0.8494 0.3732 0.3732
vn 0.9228 0.3056 0.2345
vn -0.8544 0.4122 0.3163
vn -1.0000 -0.0026 -0.0015
vn 0.8494 0.4187 0.3213
vn 0.9228 0.3336 0.1926
vn 0.8728 -0.4227 -0.2440
vn -0.8544 0.4500 0.2598
vn -1.0000 -0.0028 -0.0012
vn 0.2199 -0.9672 0.1273
vn 0.8494 0.4571 0.2639
vn 0.9228 0.3559 0.1474
vn -0.8544 0.5019 0.1345
vn -0.8544 0.4801 0.1988
vn -1.0000 -0.0029 -0.0008
vn -0.4561 0.8881 -0.0568
vn 0.8494 0.5098 0.1366
vn 0.8494 0.4876 0.2020
vn 0.9228 0.3721 0.0997
vn -0.8544 0.5152 0.0678
vn -1.0000 -0.0030 -0.0004
vn 0.8494 0.5233 0.0689
vn 0.9228 0.3819 0.0503
vn -0.2199 -0.9013 -0.3733
vn -0.2198 0.3733 -0.9013
vn 0.4863 0.8405 0.2389
vn 0.4863 -0.2389 0.8405
vn 0.4863 -0.8405 -0.2389
vn 0.4863 0.2389 -0.8405
vn -0.4863 0.4483 0.7500
vn -0.4863 -0.7500 0.4483
vn -0.4863 -0.4483 -0.7500
vn -0.4863 0.7500 -0.4483
vn -0.2198 -0.7739 0.5939
vn 0.4863 0.6085 0.6271
vn 0.4863 -0.6271 0.6085
vn 0.4863 0.8473 -0.2134
vn 0.4863 -0.6085 -0.6271
vn 0.4863 0.6271 -0.6085
vn 0.4969 0.0568 0.8659
vn -0.6465 0.7629 -0.0000
vn -0.6465 0.7564 0.0996
vn -0.6465 0.7369 0.1975
vn -0.6465 0.7048 0.2920
vn -0.6465 0.6607 0.3815
vn -0.6465 0.6053 0.4644
vn -0.6465 0.5395 0.5395
vn -0.6465 0.4644 0.6053
vn -0.6465 0.3815 0.6607
vn -0.6465 0.2920 0.7048
vn -0.6465 0.1975 0.7369
vn -0.6465 0.0996 0.7564
vn -0.6465 -0.0000 0.7629
vn -0.6465 -0.0996 0.7564
vn -0.6465 -0.1975 0.7369
vn -0.6465 -0.2920 0.7048
vn -0.6465 -0.3815 0.6607
vn -0.6465 -0.4644 0.6053
vn -0.6465 -0.5395 0.5395
vn -0.6465 -0.6053 0.4644
vn -0.6465 -0.6607 0.3815
vn -0.6465 -0.7048 0.2920
vn -0.6465 -0.7369 0.1975
vn -0.6465 -0.7564 0.0996
vn -0.6465 -0.7629 -0.0000
vn -0.6465 -0.7564 -0.0996
vn -0.6465 -0.7369 -0.1975
vn -0.6465 -0.7048 -0.2919
vn -0.6465 -0.6607 -0.3815
vn -0.6465 -0.6053 -0.4644
vn -0.6465 -0.5395 -0.5395
vn -0.6465 -0.4644 -0.6052
vn -0.6465 -0.3815 -0.6607
vn -0.6465 -0.2920 -0.7048
vn -0.6465 -0.1975 -0.7369
vn -0.6465 -0.0996 -0.7564
vn -0.6465 -0.0000 -0.7629
vn -0.6465 0.0996 -0.7564
vn -0.6465 0.1975 -0.7369
vn -0.6465 0.2919 -0.7048
vn -0.6465 0.3815 -0.6607
vn -0.6465 0.4644 -0.6053
vn -0.6465 0.5395 -0.5395
vn -0.6465 0.6053 -0.4644
vn -0.6465 0.6607 -0.3815
vn -0.6465 0.7048 -0.2919
vn -0.6465 0.7369 -0.1975
vn -0.6465 0.7564 -0.0996
vn 0.4863 0.4254 -0.7632
vn 0.4863 -0.7632 -0.4254
vn 0.4863 -0.4254 0.7632
vn 0.4863 0.7632 0.4254
vn -0.2198 0.9013 0.3733
vn -0.4863 -0.4254 0.7632
vn -0.4863 -0.2134 -0.8473
vn -0.4863 -0.8473 0.2134
vn -0.4863 0.2134 0.8473
vn 0.4863 0.8737 -0.0132
vn 0.4863 -0.0132 -0.8737
vn 0.4863 -0.8737 0.0132
vn 0.4863 0.0132 0.8737
vn 0.2198 -0.9013 -0.3733
vn -0.4863 0.8405 0.2389
vn -0.4863 -0.2389 0.8405
vn -0.4863 -0.8405 -0.2389
vn -0.4863 0.2389 -0.8405
vn 0.4863 0.4483 0.7500
vn 0.4863 -0.7500 0.4483
vn 0.4863 -0.4483 -0.7500
vn 0.4863 0.7500 -0.4483
vn -0.4863 0.6085 0.6271
vn -0.4863 -0.6271 0.6085
vn -0.4863 0.8473 -0.2134
vn -0.4863 -0.6085 -0.6271
vn -0.4863 0.6271 -0.6085
vn 0.6465 0.7629 -0.0000
vn 0.6465 0.7369 0.1975
vn 0.6465 0.5395 0.5395
vn 0.6465 -0.0000 0.7629
vn 0.6465 -0.1975 0.7369
vn 0.6465 -0.3815 0.6607
vn 0.6465 -0.7369 -0.1975
vn 0.6465 -0.6607 -0.3815
vn 0.6465 -0.4644 -0.6053
vn 0.6465 -0.1975 -0.7369
vn 0.6465 0.6607 -0.3815
vn 0.4969 -0.2789 0.8217
vn -1.0000 -0.0000 0.0001
vn -1.0000 -0.0000 -0.0001
vt 0.299126 0.726192
vt 0.325229 0.752295
vt 0.325229 0.726192
vt 0.299126 0.752295
vt 0.113001 0.849344
vt 0.183210 0.919553
vt 0.183210 0.849344
vt 0.113001 0.919553
vt 0.272853 0.911620
vt 0.327196 0.857277
vt 0.272853 0.857277
vt 0.327196 0.911620
vt 0.294724 0.857800
vt 0.326674 0.879148
vt 0.305325 0.911098
vt 0.278973 0.710690
vt 0.305076 0.736793
vt 0.305076 0.710690
vt 0.278973 0.736793
vt 0.300025 0.911620
vt 0.294724 0.911098
vt 0.289627 0.909552
vt 0.284929 0.907041
vt 0.280812 0.903662
vt 0.277433 0.899544
vt 0.274922 0.894847
vt 0.273376 0.889750
vt 0.272853 0.884449
vt 0.273376 0.879148
vt 0.274922 0.874051
vt 0.277433 0.869353
vt 0.280812 0.865236
vt 0.284929 0.861857
vt 0.289627 0.859346
vt 0.300025 0.857277
vt 0.305325 0.857800
vt 0.310423 0.859346
vt 0.315120 0.861857
vt 0.319238 0.865236
vt 0.322617 0.869353
vt 0.325128 0.874051
vt 0.327196 0.884449
vt 0.326674 0.889749
vt 0.325128 0.894847
vt 0.322617 0.899544
vt 0.319238 0.903662
vt 0.315120 0.907041
vt 0.310423 0.909552
s 2
g off
g Torus.002_Materiau_Metal
usemtl Materiau_Metal
f 769/5/10 18/6/11 770/7/11
s 3
f 660/8/12 536/7/13 548/5/14
f 124/5/15 588/6/16 125/7/17
s 2
f 18/8/11 771/7/33 770/5/11
s 3
f 265/5/34 612/6/35 266/7/36
f 406/5/37 636/6/38 407/7/39
s 2
f 771/5/33 41/6/50 772/7/50
s 4
f 30/8/51 41/7/52 29/5/53
s 3
f 31/8/54 42/7/55 30/5/56
s 2
f 41/8/50 773/7/66 772/5/50
s 4
f 41/5/52 54/6/67 53/7/68
s 3
f 43/8/55 54/7/69 42/5/55
s 2
f 53/8/66 774/7/80 773/5/66
s 3
f 547/5/81 660/6/12 548/7/14
s 4
f 581/8/82 112/7/83 100/5/84
s 2
f 774/5/80 76/6/95 775/7/95
s 4
f 605/8/96 253/7/97 241/5/98
f 629/8/99 394/7/100 382/5/101
s 2
f 76/8/95 776/7/112 775/5/95
s 4
f 77/8/113 88/7/114 76/5/115
s 3
f 78/8/116 89/7/117 77/5/118
s 2
f 88/8/112 777/7/129 776/5/112
s 4
f 88/5/114 101/6/130 100/7/84
s 3
f 90/8/117 101/7/131 89/5/117
s 2
f 100/8/129 778/7/141 777/5/129
s 4
f 653/8/142 535/7/143 523/5/144
f 586/8/145 124/7/146 123/5/147
s 2
f 112/8/141 779/7/158 778/5/141
s 4
f 610/8/159 265/7/160 264/5/161
f 634/8/162 406/7/163 405/5/164
s 2
f 779/5/158 135/6/174 780/7/174
s 4
f 124/8/146 135/7/175 123/5/147
s 3
f 124/5/15 137/6/176 136/7/176
s 2
f 135/8/174 781/7/187 780/5/174
s 4
f 136/8/175 147/7/188 135/5/175
s 3
f 137/8/176 148/7/189 136/5/176
s 2
f 781/5/187 159/6/200 782/7/200
s 4
f 658/8/201 547/7/202 546/5/203
f 112/5/83 586/6/145 123/7/147
s 2
f 782/5/200 170/6/214 783/7/214
s 4
f 253/5/97 610/6/159 264/7/161
f 394/5/100 634/6/162 405/7/164
s 2
f 783/5/214 182/6/225 784/7/225
s 4
f 171/8/226 182/7/227 170/5/228
s 3
f 172/8/229 183/7/230 171/5/231
s 2
f 182/8/225 785/7/242 784/5/225
s 4
f 183/8/227 194/7/243 182/5/227
s 3
f 183/5/230 196/6/244 195/7/245
s 2
f 194/8/242 786/7/255 785/5/242
s 4
f 535/5/143 658/6/201 546/7/203
s 3
f 591/8/256 148/7/189 149/5/257
s 2
f 786/5/255 217/6/268 787/7/268
s 3
f 615/8/269 289/7/270 290/5/271
f 639/8/272 430/7/273 431/5/274
s 2
f 217/8/268 788/7/285 787/5/268
s 4
f 218/8/286 229/7/287 217/5/288
s 3
f 218/5/289 231/6/290 230/7/290
s 2
f 788/5/285 241/6/300 789/7/300
s 4
f 230/8/287 241/7/98 229/5/287
s 3
f 231/8/290 242/7/301 230/5/290
s 2
f 789/5/300 253/6/312 790/7/312
s 3
f 160/5/313 591/6/256 149/7/257
f 301/5/314 615/6/269 290/7/271
s 2
f 253/8/312 791/7/325 790/5/312
s 3
f 442/5/326 639/6/272 431/7/274
s 4
f 148/5/327 589/6/328 147/7/188
s 2
f 264/8/325 792/7/339 791/5/325
s 4
f 265/8/160 276/7/340 264/5/161
s 3
f 266/8/36 277/7/341 265/5/34
s 2
f 276/8/339 793/7/352 792/5/339
s 4
f 277/8/340 288/7/353 276/5/340
s 3
f 278/8/341 289/7/270 277/5/341
s 2
f 793/5/352 300/6/364 794/7/364
s 4
f 289/5/365 613/6/366 288/7/353
f 430/5/367 637/6/368 429/7/369
s 2
f 794/5/364 311/6/380 795/7/380
s 3
f 572/8/381 19/7/382 31/5/54
f 596/8/383 160/7/313 172/5/229
s 2
f 795/5/380 323/6/393 796/7/393
s 4
f 312/8/394 323/7/395 311/5/396
s 3
f 313/8/397 324/7/398 312/5/399
s 2
f 796/5/393 335/6/410 797/7/410
s 4
f 324/8/395 335/7/411 323/5/395
s 3
f 325/8/398 336/7/412 324/5/398
s 2
f 797/5/410 347/6/423 798/7/423
s 3
f 620/8/424 301/7/314 313/5/397
f 644/8/425 442/7/326 454/5/426
s 2
f 798/5/423 358/6/437 799/7/437
s 3
f 30/5/56 572/6/381 31/7/54
f 171/5/231 596/6/383 172/7/229
s 2
f 358/8/437 800/7/448 799/5/437
s 4
f 358/5/449 371/6/450 370/7/450
s 3
f 360/8/451 371/7/452 359/5/453
s 2
f 800/5/448 382/6/464 801/7/464
s 4
f 370/5/450 383/6/465 382/7/101
s 3
f 372/8/452 383/7/466 371/5/452
s 2
f 382/8/464 802/7/476 801/5/464
s 3
f 312/5/399 620/6/424 313/7/397
f 453/5/477 644/6/425 454/7/426
s 2
f 394/8/476 803/7/488 802/5/476
s 4
f 589/8/328 159/7/489 147/5/188
f 613/8/366 300/7/490 288/5/353
s 2
f 405/8/488 804/7/501 803/5/488
s 4
f 406/8/163 417/7/502 405/5/164
s 3
f 407/8/39 418/7/503 406/5/37
s 2
f 417/8/501 805/7/514 804/5/501
s 4
f 417/5/502 430/6/367 429/7/369
s 3
f 419/8/503 430/7/273 418/5/503
s 2
f 805/5/514 441/6/525 806/7/525
s 4
f 637/8/368 441/7/526 429/5/369
s 3
f 19/5/382 568/6/527 8/7/528
s 2
f 441/8/525 807/7/539 806/5/525
s 4
f 570/8/540 30/7/51 29/5/53
f 594/8/541 171/7/226 170/5/228
s 2
f 807/5/539 464/6/552 808/7/552
s 4
f 453/8/553 464/7/554 452/5/555
s 3
f 453/5/477 466/6/556 465/7/556
s 2
f 808/5/552 476/6/567 809/7/567
s 4
f 465/8/554 476/7/568 464/5/554
s 3
f 465/5/556 478/6/569 477/7/570
s 2
f 476/8/567 810/7/580 809/5/567
s 4
f 618/8/581 312/7/394 311/5/396
f 642/8/582 453/7/553 452/5/555
s 2
f 810/5/580 499/6/593 811/7/593
s 4
f 18/5/594 570/6/540 29/7/53
f 159/5/489 594/6/541 170/7/228
s 2
f 499/8/593 812/7/604 811/5/593
s 4
f 499/5/605 512/6/606 511/7/606
s 3
f 501/8/607 512/7/608 500/5/609
s 2
f 812/5/604 523/6/620 813/7/620
s 4
f 512/8/606 523/7/144 511/5/606
s 3
f 513/8/608 524/7/621 512/5/608
s 2
f 813/5/620 535/6/632 814/7/632
s 4
f 300/5/490 618/6/581 311/7/396
f 441/5/526 642/6/582 452/7/555
s 2
f 535/8/632 815/7/642 814/5/632
s 3
f 568/8/527 7/7/643 8/5/528
f 575/8/644 54/7/69 55/5/645
s 2
f 815/5/642 558/6/656 816/7/656
s 4
f 546/5/203 559/6/657 558/7/657
s 3
f 548/8/14 559/7/658 547/5/81
s 2
f 558/8/656 769/7/10 816/5/656
s 4
f 559/8/657 6/7/665 558/5/657
s 3
f 560/8/658 7/7/643 559/5/658
s 5
f 666/8/666 568/7/666 569/5/666
s 6
f 586/5/667 686/6/307 587/7/307
s 7
f 704/8/418 604/7/668 603/5/418
s 8
f 725/8/251 621/7/669 622/5/251
s 9
f 637/5/670 745/6/670 640/7/670
s 10
f 682/8/670 586/7/670 584/5/670
s 11
f 620/5/666 720/6/666 617/7/666
s 12
f 639/5/671 743/6/359 638/7/359
s 13
f 568/5/672 663/6/521 567/7/521
s 14
f 684/8/666 583/7/666 585/5/666
s 7
f 602/5/673 704/6/418 603/7/418
s 15
f 722/8/521 620/7/672 619/5/521
s 12
f 743/8/359 637/7/674 638/5/359
s 16
f 653/5/670 763/6/670 656/7/670
s 17
f 700/8/670 602/7/670 600/5/670
s 18
f 636/5/666 738/6/666 633/7/666
s 19
f 655/5/675 761/6/472 654/7/472
s 20
f 702/8/666 599/7/666 601/5/666
s 15
f 618/5/676 722/6/521 619/7/521
s 21
f 740/8/627 636/7/677 635/5/627
s 13
f 663/8/521 565/7/676 567/5/521
s 19
f 761/8/472 653/7/678 654/5/472
s 22
f 718/8/670 618/7/670 616/5/670
s 23
f 565/5/670 662/6/670 566/7/670
s 24
f 652/5/666 756/6/666 649/7/666
s 10
f 581/5/670 682/6/670 584/7/670
s 11
f 720/8/666 615/7/666 617/5/666
s 21
f 634/5/679 740/6/627 635/7/627
s 25
f 758/8/76 652/7/680 651/5/76
s 26
f 583/5/677 680/6/627 582/7/627
s 27
f 736/8/670 634/7/670 632/5/670
s 26
f 680/8/627 581/7/679 582/5/627
s 17
f 597/5/670 700/6/670 600/7/670
s 18
f 738/8/666 631/7/666 633/5/666
s 25
f 650/5/681 758/6/76 651/7/76
s 28
f 580/5/666 675/6/666 577/7/666
s 29
f 599/5/680 698/6/76 598/7/76
s 30
f 754/8/670 650/7/670 648/5/670
s 31
f 677/8/251 580/7/682 579/5/251
s 29
f 698/8/76 597/7/681 598/5/76
s 22
f 613/5/670 718/6/670 616/7/670
s 24
f 756/8/666 647/7/666 649/5/666
s 32
f 596/5/666 693/6/666 593/7/666
s 33
f 615/5/683 716/6/196 614/7/196
s 31
f 578/5/669 677/6/251 579/7/251
s 34
f 695/8/359 596/7/671 595/5/359
s 33
f 716/8/196 613/7/684 614/5/196
s 27
f 629/5/670 736/6/670 632/7/670
s 3
f 636/8/38 395/7/685 407/5/39
f 612/8/35 254/7/686 266/5/36
f 588/8/16 113/7/687 125/5/17
s 4
f 524/5/688 653/6/142 523/7/144
f 383/5/465 629/6/99 382/7/101
f 242/5/689 605/6/96 241/7/98
f 101/5/130 581/6/82 100/7/84
s 3
f 536/5/13 655/6/690 525/7/691
f 395/5/685 631/6/692 384/7/693
f 254/5/686 607/6/694 243/7/695
f 113/5/687 583/6/696 102/7/697
f 655/8/690 524/7/621 525/5/691
f 631/8/692 383/7/466 384/5/693
f 607/8/694 242/7/301 243/5/695
f 583/8/696 101/7/131 102/5/697
s 4
f 488/5/698 650/6/699 499/7/605
f 347/5/700 626/6/701 358/7/449
f 206/5/702 602/6/703 217/7/288
f 65/5/704 578/6/705 76/7/115
f 650/8/699 500/7/706 499/5/605
f 626/8/701 359/7/707 358/5/449
f 602/8/703 218/7/286 217/5/288
f 578/8/705 77/7/113 76/5/115
f 645/8/708 488/7/698 476/5/568
f 621/8/709 347/7/700 335/5/411
f 597/8/710 206/7/702 194/5/243
f 573/8/711 65/7/704 53/5/68
s 3
f 500/5/609 652/6/712 501/7/607
f 359/5/453 628/6/713 360/7/451
f 218/5/289 604/6/714 219/7/715
f 77/5/118 580/6/716 78/7/116
f 652/8/712 489/7/717 501/5/607
f 628/8/713 348/7/718 360/5/451
f 604/8/714 207/7/719 219/5/715
f 580/8/716 66/7/720 78/5/116
s 4
f 565/8/721 18/7/594 6/5/665
f 477/5/722 645/6/708 476/7/568
f 336/5/723 621/6/709 335/7/411
f 7/5/724 565/6/721 6/7/665
f 195/5/725 597/6/710 194/7/243
f 54/5/67 573/6/711 53/7/68
s 3
f 489/5/717 647/6/726 478/7/569
f 348/5/718 623/6/727 337/7/728
f 207/5/719 599/6/729 196/7/244
f 66/5/720 575/6/644 55/7/645
f 647/8/726 477/7/570 478/5/569
f 623/8/727 336/7/412 337/5/728
f 599/8/729 195/7/245 196/5/244
s 35
f 661/5/730 664/6/731 662/7/731
s 36
f 665/8/732 664/7/733 663/5/732
s 35
f 662/5/731 668/6/734 667/7/734
s 36
f 666/8/733 668/7/735 664/5/733
s 37
f 671/8/736 673/7/737 670/5/736
s 38
f 672/8/738 674/7/739 671/5/738
s 37
f 674/8/737 676/7/740 673/5/737
s 38
f 675/8/739 677/7/741 674/5/739
s 39
f 680/8/742 682/7/743 679/5/742
s 40
f 680/5/744 684/6/745 683/7/745
s 39
f 683/8/743 685/7/746 682/5/743
s 40
f 684/8/745 686/7/747 683/5/745
s 41
f 688/5/748 692/6/749 691/7/749
s 42
f 690/8/750 692/7/751 689/5/750
s 41
f 692/8/749 694/7/752 691/5/749
s 42
f 693/8/751 695/7/753 692/5/751
s 43
f 697/5/754 701/6/755 700/7/755
s 44
f 699/8/756 701/7/757 698/5/756
s 43
f 701/8/755 703/7/758 700/5/755
s 44
f 701/5/757 705/6/759 704/7/759
s 45
f 706/5/760 710/6/761 709/7/761
s 46
f 708/8/762 710/7/763 707/5/762
s 45
f 710/8/761 712/7/764 709/5/761
s 46
f 710/5/763 714/6/765 713/7/765
s 47
f 715/5/766 719/6/767 718/7/767
s 48
f 717/8/768 719/7/769 716/5/768
s 47
f 719/8/767 721/7/770 718/5/767
s 48
f 719/5/769 723/6/771 722/7/771
s 49
f 724/5/772 728/6/773 727/7/773
s 50
f 726/8/774 728/7/775 725/5/774
s 49
f 728/8/773 730/7/776 727/5/773
s 50
f 728/5/775 732/6/777 731/7/777
s 51
f 734/8/778 736/7/779 733/5/778
s 52
f 735/8/780 737/7/781 734/5/780
s 51
f 737/8/779 739/7/782 736/5/779
s 52
f 737/5/781 741/6/783 740/7/783
s 53
f 743/8/784 745/7/785 742/5/784
s 54
f 743/5/786 747/6/787 746/7/787
s 53
f 745/5/785 749/6/788 748/7/788
s 54
f 747/8/787 749/7/789 746/5/787
s 55
f 751/5/790 755/6/791 754/7/791
s 56
f 753/8/792 755/7/793 752/5/792
s 55
f 754/5/791 758/6/794 757/7/794
s 56
f 756/8/793 758/7/795 755/5/793
s 57
f 761/8/796 763/7/797 760/5/796
s 58
f 762/8/798 764/7/799 761/5/798
s 57
f 763/5/797 767/6/800 766/7/800
s 58
f 765/8/799 767/7/801 764/5/799
s 8
f 623/5/682 725/6/251 622/7/251
s 20
f 604/5/666 702/6/666 601/7/666
s 59
f 765/8/666 655/7/666 657/5/666
s 23
f 662/8/670 570/7/670 566/5/670
s 60
f 621/5/670 727/6/670 624/7/670
s 61
f 707/8/137 605/7/802 606/5/137
s 6
f 686/8/307 588/7/803 587/5/307
s 16
f 763/8/670 658/7/670 656/5/670
s 62
f 570/5/684 668/6/196 571/7/196
s 61
f 607/5/804 707/6/137 606/7/137
s 14
f 588/5/666 684/6/666 585/7/666
s 63
f 658/5/802 767/6/137 659/7/137
s 64
f 747/8/666 639/7/666 641/5/666
s 65
f 605/5/670 709/6/670 608/7/670
s 66
f 689/8/3 589/7/805 590/5/3
s 62
f 668/8/196 572/7/683 571/5/196
s 9
f 745/8/670 642/7/670 640/5/670
s 66
f 591/5/806 689/6/3 590/7/3
s 63
f 767/8/137 660/7/804 659/5/137
s 5
f 572/5/666 666/6/666 569/7/666
s 67
f 642/5/805 749/6/3 643/7/3
s 68
f 729/8/666 623/7/666 625/5/666
s 69
f 589/5/670 691/6/670 592/7/670
s 59
f 660/5/666 765/6/666 657/7/666
s 70
f 671/8/576 573/7/807 574/5/576
s 60
f 727/8/670 626/7/670 624/5/670
s 70
f 575/5/808 671/6/576 574/7/576
s 67
f 749/8/3 644/7/806 643/5/3
s 71
f 626/5/807 731/6/576 627/7/576
s 72
f 711/8/666 607/7/666 609/5/666
s 73
f 573/5/670 673/6/670 576/7/670
s 64
f 644/5/666 747/6/666 641/7/666
s 65
f 709/8/670 610/7/670 608/5/670
s 74
f 752/8/418 645/7/673 646/5/418
s 71
f 731/8/576 628/7/808 627/5/576
s 75
f 610/5/678 713/6/472 611/7/472
s 32
f 693/8/666 591/7/666 593/5/666
s 74
f 647/5/668 752/6/418 646/7/418
s 68
f 628/5/666 729/6/666 625/7/666
s 69
f 691/8/670 594/7/670 592/5/670
s 30
f 645/5/670 754/6/670 648/7/670
s 76
f 734/8/307 629/7/667 630/5/307
s 75
f 713/8/472 612/7/675 611/5/472
s 34
f 594/5/674 695/6/359 595/7/359
s 28
f 675/8/666 575/7/666 577/5/666
s 76
f 631/5/803 734/6/307 630/7/307
s 72
f 612/5/666 711/6/666 609/7/666
s 73
f 673/8/670 578/7/670 576/5/670
s 77
f 819/9/856 818/10/182 817/11/182
f 819/11/856 822/12/137 820/10/856
f 823/9/857 822/10/137 821/11/137
f 825/9/91 824/10/857 823/11/857
f 827/9/858 826/10/91 825/11/91
f 829/9/46 828/10/858 827/11/858
f 831/9/859 830/10/46 829/11/46
f 833/9/1 832/10/859 831/11/859
f 835/9/860 834/10/1 833/11/1
f 837/9/627 836/10/860 835/11/860
f 839/9/861 838/10/627 837/11/627
f 839/11/861 842/12/589 840/10/861
f 841/11/589 844/12/862 842/10/589
f 845/9/548 844/10/862 843/11/862
f 845/11/548 848/12/863 846/10/548
f 849/9/509 848/10/863 847/11/863
f 851/9/864 850/10/509 849/11/509
f 853/9/472 852/10/864 851/11/864
f 855/9/865 854/10/472 853/11/472
f 855/11/865 858/12/432 856/10/865
f 859/9/866 858/10/432 857/11/432
f 861/9/389 860/10/866 859/11/866
f 863/9/867 862/10/389 861/11/389
f 863/11/867 866/12/347 864/10/867
f 867/9/868 866/10/347 865/11/347
f 867/11/868 870/12/307 868/10/868
f 871/9/869 870/10/307 869/11/307
f 871/11/869 874/12/264 872/10/869
f 873/11/264 876/12/870 874/10/264
f 875/11/870 878/12/220 876/10/870
s 78
f 890/9/670 834/10/670 836/11/670
s 77
f 879/9/871 878/10/220 877/11/220
f 817/9/182 880/10/871 879/11/871
s 79
f 851/13/666 835/14/666 819/15/666
s 80
f 938/9/868 905/10/347 906/11/868
s 78
f 899/9/670 852/10/670 854/11/670
f 908/9/670 870/10/670 872/11/670
f 828/11/670 885/12/670 826/10/670
f 895/9/670 844/10/670 846/11/670
f 864/11/670 903/12/670 862/10/670
f 820/11/670 882/12/670 818/10/670
f 818/11/670 912/12/670 880/10/670
f 891/9/670 836/10/670 838/11/670
f 900/9/670 854/10/670 856/11/670
f 874/11/670 908/12/670 872/10/670
f 887/9/670 828/10/670 830/11/670
f 896/9/670 846/10/670 848/11/670
f 905/9/670 864/10/670 866/11/670
f 883/9/670 820/10/670 822/11/670
f 892/9/670 838/10/670 840/11/670
f 901/9/670 856/10/670 858/11/670
f 876/11/670 909/12/670 874/10/670
f 888/9/670 830/10/670 832/11/670
f 897/9/670 848/10/670 850/11/670
f 868/11/670 905/12/670 866/10/670
f 884/9/670 822/10/670 824/11/670
f 893/9/670 840/10/670 842/11/670
f 902/9/670 858/10/670 860/11/670
f 878/11/670 910/12/670 876/10/670
f 889/9/670 832/10/670 834/11/670
f 898/9/670 850/10/670 852/11/670
f 870/11/670 906/12/670 868/10/670
f 885/9/670 824/10/670 826/11/670
f 894/9/670 842/10/670 844/11/670
f 862/11/670 902/12/670 860/10/670
f 880/11/670 911/12/670 878/10/670
s 81
f 929/13/670 937/14/670 914/15/670
s 80
f 925/9/589 892/10/861 893/11/589
f 939/9/307 906/10/868 907/11/307
f 894/11/862 925/12/589 893/10/589
f 940/9/869 907/10/307 908/11/869
f 927/9/548 894/10/862 895/11/548
f 913/9/856 882/10/182 881/11/856
f 941/9/264 908/10/869 909/11/264
f 896/11/863 927/12/548 895/10/548
f 883/11/137 913/12/856 881/10/856
f 942/9/870 909/10/264 910/11/870
f 929/9/509 896/10/863 897/11/509
f 916/9/857 883/10/137 884/11/857
f 911/11/220 942/12/870 910/10/870
f 930/9/864 897/10/509 898/11/864
f 917/9/91 884/10/857 885/11/91
f 944/9/871 911/10/220 912/11/871
f 899/11/472 930/12/864 898/10/864
f 918/9/858 885/10/91 886/11/858
f 914/9/182 912/10/871 882/11/182
f 900/11/865 931/12/472 899/10/472
f 919/9/46 886/10/858 887/11/46
f 933/9/432 900/10/865 901/11/432
f 920/9/859 887/10/46 888/11/859
f 934/9/866 901/10/432 902/11/866
f 921/9/1 888/10/859 889/11/1
f 935/9/389 902/10/866 903/11/389
f 922/9/860 889/10/1 890/11/860
f 936/9/867 903/10/389 904/11/867
f 923/9/627 890/10/860 891/11/627
f 937/9/347 904/10/867 905/11/347
f 924/9/861 891/10/627 892/11/861
s 83
f 1713/5/873 962/6/874 950/7/873
s 84
f 1480/8/143 1604/7/201 1492/5/203
f 1068/5/146 1532/6/145 1531/7/875
s 83
f 1715/8/880 962/7/874 1714/5/874
s 84
f 1209/5/160 1556/6/159 1555/7/881
f 1350/5/163 1580/6/162 1579/7/882
s 83
f 1715/5/880 985/6/887 973/7/880
s 85
f 985/8/55 974/7/56 973/5/54
s 84
f 986/8/52 975/7/53 974/5/51
s 83
f 1716/5/887 997/6/892 985/7/887
s 85
f 985/5/55 998/6/69 986/7/55
s 84
f 998/8/67 987/7/52 986/5/52
s 83
f 1718/8/897 997/7/892 1717/5/892
s 84
f 1491/5/202 1604/6/201 1603/7/898
s 85
f 1056/8/899 1525/7/696 1044/5/697
s 83
f 1718/5/897 1020/6/904 1009/7/897
s 85
f 1197/8/686 1549/7/694 1185/5/695
f 1338/8/685 1573/7/692 1326/5/693
s 83
f 1720/8/907 1020/7/904 1719/5/904
s 85
f 1020/5/116 1033/6/117 1021/7/118
s 84
f 1033/8/114 1022/7/115 1021/5/113
s 83
f 1721/8/913 1032/7/907 1720/5/907
s 85
f 1044/8/697 1033/7/117 1032/5/117
s 84
f 1045/8/130 1034/7/114 1033/5/114
s 83
f 1722/8/918 1044/7/913 1721/5/913
s 85
f 1479/8/13 1597/7/690 1467/5/691
f 1068/8/15 1530/7/16 1067/5/17
s 83
f 1723/8/922 1056/7/918 1722/5/918
s 85
f 1209/8/34 1554/7/35 1208/5/36
f 1350/8/37 1578/7/38 1349/5/39
s 83
f 1723/5/922 1079/6/926 1067/7/922
s 85
f 1079/8/176 1068/7/15 1067/5/17
s 84
f 1068/5/146 1081/6/175 1069/7/147
s 83
f 1725/8/930 1079/7/926 1724/5/926
s 85
f 1079/5/176 1092/6/189 1080/7/176
s 84
f 1080/5/175 1093/6/188 1081/7/175
s 83
f 1725/5/930 1103/6/933 1091/7/930
s 85
f 1491/8/81 1602/7/12 1490/5/14
f 1056/5/899 1530/6/16 1528/7/899
s 83
f 1726/5/933 1114/6/939 1103/7/933
s 85
f 1197/5/686 1554/6/35 1552/7/686
f 1338/5/685 1578/6/38 1576/7/685
s 83
f 1727/5/939 1126/6/941 1114/7/939
s 85
f 1126/8/230 1115/7/231 1114/5/942
s 84
f 1115/5/226 1128/6/227 1116/7/943
s 83
f 1729/8/949 1126/7/941 1728/5/941
s 85
f 1138/8/244 1127/7/230 1126/5/230
s 84
f 1139/8/725 1128/7/227 1127/5/227
s 83
f 1730/8/954 1138/7/949 1729/5/949
s 85
f 1479/5/13 1602/6/12 1600/7/13
s 84
f 1092/8/327 1535/7/328 1093/5/188
s 83
f 1730/5/954 1161/6/957 1150/7/954
s 84
f 1233/8/365 1559/7/366 1234/5/353
f 1374/8/367 1583/7/368 1375/5/958
s 83
f 1732/8/963 1161/7/957 1731/5/957
s 85
f 1161/5/715 1174/6/290 1162/7/289
s 84
f 1174/8/287 1163/7/288 1162/5/286
s 83
f 1732/5/963 1185/6/969 1173/7/963
s 85
f 1185/8/695 1174/7/290 1173/5/290
s 84
f 1174/5/287 1187/6/98 1175/7/287
s 83
f 1733/5/969 1197/6/972 1185/7/969
s 84
f 1104/5/489 1535/6/328 1537/7/489
f 1245/5/490 1559/6/366 1561/7/490
s 83
f 1735/8/976 1197/7/972 1734/5/972
s 84
f 1386/5/526 1583/6/368 1585/7/526
s 85
f 1092/5/189 1533/6/256 1534/7/977
s 83
f 1736/8/981 1208/7/976 1735/5/976
s 85
f 1208/5/36 1221/6/341 1209/7/34
s 84
f 1221/8/340 1210/7/161 1209/5/160
s 83
f 1737/8/985 1220/7/981 1736/5/981
s 85
f 1220/5/341 1233/6/270 1221/7/341
s 84
f 1233/8/365 1222/7/340 1221/5/340
s 83
f 1737/5/985 1244/6/990 1232/7/985
s 85
f 1233/5/270 1557/6/269 1558/7/991
f 1374/5/273 1581/6/272 1582/7/992
s 83
f 1738/5/990 1255/6/995 1244/7/990
s 84
f 963/8/594 1516/7/540 975/5/53
f 1104/8/489 1540/7/541 1116/5/943
s 83
f 1739/5/995 1267/6/1001 1255/7/995
s 85
f 1255/5/1002 1268/6/398 1256/7/399
s 84
f 1256/5/394 1269/6/395 1257/7/396
s 83
f 1740/5/1001 1279/6/1006 1267/7/1001
s 85
f 1279/8/728 1268/7/398 1267/5/398
s 84
f 1280/8/723 1269/7/395 1268/5/395
s 83
f 1741/5/1006 1291/6/1010 1279/7/1006
s 84
f 1245/8/490 1564/7/581 1257/5/396
f 1386/8/526 1588/7/582 1398/5/1011
s 83
f 1742/5/1010 1302/6/1015 1291/7/1010
s 84
f 974/5/51 1516/6/540 1515/7/1016
f 1115/5/226 1540/6/541 1539/7/1017
s 83
f 1743/5/1015 1314/6/1022 1302/7/1015
s 85
f 1314/8/452 1303/7/453 1302/5/451
s 84
f 1315/8/450 1304/7/449 1303/5/707
s 83
f 1745/8/1027 1314/7/1022 1744/5/1022
s 85
f 1314/5/452 1327/6/466 1315/7/452
s 84
f 1315/5/450 1328/6/101 1316/7/450
s 83
f 1745/5/1027 1338/6/1031 1326/7/1027
s 84
f 1256/5/394 1564/6/581 1563/7/1032
f 1397/5/553 1588/6/582 1587/7/1033
s 83
f 1747/8/1037 1338/7/1031 1746/5/1031
s 85
f 1103/8/313 1533/7/256 1091/5/1038
f 1244/8/314 1557/7/269 1232/5/271
s 83
f 1748/8/1041 1349/7/1037 1747/5/1037
s 85
f 1361/8/503 1350/7/37 1349/5/39
s 84
f 1362/8/502 1351/7/164 1350/5/163
s 83
f 1749/8/1047 1361/7/1041 1748/5/1041
s 85
f 1373/8/274 1362/7/503 1361/5/503
s 84
f 1374/8/367 1363/7/502 1362/5/502
s 83
f 1749/5/1047 1385/6/1049 1373/7/1047
s 85
f 1385/8/326 1581/7/272 1373/5/274
s 84
f 963/5/594 1512/6/721 1513/7/594
s 83
f 1751/8/1055 1385/7/1049 1750/5/1049
s 85
f 974/8/56 1514/7/381 973/5/54
f 1115/8/231 1538/7/383 1114/5/942
s 83
f 1751/5/1055 1408/6/1059 1396/7/1055
s 85
f 1408/8/556 1397/7/477 1396/5/426
s 84
f 1397/5/553 1410/6/554 1398/7/1011
s 83
f 1752/5/1059 1420/6/1065 1408/7/1059
s 85
f 1420/8/569 1409/7/556 1408/5/556
s 84
f 1409/5/554 1422/6/568 1410/7/554
s 83
f 1754/8/1067 1420/7/1065 1753/5/1065
s 85
f 1256/8/399 1562/7/424 1255/5/1002
f 1397/8/477 1586/7/425 1396/5/426
s 83
f 1755/8/1072 1432/7/1067 1754/5/1067
s 85
f 962/5/1073 1514/6/381 1510/7/1073
f 1103/5/313 1538/6/383 1536/7/313
s 83
f 1756/8/1076 1443/7/1077 1755/5/1072
s 85
f 1455/8/608 1444/7/609 1443/5/607
s 84
f 1444/5/706 1457/6/606 1445/7/605
s 83
f 1756/5/1076 1467/6/1081 1455/7/1076
s 85
f 1455/5/608 1468/6/621 1456/7/608
s 84
f 1456/5/606 1469/6/144 1457/7/606
s 83
f 1757/5/1081 1479/6/1086 1467/7/1081
s 85
f 1244/5/314 1562/6/424 1560/7/1087
f 1385/5/326 1586/6/425 1584/7/326
s 83
f 1759/8/1092 1479/7/1086 1758/5/1086
s 84
f 951/8/724 1512/7/721 952/5/1093
f 998/8/67 1519/7/711 999/5/68
s 83
f 1759/5/1092 1502/6/1098 1490/7/1092
s 85
f 1502/8/658 1491/7/81 1490/5/14
s 84
f 1491/5/202 1504/6/657 1492/7/203
s 83
f 1713/8/873 1502/7/1098 1760/5/1098
s 85
f 1502/5/658 951/6/643 1503/7/658
s 84
f 1503/5/657 952/6/1093 1504/7/657
s 86
f 1512/8/670 1610/7/670 1513/5/670
s 87
f 1530/5/803 1630/6/307 1629/7/803
s 88
f 1548/8/673 1648/7/418 1547/5/418
s 89
f 1565/8/682 1669/7/251 1566/5/251
s 90
f 1581/5/666 1689/6/666 1686/7/666
s 91
f 1530/8/666 1626/7/666 1528/5/666
s 92
f 1564/5/670 1664/6/670 1667/7/670
s 93
f 1583/5/674 1687/6/359 1688/7/674
s 94
f 1512/5/676 1607/6/521 1609/7/676
s 95
f 1527/8/670 1628/7/670 1529/5/670
s 88
f 1546/5/668 1648/6/418 1647/7/668
s 96
f 1564/8/676 1666/7/521 1563/5/521
s 93
f 1581/8/671 1687/7/359 1582/5/359
s 97
f 1597/5/666 1707/6/666 1704/7/666
s 98
f 1546/8/666 1644/7/666 1544/5/666
s 99
f 1580/5/670 1682/6/670 1685/7/670
s 100
f 1599/5/678 1705/6/472 1706/7/678
s 101
f 1543/8/670 1646/7/670 1545/5/670
s 96
f 1562/5/672 1666/6/521 1665/7/672
s 102
f 1580/8/679 1684/7/627 1579/5/627
s 94
f 1509/8/672 1607/7/521 1511/5/521
s 100
f 1597/8/675 1705/7/472 1598/5/472
s 103
f 1562/8/666 1662/7/666 1560/5/666
s 104
f 1509/5/666 1606/6/666 1605/7/666
s 105
f 1596/5/670 1700/6/670 1703/7/670
s 91
f 1525/5/666 1626/6/666 1623/7/666
s 92
f 1559/8/670 1664/7/670 1561/5/670
s 102
f 1578/5/677 1684/6/627 1683/7/677
s 106
f 1596/8/681 1702/7/76 1595/5/76
s 107
f 1527/5/679 1624/6/627 1625/7/679
s 108
f 1578/8/666 1680/7/666 1576/5/666
s 107
f 1525/8/677 1624/7/627 1526/5/627
s 98
f 1541/5/666 1644/6/666 1641/7/666
s 99
f 1575/8/670 1682/7/670 1577/5/670
s 106
f 1594/5/680 1702/6/76 1701/7/680
s 109
f 1524/5/670 1619/6/670 1622/7/670
s 110
f 1543/5/681 1642/6/76 1643/7/681
s 111
f 1594/8/666 1698/7/666 1592/5/666
s 112
f 1524/8/669 1621/7/251 1523/5/251
s 110
f 1541/8/680 1642/7/76 1542/5/76
s 103
f 1557/5/666 1662/6/666 1659/7/666
s 105
f 1591/8/670 1700/7/670 1593/5/670
s 113
f 1540/5/670 1637/6/670 1640/7/670
s 114
f 1559/5/684 1660/6/196 1661/7/684
s 112
f 1522/5/682 1621/6/251 1620/7/682
s 115
f 1540/8/674 1639/7/359 1539/5/359
s 114
f 1557/8/683 1660/7/196 1558/5/196
s 108
f 1573/5/666 1680/6/666 1677/7/666
s 84
f 1339/8/100 1580/7/162 1351/5/164
f 1198/8/1101 1556/7/159 1210/5/161
f 1057/8/1102 1532/7/145 1069/5/147
s 85
f 1468/5/621 1597/6/690 1598/7/1103
f 1327/5/466 1573/6/692 1574/7/1104
f 1186/5/301 1549/6/694 1550/7/1105
f 1045/5/131 1525/6/696 1526/7/1106
s 84
f 1480/5/143 1599/6/142 1601/7/143
f 1339/5/100 1575/6/99 1577/7/100
f 1198/5/1101 1551/6/96 1553/7/1101
f 1057/5/1102 1527/6/82 1529/7/1102
f 1468/8/688 1599/7/142 1469/5/144
f 1327/8/465 1575/7/99 1328/5/101
f 1186/8/689 1551/7/96 1187/5/98
f 1045/8/130 1527/7/82 1046/5/84
s 85
f 1432/5/717 1594/6/712 1592/7/717
f 1291/5/718 1570/6/713 1568/7/718
f 1150/5/719 1546/6/714 1544/7/719
f 1009/5/720 1522/6/716 1520/7/720
f 1444/8/609 1594/7/712 1443/5/607
f 1303/8/453 1570/7/713 1302/5/451
f 1162/8/289 1546/7/714 1161/5/715
f 1021/8/118 1522/7/716 1020/5/116
f 1432/8/717 1589/7/726 1420/5/569
f 1291/8/718 1565/7/727 1279/5/728
f 1150/8/719 1541/7/729 1138/5/244
f 1009/8/720 1517/7/644 997/5/645
s 84
f 1444/5/706 1596/6/699 1595/7/1107
f 1303/5/707 1572/6/701 1571/7/1108
f 1162/5/286 1548/6/703 1547/7/1109
f 1021/5/113 1524/6/705 1523/7/1110
f 1433/8/698 1596/7/699 1445/5/605
f 1292/8/1111 1572/7/701 1304/5/449
f 1151/8/702 1548/7/703 1163/5/288
f 1010/8/704 1524/7/705 1022/5/115
s 85
f 962/8/1073 1509/7/527 950/5/528
f 1421/5/570 1589/6/726 1590/7/1112
f 1280/5/412 1565/6/727 1566/7/1113
f 951/5/643 1509/6/527 1511/7/1114
f 1139/5/245 1541/6/729 1542/7/1115
f 998/5/69 1517/6/644 1518/7/1116
s 84
f 1433/5/698 1591/6/708 1593/7/698
f 1292/5/1111 1567/6/709 1569/7/1111
f 1151/5/702 1543/6/710 1545/7/702
f 1010/5/704 1519/6/711 1521/7/704
f 1421/8/722 1591/7/708 1422/5/568
f 1280/8/723 1567/7/709 1281/5/411
f 1139/8/725 1543/7/710 1140/5/243
s 116
f 1605/5/732 1608/6/733 1607/7/732
s 117
f 1608/8/731 1609/7/730 1607/5/730
s 116
f 1606/5/733 1612/6/735 1608/7/733
s 117
f 1608/5/731 1613/6/734 1610/7/731
s 118
f 1614/5/738 1618/6/739 1615/7/738
s 119
f 1618/8/737 1616/7/736 1615/5/736
s 118
f 1620/8/741 1618/7/739 1617/5/739
s 119
f 1618/5/737 1622/6/740 1619/7/737
s 120
f 1626/8/745 1624/7/744 1623/5/744
s 121
f 1627/8/743 1625/7/742 1624/5/742
s 120
f 1626/5/745 1630/6/747 1627/7/745
s 121
f 1627/5/743 1631/6/746 1628/7/743
s 122
f 1632/5/750 1636/6/751 1633/7/750
s 123
f 1636/8/749 1634/7/748 1633/5/748
s 122
f 1635/5/751 1639/6/753 1636/7/751
s 123
f 1636/5/749 1640/6/752 1637/7/749
s 124
f 1641/5/756 1645/6/757 1642/7/756
s 125
f 1645/8/755 1643/7/754 1642/5/754
s 124
f 1644/5/757 1648/6/759 1645/7/757
s 125
f 1645/5/755 1649/6/758 1646/7/755
s 126
f 1650/5/762 1654/6/763 1651/7/762
s 127
f 1654/8/761 1652/7/760 1651/5/760
s 126
f 1656/8/765 1654/7/763 1653/5/763
s 127
f 1654/5/761 1658/6/764 1655/7/761
s 128
f 1662/8/769 1660/7/768 1659/5/768
s 129
f 1660/5/766 1664/6/767 1661/7/766
s 128
f 1662/5/769 1666/6/771 1663/7/769
s 129
f 1663/5/767 1667/6/770 1664/7/767
s 130
f 1668/5/774 1672/6/775 1669/7/774
s 131
f 1669/5/772 1673/6/773 1670/7/772
s 130
f 1674/8/777 1672/7/775 1671/5/775
s 131
f 1672/5/773 1676/6/776 1673/7/773
s 132
f 1680/8/781 1678/7/780 1677/5/780
s 133
f 1681/8/779 1679/7/778 1678/5/778
s 132
f 1683/8/783 1681/7/781 1680/5/781
s 133
f 1681/5/779 1685/6/782 1682/7/779
s 134
f 1689/8/787 1687/7/786 1686/5/1117
s 135
f 1690/8/785 1688/7/784 1687/5/784
s 134
f 1689/5/787 1693/6/789 1690/7/787
s 135
f 1693/8/788 1691/7/785 1690/5/785
s 136
f 1698/8/793 1696/7/792 1695/5/792
s 137
f 1699/8/791 1697/7/790 1696/5/790
s 136
f 1698/5/793 1702/6/795 1699/7/793
s 137
f 1702/8/794 1700/7/791 1699/5/791
s 138
f 1707/8/799 1705/7/798 1704/5/798
s 139
f 1708/8/797 1706/7/796 1705/5/796
s 138
f 1710/8/801 1708/7/799 1707/5/799
s 139
f 1711/8/800 1709/7/797 1708/5/797
s 89
f 1567/5/669 1669/6/251 1670/7/669
s 101
f 1548/5/670 1646/6/670 1649/7/670
s 140
f 1599/8/670 1709/7/670 1601/5/670
s 104
f 1514/8/666 1606/7/666 1510/5/666
s 141
f 1565/5/666 1671/6/666 1668/7/666
s 142
f 1549/8/804 1651/7/137 1550/5/137
s 87
f 1532/8/667 1630/7/307 1531/5/307
s 97
f 1602/8/666 1707/7/666 1600/5/666
s 143
f 1514/5/683 1612/6/196 1611/7/683
s 142
f 1551/5/802 1651/6/137 1652/7/802
s 95
f 1532/5/670 1628/6/670 1631/7/670
s 144
f 1602/5/804 1711/6/137 1710/7/804
s 145
f 1583/8/670 1691/7/670 1585/5/670
s 146
f 1549/5/666 1653/6/666 1650/7/666
s 147
f 1533/8/806 1633/7/3 1534/5/3
s 143
f 1516/8/684 1612/7/196 1515/5/196
s 90
f 1586/8/666 1689/7/666 1584/5/666
s 147
f 1535/5/805 1633/6/3 1634/7/805
s 144
f 1604/8/802 1711/7/137 1603/5/137
s 86
f 1516/5/670 1610/6/670 1613/7/670
s 148
f 1586/5/806 1693/6/3 1692/7/806
s 149
f 1567/8/670 1673/7/670 1569/5/670
s 150
f 1533/5/666 1635/6/666 1632/7/666
s 140
f 1604/5/670 1709/6/670 1712/7/670
s 151
f 1517/8/808 1615/7/576 1518/5/576
s 141
f 1570/8/666 1671/7/666 1568/5/666
s 151
f 1519/5/807 1615/6/576 1616/7/807
s 148
f 1588/8/805 1693/7/3 1587/5/3
s 152
f 1570/5/808 1675/6/576 1674/7/808
s 153
f 1551/8/670 1655/7/670 1553/5/670
s 154
f 1517/5/666 1617/6/666 1614/7/666
s 145
f 1588/5/670 1691/6/670 1694/7/670
s 146
f 1554/8/666 1653/7/666 1552/5/666
s 155
f 1589/8/668 1696/7/418 1590/5/418
s 152
f 1572/8/807 1675/7/576 1571/5/576
s 156
f 1554/5/675 1657/6/472 1656/7/675
s 113
f 1535/8/670 1637/7/670 1537/5/670
s 155
f 1591/5/673 1696/6/418 1697/7/673
s 149
f 1572/5/670 1673/6/670 1676/7/670
s 150
f 1538/8/666 1635/7/666 1536/5/666
s 111
f 1589/5/666 1698/6/666 1695/7/666
s 157
f 1573/8/803 1678/7/307 1574/5/307
s 156
f 1556/8/678 1657/7/472 1555/5/472
s 115
f 1538/5/671 1639/6/359 1638/7/671
s 109
f 1519/8/670 1619/7/670 1521/5/670
s 157
f 1575/5/667 1678/6/307 1679/7/667
s 153
f 1556/5/670 1655/6/670 1658/7/670
s 154
f 1522/8/666 1617/7/666 1520/5/666
s 82
f 1501/16/1097 1713/17/1118 1760/18/1119
f 1489/16/1090 1760/17/1119 1759/18/1120
f 1489/19/1090 1758/18/1121 1478/16/1091
f 1478/19/1091 1757/18/1122 1466/16/1085
f 1466/19/1085 1756/18/1123 1454/16/1080
f 1454/19/1080 1755/18/1124 1442/16/1070
f 1431/16/1071 1755/17/1124 1754/18/1125
f 1431/19/1071 1753/18/1126 1419/16/1064
f 1407/16/1058 1753/17/1126 1752/18/1127
f 1407/19/1058 1751/18/1128 1395/16/1053
f 1395/19/1053 1750/18/1129 1384/16/1054
f 1384/19/1054 1749/18/1130 1372/16/1045
f 1372/19/1045 1748/18/1131 1360/16/1046
f 1348/16/1040 1748/17/1131 1747/18/1132
f 1337/16/1036 1747/17/1132 1746/18/1133
f 1337/19/1036 1745/18/1134 1325/16/1026
f 1325/19/1026 1744/18/1135 1313/16/1020
f 1301/16/1021 1744/17/1135 1743/18/1136
f 1301/19/1021 1742/18/1137 1290/16/1014
f 1290/19/1014 1741/18/1138 1278/16/1009
f 1278/19/1009 1740/18/1139 1266/16/999
f 1266/19/999 1739/18/1140 1254/16/1000
f 1254/19/1000 1738/18/1141 1243/16/994
f 1243/19/994 1737/18/1142 1231/16/989
f 1231/19/989 1736/18/1143 1219/16/984
f 1207/16/974 1736/17/1143 1735/18/1144
f 1207/19/974 1734/18/1145 1196/16/975
f 1184/16/968 1734/17/1145 1733/18/1146
f 1184/19/968 1732/18/1147 1172/16/961
f 1160/16/962 1732/17/1147 1731/18/1148
f 1149/16/956 1731/17/1148 1730/18/1149
f 1149/19/956 1729/18/1150 1137/16/953
f 1125/16/948 1729/17/1150 1728/18/1151
f 1113/16/937 1728/17/1151 1727/18/1152
f 1113/19/937 1726/18/1153 1102/16/938
f 1102/19/938 1725/18/1154 1090/16/929
f 1090/19/929 1724/18/1155 1078/16/925
f 1066/16/920 1724/17/1155 1723/18/1156
f 1055/16/921 1723/17/1156 1722/18/1157
f 1055/19/921 1721/18/1158 1043/16/911
f 1031/16/912 1721/17/1158 1720/18/1159
f 1031/19/912 1719/18/1160 1019/16/906
f 1019/19/906 1718/18/1161 1008/16/903
f 996/16/896 1718/17/1161 1717/18/1162
f 984/16/885 1717/17/1162 1716/18/1163
f 984/19/885 1715/18/1164 972/16/886
f 972/19/886 1714/18/1165 961/16/879
f 949/16/872 1714/17/1165 1713/18/1118
s 158
f 1761/11/182 1764/12/856 1763/10/856
f 1764/9/856 1765/10/137 1763/11/856
f 1766/9/137 1767/10/857 1765/11/137
f 1768/9/857 1769/10/91 1767/11/857
f 1770/9/91 1771/10/858 1769/11/91
f 1772/9/858 1773/10/46 1771/11/858
f 1774/9/46 1775/10/859 1773/11/46
f 1776/9/859 1777/10/1 1775/11/859
f 1778/9/1 1779/10/860 1777/11/1
f 1780/9/860 1781/10/627 1779/11/860
f 1782/9/627 1783/10/861 1781/11/627
f 1784/9/861 1785/10/589 1783/11/861
f 1786/9/589 1787/10/862 1785/11/589
f 1788/9/862 1789/10/548 1787/11/862
f 1790/9/548 1791/10/863 1789/11/548
f 1791/11/863 1794/12/509 1793/10/509
f 1794/9/509 1795/10/864 1793/11/509
f 1796/9/864 1797/10/472 1795/11/864
f 1798/9/472 1799/10/865 1797/11/472
f 1799/11/865 1802/12/432 1801/10/432
f 1802/9/432 1803/10/866 1801/11/432
f 1804/9/866 1805/10/389 1803/11/866
f 1806/9/389 1807/10/867 1805/11/389
f 1808/9/867 1809/10/347 1807/11/867
f 1810/9/347 1811/10/868 1809/11/347
f 1812/9/868 1813/10/307 1811/11/868
f 1814/9/307 1815/10/869 1813/11/307
f 1816/9/869 1817/10/264 1815/11/869
f 1818/9/264 1819/10/870 1817/11/264
f 1820/9/870 1821/10/220 1819/11/870
s 159
f 1778/9/666 1834/10/666 1780/11/666
s 158
f 1822/9/220 1823/10/871 1821/11/220
f 1824/9/871 1761/10/182 1823/11/871
s 160
f 1791/13/670 1807/14/670 1823/15/670
s 161
f 1849/9/347 1882/10/868 1850/11/868
s 159
f 1796/9/666 1843/10/666 1798/11/666
f 1814/9/666 1852/10/666 1816/11/666
f 1770/9/666 1830/10/666 1772/11/666
f 1790/11/666 1838/12/666 1839/10/666
f 1808/11/666 1847/12/666 1848/10/666
f 1762/9/666 1825/10/666 1764/11/666
f 1824/9/666 1826/10/666 1762/11/666
f 1780/9/666 1835/10/666 1782/11/666
f 1798/9/666 1844/10/666 1800/11/666
f 1816/9/666 1853/10/666 1818/11/666
f 1772/9/666 1831/10/666 1774/11/666
f 1790/9/666 1840/10/666 1792/11/666
f 1810/11/666 1848/12/666 1849/10/666
f 1764/9/666 1827/10/666 1766/11/666
f 1782/9/666 1836/10/666 1784/11/666
f 1800/9/666 1845/10/666 1802/11/666
f 1820/11/666 1853/12/666 1854/10/666
f 1774/9/666 1832/10/666 1776/11/666
f 1792/9/666 1841/10/666 1794/11/666
f 1812/11/666 1849/12/666 1850/10/666
f 1768/11/666 1827/12/666 1828/10/666
f 1784/9/666 1837/10/666 1786/11/666
f 1804/11/666 1845/12/666 1846/10/666
f 1820/9/666 1855/10/666 1822/11/666
f 1776/9/666 1833/10/666 1778/11/666
f 1794/9/666 1842/10/666 1796/11/666
f 1814/11/666 1850/12/666 1851/10/666
f 1768/9/666 1829/10/666 1770/11/666
f 1788/11/666 1837/12/666 1838/10/666
f 1804/9/666 1847/10/666 1806/11/666
f 1824/11/666 1855/12/666 1856/10/666
s 162
f 1875/13/666 1867/14/666 1859/15/666
s 161
f 1837/11/589 1868/12/861 1869/10/589
f 1850/9/868 1883/10/307 1851/11/307
f 1838/11/862 1869/12/589 1870/10/862
f 1851/9/307 1884/10/869 1852/11/869
f 1838/9/862 1871/10/548 1839/11/548
f 1826/9/182 1857/10/856 1825/11/856
f 1852/9/869 1885/10/264 1853/11/264
f 1839/9/548 1872/10/863 1840/11/863
f 1825/9/856 1859/10/137 1827/11/137
f 1853/9/264 1886/10/870 1854/11/870
f 1840/9/863 1873/10/509 1841/11/509
f 1827/9/137 1860/10/857 1828/11/857
f 1855/11/220 1886/12/870 1887/10/220
f 1841/9/509 1874/10/864 1842/11/864
f 1828/9/857 1861/10/91 1829/11/91
f 1855/9/220 1888/10/871 1856/11/871
f 1842/9/864 1875/10/472 1843/11/472
f 1829/9/91 1862/10/858 1830/11/858
f 1826/11/182 1888/12/871 1858/10/182
f 1843/9/472 1876/10/865 1844/11/865
f 1830/9/858 1863/10/46 1831/11/46
f 1844/9/865 1877/10/432 1845/11/432
f 1832/11/859 1863/12/46 1864/10/859
f 1845/9/432 1878/10/866 1846/11/866
f 1832/9/859 1865/10/1 1833/11/1
f 1846/9/866 1879/10/389 1847/11/389
f 1833/9/1 1866/10/860 1834/11/860
f 1847/9/389 1880/10/867 1848/11/867
f 1834/9/860 1867/10/627 1835/11/627
f 1848/9/867 1881/10/347 1849/11/347
f 1835/9/627 1868/10/861 1836/11/861
s 2
f 769/5/10 6/8/10 18/6/11
s 3
f 660/8/12 657/6/13 536/7/13
f 124/5/15 587/8/1166 588/6/16
s 2
f 18/8/11 29/6/33 771/7/33
s 3
f 265/5/34 611/8/1167 612/6/35
f 406/5/37 635/8/1168 636/6/38
s 2
f 771/5/33 29/8/33 41/6/50
s 4
f 30/8/51 42/6/52 41/7/52
s 3
f 31/8/54 43/6/55 42/7/55
s 2
f 41/8/50 53/6/66 773/7/66
s 4
f 41/5/52 42/8/52 54/6/67
s 3
f 43/8/55 55/6/645 54/7/69
s 2
f 53/8/66 65/6/80 774/7/80
s 3
f 547/5/81 659/8/1169 660/6/12
s 4
f 581/8/82 584/6/83 112/7/83
s 2
f 774/5/80 65/8/80 76/6/95
s 4
f 605/8/96 608/6/97 253/7/97
f 629/8/99 632/6/100 394/7/100
s 2
f 76/8/95 88/6/112 776/7/112
s 4
f 77/8/113 89/6/114 88/7/114
s 3
f 78/8/116 90/6/117 89/7/117
s 2
f 88/8/112 100/6/129 777/7/129
s 4
f 88/5/114 89/8/114 101/6/130
s 3
f 90/8/117 102/6/697 101/7/131
s 2
f 100/8/129 112/6/141 778/7/141
s 4
f 653/8/142 656/6/1170 535/7/143
f 586/8/145 587/6/875 124/7/146
s 2
f 112/8/141 123/6/158 779/7/158
s 4
f 610/8/159 611/6/881 265/7/160
f 634/8/162 635/6/1171 406/7/163
s 2
f 779/5/158 123/8/158 135/6/174
s 4
f 124/8/146 136/6/175 135/7/175
s 3
f 124/5/15 125/8/17 137/6/176
s 2
f 135/8/174 147/6/187 781/7/187
s 4
f 136/8/175 148/6/327 147/7/188
s 3
f 137/8/176 149/6/257 148/7/189
s 2
f 781/5/187 147/8/187 159/6/200
s 4
f 658/8/201 659/6/898 547/7/202
f 112/5/83 584/8/83 586/6/145
s 2
f 782/5/200 159/8/200 170/6/214
s 4
f 253/5/97 608/8/97 610/6/159
f 394/5/100 632/8/100 634/6/162
s 2
f 783/5/214 170/8/214 182/6/225
s 4
f 171/8/226 183/6/227 182/7/227
s 3
f 172/8/229 184/6/230 183/7/230
s 2
f 182/8/225 194/6/242 785/7/242
s 4
f 183/8/227 195/6/725 194/7/243
s 3
f 183/5/230 184/8/230 196/6/244
s 2
f 194/8/242 206/6/255 786/7/255
s 4
f 535/5/143 656/8/1170 658/6/201
s 3
f 591/8/256 590/6/977 148/7/189
s 2
f 786/5/255 206/8/255 217/6/268
s 3
f 615/8/269 614/6/991 289/7/270
f 639/8/272 638/6/992 430/7/273
s 2
f 217/8/268 229/6/285 788/7/285
s 4
f 218/8/286 230/6/287 229/7/287
s 3
f 218/5/289 219/8/715 231/6/290
s 2
f 788/5/285 229/8/285 241/6/300
s 4
f 230/8/287 242/6/689 241/7/98
s 3
f 231/8/290 243/6/695 242/7/301
s 2
f 789/5/300 241/8/300 253/6/312
s 3
f 160/5/313 593/8/313 591/6/256
f 301/5/314 617/8/314 615/6/269
s 2
f 253/8/312 264/6/325 791/7/325
s 3
f 442/5/326 641/8/326 639/6/272
s 4
f 148/5/327 590/8/1172 589/6/328
s 2
f 264/8/325 276/6/339 792/7/339
s 4
f 265/8/160 277/6/340 276/7/340
s 3
f 266/8/36 278/6/341 277/7/341
s 2
f 276/8/339 288/6/352 793/7/352
s 4
f 277/8/340 289/6/365 288/7/353
s 3
f 278/8/341 290/6/271 289/7/270
s 2
f 793/5/352 288/8/352 300/6/364
s 4
f 289/5/365 614/8/1173 613/6/366
f 430/5/367 638/8/1174 637/6/368
s 2
f 794/5/364 300/8/364 311/6/380
s 3
f 572/8/381 569/6/382 19/7/382
f 596/8/383 593/6/313 160/7/313
s 2
f 795/5/380 311/8/380 323/6/393
s 4
f 312/8/394 324/6/395 323/7/395
s 3
f 313/8/397 325/6/398 324/7/398
s 2
f 796/5/393 323/8/393 335/6/410
s 4
f 324/8/395 336/6/723 335/7/411
s 3
f 325/8/398 337/6/728 336/7/412
s 2
f 797/5/410 335/8/410 347/6/423
s 3
f 620/8/424 617/6/314 301/7/314
f 644/8/425 641/6/326 442/7/326
s 2
f 798/5/423 347/8/423 358/6/437
s 3
f 30/5/56 571/8/1175 572/6/381
f 171/5/231 595/8/1176 596/6/383
s 2
f 358/8/437 370/6/448 800/7/448
s 4
f 358/5/449 359/8/707 371/6/450
s 3
f 360/8/451 372/6/452 371/7/452
s 2
f 800/5/448 370/8/448 382/6/464
s 4
f 370/5/450 371/8/450 383/6/465
s 3
f 372/8/452 384/6/693 383/7/466
s 2
f 382/8/464 394/6/476 802/7/476
s 3
f 312/5/399 619/8/1177 620/6/424
f 453/5/477 643/8/1178 644/6/425
s 2
f 394/8/476 405/6/488 803/7/488
s 4
f 589/8/328 592/6/489 159/7/489
f 613/8/366 616/6/490 300/7/490
s 2
f 405/8/488 417/6/501 804/7/501
s 4
f 406/8/163 418/6/502 417/7/502
s 3
f 407/8/39 419/6/503 418/7/503
s 2
f 417/8/501 429/6/514 805/7/514
s 4
f 417/5/502 418/8/502 430/6/367
s 3
f 419/8/503 431/6/274 430/7/273
s 2
f 805/5/514 429/8/514 441/6/525
s 4
f 637/8/368 640/6/526 441/7/526
s 3
f 19/5/382 569/8/382 568/6/527
s 2
f 441/8/525 452/6/539 807/7/539
s 4
f 570/8/540 571/6/1016 30/7/51
f 594/8/541 595/6/1017 171/7/226
s 2
f 807/5/539 452/8/539 464/6/552
s 4
f 453/8/553 465/6/554 464/7/554
s 3
f 453/5/477 454/8/426 466/6/556
s 2
f 808/5/552 464/8/552 476/6/567
s 4
f 465/8/554 477/6/722 476/7/568
s 3
f 465/5/556 466/8/556 478/6/569
s 2
f 476/8/567 488/6/580 810/7/580
s 4
f 618/8/581 619/6/1032 312/7/394
f 642/8/582 643/6/1033 453/7/553
s 2
f 810/5/580 488/8/580 499/6/593
s 4
f 18/5/594 566/8/594 570/6/540
f 159/5/489 592/8/489 594/6/541
s 2
f 499/8/593 511/6/604 812/7/604
s 4
f 499/5/605 500/8/706 512/6/606
s 3
f 501/8/607 513/6/608 512/7/608
s 2
f 812/5/604 511/8/604 523/6/620
s 4
f 512/8/606 524/6/688 523/7/144
s 3
f 513/8/608 525/6/691 524/7/621
s 2
f 813/5/620 523/8/620 535/6/632
s 4
f 300/5/490 616/8/490 618/6/581
f 441/5/526 640/8/526 642/6/582
s 2
f 535/8/632 546/6/642 815/7/642
s 3
f 568/8/527 567/6/1114 7/7/643
f 575/8/644 574/6/1116 54/7/69
s 2
f 815/5/642 546/8/642 558/6/656
s 4
f 546/5/203 547/8/202 559/6/657
s 3
f 548/8/14 560/6/658 559/7/658
s 2
f 558/8/656 6/6/10 769/7/10
s 4
f 559/8/657 7/6/724 6/7/665
s 3
f 560/8/658 8/6/528 7/7/643
s 5
f 666/8/666 665/6/666 568/7/666
s 6
f 586/5/667 685/8/667 686/6/307
s 7
f 704/8/418 705/6/668 604/7/668
s 8
f 725/8/251 724/6/669 621/7/669
s 9
f 637/5/670 742/8/670 745/6/670
s 10
f 682/8/670 685/6/670 586/7/670
s 11
f 620/5/666 723/8/666 720/6/666
s 12
f 639/5/671 744/8/671 743/6/359
s 13
f 568/5/672 665/8/672 663/6/521
s 14
f 684/8/666 681/6/666 583/7/666
s 7
f 602/5/673 703/8/673 704/6/418
s 15
f 722/8/521 723/6/672 620/7/672
s 12
f 743/8/359 742/6/674 637/7/674
s 16
f 653/5/670 760/8/670 763/6/670
s 17
f 700/8/670 703/6/670 602/7/670
s 18
f 636/5/666 741/8/666 738/6/666
s 19
f 655/5/675 762/8/675 761/6/472
s 20
f 702/8/666 699/6/666 599/7/666
s 15
f 618/5/676 721/8/676 722/6/521
s 21
f 740/8/627 741/6/677 636/7/677
s 13
f 663/8/521 661/6/676 565/7/676
s 19
f 761/8/472 760/6/678 653/7/678
s 22
f 718/8/670 721/6/670 618/7/670
s 23
f 565/5/670 661/8/670 662/6/670
s 24
f 652/5/666 759/8/666 756/6/666
s 10
f 581/5/670 679/8/670 682/6/670
s 11
f 720/8/666 717/6/666 615/7/666
s 21
f 634/5/679 739/8/679 740/6/627
s 25
f 758/8/76 759/6/680 652/7/680
s 26
f 583/5/677 681/8/677 680/6/627
s 27
f 736/8/670 739/6/670 634/7/670
s 26
f 680/8/627 679/6/679 581/7/679
s 17
f 597/5/670 697/8/670 700/6/670
s 18
f 738/8/666 735/6/666 631/7/666
s 25
f 650/5/681 757/8/681 758/6/76
s 28
f 580/5/666 678/8/666 675/6/666
s 29
f 599/5/680 699/8/680 698/6/76
s 30
f 754/8/670 757/6/670 650/7/670
s 31
f 677/8/251 678/6/682 580/7/682
s 29
f 698/8/76 697/6/681 597/7/681
s 22
f 613/5/670 715/8/670 718/6/670
s 24
f 756/8/666 753/6/666 647/7/666
s 32
f 596/5/666 696/8/666 693/6/666
s 33
f 615/5/683 717/8/683 716/6/196
s 31
f 578/5/669 676/8/669 677/6/251
s 34
f 695/8/359 696/6/671 596/7/671
s 33
f 716/8/196 715/6/684 613/7/684
s 27
f 629/5/670 733/8/670 736/6/670
s 3
f 636/8/38 633/6/685 395/7/685
f 612/8/35 609/6/1179 254/7/686
f 588/8/16 585/6/687 113/7/687
s 4
f 524/5/688 654/8/1180 653/6/142
f 383/5/465 630/8/1181 629/6/99
f 242/5/689 606/8/1182 605/6/96
f 101/5/130 582/8/1183 581/6/82
s 3
f 536/5/13 657/8/13 655/6/690
f 395/5/685 633/8/685 631/6/692
f 254/5/686 609/8/1179 607/6/694
f 113/5/687 585/8/687 583/6/696
f 655/8/690 654/6/1103 524/7/621
f 631/8/692 630/6/1104 383/7/466
f 607/8/694 606/6/1105 242/7/301
f 583/8/696 582/6/1106 101/7/131
s 4
f 488/5/698 648/8/698 650/6/699
f 347/5/700 624/8/700 626/6/701
f 206/5/702 600/8/702 602/6/703
f 65/5/704 576/8/704 578/6/705
f 650/8/699 651/6/1107 500/7/706
f 626/8/701 627/6/1108 359/7/707
f 602/8/703 603/6/1109 218/7/286
f 578/8/705 579/6/1110 77/7/113
f 645/8/708 648/6/698 488/7/698
f 621/8/709 624/6/700 347/7/700
f 597/8/710 600/6/702 206/7/702
f 573/8/711 576/6/704 65/7/704
s 3
f 500/5/609 651/8/1184 652/6/712
f 359/5/453 627/8/1185 628/6/713
f 218/5/289 603/8/1186 604/6/714
f 77/5/118 579/8/1187 580/6/716
f 652/8/712 649/6/717 489/7/717
f 628/8/713 625/6/718 348/7/718
f 604/8/714 601/6/719 207/7/719
f 580/8/716 577/6/720 66/7/720
s 4
f 565/8/721 566/6/594 18/7/594
f 477/5/722 646/8/1188 645/6/708
f 336/5/723 622/8/1189 621/6/709
f 7/5/724 567/8/1190 565/6/721
f 195/5/725 598/8/1191 597/6/710
f 54/5/67 574/8/1192 573/6/711
s 3
f 489/5/717 649/8/717 647/6/726
f 348/5/718 625/8/718 623/6/727
f 207/5/719 601/8/719 599/6/729
f 66/5/720 577/8/720 575/6/644
f 647/8/726 646/6/1112 477/7/570
f 623/8/727 622/6/1113 336/7/412
f 599/8/729 598/6/1115 195/7/245
s 35
f 661/5/730 663/8/730 664/6/731
s 36
f 665/8/732 666/6/733 664/7/733
s 35
f 662/5/731 664/8/731 668/6/734
s 36
f 666/8/733 669/6/735 668/7/735
s 37
f 671/8/736 674/6/737 673/7/737
s 38
f 672/8/738 675/6/739 674/7/739
s 37
f 674/8/737 677/6/740 676/7/740
s 38
f 675/8/739 678/6/741 677/7/741
s 39
f 680/8/742 683/6/743 682/7/743
s 40
f 680/5/744 681/8/744 684/6/745
s 39
f 683/8/743 686/6/746 685/7/746
s 40
f 684/8/745 687/6/747 686/7/747
s 41
f 688/5/748 689/8/748 692/6/749
s 42
f 690/8/750 693/6/751 692/7/751
s 41
f 692/8/749 695/6/752 694/7/752
s 42
f 693/8/751 696/6/753 695/7/753
s 43
f 697/5/754 698/8/754 701/6/755
s 44
f 699/8/756 702/6/757 701/7/757
s 43
f 701/8/755 704/6/758 703/7/758
s 44
f 701/5/757 702/8/757 705/6/759
s 45
f 706/5/760 707/8/760 710/6/761
s 46
f 708/8/762 711/6/763 710/7/763
s 45
f 710/8/761 713/6/764 712/7/764
s 46
f 710/5/763 711/8/763 714/6/765
s 47
f 715/5/766 716/8/766 719/6/767
s 48
f 717/8/768 720/6/769 719/7/769
s 47
f 719/8/767 722/6/770 721/7/770
s 48
f 719/5/769 720/8/769 723/6/771
s 49
f 724/5/772 725/8/772 728/6/773
s 50
f 726/8/774 729/6/775 728/7/775
s 49
f 728/8/773 731/6/776 730/7/776
s 50
f 728/5/775 729/8/775 732/6/777
s 51
f 734/8/778 737/6/779 736/7/779
s 52
f 735/8/780 738/6/781 737/7/781
s 51
f 737/8/779 740/6/782 739/7/782
s 52
f 737/5/781 738/8/781 741/6/783
s 53
f 743/8/784 746/6/785 745/7/785
s 54
f 743/5/786 744/8/786 747/6/787
s 53
f 745/5/785 746/8/785 749/6/788
s 54
f 747/8/787 750/6/789 749/7/789
s 55
f 751/5/790 752/8/790 755/6/791
s 56
f 753/8/792 756/6/793 755/7/793
s 55
f 754/5/791 755/8/791 758/6/794
s 56
f 756/8/793 759/6/795 758/7/795
s 57
f 761/8/796 764/6/797 763/7/797
s 58
f 762/8/798 765/6/799 764/7/799
s 57
f 763/5/797 764/8/797 767/6/800
s 58
f 765/8/799 768/6/801 767/7/801
s 8
f 623/5/682 726/8/682 725/6/251
s 20
f 604/5/666 705/8/666 702/6/666
s 59
f 765/8/666 762/6/666 655/7/666
s 23
f 662/8/670 667/6/670 570/7/670
s 60
f 621/5/670 724/8/670 727/6/670
s 61
f 707/8/137 706/6/802 605/7/802
s 6
f 686/8/307 687/6/803 588/7/803
s 16
f 763/8/670 766/6/670 658/7/670
s 62
f 570/5/684 667/8/684 668/6/196
s 61
f 607/5/804 708/8/804 707/6/137
s 14
f 588/5/666 687/8/666 684/6/666
s 63
f 658/5/802 766/8/802 767/6/137
s 64
f 747/8/666 744/6/666 639/7/666
s 65
f 605/5/670 706/8/670 709/6/670
s 66
f 689/8/3 688/6/805 589/7/805
s 62
f 668/8/196 669/6/683 572/7/683
s 9
f 745/8/670 748/6/670 642/7/670
s 66
f 591/5/806 690/8/806 689/6/3
s 63
f 767/8/137 768/6/804 660/7/804
s 5
f 572/5/666 669/8/666 666/6/666
s 67
f 642/5/805 748/8/805 749/6/3
s 68
f 729/8/666 726/6/666 623/7/666
s 69
f 589/5/670 688/8/670 691/6/670
s 59
f 660/5/666 768/8/666 765/6/666
s 70
f 671/8/576 670/6/807 573/7/807
s 60
f 727/8/670 730/6/670 626/7/670
s 70
f 575/5/808 672/8/808 671/6/576
s 67
f 749/8/3 750/6/806 644/7/806
s 71
f 626/5/807 730/8/807 731/6/576
s 72
f 711/8/666 708/6/666 607/7/666
s 73
f 573/5/670 670/8/670 673/6/670
s 64
f 644/5/666 750/8/666 747/6/666
s 65
f 709/8/670 712/6/670 610/7/670
s 74
f 752/8/418 751/6/673 645/7/673
s 71
f 731/8/576 732/6/808 628/7/808
s 75
f 610/5/678 712/8/678 713/6/472
s 32
f 693/8/666 690/6/666 591/7/666
s 74
f 647/5/668 753/8/668 752/6/418
s 68
f 628/5/666 732/8/666 729/6/666
s 69
f 691/8/670 694/6/670 594/7/670
s 30
f 645/5/670 751/8/670 754/6/670
s 76
f 734/8/307 733/6/667 629/7/667
s 75
f 713/8/472 714/6/675 612/7/675
s 34
f 594/5/674 694/8/674 695/6/359
s 28
f 675/8/666 672/6/666 575/7/666
s 76
f 631/5/803 735/8/803 734/6/307
s 72
f 612/5/666 714/8/666 711/6/666
s 73
f 673/8/670 676/6/670 578/7/670
s 77
f 819/9/856 820/12/856 818/10/182
f 819/11/856 821/9/137 822/12/137
f 823/9/857 824/12/857 822/10/137
f 825/9/91 826/12/91 824/10/857
f 827/9/858 828/12/858 826/10/91
f 829/9/46 830/12/46 828/10/858
f 831/9/859 832/12/859 830/10/46
f 833/9/1 834/12/1 832/10/859
f 835/9/860 836/12/860 834/10/1
f 837/9/627 838/12/627 836/10/860
f 839/9/861 840/12/861 838/10/627
f 839/11/861 841/9/589 842/12/589
f 841/11/589 843/9/862 844/12/862
f 845/9/548 846/12/548 844/10/862
f 845/11/548 847/9/863 848/12/863
f 849/9/509 850/12/509 848/10/863
f 851/9/864 852/12/864 850/10/509
f 853/9/472 854/12/472 852/10/864
f 855/9/865 856/12/865 854/10/472
f 855/11/865 857/9/432 858/12/432
f 859/9/866 860/12/866 858/10/432
f 861/9/389 862/12/389 860/10/866
f 863/9/867 864/12/867 862/10/389
f 863/11/867 865/9/347 866/12/347
f 867/9/868 868/12/868 866/10/347
f 867/11/868 869/9/307 870/12/307
f 871/9/869 872/12/869 870/10/307
f 871/11/869 873/9/264 874/12/264
f 873/11/264 875/9/870 876/12/870
f 875/11/870 877/9/220 878/12/220
s 78
f 890/9/670 889/12/670 834/10/670
s 77
f 879/9/871 880/12/871 878/10/220
f 817/9/182 818/12/182 880/10/871
s 79
f 819/15/666 817/20/666 879/21/666
f 879/21/666 877/22/666 875/23/666
f 875/23/666 873/24/666 871/25/666
f 871/25/666 869/26/666 867/27/666
f 867/27/666 865/28/666 863/29/666
f 863/29/666 861/30/666 859/31/666
f 859/31/666 857/32/666 855/33/666
f 855/33/666 853/34/666 851/13/666
f 851/13/666 849/35/666 847/36/666
f 847/36/666 845/37/666 843/38/666
f 843/38/666 841/39/666 839/40/666
f 839/40/666 837/41/666 835/14/666
f 835/14/666 833/42/666 831/43/666
f 831/43/666 829/44/666 827/45/666
f 827/45/666 825/46/666 823/47/666
f 823/47/666 821/48/666 819/15/666
f 819/15/666 879/21/666 875/23/666
f 875/23/666 871/25/666 867/27/666
f 867/27/666 863/29/666 859/31/666
f 859/31/666 855/33/666 851/13/666
f 851/13/666 847/36/666 843/38/666
f 843/38/666 839/40/666 835/14/666
f 835/14/666 831/43/666 827/45/666
f 827/45/666 823/47/666 819/15/666
f 819/15/666 875/23/666 867/27/666
f 867/27/666 859/31/666 851/13/666
f 851/13/666 843/38/666 835/14/666
f 835/14/666 827/45/666 819/15/666
f 819/15/666 867/27/666 851/13/666
s 80
f 938/9/868 937/12/347 905/10/347
s 78
f 899/9/670 898/12/670 852/10/670
f 908/9/670 907/12/670 870/10/670
f 828/11/670 886/9/670 885/12/670
f 895/9/670 894/12/670 844/10/670
f 864/11/670 904/9/670 903/12/670
f 820/11/670 881/9/670 882/12/670
f 818/11/670 882/9/670 912/12/670
f 891/9/670 890/12/670 836/10/670
f 900/9/670 899/12/670 854/10/670
f 874/11/670 909/9/670 908/12/670
f 887/9/670 886/12/670 828/10/670
f 896/9/670 895/12/670 846/10/670
f 905/9/670 904/12/670 864/10/670
f 883/9/670 881/12/670 820/10/670
f 892/9/670 891/12/670 838/10/670
f 901/9/670 900/12/670 856/10/670
f 876/11/670 910/9/670 909/12/670
f 888/9/670 887/12/670 830/10/670
f 897/9/670 896/12/670 848/10/670
f 868/11/670 906/9/670 905/12/670
f 884/9/670 883/12/670 822/10/670
f 893/9/670 892/12/670 840/10/670
f 902/9/670 901/12/670 858/10/670
f 878/11/670 911/9/670 910/12/670
f 889/9/670 888/12/670 832/10/670
f 898/9/670 897/12/670 850/10/670
f 870/11/670 907/9/670 906/12/670
f 885/9/670 884/12/670 824/10/670
f 894/9/670 893/12/670 842/10/670
f 862/11/670 903/9/670 902/12/670
f 880/11/670 912/9/670 911/12/670
s 81
f 914/15/670 913/20/670 915/21/670
f 915/21/670 916/22/670 917/23/670
f 917/23/670 918/24/670 919/25/670
f 919/25/670 920/26/670 921/27/670
f 921/27/670 922/28/670 923/29/670
f 923/29/670 924/30/670 925/31/670
f 925/31/670 926/32/670 927/33/670
f 927/33/670 928/34/670 929/13/670
f 929/13/670 930/35/670 931/36/670
f 931/36/670 932/37/670 933/38/670
f 933/38/670 934/39/670 935/40/670
f 935/40/670 936/41/670 937/14/670
f 937/14/670 938/42/670 939/43/670
f 939/43/670 940/44/670 941/45/670
f 941/45/670 942/46/670 943/47/670
f 943/47/670 944/48/670 914/15/670
f 914/15/670 915/21/670 917/23/670
f 917/23/670 919/25/670 921/27/670
f 921/27/670 923/29/670 925/31/670
f 925/31/670 927/33/670 929/13/670
f 929/13/670 931/36/670 933/38/670
f 933/38/670 935/40/670 937/14/670
f 937/14/670 939/43/670 941/45/670
f 941/45/670 943/47/670 914/15/670
f 914/15/670 917/23/670 921/27/670
f 921/27/670 925/31/670 929/13/670
f 929/13/670 933/38/670 937/14/670
f 937/14/670 941/45/670 914/15/670
f 914/15/670 921/27/670 929/13/670
s 80
f 925/9/589 924/12/861 892/10/861
f 939/9/307 938/12/868 906/10/868
f 894/11/862 926/9/862 925/12/589
f 940/9/869 939/12/307 907/10/307
f 927/9/548 926/12/862 894/10/862
f 913/9/856 914/12/182 882/10/182
f 941/9/264 940/12/869 908/10/869
f 896/11/863 928/9/863 927/12/548
f 883/11/137 915/9/137 913/12/856
f 942/9/870 941/12/264 909/10/264
f 929/9/509 928/12/863 896/10/863
f 916/9/857 915/12/137 883/10/137
f 911/11/220 943/9/220 942/12/870
f 930/9/864 929/12/509 897/10/509
f 917/9/91 916/12/857 884/10/857
f 944/9/871 943/12/220 911/10/220
f 899/11/472 931/9/472 930/12/864
f 918/9/858 917/12/91 885/10/91
f 914/9/182 944/12/871 912/10/871
f 900/11/865 932/9/865 931/12/472
f 919/9/46 918/12/858 886/10/858
f 933/9/432 932/12/865 900/10/865
f 920/9/859 919/12/46 887/10/46
f 934/9/866 933/12/432 901/10/432
f 921/9/1 920/12/859 888/10/859
f 935/9/389 934/12/866 902/10/866
f 922/9/860 921/12/1 889/10/1
f 936/9/867 935/12/389 903/10/389
f 923/9/627 922/12/860 890/10/860
f 937/9/347 936/12/867 904/10/867
f 924/9/861 923/12/627 891/10/627
s 83
f 1713/5/873 1714/8/874 962/6/874
s 84
f 1480/8/143 1601/6/143 1604/7/201
f 1068/5/146 1069/8/147 1532/6/145
s 83
f 1715/8/880 973/6/880 962/7/874
s 84
f 1209/5/160 1210/8/161 1556/6/159
f 1350/5/163 1351/8/164 1580/6/162
s 83
f 1715/5/880 1716/8/887 985/6/887
s 85
f 985/8/55 986/6/55 974/7/56
s 84
f 986/8/52 987/6/52 975/7/53
s 83
f 1716/5/887 1717/8/892 997/6/892
s 85
f 985/5/55 997/8/645 998/6/69
s 84
f 998/8/67 999/6/68 987/7/52
s 83
f 1718/8/897 1009/6/897 997/7/892
s 84
f 1491/5/202 1492/8/203 1604/6/201
s 85
f 1056/8/899 1528/6/899 1525/7/696
s 83
f 1718/5/897 1719/8/904 1020/6/904
s 85
f 1197/8/686 1552/6/686 1549/7/694
f 1338/8/685 1576/6/685 1573/7/692
s 83
f 1720/8/907 1032/6/907 1020/7/904
s 85
f 1020/5/116 1032/8/117 1033/6/117
s 84
f 1033/8/114 1034/6/114 1022/7/115
s 83
f 1721/8/913 1044/6/913 1032/7/907
s 85
f 1044/8/697 1045/6/131 1033/7/117
s 84
f 1045/8/130 1046/6/84 1034/7/114
s 83
f 1722/8/918 1056/6/918 1044/7/913
s 85
f 1479/8/13 1600/6/13 1597/7/690
f 1068/8/15 1531/6/1166 1530/7/16
s 83
f 1723/8/922 1067/6/922 1056/7/918
s 85
f 1209/8/34 1555/6/1167 1554/7/35
f 1350/8/37 1579/6/1168 1578/7/38
s 83
f 1723/5/922 1724/8/926 1079/6/926
s 85
f 1079/8/176 1080/6/176 1068/7/15
s 84
f 1068/5/146 1080/8/175 1081/6/175
s 83
f 1725/8/930 1091/6/930 1079/7/926
s 85
f 1079/5/176 1091/8/1038 1092/6/189
s 84
f 1080/5/175 1092/8/327 1093/6/188
s 83
f 1725/5/930 1726/8/933 1103/6/933
s 85
f 1491/8/81 1603/6/1169 1602/7/12
f 1056/5/899 1067/8/17 1530/6/16
s 83
f 1726/5/933 1727/8/939 1114/6/939
s 85
f 1197/5/686 1208/8/36 1554/6/35
f 1338/5/685 1349/8/39 1578/6/38
s 83
f 1727/5/939 1728/8/941 1126/6/941
s 85
f 1126/8/230 1127/6/230 1115/7/231
s 84
f 1115/5/226 1127/8/227 1128/6/227
s 83
f 1729/8/949 1138/6/949 1126/7/941
s 85
f 1138/8/244 1139/6/245 1127/7/230
s 84
f 1139/8/725 1140/6/243 1128/7/227
s 83
f 1730/8/954 1150/6/954 1138/7/949
s 85
f 1479/5/13 1490/8/14 1602/6/12
s 84
f 1092/8/327 1534/6/1172 1535/7/328
s 83
f 1730/5/954 1731/8/957 1161/6/957
s 84
f 1233/8/365 1558/6/1173 1559/7/366
f 1374/8/367 1582/6/1174 1583/7/368
s 83
f 1732/8/963 1173/6/963 1161/7/957
s 85
f 1161/5/715 1173/8/290 1174/6/290
s 84
f 1174/8/287 1175/6/287 1163/7/288
s 83
f 1732/5/963 1733/8/969 1185/6/969
s 85
f 1185/8/695 1186/6/301 1174/7/290
s 84
f 1174/5/287 1186/8/689 1187/6/98
s 83
f 1733/5/969 1734/8/972 1197/6/972
s 84
f 1104/5/489 1093/8/188 1535/6/328
f 1245/5/490 1234/8/353 1559/6/366
s 83
f 1735/8/976 1208/6/976 1197/7/972
s 84
f 1386/5/526 1375/8/958 1583/6/368
s 85
f 1092/5/189 1091/8/1038 1533/6/256
s 83
f 1736/8/981 1220/6/981 1208/7/976
s 85
f 1208/5/36 1220/8/341 1221/6/341
s 84
f 1221/8/340 1222/6/340 1210/7/161
s 83
f 1737/8/985 1232/6/985 1220/7/981
s 85
f 1220/5/341 1232/8/271 1233/6/270
s 84
f 1233/8/365 1234/6/353 1222/7/340
s 83
f 1737/5/985 1738/8/990 1244/6/990
s 85
f 1233/5/270 1232/8/271 1557/6/269
f 1374/5/273 1373/8/274 1581/6/272
s 83
f 1738/5/990 1739/8/995 1255/6/995
s 84
f 963/8/594 1513/6/594 1516/7/540
f 1104/8/489 1537/6/489 1540/7/541
s 83
f 1739/5/995 1740/8/1001 1267/6/1001
s 85
f 1255/5/1002 1267/8/398 1268/6/398
s 84
f 1256/5/394 1268/8/395 1269/6/395
s 83
f 1740/5/1001 1741/8/1006 1279/6/1006
s 85
f 1279/8/728 1280/6/412 1268/7/398
s 84
f 1280/8/723 1281/6/411 1269/7/395
s 83
f 1741/5/1006 1742/8/1010 1291/6/1010
s 84
f 1245/8/490 1561/6/490 1564/7/581
f 1386/8/526 1585/6/526 1588/7/582
s 83
f 1742/5/1010 1743/8/1015 1302/6/1015
s 84
f 974/5/51 975/8/53 1516/6/540
f 1115/5/226 1116/8/943 1540/6/541
s 83
f 1743/5/1015 1744/8/1022 1314/6/1022
s 85
f 1314/8/452 1315/6/452 1303/7/453
s 84
f 1315/8/450 1316/6/450 1304/7/449
s 83
f 1745/8/1027 1326/6/1027 1314/7/1022
s 85
f 1314/5/452 1326/8/693 1327/6/466
s 84
f 1315/5/450 1327/8/465 1328/6/101
s 83
f 1745/5/1027 1746/8/1031 1338/6/1031
s 84
f 1256/5/394 1257/8/396 1564/6/581
f 1397/5/553 1398/8/1011 1588/6/582
s 83
f 1747/8/1037 1349/6/1037 1338/7/1031
s 85
f 1103/8/313 1536/6/313 1533/7/256
f 1244/8/314 1560/6/1087 1557/7/269
s 83
f 1748/8/1041 1361/6/1041 1349/7/1037
s 85
f 1361/8/503 1362/6/503 1350/7/37
s 84
f 1362/8/502 1363/6/502 1351/7/164
s 83
f 1749/8/1047 1373/6/1047 1361/7/1041
s 85
f 1373/8/274 1374/6/273 1362/7/503
s 84
f 1374/8/367 1375/6/958 1363/7/502
s 83
f 1749/5/1047 1750/8/1049 1385/6/1049
s 85
f 1385/8/326 1584/6/326 1581/7/272
s 84
f 963/5/594 952/8/1093 1512/6/721
s 83
f 1751/8/1055 1396/6/1055 1385/7/1049
s 85
f 974/8/56 1515/6/1175 1514/7/381
f 1115/8/231 1539/6/1176 1538/7/383
s 83
f 1751/5/1055 1752/8/1059 1408/6/1059
s 85
f 1408/8/556 1409/6/556 1397/7/477
s 84
f 1397/5/553 1409/8/554 1410/6/554
s 83
f 1752/5/1059 1753/8/1065 1420/6/1065
s 85
f 1420/8/569 1421/6/570 1409/7/556
s 84
f 1409/5/554 1421/8/722 1422/6/568
s 83
f 1754/8/1067 1432/6/1067 1420/7/1065
s 85
f 1256/8/399 1563/6/1177 1562/7/424
f 1397/8/477 1587/6/1178 1586/7/425
s 83
f 1755/8/1072 1443/6/1077 1432/7/1067
s 85
f 962/5/1073 973/8/54 1514/6/381
f 1103/5/313 1114/8/942 1538/6/383
s 83
f 1756/8/1076 1455/6/1076 1443/7/1077
s 85
f 1455/8/608 1456/6/608 1444/7/609
s 84
f 1444/5/706 1456/8/606 1457/6/606
s 83
f 1756/5/1076 1757/8/1081 1467/6/1081
s 85
f 1455/5/608 1467/8/691 1468/6/621
s 84
f 1456/5/606 1468/8/688 1469/6/144
s 83
f 1757/5/1081 1758/8/1086 1479/6/1086
s 85
f 1244/5/314 1255/8/1002 1562/6/424
f 1385/5/326 1396/8/426 1586/6/425
s 83
f 1759/8/1092 1490/6/1092 1479/7/1086
s 84
f 951/8/724 1511/6/1190 1512/7/721
f 998/8/67 1518/6/1192 1519/7/711
s 83
f 1759/5/1092 1760/8/1098 1502/6/1098
s 85
f 1502/8/658 1503/6/658 1491/7/81
s 84
f 1491/5/202 1503/8/657 1504/6/657
s 83
f 1713/8/873 950/6/873 1502/7/1098
s 85
f 1502/5/658 950/8/528 951/6/643
s 84
f 1503/5/657 951/8/724 952/6/1093
s 86
f 1512/8/670 1609/6/670 1610/7/670
s 87
f 1530/5/803 1531/8/307 1630/6/307
s 88
f 1548/8/673 1649/6/673 1648/7/418
s 89
f 1565/8/682 1668/6/682 1669/7/251
s 90
f 1581/5/666 1584/8/666 1689/6/666
s 91
f 1530/8/666 1629/6/666 1626/7/666
s 92
f 1564/5/670 1561/8/670 1664/6/670
s 93
f 1583/5/674 1582/8/359 1687/6/359
s 94
f 1512/5/676 1511/8/521 1607/6/521
s 95
f 1527/8/670 1625/6/670 1628/7/670
s 88
f 1546/5/668 1547/8/418 1648/6/418
s 96
f 1564/8/676 1667/6/676 1666/7/521
s 93
f 1581/8/671 1686/6/671 1687/7/359
s 97
f 1597/5/666 1600/8/666 1707/6/666
s 98
f 1546/8/666 1647/6/666 1644/7/666
s 99
f 1580/5/670 1577/8/670 1682/6/670
s 100
f 1599/5/678 1598/8/472 1705/6/472
s 101
f 1543/8/670 1643/6/670 1646/7/670
s 96
f 1562/5/672 1563/8/521 1666/6/521
s 102
f 1580/8/679 1685/6/679 1684/7/627
s 94
f 1509/8/672 1605/6/672 1607/7/521
s 100
f 1597/8/675 1704/6/675 1705/7/472
s 103
f 1562/8/666 1665/6/666 1662/7/666
s 104
f 1509/5/666 1510/8/666 1606/6/666
s 105
f 1596/5/670 1593/8/670 1700/6/670
s 91
f 1525/5/666 1528/8/666 1626/6/666
s 92
f 1559/8/670 1661/6/670 1664/7/670
s 102
f 1578/5/677 1579/8/627 1684/6/627
s 106
f 1596/8/681 1703/6/681 1702/7/76
s 107
f 1527/5/679 1526/8/627 1624/6/627
s 108
f 1578/8/666 1683/6/666 1680/7/666
s 107
f 1525/8/677 1623/6/677 1624/7/627
s 98
f 1541/5/666 1544/8/666 1644/6/666
s 99
f 1575/8/670 1679/6/670 1682/7/670
s 106
f 1594/5/680 1595/8/76 1702/6/76
s 109
f 1524/5/670 1521/8/670 1619/6/670
s 110
f 1543/5/681 1542/8/76 1642/6/76
s 111
f 1594/8/666 1701/6/666 1698/7/666
s 112
f 1524/8/669 1622/6/669 1621/7/251
s 110
f 1541/8/680 1641/6/680 1642/7/76
s 103
f 1557/5/666 1560/8/666 1662/6/666
s 105
f 1591/8/670 1697/6/670 1700/7/670
s 113
f 1540/5/670 1537/8/670 1637/6/670
s 114
f 1559/5/684 1558/8/196 1660/6/196
s 112
f 1522/5/682 1523/8/251 1621/6/251
s 115
f 1540/8/674 1640/6/674 1639/7/359
s 114
f 1557/8/683 1659/6/683 1660/7/196
s 108
f 1573/5/666 1576/8/666 1680/6/666
s 84
f 1339/8/100 1577/6/100 1580/7/162
f 1198/8/1101 1553/6/1101 1556/7/159
f 1057/8/1102 1529/6/1102 1532/7/145
s 85
f 1468/5/621 1467/8/691 1597/6/690
f 1327/5/466 1326/8/693 1573/6/692
f 1186/5/301 1185/8/695 1549/6/694
f 1045/5/131 1044/8/697 1525/6/696
s 84
f 1480/5/143 1469/8/144 1599/6/142
f 1339/5/100 1328/8/101 1575/6/99
f 1198/5/1101 1187/8/98 1551/6/96
f 1057/5/1102 1046/8/84 1527/6/82
f 1468/8/688 1598/6/1180 1599/7/142
f 1327/8/465 1574/6/1181 1575/7/99
f 1186/8/689 1550/6/1182 1551/7/96
f 1045/8/130 1526/6/1183 1527/7/82
s 85
f 1432/5/717 1443/8/607 1594/6/712
f 1291/5/718 1302/8/451 1570/6/713
f 1150/5/719 1161/8/715 1546/6/714
f 1009/5/720 1020/8/116 1522/6/716
f 1444/8/609 1595/6/1184 1594/7/712
f 1303/8/453 1571/6/1185 1570/7/713
f 1162/8/289 1547/6/1186 1546/7/714
f 1021/8/118 1523/6/1187 1522/7/716
f 1432/8/717 1592/6/717 1589/7/726
f 1291/8/718 1568/6/718 1565/7/727
f 1150/8/719 1544/6/719 1541/7/729
f 1009/8/720 1520/6/720 1517/7/644
s 84
f 1444/5/706 1445/8/605 1596/6/699
f 1303/5/707 1304/8/449 1572/6/701
f 1162/5/286 1163/8/288 1548/6/703
f 1021/5/113 1022/8/115 1524/6/705
f 1433/8/698 1593/6/698 1596/7/699
f 1292/8/1111 1569/6/1111 1572/7/701
f 1151/8/702 1545/6/702 1548/7/703
f 1010/8/704 1521/6/704 1524/7/705
s 85
f 962/8/1073 1510/6/1073 1509/7/527
f 1421/5/570 1420/8/569 1589/6/726
f 1280/5/412 1279/8/728 1565/6/727
f 951/5/643 950/8/528 1509/6/527
f 1139/5/245 1138/8/244 1541/6/729
f 998/5/69 997/8/645 1517/6/644
s 84
f 1433/5/698 1422/8/568 1591/6/708
f 1292/5/1111 1281/8/411 1567/6/709
f 1151/5/702 1140/8/243 1543/6/710
f 1010/5/704 999/8/68 1519/6/711
f 1421/8/722 1590/6/1188 1591/7/708
f 1280/8/723 1566/6/1189 1567/7/709
f 1139/8/725 1542/6/1191 1543/7/710
s 116
f 1605/5/732 1606/8/733 1608/6/733
s 117
f 1608/8/731 1610/6/731 1609/7/730
s 116
f 1606/5/733 1611/8/735 1612/6/735
s 117
f 1608/5/731 1612/8/734 1613/6/734
s 118
f 1614/5/738 1617/8/739 1618/6/739
s 119
f 1618/8/737 1619/6/737 1616/7/736
s 118
f 1620/8/741 1621/6/741 1618/7/739
s 119
f 1618/5/737 1621/8/740 1622/6/740
s 120
f 1626/8/745 1627/6/745 1624/7/744
s 121
f 1627/8/743 1628/6/743 1625/7/742
s 120
f 1626/5/745 1629/8/747 1630/6/747
s 121
f 1627/5/743 1630/8/746 1631/6/746
s 122
f 1632/5/750 1635/8/751 1636/6/751
s 123
f 1636/8/749 1637/6/749 1634/7/748
s 122
f 1635/5/751 1638/8/753 1639/6/753
s 123
f 1636/5/749 1639/8/752 1640/6/752
s 124
f 1641/5/756 1644/8/757 1645/6/757
s 125
f 1645/8/755 1646/6/755 1643/7/754
s 124
f 1644/5/757 1647/8/759 1648/6/759
s 125
f 1645/5/755 1648/8/758 1649/6/758
s 126
f 1650/5/762 1653/8/763 1654/6/763
s 127
f 1654/8/761 1655/6/761 1652/7/760
s 126
f 1656/8/765 1657/6/765 1654/7/763
s 127
f 1654/5/761 1657/8/764 1658/6/764
s 128
f 1662/8/769 1663/6/769 1660/7/768
s 129
f 1660/5/766 1663/8/767 1664/6/767
s 128
f 1662/5/769 1665/8/771 1666/6/771
s 129
f 1663/5/767 1666/8/770 1667/6/770
s 130
f 1668/5/774 1671/8/775 1672/6/775
s 131
f 1669/5/772 1672/8/773 1673/6/773
s 130
f 1674/8/777 1675/6/777 1672/7/775
s 131
f 1672/5/773 1675/8/776 1676/6/776
s 132
f 1680/8/781 1681/6/781 1678/7/780
s 133
f 1681/8/779 1682/6/779 1679/7/778
s 132
f 1683/8/783 1684/6/1204 1681/7/781
s 133
f 1681/5/779 1684/8/782 1685/6/782
s 134
f 1689/8/787 1690/6/787 1687/7/786
s 135
f 1690/8/785 1691/6/785 1688/7/784
s 134
f 1689/5/787 1692/8/789 1693/6/789
s 135
f 1693/8/788 1694/6/788 1691/7/785
s 136
f 1698/8/793 1699/6/793 1696/7/792
s 137
f 1699/8/791 1700/6/791 1697/7/790
s 136
f 1698/5/793 1701/8/795 1702/6/795
s 137
f 1702/8/794 1703/6/794 1700/7/791
s 138
f 1707/8/799 1708/6/799 1705/7/798
s 139
f 1708/8/797 1709/6/797 1706/7/796
s 138
f 1710/8/801 1711/6/801 1708/7/799
s 139
f 1711/8/800 1712/6/800 1709/7/797
s 89
f 1567/5/669 1566/8/251 1669/6/251
s 101
f 1548/5/670 1545/8/670 1646/6/670
s 140
f 1599/8/670 1706/6/670 1709/7/670
s 104
f 1514/8/666 1611/6/666 1606/7/666
s 141
f 1565/5/666 1568/8/666 1671/6/666
s 142
f 1549/8/804 1650/6/804 1651/7/137
s 87
f 1532/8/667 1631/6/667 1630/7/307
s 97
f 1602/8/666 1710/6/666 1707/7/666
s 143
f 1514/5/683 1515/8/196 1612/6/196
s 142
f 1551/5/802 1550/8/137 1651/6/137
s 95
f 1532/5/670 1529/8/670 1628/6/670
s 144
f 1602/5/804 1603/8/137 1711/6/137
s 145
f 1583/8/670 1688/6/670 1691/7/670
s 146
f 1549/5/666 1552/8/666 1653/6/666
s 147
f 1533/8/806 1632/6/806 1633/7/3
s 143
f 1516/8/684 1613/6/684 1612/7/196
s 90
f 1586/8/666 1692/6/666 1689/7/666
s 147
f 1535/5/805 1534/8/3 1633/6/3
s 144
f 1604/8/802 1712/6/802 1711/7/137
s 86
f 1516/5/670 1513/8/670 1610/6/670
s 148
f 1586/5/806 1587/8/3 1693/6/3
s 149
f 1567/8/670 1670/6/670 1673/7/670
s 150
f 1533/5/666 1536/8/666 1635/6/666
s 140
f 1604/5/670 1601/8/670 1709/6/670
s 151
f 1517/8/808 1614/6/808 1615/7/576
s 141
f 1570/8/666 1674/6/666 1671/7/666
s 151
f 1519/5/807 1518/8/576 1615/6/576
s 148
f 1588/8/805 1694/6/805 1693/7/3
s 152
f 1570/5/808 1571/8/576 1675/6/576
s 153
f 1551/8/670 1652/6/670 1655/7/670
s 154
f 1517/5/666 1520/8/666 1617/6/666
s 145
f 1588/5/670 1585/8/670 1691/6/670
s 146
f 1554/8/666 1656/6/666 1653/7/666
s 155
f 1589/8/668 1695/6/668 1696/7/418
s 152
f 1572/8/807 1676/6/807 1675/7/576
s 156
f 1554/5/675 1555/8/472 1657/6/472
s 113
f 1535/8/670 1634/6/670 1637/7/670
s 155
f 1591/5/673 1590/8/418 1696/6/418
s 149
f 1572/5/670 1569/8/670 1673/6/670
s 150
f 1538/8/666 1638/6/666 1635/7/666
s 111
f 1589/5/666 1592/8/666 1698/6/666
s 157
f 1573/8/803 1677/6/803 1678/7/307
s 156
f 1556/8/678 1658/6/678 1657/7/472
s 115
f 1538/5/671 1539/8/359 1639/6/359
s 109
f 1519/8/670 1616/6/670 1619/7/670
s 157
f 1575/5/667 1574/8/307 1678/6/307
s 153
f 1556/5/670 1553/8/670 1655/6/670
s 154
f 1522/8/666 1620/6/666 1617/7/666
s 82
f 1501/16/1097 949/19/872 1713/17/1118
f 1489/16/1090 1501/19/1097 1760/17/1119
f 1489/19/1090 1759/17/1120 1758/18/1121
f 1478/19/1091 1758/17/1121 1757/18/1122
f 1466/19/1085 1757/17/1122 1756/18/1123
f 1454/19/1080 1756/17/1123 1755/18/1124
f 1431/16/1071 1442/19/1070 1755/17/1124
f 1431/19/1071 1754/17/1125 1753/18/1126
f 1407/16/1058 1419/19/1064 1753/17/1126
f 1407/19/1058 1752/17/1127 1751/18/1128
f 1395/19/1053 1751/17/1128 1750/18/1129
f 1384/19/1054 1750/17/1129 1749/18/1130
f 1372/19/1045 1749/17/1130 1748/18/1131
f 1348/16/1040 1360/19/1046 1748/17/1131
f 1337/16/1036 1348/19/1040 1747/17/1132
f 1337/19/1036 1746/17/1133 1745/18/1134
f 1325/19/1026 1745/17/1134 1744/18/1135
f 1301/16/1021 1313/19/1020 1744/17/1135
f 1301/19/1021 1743/17/1136 1742/18/1137
f 1290/19/1014 1742/17/1137 1741/18/1138
f 1278/19/1009 1741/17/1138 1740/18/1139
f 1266/19/999 1740/17/1139 1739/18/1140
f 1254/19/1000 1739/17/1140 1738/18/1141
f 1243/19/994 1738/17/1141 1737/18/1142
f 1231/19/989 1737/17/1142 1736/18/1143
f 1207/16/974 1219/19/984 1736/17/1143
f 1207/19/974 1735/17/1144 1734/18/1145
f 1184/16/968 1196/19/975 1734/17/1145
f 1184/19/968 1733/17/1146 1732/18/1147
f 1160/16/962 1172/19/961 1732/17/1147
f 1149/16/956 1160/19/962 1731/17/1148
f 1149/19/956 1730/17/1149 1729/18/1150
f 1125/16/948 1137/19/953 1729/17/1150
f 1113/16/937 1125/19/948 1728/17/1151
f 1113/19/937 1727/17/1152 1726/18/1153
f 1102/19/938 1726/17/1153 1725/18/1154
f 1090/19/929 1725/17/1154 1724/18/1155
f 1066/16/920 1078/19/925 1724/17/1155
f 1055/16/921 1066/19/920 1723/17/1156
f 1055/19/921 1722/17/1157 1721/18/1158
f 1031/16/912 1043/19/911 1721/17/1158
f 1031/19/912 1720/17/1159 1719/18/1160
f 1019/19/906 1719/17/1160 1718/18/1161
f 996/16/896 1008/19/903 1718/17/1161
f 984/16/885 996/19/896 1717/17/1162
f 984/19/885 1716/17/1163 1715/18/1164
f 972/19/886 1715/17/1164 1714/18/1165
f 949/16/872 961/19/879 1714/17/1165
s 158
f 1761/11/182 1762/9/182 1764/12/856
f 1764/9/856 1766/12/137 1765/10/137
f 1766/9/137 1768/12/857 1767/10/857
f 1768/9/857 1770/12/91 1769/10/91
f 1770/9/91 1772/12/858 1771/10/858
f 1772/9/858 1774/12/46 1773/10/46
f 1774/9/46 1776/12/859 1775/10/859
f 1776/9/859 1778/12/1 1777/10/1
f 1778/9/1 1780/12/860 1779/10/860
f 1780/9/860 1782/12/627 1781/10/627
f 1782/9/627 1784/12/861 1783/10/861
f 1784/9/861 1786/12/589 1785/10/589
f 1786/9/589 1788/12/862 1787/10/862
f 1788/9/862 1790/12/548 1789/10/548
f 1790/9/548 1792/12/863 1791/10/863
f 1791/11/863 1792/9/863 1794/12/509
f 1794/9/509 1796/12/864 1795/10/864
f 1796/9/864 1798/12/472 1797/10/472
f 1798/9/472 1800/12/865 1799/10/865
f 1799/11/865 1800/9/865 1802/12/432
f 1802/9/432 1804/12/866 1803/10/866
f 1804/9/866 1806/12/389 1805/10/389
f 1806/9/389 1808/12/867 1807/10/867
f 1808/9/867 1810/12/347 1809/10/347
f 1810/9/347 1812/12/868 1811/10/868
f 1812/9/868 1814/12/307 1813/10/307
f 1814/9/307 1816/12/869 1815/10/869
f 1816/9/869 1818/12/264 1817/10/264
f 1818/9/264 1820/12/870 1819/10/870
f 1820/9/870 1822/12/220 1821/10/220
s 159
f 1778/9/666 1833/12/666 1834/10/666
s 158
f 1822/9/220 1824/12/871 1823/10/871
f 1824/9/871 1762/12/182 1761/10/182
s 160
f 1823/15/670 1761/20/670 1763/21/670
f 1763/21/670 1765/22/670 1767/23/670
f 1767/23/670 1769/24/670 1771/25/670
f 1771/25/670 1773/26/670 1775/27/670
f 1775/27/670 1777/28/670 1779/29/670
f 1779/29/670 1781/30/670 1783/31/670
f 1783/31/670 1785/32/670 1787/33/670
f 1787/33/670 1789/34/670 1791/13/670
f 1791/13/670 1793/35/670 1795/36/670
f 1795/36/670 1797/37/670 1799/38/670
f 1799/38/670 1801/39/670 1803/40/670
f 1803/40/670 1805/41/670 1807/14/670
f 1807/14/670 1809/42/670 1811/43/670
f 1811/43/670 1813/44/670 1815/45/670
f 1815/45/670 1817/46/670 1819/47/670
f 1819/47/670 1821/48/670 1823/15/670
f 1823/15/670 1763/21/670 1767/23/670
f 1767/23/670 1771/25/670 1775/27/670
f 1775/27/670 1779/29/670 1783/31/670
f 1783/31/670 1787/33/670 1791/13/670
f 1791/13/670 1795/36/670 1799/38/670
f 1799/38/670 1803/40/670 1807/14/670
f 1807/14/670 1811/43/670 1815/45/670
f 1815/45/670 1819/47/670 1823/15/670
f 1823/15/670 1767/23/670 1775/27/670
f 1775/27/670 1783/31/670 1791/13/670
f 1791/13/670 1799/38/670 1807/14/670
f 1807/14/670 1815/45/670 1823/15/670
f 1823/15/670 1775/27/670 1791/13/670
s 161
f 1849/9/347 1881/12/347 1882/10/868
s 159
f 1796/9/666 1842/12/666 1843/10/666
f 1814/9/666 1851/12/666 1852/10/666
f 1770/9/666 1829/12/666 1830/10/666
f 1790/11/666 1788/9/666 1838/12/666
f 1808/11/666 1806/9/666 1847/12/666
f 1762/9/666 1826/12/666 1825/10/666
f 1824/9/666 1856/12/666 1826/10/666
f 1780/9/666 1834/12/666 1835/10/666
f 1798/9/666 1843/12/666 1844/10/666
f 1816/9/666 1852/12/666 1853/10/666
f 1772/9/666 1830/12/666 1831/10/666
f 1790/9/666 1839/12/666 1840/10/666
f 1810/11/666 1808/9/666 1848/12/666
f 1764/9/666 1825/12/666 1827/10/666
f 1782/9/666 1835/12/666 1836/10/666
f 1800/9/666 1844/12/666 1845/10/666
f 1820/11/666 1818/9/666 1853/12/666
f 1774/9/666 1831/12/666 1832/10/666
f 1792/9/666 1840/12/666 1841/10/666
f 1812/11/666 1810/9/666 1849/12/666
f 1768/11/666 1766/9/666 1827/12/666
f 1784/9/666 1836/12/666 1837/10/666
f 1804/11/666 1802/9/666 1845/12/666
f 1820/9/666 1854/12/666 1855/10/666
f 1776/9/666 1832/12/666 1833/10/666
f 1794/9/666 1841/12/666 1842/10/666
f 1814/11/666 1812/9/666 1850/12/666
f 1768/9/666 1828/12/666 1829/10/666
f 1788/11/666 1786/9/666 1837/12/666
f 1804/9/666 1846/12/666 1847/10/666
f 1824/11/666 1822/9/666 1855/12/666
s 162
f 1859/15/666 1857/20/1205 1858/21/666
f 1858/21/666 1888/22/666 1887/23/666
f 1887/23/666 1886/24/666 1885/25/666
f 1885/25/666 1884/26/666 1883/27/666
f 1883/27/666 1882/28/666 1881/29/666
f 1881/29/666 1880/30/666 1879/31/666
f 1879/31/666 1878/32/666 1877/33/666
f 1877/33/666 1876/34/1206 1875/13/666
f 1875/13/666 1874/35/666 1873/36/666
f 1873/36/666 1872/37/666 1871/38/666
f 1871/38/666 1870/39/1205 1869/40/666
f 1869/40/666 1868/41/666 1867/14/666
f 1867/14/666 1866/42/666 1865/43/666
f 1865/43/666 1864/44/666 1863/45/666
f 1863/45/666 1862/46/666 1861/47/666
f 1861/47/666 1860/48/1205 1859/15/666
f 1859/15/666 1858/21/666 1887/23/666
f 1887/23/666 1885/25/666 1883/27/666
f 1883/27/666 1881/29/666 1879/31/666
f 1879/31/666 1877/33/666 1875/13/666
f 1875/13/666 1873/36/666 1871/38/666
f 1871/38/666 1869/40/666 1867/14/666
f 1867/14/666 1865/43/666 1863/45/666
f 1863/45/666 1861/47/666 1859/15/666
f 1859/15/666 1887/23/666 1883/27/666
f 1883/27/666 1879/31/666 1875/13/666
f 1875/13/666 1871/38/666 1867/14/666
f 1867/14/666 1863/45/666 1859/15/666
f 1859/15/666 1883/27/666 1875/13/666
s 161
f 1837/11/589 1836/9/861 1868/12/861
f 1850/9/868 1882/12/868 1883/10/307
f 1838/11/862 1837/9/589 1869/12/589
f 1851/9/307 1883/12/307 1884/10/869
f 1838/9/862 1870/12/862 1871/10/548
f 1826/9/182 1858/12/182 1857/10/856
f 1852/9/869 1884/12/869 1885/10/264
f 1839/9/548 1871/12/548 1872/10/863
f 1825/9/856 1857/12/856 1859/10/137
f 1853/9/264 1885/12/264 1886/10/870
f 1840/9/863 1872/12/863 1873/10/509
f 1827/9/137 1859/12/137 1860/10/857
f 1855/11/220 1854/9/870 1886/12/870
f 1841/9/509 1873/12/509 1874/10/864
f 1828/9/857 1860/12/857 1861/10/91
f 1855/9/220 1887/12/220 1888/10/871
f 1842/9/864 1874/12/864 1875/10/472
f 1829/9/91 1861/12/91 1862/10/858
f 1826/11/182 1856/9/871 1888/12/871
f 1843/9/472 1875/12/472 1876/10/865
f 1830/9/858 1862/12/858 1863/10/46
f 1844/9/865 1876/12/865 1877/10/432
f 1832/11/859 1831/9/46 1863/12/46
f 1845/9/432 1877/12/432 1878/10/866
f 1832/9/859 1864/12/859 1865/10/1
f 1846/9/866 1878/12/866 1879/10/389
f 1833/9/1 1865/12/1 1866/10/860
f 1847/9/389 1879/12/389 1880/10/867
f 1834/9/860 1866/12/860 1867/10/627
f 1848/9/867 1880/12/867 1881/10/347
f 1835/9/627 1867/12/627 1868/10/861
s 1
g Torus.002_Materiau
usemtl Materiau
f 1/1/1 14/2/2 13/3/3
f 3/4/4 14/3/2 2/1/5
f 4/4/6 15/3/7 3/1/4
f 4/1/6 17/2/8 16/3/9
f 9/4/18 19/3/19 8/1/20
f 10/4/21 20/3/22 9/1/18
f 11/4/23 21/3/24 10/1/21
f 12/4/25 22/3/26 11/1/23
f 1/4/1 23/3/27 12/1/25
f 13/1/3 25/2/28 24/3/29
f 15/4/7 25/3/28 14/1/2
f 15/1/7 27/2/30 26/3/31
f 16/1/9 28/2/32 27/3/30
f 19/1/19 32/2/40 31/3/41
f 21/4/24 32/3/40 20/1/22
f 22/4/26 33/3/42 21/1/24
f 22/1/26 35/2/43 34/3/44
f 13/4/3 35/3/43 23/1/27
f 24/1/29 37/2/45 36/3/46
f 26/4/31 37/3/45 25/1/28
f 26/1/31 39/2/47 38/3/48
f 27/1/30 40/2/49 39/3/47
f 32/4/40 43/3/57 31/1/41
f 33/4/42 44/3/58 32/1/40
f 34/4/44 45/3/59 33/1/42
f 35/4/43 46/3/60 34/1/44
f 24/4/29 47/3/61 35/1/43
f 36/1/46 49/2/62 48/3/63
f 38/4/48 49/3/62 37/1/45
f 38/1/48 51/2/64 50/3/65
f 40/4/49 51/3/64 39/1/47
f 43/1/57 56/2/70 55/3/71
f 45/4/59 56/3/70 44/1/58
f 46/4/60 57/3/72 45/1/59
f 47/4/61 58/3/73 46/1/60
f 47/1/61 48/2/63 59/3/74
f 48/1/63 61/2/75 60/3/76
f 50/4/65 61/3/75 49/1/62
f 51/4/64 62/3/77 50/1/65
f 52/4/78 63/3/79 51/1/64
f 55/1/71 67/2/85 66/3/86
f 57/4/72 67/3/85 56/1/70
f 57/1/72 69/2/87 68/3/88
f 58/1/73 70/2/89 69/3/87
f 48/4/63 70/3/89 59/1/74
f 60/1/76 72/2/90 71/3/91
f 62/4/77 72/3/90 61/1/75
f 62/1/77 74/2/92 73/3/93
f 64/4/94 74/3/92 63/1/79
f 66/1/86 79/2/102 78/3/103
f 67/1/85 80/2/104 79/3/102
f 69/4/87 80/3/104 68/1/88
f 69/1/87 82/2/105 81/3/106
f 60/4/76 82/3/105 70/1/89
f 71/1/91 84/2/107 83/3/108
f 73/4/93 84/3/107 72/1/90
f 74/4/92 85/3/109 73/1/93
f 75/4/110 86/3/111 74/1/92
f 79/4/102 90/3/119 78/1/103
f 80/4/104 91/3/120 79/1/102
f 80/1/104 93/2/121 92/3/122
f 81/1/106 94/2/123 93/3/121
f 71/4/91 94/3/123 82/1/105
f 83/1/108 96/2/124 95/3/125
f 84/1/107 97/2/126 96/3/124
f 85/1/109 98/2/127 97/3/126
f 86/1/111 99/2/128 98/3/127
f 90/1/119 103/2/132 102/3/133
f 92/4/122 103/3/132 91/1/120
f 93/4/121 104/3/134 92/1/122
f 94/4/123 105/3/135 93/1/121
f 83/4/108 106/3/136 94/1/123
f 96/4/124 107/3/137 95/1/125
f 97/4/126 108/3/138 96/1/124
f 97/1/126 110/2/139 109/3/140
f 99/4/128 110/3/139 98/1/127
f 103/4/132 113/3/148 102/1/133
f 103/1/132 115/2/149 114/3/150
f 105/4/135 115/3/149 104/1/134
f 105/1/135 117/2/151 116/3/152
f 106/1/136 107/2/137 117/3/151
f 108/4/138 118/3/153 107/1/137
f 109/4/140 119/3/154 108/1/138
f 109/1/140 121/2/155 120/3/156
f 110/1/139 122/2/157 121/3/155
f 113/1/148 126/2/165 125/3/166
f 115/4/149 126/3/165 114/1/150
f 116/4/152 127/3/167 115/1/149
f 117/4/151 128/3/168 116/1/152
f 117/1/151 118/2/153 129/3/169
f 119/4/154 130/3/170 118/1/153
f 120/4/156 131/3/171 119/1/154
f 121/4/155 132/3/172 120/1/156
f 122/4/157 133/3/173 121/1/155
f 126/4/165 137/3/177 125/1/166
f 126/1/165 139/2/178 138/3/179
f 128/4/168 139/3/178 127/1/167
f 129/4/169 140/3/180 128/1/168
f 118/4/153 141/3/181 129/1/169
f 131/4/171 142/3/182 130/1/170
f 132/4/172 143/3/183 131/1/171
f 133/4/173 144/3/184 132/1/172
f 134/4/185 145/3/186 133/1/173
f 137/1/177 150/2/190 149/3/191
f 138/1/179 151/2/192 150/3/190
f 139/1/178 152/2/193 151/3/192
f 140/1/180 153/2/194 152/3/193
f 130/4/170 153/3/194 141/1/181
f 142/1/182 155/2/195 154/3/196
f 144/4/184 155/3/195 143/1/183
f 145/4/186 156/3/197 144/1/184
f 145/1/186 158/2/198 157/3/199
f 150/4/190 160/3/204 149/1/191
f 150/1/190 162/2/205 161/3/206
f 152/4/193 162/3/205 151/1/192
f 153/4/194 163/3/207 152/1/193
f 142/4/182 164/3/208 153/1/194
f 155/4/195 165/3/209 154/1/196
f 156/4/197 166/3/210 155/1/195
f 156/1/197 168/2/211 167/3/212
f 157/1/199 169/2/213 168/3/211
f 160/1/204 173/2/215 172/3/216
f 162/4/205 173/3/215 161/1/206
f 163/4/207 174/3/217 162/1/205
f 163/1/207 176/2/218 175/3/219
f 154/4/196 176/3/218 164/1/208
f 166/4/210 177/3/220 165/1/209
f 166/1/210 179/2/221 178/3/222
f 168/4/211 179/3/221 167/1/212
f 168/1/211 181/2/223 180/3/224
f 173/4/215 184/3/232 172/1/216
f 174/4/217 185/3/233 173/1/215
f 174/1/217 187/2/234 186/3/235
f 176/4/218 187/3/234 175/1/219
f 165/4/209 188/3/236 176/1/218
f 177/1/220 190/2/237 189/3/238
f 178/1/222 191/2/239 190/3/237
f 179/1/221 192/2/240 191/3/239
f 180/1/224 193/2/241 192/3/240
f 184/1/232 197/2/246 196/3/247
f 186/4/235 197/3/246 185/1/233
f 187/4/234 198/3/248 186/1/235
f 188/4/236 199/3/249 187/1/234
f 188/1/236 189/2/238 200/3/250
f 190/4/237 201/3/251 189/1/238
f 191/4/239 202/3/252 190/1/237
f 192/4/240 203/3/253 191/1/239
f 193/4/241 204/3/254 192/1/240
f 196/1/247 208/2/258 207/3/259
f 197/1/246 209/2/260 208/3/258
f 199/4/249 209/3/260 198/1/248
f 200/4/250 210/3/261 199/1/249
f 189/4/238 211/3/262 200/1/250
f 201/1/251 213/2/263 212/3/264
f 202/1/252 214/2/265 213/3/263
f 203/1/253 215/2/266 214/3/265
f 204/1/254 216/2/267 215/3/266
f 208/4/258 219/3/275 207/1/259
f 208/1/258 221/2/276 220/3/277
f 209/1/260 222/2/278 221/3/276
f 211/4/262 222/3/278 210/1/261
f 201/4/251 223/3/279 211/1/262
f 212/1/264 225/2/280 224/3/281
f 213/1/263 226/2/282 225/3/280
f 215/4/266 226/3/282 214/1/265
f 215/1/266 228/2/283 227/3/284
f 220/4/277 231/3/291 219/1/275
f 221/4/276 232/3/292 220/1/277
f 222/4/278 233/3/293 221/1/276
f 222/1/278 235/2/294 234/3/295
f 212/4/264 235/3/294 223/1/279
f 225/4/280 236/3/296 224/1/281
f 225/1/280 238/2/297 237/3/298
f 227/4/284 238/3/297 226/1/282
f 228/4/283 239/3/299 227/1/284
f 232/4/292 243/3/302 231/1/291
f 232/1/292 245/2/303 244/3/304
f 234/4/295 245/3/303 233/1/293
f 234/1/295 247/2/305 246/3/306
f 224/4/281 247/3/305 235/1/294
f 237/4/298 248/3/307 236/1/296
f 237/1/298 250/2/308 249/3/309
f 239/4/299 250/3/308 238/1/297
f 240/4/310 251/3/311 239/1/299
f 244/4/304 254/3/315 243/1/302
f 244/1/304 256/2/316 255/3/317
f 245/1/303 257/2/318 256/3/316
f 246/1/306 258/2/319 257/3/318
f 236/4/296 258/3/319 247/1/305
f 248/1/307 260/2/320 259/3/321
f 249/1/309 261/2/322 260/3/320
f 250/1/308 262/2/323 261/3/322
f 252/4/324 262/3/323 251/1/311
f 254/1/315 267/2/329 266/3/330
f 255/1/317 268/2/331 267/3/329
f 257/4/318 268/3/331 256/1/316
f 258/4/319 269/3/332 257/1/318
f 248/4/307 270/3/333 258/1/319
f 259/1/321 272/2/334 271/3/335
f 261/4/322 272/3/334 260/1/320
f 262/4/323 273/3/336 261/1/322
f 263/4/337 274/3/338 262/1/323
f 267/4/329 278/3/342 266/1/330
f 267/1/329 280/2/343 279/3/344
f 268/1/331 281/2/345 280/3/343
f 269/1/332 282/2/346 281/3/345
f 259/4/321 282/3/346 270/1/333
f 272/4/334 283/3/347 271/1/335
f 273/4/336 284/3/348 272/1/334
f 274/4/338 285/3/349 273/1/336
f 275/4/350 286/3/351 274/1/338
f 278/1/342 291/2/354 290/3/355
f 280/4/343 291/3/354 279/1/344
f 280/1/343 293/2/356 292/3/357
f 281/1/345 294/2/358 293/3/356
f 271/4/335 294/3/358 282/1/346
f 284/4/348 295/3/359 283/1/347
f 285/4/349 296/3/360 284/1/348
f 285/1/349 298/2/361 297/3/362
f 286/1/351 299/2/363 298/3/361
f 291/4/354 301/3/370 290/1/355
f 291/1/354 303/2/371 302/3/372
f 293/4/356 303/3/371 292/1/357
f 294/4/358 304/3/373 293/1/356
f 283/4/347 305/3/374 294/1/358
f 296/4/360 306/3/375 295/1/359
f 297/4/362 307/3/376 296/1/360
f 298/4/361 308/3/377 297/1/362
f 298/1/361 310/2/378 309/3/379
f 302/4/372 313/3/384 301/1/370
f 302/1/372 315/2/385 314/3/386
f 304/4/373 315/3/385 303/1/371
f 304/1/373 317/2/387 316/3/388
f 295/4/359 317/3/387 305/1/374
f 307/4/376 318/3/389 306/1/375
f 308/4/377 319/3/390 307/1/376
f 309/4/379 320/3/391 308/1/377
f 310/4/378 321/3/392 309/1/379
f 314/4/386 325/3/400 313/1/384
f 314/1/386 327/2/401 326/3/402
f 315/1/385 328/2/403 327/3/401
f 317/4/387 328/3/403 316/1/388
f 317/1/387 318/2/389 329/3/404
f 319/4/390 330/3/405 318/1/389
f 319/1/390 332/2/406 331/3/407
f 320/1/391 333/2/408 332/3/406
f 322/4/409 333/3/408 321/1/392
f 326/4/402 337/3/413 325/1/400
f 327/4/401 338/3/414 326/1/402
f 328/4/403 339/3/415 327/1/401
f 329/4/404 340/3/416 328/1/403
f 318/4/389 341/3/417 329/1/404
f 331/4/407 342/3/418 330/1/405
f 331/1/407 344/2/419 343/3/420
f 333/4/408 344/3/419 332/1/406
f 334/4/421 345/3/422 333/1/408
f 337/1/413 349/2/427 348/3/428
f 338/1/414 350/2/429 349/3/427
f 340/4/416 350/3/429 339/1/415
f 341/4/417 351/3/430 340/1/416
f 341/1/417 342/2/418 352/3/431
f 343/4/420 353/3/432 342/1/418
f 343/1/420 355/2/433 354/3/434
f 344/1/419 356/2/435 355/3/433
f 345/1/422 357/2/436 356/3/435
f 348/1/428 361/2/438 360/3/439
f 349/1/427 362/2/440 361/3/438
f 351/4/430 362/3/440 350/1/429
f 352/4/431 363/3/441 351/1/430
f 352/1/431 353/2/432 364/3/442
f 354/4/434 365/3/443 353/1/432
f 355/4/433 366/3/444 354/1/434
f 355/1/433 368/2/445 367/3/446
f 356/1/435 369/2/447 368/3/445
f 361/4/438 372/3/454 360/1/439
f 362/4/440 373/3/455 361/1/438
f 363/4/441 374/3/456 362/1/440
f 364/4/442 375/3/457 363/1/441
f 353/4/432 376/3/458 364/1/442
f 366/4/444 377/3/459 365/1/443
f 367/4/446 378/3/460 366/1/444
f 368/4/445 379/3/461 367/1/446
f 368/1/445 381/2/462 380/3/463
f 372/1/454 385/2/467 384/3/468
f 374/4/456 385/3/467 373/1/455
f 375/4/457 386/3/469 374/1/456
f 376/4/458 387/3/470 375/1/457
f 376/1/458 377/2/459 388/3/471
f 378/4/460 389/3/472 377/1/459
f 379/4/461 390/3/473 378/1/460
f 380/4/463 391/3/474 379/1/461
f 381/4/462 392/3/475 380/1/463
f 385/4/467 395/3/478 384/1/468
f 385/1/467 397/2/479 396/3/480
f 386/1/469 398/2/481 397/3/479
f 388/4/471 398/3/481 387/1/470
f 388/1/471 389/2/472 399/3/482
f 390/4/473 400/3/483 389/1/472
f 390/1/473 402/2/484 401/3/485
f 391/1/474 403/2/486 402/3/484
f 393/4/487 403/3/486 392/1/475
f 396/4/480 407/3/491 395/1/478
f 397/4/479 408/3/492 396/1/480
f 398/4/481 409/3/493 397/1/479
f 399/4/482 410/3/494 398/1/481
f 399/1/482 400/2/483 411/3/495
f 401/4/485 412/3/496 400/1/483
f 402/4/484 413/3/497 401/1/485
f 403/4/486 414/3/498 402/1/484
f 404/4/499 415/3/500 403/1/486
f 407/1/491 420/2/504 419/3/505
f 408/1/492 421/2/506 420/3/504
f 409/1/493 422/2/507 421/3/506
f 410/1/494 423/2/508 422/3/507
f 400/4/483 423/3/508 411/1/495
f 413/4/497 424/3/509 412/1/496
f 413/1/497 426/2/510 425/3/511
f 415/4/500 426/3/510 414/1/498
f 416/4/512 427/3/513 415/1/500
f 419/1/505 432/2/515 431/3/516
f 420/1/504 433/2/517 432/3/515
f 422/4/507 433/3/517 421/1/506
f 422/1/507 435/2/518 434/3/519
f 412/4/496 435/3/518 423/1/508
f 424/1/509 437/2/520 436/3/521
f 426/4/510 437/3/520 425/1/511
f 427/4/513 438/3/522 426/1/510
f 428/4/523 439/3/524 427/1/513
f 432/4/515 442/3/529 431/1/516
f 433/4/517 443/3/530 432/1/515
f 433/1/517 445/2/531 444/3/532
f 435/4/518 445/3/531 434/1/519
f 424/4/509 446/3/533 435/1/518
f 437/4/520 447/3/534 436/1/521
f 438/4/522 448/3/535 437/1/520
f 439/4/524 449/3/536 438/1/522
f 440/4/537 450/3/538 439/1/524
f 443/4/530 454/3/542 442/1/529
f 444/4/532 455/3/543 443/1/530
f 445/4/531 456/3/544 444/1/532
f 446/4/533 457/3/545 445/1/531
f 436/4/521 458/3/546 446/1/533
f 447/1/534 460/2/547 459/3/548
f 449/4/536 460/3/547 448/1/535
f 450/4/538 461/3/549 449/1/536
f 451/4/550 462/3/551 450/1/538
f 455/4/543 466/3/557 454/1/542
f 456/4/544 467/3/558 455/1/543
f 457/4/545 468/3/559 456/1/544
f 457/1/545 470/2/560 469/3/561
f 447/4/534 470/3/560 458/1/546
f 459/1/548 472/2/562 471/3/563
f 460/1/547 473/2/564 472/3/562
f 462/4/551 473/3/564 461/1/549
f 462/1/551 475/2/565 474/3/566
f 466/1/557 479/2/571 478/3/572
f 468/4/559 479/3/571 467/1/558
f 468/1/559 481/2/573 480/3/574
f 470/4/560 481/3/573 469/1/561
f 459/4/548 482/3/575 470/1/560
f 472/4/562 483/3/576 471/1/563
f 473/4/564 484/3/577 472/1/562
f 474/4/566 485/3/578 473/1/564
f 475/4/565 486/3/579 474/1/566
f 478/1/572 490/2/583 489/3/584
f 480/4/574 490/3/583 479/1/571
f 480/1/574 492/2/585 491/3/586
f 482/4/575 492/3/585 481/1/573
f 471/4/563 493/3/587 482/1/575
f 483/1/576 495/2/588 494/3/589
f 485/4/578 495/3/588 484/1/577
f 485/1/578 497/2/590 496/3/591
f 486/1/579 498/2/592 497/3/590
f 489/1/584 502/2/595 501/3/596
f 491/4/586 502/3/595 490/1/583
f 492/4/585 503/3/597 491/1/586
f 493/4/587 504/3/598 492/1/585
f 483/4/576 505/3/599 493/1/587
f 495/4/588 506/3/600 494/1/589
f 495/1/588 508/2/601 507/3/602
f 497/4/590 508/3/601 496/1/591
f 498/4/592 509/3/603 497/1/590
f 501/1/596 514/2/610 513/3/611
f 503/4/597 514/3/610 502/1/595
f 503/1/597 516/2/612 515/3/613
f 505/4/599 516/3/612 504/1/598
f 505/1/599 506/2/600 517/3/614
f 507/4/602 518/3/615 506/1/600
f 507/1/602 520/2/616 519/3/617
f 508/1/601 521/2/618 520/3/616
f 509/1/603 522/2/619 521/3/618
f 513/1/611 526/2/622 525/3/623
f 515/4/613 526/3/622 514/1/610
f 515/1/613 528/2/624 527/3/625
f 517/4/614 528/3/624 516/1/612
f 517/1/614 518/2/615 529/3/626
f 519/4/617 530/3/627 518/1/615
f 520/4/616 531/3/628 519/1/617
f 521/4/618 532/3/629 520/1/616
f 521/1/618 534/2/630 533/3/631
f 526/4/622 536/3/633 525/1/623
f 527/4/625 537/3/634 526/1/622
f 527/1/625 539/2/635 538/3/636
f 529/4/626 539/3/635 528/1/624
f 529/1/626 530/2/627 540/3/637
f 530/1/627 542/2/638 541/3/639
f 532/4/629 542/3/638 531/1/628
f 533/4/631 543/3/640 532/1/629
f 534/4/630 544/3/641 533/1/631
f 536/1/633 549/2/646 548/3/647
f 538/4/636 549/3/646 537/1/634
f 539/4/635 550/3/648 538/1/636
f 540/4/637 551/3/649 539/1/635
f 530/4/627 552/3/650 540/1/637
f 542/4/638 553/3/651 541/1/639
f 543/4/640 554/3/652 542/1/638
f 544/4/641 555/3/653 543/1/640
f 545/4/654 556/3/655 544/1/641
f 549/4/646 560/3/659 548/1/647
f 550/4/648 561/3/660 549/1/646
f 550/1/648 563/2/661 562/3/662
f 552/4/650 563/3/661 551/1/649
f 541/4/639 564/3/663 552/1/650
f 554/4/652 1/3/1 553/1/651
f 555/4/653 2/3/5 554/1/652
f 556/4/655 3/3/4 555/1/653
f 557/4/664 4/3/6 556/1/655
f 560/1/659 9/2/18 8/3/20
f 561/1/660 10/2/21 9/3/18
f 563/4/661 10/3/21 562/1/662
f 564/4/663 11/3/23 563/1/661
f 553/4/651 12/3/25 564/1/663
f 816/4/809 5/3/810 557/1/664
f 545/1/654 816/2/809 557/3/664
f 814/4/811 545/3/654 534/1/630
f 522/1/619 814/2/811 534/3/630
f 510/1/812 813/2/813 522/3/619
f 498/1/592 812/2/814 510/3/812
f 810/4/815 498/3/592 487/1/816
f 809/4/817 487/3/816 475/1/565
f 808/4/818 475/3/565 463/1/819
f 807/4/820 463/3/819 451/1/550
f 806/4/821 451/3/550 440/1/537
f 428/1/523 806/2/821 440/3/537
f 804/4/822 428/3/523 416/1/512
f 404/1/499 804/2/822 416/3/512
f 802/4/823 404/3/499 393/1/487
f 381/1/462 802/2/823 393/3/487
f 800/4/824 381/3/462 369/1/447
f 799/4/825 369/3/447 357/1/436
f 798/4/826 357/3/436 346/1/827
f 797/4/828 346/3/827 334/1/421
f 796/4/829 334/3/421 322/1/409
f 795/4/830 322/3/409 310/1/378
f 794/4/831 310/3/378 299/1/363
f 793/4/832 299/3/363 287/1/833
f 792/4/834 287/3/833 275/1/350
f 263/1/337 792/2/834 275/3/350
f 790/4/835 263/3/337 252/1/324
f 240/1/310 790/2/835 252/3/324
f 788/4/836 240/3/310 228/1/283
f 216/1/267 788/2/836 228/3/283
f 205/1/837 787/2/838 216/3/267
f 785/4/839 205/3/837 193/1/241
f 784/4/840 193/3/241 181/1/223
f 169/1/213 784/2/840 181/3/223
f 782/4/841 169/3/213 158/1/198
f 781/4/842 158/3/198 146/1/843
f 780/4/844 146/3/843 134/1/185
f 779/4/845 134/3/185 122/1/157
f 778/4/846 122/3/157 111/1/847
f 99/1/128 778/2/846 111/3/847
f 87/1/848 777/2/849 99/3/128
f 75/1/110 776/2/850 87/3/848
f 64/1/94 775/2/851 75/3/110
f 52/1/78 774/2/852 64/3/94
f 772/4/853 52/3/78 40/1/49
f 771/4/854 40/3/49 28/1/32
f 770/4/855 28/3/32 17/1/8
f 5/1/810 770/2/855 17/3/8
s 82
f 945/1/1 958/2/27 946/3/25
f 946/1/25 959/2/26 947/3/23
f 959/4/26 948/3/21 947/1/23
f 960/4/24 949/3/872 948/1/21
f 963/4/876 953/3/877 952/1/878
f 953/1/877 965/2/9 954/3/6
f 965/4/9 955/3/4 954/1/6
f 966/4/7 956/3/5 955/1/4
f 956/1/5 957/2/3 945/3/1
f 968/4/29 958/3/27 957/1/3
f 969/4/43 959/3/26 958/1/27
f 970/4/44 960/3/24 959/1/26
f 971/4/42 961/3/879 960/1/24
f 963/1/876 976/2/883 964/3/884
f 964/1/884 977/2/30 965/3/9
f 977/4/30 966/3/7 965/1/9
f 966/1/7 979/2/28 967/3/2
f 967/1/2 968/2/29 957/3/3
f 968/1/29 981/2/61 969/3/43
f 981/4/61 970/3/44 969/1/43
f 970/1/44 983/2/59 971/3/42
f 971/1/42 984/2/885 972/3/886
f 987/4/888 976/3/883 975/1/889
f 988/4/890 977/3/30 976/1/883
f 989/4/47 978/3/31 977/1/30
f 978/1/31 991/2/891 979/3/28
f 991/4/891 968/3/29 979/1/28
f 980/1/46 993/2/74 981/3/61
f 993/4/74 982/3/60 981/1/61
f 982/1/60 995/2/72 983/3/59
f 995/4/72 984/3/885 983/1/59
f 987/1/888 1000/2/893 988/3/890
f 988/1/890 1001/2/64 989/3/47
f 1001/4/64 990/3/48 989/1/47
f 1002/4/894 991/3/891 990/1/48
f 1003/4/62 980/3/46 991/1/891
f 992/1/63 1005/2/89 993/3/74
f 993/1/74 1006/2/87 994/3/895
f 994/1/895 1007/2/88 995/3/72
f 1007/4/88 996/3/896 995/1/72
f 1010/4/900 1000/3/893 999/1/901
f 1011/4/902 1001/3/64 1000/1/893
f 1012/4/79 1002/3/894 1001/1/64
f 1013/4/77 1003/3/62 1002/1/894
f 1014/4/75 992/3/63 1003/1/62
f 1004/1/76 1016/2/105 1005/3/89
f 1016/4/105 1006/3/87 1005/1/89
f 1006/1/87 1018/2/104 1007/3/88
f 1018/4/104 1008/3/903 1007/1/88
f 1010/1/900 1023/2/905 1011/3/902
f 1011/1/902 1024/2/92 1012/3/79
f 1024/4/92 1013/3/77 1012/1/79
f 1013/1/77 1026/2/90 1014/3/75
f 1026/4/90 1004/3/76 1014/1/75
f 1027/4/108 1016/3/105 1015/1/91
f 1016/1/105 1029/2/121 1017/3/106
f 1029/4/121 1018/3/104 1017/1/106
f 1030/4/122 1019/3/906 1018/1/104
f 1022/1/908 1035/2/909 1023/3/905
f 1035/4/909 1024/3/92 1023/1/905
f 1024/1/92 1037/2/109 1025/3/93
f 1025/1/93 1038/2/107 1026/3/90
f 1038/4/107 1015/3/91 1026/1/90
f 1039/4/125 1028/3/123 1027/1/108
f 1040/4/136 1029/3/121 1028/1/123
f 1041/4/910 1030/3/122 1029/1/121
f 1030/1/122 1043/2/911 1031/3/912
f 1046/4/914 1035/3/909 1034/1/915
f 1047/4/916 1036/3/111 1035/1/909
f 1048/4/127 1037/3/109 1036/1/111
f 1049/4/917 1038/3/107 1037/1/109
f 1038/1/107 1039/2/125 1027/3/108
f 1051/4/137 1040/3/136 1039/1/125
f 1052/4/151 1041/3/910 1040/1/136
f 1053/4/152 1042/3/134 1041/1/910
f 1054/4/149 1043/3/911 1042/1/134
f 1057/4/919 1047/3/916 1046/1/914
f 1047/1/916 1059/2/139 1048/3/127
f 1059/4/139 1049/3/917 1048/1/127
f 1049/1/917 1061/2/138 1050/3/124
f 1061/4/138 1039/3/125 1050/1/124
f 1051/1/137 1063/2/169 1052/3/151
f 1052/1/151 1064/2/168 1053/3/152
f 1064/4/168 1054/3/149 1053/1/152
f 1054/1/149 1066/2/920 1055/3/921
f 1057/1/919 1070/2/923 1058/3/924
f 1070/4/923 1059/3/139 1058/1/924
f 1071/4/155 1060/3/140 1059/1/139
f 1060/1/140 1073/2/154 1061/3/138
f 1061/1/138 1062/2/153 1051/3/137
f 1074/4/170 1063/3/169 1062/1/153
f 1075/4/181 1064/3/168 1063/1/169
f 1076/4/180 1065/3/167 1064/1/168
f 1065/1/167 1078/2/925 1066/3/920
f 1081/4/927 1070/3/923 1069/1/928
f 1070/1/923 1083/2/173 1071/3/155
f 1083/4/173 1072/3/156 1071/1/155
f 1084/4/172 1073/3/154 1072/1/156
f 1085/4/171 1062/3/153 1073/1/154
f 1086/4/182 1075/3/181 1074/1/170
f 1087/4/194 1076/3/180 1075/1/181
f 1076/1/180 1089/2/192 1077/3/178
f 1077/1/178 1090/2/929 1078/3/925
f 1081/1/927 1094/2/931 1082/3/932
f 1094/4/931 1083/3/173 1082/1/932
f 1095/4/186 1084/3/172 1083/1/173
f 1096/4/184 1085/3/171 1084/1/172
f 1097/4/183 1074/3/170 1085/1/171
f 1086/1/182 1099/2/208 1087/3/194
f 1099/4/208 1088/3/193 1087/1/194
f 1100/4/207 1089/3/192 1088/1/193
f 1101/4/205 1090/3/929 1089/1/192
f 1104/4/934 1094/3/931 1093/1/935
f 1105/4/936 1095/3/186 1094/1/931
f 1106/4/199 1096/3/184 1095/1/186
f 1107/4/197 1097/3/183 1096/1/184
f 1108/4/195 1086/3/182 1097/1/183
f 1109/4/209 1099/3/208 1098/1/196
f 1110/4/218 1100/3/207 1099/1/208
f 1100/1/207 1112/2/217 1101/3/205
f 1101/1/205 1113/2/937 1102/3/938
f 1104/1/934 1117/2/940 1105/3/936
f 1117/4/940 1106/3/199 1105/1/936
f 1118/4/211 1107/3/197 1106/1/199
f 1119/4/212 1108/3/195 1107/1/197
f 1120/4/210 1098/3/196 1108/1/195
f 1121/4/220 1110/3/218 1109/1/209
f 1110/1/218 1123/2/234 1111/3/219
f 1123/4/234 1112/3/217 1111/1/219
f 1124/4/235 1113/3/937 1112/1/217
f 1128/4/944 1117/3/940 1116/1/945
f 1129/4/946 1118/3/211 1117/1/940
f 1130/4/224 1119/3/212 1118/1/211
f 1131/4/221 1120/3/210 1119/1/212
f 1132/4/947 1109/3/209 1120/1/210
f 1133/4/238 1122/3/236 1121/1/220
f 1134/4/250 1123/3/234 1122/1/236
f 1123/1/234 1136/2/248 1124/3/235
f 1136/4/248 1125/3/948 1124/1/235
f 1140/4/950 1129/3/946 1128/1/944
f 1141/4/951 1130/3/224 1129/1/946
f 1142/4/240 1131/3/221 1130/1/224
f 1143/4/952 1132/3/947 1131/1/221
f 1132/1/947 1133/2/238 1121/3/220
f 1145/4/251 1134/3/250 1133/1/238
f 1146/4/262 1135/3/249 1134/1/250
f 1147/4/261 1136/3/248 1135/1/249
f 1148/4/260 1137/3/953 1136/1/248
f 1140/1/950 1152/2/955 1141/3/951
f 1141/1/951 1153/2/254 1142/3/240
f 1153/4/254 1143/3/952 1142/1/240
f 1154/4/253 1144/3/237 1143/1/952
f 1144/1/237 1145/2/251 1133/3/238
f 1145/1/251 1157/2/279 1146/3/262
f 1157/4/279 1147/3/261 1146/1/262
f 1147/1/261 1159/2/276 1148/3/260
f 1159/4/276 1149/3/956 1148/1/260
f 1163/4/959 1152/3/955 1151/1/960
f 1152/1/955 1165/2/266 1153/3/254
f 1165/4/266 1154/3/253 1153/1/254
f 1166/4/265 1155/3/252 1154/1/253
f 1167/4/263 1145/3/251 1155/1/252
f 1168/4/281 1157/3/279 1156/1/264
f 1157/1/279 1170/2/295 1158/3/278
f 1158/1/278 1171/2/293 1159/3/276
f 1159/1/276 1172/2/961 1160/3/962
f 1175/4/964 1164/3/965 1163/1/959
f 1176/4/966 1165/3/266 1164/1/965
f 1165/1/266 1178/2/282 1166/3/265
f 1166/1/265 1179/2/280 1167/3/263
f 1179/4/280 1156/3/264 1167/1/263
f 1168/1/281 1181/2/305 1169/3/294
f 1169/1/294 1182/2/967 1170/3/295
f 1182/4/967 1171/3/293 1170/1/295
f 1171/1/293 1184/2/968 1172/3/961
f 1187/4/970 1176/3/966 1175/1/964
f 1188/4/971 1177/3/284 1176/1/966
f 1177/1/284 1190/2/297 1178/3/282
f 1190/4/297 1179/3/280 1178/1/282
f 1191/4/298 1168/3/281 1179/1/280
f 1192/4/307 1181/3/305 1180/1/296
f 1181/1/305 1194/2/318 1182/3/967
f 1194/4/318 1183/3/303 1182/1/967
f 1195/4/316 1184/3/968 1183/1/303
f 1198/4/973 1188/3/971 1187/1/970
f 1188/1/971 1200/2/311 1189/3/299
f 1200/4/311 1190/3/297 1189/1/299
f 1201/4/308 1191/3/298 1190/1/297
f 1191/1/298 1192/2/307 1180/3/296
f 1192/1/307 1204/2/333 1193/3/319
f 1193/1/319 1205/2/332 1194/3/318
f 1205/4/332 1195/3/316 1194/1/318
f 1195/1/316 1207/2/974 1196/3/975
f 1198/1/973 1211/2/978 1199/3/979
f 1211/4/978 1200/3/311 1199/1/979
f 1200/1/311 1213/2/322 1201/3/308
f 1213/4/322 1202/3/980 1201/1/308
f 1202/1/980 1203/2/321 1192/3/307
f 1215/4/335 1204/3/333 1203/1/321
f 1204/1/333 1217/2/345 1205/3/332
f 1217/4/345 1206/3/331 1205/1/332
f 1218/4/343 1207/3/974 1206/1/331
f 1210/1/982 1223/2/983 1211/3/978
f 1223/4/983 1212/3/323 1211/1/978
f 1224/4/338 1213/3/322 1212/1/323
f 1225/4/336 1214/3/320 1213/1/322
f 1226/4/334 1203/3/321 1214/1/320
f 1215/1/335 1228/2/358 1216/3/346
f 1216/1/346 1229/2/356 1217/3/345
f 1217/1/345 1230/2/357 1218/3/343
f 1230/4/357 1219/3/984 1218/1/343
f 1234/4/986 1223/3/983 1222/1/987
f 1235/4/988 1224/3/338 1223/1/983
f 1224/1/338 1237/2/349 1225/3/336
f 1225/1/336 1238/2/348 1226/3/334
f 1226/1/334 1227/2/347 1215/3/335
f 1239/4/359 1228/3/358 1227/1/347
f 1240/4/374 1229/3/356 1228/1/358
f 1241/4/373 1230/3/357 1229/1/356
f 1242/4/371 1231/3/989 1230/1/357
f 1234/1/986 1246/2/993 1235/3/988
f 1235/1/988 1247/2/361 1236/3/351
f 1247/4/361 1237/3/349 1236/1/351
f 1248/4/362 1238/3/348 1237/1/349
f 1238/1/348 1239/2/359 1227/3/347
f 1239/1/359 1251/2/387 1240/3/374
f 1240/1/374 1252/2/388 1241/3/373
f 1252/4/388 1242/3/371 1241/1/373
f 1253/4/385 1243/3/994 1242/1/371
f 1257/4/996 1246/3/993 1245/1/997
f 1258/4/998 1247/3/361 1246/1/993
f 1259/4/379 1248/3/362 1247/1/361
f 1260/4/377 1249/3/360 1248/1/362
f 1249/1/360 1250/2/375 1239/3/359
f 1262/4/389 1251/3/387 1250/1/375
f 1251/1/387 1264/2/403 1252/3/388
f 1264/4/403 1253/3/385 1252/1/388
f 1253/1/385 1266/2/999 1254/3/1000
f 1257/1/996 1270/2/1003 1258/3/998
f 1258/1/998 1271/2/392 1259/3/379
f 1271/4/392 1260/3/377 1259/1/379
f 1272/4/391 1261/3/376 1260/1/377
f 1273/4/1004 1250/3/375 1261/1/376
f 1262/1/389 1275/2/417 1263/3/404
f 1263/1/404 1276/2/1005 1264/3/403
f 1264/1/403 1277/2/415 1265/3/401
f 1277/4/415 1266/3/999 1265/1/401
f 1281/4/1007 1270/3/1003 1269/1/1008
f 1270/1/1003 1283/2/408 1271/3/392
f 1283/4/408 1272/3/391 1271/1/392
f 1272/1/391 1285/2/407 1273/3/1004
f 1285/4/407 1262/3/389 1273/1/1004
f 1286/4/418 1275/3/417 1274/1/405
f 1287/4/431 1276/3/1005 1275/1/417
f 1276/1/1005 1289/2/429 1277/3/415
f 1289/4/429 1278/3/1009 1277/1/415
f 1292/4/1012 1282/3/1013 1281/1/1007
f 1282/1/1013 1294/2/422 1283/3/408
f 1283/1/408 1295/2/419 1284/3/406
f 1295/4/419 1285/3/407 1284/1/406
f 1296/4/420 1274/3/405 1285/1/407
f 1297/4/432 1287/3/431 1286/1/418
f 1298/4/442 1288/3/430 1287/1/431
f 1299/4/441 1289/3/429 1288/1/430
f 1300/4/440 1290/3/1014 1289/1/429
f 1292/1/1012 1305/2/1018 1293/3/1019
f 1293/1/1019 1306/2/435 1294/3/422
f 1294/1/422 1307/2/433 1295/3/419
f 1307/4/433 1296/3/420 1295/1/419
f 1308/4/434 1286/3/418 1296/1/420
f 1309/4/443 1298/3/442 1297/1/432
f 1298/1/442 1311/2/457 1299/3/441
f 1299/1/441 1312/2/456 1300/3/440
f 1300/1/440 1313/2/1020 1301/3/1021
f 1304/1/1023 1317/2/1024 1305/3/1018
f 1317/4/1024 1306/3/435 1305/1/1018
f 1318/4/445 1307/3/433 1306/1/435
f 1307/1/433 1320/2/444 1308/3/434
f 1308/1/434 1309/2/443 1297/3/432
f 1309/1/443 1322/2/471 1310/3/458
f 1322/4/471 1311/3/457 1310/1/458
f 1323/4/1025 1312/3/456 1311/1/457
f 1312/1/456 1325/2/1026 1313/3/1020
f 1328/4/1028 1317/3/1024 1316/1/1029
f 1329/4/1030 1318/3/445 1317/1/1024
f 1330/4/463 1319/3/446 1318/1/445
f 1331/4/461 1320/3/444 1319/1/446
f 1332/4/460 1309/3/443 1320/1/444
f 1321/1/459 1334/2/482 1322/3/471
f 1322/1/471 1335/2/481 1323/3/1025
f 1335/4/481 1324/3/469 1323/1/1025
f 1336/4/479 1325/3/1026 1324/1/469
f 1339/4/1034 1329/3/1030 1328/1/1028
f 1340/4/1035 1330/3/463 1329/1/1030
f 1330/1/463 1342/2/474 1331/3/461
f 1331/1/461 1343/2/473 1332/3/460
f 1332/1/460 1333/2/472 1321/3/459
f 1333/1/472 1345/2/495 1334/3/482
f 1345/4/495 1335/3/481 1334/1/482
f 1335/1/481 1347/2/493 1336/3/479
f 1347/4/493 1337/3/1036 1336/1/479
f 1339/1/1034 1352/2/1039 1340/3/1035
f 1352/4/1039 1341/3/475 1340/1/1035
f 1341/1/475 1354/2/484 1342/3/474
f 1354/4/484 1343/3/473 1342/1/474
f 1343/1/473 1344/2/483 1333/3/472
f 1356/4/496 1345/3/495 1344/1/483
f 1357/4/508 1346/3/494 1345/1/495
f 1358/4/507 1347/3/493 1346/1/494
f 1359/4/506 1348/3/1040 1347/1/493
f 1363/4/1042 1352/3/1039 1351/1/1043
f 1364/4/1044 1353/3/486 1352/1/1039
f 1365/4/500 1354/3/484 1353/1/486
f 1366/4/498 1355/3/485 1354/1/484
f 1367/4/497 1344/3/483 1355/1/485
f 1368/4/509 1357/3/508 1356/1/496
f 1369/4/518 1358/3/507 1357/1/508
f 1370/4/519 1359/3/506 1358/1/507
f 1359/1/506 1372/2/1045 1360/3/1046
f 1363/1/1042 1376/2/1048 1364/3/1044
f 1376/4/1048 1365/3/500 1364/1/1044
f 1365/1/500 1378/2/510 1366/3/498
f 1378/4/510 1367/3/497 1366/1/498
f 1379/4/511 1356/3/496 1367/1/497
f 1380/4/521 1369/3/518 1368/1/509
f 1369/1/518 1382/2/531 1370/3/519
f 1370/1/519 1383/2/532 1371/3/517
f 1383/4/532 1372/3/1045 1371/1/517
f 1386/4/1050 1376/3/1048 1375/1/1051
f 1387/4/1052 1377/3/513 1376/1/1048
f 1377/1/513 1389/2/522 1378/3/510
f 1378/1/510 1390/2/520 1379/3/511
f 1390/4/520 1368/3/509 1379/1/511
f 1380/1/521 1392/2/546 1381/3/533
f 1381/1/533 1393/2/545 1382/3/531
f 1393/4/545 1383/3/532 1382/1/531
f 1383/1/532 1395/2/1053 1384/3/1054
f 1398/4/1056 1387/3/1052 1386/1/1050
f 1399/4/1057 1388/3/524 1387/1/1052
f 1400/4/538 1389/3/522 1388/1/524
f 1401/4/536 1390/3/520 1389/1/522
f 1390/1/520 1391/2/534 1380/3/521
f 1391/1/534 1404/2/560 1392/3/546
f 1404/4/560 1393/3/545 1392/1/546
f 1405/4/561 1394/3/544 1393/1/545
f 1394/1/544 1407/2/1058 1395/3/1053
f 1410/4/1060 1399/3/1057 1398/1/1056
f 1411/4/1061 1400/3/538 1399/1/1057
f 1400/1/538 1413/2/549 1401/3/536
f 1401/1/536 1414/2/1062 1402/3/535
f 1414/4/1062 1391/3/534 1402/1/535
f 1403/1/548 1416/2/575 1404/3/560
f 1404/1/560 1417/2/1063 1405/3/561
f 1405/1/561 1418/2/574 1406/3/559
f 1406/1/559 1419/2/1064 1407/3/1058
f 1410/1/1060 1423/2/1066 1411/3/1061
f 1423/4/1066 1412/3/551 1411/1/1061
f 1424/4/566 1413/3/549 1412/1/551
f 1413/1/549 1426/2/562 1414/3/1062
f 1426/4/562 1403/3/548 1414/1/1062
f 1427/4/576 1416/3/575 1415/1/563
f 1428/4/587 1417/3/1063 1416/1/575
f 1429/4/585 1418/3/574 1417/1/1063
f 1430/4/586 1419/3/1064 1418/1/574
f 1433/4/1068 1423/3/1066 1422/1/1069
f 1423/1/1066 1435/2/579 1424/3/566
f 1424/1/566 1436/2/578 1425/3/564
f 1425/1/564 1437/2/577 1426/3/562
f 1437/4/577 1415/3/563 1426/1/562
f 1438/4/589 1428/3/587 1427/1/576
f 1428/1/587 1440/2/598 1429/3/585
f 1440/4/598 1430/3/586 1429/1/585
f 1430/1/586 1442/2/1070 1431/3/1071
f 1433/1/1068 1446/2/1074 1434/3/1075
f 1446/4/1074 1435/3/579 1434/1/1075
f 1447/4/590 1436/3/578 1435/1/579
f 1436/1/578 1449/2/588 1437/3/577
f 1437/1/577 1438/2/589 1427/3/576
f 1438/1/589 1451/2/614 1439/3/599
f 1451/4/614 1440/3/598 1439/1/599
f 1452/4/612 1441/3/597 1440/1/598
f 1453/4/613 1442/3/1070 1441/1/597
f 1445/1/1078 1458/2/1079 1446/3/1074
f 1446/1/1074 1459/2/603 1447/3/590
f 1459/4/603 1448/3/591 1447/1/590
f 1448/1/591 1461/2/602 1449/3/588
f 1449/1/588 1450/2/600 1438/3/589
f 1462/4/615 1451/3/614 1450/1/600
f 1451/1/614 1464/2/624 1452/3/612
f 1464/4/624 1453/3/613 1452/1/612
f 1465/4/625 1454/3/1080 1453/1/613
f 1457/1/1082 1470/2/1083 1458/3/1079
f 1470/4/1083 1459/3/603 1458/1/1079
f 1459/1/603 1472/2/1084 1460/3/601
f 1460/1/601 1473/2/617 1461/3/602
f 1461/1/602 1462/2/615 1450/3/600
f 1462/1/615 1475/2/637 1463/3/626
f 1463/1/626 1476/2/635 1464/3/624
f 1476/4/635 1465/3/625 1464/1/624
f 1477/4/636 1466/3/1085 1465/1/625
f 1469/1/1088 1481/2/1089 1470/3/1083
f 1481/4/1089 1471/3/618 1470/1/1083
f 1482/4/631 1472/3/1084 1471/1/618
f 1472/1/1084 1484/2/628 1473/3/617
f 1484/4/628 1462/3/615 1473/1/617
f 1485/4/639 1475/3/637 1474/1/627
f 1475/1/637 1487/2/649 1476/3/635
f 1476/1/635 1488/2/648 1477/3/636
f 1477/1/636 1489/2/1090 1478/3/1091
f 1492/4/1094 1481/3/1089 1480/1/1095
f 1493/4/1096 1482/3/631 1481/1/1089
f 1482/1/631 1495/2/640 1483/3/629
f 1483/1/629 1496/2/638 1484/3/628
f 1496/4/638 1474/3/627 1484/1/628
f 1485/1/639 1498/2/663 1486/3/650
f 1498/4/663 1487/3/649 1486/1/650
f 1499/4/661 1488/3/648 1487/1/649
f 1488/1/648 1501/2/1097 1489/3/1090
f 1504/4/1099 1493/3/1096 1492/1/1094
f 1505/4/1100 1494/3/641 1493/1/1096
f 1494/1/641 1507/2/653 1495/3/640
f 1495/1/640 1508/2/652 1496/3/638
f 1508/4/652 1485/3/639 1496/1/638
f 945/4/1 1498/3/663 1497/1/651
f 946/4/25 1499/3/661 1498/1/663
f 1499/1/661 948/2/21 1500/3/662
f 948/4/21 1501/3/1097 1500/1/662
f 1504/1/1099 953/2/877 1505/3/1100
f 953/4/877 1506/3/655 1505/1/1100
f 954/4/6 1507/3/653 1506/1/655
f 955/4/4 1508/3/652 1507/1/653
f 956/4/5 1497/3/651 1508/1/652
s 1
f 1/1/1 2/4/5 14/2/2
f 3/4/4 15/2/7 14/3/2
f 4/4/6 16/2/9 15/3/7
f 4/1/6 5/4/810 17/2/8
f 9/4/18 20/2/22 19/3/19
f 10/4/21 21/2/24 20/3/22
f 11/4/23 22/2/26 21/3/24
f 12/4/25 23/2/27 22/3/26
f 1/4/1 13/2/3 23/3/27
f 13/1/3 14/4/2 25/2/28
f 15/4/7 26/2/31 25/3/28
f 15/1/7 16/4/9 27/2/30
f 16/1/9 17/4/8 28/2/32
f 19/1/19 20/4/22 32/2/40
f 21/4/24 33/2/42 32/3/40
f 22/4/26 34/2/44 33/3/42
f 22/1/26 23/4/27 35/2/43
f 13/4/3 24/2/29 35/3/43
f 24/1/29 25/4/28 37/2/45
f 26/4/31 38/2/48 37/3/45
f 26/1/31 27/4/30 39/2/47
f 27/1/30 28/4/32 40/2/49
f 32/4/40 44/2/58 43/3/57
f 33/4/42 45/2/59 44/3/58
f 34/4/44 46/2/60 45/3/59
f 35/4/43 47/2/61 46/3/60
f 24/4/29 36/2/46 47/3/61
f 36/1/46 37/4/45 49/2/62
f 38/4/48 50/2/65 49/3/62
f 38/1/48 39/4/47 51/2/64
f 40/4/49 52/2/78 51/3/64
f 43/1/57 44/4/58 56/2/70
f 45/4/59 57/2/72 56/3/70
f 46/4/60 58/2/73 57/3/72
f 47/4/61 59/2/74 58/3/73
f 47/1/61 36/4/46 48/2/63
f 48/1/63 49/4/62 61/2/75
f 50/4/65 62/2/77 61/3/75
f 51/4/64 63/2/79 62/3/77
f 52/4/78 64/2/94 63/3/79
f 55/1/71 56/4/70 67/2/85
f 57/4/72 68/2/88 67/3/85
f 57/1/72 58/4/73 69/2/87
f 58/1/73 59/4/74 70/2/89
f 48/4/63 60/2/76 70/3/89
f 60/1/76 61/4/75 72/2/90
f 62/4/77 73/2/93 72/3/90
f 62/1/77 63/4/79 74/2/92
f 64/4/94 75/2/110 74/3/92
f 66/1/86 67/4/85 79/2/102
f 67/1/85 68/4/88 80/2/104
f 69/4/87 81/2/106 80/3/104
f 69/1/87 70/4/89 82/2/105
f 60/4/76 71/2/91 82/3/105
f 71/1/91 72/4/90 84/2/107
f 73/4/93 85/2/109 84/3/107
f 74/4/92 86/2/111 85/3/109
f 75/4/110 87/2/848 86/3/111
f 79/4/102 91/2/120 90/3/119
f 80/4/104 92/2/122 91/3/120
f 80/1/104 81/4/106 93/2/121
f 81/1/106 82/4/105 94/2/123
f 71/4/91 83/2/108 94/3/123
f 83/1/108 84/4/107 96/2/124
f 84/1/107 85/4/109 97/2/126
f 85/1/109 86/4/111 98/2/127
f 86/1/111 87/4/848 99/2/128
f 90/1/119 91/4/120 103/2/132
f 92/4/122 104/2/134 103/3/132
f 93/4/121 105/2/135 104/3/134
f 94/4/123 106/2/136 105/3/135
f 83/4/108 95/2/125 106/3/136
f 96/4/124 108/2/138 107/3/137
f 97/4/126 109/2/140 108/3/138
f 97/1/126 98/4/127 110/2/139
f 99/4/128 111/2/847 110/3/139
f 103/4/132 114/2/150 113/3/148
f 103/1/132 104/4/134 115/2/149
f 105/4/135 116/2/152 115/3/149
f 105/1/135 106/4/136 117/2/151
f 106/1/136 95/4/125 107/2/137
f 108/4/138 119/2/154 118/3/153
f 109/4/140 120/2/156 119/3/154
f 109/1/140 110/4/139 121/2/155
f 110/1/139 111/4/847 122/2/157
f 113/1/148 114/4/150 126/2/165
f 115/4/149 127/2/167 126/3/165
f 116/4/152 128/2/168 127/3/167
f 117/4/151 129/2/169 128/3/168
f 117/1/151 107/4/137 118/2/153
f 119/4/154 131/2/171 130/3/170
f 120/4/156 132/2/172 131/3/171
f 121/4/155 133/2/173 132/3/172
f 122/4/157 134/2/185 133/3/173
f 126/4/165 138/2/179 137/3/177
f 126/1/165 127/4/167 139/2/178
f 128/4/168 140/2/180 139/3/178
f 129/4/169 141/2/181 140/3/180
f 118/4/153 130/2/170 141/3/181
f 131/4/171 143/2/183 142/3/182
f 132/4/172 144/2/184 143/3/183
f 133/4/173 145/2/186 144/3/184
f 134/4/185 146/2/843 145/3/186
f 137/1/177 138/4/179 150/2/190
f 138/1/179 139/4/178 151/2/192
f 139/1/178 140/4/180 152/2/193
f 140/1/180 141/4/181 153/2/194
f 130/4/170 142/2/182 153/3/194
f 142/1/182 143/4/183 155/2/195
f 144/4/184 156/2/197 155/3/195
f 145/4/186 157/2/199 156/3/197
f 145/1/186 146/4/843 158/2/198
f 150/4/190 161/2/206 160/3/204
f 150/1/190 151/4/192 162/2/205
f 152/4/193 163/2/207 162/3/205
f 153/4/194 164/2/208 163/3/207
f 142/4/182 154/2/196 164/3/208
f 155/4/195 166/2/210 165/3/209
f 156/4/197 167/2/212 166/3/210
f 156/1/197 157/4/199 168/2/211
f 157/1/199 158/4/198 169/2/213
f 160/1/204 161/4/206 173/2/215
f 162/4/205 174/2/217 173/3/215
f 163/4/207 175/2/219 174/3/217
f 163/1/207 164/4/208 176/2/218
f 154/4/196 165/2/209 176/3/218
f 166/4/210 178/2/222 177/3/220
f 166/1/210 167/4/212 179/2/221
f 168/4/211 180/2/224 179/3/221
f 168/1/211 169/4/213 181/2/223
f 173/4/215 185/2/233 184/3/232
f 174/4/217 186/2/235 185/3/233
f 174/1/217 175/4/219 187/2/234
f 176/4/218 188/2/236 187/3/234
f 165/4/209 177/2/220 188/3/236
f 177/1/220 178/4/222 190/2/237
f 178/1/222 179/4/221 191/2/239
f 179/1/221 180/4/224 192/2/240
f 180/1/224 181/4/223 193/2/241
f 184/1/232 185/4/233 197/2/246
f 186/4/235 198/2/248 197/3/246
f 187/4/234 199/2/249 198/3/248
f 188/4/236 200/2/250 199/3/249
f 188/1/236 177/4/220 189/2/238
f 190/4/237 202/2/252 201/3/251
f 191/4/239 203/2/253 202/3/252
f 192/4/240 204/2/254 203/3/253
f 193/4/241 205/2/837 204/3/254
f 196/1/247 197/4/246 208/2/258
f 197/1/246 198/4/248 209/2/260
f 199/4/249 210/2/261 209/3/260
f 200/4/250 211/2/262 210/3/261
f 189/4/238 201/2/251 211/3/262
f 201/1/251 202/4/252 213/2/263
f 202/1/252 203/4/253 214/2/265
f 203/1/253 204/4/254 215/2/266
f 204/1/254 205/4/837 216/2/267
f 208/4/258 220/2/277 219/3/275
f 208/1/258 209/4/260 221/2/276
f 209/1/260 210/4/261 222/2/278
f 211/4/262 223/2/279 222/3/278
f 201/4/251 212/2/264 223/3/279
f 212/1/264 213/4/263 225/2/280
f 213/1/263 214/4/265 226/2/282
f 215/4/266 227/2/284 226/3/282
f 215/1/266 216/4/267 228/2/283
f 220/4/277 232/2/292 231/3/291
f 221/4/276 233/2/293 232/3/292
f 222/4/278 234/2/295 233/3/293
f 222/1/278 223/4/279 235/2/294
f 212/4/264 224/2/281 235/3/294
f 225/4/280 237/2/298 236/3/296
f 225/1/280 226/4/282 238/2/297
f 227/4/284 239/2/299 238/3/297
f 228/4/283 240/2/310 239/3/299
f 232/4/292 244/2/304 243/3/302
f 232/1/292 233/4/293 245/2/303
f 234/4/295 246/2/306 245/3/303
f 234/1/295 235/4/294 247/2/305
f 224/4/281 236/2/296 247/3/305
f 237/4/298 249/2/309 248/3/307
f 237/1/298 238/4/297 250/2/308
f 239/4/299 251/2/311 250/3/308
f 240/4/310 252/2/324 251/3/311
f 244/4/304 255/2/317 254/3/315
f 244/1/304 245/4/303 256/2/316
f 245/1/303 246/4/306 257/2/318
f 246/1/306 247/4/305 258/2/319
f 236/4/296 248/2/307 258/3/319
f 248/1/307 249/4/309 260/2/320
f 249/1/309 250/4/308 261/2/322
f 250/1/308 251/4/311 262/2/323
f 252/4/324 263/2/337 262/3/323
f 254/1/315 255/4/317 267/2/329
f 255/1/317 256/4/316 268/2/331
f 257/4/318 269/2/332 268/3/331
f 258/4/319 270/2/333 269/3/332
f 248/4/307 259/2/321 270/3/333
f 259/1/321 260/4/320 272/2/334
f 261/4/322 273/2/336 272/3/334
f 262/4/323 274/2/338 273/3/336
f 263/4/337 275/2/350 274/3/338
f 267/4/329 279/2/344 278/3/342
f 267/1/329 268/4/331 280/2/343
f 268/1/331 269/4/332 281/2/345
f 269/1/332 270/4/333 282/2/346
f 259/4/321 271/2/335 282/3/346
f 272/4/334 284/2/348 283/3/347
f 273/4/336 285/2/349 284/3/348
f 274/4/338 286/2/351 285/3/349
f 275/4/350 287/2/833 286/3/351
f 278/1/342 279/4/344 291/2/354
f 280/4/343 292/2/357 291/3/354
f 280/1/343 281/4/345 293/2/356
f 281/1/345 282/4/346 294/2/358
f 271/4/335 283/2/347 294/3/358
f 284/4/348 296/2/360 295/3/359
f 285/4/349 297/2/362 296/3/360
f 285/1/349 286/4/351 298/2/361
f 286/1/351 287/4/833 299/2/363
f 291/4/354 302/2/372 301/3/370
f 291/1/354 292/4/357 303/2/371
f 293/4/356 304/2/373 303/3/371
f 294/4/358 305/2/374 304/3/373
f 283/4/347 295/2/359 305/3/374
f 296/4/360 307/2/376 306/3/375
f 297/4/362 308/2/377 307/3/376
f 298/4/361 309/2/379 308/3/377
f 298/1/361 299/4/363 310/2/378
f 302/4/372 314/2/386 313/3/384
f 302/1/372 303/4/371 315/2/385
f 304/4/373 316/2/388 315/3/385
f 304/1/373 305/4/374 317/2/387
f 295/4/359 306/2/375 317/3/387
f 307/4/376 319/2/390 318/3/389
f 308/4/377 320/2/391 319/3/390
f 309/4/379 321/2/392 320/3/391
f 310/4/378 322/2/409 321/3/392
f 314/4/386 326/2/402 325/3/400
f 314/1/386 315/4/385 327/2/401
f 315/1/385 316/4/388 328/2/403
f 317/4/387 329/2/404 328/3/403
f 317/1/387 306/4/375 318/2/389
f 319/4/390 331/2/407 330/3/405
f 319/1/390 320/4/391 332/2/406
f 320/1/391 321/4/392 333/2/408
f 322/4/409 334/2/421 333/3/408
f 326/4/402 338/2/414 337/3/413
f 327/4/401 339/2/415 338/3/414
f 328/4/403 340/2/416 339/3/415
f 329/4/404 341/2/417 340/3/416
f 318/4/389 330/2/405 341/3/417
f 331/4/407 343/2/420 342/3/418
f 331/1/407 332/4/406 344/2/419
f 333/4/408 345/2/422 344/3/419
f 334/4/421 346/2/827 345/3/422
f 337/1/413 338/4/414 349/2/427
f 338/1/414 339/4/415 350/2/429
f 340/4/416 351/2/430 350/3/429
f 341/4/417 352/2/431 351/3/430
f 341/1/417 330/4/405 342/2/418
f 343/4/420 354/2/434 353/3/432
f 343/1/420 344/4/419 355/2/433
f 344/1/419 345/4/422 356/2/435
f 345/1/422 346/4/827 357/2/436
f 348/1/428 349/4/427 361/2/438
f 349/1/427 350/4/429 362/2/440
f 351/4/430 363/2/441 362/3/440
f 352/4/431 364/2/442 363/3/441
f 352/1/431 342/4/418 353/2/432
f 354/4/434 366/2/444 365/3/443
f 355/4/433 367/2/446 366/3/444
f 355/1/433 356/4/435 368/2/445
f 356/1/435 357/4/436 369/2/447
f 361/4/438 373/2/455 372/3/454
f 362/4/440 374/2/456 373/3/455
f 363/4/441 375/2/457 374/3/456
f 364/4/442 376/2/458 375/3/457
f 353/4/432 365/2/443 376/3/458
f 366/4/444 378/2/460 377/3/459
f 367/4/446 379/2/461 378/3/460
f 368/4/445 380/2/463 379/3/461
f 368/1/445 369/4/447 381/2/462
f 372/1/454 373/4/455 385/2/467
f 374/4/456 386/2/469 385/3/467
f 375/4/457 387/2/470 386/3/469
f 376/4/458 388/2/471 387/3/470
f 376/1/458 365/4/443 377/2/459
f 378/4/460 390/2/473 389/3/472
f 379/4/461 391/2/474 390/3/473
f 380/4/463 392/2/475 391/3/474
f 381/4/462 393/2/487 392/3/475
f 385/4/467 396/2/480 395/3/478
f 385/1/467 386/4/469 397/2/479
f 386/1/469 387/4/470 398/2/481
f 388/4/471 399/2/482 398/3/481
f 388/1/471 377/4/459 389/2/472
f 390/4/473 401/2/485 400/3/483
f 390/1/473 391/4/474 402/2/484
f 391/1/474 392/4/475 403/2/486
f 393/4/487 404/2/499 403/3/486
f 396/4/480 408/2/492 407/3/491
f 397/4/479 409/2/493 408/3/492
f 398/4/481 410/2/494 409/3/493
f 399/4/482 411/2/495 410/3/494
f 399/1/482 389/4/472 400/2/483
f 401/4/485 413/2/497 412/3/496
f 402/4/484 414/2/498 413/3/497
f 403/4/486 415/2/500 414/3/498
f 404/4/499 416/2/512 415/3/500
f 407/1/491 408/4/492 420/2/504
f 408/1/492 409/4/493 421/2/506
f 409/1/493 410/4/494 422/2/507
f 410/1/494 411/4/495 423/2/508
f 400/4/483 412/2/496 423/3/508
f 413/4/497 425/2/511 424/3/509
f 413/1/497 414/4/498 426/2/510
f 415/4/500 427/2/513 426/3/510
f 416/4/512 428/2/523 427/3/513
f 419/1/505 420/4/504 432/2/515
f 420/1/504 421/4/506 433/2/517
f 422/4/507 434/2/519 433/3/517
f 422/1/507 423/4/508 435/2/518
f 412/4/496 424/2/509 435/3/518
f 424/1/509 425/4/511 437/2/520
f 426/4/510 438/2/522 437/3/520
f 427/4/513 439/2/524 438/3/522
f 428/4/523 440/2/537 439/3/524
f 432/4/515 443/2/530 442/3/529
f 433/4/517 444/2/532 443/3/530
f 433/1/517 434/4/519 445/2/531
f 435/4/518 446/2/533 445/3/531
f 424/4/509 436/2/521 446/3/533
f 437/4/520 448/2/535 447/3/534
f 438/4/522 449/2/536 448/3/535
f 439/4/524 450/2/538 449/3/536
f 440/4/537 451/2/550 450/3/538
f 443/4/530 455/2/543 454/3/542
f 444/4/532 456/2/544 455/3/543
f 445/4/531 457/2/545 456/3/544
f 446/4/533 458/2/546 457/3/545
f 436/4/521 447/2/534 458/3/546
f 447/1/534 448/4/535 460/2/547
f 449/4/536 461/2/549 460/3/547
f 450/4/538 462/2/551 461/3/549
f 451/4/550 463/2/819 462/3/551
f 455/4/543 467/2/558 466/3/557
f 456/4/544 468/2/559 467/3/558
f 457/4/545 469/2/561 468/3/559
f 457/1/545 458/4/546 470/2/560
f 447/4/534 459/2/548 470/3/560
f 459/1/548 460/4/547 472/2/562
f 460/1/547 461/4/549 473/2/564
f 462/4/551 474/2/566 473/3/564
f 462/1/551 463/4/819 475/2/565
f 466/1/557 467/4/558 479/2/571
f 468/4/559 480/2/574 479/3/571
f 468/1/559 469/4/561 481/2/573
f 470/4/560 482/2/575 481/3/573
f 459/4/548 471/2/563 482/3/575
f 472/4/562 484/2/577 483/3/576
f 473/4/564 485/2/578 484/3/577
f 474/4/566 486/2/579 485/3/578
f 475/4/565 487/2/816 486/3/579
f 478/1/572 479/4/571 490/2/583
f 480/4/574 491/2/586 490/3/583
f 480/1/574 481/4/573 492/2/585
f 482/4/575 493/2/587 492/3/585
f 471/4/563 483/2/576 493/3/587
f 483/1/576 484/4/577 495/2/588
f 485/4/578 496/2/591 495/3/588
f 485/1/578 486/4/579 497/2/590
f 486/1/579 487/4/816 498/2/592
f 489/1/584 490/4/583 502/2/595
f 491/4/586 503/2/597 502/3/595
f 492/4/585 504/2/598 503/3/597
f 493/4/587 505/2/599 504/3/598
f 483/4/576 494/2/589 505/3/599
f 495/4/588 507/2/602 506/3/600
f 495/1/588 496/4/591 508/2/601
f 497/4/590 509/2/603 508/3/601
f 498/4/592 510/2/812 509/3/603
f 501/1/596 502/4/595 514/2/610
f 503/4/597 515/2/613 514/3/610
f 503/1/597 504/4/598 516/2/612
f 505/4/599 517/2/614 516/3/612
f 505/1/599 494/4/589 506/2/600
f 507/4/602 519/2/617 518/3/615
f 507/1/602 508/4/601 520/2/616
f 508/1/601 509/4/603 521/2/618
f 509/1/603 510/4/812 522/2/619
f 513/1/611 514/4/610 526/2/622
f 515/4/613 527/2/625 526/3/622
f 515/1/613 516/4/612 528/2/624
f 517/4/614 529/2/626 528/3/624
f 517/1/614 506/4/600 518/2/615
f 519/4/617 531/2/628 530/3/627
f 520/4/616 532/2/629 531/3/628
f 521/4/618 533/2/631 532/3/629
f 521/1/618 522/4/619 534/2/630
f 526/4/622 537/2/634 536/3/633
f 527/4/625 538/2/636 537/3/634
f 527/1/625 528/4/624 539/2/635
f 529/4/626 540/2/637 539/3/635
f 529/1/626 518/4/615 530/2/627
f 530/1/627 531/4/628 542/2/638
f 532/4/629 543/2/640 542/3/638
f 533/4/631 544/2/641 543/3/640
f 534/4/630 545/2/654 544/3/641
f 536/1/633 537/4/634 549/2/646
f 538/4/636 550/2/648 549/3/646
f 539/4/635 551/2/649 550/3/648
f 540/4/637 552/2/650 551/3/649
f 530/4/627 541/2/639 552/3/650
f 542/4/638 554/2/652 553/3/651
f 543/4/640 555/2/653 554/3/652
f 544/4/641 556/2/655 555/3/653
f 545/4/654 557/2/664 556/3/655
f 549/4/646 561/2/660 560/3/659
f 550/4/648 562/2/662 561/3/660
f 550/1/648 551/4/649 563/2/661
f 552/4/650 564/2/663 563/3/661
f 541/4/639 553/2/651 564/3/663
f 554/4/652 2/2/5 1/3/1
f 555/4/653 3/2/4 2/3/5
f 556/4/655 4/2/6 3/3/4
f 557/4/664 5/2/810 4/3/6
f 560/1/659 561/4/660 9/2/18
f 561/1/660 562/4/662 10/2/21
f 563/4/661 11/2/23 10/3/21
f 564/4/663 12/2/25 11/3/23
f 553/4/651 1/2/1 12/3/25
f 816/4/809 769/2/1193 5/3/810
f 545/1/654 815/4/1194 816/2/809
f 814/4/811 815/2/1194 545/3/654
f 522/1/619 813/4/813 814/2/811
f 510/1/812 812/4/814 813/2/813
f 498/1/592 811/4/1195 812/2/814
f 810/4/815 811/2/1195 498/3/592
f 809/4/817 810/2/815 487/3/816
f 808/4/818 809/2/817 475/3/565
f 807/4/820 808/2/818 463/3/819
f 806/4/821 807/2/820 451/3/550
f 428/1/523 805/4/1196 806/2/821
f 804/4/822 805/2/1196 428/3/523
f 404/1/499 803/4/1197 804/2/822
f 802/4/823 803/2/1197 404/3/499
f 381/1/462 801/4/1198 802/2/823
f 800/4/824 801/2/1198 381/3/462
f 799/4/825 800/2/824 369/3/447
f 798/4/826 799/2/825 357/3/436
f 797/4/828 798/2/826 346/3/827
f 796/4/829 797/2/828 334/3/421
f 795/4/830 796/2/829 322/3/409
f 794/4/831 795/2/830 310/3/378
f 793/4/832 794/2/831 299/3/363
f 792/4/834 793/2/832 287/3/833
f 263/1/337 791/4/1199 792/2/834
f 790/4/835 791/2/1199 263/3/337
f 240/1/310 789/4/1200 790/2/835
f 788/4/836 789/2/1200 240/3/310
f 216/1/267 787/4/838 788/2/836
f 205/1/837 786/4/1201 787/2/838
f 785/4/839 786/2/1201 205/3/837
f 784/4/840 785/2/839 193/3/241
f 169/1/213 783/4/1202 784/2/840
f 782/4/841 783/2/1202 169/3/213
f 781/4/842 782/2/841 158/3/198
f 780/4/844 781/2/842 146/3/843
f 779/4/845 780/2/844 134/3/185
f 778/4/846 779/2/845 122/3/157
f 99/1/128 777/4/849 778/2/846
f 87/1/848 776/4/850 777/2/849
f 75/1/110 775/4/851 776/2/850
f 64/1/94 774/4/852 775/2/851
f 52/1/78 773/4/1203 774/2/852
f 772/4/853 773/2/1203 52/3/78
f 771/4/854 772/2/853 40/3/49
f 770/4/855 771/2/854 28/3/32
f 5/1/810 769/4/1193 770/2/855
s 82
f 945/1/1 957/4/3 958/2/27
f 946/1/25 958/4/27 959/2/26
f 959/4/26 960/2/24 948/3/21
f 960/4/24 961/2/879 949/3/872
f 963/4/876 964/2/884 953/3/877
f 953/1/877 964/4/884 965/2/9
f 965/4/9 966/2/7 955/3/4
f 966/4/7 967/2/2 956/3/5
f 956/1/5 967/4/2 957/2/3
f 968/4/29 969/2/43 958/3/27
f 969/4/43 970/2/44 959/3/26
f 970/4/44 971/2/42 960/3/24
f 971/4/42 972/2/886 961/3/879
f 963/1/876 975/4/889 976/2/883
f 964/1/884 976/4/883 977/2/30
f 977/4/30 978/2/31 966/3/7
f 966/1/7 978/4/31 979/2/28
f 967/1/2 979/4/28 968/2/29
f 968/1/29 980/4/46 981/2/61
f 981/4/61 982/2/60 970/3/44
f 970/1/44 982/4/60 983/2/59
f 971/1/42 983/4/59 984/2/885
f 987/4/888 988/2/890 976/3/883
f 988/4/890 989/2/47 977/3/30
f 989/4/47 990/2/48 978/3/31
f 978/1/31 990/4/48 991/2/891
f 991/4/891 980/2/46 968/3/29
f 980/1/46 992/4/63 993/2/74
f 993/4/74 994/2/895 982/3/60
f 982/1/60 994/4/895 995/2/72
f 995/4/72 996/2/896 984/3/885
f 987/1/888 999/4/901 1000/2/893
f 988/1/890 1000/4/893 1001/2/64
f 1001/4/64 1002/2/894 990/3/48
f 1002/4/894 1003/2/62 991/3/891
f 1003/4/62 992/2/63 980/3/46
f 992/1/63 1004/4/76 1005/2/89
f 993/1/74 1005/4/89 1006/2/87
f 994/1/895 1006/4/87 1007/2/88
f 1007/4/88 1008/2/903 996/3/896
f 1010/4/900 1011/2/902 1000/3/893
f 1011/4/902 1012/2/79 1001/3/64
f 1012/4/79 1013/2/77 1002/3/894
f 1013/4/77 1014/2/75 1003/3/62
f 1014/4/75 1004/2/76 992/3/63
f 1004/1/76 1015/4/91 1016/2/105
f 1016/4/105 1017/2/106 1006/3/87
f 1006/1/87 1017/4/106 1018/2/104
f 1018/4/104 1019/2/906 1008/3/903
f 1010/1/900 1022/4/908 1023/2/905
f 1011/1/902 1023/4/905 1024/2/92
f 1024/4/92 1025/2/93 1013/3/77
f 1013/1/77 1025/4/93 1026/2/90
f 1026/4/90 1015/2/91 1004/3/76
f 1027/4/108 1028/2/123 1016/3/105
f 1016/1/105 1028/4/123 1029/2/121
f 1029/4/121 1030/2/122 1018/3/104
f 1030/4/122 1031/2/912 1019/3/906
f 1022/1/908 1034/4/915 1035/2/909
f 1035/4/909 1036/2/111 1024/3/92
f 1024/1/92 1036/4/111 1037/2/109
f 1025/1/93 1037/4/109 1038/2/107
f 1038/4/107 1027/2/108 1015/3/91
f 1039/4/125 1040/2/136 1028/3/123
f 1040/4/136 1041/2/910 1029/3/121
f 1041/4/910 1042/2/134 1030/3/122
f 1030/1/122 1042/4/134 1043/2/911
f 1046/4/914 1047/2/916 1035/3/909
f 1047/4/916 1048/2/127 1036/3/111
f 1048/4/127 1049/2/917 1037/3/109
f 1049/4/917 1050/2/124 1038/3/107
f 1038/1/107 1050/4/124 1039/2/125
f 1051/4/137 1052/2/151 1040/3/136
f 1052/4/151 1053/2/152 1041/3/910
f 1053/4/152 1054/2/149 1042/3/134
f 1054/4/149 1055/2/921 1043/3/911
f 1057/4/919 1058/2/924 1047/3/916
f 1047/1/916 1058/4/924 1059/2/139
f 1059/4/139 1060/2/140 1049/3/917
f 1049/1/917 1060/4/140 1061/2/138
f 1061/4/138 1051/2/137 1039/3/125
f 1051/1/137 1062/4/153 1063/2/169
f 1052/1/151 1063/4/169 1064/2/168
f 1064/4/168 1065/2/167 1054/3/149
f 1054/1/149 1065/4/167 1066/2/920
f 1057/1/919 1069/4/928 1070/2/923
f 1070/4/923 1071/2/155 1059/3/139
f 1071/4/155 1072/2/156 1060/3/140
f 1060/1/140 1072/4/156 1073/2/154
f 1061/1/138 1073/4/154 1062/2/153
f 1074/4/170 1075/2/181 1063/3/169
f 1075/4/181 1076/2/180 1064/3/168
f 1076/4/180 1077/2/178 1065/3/167
f 1065/1/167 1077/4/178 1078/2/925
f 1081/4/927 1082/2/932 1070/3/923
f 1070/1/923 1082/4/932 1083/2/173
f 1083/4/173 1084/2/172 1072/3/156
f 1084/4/172 1085/2/171 1073/3/154
f 1085/4/171 1074/2/170 1062/3/153
f 1086/4/182 1087/2/194 1075/3/181
f 1087/4/194 1088/2/193 1076/3/180
f 1076/1/180 1088/4/193 1089/2/192
f 1077/1/178 1089/4/192 1090/2/929
f 1081/1/927 1093/4/935 1094/2/931
f 1094/4/931 1095/2/186 1083/3/173
f 1095/4/186 1096/2/184 1084/3/172
f 1096/4/184 1097/2/183 1085/3/171
f 1097/4/183 1086/2/182 1074/3/170
f 1086/1/182 1098/4/196 1099/2/208
f 1099/4/208 1100/2/207 1088/3/193
f 1100/4/207 1101/2/205 1089/3/192
f 1101/4/205 1102/2/938 1090/3/929
f 1104/4/934 1105/2/936 1094/3/931
f 1105/4/936 1106/2/199 1095/3/186
f 1106/4/199 1107/2/197 1096/3/184
f 1107/4/197 1108/2/195 1097/3/183
f 1108/4/195 1098/2/196 1086/3/182
f 1109/4/209 1110/2/218 1099/3/208
f 1110/4/218 1111/2/219 1100/3/207
f 1100/1/207 1111/4/219 1112/2/217
f 1101/1/205 1112/4/217 1113/2/937
f 1104/1/934 1116/4/945 1117/2/940
f 1117/4/940 1118/2/211 1106/3/199
f 1118/4/211 1119/2/212 1107/3/197
f 1119/4/212 1120/2/210 1108/3/195
f 1120/4/210 1109/2/209 1098/3/196
f 1121/4/220 1122/2/236 1110/3/218
f 1110/1/218 1122/4/236 1123/2/234
f 1123/4/234 1124/2/235 1112/3/217
f 1124/4/235 1125/2/948 1113/3/937
f 1128/4/944 1129/2/946 1117/3/940
f 1129/4/946 1130/2/224 1118/3/211
f 1130/4/224 1131/2/221 1119/3/212
f 1131/4/221 1132/2/947 1120/3/210
f 1132/4/947 1121/2/220 1109/3/209
f 1133/4/238 1134/2/250 1122/3/236
f 1134/4/250 1135/2/249 1123/3/234
f 1123/1/234 1135/4/249 1136/2/248
f 1136/4/248 1137/2/953 1125/3/948
f 1140/4/950 1141/2/951 1129/3/946
f 1141/4/951 1142/2/240 1130/3/224
f 1142/4/240 1143/2/952 1131/3/221
f 1143/4/952 1144/2/237 1132/3/947
f 1132/1/947 1144/4/237 1133/2/238
f 1145/4/251 1146/2/262 1134/3/250
f 1146/4/262 1147/2/261 1135/3/249
f 1147/4/261 1148/2/260 1136/3/248
f 1148/4/260 1149/2/956 1137/3/953
f 1140/1/950 1151/4/960 1152/2/955
f 1141/1/951 1152/4/955 1153/2/254
f 1153/4/254 1154/2/253 1143/3/952
f 1154/4/253 1155/2/252 1144/3/237
f 1144/1/237 1155/4/252 1145/2/251
f 1145/1/251 1156/4/264 1157/2/279
f 1157/4/279 1158/2/278 1147/3/261
f 1147/1/261 1158/4/278 1159/2/276
f 1159/4/276 1160/2/962 1149/3/956
f 1163/4/959 1164/2/965 1152/3/955
f 1152/1/955 1164/4/965 1165/2/266
f 1165/4/266 1166/2/265 1154/3/253
f 1166/4/265 1167/2/263 1155/3/252
f 1167/4/263 1156/2/264 1145/3/251
f 1168/4/281 1169/2/294 1157/3/279
f 1157/1/279 1169/4/294 1170/2/295
f 1158/1/278 1170/4/295 1171/2/293
f 1159/1/276 1171/4/293 1172/2/961
f 1175/4/964 1176/2/966 1164/3/965
f 1176/4/966 1177/2/284 1165/3/266
f 1165/1/266 1177/4/284 1178/2/282
f 1166/1/265 1178/4/282 1179/2/280
f 1179/4/280 1168/2/281 1156/3/264
f 1168/1/281 1180/4/296 1181/2/305
f 1169/1/294 1181/4/305 1182/2/967
f 1182/4/967 1183/2/303 1171/3/293
f 1171/1/293 1183/4/303 1184/2/968
f 1187/4/970 1188/2/971 1176/3/966
f 1188/4/971 1189/2/299 1177/3/284
f 1177/1/284 1189/4/299 1190/2/297
f 1190/4/297 1191/2/298 1179/3/280
f 1191/4/298 1180/2/296 1168/3/281
f 1192/4/307 1193/2/319 1181/3/305
f 1181/1/305 1193/4/319 1194/2/318
f 1194/4/318 1195/2/316 1183/3/303
f 1195/4/316 1196/2/975 1184/3/968
f 1198/4/973 1199/2/979 1188/3/971
f 1188/1/971 1199/4/979 1200/2/311
f 1200/4/311 1201/2/308 1190/3/297
f 1201/4/308 1202/2/980 1191/3/298
f 1191/1/298 1202/4/980 1192/2/307
f 1192/1/307 1203/4/321 1204/2/333
f 1193/1/319 1204/4/333 1205/2/332
f 1205/4/332 1206/2/331 1195/3/316
f 1195/1/316 1206/4/331 1207/2/974
f 1198/1/973 1210/4/982 1211/2/978
f 1211/4/978 1212/2/323 1200/3/311
f 1200/1/311 1212/4/323 1213/2/322
f 1213/4/322 1214/2/320 1202/3/980
f 1202/1/980 1214/4/320 1203/2/321
f 1215/4/335 1216/2/346 1204/3/333
f 1204/1/333 1216/4/346 1217/2/345
f 1217/4/345 1218/2/343 1206/3/331
f 1218/4/343 1219/2/984 1207/3/974
f 1210/1/982 1222/4/987 1223/2/983
f 1223/4/983 1224/2/338 1212/3/323
f 1224/4/338 1225/2/336 1213/3/322
f 1225/4/336 1226/2/334 1214/3/320
f 1226/4/334 1215/2/335 1203/3/321
f 1215/1/335 1227/4/347 1228/2/358
f 1216/1/346 1228/4/358 1229/2/356
f 1217/1/345 1229/4/356 1230/2/357
f 1230/4/357 1231/2/989 1219/3/984
f 1234/4/986 1235/2/988 1223/3/983
f 1235/4/988 1236/2/351 1224/3/338
f 1224/1/338 1236/4/351 1237/2/349
f 1225/1/336 1237/4/349 1238/2/348
f 1226/1/334 1238/4/348 1227/2/347
f 1239/4/359 1240/2/374 1228/3/358
f 1240/4/374 1241/2/373 1229/3/356
f 1241/4/373 1242/2/371 1230/3/357
f 1242/4/371 1243/2/994 1231/3/989
f 1234/1/986 1245/4/997 1246/2/993
f 1235/1/988 1246/4/993 1247/2/361
f 1247/4/361 1248/2/362 1237/3/349
f 1248/4/362 1249/2/360 1238/3/348
f 1238/1/348 1249/4/360 1239/2/359
f 1239/1/359 1250/4/375 1251/2/387
f 1240/1/374 1251/4/387 1252/2/388
f 1252/4/388 1253/2/385 1242/3/371
f 1253/4/385 1254/2/1000 1243/3/994
f 1257/4/996 1258/2/998 1246/3/993
f 1258/4/998 1259/2/379 1247/3/361
f 1259/4/379 1260/2/377 1248/3/362
f 1260/4/377 1261/2/376 1249/3/360
f 1249/1/360 1261/4/376 1250/2/375
f 1262/4/389 1263/2/404 1251/3/387
f 1251/1/387 1263/4/404 1264/2/403
f 1264/4/403 1265/2/401 1253/3/385
f 1253/1/385 1265/4/401 1266/2/999
f 1257/1/996 1269/4/1008 1270/2/1003
f 1258/1/998 1270/4/1003 1271/2/392
f 1271/4/392 1272/2/391 1260/3/377
f 1272/4/391 1273/2/1004 1261/3/376
f 1273/4/1004 1262/2/389 1250/3/375
f 1262/1/389 1274/4/405 1275/2/417
f 1263/1/404 1275/4/417 1276/2/1005
f 1264/1/403 1276/4/1005 1277/2/415
f 1277/4/415 1278/2/1009 1266/3/999
f 1281/4/1007 1282/2/1013 1270/3/1003
f 1270/1/1003 1282/4/1013 1283/2/408
f 1283/4/408 1284/2/406 1272/3/391
f 1272/1/391 1284/4/406 1285/2/407
f 1285/4/407 1274/2/405 1262/3/389
f 1286/4/418 1287/2/431 1275/3/417
f 1287/4/431 1288/2/430 1276/3/1005
f 1276/1/1005 1288/4/430 1289/2/429
f 1289/4/429 1290/2/1014 1278/3/1009
f 1292/4/1012 1293/2/1019 1282/3/1013
f 1282/1/1013 1293/4/1019 1294/2/422
f 1283/1/408 1294/4/422 1295/2/419
f 1295/4/419 1296/2/420 1285/3/407
f 1296/4/420 1286/2/418 1274/3/405
f 1297/4/432 1298/2/442 1287/3/431
f 1298/4/442 1299/2/441 1288/3/430
f 1299/4/441 1300/2/440 1289/3/429
f 1300/4/440 1301/2/1021 1290/3/1014
f 1292/1/1012 1304/4/1023 1305/2/1018
f 1293/1/1019 1305/4/1018 1306/2/435
f 1294/1/422 1306/4/435 1307/2/433
f 1307/4/433 1308/2/434 1296/3/420
f 1308/4/434 1297/2/432 1286/3/418
f 1309/4/443 1310/2/458 1298/3/442
f 1298/1/442 1310/4/458 1311/2/457
f 1299/1/441 1311/4/457 1312/2/456
f 1300/1/440 1312/4/456 1313/2/1020
f 1304/1/1023 1316/4/1029 1317/2/1024
f 1317/4/1024 1318/2/445 1306/3/435
f 1318/4/445 1319/2/446 1307/3/433
f 1307/1/433 1319/4/446 1320/2/444
f 1308/1/434 1320/4/444 1309/2/443
f 1309/1/443 1321/4/459 1322/2/471
f 1322/4/471 1323/2/1025 1311/3/457
f 1323/4/1025 1324/2/469 1312/3/456
f 1312/1/456 1324/4/469 1325/2/1026
f 1328/4/1028 1329/2/1030 1317/3/1024
f 1329/4/1030 1330/2/463 1318/3/445
f 1330/4/463 1331/2/461 1319/3/446
f 1331/4/461 1332/2/460 1320/3/444
f 1332/4/460 1321/2/459 1309/3/443
f 1321/1/459 1333/4/472 1334/2/482
f 1322/1/471 1334/4/482 1335/2/481
f 1335/4/481 1336/2/479 1324/3/469
f 1336/4/479 1337/2/1036 1325/3/1026
f 1339/4/1034 1340/2/1035 1329/3/1030
f 1340/4/1035 1341/2/475 1330/3/463
f 1330/1/463 1341/4/475 1342/2/474
f 1331/1/461 1342/4/474 1343/2/473
f 1332/1/460 1343/4/473 1333/2/472
f 1333/1/472 1344/4/483 1345/2/495
f 1345/4/495 1346/2/494 1335/3/481
f 1335/1/481 1346/4/494 1347/2/493
f 1347/4/493 1348/2/1040 1337/3/1036
f 1339/1/1034 1351/4/1043 1352/2/1039
f 1352/4/1039 1353/2/486 1341/3/475
f 1341/1/475 1353/4/486 1354/2/484
f 1354/4/484 1355/2/485 1343/3/473
f 1343/1/473 1355/4/485 1344/2/483
f 1356/4/496 1357/2/508 1345/3/495
f 1357/4/508 1358/2/507 1346/3/494
f 1358/4/507 1359/2/506 1347/3/493
f 1359/4/506 1360/2/1046 1348/3/1040
f 1363/4/1042 1364/2/1044 1352/3/1039
f 1364/4/1044 1365/2/500 1353/3/486
f 1365/4/500 1366/2/498 1354/3/484
f 1366/4/498 1367/2/497 1355/3/485
f 1367/4/497 1356/2/496 1344/3/483
f 1368/4/509 1369/2/518 1357/3/508
f 1369/4/518 1370/2/519 1358/3/507
f 1370/4/519 1371/2/517 1359/3/506
f 1359/1/506 1371/4/517 1372/2/1045
f 1363/1/1042 1375/4/1051 1376/2/1048
f 1376/4/1048 1377/2/513 1365/3/500
f 1365/1/500 1377/4/513 1378/2/510
f 1378/4/510 1379/2/511 1367/3/497
f 1379/4/511 1368/2/509 1356/3/496
f 1380/4/521 1381/2/533 1369/3/518
f 1369/1/518 1381/4/533 1382/2/531
f 1370/1/519 1382/4/531 1383/2/532
f 1383/4/532 1384/2/1054 1372/3/1045
f 1386/4/1050 1387/2/1052 1376/3/1048
f 1387/4/1052 1388/2/524 1377/3/513
f 1377/1/513 1388/4/524 1389/2/522
f 1378/1/510 1389/4/522 1390/2/520
f 1390/4/520 1380/2/521 1368/3/509
f 1380/1/521 1391/4/534 1392/2/546
f 1381/1/533 1392/4/546 1393/2/545
f 1393/4/545 1394/2/544 1383/3/532
f 1383/1/532 1394/4/544 1395/2/1053
f 1398/4/1056 1399/2/1057 1387/3/1052
f 1399/4/1057 1400/2/538 1388/3/524
f 1400/4/538 1401/2/536 1389/3/522
f 1401/4/536 1402/2/535 1390/3/520
f 1390/1/520 1402/4/535 1391/2/534
f 1391/1/534 1403/4/548 1404/2/560
f 1404/4/560 1405/2/561 1393/3/545
f 1405/4/561 1406/2/559 1394/3/544
f 1394/1/544 1406/4/559 1407/2/1058
f 1410/4/1060 1411/2/1061 1399/3/1057
f 1411/4/1061 1412/2/551 1400/3/538
f 1400/1/538 1412/4/551 1413/2/549
f 1401/1/536 1413/4/549 1414/2/1062
f 1414/4/1062 1403/2/548 1391/3/534
f 1403/1/548 1415/4/563 1416/2/575
f 1404/1/560 1416/4/575 1417/2/1063
f 1405/1/561 1417/4/1063 1418/2/574
f 1406/1/559 1418/4/574 1419/2/1064
f 1410/1/1060 1422/4/1069 1423/2/1066
f 1423/4/1066 1424/2/566 1412/3/551
f 1424/4/566 1425/2/564 1413/3/549
f 1413/1/549 1425/4/564 1426/2/562
f 1426/4/562 1415/2/563 1403/3/548
f 1427/4/576 1428/2/587 1416/3/575
f 1428/4/587 1429/2/585 1417/3/1063
f 1429/4/585 1430/2/586 1418/3/574
f 1430/4/586 1431/2/1071 1419/3/1064
f 1433/4/1068 1434/2/1075 1423/3/1066
f 1423/1/1066 1434/4/1075 1435/2/579
f 1424/1/566 1435/4/579 1436/2/578
f 1425/1/564 1436/4/578 1437/2/577
f 1437/4/577 1427/2/576 1415/3/563
f 1438/4/589 1439/2/599 1428/3/587
f 1428/1/587 1439/4/599 1440/2/598
f 1440/4/598 1441/2/597 1430/3/586
f 1430/1/586 1441/4/597 1442/2/1070
f 1433/1/1068 1445/4/1078 1446/2/1074
f 1446/4/1074 1447/2/590 1435/3/579
f 1447/4/590 1448/2/591 1436/3/578
f 1436/1/578 1448/4/591 1449/2/588
f 1437/1/577 1449/4/588 1438/2/589
f 1438/1/589 1450/4/600 1451/2/614
f 1451/4/614 1452/2/612 1440/3/598
f 1452/4/612 1453/2/613 1441/3/597
f 1453/4/613 1454/2/1080 1442/3/1070
f 1445/1/1078 1457/4/1082 1458/2/1079
f 1446/1/1074 1458/4/1079 1459/2/603
f 1459/4/603 1460/2/601 1448/3/591
f 1448/1/591 1460/4/601 1461/2/602
f 1449/1/588 1461/4/602 1450/2/600
f 1462/4/615 1463/2/626 1451/3/614
f 1451/1/614 1463/4/626 1464/2/624
f 1464/4/624 1465/2/625 1453/3/613
f 1465/4/625 1466/2/1085 1454/3/1080
f 1457/1/1082 1469/4/1088 1470/2/1083
f 1470/4/1083 1471/2/618 1459/3/603
f 1459/1/603 1471/4/618 1472/2/1084
f 1460/1/601 1472/4/1084 1473/2/617
f 1461/1/602 1473/4/617 1462/2/615
f 1462/1/615 1474/4/627 1475/2/637
f 1463/1/626 1475/4/637 1476/2/635
f 1476/4/635 1477/2/636 1465/3/625
f 1477/4/636 1478/2/1091 1466/3/1085
f 1469/1/1088 1480/4/1095 1481/2/1089
f 1481/4/1089 1482/2/631 1471/3/618
f 1482/4/631 1483/2/629 1472/3/1084
f 1472/1/1084 1483/4/629 1484/2/628
f 1484/4/628 1474/2/627 1462/3/615
f 1485/4/639 1486/2/650 1475/3/637
f 1475/1/637 1486/4/650 1487/2/649
f 1476/1/635 1487/4/649 1488/2/648
f 1477/1/636 1488/4/648 1489/2/1090
f 1492/4/1094 1493/2/1096 1481/3/1089
f 1493/4/1096 1494/2/641 1482/3/631
f 1482/1/631 1494/4/641 1495/2/640
f 1483/1/629 1495/4/640 1496/2/638
f 1496/4/638 1485/2/639 1474/3/627
f 1485/1/639 1497/4/651 1498/2/663
f 1498/4/663 1499/2/661 1487/3/649
f 1499/4/661 1500/2/662 1488/3/648
f 1488/1/648 1500/4/662 1501/2/1097
f 1504/4/1099 1505/2/1100 1493/3/1096
f 1505/4/1100 1506/2/655 1494/3/641
f 1494/1/641 1506/4/655 1507/2/653
f 1495/1/640 1507/4/653 1508/2/652
f 1508/4/652 1497/2/651 1485/3/639
f 945/4/1 946/2/25 1498/3/663
f 946/4/25 947/2/23 1499/3/661
f 1499/1/661 947/4/23 948/2/21
f 948/4/21 949/2/872 1501/3/1097
f 1504/1/1099 952/4/878 953/2/877
f 953/4/877 954/2/6 1506/3/655
f 954/4/6 955/2/4 1507/3/653
f 955/4/4 956/2/5 1508/3/652
f 956/4/5 945/2/1 1497/3/651
