# Blender 5.0.1
# www.blender.org
mtllib mano_der_yae.mtl
g 肌.003_Malla
v 0.067586 -0.054274 -0.006985
v 0.070329 -0.051535 -0.006062
v 0.048443 -0.031753 -0.007070
v 0.048443 -0.031753 -0.007070
v 0.044665 -0.036542 -0.007650
v 0.067586 -0.054274 -0.006985
v 0.065512 -0.056668 -0.005997
v 0.067586 -0.054274 -0.006985
v 0.044665 -0.036542 -0.007650
v 0.044665 -0.036542 -0.007650
v 0.041993 -0.039864 -0.005903
v 0.065512 -0.056668 -0.005997
v 0.070474 -0.050724 0.005677
v 0.048425 -0.031189 0.007784
v 0.050598 -0.028604 0.002946
v 0.050598 -0.028604 0.002946
v 0.071863 -0.049461 0.002333
v 0.070474 -0.050724 0.005677
v 0.064946 -0.056839 -0.001257
v 0.065512 -0.056668 -0.005997
v 0.041993 -0.039864 -0.005903
v 0.041993 -0.039864 -0.005903
v 0.041158 -0.041080 -0.000639
v 0.064946 -0.056839 -0.001257
v 0.065821 -0.055746 0.004787
v 0.064946 -0.056839 -0.001257
v 0.041158 -0.041080 -0.000639
v 0.041158 -0.041080 -0.000639
v 0.041729 -0.039825 0.005951
v 0.065821 -0.055746 0.004787
v 0.065821 -0.055746 0.004787
v 0.041729 -0.039825 0.005951
v 0.044364 -0.036176 0.008814
v 0.044364 -0.036176 0.008814
v 0.067736 -0.053519 0.006669
v 0.065821 -0.055746 0.004787
v 0.067736 -0.053519 0.006669
v 0.044364 -0.036176 0.008814
v 0.048425 -0.031189 0.007784
v 0.048425 -0.031189 0.007784
v 0.070474 -0.050724 0.005677
v 0.067736 -0.053519 0.006669
v 0.071863 -0.049461 0.002333
v 0.050598 -0.028604 0.002946
v 0.050325 -0.029173 -0.003183
v 0.050325 -0.029173 -0.003183
v 0.071869 -0.049702 -0.002301
v 0.071863 -0.049461 0.002333
v 0.071869 -0.049702 -0.002301
v 0.050325 -0.029173 -0.003183
v 0.048443 -0.031753 -0.007070
v 0.048443 -0.031753 -0.007070
v 0.070329 -0.051535 -0.006062
v 0.071869 -0.049702 -0.002301
v 0.071863 -0.049461 0.002333
v 0.073742 -0.051355 0.002363
v 0.072541 -0.052639 0.005602
v 0.072541 -0.052639 0.005602
v 0.070474 -0.050724 0.005677
v 0.071863 -0.049461 0.002333
v 0.067586 -0.054274 -0.006985
v 0.065512 -0.056668 -0.005997
v 0.067729 -0.058494 -0.006406
v 0.067729 -0.058494 -0.006406
v 0.069485 -0.056228 -0.007514
v 0.067586 -0.054274 -0.006985
v 0.067906 -0.057680 0.004698
v 0.067205 -0.058725 0.001661
v 0.065821 -0.055746 0.004787
v 0.070031 -0.055417 0.006538
v 0.067906 -0.057680 0.004698
v 0.065821 -0.055746 0.004787
v 0.065821 -0.055746 0.004787
v 0.067736 -0.053519 0.006669
v 0.070031 -0.055417 0.006538
v 0.073742 -0.051355 0.002363
v 0.071863 -0.049461 0.002333
v 0.071869 -0.049702 -0.002301
v 0.071869 -0.049702 -0.002301
v 0.073791 -0.051549 -0.002287
v 0.073742 -0.051355 0.002363
v 0.073791 -0.051549 -0.002287
v 0.071869 -0.049702 -0.002301
v 0.070329 -0.051535 -0.006062
v 0.070329 -0.051535 -0.006062
v 0.072239 -0.053329 -0.006321
v 0.073791 -0.051549 -0.002287
v 0.067586 -0.054274 -0.006985
v 0.069485 -0.056228 -0.007514
v 0.072239 -0.053329 -0.006321
v 0.072239 -0.053329 -0.006321
v 0.070329 -0.051535 -0.006062
v 0.067586 -0.054274 -0.006985
v 0.070031 -0.055417 0.006538
v 0.067736 -0.053519 0.006669
v 0.070474 -0.050724 0.005677
v 0.070474 -0.050724 0.005677
v 0.072541 -0.052639 0.005602
v 0.070031 -0.055417 0.006538
v 0.067205 -0.058725 0.001661
v 0.064946 -0.056839 -0.001257
v 0.065821 -0.055746 0.004787
v 0.067729 -0.058494 -0.006406
v 0.065512 -0.056668 -0.005997
v 0.067281 -0.058925 -0.004193
v 0.067281 -0.058925 -0.004193
v 0.065512 -0.056668 -0.005997
v 0.064946 -0.056839 -0.001257
v 0.073742 -0.051355 0.002363
v 0.073791 -0.051549 -0.002287
v 0.075634 -0.053206 -0.002276
v 0.075634 -0.053206 -0.002276
v 0.075621 -0.053152 0.002501
v 0.073742 -0.051355 0.002363
v 0.075634 -0.053206 -0.002276
v 0.073791 -0.051549 -0.002287
v 0.072239 -0.053329 -0.006321
v 0.072239 -0.053329 -0.006321
v 0.073948 -0.054938 -0.006818
v 0.075634 -0.053206 -0.002276
v 0.073948 -0.054938 -0.006818
v 0.072239 -0.053329 -0.006321
v 0.069485 -0.056228 -0.007514
v 0.069485 -0.056228 -0.007514
v 0.071033 -0.058099 -0.008112
v 0.073948 -0.054938 -0.006818
v 0.074375 -0.054392 0.005764
v 0.071826 -0.057052 0.006643
v 0.070031 -0.055417 0.006538
v 0.070031 -0.055417 0.006538
v 0.072541 -0.052639 0.005602
v 0.074375 -0.054392 0.005764
v 0.069013 -0.060692 0.001619
v 0.068918 -0.060929 -0.001532
v 0.067110 -0.058951 -0.001318
v 0.067110 -0.058951 -0.001318
v 0.067205 -0.058725 0.001661
v 0.069013 -0.060692 0.001619
v 0.067729 -0.058494 -0.006406
v 0.067281 -0.058925 -0.004193
v 0.068786 -0.061043 -0.004482
v 0.068786 -0.061043 -0.004482
v 0.069233 -0.060154 -0.006936
v 0.067729 -0.058494 -0.006406
v 0.067281 -0.058925 -0.004193
v 0.067110 -0.058951 -0.001318
v 0.068918 -0.060929 -0.001532
v 0.068918 -0.060929 -0.001532
v 0.068786 -0.061043 -0.004482
v 0.067281 -0.058925 -0.004193
v 0.067906 -0.057680 0.004698
v 0.070031 -0.055417 0.006538
v 0.071826 -0.057052 0.006643
v 0.071826 -0.057052 0.006643
v 0.069784 -0.059564 0.004918
v 0.067906 -0.057680 0.004698
v 0.075621 -0.053152 0.002501
v 0.075634 -0.053206 -0.002276
v 0.077629 -0.054940 -0.002082
v 0.077629 -0.054940 -0.002082
v 0.077611 -0.055062 0.002641
v 0.075621 -0.053152 0.002501
v 0.082489 -0.062595 0.007997
v 0.080105 -0.065009 0.009296
v 0.077115 -0.062111 0.008253
v 0.077115 -0.062111 0.008253
v 0.079387 -0.059452 0.006990
v 0.082489 -0.062595 0.007997
v 0.074375 -0.054392 0.005764
v 0.075621 -0.053152 0.002501
v 0.077611 -0.055062 0.002641
v 0.077611 -0.055062 0.002641
v 0.076323 -0.056346 0.006173
v 0.074375 -0.054392 0.005764
v 0.068918 -0.060929 -0.001532
v 0.069013 -0.060692 0.001619
v 0.070940 -0.062795 0.001711
v 0.070940 -0.062795 0.001711
v 0.070769 -0.062841 -0.001807
v 0.068918 -0.060929 -0.001532
v 0.068786 -0.061043 -0.004482
v 0.068918 -0.060929 -0.001532
v 0.070769 -0.062841 -0.001807
v 0.070769 -0.062841 -0.001807
v 0.070199 -0.063121 -0.004847
v 0.068786 -0.061043 -0.004482
v 0.073241 -0.066428 -0.010785
v 0.071588 -0.063869 -0.008993
v 0.071975 -0.065878 -0.005910
v 0.071975 -0.065878 -0.005910
v 0.073909 -0.068713 -0.007554
v 0.073241 -0.066428 -0.010785
v 0.073909 -0.068713 -0.007554
v 0.076102 -0.071555 -0.009647
v 0.075453 -0.069889 -0.012544
v 0.075453 -0.069889 -0.012544
v 0.073241 -0.066428 -0.010785
v 0.073909 -0.068713 -0.007554
v 0.077629 -0.054940 -0.002082
v 0.075634 -0.053206 -0.002276
v 0.073948 -0.054938 -0.006818
v 0.073948 -0.054938 -0.006818
v 0.075695 -0.056816 -0.007425
v 0.077629 -0.054940 -0.002082
v 0.070940 -0.062795 0.001711
v 0.069013 -0.060692 0.001619
v 0.069784 -0.059564 0.004918
v 0.069784 -0.059564 0.004918
v 0.071799 -0.061662 0.005437
v 0.070940 -0.062795 0.001711
v 0.071826 -0.057052 0.006643
v 0.074375 -0.054392 0.005764
v 0.076323 -0.056346 0.006173
v 0.076323 -0.056346 0.006173
v 0.073972 -0.059067 0.007103
v 0.071826 -0.057052 0.006643
v 0.096995 -0.075663 -0.004240
v 0.097518 -0.075995 -0.003932
v 0.098433 -0.073390 -0.003281
v 0.098433 -0.073390 -0.003281
v 0.097956 -0.072993 -0.003347
v 0.096995 -0.075663 -0.004240
v 0.095729 -0.078491 -0.000972
v 0.096296 -0.078050 -0.002976
v 0.094013 -0.077708 -0.003269
v 0.094013 -0.077708 -0.003269
v 0.093467 -0.077824 -0.001097
v 0.095729 -0.078491 -0.000972
v 0.096296 -0.078050 -0.002976
v 0.097518 -0.075995 -0.003932
v 0.096995 -0.075663 -0.004240
v 0.096995 -0.075663 -0.004240
v 0.094013 -0.077708 -0.003269
v 0.096296 -0.078050 -0.002976
v 0.096995 -0.075663 -0.004240
v 0.097956 -0.072993 -0.003347
v 0.096250 -0.073000 -0.004528
v 0.096250 -0.073000 -0.004528
v 0.096176 -0.075832 -0.004437
v 0.096995 -0.075663 -0.004240
v 0.092558 -0.066774 -0.001455
v 0.092014 -0.067267 -0.005680
v 0.094931 -0.069928 -0.005416
v 0.094931 -0.069928 -0.005416
v 0.095579 -0.069225 -0.001417
v 0.092558 -0.066774 -0.001455
v 0.098209 -0.072466 0.000504
v 0.098513 -0.071914 -0.001391
v 0.098998 -0.072336 -0.001371
v 0.098998 -0.072336 -0.001371
v 0.098695 -0.072870 0.000481
v 0.098209 -0.072466 0.000504
v 0.097063 -0.074523 0.001879
v 0.096057 -0.074734 0.001825
v 0.096083 -0.072046 0.002010
v 0.096083 -0.072046 0.002010
v 0.098209 -0.072466 0.000504
v 0.097063 -0.074523 0.001879
v 0.096057 -0.074734 0.001825
v 0.097063 -0.074523 0.001879
v 0.093701 -0.077551 0.000824
v 0.093701 -0.077551 0.000824
v 0.092857 -0.077310 0.001937
v 0.096057 -0.074734 0.001825
v 0.092558 -0.066774 -0.001455
v 0.095579 -0.069225 -0.001417
v 0.094882 -0.069541 0.002376
v 0.094882 -0.069541 0.002376
v 0.092067 -0.067075 0.002087
v 0.092558 -0.066774 -0.001455
v 0.093231 -0.076039 -0.009913
v 0.090504 -0.075184 -0.009573
v 0.090712 -0.076487 -0.007028
v 0.090712 -0.076487 -0.007028
v 0.092861 -0.077363 -0.007594
v 0.093231 -0.076039 -0.009913
v 0.095462 -0.076829 -0.009741
v 0.093231 -0.076039 -0.009913
v 0.092861 -0.077363 -0.007594
v 0.092861 -0.077363 -0.007594
v 0.094857 -0.077925 -0.007741
v 0.095462 -0.076829 -0.009741
v 0.096125 -0.075986 -0.004671
v 0.096176 -0.075832 -0.004437
v 0.096250 -0.073000 -0.004528
v 0.096250 -0.073000 -0.004528
v 0.097005 -0.073559 -0.005664
v 0.096125 -0.075986 -0.004671
v 0.093325 -0.077621 -0.005843
v 0.093396 -0.077484 -0.004751
v 0.096176 -0.075832 -0.004437
v 0.096176 -0.075832 -0.004437
v 0.096125 -0.075986 -0.004671
v 0.093325 -0.077621 -0.005843
v 0.093396 -0.077484 -0.004751
v 0.093325 -0.077621 -0.005843
v 0.091620 -0.076918 -0.004185
v 0.092014 -0.067267 -0.005680
v 0.091248 -0.067902 -0.008602
v 0.094083 -0.069625 -0.008403
v 0.094083 -0.069625 -0.008403
v 0.094931 -0.069928 -0.005416
v 0.092014 -0.067267 -0.005680
v 0.097314 -0.072585 -0.007303
v 0.097005 -0.073559 -0.005664
v 0.095683 -0.071912 -0.006152
v 0.095683 -0.071912 -0.006152
v 0.095847 -0.071208 -0.008022
v 0.097314 -0.072585 -0.007303
v 0.097700 -0.079168 0.003637
v 0.098904 -0.077304 0.002685
v 0.096316 -0.075340 0.002527
v 0.096316 -0.075340 0.002527
v 0.094711 -0.077775 0.003421
v 0.097700 -0.079168 0.003637
v 0.096316 -0.075340 0.002527
v 0.098904 -0.077304 0.002685
v 0.099878 -0.075818 0.003250
v 0.099878 -0.075818 0.003250
v 0.096905 -0.073163 0.003375
v 0.096316 -0.075340 0.002527
v 0.097286 -0.079767 0.005438
v 0.097700 -0.079168 0.003637
v 0.094711 -0.077775 0.003421
v 0.094711 -0.077775 0.003421
v 0.094305 -0.078076 0.005251
v 0.097286 -0.079767 0.005438
v 0.096905 -0.073163 0.003375
v 0.099878 -0.075818 0.003250
v 0.100469 -0.075026 0.004700
v 0.100469 -0.075026 0.004700
v 0.097071 -0.072313 0.005110
v 0.096905 -0.073163 0.003375
v 0.095886 -0.074944 0.002201
v 0.096057 -0.074734 0.001825
v 0.092857 -0.077310 0.001937
v 0.092857 -0.077310 0.001937
v 0.092798 -0.077800 0.003083
v 0.095886 -0.074944 0.002201
v 0.096057 -0.074734 0.001825
v 0.095886 -0.074944 0.002201
v 0.096471 -0.072723 0.003319
v 0.096471 -0.072723 0.003319
v 0.096083 -0.072046 0.002010
v 0.096057 -0.074734 0.001825
v 0.093815 -0.069527 0.005691
v 0.091319 -0.067247 0.005296
v 0.092067 -0.067075 0.002087
v 0.092067 -0.067075 0.002087
v 0.094882 -0.069541 0.002376
v 0.093815 -0.069527 0.005691
v 0.095795 -0.075047 0.007682
v 0.099244 -0.076906 0.007333
v 0.098091 -0.078697 0.006915
v 0.098091 -0.078697 0.006915
v 0.094730 -0.077260 0.006882
v 0.095795 -0.075047 0.007682
v 0.095795 -0.075047 0.007682
v 0.096676 -0.073013 0.006795
v 0.100185 -0.075496 0.006360
v 0.100185 -0.075496 0.006360
v 0.099244 -0.076906 0.007333
v 0.095795 -0.075047 0.007682
v 0.097286 -0.079767 0.005438
v 0.094305 -0.078076 0.005251
v 0.094730 -0.077260 0.006882
v 0.094730 -0.077260 0.006882
v 0.098091 -0.078697 0.006915
v 0.097286 -0.079767 0.005438
v 0.096676 -0.073013 0.006795
v 0.097071 -0.072313 0.005110
v 0.100469 -0.075026 0.004700
v 0.100469 -0.075026 0.004700
v 0.100185 -0.075496 0.006360
v 0.096676 -0.073013 0.006795
v 0.093173 -0.072584 0.008024
v 0.096035 -0.072604 0.006907
v 0.095006 -0.074671 0.007886
v 0.095006 -0.074671 0.007886
v 0.093617 -0.074698 0.007554
v 0.093173 -0.072584 0.008024
v 0.093617 -0.074698 0.007554
v 0.095006 -0.074671 0.007886
v 0.092258 -0.077108 0.007009
v 0.092258 -0.077108 0.007009
v 0.091365 -0.076670 0.007341
v 0.093617 -0.074698 0.007554
v 0.091319 -0.067247 0.005296
v 0.093815 -0.069527 0.005691
v 0.092217 -0.070336 0.008176
v 0.092217 -0.070336 0.008176
v 0.089779 -0.067946 0.007838
v 0.091319 -0.067247 0.005296
v 0.093051 -0.075214 0.007930
v 0.096107 -0.078209 0.008339
v 0.096812 -0.077000 0.008977
v 0.096812 -0.077000 0.008977
v 0.093354 -0.073486 0.008778
v 0.093051 -0.075214 0.007930
v 0.095105 -0.079434 0.008787
v 0.096107 -0.078209 0.008339
v 0.093051 -0.075214 0.007930
v 0.093051 -0.075214 0.007930
v 0.091341 -0.076658 0.008185
v 0.095105 -0.079434 0.008787
v 0.094755 -0.079815 0.010325
v 0.095105 -0.079434 0.008787
v 0.091341 -0.076658 0.008185
v 0.091341 -0.076658 0.008185
v 0.090393 -0.076865 0.009991
v 0.094755 -0.079815 0.010325
v 0.093354 -0.073486 0.008778
v 0.096812 -0.077000 0.008977
v 0.097222 -0.076589 0.010380
v 0.097222 -0.076589 0.010380
v 0.093013 -0.072765 0.010542
v 0.093354 -0.073486 0.008778
v 0.092810 -0.074949 0.007653
v 0.093617 -0.074698 0.007554
v 0.091365 -0.076670 0.007341
v 0.091365 -0.076670 0.007341
v 0.090036 -0.076490 0.007540
v 0.092810 -0.074949 0.007653
v 0.092995 -0.073070 0.008856
v 0.093173 -0.072584 0.008024
v 0.093617 -0.074698 0.007554
v 0.093617 -0.074698 0.007554
v 0.092810 -0.074949 0.007653
v 0.092995 -0.073070 0.008856
v 0.090036 -0.076490 0.007540
v 0.091365 -0.076670 0.007341
v 0.089586 -0.076108 0.006506
v 0.092408 -0.071959 0.008906
v 0.091523 -0.071282 0.010699
v 0.090942 -0.070431 0.010355
v 0.090942 -0.070431 0.010355
v 0.092217 -0.070336 0.008176
v 0.092408 -0.071959 0.008906
v 0.091337 -0.074316 0.012324
v 0.092264 -0.073222 0.011946
v 0.096795 -0.076943 0.011694
v 0.096795 -0.076943 0.011694
v 0.096054 -0.078058 0.012533
v 0.091337 -0.074316 0.012324
v 0.096054 -0.078058 0.012533
v 0.095093 -0.079263 0.011805
v 0.090560 -0.075887 0.011672
v 0.090560 -0.075887 0.011672
v 0.091337 -0.074316 0.012324
v 0.096054 -0.078058 0.012533
v 0.095093 -0.079263 0.011805
v 0.094755 -0.079815 0.010325
v 0.090393 -0.076865 0.009991
v 0.090393 -0.076865 0.009991
v 0.090560 -0.075887 0.011672
v 0.095093 -0.079263 0.011805
v 0.096795 -0.076943 0.011694
v 0.092264 -0.073222 0.011946
v 0.093013 -0.072765 0.010542
v 0.093013 -0.072765 0.010542
v 0.097222 -0.076589 0.010380
v 0.096795 -0.076943 0.011694
v 0.088963 -0.076020 0.009454
v 0.088622 -0.074821 0.011337
v 0.090560 -0.075887 0.011672
v 0.090560 -0.075887 0.011672
v 0.090393 -0.076865 0.009991
v 0.088963 -0.076020 0.009454
v 0.087769 -0.075577 0.008501
v 0.084487 -0.072555 0.009449
v 0.086998 -0.073983 0.010542
v 0.090942 -0.070431 0.010355
v 0.088402 -0.068404 0.010024
v 0.089779 -0.067946 0.007838
v 0.089432 -0.070949 0.011376
v 0.085803 -0.070331 0.011002
v 0.088402 -0.068404 0.010024
v 0.077982 -0.074233 -0.011169
v 0.078982 -0.075893 -0.014007
v 0.077104 -0.072628 -0.013452
v 0.080416 -0.074664 -0.009457
v 0.081948 -0.076093 -0.010410
v 0.079865 -0.076558 -0.011836
v 0.079297 -0.072768 -0.015314
v 0.081539 -0.071975 -0.015241
v 0.081235 -0.070272 -0.014537
v 0.081235 -0.070272 -0.014537
v 0.078630 -0.071153 -0.014753
v 0.079297 -0.072768 -0.015314
v 0.084476 -0.073447 -0.011369
v 0.083854 -0.074789 -0.010856
v 0.083557 -0.073797 -0.010244
v 0.084700 -0.070598 -0.012279
v 0.083528 -0.072078 -0.013639
v 0.084476 -0.073447 -0.011369
v 0.084476 -0.073447 -0.011369
v 0.085006 -0.072537 -0.011337
v 0.084700 -0.070598 -0.012279
v 0.083854 -0.074789 -0.010856
v 0.081948 -0.076093 -0.010410
v 0.080416 -0.074664 -0.009457
v 0.083542 -0.070186 -0.013155
v 0.083528 -0.072078 -0.013639
v 0.084700 -0.070598 -0.012279
v 0.085704 -0.061348 -0.001634
v 0.089226 -0.064040 -0.001572
v 0.088003 -0.064797 0.004666
v 0.088003 -0.064797 0.004666
v 0.084568 -0.061542 0.003935
v 0.085704 -0.061348 -0.001634
v 0.089226 -0.064040 -0.001572
v 0.085704 -0.061348 -0.001634
v 0.085814 -0.062238 -0.006075
v 0.085814 -0.062238 -0.006075
v 0.089172 -0.064817 -0.005933
v 0.089226 -0.064040 -0.001572
v 0.084568 -0.061542 0.003935
v 0.088003 -0.064797 0.004666
v 0.085520 -0.065465 0.009089
v 0.085520 -0.065465 0.009089
v 0.082489 -0.062595 0.007997
v 0.084568 -0.061542 0.003935
v 0.087100 -0.074630 -0.005878
v 0.086712 -0.074471 -0.000484
v 0.091620 -0.076918 -0.004185
v 0.087629 -0.068080 -0.010609
v 0.086758 -0.070434 -0.011528
v 0.088871 -0.071228 -0.011131
v 0.088871 -0.071228 -0.011131
v 0.090151 -0.069298 -0.010144
v 0.087629 -0.068080 -0.010609
v 0.086217 -0.072246 -0.011024
v 0.088204 -0.072666 -0.010646
v 0.088871 -0.071228 -0.011131
v 0.088871 -0.071228 -0.011131
v 0.086758 -0.070434 -0.011528
v 0.086217 -0.072246 -0.011024
v 0.088204 -0.072666 -0.010646
v 0.086217 -0.072246 -0.011024
v 0.085073 -0.073425 -0.009568
v 0.085073 -0.073425 -0.009568
v 0.087468 -0.074030 -0.009375
v 0.088204 -0.072666 -0.010646
v 0.089986 -0.076917 0.004188
v 0.085388 -0.074084 0.004793
v 0.089586 -0.076108 0.006506
v 0.089172 -0.064817 -0.005933
v 0.085814 -0.062238 -0.006075
v 0.085399 -0.064732 -0.009524
v 0.085399 -0.064732 -0.009524
v 0.088505 -0.066311 -0.008997
v 0.089172 -0.064817 -0.005933
v 0.073735 -0.066160 -0.002474
v 0.074141 -0.066073 0.001923
v 0.077265 -0.068836 0.002406
v 0.077265 -0.068836 0.002406
v 0.076806 -0.069631 -0.003910
v 0.073735 -0.066160 -0.002474
v 0.074971 -0.064711 0.006392
v 0.077844 -0.067404 0.007387
v 0.077265 -0.068836 0.002406
v 0.077265 -0.068836 0.002406
v 0.074141 -0.066073 0.001923
v 0.074971 -0.064711 0.006392
v 0.077844 -0.067404 0.007387
v 0.074971 -0.064711 0.006392
v 0.077115 -0.062111 0.008253
v 0.077115 -0.062111 0.008253
v 0.080105 -0.065009 0.009296
v 0.077844 -0.067404 0.007387
v 0.080105 -0.065009 0.009296
v 0.082892 -0.067627 0.010153
v 0.080715 -0.069904 0.008284
v 0.080715 -0.069904 0.008284
v 0.077844 -0.067404 0.007387
v 0.080105 -0.065009 0.009296
v 0.080105 -0.065009 0.009296
v 0.082489 -0.062595 0.007997
v 0.085520 -0.065465 0.009089
v 0.085520 -0.065465 0.009089
v 0.082892 -0.067627 0.010153
v 0.080105 -0.065009 0.009296
v 0.085520 -0.065465 0.009089
v 0.088003 -0.064797 0.004666
v 0.089779 -0.067946 0.007838
v 0.077844 -0.067404 0.007387
v 0.080715 -0.069904 0.008284
v 0.080467 -0.071036 0.003210
v 0.080467 -0.071036 0.003210
v 0.077265 -0.068836 0.002406
v 0.077844 -0.067404 0.007387
v 0.077982 -0.074233 -0.011169
v 0.076102 -0.071555 -0.009647
v 0.078816 -0.072458 -0.007182
v 0.078816 -0.072458 -0.007182
v 0.080416 -0.074664 -0.009457
v 0.077982 -0.074233 -0.011169
v 0.077104 -0.072628 -0.013452
v 0.075453 -0.069889 -0.012544
v 0.076102 -0.071555 -0.009647
v 0.076102 -0.071555 -0.009647
v 0.077982 -0.074233 -0.011169
v 0.077104 -0.072628 -0.013452
v 0.083557 -0.073797 -0.010244
v 0.080416 -0.074664 -0.009457
v 0.078816 -0.072458 -0.007182
v 0.078630 -0.071153 -0.014753
v 0.081235 -0.070272 -0.014537
v 0.080309 -0.066918 -0.013430
v 0.080309 -0.066918 -0.013430
v 0.077166 -0.068277 -0.013807
v 0.078630 -0.071153 -0.014753
v 0.085399 -0.064732 -0.009524
v 0.081884 -0.063356 -0.010342
v 0.082828 -0.066906 -0.012117
v 0.082828 -0.066906 -0.012117
v 0.085198 -0.067181 -0.011277
v 0.085399 -0.064732 -0.009524
v 0.073735 -0.066160 -0.002474
v 0.076806 -0.069631 -0.003910
v 0.073909 -0.068713 -0.007554
v 0.073909 -0.068713 -0.007554
v 0.071975 -0.065878 -0.005910
v 0.073735 -0.066160 -0.002474
v 0.090504 -0.075184 -0.009573
v 0.087468 -0.074030 -0.009375
v 0.087100 -0.074630 -0.005878
v 0.087100 -0.074630 -0.005878
v 0.090712 -0.076487 -0.007028
v 0.090504 -0.075184 -0.009573
v 0.091221 -0.077078 -0.001282
v 0.091620 -0.076918 -0.004185
v 0.086712 -0.074471 -0.000484
v 0.091319 -0.076639 0.001210
v 0.091221 -0.077078 -0.001282
v 0.086712 -0.074471 -0.000484
v 0.097005 -0.073559 -0.005664
v 0.096250 -0.073000 -0.004528
v 0.095683 -0.071912 -0.006152
v 0.096250 -0.073000 -0.004528
v 0.097956 -0.072993 -0.003347
v 0.096533 -0.071532 -0.003370
v 0.096083 -0.072046 0.002010
v 0.094882 -0.069541 0.002376
v 0.096717 -0.071245 0.000664
v 0.094882 -0.069541 0.002376
v 0.096083 -0.072046 0.002010
v 0.095609 -0.071237 0.003541
v 0.096035 -0.072604 0.006907
v 0.093173 -0.072584 0.008024
v 0.094452 -0.071586 0.007227
v 0.085006 -0.072537 -0.011337
v 0.086217 -0.072246 -0.011024
v 0.086758 -0.070434 -0.011528
v 0.086758 -0.070434 -0.011528
v 0.084700 -0.070598 -0.012279
v 0.085006 -0.072537 -0.011337
v 0.073909 -0.068713 -0.007554
v 0.076806 -0.069631 -0.003910
v 0.078816 -0.072458 -0.007182
v 0.078816 -0.072458 -0.007182
v 0.076102 -0.071555 -0.009647
v 0.073909 -0.068713 -0.007554
v 0.088204 -0.072666 -0.010646
v 0.091462 -0.072527 -0.010782
v 0.088871 -0.071228 -0.011131
v 0.090504 -0.075184 -0.009573
v 0.088204 -0.072666 -0.010646
v 0.087468 -0.074030 -0.009375
v 0.075695 -0.056816 -0.007425
v 0.077031 -0.059314 -0.009089
v 0.080828 -0.059071 -0.006298
v 0.077031 -0.059314 -0.009089
v 0.075695 -0.056816 -0.007425
v 0.072321 -0.059741 -0.009020
v 0.072321 -0.059741 -0.009020
v 0.073445 -0.061402 -0.010159
v 0.077031 -0.059314 -0.009089
v 0.081884 -0.063356 -0.010342
v 0.085399 -0.064732 -0.009524
v 0.085814 -0.062238 -0.006075
v 0.085814 -0.062238 -0.006075
v 0.080828 -0.059071 -0.006298
v 0.081884 -0.063356 -0.010342
v 0.071033 -0.058099 -0.008112
v 0.072321 -0.059741 -0.009020
v 0.075695 -0.056816 -0.007425
v 0.075695 -0.056816 -0.007425
v 0.073948 -0.054938 -0.006818
v 0.071033 -0.058099 -0.008112
v 0.078505 -0.062910 -0.011506
v 0.075131 -0.064449 -0.012120
v 0.077166 -0.068277 -0.013807
v 0.077166 -0.068277 -0.013807
v 0.080309 -0.066918 -0.013430
v 0.078505 -0.062910 -0.011506
v 0.093814 -0.073869 -0.010668
v 0.096251 -0.074892 -0.010311
v 0.097067 -0.073228 -0.009001
v 0.097067 -0.073228 -0.009001
v 0.095063 -0.072012 -0.009760
v 0.093814 -0.073869 -0.010668
v 0.090151 -0.069298 -0.010144
v 0.088871 -0.071228 -0.011131
v 0.091462 -0.072527 -0.010782
v 0.091462 -0.072527 -0.010782
v 0.092937 -0.070637 -0.009960
v 0.090151 -0.069298 -0.010144
v 0.089083 -0.073010 0.011727
v 0.090298 -0.071736 0.011631
v 0.091575 -0.072758 0.011977
v 0.091575 -0.072758 0.011977
v 0.090686 -0.073892 0.012144
v 0.089083 -0.073010 0.011727
v 0.090686 -0.073892 0.012144
v 0.090560 -0.075887 0.011672
v 0.088622 -0.074821 0.011337
v 0.088622 -0.074821 0.011337
v 0.089083 -0.073010 0.011727
v 0.090686 -0.073892 0.012144
v 0.085803 -0.070331 0.011002
v 0.087802 -0.072010 0.011493
v 0.086998 -0.073983 0.010542
v 0.086998 -0.073983 0.010542
v 0.084487 -0.072555 0.009449
v 0.085803 -0.070331 0.011002
v 0.085803 -0.070331 0.011002
v 0.089432 -0.070949 0.011376
v 0.087802 -0.072010 0.011493
v 0.093231 -0.076039 -0.009913
v 0.095462 -0.076829 -0.009741
v 0.096251 -0.074892 -0.010311
v 0.096251 -0.074892 -0.010311
v 0.093814 -0.073869 -0.010668
v 0.093231 -0.076039 -0.009913
v 0.084225 -0.082570 -0.014158
v 0.083549 -0.082476 -0.015629
v 0.083215 -0.080985 -0.013411
v 0.085131 -0.084050 -0.014610
v 0.086443 -0.086258 -0.015780
v 0.085768 -0.085794 -0.017122
v 0.085768 -0.085794 -0.017122
v 0.084465 -0.083861 -0.016234
v 0.085131 -0.084050 -0.014610
v 0.083549 -0.082476 -0.015629
v 0.084469 -0.081801 -0.016931
v 0.084151 -0.081284 -0.016767
v 0.085602 -0.082085 -0.013403
v 0.084225 -0.082570 -0.014158
v 0.084725 -0.080500 -0.012479
v 0.085131 -0.084050 -0.014610
v 0.086374 -0.083589 -0.013948
v 0.087677 -0.085860 -0.015243
v 0.087677 -0.085860 -0.015243
v 0.086443 -0.086258 -0.015780
v 0.085131 -0.084050 -0.014610
v 0.088564 -0.087104 -0.016536
v 0.089150 -0.087951 -0.017978
v 0.088099 -0.087979 -0.018199
v 0.088099 -0.087979 -0.018199
v 0.087451 -0.087380 -0.016960
v 0.088564 -0.087104 -0.016536
v 0.088367 -0.088018 -0.019174
v 0.088099 -0.087979 -0.018199
v 0.089150 -0.087951 -0.017978
v 0.089150 -0.087951 -0.017978
v 0.089385 -0.087788 -0.019376
v 0.088367 -0.088018 -0.019174
v 0.081827 -0.073773 -0.015577
v 0.079976 -0.074638 -0.015564
v 0.083194 -0.079858 -0.016314
v 0.083194 -0.079858 -0.016314
v 0.084634 -0.079063 -0.016588
v 0.081827 -0.073773 -0.015577
v 0.079297 -0.072768 -0.015314
v 0.078630 -0.071153 -0.014753
v 0.077104 -0.072628 -0.013452
v 0.088505 -0.086106 -0.018932
v 0.087424 -0.086755 -0.018737
v 0.088367 -0.088018 -0.019174
v 0.088367 -0.088018 -0.019174
v 0.089385 -0.087788 -0.019376
v 0.088505 -0.086106 -0.018932
v 0.083854 -0.074789 -0.010856
v 0.084476 -0.073617 -0.012195
v 0.086742 -0.078753 -0.014418
v 0.086742 -0.078753 -0.014418
v 0.086227 -0.079604 -0.013067
v 0.083854 -0.074789 -0.010856
v 0.086988 -0.081346 -0.013880
v 0.086227 -0.079604 -0.013067
v 0.087585 -0.080519 -0.015077
v 0.086595 -0.080009 -0.016237
v 0.086876 -0.080564 -0.016470
v 0.087585 -0.080519 -0.015077
v 0.085602 -0.082085 -0.013403
v 0.084725 -0.080500 -0.012479
v 0.086988 -0.081346 -0.013880
v 0.088564 -0.087104 -0.016536
v 0.089518 -0.086364 -0.016790
v 0.089818 -0.087092 -0.017877
v 0.089818 -0.087092 -0.017877
v 0.089150 -0.087951 -0.017978
v 0.088564 -0.087104 -0.016536
v 0.083529 -0.073402 -0.014412
v 0.081827 -0.073773 -0.015577
v 0.084634 -0.079063 -0.016588
v 0.084634 -0.079063 -0.016588
v 0.085980 -0.078548 -0.015830
v 0.083529 -0.073402 -0.014412
v 0.089916 -0.087254 -0.018980
v 0.089433 -0.085641 -0.018423
v 0.088505 -0.086106 -0.018932
v 0.088505 -0.086106 -0.018932
v 0.089385 -0.087788 -0.019376
v 0.089916 -0.087254 -0.018980
v 0.087659 -0.082831 -0.014359
v 0.088795 -0.085067 -0.015542
v 0.087677 -0.085860 -0.015243
v 0.087677 -0.085860 -0.015243
v 0.086374 -0.083589 -0.013948
v 0.087659 -0.082831 -0.014359
v 0.086742 -0.078753 -0.014418
v 0.084476 -0.073617 -0.012195
v 0.083529 -0.073402 -0.014412
v 0.083529 -0.073402 -0.014412
v 0.085980 -0.078548 -0.015830
v 0.086742 -0.078753 -0.014418
v 0.081948 -0.076093 -0.010410
v 0.084725 -0.080500 -0.012479
v 0.083215 -0.080985 -0.013411
v 0.083215 -0.080985 -0.013411
v 0.079865 -0.076558 -0.011836
v 0.081948 -0.076093 -0.010410
v 0.083194 -0.079858 -0.016314
v 0.079976 -0.074638 -0.015564
v 0.078982 -0.075893 -0.014007
v 0.078982 -0.075893 -0.014007
v 0.082401 -0.080747 -0.015034
v 0.083194 -0.079858 -0.016314
v 0.087451 -0.087380 -0.016960
v 0.087028 -0.087291 -0.017949
v 0.085768 -0.085794 -0.017122
v 0.085768 -0.085794 -0.017122
v 0.086443 -0.086258 -0.015780
v 0.087451 -0.087380 -0.016960
v 0.081948 -0.076093 -0.010410
v 0.083854 -0.074789 -0.010856
v 0.086227 -0.079604 -0.013067
v 0.086227 -0.079604 -0.013067
v 0.084725 -0.080500 -0.012479
v 0.081948 -0.076093 -0.010410
v 0.087585 -0.080519 -0.015077
v 0.086876 -0.080564 -0.016470
v 0.087085 -0.080939 -0.016617
v 0.088273 -0.082074 -0.015747
v 0.089235 -0.084033 -0.016688
v 0.088795 -0.085067 -0.015542
v 0.088795 -0.085067 -0.015542
v 0.087659 -0.082831 -0.014359
v 0.088273 -0.082074 -0.015747
v 0.085705 -0.081026 -0.017201
v 0.085945 -0.081451 -0.017355
v 0.087085 -0.080939 -0.016617
v 0.087085 -0.080939 -0.016617
v 0.086876 -0.080564 -0.016470
v 0.085705 -0.081026 -0.017201
v 0.085705 -0.081026 -0.017201
v 0.084469 -0.081801 -0.016931
v 0.084685 -0.082165 -0.017053
v 0.084685 -0.082165 -0.017053
v 0.085945 -0.081451 -0.017355
v 0.085705 -0.081026 -0.017201
v 0.083549 -0.082476 -0.015629
v 0.084685 -0.082165 -0.017053
v 0.084469 -0.081801 -0.016931
v 0.088505 -0.086106 -0.018932
v 0.087300 -0.083966 -0.018184
v 0.086397 -0.084987 -0.018013
v 0.086397 -0.084987 -0.018013
v 0.087424 -0.086755 -0.018737
v 0.088505 -0.086106 -0.018932
v 0.088518 -0.083895 -0.017750
v 0.087300 -0.083966 -0.018184
v 0.088505 -0.086106 -0.018932
v 0.088505 -0.086106 -0.018932
v 0.089433 -0.085641 -0.018423
v 0.088518 -0.083895 -0.017750
v 0.088795 -0.085067 -0.015542
v 0.089235 -0.084033 -0.016688
v 0.089898 -0.085696 -0.017464
v 0.089898 -0.085696 -0.017464
v 0.089518 -0.086364 -0.016790
v 0.088795 -0.085067 -0.015542
v 0.089898 -0.085696 -0.017464
v 0.089235 -0.084033 -0.016688
v 0.088518 -0.083895 -0.017750
v 0.088518 -0.083895 -0.017750
v 0.089433 -0.085641 -0.018423
v 0.089898 -0.085696 -0.017464
v 0.089916 -0.087254 -0.018980
v 0.089385 -0.087788 -0.019376
v 0.089150 -0.087951 -0.017978
v 0.089150 -0.087951 -0.017978
v 0.089818 -0.087092 -0.017877
v 0.089916 -0.087254 -0.018980
v 0.087028 -0.087291 -0.017949
v 0.087424 -0.086755 -0.018737
v 0.086397 -0.084987 -0.018013
v 0.086397 -0.084987 -0.018013
v 0.085768 -0.085794 -0.017122
v 0.087028 -0.087291 -0.017949
v 0.087451 -0.087380 -0.016960
v 0.088099 -0.087979 -0.018199
v 0.087028 -0.087291 -0.017949
v 0.089898 -0.085696 -0.017464
v 0.089818 -0.087092 -0.017877
v 0.089518 -0.086364 -0.016790
v 0.089898 -0.085696 -0.017464
v 0.089433 -0.085641 -0.018423
v 0.089916 -0.087254 -0.018980
v 0.087028 -0.087291 -0.017949
v 0.088099 -0.087979 -0.018199
v 0.088367 -0.088018 -0.019174
v 0.087677 -0.085860 -0.015243
v 0.088564 -0.087104 -0.016536
v 0.087451 -0.087380 -0.016960
v 0.087451 -0.087380 -0.016960
v 0.086443 -0.086258 -0.015780
v 0.087677 -0.085860 -0.015243
v 0.088795 -0.085067 -0.015542
v 0.089518 -0.086364 -0.016790
v 0.088564 -0.087104 -0.016536
v 0.088564 -0.087104 -0.016536
v 0.087677 -0.085860 -0.015243
v 0.088795 -0.085067 -0.015542
v 0.096251 -0.074892 -0.010311
v 0.096871 -0.075217 -0.010157
v 0.097568 -0.073573 -0.008878
v 0.097568 -0.073573 -0.008878
v 0.097067 -0.073228 -0.009001
v 0.096251 -0.074892 -0.010311
v 0.096251 -0.074892 -0.010311
v 0.095462 -0.076829 -0.009741
v 0.096871 -0.075217 -0.010157
v 0.103096 -0.077803 -0.008332
v 0.102187 -0.078864 -0.009510
v 0.104271 -0.078794 -0.008312
v 0.102187 -0.078864 -0.009510
v 0.098884 -0.076454 -0.009839
v 0.097693 -0.078332 -0.009417
v 0.097693 -0.078332 -0.009417
v 0.101010 -0.080450 -0.009114
v 0.102187 -0.078864 -0.009510
v 0.107160 -0.084190 -0.008657
v 0.108048 -0.083078 -0.009046
v 0.105165 -0.080951 -0.009271
v 0.105165 -0.080951 -0.009271
v 0.103985 -0.082183 -0.008934
v 0.107160 -0.084190 -0.008657
v 0.108048 -0.083078 -0.009046
v 0.107160 -0.084190 -0.008657
v 0.109542 -0.084079 -0.008937
v 0.108048 -0.083078 -0.009046
v 0.108715 -0.082185 -0.008112
v 0.106092 -0.080169 -0.008257
v 0.106092 -0.080169 -0.008257
v 0.105165 -0.080951 -0.009271
v 0.108048 -0.083078 -0.009046
v 0.094857 -0.077925 -0.007741
v 0.096993 -0.079454 -0.007689
v 0.097693 -0.078332 -0.009417
v 0.097693 -0.078332 -0.009417
v 0.095462 -0.076829 -0.009741
v 0.094857 -0.077925 -0.007741
v 0.101010 -0.080450 -0.009114
v 0.097693 -0.078332 -0.009417
v 0.096993 -0.079454 -0.007689
v 0.096993 -0.079454 -0.007689
v 0.100344 -0.081349 -0.007448
v 0.101010 -0.080450 -0.009114
v 0.106574 -0.084864 -0.007285
v 0.107160 -0.084190 -0.008657
v 0.103985 -0.082183 -0.008934
v 0.103985 -0.082183 -0.008934
v 0.103311 -0.082944 -0.007384
v 0.106574 -0.084864 -0.007285
v 0.106574 -0.084864 -0.007285
v 0.108186 -0.085792 -0.007240
v 0.108684 -0.085093 -0.008553
v 0.113928 -0.087367 -0.007912
v 0.113704 -0.087783 -0.007003
v 0.115223 -0.087654 -0.006908
v 0.115223 -0.087654 -0.006908
v 0.115146 -0.087269 -0.007728
v 0.113928 -0.087367 -0.007912
v 0.116082 -0.086904 -0.006744
v 0.115700 -0.086893 -0.007482
v 0.115223 -0.087654 -0.006908
v 0.108715 -0.082185 -0.008112
v 0.109006 -0.081963 -0.006734
v 0.106416 -0.079943 -0.006766
v 0.106416 -0.079943 -0.006766
v 0.106092 -0.080169 -0.008257
v 0.108715 -0.082185 -0.008112
v 0.097067 -0.073228 -0.009001
v 0.097568 -0.073573 -0.008878
v 0.097803 -0.072996 -0.007176
v 0.097803 -0.072996 -0.007176
v 0.097314 -0.072585 -0.007303
v 0.097067 -0.073228 -0.009001
v 0.110678 -0.083574 -0.008030
v 0.112975 -0.085169 -0.007869
v 0.112821 -0.084799 -0.006734
v 0.112821 -0.084799 -0.006734
v 0.110926 -0.083382 -0.006750
v 0.110678 -0.083574 -0.008030
v 0.097428 -0.073951 -0.005603
v 0.096551 -0.076252 -0.004746
v 0.096125 -0.075986 -0.004671
v 0.096125 -0.075986 -0.004671
v 0.097005 -0.073559 -0.005664
v 0.097428 -0.073951 -0.005603
v 0.103159 -0.080370 -0.005030
v 0.101539 -0.079261 -0.004957
v 0.103961 -0.078999 -0.005493
v 0.101539 -0.079261 -0.004957
v 0.103159 -0.080370 -0.005030
v 0.100717 -0.080843 -0.005826
v 0.100717 -0.080843 -0.005826
v 0.097361 -0.079062 -0.005804
v 0.098429 -0.077425 -0.004817
v 0.098429 -0.077425 -0.004817
v 0.101539 -0.079261 -0.004957
v 0.100717 -0.080843 -0.005826
v 0.101539 -0.079261 -0.004957
v 0.098429 -0.077425 -0.004817
v 0.099503 -0.075742 -0.005446
v 0.099503 -0.075742 -0.005446
v 0.102780 -0.078030 -0.005449
v 0.101539 -0.079261 -0.004957
v 0.106829 -0.084499 -0.005936
v 0.103717 -0.082508 -0.005841
v 0.104631 -0.081357 -0.005080
v 0.104631 -0.081357 -0.005080
v 0.107632 -0.083403 -0.005146
v 0.106829 -0.084499 -0.005936
v 0.107632 -0.083403 -0.005146
v 0.104631 -0.081357 -0.005080
v 0.105838 -0.080454 -0.005534
v 0.105838 -0.080454 -0.005534
v 0.108541 -0.082421 -0.005571
v 0.107632 -0.083403 -0.005146
v 0.095227 -0.077793 -0.005866
v 0.097361 -0.079062 -0.005804
v 0.096993 -0.079454 -0.007689
v 0.096993 -0.079454 -0.007689
v 0.094857 -0.077925 -0.007741
v 0.095227 -0.077793 -0.005866
v 0.102032 -0.082256 -0.007441
v 0.100344 -0.081349 -0.007448
v 0.102366 -0.081806 -0.005841
v 0.108186 -0.085792 -0.007240
v 0.106574 -0.084864 -0.007285
v 0.108465 -0.085359 -0.005893
v 0.106574 -0.084864 -0.007285
v 0.103311 -0.082944 -0.007384
v 0.103717 -0.082508 -0.005841
v 0.103717 -0.082508 -0.005841
v 0.106829 -0.084499 -0.005936
v 0.106574 -0.084864 -0.007285
v 0.115000 -0.087393 -0.006034
v 0.115223 -0.087654 -0.006908
v 0.113704 -0.087783 -0.007003
v 0.113704 -0.087783 -0.007003
v 0.113774 -0.087443 -0.005967
v 0.115000 -0.087393 -0.006034
v 0.108541 -0.082421 -0.005571
v 0.105838 -0.080454 -0.005534
v 0.106416 -0.079943 -0.006766
v 0.106416 -0.079943 -0.006766
v 0.109006 -0.081963 -0.006734
v 0.108541 -0.082421 -0.005571
v 0.097803 -0.072996 -0.007176
v 0.097428 -0.073951 -0.005603
v 0.097005 -0.073559 -0.005664
v 0.097005 -0.073559 -0.005664
v 0.097314 -0.072585 -0.007303
v 0.097803 -0.072996 -0.007176
v 0.110550 -0.083832 -0.005714
v 0.110926 -0.083382 -0.006750
v 0.112821 -0.084799 -0.006734
v 0.112821 -0.084799 -0.006734
v 0.112817 -0.085362 -0.005829
v 0.110550 -0.083832 -0.005714
v 0.109542 -0.084079 -0.008937
v 0.108684 -0.085093 -0.008553
v 0.112084 -0.086787 -0.008226
v 0.112084 -0.086787 -0.008226
v 0.112679 -0.085906 -0.008568
v 0.109542 -0.084079 -0.008937
v 0.108684 -0.085093 -0.008553
v 0.108186 -0.085792 -0.007240
v 0.111668 -0.087358 -0.007152
v 0.111668 -0.087358 -0.007152
v 0.112084 -0.086787 -0.008226
v 0.108684 -0.085093 -0.008553
v 0.108465 -0.085359 -0.005893
v 0.111820 -0.086967 -0.005891
v 0.111668 -0.087358 -0.007152
v 0.111668 -0.087358 -0.007152
v 0.108186 -0.085792 -0.007240
v 0.108465 -0.085359 -0.005893
v 0.113928 -0.087367 -0.007912
v 0.114347 -0.086716 -0.008171
v 0.112679 -0.085906 -0.008568
v 0.112679 -0.085906 -0.008568
v 0.112084 -0.086787 -0.008226
v 0.113928 -0.087367 -0.007912
v 0.114307 -0.086807 -0.005705
v 0.115000 -0.087393 -0.006034
v 0.113774 -0.087443 -0.005967
v 0.111820 -0.086967 -0.005891
v 0.108465 -0.085359 -0.005893
v 0.109214 -0.084338 -0.005215
v 0.109214 -0.084338 -0.005215
v 0.112326 -0.086088 -0.005427
v 0.111820 -0.086967 -0.005891
v 0.102615 -0.081380 -0.008945
v 0.103841 -0.079986 -0.009337
v 0.101010 -0.080450 -0.009114
v 0.100344 -0.081349 -0.007448
v 0.102032 -0.082256 -0.007441
v 0.102615 -0.081380 -0.008945
v 0.097361 -0.079062 -0.005804
v 0.100717 -0.080843 -0.005826
v 0.100344 -0.081349 -0.007448
v 0.100344 -0.081349 -0.007448
v 0.096993 -0.079454 -0.007689
v 0.097361 -0.079062 -0.005804
v 0.112326 -0.086088 -0.005427
v 0.109214 -0.084338 -0.005215
v 0.110550 -0.083832 -0.005714
v 0.110550 -0.083832 -0.005714
v 0.112817 -0.085362 -0.005829
v 0.112326 -0.086088 -0.005427
v 0.108715 -0.082185 -0.008112
v 0.108048 -0.083078 -0.009046
v 0.110000 -0.083097 -0.008055
v 0.109006 -0.081963 -0.006734
v 0.108715 -0.082185 -0.008112
v 0.110225 -0.082868 -0.006742
v 0.109214 -0.084338 -0.005215
v 0.107632 -0.083403 -0.005146
v 0.109834 -0.083334 -0.005657
v 0.107632 -0.083403 -0.005146
v 0.109214 -0.084338 -0.005215
v 0.106829 -0.084499 -0.005936
v 0.109006 -0.081963 -0.006734
v 0.110225 -0.082868 -0.006742
v 0.108541 -0.082421 -0.005571
v 0.110678 -0.083574 -0.008030
v 0.109542 -0.084079 -0.008937
v 0.112679 -0.085906 -0.008568
v 0.112679 -0.085906 -0.008568
v 0.112975 -0.085169 -0.007869
v 0.110678 -0.083574 -0.008030
v 0.112975 -0.085169 -0.007869
v 0.114665 -0.086218 -0.007725
v 0.114752 -0.086026 -0.006724
v 0.114752 -0.086026 -0.006724
v 0.112821 -0.084799 -0.006734
v 0.112975 -0.085169 -0.007869
v 0.112817 -0.085362 -0.005829
v 0.112821 -0.084799 -0.006734
v 0.114752 -0.086026 -0.006724
v 0.114752 -0.086026 -0.006724
v 0.114524 -0.086356 -0.005925
v 0.112817 -0.085362 -0.005829
v 0.114347 -0.086716 -0.008171
v 0.113928 -0.087367 -0.007912
v 0.115146 -0.087269 -0.007728
v 0.112326 -0.086088 -0.005427
v 0.114307 -0.086807 -0.005705
v 0.113774 -0.087443 -0.005967
v 0.113774 -0.087443 -0.005967
v 0.111820 -0.086967 -0.005891
v 0.112326 -0.086088 -0.005427
v 0.115700 -0.086893 -0.007482
v 0.114665 -0.086218 -0.007725
v 0.114347 -0.086716 -0.008171
v 0.112817 -0.085362 -0.005829
v 0.114524 -0.086356 -0.005925
v 0.114307 -0.086807 -0.005705
v 0.114307 -0.086807 -0.005705
v 0.112326 -0.086088 -0.005427
v 0.112817 -0.085362 -0.005829
v 0.114752 -0.086026 -0.006724
v 0.114665 -0.086218 -0.007725
v 0.115700 -0.086893 -0.007482
v 0.115700 -0.086893 -0.007482
v 0.116082 -0.086904 -0.006744
v 0.114752 -0.086026 -0.006724
v 0.115574 -0.086941 -0.006074
v 0.114524 -0.086356 -0.005925
v 0.114752 -0.086026 -0.006724
v 0.114752 -0.086026 -0.006724
v 0.116082 -0.086904 -0.006744
v 0.115574 -0.086941 -0.006074
v 0.115574 -0.086941 -0.006074
v 0.116082 -0.086904 -0.006744
v 0.115223 -0.087654 -0.006908
v 0.114347 -0.086716 -0.008171
v 0.114665 -0.086218 -0.007725
v 0.112975 -0.085169 -0.007869
v 0.112975 -0.085169 -0.007869
v 0.112679 -0.085906 -0.008568
v 0.114347 -0.086716 -0.008171
v 0.114307 -0.086807 -0.005705
v 0.114524 -0.086356 -0.005925
v 0.115574 -0.086941 -0.006074
v 0.113704 -0.087783 -0.007003
v 0.113928 -0.087367 -0.007912
v 0.112084 -0.086787 -0.008226
v 0.112084 -0.086787 -0.008226
v 0.111668 -0.087358 -0.007152
v 0.113704 -0.087783 -0.007003
v 0.111820 -0.086967 -0.005891
v 0.113774 -0.087443 -0.005967
v 0.113704 -0.087783 -0.007003
v 0.113704 -0.087783 -0.007003
v 0.111668 -0.087358 -0.007152
v 0.111820 -0.086967 -0.005891
v 0.104215 -0.077685 -0.002777
v 0.103049 -0.079174 -0.003440
v 0.105497 -0.078723 -0.002741
v 0.099681 -0.077162 -0.003624
v 0.098401 -0.078981 -0.002933
v 0.102088 -0.080784 -0.002705
v 0.102088 -0.080784 -0.002705
v 0.103049 -0.079174 -0.003440
v 0.099681 -0.077162 -0.003624
v 0.109482 -0.083984 -0.003188
v 0.108772 -0.085179 -0.002431
v 0.111216 -0.085292 -0.003067
v 0.112650 -0.084553 -0.002450
v 0.111216 -0.085292 -0.003067
v 0.115039 -0.087551 -0.002795
v 0.115039 -0.087551 -0.002795
v 0.115798 -0.086755 -0.002265
v 0.112650 -0.084553 -0.002450
v 0.110398 -0.082864 -0.002522
v 0.109482 -0.083984 -0.003188
v 0.111988 -0.084053 -0.002476
v 0.101725 -0.081371 -0.000882
v 0.102088 -0.080784 -0.002705
v 0.098401 -0.078981 -0.002933
v 0.098401 -0.078981 -0.002933
v 0.097927 -0.079596 -0.000952
v 0.101725 -0.081371 -0.000882
v 0.110264 -0.086667 -0.000725
v 0.110593 -0.086257 -0.002357
v 0.108450 -0.085662 -0.000707
v 0.117071 -0.089601 -0.000960
v 0.118520 -0.089353 -0.001155
v 0.118120 -0.089175 -0.002019
v 0.118120 -0.089175 -0.002019
v 0.117185 -0.089241 -0.002107
v 0.117071 -0.089601 -0.000960
v 0.118520 -0.089353 -0.001155
v 0.119357 -0.088381 -0.001228
v 0.118797 -0.088520 -0.001922
v 0.112650 -0.084553 -0.002450
v 0.115798 -0.086755 -0.002265
v 0.115708 -0.086168 -0.001297
v 0.115708 -0.086168 -0.001297
v 0.113123 -0.084091 -0.001308
v 0.112650 -0.084553 -0.002450
v 0.110934 -0.082375 -0.001303
v 0.110398 -0.082864 -0.002522
v 0.112452 -0.083555 -0.001305
v 0.101438 -0.074464 -0.001346
v 0.100836 -0.075389 -0.002948
v 0.104215 -0.077685 -0.002777
v 0.104215 -0.077685 -0.002777
v 0.104851 -0.077071 -0.001277
v 0.101438 -0.074464 -0.001346
v 0.105731 -0.078505 0.000302
v 0.105000 -0.079970 0.001219
v 0.103424 -0.078794 0.001262
v 0.103424 -0.078794 0.001262
v 0.105000 -0.079970 0.001219
v 0.102365 -0.080478 0.000869
v 0.100128 -0.076533 0.001343
v 0.103424 -0.078794 0.001262
v 0.102365 -0.080478 0.000869
v 0.102365 -0.080478 0.000869
v 0.098686 -0.078579 0.000924
v 0.100128 -0.076533 0.001343
v 0.100128 -0.076533 0.001343
v 0.101147 -0.074908 0.000367
v 0.104450 -0.077422 0.000271
v 0.104450 -0.077422 0.000271
v 0.103424 -0.078794 0.001262
v 0.100128 -0.076533 0.001343
v 0.112825 -0.084296 0.000005
v 0.115841 -0.086649 -0.000145
v 0.115158 -0.087422 0.000484
v 0.115158 -0.087422 0.000484
v 0.111560 -0.084941 0.000867
v 0.112825 -0.084296 0.000005
v 0.114583 -0.088144 0.000173
v 0.110665 -0.085981 0.000510
v 0.111560 -0.084941 0.000867
v 0.111560 -0.084941 0.000867
v 0.115158 -0.087422 0.000484
v 0.114583 -0.088144 0.000173
v 0.109855 -0.083650 0.000957
v 0.111560 -0.084941 0.000867
v 0.108968 -0.084962 0.000631
v 0.112211 -0.083823 0.000029
v 0.111560 -0.084941 0.000867
v 0.109855 -0.083650 0.000957
v 0.103840 -0.081501 0.000783
v 0.103360 -0.082321 -0.000779
v 0.101725 -0.081371 -0.000882
v 0.110264 -0.086667 -0.000725
v 0.108450 -0.085662 -0.000707
v 0.110665 -0.085981 0.000510
v 0.118209 -0.089008 -0.000274
v 0.118520 -0.089353 -0.001155
v 0.117071 -0.089601 -0.000960
v 0.117071 -0.089601 -0.000960
v 0.117183 -0.089126 -0.000088
v 0.118209 -0.089008 -0.000274
v 0.112825 -0.084296 0.000005
v 0.113123 -0.084091 -0.001308
v 0.115708 -0.086168 -0.001297
v 0.115708 -0.086168 -0.001297
v 0.115841 -0.086649 -0.000145
v 0.112825 -0.084296 0.000005
v 0.110934 -0.082375 -0.001303
v 0.112452 -0.083555 -0.001305
v 0.110631 -0.082628 0.000055
v 0.104450 -0.077422 0.000271
v 0.101147 -0.074908 0.000367
v 0.101438 -0.074464 -0.001346
v 0.101438 -0.074464 -0.001346
v 0.104851 -0.077071 -0.001277
v 0.104450 -0.077422 0.000271
v 0.106393 -0.081029 0.001145
v 0.105000 -0.079970 0.001219
v 0.106615 -0.079272 0.000291
v 0.106615 -0.079272 0.000291
v 0.107676 -0.080155 0.000236
v 0.106393 -0.081029 0.001145
v 0.105000 -0.079970 0.001219
v 0.106393 -0.081029 0.001145
v 0.105190 -0.082413 0.000741
v 0.105190 -0.082413 0.000741
v 0.103840 -0.081501 0.000783
v 0.105000 -0.079970 0.001219
v 0.107676 -0.080155 0.000236
v 0.106615 -0.079272 0.000291
v 0.107044 -0.078900 -0.001302
v 0.107044 -0.078900 -0.001302
v 0.108046 -0.079802 -0.001284
v 0.107676 -0.080155 0.000236
v 0.105021 -0.082640 -0.002563
v 0.103696 -0.081725 -0.002630
v 0.103360 -0.082321 -0.000779
v 0.103360 -0.082321 -0.000779
v 0.104626 -0.083156 -0.000788
v 0.105021 -0.082640 -0.002563
v 0.114305 -0.088631 -0.000903
v 0.114536 -0.088243 -0.002219
v 0.110593 -0.086257 -0.002357
v 0.110593 -0.086257 -0.002357
v 0.110264 -0.086667 -0.000725
v 0.114305 -0.088631 -0.000903
v 0.114583 -0.088144 0.000173
v 0.114305 -0.088631 -0.000903
v 0.110264 -0.086667 -0.000725
v 0.110264 -0.086667 -0.000725
v 0.110665 -0.085981 0.000510
v 0.114583 -0.088144 0.000173
v 0.114536 -0.088243 -0.002219
v 0.115039 -0.087551 -0.002795
v 0.111216 -0.085292 -0.003067
v 0.111216 -0.085292 -0.003067
v 0.110593 -0.086257 -0.002357
v 0.114536 -0.088243 -0.002219
v 0.115039 -0.087551 -0.002795
v 0.114536 -0.088243 -0.002219
v 0.117185 -0.089241 -0.002107
v 0.117185 -0.089241 -0.002107
v 0.117436 -0.088757 -0.002392
v 0.115039 -0.087551 -0.002795
v 0.117444 -0.088572 0.000049
v 0.118209 -0.089008 -0.000274
v 0.117183 -0.089126 -0.000088
v 0.103696 -0.081725 -0.002630
v 0.104823 -0.080302 -0.003373
v 0.102088 -0.080784 -0.002705
v 0.101725 -0.081371 -0.000882
v 0.103360 -0.082321 -0.000779
v 0.103696 -0.081725 -0.002630
v 0.104851 -0.077071 -0.001277
v 0.104215 -0.077685 -0.002777
v 0.106100 -0.078026 -0.001286
v 0.104851 -0.077071 -0.001277
v 0.106100 -0.078026 -0.001286
v 0.104450 -0.077422 0.000271
v 0.115798 -0.086755 -0.002265
v 0.117744 -0.087912 -0.002146
v 0.117991 -0.087647 -0.001280
v 0.117991 -0.087647 -0.001280
v 0.115708 -0.086168 -0.001297
v 0.115798 -0.086755 -0.002265
v 0.117991 -0.087647 -0.001280
v 0.117831 -0.087810 -0.000255
v 0.115841 -0.086649 -0.000145
v 0.115841 -0.086649 -0.000145
v 0.115708 -0.086168 -0.001297
v 0.117991 -0.087647 -0.001280
v 0.118120 -0.089175 -0.002019
v 0.117436 -0.088757 -0.002392
v 0.117185 -0.089241 -0.002107
v 0.115158 -0.087422 0.000484
v 0.117444 -0.088572 0.000049
v 0.117183 -0.089126 -0.000088
v 0.117183 -0.089126 -0.000088
v 0.114583 -0.088144 0.000173
v 0.115158 -0.087422 0.000484
v 0.117744 -0.087912 -0.002146
v 0.117436 -0.088757 -0.002392
v 0.118797 -0.088520 -0.001922
v 0.117444 -0.088572 0.000049
v 0.115158 -0.087422 0.000484
v 0.115841 -0.086649 -0.000145
v 0.115841 -0.086649 -0.000145
v 0.117831 -0.087810 -0.000255
v 0.117444 -0.088572 0.000049
v 0.117991 -0.087647 -0.001280
v 0.117744 -0.087912 -0.002146
v 0.118797 -0.088520 -0.001922
v 0.118797 -0.088520 -0.001922
v 0.119357 -0.088381 -0.001228
v 0.117991 -0.087647 -0.001280
v 0.117991 -0.087647 -0.001280
v 0.119357 -0.088381 -0.001228
v 0.118899 -0.088382 -0.000485
v 0.118899 -0.088382 -0.000485
v 0.117831 -0.087810 -0.000255
v 0.117991 -0.087647 -0.001280
v 0.104823 -0.080302 -0.003373
v 0.103696 -0.081725 -0.002630
v 0.105021 -0.082640 -0.002563
v 0.105021 -0.082640 -0.002563
v 0.106163 -0.081369 -0.003314
v 0.104823 -0.080302 -0.003373
v 0.118899 -0.088382 -0.000485
v 0.119357 -0.088381 -0.001228
v 0.118520 -0.089353 -0.001155
v 0.115798 -0.086755 -0.002265
v 0.115039 -0.087551 -0.002795
v 0.117436 -0.088757 -0.002392
v 0.117436 -0.088757 -0.002392
v 0.117744 -0.087912 -0.002146
v 0.115798 -0.086755 -0.002265
v 0.118899 -0.088382 -0.000485
v 0.117444 -0.088572 0.000049
v 0.117831 -0.087810 -0.000255
v 0.117071 -0.089601 -0.000960
v 0.117185 -0.089241 -0.002107
v 0.114536 -0.088243 -0.002219
v 0.114536 -0.088243 -0.002219
v 0.114305 -0.088631 -0.000903
v 0.117071 -0.089601 -0.000960
v 0.114305 -0.088631 -0.000903
v 0.114583 -0.088144 0.000173
v 0.117183 -0.089126 -0.000088
v 0.117183 -0.089126 -0.000088
v 0.117071 -0.089601 -0.000960
v 0.114305 -0.088631 -0.000903
v 0.102495 -0.077471 0.003220
v 0.101618 -0.078932 0.002775
v 0.104015 -0.078478 0.003297
v 0.100608 -0.080615 0.003720
v 0.101618 -0.078932 0.002775
v 0.098904 -0.077304 0.002685
v 0.098904 -0.077304 0.002685
v 0.097700 -0.079168 0.003637
v 0.100608 -0.080615 0.003720
v 0.103570 -0.080094 0.002822
v 0.102685 -0.081503 0.003759
v 0.104633 -0.082664 0.003785
v 0.104633 -0.082664 0.003785
v 0.105510 -0.081403 0.002851
v 0.103570 -0.080094 0.002822
v 0.109160 -0.083700 0.002953
v 0.108679 -0.084827 0.003804
v 0.110851 -0.084614 0.003046
v 0.109950 -0.082514 0.003472
v 0.109160 -0.083700 0.002953
v 0.111414 -0.083439 0.003552
v 0.105093 -0.079201 0.003301
v 0.103570 -0.080094 0.002822
v 0.105510 -0.081403 0.002851
v 0.105510 -0.081403 0.002851
v 0.106575 -0.080192 0.003363
v 0.105093 -0.079201 0.003301
v 0.100315 -0.081132 0.005441
v 0.100608 -0.080615 0.003720
v 0.097700 -0.079168 0.003637
v 0.097700 -0.079168 0.003637
v 0.097286 -0.079767 0.005438
v 0.100315 -0.081132 0.005441
v 0.102685 -0.081503 0.003759
v 0.102362 -0.082084 0.005425
v 0.104316 -0.083206 0.005362
v 0.104316 -0.083206 0.005362
v 0.104633 -0.082664 0.003785
v 0.102685 -0.081503 0.003759
v 0.110301 -0.085678 0.003809
v 0.108679 -0.084827 0.003804
v 0.108494 -0.085215 0.005265
v 0.116818 -0.087329 0.003953
v 0.115480 -0.087668 0.004092
v 0.115482 -0.087847 0.005070
v 0.115482 -0.087847 0.005070
v 0.117201 -0.087534 0.004916
v 0.116818 -0.087329 0.003953
v 0.117201 -0.087534 0.004916
v 0.117924 -0.086713 0.004745
v 0.117561 -0.086909 0.004099
v 0.110449 -0.081965 0.004772
v 0.109950 -0.082514 0.003472
v 0.111414 -0.083439 0.003552
v 0.106575 -0.080192 0.003363
v 0.107056 -0.079578 0.004730
v 0.105565 -0.078556 0.004699
v 0.105565 -0.078556 0.004699
v 0.105093 -0.079201 0.003301
v 0.106575 -0.080192 0.003363
v 0.099878 -0.075818 0.003250
v 0.102495 -0.077471 0.003220
v 0.102914 -0.076742 0.004695
v 0.102914 -0.076742 0.004695
v 0.100469 -0.075026 0.004700
v 0.099878 -0.075818 0.003250
v 0.102914 -0.076742 0.004695
v 0.102495 -0.077471 0.003220
v 0.104481 -0.077816 0.004715
v 0.112254 -0.083963 0.003605
v 0.114491 -0.085219 0.003714
v 0.114476 -0.084620 0.004790
v 0.114476 -0.084620 0.004790
v 0.112664 -0.083420 0.004794
v 0.112254 -0.083963 0.003605
v 0.104262 -0.078205 0.006271
v 0.103813 -0.079633 0.007237
v 0.101888 -0.078428 0.007294
v 0.101888 -0.078428 0.007294
v 0.103813 -0.079633 0.007237
v 0.100939 -0.080109 0.006937
v 0.100939 -0.080109 0.006937
v 0.098091 -0.078697 0.006915
v 0.099244 -0.076906 0.007333
v 0.099244 -0.076906 0.007333
v 0.101888 -0.078428 0.007294
v 0.100939 -0.080109 0.006937
v 0.101888 -0.078428 0.007294
v 0.099244 -0.076906 0.007333
v 0.100185 -0.075496 0.006360
v 0.100185 -0.075496 0.006360
v 0.102739 -0.077151 0.006270
v 0.101888 -0.078428 0.007294
v 0.110227 -0.082210 0.006112
v 0.111711 -0.083182 0.006075
v 0.109605 -0.083214 0.006962
v 0.109605 -0.083214 0.006962
v 0.111280 -0.084250 0.006858
v 0.108922 -0.084488 0.006582
v 0.102953 -0.081177 0.006869
v 0.103813 -0.079633 0.007237
v 0.105886 -0.080903 0.007140
v 0.105886 -0.080903 0.007140
v 0.104947 -0.082359 0.006819
v 0.102953 -0.081177 0.006869
v 0.105886 -0.080903 0.007140
v 0.103813 -0.079633 0.007237
v 0.105306 -0.078909 0.006236
v 0.105306 -0.078909 0.006236
v 0.106809 -0.079896 0.006203
v 0.105886 -0.080903 0.007140
v 0.102953 -0.081177 0.006869
v 0.102362 -0.082084 0.005425
v 0.100315 -0.081132 0.005441
v 0.110105 -0.086019 0.005233
v 0.108494 -0.085215 0.005265
v 0.110453 -0.085393 0.006559
v 0.102953 -0.081177 0.006869
v 0.104947 -0.082359 0.006819
v 0.104316 -0.083206 0.005362
v 0.104316 -0.083206 0.005362
v 0.102362 -0.082084 0.005425
v 0.102953 -0.081177 0.006869
v 0.116962 -0.087298 0.005848
v 0.117201 -0.087534 0.004916
v 0.115482 -0.087847 0.005070
v 0.115482 -0.087847 0.005070
v 0.115642 -0.087471 0.005952
v 0.116962 -0.087298 0.005848
v 0.110449 -0.081965 0.004772
v 0.111711 -0.083182 0.006075
v 0.110227 -0.082210 0.006112
v 0.106809 -0.079896 0.006203
v 0.105306 -0.078909 0.006236
v 0.105565 -0.078556 0.004699
v 0.105565 -0.078556 0.004699
v 0.107056 -0.079578 0.004730
v 0.106809 -0.079896 0.006203
v 0.102914 -0.076742 0.004695
v 0.104481 -0.077816 0.004715
v 0.102739 -0.077151 0.006270
v 0.102914 -0.076742 0.004695
v 0.102739 -0.077151 0.006270
v 0.100185 -0.075496 0.006360
v 0.100185 -0.075496 0.006360
v 0.100469 -0.075026 0.004700
v 0.102914 -0.076742 0.004695
v 0.112488 -0.083683 0.006064
v 0.112664 -0.083420 0.004794
v 0.114476 -0.084620 0.004790
v 0.114476 -0.084620 0.004790
v 0.114621 -0.085044 0.005929
v 0.112488 -0.083683 0.006064
v 0.110851 -0.084614 0.003046
v 0.110301 -0.085678 0.003809
v 0.113568 -0.086984 0.003828
v 0.113568 -0.086984 0.003828
v 0.113903 -0.086244 0.003226
v 0.110851 -0.084614 0.003046
v 0.110301 -0.085678 0.003809
v 0.110105 -0.086019 0.005233
v 0.113235 -0.087282 0.005119
v 0.113235 -0.087282 0.005119
v 0.113568 -0.086984 0.003828
v 0.110301 -0.085678 0.003809
v 0.110105 -0.086019 0.005233
v 0.110453 -0.085393 0.006559
v 0.113505 -0.086670 0.006224
v 0.113505 -0.086670 0.006224
v 0.113235 -0.087282 0.005119
v 0.110105 -0.086019 0.005233
v 0.113903 -0.086244 0.003226
v 0.113568 -0.086984 0.003828
v 0.115480 -0.087668 0.004092
v 0.115480 -0.087668 0.004092
v 0.115858 -0.087076 0.003597
v 0.113903 -0.086244 0.003226
v 0.116045 -0.086921 0.006237
v 0.116962 -0.087298 0.005848
v 0.115642 -0.087471 0.005952
v 0.113505 -0.086670 0.006224
v 0.110453 -0.085393 0.006559
v 0.111280 -0.084250 0.006858
v 0.111280 -0.084250 0.006858
v 0.114002 -0.085895 0.006588
v 0.113505 -0.086670 0.006224
v 0.099878 -0.075818 0.003250
v 0.098904 -0.077304 0.002685
v 0.101618 -0.078932 0.002775
v 0.101618 -0.078932 0.002775
v 0.102495 -0.077471 0.003220
v 0.099878 -0.075818 0.003250
v 0.102685 -0.081503 0.003759
v 0.103570 -0.080094 0.002822
v 0.100608 -0.080615 0.003720
v 0.100315 -0.081132 0.005441
v 0.102362 -0.082084 0.005425
v 0.102685 -0.081503 0.003759
v 0.098091 -0.078697 0.006915
v 0.100939 -0.080109 0.006937
v 0.100315 -0.081132 0.005441
v 0.100315 -0.081132 0.005441
v 0.097286 -0.079767 0.005438
v 0.098091 -0.078697 0.006915
v 0.114002 -0.085895 0.006588
v 0.111280 -0.084250 0.006858
v 0.112488 -0.083683 0.006064
v 0.112488 -0.083683 0.006064
v 0.114621 -0.085044 0.005929
v 0.114002 -0.085895 0.006588
v 0.112254 -0.083963 0.003605
v 0.110851 -0.084614 0.003046
v 0.113903 -0.086244 0.003226
v 0.113903 -0.086244 0.003226
v 0.114491 -0.085219 0.003714
v 0.112254 -0.083963 0.003605
v 0.114491 -0.085219 0.003714
v 0.116392 -0.086328 0.003835
v 0.116658 -0.085981 0.004741
v 0.116658 -0.085981 0.004741
v 0.114476 -0.084620 0.004790
v 0.114491 -0.085219 0.003714
v 0.116658 -0.085981 0.004741
v 0.116539 -0.086188 0.005785
v 0.114621 -0.085044 0.005929
v 0.114621 -0.085044 0.005929
v 0.114476 -0.084620 0.004790
v 0.116658 -0.085981 0.004741
v 0.115858 -0.087076 0.003597
v 0.115480 -0.087668 0.004092
v 0.116818 -0.087329 0.003953
v 0.114002 -0.085895 0.006588
v 0.116045 -0.086921 0.006237
v 0.115642 -0.087471 0.005952
v 0.115642 -0.087471 0.005952
v 0.113505 -0.086670 0.006224
v 0.114002 -0.085895 0.006588
v 0.115858 -0.087076 0.003597
v 0.116392 -0.086328 0.003835
v 0.114491 -0.085219 0.003714
v 0.114491 -0.085219 0.003714
v 0.113903 -0.086244 0.003226
v 0.115858 -0.087076 0.003597
v 0.114621 -0.085044 0.005929
v 0.116539 -0.086188 0.005785
v 0.116045 -0.086921 0.006237
v 0.116045 -0.086921 0.006237
v 0.114002 -0.085895 0.006588
v 0.114621 -0.085044 0.005929
v 0.116658 -0.085981 0.004741
v 0.116392 -0.086328 0.003835
v 0.117561 -0.086909 0.004099
v 0.117561 -0.086909 0.004099
v 0.117924 -0.086713 0.004745
v 0.116658 -0.085981 0.004741
v 0.117645 -0.086749 0.005530
v 0.116539 -0.086188 0.005785
v 0.116658 -0.085981 0.004741
v 0.116658 -0.085981 0.004741
v 0.117924 -0.086713 0.004745
v 0.117645 -0.086749 0.005530
v 0.117924 -0.086713 0.004745
v 0.117201 -0.087534 0.004916
v 0.117645 -0.086749 0.005530
v 0.116045 -0.086921 0.006237
v 0.116539 -0.086188 0.005785
v 0.117645 -0.086749 0.005530
v 0.115482 -0.087847 0.005070
v 0.115480 -0.087668 0.004092
v 0.113568 -0.086984 0.003828
v 0.113568 -0.086984 0.003828
v 0.113235 -0.087282 0.005119
v 0.115482 -0.087847 0.005070
v 0.115642 -0.087471 0.005952
v 0.115482 -0.087847 0.005070
v 0.113235 -0.087282 0.005119
v 0.113235 -0.087282 0.005119
v 0.113505 -0.086670 0.006224
v 0.115642 -0.087471 0.005952
v 0.096812 -0.077000 0.008977
v 0.096107 -0.078209 0.008339
v 0.098253 -0.078198 0.009168
v 0.100498 -0.081898 0.008502
v 0.099711 -0.082869 0.008991
v 0.102028 -0.083142 0.008533
v 0.101353 -0.081087 0.009055
v 0.100498 -0.081898 0.008502
v 0.102605 -0.082107 0.009054
v 0.097849 -0.081544 0.009017
v 0.096412 -0.080479 0.008973
v 0.096207 -0.080811 0.010495
v 0.096207 -0.080811 0.010495
v 0.097584 -0.081991 0.010386
v 0.097849 -0.081544 0.009017
v 0.101200 -0.084289 0.010245
v 0.101357 -0.083951 0.009056
v 0.099483 -0.083262 0.010323
v 0.106811 -0.086031 0.009211
v 0.105828 -0.086112 0.009238
v 0.105811 -0.086354 0.010063
v 0.105811 -0.086354 0.010063
v 0.107046 -0.086198 0.010018
v 0.106811 -0.086031 0.009211
v 0.107046 -0.086198 0.010018
v 0.107944 -0.085618 0.009956
v 0.107614 -0.085621 0.009345
v 0.101775 -0.080750 0.010173
v 0.101353 -0.081087 0.009055
v 0.102605 -0.082107 0.009054
v 0.103201 -0.082574 0.009061
v 0.105155 -0.083918 0.009158
v 0.105119 -0.083506 0.010033
v 0.105119 -0.083506 0.010033
v 0.103580 -0.082318 0.010093
v 0.103201 -0.082574 0.009061
v 0.098217 -0.078196 0.011762
v 0.097635 -0.079394 0.012438
v 0.096054 -0.078058 0.012533
v 0.096644 -0.080368 0.011880
v 0.095093 -0.079263 0.011805
v 0.097635 -0.079394 0.012438
v 0.101477 -0.081015 0.011360
v 0.102699 -0.082058 0.011205
v 0.100652 -0.081895 0.012061
v 0.100652 -0.081895 0.012061
v 0.102179 -0.083052 0.011829
v 0.099901 -0.082796 0.011573
v 0.097635 -0.079394 0.012438
v 0.098931 -0.080443 0.012308
v 0.098094 -0.081454 0.011795
v 0.098094 -0.081454 0.011795
v 0.096644 -0.080368 0.011880
v 0.097635 -0.079394 0.012438
v 0.098931 -0.080443 0.012308
v 0.097635 -0.079394 0.012438
v 0.099010 -0.078838 0.011690
v 0.099010 -0.078838 0.011690
v 0.099876 -0.079552 0.011587
v 0.098931 -0.080443 0.012308
v 0.096644 -0.080368 0.011880
v 0.096207 -0.080811 0.010495
v 0.094755 -0.079815 0.010325
v 0.101200 -0.084289 0.010245
v 0.099483 -0.083262 0.010323
v 0.101533 -0.083873 0.011387
v 0.106929 -0.086059 0.010810
v 0.107046 -0.086198 0.010018
v 0.105811 -0.086354 0.010063
v 0.105811 -0.086354 0.010063
v 0.105875 -0.086142 0.010886
v 0.106929 -0.086059 0.010810
v 0.101775 -0.080750 0.010173
v 0.102699 -0.082058 0.011205
v 0.101477 -0.081015 0.011360
v 0.099876 -0.079552 0.011587
v 0.099010 -0.078838 0.011690
v 0.099450 -0.078467 0.010368
v 0.099450 -0.078467 0.010368
v 0.100281 -0.079233 0.010300
v 0.099876 -0.079552 0.011587
v 0.103329 -0.082562 0.011149
v 0.103580 -0.082318 0.010093
v 0.105119 -0.083506 0.010033
v 0.105119 -0.083506 0.010033
v 0.105180 -0.083935 0.010886
v 0.103329 -0.082562 0.011149
v 0.102028 -0.083142 0.008533
v 0.101357 -0.083951 0.009056
v 0.104089 -0.085453 0.009170
v 0.104089 -0.085453 0.009170
v 0.104599 -0.084761 0.008712
v 0.102028 -0.083142 0.008533
v 0.101200 -0.084289 0.010245
v 0.103893 -0.085793 0.010128
v 0.104089 -0.085453 0.009170
v 0.104089 -0.085453 0.009170
v 0.101357 -0.083951 0.009056
v 0.101200 -0.084289 0.010245
v 0.101200 -0.084289 0.010245
v 0.101533 -0.083873 0.011387
v 0.104169 -0.085434 0.011071
v 0.104169 -0.085434 0.011071
v 0.103893 -0.085793 0.010128
v 0.101200 -0.084289 0.010245
v 0.096207 -0.080811 0.010495
v 0.096644 -0.080368 0.011880
v 0.098094 -0.081454 0.011795
v 0.098094 -0.081454 0.011795
v 0.097584 -0.081991 0.010386
v 0.096207 -0.080811 0.010495
v 0.099450 -0.078467 0.010368
v 0.098980 -0.078850 0.009159
v 0.099791 -0.079592 0.009101
v 0.099791 -0.079592 0.009101
v 0.100281 -0.079233 0.010300
v 0.099450 -0.078467 0.010368
v 0.098980 -0.078850 0.009159
v 0.097530 -0.079469 0.008503
v 0.098780 -0.080438 0.008529
v 0.098780 -0.080438 0.008529
v 0.099791 -0.079592 0.009101
v 0.098980 -0.078850 0.009159
v 0.097530 -0.079469 0.008503
v 0.096412 -0.080479 0.008973
v 0.097849 -0.081544 0.009017
v 0.097849 -0.081544 0.009017
v 0.098780 -0.080438 0.008529
v 0.097530 -0.079469 0.008503
v 0.105828 -0.086112 0.009238
v 0.106261 -0.085659 0.008901
v 0.104599 -0.084761 0.008712
v 0.104599 -0.084761 0.008712
v 0.104089 -0.085453 0.009170
v 0.105828 -0.086112 0.009238
v 0.106219 -0.085737 0.011074
v 0.106929 -0.086059 0.010810
v 0.105875 -0.086142 0.010886
v 0.104169 -0.085434 0.011071
v 0.101533 -0.083873 0.011387
v 0.102179 -0.083052 0.011829
v 0.102179 -0.083052 0.011829
v 0.104591 -0.084799 0.011415
v 0.104169 -0.085434 0.011071
v 0.096107 -0.078209 0.008339
v 0.095105 -0.079434 0.008787
v 0.097530 -0.079469 0.008503
v 0.094755 -0.079815 0.010325
v 0.096207 -0.080811 0.010495
v 0.096412 -0.080479 0.008973
v 0.104591 -0.084799 0.011415
v 0.102179 -0.083052 0.011829
v 0.103329 -0.082562 0.011149
v 0.103329 -0.082562 0.011149
v 0.105180 -0.083935 0.010886
v 0.104591 -0.084799 0.011415
v 0.103201 -0.082574 0.009061
v 0.102028 -0.083142 0.008533
v 0.104599 -0.084761 0.008712
v 0.104599 -0.084761 0.008712
v 0.105155 -0.083918 0.009158
v 0.103201 -0.082574 0.009061
v 0.107015 -0.084893 0.009959
v 0.105119 -0.083506 0.010033
v 0.105155 -0.083918 0.009158
v 0.105155 -0.083918 0.009158
v 0.106809 -0.085103 0.009205
v 0.107015 -0.084893 0.009959
v 0.105180 -0.083935 0.010886
v 0.105119 -0.083506 0.010033
v 0.107015 -0.084893 0.009959
v 0.107015 -0.084893 0.009959
v 0.106871 -0.085128 0.010759
v 0.105180 -0.083935 0.010886
v 0.106261 -0.085659 0.008901
v 0.105828 -0.086112 0.009238
v 0.106811 -0.086031 0.009211
v 0.105875 -0.086142 0.010886
v 0.104169 -0.085434 0.011071
v 0.104591 -0.084799 0.011415
v 0.104591 -0.084799 0.011415
v 0.106219 -0.085737 0.011074
v 0.105875 -0.086142 0.010886
v 0.106261 -0.085659 0.008901
v 0.106811 -0.086031 0.009211
v 0.107614 -0.085621 0.009345
v 0.106219 -0.085737 0.011074
v 0.104591 -0.084799 0.011415
v 0.105180 -0.083935 0.010886
v 0.105180 -0.083935 0.010886
v 0.106871 -0.085128 0.010759
v 0.106219 -0.085737 0.011074
v 0.107015 -0.084893 0.009959
v 0.106809 -0.085103 0.009205
v 0.107614 -0.085621 0.009345
v 0.107614 -0.085621 0.009345
v 0.107944 -0.085618 0.009956
v 0.107015 -0.084893 0.009959
v 0.107679 -0.085657 0.010587
v 0.106871 -0.085128 0.010759
v 0.107015 -0.084893 0.009959
v 0.107015 -0.084893 0.009959
v 0.107944 -0.085618 0.009956
v 0.107679 -0.085657 0.010587
v 0.107944 -0.085618 0.009956
v 0.107046 -0.086198 0.010018
v 0.107679 -0.085657 0.010587
v 0.106261 -0.085659 0.008901
v 0.106809 -0.085103 0.009205
v 0.105155 -0.083918 0.009158
v 0.105155 -0.083918 0.009158
v 0.104599 -0.084761 0.008712
v 0.106261 -0.085659 0.008901
v 0.106219 -0.085737 0.011074
v 0.106871 -0.085128 0.010759
v 0.107679 -0.085657 0.010587
v 0.105811 -0.086354 0.010063
v 0.105828 -0.086112 0.009238
v 0.104089 -0.085453 0.009170
v 0.104089 -0.085453 0.009170
v 0.103893 -0.085793 0.010128
v 0.105811 -0.086354 0.010063
v 0.105811 -0.086354 0.010063
v 0.103893 -0.085793 0.010128
v 0.104169 -0.085434 0.011071
v 0.104169 -0.085434 0.011071
v 0.105875 -0.086142 0.010886
v 0.105811 -0.086354 0.010063
v 0.093814 -0.073869 -0.010668
v 0.091462 -0.072527 -0.010782
v 0.090504 -0.075184 -0.009573
v 0.090504 -0.075184 -0.009573
v 0.093231 -0.076039 -0.009913
v 0.093814 -0.073869 -0.010668
v 0.069233 -0.060154 -0.006936
v 0.070472 -0.061966 -0.007747
v 0.072321 -0.059741 -0.009020
v 0.072321 -0.059741 -0.009020
v 0.071033 -0.058099 -0.008112
v 0.069233 -0.060154 -0.006936
v 0.077104 -0.072628 -0.013452
v 0.078630 -0.071153 -0.014753
v 0.077166 -0.068277 -0.013807
v 0.077166 -0.068277 -0.013807
v 0.075453 -0.069889 -0.012544
v 0.077104 -0.072628 -0.013452
v 0.071588 -0.063869 -0.008993
v 0.073241 -0.066428 -0.010785
v 0.075131 -0.064449 -0.012120
v 0.075131 -0.064449 -0.012120
v 0.073445 -0.061402 -0.010159
v 0.071588 -0.063869 -0.008993
v 0.086712 -0.074471 -0.000484
v 0.081588 -0.071695 -0.002214
v 0.080467 -0.071036 0.003210
v 0.080467 -0.071036 0.003210
v 0.085388 -0.074084 0.004793
v 0.086712 -0.074471 -0.000484
v 0.069233 -0.060154 -0.006936
v 0.068786 -0.061043 -0.004482
v 0.070199 -0.063121 -0.004847
v 0.070199 -0.063121 -0.004847
v 0.070472 -0.061966 -0.007747
v 0.069233 -0.060154 -0.006936
v 0.081588 -0.071695 -0.002214
v 0.077265 -0.068836 0.002406
v 0.080467 -0.071036 0.003210
v 0.075453 -0.069889 -0.012544
v 0.077166 -0.068277 -0.013807
v 0.075131 -0.064449 -0.012120
v 0.075131 -0.064449 -0.012120
v 0.073241 -0.066428 -0.010785
v 0.075453 -0.069889 -0.012544
v 0.073972 -0.059067 0.007103
v 0.077115 -0.062111 0.008253
v 0.074971 -0.064711 0.006392
v 0.074971 -0.064711 0.006392
v 0.071799 -0.061662 0.005437
v 0.073972 -0.059067 0.007103
v 0.079387 -0.059452 0.006990
v 0.080757 -0.058000 0.003166
v 0.084568 -0.061542 0.003935
v 0.084568 -0.061542 0.003935
v 0.082489 -0.062595 0.007997
v 0.079387 -0.059452 0.006990
v 0.085704 -0.061348 -0.001634
v 0.084568 -0.061542 0.003935
v 0.080757 -0.058000 0.003166
v 0.080757 -0.058000 0.003166
v 0.081193 -0.057772 -0.001915
v 0.085704 -0.061348 -0.001634
v 0.085704 -0.061348 -0.001634
v 0.081193 -0.057772 -0.001915
v 0.080828 -0.059071 -0.006298
v 0.080828 -0.059071 -0.006298
v 0.085814 -0.062238 -0.006075
v 0.085704 -0.061348 -0.001634
v 0.080757 -0.058000 0.003166
v 0.079387 -0.059452 0.006990
v 0.076323 -0.056346 0.006173
v 0.076323 -0.056346 0.006173
v 0.077611 -0.055062 0.002641
v 0.080757 -0.058000 0.003166
v 0.081193 -0.057772 -0.001915
v 0.080757 -0.058000 0.003166
v 0.077611 -0.055062 0.002641
v 0.077611 -0.055062 0.002641
v 0.077629 -0.054940 -0.002082
v 0.081193 -0.057772 -0.001915
v 0.080828 -0.059071 -0.006298
v 0.081193 -0.057772 -0.001915
v 0.077629 -0.054940 -0.002082
v 0.077629 -0.054940 -0.002082
v 0.075695 -0.056816 -0.007425
v 0.080828 -0.059071 -0.006298
v 0.089172 -0.064817 -0.005933
v 0.088505 -0.066311 -0.008997
v 0.091248 -0.067902 -0.008602
v 0.091248 -0.067902 -0.008602
v 0.092014 -0.067267 -0.005680
v 0.089172 -0.064817 -0.005933
v 0.089226 -0.064040 -0.001572
v 0.089172 -0.064817 -0.005933
v 0.092014 -0.067267 -0.005680
v 0.092014 -0.067267 -0.005680
v 0.092558 -0.066774 -0.001455
v 0.089226 -0.064040 -0.001572
v 0.088003 -0.064797 0.004666
v 0.089226 -0.064040 -0.001572
v 0.092067 -0.067075 0.002087
v 0.091319 -0.067247 0.005296
v 0.088003 -0.064797 0.004666
v 0.092067 -0.067075 0.002087
v 0.095063 -0.072012 -0.009760
v 0.095847 -0.071208 -0.008022
v 0.094083 -0.069625 -0.008403
v 0.094083 -0.069625 -0.008403
v 0.092937 -0.070637 -0.009960
v 0.095063 -0.072012 -0.009760
v 0.095847 -0.071208 -0.008022
v 0.095683 -0.071912 -0.006152
v 0.094931 -0.069928 -0.005416
v 0.094931 -0.069928 -0.005416
v 0.094083 -0.069625 -0.008403
v 0.095847 -0.071208 -0.008022
v 0.094452 -0.071586 0.007227
v 0.092217 -0.070336 0.008176
v 0.093815 -0.069527 0.005691
v 0.093815 -0.069527 0.005691
v 0.095291 -0.070680 0.005645
v 0.094452 -0.071586 0.007227
v 0.086998 -0.073983 0.010542
v 0.087802 -0.072010 0.011493
v 0.089083 -0.073010 0.011727
v 0.089083 -0.073010 0.011727
v 0.088622 -0.074821 0.011337
v 0.086998 -0.073983 0.010542
v 0.087769 -0.075577 0.008501
v 0.086998 -0.073983 0.010542
v 0.088622 -0.074821 0.011337
v 0.088622 -0.074821 0.011337
v 0.088963 -0.076020 0.009454
v 0.087769 -0.075577 0.008501
v 0.082401 -0.080747 -0.015034
v 0.078982 -0.075893 -0.014007
v 0.079865 -0.076558 -0.011836
v 0.079865 -0.076558 -0.011836
v 0.083215 -0.080985 -0.013411
v 0.082401 -0.080747 -0.015034
v 0.081539 -0.071975 -0.015241
v 0.079297 -0.072768 -0.015314
v 0.079976 -0.074638 -0.015564
v 0.079976 -0.074638 -0.015564
v 0.081827 -0.073773 -0.015577
v 0.081539 -0.071975 -0.015241
v 0.084476 -0.073617 -0.012195
v 0.084476 -0.073447 -0.011369
v 0.083528 -0.072078 -0.013639
v 0.083528 -0.072078 -0.013639
v 0.083529 -0.073402 -0.014412
v 0.084476 -0.073617 -0.012195
v 0.081539 -0.071975 -0.015241
v 0.081827 -0.073773 -0.015577
v 0.083529 -0.073402 -0.014412
v 0.083529 -0.073402 -0.014412
v 0.083528 -0.072078 -0.013639
v 0.081539 -0.071975 -0.015241
v 0.103096 -0.077803 -0.008332
v 0.103326 -0.077508 -0.006767
v 0.100068 -0.074908 -0.006783
v 0.100068 -0.074908 -0.006783
v 0.099754 -0.075213 -0.008484
v 0.103096 -0.077803 -0.008332
v 0.100068 -0.074908 -0.006783
v 0.103326 -0.077508 -0.006767
v 0.102780 -0.078030 -0.005449
v 0.102780 -0.078030 -0.005449
v 0.099503 -0.075742 -0.005446
v 0.100068 -0.074908 -0.006783
v 0.102187 -0.078864 -0.009510
v 0.103096 -0.077803 -0.008332
v 0.099754 -0.075213 -0.008484
v 0.099754 -0.075213 -0.008484
v 0.098884 -0.076454 -0.009839
v 0.102187 -0.078864 -0.009510
v 0.103049 -0.079174 -0.003440
v 0.104215 -0.077685 -0.002777
v 0.100836 -0.075389 -0.002948
v 0.100836 -0.075389 -0.002948
v 0.099681 -0.077162 -0.003624
v 0.103049 -0.079174 -0.003440
v 0.101725 -0.081371 -0.000882
v 0.097927 -0.079596 -0.000952
v 0.098686 -0.078579 0.000924
v 0.098686 -0.078579 0.000924
v 0.102365 -0.080478 0.000869
v 0.101725 -0.081371 -0.000882
v 0.107476 -0.080371 -0.002649
v 0.108046 -0.079802 -0.001284
v 0.107044 -0.078900 -0.001302
v 0.107044 -0.078900 -0.001302
v 0.106453 -0.079502 -0.002724
v 0.107476 -0.080371 -0.002649
v 0.106453 -0.079502 -0.002724
v 0.104823 -0.080302 -0.003373
v 0.106163 -0.081369 -0.003314
v 0.106163 -0.081369 -0.003314
v 0.107476 -0.080371 -0.002649
v 0.106453 -0.079502 -0.002724
v 0.103360 -0.082321 -0.000779
v 0.103840 -0.081501 0.000783
v 0.105190 -0.082413 0.000741
v 0.105190 -0.082413 0.000741
v 0.104626 -0.083156 -0.000788
v 0.103360 -0.082321 -0.000779
v 0.089432 -0.070949 0.011376
v 0.090298 -0.071736 0.011631
v 0.089083 -0.073010 0.011727
v 0.089083 -0.073010 0.011727
v 0.087802 -0.072010 0.011493
v 0.089432 -0.070949 0.011376
v 0.094013 -0.077708 -0.003269
v 0.093396 -0.077484 -0.004751
v 0.091620 -0.076918 -0.004185
v 0.093701 -0.077551 0.000824
v 0.091319 -0.076639 0.001210
v 0.092857 -0.077310 0.001937
v 0.103961 -0.078999 -0.005493
v 0.102780 -0.078030 -0.005449
v 0.104530 -0.078501 -0.006779
v 0.103096 -0.077803 -0.008332
v 0.104271 -0.078794 -0.008312
v 0.104530 -0.078501 -0.006779
v 0.097222 -0.076589 0.010380
v 0.098650 -0.077732 0.010428
v 0.098217 -0.078196 0.011762
v 0.097222 -0.076589 0.010380
v 0.098253 -0.078198 0.009168
v 0.098650 -0.077732 0.010428
v 0.086876 -0.080564 -0.016470
v 0.086595 -0.080009 -0.016237
v 0.085376 -0.080470 -0.017007
v 0.085376 -0.080470 -0.017007
v 0.085705 -0.081026 -0.017201
v 0.086876 -0.080564 -0.016470
v 0.085376 -0.080470 -0.017007
v 0.084151 -0.081284 -0.016767
v 0.084469 -0.081801 -0.016931
v 0.084469 -0.081801 -0.016931
v 0.085705 -0.081026 -0.017201
v 0.085376 -0.080470 -0.017007
v 0.095579 -0.069225 -0.001417
v 0.097060 -0.070512 -0.001398
v 0.096717 -0.071245 0.000664
v 0.096717 -0.071245 0.000664
v 0.094882 -0.069541 0.002376
v 0.095579 -0.069225 -0.001417
v 0.096533 -0.071532 -0.003370
v 0.097060 -0.070512 -0.001398
v 0.095579 -0.069225 -0.001417
v 0.095579 -0.069225 -0.001417
v 0.094931 -0.069928 -0.005416
v 0.096533 -0.071532 -0.003370
v 0.098513 -0.071914 -0.001391
v 0.097060 -0.070512 -0.001398
v 0.096533 -0.071532 -0.003370
v 0.096533 -0.071532 -0.003370
v 0.097956 -0.072993 -0.003347
v 0.098513 -0.071914 -0.001391
v 0.096717 -0.071245 0.000664
v 0.097060 -0.070512 -0.001398
v 0.098513 -0.071914 -0.001391
v 0.098513 -0.071914 -0.001391
v 0.098209 -0.072466 0.000504
v 0.096717 -0.071245 0.000664
v 0.095847 -0.071208 -0.008022
v 0.095063 -0.072012 -0.009760
v 0.097067 -0.073228 -0.009001
v 0.097067 -0.073228 -0.009001
v 0.097314 -0.072585 -0.007303
v 0.095847 -0.071208 -0.008022
v 0.096516 -0.071870 0.005232
v 0.096035 -0.072604 0.006907
v 0.094452 -0.071586 0.007227
v 0.094452 -0.071586 0.007227
v 0.095291 -0.070680 0.005645
v 0.096516 -0.071870 0.005232
v 0.095609 -0.071237 0.003541
v 0.096471 -0.072723 0.003319
v 0.096516 -0.071870 0.005232
v 0.096516 -0.071870 0.005232
v 0.095291 -0.070680 0.005645
v 0.095609 -0.071237 0.003541
v 0.090298 -0.071736 0.011631
v 0.089432 -0.070949 0.011376
v 0.090942 -0.070431 0.010355
v 0.090942 -0.070431 0.010355
v 0.091523 -0.071282 0.010699
v 0.090298 -0.071736 0.011631
v 0.091523 -0.071282 0.010699
v 0.092480 -0.072324 0.010581
v 0.091575 -0.072758 0.011977
v 0.091575 -0.072758 0.011977
v 0.090298 -0.071736 0.011631
v 0.091523 -0.071282 0.010699
v 0.072541 -0.052639 0.005602
v 0.073742 -0.051355 0.002363
v 0.075621 -0.053152 0.002501
v 0.075621 -0.053152 0.002501
v 0.074375 -0.054392 0.005764
v 0.072541 -0.052639 0.005602
v 0.067729 -0.058494 -0.006406
v 0.069233 -0.060154 -0.006936
v 0.071033 -0.058099 -0.008112
v 0.071033 -0.058099 -0.008112
v 0.069485 -0.056228 -0.007514
v 0.067729 -0.058494 -0.006406
v 0.069784 -0.059564 0.004918
v 0.071826 -0.057052 0.006643
v 0.073972 -0.059067 0.007103
v 0.073972 -0.059067 0.007103
v 0.071799 -0.061662 0.005437
v 0.069784 -0.059564 0.004918
v 0.069784 -0.059564 0.004918
v 0.069013 -0.060692 0.001619
v 0.067205 -0.058725 0.001661
v 0.067205 -0.058725 0.001661
v 0.067906 -0.057680 0.004698
v 0.069784 -0.059564 0.004918
v 0.070769 -0.062841 -0.001807
v 0.070940 -0.062795 0.001711
v 0.074141 -0.066073 0.001923
v 0.074141 -0.066073 0.001923
v 0.073735 -0.066160 -0.002474
v 0.070769 -0.062841 -0.001807
v 0.070769 -0.062841 -0.001807
v 0.073735 -0.066160 -0.002474
v 0.071975 -0.065878 -0.005910
v 0.071975 -0.065878 -0.005910
v 0.070199 -0.063121 -0.004847
v 0.070769 -0.062841 -0.001807
v 0.071799 -0.061662 0.005437
v 0.074971 -0.064711 0.006392
v 0.074141 -0.066073 0.001923
v 0.074141 -0.066073 0.001923
v 0.070940 -0.062795 0.001711
v 0.071799 -0.061662 0.005437
v 0.070472 -0.061966 -0.007747
v 0.071588 -0.063869 -0.008993
v 0.073445 -0.061402 -0.010159
v 0.073445 -0.061402 -0.010159
v 0.072321 -0.059741 -0.009020
v 0.070472 -0.061966 -0.007747
v 0.070199 -0.063121 -0.004847
v 0.071975 -0.065878 -0.005910
v 0.071588 -0.063869 -0.008993
v 0.071588 -0.063869 -0.008993
v 0.070472 -0.061966 -0.007747
v 0.070199 -0.063121 -0.004847
v 0.087100 -0.074630 -0.005878
v 0.087468 -0.074030 -0.009375
v 0.085073 -0.073425 -0.009568
v 0.085073 -0.073425 -0.009568
v 0.083126 -0.072982 -0.006119
v 0.087100 -0.074630 -0.005878
v 0.087100 -0.074630 -0.005878
v 0.083126 -0.072982 -0.006119
v 0.081588 -0.071695 -0.002214
v 0.081588 -0.071695 -0.002214
v 0.086712 -0.074471 -0.000484
v 0.087100 -0.074630 -0.005878
v 0.095609 -0.071237 0.003541
v 0.095291 -0.070680 0.005645
v 0.093815 -0.069527 0.005691
v 0.093815 -0.069527 0.005691
v 0.094882 -0.069541 0.002376
v 0.095609 -0.071237 0.003541
v 0.085006 -0.072537 -0.011337
v 0.083557 -0.073797 -0.010244
v 0.085073 -0.073425 -0.009568
v 0.085073 -0.073425 -0.009568
v 0.086217 -0.072246 -0.011024
v 0.085006 -0.072537 -0.011337
v 0.078816 -0.072458 -0.007182
v 0.076806 -0.069631 -0.003910
v 0.081588 -0.071695 -0.002214
v 0.081588 -0.071695 -0.002214
v 0.083126 -0.072982 -0.006119
v 0.078816 -0.072458 -0.007182
v 0.076806 -0.069631 -0.003910
v 0.077265 -0.068836 0.002406
v 0.081588 -0.071695 -0.002214
v 0.098998 -0.072336 -0.001371
v 0.098513 -0.071914 -0.001391
v 0.097956 -0.072993 -0.003347
v 0.097956 -0.072993 -0.003347
v 0.098433 -0.073390 -0.003281
v 0.098998 -0.072336 -0.001371
v 0.098695 -0.072870 0.000481
v 0.097662 -0.074963 0.001690
v 0.097063 -0.074523 0.001879
v 0.097063 -0.074523 0.001879
v 0.098209 -0.072466 0.000504
v 0.098695 -0.072870 0.000481
v 0.091319 -0.076639 0.001210
v 0.092798 -0.077800 0.003083
v 0.092857 -0.077310 0.001937
v 0.089586 -0.076108 0.006506
v 0.091365 -0.076670 0.007341
v 0.092258 -0.077108 0.007009
v 0.093173 -0.072584 0.008024
v 0.092408 -0.071959 0.008906
v 0.092217 -0.070336 0.008176
v 0.085388 -0.074084 0.004793
v 0.087769 -0.075577 0.008501
v 0.089586 -0.076108 0.006506
v 0.089986 -0.076917 0.004188
v 0.086712 -0.074471 -0.000484
v 0.085388 -0.074084 0.004793
v 0.092937 -0.070637 -0.009960
v 0.094083 -0.069625 -0.008403
v 0.091248 -0.067902 -0.008602
v 0.091248 -0.067902 -0.008602
v 0.090151 -0.069298 -0.010144
v 0.092937 -0.070637 -0.009960
v 0.088505 -0.066311 -0.008997
v 0.087629 -0.068080 -0.010609
v 0.090151 -0.069298 -0.010144
v 0.090151 -0.069298 -0.010144
v 0.091248 -0.067902 -0.008602
v 0.088505 -0.066311 -0.008997
v 0.087629 -0.068080 -0.010609
v 0.088505 -0.066311 -0.008997
v 0.085399 -0.064732 -0.009524
v 0.085399 -0.064732 -0.009524
v 0.085198 -0.067181 -0.011277
v 0.087629 -0.068080 -0.010609
v 0.085198 -0.067181 -0.011277
v 0.082828 -0.066906 -0.012117
v 0.083542 -0.070186 -0.013155
v 0.083542 -0.070186 -0.013155
v 0.084700 -0.070598 -0.012279
v 0.085198 -0.067181 -0.011277
v 0.085198 -0.067181 -0.011277
v 0.084700 -0.070598 -0.012279
v 0.086758 -0.070434 -0.011528
v 0.086758 -0.070434 -0.011528
v 0.087629 -0.068080 -0.010609
v 0.085198 -0.067181 -0.011277
v 0.092937 -0.070637 -0.009960
v 0.091462 -0.072527 -0.010782
v 0.093814 -0.073869 -0.010668
v 0.093814 -0.073869 -0.010668
v 0.095063 -0.072012 -0.009760
v 0.092937 -0.070637 -0.009960
v 0.080309 -0.066918 -0.013430
v 0.082828 -0.066906 -0.012117
v 0.081884 -0.063356 -0.010342
v 0.081884 -0.063356 -0.010342
v 0.078505 -0.062910 -0.011506
v 0.080309 -0.066918 -0.013430
v 0.082828 -0.066906 -0.012117
v 0.080309 -0.066918 -0.013430
v 0.081235 -0.070272 -0.014537
v 0.081235 -0.070272 -0.014537
v 0.083542 -0.070186 -0.013155
v 0.082828 -0.066906 -0.012117
v 0.083542 -0.070186 -0.013155
v 0.081235 -0.070272 -0.014537
v 0.081539 -0.071975 -0.015241
v 0.081539 -0.071975 -0.015241
v 0.083528 -0.072078 -0.013639
v 0.083542 -0.070186 -0.013155
v 0.082892 -0.067627 0.010153
v 0.085803 -0.070331 0.011002
v 0.084487 -0.072555 0.009449
v 0.084487 -0.072555 0.009449
v 0.080715 -0.069904 0.008284
v 0.082892 -0.067627 0.010153
v 0.080715 -0.069904 0.008284
v 0.084487 -0.072555 0.009449
v 0.085388 -0.074084 0.004793
v 0.085388 -0.074084 0.004793
v 0.080467 -0.071036 0.003210
v 0.080715 -0.069904 0.008284
v 0.079387 -0.059452 0.006990
v 0.077115 -0.062111 0.008253
v 0.073972 -0.059067 0.007103
v 0.073972 -0.059067 0.007103
v 0.076323 -0.056346 0.006173
v 0.079387 -0.059452 0.006990
v 0.085803 -0.070331 0.011002
v 0.082892 -0.067627 0.010153
v 0.085520 -0.065465 0.009089
v 0.085520 -0.065465 0.009089
v 0.088402 -0.068404 0.010024
v 0.085803 -0.070331 0.011002
v 0.091319 -0.067247 0.005296
v 0.089779 -0.067946 0.007838
v 0.088003 -0.064797 0.004666
v 0.089779 -0.067946 0.007838
v 0.088402 -0.068404 0.010024
v 0.085520 -0.065465 0.009089
v 0.090712 -0.076487 -0.007028
v 0.087100 -0.074630 -0.005878
v 0.091620 -0.076918 -0.004185
v 0.115858 -0.087076 0.003597
v 0.117561 -0.086909 0.004099
v 0.116392 -0.086328 0.003835
v 0.067205 -0.058725 0.001661
v 0.067110 -0.058951 -0.001318
v 0.064946 -0.056839 -0.001257
v 0.083557 -0.073797 -0.010244
v 0.078816 -0.072458 -0.007182
v 0.083126 -0.072982 -0.006119
v 0.083126 -0.072982 -0.006119
v 0.085073 -0.073425 -0.009568
v 0.083557 -0.073797 -0.010244
v 0.088204 -0.072666 -0.010646
v 0.090504 -0.075184 -0.009573
v 0.091462 -0.072527 -0.010782
v 0.090942 -0.070431 0.010355
v 0.089779 -0.067946 0.007838
v 0.092217 -0.070336 0.008176
v 0.089226 -0.064040 -0.001572
v 0.092558 -0.066774 -0.001455
v 0.092067 -0.067075 0.002087
v 0.073445 -0.061402 -0.010159
v 0.075131 -0.064449 -0.012120
v 0.078505 -0.062910 -0.011506
v 0.078505 -0.062910 -0.011506
v 0.077031 -0.059314 -0.009089
v 0.073445 -0.061402 -0.010159
v 0.077031 -0.059314 -0.009089
v 0.078505 -0.062910 -0.011506
v 0.081884 -0.063356 -0.010342
v 0.081884 -0.063356 -0.010342
v 0.080828 -0.059071 -0.006298
v 0.077031 -0.059314 -0.009089
v 0.067281 -0.058925 -0.004193
v 0.064946 -0.056839 -0.001257
v 0.067110 -0.058951 -0.001318
v 0.089986 -0.076917 0.004188
v 0.091319 -0.076639 0.001210
v 0.086712 -0.074471 -0.000484
v 0.087769 -0.075577 0.008501
v 0.085388 -0.074084 0.004793
v 0.084487 -0.072555 0.009449
v 0.106811 -0.086031 0.009211
v 0.107046 -0.086198 0.010018
v 0.107614 -0.085621 0.009345
v 0.107046 -0.086198 0.010018
v 0.106929 -0.086059 0.010810
v 0.107679 -0.085657 0.010587
v 0.106261 -0.085659 0.008901
v 0.107614 -0.085621 0.009345
v 0.106809 -0.085103 0.009205
v 0.106219 -0.085737 0.011074
v 0.107679 -0.085657 0.010587
v 0.106929 -0.086059 0.010810
v 0.115858 -0.087076 0.003597
v 0.116818 -0.087329 0.003953
v 0.117561 -0.086909 0.004099
v 0.116818 -0.087329 0.003953
v 0.117201 -0.087534 0.004916
v 0.117561 -0.086909 0.004099
v 0.117201 -0.087534 0.004916
v 0.116962 -0.087298 0.005848
v 0.117645 -0.086749 0.005530
v 0.116045 -0.086921 0.006237
v 0.117645 -0.086749 0.005530
v 0.116962 -0.087298 0.005848
v 0.117436 -0.088757 -0.002392
v 0.118120 -0.089175 -0.002019
v 0.118797 -0.088520 -0.001922
v 0.118520 -0.089353 -0.001155
v 0.118797 -0.088520 -0.001922
v 0.118120 -0.089175 -0.002019
v 0.118209 -0.089008 -0.000274
v 0.118899 -0.088382 -0.000485
v 0.118520 -0.089353 -0.001155
v 0.118899 -0.088382 -0.000485
v 0.118209 -0.089008 -0.000274
v 0.117444 -0.088572 0.000049
v 0.115700 -0.086893 -0.007482
v 0.114347 -0.086716 -0.008171
v 0.115146 -0.087269 -0.007728
v 0.115700 -0.086893 -0.007482
v 0.115146 -0.087269 -0.007728
v 0.115223 -0.087654 -0.006908
v 0.115000 -0.087393 -0.006034
v 0.115574 -0.086941 -0.006074
v 0.115223 -0.087654 -0.006908
v 0.114307 -0.086807 -0.005705
v 0.115574 -0.086941 -0.006074
v 0.115000 -0.087393 -0.006034
v 0.087028 -0.087291 -0.017949
v 0.088367 -0.088018 -0.019174
v 0.087424 -0.086755 -0.018737
v 0.089898 -0.085696 -0.017464
v 0.089916 -0.087254 -0.018980
v 0.089818 -0.087092 -0.017877
v 0.104850 -0.079245 -0.008320
v 0.104271 -0.078794 -0.008312
v 0.103841 -0.079986 -0.009337
v 0.104850 -0.079245 -0.008320
v 0.105164 -0.078990 -0.006774
v 0.104530 -0.078501 -0.006779
v 0.104530 -0.078501 -0.006779
v 0.104271 -0.078794 -0.008312
v 0.104850 -0.079245 -0.008320
v 0.104615 -0.079485 -0.005501
v 0.103961 -0.078999 -0.005493
v 0.104530 -0.078501 -0.006779
v 0.104530 -0.078501 -0.006779
v 0.105164 -0.078990 -0.006774
v 0.104615 -0.079485 -0.005501
v 0.103159 -0.080370 -0.005030
v 0.103961 -0.078999 -0.005493
v 0.104615 -0.079485 -0.005501
v 0.103159 -0.080370 -0.005030
v 0.104615 -0.079485 -0.005501
v 0.105019 -0.079822 -0.005513
v 0.105164 -0.078990 -0.006774
v 0.105602 -0.079306 -0.006761
v 0.105019 -0.079822 -0.005513
v 0.105019 -0.079822 -0.005513
v 0.104615 -0.079485 -0.005501
v 0.105164 -0.078990 -0.006774
v 0.105164 -0.078990 -0.006774
v 0.104850 -0.079245 -0.008320
v 0.105272 -0.079537 -0.008297
v 0.105272 -0.079537 -0.008297
v 0.105602 -0.079306 -0.006761
v 0.105164 -0.078990 -0.006774
v 0.105272 -0.079537 -0.008297
v 0.104850 -0.079245 -0.008320
v 0.103841 -0.079986 -0.009337
v 0.109542 -0.084079 -0.008937
v 0.110368 -0.083369 -0.008053
v 0.110000 -0.083097 -0.008055
v 0.110225 -0.082868 -0.006742
v 0.110000 -0.083097 -0.008055
v 0.110368 -0.083369 -0.008053
v 0.110368 -0.083369 -0.008053
v 0.110621 -0.083164 -0.006750
v 0.110225 -0.082868 -0.006742
v 0.110225 -0.082868 -0.006742
v 0.110621 -0.083164 -0.006750
v 0.110267 -0.083624 -0.005692
v 0.110267 -0.083624 -0.005692
v 0.109834 -0.083334 -0.005657
v 0.110225 -0.082868 -0.006742
v 0.109834 -0.083334 -0.005657
v 0.110267 -0.083624 -0.005692
v 0.109214 -0.084338 -0.005215
v 0.109214 -0.084338 -0.005215
v 0.110267 -0.083624 -0.005692
v 0.110550 -0.083832 -0.005714
v 0.110621 -0.083164 -0.006750
v 0.110926 -0.083382 -0.006750
v 0.110550 -0.083832 -0.005714
v 0.110550 -0.083832 -0.005714
v 0.110267 -0.083624 -0.005692
v 0.110621 -0.083164 -0.006750
v 0.110621 -0.083164 -0.006750
v 0.110368 -0.083369 -0.008053
v 0.110678 -0.083574 -0.008030
v 0.110678 -0.083574 -0.008030
v 0.110926 -0.083382 -0.006750
v 0.110621 -0.083164 -0.006750
v 0.109542 -0.084079 -0.008937
v 0.110678 -0.083574 -0.008030
v 0.110368 -0.083369 -0.008053
v 0.106072 -0.079165 -0.002735
v 0.105497 -0.078723 -0.002741
v 0.104823 -0.080302 -0.003373
v 0.106100 -0.078026 -0.001286
v 0.105497 -0.078723 -0.002741
v 0.106072 -0.079165 -0.002735
v 0.106072 -0.079165 -0.002735
v 0.106651 -0.078514 -0.001290
v 0.106100 -0.078026 -0.001286
v 0.105731 -0.078505 0.000302
v 0.106100 -0.078026 -0.001286
v 0.106651 -0.078514 -0.001290
v 0.106651 -0.078514 -0.001290
v 0.106264 -0.078957 0.000302
v 0.105731 -0.078505 0.000302
v 0.105000 -0.079970 0.001219
v 0.105731 -0.078505 0.000302
v 0.106264 -0.078957 0.000302
v 0.105000 -0.079970 0.001219
v 0.106264 -0.078957 0.000302
v 0.106615 -0.079272 0.000291
v 0.106651 -0.078514 -0.001290
v 0.107044 -0.078900 -0.001302
v 0.106615 -0.079272 0.000291
v 0.106615 -0.079272 0.000291
v 0.106264 -0.078957 0.000302
v 0.106651 -0.078514 -0.001290
v 0.106651 -0.078514 -0.001290
v 0.106072 -0.079165 -0.002735
v 0.106453 -0.079502 -0.002724
v 0.106453 -0.079502 -0.002724
v 0.107044 -0.078900 -0.001302
v 0.106651 -0.078514 -0.001290
v 0.106453 -0.079502 -0.002724
v 0.106072 -0.079165 -0.002735
v 0.104823 -0.080302 -0.003373
v 0.111216 -0.085292 -0.003067
v 0.112303 -0.084299 -0.002466
v 0.111988 -0.084053 -0.002476
v 0.112452 -0.083555 -0.001305
v 0.111988 -0.084053 -0.002476
v 0.112303 -0.084299 -0.002466
v 0.112303 -0.084299 -0.002466
v 0.112808 -0.083847 -0.001308
v 0.112452 -0.083555 -0.001305
v 0.112452 -0.083555 -0.001305
v 0.112808 -0.083847 -0.001308
v 0.112533 -0.084078 0.000020
v 0.112533 -0.084078 0.000020
v 0.112211 -0.083823 0.000029
v 0.112452 -0.083555 -0.001305
v 0.112211 -0.083823 0.000029
v 0.112533 -0.084078 0.000020
v 0.111560 -0.084941 0.000867
v 0.112533 -0.084078 0.000020
v 0.112825 -0.084296 0.000005
v 0.111560 -0.084941 0.000867
v 0.112808 -0.083847 -0.001308
v 0.113123 -0.084091 -0.001308
v 0.112825 -0.084296 0.000005
v 0.112825 -0.084296 0.000005
v 0.112533 -0.084078 0.000020
v 0.112808 -0.083847 -0.001308
v 0.112808 -0.083847 -0.001308
v 0.112303 -0.084299 -0.002466
v 0.112650 -0.084553 -0.002450
v 0.112650 -0.084553 -0.002450
v 0.113123 -0.084091 -0.001308
v 0.112808 -0.083847 -0.001308
v 0.111216 -0.085292 -0.003067
v 0.112650 -0.084553 -0.002450
v 0.112303 -0.084299 -0.002466
v 0.104670 -0.078899 0.003300
v 0.104015 -0.078478 0.003297
v 0.103570 -0.080094 0.002822
v 0.104481 -0.077816 0.004715
v 0.104015 -0.078478 0.003297
v 0.104670 -0.078899 0.003300
v 0.104670 -0.078899 0.003300
v 0.105149 -0.078253 0.004707
v 0.104481 -0.077816 0.004715
v 0.104481 -0.077816 0.004715
v 0.105149 -0.078253 0.004707
v 0.104908 -0.078628 0.006259
v 0.104908 -0.078628 0.006259
v 0.104262 -0.078205 0.006271
v 0.104481 -0.077816 0.004715
v 0.103813 -0.079633 0.007237
v 0.104262 -0.078205 0.006271
v 0.104908 -0.078628 0.006259
v 0.103813 -0.079633 0.007237
v 0.104908 -0.078628 0.006259
v 0.105306 -0.078909 0.006236
v 0.105149 -0.078253 0.004707
v 0.105565 -0.078556 0.004699
v 0.105306 -0.078909 0.006236
v 0.105306 -0.078909 0.006236
v 0.104908 -0.078628 0.006259
v 0.105149 -0.078253 0.004707
v 0.105149 -0.078253 0.004707
v 0.104670 -0.078899 0.003300
v 0.105093 -0.079201 0.003301
v 0.105093 -0.079201 0.003301
v 0.105565 -0.078556 0.004699
v 0.105149 -0.078253 0.004707
v 0.105093 -0.079201 0.003301
v 0.104670 -0.078899 0.003300
v 0.103570 -0.080094 0.002822
v 0.110851 -0.084614 0.003046
v 0.111885 -0.083746 0.003586
v 0.111414 -0.083439 0.003552
v 0.111845 -0.082885 0.004777
v 0.111414 -0.083439 0.003552
v 0.111885 -0.083746 0.003586
v 0.111885 -0.083746 0.003586
v 0.112310 -0.083182 0.004799
v 0.111845 -0.082885 0.004777
v 0.111711 -0.083182 0.006075
v 0.111845 -0.082885 0.004777
v 0.112310 -0.083182 0.004799
v 0.112310 -0.083182 0.004799
v 0.112124 -0.083460 0.006073
v 0.111711 -0.083182 0.006075
v 0.111280 -0.084250 0.006858
v 0.111711 -0.083182 0.006075
v 0.112124 -0.083460 0.006073
v 0.111280 -0.084250 0.006858
v 0.112124 -0.083460 0.006073
v 0.112488 -0.083683 0.006064
v 0.112310 -0.083182 0.004799
v 0.112664 -0.083420 0.004794
v 0.112488 -0.083683 0.006064
v 0.112488 -0.083683 0.006064
v 0.112124 -0.083460 0.006073
v 0.112310 -0.083182 0.004799
v 0.112310 -0.083182 0.004799
v 0.111885 -0.083746 0.003586
v 0.112254 -0.083963 0.003605
v 0.112254 -0.083963 0.003605
v 0.112664 -0.083420 0.004794
v 0.112310 -0.083182 0.004799
v 0.110851 -0.084614 0.003046
v 0.112254 -0.083963 0.003605
v 0.111885 -0.083746 0.003586
v 0.098678 -0.078552 0.009164
v 0.098253 -0.078198 0.009168
v 0.097530 -0.079469 0.008503
v 0.098650 -0.077732 0.010428
v 0.098253 -0.078198 0.009168
v 0.098678 -0.078552 0.009164
v 0.098678 -0.078552 0.009164
v 0.099137 -0.078185 0.010390
v 0.098650 -0.077732 0.010428
v 0.098650 -0.077732 0.010428
v 0.099137 -0.078185 0.010390
v 0.098716 -0.078589 0.011732
v 0.098716 -0.078589 0.011732
v 0.098217 -0.078196 0.011762
v 0.098650 -0.077732 0.010428
v 0.097635 -0.079394 0.012438
v 0.098217 -0.078196 0.011762
v 0.098716 -0.078589 0.011732
v 0.097635 -0.079394 0.012438
v 0.098716 -0.078589 0.011732
v 0.099010 -0.078838 0.011690
v 0.099137 -0.078185 0.010390
v 0.099450 -0.078467 0.010368
v 0.099010 -0.078838 0.011690
v 0.099010 -0.078838 0.011690
v 0.098716 -0.078589 0.011732
v 0.099137 -0.078185 0.010390
v 0.099137 -0.078185 0.010390
v 0.098678 -0.078552 0.009164
v 0.098980 -0.078850 0.009159
v 0.098980 -0.078850 0.009159
v 0.099450 -0.078467 0.010368
v 0.099137 -0.078185 0.010390
v 0.098980 -0.078850 0.009159
v 0.098678 -0.078552 0.009164
v 0.097530 -0.079469 0.008503
v 0.102028 -0.083142 0.008533
v 0.102947 -0.082369 0.009057
v 0.102605 -0.082107 0.009054
v 0.102936 -0.081785 0.010117
v 0.102605 -0.082107 0.009054
v 0.102947 -0.082369 0.009057
v 0.102947 -0.082369 0.009057
v 0.103308 -0.082088 0.010100
v 0.102936 -0.081785 0.010117
v 0.102936 -0.081785 0.010117
v 0.103308 -0.082088 0.010100
v 0.103064 -0.082349 0.011169
v 0.103064 -0.082349 0.011169
v 0.102699 -0.082058 0.011205
v 0.102936 -0.081785 0.010117
v 0.102179 -0.083052 0.011829
v 0.102699 -0.082058 0.011205
v 0.103064 -0.082349 0.011169
v 0.102179 -0.083052 0.011829
v 0.103064 -0.082349 0.011169
v 0.103329 -0.082562 0.011149
v 0.103308 -0.082088 0.010100
v 0.103580 -0.082318 0.010093
v 0.103329 -0.082562 0.011149
v 0.103329 -0.082562 0.011149
v 0.103064 -0.082349 0.011169
v 0.103308 -0.082088 0.010100
v 0.103308 -0.082088 0.010100
v 0.102947 -0.082369 0.009057
v 0.103201 -0.082574 0.009061
v 0.103201 -0.082574 0.009061
v 0.103580 -0.082318 0.010093
v 0.103308 -0.082088 0.010100
v 0.102028 -0.083142 0.008533
v 0.103201 -0.082574 0.009061
v 0.102947 -0.082369 0.009057
v 0.086742 -0.078753 -0.014418
v 0.085980 -0.078548 -0.015830
v 0.086595 -0.080009 -0.016237
v 0.084634 -0.079063 -0.016588
v 0.086595 -0.080009 -0.016237
v 0.085980 -0.078548 -0.015830
v 0.084634 -0.079063 -0.016588
v 0.083194 -0.079858 -0.016314
v 0.084151 -0.081284 -0.016767
v 0.083194 -0.079858 -0.016314
v 0.082401 -0.080747 -0.015034
v 0.084151 -0.081284 -0.016767
v 0.085267 -0.083120 -0.017346
v 0.084465 -0.083861 -0.016234
v 0.085768 -0.085794 -0.017122
v 0.085768 -0.085794 -0.017122
v 0.086397 -0.084987 -0.018013
v 0.085267 -0.083120 -0.017346
v 0.085267 -0.083120 -0.017346
v 0.086397 -0.084987 -0.018013
v 0.087300 -0.083966 -0.018184
v 0.087300 -0.083966 -0.018184
v 0.086422 -0.082375 -0.017656
v 0.085267 -0.083120 -0.017346
v 0.087591 -0.082008 -0.017002
v 0.086422 -0.082375 -0.017656
v 0.087300 -0.083966 -0.018184
v 0.087300 -0.083966 -0.018184
v 0.088518 -0.083895 -0.017750
v 0.087591 -0.082008 -0.017002
v 0.089235 -0.084033 -0.016688
v 0.088273 -0.082074 -0.015747
v 0.087591 -0.082008 -0.017002
v 0.087591 -0.082008 -0.017002
v 0.088518 -0.083895 -0.017750
v 0.089235 -0.084033 -0.016688
v 0.105272 -0.079537 -0.008297
v 0.103841 -0.079986 -0.009337
v 0.105165 -0.080951 -0.009271
v 0.105165 -0.080951 -0.009271
v 0.106092 -0.080169 -0.008257
v 0.105272 -0.079537 -0.008297
v 0.103841 -0.079986 -0.009337
v 0.102615 -0.081380 -0.008945
v 0.103985 -0.082183 -0.008934
v 0.103985 -0.082183 -0.008934
v 0.105165 -0.080951 -0.009271
v 0.103841 -0.079986 -0.009337
v 0.102615 -0.081380 -0.008945
v 0.102032 -0.082256 -0.007441
v 0.103311 -0.082944 -0.007384
v 0.103311 -0.082944 -0.007384
v 0.103985 -0.082183 -0.008934
v 0.102615 -0.081380 -0.008945
v 0.103311 -0.082944 -0.007384
v 0.102032 -0.082256 -0.007441
v 0.102366 -0.081806 -0.005841
v 0.102366 -0.081806 -0.005841
v 0.103717 -0.082508 -0.005841
v 0.103311 -0.082944 -0.007384
v 0.103717 -0.082508 -0.005841
v 0.102366 -0.081806 -0.005841
v 0.103159 -0.080370 -0.005030
v 0.103159 -0.080370 -0.005030
v 0.104631 -0.081357 -0.005080
v 0.103717 -0.082508 -0.005841
v 0.104631 -0.081357 -0.005080
v 0.103159 -0.080370 -0.005030
v 0.105019 -0.079822 -0.005513
v 0.105019 -0.079822 -0.005513
v 0.105838 -0.080454 -0.005534
v 0.104631 -0.081357 -0.005080
v 0.105838 -0.080454 -0.005534
v 0.105019 -0.079822 -0.005513
v 0.105602 -0.079306 -0.006761
v 0.105602 -0.079306 -0.006761
v 0.106416 -0.079943 -0.006766
v 0.105838 -0.080454 -0.005534
v 0.105602 -0.079306 -0.006761
v 0.105272 -0.079537 -0.008297
v 0.106092 -0.080169 -0.008257
v 0.106092 -0.080169 -0.008257
v 0.106416 -0.079943 -0.006766
v 0.105602 -0.079306 -0.006761
v 0.110398 -0.082864 -0.002522
v 0.110934 -0.082375 -0.001303
v 0.108046 -0.079802 -0.001284
v 0.108046 -0.079802 -0.001284
v 0.107476 -0.080371 -0.002649
v 0.110398 -0.082864 -0.002522
v 0.110631 -0.082628 0.000055
v 0.107676 -0.080155 0.000236
v 0.108046 -0.079802 -0.001284
v 0.108046 -0.079802 -0.001284
v 0.110934 -0.082375 -0.001303
v 0.110631 -0.082628 0.000055
v 0.109855 -0.083650 0.000957
v 0.106393 -0.081029 0.001145
v 0.107676 -0.080155 0.000236
v 0.107676 -0.080155 0.000236
v 0.110631 -0.082628 0.000055
v 0.109855 -0.083650 0.000957
v 0.108968 -0.084962 0.000631
v 0.105190 -0.082413 0.000741
v 0.106393 -0.081029 0.001145
v 0.106393 -0.081029 0.001145
v 0.109855 -0.083650 0.000957
v 0.108968 -0.084962 0.000631
v 0.108450 -0.085662 -0.000707
v 0.104626 -0.083156 -0.000788
v 0.105190 -0.082413 0.000741
v 0.105190 -0.082413 0.000741
v 0.108968 -0.084962 0.000631
v 0.108450 -0.085662 -0.000707
v 0.108772 -0.085179 -0.002431
v 0.105021 -0.082640 -0.002563
v 0.104626 -0.083156 -0.000788
v 0.104626 -0.083156 -0.000788
v 0.108450 -0.085662 -0.000707
v 0.108772 -0.085179 -0.002431
v 0.109482 -0.083984 -0.003188
v 0.106163 -0.081369 -0.003314
v 0.105021 -0.082640 -0.002563
v 0.105021 -0.082640 -0.002563
v 0.108772 -0.085179 -0.002431
v 0.109482 -0.083984 -0.003188
v 0.109482 -0.083984 -0.003188
v 0.110398 -0.082864 -0.002522
v 0.107476 -0.080371 -0.002649
v 0.107476 -0.080371 -0.002649
v 0.106163 -0.081369 -0.003314
v 0.109482 -0.083984 -0.003188
v 0.109605 -0.083214 0.006962
v 0.105886 -0.080903 0.007140
v 0.106809 -0.079896 0.006203
v 0.106809 -0.079896 0.006203
v 0.110227 -0.082210 0.006112
v 0.109605 -0.083214 0.006962
v 0.108922 -0.084488 0.006582
v 0.104947 -0.082359 0.006819
v 0.105886 -0.080903 0.007140
v 0.105886 -0.080903 0.007140
v 0.109605 -0.083214 0.006962
v 0.108922 -0.084488 0.006582
v 0.108494 -0.085215 0.005265
v 0.104316 -0.083206 0.005362
v 0.104947 -0.082359 0.006819
v 0.104947 -0.082359 0.006819
v 0.108922 -0.084488 0.006582
v 0.108494 -0.085215 0.005265
v 0.108494 -0.085215 0.005265
v 0.108679 -0.084827 0.003804
v 0.104633 -0.082664 0.003785
v 0.104633 -0.082664 0.003785
v 0.104316 -0.083206 0.005362
v 0.108494 -0.085215 0.005265
v 0.109160 -0.083700 0.002953
v 0.105510 -0.081403 0.002851
v 0.104633 -0.082664 0.003785
v 0.104633 -0.082664 0.003785
v 0.108679 -0.084827 0.003804
v 0.109160 -0.083700 0.002953
v 0.109160 -0.083700 0.002953
v 0.109950 -0.082514 0.003472
v 0.106575 -0.080192 0.003363
v 0.106575 -0.080192 0.003363
v 0.105510 -0.081403 0.002851
v 0.109160 -0.083700 0.002953
v 0.109950 -0.082514 0.003472
v 0.110449 -0.081965 0.004772
v 0.107056 -0.079578 0.004730
v 0.107056 -0.079578 0.004730
v 0.106575 -0.080192 0.003363
v 0.109950 -0.082514 0.003472
v 0.110227 -0.082210 0.006112
v 0.106809 -0.079896 0.006203
v 0.107056 -0.079578 0.004730
v 0.107056 -0.079578 0.004730
v 0.110449 -0.081965 0.004772
v 0.110227 -0.082210 0.006112
v 0.100281 -0.079233 0.010300
v 0.099791 -0.079592 0.009101
v 0.101353 -0.081087 0.009055
v 0.101353 -0.081087 0.009055
v 0.101775 -0.080750 0.010173
v 0.100281 -0.079233 0.010300
v 0.101477 -0.081015 0.011360
v 0.099876 -0.079552 0.011587
v 0.100281 -0.079233 0.010300
v 0.100281 -0.079233 0.010300
v 0.101775 -0.080750 0.010173
v 0.101477 -0.081015 0.011360
v 0.100652 -0.081895 0.012061
v 0.098931 -0.080443 0.012308
v 0.099876 -0.079552 0.011587
v 0.099876 -0.079552 0.011587
v 0.101477 -0.081015 0.011360
v 0.100652 -0.081895 0.012061
v 0.100652 -0.081895 0.012061
v 0.099901 -0.082796 0.011573
v 0.098094 -0.081454 0.011795
v 0.098094 -0.081454 0.011795
v 0.098931 -0.080443 0.012308
v 0.100652 -0.081895 0.012061
v 0.098094 -0.081454 0.011795
v 0.099901 -0.082796 0.011573
v 0.099483 -0.083262 0.010323
v 0.099483 -0.083262 0.010323
v 0.097584 -0.081991 0.010386
v 0.098094 -0.081454 0.011795
v 0.097584 -0.081991 0.010386
v 0.099483 -0.083262 0.010323
v 0.099711 -0.082869 0.008991
v 0.099711 -0.082869 0.008991
v 0.097849 -0.081544 0.009017
v 0.097584 -0.081991 0.010386
v 0.098780 -0.080438 0.008529
v 0.097849 -0.081544 0.009017
v 0.099711 -0.082869 0.008991
v 0.099711 -0.082869 0.008991
v 0.100498 -0.081898 0.008502
v 0.098780 -0.080438 0.008529
v 0.099791 -0.079592 0.009101
v 0.098780 -0.080438 0.008529
v 0.100498 -0.081898 0.008502
v 0.100498 -0.081898 0.008502
v 0.101353 -0.081087 0.009055
v 0.099791 -0.079592 0.009101
v 0.094931 -0.069928 -0.005416
v 0.096250 -0.073000 -0.004528
v 0.096533 -0.071532 -0.003370
v 0.096250 -0.073000 -0.004528
v 0.094931 -0.069928 -0.005416
v 0.095683 -0.071912 -0.006152
v 0.098209 -0.072466 0.000504
v 0.096083 -0.072046 0.002010
v 0.096717 -0.071245 0.000664
v 0.096083 -0.072046 0.002010
v 0.096471 -0.072723 0.003319
v 0.095609 -0.071237 0.003541
v 0.093173 -0.072584 0.008024
v 0.092217 -0.070336 0.008176
v 0.094452 -0.071586 0.007227
v 0.093173 -0.072584 0.008024
v 0.092995 -0.073070 0.008856
v 0.092408 -0.071959 0.008906
v 0.092408 -0.071959 0.008906
v 0.092995 -0.073070 0.008856
v 0.092480 -0.072324 0.010581
v 0.092480 -0.072324 0.010581
v 0.091523 -0.071282 0.010699
v 0.092408 -0.071959 0.008906
v 0.090942 -0.070431 0.010355
v 0.089432 -0.070949 0.011376
v 0.088402 -0.068404 0.010024
v 0.093325 -0.077621 -0.005843
v 0.095227 -0.077793 -0.005866
v 0.094857 -0.077925 -0.007741
v 0.094857 -0.077925 -0.007741
v 0.092861 -0.077363 -0.007594
v 0.093325 -0.077621 -0.005843
v 0.091620 -0.076918 -0.004185
v 0.093325 -0.077621 -0.005843
v 0.092861 -0.077363 -0.007594
v 0.092861 -0.077363 -0.007594
v 0.090712 -0.076487 -0.007028
v 0.091620 -0.076918 -0.004185
v 0.091221 -0.077078 -0.001282
v 0.093467 -0.077824 -0.001097
v 0.094013 -0.077708 -0.003269
v 0.094013 -0.077708 -0.003269
v 0.091620 -0.076918 -0.004185
v 0.091221 -0.077078 -0.001282
v 0.096995 -0.075663 -0.004240
v 0.096176 -0.075832 -0.004437
v 0.093396 -0.077484 -0.004751
v 0.093396 -0.077484 -0.004751
v 0.094013 -0.077708 -0.003269
v 0.096995 -0.075663 -0.004240
v 0.095729 -0.078491 -0.000972
v 0.093467 -0.077824 -0.001097
v 0.093701 -0.077551 0.000824
v 0.093701 -0.077551 0.000824
v 0.096227 -0.077625 0.000854
v 0.095729 -0.078491 -0.000972
v 0.093701 -0.077551 0.000824
v 0.093467 -0.077824 -0.001097
v 0.091221 -0.077078 -0.001282
v 0.091221 -0.077078 -0.001282
v 0.091319 -0.076639 0.001210
v 0.093701 -0.077551 0.000824
v 0.092798 -0.077800 0.003083
v 0.091319 -0.076639 0.001210
v 0.089986 -0.076917 0.004188
v 0.089986 -0.076917 0.004188
v 0.091871 -0.077603 0.004991
v 0.092798 -0.077800 0.003083
v 0.092798 -0.077800 0.003083
v 0.091871 -0.077603 0.004991
v 0.094305 -0.078076 0.005251
v 0.094305 -0.078076 0.005251
v 0.094711 -0.077775 0.003421
v 0.092798 -0.077800 0.003083
v 0.097063 -0.074523 0.001879
v 0.097662 -0.074963 0.001690
v 0.096227 -0.077625 0.000854
v 0.096227 -0.077625 0.000854
v 0.093701 -0.077551 0.000824
v 0.097063 -0.074523 0.001879
v 0.089586 -0.076108 0.006506
v 0.092258 -0.077108 0.007009
v 0.091871 -0.077603 0.004991
v 0.091871 -0.077603 0.004991
v 0.089986 -0.076917 0.004188
v 0.089586 -0.076108 0.006506
v 0.089586 -0.076108 0.006506
v 0.087769 -0.075577 0.008501
v 0.088963 -0.076020 0.009454
v 0.088963 -0.076020 0.009454
v 0.090036 -0.076490 0.007540
v 0.089586 -0.076108 0.006506
v 0.092258 -0.077108 0.007009
v 0.094730 -0.077260 0.006882
v 0.094305 -0.078076 0.005251
v 0.094305 -0.078076 0.005251
v 0.091871 -0.077603 0.004991
v 0.092258 -0.077108 0.007009
v 0.090036 -0.076490 0.007540
v 0.088963 -0.076020 0.009454
v 0.090393 -0.076865 0.009991
v 0.090393 -0.076865 0.009991
v 0.091341 -0.076658 0.008185
v 0.090036 -0.076490 0.007540
v 0.096551 -0.076252 -0.004746
v 0.098429 -0.077425 -0.004817
v 0.097361 -0.079062 -0.005804
v 0.097361 -0.079062 -0.005804
v 0.095227 -0.077793 -0.005866
v 0.096551 -0.076252 -0.004746
v 0.097518 -0.075995 -0.003932
v 0.099681 -0.077162 -0.003624
v 0.100836 -0.075389 -0.002948
v 0.100836 -0.075389 -0.002948
v 0.098433 -0.073390 -0.003281
v 0.097518 -0.075995 -0.003932
v 0.101438 -0.074464 -0.001346
v 0.098998 -0.072336 -0.001371
v 0.098433 -0.073390 -0.003281
v 0.098433 -0.073390 -0.003281
v 0.100836 -0.075389 -0.002948
v 0.101438 -0.074464 -0.001346
v 0.098695 -0.072870 0.000481
v 0.098998 -0.072336 -0.001371
v 0.101438 -0.074464 -0.001346
v 0.101438 -0.074464 -0.001346
v 0.101147 -0.074908 0.000367
v 0.098695 -0.072870 0.000481
v 0.101147 -0.074908 0.000367
v 0.100128 -0.076533 0.001343
v 0.097662 -0.074963 0.001690
v 0.097662 -0.074963 0.001690
v 0.098695 -0.072870 0.000481
v 0.101147 -0.074908 0.000367
v 0.098686 -0.078579 0.000924
v 0.096227 -0.077625 0.000854
v 0.097662 -0.074963 0.001690
v 0.097662 -0.074963 0.001690
v 0.100128 -0.076533 0.001343
v 0.098686 -0.078579 0.000924
v 0.097927 -0.079596 -0.000952
v 0.095729 -0.078491 -0.000972
v 0.096227 -0.077625 0.000854
v 0.096227 -0.077625 0.000854
v 0.098686 -0.078579 0.000924
v 0.097927 -0.079596 -0.000952
v 0.096296 -0.078050 -0.002976
v 0.095729 -0.078491 -0.000972
v 0.097927 -0.079596 -0.000952
v 0.097927 -0.079596 -0.000952
v 0.098401 -0.078981 -0.002933
v 0.096296 -0.078050 -0.002976
v 0.097518 -0.075995 -0.003932
v 0.096296 -0.078050 -0.002976
v 0.098401 -0.078981 -0.002933
v 0.098401 -0.078981 -0.002933
v 0.099681 -0.077162 -0.003624
v 0.097518 -0.075995 -0.003932
v 0.095886 -0.074944 0.002201
v 0.096316 -0.075340 0.002527
v 0.096905 -0.073163 0.003375
v 0.096905 -0.073163 0.003375
v 0.096471 -0.072723 0.003319
v 0.095886 -0.074944 0.002201
v 0.094711 -0.077775 0.003421
v 0.096316 -0.075340 0.002527
v 0.095886 -0.074944 0.002201
v 0.095886 -0.074944 0.002201
v 0.092798 -0.077800 0.003083
v 0.094711 -0.077775 0.003421
v 0.095006 -0.074671 0.007886
v 0.096035 -0.072604 0.006907
v 0.096676 -0.073013 0.006795
v 0.096676 -0.073013 0.006795
v 0.095795 -0.075047 0.007682
v 0.095006 -0.074671 0.007886
v 0.096035 -0.072604 0.006907
v 0.096516 -0.071870 0.005232
v 0.097071 -0.072313 0.005110
v 0.097071 -0.072313 0.005110
v 0.096676 -0.073013 0.006795
v 0.096035 -0.072604 0.006907
v 0.096471 -0.072723 0.003319
v 0.096905 -0.073163 0.003375
v 0.097071 -0.072313 0.005110
v 0.097071 -0.072313 0.005110
v 0.096516 -0.071870 0.005232
v 0.096471 -0.072723 0.003319
v 0.092810 -0.074949 0.007653
v 0.093051 -0.075214 0.007930
v 0.093354 -0.073486 0.008778
v 0.093354 -0.073486 0.008778
v 0.092995 -0.073070 0.008856
v 0.092810 -0.074949 0.007653
v 0.091341 -0.076658 0.008185
v 0.093051 -0.075214 0.007930
v 0.092810 -0.074949 0.007653
v 0.092810 -0.074949 0.007653
v 0.090036 -0.076490 0.007540
v 0.091341 -0.076658 0.008185
v 0.091575 -0.072758 0.011977
v 0.092264 -0.073222 0.011946
v 0.091337 -0.074316 0.012324
v 0.091337 -0.074316 0.012324
v 0.090686 -0.073892 0.012144
v 0.091575 -0.072758 0.011977
v 0.092264 -0.073222 0.011946
v 0.091575 -0.072758 0.011977
v 0.092480 -0.072324 0.010581
v 0.092480 -0.072324 0.010581
v 0.093013 -0.072765 0.010542
v 0.092264 -0.073222 0.011946
v 0.092995 -0.073070 0.008856
v 0.093354 -0.073486 0.008778
v 0.093013 -0.072765 0.010542
v 0.093013 -0.072765 0.010542
v 0.092480 -0.072324 0.010581
v 0.092995 -0.073070 0.008856
v 0.099503 -0.075742 -0.005446
v 0.098429 -0.077425 -0.004817
v 0.096551 -0.076252 -0.004746
v 0.096551 -0.076252 -0.004746
v 0.097428 -0.073951 -0.005603
v 0.099503 -0.075742 -0.005446
v 0.096871 -0.075217 -0.010157
v 0.098884 -0.076454 -0.009839
v 0.099754 -0.075213 -0.008484
v 0.099754 -0.075213 -0.008484
v 0.097568 -0.073573 -0.008878
v 0.096871 -0.075217 -0.010157
v 0.097803 -0.072996 -0.007176
v 0.097568 -0.073573 -0.008878
v 0.099754 -0.075213 -0.008484
v 0.099754 -0.075213 -0.008484
v 0.100068 -0.074908 -0.006783
v 0.097803 -0.072996 -0.007176
v 0.097428 -0.073951 -0.005603
v 0.097803 -0.072996 -0.007176
v 0.100068 -0.074908 -0.006783
v 0.100068 -0.074908 -0.006783
v 0.099503 -0.075742 -0.005446
v 0.097428 -0.073951 -0.005603
v 0.090560 -0.075887 0.011672
v 0.090686 -0.073892 0.012144
v 0.091337 -0.074316 0.012324
v 0.096871 -0.075217 -0.010157
v 0.095462 -0.076829 -0.009741
v 0.097693 -0.078332 -0.009417
v 0.097693 -0.078332 -0.009417
v 0.098884 -0.076454 -0.009839
v 0.096871 -0.075217 -0.010157
v 0.095227 -0.077793 -0.005866
v 0.093325 -0.077621 -0.005843
v 0.096125 -0.075986 -0.004671
v 0.096125 -0.075986 -0.004671
v 0.096551 -0.076252 -0.004746
v 0.095227 -0.077793 -0.005866
v 0.095006 -0.074671 0.007886
v 0.095795 -0.075047 0.007682
v 0.094730 -0.077260 0.006882
v 0.094730 -0.077260 0.006882
v 0.092258 -0.077108 0.007009
v 0.095006 -0.074671 0.007886
v 0.078982 -0.075893 -0.014007
v 0.079976 -0.074638 -0.015564
v 0.079297 -0.072768 -0.015314
v 0.078982 -0.075893 -0.014007
v 0.079297 -0.072768 -0.015314
v 0.077104 -0.072628 -0.013452
v 0.085006 -0.072537 -0.011337
v 0.084476 -0.073447 -0.011369
v 0.083557 -0.073797 -0.010244
v 0.084476 -0.073447 -0.011369
v 0.084476 -0.073617 -0.012195
v 0.083854 -0.074789 -0.010856
v 0.085945 -0.081451 -0.017355
v 0.086422 -0.082375 -0.017656
v 0.087591 -0.082008 -0.017002
v 0.087591 -0.082008 -0.017002
v 0.087085 -0.080939 -0.016617
v 0.085945 -0.081451 -0.017355
v 0.085945 -0.081451 -0.017355
v 0.084685 -0.082165 -0.017053
v 0.085267 -0.083120 -0.017346
v 0.085267 -0.083120 -0.017346
v 0.086422 -0.082375 -0.017656
v 0.085945 -0.081451 -0.017355
v 0.084685 -0.082165 -0.017053
v 0.083549 -0.082476 -0.015629
v 0.084465 -0.083861 -0.016234
v 0.084465 -0.083861 -0.016234
v 0.085267 -0.083120 -0.017346
v 0.084685 -0.082165 -0.017053
v 0.083549 -0.082476 -0.015629
v 0.084225 -0.082570 -0.014158
v 0.085131 -0.084050 -0.014610
v 0.085131 -0.084050 -0.014610
v 0.084465 -0.083861 -0.016234
v 0.083549 -0.082476 -0.015629
v 0.085131 -0.084050 -0.014610
v 0.084225 -0.082570 -0.014158
v 0.085602 -0.082085 -0.013403
v 0.085602 -0.082085 -0.013403
v 0.086374 -0.083589 -0.013948
v 0.085131 -0.084050 -0.014610
v 0.086374 -0.083589 -0.013948
v 0.085602 -0.082085 -0.013403
v 0.086988 -0.081346 -0.013880
v 0.086988 -0.081346 -0.013880
v 0.087659 -0.082831 -0.014359
v 0.086374 -0.083589 -0.013948
v 0.088273 -0.082074 -0.015747
v 0.087659 -0.082831 -0.014359
v 0.086988 -0.081346 -0.013880
v 0.086988 -0.081346 -0.013880
v 0.087585 -0.080519 -0.015077
v 0.088273 -0.082074 -0.015747
v 0.088273 -0.082074 -0.015747
v 0.087585 -0.080519 -0.015077
v 0.087085 -0.080939 -0.016617
v 0.087085 -0.080939 -0.016617
v 0.087591 -0.082008 -0.017002
v 0.088273 -0.082074 -0.015747
v 0.080416 -0.074664 -0.009457
v 0.079865 -0.076558 -0.011836
v 0.077982 -0.074233 -0.011169
v 0.083557 -0.073797 -0.010244
v 0.083854 -0.074789 -0.010856
v 0.080416 -0.074664 -0.009457
v 0.077982 -0.074233 -0.011169
v 0.079865 -0.076558 -0.011836
v 0.078982 -0.075893 -0.014007
v 0.082401 -0.080747 -0.015034
v 0.083549 -0.082476 -0.015629
v 0.084151 -0.081284 -0.016767
v 0.084634 -0.079063 -0.016588
v 0.084151 -0.081284 -0.016767
v 0.085376 -0.080470 -0.017007
v 0.084634 -0.079063 -0.016588
v 0.085376 -0.080470 -0.017007
v 0.086595 -0.080009 -0.016237
v 0.087585 -0.080519 -0.015077
v 0.086742 -0.078753 -0.014418
v 0.086595 -0.080009 -0.016237
v 0.083549 -0.082476 -0.015629
v 0.082401 -0.080747 -0.015034
v 0.083215 -0.080985 -0.013411
v 0.084225 -0.082570 -0.014158
v 0.083215 -0.080985 -0.013411
v 0.084725 -0.080500 -0.012479
v 0.084725 -0.080500 -0.012479
v 0.086227 -0.079604 -0.013067
v 0.086988 -0.081346 -0.013880
v 0.086227 -0.079604 -0.013067
v 0.086742 -0.078753 -0.014418
v 0.087585 -0.080519 -0.015077
v 0.102780 -0.078030 -0.005449
v 0.103326 -0.077508 -0.006767
v 0.104530 -0.078501 -0.006779
v 0.103326 -0.077508 -0.006767
v 0.103096 -0.077803 -0.008332
v 0.104530 -0.078501 -0.006779
v 0.101010 -0.080450 -0.009114
v 0.100344 -0.081349 -0.007448
v 0.102615 -0.081380 -0.008945
v 0.100344 -0.081349 -0.007448
v 0.100717 -0.080843 -0.005826
v 0.102366 -0.081806 -0.005841
v 0.103841 -0.079986 -0.009337
v 0.102187 -0.078864 -0.009510
v 0.101010 -0.080450 -0.009114
v 0.102187 -0.078864 -0.009510
v 0.103841 -0.079986 -0.009337
v 0.104271 -0.078794 -0.008312
v 0.103159 -0.080370 -0.005030
v 0.102366 -0.081806 -0.005841
v 0.100717 -0.080843 -0.005826
v 0.101539 -0.079261 -0.004957
v 0.102780 -0.078030 -0.005449
v 0.103961 -0.078999 -0.005493
v 0.109214 -0.084338 -0.005215
v 0.108465 -0.085359 -0.005893
v 0.106829 -0.084499 -0.005936
v 0.107160 -0.084190 -0.008657
v 0.106574 -0.084864 -0.007285
v 0.108684 -0.085093 -0.008553
v 0.106574 -0.084864 -0.007285
v 0.106829 -0.084499 -0.005936
v 0.108465 -0.085359 -0.005893
v 0.107160 -0.084190 -0.008657
v 0.108684 -0.085093 -0.008553
v 0.109542 -0.084079 -0.008937
v 0.108048 -0.083078 -0.009046
v 0.109542 -0.084079 -0.008937
v 0.110000 -0.083097 -0.008055
v 0.108715 -0.082185 -0.008112
v 0.110000 -0.083097 -0.008055
v 0.110225 -0.082868 -0.006742
v 0.110225 -0.082868 -0.006742
v 0.109834 -0.083334 -0.005657
v 0.108541 -0.082421 -0.005571
v 0.107632 -0.083403 -0.005146
v 0.108541 -0.082421 -0.005571
v 0.109834 -0.083334 -0.005657
v 0.104215 -0.077685 -0.002777
v 0.105497 -0.078723 -0.002741
v 0.106100 -0.078026 -0.001286
v 0.106100 -0.078026 -0.001286
v 0.105731 -0.078505 0.000302
v 0.104450 -0.077422 0.000271
v 0.103049 -0.079174 -0.003440
v 0.104823 -0.080302 -0.003373
v 0.105497 -0.078723 -0.002741
v 0.104823 -0.080302 -0.003373
v 0.103049 -0.079174 -0.003440
v 0.102088 -0.080784 -0.002705
v 0.102088 -0.080784 -0.002705
v 0.101725 -0.081371 -0.000882
v 0.103696 -0.081725 -0.002630
v 0.102365 -0.080478 0.000869
v 0.103840 -0.081501 0.000783
v 0.101725 -0.081371 -0.000882
v 0.105000 -0.079970 0.001219
v 0.103840 -0.081501 0.000783
v 0.102365 -0.080478 0.000869
v 0.104450 -0.077422 0.000271
v 0.105731 -0.078505 0.000302
v 0.103424 -0.078794 0.001262
v 0.110398 -0.082864 -0.002522
v 0.111988 -0.084053 -0.002476
v 0.112452 -0.083555 -0.001305
v 0.112452 -0.083555 -0.001305
v 0.112211 -0.083823 0.000029
v 0.110631 -0.082628 0.000055
v 0.109482 -0.083984 -0.003188
v 0.111216 -0.085292 -0.003067
v 0.111988 -0.084053 -0.002476
v 0.108772 -0.085179 -0.002431
v 0.110593 -0.086257 -0.002357
v 0.111216 -0.085292 -0.003067
v 0.110593 -0.086257 -0.002357
v 0.108772 -0.085179 -0.002431
v 0.108450 -0.085662 -0.000707
v 0.108450 -0.085662 -0.000707
v 0.108968 -0.084962 0.000631
v 0.110665 -0.085981 0.000510
v 0.111560 -0.084941 0.000867
v 0.110665 -0.085981 0.000510
v 0.108968 -0.084962 0.000631
v 0.110631 -0.082628 0.000055
v 0.112211 -0.083823 0.000029
v 0.109855 -0.083650 0.000957
v 0.101618 -0.078932 0.002775
v 0.103570 -0.080094 0.002822
v 0.104015 -0.078478 0.003297
v 0.102495 -0.077471 0.003220
v 0.104015 -0.078478 0.003297
v 0.104481 -0.077816 0.004715
v 0.104481 -0.077816 0.004715
v 0.104262 -0.078205 0.006271
v 0.102739 -0.077151 0.006270
v 0.102739 -0.077151 0.006270
v 0.104262 -0.078205 0.006271
v 0.101888 -0.078428 0.007294
v 0.103813 -0.079633 0.007237
v 0.102953 -0.081177 0.006869
v 0.100939 -0.080109 0.006937
v 0.100608 -0.080615 0.003720
v 0.100315 -0.081132 0.005441
v 0.102685 -0.081503 0.003759
v 0.100939 -0.080109 0.006937
v 0.102953 -0.081177 0.006869
v 0.100315 -0.081132 0.005441
v 0.103570 -0.080094 0.002822
v 0.101618 -0.078932 0.002775
v 0.100608 -0.080615 0.003720
v 0.109160 -0.083700 0.002953
v 0.110851 -0.084614 0.003046
v 0.111414 -0.083439 0.003552
v 0.110449 -0.081965 0.004772
v 0.111414 -0.083439 0.003552
v 0.111845 -0.082885 0.004777
v 0.110449 -0.081965 0.004772
v 0.111845 -0.082885 0.004777
v 0.111711 -0.083182 0.006075
v 0.111711 -0.083182 0.006075
v 0.111280 -0.084250 0.006858
v 0.109605 -0.083214 0.006962
v 0.111280 -0.084250 0.006858
v 0.110453 -0.085393 0.006559
v 0.108922 -0.084488 0.006582
v 0.110105 -0.086019 0.005233
v 0.110301 -0.085678 0.003809
v 0.108494 -0.085215 0.005265
v 0.108679 -0.084827 0.003804
v 0.110301 -0.085678 0.003809
v 0.110851 -0.084614 0.003046
v 0.108494 -0.085215 0.005265
v 0.108922 -0.084488 0.006582
v 0.110453 -0.085393 0.006559
v 0.096795 -0.076943 0.011694
v 0.098217 -0.078196 0.011762
v 0.096054 -0.078058 0.012533
v 0.097222 -0.076589 0.010380
v 0.098217 -0.078196 0.011762
v 0.096795 -0.076943 0.011694
v 0.097222 -0.076589 0.010380
v 0.096812 -0.077000 0.008977
v 0.098253 -0.078198 0.009168
v 0.096107 -0.078209 0.008339
v 0.097530 -0.079469 0.008503
v 0.098253 -0.078198 0.009168
v 0.095105 -0.079434 0.008787
v 0.096412 -0.080479 0.008973
v 0.097530 -0.079469 0.008503
v 0.095105 -0.079434 0.008787
v 0.094755 -0.079815 0.010325
v 0.096412 -0.080479 0.008973
v 0.095093 -0.079263 0.011805
v 0.096644 -0.080368 0.011880
v 0.094755 -0.079815 0.010325
v 0.095093 -0.079263 0.011805
v 0.096054 -0.078058 0.012533
v 0.097635 -0.079394 0.012438
v 0.101357 -0.083951 0.009056
v 0.099711 -0.082869 0.008991
v 0.099483 -0.083262 0.010323
v 0.099483 -0.083262 0.010323
v 0.099901 -0.082796 0.011573
v 0.101533 -0.083873 0.011387
v 0.099711 -0.082869 0.008991
v 0.101357 -0.083951 0.009056
v 0.102028 -0.083142 0.008533
v 0.100498 -0.081898 0.008502
v 0.102028 -0.083142 0.008533
v 0.102605 -0.082107 0.009054
v 0.101775 -0.080750 0.010173
v 0.102605 -0.082107 0.009054
v 0.102936 -0.081785 0.010117
v 0.101775 -0.080750 0.010173
v 0.102936 -0.081785 0.010117
v 0.102699 -0.082058 0.011205
v 0.102699 -0.082058 0.011205
v 0.102179 -0.083052 0.011829
v 0.100652 -0.081895 0.012061
v 0.102179 -0.083052 0.011829
v 0.101533 -0.083873 0.011387
v 0.099901 -0.082796 0.011573
v -0.001213 -0.001475 -0.010717
v -0.005492 -0.005600 -0.007627
v 0.004430 -0.014689 -0.007152
v 0.004430 -0.014689 -0.007152
v 0.008778 -0.009671 -0.010941
v -0.001213 -0.001475 -0.010717
v 0.004430 -0.014689 -0.007152
v -0.005492 -0.005600 -0.007627
v -0.007376 -0.007182 -0.001582
v -0.007376 -0.007182 -0.001582
v 0.001505 -0.017071 0.000257
v 0.004430 -0.014689 -0.007152
v 0.002862 0.003427 0.011239
v 0.012425 -0.003835 0.011493
v 0.007863 -0.009222 0.012842
v 0.007863 -0.009222 0.012842
v -0.001284 -0.000670 0.011613
v 0.002862 0.003427 0.011239
v 0.006615 0.006995 0.008121
v 0.015803 0.000177 0.008218
v 0.012425 -0.003835 0.011493
v 0.012425 -0.003835 0.011493
v 0.002862 0.003427 0.011239
v 0.006615 0.006995 0.008121
v -0.007152 -0.006730 0.004221
v -0.005002 -0.004434 0.008606
v 0.003994 -0.013377 0.009255
v 0.003994 -0.013377 0.009255
v 0.001868 -0.016411 0.004525
v -0.007152 -0.006730 0.004221
v 0.001505 -0.017071 0.000257
v -0.007376 -0.007182 -0.001582
v -0.007152 -0.006730 0.004221
v -0.007152 -0.006730 0.004221
v 0.001868 -0.016411 0.004525
v 0.001505 -0.017071 0.000257
v -0.001284 -0.000670 0.011613
v 0.007863 -0.009222 0.012842
v 0.003994 -0.013377 0.009255
v 0.003994 -0.013377 0.009255
v -0.005002 -0.004434 0.008606
v -0.001284 -0.000670 0.011613
v 0.015803 0.000177 0.008218
v 0.006615 0.006995 0.008121
v 0.007901 0.008312 0.001539
v 0.007901 0.008312 0.001539
v 0.017011 0.001550 0.001484
v 0.015803 0.000177 0.008218
v 0.003650 0.003290 -0.009238
v 0.012864 -0.004379 -0.009573
v 0.016243 0.000236 -0.004757
v 0.016243 0.000236 -0.004757
v 0.007083 0.007070 -0.004700
v 0.003650 0.003290 -0.009238
v 0.003650 0.003290 -0.009238
v -0.001213 -0.001475 -0.010717
v 0.008778 -0.009671 -0.010941
v 0.008778 -0.009671 -0.010941
v 0.012864 -0.004379 -0.009573
v 0.003650 0.003290 -0.009238
v 0.017011 0.001550 0.001484
v 0.007901 0.008312 0.001539
v 0.007083 0.007070 -0.004700
v 0.007083 0.007070 -0.004700
v 0.016243 0.000236 -0.004757
v 0.017011 0.001550 0.001484
v 0.032629 -0.089380 0.060200
v 0.031736 -0.092840 0.056816
v 0.022319 -0.102011 0.069685
v 0.022319 -0.102011 0.069685
v 0.022589 -0.099196 0.072671
v 0.032629 -0.089380 0.060200
v 0.032629 -0.089380 0.060200
v 0.040939 -0.080803 0.050913
v 0.035049 -0.089332 0.051920
v 0.035049 -0.089332 0.051920
v 0.031736 -0.092840 0.056816
v 0.032629 -0.089380 0.060200
v 0.035049 -0.089332 0.051920
v 0.034493 -0.086802 0.040991
v 0.027133 -0.094554 0.053785
v 0.027133 -0.094554 0.053785
v 0.031736 -0.092840 0.056816
v 0.035049 -0.089332 0.051920
v 0.056908 -0.041081 0.019756
v 0.065524 -0.048552 0.021929
v 0.051154 -0.046460 0.025360
v 0.056273 -0.063497 0.035323
v 0.044727 -0.054697 0.032497
v 0.062112 -0.054477 0.027703
v 0.051154 -0.046460 0.025360
v 0.062112 -0.054477 0.027703
v 0.044727 -0.054697 0.032497
v 0.062112 -0.054477 0.027703
v 0.051154 -0.046460 0.025360
v 0.064112 -0.051289 0.024506
v 0.008391 -0.093964 0.079486
v 0.007167 -0.093548 0.078013
v 0.009175 -0.094985 0.076946
v 0.009175 -0.094985 0.076946
v 0.009729 -0.095128 0.078515
v 0.008391 -0.093964 0.079486
v 0.006993 -0.100084 0.082825
v 0.005186 -0.098697 0.082867
v 0.006602 -0.097977 0.083141
v 0.006602 -0.097977 0.083141
v 0.008129 -0.099305 0.082695
v 0.006993 -0.100084 0.082825
v 0.006778 -0.094133 0.081171
v 0.005120 -0.093734 0.080139
v 0.007167 -0.093548 0.078013
v 0.007167 -0.093548 0.078013
v 0.008391 -0.093964 0.079486
v 0.006778 -0.094133 0.081171
v 0.004382 -0.096023 0.082037
v 0.005120 -0.093734 0.080139
v 0.006778 -0.094133 0.081171
v 0.006778 -0.094133 0.081171
v 0.006219 -0.095898 0.082717
v 0.004382 -0.096023 0.082037
v 0.005186 -0.098697 0.082867
v 0.004382 -0.096023 0.082037
v 0.006219 -0.095898 0.082717
v 0.006219 -0.095898 0.082717
v 0.006602 -0.097977 0.083141
v 0.005186 -0.098697 0.082867
v 0.010461 -0.096675 0.077433
v 0.010566 -0.096905 0.078890
v 0.009729 -0.095128 0.078515
v 0.009729 -0.095128 0.078515
v 0.009175 -0.094985 0.076946
v 0.010461 -0.096675 0.077433
v 0.008129 -0.099305 0.082695
v 0.008755 -0.100767 0.082726
v 0.006993 -0.100084 0.082825
v 0.011937 -0.099670 0.080959
v 0.011459 -0.100457 0.081157
v 0.009698 -0.097821 0.079005
v 0.009698 -0.097821 0.079005
v 0.010566 -0.096905 0.078890
v 0.011937 -0.099670 0.080959
v 0.008755 -0.100767 0.082726
v 0.008129 -0.099305 0.082695
v 0.011737 -0.100335 0.081896
v 0.011737 -0.100335 0.081896
v 0.011351 -0.101111 0.082095
v 0.008755 -0.100767 0.082726
v 0.009698 -0.097821 0.079005
v 0.008845 -0.096242 0.078564
v 0.009729 -0.095128 0.078515
v 0.007780 -0.095504 0.079176
v 0.008391 -0.093964 0.079486
v 0.009729 -0.095128 0.078515
v 0.009729 -0.095128 0.078515
v 0.008845 -0.096242 0.078564
v 0.007780 -0.095504 0.079176
v 0.006791 -0.095762 0.080233
v 0.006778 -0.094133 0.081171
v 0.008391 -0.093964 0.079486
v 0.008391 -0.093964 0.079486
v 0.007780 -0.095504 0.079176
v 0.006791 -0.095762 0.080233
v 0.006219 -0.095898 0.082717
v 0.006778 -0.094133 0.081171
v 0.006791 -0.095762 0.080233
v 0.006791 -0.095762 0.080233
v 0.006417 -0.096739 0.081316
v 0.006219 -0.095898 0.082717
v 0.006219 -0.095898 0.082717
v 0.006777 -0.098154 0.081779
v 0.006602 -0.097977 0.083141
v 0.008129 -0.099305 0.082695
v 0.006602 -0.097977 0.083141
v 0.006777 -0.098154 0.081779
v 0.006777 -0.098154 0.081779
v 0.008261 -0.099279 0.081457
v 0.008129 -0.099305 0.082695
v 0.008261 -0.099279 0.081457
v 0.011649 -0.100233 0.081111
v 0.011737 -0.100335 0.081896
v 0.011737 -0.100335 0.081896
v 0.008129 -0.099305 0.082695
v 0.008261 -0.099279 0.081457
v 0.010461 -0.096675 0.077433
v 0.011464 -0.097958 0.078320
v 0.010566 -0.096905 0.078890
v 0.011464 -0.097958 0.078320
v 0.012210 -0.099833 0.080132
v 0.011937 -0.099670 0.080959
v 0.011937 -0.099670 0.080959
v 0.010566 -0.096905 0.078890
v 0.011464 -0.097958 0.078320
v 0.006417 -0.096739 0.081316
v 0.006777 -0.098154 0.081779
v 0.006219 -0.095898 0.082717
v 0.010566 -0.096905 0.078890
v 0.009698 -0.097821 0.079005
v 0.009729 -0.095128 0.078515
v 0.007780 -0.095504 0.079176
v 0.008845 -0.096242 0.078564
v 0.009175 -0.094985 0.076946
v 0.009175 -0.094985 0.076946
v 0.007167 -0.093548 0.078013
v 0.007780 -0.095504 0.079176
v 0.011464 -0.097958 0.078320
v 0.009698 -0.097821 0.079005
v 0.011459 -0.100457 0.081157
v 0.006993 -0.100084 0.082825
v 0.008261 -0.099279 0.081457
v 0.006777 -0.098154 0.081779
v 0.006777 -0.098154 0.081779
v 0.005186 -0.098697 0.082867
v 0.006993 -0.100084 0.082825
v 0.006791 -0.095762 0.080233
v 0.007780 -0.095504 0.079176
v 0.007167 -0.093548 0.078013
v 0.007167 -0.093548 0.078013
v 0.005120 -0.093734 0.080139
v 0.006791 -0.095762 0.080233
v 0.004382 -0.096023 0.082037
v 0.006417 -0.096739 0.081316
v 0.006791 -0.095762 0.080233
v 0.006791 -0.095762 0.080233
v 0.005120 -0.093734 0.080139
v 0.004382 -0.096023 0.082037
v 0.005186 -0.098697 0.082867
v 0.006777 -0.098154 0.081779
v 0.006417 -0.096739 0.081316
v 0.006417 -0.096739 0.081316
v 0.004382 -0.096023 0.082037
v 0.005186 -0.098697 0.082867
v 0.008845 -0.096242 0.078564
v 0.009698 -0.097821 0.079005
v 0.010461 -0.096675 0.077433
v 0.010461 -0.096675 0.077433
v 0.009175 -0.094985 0.076946
v 0.008845 -0.096242 0.078564
v 0.008755 -0.100767 0.082726
v 0.008261 -0.099279 0.081457
v 0.006993 -0.100084 0.082825
v 0.011464 -0.097958 0.078320
v 0.010461 -0.096675 0.077433
v 0.009698 -0.097821 0.079005
v 0.008755 -0.100767 0.082726
v 0.011649 -0.100233 0.081111
v 0.008261 -0.099279 0.081457
v 0.011459 -0.100457 0.081157
v 0.012210 -0.099833 0.080132
v 0.011464 -0.097958 0.078320
v 0.008755 -0.100767 0.082726
v 0.011351 -0.101111 0.082095
v 0.011649 -0.100233 0.081111
v 0.014535 -0.098557 0.080197
v 0.012588 -0.097566 0.080514
v 0.012698 -0.100222 0.081802
v 0.015560 -0.100304 0.081076
v 0.014535 -0.098557 0.080197
v 0.012698 -0.100222 0.081802
v 0.015062 -0.101784 0.082637
v 0.015560 -0.100304 0.081076
v 0.012698 -0.100222 0.081802
v 0.013332 -0.102130 0.083966
v 0.015062 -0.101784 0.082637
v 0.012698 -0.100222 0.081802
v 0.011385 -0.101139 0.084283
v 0.013332 -0.102130 0.083966
v 0.012698 -0.100222 0.081802
v 0.010360 -0.099392 0.083404
v 0.011385 -0.101139 0.084283
v 0.012698 -0.100222 0.081802
v 0.010858 -0.097912 0.081843
v 0.010360 -0.099392 0.083404
v 0.012698 -0.100222 0.081802
v 0.012588 -0.097566 0.080514
v 0.010858 -0.097912 0.081843
v 0.012698 -0.100222 0.081802
v 0.014535 -0.098557 0.080197
v 0.014536 -0.098251 0.081682
v 0.013206 -0.097575 0.081899
v 0.013206 -0.097575 0.081899
v 0.012588 -0.097566 0.080514
v 0.014535 -0.098557 0.080197
v 0.015560 -0.100304 0.081076
v 0.015236 -0.099445 0.082283
v 0.014536 -0.098251 0.081682
v 0.014536 -0.098251 0.081682
v 0.014535 -0.098557 0.080197
v 0.015560 -0.100304 0.081076
v 0.015062 -0.101784 0.082637
v 0.014896 -0.100455 0.083349
v 0.015236 -0.099445 0.082283
v 0.015236 -0.099445 0.082283
v 0.015560 -0.100304 0.081076
v 0.015062 -0.101784 0.082637
v 0.013332 -0.102130 0.083966
v 0.013715 -0.100692 0.084256
v 0.014896 -0.100455 0.083349
v 0.014896 -0.100455 0.083349
v 0.015062 -0.101784 0.082637
v 0.013332 -0.102130 0.083966
v 0.011385 -0.101139 0.084283
v 0.012384 -0.100015 0.084473
v 0.013715 -0.100692 0.084256
v 0.013715 -0.100692 0.084256
v 0.013332 -0.102130 0.083966
v 0.011385 -0.101139 0.084283
v 0.010360 -0.099392 0.083404
v 0.011684 -0.098822 0.083873
v 0.012384 -0.100015 0.084473
v 0.012384 -0.100015 0.084473
v 0.011385 -0.101139 0.084283
v 0.010360 -0.099392 0.083404
v 0.010858 -0.097912 0.081843
v 0.012025 -0.097811 0.082806
v 0.011684 -0.098822 0.083873
v 0.011684 -0.098822 0.083873
v 0.010360 -0.099392 0.083404
v 0.010858 -0.097912 0.081843
v 0.012588 -0.097566 0.080514
v 0.013206 -0.097575 0.081899
v 0.012025 -0.097811 0.082806
v 0.012025 -0.097811 0.082806
v 0.010858 -0.097912 0.081843
v 0.012588 -0.097566 0.080514
v 0.014536 -0.098251 0.081682
v 0.013852 -0.098573 0.083733
v 0.013206 -0.097575 0.081899
v 0.015236 -0.099445 0.082283
v 0.013852 -0.098573 0.083733
v 0.014536 -0.098251 0.081682
v 0.014896 -0.100455 0.083349
v 0.013852 -0.098573 0.083733
v 0.015236 -0.099445 0.082283
v 0.013715 -0.100692 0.084256
v 0.013852 -0.098573 0.083733
v 0.014896 -0.100455 0.083349
v 0.012384 -0.100015 0.084473
v 0.013852 -0.098573 0.083733
v 0.013715 -0.100692 0.084256
v 0.011684 -0.098822 0.083873
v 0.013852 -0.098573 0.083733
v 0.012384 -0.100015 0.084473
v 0.012025 -0.097811 0.082806
v 0.013852 -0.098573 0.083733
v 0.011684 -0.098822 0.083873
v 0.013206 -0.097575 0.081899
v 0.013852 -0.098573 0.083733
v 0.012025 -0.097811 0.082806
v 0.012460 -0.100423 0.081164
v 0.011902 -0.105236 0.084833
v 0.009176 -0.102902 0.086463
v 0.012460 -0.100423 0.081164
v 0.009176 -0.102902 0.086463
v 0.007053 -0.100770 0.083917
v 0.011902 -0.105236 0.084833
v 0.011520 -0.105782 0.084194
v 0.007829 -0.104805 0.084315
v 0.007829 -0.104805 0.084315
v 0.009176 -0.102902 0.086463
v 0.011902 -0.105236 0.084833
v 0.007053 -0.100770 0.083917
v 0.006671 -0.101316 0.083277
v 0.011813 -0.101327 0.080186
v 0.011813 -0.101327 0.080186
v 0.012460 -0.100423 0.081164
v 0.007053 -0.100770 0.083917
v 0.007053 -0.100770 0.083917
v 0.009176 -0.102902 0.086463
v 0.007829 -0.104805 0.084315
v 0.007829 -0.104805 0.084315
v 0.006671 -0.101316 0.083277
v 0.007053 -0.100770 0.083917
v 0.011520 -0.105782 0.084194
v 0.011813 -0.101327 0.080186
v 0.007829 -0.104805 0.084315
v 0.007829 -0.104805 0.084315
v 0.011813 -0.101327 0.080186
v 0.006671 -0.101316 0.083277
v 0.011813 -0.101327 0.080186
v 0.011520 -0.105782 0.084194
v 0.011902 -0.105236 0.084833
v 0.011902 -0.105236 0.084833
v 0.012460 -0.100423 0.081164
v 0.011813 -0.101327 0.080186
v 0.007380 -0.102536 0.085548
v 0.005263 -0.101781 0.085371
v 0.008086 -0.101676 0.084220
v 0.005516 -0.102644 0.086299
v 0.005263 -0.101781 0.085371
v 0.007380 -0.102536 0.085548
v 0.009686 -0.106484 0.087087
v 0.009828 -0.104790 0.086010
v 0.010732 -0.106817 0.086405
v 0.009828 -0.104790 0.086010
v 0.010830 -0.104296 0.084681
v 0.010732 -0.106817 0.086405
v 0.007380 -0.102536 0.085548
v 0.008086 -0.101676 0.084220
v 0.009586 -0.102786 0.084675
v 0.009586 -0.102786 0.084675
v 0.007766 -0.104267 0.087270
v 0.007380 -0.102536 0.085548
v 0.009586 -0.102786 0.084675
v 0.010830 -0.104296 0.084681
v 0.009828 -0.104790 0.086010
v 0.009828 -0.104790 0.086010
v 0.007766 -0.104267 0.087270
v 0.009586 -0.102786 0.084675
v 0.005155 -0.101936 0.085190
v 0.006816 -0.103343 0.084603
v 0.007681 -0.102307 0.083510
v 0.005155 -0.101936 0.085190
v 0.005212 -0.103079 0.085789
v 0.006816 -0.103343 0.084603
v 0.009263 -0.105597 0.085066
v 0.009382 -0.106919 0.086578
v 0.010623 -0.106972 0.086223
v 0.010426 -0.104926 0.083971
v 0.009263 -0.105597 0.085066
v 0.010623 -0.106972 0.086223
v 0.006816 -0.103343 0.084603
v 0.006930 -0.105462 0.085870
v 0.008926 -0.103816 0.083516
v 0.008926 -0.103816 0.083516
v 0.007681 -0.102307 0.083510
v 0.006816 -0.103343 0.084603
v 0.009263 -0.105597 0.085066
v 0.010426 -0.104926 0.083971
v 0.008926 -0.103816 0.083516
v 0.008926 -0.103816 0.083516
v 0.006930 -0.105462 0.085870
v 0.009263 -0.105597 0.085066
v 0.005263 -0.101781 0.085371
v 0.005155 -0.101936 0.085190
v 0.007681 -0.102307 0.083510
v 0.007681 -0.102307 0.083510
v 0.008086 -0.101676 0.084220
v 0.005263 -0.101781 0.085371
v 0.005516 -0.102644 0.086299
v 0.005212 -0.103079 0.085789
v 0.005155 -0.101936 0.085190
v 0.005155 -0.101936 0.085190
v 0.005263 -0.101781 0.085371
v 0.005516 -0.102644 0.086299
v 0.010830 -0.104296 0.084681
v 0.010426 -0.104926 0.083971
v 0.010623 -0.106972 0.086223
v 0.010623 -0.106972 0.086223
v 0.010732 -0.106817 0.086405
v 0.010830 -0.104296 0.084681
v 0.010732 -0.106817 0.086405
v 0.010623 -0.106972 0.086223
v 0.009382 -0.106919 0.086578
v 0.009382 -0.106919 0.086578
v 0.009686 -0.106484 0.087087
v 0.010732 -0.106817 0.086405
v 0.009686 -0.106484 0.087087
v 0.009382 -0.106919 0.086578
v 0.009263 -0.105597 0.085066
v 0.009263 -0.105597 0.085066
v 0.009828 -0.104790 0.086010
v 0.009686 -0.106484 0.087087
v 0.007380 -0.102536 0.085548
v 0.006816 -0.103343 0.084603
v 0.005212 -0.103079 0.085789
v 0.005212 -0.103079 0.085789
v 0.005516 -0.102644 0.086299
v 0.007380 -0.102536 0.085548
v 0.007766 -0.104267 0.087270
v 0.006930 -0.105462 0.085870
v 0.006816 -0.103343 0.084603
v 0.006816 -0.103343 0.084603
v 0.007380 -0.102536 0.085548
v 0.007766 -0.104267 0.087270
v 0.009828 -0.104790 0.086010
v 0.009263 -0.105597 0.085066
v 0.006930 -0.105462 0.085870
v 0.006930 -0.105462 0.085870
v 0.007766 -0.104267 0.087270
v 0.009828 -0.104790 0.086010
v -0.003779 -0.113163 0.097289
v -0.001756 -0.112829 0.095927
v -0.003863 -0.110314 0.095892
v -0.007273 -0.117609 0.101826
v -0.003458 -0.120257 0.103095
v 0.000839 -0.114645 0.096781
v 0.000839 -0.114645 0.096781
v -0.001756 -0.112829 0.095927
v -0.007273 -0.117609 0.101826
v -0.003458 -0.120257 0.103095
v -0.001140 -0.120301 0.104854
v 0.002403 -0.114698 0.097953
v 0.002403 -0.114698 0.097953
v 0.000839 -0.114645 0.096781
v -0.003458 -0.120257 0.103095
v -0.001679 -0.117714 0.106073
v 0.002020 -0.112957 0.098757
v 0.002403 -0.114698 0.097953
v 0.002403 -0.114698 0.097953
v -0.001140 -0.120301 0.104854
v -0.001679 -0.117714 0.106073
v -0.004758 -0.114013 0.106038
v -0.000086 -0.110442 0.098722
v 0.002020 -0.112957 0.098757
v 0.002020 -0.112957 0.098757
v -0.001679 -0.117714 0.106073
v -0.004758 -0.114013 0.106038
v -0.002077 -0.110730 0.100138
v -0.006251 -0.112976 0.105542
v -0.008573 -0.111365 0.104770
v -0.008573 -0.111365 0.104770
v -0.002682 -0.108627 0.097868
v -0.002077 -0.110730 0.100138
v -0.008573 -0.111365 0.104770
v -0.010891 -0.111321 0.103011
v -0.004246 -0.108574 0.096696
v -0.004246 -0.108574 0.096696
v -0.002682 -0.108627 0.097868
v -0.008573 -0.111365 0.104770
v -0.010352 -0.113908 0.101792
v -0.003863 -0.110314 0.095892
v -0.004246 -0.108574 0.096696
v -0.004246 -0.108574 0.096696
v -0.010891 -0.111321 0.103011
v -0.010352 -0.113908 0.101792
v -0.001756 -0.112829 0.095927
v 0.004553 -0.107561 0.088221
v 0.003154 -0.105808 0.088250
v 0.003154 -0.105808 0.088250
v -0.003863 -0.110314 0.095892
v -0.001756 -0.112829 0.095927
v -0.001756 -0.112829 0.095927
v 0.000839 -0.114645 0.096781
v 0.006347 -0.108749 0.088853
v 0.006347 -0.108749 0.088853
v 0.004553 -0.107561 0.088221
v -0.001756 -0.112829 0.095927
v 0.000839 -0.114645 0.096781
v 0.002403 -0.114698 0.097953
v 0.007720 -0.108893 0.089821
v 0.007720 -0.108893 0.089821
v 0.006347 -0.108749 0.088853
v 0.000839 -0.114645 0.096781
v 0.002020 -0.112957 0.098757
v 0.007300 -0.107386 0.090450
v 0.007720 -0.108893 0.089821
v 0.007720 -0.108893 0.089821
v 0.002403 -0.114698 0.097953
v 0.002020 -0.112957 0.098757
v -0.000086 -0.110442 0.098722
v 0.005901 -0.105633 0.090478
v 0.007300 -0.107386 0.090450
v 0.007300 -0.107386 0.090450
v 0.002020 -0.112957 0.098757
v -0.000086 -0.110442 0.098722
v -0.000086 -0.110442 0.098722
v -0.002682 -0.108627 0.097868
v 0.004107 -0.104445 0.089846
v 0.004107 -0.104445 0.089846
v 0.005901 -0.105633 0.090478
v -0.000086 -0.110442 0.098722
v -0.002682 -0.108627 0.097868
v -0.004246 -0.108574 0.096696
v 0.002734 -0.104301 0.088878
v 0.002734 -0.104301 0.088878
v 0.004107 -0.104445 0.089846
v -0.002682 -0.108627 0.097868
v -0.003863 -0.110314 0.095892
v 0.003154 -0.105808 0.088250
v 0.002734 -0.104301 0.088878
v 0.002734 -0.104301 0.088878
v -0.004246 -0.108574 0.096696
v -0.003863 -0.110314 0.095892
v 0.004553 -0.107561 0.088221
v 0.007102 -0.105260 0.085947
v 0.005884 -0.103913 0.085859
v 0.005884 -0.103913 0.085859
v 0.003154 -0.105808 0.088250
v 0.004553 -0.107561 0.088221
v 0.004553 -0.107561 0.088221
v 0.006347 -0.108749 0.088853
v 0.008511 -0.106333 0.086356
v 0.008511 -0.106333 0.086356
v 0.007102 -0.105260 0.085947
v 0.004553 -0.107561 0.088221
v 0.006347 -0.108749 0.088853
v 0.007720 -0.108893 0.089821
v 0.009286 -0.106503 0.086845
v 0.009286 -0.106503 0.086845
v 0.008511 -0.106333 0.086356
v 0.006347 -0.108749 0.088853
v 0.007300 -0.107386 0.090450
v 0.008973 -0.105672 0.087129
v 0.009286 -0.106503 0.086845
v 0.009286 -0.106503 0.086845
v 0.007720 -0.108893 0.089821
v 0.007300 -0.107386 0.090450
v 0.005901 -0.105633 0.090478
v 0.007755 -0.104326 0.087041
v 0.008973 -0.105672 0.087129
v 0.008973 -0.105672 0.087129
v 0.007300 -0.107386 0.090450
v 0.005901 -0.105633 0.090478
v 0.005901 -0.105633 0.090478
v 0.004107 -0.104445 0.089846
v 0.006346 -0.103253 0.086633
v 0.006346 -0.103253 0.086633
v 0.007755 -0.104326 0.087041
v 0.005901 -0.105633 0.090478
v 0.004107 -0.104445 0.089846
v 0.002734 -0.104301 0.088878
v 0.005571 -0.103082 0.086143
v 0.005571 -0.103082 0.086143
v 0.006346 -0.103253 0.086633
v 0.004107 -0.104445 0.089846
v 0.003154 -0.105808 0.088250
v 0.005884 -0.103913 0.085859
v 0.005571 -0.103082 0.086143
v 0.005571 -0.103082 0.086143
v 0.002734 -0.104301 0.088878
v 0.003154 -0.105808 0.088250
v 0.007102 -0.105260 0.085947
v 0.009771 -0.102872 0.083455
v 0.005884 -0.103913 0.085859
v 0.008511 -0.106333 0.086356
v 0.009771 -0.102872 0.083455
v 0.007102 -0.105260 0.085947
v 0.009286 -0.106503 0.086845
v 0.009771 -0.102872 0.083455
v 0.008511 -0.106333 0.086356
v 0.008973 -0.105672 0.087129
v 0.009771 -0.102872 0.083455
v 0.009286 -0.106503 0.086845
v 0.007755 -0.104326 0.087041
v 0.009771 -0.102872 0.083455
v 0.008973 -0.105672 0.087129
v 0.006346 -0.103253 0.086633
v 0.009771 -0.102872 0.083455
v 0.007755 -0.104326 0.087041
v 0.005571 -0.103082 0.086143
v 0.009771 -0.102872 0.083455
v 0.006346 -0.103253 0.086633
v 0.005884 -0.103913 0.085859
v 0.009771 -0.102872 0.083455
v 0.005571 -0.103082 0.086143
v -0.004758 -0.114013 0.106038
v -0.005707 -0.113364 0.105716
v -0.002077 -0.110730 0.100138
v -0.002077 -0.110730 0.100138
v -0.000086 -0.110442 0.098722
v -0.004758 -0.114013 0.106038
v -0.002077 -0.110730 0.100138
v -0.002682 -0.108627 0.097868
v -0.000086 -0.110442 0.098722
v -0.003779 -0.113163 0.097289
v -0.007671 -0.117131 0.101822
v -0.007273 -0.117609 0.101826
v -0.007273 -0.117609 0.101826
v -0.001756 -0.112829 0.095927
v -0.003779 -0.113163 0.097289
v -0.010352 -0.113908 0.101792
v -0.008178 -0.116587 0.101775
v -0.003779 -0.113163 0.097289
v -0.003779 -0.113163 0.097289
v -0.003863 -0.110314 0.095892
v -0.010352 -0.113908 0.101792
v -0.008178 -0.116587 0.101775
v -0.010352 -0.113908 0.101792
v -0.006624 -0.114119 0.102822
v -0.007273 -0.117609 0.101826
v -0.006236 -0.114485 0.102890
v -0.003458 -0.120257 0.103095
v -0.003458 -0.120257 0.103095
v -0.006236 -0.114485 0.102890
v -0.001140 -0.120301 0.104854
v -0.001140 -0.120301 0.104854
v -0.006236 -0.114485 0.102890
v -0.001679 -0.117714 0.106073
v -0.001679 -0.117714 0.106073
v -0.006236 -0.114485 0.102890
v -0.004758 -0.114013 0.106038
v -0.006251 -0.112976 0.105542
v -0.006624 -0.114119 0.102822
v -0.008573 -0.111365 0.104770
v -0.008573 -0.111365 0.104770
v -0.006624 -0.114119 0.102822
v -0.010891 -0.111321 0.103011
v -0.010891 -0.111321 0.103011
v -0.006624 -0.114119 0.102822
v -0.010352 -0.113908 0.101792
v -0.005707 -0.113364 0.105716
v -0.004758 -0.114013 0.106038
v -0.006236 -0.114485 0.102890
v -0.007671 -0.117131 0.101822
v -0.006236 -0.114485 0.102890
v -0.007273 -0.117609 0.101826
v -0.002077 -0.110730 0.100138
v -0.002928 -0.111947 0.098713
v -0.006624 -0.114119 0.102822
v -0.006624 -0.114119 0.102822
v -0.006251 -0.112976 0.105542
v -0.002077 -0.110730 0.100138
v -0.002077 -0.110730 0.100138
v -0.005707 -0.113364 0.105716
v -0.006236 -0.114485 0.102890
v -0.006236 -0.114485 0.102890
v -0.002928 -0.111947 0.098713
v -0.002077 -0.110730 0.100138
v -0.006236 -0.114485 0.102890
v -0.007671 -0.117131 0.101822
v -0.003779 -0.113163 0.097289
v -0.003779 -0.113163 0.097289
v -0.002928 -0.111947 0.098713
v -0.006236 -0.114485 0.102890
v -0.006624 -0.114119 0.102822
v -0.002928 -0.111947 0.098713
v -0.003779 -0.113163 0.097289
v -0.003779 -0.113163 0.097289
v -0.008178 -0.116587 0.101775
v -0.006624 -0.114119 0.102822
v 0.013683 -0.093714 0.076791
v 0.016268 -0.092166 0.074578
v 0.016246 -0.093252 0.076089
v 0.020003 -0.102039 0.077727
v 0.018302 -0.101087 0.079215
v 0.020291 -0.099217 0.077519
v 0.020291 -0.099217 0.077519
v 0.021579 -0.099622 0.076294
v 0.020003 -0.102039 0.077727
v 0.018778 -0.094425 0.076014
v 0.016246 -0.093252 0.076089
v 0.016268 -0.092166 0.074578
v 0.016268 -0.092166 0.074578
v 0.019616 -0.093622 0.074560
v 0.018778 -0.094425 0.076014
v 0.020378 -0.096648 0.076601
v 0.019616 -0.093622 0.074560
v 0.021649 -0.096587 0.075248
v 0.020291 -0.099217 0.077519
v 0.021649 -0.096587 0.075248
v 0.021579 -0.099622 0.076294
v 0.013683 -0.093714 0.076791
v 0.012080 -0.095316 0.078425
v 0.011152 -0.094084 0.076680
v 0.011152 -0.094084 0.076680
v 0.013216 -0.092726 0.075358
v 0.013683 -0.093714 0.076791
v 0.017543 -0.102788 0.079482
v 0.018302 -0.101087 0.079215
v 0.020003 -0.102039 0.077727
v 0.012714 -0.096581 0.077426
v 0.012256 -0.098655 0.079114
v 0.011996 -0.097780 0.080386
v 0.011996 -0.097780 0.080386
v 0.012080 -0.095316 0.078425
v 0.012714 -0.096581 0.077426
v 0.017543 -0.102788 0.079482
v 0.014985 -0.102189 0.080766
v 0.015303 -0.100962 0.080929
v 0.015303 -0.100962 0.080929
v 0.018302 -0.101087 0.079215
v 0.017543 -0.102788 0.079482
v 0.015303 -0.100962 0.080929
v 0.014985 -0.102189 0.080766
v 0.009775 -0.100769 0.083016
v 0.009775 -0.100769 0.083016
v 0.010209 -0.099433 0.083250
v 0.015303 -0.100962 0.080929
v 0.012015 -0.104428 0.085882
v 0.013275 -0.103690 0.085920
v 0.013387 -0.104921 0.089233
v 0.013387 -0.104921 0.089233
v 0.012154 -0.105643 0.089266
v 0.012015 -0.104428 0.085882
v 0.008124 -0.098893 0.084764
v 0.007572 -0.100173 0.084624
v 0.005554 -0.099360 0.087237
v 0.005554 -0.099360 0.087237
v 0.006078 -0.098048 0.087447
v 0.008124 -0.098893 0.084764
v 0.011996 -0.097780 0.080386
v 0.013255 -0.102316 0.083808
v 0.011993 -0.102934 0.083432
v 0.011993 -0.102934 0.083432
v 0.010829 -0.098276 0.080070
v 0.011996 -0.097780 0.080386
v 0.009775 -0.100769 0.083016
v 0.007572 -0.100173 0.084624
v 0.008124 -0.098893 0.084764
v 0.008124 -0.098893 0.084764
v 0.010209 -0.099433 0.083250
v 0.009775 -0.100769 0.083016
v 0.011993 -0.102934 0.083432
v 0.013255 -0.102316 0.083808
v 0.013275 -0.103690 0.085920
v 0.013275 -0.103690 0.085920
v 0.012015 -0.104428 0.085882
v 0.011993 -0.102934 0.083432
v 0.013683 -0.093714 0.076791
v 0.013983 -0.095323 0.075949
v 0.012714 -0.096581 0.077426
v 0.012714 -0.096581 0.077426
v 0.012080 -0.095316 0.078425
v 0.013683 -0.093714 0.076791
v 0.013683 -0.093714 0.076791
v 0.016246 -0.093252 0.076089
v 0.013983 -0.095323 0.075949
v 0.016099 -0.094878 0.075355
v 0.016246 -0.093252 0.076089
v 0.018778 -0.094425 0.076014
v 0.018778 -0.094425 0.076014
v 0.017803 -0.095729 0.075273
v 0.016099 -0.094878 0.075355
v 0.017803 -0.095729 0.075273
v 0.018778 -0.094425 0.076014
v 0.018939 -0.097211 0.075710
v 0.018939 -0.097211 0.075710
v 0.020378 -0.096648 0.076601
v 0.018835 -0.099316 0.076533
v 0.018302 -0.101087 0.079215
v 0.017317 -0.100693 0.077971
v 0.018835 -0.099316 0.076533
v 0.018835 -0.099316 0.076533
v 0.020291 -0.099217 0.077519
v 0.018302 -0.101087 0.079215
v 0.015303 -0.100962 0.080929
v 0.010209 -0.099433 0.083250
v 0.009758 -0.099236 0.082008
v 0.009758 -0.099236 0.082008
v 0.014750 -0.100996 0.079500
v 0.015303 -0.100962 0.080929
v 0.010209 -0.099433 0.083250
v 0.008124 -0.098893 0.084764
v 0.007515 -0.098691 0.083558
v 0.007515 -0.098691 0.083558
v 0.009758 -0.099236 0.082008
v 0.010209 -0.099433 0.083250
v 0.008124 -0.098893 0.084764
v 0.006078 -0.098048 0.087447
v 0.005080 -0.097897 0.086436
v 0.005080 -0.097897 0.086436
v 0.007515 -0.098691 0.083558
v 0.008124 -0.098893 0.084764
v 0.013275 -0.103690 0.085920
v 0.013573 -0.104710 0.084928
v 0.013698 -0.106222 0.088730
v 0.013698 -0.106222 0.088730
v 0.013387 -0.104921 0.089233
v 0.013275 -0.103690 0.085920
v 0.013255 -0.102316 0.083808
v 0.013579 -0.103073 0.082661
v 0.013573 -0.104710 0.084928
v 0.013573 -0.104710 0.084928
v 0.013275 -0.103690 0.085920
v 0.013255 -0.102316 0.083808
v 0.011996 -0.097780 0.080386
v 0.012256 -0.098655 0.079114
v 0.013579 -0.103073 0.082661
v 0.013579 -0.103073 0.082661
v 0.013255 -0.102316 0.083808
v 0.011996 -0.097780 0.080386
v 0.018302 -0.101087 0.079215
v 0.015303 -0.100962 0.080929
v 0.014750 -0.100996 0.079500
v 0.014750 -0.100996 0.079500
v 0.017317 -0.100693 0.077971
v 0.018302 -0.101087 0.079215
v 0.010473 -0.096048 0.078583
v 0.011152 -0.094084 0.076680
v 0.012080 -0.095316 0.078425
v 0.010473 -0.096048 0.078583
v 0.012080 -0.095316 0.078425
v 0.011996 -0.097780 0.080386
v 0.011996 -0.097780 0.080386
v 0.010829 -0.098276 0.080070
v 0.010473 -0.096048 0.078583
v 0.013983 -0.095323 0.075949
v 0.016246 -0.093252 0.076089
v 0.016099 -0.094878 0.075355
v 0.013216 -0.092726 0.075358
v 0.016268 -0.092166 0.074578
v 0.013683 -0.093714 0.076791
v 0.020378 -0.096648 0.076601
v 0.021649 -0.096587 0.075248
v 0.020291 -0.099217 0.077519
v 0.018778 -0.094425 0.076014
v 0.019616 -0.093622 0.074560
v 0.020378 -0.096648 0.076601
v 0.018939 -0.097211 0.075710
v 0.018778 -0.094425 0.076014
v 0.020378 -0.096648 0.076601
v 0.018835 -0.099316 0.076533
v 0.020378 -0.096648 0.076601
v 0.020291 -0.099217 0.077519
v 0.016099 -0.094878 0.075355
v 0.016268 -0.092166 0.074578
v 0.013216 -0.092726 0.075358
v 0.013216 -0.092726 0.075358
v 0.013983 -0.095323 0.075949
v 0.016099 -0.094878 0.075355
v 0.012714 -0.096581 0.077426
v 0.010473 -0.096048 0.078583
v 0.012256 -0.098655 0.079114
v 0.020003 -0.102039 0.077727
v 0.021579 -0.099622 0.076294
v 0.018835 -0.099316 0.076533
v 0.018835 -0.099316 0.076533
v 0.017317 -0.100693 0.077971
v 0.020003 -0.102039 0.077727
v 0.019616 -0.093622 0.074560
v 0.016268 -0.092166 0.074578
v 0.016099 -0.094878 0.075355
v 0.016099 -0.094878 0.075355
v 0.017803 -0.095729 0.075273
v 0.019616 -0.093622 0.074560
v 0.019616 -0.093622 0.074560
v 0.017803 -0.095729 0.075273
v 0.018939 -0.097211 0.075710
v 0.018939 -0.097211 0.075710
v 0.021649 -0.096587 0.075248
v 0.019616 -0.093622 0.074560
v 0.021579 -0.099622 0.076294
v 0.021649 -0.096587 0.075248
v 0.018939 -0.097211 0.075710
v 0.018939 -0.097211 0.075710
v 0.018835 -0.099316 0.076533
v 0.021579 -0.099622 0.076294
v 0.011152 -0.094084 0.076680
v 0.012714 -0.096581 0.077426
v 0.013983 -0.095323 0.075949
v 0.013983 -0.095323 0.075949
v 0.013216 -0.092726 0.075358
v 0.011152 -0.094084 0.076680
v 0.017317 -0.100693 0.077971
v 0.017543 -0.102788 0.079482
v 0.020003 -0.102039 0.077727
v 0.010473 -0.096048 0.078583
v 0.010829 -0.098276 0.080070
v 0.012256 -0.098655 0.079114
v 0.014985 -0.102189 0.080766
v 0.017543 -0.102788 0.079482
v 0.014750 -0.100996 0.079500
v 0.011152 -0.094084 0.076680
v 0.010473 -0.096048 0.078583
v 0.012714 -0.096581 0.077426
v 0.014750 -0.100996 0.079500
v 0.017543 -0.102788 0.079482
v 0.017317 -0.100693 0.077971
v 0.006078 -0.098048 0.087447
v 0.005554 -0.099360 0.087237
v 0.005080 -0.097897 0.086436
v 0.005080 -0.097897 0.086436
v 0.005554 -0.099360 0.087237
v 0.007572 -0.100173 0.084624
v 0.007572 -0.100173 0.084624
v 0.007515 -0.098691 0.083558
v 0.005080 -0.097897 0.086436
v 0.007515 -0.098691 0.083558
v 0.007572 -0.100173 0.084624
v 0.009775 -0.100769 0.083016
v 0.009775 -0.100769 0.083016
v 0.009758 -0.099236 0.082008
v 0.007515 -0.098691 0.083558
v 0.014750 -0.100996 0.079500
v 0.009758 -0.099236 0.082008
v 0.009775 -0.100769 0.083016
v 0.009775 -0.100769 0.083016
v 0.014985 -0.102189 0.080766
v 0.014750 -0.100996 0.079500
v 0.012256 -0.098655 0.079114
v 0.010829 -0.098276 0.080070
v 0.011993 -0.102934 0.083432
v 0.011993 -0.102934 0.083432
v 0.013579 -0.103073 0.082661
v 0.012256 -0.098655 0.079114
v 0.013573 -0.104710 0.084928
v 0.013579 -0.103073 0.082661
v 0.011993 -0.102934 0.083432
v 0.011993 -0.102934 0.083432
v 0.012015 -0.104428 0.085882
v 0.013573 -0.104710 0.084928
v 0.013698 -0.106222 0.088730
v 0.013573 -0.104710 0.084928
v 0.012015 -0.104428 0.085882
v 0.012015 -0.104428 0.085882
v 0.012154 -0.105643 0.089266
v 0.013698 -0.106222 0.088730
v 0.013698 -0.106222 0.088730
v 0.012154 -0.105643 0.089266
v 0.013387 -0.104921 0.089233
v 0.019265 -0.104449 0.079205
v 0.020426 -0.106090 0.081280
v 0.019349 -0.104683 0.082016
v 0.019349 -0.104683 0.082016
v 0.018536 -0.103714 0.080354
v 0.019265 -0.104449 0.079205
v 0.012667 -0.105734 0.083733
v 0.013407 -0.104536 0.083506
v 0.014572 -0.105711 0.084657
v 0.014572 -0.105711 0.084657
v 0.014087 -0.107227 0.084708
v 0.012667 -0.105734 0.083733
v 0.019349 -0.104683 0.082016
v 0.019552 -0.107565 0.083853
v 0.018696 -0.105744 0.083995
v 0.016821 -0.107867 0.085012
v 0.016607 -0.105926 0.085015
v 0.018696 -0.105744 0.083995
v 0.018696 -0.105744 0.083995
v 0.019552 -0.107565 0.083853
v 0.016821 -0.107867 0.085012
v 0.014087 -0.107227 0.084708
v 0.014572 -0.105711 0.084657
v 0.016607 -0.105926 0.085015
v 0.016607 -0.105926 0.085015
v 0.016821 -0.107867 0.085012
v 0.014087 -0.107227 0.084708
v 0.018536 -0.103714 0.080354
v 0.016581 -0.102876 0.079865
v 0.019265 -0.104449 0.079205
v 0.012017 -0.104068 0.083210
v 0.013407 -0.104536 0.083506
v 0.012667 -0.105734 0.083733
v 0.015782 -0.103744 0.080080
v 0.012620 -0.101274 0.081338
v 0.013316 -0.100822 0.081108
v 0.013316 -0.100822 0.081108
v 0.016581 -0.102876 0.079865
v 0.015782 -0.103744 0.080080
v 0.012017 -0.104068 0.083210
v 0.011810 -0.101778 0.082374
v 0.012588 -0.101342 0.082275
v 0.012588 -0.101342 0.082275
v 0.013407 -0.104536 0.083506
v 0.012017 -0.104068 0.083210
v 0.017595 -0.104759 0.080510
v 0.015782 -0.103744 0.080080
v 0.016581 -0.102876 0.079865
v 0.016581 -0.102876 0.079865
v 0.018536 -0.103714 0.080354
v 0.017595 -0.104759 0.080510
v 0.017595 -0.104759 0.080510
v 0.018536 -0.103714 0.080354
v 0.019349 -0.104683 0.082016
v 0.018079 -0.105628 0.081566
v 0.019349 -0.104683 0.082016
v 0.018696 -0.105744 0.083995
v 0.018696 -0.105744 0.083995
v 0.017534 -0.106330 0.082683
v 0.018079 -0.105628 0.081566
v 0.016313 -0.106374 0.083513
v 0.017534 -0.106330 0.082683
v 0.018696 -0.105744 0.083995
v 0.018696 -0.105744 0.083995
v 0.016607 -0.105926 0.085015
v 0.016313 -0.106374 0.083513
v 0.014572 -0.105711 0.084657
v 0.014836 -0.106049 0.083336
v 0.016313 -0.106374 0.083513
v 0.016313 -0.106374 0.083513
v 0.016607 -0.105926 0.085015
v 0.014572 -0.105711 0.084657
v 0.014836 -0.106049 0.083336
v 0.014572 -0.105711 0.084657
v 0.013737 -0.104806 0.082288
v 0.012588 -0.101342 0.082275
v 0.012739 -0.101230 0.081296
v 0.013737 -0.104806 0.082288
v 0.013737 -0.104806 0.082288
v 0.013407 -0.104536 0.083506
v 0.012588 -0.101342 0.082275
v 0.015533 -0.102146 0.078997
v 0.017257 -0.103258 0.078713
v 0.016581 -0.102876 0.079865
v 0.015533 -0.102146 0.078997
v 0.016581 -0.102876 0.079865
v 0.013316 -0.100822 0.081108
v 0.013316 -0.100822 0.081108
v 0.013401 -0.100644 0.080332
v 0.015533 -0.102146 0.078997
v 0.016581 -0.102876 0.079865
v 0.017257 -0.103258 0.078713
v 0.019265 -0.104449 0.079205
v 0.020426 -0.106090 0.081280
v 0.019552 -0.107565 0.083853
v 0.019349 -0.104683 0.082016
v 0.013737 -0.104806 0.082288
v 0.014572 -0.105711 0.084657
v 0.013407 -0.104536 0.083506
v 0.018079 -0.105628 0.081566
v 0.017595 -0.104759 0.080510
v 0.019349 -0.104683 0.082016
v 0.018079 -0.105628 0.081566
v 0.020426 -0.106090 0.081280
v 0.019265 -0.104449 0.079205
v 0.019265 -0.104449 0.079205
v 0.017595 -0.104759 0.080510
v 0.018079 -0.105628 0.081566
v 0.015782 -0.103744 0.080080
v 0.015533 -0.102146 0.078997
v 0.012620 -0.101274 0.081338
v 0.012667 -0.105734 0.083733
v 0.014087 -0.107227 0.084708
v 0.014836 -0.106049 0.083336
v 0.014836 -0.106049 0.083336
v 0.013737 -0.104806 0.082288
v 0.012667 -0.105734 0.083733
v 0.017534 -0.106330 0.082683
v 0.019552 -0.107565 0.083853
v 0.020426 -0.106090 0.081280
v 0.020426 -0.106090 0.081280
v 0.018079 -0.105628 0.081566
v 0.017534 -0.106330 0.082683
v 0.016821 -0.107867 0.085012
v 0.019552 -0.107565 0.083853
v 0.017534 -0.106330 0.082683
v 0.017534 -0.106330 0.082683
v 0.016313 -0.106374 0.083513
v 0.016821 -0.107867 0.085012
v 0.014087 -0.107227 0.084708
v 0.016821 -0.107867 0.085012
v 0.016313 -0.106374 0.083513
v 0.016313 -0.106374 0.083513
v 0.014836 -0.106049 0.083336
v 0.014087 -0.107227 0.084708
v 0.017257 -0.103258 0.078713
v 0.015782 -0.103744 0.080080
v 0.017595 -0.104759 0.080510
v 0.017595 -0.104759 0.080510
v 0.019265 -0.104449 0.079205
v 0.017257 -0.103258 0.078713
v 0.013737 -0.104806 0.082288
v 0.012017 -0.104068 0.083210
v 0.012667 -0.105734 0.083733
v 0.017257 -0.103258 0.078713
v 0.015533 -0.102146 0.078997
v 0.015782 -0.103744 0.080080
v 0.012739 -0.101230 0.081296
v 0.012017 -0.104068 0.083210
v 0.013737 -0.104806 0.082288
v 0.015533 -0.102146 0.078997
v 0.013401 -0.100644 0.080332
v 0.012620 -0.101274 0.081338
v 0.012739 -0.101230 0.081296
v 0.011810 -0.101778 0.082374
v 0.012017 -0.104068 0.083210
v 0.013141 -0.110513 0.082491
v 0.012720 -0.108783 0.084810
v 0.022589 -0.099196 0.072671
v 0.022589 -0.099196 0.072671
v 0.022319 -0.102011 0.069685
v 0.013141 -0.110513 0.082491
v 0.010799 -0.112780 0.085615
v 0.013141 -0.110513 0.082491
v 0.010591 -0.110166 0.080242
v 0.027133 -0.094554 0.053785
v 0.018950 -0.103555 0.066950
v 0.022319 -0.102011 0.069685
v 0.022319 -0.102011 0.069685
v 0.031736 -0.092840 0.056816
v 0.027133 -0.094554 0.053785
v 0.010591 -0.110166 0.080242
v 0.013141 -0.110513 0.082491
v 0.022319 -0.102011 0.069685
v 0.022319 -0.102011 0.069685
v 0.018950 -0.103555 0.066950
v 0.010591 -0.110166 0.080242
v 0.010799 -0.112780 0.085615
v 0.012720 -0.108783 0.084810
v 0.013141 -0.110513 0.082491
v 0.040939 -0.080803 0.050913
v 0.041984 -0.073823 0.036300
v 0.037403 -0.083858 0.045717
v 0.050802 -0.060856 -0.006479
v 0.048466 -0.066163 0.002438
v 0.044657 -0.051208 0.015601
v 0.052758 -0.056889 -0.011282
v 0.050802 -0.060856 -0.006479
v 0.048716 -0.039621 0.005586
v 0.058462 -0.047443 -0.016186
v 0.048716 -0.039621 0.005586
v 0.054581 -0.033296 0.001926
v 0.069470 -0.039960 0.014554
v 0.070838 -0.037049 0.011440
v 0.054581 -0.033296 0.001926
v 0.068215 -0.043120 0.017504
v 0.054581 -0.033296 0.001926
v 0.048716 -0.039621 0.005586
v 0.065524 -0.048552 0.021929
v 0.048716 -0.039621 0.005586
v 0.044657 -0.051208 0.015601
v 0.071524 -0.034556 0.007210
v 0.071756 -0.033225 0.001903
v 0.066177 -0.033030 0.000214
v 0.066068 -0.038405 -0.013413
v 0.062742 -0.042055 -0.015371
v 0.054581 -0.033296 0.001926
v 0.056273 -0.063497 0.035323
v 0.062112 -0.054477 0.027703
v 0.044657 -0.051208 0.015601
v 0.071161 -0.033344 -0.003893
v 0.066177 -0.033030 0.000214
v 0.071756 -0.033225 0.001903
v 0.034493 -0.086802 0.040991
v 0.037403 -0.083858 0.045717
v 0.041984 -0.073823 0.036300
v 0.045317 -0.071464 0.012686
v 0.040483 -0.079500 0.027731
v 0.042874 -0.063575 0.026254
v 0.041984 -0.073823 0.036300
v 0.049316 -0.072263 0.042584
v 0.056273 -0.063497 0.035323
v 0.056273 -0.063497 0.035323
v 0.042874 -0.063575 0.026254
v 0.041984 -0.073823 0.036300
v 0.058462 -0.047443 -0.016186
v 0.054709 -0.052702 -0.014942
v 0.048716 -0.039621 0.005586
v 0.045317 -0.071464 0.012686
v 0.042874 -0.063575 0.026254
v 0.044657 -0.051208 0.015601
v 0.044657 -0.051208 0.015601
v 0.048466 -0.066163 0.002438
v 0.045317 -0.071464 0.012686
v 0.052758 -0.056889 -0.011282
v 0.048716 -0.039621 0.005586
v 0.054709 -0.052702 -0.014942
v 0.071161 -0.033344 -0.003893
v 0.068862 -0.035300 -0.009864
v 0.066177 -0.033030 0.000214
v 0.071524 -0.034556 0.007210
v 0.066177 -0.033030 0.000214
v 0.070838 -0.037049 0.011440
v 0.066068 -0.038405 -0.013413
v 0.054581 -0.033296 0.001926
v 0.068862 -0.035300 -0.009864
v 0.058462 -0.047443 -0.016186
v 0.054581 -0.033296 0.001926
v 0.062742 -0.042055 -0.015371
v 0.054581 -0.033296 0.001926
v 0.066177 -0.033030 0.000214
v 0.068862 -0.035300 -0.009864
v 0.050802 -0.060856 -0.006479
v 0.044657 -0.051208 0.015601
v 0.048716 -0.039621 0.005586
v 0.068215 -0.043120 0.017504
v 0.048716 -0.039621 0.005586
v 0.065524 -0.048552 0.021929
v 0.070838 -0.037049 0.011440
v 0.066177 -0.033030 0.000214
v 0.054581 -0.033296 0.001926
v 0.069470 -0.039960 0.014554
v 0.054581 -0.033296 0.001926
v 0.068215 -0.043120 0.017504
v 0.065524 -0.048552 0.021929
v 0.044657 -0.051208 0.015601
v 0.064112 -0.051289 0.024506
v 0.041984 -0.073823 0.036300
v 0.042874 -0.063575 0.026254
v 0.040483 -0.079500 0.027731
v 0.037403 -0.083858 0.045717
v 0.035049 -0.089332 0.051920
v 0.040939 -0.080803 0.050913
v 0.034493 -0.086802 0.040991
v 0.035049 -0.089332 0.051920
v 0.037403 -0.083858 0.045717
v 0.040939 -0.080803 0.050913
v 0.049316 -0.072263 0.042584
v 0.041984 -0.073823 0.036300
v 0.034493 -0.086802 0.040991
v 0.041984 -0.073823 0.036300
v 0.040483 -0.079500 0.027731
v 0.042874 -0.063575 0.026254
v 0.056273 -0.063497 0.035323
v 0.044657 -0.051208 0.015601
v 0.005558 -0.027917 0.021196
v 0.004616 -0.029539 0.018185
v 0.006946 -0.022048 0.008766
v 0.005753 -0.033652 0.014850
v 0.006746 -0.024341 0.002588
v 0.004616 -0.029539 0.018185
v 0.004654 -0.021439 0.002017
v 0.006746 -0.024341 0.002588
v 0.008460 -0.017685 -0.007448
v 0.017406 -0.007664 0.011806
v 0.023460 -0.012265 0.012055
v 0.020216 -0.016573 0.014798
v 0.020216 -0.016573 0.014798
v 0.013697 -0.012185 0.013369
v 0.017406 -0.007664 0.011806
v 0.023460 -0.012265 0.012055
v 0.017406 -0.007664 0.011806
v 0.020800 -0.003620 0.008115
v 0.020800 -0.003620 0.008115
v 0.026779 -0.008160 0.008174
v 0.023460 -0.012265 0.012055
v 0.020800 -0.003620 0.008115
v 0.021858 -0.002054 0.001441
v 0.027810 -0.006458 0.001410
v 0.027810 -0.006458 0.001410
v 0.026779 -0.008160 0.008174
v 0.020800 -0.003620 0.008115
v -0.025701 -0.070188 0.068808
v -0.026072 -0.066290 0.069403
v -0.027753 -0.069959 0.073578
v -0.027753 -0.069959 0.073578
v -0.026072 -0.066290 0.069403
v -0.024607 -0.068143 0.073837
v 0.023460 -0.012265 0.012055
v 0.026779 -0.008160 0.008174
v 0.035249 -0.014364 0.008427
v 0.035249 -0.014364 0.008427
v 0.032128 -0.018524 0.012837
v 0.023460 -0.012265 0.012055
v -0.015191 -0.078732 0.076555
v -0.008500 -0.069259 0.066316
v 0.002768 -0.080085 0.068503
v 0.002768 -0.080085 0.068503
v -0.004949 -0.090171 0.079823
v -0.015191 -0.078732 0.076555
v 0.035368 -0.037025 -0.012447
v 0.042895 -0.028004 -0.012438
v 0.030869 -0.019054 -0.010974
v 0.030869 -0.019054 -0.010974
v 0.023689 -0.027114 -0.011303
v 0.035368 -0.037025 -0.012447
v 0.007527 -0.017020 0.011180
v 0.008181 -0.020050 0.013007
v 0.006946 -0.022048 0.008766
v 0.006946 -0.022048 0.008766
v 0.005281 -0.018972 0.006435
v 0.007527 -0.017020 0.011180
v 0.012425 -0.003835 0.011493
v 0.017406 -0.007664 0.011806
v 0.013697 -0.012185 0.013369
v 0.013697 -0.012185 0.013369
v 0.007863 -0.009222 0.012842
v 0.012425 -0.003835 0.011493
v 0.015803 0.000177 0.008218
v 0.020800 -0.003620 0.008115
v 0.017406 -0.007664 0.011806
v 0.017406 -0.007664 0.011806
v 0.012425 -0.003835 0.011493
v 0.015803 0.000177 0.008218
v 0.017011 0.001550 0.001484
v 0.021858 -0.002054 0.001441
v 0.020800 -0.003620 0.008115
v 0.020800 -0.003620 0.008115
v 0.015803 0.000177 0.008218
v 0.017011 0.001550 0.001484
v 0.005281 -0.018972 0.006435
v 0.006946 -0.022048 0.008766
v 0.006746 -0.024341 0.002588
v 0.006746 -0.024341 0.002588
v 0.004654 -0.021439 0.002017
v 0.005281 -0.018972 0.006435
v 0.008778 -0.009671 -0.010941
v 0.004430 -0.014689 -0.007152
v 0.008460 -0.017685 -0.007448
v 0.008460 -0.017685 -0.007448
v 0.012823 -0.013193 -0.011027
v 0.008778 -0.009671 -0.010941
v 0.007863 -0.009222 0.012842
v 0.007527 -0.017020 0.011180
v 0.003994 -0.013377 0.009255
v 0.005281 -0.018972 0.006435
v 0.001868 -0.016411 0.004525
v 0.003994 -0.013377 0.009255
v 0.003994 -0.013377 0.009255
v 0.007527 -0.017020 0.011180
v 0.005281 -0.018972 0.006435
v 0.001505 -0.017071 0.000257
v 0.001868 -0.016411 0.004525
v 0.004654 -0.021439 0.002017
v 0.001505 -0.017071 0.000257
v 0.004654 -0.021439 0.002017
v 0.004430 -0.014689 -0.007152
v 0.026779 -0.008160 0.008174
v 0.027810 -0.006458 0.001410
v 0.036358 -0.012483 0.001355
v 0.036358 -0.012483 0.001355
v 0.035249 -0.014364 0.008427
v 0.026779 -0.008160 0.008174
v 0.023689 -0.027114 -0.011303
v 0.015747 -0.019783 -0.010587
v 0.011326 -0.024906 -0.003667
v 0.011326 -0.024906 -0.003667
v 0.019333 -0.032919 -0.004260
v 0.023689 -0.027114 -0.011303
v 0.009149 -0.029090 0.004704
v 0.016863 -0.037133 0.003966
v 0.019333 -0.032919 -0.004260
v 0.019333 -0.032919 -0.004260
v 0.011326 -0.024906 -0.003667
v 0.009149 -0.029090 0.004704
v 0.012864 -0.004379 -0.009573
v 0.017269 -0.007843 -0.009807
v 0.020726 -0.003384 -0.004847
v 0.020726 -0.003384 -0.004847
v 0.016243 0.000236 -0.004757
v 0.012864 -0.004379 -0.009573
v 0.017269 -0.007843 -0.009807
v 0.022984 -0.012344 -0.010168
v 0.026547 -0.007825 -0.005086
v 0.026547 -0.007825 -0.005086
v 0.020726 -0.003384 -0.004847
v 0.017269 -0.007843 -0.009807
v 0.023689 -0.027114 -0.011303
v 0.030869 -0.019054 -0.010974
v 0.022984 -0.012344 -0.010168
v 0.022984 -0.012344 -0.010168
v 0.015747 -0.019783 -0.010587
v 0.023689 -0.027114 -0.011303
v 0.047780 -0.022587 0.009433
v 0.045120 -0.026535 0.013908
v 0.032128 -0.018524 0.012837
v 0.032128 -0.018524 0.012837
v 0.035249 -0.014364 0.008427
v 0.047780 -0.022587 0.009433
v 0.049121 -0.020351 0.001360
v 0.047780 -0.022587 0.009433
v 0.035249 -0.014364 0.008427
v 0.035249 -0.014364 0.008427
v 0.036358 -0.012483 0.001355
v 0.049121 -0.020351 0.001360
v -0.024607 -0.068143 0.073837
v -0.017862 -0.060123 0.064604
v -0.008500 -0.069259 0.066316
v -0.008500 -0.069259 0.066316
v -0.015191 -0.078732 0.076555
v -0.024607 -0.068143 0.073837
v -0.006093 -0.091782 0.075026
v -0.016235 -0.080535 0.071805
v -0.017383 -0.081780 0.076653
v -0.017383 -0.081780 0.076653
v -0.007308 -0.093243 0.079964
v -0.006093 -0.091782 0.075026
v -0.017383 -0.081780 0.076653
v -0.015191 -0.078732 0.076555
v -0.004949 -0.090171 0.079823
v -0.004949 -0.090171 0.079823
v -0.007308 -0.093243 0.079964
v -0.017383 -0.081780 0.076653
v 0.008460 -0.017685 -0.007448
v 0.015747 -0.019783 -0.010587
v 0.012823 -0.013193 -0.011027
v 0.035064 -0.013835 -0.005689
v 0.026547 -0.007825 -0.005086
v 0.022984 -0.012344 -0.010168
v 0.022984 -0.012344 -0.010168
v 0.030869 -0.019054 -0.010974
v 0.035064 -0.013835 -0.005689
v 0.047722 -0.021972 -0.007065
v 0.035064 -0.013835 -0.005689
v 0.030869 -0.019054 -0.010974
v 0.030869 -0.019054 -0.010974
v 0.042895 -0.028004 -0.012438
v 0.047722 -0.021972 -0.007065
v 0.016131 -0.021260 0.018540
v 0.010381 -0.028289 0.024283
v 0.005558 -0.027917 0.021196
v 0.005558 -0.027917 0.021196
v 0.008181 -0.020050 0.013007
v 0.016131 -0.021260 0.018540
v 0.009149 -0.029090 0.004704
v 0.011326 -0.024906 -0.003667
v 0.006746 -0.024341 0.002588
v 0.006746 -0.024341 0.002588
v 0.011326 -0.024906 -0.003667
v 0.008460 -0.017685 -0.007448
v 0.017269 -0.007843 -0.009807
v 0.012864 -0.004379 -0.009573
v 0.008778 -0.009671 -0.010941
v 0.008778 -0.009671 -0.010941
v 0.012823 -0.013193 -0.011027
v 0.017269 -0.007843 -0.009807
v 0.022984 -0.012344 -0.010168
v 0.017269 -0.007843 -0.009807
v 0.012823 -0.013193 -0.011027
v 0.012823 -0.013193 -0.011027
v 0.015747 -0.019783 -0.010587
v 0.022984 -0.012344 -0.010168
v 0.013697 -0.012185 0.013369
v 0.016131 -0.021260 0.018540
v 0.008181 -0.020050 0.013007
v 0.008181 -0.020050 0.013007
v 0.007527 -0.017020 0.011180
v 0.013697 -0.012185 0.013369
v 0.016131 -0.021260 0.018540
v 0.013697 -0.012185 0.013369
v 0.020216 -0.016573 0.014798
v -0.021216 -0.064381 0.059103
v -0.021885 -0.059693 0.061283
v -0.026072 -0.066290 0.069403
v -0.026072 -0.066290 0.069403
v -0.025701 -0.070188 0.068808
v -0.021216 -0.064381 0.059103
v -0.017862 -0.060123 0.064604
v -0.024607 -0.068143 0.073837
v -0.026072 -0.066290 0.069403
v -0.026072 -0.066290 0.069403
v -0.021885 -0.059693 0.061283
v -0.017862 -0.060123 0.064604
v -0.008500 -0.069259 0.066316
v -0.001074 -0.059876 0.054364
v 0.010950 -0.070823 0.056227
v 0.010950 -0.070823 0.056227
v 0.002768 -0.080085 0.068503
v -0.008500 -0.069259 0.066316
v -0.000513 -0.084390 0.062965
v -0.011631 -0.073470 0.060950
v -0.016235 -0.080535 0.071805
v -0.016235 -0.080535 0.071805
v -0.006093 -0.091782 0.075026
v -0.000513 -0.084390 0.062965
v -0.011631 -0.073470 0.060950
v -0.021216 -0.064381 0.059103
v -0.025701 -0.070188 0.068808
v -0.025701 -0.070188 0.068808
v -0.016235 -0.080535 0.071805
v -0.011631 -0.073470 0.060950
v 0.000312 -0.040837 0.025774
v -0.000546 -0.035522 0.029269
v -0.007295 -0.043532 0.039465
v -0.007295 -0.043532 0.039465
v -0.006724 -0.048847 0.036583
v 0.000312 -0.040837 0.025774
v -0.000546 -0.035522 0.029269
v 0.004001 -0.035339 0.032338
v -0.002973 -0.043573 0.042465
v -0.002973 -0.043573 0.042465
v -0.007295 -0.043532 0.039465
v -0.000546 -0.035522 0.029269
v 0.006207 -0.051099 0.043902
v -0.002973 -0.043573 0.042465
v 0.004001 -0.035339 0.032338
v -0.014560 -0.051286 0.049806
v -0.013573 -0.056061 0.047354
v -0.006724 -0.048847 0.036583
v -0.006724 -0.048847 0.036583
v -0.007295 -0.043532 0.039465
v -0.014560 -0.051286 0.049806
v -0.014560 -0.051286 0.049806
v -0.007295 -0.043532 0.039465
v -0.002973 -0.043573 0.042465
v -0.002973 -0.043573 0.042465
v -0.009927 -0.051513 0.053082
v -0.014560 -0.051286 0.049806
v 0.006207 -0.051099 0.043902
v -0.001074 -0.059876 0.054364
v -0.009927 -0.051513 0.053082
v -0.009927 -0.051513 0.053082
v -0.002973 -0.043573 0.042465
v 0.006207 -0.051099 0.043902
v 0.018678 -0.061849 0.045986
v 0.010950 -0.070823 0.056227
v -0.001074 -0.059876 0.054364
v -0.001074 -0.059876 0.054364
v 0.006207 -0.051099 0.043902
v 0.018678 -0.061849 0.045986
v -0.013573 -0.056061 0.047354
v -0.014560 -0.051286 0.049806
v -0.021885 -0.059693 0.061283
v -0.021885 -0.059693 0.061283
v -0.021216 -0.064381 0.059103
v -0.013573 -0.056061 0.047354
v -0.009927 -0.051513 0.053082
v -0.017862 -0.060123 0.064604
v -0.021885 -0.059693 0.061283
v -0.021885 -0.059693 0.061283
v -0.014560 -0.051286 0.049806
v -0.009927 -0.051513 0.053082
v -0.004605 -0.064420 0.048701
v -0.013573 -0.056061 0.047354
v -0.021216 -0.064381 0.059103
v -0.021216 -0.064381 0.059103
v -0.011631 -0.073470 0.060950
v -0.004605 -0.064420 0.048701
v -0.001074 -0.059876 0.054364
v -0.008500 -0.069259 0.066316
v -0.017862 -0.060123 0.064604
v -0.017862 -0.060123 0.064604
v -0.009927 -0.051513 0.053082
v -0.001074 -0.059876 0.054364
v 0.007223 -0.075644 0.050226
v -0.004605 -0.064420 0.048701
v -0.011631 -0.073470 0.060950
v -0.011631 -0.073470 0.060950
v -0.000513 -0.084390 0.062965
v 0.007223 -0.075644 0.050226
v 0.061583 -0.028016 0.001823
v 0.061183 -0.030852 0.010486
v 0.047780 -0.022587 0.009433
v 0.047780 -0.022587 0.009433
v 0.049121 -0.020351 0.001360
v 0.061583 -0.028016 0.001823
v 0.030440 -0.072125 0.048247
v 0.022707 -0.080887 0.058382
v 0.010950 -0.070823 0.056227
v 0.010950 -0.070823 0.056227
v 0.018678 -0.061849 0.045986
v 0.030440 -0.072125 0.048247
v 0.022707 -0.080887 0.058382
v 0.013967 -0.090816 0.070682
v 0.002768 -0.080085 0.068503
v 0.002768 -0.080085 0.068503
v 0.010950 -0.070823 0.056227
v 0.022707 -0.080887 0.058382
v -0.004949 -0.090171 0.079823
v 0.002768 -0.080085 0.068503
v 0.013967 -0.090816 0.070682
v 0.013967 -0.090816 0.070682
v 0.005293 -0.101610 0.083092
v -0.004949 -0.090171 0.079823
v -0.007308 -0.093243 0.079964
v -0.004949 -0.090171 0.079823
v 0.005293 -0.101610 0.083092
v 0.005293 -0.101610 0.083092
v 0.002574 -0.104504 0.083280
v -0.007308 -0.093243 0.079964
v 0.004010 -0.103027 0.078297
v -0.006093 -0.091782 0.075026
v -0.007308 -0.093243 0.079964
v -0.007308 -0.093243 0.079964
v 0.002574 -0.104504 0.083280
v 0.004010 -0.103027 0.078297
v 0.010662 -0.095039 0.065145
v -0.000513 -0.084390 0.062965
v -0.006093 -0.091782 0.075026
v -0.006093 -0.091782 0.075026
v 0.004010 -0.103027 0.078297
v 0.010662 -0.095039 0.065145
v 0.071524 -0.034556 0.007210
v 0.061183 -0.030852 0.010486
v 0.061583 -0.028016 0.001823
v 0.008435 -0.110855 0.085260
v 0.010799 -0.112780 0.085615
v 0.010591 -0.110166 0.080242
v 0.012720 -0.108783 0.084810
v 0.010799 -0.112780 0.085615
v 0.008435 -0.110855 0.085260
v 0.022589 -0.099196 0.072671
v 0.012720 -0.108783 0.084810
v 0.005293 -0.101610 0.083092
v 0.005293 -0.101610 0.083092
v 0.013967 -0.090816 0.070682
v 0.022589 -0.099196 0.072671
v 0.032629 -0.089380 0.060200
v 0.022589 -0.099196 0.072671
v 0.013967 -0.090816 0.070682
v 0.005558 -0.027917 0.021196
v 0.010381 -0.028289 0.024283
v 0.004001 -0.035339 0.032338
v 0.004001 -0.035339 0.032338
v -0.000546 -0.035522 0.029269
v 0.005558 -0.027917 0.021196
v 0.005558 -0.027917 0.021196
v -0.000546 -0.035522 0.029269
v 0.004616 -0.029539 0.018185
v 0.004616 -0.029539 0.018185
v -0.000546 -0.035522 0.029269
v 0.000312 -0.040837 0.025774
v 0.000312 -0.040837 0.025774
v 0.005753 -0.033652 0.014850
v 0.004616 -0.029539 0.018185
v 0.002574 -0.104504 0.083280
v 0.008435 -0.110855 0.085260
v 0.010591 -0.110166 0.080242
v 0.010591 -0.110166 0.080242
v 0.004010 -0.103027 0.078297
v 0.002574 -0.104504 0.083280
v 0.005293 -0.101610 0.083092
v 0.012720 -0.108783 0.084810
v 0.008435 -0.110855 0.085260
v 0.008435 -0.110855 0.085260
v 0.002574 -0.104504 0.083280
v 0.005293 -0.101610 0.083092
v 0.021858 -0.002054 0.001441
v 0.017011 0.001550 0.001484
v 0.016243 0.000236 -0.004757
v 0.016243 0.000236 -0.004757
v 0.020726 -0.003384 -0.004847
v 0.021858 -0.002054 0.001441
v 0.021858 -0.002054 0.001441
v 0.020726 -0.003384 -0.004847
v 0.026547 -0.007825 -0.005086
v 0.026547 -0.007825 -0.005086
v 0.027810 -0.006458 0.001410
v 0.021858 -0.002054 0.001441
v 0.027810 -0.006458 0.001410
v 0.026547 -0.007825 -0.005086
v 0.035064 -0.013835 -0.005689
v 0.035064 -0.013835 -0.005689
v 0.036358 -0.012483 0.001355
v 0.027810 -0.006458 0.001410
v 0.049121 -0.020351 0.001360
v 0.036358 -0.012483 0.001355
v 0.035064 -0.013835 -0.005689
v 0.035064 -0.013835 -0.005689
v 0.047722 -0.021972 -0.007065
v 0.049121 -0.020351 0.001360
v -0.027753 -0.069959 0.073578
v -0.017383 -0.081780 0.076653
v -0.016235 -0.080535 0.071805
v -0.016235 -0.080535 0.071805
v -0.025701 -0.070188 0.068808
v -0.027753 -0.069959 0.073578
v -0.015191 -0.078732 0.076555
v -0.017383 -0.081780 0.076653
v -0.027753 -0.069959 0.073578
v -0.027753 -0.069959 0.073578
v -0.024607 -0.068143 0.073837
v -0.015191 -0.078732 0.076555
v 0.008460 -0.017685 -0.007448
v 0.011326 -0.024906 -0.003667
v 0.015747 -0.019783 -0.010587
v 0.071161 -0.033344 -0.003893
v 0.071756 -0.033225 0.001903
v 0.061583 -0.028016 0.001823
v 0.071756 -0.033225 0.001903
v 0.071524 -0.034556 0.007210
v 0.061583 -0.028016 0.001823
v 0.071524 -0.034556 0.007210
v 0.070838 -0.037049 0.011440
v 0.061183 -0.030852 0.010486
v 0.070838 -0.037049 0.011440
v 0.069470 -0.039960 0.014554
v 0.061183 -0.030852 0.010486
v 0.068215 -0.043120 0.017504
v 0.059363 -0.036689 0.015625
v 0.069470 -0.039960 0.014554
v 0.006746 -0.024341 0.002588
v 0.006946 -0.022048 0.008766
v 0.004616 -0.029539 0.018185
v 0.071161 -0.033344 -0.003893
v 0.059688 -0.029812 -0.008293
v 0.068862 -0.035300 -0.009864
v 0.059688 -0.029812 -0.008293
v 0.066068 -0.038405 -0.013413
v 0.068862 -0.035300 -0.009864
v 0.066068 -0.038405 -0.013413
v 0.054040 -0.036303 -0.013792
v 0.062742 -0.042055 -0.015371
v 0.046894 -0.045283 -0.014141
v 0.054709 -0.052702 -0.014942
v 0.058462 -0.047443 -0.016186
v 0.058462 -0.047443 -0.016186
v 0.054040 -0.036303 -0.013792
v 0.046894 -0.045283 -0.014141
v 0.054709 -0.052702 -0.014942
v 0.046894 -0.045283 -0.014141
v 0.052758 -0.056889 -0.011282
v 0.050802 -0.060856 -0.006479
v 0.052758 -0.056889 -0.011282
v 0.042100 -0.052536 -0.006355
v 0.048466 -0.066163 0.002438
v 0.039402 -0.058191 0.003188
v 0.036054 -0.062635 0.012592
v 0.036054 -0.062635 0.012592
v 0.045317 -0.071464 0.012686
v 0.048466 -0.066163 0.002438
v 0.018175 -0.086046 0.052184
v 0.027133 -0.094554 0.053785
v 0.034493 -0.086802 0.040991
v 0.034493 -0.086802 0.040991
v 0.024850 -0.077892 0.039697
v 0.018175 -0.086046 0.052184
v 0.018950 -0.103555 0.066950
v 0.010662 -0.095039 0.065145
v 0.004010 -0.103027 0.078297
v 0.004010 -0.103027 0.078297
v 0.010591 -0.110166 0.080242
v 0.018950 -0.103555 0.066950
v 0.045317 -0.071464 0.012686
v 0.036054 -0.062635 0.012592
v 0.031002 -0.069895 0.026896
v 0.031002 -0.069895 0.026896
v 0.040483 -0.079500 0.027731
v 0.045317 -0.071464 0.012686
v 0.024850 -0.077892 0.039697
v 0.034493 -0.086802 0.040991
v 0.040483 -0.079500 0.027731
v 0.040483 -0.079500 0.027731
v 0.031002 -0.069895 0.026896
v 0.024850 -0.077892 0.039697
v 0.010662 -0.095039 0.065145
v 0.018950 -0.103555 0.066950
v 0.027133 -0.094554 0.053785
v 0.027133 -0.094554 0.053785
v 0.018175 -0.086046 0.052184
v 0.010662 -0.095039 0.065145
v 0.004654 -0.021439 0.002017
v 0.008460 -0.017685 -0.007448
v 0.004430 -0.014689 -0.007152
v 0.005281 -0.018972 0.006435
v 0.004654 -0.021439 0.002017
v 0.001868 -0.016411 0.004525
v 0.013697 -0.012185 0.013369
v 0.007527 -0.017020 0.011180
v 0.007863 -0.009222 0.012842
v 0.026076 -0.053198 0.037386
v 0.018678 -0.061849 0.045986
v 0.006207 -0.051099 0.043902
v 0.006207 -0.051099 0.043902
v 0.013393 -0.042338 0.034571
v 0.026076 -0.053198 0.037386
v 0.039402 -0.058191 0.003188
v 0.048466 -0.066163 0.002438
v 0.050802 -0.060856 -0.006479
v 0.050802 -0.060856 -0.006479
v 0.042100 -0.052536 -0.006355
v 0.039402 -0.058191 0.003188
v 0.038070 -0.063212 0.040060
v 0.030440 -0.072125 0.048247
v 0.018678 -0.061849 0.045986
v 0.018678 -0.061849 0.045986
v 0.026076 -0.053198 0.037386
v 0.038070 -0.063212 0.040060
v 0.019543 -0.034810 0.026901
v 0.013393 -0.042338 0.034571
v 0.004001 -0.035339 0.032338
v 0.004001 -0.035339 0.032338
v 0.010381 -0.028289 0.024283
v 0.019543 -0.034810 0.026901
v 0.032192 -0.044846 0.029674
v 0.026076 -0.053198 0.037386
v 0.013393 -0.042338 0.034571
v 0.013393 -0.042338 0.034571
v 0.019543 -0.034810 0.026901
v 0.032192 -0.044846 0.029674
v 0.005753 -0.033652 0.014850
v 0.009149 -0.029090 0.004704
v 0.006746 -0.024341 0.002588
v 0.013702 -0.041252 0.013691
v 0.016863 -0.037133 0.003966
v 0.009149 -0.029090 0.004704
v 0.009149 -0.029090 0.004704
v 0.005753 -0.033652 0.014850
v 0.013702 -0.041252 0.013691
v 0.000312 -0.040837 0.025774
v 0.008755 -0.047898 0.025633
v 0.013702 -0.041252 0.013691
v 0.013702 -0.041252 0.013691
v 0.005753 -0.033652 0.014850
v 0.000312 -0.040837 0.025774
v 0.008755 -0.047898 0.025633
v 0.000312 -0.040837 0.025774
v -0.006724 -0.048847 0.036583
v -0.006724 -0.048847 0.036583
v 0.002467 -0.056542 0.037484
v 0.008755 -0.047898 0.025633
v -0.013573 -0.056061 0.047354
v -0.004605 -0.064420 0.048701
v 0.002467 -0.056542 0.037484
v 0.002467 -0.056542 0.037484
v -0.006724 -0.048847 0.036583
v -0.013573 -0.056061 0.047354
v 0.030772 -0.042922 -0.005391
v 0.035368 -0.037025 -0.012447
v 0.023689 -0.027114 -0.011303
v 0.023689 -0.027114 -0.011303
v 0.019333 -0.032919 -0.004260
v 0.030772 -0.042922 -0.005391
v 0.016863 -0.037133 0.003966
v 0.027560 -0.047427 0.003642
v 0.030772 -0.042922 -0.005391
v 0.030772 -0.042922 -0.005391
v 0.019333 -0.032919 -0.004260
v 0.016863 -0.037133 0.003966
v 0.027560 -0.047427 0.003642
v 0.016863 -0.037133 0.003966
v 0.013702 -0.041252 0.013691
v 0.013702 -0.041252 0.013691
v 0.024665 -0.051607 0.013049
v 0.027560 -0.047427 0.003642
v 0.024665 -0.051607 0.013049
v 0.013702 -0.041252 0.013691
v 0.008755 -0.047898 0.025633
v 0.008755 -0.047898 0.025633
v 0.019710 -0.058456 0.025902
v 0.024665 -0.051607 0.013049
v 0.019710 -0.058456 0.025902
v 0.008755 -0.047898 0.025633
v 0.002467 -0.056542 0.037484
v 0.002467 -0.056542 0.037484
v 0.013147 -0.067079 0.038125
v 0.019710 -0.058456 0.025902
v -0.004605 -0.064420 0.048701
v 0.007223 -0.075644 0.050226
v 0.013147 -0.067079 0.038125
v 0.013147 -0.067079 0.038125
v 0.002467 -0.056542 0.037484
v -0.004605 -0.064420 0.048701
v 0.059363 -0.036689 0.015625
v 0.061183 -0.030852 0.010486
v 0.069470 -0.039960 0.014554
v 0.044727 -0.054697 0.032497
v 0.056273 -0.063497 0.035323
v 0.049316 -0.072263 0.042584
v 0.049316 -0.072263 0.042584
v 0.040939 -0.080803 0.050913
v 0.030440 -0.072125 0.048247
v 0.030440 -0.072125 0.048247
v 0.038070 -0.063212 0.040060
v 0.049316 -0.072263 0.042584
v 0.022707 -0.080887 0.058382
v 0.030440 -0.072125 0.048247
v 0.040939 -0.080803 0.050913
v 0.040939 -0.080803 0.050913
v 0.032629 -0.089380 0.060200
v 0.022707 -0.080887 0.058382
v 0.013967 -0.090816 0.070682
v 0.022707 -0.080887 0.058382
v 0.032629 -0.089380 0.060200
v 0.047780 -0.022587 0.009433
v 0.059363 -0.036689 0.015625
v 0.045120 -0.026535 0.013908
v 0.026076 -0.053198 0.037386
v 0.032192 -0.044846 0.029674
v 0.044727 -0.054697 0.032497
v 0.044727 -0.054697 0.032497
v 0.038070 -0.063212 0.040060
v 0.026076 -0.053198 0.037386
v 0.059688 -0.029812 -0.008293
v 0.061583 -0.028016 0.001823
v 0.049121 -0.020351 0.001360
v 0.049121 -0.020351 0.001360
v 0.047722 -0.021972 -0.007065
v 0.059688 -0.029812 -0.008293
v 0.054040 -0.036303 -0.013792
v 0.059688 -0.029812 -0.008293
v 0.047722 -0.021972 -0.007065
v 0.047722 -0.021972 -0.007065
v 0.042895 -0.028004 -0.012438
v 0.054040 -0.036303 -0.013792
v 0.046894 -0.045283 -0.014141
v 0.054040 -0.036303 -0.013792
v 0.042895 -0.028004 -0.012438
v 0.042895 -0.028004 -0.012438
v 0.035368 -0.037025 -0.012447
v 0.046894 -0.045283 -0.014141
v 0.035368 -0.037025 -0.012447
v 0.030772 -0.042922 -0.005391
v 0.042100 -0.052536 -0.006355
v 0.042100 -0.052536 -0.006355
v 0.046894 -0.045283 -0.014141
v 0.035368 -0.037025 -0.012447
v 0.042100 -0.052536 -0.006355
v 0.030772 -0.042922 -0.005391
v 0.027560 -0.047427 0.003642
v 0.027560 -0.047427 0.003642
v 0.039402 -0.058191 0.003188
v 0.042100 -0.052536 -0.006355
v 0.039402 -0.058191 0.003188
v 0.027560 -0.047427 0.003642
v 0.024665 -0.051607 0.013049
v 0.024665 -0.051607 0.013049
v 0.036054 -0.062635 0.012592
v 0.039402 -0.058191 0.003188
v 0.036054 -0.062635 0.012592
v 0.024665 -0.051607 0.013049
v 0.019710 -0.058456 0.025902
v 0.019710 -0.058456 0.025902
v 0.031002 -0.069895 0.026896
v 0.036054 -0.062635 0.012592
v 0.013147 -0.067079 0.038125
v 0.024850 -0.077892 0.039697
v 0.031002 -0.069895 0.026896
v 0.031002 -0.069895 0.026896
v 0.019710 -0.058456 0.025902
v 0.013147 -0.067079 0.038125
v 0.007223 -0.075644 0.050226
v 0.018175 -0.086046 0.052184
v 0.024850 -0.077892 0.039697
v 0.024850 -0.077892 0.039697
v 0.013147 -0.067079 0.038125
v 0.007223 -0.075644 0.050226
v -0.000513 -0.084390 0.062965
v 0.010662 -0.095039 0.065145
v 0.018175 -0.086046 0.052184
v 0.018175 -0.086046 0.052184
v 0.007223 -0.075644 0.050226
v -0.000513 -0.084390 0.062965
v 0.046894 -0.045283 -0.014141
v 0.042100 -0.052536 -0.006355
v 0.052758 -0.056889 -0.011282
v 0.054040 -0.036303 -0.013792
v 0.058462 -0.047443 -0.016186
v 0.062742 -0.042055 -0.015371
v 0.066068 -0.038405 -0.013413
v 0.059688 -0.029812 -0.008293
v 0.054040 -0.036303 -0.013792
v 0.059688 -0.029812 -0.008293
v 0.071161 -0.033344 -0.003893
v 0.061583 -0.028016 0.001823
v 0.032128 -0.018524 0.012837
v 0.029116 -0.022993 0.015973
v 0.020216 -0.016573 0.014798
v 0.020216 -0.016573 0.014798
v 0.023460 -0.012265 0.012055
v 0.032128 -0.018524 0.012837
v 0.045120 -0.026535 0.013908
v 0.041715 -0.031523 0.018065
v 0.029116 -0.022993 0.015973
v 0.029116 -0.022993 0.015973
v 0.032128 -0.018524 0.012837
v 0.045120 -0.026535 0.013908
v 0.059363 -0.036689 0.015625
v 0.056908 -0.041081 0.019756
v 0.041715 -0.031523 0.018065
v 0.041715 -0.031523 0.018065
v 0.045120 -0.026535 0.013908
v 0.059363 -0.036689 0.015625
v 0.056908 -0.041081 0.019756
v 0.059363 -0.036689 0.015625
v 0.068215 -0.043120 0.017504
v 0.068215 -0.043120 0.017504
v 0.065524 -0.048552 0.021929
v 0.056908 -0.041081 0.019756
v 0.016131 -0.021260 0.018540
v 0.020216 -0.016573 0.014798
v 0.029116 -0.022993 0.015973
v 0.029116 -0.022993 0.015973
v 0.025284 -0.027714 0.020438
v 0.016131 -0.021260 0.018540
v 0.025284 -0.027714 0.020438
v 0.029116 -0.022993 0.015973
v 0.041715 -0.031523 0.018065
v 0.041715 -0.031523 0.018065
v 0.037988 -0.036937 0.022840
v 0.025284 -0.027714 0.020438
v 0.051154 -0.046460 0.025360
v 0.037988 -0.036937 0.022840
v 0.041715 -0.031523 0.018065
v 0.041715 -0.031523 0.018065
v 0.056908 -0.041081 0.019756
v 0.051154 -0.046460 0.025360
v 0.010381 -0.028289 0.024283
v 0.016131 -0.021260 0.018540
v 0.025284 -0.027714 0.020438
v 0.025284 -0.027714 0.020438
v 0.019543 -0.034810 0.026901
v 0.010381 -0.028289 0.024283
v 0.019543 -0.034810 0.026901
v 0.025284 -0.027714 0.020438
v 0.037988 -0.036937 0.022840
v 0.037988 -0.036937 0.022840
v 0.032192 -0.044846 0.029674
v 0.019543 -0.034810 0.026901
v 0.032192 -0.044846 0.029674
v 0.037988 -0.036937 0.022840
v 0.051154 -0.046460 0.025360
v 0.051154 -0.046460 0.025360
v 0.044727 -0.054697 0.032497
v 0.032192 -0.044846 0.029674
v 0.038070 -0.063212 0.040060
v 0.044727 -0.054697 0.032497
v 0.049316 -0.072263 0.042584
v 0.006207 -0.051099 0.043902
v 0.004001 -0.035339 0.032338
v 0.013393 -0.042338 0.034571
v 0.008181 -0.020050 0.013007
v 0.005558 -0.027917 0.021196
v 0.006946 -0.022048 0.008766
v 0.061183 -0.030852 0.010486
v 0.059363 -0.036689 0.015625
v 0.047780 -0.022587 0.009433
v 0.064112 -0.051289 0.024506
v 0.044657 -0.051208 0.015601
v 0.062112 -0.054477 0.027703
v 0.064112 -0.051289 0.024506
v 0.051154 -0.046460 0.025360
v 0.065524 -0.048552 0.021929
vn 0.3535 0.3467 -0.8688
vn 0.3882 0.4517 -0.8033
vn -0.0619 0.0186 -0.9979
vn -0.0747 -0.1259 -0.9892
vn -0.0747 -0.1260 -0.9892
vn -0.0619 0.0185 -0.9979
vn -0.3299 -0.3217 -0.8875
vn -0.2231 -0.3070 -0.9252
vn 0.6770 0.6916 0.2518
vn 0.3948 0.3632 0.8439
vn 0.4415 0.4218 0.7919
vn 0.6836 0.6931 0.2285
vn -0.5419 -0.8017 -0.2520
vn -0.6478 -0.7546 -0.1046
vn -0.6519 -0.7570 0.0443
vn -0.6519 -0.7570 0.0442
vn -0.5507 -0.8343 -0.0270
vn -0.5419 -0.8017 -0.2521
vn -0.5507 -0.8343 -0.0269
vn -0.6519 -0.7570 0.0444
vn -0.4876 -0.6296 0.6048
vn -0.4876 -0.6297 0.6048
vn -0.4321 -0.6958 0.5737
vn -0.0635 -0.2072 0.9762
vn -0.4321 -0.6958 0.5738
vn -0.4876 -0.6296 0.6049
vn -0.4875 -0.6296 0.6049
vn -0.0497 -0.1656 0.9849
vn -0.0635 -0.2073 0.9762
vn 0.3947 0.3631 0.8440
vn -0.0496 -0.1656 0.9850
vn -0.0496 -0.1656 0.9849
vn 0.4415 0.4218 0.7920
vn 0.3948 0.3631 0.8440
vn 0.6517 0.6614 -0.3713
vn 0.6770 0.6916 0.2517
vn 0.6836 0.6932 0.2284
vn 0.6625 0.6884 -0.2953
vn 0.6517 0.6613 -0.3713
vn 0.3536 0.3468 -0.8688
vn 0.6517 0.6613 -0.3714
vn 0.6625 0.6883 -0.2955
vn 0.3883 0.4518 -0.8032
vn 0.3536 0.3467 -0.8688
vn 0.4151 0.4581 0.7860
vn 0.6728 0.7022 0.2331
vn 0.6836 0.6932 0.2285
vn 0.4152 0.4581 0.7860
vn -0.6162 -0.4137 -0.6702
vn -0.3299 -0.3216 -0.8875
vn -0.0620 0.0185 -0.9979
vn -0.1865 0.1209 -0.9750
vn -0.7201 -0.6558 0.2267
vn -0.5335 -0.5381 0.6525
vn -0.5335 -0.5380 0.6526
vn -0.1005 -0.1059 0.9893
vn 0.6625 0.6884 -0.2954
vn 0.6728 0.7022 0.2329
vn 0.6728 0.7022 0.2330
vn 0.6506 0.7061 -0.2795
vn 0.6625 0.6883 -0.2954
vn 0.3883 0.4517 -0.8032
vn 0.6506 0.7061 -0.2796
vn 0.6505 0.7061 -0.2796
vn 0.3376 0.5353 -0.7743
vn 0.3882 0.4518 -0.8032
vn 0.3375 0.5352 -0.7743
vn -0.1864 0.1210 -0.9750
vn -0.1005 -0.1058 0.9893
vn -0.1004 -0.1058 0.9893
vn 0.4151 0.4580 0.7861
vn -0.7201 -0.6557 0.2267
vn -0.7521 -0.6452 -0.1348
vn -0.3298 -0.3217 -0.8875
vn -0.6479 -0.7545 -0.1046
vn 0.6444 0.7191 -0.2599
vn 0.6577 0.7117 0.2466
vn 0.6445 0.7191 -0.2599
vn 0.6444 0.7191 -0.2600
vn 0.3354 0.5635 -0.7549
vn 0.3376 0.5352 -0.7743
vn 0.3353 0.5635 -0.7550
vn -0.2538 0.1904 -0.9483
vn -0.1660 -0.0284 0.9857
vn 0.3771 0.4969 0.7815
vn 0.3772 0.4969 0.7816
vn -0.7181 -0.6958 0.0142
vn -0.7376 -0.6737 0.0463
vn -0.7193 -0.6576 0.2241
vn -0.8073 -0.5803 -0.1074
vn -0.7521 -0.6451 -0.1349
vn -0.7044 -0.3133 -0.6369
vn -0.7521 -0.6451 -0.1348
vn -0.7376 -0.6736 0.0463
vn -0.1661 -0.0284 0.9857
vn -0.5906 -0.4687 0.6569
vn 0.6172 0.7600 -0.2037
vn 0.6578 0.7117 0.2466
vn 0.6396 0.7258 0.2534
vn 0.6171 0.7600 -0.2037
vn -0.2353 0.1049 0.9662
vn -0.2272 0.0993 0.9688
vn 0.3266 0.5961 0.7335
vn 0.3362 0.5684 0.7509
vn -0.2352 0.1049 0.9663
vn 0.6395 0.7258 0.2535
vn 0.6577 0.7117 0.2467
vn 0.3772 0.4970 0.7815
vn 0.3772 0.4969 0.7815
vn 0.3445 0.5285 0.7759
vn -0.7158 -0.6673 0.2060
vn -0.7193 -0.6575 0.2241
vn -0.7361 -0.6661 0.1205
vn -0.7157 -0.6673 0.2060
vn -0.8444 -0.5354 -0.0192
vn -0.7361 -0.6660 0.1206
vn -0.8117 -0.5802 0.0675
vn -0.8250 -0.2097 -0.5249
vn -0.8315 -0.2332 -0.5042
vn -0.7700 -0.6287 0.1085
vn -0.8125 -0.2931 -0.5038
vn -0.7436 -0.6575 0.1217
vn -0.7700 -0.6287 0.1086
vn -0.8126 -0.2932 -0.5038
vn 0.3354 0.5635 -0.7550
vn 0.6171 0.7600 -0.2038
vn 0.2923 0.6233 -0.7253
vn -0.5906 -0.4688 0.6569
vn -0.7193 -0.6575 0.2242
vn -0.7157 -0.6673 0.2061
vn -0.6172 -0.4421 0.6508
vn -0.5906 -0.4688 0.6568
vn 0.3444 0.5285 0.7759
vn -0.2141 0.0537 0.9753
vn 0.4665 0.4213 -0.7777
vn 0.2255 -0.1775 -0.9579
vn 0.5792 -0.1772 -0.7957
vn 0.6267 0.4384 -0.6442
vn 0.4664 0.4214 -0.7778
vn -0.0680 -0.9501 -0.3043
vn -0.1599 -0.7283 -0.6663
vn -0.2993 -0.9498 0.0917
vn -0.2993 -0.9497 0.0917
vn -0.3019 -0.9530 0.0248
vn -0.0680 -0.9502 -0.3043
vn 0.5792 -0.1771 -0.7957
vn -0.1599 -0.7283 -0.6664
vn 0.5793 -0.1772 -0.7957
vn 0.9511 0.2942 -0.0944
vn 0.6267 0.4384 -0.6443
vn 0.9301 -0.3603 0.0719
vn 0.9511 0.2942 -0.0945
vn 0.7589 0.6316 -0.1585
vn 0.6372 0.7409 -0.2122
vn 0.6414 0.7671 -0.0133
vn 0.6883 0.7244 -0.0380
vn 0.7589 0.6317 -0.1585
vn 0.6553 0.7471 -0.1113
vn 0.6729 0.7322 -0.1054
vn 0.6112 0.5724 0.5467
vn 0.5209 0.5768 0.6293
vn 0.6554 0.7471 -0.1112
vn 0.8902 0.4127 0.1931
vn 0.9154 -0.3075 0.2597
vn 0.5094 -0.1300 0.8507
vn 0.6112 0.5723 0.5467
vn 0.8902 0.4126 0.1931
vn -0.0765 -0.9066 0.4150
vn 0.3239 -0.9357 0.1401
vn -0.0766 -0.9065 0.4152
vn 0.7207 0.6622 0.2048
vn 0.6883 0.7244 -0.0379
vn 0.6414 0.7671 -0.0132
vn 0.6150 0.7681 0.1783
vn 0.7208 0.6622 0.2048
vn -0.4127 -0.8831 -0.2231
vn -0.2646 -0.7055 -0.6574
vn -0.2008 -0.5958 -0.7777
vn -0.2008 -0.5958 -0.7776
vn -0.3005 -0.9093 -0.2878
vn -0.4127 -0.8831 -0.2230
vn -0.1632 -0.5342 -0.8295
vn -0.1632 -0.5342 -0.8294
vn -0.3574 -0.8984 -0.2553
vn 0.9300 -0.3604 0.0719
vn 0.6061 0.0955 0.7896
vn 0.6089 0.4835 0.6289
vn 0.4072 -0.8683 0.2832
vn 0.1561 -0.9839 -0.0870
vn -0.0305 -0.9922 0.1209
vn -0.0305 -0.9922 0.1207
vn 0.1057 -0.7297 0.6755
vn -0.3559 -0.9334 -0.0453
vn -0.0306 -0.9922 0.1209
vn 0.1561 -0.9839 -0.0869
vn 0.5824 0.7002 -0.4130
vn 0.4911 0.6636 -0.5643
vn 0.6372 0.7409 -0.2121
vn 0.5825 0.7001 -0.4130
vn 0.8116 0.5624 0.1577
vn 0.6685 0.7384 0.0886
vn 0.7128 0.6803 -0.1703
vn 0.8116 0.5625 0.1577
vn 0.3273 -0.1352 -0.9352
vn 0.0215 -0.0880 -0.9959
vn -0.2820 -0.6599 -0.6964
vn -0.2820 -0.6600 -0.6964
vn -0.1166 -0.6172 -0.7781
vn 0.3780 0.4607 -0.8030
vn 0.0215 -0.0879 -0.9959
vn 0.3273 -0.1351 -0.9352
vn 0.5869 0.4824 -0.6503
vn 0.3782 0.4606 -0.8030
vn -0.2820 -0.6600 -0.6963
vn -0.4195 -0.8764 -0.2365
vn -0.4195 -0.8764 -0.2364
vn -0.2788 -0.9473 0.1581
vn 0.6006 0.7888 -0.1304
vn 0.3783 0.4607 -0.8029
vn 0.5868 0.4824 -0.6503
vn 0.6331 0.7736 0.0273
vn 0.6006 0.7888 -0.1305
vn 0.3239 -0.9357 0.1400
vn 0.5903 -0.7765 -0.2204
vn 0.7015 -0.5608 -0.4398
vn 0.7015 -0.5608 -0.4397
vn 0.0047 -0.9524 -0.3047
vn 0.7988 0.4216 -0.4292
vn 0.9154 -0.3075 0.2596
vn 0.8902 0.4126 0.1932
vn 0.7988 0.4217 -0.4291
vn 0.5620 0.7505 0.3479
vn 0.6162 0.6996 0.3618
vn -0.2055 -0.4628 0.8623
vn 0.1162 0.1226 0.9856
vn 0.1375 0.0066 0.9905
vn -0.1248 -0.5951 0.7939
vn 0.4541 0.6284 0.6317
vn 0.4295 0.5600 0.7085
vn 0.1375 0.0067 0.9905
vn 0.1162 0.1227 0.9856
vn 0.4540 0.6283 0.6317
vn -0.3070 -0.6833 0.6625
vn -0.2056 -0.4629 0.8622
vn 0.6007 0.7888 -0.1305
vn 0.6331 0.7736 0.0274
vn 0.4295 0.5601 0.7084
vn 0.4540 0.6284 0.6316
vn 0.4084 -0.1618 0.8983
vn 0.5246 0.5366 0.6609
vn 0.7893 0.3281 0.5190
vn 0.7894 0.3280 0.5190
vn 0.8608 -0.3082 0.4051
vn 0.4085 -0.1618 0.8983
vn -0.1270 -0.8232 0.5534
vn 0.8608 -0.3082 0.4050
vn 0.8608 -0.3083 0.4050
vn -0.0970 -0.8985 0.4282
vn -0.1270 -0.8232 0.5533
vn 0.6485 0.5677 0.5071
vn 0.6162 0.6996 0.3619
vn 0.5619 0.7505 0.3479
vn 0.5619 0.7504 0.3479
vn 0.5318 0.7044 0.4701
vn 0.5459 0.4860 -0.6825
vn 0.1470 -0.0144 -0.9890
vn 0.4436 -0.0924 -0.8915
vn 0.4436 -0.0925 -0.8915
vn 0.6613 0.5603 -0.4987
vn 0.5459 0.4860 -0.6824
vn 0.4435 -0.0924 -0.8915
vn 0.1470 -0.0145 -0.9890
vn -0.3462 -0.6028 -0.7189
vn -0.3463 -0.6028 -0.7188
vn -0.0590 -0.6040 -0.7948
vn -0.5729 -0.8186 0.0415
vn -0.5729 -0.8186 0.0416
vn -0.4930 -0.8585 0.1412
vn 0.6708 0.7416 0.0087
vn 0.5460 0.4861 -0.6824
vn 0.6613 0.5604 -0.4987
vn 0.6326 0.7543 0.1758
vn 0.6709 0.7415 0.0087
vn -0.0969 -0.8985 0.4282
vn 0.5199 -0.8079 -0.2774
vn 0.7088 -0.5129 -0.4843
vn 0.7088 -0.5128 -0.4843
vn -0.1800 -0.9801 0.0837
vn 0.7894 0.3280 0.5189
vn 0.8502 0.5135 -0.1164
vn 0.8502 0.5135 -0.1163
vn 0.7089 -0.5128 -0.4843
vn -0.4101 -0.9071 0.0950
vn -0.0969 -0.8984 0.4283
vn -0.1800 -0.9801 0.0836
vn 0.5755 0.6231 0.5296
vn 0.6313 0.6368 0.4426
vn 0.7591 0.5350 0.3708
vn 0.7594 0.5348 0.3705
vn 0.6486 0.5676 0.5071
vn 0.5755 0.6230 0.5298
vn 0.4917 0.5799 0.6495
vn 0.3836 0.5494 0.7423
vn -0.0580 0.0121 0.9982
vn -0.0581 0.0121 0.9982
vn 0.0391 0.0427 0.9983
vn -0.4229 -0.5572 0.7146
vn -0.4385 -0.5612 0.7020
vn -0.0581 0.0120 0.9982
vn -0.4931 -0.8585 0.1412
vn -0.4386 -0.5613 0.7019
vn -0.4230 -0.5573 0.7145
vn 0.3837 0.5495 0.7422
vn 0.4918 0.5800 0.6494
vn 0.4918 0.5799 0.6495
vn 0.6708 0.7416 0.0088
vn 0.6326 0.7543 0.1759
vn -0.4229 -0.5573 0.7145
vn -0.4787 -0.5940 0.6465
vn -0.4683 -0.8610 0.1982
vn -0.4683 -0.8610 0.1983
vn -0.5555 -0.5717 0.6037
vn -0.5991 -0.5904 0.5409
vn -0.4860 -0.8617 0.1462
vn 0.3143 0.6116 0.7261
vn 0.5754 0.6232 0.5297
vn 0.3143 0.6115 0.7262
vn -0.2825 0.0568 0.9576
vn 0.1507 0.4739 0.8676
vn -0.8112 -0.3409 -0.4752
vn -0.8010 -0.5143 -0.3065
vn -0.7057 -0.6669 0.2394
vn -0.6048 -0.6449 0.4673
vn 0.0198 -0.4696 0.8827
vn -0.1734 -0.7373 0.6529
vn 0.2450 0.3833 -0.8905
vn 0.2804 0.3067 -0.9096
vn -0.3668 0.0856 -0.9264
vn -0.3668 0.0855 -0.9264
vn -0.3448 0.1527 -0.9262
vn 0.4810 -0.8563 0.1881
vn 0.6843 -0.2129 0.6974
vn 0.9590 -0.2698 -0.0871
vn 0.9590 -0.2699 -0.0871
vn 0.7801 0.1715 -0.6017
vn 0.7546 0.0235 -0.6557
vn 0.7546 0.0235 -0.6558
vn 0.6893 -0.5718 -0.4448
vn 0.9590 -0.2699 -0.0870
vn -0.1733 -0.7374 0.6529
vn 0.6843 -0.2130 0.6974
vn 0.7546 0.0236 -0.6558
vn 0.6314 0.2968 -0.7164
vn 0.5748 0.7545 0.3166
vn 0.6173 0.7864 0.0227
vn 0.6151 0.7884 -0.0071
vn 0.6121 0.7282 0.3083
vn 0.5749 0.7545 0.3166
vn 0.5385 0.7622 -0.3593
vn 0.6151 0.7884 -0.0072
vn 0.6173 0.7864 0.0226
vn 0.5906 0.7501 -0.2974
vn 0.3336 0.5907 0.7348
vn 0.5748 0.7545 0.3167
vn 0.6120 0.7282 0.3084
vn 0.3267 0.5962 0.7334
vn 0.3335 0.5907 0.7347
vn -0.4701 -0.8825 -0.0158
vn -0.3966 -0.9156 -0.0665
vn 0.3123 -0.0125 -0.9499
vn 0.5261 -0.0129 -0.8503
vn 0.4636 0.3885 -0.7963
vn 0.3690 0.3856 -0.8457
vn 0.3123 -0.0126 -0.9499
vn 0.1095 -0.5217 -0.8461
vn 0.3652 -0.6260 -0.6890
vn 0.3652 -0.6259 -0.6891
vn 0.0328 -0.9703 -0.2398
vn 0.1094 -0.5219 -0.8460
vn 0.1095 -0.5218 -0.8460
vn -0.1727 -0.8630 -0.4748
vn 0.0327 -0.9703 -0.2398
vn -0.4101 -0.9070 0.0951
vn -0.5461 -0.8363 0.0483
vn -0.4020 -0.9152 0.0278
vn 0.4630 0.6327 -0.6208
vn 0.5385 0.7621 -0.3594
vn 0.5906 0.7501 -0.2975
vn 0.4670 0.6405 -0.6097
vn -0.6219 -0.7575 0.1985
vn -0.6916 -0.6931 0.2034
vn -0.7033 -0.6799 0.2078
vn -0.7033 -0.6798 0.2078
vn -0.5758 -0.7678 0.2810
vn -0.6219 -0.7575 0.1986
vn -0.6289 -0.4987 0.5965
vn -0.6332 -0.4597 0.6226
vn -0.6332 -0.4598 0.6226
vn -0.6915 -0.6931 0.2035
vn -0.6332 -0.4597 0.6227
vn -0.6288 -0.4986 0.5966
vn -0.6044 -0.5624 0.5643
vn -0.2229 0.0637 0.9727
vn -0.2272 0.0994 0.9688
vn 0.3335 0.5907 0.7348
vn 0.3267 0.5961 0.7335
vn -0.2229 0.0638 0.9728
vn 0.3334 0.5907 0.7348
vn -0.5697 -0.8137 0.1152
vn -0.6288 -0.4987 0.5965
vn -0.6218 -0.7575 0.1986
vn -0.5697 -0.8137 0.1153
vn -0.4005 -0.8368 0.3733
vn -0.7436 -0.6575 0.1219
vn -0.7056 -0.6669 0.2395
vn -0.4005 -0.8368 0.3734
vn -0.7436 -0.6574 0.1218
vn -0.8111 -0.3409 -0.4752
vn -0.4004 -0.8368 0.3733
vn -0.1733 -0.7373 0.6529
vn 0.4809 -0.8563 0.1881
vn 0.2060 0.4491 -0.8694
vn -0.3447 0.1526 -0.9262
vn -0.3476 0.1945 -0.9172
vn 0.4653 0.4602 -0.7561
vn 0.4062 0.6181 -0.6730
vn 0.4630 0.6326 -0.6208
vn 0.4629 0.6326 -0.6208
vn 0.5325 0.4244 -0.7324
vn -0.7700 -0.6288 0.1086
vn -0.5758 -0.7677 0.2811
vn -0.7033 -0.6799 0.2079
vn -0.8117 -0.5802 0.0676
vn -0.3966 -0.9156 -0.0666
vn -0.1728 -0.8630 -0.4747
vn -0.2646 -0.7055 -0.6575
vn -0.3967 -0.9155 -0.0666
vn -0.4701 -0.8825 -0.0159
vn -0.3560 -0.9334 -0.0454
vn -0.3994 -0.9165 0.0217
vn -0.3994 -0.9165 0.0218
vn -0.3391 -0.9394 -0.0497
vn 0.6833 0.7017 0.2019
vn 0.7235 0.5733 -0.3845
vn 0.9511 0.2942 -0.0943
vn 0.6865 0.6413 0.3426
vn 0.7928 0.6090 -0.0228
vn 0.5596 0.5869 0.5852
vn 0.5261 -0.0130 -0.8503
vn 0.6894 -0.5718 -0.4448
vn 0.7546 0.0236 -0.6557
vn -0.5758 -0.7678 0.2811
vn -0.7436 -0.6575 0.1218
vn 0.1292 -0.0597 -0.9898
vn 0.1095 -0.5217 -0.8460
vn 0.1094 -0.5218 -0.8460
vn 0.4974 0.7386 -0.4550
vn 0.1948 0.5840 -0.7881
vn 0.2922 0.6232 -0.7254
vn -0.3162 0.2780 -0.9070
vn 0.1947 0.5839 -0.7881
vn 0.1947 0.5840 -0.7881
vn -0.3475 0.2988 -0.8888
vn -0.3162 0.2780 -0.9071
vn 0.5385 0.7622 -0.3594
vn 0.4629 0.6327 -0.6208
vn 0.4062 0.6182 -0.6729
vn 0.4974 0.7387 -0.4550
vn 0.2922 0.6233 -0.7254
vn -0.3667 0.2687 -0.8907
vn 0.1449 0.5416 -0.8280
vn 0.5417 0.5808 -0.6077
vn 0.2195 0.0994 -0.9705
vn 0.0727 -0.0136 -0.9973
vn 0.0728 -0.0135 -0.9973
vn 0.4327 0.4591 -0.7759
vn 0.5417 0.5808 -0.6076
vn 0.3396 0.4281 -0.8375
vn 0.1293 -0.0597 -0.9898
vn 0.3632 0.5016 0.7852
vn 0.2351 0.4670 0.8524
vn -0.2590 -0.0335 0.9653
vn -0.0808 -0.0010 0.9967
vn 0.3631 0.5017 0.7852
vn -0.4787 -0.5940 0.6466
vn -0.0809 -0.0010 0.9967
vn -0.2590 -0.0336 0.9653
vn -0.5556 -0.5717 0.6038
vn -0.3240 -0.0168 0.9459
vn -0.5555 -0.5717 0.6038
vn -0.3239 -0.0167 0.9459
vn -0.2824 0.0568 0.9576
vn -0.1632 -0.5341 -0.8295
vn -0.2008 -0.5957 -0.7777
vn -0.2007 -0.5957 -0.7777
vn -0.5438 -0.6197 0.5658
vn -0.7518 -0.5943 0.2856
vn -0.5564 -0.5856 0.5894
vn -0.8278 -0.4893 -0.2744
vn -0.4705 -0.7203 0.5097
vn -0.5382 -0.5957 0.5962
vn -0.5383 -0.5957 0.5962
vn -0.8513 -0.4693 -0.2346
vn -0.5253 -0.0628 -0.8486
vn -0.5402 -0.0495 -0.8401
vn -0.7293 -0.2358 -0.6423
vn 0.0920 -0.4127 0.9062
vn -0.5564 -0.5856 0.5895
vn 0.0843 -0.3876 0.9180
vn 0.1737 -0.5275 0.8316
vn 0.0796 -0.3774 0.9226
vn -0.5382 -0.5956 0.5962
vn -0.2711 -0.9524 0.1397
vn 0.3832 -0.8711 0.3072
vn 0.2844 -0.6954 0.6599
vn 0.2844 -0.6955 0.6599
vn -0.3233 -0.8531 0.4096
vn -0.2711 -0.9524 0.1396
vn -0.0397 -0.9978 -0.0523
vn -0.0397 -0.9978 -0.0524
vn 0.4792 -0.8775 -0.0220
vn -0.5004 -0.1143 -0.8582
vn -0.4002 -0.0809 -0.9129
vn 0.2244 0.2342 -0.9459
vn 0.2244 0.2343 -0.9459
vn 0.0600 0.2657 -0.9622
vn -0.3448 0.1526 -0.9262
vn -0.3604 0.0379 -0.9320
vn -0.5678 -0.0637 -0.8207
vn -0.0022 0.3058 -0.9521
vn 0.0199 0.2649 -0.9641
vn 0.9218 0.3852 0.0439
vn 0.9843 0.1768 0.0010
vn 0.6978 -0.0001 0.7163
vn 0.9218 0.3852 0.0440
vn 0.9117 0.2774 0.3029
vn 0.6978 -0.0002 0.7163
vn 0.6719 -0.0095 0.7406
vn 0.7463 0.5263 -0.4075
vn 0.5480 0.5471 -0.6328
vn 0.5795 0.5045 -0.6401
vn 0.6718 -0.0095 0.7406
vn 0.0921 -0.4127 0.9062
vn 0.0844 -0.3875 0.9180
vn 0.8639 -0.3941 0.3136
vn 0.7612 -0.3037 0.5731
vn 0.2845 -0.6954 0.6599
vn 0.8639 -0.3942 0.3136
vn 0.2245 0.2342 -0.9459
vn 0.7079 0.3705 -0.6013
vn 0.7080 0.3706 -0.6012
vn 0.6121 0.4512 -0.6495
vn 0.0601 0.2658 -0.9622
vn -0.0021 0.3058 -0.9521
vn 0.5868 0.4774 -0.6540
vn 0.4051 0.3998 -0.8222
vn 0.0200 0.2649 -0.9641
vn 0.1738 -0.5274 0.8316
vn 0.7012 -0.1209 0.7026
vn 0.6605 -0.0017 0.7508
vn 0.0797 -0.3774 0.9226
vn 0.9843 0.1767 0.0009
vn 0.9218 0.3853 0.0439
vn 0.6121 0.4512 -0.6494
vn -0.5438 -0.6197 0.5659
vn 0.0198 -0.4696 0.8826
vn -0.6048 -0.6448 0.4674
vn -0.4002 -0.0809 -0.9128
vn -0.5005 -0.1144 -0.8581
vn -0.5005 -0.1143 -0.8582
vn -0.8255 -0.5251 -0.2072
vn -0.8009 -0.5143 -0.3066
vn -0.8278 -0.4893 -0.2745
vn -0.7389 -0.6565 -0.1519
vn -0.3234 -0.8531 0.4096
vn -0.3234 -0.8530 0.4096
vn 0.0198 -0.4695 0.8827
vn 0.6977 -0.0002 0.7163
vn 0.5675 0.5260 -0.6335
vn 0.9203 0.3900 0.0311
vn 0.9135 0.4012 0.0676
vn 0.6606 -0.0016 0.7508
vn 0.7013 -0.1208 0.7026
vn 0.5674 0.5260 -0.6335
vn 0.0072 0.3249 -0.9457
vn 0.0093 0.3398 -0.9405
vn 0.0093 0.3397 -0.9405
vn 0.5479 0.5471 -0.6329
vn -0.5408 -0.0484 -0.8397
vn -0.5402 -0.0494 -0.8401
vn 0.0092 0.3397 -0.9405
vn 0.0071 0.3248 -0.9457
vn -0.5408 -0.0484 -0.8398
vn -0.5403 -0.0495 -0.8400
vn -0.5409 -0.0485 -0.8397
vn -0.5483 -0.0292 -0.8358
vn -0.0263 0.3161 -0.9484
vn -0.5483 -0.0291 -0.8358
vn -0.0262 0.3161 -0.9484
vn 0.5330 0.5176 -0.6693
vn 0.5868 0.4774 -0.6541
vn 0.9738 0.2217 0.0501
vn 0.9203 0.3900 0.0310
vn 0.7012 -0.1208 0.7026
vn 0.7013 -0.1209 0.7026
vn 0.7612 -0.3036 0.5731
vn 0.9738 0.2217 0.0500
vn 0.9738 0.2218 0.0501
vn 0.5869 0.4774 -0.6539
vn 0.5331 0.5176 -0.6692
vn 0.3831 -0.8711 0.3072
vn 0.4792 -0.8774 -0.0219
vn 0.8236 -0.5596 0.0920
vn 0.8236 -0.5596 0.0921
vn -0.5484 -0.0292 -0.8357
vn -0.5679 -0.0638 -0.8207
vn -0.7389 -0.6564 -0.1519
vn -0.6986 -0.2104 -0.6839
vn -0.5483 -0.0292 -0.8357
vn -0.7389 -0.6565 -0.1518
vn 0.4051 0.3997 -0.8222
vn 0.5869 0.4774 -0.6540
vn -0.0397 -0.9978 -0.0525
vn -0.2711 -0.9524 0.1395
vn -0.3233 -0.8530 0.4096
vn 0.7012 -0.1210 0.7026
vn 0.1738 -0.5275 0.8316
vn 0.5238 0.6198 -0.5844
vn 0.2222 0.1287 -0.9665
vn 0.2194 0.0994 -0.9706
vn 0.2195 0.0995 -0.9705
vn 0.5418 0.5807 -0.6077
vn 0.5239 0.6198 -0.5843
vn 0.2194 0.0994 -0.9705
vn 0.5347 0.6585 -0.5296
vn 0.2079 0.1550 -0.9658
vn 0.5450 0.6548 -0.5236
vn -0.2420 -0.4830 -0.8415
vn 0.2269 0.1769 -0.9577
vn -0.2282 -0.5161 -0.8255
vn -0.2419 -0.4830 -0.8416
vn 0.1885 0.1603 -0.9689
vn 0.1670 0.1330 -0.9769
vn -0.2728 -0.5324 -0.8013
vn -0.2640 -0.4978 -0.8261
vn 0.1886 0.1603 -0.9689
vn 0.1706 0.1146 -0.9787
vn -0.2727 -0.5324 -0.8013
vn 0.5343 0.6586 -0.5299
vn 0.5211 0.6669 -0.5327
vn 0.1671 0.1330 -0.9769
vn 0.1670 0.1331 -0.9769
vn -0.5139 -0.8343 -0.1997
vn -0.3575 -0.8984 -0.2553
vn -0.1633 -0.5342 -0.8295
vn -0.5139 -0.8343 -0.1996
vn -0.2282 -0.5162 -0.8255
vn -0.2283 -0.5162 -0.8255
vn -0.4688 -0.8759 -0.1137
vn -0.2640 -0.4979 -0.8261
vn -0.2728 -0.5325 -0.8013
vn -0.4950 -0.8609 -0.1174
vn -0.4951 -0.8609 -0.1174
vn -0.4852 -0.8671 -0.1132
vn -0.2427 -0.5602 -0.7920
vn -0.4522 -0.8860 -0.1026
vn 0.3981 -0.9167 -0.0353
vn -0.0750 -0.9951 -0.0647
vn 0.0179 -0.7208 -0.6929
vn 0.4112 -0.5711 -0.7104
vn 0.6374 -0.5743 -0.5137
vn 0.6526 -0.7567 0.0390
vn 0.6057 0.7821 0.1462
vn 0.5999 0.7894 0.1300
vn 0.5211 0.6669 -0.5326
vn 0.5343 0.6586 -0.5298
vn 0.6319 0.7672 0.1099
vn 0.5238 0.6199 -0.5842
vn 0.5418 0.5808 -0.6076
vn 0.6320 0.7672 0.1100
vn 0.5584 0.8171 0.1436
vn 0.5071 0.7039 -0.4973
vn 0.5041 0.6890 -0.5208
vn 0.5839 0.7997 0.1401
vn 0.6060 0.0956 0.7897
vn 0.0770 -0.1372 0.9875
vn 0.4229 0.4760 0.7711
vn 0.6089 0.4834 0.6289
vn 0.6061 0.0956 0.7896
vn 0.3892 0.4755 0.7889
vn -0.0112 -0.0845 0.9964
vn -0.0191 -0.0939 0.9954
vn -0.3538 -0.6456 0.6768
vn -0.0191 -0.0940 0.9954
vn -0.0112 -0.0846 0.9964
vn 0.0073 -0.0981 0.9951
vn -0.3786 -0.6786 0.6294
vn -0.3537 -0.6457 0.6768
vn -0.3537 -0.6456 0.6768
vn 0.3533 0.4518 0.8192
vn 0.0074 -0.0980 0.9952
vn 0.3879 0.4755 0.7896
vn -0.0289 -0.0942 0.9951
vn -0.3651 -0.6469 0.6695
vn -0.3916 -0.6748 0.6255
vn -0.3916 -0.6748 0.6256
vn -0.0330 -0.1153 0.9928
vn -0.0289 -0.0941 0.9951
vn 0.3762 0.4833 0.7905
vn -0.0330 -0.1152 0.9928
vn 0.3889 0.4916 0.7792
vn 0.3762 0.4832 0.7905
vn -0.3786 -0.6787 0.6293
vn -0.2660 -0.7638 0.5881
vn -0.2659 -0.7637 0.5882
vn -0.3575 -0.8984 -0.2552
vn -0.5140 -0.8343 -0.1996
vn -0.3580 -0.6572 0.6633
vn -0.4688 -0.8760 -0.1138
vn -0.4662 -0.8733 -0.1416
vn -0.3494 -0.6719 0.6530
vn -0.4523 -0.8860 -0.1026
vn -0.3651 -0.6470 0.6694
vn -0.4851 -0.8671 -0.1132
vn -0.3916 -0.6749 0.6255
vn -0.0750 -0.9951 -0.0645
vn 0.3981 -0.9167 -0.0352
vn 0.2865 -0.6870 0.6678
vn 0.2864 -0.6871 0.6678
vn -0.0442 -0.7527 0.6569
vn -0.0750 -0.9951 -0.0646
vn 0.3763 0.4833 0.7905
vn 0.3890 0.4916 0.7791
vn 0.3889 0.4916 0.7791
vn 0.5999 0.7894 0.1301
vn 0.6057 0.7821 0.1463
vn 0.6089 0.4835 0.6288
vn 0.4229 0.4761 0.7710
vn 0.6320 0.7671 0.1099
vn 0.5584 0.8171 0.1437
vn 0.5839 0.7996 0.1401
vn 0.4082 0.5216 0.7492
vn 0.3926 0.5624 0.7277
vn 0.5583 0.8171 0.1437
vn -0.1447 -0.6245 -0.7675
vn -0.2426 -0.5601 -0.7921
vn 0.0327 -0.2622 -0.9645
vn -0.3112 -0.9431 -0.1173
vn -0.1448 -0.6246 -0.7674
vn -0.2421 -0.7193 0.6512
vn 0.0328 -0.2622 -0.9645
vn 0.2761 -0.0522 -0.9597
vn -0.1447 -0.6246 -0.7675
vn -0.0441 -0.7526 0.6570
vn 0.2864 -0.6870 0.6678
vn 0.1723 -0.0573 0.9834
vn 0.0029 -0.0816 0.9967
vn -0.3494 -0.6719 0.6531
vn -0.2421 -0.7192 0.6513
vn 0.0719 -0.0628 0.9954
vn 0.0029 -0.0817 0.9967
vn -0.2283 -0.5161 -0.8255
vn 0.1923 0.1710 -0.9663
vn -0.2473 -0.5143 -0.8211
vn -0.2474 -0.5144 -0.8211
vn -0.4661 -0.8733 -0.1416
vn -0.4688 -0.8759 -0.1138
vn -0.3538 -0.6457 0.6767
vn -0.3786 -0.6786 0.6293
vn 0.4082 0.5215 0.7493
vn 0.0720 -0.0627 0.9954
vn 0.3925 0.5624 0.7278
vn 0.5083 0.6825 -0.5252
vn 0.5915 0.7951 0.1338
vn 0.5999 0.7895 0.1300
vn 0.3976 0.5092 0.7633
vn 0.0030 -0.0816 0.9967
vn -0.3915 -0.6748 0.6255
vn 0.0030 -0.0817 0.9967
vn -0.0330 -0.1154 0.9928
vn 0.5915 0.7951 0.1339
vn 0.1705 0.1146 -0.9787
vn 0.5041 0.6889 -0.5208
vn 0.5041 0.6889 -0.5209
vn 0.5071 0.7039 -0.4974
vn 0.4255 0.5268 -0.7358
vn 0.5412 0.8315 0.1255
vn 0.5118 0.6674 -0.5409
vn 0.5412 0.8315 0.1256
vn 0.3925 0.5624 0.7277
vn 0.3930 0.5646 0.7258
vn 0.4112 -0.5711 -0.7105
vn -0.0442 -0.7526 0.6570
vn 0.0720 -0.0628 0.9954
vn 0.5118 0.6674 -0.5410
vn 0.5455 0.7579 -0.3579
vn 0.1724 -0.0572 0.9834
vn 0.3931 0.5646 0.7258
vn 0.5455 0.7578 -0.3579
vn 0.5499 0.8326 0.0656
vn 0.5412 0.8314 0.1256
vn 0.4799 0.7031 0.5248
vn 0.4799 0.7031 0.5247
vn 0.5499 0.8326 0.0657
vn 0.3980 -0.9167 -0.0353
vn 0.5235 -0.6357 0.5673
vn 0.2762 -0.0522 -0.9597
vn 0.4297 0.5244 -0.7351
vn 0.4256 0.5268 -0.7358
vn -0.1447 -0.6246 -0.7674
vn 0.0178 -0.7208 -0.6929
vn -0.0751 -0.9951 -0.0646
vn -0.3112 -0.9431 -0.1174
vn 0.3956 0.4890 -0.7774
vn 0.0308 -0.0372 -0.9988
vn 0.3998 0.4940 -0.7721
vn -0.3126 -0.6333 -0.7079
vn -0.2573 -0.6434 -0.7210
vn 0.0781 -0.0490 -0.9957
vn 0.0781 -0.0489 -0.9957
vn 0.0307 -0.0373 -0.9988
vn -0.3126 -0.6333 -0.7080
vn 0.0056 -0.1157 -0.9933
vn -0.3983 -0.6597 -0.6373
vn 0.0160 -0.0594 -0.9981
vn 0.0445 -0.1285 -0.9907
vn 0.4142 0.5197 -0.7472
vn 0.4143 0.5197 -0.7472
vn 0.4244 0.5651 -0.7075
vn 0.4196 0.5124 -0.7493
vn 0.4341 0.5076 -0.7442
vn -0.2573 -0.6435 -0.7210
vn -0.4689 -0.8780 0.0959
vn -0.4689 -0.8780 0.0958
vn -0.4182 -0.9023 0.1047
vn -0.5134 -0.8487 0.1271
vn -0.3614 -0.7037 -0.6117
vn -0.4597 -0.8783 0.1316
vn 0.3119 -0.8375 -0.4487
vn 0.5207 -0.8531 0.0328
vn -0.0940 -0.9904 0.1012
vn -0.0939 -0.9904 0.1013
vn -0.0758 -0.7939 -0.6033
vn 0.6244 -0.5528 -0.5518
vn 0.7586 -0.6510 0.0264
vn 0.5829 0.8081 -0.0847
vn 0.4143 0.5198 -0.7471
vn 0.6145 0.7778 -0.1319
vn 0.5829 0.8082 -0.0846
vn 0.6162 0.7770 -0.1291
vn 0.4342 0.5077 -0.7442
vn 0.6333 0.7632 -0.1283
vn 0.3981 0.4413 -0.8042
vn 0.6285 0.7652 -0.1396
vn 0.6285 0.7651 -0.1396
vn 0.6045 0.7905 -0.0983
vn 0.3999 0.4940 -0.7720
vn 0.1142 0.1249 0.9856
vn 0.1215 0.1012 0.9874
vn 0.4888 0.5840 0.6481
vn -0.2717 -0.4850 0.8312
vn 0.1214 0.1012 0.9874
vn 0.1141 0.1248 0.9856
vn 0.1500 0.0898 0.9846
vn -0.2148 -0.5079 0.8342
vn 0.4757 0.6104 0.6333
vn 0.4944 0.5865 0.6415
vn 0.1501 0.0899 0.9846
vn 0.1142 0.1248 0.9856
vn 0.4757 0.6104 0.6334
vn 0.1451 0.0133 0.9893
vn 0.4781 0.6256 0.6165
vn 0.5139 0.6273 0.5852
vn 0.5139 0.6273 0.5851
vn 0.1503 0.0818 0.9853
vn 0.1503 0.0817 0.9853
vn -0.2499 -0.5418 0.8025
vn -0.2207 -0.6268 0.7473
vn -0.2206 -0.6268 0.7473
vn 0.1450 0.0133 0.9893
vn -0.2821 -0.4985 0.8197
vn 0.1541 0.1299 0.9795
vn 0.1541 0.1300 0.9795
vn 0.1503 0.0818 0.9852
vn 0.5080 0.6343 0.5828
vn -0.5265 -0.8436 0.1057
vn -0.3042 -0.5013 0.8101
vn -0.2499 -0.5419 0.8024
vn -0.5134 -0.8487 0.1270
vn -0.4597 -0.8783 0.1315
vn -0.0940 -0.9904 0.1013
vn 0.4011 -0.5489 0.7334
vn 0.4010 -0.5490 0.7334
vn 0.0152 -0.6626 0.7488
vn -0.0940 -0.9904 0.1011
vn 0.5829 0.8082 -0.0845
vn 0.6145 0.7778 -0.1318
vn 0.5139 0.6274 0.5851
vn 0.4781 0.6256 0.6164
vn 0.5829 0.8081 -0.0845
vn 0.5251 0.6221 0.5807
vn 0.6161 0.7770 -0.1290
vn 0.6333 0.7632 -0.1282
vn 0.4945 0.5865 0.6415
vn 0.4757 0.6105 0.6333
vn 0.4757 0.6105 0.6332
vn 0.5155 0.5667 0.6427
vn 0.1299 0.0996 0.9865
vn 0.5178 0.5848 0.6244
vn 0.5155 0.5666 0.6428
vn -0.3106 -0.4931 0.8126
vn 0.1299 0.0995 0.9865
vn 0.1214 0.1011 0.9874
vn -0.3041 -0.5012 0.8101
vn -0.3107 -0.4931 0.8126
vn 0.6782 0.7274 -0.1044
vn 0.5156 0.5667 0.6427
vn 0.5178 0.5848 0.6243
vn 0.5179 0.5849 0.6243
vn 0.6614 0.7427 -0.1046
vn 0.6783 0.7274 -0.1044
vn -0.3585 -0.6201 -0.6979
vn -0.4009 -0.6125 -0.6813
vn -0.5489 -0.8303 0.0966
vn -0.3615 -0.7037 -0.6117
vn -0.3060 -0.7403 -0.5986
vn -0.3791 -0.9224 0.0735
vn -0.4598 -0.8782 0.1315
vn -0.4598 -0.8782 0.1316
vn -0.3791 -0.9224 0.0736
vn -0.2207 -0.6268 0.7472
vn -0.2501 -0.5419 0.8024
vn 0.0445 -0.1286 -0.9907
vn -0.3060 -0.7403 -0.5987
vn -0.3059 -0.7403 -0.5987
vn -0.3614 -0.7036 -0.6118
vn -0.0758 -0.7938 -0.6034
vn 0.1547 -0.1962 -0.9683
vn 0.0151 -0.6625 0.7489
vn 0.4010 -0.5489 0.7334
vn 0.2164 -0.0420 0.9754
vn 0.0294 -0.0252 -0.9992
vn -0.3584 -0.6200 -0.6979
vn -0.3584 -0.6201 -0.6979
vn 0.6376 0.7644 -0.0958
vn 0.6045 0.7905 -0.0984
vn 0.6375 0.7645 -0.0956
vn 0.6046 0.7905 -0.0982
vn 0.5193 0.8492 -0.0960
vn 0.4054 0.5263 -0.7474
vn 0.4295 0.6053 0.6702
vn 0.5193 0.8492 -0.0959
vn 0.4782 0.6256 0.6164
vn 0.1548 -0.1962 -0.9683
vn 0.4456 0.6569 -0.6082
vn 0.4055 0.5262 -0.7475
vn 0.2164 -0.0419 0.9754
vn 0.4055 0.5263 -0.7474
vn 0.4741 0.8742 -0.1045
vn 0.4684 0.7701 0.4331
vn 0.4741 0.8743 -0.1044
vn 0.5192 0.8492 -0.0959
vn 0.4684 0.7700 0.4332
vn -0.3584 -0.6200 -0.6980
vn 0.0294 -0.0253 -0.9992
vn 0.0159 -0.0386 -0.9991
vn -0.4009 -0.6124 -0.6813
vn 0.5207 -0.8531 0.0327
vn 0.6488 -0.4932 0.5795
vn 0.4244 0.5650 -0.7075
vn 0.4054 0.5262 -0.7475
vn 0.4296 0.6052 0.6702
vn -0.0759 -0.7939 -0.6033
vn -0.3791 -0.9224 0.0737
vn 0.3506 0.5114 -0.7846
vn -0.0250 -0.0879 -0.9958
vn 0.3403 0.5031 -0.7944
vn -0.0248 -0.0880 -0.9958
vn -0.3147 -0.6841 -0.6580
vn -0.3147 -0.6842 -0.6579
vn 0.0214 -0.0880 -0.9959
vn -0.3754 -0.6710 -0.6394
vn -0.3361 -0.6717 -0.6602
vn -0.0301 -0.0997 -0.9946
vn -0.0300 -0.0996 -0.9946
vn -0.0515 -0.1174 -0.9917
vn -0.0019 -0.1142 -0.9935
vn -0.3724 -0.7182 -0.5877
vn -0.0274 -0.1397 -0.9898
vn 0.3823 0.5304 -0.7567
vn -0.0275 -0.1397 -0.9898
vn 0.3774 0.5204 -0.7660
vn -0.0515 -0.1173 -0.9918
vn 0.3609 0.5021 -0.7859
vn 0.3714 0.5113 -0.7750
vn -0.4238 -0.8998 0.1033
vn -0.4633 -0.8780 0.1203
vn -0.4530 -0.8812 0.1351
vn -0.3361 -0.6718 -0.6601
vn -0.3755 -0.6710 -0.6393
vn -0.4542 -0.8810 0.1321
vn -0.3724 -0.7183 -0.5877
vn -0.3359 -0.7330 -0.5915
vn -0.0469 -0.9947 0.0912
vn -0.0463 -0.8838 -0.4656
vn 0.2802 -0.8794 -0.3849
vn 0.2801 -0.8794 -0.3849
vn 0.4860 -0.8738 0.0138
vn -0.0469 -0.9947 0.0913
vn 0.6066 -0.6847 -0.4039
vn 0.7522 -0.6587 0.0189
vn 0.4860 -0.8739 0.0138
vn 0.3824 0.5305 -0.7566
vn 0.3775 0.5205 -0.7659
vn 0.5589 0.8178 -0.1371
vn 0.5713 0.8110 -0.1259
vn 0.5656 0.8150 -0.1258
vn 0.3714 0.5114 -0.7750
vn 0.3715 0.5114 -0.7749
vn 0.3609 0.5022 -0.7858
vn 0.5542 0.8226 -0.1272
vn 0.3404 0.5032 -0.7943
vn 0.3782 0.4607 -0.8029
vn 0.5538 0.8242 -0.1180
vn 0.5293 0.8419 -0.1050
vn 0.3805 0.5687 -0.7293
vn 0.3650 0.5540 -0.7482
vn 0.5485 0.8247 -0.1380
vn 0.5294 0.8419 -0.1049
vn 0.1255 0.1572 0.9796
vn 0.1339 0.1473 0.9800
vn 0.4542 0.6671 0.5904
vn -0.2269 -0.4603 0.8583
vn 0.1339 0.1472 0.9800
vn 0.1254 0.1571 0.9796
vn 0.1162 0.1225 0.9856
vn -0.2056 -0.4628 0.8623
vn -0.2268 -0.4603 0.8583
vn 0.1255 0.1571 0.9796
vn 0.4540 0.6284 0.6317
vn 0.1163 0.1226 0.9856
vn 0.4582 0.6706 0.5833
vn 0.1338 0.1291 0.9826
vn 0.4618 0.6837 0.5650
vn 0.4710 0.6812 0.5605
vn -0.2614 -0.5183 0.8143
vn 0.1523 0.1151 0.9816
vn 0.1427 0.1513 0.9781
vn -0.2331 -0.4775 0.8471
vn -0.2331 -0.4775 0.8472
vn -0.2355 -0.4890 0.8399
vn 0.4693 0.6613 0.5851
vn 0.1340 0.1473 0.9800
vn 0.1428 0.1514 0.9781
vn 0.4627 0.6727 0.5773
vn 0.4693 0.6613 0.5852
vn -0.2332 -0.4775 0.8471
vn -0.2236 -0.5612 0.7969
vn -0.4542 -0.8810 0.1323
vn -0.4023 -0.9082 0.1159
vn -0.2355 -0.4890 0.8398
vn -0.4530 -0.8812 0.1352
vn -0.0469 -0.9947 0.0914
vn 0.3618 -0.8264 0.4316
vn 0.3618 -0.8264 0.4315
vn -0.0146 -0.7502 0.6610
vn 0.4710 0.6812 0.5604
vn 0.4619 0.6838 0.5649
vn 0.5589 0.8178 -0.1370
vn 0.5713 0.8111 -0.1258
vn 0.4694 0.6614 0.5851
vn 0.4628 0.6728 0.5773
vn 0.4627 0.6728 0.5773
vn 0.5656 0.8150 -0.1257
vn 0.4582 0.6707 0.5833
vn 0.5538 0.8243 -0.1179
vn 0.4541 0.6284 0.6316
vn 0.5542 0.8226 -0.1271
vn 0.5294 0.8419 -0.1048
vn 0.5485 0.8247 -0.1379
vn 0.4582 0.6750 0.5783
vn 0.4582 0.6750 0.5782
vn 0.4600 0.6617 0.5921
vn 0.5293 0.8419 -0.1049
vn -0.2480 -0.7783 -0.5768
vn -0.0019 -0.1141 -0.9935
vn 0.0383 -0.1682 -0.9850
vn -0.3143 -0.9422 0.1162
vn -0.4022 -0.9082 0.1158
vn -0.2480 -0.7784 -0.5767
vn -0.1805 -0.6255 0.7590
vn -0.2237 -0.5612 0.7969
vn -0.4022 -0.9082 0.1159
vn -0.4023 -0.9082 0.1158
vn -0.3142 -0.9422 0.1163
vn -0.1805 -0.6256 0.7590
vn -0.0464 -0.8837 -0.4657
vn 0.0383 -0.1683 -0.9850
vn 0.1259 -0.2879 -0.9493
vn -0.0464 -0.8838 -0.4656
vn -0.0146 -0.7501 0.6612
vn 0.3618 -0.8263 0.4316
vn 0.2052 -0.1080 0.9727
vn 0.1523 0.1150 0.9816
vn -0.1804 -0.6256 0.7590
vn -0.1804 -0.6255 0.7591
vn 0.1382 0.0072 0.9904
vn 0.1524 0.1151 0.9816
vn 0.3403 0.5032 -0.7943
vn -0.0249 -0.0879 -0.9958
vn -0.0300 -0.0997 -0.9946
vn -0.2269 -0.4604 0.8582
vn -0.3072 -0.6832 0.6625
vn -0.3082 -0.6826 0.6626
vn 0.4599 0.6617 0.5921
vn 0.3650 0.5540 -0.7483
vn 0.3804 0.5686 -0.7293
vn 0.5137 0.8500 -0.1171
vn 0.3823 0.4895 -0.7837
vn 0.3805 0.5687 -0.7292
vn 0.3805 0.5686 -0.7293
vn 0.5137 0.8499 -0.1172
vn 0.4600 0.6617 0.5920
vn 0.4496 0.6332 0.6300
vn 0.5137 0.8499 -0.1171
vn 0.5137 0.8500 -0.1170
vn 0.1259 -0.2879 -0.9494
vn -0.0147 -0.7501 0.6612
vn 0.2051 -0.1080 0.9728
vn 0.1383 0.0072 0.9904
vn -0.0147 -0.7501 0.6611
vn 0.3804 0.5687 -0.7293
vn 0.3823 0.4894 -0.7838
vn 0.1260 -0.2878 -0.9494
vn 0.2051 -0.1080 0.9727
vn 0.4426 0.6643 -0.6023
vn 0.3824 0.4894 -0.7837
vn 0.4964 0.8569 -0.1393
vn 0.4426 0.6644 -0.6023
vn 0.5137 0.8499 -0.1170
vn 0.4906 0.7787 0.3910
vn 0.4906 0.7788 0.3910
vn 0.4964 0.8569 -0.1392
vn 0.7210 -0.6313 0.2857
vn 0.7522 -0.6586 0.0189
vn 0.4905 0.7787 0.3910
vn -0.0470 -0.9947 0.0913
vn -0.3143 -0.9422 0.1163
vn -0.2481 -0.7784 -0.5767
vn -0.0147 -0.7502 0.6611
vn -0.3142 -0.9422 0.1164
vn 0.4882 0.5131 -0.7059
vn 0.0217 -0.0555 -0.9982
vn -0.4104 -0.5950 -0.6911
vn 0.0228 0.0136 -0.9996
vn 0.4465 0.5503 -0.7056
vn 0.0229 0.0137 -0.9996
vn 0.4650 0.5227 -0.7145
vn -0.5886 -0.8036 0.0881
vn -0.4128 -0.6123 -0.6743
vn -0.4262 -0.5718 -0.7010
vn -0.4263 -0.5718 -0.7010
vn -0.6047 -0.7942 0.0601
vn -0.5388 -0.8396 0.0685
vn -0.3745 -0.6682 -0.6429
vn -0.4918 -0.8686 0.0598
vn -0.1176 -0.9930 -0.0082
vn -0.1282 -0.8082 -0.5748
vn 0.2684 -0.7305 -0.6280
vn 0.2684 -0.7304 -0.6281
vn 0.3478 -0.9370 -0.0335
vn 0.4856 -0.7682 -0.4172
vn 0.5394 -0.8403 -0.0542
vn 0.3479 -0.9370 -0.0334
vn 0.4466 0.5503 -0.7055
vn 0.4650 0.5228 -0.7145
vn 0.6833 0.7279 -0.0565
vn 0.5992 0.8005 -0.0088
vn 0.4399 0.5848 -0.6815
vn 0.4427 0.5542 -0.7049
vn 0.4427 0.5543 -0.7048
vn 0.6266 0.7783 -0.0395
vn 0.5992 0.8005 -0.0086
vn 0.0686 0.0206 0.9974
vn 0.4625 0.5672 0.6814
vn -0.3921 -0.5564 0.7325
vn 0.1252 -0.0264 0.9918
vn 0.5354 0.5630 0.6296
vn 0.5558 0.5331 0.6378
vn -0.3398 -0.6031 0.7217
vn 0.1339 -0.0313 0.9905
vn -0.3665 -0.5596 0.7433
vn 0.1028 0.0148 0.9946
vn 0.0685 0.0206 0.9974
vn -0.3921 -0.5564 0.7326
vn 0.4995 0.5457 0.6728
vn 0.1028 0.0149 0.9946
vn 0.5246 0.5382 0.6597
vn -0.5729 -0.8186 0.0417
vn -0.5886 -0.8036 0.0882
vn -0.3922 -0.5565 0.7325
vn -0.3089 -0.6311 0.7115
vn -0.5388 -0.8396 0.0686
vn -0.4918 -0.8686 0.0599
vn -0.1176 -0.9930 -0.0081
vn 0.3478 -0.9370 -0.0333
vn 0.2705 -0.9023 0.3356
vn 0.2704 -0.9024 0.3356
vn -0.0808 -0.7902 0.6075
vn 0.5559 0.5332 0.6378
vn 0.5354 0.5630 0.6295
vn 0.6833 0.7280 -0.0564
vn 0.6708 0.7412 -0.0254
vn 0.4995 0.5458 0.6727
vn 0.5247 0.5382 0.6596
vn 0.6892 0.7234 -0.0408
vn 0.5993 0.8005 -0.0086
vn 0.6267 0.7783 -0.0395
vn 0.5168 0.5666 0.6418
vn 0.4948 0.5636 0.6614
vn -0.2979 -0.6997 -0.6494
vn -0.3744 -0.6681 -0.6429
vn 0.0218 -0.0555 -0.9982
vn 0.0440 -0.0871 -0.9952
vn -0.2979 -0.6997 -0.6493
vn -0.3908 -0.9202 0.0222
vn -0.3744 -0.6682 -0.6429
vn -0.2492 -0.6813 0.6883
vn -0.3090 -0.6311 0.7115
vn -0.3907 -0.9202 0.0223
vn -0.2492 -0.6812 0.6884
vn -0.3666 -0.5596 0.7433
vn -0.3921 -0.5565 0.7325
vn -0.6047 -0.7942 0.0603
vn -0.3666 -0.5596 0.7432
vn 0.4685 0.5047 -0.7251
vn 0.4863 0.4922 -0.7220
vn 0.6892 0.7234 -0.0409
vn 0.0419 0.0138 -0.9990
vn 0.0829 -0.0117 -0.9965
vn 0.4862 0.4921 -0.7221
vn 0.4862 0.4922 -0.7221
vn 0.4685 0.5047 -0.7252
vn -0.4263 -0.5718 -0.7009
vn -0.4129 -0.6123 -0.6743
vn 0.0828 -0.0117 -0.9965
vn 0.0419 0.0137 -0.9990
vn 0.0441 -0.0871 -0.9952
vn 0.1215 -0.1973 -0.9728
vn -0.1282 -0.8081 -0.5749
vn -0.0808 -0.7902 0.6076
vn 0.1712 -0.1471 0.9742
vn -0.3089 -0.6311 0.7116
vn -0.2491 -0.6812 0.6884
vn 0.1323 -0.0726 0.9885
vn 0.5168 0.5665 0.6419
vn 0.1340 -0.0313 0.9905
vn 0.4947 0.5636 0.6615
vn 0.4426 0.5542 -0.7049
vn 0.4399 0.5848 -0.6816
vn 0.4399 0.5849 -0.6815
vn 0.5992 0.8005 -0.0087
vn 0.5960 0.8027 -0.0187
vn 0.5960 0.8027 -0.0188
vn 0.4423 0.5372 -0.7182
vn 0.5961 0.8027 -0.0186
vn 0.4948 0.5636 0.6615
vn 0.4634 0.5214 0.7165
vn 0.5961 0.8027 -0.0187
vn 0.1324 -0.0727 0.9885
vn -0.0808 -0.7901 0.6076
vn 0.1711 -0.1471 0.9742
vn 0.4856 -0.7682 -0.4173
vn 0.1216 -0.1973 -0.9728
vn 0.1324 -0.0726 0.9885
vn 0.1711 -0.1470 0.9742
vn 0.5442 0.6747 -0.4986
vn 0.5961 0.8027 -0.0188
vn 0.6148 0.7887 0.0005
vn 0.5442 0.6748 -0.4986
vn 0.5960 0.8027 -0.0186
vn 0.5582 0.6667 0.4938
vn 0.5583 0.6667 0.4938
vn 0.5304 -0.8250 0.1952
vn 0.3478 -0.9370 -0.0334
vn 0.5394 -0.8403 -0.0541
vn 0.1215 -0.1972 -0.9728
vn -0.1283 -0.8082 -0.5748
vn -0.3907 -0.9203 0.0222
vn -0.1177 -0.9930 -0.0081
vn -0.2491 -0.6813 0.6884
vn 0.0727 -0.0135 -0.9973
vn -0.2645 -0.7055 -0.6575
vn -0.3163 0.2779 -0.9071
vn -0.7913 -0.2144 -0.5727
vn -0.7044 -0.3132 -0.6370
vn -0.7044 -0.3132 -0.6369
vn -0.2539 0.1903 -0.9483
vn -0.3477 0.1944 -0.9172
vn -0.3668 0.2687 -0.8907
vn -0.8314 -0.2332 -0.5043
vn -0.8250 -0.2096 -0.5248
vn -0.8251 -0.2094 -0.5247
vn -0.3476 0.2988 -0.8887
vn -0.5696 -0.8138 0.1152
vn -0.4395 -0.8869 0.1423
vn -0.5461 -0.8364 0.0482
vn -0.5696 -0.8138 0.1151
vn -0.8444 -0.5354 -0.0193
vn -0.8073 -0.5803 -0.1075
vn -0.7913 -0.2145 -0.5726
vn -0.5697 -0.8138 0.1152
vn -0.6218 -0.7576 0.1986
vn -0.4395 -0.8869 0.1424
vn -0.3477 0.1945 -0.9172
vn -0.8125 -0.2932 -0.5038
vn -0.3667 0.2686 -0.8907
vn -0.2143 0.0537 0.9753
vn -0.2142 0.0537 0.9753
vn -0.6172 -0.4421 0.6509
vn 0.6172 0.7322 0.2879
vn 0.3363 0.5684 0.7509
vn 0.3267 0.5961 0.7334
vn 0.6173 0.7322 0.2878
vn 0.6284 0.7709 -0.1040
vn 0.4974 0.7387 -0.4549
vn 0.3363 0.5685 0.7509
vn 0.6173 0.7322 0.2879
vn 0.6284 0.7709 -0.1041
vn 0.4911 0.6636 -0.5644
vn 0.5748 0.7546 0.3166
vn 0.5619 0.7505 0.3478
vn 0.5825 0.7001 -0.4131
vn 0.7128 0.6804 -0.1703
vn 0.4327 0.4592 -0.7758
vn 0.4327 0.4592 -0.7759
vn 0.3397 0.4282 -0.8374
vn 0.5824 0.7001 -0.4131
vn 0.8117 0.5624 0.1577
vn 0.5596 0.5869 0.5851
vn 0.6286 0.7282 0.2730
vn 0.6162 0.6995 0.3619
vn -0.4786 -0.5940 0.6466
vn -0.2591 -0.0336 0.9653
vn -0.4860 -0.8616 0.1462
vn -0.4684 -0.8610 0.1983
vn -0.6049 -0.6448 0.4673
vn -0.8010 -0.5142 -0.3066
vn -0.8255 -0.5250 -0.2072
vn -0.5439 -0.6197 0.5658
vn -0.6048 -0.6448 0.4673
vn -0.3667 0.0855 -0.9264
vn 0.7801 0.1715 -0.6016
vn 0.9589 -0.2699 -0.0871
vn 0.9842 0.1768 0.0009
vn 0.7080 0.3705 -0.6012
vn 0.2805 0.3067 -0.9095
vn 0.7801 0.1716 -0.6017
vn 0.7079 0.3706 -0.6013
vn 0.6131 0.7660 0.1930
vn 0.6239 0.7685 0.1420
vn 0.5450 0.6549 -0.5235
vn 0.5498 0.6498 -0.5248
vn 0.6131 0.7660 0.1931
vn 0.3880 0.4756 0.7895
vn 0.6239 0.7685 0.1421
vn 0.6132 0.7660 0.1931
vn 0.3534 0.4519 0.8191
vn 0.3880 0.4755 0.7895
vn 0.5498 0.6497 -0.5249
vn 0.2268 0.1769 -0.9577
vn 0.5498 0.6498 -0.5249
vn 0.0782 -0.0489 -0.9957
vn 0.3981 0.4413 -0.8043
vn -0.2149 -0.5079 0.8342
vn -0.4181 -0.9023 0.1047
vn -0.2718 -0.4851 0.8312
vn 0.6615 0.7427 -0.1046
vn 0.4475 0.4805 -0.7542
vn 0.4408 0.4668 -0.7667
vn 0.0159 -0.0385 -0.9991
vn 0.0294 -0.0251 -0.9993
vn 0.4408 0.4667 -0.7667
vn 0.4475 0.4804 -0.7543
vn -0.3107 -0.4932 0.8126
vn -0.5265 -0.8436 0.1056
vn -0.5266 -0.8435 0.1057
vn -0.3239 -0.0167 0.9460
vn -0.3559 -0.9334 -0.0454
vn 0.3239 -0.9356 0.1401
vn -0.3390 -0.9395 -0.0498
vn -0.0766 -0.9066 0.4151
vn 0.6193 0.7733 0.1362
vn 0.3893 0.4756 0.7888
vn 0.6193 0.7733 0.1361
vn 0.5348 0.6585 -0.5295
vn 0.6484 0.7613 -0.0038
vn 0.6708 0.7415 0.0088
vn 0.6484 0.7613 -0.0039
vn 0.4882 0.5132 -0.7059
vn 0.6709 0.7415 0.0088
vn 0.0250 0.3194 -0.9473
vn 0.5794 0.5045 -0.6402
vn 0.5479 0.5471 -0.6328
vn 0.0249 0.3194 -0.9473
vn -0.5252 -0.0627 -0.8487
vn 0.0249 0.3193 -0.9473
vn 0.0248 0.3194 -0.9473
vn 0.6864 0.6414 0.3426
vn 0.6725 0.7362 -0.0752
vn 0.6865 0.6414 0.3426
vn 0.6725 0.7363 -0.0751
vn 0.6729 0.7322 -0.1055
vn 0.6728 0.7322 -0.1054
vn 0.7128 0.6803 -0.1704
vn 0.7128 0.6804 -0.1704
vn 0.6685 0.7384 0.0885
vn 0.5596 0.5870 0.5851
vn 0.5246 0.5367 0.6608
vn 0.6799 0.7252 0.1087
vn 0.6287 0.7282 0.2730
vn 0.7928 0.6090 -0.0229
vn 0.7928 0.6091 -0.0228
vn 0.6286 0.7282 0.2729
vn 0.6799 0.7252 0.1086
vn 0.5754 0.6231 0.5297
vn 0.1508 0.4740 0.8675
vn 0.2352 0.4670 0.8524
vn 0.6313 0.6368 0.4428
vn 0.5754 0.6231 0.5298
vn 0.6775 0.6913 0.2511
vn 0.6313 0.6367 0.4428
vn 0.6312 0.6368 0.4427
vn 0.3631 0.5017 0.7851
vn 0.4151 0.4582 0.7860
vn -0.2538 0.1903 -0.9483
vn -0.6162 -0.4136 -0.6703
vn -0.6171 -0.4421 0.6509
vn -0.5336 -0.5381 0.6525
vn -0.7201 -0.6557 0.2268
vn -0.7361 -0.6661 0.1206
vn -0.6916 -0.6931 0.2035
vn -0.3476 0.2988 -0.8888
vn -0.8250 -0.2096 -0.5249
vn -0.7913 -0.2144 -0.5726
vn -0.3163 0.2779 -0.9070
vn -0.8249 -0.2098 -0.5249
vn -0.8117 -0.5802 0.0674
vn -0.2763 -0.9497 0.1475
vn 0.0328 -0.9703 -0.2399
vn -0.3967 -0.9156 -0.0665
vn 0.6287 0.7282 0.2729
vn 0.6162 0.6995 0.3618
vn -0.5757 -0.7678 0.2811
vn -0.2762 -0.9497 0.1476
vn -0.4394 -0.8869 0.1424
vn -0.5757 -0.7678 0.2810
vn 0.6553 0.7471 -0.1114
vn 0.4665 0.4214 -0.7777
vn 0.6267 0.4385 -0.6442
vn 0.2109 0.0070 0.9775
vn 0.5209 0.5767 0.6294
vn 0.5208 0.5768 0.6293
vn 0.6111 0.5724 0.5467
vn 0.5094 -0.1300 0.8506
vn -0.1801 -0.9133 -0.3652
vn -0.1270 -0.8231 0.5535
vn -0.4101 -0.9071 0.0952
vn 0.6486 0.5677 0.5071
vn 0.7591 0.5350 0.3709
vn -0.4860 -0.8617 0.1461
vn -0.4020 -0.9152 0.0277
vn 0.4910 0.6635 -0.5644
vn 0.5824 0.7001 -0.4130
vn 0.3396 0.4282 -0.8374
vn 0.3690 0.3857 -0.8456
vn 0.4910 0.6636 -0.5644
vn 0.4636 0.3886 -0.7963
vn 0.4670 0.6404 -0.6097
vn 0.5325 0.4244 -0.7323
vn 0.6314 0.2967 -0.7164
vn 0.3396 0.4282 -0.8375
vn 0.4326 0.4591 -0.7759
vn 0.4654 0.4602 -0.7561
vn 0.2061 0.4491 -0.8694
vn 0.1450 0.5416 -0.8280
vn 0.4062 0.6182 -0.6730
vn 0.2451 0.3833 -0.8905
vn 0.4654 0.4601 -0.7561
vn 0.6314 0.2967 -0.7165
vn 0.2805 0.3067 -0.9096
vn -0.2229 0.0638 0.9727
vn -0.6044 -0.5623 0.5643
vn -0.5990 -0.5904 0.5409
vn -0.6045 -0.5623 0.5643
vn -0.2353 0.1050 0.9662
vn 0.3143 0.6115 0.7261
vn -0.3560 -0.9334 -0.0453
vn -0.3967 -0.9155 -0.0665
vn 0.1259 -0.2878 -0.9494
vn -0.1106 -0.9735 0.2004
vn -0.2763 -0.9497 0.1476
vn 0.6485 0.5677 0.5070
vn 0.5318 0.7044 0.4700
vn -0.3667 0.2688 -0.8907
vn -0.3476 0.2989 -0.8888
vn 0.1450 0.5417 -0.8280
vn 0.1948 0.5840 -0.7880
vn -0.7520 -0.6452 -0.1348
vn -0.4700 -0.8825 -0.0159
vn -0.4860 -0.8616 0.1461
vn 0.2684 -0.7304 -0.6280
vn 0.2706 -0.9023 0.3356
vn 0.5442 0.6748 -0.4985
vn 0.3190 -0.0709 0.9451
vn 0.6067 -0.6847 -0.4039
vn 0.2948 -0.1980 -0.9348
vn 0.6066 -0.6847 -0.4040
vn 0.2802 -0.8794 -0.3850
vn 0.4009 0.0311 0.9156
vn 0.6244 -0.5528 -0.5519
vn 0.3530 -0.2307 -0.9067
vn 0.3120 -0.8375 -0.4487
vn 0.5208 -0.8531 0.0328
vn 0.6488 -0.4931 0.5795
vn 0.2165 -0.0420 0.9754
vn 0.6374 -0.5743 -0.5138
vn 0.5235 -0.6356 0.5674
vn 0.2865 -0.6871 0.6677
vn 0.5236 -0.6356 0.5673
vn 0.1724 -0.0573 0.9834
vn -0.5678 -0.0638 -0.8207
vn 0.1923 0.1709 -0.9663
vn 0.5080 0.6740 -0.5363
vn 0.5937 0.7925 0.1396
vn 0.5080 0.6741 -0.5363
vn 0.5347 0.6586 -0.5295
vn 0.6193 0.7732 0.1362
vn 0.3893 0.4756 0.7889
vn 0.3949 0.4777 0.7847
vn 0.3950 0.4777 0.7847
vn 0.5936 0.7925 0.1397
vn 0.3949 0.4776 0.7848
vn 0.3900 0.4711 0.7912
vn 0.5942 0.7894 0.1541
vn 0.5937 0.7925 0.1398
vn 0.5937 0.7925 0.1397
vn 0.3900 0.4711 0.7911
vn 0.5188 0.6731 -0.5271
vn 0.5942 0.7894 0.1540
vn 0.5188 0.6731 -0.5270
vn 0.1922 0.1710 -0.9663
vn 0.5079 0.6741 -0.5363
vn 0.4989 0.6818 -0.5350
vn 0.1706 0.1145 -0.9787
vn 0.4989 0.6819 -0.5349
vn 0.5083 0.6826 -0.5251
vn 0.5915 0.7952 0.1338
vn 0.5864 0.7988 0.1344
vn 0.4184 0.5076 0.7532
vn 0.5864 0.7988 0.1345
vn 0.5914 0.7952 0.1338
vn 0.3976 0.5093 0.7632
vn 0.4184 0.5077 0.7532
vn 0.4183 0.5075 0.7533
vn 0.3975 0.5092 0.7633
vn 0.0030 -0.0815 0.9967
vn 0.5839 0.7997 0.1402
vn 0.4195 0.4847 -0.7675
vn 0.3956 0.4891 -0.7774
vn 0.6375 0.7644 -0.0958
vn 0.6375 0.7645 -0.0957
vn 0.6747 0.7326 -0.0905
vn 0.4195 0.4848 -0.7675
vn 0.6747 0.7325 -0.0905
vn 0.6375 0.7645 -0.0958
vn 0.4888 0.5841 0.6480
vn 0.4888 0.5840 0.6480
vn 0.5083 0.5694 0.6460
vn 0.5082 0.5694 0.6461
vn 0.5082 0.5694 0.6462
vn 0.5083 0.5694 0.6461
vn 0.4408 0.4668 -0.7666
vn 0.4194 0.4847 -0.7676
vn 0.4140 0.5078 -0.7555
vn 0.0056 -0.1156 -0.9933
vn 0.4141 0.5078 -0.7554
vn 0.4196 0.5124 -0.7492
vn 0.6161 0.7770 -0.1291
vn 0.6167 0.7759 -0.1325
vn 0.4141 0.5079 -0.7554
vn 0.5089 0.6287 0.5881
vn 0.6162 0.7770 -0.1290
vn 0.5080 0.6343 0.5827
vn 0.5090 0.6286 0.5881
vn 0.5089 0.6286 0.5882
vn 0.5080 0.6342 0.5828
vn 0.1504 0.0818 0.9852
vn 0.6145 0.7778 -0.1317
vn 0.6168 0.7759 -0.1324
vn 0.5089 0.6286 0.5881
vn 0.6167 0.7759 -0.1326
vn 0.4142 0.5198 -0.7471
vn 0.3506 0.5114 -0.7845
vn 0.3521 0.5163 -0.7807
vn 0.3506 0.5115 -0.7845
vn 0.5538 0.8243 -0.1180
vn 0.5626 0.8182 -0.1185
vn 0.3521 0.5164 -0.7806
vn 0.4699 0.6568 0.5898
vn 0.5626 0.8182 -0.1184
vn 0.4542 0.6672 0.5904
vn 0.4699 0.6567 0.5898
vn 0.4699 0.6567 0.5899
vn 0.4699 0.6566 0.5899
vn 0.4693 0.6614 0.5850
vn 0.5712 0.8111 -0.1258
vn 0.5627 0.8182 -0.1183
vn 0.4693 0.6614 0.5851
vn 0.3610 0.5022 -0.7858
vn 0.5627 0.8182 -0.1184
vn 0.5712 0.8111 -0.1259
vn 0.3767 0.5361 -0.7554
vn 0.3768 0.5362 -0.7554
vn 0.3824 0.5304 -0.7566
vn 0.5428 0.8275 -0.1435
vn 0.5427 0.8276 -0.1435
vn 0.5440 0.8288 -0.1313
vn 0.5439 0.8288 -0.1311
vn 0.5427 0.8276 -0.1433
vn 0.4618 0.6838 0.5650
vn 0.4619 0.6837 0.5649
vn 0.4478 0.6843 0.5755
vn 0.5440 0.8288 -0.1311
vn 0.4477 0.6843 0.5756
vn 0.4618 0.6837 0.5651
vn 0.1522 0.1150 0.9816
vn 0.4477 0.6843 0.5755
vn 0.5439 0.8288 -0.1312
vn 0.4477 0.6844 0.5755
vn 0.4582 0.6751 0.5783
vn 0.3650 0.5541 -0.7482
vn 0.3767 0.5363 -0.7553
vn 0.5485 0.8247 -0.1381
vn 0.3651 0.5539 -0.7482
vn 0.4911 0.4969 -0.7154
vn 0.4912 0.4970 -0.7154
vn 0.6776 0.7351 -0.0219
vn 0.4912 0.4970 -0.7153
vn 0.4860 0.5512 0.6782
vn 0.6485 0.7612 -0.0039
vn 0.4626 0.5673 0.6814
vn 0.4859 0.5512 0.6783
vn 0.4625 0.5672 0.6815
vn 0.4995 0.5457 0.6729
vn 0.4859 0.5511 0.6783
vn 0.0685 0.0205 0.9974
vn 0.6708 0.7412 -0.0253
vn 0.6776 0.7351 -0.0218
vn 0.6775 0.7352 -0.0220
vn 0.4860 0.5513 0.6782
vn 0.4996 0.5458 0.6727
vn 0.4862 0.4922 -0.7220
vn 0.4911 0.4970 -0.7154
vn 0.0829 -0.0116 -0.9965
vn 0.4453 0.5564 -0.7015
vn 0.4454 0.5564 -0.7014
vn 0.6460 0.7622 -0.0427
vn 0.6459 0.7622 -0.0427
vn 0.6361 0.7704 -0.0424
vn 0.4453 0.5565 -0.7014
vn 0.5183 0.5802 0.6283
vn 0.6361 0.7704 -0.0423
vn 0.6459 0.7622 -0.0426
vn 0.6460 0.7622 -0.0426
vn 0.5183 0.5801 0.6283
vn 0.1340 -0.0312 0.9905
vn 0.5167 0.5666 0.6418
vn 0.6362 0.7704 -0.0423
vn 0.6362 0.7704 -0.0425
vn 0.6267 0.7783 -0.0396
vn 0.4427 0.5542 -0.7048
vn 0.4454 0.5564 -0.7015
vn 0.4427 0.5543 -0.7049
vn 0.6122 0.4512 -0.6494
vn 0.5794 0.5044 -0.6402
vn -0.5252 -0.0627 -0.8486
vn -0.5253 -0.0627 -0.8486
vn -0.5445 -0.0451 -0.8375
vn -0.5445 -0.0450 -0.8375
vn -0.5445 -0.0450 -0.8376
vn -0.0073 0.3089 -0.9511
vn -0.0262 0.3162 -0.9483
vn -0.0072 0.3089 -0.9511
vn 0.5656 0.5152 -0.6440
vn 0.5330 0.5177 -0.6693
vn 0.5657 0.5152 -0.6439
vn 0.5331 0.5176 -0.6693
vn -0.2473 -0.5143 -0.8212
vn 0.1922 0.1709 -0.9663
vn -0.2639 -0.4978 -0.8261
vn -0.3580 -0.6571 0.6633
vn -0.0192 -0.0940 0.9954
vn -0.3580 -0.6571 0.6634
vn -0.3650 -0.6470 0.6695
vn -0.0288 -0.0941 0.9951
vn 0.3901 0.4711 0.7911
vn 0.4342 0.5077 -0.7441
vn 0.6615 0.7426 -0.1046
vn 0.5251 0.6222 0.5807
vn 0.5251 0.6221 0.5808
vn 0.6614 0.7427 -0.1045
vn 0.1542 0.1300 0.9795
vn 0.1298 0.0995 0.9865
vn -0.2822 -0.4984 0.8197
vn -0.5135 -0.8487 0.1271
vn -0.2822 -0.4985 0.8197
vn -0.5489 -0.8303 0.0965
vn -0.3984 -0.6597 -0.6373
vn -0.3984 -0.6597 -0.6372
vn -0.4009 -0.6124 -0.6814
vn 0.0158 -0.0386 -0.9991
vn 0.0161 -0.0594 -0.9981
vn 0.1339 0.1291 0.9826
vn 0.4710 0.6811 0.5605
vn 0.1428 0.1513 0.9781
vn -0.2614 -0.5184 0.8142
vn -0.2355 -0.4891 0.8399
vn -0.4542 -0.8810 0.1322
vn -0.4543 -0.8810 0.1322
vn -0.3754 -0.6710 -0.6393
vn -0.3725 -0.7183 -0.5877
vn -0.0516 -0.1174 -0.9917
vn -0.0275 -0.1398 -0.9898
vn -0.3724 -0.7182 -0.5878
vn 0.3775 0.5204 -0.7660
vn -0.0515 -0.1174 -0.9918
vn 0.5657 0.8150 -0.1257
vn 0.6833 0.7280 -0.0565
vn 0.5247 0.5381 0.6597
vn 0.5247 0.5381 0.6596
vn -0.5389 -0.8396 0.0687
vn -0.3666 -0.5597 0.7432
vn -0.6047 -0.7942 0.0602
vn -0.4104 -0.5950 -0.6910
vn -0.5389 -0.8396 0.0686
vn 0.0418 0.0137 -0.9990
vn 0.0229 0.0136 -0.9996
vn 0.4684 0.5047 -0.7252
vn 0.4685 0.5046 -0.7252
vn 0.7236 0.5732 -0.3845
vn 0.7589 0.6316 -0.1584
vn 0.8117 0.5624 0.1576
vn 0.6864 0.6414 0.3427
vn 0.7591 0.5349 0.3709
vn 0.7893 0.3281 0.5189
vn 0.6776 0.6913 0.2510
vn 0.8502 0.5134 -0.1163
vn 0.6313 0.6368 0.4427
vn 0.6775 0.6914 0.2510
vn 0.1508 0.4739 0.8676
vn -0.0305 -0.9922 0.1208
vn -0.0306 -0.9922 0.1208
vn -0.3005 -0.9093 -0.2877
vn -0.4127 -0.8832 -0.2230
vn -0.3005 -0.9094 -0.2877
vn 0.1561 -0.9839 -0.0871
vn 0.9300 -0.3604 0.0717
vn 0.4757 -0.8537 -0.2119
vn 0.4758 -0.8537 -0.2118
vn -0.3019 -0.9530 0.0249
vn -0.1412 -0.5844 0.7991
vn -0.0765 -0.9066 0.4151
vn -0.3391 -0.9394 -0.0499
vn 0.0046 -0.9524 -0.3047
vn -0.2883 -0.9497 0.1225
vn -0.2788 -0.9473 0.1580
vn 0.0047 -0.9525 -0.3046
vn 0.0528 -0.9872 -0.1502
vn -0.2788 -0.9472 0.1581
vn -0.1412 -0.5843 0.7991
vn 0.2109 0.0069 0.9775
vn -0.0766 -0.9066 0.4150
vn -0.1412 -0.5843 0.7992
vn -0.4101 -0.9071 0.0951
vn -0.2884 -0.9496 0.1226
vn -0.4683 -0.8611 0.1982
vn -0.4859 -0.8617 0.1461
vn -0.4102 -0.9070 0.0950
vn -0.1801 -0.9801 0.0836
vn -0.4684 -0.8610 0.1981
vn -0.2883 -0.9497 0.1226
vn -0.4931 -0.8585 0.1411
vn -0.0763 -0.9857 -0.1503
vn 0.0073 -0.0981 0.9952
vn 0.0770 -0.1373 0.9875
vn -0.2660 -0.7637 0.5882
vn 0.3981 0.4412 -0.8043
vn 0.2255 -0.1774 -0.9580
vn 0.4665 0.4213 -0.7778
vn 0.6286 0.7651 -0.1396
vn 0.5209 0.5769 0.6292
vn 0.5209 0.5768 0.6292
vn 0.1500 0.0899 0.9846
vn 0.4944 0.5864 0.6416
vn 0.2108 0.0069 0.9775
vn -0.1413 -0.5843 0.7991
vn -0.4182 -0.9023 0.1048
vn -0.4181 -0.9023 0.1048
vn -0.1413 -0.5844 0.7991
vn -0.1600 -0.7283 -0.6663
vn 0.2254 -0.1775 -0.9579
vn 0.5869 0.4823 -0.6503
vn 0.6688 0.1236 -0.7331
vn 0.6688 0.1237 -0.7331
vn 0.7987 0.4217 -0.4291
vn 0.5868 0.4823 -0.6504
vn 0.7016 -0.5608 -0.4397
vn 0.4084 -0.1619 0.8983
vn 0.4084 -0.1618 0.8984
vn 0.5247 0.5367 0.6608
vn 0.6330 0.7736 0.0273
vn 0.6075 0.7216 -0.3321
vn 0.7700 0.1740 -0.6138
vn 0.7700 0.1741 -0.6138
vn 0.6613 0.5603 -0.4988
vn -0.0590 -0.6039 -0.7948
vn 0.3938 -0.5180 -0.7594
vn 0.3631 0.5016 0.7852
vn 0.3837 0.5494 0.7423
vn 0.6326 0.7542 0.1759
vn 0.6775 0.6914 0.2509
vn 0.0771 -0.1372 0.9875
vn 0.0074 -0.0981 0.9952
vn 0.4228 0.4760 0.7711
vn 0.2223 0.1288 -0.9664
vn 0.5238 0.6198 -0.5843
vn 0.6320 0.7672 0.1099
vn 0.5499 0.6498 -0.5248
vn 0.6319 0.7672 0.1100
vn -0.0808 -0.0011 0.9967
vn -0.2419 -0.4830 -0.8415
vn -0.2419 -0.4829 -0.8416
vn 0.1056 -0.7296 0.6757
vn -0.0304 -0.9922 0.1208
vn -0.2659 -0.7637 0.5883
vn -0.8111 -0.3409 -0.4753
vn -0.8010 -0.5143 -0.3066
vn 0.9589 -0.2699 -0.0870
vn 0.5656 0.5152 -0.6439
vn 0.0070 0.3249 -0.9457
vn -0.8513 -0.4694 -0.2347
vn -0.8513 -0.4693 -0.2347
vn -0.5565 -0.5856 0.5894
vn -0.7518 -0.5943 0.2857
vn 0.0843 -0.3875 0.9180
vn 0.9117 0.2775 0.3029
vn 0.6719 -0.0094 0.7406
vn 0.5675 0.5260 -0.6334
vn 0.4809 -0.8564 0.1880
vn -0.7056 -0.6669 0.2394
vn 0.0600 0.2658 -0.9622
vn -0.8255 -0.5251 -0.2071
vn 0.5347 0.6585 -0.5295
vn -0.3915 -0.6748 0.6256
vn -0.3494 -0.6718 0.6531
vn -0.3495 -0.6719 0.6530
vn -0.3916 -0.6749 0.6254
vn -0.2426 -0.5602 -0.7921
vn 0.5083 0.6826 -0.5250
vn 0.5915 0.7951 0.1340
vn 0.3998 0.4940 -0.7720
vn 0.4889 0.5840 0.6480
vn 0.3955 0.4890 -0.7774
vn 0.0294 -0.0252 -0.9993
vn -0.3126 -0.6334 -0.7079
vn -0.3042 -0.5012 0.8101
vn 0.4196 0.5125 -0.7492
vn -0.3614 -0.7037 -0.6118
vn -0.2499 -0.5419 0.8025
vn -0.2331 -0.4774 0.8472
vn -0.4238 -0.8998 0.1032
vn -0.2332 -0.4776 0.8471
vn -0.0250 -0.0880 -0.9958
vn 0.3823 0.5304 -0.7566
vn -0.0274 -0.1398 -0.9898
vn 0.5427 0.8276 -0.1434
vn 0.4619 0.6837 0.5650
vn 0.5428 0.8276 -0.1433
vn 0.4619 0.6837 0.5651
vn -0.3359 -0.7330 -0.5916
vn 0.0391 0.0426 0.9983
vn 0.4918 0.5800 0.6495
vn 0.4626 0.5672 0.6814
vn 0.5459 0.4861 -0.6824
vn 0.1471 -0.0144 -0.9890
vn 0.0829 -0.0118 -0.9965
vn -0.3462 -0.6028 -0.7188
vn -0.5729 -0.8185 0.0415
vn -0.5389 -0.8396 0.0685
vn -0.3745 -0.6682 -0.6428
vn -0.3399 -0.6031 0.7216
vn 0.4465 0.5504 -0.7055
vn 0.5354 0.5631 0.6295
vn -0.3398 -0.6030 0.7217
vn -0.3089 -0.6310 0.7116
vn -0.4850 -0.5452 -0.6838
vn -0.4680 -0.5711 -0.6744
vn -0.1695 -0.2066 -0.9636
vn -0.1188 -0.1063 -0.9872
vn -0.6615 -0.7309 -0.1679
vn -0.4680 -0.5712 -0.6743
vn -0.4850 -0.5453 -0.6837
vn -0.7325 -0.6571 -0.1781
vn -0.6616 -0.7309 -0.1679
vn -0.1968 -0.0532 0.9790
vn 0.1951 0.3230 0.9261
vn 0.1691 0.2688 0.9482
vn -0.1814 -0.1345 0.9742
vn 0.1951 0.3231 0.9260
vn 0.4808 0.6471 0.5917
vn 0.4773 0.6353 0.6070
vn 0.4774 0.6354 0.6070
vn 0.1692 0.2688 0.9482
vn -0.5911 -0.3815 0.7107
vn -0.4591 -0.4815 0.7466
vn -0.6422 -0.6802 0.3533
vn -0.6422 -0.6803 0.3533
vn -0.7135 -0.5757 0.3992
vn -0.5911 -0.3814 0.7107
vn -0.6422 -0.6803 0.3532
vn -0.6616 -0.7309 -0.1678
vn -0.7325 -0.6571 -0.1780
vn -0.7136 -0.5757 0.3992
vn -0.5910 -0.3814 0.7108
vn -0.1969 -0.0533 0.9790
vn -0.1815 -0.1345 0.9741
vn -0.4590 -0.4815 0.7467
vn 0.6160 0.7875 0.0211
vn 0.4809 0.6471 0.5916
vn 0.4808 0.6471 0.5916
vn 0.5979 0.8014 0.0154
vn 0.5160 0.6763 -0.5257
vn 0.2527 0.3575 -0.8991
vn 0.3955 0.5260 -0.7529
vn 0.5299 0.6740 -0.5147
vn -0.1188 -0.1062 -0.9872
vn -0.1695 -0.2065 -0.9636
vn 0.1184 0.1753 -0.9774
vn 0.2526 0.3574 -0.8991
vn 0.5299 0.6741 -0.5146
vn 0.6159 0.7875 0.0211
vn 0.5979 0.8014 0.0153
vn 0.5160 0.6763 -0.5256
vn 0.7217 -0.6888 0.0688
vn 0.7135 -0.7006 0.0005
vn 0.8359 -0.4836 0.2596
vn 0.8418 -0.4251 0.3327
vn 0.7217 -0.6888 0.0687
vn 0.7261 -0.6864 -0.0408
vn 0.7609 -0.6281 -0.1626
vn 0.7135 -0.7006 0.0004
vn 0.7261 -0.6864 -0.0409
vn 0.4906 -0.8363 -0.2448
vn 0.7972 -0.5920 -0.1187
vn 0.7135 -0.7007 0.0004
vn 0.2430 0.5443 0.8029
vn 0.2638 0.5533 0.7901
vn 0.2646 0.5576 0.7868
vn 0.2415 0.5643 0.7894
vn 0.2317 0.5332 0.8136
vn 0.2071 0.5348 0.8192
vn 0.2415 0.5643 0.7895
vn 0.2691 0.5873 0.7633
vn 0.6696 0.7169 -0.1942
vn 0.3064 0.9517 0.0177
vn 0.3362 0.9417 0.0112
vn 0.3363 0.9417 0.0112
vn 0.7430 0.6534 -0.1448
vn -0.1312 -0.0050 0.9913
vn -0.2203 0.0183 0.9753
vn 0.0762 -0.0708 0.9946
vn 0.0764 -0.0708 0.9946
vn 0.1623 0.0123 0.9867
vn -0.1312 -0.0049 0.9913
vn 0.3064 0.9517 0.0178
vn -0.0789 0.8805 0.4674
vn -0.0977 0.8733 0.4773
vn -0.0977 0.8732 0.4774
vn -0.0789 0.8805 0.4675
vn -0.3283 0.4664 0.8214
vn -0.3230 0.4332 0.8415
vn -0.0978 0.8733 0.4773
vn -0.3230 0.4330 0.8415
vn -0.3283 0.4663 0.8214
vn -0.2203 0.0184 0.9753
vn -0.2204 0.0184 0.9752
vn -0.1313 -0.0048 0.9913
vn -0.3230 0.4331 0.8415
vn 0.7431 0.6534 -0.1447
vn 0.8324 0.5481 0.0813
vn 0.8458 0.5311 -0.0513
vn 0.8458 0.5311 -0.0514
vn 0.6696 0.7168 -0.1942
vn 0.7431 0.6534 -0.1448
vn 0.0763 -0.0707 0.9946
vn 0.2021 0.1064 0.9736
vn 0.1622 0.0124 0.9867
vn -0.2586 0.3398 0.9042
vn -0.3652 0.4301 0.8256
vn -0.3637 0.4317 0.8254
vn -0.3636 0.4318 0.8254
vn -0.1772 0.2866 0.9415
vn 0.2495 0.1237 0.9604
vn 0.1623 0.0124 0.9867
vn 0.2022 0.1064 0.9736
vn 0.2497 0.1222 0.9606
vn 0.2495 0.1237 0.9605
vn 0.1676 -0.0979 0.9810
vn 0.0716 -0.0126 0.9974
vn -0.2585 0.3398 0.9043
vn 0.1676 -0.0980 0.9810
vn 0.5581 -0.3577 0.7487
vn 0.5530 -0.3540 0.7543
vn 0.0717 -0.0127 0.9973
vn 0.5582 -0.3577 0.7486
vn 0.8635 -0.2466 0.4400
vn 0.8666 -0.2574 0.4275
vn 0.5530 -0.3541 0.7542
vn 0.5583 -0.3578 0.7486
vn 0.8635 -0.2466 0.4399
vn 0.9897 0.0405 0.1374
vn 0.9927 0.0542 0.1081
vn 0.8825 0.4673 0.0530
vn 0.8432 0.5362 0.0383
vn 0.9897 0.0406 0.1374
vn 0.8432 0.5363 0.0383
vn 0.8825 0.4674 0.0529
vn 0.4987 0.8654 0.0490
vn 0.4328 0.8989 0.0684
vn 0.2801 0.9562 0.0846
vn 0.2789 0.9558 0.0931
vn 0.4327 0.8989 0.0685
vn 0.4327 0.8989 0.0684
vn 0.2801 0.9563 0.0845
vn 0.8324 0.5482 0.0813
vn 0.7971 0.5814 0.1632
vn 0.8457 0.5311 -0.0513
vn 0.8292 0.5251 0.1918
vn 0.8428 0.5079 0.1782
vn 0.8292 0.5250 0.1918
vn 0.9897 0.0406 0.1373
vn 0.9927 0.0543 0.1080
vn -0.6237 -0.5521 -0.5534
vn -0.6151 -0.5336 -0.5804
vn -0.6048 -0.5367 -0.5884
vn -0.6152 -0.5281 -0.5853
vn -0.6237 -0.5520 -0.5534
vn -0.2836 -0.7194 -0.6340
vn -0.3988 -0.6466 -0.6503
vn -0.3002 -0.7065 -0.6409
vn -0.4369 -0.4261 -0.7922
vn -0.3628 -0.6036 -0.7100
vn -0.3938 -0.5469 -0.7388
vn -0.3938 -0.5470 -0.7388
vn -0.4080 -0.4216 -0.8098
vn -0.4368 -0.4261 -0.7922
vn -0.6151 -0.5281 -0.5854
vn -0.5255 -0.5196 -0.6737
vn -0.5256 -0.5196 -0.6737
vn -0.5521 -0.4863 -0.6773
vn -0.6152 -0.5281 -0.5854
vn -0.4396 -0.4809 -0.7586
vn -0.4596 -0.4488 -0.7664
vn -0.4597 -0.4488 -0.7664
vn -0.5255 -0.5195 -0.6737
vn -0.4396 -0.4808 -0.7587
vn -0.4080 -0.4215 -0.8098
vn -0.4886 -0.6028 -0.6308
vn -0.3989 -0.6465 -0.6503
vn -0.6151 -0.5337 -0.5804
vn -0.6238 -0.5520 -0.5534
vn -0.3938 -0.5470 -0.7387
vn -0.3627 -0.6037 -0.7099
vn -0.2751 -0.6758 -0.6838
vn -0.3002 -0.7064 -0.6410
vn -0.2584 -0.6786 -0.6876
vn -0.2750 -0.6758 -0.6838
vn -0.2690 -0.7226 -0.6368
vn -0.2569 -0.6810 -0.6857
vn -0.2750 -0.6759 -0.6838
vn -0.4136 -0.5912 -0.6925
vn -0.4316 -0.4080 -0.8045
vn -0.2870 -0.4816 -0.8281
vn -0.4136 -0.5912 -0.6924
vn -0.2108 -0.6114 -0.7628
vn -0.2479 -0.7213 -0.6468
vn -0.4136 -0.5913 -0.6924
vn -0.3763 -0.7470 -0.5481
vn -0.3763 -0.7469 -0.5481
vn -0.5210 -0.6734 -0.5245
vn -0.5210 -0.6734 -0.5246
vn -0.5971 -0.5436 -0.5899
vn -0.5601 -0.4337 -0.7058
vn -0.4136 -0.5911 -0.6924
vn 0.2228 0.9676 0.1185
vn 0.6721 0.7391 0.0453
vn 0.6849 0.7135 -0.1474
vn 0.1465 0.9874 -0.0596
vn 0.2228 0.9676 0.1186
vn 0.6721 0.7390 0.0453
vn 0.9086 0.3361 0.2482
vn 0.9684 0.2305 0.0957
vn 0.6850 0.7135 -0.1474
vn 0.9086 0.3360 0.2482
vn 0.7936 -0.0054 0.6084
vn 0.8306 -0.1787 0.5274
vn 0.9684 0.2304 0.0958
vn 0.7935 -0.0054 0.6085
vn 0.3946 -0.0852 0.9149
vn 0.3524 -0.2744 0.8947
vn 0.3525 -0.2744 0.8947
vn 0.3945 -0.0852 0.9149
vn -0.0548 0.1433 0.9882
vn -0.1861 -0.0005 0.9825
vn 0.3523 -0.2744 0.8948
vn -0.0548 0.1434 0.9881
vn -0.2913 0.5464 0.7853
vn -0.4695 0.4825 0.7394
vn -0.1862 -0.0004 0.9825
vn -0.0549 0.1434 0.9881
vn -0.2913 0.5464 0.7852
vn -0.1763 0.8878 0.4251
vn -0.3318 0.8917 0.3077
vn -0.4695 0.4826 0.7393
vn -0.1762 0.8878 0.4250
vn 0.2227 0.9676 0.1186
vn 0.1464 0.9874 -0.0596
vn -0.3317 0.8918 0.3077
vn -0.1762 0.8879 0.4250
vn 0.4136 0.5912 0.6924
vn 0.6721 0.7391 0.0454
vn 0.9085 0.3360 0.2482
vn 0.9085 0.3360 0.2483
vn 0.7936 -0.0053 0.6085
vn 0.7936 -0.0054 0.6085
vn -0.0547 0.1434 0.9882
vn -0.2912 0.5464 0.7853
vn -0.2912 0.5465 0.7852
vn 0.4791 0.6429 0.5976
vn 0.6934 0.3843 0.6095
vn 0.2107 0.8289 0.5182
vn -0.5388 -0.4372 0.7201
vn -0.1626 -0.7003 0.6951
vn -0.1627 -0.6942 0.7012
vn -0.5374 -0.4352 0.7224
vn -0.3154 0.7933 -0.5208
vn -0.3033 0.8065 -0.5074
vn -0.3053 0.8044 -0.5096
vn -0.3053 0.8044 -0.5097
vn -0.3166 0.7918 -0.5222
vn -0.3154 0.7932 -0.5209
vn -0.8094 -0.0986 0.5789
vn -0.8142 -0.1002 0.5719
vn -0.3414 -0.5301 -0.7761
vn -0.1957 -0.6487 -0.7354
vn -0.4746 -0.3919 -0.7882
vn -0.3415 -0.5301 -0.7762
vn -0.3415 -0.5301 -0.7761
vn 0.9076 -0.3126 -0.2804
vn 0.9091 -0.3101 -0.2783
vn 0.8995 -0.3257 -0.2912
vn 0.8995 -0.3256 -0.2912
vn 0.8985 -0.3273 -0.2925
vn 0.9075 -0.3126 -0.2804
vn 0.2901 0.7255 0.6241
vn 0.2154 0.7499 0.6255
vn 0.2768 0.7297 0.6252
vn 0.2125 0.7437 0.6338
vn 0.6086 0.4044 0.6827
vn 0.5956 0.4602 0.6584
vn 0.5869 0.3990 0.7046
vn 0.6152 0.4650 0.6366
vn 0.4538 0.6105 0.6491
vn 0.2901 0.7256 0.6240
vn 0.4396 0.6120 0.6574
vn 0.4537 0.6105 0.6491
vn 0.4538 0.6105 0.6492
vn 0.4538 0.6104 0.6492
vn 0.4397 0.6119 0.6575
vn -0.5135 -0.3817 -0.7686
vn -0.5248 -0.4021 -0.7503
vn -0.5761 -0.3778 -0.7248
vn -0.5248 -0.4021 -0.7502
vn -0.5869 -0.3990 -0.7045
vn -0.5761 -0.3778 -0.7249
vn -0.2043 -0.7408 -0.6400
vn -0.2126 -0.7437 -0.6338
vn -0.2387 -0.6985 -0.6746
vn -0.2452 -0.6888 -0.6822
vn -0.3870 -0.5557 -0.7358
vn -0.3870 -0.5687 -0.7258
vn -0.5248 -0.4022 -0.7503
vn -0.5135 -0.3816 -0.7685
vn -0.3869 -0.5558 -0.7358
vn -0.3869 -0.5688 -0.7258
vn -0.3869 -0.5557 -0.7358
vn -0.2554 0.7915 -0.5553
vn -0.2425 0.8046 -0.5421
vn -0.2452 0.8018 -0.5450
vn -0.2452 0.8019 -0.5449
vn -0.2562 0.7907 -0.5560
vn -0.2555 0.7914 -0.5553
vn -0.9022 0.1641 0.3989
vn 0.9123 -0.2551 -0.3204
vn 0.9199 -0.2467 -0.3048
vn 0.9193 -0.2474 -0.3060
vn 0.9194 -0.2473 -0.3059
vn 0.9104 -0.2572 -0.3242
vn 0.1359 -0.7922 0.5949
vn 0.1359 -0.7921 0.5951
vn -0.9105 0.2732 0.3105
vn -0.9104 0.2733 0.3105
vn 0.2609 -0.8055 0.5320
vn 0.2609 -0.8056 0.5319
vn -0.9047 0.1817 0.3853
vn -0.9047 0.1816 0.3853
vn 0.1560 -0.7953 0.5858
vn -0.6493 -0.1517 -0.7453
vn -0.3674 -0.5562 -0.7455
vn -0.4683 -0.4146 -0.7802
vn 0.0378 -0.7883 -0.6142
vn 0.0888 -0.7747 -0.6261
vn -0.3526 -0.5418 -0.7629
vn -0.3674 -0.5562 -0.7454
vn 0.0379 -0.7883 -0.6142
vn 0.3160 -0.8314 -0.4571
vn 0.3471 -0.8073 -0.4772
vn 0.0889 -0.7747 -0.6261
vn 0.0379 -0.7883 -0.6141
vn 0.8763 -0.0305 0.4808
vn 0.7622 0.2470 0.5984
vn 0.7959 0.2360 0.5576
vn 0.8965 -0.0220 0.4425
vn 0.7622 0.2471 0.5984
vn 0.4479 0.6238 0.6405
vn 0.4665 0.6421 0.6084
vn 0.7621 0.2471 0.5984
vn 0.0738 0.9050 0.4190
vn 0.3325 0.7518 0.5694
vn 0.3157 0.7529 0.5774
vn 0.3157 0.7530 0.5774
vn 0.0753 0.8777 0.4732
vn -0.1803 0.9426 0.2811
vn -0.1655 0.9561 0.2418
vn 0.0737 0.9050 0.4190
vn 0.0753 0.8778 0.4731
vn -0.7406 0.1417 -0.6568
vn -0.6493 -0.1516 -0.7452
vn -0.6396 -0.0989 -0.7623
vn -0.6396 -0.0989 -0.7624
vn -0.7149 0.1708 -0.6780
vn -0.6364 -0.1699 -0.7524
vn -0.3542 -0.5411 -0.7628
vn -0.6493 -0.1517 -0.7452
vn 0.0241 -0.7782 -0.6276
vn 0.0378 -0.7883 -0.6141
vn -0.3541 -0.5411 -0.7628
vn 0.2585 -0.8355 -0.4848
vn 0.0242 -0.7782 -0.6276
vn 0.8563 0.0190 0.5161
vn 0.7559 0.2677 0.5974
vn 0.8563 0.0190 0.5160
vn 0.7559 0.2678 0.5975
vn 0.4685 0.6348 0.6144
vn 0.7559 0.2678 0.5974
vn 0.0954 0.8761 0.4726
vn 0.4478 0.6239 0.6405
vn 0.0953 0.8761 0.4726
vn -0.1378 0.9345 0.3281
vn 0.0953 0.8761 0.4725
vn -0.1377 0.9345 0.3281
vn -0.7356 0.0800 -0.6727
vn -0.6364 -0.1698 -0.7524
vn -0.6494 -0.1516 -0.7452
vn -0.5251 -0.1607 -0.8358
vn -0.3007 -0.4938 -0.8159
vn -0.6364 -0.1698 -0.7525
vn -0.5251 -0.1606 -0.8357
vn 0.0430 -0.6839 -0.7283
vn -0.3541 -0.5412 -0.7627
vn -0.3006 -0.4939 -0.8159
vn 0.0430 -0.6838 -0.7284
vn 0.2433 -0.7485 -0.6168
vn 0.2585 -0.8356 -0.4848
vn 0.0431 -0.6839 -0.7283
vn 0.2433 -0.7485 -0.6169
vn 0.8794 0.1608 0.4481
vn 0.7799 0.3694 0.5052
vn 0.8794 0.1607 0.4481
vn 0.7799 0.3694 0.5053
vn 0.5111 0.6663 0.5429
vn 0.4686 0.6348 0.6144
vn 0.7799 0.3695 0.5053
vn 0.2118 0.8927 0.3979
vn 0.4684 0.6349 0.6144
vn 0.5110 0.6664 0.5429
vn 0.0131 0.9586 0.2843
vn 0.0953 0.8762 0.4725
vn 0.2117 0.8927 0.3978
vn -0.6230 0.0494 -0.7806
vn -0.5252 -0.1605 -0.8357
vn -0.2675 -0.4638 -0.8446
vn -0.2675 -0.4639 -0.8446
vn -0.2676 -0.4638 -0.8446
vn 0.8794 0.1608 0.4480
vn 0.5991 0.5971 0.5334
vn 0.7799 0.3695 0.5052
vn 0.5991 0.5972 0.5333
vn 0.5991 0.5972 0.5334
vn 0.0839 0.9747 0.2072
vn 0.0131 0.9587 0.2842
vn -0.6230 0.0494 -0.7807
vn 0.3240 0.7565 0.5681
vn 0.4664 0.6421 0.6084
vn -0.3527 -0.5418 -0.7629
vn -0.4836 -0.4095 -0.7736
vn -0.4684 -0.4146 -0.7802
vn -0.3674 -0.5561 -0.7455
vn -0.4892 -0.3922 -0.7790
vn -0.6395 -0.0990 -0.7624
vn -0.4214 -0.5282 0.7371
vn -0.2663 -0.3801 0.8857
vn -0.2714 -0.2260 0.9356
vn -0.5515 -0.2370 0.7998
vn -0.6007 -0.4167 0.6822
vn -0.3647 -0.1892 0.9117
vn -0.6504 -0.3405 0.6790
vn -0.6008 -0.4167 0.6822
vn -0.7037 -0.4567 0.5442
vn -0.6008 -0.4168 0.6822
vn -0.6673 -0.6238 0.4069
vn -0.6007 -0.4168 0.6822
vn -0.7038 -0.4568 0.5441
vn -0.4992 -0.7073 0.5006
vn -0.4215 -0.5283 0.7371
vn -0.6094 -0.6977 0.3767
vn -0.3577 -0.5941 0.7205
vn -0.4214 -0.5283 0.7371
vn -0.4991 -0.7073 0.5007
vn -0.2664 -0.3802 0.8857
vn -0.3577 -0.5940 0.7205
vn -0.6672 -0.6239 0.4069
vn -0.6060 -0.6940 0.3887
vn -0.2804 -0.2245 0.9332
vn 0.7013 -0.6702 0.2430
vn 0.6624 -0.7171 0.2166
vn 0.6622 -0.7177 0.2155
vn 0.6622 -0.7178 0.2154
vn 0.6613 -0.7196 0.2116
vn -0.7586 0.6262 -0.1803
vn -0.7127 0.6876 -0.1390
vn -0.7153 0.6826 -0.1497
vn -0.7162 0.6808 -0.1536
vn -0.7585 0.6262 -0.1803
vn -0.7454 0.6432 -0.1753
vn -0.8134 0.5340 -0.2309
vn -0.7162 0.6808 -0.1535
vn -0.7454 0.6432 -0.1752
vn 0.6882 -0.6863 0.2352
vn 0.7013 -0.6701 0.2430
vn 0.7523 -0.5945 0.2840
vn 0.1868 0.7962 0.5754
vn 0.1870 0.7927 0.5803
vn -0.0841 0.8005 0.5934
vn 0.6928 0.0782 0.7169
vn 0.5855 -0.0905 0.8056
vn 0.6506 -0.0469 0.7579
vn 0.6506 -0.0469 0.7580
vn 0.7040 0.1230 0.6995
vn 0.6929 0.0782 0.7168
vn 0.1871 0.7926 0.5803
vn 0.1869 0.7962 0.5754
vn 0.4459 0.6567 0.6083
vn 0.4459 0.6567 0.6082
vn 0.4505 0.6530 0.6087
vn 0.1871 0.7927 0.5803
vn 0.6615 0.3920 0.6393
vn 0.4506 0.6530 0.6088
vn 0.6574 0.3859 0.6473
vn 0.7040 0.1231 0.6995
vn 0.6616 0.3919 0.6393
vn 0.6929 0.0783 0.7168
vn -0.1731 0.7645 0.6209
vn -0.2112 0.7035 0.6786
vn -0.0842 0.8005 0.5934
vn -0.0609 0.8121 0.5803
vn 0.6506 -0.0470 0.7580
vn 0.5173 -0.1253 0.8466
vn 0.9751 0.1787 0.1317
vn 0.9856 0.1213 0.1179
vn 0.8861 0.0075 0.4633
vn 0.8861 0.0076 0.4634
vn 0.8691 0.0466 0.4924
vn 0.9750 0.1788 0.1317
vn 0.3846 -0.1969 0.9018
vn 0.3683 -0.2158 0.9043
vn 0.5172 -0.1254 0.8466
vn 0.5172 -0.1253 0.8466
vn 0.5854 -0.0905 0.8057
vn 0.4198 -0.2832 0.8623
vn 0.3846 -0.1970 0.9018
vn 0.4239 -0.2881 0.8587
vn -0.4760 0.8208 0.3158
vn -0.4781 0.7799 0.4039
vn -0.4732 0.7926 0.3845
vn -0.4732 0.7926 0.3846
vn -0.4728 0.8230 0.3149
vn -0.4759 0.8208 0.3158
vn 0.6783 -0.3699 0.6349
vn 0.5972 -0.3370 0.7278
vn 0.5972 -0.3382 0.7273
vn 0.5973 -0.3382 0.7273
vn 0.6779 -0.3722 0.6340
vn 0.6783 -0.3700 0.6349
vn -0.4751 0.6092 0.6349
vn -0.4854 0.6012 0.6348
vn -0.3790 0.4906 0.7846
vn -0.4098 0.4624 0.7863
vn 0.4199 -0.2833 0.8623
vn 0.4239 -0.2881 0.8586
vn 0.5972 -0.3382 0.7274
vn -0.4840 0.6019 0.6351
vn -0.4751 0.6093 0.6349
vn 0.8861 0.0075 0.4634
vn 0.5912 -0.2895 0.7528
vn 0.5760 -0.2794 0.7682
vn 0.5759 -0.2794 0.7683
vn 0.8690 0.0465 0.4925
vn 0.5911 -0.2896 0.7528
vn 0.1012 -0.4123 0.9054
vn 0.5759 -0.2795 0.7683
vn -0.3303 -0.2660 0.9056
vn 0.1011 -0.4123 0.9054
vn 0.0734 -0.4166 0.9061
vn 0.0734 -0.4165 0.9061
vn -0.3317 -0.2667 0.9049
vn -0.5498 0.0887 0.8306
vn -0.3304 -0.2659 0.9056
vn -0.4741 0.5972 0.6470
vn -0.5455 0.1104 0.8308
vn -0.5499 0.0888 0.8305
vn -0.1278 0.9120 0.3898
vn -0.1428 0.9305 0.3372
vn -0.4873 0.5688 0.6626
vn -0.4741 0.5972 0.6469
vn 0.2867 0.9575 0.0321
vn 0.2858 0.9573 0.0437
vn 0.1604 0.9845 -0.0716
vn 0.1604 0.9845 -0.0715
vn 0.1424 0.9893 -0.0323
vn 0.2869 0.9577 0.0202
vn 0.2867 0.9580 -0.0013
vn 0.2868 0.9575 0.0321
vn 0.2677 0.9598 -0.0841
vn 0.2548 0.9609 -0.1083
vn 0.9747 0.2178 0.0497
vn 0.9747 0.2027 0.0941
vn 0.9753 0.2066 0.0775
vn 0.9754 0.2066 0.0775
vn 0.9755 0.2150 0.0471
vn 0.9612 0.2599 0.0922
vn 0.9641 0.2451 0.1027
vn 0.9856 0.1213 0.1178
vn 0.9750 0.1788 0.1316
vn 0.1423 0.9893 -0.0324
vn 0.1603 0.9845 -0.0716
vn -0.1428 0.9306 0.3371
vn -0.1427 0.9306 0.3372
vn 0.1423 0.9893 -0.0323
vn -0.2602 0.6291 0.7325
vn -0.3789 0.4907 0.7846
vn -0.2112 0.7034 0.6786
vn -0.2602 0.6290 0.7325
vn -0.2603 0.6290 0.7325
vn -0.4098 0.4622 0.7864
vn 0.0736 -0.4165 0.9061
vn 0.1870 0.7926 0.5803
vn 0.6928 0.0783 0.7168
vn 0.6574 0.3858 0.6473
vn 0.4460 0.6566 0.6083
vn -0.5455 0.1103 0.8308
vn -0.3304 -0.2660 0.9056
vn -0.4873 0.5687 0.6627
vn -0.2725 -0.2852 -0.9189
vn -0.1582 -0.2626 -0.9518
vn -0.1655 -0.2526 -0.9533
vn -0.3138 -0.3525 -0.8816
vn -0.5292 -0.5425 -0.6525
vn -0.5054 -0.5050 -0.6997
vn -0.4625 -0.4944 -0.7360
vn -0.1805 -0.4238 -0.8876
vn -0.1124 -0.3832 -0.9168
vn -0.2671 -0.5065 -0.8198
vn -0.2672 -0.5065 -0.8198
vn -0.3487 -0.5452 -0.7623
vn -0.1806 -0.4238 -0.8876
vn -0.0998 -0.2669 -0.9585
vn -0.0862 -0.2518 -0.9639
vn -0.0842 -0.3156 -0.9452
vn -0.0914 -0.3054 -0.9478
vn -0.0842 -0.3155 -0.9452
vn -0.1124 -0.3833 -0.9168
vn -0.3139 -0.3526 -0.8816
vn -0.4233 -0.4353 -0.7946
vn -0.3810 -0.5980 -0.7052
vn -0.3487 -0.5452 -0.7624
vn -0.5292 -0.5425 -0.6524
vn -0.5616 -0.5459 -0.6218
vn -0.5055 -0.5050 -0.6996
vn -0.4341 -0.6479 -0.6259
vn -0.4417 -0.6924 -0.5706
vn -0.3487 -0.5451 -0.7624
vn -0.3810 -0.5979 -0.7052
vn -0.4341 -0.6478 -0.6260
vn -0.6901 0.1625 0.7052
vn -0.6886 -0.4540 -0.5654
vn -0.7588 -0.4843 -0.4356
vn -0.7572 -0.4608 -0.4629
vn -0.6641 -0.4456 -0.6003
vn -0.6886 -0.4540 -0.5655
vn -0.5500 -0.4896 -0.6766
vn -0.6885 -0.4540 -0.5655
vn -0.6641 -0.4456 -0.6004
vn -0.6640 -0.4456 -0.6004
vn -0.5502 -0.4631 -0.6949
vn -0.5500 -0.4895 -0.6766
vn -0.5501 -0.4631 -0.6949
vn -0.4417 -0.6923 -0.5706
vn -0.3902 -0.7111 -0.5849
vn -0.5291 -0.5425 -0.6524
vn -0.3609 -0.7004 -0.6158
vn -0.3609 -0.7004 -0.6157
vn -0.3855 -0.8125 -0.4373
vn -0.3974 -0.8353 -0.3799
vn -0.3902 -0.7112 -0.5848
vn -0.4067 -0.8619 -0.3028
vn -0.4232 -0.8581 -0.2907
vn 0.2064 -0.3096 0.9282
vn 0.8215 0.5117 0.2517
vn 0.8274 0.4852 0.2830
vn 0.6566 0.7525 -0.0518
vn 0.5917 0.7950 -0.1335
vn 0.8214 0.5117 0.2517
vn -0.3062 0.1767 0.9354
vn -0.2134 0.3354 0.9176
vn -0.3234 0.2989 0.8978
vn -0.3234 0.2988 0.8978
vn -0.2683 0.0952 0.9586
vn 0.6400 0.2255 0.7345
vn 0.6380 0.2483 0.7289
vn 0.8214 0.5117 0.2518
vn 0.6400 0.2254 0.7346
vn 0.1384 0.0327 0.9898
vn 0.1870 0.0356 0.9817
vn 0.6399 0.2254 0.7346
vn 0.1383 0.0327 0.9898
vn -0.3061 0.1767 0.9355
vn -0.2681 0.0951 0.9587
vn 0.1869 0.0356 0.9817
vn 0.1383 0.0327 0.9899
vn 0.6565 0.7525 -0.0519
vn 0.5277 0.8494 -0.0007
vn 0.5916 0.7951 -0.1335
vn -0.3233 0.2988 0.8979
vn -0.2132 0.3353 0.9177
vn -0.0936 0.3143 0.9447
vn 0.3367 -0.0470 0.9405
vn 0.3393 -0.0445 0.9396
vn 0.1559 0.1022 0.9825
vn 0.0883 0.1423 0.9859
vn 0.3366 -0.0470 0.9405
vn -0.0744 0.3373 0.9385
vn -0.0689 0.3364 0.9392
vn -0.0935 0.3144 0.9447
vn -0.2132 0.3354 0.9176
vn 0.0883 0.1424 0.9859
vn 0.1558 0.1022 0.9825
vn -0.3603 0.4287 0.8285
vn -0.3602 0.4288 0.8285
vn -0.3647 0.4498 0.8152
vn 0.0882 0.1423 0.9859
vn -0.6172 0.6606 0.4274
vn -0.3648 0.4499 0.8152
vn -0.3603 0.4288 0.8284
vn -0.4316 0.9017 -0.0273
vn -0.6172 0.6606 0.4273
vn -0.6273 0.6524 0.4252
vn -0.4258 0.9044 -0.0269
vn -0.4315 0.9017 -0.0272
vn -0.4315 0.9017 -0.0273
vn -0.4257 0.9044 -0.0270
vn -0.0167 0.9654 -0.2604
vn -0.0308 0.9596 -0.2797
vn -0.0166 0.9654 -0.2603
vn 0.5303 0.8407 -0.1094
vn 0.4651 0.8731 -0.1461
vn 0.4651 0.8731 -0.1462
vn -0.0308 0.9596 -0.2798
vn -0.0166 0.9653 -0.2605
vn 0.8584 0.5018 0.1062
vn 0.5304 0.8406 -0.1095
vn 0.8585 0.5017 0.1062
vn 0.9336 0.3102 0.1794
vn 0.9334 0.3102 0.1803
vn 0.9334 0.3102 0.1802
vn 0.8273 0.5526 0.1012
vn 0.5278 0.8494 -0.0007
vn 0.5198 0.8540 0.0220
vn 0.5551 0.8295 0.0612
vn 0.6267 0.7575 0.1831
vn 0.5552 0.8295 0.0613
vn 0.6540 0.7187 0.2362
vn 0.6267 0.7574 0.1832
vn 0.6565 0.7526 -0.0518
vn 0.8215 0.5117 0.2518
vn 0.8274 0.4851 0.2831
vn -0.6173 0.6605 0.4274
vn -0.6273 0.6524 0.4253
vn -0.2721 -0.7899 -0.5495
vn -0.2137 -0.8135 -0.5409
vn -0.2344 -0.7931 -0.5622
vn -0.2856 -0.7791 -0.5580
vn -0.6454 -0.3853 -0.6596
vn -0.5749 -0.4988 -0.6486
vn -0.4666 -0.6170 -0.6338
vn -0.1612 -0.7195 -0.6755
vn -0.1487 -0.7057 -0.6927
vn -0.3616 -0.6196 -0.6967
vn -0.3616 -0.6196 -0.6966
vn -0.4501 -0.5363 -0.7140
vn -0.1611 -0.7195 -0.6755
vn -0.1753 -0.8126 -0.5559
vn -0.2285 -0.7865 -0.5738
vn -0.2285 -0.7865 -0.5737
vn -0.1750 -0.7555 -0.6313
vn -0.1750 -0.7555 -0.6314
vn -0.2241 -0.7303 -0.6454
vn -0.2241 -0.7303 -0.6453
vn -0.2240 -0.7303 -0.6454
vn -0.4665 -0.6170 -0.6337
vn -0.3584 -0.6941 -0.6243
vn -0.3584 -0.6941 -0.6244
vn -0.2721 -0.7899 -0.5496
vn -0.2856 -0.7791 -0.5581
vn -0.3617 -0.6195 -0.6967
vn -0.5702 -0.3855 -0.7255
vn -0.4665 -0.6169 -0.6338
vn -0.3585 -0.6940 -0.6244
vn -0.5702 -0.3855 -0.7254
vn -0.5983 -0.3378 -0.7266
vn -0.6504 -0.3047 -0.6958
vn -0.5750 -0.4988 -0.6486
vn -0.6343 -0.3148 -0.7061
vn 0.8418 -0.4250 0.3328
vn 0.8487 -0.3383 0.4065
vn 0.8481 -0.3459 0.4014
vn 0.8481 -0.3460 0.4013
vn -0.2315 -0.8439 -0.4840
vn 0.2531 -0.8710 -0.4212
vn -0.3032 -0.8614 -0.4074
vn 0.5191 -0.8385 -0.1659
vn 0.7217 -0.6887 0.0687
vn 0.2531 -0.8710 -0.4211
vn -0.2316 -0.8438 -0.4841
vn -0.2316 -0.8439 -0.4840
vn 0.8546 -0.3298 0.4012
vn 0.8107 -0.5543 -0.1886
vn 0.7740 -0.5836 -0.2455
vn 0.7609 -0.6281 -0.1627
vn 0.9660 -0.0277 0.2572
vn 0.9620 0.0046 0.2732
vn 0.9540 -0.0527 0.2951
vn 0.8840 -0.2419 0.4001
vn 0.9367 -0.1064 0.3334
vn 0.5818 -0.6474 0.4923
vn 0.8839 -0.2420 0.4001
vn 0.7040 -0.4792 0.5241
vn 0.1974 -0.7814 -0.5919
vn 0.1733 -0.8264 -0.5358
vn 0.2229 -0.7288 -0.6474
vn 0.2929 -0.6761 -0.6761
vn 0.1975 -0.7814 -0.5919
vn 0.2733 -0.6922 -0.6679
vn 0.3229 -0.6871 -0.6509
vn 0.2851 -0.7045 -0.6499
vn 0.0396 -0.9985 -0.0369
vn 0.0074 -0.9903 -0.1384
vn 0.2702 -0.8768 -0.3978
vn 0.5818 -0.6475 0.4923
vn 0.5370 -0.6230 0.5688
vn 0.3780 -0.7557 0.5348
vn 0.2841 -0.7400 -0.6096
vn 0.4095 -0.6913 -0.5952
vn 0.0073 -0.9904 -0.1383
vn 0.0395 -0.9985 -0.0368
vn 0.0851 -0.9803 0.1782
vn 0.7741 -0.5836 -0.2454
vn 0.7972 -0.5919 -0.1187
vn 0.9861 -0.0746 0.1488
vn 0.9595 -0.2606 0.1067
vn 0.9694 -0.0407 0.2422
vn 0.4096 -0.6913 -0.5952
vn 0.4965 -0.7774 -0.3863
vn 0.7741 -0.5836 -0.2455
vn 0.4362 -0.6334 -0.6391
vn 0.8557 -0.2854 0.4317
vn 0.9660 -0.0277 0.2571
vn 0.9861 -0.0746 0.1487
vn 0.9694 -0.0407 0.2423
vn 0.8557 -0.2853 0.4316
vn 0.8840 -0.2420 0.4001
vn 0.0396 -0.9985 -0.0368
vn 0.2131 -0.8953 0.3911
vn 0.0852 -0.9803 0.1783
vn 0.1734 -0.8264 -0.5357
vn 0.2703 -0.8767 -0.3979
vn 0.2131 -0.8953 0.3912
vn 0.5818 -0.6475 0.4922
vn 0.3780 -0.7558 0.5348
vn 0.5370 -0.6229 0.5688
vn 0.5819 -0.6474 0.4922
vn 0.1974 -0.7815 -0.5919
vn 0.1733 -0.8264 -0.5357
vn 0.2733 -0.6922 -0.6680
vn 0.2750 -0.7452 -0.6075
vn 0.7261 -0.6864 -0.0410
vn 0.7261 -0.6863 -0.0409
vn 0.7609 -0.6282 -0.1627
vn 0.7972 -0.5919 -0.1186
vn 0.4363 -0.6334 -0.6391
vn -0.9864 0.0511 0.1559
vn -0.9591 0.2446 -0.1427
vn -0.6244 0.7115 0.3224
vn -0.9591 0.2445 -0.1428
vn -0.8425 -0.4671 -0.2683
vn -0.8261 -0.3334 -0.4544
vn -0.4953 -0.4998 -0.7106
vn -0.8424 -0.4672 -0.2683
vn -0.7800 -0.6234 -0.0539
vn 0.1915 0.4460 0.8743
vn 0.2861 0.4452 0.8485
vn 0.2220 0.3803 0.8978
vn -0.1070 0.2439 0.9639
vn 0.4922 0.6535 0.5751
vn 0.2221 0.3804 0.8978
vn 0.2861 0.4451 0.8485
vn 0.4807 0.6628 0.5741
vn 0.5846 0.8113 0.0052
vn 0.6000 0.8000 0.0059
vn 0.4922 0.6535 0.5750
vn 0.4922 0.6536 0.5750
vn 0.4807 0.6629 0.5740
vn 0.5847 0.8113 0.0052
vn -0.8018 -0.4964 -0.3329
vn -0.9095 -0.0101 -0.4155
vn -0.7791 -0.4214 -0.4642
vn -0.1057 0.5757 0.8108
vn -0.3710 0.8034 0.4658
vn -0.3177 0.4336 0.8432
vn 0.4454 0.7026 0.5550
vn 0.2693 0.5113 0.8161
vn 0.3888 0.5611 0.7307
vn 0.4004 0.5554 0.7289
vn 0.1255 0.3628 0.9234
vn 0.1255 0.3627 0.9234
vn 0.1248 0.3748 0.9187
vn 0.1385 0.3111 -0.9402
vn 0.1055 0.3021 -0.9474
vn -0.3037 -0.2336 -0.9237
vn -0.2971 -0.2276 -0.9273
vn 0.1385 0.3110 -0.9403
vn -0.9864 0.0511 0.1560
vn -0.8452 0.2811 0.4547
vn -0.7638 -0.0339 0.6445
vn -0.7979 -0.4169 0.4353
vn 0.1950 0.3230 0.9261
vn -0.1070 0.2438 0.9639
vn 0.2221 0.3803 0.8978
vn 0.1952 0.3231 0.9260
vn -0.8425 -0.4672 -0.2683
vn -0.4953 -0.4997 -0.7106
vn -0.1222 -0.0918 -0.9882
vn -0.5911 -0.3814 0.7108
vn -0.7637 -0.0340 0.6446
vn -0.1969 -0.0532 0.9790
vn -0.7136 -0.5757 0.3993
vn -0.7979 -0.4169 0.4354
vn -0.7638 -0.0340 0.6446
vn -0.7325 -0.6570 -0.1781
vn 0.5516 0.8339 0.0202
vn 0.4807 0.6629 0.5741
vn 0.4454 0.7026 0.5549
vn 0.5516 0.8339 0.0201
vn -0.6146 -0.5469 -0.5684
vn -0.2825 -0.2575 -0.9241
vn -0.2973 -0.2276 -0.9273
vn -0.2972 -0.2276 -0.9273
vn -0.5739 -0.5512 -0.6057
vn -0.6146 -0.5470 -0.5684
vn -0.5739 -0.5512 -0.6056
vn -0.6322 -0.6055 -0.4835
vn -0.6659 -0.5757 -0.4745
vn -0.6146 -0.5470 -0.5683
vn 0.5094 0.6747 -0.5341
vn 0.2410 0.3662 -0.8988
vn 0.4805 0.6974 -0.5317
vn 0.2060 0.3283 -0.9218
vn 0.2409 0.3662 -0.8988
vn 0.2059 0.3283 -0.9219
vn 0.1385 0.3110 -0.9402
vn -0.2972 -0.2275 -0.9273
vn -0.2824 -0.2574 -0.9241
vn 0.2059 0.3282 -0.9219
vn 0.2860 0.5595 0.7779
vn 0.4225 0.7283 0.5395
vn 0.4225 0.7284 0.5394
vn 0.5241 0.8512 0.0291
vn 0.5241 0.8512 0.0292
vn 0.5515 0.8339 0.0202
vn 0.0565 0.7554 0.6528
vn -0.6575 -0.6760 -0.3328
vn -0.5849 -0.6586 -0.4735
vn -0.5732 -0.6569 -0.4898
vn -0.5732 -0.6570 -0.4897
vn -0.6428 -0.6756 -0.3611
vn 0.1247 0.3748 0.9187
vn 0.1254 0.3627 0.9234
vn -0.1470 0.1390 0.9793
vn -0.1410 0.1563 0.9776
vn -0.1222 -0.0917 -0.9882
vn 0.4804 0.6974 -0.5318
vn 0.4436 0.7147 -0.5408
vn 0.1386 0.3111 -0.9402
vn 0.4435 0.7147 -0.5408
vn 0.4157 0.7136 -0.5638
vn 0.1055 0.3022 -0.9474
vn -0.0451 0.7172 0.6954
vn -0.0271 0.5717 0.8200
vn -0.3097 0.7333 0.6053
vn -0.6147 -0.5470 -0.5683
vn -0.6658 -0.5757 -0.4745
vn -0.4953 -0.4998 -0.7105
vn 0.2409 0.3661 -0.8989
vn 0.2409 0.3661 -0.8988
vn -0.1222 -0.0917 -0.9883
vn 0.2060 0.3283 -0.9219
vn -0.1222 -0.0918 -0.9883
vn -0.8451 0.2812 0.4547
vn -0.1071 0.2438 0.9639
vn -0.7638 -0.0339 0.6446
vn -0.8451 0.2811 0.4547
vn -0.0270 0.5717 0.8200
vn -0.9096 -0.0101 -0.4155
vn -0.8854 0.0828 -0.4575
vn -0.7396 -0.2930 -0.6060
vn -0.7396 -0.2929 -0.6059
vn -0.3709 0.8034 0.4658
vn 0.0564 0.7555 0.6527
vn 0.0564 0.7555 0.6528
vn -0.2958 0.8334 0.4668
vn 0.3789 0.5685 0.7302
vn 0.4033 0.5586 0.7248
vn 0.3888 0.5611 0.7308
vn -0.5848 -0.6586 -0.4736
vn -0.4666 -0.6042 -0.6459
vn -0.4676 -0.6075 -0.6421
vn -0.5731 -0.6569 -0.4898
vn -0.5848 -0.6586 -0.4735
vn -0.7790 -0.4214 -0.4643
vn -0.7395 -0.2930 -0.6061
vn -0.8693 0.1607 -0.4674
vn -0.9034 0.1682 -0.3944
vn -0.7732 -0.2404 -0.5869
vn -0.7264 -0.2474 -0.6412
vn 0.0386 0.7778 0.6273
vn -0.0361 0.7588 0.6503
vn -0.3427 0.8165 0.4647
vn -0.2999 0.8444 0.4438
vn -0.0360 0.7588 0.6503
vn 0.0387 0.7778 0.6273
vn 0.3491 0.5695 0.7441
vn -0.7265 -0.2473 -0.6412
vn -0.7124 -0.2736 -0.6462
vn -0.8644 0.0881 -0.4950
vn -0.7264 -0.2473 -0.6412
vn -0.3000 0.8444 0.4438
vn -0.2780 0.8497 0.4479
vn -0.2780 0.8497 0.4480
vn 0.0749 0.7681 0.6359
vn 0.0750 0.7681 0.6359
vn 0.4033 0.5585 0.7249
vn 0.4032 0.5586 0.7248
vn 0.3789 0.5686 0.7302
vn 0.3286 0.5409 0.7742
vn 0.3287 0.5409 0.7742
vn 0.3492 0.5695 0.7441
vn -0.8644 0.0880 -0.4950
vn -0.7124 -0.2737 -0.6463
vn -0.7396 -0.2930 -0.6059
vn -0.8854 0.0828 -0.4574
vn -0.2781 0.8497 0.4479
vn -0.7123 -0.2737 -0.6463
vn -0.4524 -0.5756 -0.6812
vn -0.4523 -0.5756 -0.6812
vn 0.0564 0.7554 0.6528
vn -0.4588 -0.5913 -0.6633
vn -0.4588 -0.5912 -0.6633
vn 0.3820 0.7354 0.5597
vn 0.4682 0.8825 0.0436
vn 0.3518 0.5727 0.7404
vn 0.2950 0.5508 0.7808
vn 0.3284 0.5411 0.7742
vn 0.3889 0.5611 0.7307
vn 0.3777 0.5582 0.7388
vn 0.3776 0.5582 0.7387
vn 0.1330 0.3874 0.9123
vn 0.1329 0.3873 0.9123
vn 0.1246 0.3748 0.9187
vn -0.1263 0.1821 0.9751
vn -0.5732 -0.6570 -0.4898
vn -0.5663 -0.6527 -0.5032
vn -0.5663 -0.6528 -0.5032
vn -0.6299 -0.6781 -0.3787
vn -0.6428 -0.6756 -0.3612
vn -0.4660 -0.6051 -0.6455
vn -0.5663 -0.6527 -0.5033
vn 0.4682 0.8826 0.0436
vn 0.3819 0.7355 0.5597
vn 0.4313 0.8217 0.3725
vn -0.2316 -0.8438 -0.4840
vn -0.3033 -0.8614 -0.4074
vn -0.5948 -0.7214 -0.3547
vn -0.0171 0.2079 0.9780
vn 0.0100 0.1928 0.9812
vn 0.1672 0.3802 0.9096
vn 0.1673 0.3803 0.9096
vn 0.3710 0.5587 0.7417
vn 0.3711 0.5586 0.7418
vn 0.3776 0.5582 0.7388
vn 0.3712 0.5586 0.7417
vn 0.3432 0.5563 0.7568
vn -0.0450 0.7172 0.6954
vn -0.9591 0.2446 -0.1428
vn -0.7732 -0.2403 -0.5868
vn -0.8261 -0.3333 -0.4545
vn -0.5947 -0.7214 -0.3547
vn -0.1263 0.1822 0.9751
vn 0.6000 0.8000 0.0058
vn 0.5094 0.6748 -0.5340
vn 0.4805 0.6975 -0.5317
vn 0.5847 0.8113 0.0051
vn 0.4436 0.7148 -0.5407
vn 0.4805 0.6975 -0.5316
vn 0.5516 0.8339 0.0200
vn 0.4436 0.7147 -0.5407
vn 0.5240 0.8512 0.0291
vn 0.4157 0.7137 -0.5638
vn -0.8017 -0.4964 -0.3329
vn -0.7790 -0.4214 -0.4642
vn -0.5849 -0.6586 -0.4734
vn 0.4682 0.8826 0.0435
vn 0.4531 0.8864 0.0949
vn 0.4206 0.8768 -0.2329
vn 0.4531 0.8864 0.0950
vn 0.3819 0.7354 0.5597
vn 0.3733 0.6790 0.6322
vn 0.4313 0.8217 0.3726
vn 0.2899 0.6013 0.7446
vn 0.3732 0.6789 0.6322
vn 0.2760 0.5777 0.7681
vn 0.2639 0.5678 0.7797
vn -0.8424 -0.4673 -0.2683
vn 0.3374 0.7331 -0.5906
vn 0.3445 0.7439 -0.5726
vn 0.4206 0.8768 -0.2330
vn 0.3374 0.7330 -0.5906
vn 0.1635 0.5392 -0.8261
vn 0.3445 0.7438 -0.5727
vn 0.0271 0.3024 -0.9528
vn 0.0511 0.3290 -0.9429
vn 0.1635 0.5392 -0.8262
vn -0.1317 0.0778 -0.9882
vn -0.3666 -0.2907 -0.8838
vn -0.3132 -0.1964 -0.9291
vn -0.3133 -0.1964 -0.9291
vn 0.0511 0.3289 -0.9430
vn -0.5135 -0.4794 -0.7117
vn -0.3133 -0.1965 -0.9291
vn -0.3666 -0.2908 -0.8837
vn -0.5440 -0.5520 -0.6319
vn -0.5626 -0.5832 -0.5859
vn -0.5946 -0.6160 -0.5168
vn -0.5931 -0.6200 -0.5136
vn -0.5900 -0.6228 -0.5138
vn -0.5886 -0.6238 -0.5143
vn -0.4882 -0.6206 -0.6136
vn -0.4561 -0.6000 -0.6572
vn -0.4541 -0.6015 -0.6572
vn -0.4542 -0.6015 -0.6572
vn -0.4860 -0.6087 -0.6272
vn -0.4883 -0.6206 -0.6136
vn -0.4725 -0.5990 -0.6464
vn -0.4725 -0.5990 -0.6465
vn -0.5499 -0.6036 -0.5773
vn -0.5515 -0.6130 -0.5657
vn -0.5515 -0.6130 -0.5658
vn -0.4860 -0.6087 -0.6271
vn -0.4725 -0.5991 -0.6464
vn -0.4541 -0.6015 -0.6573
vn -0.7800 -0.6235 -0.0539
vn -0.1968 -0.0533 0.9790
vn -0.1870 -0.1970 0.9624
vn 0.3491 0.5695 0.7442
vn 0.2815 0.5393 0.7937
vn 0.2751 0.5729 0.7721
vn -0.5900 -0.6228 -0.5139
vn -0.5440 -0.5521 -0.6319
vn -0.5626 -0.5832 -0.5860
vn 0.2950 0.5507 0.7808
vn 0.2575 0.5275 0.8096
vn 0.2816 0.5393 0.7937
vn -0.0360 0.7588 0.6504
vn 0.2367 0.5718 0.7855
vn 0.2510 0.5389 0.8041
vn -0.8260 -0.3333 -0.4545
vn -0.6064 -0.5936 -0.5290
vn -0.6064 -0.5937 -0.5290
vn -0.5205 -0.5858 -0.6212
vn -0.7732 -0.2404 -0.5868
vn -0.5205 -0.5858 -0.6213
vn -0.4688 -0.5693 -0.6754
vn -0.7124 -0.2737 -0.6462
vn -0.3038 -0.2337 -0.9236
vn -0.5422 -0.5619 -0.6247
vn -0.5738 -0.5512 -0.6057
vn -0.5423 -0.5620 -0.6246
vn -0.6014 -0.6266 -0.4956
vn -0.6004 -0.6124 -0.5142
vn -0.6065 -0.5937 -0.5289
vn -0.5463 -0.5823 -0.6021
vn -0.5206 -0.5858 -0.6212
vn -0.4687 -0.5693 -0.6754
vn -0.4880 -0.5759 -0.6559
vn 0.2335 0.5332 0.8131
vn 0.2784 0.5572 0.7823
vn 0.2336 0.5333 0.8131
vn 0.2336 0.5332 0.8131
vn 0.3518 0.5727 0.7405
vn 0.4225 0.7284 0.5395
vn 0.4682 0.8825 0.0435
vn 0.4157 0.7137 -0.5637
vn 0.0511 0.3290 -0.9430
vn 0.4157 0.7136 -0.5639
vn 0.1054 0.3021 -0.9474
vn -0.3037 -0.2337 -0.9237
vn -0.3037 -0.2337 -0.9236
vn -0.5440 -0.5520 -0.6320
vn -0.6004 -0.6125 -0.5142
vn -0.5946 -0.6159 -0.5168
vn -0.5463 -0.5823 -0.6020
vn -0.5498 -0.6036 -0.5773
vn 0.0270 0.3023 -0.9528
vn -0.1316 0.0779 -0.9882
vn 0.0510 0.3289 -0.9430
vn 0.3445 0.7439 -0.5727
vn 0.2274 0.5073 0.8313
vn 0.2861 0.4451 0.8486
vn 0.2274 0.5072 0.8313
vn 0.2444 0.5362 0.8079
vn 0.2860 0.5594 0.7780
vn 0.2444 0.5362 0.8080
vn 0.2760 0.5777 0.7682
vn 0.2860 0.5595 0.7780
vn 0.2640 0.5678 0.7797
vn 0.2257 0.5512 0.8033
vn 0.2382 0.5384 0.8083
vn -0.9864 0.0512 0.1560
vn -0.8451 0.2812 0.4546
vn 0.2761 0.5777 0.7681
vn 0.3228 -0.6871 -0.6509
vn 0.2691 0.5872 0.7634
vt 0.325237 0.123471
vt 0.326608 0.100864
vt 0.323336 0.100864
vt 0.320499 0.123471
vt 0.320657 0.100864
vt 0.316891 0.123471
vt 0.333828 0.123471
vt 0.338346 0.123471
vt 0.337344 0.100864
vt 0.334141 0.100864
vt 0.316862 0.100864
vt 0.312572 0.123471
vt 0.352520 0.123471
vt 0.348421 0.100864
vt 0.343585 0.100864
vt 0.347409 0.123471
vt 0.343328 0.123471
vt 0.340711 0.100864
vt 0.329102 0.123471
vt 0.330284 0.100864
vt 0.573230 0.015597
vt 0.575648 0.017848
vt 0.577139 0.016213
vt 0.574957 0.014125
vt 0.587925 0.024465
vt 0.587705 0.022099
vt 0.585672 0.021764
vt 0.585354 0.024254
vt 0.593457 0.016953
vt 0.593367 0.020628
vt 0.595076 0.018614
vt 0.597016 0.016382
vt 0.595232 0.014774
vt 0.579972 0.018631
vt 0.578699 0.020520
vt 0.582835 0.020555
vt 0.582094 0.022687
vt 0.573064 0.010884
vt 0.570891 0.012685
vt 0.590221 0.020257
vt 0.589705 0.023613
vt 0.577509 0.022269
vt 0.574183 0.019430
vt 0.581498 0.024871
vt 0.585420 0.026505
vt 0.569277 0.014186
vt 0.571672 0.017025
vt 0.591571 0.022240
vt 0.592692 0.024273
vt 0.594720 0.022348
vt 0.590532 0.025788
vt 0.588206 0.026524
vt 0.598403 0.017627
vt 0.596661 0.020114
vt 0.576070 0.024036
vt 0.572678 0.021151
vt 0.564266 0.018269
vt 0.561151 0.020229
vt 0.563091 0.023228
vt 0.566698 0.020907
vt 0.569822 0.018553
vt 0.596351 0.024073
vt 0.593902 0.026252
vt 0.591471 0.027867
vt 0.592508 0.030884
vt 0.588881 0.030914
vt 0.589007 0.034062
vt 0.593108 0.034538
vt 0.588955 0.038066
vt 0.592469 0.038670
vt 0.580974 0.027226
vt 0.598591 0.021562
vt 0.567343 0.015917
vt 0.559915 0.045524
vt 0.560548 0.047919
vt 0.560919 0.047698
vt 0.560426 0.045139
vt 0.612952 0.045676
vt 0.614732 0.047202
vt 0.616181 0.045121
vt 0.614538 0.043630
vt 0.614004 0.049211
vt 0.614355 0.049470
vt 0.562357 0.046719
vt 0.561654 0.047674
vt 0.564055 0.044069
vt 0.567583 0.040005
vt 0.564078 0.037286
vt 0.561995 0.039878
vt 0.558376 0.043935
vt 0.558830 0.043514
vt 0.557399 0.041968
vt 0.556973 0.042443
vt 0.555925 0.039773
vt 0.554896 0.040381
vt 0.554988 0.041097
vt 0.616064 0.041516
vt 0.620124 0.043221
vt 0.620155 0.042594
vt 0.616658 0.040693
vt 0.557748 0.038293
vt 0.561462 0.034807
vt 0.607920 0.045902
vt 0.605274 0.047261
vt 0.606681 0.049098
vt 0.609136 0.047894
vt 0.607407 0.050691
vt 0.609635 0.049813
vt 0.561932 0.048533
vt 0.564216 0.047875
vt 0.613455 0.049375
vt 0.612039 0.046853
vt 0.611195 0.047156
vt 0.613651 0.049861
vt 0.610655 0.044694
vt 0.568307 0.043855
vt 0.570382 0.041757
vt 0.564903 0.045522
vt 0.565932 0.048446
vt 0.566888 0.046097
vt 0.620924 0.042044
vt 0.623743 0.041839
vt 0.623631 0.039797
vt 0.618799 0.039977
vt 0.549915 0.040283
vt 0.550657 0.042032
vt 0.553634 0.040526
vt 0.553722 0.038317
vt 0.623772 0.037988
vt 0.618607 0.037527
vt 0.549086 0.038769
vt 0.552709 0.036612
vt 0.620445 0.042079
vt 0.616916 0.039654
vt 0.554368 0.037984
vt 0.554139 0.040271
vt 0.559282 0.031954
vt 0.557009 0.033755
vt 0.624398 0.036236
vt 0.624993 0.034229
vt 0.621887 0.033892
vt 0.619565 0.035478
vt 0.548205 0.037315
vt 0.551723 0.034843
vt 0.549834 0.033533
vt 0.547260 0.035820
vt 0.550271 0.033146
vt 0.552320 0.034423
vt 0.551669 0.032370
vt 0.550311 0.032581
vt 0.617979 0.034780
vt 0.621360 0.033835
vt 0.621246 0.033493
vt 0.618110 0.034090
vt 0.553659 0.031376
vt 0.557499 0.029354
vt 0.545445 0.030056
vt 0.545693 0.031667
vt 0.549371 0.032128
vt 0.550735 0.030891
vt 0.621688 0.032823
vt 0.624510 0.031048
vt 0.623486 0.029861
vt 0.619591 0.032190
vt 0.622772 0.028416
vt 0.618572 0.030642
vt 0.545630 0.028711
vt 0.551122 0.028859
vt 0.621330 0.033048
vt 0.617896 0.033424
vt 0.551405 0.030997
vt 0.549837 0.032187
vt 0.616087 0.034177
vt 0.554449 0.028418
vt 0.553076 0.028904
vt 0.552207 0.031132
vt 0.545635 0.027281
vt 0.551087 0.027292
vt 0.550819 0.025960
vt 0.546183 0.025815
vt 0.618017 0.028649
vt 0.622213 0.026851
vt 0.621787 0.025141
vt 0.617820 0.026585
vt 0.616608 0.028967
vt 0.617174 0.031171
vt 0.615213 0.029000
vt 0.612378 0.028481
vt 0.615470 0.031629
vt 0.556634 0.026943
vt 0.555594 0.023956
vt 0.553880 0.026531
vt 0.588843 0.041064
vt 0.588641 0.044077
vt 0.591727 0.041845
vt 0.591045 0.044586
vt 0.593544 0.045517
vt 0.594747 0.043183
vt 0.583539 0.041080
vt 0.583981 0.042792
vt 0.586324 0.042535
vt 0.586281 0.040870
vt 0.597765 0.044856
vt 0.595557 0.046576
vt 0.597653 0.046983
vt 0.579573 0.045086
vt 0.581552 0.043492
vt 0.579297 0.042563
vt 0.578412 0.044800
vt 0.580940 0.041763
vt 0.562454 0.029420
vt 0.566927 0.034146
vt 0.569820 0.030980
vt 0.566053 0.026822
vt 0.572946 0.034236
vt 0.570151 0.037272
vt 0.559887 0.025135
vt 0.608967 0.038447
vt 0.605306 0.042788
vt 0.574266 0.044824
vt 0.576454 0.043353
vt 0.574760 0.041372
vt 0.572384 0.043104
vt 0.574961 0.046006
vt 0.576885 0.045035
vt 0.600241 0.044527
vt 0.600009 0.046500
vt 0.601828 0.046959
vt 0.602818 0.045386
vt 0.611202 0.033266
vt 0.615598 0.037004
vt 0.575630 0.037472
vt 0.572792 0.039656
vt 0.602321 0.029414
vt 0.599253 0.026980
vt 0.596064 0.029752
vt 0.597995 0.034330
vt 0.605243 0.025294
vt 0.602092 0.023517
vt 0.604010 0.020594
vt 0.607282 0.022475
vt 0.608315 0.026973
vt 0.610234 0.024171
vt 0.558050 0.021930
vt 0.605649 0.031184
vt 0.596441 0.039627
vt 0.582715 0.037998
vt 0.586188 0.037872
vt 0.579920 0.038696
vt 0.578897 0.035247
vt 0.577346 0.039864
vt 0.612767 0.042428
vt 0.614669 0.039965
vt 0.562214 0.043505
vt 0.558614 0.040045
vt 0.556261 0.037228
vt 0.553785 0.033195
vt 0.600857 0.048101
vt 0.603054 0.049277
vt 0.576756 0.030196
vt 0.581310 0.030150
vt 0.585433 0.028630
vt 0.585555 0.030577
vt 0.585887 0.033889
vt 0.582127 0.034035
vt 0.567696 0.048742
vt 0.569629 0.049665
vt 0.570617 0.048144
vt 0.568707 0.046912
vt 0.572000 0.046433
vt 0.570039 0.044992
vt 0.551778 0.027293
vt 0.552670 0.026598
vt 0.552271 0.025338
vt 0.551406 0.025978
vt 0.617319 0.026768
vt 0.616422 0.026871
vt 0.615360 0.026514
vt 0.613400 0.025645
vt 0.553440 0.024604
vt 0.605551 0.051673
vt 0.604646 0.050446
vt 0.589854 0.050432
vt 0.587825 0.052363
vt 0.589449 0.052311
vt 0.587139 0.058013
vt 0.588323 0.058409
vt 0.589027 0.054596
vt 0.587568 0.054480
vt 0.586243 0.052321
vt 0.586209 0.052689
vt 0.591527 0.050949
vt 0.591051 0.052777
vt 0.589452 0.058882
vt 0.590452 0.055064
vt 0.587641 0.061116
vt 0.588836 0.061655
vt 0.589003 0.060276
vt 0.587808 0.059741
vt 0.584993 0.061455
vt 0.586378 0.060683
vt 0.585651 0.060025
vt 0.584796 0.060290
vt 0.586432 0.050284
vt 0.586411 0.044127
vt 0.584390 0.044402
vt 0.584826 0.050560
vt 0.596559 0.101176
vt 0.596559 0.091233
vt 0.586757 0.091233
vt 0.586757 0.101176
vt 0.594541 0.052626
vt 0.597122 0.047602
vt 0.593147 0.051717
vt 0.593931 0.054480
vt 0.592604 0.053530
vt 0.581786 0.052686
vt 0.583240 0.053006
vt 0.583250 0.052666
vt 0.590361 0.061763
vt 0.590536 0.060506
vt 0.582387 0.044914
vt 0.583310 0.050743
vt 0.576842 0.091233
vt 0.576842 0.101176
vt 0.590800 0.059241
vt 0.591928 0.055669
vt 0.580267 0.045645
vt 0.581869 0.050891
vt 0.588113 0.050239
vt 0.586961 0.059387
vt 0.583235 0.053664
vt 0.592132 0.059535
vt 0.593257 0.056374
vt 0.584701 0.053564
vt 0.584714 0.053134
vt 0.586165 0.053332
vt 0.596559 0.078863
vt 0.586757 0.078863
vt 0.576842 0.078863
vt 0.591382 0.060901
vt 0.583206 0.057818
vt 0.581987 0.058098
vt 0.582476 0.059640
vt 0.583438 0.059209
vt 0.583876 0.060231
vt 0.583322 0.060905
vt 0.585874 0.057637
vt 0.585838 0.059023
vt 0.567547 0.049298
vt 0.569462 0.050137
vt 0.605709 0.052121
vt 0.565904 0.057690
vt 0.567885 0.055920
vt 0.566182 0.055904
vt 0.608472 0.053368
vt 0.606441 0.054204
vt 0.607862 0.057505
vt 0.609545 0.056596
vt 0.609032 0.061073
vt 0.610111 0.064396
vt 0.611573 0.063805
vt 0.610596 0.060314
vt 0.610663 0.066020
vt 0.565519 0.060067
vt 0.564974 0.063417
vt 0.566349 0.063414
vt 0.567083 0.059823
vt 0.610353 0.052658
vt 0.611214 0.055870
vt 0.613133 0.063333
vt 0.612225 0.059726
vt 0.612054 0.065371
vt 0.613570 0.064936
vt 0.615475 0.071993
vt 0.615101 0.070716
vt 0.613938 0.070996
vt 0.614174 0.072091
vt 0.562461 0.071792
vt 0.563302 0.070952
vt 0.562543 0.070969
vt 0.564071 0.060151
vt 0.563684 0.063356
vt 0.565810 0.049007
vt 0.562878 0.068711
vt 0.564102 0.068994
vt 0.564650 0.065558
vt 0.563380 0.065466
vt 0.561912 0.049019
vt 0.564128 0.048500
vt 0.562980 0.057147
vt 0.561589 0.054796
vt 0.561381 0.057029
vt 0.612940 0.055599
vt 0.615084 0.057679
vt 0.614734 0.055574
vt 0.614075 0.052191
vt 0.612089 0.052327
vt 0.563718 0.051408
vt 0.561818 0.051274
vt 0.563204 0.055336
vt 0.615482 0.059465
vt 0.613798 0.059473
vt 0.614657 0.063071
vt 0.616257 0.062939
vt 0.562765 0.059649
vt 0.561327 0.058980
vt 0.561224 0.062775
vt 0.562491 0.063115
vt 0.611529 0.049354
vt 0.613357 0.057623
vt 0.611758 0.057873
vt 0.615073 0.064685
vt 0.616567 0.071387
vt 0.616189 0.070407
vt 0.562249 0.065180
vt 0.561750 0.068602
vt 0.613478 0.069885
vt 0.612361 0.070289
vt 0.614773 0.069486
vt 0.616027 0.069159
vt 0.613191 0.071362
vt 0.617059 0.070170
vt 0.616607 0.064584
vt 0.617200 0.068915
vt 0.608478 0.059365
vt 0.610094 0.058519
vt 0.561118 0.064427
vt 0.560739 0.068598
vt 0.564761 0.064841
vt 0.563496 0.064684
vt 0.562342 0.064462
vt 0.565154 0.069399
vt 0.566101 0.065072
vt 0.564651 0.070579
vt 0.563783 0.070031
vt 0.560825 0.069795
vt 0.561714 0.069662
vt 0.561828 0.070703
vt 0.552533 0.051437
vt 0.555337 0.051598
vt 0.553953 0.050241
vt 0.620161 0.051628
vt 0.617056 0.048879
vt 0.616124 0.050772
vt 0.619069 0.053146
vt 0.626845 0.059425
vt 0.626032 0.056714
vt 0.625123 0.058169
vt 0.542831 0.061820
vt 0.547265 0.058124
vt 0.545563 0.057583
vt 0.542204 0.060673
vt 0.546324 0.056895
vt 0.548790 0.056746
vt 0.547616 0.055758
vt 0.621505 0.050167
vt 0.618393 0.047263
vt 0.627180 0.055269
vt 0.627616 0.057984
vt 0.628673 0.056571
vt 0.634247 0.063536
vt 0.635469 0.062673
vt 0.634388 0.061682
vt 0.633416 0.062718
vt 0.540211 0.062001
vt 0.539581 0.061301
vt 0.538830 0.061913
vt 0.541433 0.059639
vt 0.544653 0.056656
vt 0.545410 0.055958
vt 0.546632 0.054840
vt 0.557342 0.047464
vt 0.556086 0.046051
vt 0.552904 0.048910
vt 0.550457 0.046523
vt 0.548918 0.048112
vt 0.550380 0.049192
vt 0.622829 0.048993
vt 0.625692 0.049032
vt 0.624328 0.047790
vt 0.621957 0.044960
vt 0.619914 0.046236
vt 0.551712 0.047915
vt 0.554827 0.044835
vt 0.553350 0.043516
vt 0.539342 0.057969
vt 0.540451 0.058687
vt 0.543825 0.055621
vt 0.543404 0.054014
vt 0.631196 0.054614
vt 0.629841 0.055541
vt 0.634282 0.059840
vt 0.635196 0.058771
vt 0.628370 0.054162
vt 0.629785 0.053076
vt 0.544893 0.052580
vt 0.544519 0.054981
vt 0.623034 0.051520
vt 0.624219 0.050301
vt 0.636060 0.061415
vt 0.635137 0.060693
vt 0.545773 0.053808
vt 0.549899 0.049665
vt 0.547713 0.049450
vt 0.548663 0.050906
vt 0.625462 0.051457
vt 0.626918 0.050243
vt 0.550617 0.051046
vt 0.549423 0.052182
vt 0.621724 0.053004
vt 0.623014 0.054115
vt 0.624276 0.052643
vt 0.632473 0.061957
vt 0.633484 0.060831
vt 0.631554 0.062990
vt 0.632885 0.063510
vt 0.635903 0.059987
vt 0.620669 0.054588
vt 0.551225 0.050472
vt 0.541617 0.062438
vt 0.541237 0.061402
vt 0.538625 0.059093
vt 0.539661 0.059534
vt 0.622002 0.055661
vt 0.538934 0.060540
vt 0.545045 0.042618
vt 0.547903 0.043305
vt 0.546964 0.041742
vt 0.626879 0.041973
vt 0.626647 0.040005
vt 0.631352 0.040117
vt 0.629076 0.040116
vt 0.629448 0.041980
vt 0.631634 0.041896
vt 0.638629 0.041633
vt 0.636122 0.040120
vt 0.636216 0.041722
vt 0.536832 0.046332
vt 0.539315 0.046737
vt 0.538484 0.045558
vt 0.543500 0.045045
vt 0.545498 0.044238
vt 0.544201 0.042999
vt 0.542355 0.043825
vt 0.626701 0.038293
vt 0.631314 0.038495
vt 0.629020 0.038449
vt 0.636120 0.038591
vt 0.638483 0.040115
vt 0.643875 0.038809
vt 0.643824 0.039927
vt 0.644907 0.040370
vt 0.645363 0.038905
vt 0.531199 0.048536
vt 0.530726 0.047922
vt 0.529951 0.048250
vt 0.537733 0.044355
vt 0.543194 0.041776
vt 0.541430 0.042609
vt 0.546385 0.040223
vt 0.544089 0.041345
vt 0.532899 0.046829
vt 0.533404 0.047943
vt 0.536029 0.046709
vt 0.535353 0.045543
vt 0.544737 0.037309
vt 0.542589 0.038511
vt 0.543596 0.039860
vt 0.627244 0.036548
vt 0.629904 0.034993
vt 0.627706 0.034697
vt 0.545431 0.038899
vt 0.536650 0.041875
vt 0.535498 0.044005
vt 0.537170 0.043183
vt 0.636423 0.036983
vt 0.638998 0.035594
vt 0.636674 0.035483
vt 0.632090 0.035151
vt 0.629436 0.036722
vt 0.631693 0.036806
vt 0.542819 0.040264
vt 0.540670 0.039598
vt 0.540994 0.041207
vt 0.638685 0.037061
vt 0.638460 0.038637
vt 0.644953 0.037387
vt 0.643894 0.037806
vt 0.534781 0.044377
vt 0.532292 0.045721
vt 0.642402 0.040127
vt 0.642428 0.041408
vt 0.642465 0.038710
vt 0.642474 0.037472
vt 0.643614 0.041081
vt 0.643743 0.036626
vt 0.642564 0.036195
vt 0.534693 0.042932
vt 0.531549 0.044654
vt 0.533828 0.049108
vt 0.537278 0.047612
vt 0.532351 0.048268
vt 0.532672 0.049403
vt 0.530632 0.045437
vt 0.531373 0.046343
vt 0.530482 0.047111
vt 0.543120 0.029612
vt 0.631632 0.025488
vt 0.629151 0.025883
vt 0.630145 0.026841
vt 0.537403 0.028291
vt 0.538968 0.029793
vt 0.538997 0.028532
vt 0.624654 0.027281
vt 0.625521 0.028560
vt 0.626978 0.027486
vt 0.626114 0.026231
vt 0.628293 0.024665
vt 0.630679 0.024592
vt 0.629909 0.023408
vt 0.633993 0.020314
vt 0.634433 0.021065
vt 0.635303 0.020691
vt 0.634983 0.019511
vt 0.532518 0.027093
vt 0.532508 0.026440
vt 0.531742 0.026339
vt 0.539027 0.027379
vt 0.534601 0.026726
vt 0.534321 0.027721
vt 0.536955 0.028214
vt 0.536939 0.027080
vt 0.543800 0.025408
vt 0.543412 0.026881
vt 0.623772 0.024349
vt 0.624106 0.025889
vt 0.539522 0.025105
vt 0.537615 0.026064
vt 0.539208 0.026279
vt 0.627735 0.023477
vt 0.628787 0.021060
vt 0.627137 0.022190
vt 0.625563 0.024921
vt 0.625123 0.023483
vt 0.542706 0.026769
vt 0.542083 0.025286
vt 0.541302 0.026573
vt 0.629302 0.022292
vt 0.633955 0.018737
vt 0.633460 0.019616
vt 0.542123 0.028044
vt 0.540880 0.027777
vt 0.537096 0.025993
vt 0.534644 0.025651
vt 0.633542 0.021979
vt 0.634286 0.022895
vt 0.632918 0.021101
vt 0.632298 0.020229
vt 0.540998 0.029069
vt 0.542338 0.029428
vt 0.541419 0.030579
vt 0.543061 0.031106
vt 0.626792 0.029524
vt 0.628137 0.028447
vt 0.634937 0.021849
vt 0.632752 0.018847
vt 0.631723 0.019156
vt 0.537640 0.024874
vt 0.534535 0.024601
vt 0.533923 0.028752
vt 0.537237 0.029493
vt 0.531965 0.027535
vt 0.532873 0.028326
vt 0.533472 0.024635
vt 0.533643 0.025587
vt 0.532730 0.025712
vt 0.533395 0.027472
vt 0.588546 0.028679
vt 0.603061 0.036322
vt 0.600584 0.018744
vt 0.569787 0.023792
vt 0.573473 0.027154
vt 0.555039 0.035119
vt 0.565242 0.051614
vt 0.564654 0.055553
vt 0.566853 0.051884
vt 0.568686 0.052328
vt 0.558678 0.049031
vt 0.550612 0.053118
vt 0.551892 0.051990
vt 0.552054 0.054142
vt 0.553450 0.053029
vt 0.564374 0.057679
vt 0.542921 0.028204
vt 0.584737 0.052599
vt 0.560475 0.041687
vt 0.553324 0.036246
vt 0.551818 0.028878
vt 0.601331 0.040821
vt 0.598653 0.046485
vt 0.554717 0.041498
vt 0.532299 0.025139
vt 0.531200 0.049302
vt 0.529829 0.046646
vt 0.540344 0.062674
vt 0.538300 0.060511
vt 0.563841 0.071475
vt 0.561282 0.071041
vt 0.567460 0.057978
vt 0.565857 0.057994
vt 0.564318 0.058106
vt 0.562932 0.057539
vt 0.562906 0.057868
vt 0.564270 0.058503
vt 0.565800 0.058345
vt 0.564721 0.065113
vt 0.563445 0.065044
vt 0.562306 0.064790
vt 0.552221 0.051700
vt 0.550958 0.050721
vt 0.550142 0.049421
vt 0.546008 0.057174
vt 0.545051 0.056288
vt 0.544202 0.055278
vt 0.544655 0.042796
vt 0.543617 0.041576
vt 0.543233 0.040050
vt 0.536445 0.046514
vt 0.536121 0.045151
vt 0.535758 0.045330
vt 0.535176 0.044163
vt 0.542790 0.029549
vt 0.542498 0.028125
vt 0.543106 0.026825
vt 0.537187 0.028258
vt 0.537476 0.027159
vt 0.537193 0.027118
vt 0.537372 0.026031
vt 0.586056 0.054945
vt 0.584578 0.057612
vt 0.584655 0.055080
vt 0.583225 0.055220
vt 0.581861 0.054714
vt 0.617974 0.043618
vt 0.617498 0.037315
vt 0.620428 0.043509
vt 0.613726 0.050274
vt 0.113003 0.199711
vt 0.113170 0.230750
vt 0.128603 0.228679
vt 0.127138 0.199500
vt 0.098276 0.232012
vt 0.095751 0.199500
vt 0.219742 0.199500
vt 0.206279 0.199500
vt 0.206502 0.226908
vt 0.220099 0.228677
vt 0.191790 0.199500
vt 0.192462 0.225234
vt 0.234968 0.199500
vt 0.234212 0.230329
vt 0.246691 0.231488
vt 0.248329 0.199500
vt 0.260086 0.232012
vt 0.262598 0.199500
vt 0.176549 0.224758
vt 0.176549 0.199500
vt 0.160445 0.199500
vt 0.143004 0.199500
vt 0.144867 0.226408
vt 0.161103 0.225033
vt 0.296774 0.717409
vt 0.347633 0.718286
vt 0.348067 0.704880
vt 0.296894 0.705646
vt 0.363921 0.717915
vt 0.393146 0.702026
vt 0.348417 0.731859
vt 0.393333 0.732510
vt 0.460060 0.763775
vt 0.476829 0.728915
vt 0.481788 0.758562
vt 0.450637 0.735663
vt 0.429411 0.770423
vt 0.428371 0.741073
vt 0.469227 0.730873
vt 0.127887 0.865232
vt 0.124286 0.858162
vt 0.121110 0.862449
vt 0.124125 0.867303
vt 0.104188 0.861032
vt 0.102179 0.857260
vt 0.098543 0.862330
vt 0.100611 0.865866
vt 0.117401 0.853494
vt 0.115920 0.858854
vt 0.108844 0.853443
vt 0.109497 0.858697
vt 0.124629 0.873513
vt 0.128151 0.871645
vt 0.095948 0.866870
vt 0.121159 0.874301
vt 0.121273 0.885174
vt 0.123804 0.884095
vt 0.095496 0.873631
vt 0.093796 0.871849
vt 0.120632 0.868895
vt 0.118107 0.865531
vt 0.114384 0.863734
vt 0.110480 0.863114
vt 0.106676 0.864192
vt 0.103221 0.868340
vt 0.096922 0.875984
vt 0.127728 0.876903
vt 0.126224 0.883639
vt 0.131923 0.839827
vt 0.129707 0.840716
vt 0.130203 0.842639
vt 0.132933 0.843070
vt 0.122915 0.837458
vt 0.127556 0.839276
vt 0.127419 0.836722
vt 0.126202 0.845738
vt 0.124185 0.844189
vt 0.123296 0.846688
vt 0.125592 0.848480
vt 0.129539 0.844487
vt 0.132206 0.846591
vt 0.128074 0.845661
vt 0.129018 0.848580
vt 0.129706 0.837921
vt 0.121673 0.844699
vt 0.121383 0.839956
vt 0.124232 0.836088
vt 0.120263 0.841332
vt 0.310057 0.016694
vt 0.310072 0.011406
vt 0.306328 0.012944
vt 0.304768 0.016680
vt 0.306306 0.020424
vt 0.310042 0.021983
vt 0.313786 0.020445
vt 0.315346 0.016710
vt 0.313807 0.012965
vt 0.338037 0.021989
vt 0.334453 0.023411
vt 0.334453 0.027345
vt 0.340902 0.024684
vt 0.330683 0.021793
vt 0.327988 0.024657
vt 0.329253 0.018214
vt 0.325321 0.018214
vt 0.330869 0.014439
vt 0.328003 0.011743
vt 0.334453 0.013016
vt 0.334453 0.009083
vt 0.338224 0.014634
vt 0.340919 0.011771
vt 0.339653 0.018214
vt 0.343585 0.018214
vt 0.334453 0.018214
vt 0.006475 0.182384
vt 0.019428 0.188841
vt 0.006475 0.207004
vt 0.019428 0.188841
vt 0.006475 0.174367
vt 0.022132 0.188544
vt 0.006475 0.209583
vt 0.007131 0.031921
vt 0.007131 0.051681
vt 0.017528 0.037103
vt 0.017528 0.037103
vt 0.035236 0.160985
vt 0.046482 0.147321
vt 0.033852 0.151169
vt 0.041185 0.141935
vt 0.023994 0.160032
vt 0.023994 0.141489
vt 0.040363 0.164194
vt 0.047779 0.147286
vt 0.041518 0.139145
vt 0.034412 0.145995
vt 0.023992 0.134241
vt 0.185650 0.850389
vt 0.182962 0.858231
vt 0.188764 0.857651
vt 0.185195 0.813484
vt 0.207995 0.806475
vt 0.203166 0.795573
vt 0.182245 0.805597
vt 0.186668 0.818370
vt 0.210394 0.813186
vt 0.187123 0.823483
vt 0.210737 0.820312
vt 0.187308 0.832121
vt 0.210790 0.832121
vt 0.210790 0.842315
vt 0.210758 0.835492
vt 0.192697 0.834787
vt 0.187313 0.840620
vt 0.186996 0.845593
vt 0.210661 0.849423
vt 0.208492 0.856199
vt 0.157897 0.845169
vt 0.155559 0.850135
vt 0.157724 0.818897
vt 0.155339 0.813833
vt 0.159255 0.822736
vt 0.159800 0.826760
vt 0.160011 0.832121
vt 0.159869 0.837425
vt 0.159377 0.841395
vt 0.148863 0.840171
vt 0.145792 0.843052
vt 0.148746 0.823937
vt 0.145638 0.820979
vt 0.150136 0.825557
vt 0.150298 0.827794
vt 0.150323 0.832120
vt 0.150364 0.836384
vt 0.150231 0.838584
vt 0.139380 0.832120
vt 0.210790 0.835074
vt 0.202484 0.794168
vt 0.186039 0.800779
vt 0.205368 0.864123
vt 0.219234 0.860003
vt 0.223631 0.856982
vt 0.219045 0.855740
vt 0.218192 0.856964
vt 0.225610 0.860530
vt 0.224336 0.856274
vt 0.215420 0.859470
vt 0.217595 0.862508
vt 0.223452 0.864487
vt 0.223656 0.863042
vt 0.219752 0.864065
vt 0.226265 0.860001
vt 0.224984 0.864443
vt 0.225112 0.856458
vt 0.210740 0.834908
vt 0.192677 0.834358
vt 0.210790 0.836076
vt 0.192719 0.835353
vt 0.192780 0.835781
vt 0.210790 0.836619
vt 0.192636 0.833789
vt 0.210749 0.834489
vt 0.053493 0.980587
vt 0.057771 0.981937
vt 0.049716 0.986180
vt 0.042387 0.990237
vt 0.047879 0.992731
vt 0.053577 0.988340
vt 0.054201 0.973734
vt 0.058704 0.973240
vt 0.040594 0.994630
vt 0.033561 0.990942
vt 0.034260 0.987263
vt 0.041632 0.985966
vt 0.033454 0.994031
vt 0.019278 0.992866
vt 0.019570 0.989418
vt 0.003904 0.989592
vt 0.012557 0.989285
vt 0.012288 0.992735
vt 0.004181 0.993045
vt 0.046563 0.983191
vt 0.049621 0.978793
vt 0.049861 0.974234
vt 0.020124 0.985994
vt 0.013144 0.985880
vt 0.003911 0.986125
vt 0.123892 0.846036
vt 0.124917 0.846065
vt 0.124797 0.844796
vt 0.123611 0.844920
vt 0.120819 0.845057
vt 0.121832 0.846032
vt 0.122352 0.844962
vt 0.127915 0.844058
vt 0.128090 0.845198
vt 0.129008 0.844872
vt 0.129084 0.843620
vt 0.126010 0.845753
vt 0.125794 0.844671
vt 0.126765 0.844400
vt 0.127144 0.845614
vt 0.122916 0.846077
vt 0.129981 0.844415
vt 0.120734 0.845840
vt 0.130525 0.843123
vt 0.130917 0.843819
vt 0.135348 0.840873
vt 0.135735 0.841500
vt 0.135959 0.840922
vt 0.134423 0.842227
vt 0.133967 0.841628
vt 0.133206 0.842731
vt 0.132848 0.842064
vt 0.118198 0.845730
vt 0.118268 0.844977
vt 0.117077 0.845013
vt 0.116886 0.845741
vt 0.115511 0.844850
vt 0.115396 0.845578
vt 0.114967 0.845131
vt 0.121110 0.862449
vt 0.102179 0.857260
vt 0.108844 0.853443
vt 0.243134 0.708405
vt 0.245475 0.716376
vt 0.248202 0.725589
vt 0.232726 0.717191
vt 0.297553 0.729478
vt 0.943648 0.199423
vt 0.943594 0.228806
vt 0.954753 0.198474
vt 0.943857 0.285088
vt 0.913090 0.285365
vt 0.908405 0.306697
vt 0.942927 0.310991
vt 0.908953 0.319225
vt 0.951848 0.329739
vt 0.920393 0.343207
vt 0.984822 0.326851
vt 0.984816 0.317031
vt 0.983402 0.307417
vt 0.979450 0.293279
vt 0.966403 0.341705
vt 0.975909 0.345433
vt 0.981664 0.336700
vt 0.931732 0.352042
vt 0.943133 0.356022
vt 0.973888 0.274572
vt 0.968560 0.254582
vt 0.966203 0.353011
vt 0.932704 0.199140
vt 0.943762 0.257701
vt 0.926612 0.233165
vt 0.918411 0.264042
vt 0.962919 0.229559
vt 0.911981 0.331972
vt 0.954486 0.356881
vt 0.977835 0.287849
vt 0.942607 0.176453
vt 0.465463 0.900592
vt 0.437553 0.887070
vt 0.438787 0.878980
vt 0.471557 0.884669
vt 0.437206 0.873035
vt 0.494747 0.878306
vt 0.476777 0.892155
vt 0.490126 0.857085
vt 0.506420 0.853570
vt 0.508634 0.871354
vt 0.493357 0.875608
vt 0.524959 0.867574
vt 0.523793 0.849941
vt 0.542406 0.847717
vt 0.542406 0.865617
vt 0.241494 0.869622
vt 0.257040 0.874138
vt 0.253587 0.864920
vt 0.249152 0.864805
vt 0.522647 0.824722
vt 0.504508 0.828228
vt 0.272055 0.799513
vt 0.278885 0.835586
vt 0.238425 0.830762
vt 0.227029 0.792281
vt 0.513104 0.825722
vt 0.510496 0.786999
vt 0.489745 0.792813
vt 0.493546 0.832021
vt 0.468496 0.887884
vt 0.477268 0.891273
vt 0.472547 0.906110
vt 0.511138 0.886229
vt 0.498675 0.889506
vt 0.525834 0.882247
vt 0.542406 0.880595
vt 0.507115 0.873047
vt 0.486790 0.898771
vt 0.481541 0.911876
vt 0.542406 0.822404
vt 0.480488 0.866945
vt 0.498257 0.858975
vt 0.474737 0.837720
vt 0.456202 0.841155
vt 0.461850 0.871281
vt 0.529848 0.867308
vt 0.518204 0.869527
vt 0.520359 0.883749
vt 0.529966 0.849237
vt 0.516277 0.851385
vt 0.504264 0.791285
vt 0.520950 0.787911
vt 0.542406 0.785202
vt 0.284554 0.865673
vt 0.228736 0.829650
vt 0.242048 0.830755
vt 0.230698 0.792723
vt 0.216846 0.790568
vt 0.228736 0.829650
vt 0.216846 0.790568
vt 0.528703 0.823282
vt 0.526949 0.784810
vt 0.440299 0.865678
vt 0.470217 0.862372
vt 0.286706 0.877339
vt 0.284556 0.865701
vt 0.318801 0.804769
vt 0.323583 0.839549
vt 0.277778 0.835346
vt 0.270782 0.799034
vt 0.365775 0.878246
vt 0.404027 0.880141
vt 0.402913 0.867429
vt 0.363709 0.865846
vt 0.366374 0.866934
vt 0.406006 0.867769
vt 0.365056 0.841610
vt 0.326414 0.866132
vt 0.328508 0.877802
vt 0.327338 0.865730
vt 0.361389 0.807626
vt 0.321203 0.839459
vt 0.316024 0.804014
vt 0.519866 0.748069
vt 0.542406 0.747260
vt 0.315036 0.772378
vt 0.358041 0.777900
vt 0.266265 0.763380
vt 0.215802 0.752316
vt 0.205143 0.751857
vt 0.219285 0.752651
vt 0.265647 0.762701
vt 0.529788 0.716270
vt 0.210697 0.723499
vt 0.199837 0.720019
vt 0.198737 0.728551
vt 0.262358 0.735040
vt 0.312698 0.746030
vt 0.542406 0.717222
vt 0.517327 0.718583
vt 0.505721 0.721555
vt 0.500528 0.752874
vt 0.494291 0.724868
vt 0.522944 0.717137
vt 0.524978 0.747161
vt 0.507973 0.749808
vt 0.487566 0.726493
vt 0.489265 0.755447
vt 0.469705 0.761192
vt 0.470096 0.730624
vt 0.428418 0.770576
vt 0.449395 0.764808
vt 0.428375 0.741136
vt 0.356898 0.756467
vt 0.312698 0.746030
vt 0.312514 0.771675
vt 0.355098 0.778044
vt 0.262358 0.735040
vt 0.393758 0.776136
vt 0.397072 0.748563
vt 0.399637 0.806229
vt 0.404418 0.841572
vt 0.396077 0.775293
vt 0.437829 0.839347
vt 0.433497 0.803773
vt 0.433438 0.844465
vt 0.400037 0.843453
vt 0.360514 0.840714
vt 0.471200 0.798757
vt 0.451280 0.803905
vt 0.429769 0.807689
vt 0.395995 0.810025
vt 0.356712 0.809386
vt 0.487895 0.831109
vt 0.485440 0.795196
vt 0.467823 0.835185
vt 0.464478 0.799082
s 1
g 右手捩
g 肌.003_Материал.020
usemtl Материал.020
f 3/1/1 2/2/2 1/3/3
s 2
f 6/3/3 5/4/4 4/1/1
s 3
f 9/4/5 8/3/6 7/5/7
s 4
f 12/5/7 11/6/8 10/4/5
s 5
f 15/7/9 14/8/10 13/9/11
s 6
f 18/9/11 17/10/12 16/7/9
s 7
f 21/6/13 20/5/14 19/11/15
s 8
f 24/11/16 23/12/17 22/6/18
s 9
f 27/13/19 26/14/20 25/15/21
s 10
f 30/15/22 29/16/23 28/13/19
s 11
f 33/17/24 32/16/25 31/15/26
s 12
f 36/15/27 35/18/28 34/17/29
s 13
f 39/8/30 38/17/24 37/18/31
s 14
f 42/18/32 41/9/33 40/8/34
s 15
f 45/19/35 44/7/36 43/10/37
s 16
f 48/10/37 47/20/38 46/19/39
s 17
f 51/1/40 50/19/41 49/20/42
s 18
f 54/20/42 53/2/43 52/1/44
s 19
f 57/21/45 56/22/46 55/23/47
s 20
f 60/23/12 59/24/11 58/21/48
s 21
f 63/25/49 62/26/50 61/27/51
s 22
f 66/27/51 65/28/52 64/25/49
s 23
f 69/29/22 68/30/53 67/31/54
s 24
f 72/29/26 71/31/55 70/32/56
s 25
f 75/32/56 74/33/32 73/29/21
s 26
f 78/34/57 77/23/37 76/22/58
s 27
f 81/22/59 80/35/60 79/34/61
s 28
f 84/36/62 83/34/61 82/35/63
s 29
f 87/35/64 86/37/65 85/36/66
s 30
f 90/37/67 89/28/68 88/27/3
s 31
f 93/27/3 92/36/2 91/37/65
s 32
f 96/24/33 95/38/31 94/39/69
s 33
f 99/39/70 98/21/71 97/24/33
s 34
f 102/29/21 101/40/15 100/30/72
s 35
f 105/41/73 104/26/74 103/25/49
s 36
f 108/40/15 107/26/75 106/41/73
s 37
g 右手首
f 111/42/76 110/35/60 109/22/59
s 38
f 114/22/59 113/43/77 112/42/78
s 39
f 117/37/65 116/35/63 115/42/79
s 40
f 120/42/79 119/44/80 118/37/81
s 41
f 123/28/68 122/37/81 121/44/82
s 42
f 126/44/82 125/45/83 124/28/68
s 43
f 129/39/56 128/46/84 127/47/85
s 44
f 132/47/86 131/21/45 130/39/56
s 45
f 135/48/87 134/49/88 133/50/89
s 46
f 138/50/89 137/30/53 136/48/87
s 47
f 141/51/90 140/41/91 139/25/49
s 48
f 144/25/49 143/52/92 142/51/90
s 49
f 147/49/88 146/48/87 145/41/73
s 50
f 150/41/93 149/51/90 148/49/94
s 51
f 153/53/95 152/32/56 151/31/55
s 52
f 156/31/55 155/54/96 154/53/95
s 53
f 159/55/97 158/42/78 157/43/98
s 54
f 162/43/77 161/56/99 160/55/100
s 55
f 165/57/101 164/58/102 163/59/103
s 56
f 168/59/103 167/60/104 166/57/105
s 57
f 171/56/106 170/43/107 169/47/108
s 58
f 174/47/109 173/61/110 172/56/106
s 59
f 177/62/111 176/50/112 175/49/88
s 60
f 180/49/88 179/63/113 178/62/114
s 61
f 183/63/113 182/49/88 181/51/90
s 62
f 186/51/90 185/64/115 184/63/116
s 63
f 189/65/117 188/66/118 187/67/119
s 64
f 192/67/119 191/68/120 190/65/117
s 65
g 右親指０
f 195/69/121 194/70/122 193/68/120
s 66
f 198/68/123 197/67/119 196/69/124
s 67
g 右手首
f 201/44/125 200/42/79 199/55/126
s 68
f 204/55/126 203/71/127 202/44/80
s 69
f 207/54/128 206/50/129 205/62/130
s 70
f 210/62/130 209/72/131 208/54/132
s 71
f 213/61/133 212/47/109 211/46/95
s 72
f 216/46/84 215/73/134 214/61/133
s 73
g 右中指１
f 219/74/135 218/75/136 217/76/137
s 74
f 222/76/137 221/77/138 220/74/139
s 75
f 225/78/140 224/79/141 223/80/142
s 76
f 228/80/143 227/81/144 226/78/145
s 77
f 231/82/146 230/83/136 229/79/141
s 78
f 234/79/147 233/78/140 232/82/148
s 79
f 237/84/149 236/77/150 235/76/146
s 80
f 240/76/137 239/85/151 238/84/152
s 81
g 右手首
f 243/86/153 242/87/154 241/88/155
s 82
f 246/88/155 245/89/156 244/86/157
s 83
g 右中指１
f 249/90/158 248/91/159 247/92/160
s 84
f 252/92/160 251/93/161 250/90/162
s 85
f 255/94/163 254/95/164 253/96/165
s 86
f 258/96/165 257/92/166 256/94/167
s 87
f 261/97/168 260/98/165 259/99/164
s 88
g 右手首
f 264/99/164 263/100/169 262/97/170
s 89
f 267/101/171 266/89/172 265/88/173
s 90
f 270/88/173 269/102/174 268/101/175
s 91
f 273/103/176 272/104/177 271/105/178
s 92
f 276/105/179 275/106/180 274/103/181
s 93
g 右人指１
f 279/106/180 278/105/179 277/107/182
s 94
f 282/107/183 281/108/184 280/106/180
s 95
f 285/84/149 284/85/185 283/109/186
s 96
f 288/109/186 287/110/187 286/84/152
s 97
f 291/111/188 290/112/189 289/113/190
s 98
f 294/113/191 293/114/192 292/111/188
s 99
g 右手首
f 297/115/193 296/113/194 295/112/195
s 100
f 300/116/196 299/117/197 298/87/154
s 101
f 303/87/198 302/86/157 301/116/199
s 102
g 右人指１
f 306/118/200 305/110/187 304/119/201
s 103
g 右手首
f 309/119/201 308/120/202 307/118/203
s 104
g 右薬指１
f 312/121/204 311/122/205 310/123/206
s 105
f 315/123/207 314/124/208 313/121/204
s 106
f 318/125/209 317/126/210 316/127/211
s 107
f 321/127/204 320/128/212 319/125/213
s 108
f 324/124/208 323/123/214 322/129/215
s 109
f 327/129/216 326/130/217 325/124/208
s 110
f 330/131/218 329/125/219 328/128/220
s 111
f 333/128/220 332/132/221 331/131/222
s 112
f 336/100/223 335/99/224 334/133/225
s 113
f 339/133/226 338/134/227 337/100/169
s 114
f 342/135/228 341/136/225 340/95/229
s 115
f 345/95/164 344/94/230 343/135/231
s 116
g 右手首
f 348/102/174 347/137/232 346/138/233
s 117
f 351/138/233 350/101/175 349/102/174
s 118
g 右薬指１
f 354/139/234 353/140/235 352/141/236
s 119
f 357/141/236 356/142/237 355/139/234
s 120
f 360/143/238 359/144/239 358/145/240
s 121
f 363/145/236 362/146/241 361/143/242
s 122
f 366/142/237 365/130/217 364/129/215
s 123
f 369/129/243 368/139/244 367/142/237
s 124
f 372/131/245 371/132/246 370/144/247
s 125
f 375/144/239 374/143/248 373/131/218
s 126
f 378/147/249 377/148/250 376/149/251
s 127
f 381/149/252 380/150/253 379/147/254
s 128
f 384/151/255 383/152/254 382/153/256
s 129
f 387/153/257 386/154/258 385/151/259
s 130
g 右手首
f 390/155/260 389/138/261 388/137/262
s 131
f 393/137/263 392/156/264 391/155/260
s 132
g 右小指１
f 396/157/265 395/158/266 394/159/267
s 133
f 399/159/268 398/160/269 397/157/270
s 134
f 402/161/271 401/162/272 400/163/273
s 135
f 405/163/274 404/164/275 403/161/268
s 136
f 408/164/275 407/163/273 406/165/276
s 137
f 411/165/277 410/166/278 409/164/275
s 138
f 414/167/279 413/157/280 412/160/281
s 139
f 417/160/281 416/168/282 415/167/283
s 140
f 420/154/284 419/153/285 418/169/286
s 141
g 右手首
f 423/169/287 422/170/288 421/154/284
s 142
g 右小指１
f 426/150/256 425/149/289 424/171/290
s 143
f 429/171/291 428/172/292 427/150/256
s 144
g 右手首
f 432/173/293 431/154/294 430/170/295
s 145
f 435/174/296 434/175/297 433/176/298
s 146
f 438/176/299 437/155/300 436/174/301
s 147
g 右小指１
f 441/177/302 440/178/303 439/179/304
s 148
f 444/179/305 443/180/306 442/177/302
s 149
f 447/181/307 446/182/308 445/183/306
s 150
f 450/183/306 449/184/309 448/181/307
s 151
f 453/166/310 452/165/277 451/182/311
s 152
f 456/182/311 455/181/312 454/166/278
s 153
f 459/168/282 458/178/313 457/177/314
s 154
f 462/177/315 461/167/316 460/168/317
s 155
f 465/181/318 464/185/319 463/186/320
s 156
f 468/186/321 467/166/278 466/181/318
s 157
g 右手首
f 471/187/322 470/188/323 469/189/324
s 158
f 474/156/264 473/190/325 472/174/326
s 159
f 477/190/327 476/191/328 475/192/329
s 160
g 右親指０
f 480/193/330 479/194/331 478/195/332
s 161
g 右親指１
f 483/196/333 482/197/334 481/198/335
s 162
g 右親指０
f 486/199/336 485/200/337 484/201/338
s 163
f 489/201/339 488/202/340 487/199/336
s 164
f 492/203/341 491/204/342 490/205/343
s 165
f 495/206/344 494/207/345 493/208/346
s 166
f 498/208/347 497/209/348 496/206/349
s 167
g 右親指１
f 501/198/350 500/197/334 499/204/351
s 168
g 右親指０
f 504/208/352 503/207/345 502/210/353
s 169
g 右手首
f 507/211/354 506/212/355 505/213/356
s 170
f 510/213/356 509/214/357 508/211/358
s 171
f 513/215/359 512/213/360 511/212/361
s 172
f 516/212/361 515/216/362 514/215/359
s 173
f 519/217/363 518/211/364 517/214/365
s 174
f 522/214/365 521/59/366 520/217/367
s 175
f 525/115/193 524/218/368 523/219/369
s 176
f 528/220/370 527/221/371 526/222/372
s 177
f 531/222/372 530/223/373 529/220/370
s 178
f 534/220/374 533/224/375 532/225/376
s 179
f 537/225/377 536/221/371 535/220/374
s 180
f 540/226/378 539/227/376 538/228/379
s 181
f 543/228/380 542/229/381 541/226/382
s 182
f 546/173/383 545/230/384 544/231/385
s 183
f 549/232/386 548/215/387 547/216/388
s 184
f 552/216/388 551/233/389 550/232/386
s 185
f 555/234/390 554/235/391 553/236/392
s 186
f 558/236/393 557/237/394 556/234/395
s 187
f 561/234/395 560/238/396 559/239/397
s 188
f 564/239/398 563/235/399 562/234/395
s 189
f 567/240/101 566/239/400 565/238/401
s 190
f 570/238/401 569/241/102 568/240/101
s 191
f 573/242/402 572/243/403 571/241/102
s 192
f 576/241/404 575/238/401 574/242/402
s 193
f 579/217/405 578/59/406 577/58/102
s 194
f 582/58/404 581/244/407 580/217/408
s 195
f 585/156/264 584/211/364 583/217/367
s 196
f 588/245/409 587/242/402 586/238/401
s 197
f 591/238/410 590/234/411 589/245/412
s 198
g 右親指０
f 594/246/413 593/70/414 592/195/415
s 199
f 597/195/415 596/198/335 595/246/416
s 200
f 600/70/417 599/69/121 598/193/330
s 201
f 603/193/418 602/195/415 601/70/122
s 202
f 606/246/419 605/198/420 604/203/421
s 203
f 609/247/422 608/199/336 607/202/423
s 204
f 612/202/340 611/248/424 610/247/422
s 205
g 右手首
f 615/249/425 614/250/426 613/232/427
s 206
f 618/232/428 617/251/429 616/249/425
s 207
f 621/68/430 620/237/431 619/236/432
s 208
f 624/236/393 623/65/433 622/68/430
s 209
f 627/219/434 626/229/435 625/104/436
s 210
f 630/104/177 629/103/176 628/219/437
s 211
f 633/218/438 632/115/439 631/252/440
s 212
f 636/218/368 635/252/441 634/253/442
s 213
g 右人指１
f 639/118/203 638/84/443 637/110/187
s 214
g 右中指１
f 642/254/444 641/77/150 640/84/445
s 215
g 右手首
f 645/255/446 644/101/175 643/94/230
s 216
f 648/256/447 647/94/167 646/101/175
s 217
f 651/257/448 650/149/251 649/148/250
s 218
f 654/221/449 653/225/377 652/209/450
s 219
g 右親指０
f 657/209/348 656/208/451 655/221/449
s 220
g 右手首
f 660/246/413 659/237/452 658/68/430
s 221
g 右親指０
f 663/68/430 662/70/453 661/246/413
s 222
g 右手首
f 666/258/374 665/259/454 664/228/455
s 223
f 669/229/435 668/228/456 667/104/436
s 224
f 672/260/457 671/261/458 670/71/459
s 225
f 675/262/460 674/71/459 673/261/461
s 226
f 678/261/462 677/263/463 676/262/464
s 227
f 681/215/465 680/232/466 679/250/467
s 228
f 684/250/467 683/260/468 682/215/465
s 229
f 687/71/459 686/262/460 685/45/83
s 230
f 690/45/83 689/44/82 688/71/469
s 231
g 右親指０
f 693/248/424 692/264/470 691/265/471
s 232
f 696/265/471 695/247/422 694/248/424
s 233
g 右人指１
f 699/266/472 698/267/473 697/268/474
s 234
f 702/268/475 701/269/476 700/266/477
s 235
g 右手首
f 705/270/454 704/220/370 703/223/373
s 236
f 708/223/373 707/271/478 706/270/479
s 237
f 711/272/480 710/273/481 709/274/482
s 238
g 右小指１
f 714/274/482 713/275/483 712/272/484
s 239
f 717/185/485 716/181/307 715/276/483
s 240
g 右手首
f 720/276/486 719/277/487 718/185/485
s 241
f 723/187/488 722/278/489 721/279/328
s 242
f 726/279/328 725/188/323 724/187/490
s 243
f 729/280/491 728/192/329 727/191/492
s 244
g 右人指１
f 732/281/473 731/107/493 730/105/494
s 245
f 735/105/495 734/282/474 733/281/473
s 246
g 右親指１
f 738/283/496 737/284/497 736/285/498
s 247
g 右親指２
f 741/286/499 740/287/500 739/288/501
s 248
f 744/288/502 743/289/503 742/286/499
s 249
g 右親指１
f 747/290/504 746/291/505 745/284/506
s 250
g 右親指２
f 750/292/507 749/285/508 748/293/509
s 251
f 753/294/510 752/295/511 751/288/501
s 252
f 756/288/512 755/287/500 754/294/510
s 253
f 759/296/513 758/297/514 757/298/515
s 254
f 762/298/516 761/299/517 760/296/518
s 255
f 765/300/514 764/301/518 763/302/519
s 256
f 768/302/520 767/303/521 766/300/514
s 257
g 右親指１
f 771/304/522 770/305/523 769/306/524
s 258
f 774/306/525 773/307/526 772/304/522
s 259
g 右親指０
f 777/193/418 776/202/527 775/201/339
s 260
g 右親指２
f 780/308/528 779/309/529 778/310/530
s 261
f 783/310/530 782/311/531 781/308/528
s 262
g 右親指１
f 786/312/532 785/313/533 784/204/342
s 263
f 789/204/342 788/314/534 787/312/535
s 264
f 792/315/536 791/314/537 790/316/538
s 265
f 795/317/539 794/318/540 793/319/541
s 266
g 右親指２
f 798/316/542 797/292/543 796/293/544
s 267
f 801/320/545 800/321/546 799/298/547
s 268
f 804/298/515 803/297/514 802/320/548
s 269
g 右親指１
f 807/307/526 806/306/549 805/322/550
s 270
f 810/322/551 809/323/552 808/307/553
s 271
g 右親指２
f 813/310/554 812/324/555 811/325/556
s 272
f 816/325/556 815/311/557 814/310/554
s 273
f 819/294/558 818/326/559 817/327/560
s 274
f 822/327/560 821/295/561 820/294/558
s 275
g 右親指１
f 825/322/551 824/328/562 823/329/563
s 276
f 828/329/532 827/323/564 826/322/551
s 277
f 831/283/565 830/292/543 829/197/566
s 278
f 834/197/334 833/196/567 832/283/565
s 279
f 837/194/331 836/305/568 835/304/569
s 280
f 840/304/570 839/330/571 838/194/572
s 281
g 右親指２
f 843/286/573 842/331/574 841/299/575
s 282
f 846/299/576 845/287/500 844/286/499
s 283
g 右親指１
f 849/314/537 848/204/342 847/197/577
s 284
f 852/197/577 851/292/507 850/314/578
s 285
g 右親指２
f 855/332/579 854/318/540 853/317/539
s 286
f 858/326/559 857/333/580 856/334/581
s 287
f 861/334/581 860/327/582 859/326/583
s 288
f 864/332/584 863/335/585 862/336/586
s 289
f 867/336/587 866/318/588 865/332/584
s 290
f 870/337/589 869/291/590 868/336/591
s 291
f 873/336/591 872/335/592 871/337/593
s 292
f 876/291/594 875/337/595 874/284/506
s 293
f 879/338/596 878/339/597 877/310/530
s 294
f 882/310/530 881/309/529 880/338/598
s 295
f 885/310/554 884/339/599 883/340/600
s 296
f 888/340/600 887/324/601 886/310/554
s 297
f 891/341/602 890/333/603 889/326/604
s 298
f 894/326/605 893/321/606 892/341/607
s 299
f 897/342/600 896/343/603 895/344/608
s 300
f 900/344/608 899/345/609 898/342/610
s 301
f 903/300/611 902/303/612 901/346/613
s 302
f 906/346/614 905/347/548 904/300/514
s 303
f 909/348/615 908/349/616 907/331/617
s 304
f 912/331/618 911/286/573 910/348/619
s 305
f 915/331/620 914/301/513 913/299/576
s 306
f 918/321/606 917/320/545 916/341/608
s 307
f 921/346/621 920/345/622 919/344/608
s 308
f 924/302/623 923/301/624 922/331/574
s 309
f 927/299/625 926/298/515 925/294/510
s 310
f 930/294/510 929/287/500 928/299/625
s 311
f 933/298/547 932/321/606 931/326/559
s 312
f 936/326/626 935/294/627 934/298/515
s 313
g 右人指１
f 939/350/628 938/351/629 937/267/630
s 314
f 942/267/631 941/266/632 940/350/633
s 315
f 945/352/629 944/107/493 943/281/634
s 316
f 948/353/635 947/354/636 946/355/637
s 317
f 951/356/638 950/357/639 949/358/636
s 318
f 954/358/636 953/359/640 952/356/641
s 319
g 右人指２
f 957/360/642 956/361/643 955/362/644
s 320
f 960/362/644 959/363/645 958/360/646
s 321
f 963/364/647 962/362/648 961/361/643
s 322
f 966/365/649 965/366/650 964/367/651
s 323
f 969/367/652 968/368/642 967/365/649
s 324
g 右人指１
f 972/356/638 971/369/653 970/108/654
s 325
f 975/108/654 974/107/655 973/356/638
s 326
f 978/369/656 977/356/638 976/359/657
s 327
f 981/359/658 980/370/659 979/369/653
s 328
g 右人指２
f 984/363/660 983/362/661 982/371/662
s 329
f 987/371/663 986/372/664 985/363/660
s 330
g 右人指３
f 990/373/665 989/374/666 988/371/662
s 331
f 993/375/667 992/376/668 991/377/669
s 332
f 996/377/669 995/378/670 994/375/667
s 333
f 999/379/667 998/380/671 997/381/672
s 334
g 右人指２
f 1002/382/673 1001/383/674 1000/366/675
s 335
f 1005/366/675 1004/365/676 1003/382/673
s 336
g 右人指１
f 1008/384/677 1007/350/678 1006/266/477
s 337
f 1011/266/679 1010/119/201 1009/384/680
s 338
g 右人指３
f 1014/385/681 1013/386/682 1012/387/683
s 339
f 1017/387/683 1016/388/684 1015/385/681
s 340
g 右人指１
f 1020/109/685 1019/389/686 1018/390/687
s 341
f 1023/390/687 1022/110/688 1021/109/689
s 342
f 1026/391/690 1025/392/691 1024/393/692
s 343
f 1029/394/693 1028/395/694 1027/396/695
s 344
f 1032/397/696 1031/398/697 1030/394/698
s 345
f 1035/394/699 1034/396/695 1033/397/696
s 346
f 1038/399/700 1037/400/701 1036/392/691
s 347
f 1041/392/691 1040/401/702 1039/399/700
s 348
g 右人指２
f 1044/402/703 1043/403/704 1042/404/705
s 349
f 1047/404/706 1046/405/707 1045/402/708
s 350
f 1050/406/709 1049/407/708 1048/408/710
s 351
f 1053/408/707 1052/409/711 1051/406/712
s 352
g 右人指１
f 1056/369/653 1055/398/713 1054/410/714
s 353
f 1059/410/715 1058/108/716 1057/369/717
s 354
g 右人指２
f 1062/411/718 1061/370/719 1060/412/720
s 355
g 右人指３
f 1065/413/721 1064/371/662 1063/374/722
s 356
g 右人指２
f 1068/403/723 1067/372/724 1066/371/663
s 357
f 1071/371/663 1070/404/725 1069/403/723
s 358
g 右人指３
f 1074/376/726 1073/375/727 1072/414/728
s 359
f 1077/414/729 1076/415/730 1075/376/731
s 360
g 右人指２
f 1080/382/673 1079/406/732 1078/409/733
s 361
f 1083/409/734 1082/383/735 1081/382/736
s 362
g 右人指１
f 1086/110/737 1085/390/738 1084/384/739
s 363
f 1089/384/680 1088/119/201 1087/110/187
s 364
g 右人指３
f 1092/385/740 1091/388/741 1090/416/742
s 365
f 1095/416/742 1094/417/743 1093/385/744
s 366
f 1098/418/745 1097/373/746 1096/364/647
s 367
f 1101/364/647 1100/419/747 1099/418/745
s 368
f 1104/420/748 1103/374/666 1102/373/665
s 369
f 1107/373/665 1106/418/749 1105/420/748
s 370
f 1110/420/748 1109/421/750 1108/413/721
s 371
f 1113/413/721 1112/374/666 1111/420/748
s 372
f 1116/419/751 1115/422/752 1114/377/669
s 373
f 1119/377/669 1118/418/753 1117/419/751
s 374
f 1122/415/754 1121/414/755 1120/423/756
s 375
f 1125/424/757 1124/413/758 1123/421/759
s 376
f 1128/421/750 1127/425/760 1126/424/761
s 377
g 右人指２
f 1131/359/762 1130/426/763 1129/427/764
s 378
f 1134/427/765 1133/412/766 1132/370/719
s 379
g 右人指１
f 1137/370/767 1136/394/768 1135/398/769
s 380
f 1140/398/713 1139/369/653 1138/370/659
s 381
g 右人指３
f 1143/416/770 1142/428/757 1141/429/771
s 382
f 1146/429/771 1145/417/772 1144/416/770
s 383
g 右人指２
f 1149/430/773 1148/367/643 1147/366/650
s 384
f 1152/431/774 1151/366/675 1150/383/775
s 385
f 1155/432/776 1154/408/707 1153/428/777
s 386
f 1158/404/778 1157/424/779 1156/405/780
s 387
f 1161/409/734 1160/431/781 1159/383/735
s 388
g 右人指３
f 1164/433/751 1163/434/782 1162/387/783
s 389
f 1167/387/784 1166/386/785 1165/433/786
s 390
f 1170/310/787 1169/309/788 1168/338/682
s 391
f 1173/338/682 1172/339/681 1171/310/787
s 392
f 1176/310/789 1175/339/740 1174/340/743
s 393
f 1179/340/790 1178/324/791 1177/310/789
s 394
f 1182/378/792 1181/377/669 1180/422/752
s 395
f 1185/415/793 1184/423/756 1183/425/794
s 396
f 1188/425/794 1187/421/759 1186/415/793
s 397
f 1191/435/752 1190/436/795 1189/380/796
s 398
f 1194/437/797 1193/438/798 1192/417/772
s 399
f 1197/417/772 1196/429/771 1195/437/797
s 400
f 1200/308/799 1199/309/788 1198/310/787
s 401
f 1203/310/787 1202/311/800 1201/308/796
s 402
f 1206/310/801 1205/324/798 1204/325/802
s 403
f 1209/325/803 1208/311/804 1207/310/789
s 404
f 1212/379/805 1211/381/672 1210/439/806
s 405
f 1215/386/785 1214/436/795 1213/435/807
s 406
f 1218/435/808 1217/433/809 1216/386/785
s 407
f 1221/439/803 1220/438/791 1219/437/797
s 408
f 1224/418/810 1223/377/811 1222/376/812
s 409
f 1227/376/812 1226/420/813 1225/418/810
s 410
f 1230/376/812 1229/415/730 1228/421/750
s 411
f 1233/421/750 1232/420/813 1231/376/731
s 412
g 右中指１
f 1236/440/814 1235/441/815 1234/442/816
s 413
f 1239/443/817 1238/444/818 1237/445/819
s 414
f 1242/445/820 1241/446/821 1240/443/822
s 415
g 右中指２
f 1245/447/823 1244/448/824 1243/449/825
s 416
g 右中指３
f 1248/450/826 1247/451/823 1246/452/827
s 417
f 1251/452/828 1250/453/829 1249/450/826
s 418
g 右中指２
f 1254/454/830 1253/455/825 1252/456/831
s 419
g 右中指１
f 1257/444/832 1256/443/817 1255/457/833
s 420
f 1260/457/834 1259/458/835 1258/444/818
s 421
g 右中指３
f 1263/459/836 1262/460/837 1261/461/838
s 422
f 1266/462/839 1265/463/840 1264/464/841
s 423
f 1269/464/842 1268/465/843 1267/462/839
s 424
f 1272/466/844 1271/467/845 1270/468/840
s 425
f 1275/469/846 1274/453/829 1273/452/827
s 426
f 1278/452/847 1277/470/848 1276/469/849
s 427
g 右中指２
f 1281/471/850 1280/456/851 1279/472/852
s 428
g 右中指１
f 1284/442/816 1283/473/853 1282/474/854
s 429
f 1287/474/855 1286/475/856 1285/442/857
s 430
f 1290/476/858 1289/477/859 1288/478/860
s 431
f 1293/479/861 1292/480/862 1291/481/863
s 432
f 1296/479/861 1295/481/863 1294/482/864
s 433
f 1299/482/864 1298/483/865 1297/479/861
s 434
f 1302/484/866 1301/485/867 1300/486/868
s 435
f 1305/486/868 1304/476/869 1303/484/870
s 436
g 右中指３
f 1308/487/871 1307/488/872 1306/489/873
s 437
f 1311/489/874 1310/490/875 1309/487/871
s 438
f 1314/491/876 1313/492/877 1312/493/878
s 439
f 1317/493/879 1316/494/880 1315/491/876
s 440
g 右中指２
f 1320/495/881 1319/491/876 1318/496/882
s 441
f 1323/497/883 1322/490/884 1321/498/885
s 442
f 1326/457/834 1325/499/886 1324/500/887
s 443
g 右中指３
f 1329/492/888 1328/459/889 1327/461/890
s 444
f 1332/464/891 1331/463/840 1330/501/892
s 445
f 1335/501/893 1334/502/894 1333/464/895
s 446
f 1338/469/896 1337/470/897 1336/489/898
s 447
f 1341/489/874 1340/488/899 1339/469/900
s 448
g 右中指２
f 1344/503/901 1343/471/902 1342/472/903
s 449
g 右中指１
f 1347/474/855 1346/485/904 1345/484/905
s 450
f 1350/484/906 1349/475/856 1348/474/854
s 451
g 右中指２
f 1353/504/907 1352/477/859 1351/505/908
s 452
f 1356/505/908 1355/506/909 1354/504/910
s 453
f 1359/507/911 1358/508/912 1357/480/913
s 454
f 1362/480/913 1361/500/914 1360/507/915
s 455
f 1365/509/916 1364/504/917 1363/506/918
s 456
f 1368/506/919 1367/510/920 1366/509/921
s 457
f 1371/499/886 1370/511/922 1369/512/923
s 458
f 1374/512/923 1373/513/924 1372/499/886
s 459
g 右中指３
f 1377/460/925 1376/514/926 1375/515/927
s 460
f 1380/515/927 1379/461/928 1378/460/837
s 461
f 1383/461/929 1382/515/930 1381/493/879
s 462
f 1386/493/931 1385/492/932 1384/461/928
s 463
f 1389/447/823 1388/516/933 1387/514/934
s 464
f 1392/514/935 1391/460/936 1390/447/823
s 465
f 1395/465/937 1394/514/926 1393/516/826
s 466
f 1398/516/826 1397/517/938 1396/465/937
s 467
f 1401/502/939 1400/501/940 1399/518/941
s 468
g 右中指２
f 1404/443/822 1403/519/942 1402/511/943
s 469
f 1407/511/944 1406/499/886 1405/457/834
s 470
g 右中指１
f 1410/520/945 1409/442/816 1408/475/946
s 471
f 1413/484/905 1412/520/947 1411/475/948
s 472
g 右中指３
f 1416/310/949 1415/309/950 1414/338/829
s 473
f 1419/338/829 1418/339/849 1417/310/949
s 474
f 1422/340/872 1421/324/951 1420/310/952
s 475
f 1425/310/952 1424/339/896 1423/340/953
s 476
f 1428/465/937 1427/517/954 1426/462/839
s 477
f 1431/502/939 1430/518/941 1429/494/871
s 478
f 1434/494/871 1433/493/879 1432/502/939
s 479
f 1437/466/955 1436/521/954 1435/522/956
s 480
f 1440/488/872 1439/487/871 1438/523/957
s 481
f 1443/523/957 1442/524/951 1441/488/872
s 482
f 1446/308/955 1445/309/958 1444/310/949
s 483
f 1449/310/949 1448/311/959 1447/308/955
s 484
f 1452/325/960 1451/311/961 1450/310/962
s 485
f 1455/310/962 1454/324/951 1453/325/963
s 486
g 右中指２
f 1458/512/923 1457/511/964 1456/519/965
s 487
f 1461/519/965 1460/525/966 1459/512/967
s 488
g 右中指３
f 1464/468/968 1463/467/845 1462/526/969
s 489
f 1467/521/938 1466/450/826 1465/453/970
s 490
f 1470/453/829 1469/522/971 1468/521/938
s 491
f 1473/524/972 1472/523/941 1471/526/963
s 492
f 1476/514/926 1475/465/973 1474/464/842
s 493
f 1479/464/841 1478/515/927 1477/514/926
s 494
f 1482/502/939 1481/493/879 1480/515/974
s 495
f 1485/515/930 1484/464/841 1483/502/939
s 496
g 右薬指１
f 1488/527/975 1487/528/976 1486/529/977
s 497
f 1491/122/205 1490/530/978 1489/531/979
s 498
f 1494/531/980 1493/123/206 1492/122/981
s 499
g 右薬指２
f 1497/532/982 1496/533/983 1495/534/984
s 500
f 1500/534/985 1499/535/986 1498/532/982
s 501
f 1503/536/987 1502/537/988 1501/538/989
s 502
f 1506/539/990 1505/540/991 1504/541/992
s 503
f 1509/542/993 1508/543/985 1507/544/994
s 504
f 1512/544/994 1511/545/995 1510/542/993
s 505
g 右薬指１
f 1515/123/207 1514/531/980 1513/546/996
s 506
f 1518/546/996 1517/129/216 1516/123/214
s 507
g 右薬指２
f 1521/547/997 1520/548/998 1519/533/999
s 508
f 1524/533/999 1523/532/1000 1522/547/997
s 509
f 1527/549/1001 1526/537/1002 1525/550/1003
s 510
g 右薬指３
f 1530/551/1004 1529/552/1005 1528/553/1006
s 511
f 1533/553/1007 1532/554/1008 1531/551/1009
s 512
f 1536/555/1010 1535/556/1011 1534/557/1012
s 513
g 右薬指２
f 1539/539/1013 1538/541/1014 1537/558/1015
s 514
f 1542/559/1016 1541/560/1017 1540/545/1018
s 515
f 1545/545/1019 1544/544/1020 1543/559/1016
s 516
g 右薬指１
f 1548/561/1021 1547/529/1022 1546/125/219
s 517
f 1551/125/1023 1550/131/222 1549/561/1021
s 518
f 1554/562/1024 1553/529/1022 1552/561/1021
s 519
g 右薬指３
f 1557/563/1025 1556/564/1026 1555/565/1027
s 520
f 1560/565/1027 1559/566/1028 1558/563/1029
s 521
g 右薬指１
f 1563/567/1030 1562/568/1031 1561/569/1032
s 522
f 1566/570/1033 1565/571/1034 1564/572/1035
s 523
f 1569/140/1036 1568/139/1037 1567/570/1038
s 524
f 1572/570/1033 1571/572/1039 1570/140/235
s 525
f 1575/143/1040 1574/146/1041 1573/567/1030
s 526
f 1578/567/1030 1577/573/1042 1576/143/238
s 527
g 右薬指２
f 1581/574/1043 1580/575/1044 1579/576/1045
s 528
f 1584/577/1046 1583/578/1047 1582/579/1043
s 529
f 1587/580/1048 1586/571/1034 1585/581/1049
s 530
f 1590/581/1050 1589/582/1051 1588/580/1048
s 531
f 1593/583/1052 1592/568/1053 1591/584/1054
s 532
f 1596/584/1054 1595/585/1055 1594/583/1056
s 533
f 1599/546/996 1598/548/998 1597/581/1057
s 534
g 右薬指３
f 1602/586/1058 1601/549/1059 1600/587/1060
s 535
g 右薬指２
f 1605/547/997 1604/582/1061 1603/581/1057
s 536
f 1608/581/1057 1607/548/1062 1606/547/997
s 537
g 右薬指３
f 1611/551/1063 1610/554/1012 1609/588/1064
s 538
f 1614/588/1065 1613/589/1066 1612/551/1009
s 539
g 右薬指２
f 1617/576/1067 1616/575/1068 1615/558/1069
s 540
f 1620/559/1070 1619/583/1071 1618/585/1072
s 541
f 1623/585/1073 1622/560/1074 1621/559/1070
s 542
g 右薬指１
f 1626/573/1075 1625/562/1076 1624/561/1021
s 543
f 1629/143/1077 1628/573/1075 1627/561/1078
s 544
f 1632/561/1021 1631/131/222 1630/143/1077
s 545
g 右薬指３
f 1635/563/1079 1634/566/1080 1633/590/1081
s 546
f 1638/590/1082 1637/591/1083 1636/563/1084
s 547
f 1641/592/1085 1640/550/1003 1639/536/987
s 548
f 1644/536/1086 1643/593/1087 1642/592/1085
s 549
f 1647/594/1088 1646/587/1089 1645/550/1003
s 550
f 1650/550/1003 1649/592/1090 1648/594/1088
s 551
f 1653/595/1091 1652/586/1092 1651/587/1093
s 552
f 1656/587/1094 1655/594/1095 1654/595/1096
s 553
f 1659/552/1097 1658/592/1085 1657/593/1087
s 554
f 1662/593/1098 1661/596/1099 1660/552/1100
s 555
f 1665/589/1101 1664/588/1102 1663/597/1103
s 556
f 1668/578/1104 1667/586/1058 1666/595/1105
s 557
f 1671/595/1106 1670/598/1107 1669/578/1108
s 558
g 右薬指１
f 1674/528/976 1673/126/210 1672/125/213
s 559
f 1677/125/213 1676/529/1109 1675/528/1110
s 560
g 右薬指２
f 1680/531/979 1679/534/1111 1678/533/983
s 561
f 1683/533/999 1682/548/998 1681/546/996
s 562
g 右薬指１
f 1686/546/996 1685/570/1112 1684/139/244
s 563
f 1689/139/244 1688/129/1113 1687/546/1114
s 564
g 右薬指３
f 1692/590/1081 1691/599/1047 1690/600/1107
s 565
f 1695/600/1107 1694/591/1115 1693/590/1081
s 566
f 1698/601/1087 1697/602/987 1696/565/1027
s 567
f 1701/565/1116 1700/564/1117 1699/601/1087
s 568
f 1704/310/1118 1703/309/1119 1702/338/1120
s 569
f 1707/338/1121 1706/339/1025 1705/310/1122
s 570
f 1710/340/1123 1709/324/1124 1708/310/1125
s 571
f 1713/310/1126 1712/339/1079 1711/340/1083
s 572
f 1716/553/1006 1715/552/1097 1714/596/1127
s 573
f 1719/589/1128 1718/597/1129 1717/598/1130
s 574
f 1722/598/1130 1721/595/1106 1720/589/1131
s 575
f 1725/564/1132 1724/603/1133 1723/604/1134
s 576
f 1728/604/1127 1727/601/1087 1726/564/1121
s 577
f 1731/605/1129 1730/606/1124 1729/591/1083
s 578
f 1734/591/1083 1733/600/1107 1732/605/1135
s 579
f 1737/308/1136 1736/309/1137 1735/310/1125
s 580
f 1740/310/1118 1739/311/1138 1738/308/1139
s 581
f 1743/310/1140 1742/324/1124 1741/325/1141
s 582
f 1746/325/1142 1745/311/1143 1744/310/1126
s 583
f 1749/607/1144 1748/557/1008 1747/556/1145
s 584
f 1752/607/1146 1751/606/1124 1750/605/1129
s 585
f 1755/592/1090 1754/552/1100 1753/551/1147
s 586
f 1758/551/1147 1757/594/1148 1756/592/1149
s 587
f 1761/594/1095 1760/551/1147 1759/589/1150
s 588
f 1764/589/1128 1763/595/1106 1762/594/1151
s 589
g 右小指１
f 1767/608/1152 1766/158/266 1765/157/265
s 590
g 右小指２
f 1770/609/1153 1769/610/1154 1768/611/1155
s 591
f 1773/612/1156 1772/613/1157 1771/614/1158
s 592
f 1776/615/1159 1775/616/1160 1774/617/1161
s 593
f 1779/617/1162 1778/618/1163 1777/615/1159
s 594
g 右小指３
f 1782/619/1164 1781/620/1165 1780/621/1166
s 595
f 1785/622/1167 1784/623/1168 1783/624/1169
s 596
f 1788/624/1170 1787/625/1171 1786/622/1167
s 597
f 1791/626/1172 1790/627/1173 1789/628/1174
s 598
g 右小指２
f 1794/612/1175 1793/614/1176 1792/629/1177
s 599
g 右小指３
f 1797/630/1178 1796/631/1179 1795/632/1180
s 600
f 1800/632/1181 1799/633/1182 1798/630/1183
s 601
g 右小指１
f 1803/180/306 1802/634/1184 1801/635/1185
s 602
f 1806/636/1184 1805/182/308 1804/637/1186
s 603
g 右小指２
f 1809/638/1187 1808/639/1188 1807/640/1189
s 604
f 1812/641/1190 1811/642/1191 1810/643/1187
s 605
f 1815/644/1192 1814/645/1193 1813/636/1194
s 606
f 1818/636/1194 1817/637/1195 1816/644/1192
s 607
f 1821/646/1196 1820/634/1184 1819/647/1193
s 608
f 1824/647/1197 1823/648/1198 1822/646/1196
s 609
f 1827/165/1199 1826/615/1200 1825/637/1201
s 610
g 右小指３
f 1830/649/1202 1829/619/1203 1828/621/1204
s 611
f 1833/622/1205 1832/625/1206 1831/650/1207
s 612
f 1836/650/1208 1835/651/1209 1834/622/1167
s 613
g 右小指２
f 1839/640/1210 1838/639/1211 1837/629/1212
s 614
f 1842/652/1213 1841/646/1214 1840/648/1215
s 615
f 1845/648/1215 1844/653/1216 1843/652/1213
s 616
g 右小指３
f 1848/630/1217 1847/633/1218 1846/654/1219
s 617
f 1851/654/1219 1850/655/1220 1849/630/1183
s 618
f 1854/656/1221 1853/620/1222 1852/609/1223
s 619
f 1857/609/1153 1856/657/1224 1855/656/1221
s 620
f 1860/656/1225 1859/658/1226 1858/621/1204
s 621
f 1863/621/1166 1862/620/1227 1861/656/1225
s 622
f 1866/659/1228 1865/649/1229 1864/621/1204
s 623
f 1869/621/1204 1868/658/1230 1867/659/1231
s 624
g 右小指２
f 1872/644/1232 1871/637/1233 1870/615/1200
s 625
f 1875/615/1200 1874/618/1234 1873/644/1235
s 626
f 1878/660/1236 1877/661/1237 1876/652/1213
s 627
f 1881/652/1213 1880/653/1238 1879/660/1236
s 628
f 1884/662/1239 1883/663/1240 1882/661/1241
s 629
f 1887/661/1242 1886/660/1243 1885/662/1239
s 630
f 1890/617/1244 1889/616/1245 1888/664/1240
s 631
f 1893/664/1246 1892/665/1247 1891/617/1161
s 632
g 右小指３
f 1896/657/1248 1895/666/1249 1894/623/1250
s 633
f 1899/623/1250 1898/656/1221 1897/657/1224
s 634
f 1902/651/1251 1901/650/1207 1900/667/1252
s 635
f 1905/642/1191 1904/649/1253 1903/659/1231
s 636
f 1908/659/1254 1907/668/1255 1906/642/1191
s 637
g 右小指１
f 1911/664/1240 1910/163/273 1909/162/272
s 638
g 右小指２
f 1914/616/1160 1913/615/1159 1912/165/276
s 639
g 右小指３
f 1917/654/1256 1916/669/1257 1915/670/1255
s 640
f 1920/670/1255 1919/655/1258 1918/654/1256
s 641
f 1923/671/1224 1922/672/1153 1921/632/1259
s 642
f 1926/632/1180 1925/631/1260 1924/671/1248
s 643
f 1929/338/1261 1928/339/1262 1927/310/1263
s 644
f 1932/310/1264 1931/309/1265 1930/338/1179
s 645
f 1935/310/1266 1934/339/1183 1933/340/1267
s 646
f 1938/340/1267 1937/324/1268 1936/310/1269
s 647
f 1941/624/1169 1940/623/1250 1939/666/1249
s 648
f 1944/668/1270 1943/659/1231 1942/651/1209
s 649
f 1947/651/1271 1946/667/1272 1945/668/1255
s 650
f 1950/626/1273 1949/673/1169 1948/674/1274
s 651
f 1953/655/1258 1952/670/1275 1951/675/1252
s 652
f 1956/675/1276 1955/676/1268 1954/655/1258
s 653
f 1959/308/1277 1958/309/1265 1957/310/1278
s 654
f 1962/310/1278 1961/311/1279 1960/308/1280
s 655
f 1965/310/1281 1964/324/1268 1963/325/1282
s 656
f 1968/325/1283 1967/311/1279 1966/310/1269
s 657
f 1971/677/1284 1970/628/1285 1969/627/1286
s 658
f 1974/631/1179 1973/678/1265 1972/674/1287
s 659
f 1977/674/1249 1976/671/1248 1975/631/1260
s 660
f 1980/677/1282 1979/676/1268 1978/675/1276
s 661
f 1983/656/1221 1982/623/1288 1981/622/1167
s 662
f 1986/622/1167 1985/658/1289 1984/656/1221
s 663
f 1989/659/1228 1988/658/1230 1987/622/1167
s 664
f 1992/622/1290 1991/651/1209 1990/659/1291
s 665
g 右手首
f 1995/104/436 1994/259/454 1993/282/1292
s 666
f 1998/282/474 1997/105/494 1996/104/1293
s 667
f 2001/262/1294 2000/679/1295 1999/52/1296
s 668
f 2004/52/1297 2003/45/1298 2002/262/1294
s 669
g 右親指０
f 2007/248/1299 2006/202/527 2005/193/330
s 670
f 2010/193/418 2009/69/121 2008/248/1299
s 671
g 右手首
f 2013/264/1300 2012/67/1301 2011/66/1302
s 672
f 2016/66/1303 2015/263/1304 2014/264/470
s 673
f 2019/245/1305 2018/680/1306 2017/218/368
s 674
f 2022/218/368 2021/230/1307 2020/245/1308
s 675
f 2025/64/1309 2024/51/1310 2023/52/92
s 676
f 2028/52/92 2027/679/1311 2026/64/1309
s 677
f 2031/245/1312 2030/234/1313 2029/680/1314
s 678
g 右親指０
f 2034/264/470 2033/248/1315 2032/69/1316
s 679
f 2037/69/121 2036/67/1301 2035/264/1317
s 680
g 右手首
f 2040/239/400 2039/240/101 2038/681/1318
s 681
f 2043/681/1319 2042/72/1320 2041/239/400
s 682
f 2046/214/365 2045/682/1321 2044/60/1322
s 683
f 2049/60/1322 2048/59/1323 2047/214/365
s 684
f 2052/682/1324 2051/214/357 2050/213/356
s 685
f 2055/213/356 2054/683/1325 2053/682/1324
s 686
f 2058/260/1326 2057/683/1325 2056/213/360
s 687
f 2061/213/360 2060/215/359 2059/260/1326
s 688
f 2064/61/110 2063/60/1327 2062/682/1328
s 689
f 2067/682/1321 2066/56/106 2065/61/110
s 690
f 2070/56/99 2069/682/1324 2068/683/1325
s 691
f 2073/683/1325 2072/55/100 2071/56/99
s 692
f 2076/55/100 2075/683/1329 2074/260/1326
s 693
f 2079/260/468 2078/71/459 2077/55/126
s 694
f 2082/117/197 2081/233/389 2080/216/388
s 695
f 2085/216/388 2084/87/154 2083/117/1330
s 696
f 2088/87/154 2087/216/362 2086/212/361
s 697
f 2091/212/361 2090/88/155 2089/87/154
s 698
f 2094/102/174 2093/212/355 2092/211/1331
s 699
f 2097/102/174 2096/211/1331 2095/137/1332
s 700
f 2100/116/1333 2099/120/1334 2098/269/1335
s 701
f 2103/269/1336 2102/271/1337 2101/116/1338
s 702
f 2106/86/153 2105/118/1339 2104/120/1334
s 703
f 2109/120/1334 2108/116/199 2107/86/157
s 704
f 2112/138/261 2111/155/260 2110/257/1340
s 705
f 2115/257/1340 2114/684/1341 2113/138/1342
s 706
f 2118/277/487 2117/278/491 2116/187/490
s 707
f 2121/187/488 2120/185/1343 2119/277/1344
s 708
f 2124/185/485 2123/187/322 2122/189/1345
s 709
f 2127/189/324 2126/186/1346 2125/185/485
s 710
g 右親指１
f 2130/196/1347 2129/194/1348 2128/330/571
s 711
f 2133/330/1349 2132/283/1350 2131/196/1351
s 712
g 右親指０
f 2136/305/568 2135/201/1352 2134/200/337
s 713
g 右親指１
f 2139/200/337 2138/306/524 2137/305/523
s 714
g 右親指０
f 2142/207/1353 2141/206/1354 2140/328/1355
s 715
g 右親指１
f 2145/328/562 2144/322/1356 2143/207/1353
s 716
f 2148/322/550 2147/306/549 2146/200/1357
s 717
g 右親指０
f 2151/200/1357 2150/207/1358 2149/322/1359
s 718
g 右人指１
f 2154/685/1360 2153/686/1361 2152/355/1362
s 719
f 2157/355/1362 2156/687/1363 2155/685/1364
s 720
f 2160/401/1365 2159/686/1366 2158/685/1364
s 721
f 2163/685/1367 2162/399/1368 2161/401/1369
s 722
f 2166/687/1370 2165/355/637 2164/354/636
s 723
f 2169/354/636 2168/688/1371 2167/687/1372
s 724
g 右中指１
f 2172/473/853 2171/442/816 2170/441/815
s 725
f 2175/441/815 2174/689/1373 2173/473/1374
s 726
f 2178/483/1375 2177/458/1376 2176/457/833
s 727
f 2181/457/834 2180/479/1377 2179/483/1375
s 728
g 右中指２
f 2184/509/916 2183/510/1378 2182/690/1379
s 729
f 2187/690/1379 2186/691/1380 2185/509/921
s 730
f 2190/692/1381 2189/693/1382 2188/691/1380
s 731
f 2193/691/1383 2192/690/1384 2191/692/1381
s 732
f 2196/507/1385 2195/500/887 2194/499/1386
s 733
f 2199/499/1387 2198/513/924 2197/507/915
s 734
g 右手首
f 2202/274/482 2201/273/481 2200/192/329
s 735
f 2205/192/329 2204/280/1388 2203/274/482
s 736
f 2208/115/1389 2207/112/189 2206/78/140
s 737
f 2211/100/1390 2210/253/1391 2209/97/1392
s 738
g 右人指１
f 2214/694/1393 2213/401/1365 2212/391/1394
s 739
f 2217/694/1395 2216/353/1396 2215/355/1362
s 740
g 右小指１
f 2220/635/1185 2219/695/1397 2218/167/1398
s 741
f 2223/695/1399 2222/608/1400 2221/167/1401
s 742
g 右親指１
f 2226/696/1402 2225/319/1403 2224/318/1404
s 743
f 2229/318/1404 2228/336/586 2227/696/1405
s 744
f 2232/291/590 2231/290/1406 2230/696/1407
s 745
f 2235/696/1408 2234/336/591 2233/291/590
s 746
g 右手首
f 2238/255/1409 2237/697/1410 2236/89/156
s 747
f 2241/89/172 2240/101/175 2239/255/1411
s 748
f 2244/89/156 2243/697/1412 2242/254/444
s 749
f 2247/254/444 2246/86/153 2245/89/156
s 750
f 2250/254/444 2249/697/1412 2248/91/1413
s 751
g 右中指１
f 2253/91/1414 2252/77/138 2251/254/444
s 752
f 2256/91/159 2255/697/1412 2254/255/446
s 753
f 2259/255/1411 2258/92/160 2257/91/1414
s 754
g 右人指１
f 2262/266/472 2261/269/1336 2260/120/1415
s 755
f 2265/120/1416 2264/119/1417 2263/266/477
s 756
g 右薬指１
f 2268/257/1418 2267/148/1419 2266/698/1420
s 757
g 右手首
f 2271/698/1420 2270/684/1421 2269/257/448
s 758
g 右薬指１
f 2274/698/1420 2273/135/231 2272/256/1422
s 759
g 右手首
f 2277/256/1423 2276/684/1424 2275/698/1425
s 760
f 2280/174/1426 2279/192/1427 2278/273/1428
s 761
f 2283/273/1428 2282/175/1429 2281/174/1430
s 762
g 右小指１
f 2286/272/480 2285/699/1431 2284/175/1432
s 763
g 右手首
f 2289/175/1433 2288/273/481 2287/272/1434
s 764
f 2292/43/107 2291/22/46 2290/21/48
s 765
f 2295/21/1435 2294/47/108 2293/43/107
s 766
f 2298/45/1436 2297/52/1296 2296/25/1437
s 767
f 2301/25/49 2300/28/52 2299/45/1298
s 768
f 2304/681/1319 2303/53/95 2302/54/96
s 769
f 2307/54/96 2306/72/1438 2305/681/1319
s 770
f 2310/30/53 2309/50/129 2308/54/96
s 771
f 2313/54/128 2312/31/1439 2311/30/1440
s 772
f 2316/235/391 2315/62/114 2314/63/113
s 773
f 2319/63/113 2318/236/393 2317/235/391
s 774
f 2322/65/117 2321/236/393 2320/63/1441
s 775
f 2325/63/116 2324/64/1309 2323/65/433
s 776
f 2328/235/1442 2327/239/398 2326/72/131
s 777
f 2331/72/131 2330/62/130 2329/235/399
s 778
f 2334/263/1443 2333/66/1444 2332/679/1445
s 779
f 2337/679/1445 2336/262/1446 2335/263/1443
s 780
f 2340/66/1447 2339/65/1448 2338/64/1309
s 781
f 2343/64/1309 2342/679/1311 2341/66/1302
s 782
f 2346/226/382 2345/229/435 2344/219/434
s 783
f 2349/219/434 2348/700/1449 2347/226/1450
s 784
f 2352/680/1314 2351/700/1449 2350/219/369
s 785
f 2355/219/1451 2354/218/368 2353/680/1314
s 786
f 2358/138/233 2357/684/1452 2356/256/1423
s 787
f 2361/256/447 2360/101/175 2359/138/1453
s 788
g 右親指０
f 2364/226/1450 2363/203/341 2362/701/348
s 789
g 右手首
f 2367/701/348 2366/227/376 2365/226/1450
s 790
f 2370/680/1314 2369/237/1454 2368/246/413
s 791
f 2373/246/419 2372/700/1455 2371/680/1456
s 792
f 2376/680/1314 2375/234/1313 2374/237/1457
s 793
g 右中指１
f 2379/77/138 2378/91/1413 2377/90/1458
s 794
f 2382/90/158 2381/74/1459 2380/77/1460
s 795
f 2385/96/165 2384/702/1461 2383/93/1462
s 796
f 2388/93/1463 2387/92/1464 2386/96/1465
s 797
g 右手首
f 2391/100/1466 2390/134/227 2389/253/1391
s 798
f 2394/151/1467 2393/154/294 2392/173/1468
s 799
f 2397/155/1469 2396/176/1470 2395/149/251
s 800
f 2400/173/293 2399/189/1471 2398/230/1307
s 801
f 2403/230/1307 2402/218/368 2401/231/1472
s 802
f 2406/117/1473 2405/116/1474 2404/271/1475
s 803
f 2409/271/1475 2408/223/1476 2407/117/1477
s 804
f 2412/223/1476 2411/222/1478 2410/233/1479
s 805
f 2415/233/1479 2414/117/1330 2413/223/1476
s 806
f 2418/232/428 2417/233/1479 2416/222/372
s 807
f 2421/222/1478 2420/251/429 2419/232/428
s 808
g 右親指０
f 2424/210/353 2423/249/425 2422/251/429
s 809
f 2427/251/1480 2426/208/352 2425/210/1481
s 810
g 右手首
f 2430/221/371 2429/208/347 2428/251/429
s 811
f 2433/251/429 2432/222/372 2431/221/371
s 812
f 2436/268/475 2435/270/454 2434/271/1482
s 813
f 2439/271/478 2438/269/1483 2437/268/475
s 814
g 右親指０
f 2442/250/426 2441/249/1484 2440/247/1485
s 815
g 右手首
f 2445/247/422 2444/265/1486 2443/250/1487
s 816
g 右親指０
f 2448/199/1488 2447/247/1485 2446/249/1484
s 817
f 2451/249/1489 2450/210/353 2449/199/1488
s 818
f 2454/200/1357 2453/199/1488 2452/210/353
s 819
f 2457/210/1490 2456/207/345 2455/200/1491
s 820
g 右手首
f 2460/188/323 2459/279/328 2458/243/1492
s 821
f 2463/243/403 2462/242/1493 2461/188/1494
s 822
f 2466/230/384 2465/188/1494 2464/242/1495
s 823
f 2469/242/402 2468/245/1312 2467/230/384
s 824
f 2472/73/1319 2471/57/1496 2470/60/104
s 825
f 2475/60/104 2474/61/133 2473/73/1319
s 826
f 2478/217/405 2477/244/1492 2476/191/328
s 827
f 2481/191/492 2480/190/1497 2479/217/408
s 828
f 2484/211/1331 2483/156/264 2482/137/262
s 829
f 2487/217/367 2486/190/325 2485/156/264
s 830
f 2490/115/1498 2489/219/1499 2488/103/181
s 831
g 右薬指３
f 2493/603/1119 2492/555/1136 2491/604/1500
s 832
g 右手捩
f 2496/40/15 2495/48/87 2494/30/53
s 833
g 右親指０
f 2499/700/1455 2498/246/419 2497/203/1501
s 834
g 右手首
f 2502/203/1501 2501/226/382 2500/700/1502
s 835
f 2505/259/454 2504/104/1293 2503/228/380
s 836
f 2508/155/1503 2507/156/1504 2506/174/326
s 837
f 2511/102/174 2510/88/173 2509/212/355
s 838
f 2514/265/471 2513/264/1505 2512/263/1443
s 839
f 2517/263/1506 2516/261/461 2515/265/471
s 840
f 2520/250/467 2519/265/1507 2518/261/1508
s 841
f 2523/261/1508 2522/260/468 2521/250/1487
s 842
g 右手捩
f 2526/48/87 2525/40/15 2524/41/1509
s 843
g 右手首
f 2529/218/1510 2528/253/1391 2527/231/1472
s 844
f 2532/188/323 2531/230/384 2530/189/1511
s 845
g 右小指３
f 2535/626/1172 2534/628/1285 2533/673/1512
s 846
f 2538/677/1284 2537/703/1513 2536/628/1174
s 847
f 2541/678/1265 2540/626/1514 2539/674/1287
s 848
f 2544/703/1515 2543/677/1515 2542/675/1252
s 849
g 右薬指３
f 2547/555/1516 2546/704/1517 2545/604/1134
s 850
f 2550/555/1518 2549/557/1012 2548/704/1519
s 851
f 2553/607/1144 2552/705/1102 2551/557/1008
s 852
f 2556/705/1520 2555/607/1520 2554/605/1103
s 853
g 右中指３
f 2559/466/1521 2558/706/1522 2557/521/954
s 854
f 2562/706/1523 2561/466/844 2560/468/840
s 855
f 2565/468/1524 2564/526/1525 2563/707/892
s 856
f 2568/523/1526 2567/707/940 2566/526/969
s 857
g 右人指３
f 2571/708/792 2570/435/752 2569/380/1527
s 858
f 2574/379/667 2573/708/670 2572/380/671
s 859
f 2577/379/667 2576/439/1528 2575/709/1529
s 860
f 2580/709/729 2579/439/1530 2578/437/1531
s 861
g 右親指２
f 2583/349/1532 2582/302/528 2581/331/574
s 862
f 2586/347/545 2585/346/613 2584/344/602
s 863
g 右人指１
f 2589/710/1533 2588/353/635 2587/711/1534
s 864
f 2592/694/1395 2591/712/1535 2590/711/1536
s 865
f 2595/711/1534 2594/353/1537 2593/694/1395
s 866
f 2598/694/1538 2597/391/1539 2596/713/1540
s 867
f 2601/713/1541 2600/712/1542 2599/694/1393
s 868
f 2604/713/1543 2603/391/690 2602/393/692
s 869
f 2607/714/1544 2606/713/1541 2605/393/692
s 870
f 2610/714/1544 2609/715/1545 2608/712/1546
s 871
f 2613/712/1547 2612/713/1541 2611/714/1548
s 872
f 2616/716/1549 2615/711/1536 2614/712/1535
s 873
f 2619/712/1535 2618/715/1550 2617/716/1551
s 874
f 2622/710/1552 2621/711/1553 2620/716/1549
s 875
g 右人指２
f 2625/430/773 2624/717/1554 2623/434/1555
s 876
f 2628/717/1556 2627/430/1557 2626/431/774
s 877
f 2631/431/1558 2630/718/1559 2629/717/1556
s 878
f 2634/719/1560 2633/718/1561 2632/431/781
s 879
f 2637/431/1562 2636/432/1563 2635/719/1564
s 880
f 2640/428/777 2639/719/1565 2638/432/1566
s 881
f 2643/416/742 2642/719/1560 2641/428/1567
s 882
f 2646/416/742 2645/388/1568 2644/718/1561
s 883
f 2649/718/1561 2648/719/1560 2647/416/742
s 884
f 2652/387/683 2651/717/1556 2650/718/1559
s 885
f 2655/718/1559 2654/388/684 2653/387/683
s 886
f 2658/717/1554 2657/387/683 2656/434/647
s 887
g 右中指１
f 2661/693/1382 2660/440/814 2659/720/1569
s 888
f 2664/720/1569 2663/440/1570 2662/520/1571
s 889
f 2667/520/1572 2666/721/1573 2665/720/1574
s 890
f 2670/721/1575 2669/520/1576 2668/478/1577
s 891
f 2673/478/1578 2672/722/1579 2671/721/1573
s 892
f 2676/722/1580 2675/478/860 2674/477/859
s 893
f 2679/504/910 2678/722/1581 2677/477/862
s 894
f 2682/504/917 2681/509/921 2680/721/1575
s 895
f 2685/721/1573 2684/722/1582 2683/504/917
s 896
f 2688/691/1380 2687/720/1569 2686/721/1575
s 897
f 2691/721/1573 2690/509/916 2689/691/1583
s 898
f 2694/693/942 2693/720/1584 2692/691/1380
s 899
g 右中指２
f 2697/454/830 2696/723/1585 2695/451/1586
s 900
f 2700/723/1587 2699/454/1588 2698/471/850
s 901
f 2703/471/1589 2702/724/1590 2701/723/1591
s 902
f 2706/725/1592 2705/724/1590 2704/471/1593
s 903
f 2709/471/1593 2708/498/1594 2707/725/1595
s 904
f 2712/490/875 2711/725/1596 2710/498/1597
s 905
f 2715/490/1598 2714/489/874 2713/725/1596
s 906
f 2718/489/874 2717/470/1599 2716/724/1600
s 907
f 2721/724/1590 2720/725/1601 2719/489/898
s 908
f 2724/452/847 2723/723/1591 2722/724/1602
s 909
f 2727/724/1590 2726/470/848 2725/452/1603
s 910
f 2730/723/1585 2729/452/827 2728/451/823
s 911
g 右薬指１
f 2733/543/985 2732/527/1604 2731/726/1605
s 912
f 2736/726/1605 2735/527/1606 2734/562/1607
s 913
f 2739/562/1607 2738/727/1608 2737/726/1609
s 914
f 2742/728/1610 2741/727/1611 2740/562/1607
s 915
f 2745/562/1076 2744/569/1612 2743/728/1613
s 916
f 2748/728/1614 2747/569/1612 2746/568/1053
s 917
f 2751/583/1056 2750/728/1615 2749/568/1053
s 918
f 2754/583/1616 2753/559/1617 2752/727/1611
s 919
f 2757/727/1618 2756/728/1614 2755/583/1619
s 920
f 2760/544/1620 2759/726/1609 2758/727/1621
s 921
f 2763/727/1611 2762/559/1622 2761/544/1020
s 922
f 2766/543/985 2765/726/1605 2764/544/994
s 923
g 右薬指２
f 2769/539/990 2768/729/1623 2767/602/987
s 924
f 2772/729/1624 2771/539/1625 2770/730/1626
s 925
f 2775/730/1627 2774/731/1628 2773/729/1624
s 926
f 2778/731/1629 2777/730/1630 2776/575/1631
s 927
f 2781/575/1632 2780/732/1633 2779/731/1634
s 928
f 2784/732/1635 2783/575/1636 2782/599/1637
s 929
f 2787/590/1081 2786/732/1638 2785/599/1047
s 930
f 2790/590/1081 2789/566/1080 2788/731/1629
s 931
f 2793/731/1639 2792/732/1640 2791/590/1641
s 932
f 2796/565/1642 2795/729/1643 2794/731/1639
s 933
f 2799/731/1628 2798/566/1644 2797/565/1645
s 934
f 2802/729/1623 2801/565/1116 2800/602/987
s 935
g 右小指１
f 2805/663/1240 2804/608/1152 2803/733/1646
s 936
f 2808/733/1647 2807/608/1400 2806/695/1399
s 937
f 2811/695/1397 2810/734/1648 2809/733/1649
s 938
f 2814/735/1650 2813/734/1648 2812/695/1397
s 939
f 2817/695/1651 2816/635/1652 2815/735/1650
s 940
f 2820/735/1653 2819/635/1654 2818/634/1184
s 941
f 2823/646/1655 2822/735/1656 2821/634/1657
s 942
f 2826/646/1196 2825/652/1658 2824/734/1659
s 943
f 2829/734/1660 2828/735/1661 2827/646/1662
s 944
f 2832/661/1663 2831/733/1664 2830/734/1660
s 945
f 2835/734/1648 2834/652/1213 2833/661/1237
s 946
f 2838/663/1665 2837/733/1664 2836/661/1663
s 947
g 右小指２
f 2841/612/1156 2840/736/1666 2839/672/1223
s 948
f 2844/736/1667 2843/612/1175 2842/737/1668
s 949
f 2847/737/1669 2846/738/1670 2845/736/1671
s 950
f 2850/739/1672 2849/738/1673 2848/737/1674
s 951
f 2853/737/1675 2852/639/1188 2851/739/1676
s 952
f 2856/739/1676 2855/639/1188 2854/669/1257
s 953
f 2859/654/1219 2858/739/1672 2857/669/1677
s 954
f 2862/654/1678 2861/633/1182 2860/738/1673
s 955
f 2865/738/1679 2864/739/1676 2863/654/1256
s 956
f 2868/632/1181 2867/736/1667 2866/738/1670
s 957
f 2871/738/1680 2870/633/1681 2869/632/1682
s 958
f 2874/736/1683 2873/632/1684 2872/672/1223
s 959
g 右親指１
f 2877/319/541 2876/323/1685 2875/329/532
s 960
f 2880/323/564 2879/319/1686 2878/307/553
s 961
f 2883/290/1687 2882/304/522 2881/307/526
s 962
f 2886/290/1688 2885/330/571 2884/304/570
s 963
g 右親指２
f 2889/286/499 2888/289/503 2887/740/1689
s 964
f 2892/740/1690 2891/348/615 2890/286/499
s 965
f 2895/741/597 2894/348/598 2893/740/1691
s 966
f 2898/740/1691 2897/742/1692 2896/741/597
s 967
f 2901/741/1693 2900/742/1694 2899/743/1695
s 968
f 2904/743/1695 2903/342/1696 2902/741/1693
s 969
f 2907/743/1697 2906/744/581 2905/343/603
s 970
f 2910/343/603 2909/342/1698 2908/743/1697
s 971
g 右人指２
f 2913/368/646 2912/710/763 2911/716/1549
s 972
f 2916/716/1549 2915/365/649 2914/368/642
s 973
f 2919/363/660 2918/427/1699 2917/426/1700
s 974
f 2922/426/1533 2921/360/642 2920/363/1701
s 975
f 2925/372/724 2924/412/766 2923/427/765
s 976
f 2928/427/765 2927/363/660 2926/372/664
s 977
f 2931/411/718 2930/412/766 2929/372/724
s 978
f 2934/372/724 2933/403/723 2932/411/1702
s 979
f 2937/395/1703 2936/411/1704 2935/403/1705
s 980
f 2940/403/1705 2939/402/703 2938/395/1703
s 981
f 2943/714/1544 2942/393/692 2941/407/708
s 982
f 2946/407/1706 2945/406/709 2944/714/1544
s 983
f 2949/715/1545 2948/714/1707 2947/406/709
s 984
f 2952/406/709 2951/382/736 2950/715/1545
s 985
f 2955/365/676 2954/716/1551 2953/715/1550
s 986
f 2958/715/1550 2957/382/673 2956/365/676
s 987
g 右中指２
f 2961/510/920 2960/472/852 2959/456/1708
s 988
f 2964/456/851 2963/690/1379 2962/510/920
s 989
f 2967/510/1709 2966/506/919 2965/503/1710
s 990
f 2970/503/1711 2969/472/903 2968/510/1712
s 991
f 2973/506/909 2972/505/908 2971/497/1713
s 992
f 2976/497/1713 2975/503/1711 2974/506/909
s 993
f 2979/508/1714 2978/507/915 2977/495/881
s 994
f 2982/495/1715 2981/496/882 2980/508/1714
s 995
f 2985/507/1385 2984/513/924 2983/459/836
s 996
f 2988/459/1716 2987/495/1717 2986/507/1385
s 997
f 2991/513/1718 2990/512/923 2989/448/1719
s 998
f 2994/448/1720 2993/459/889 2992/513/924
s 999
f 2997/512/1721 2996/525/1722 2995/449/825
s 1000
f 3000/449/825 2999/448/824 2998/512/1721
s 1001
f 3003/690/1384 3002/456/831 3001/455/825
s 1002
f 3006/455/1723 3005/692/1381 3004/690/1384
s 1003
g 右薬指２
f 3009/585/1055 3008/584/1054 3007/574/1724
s 1004
f 3012/574/1724 3011/576/1725 3010/585/1055
s 1005
f 3015/580/1726 3014/582/1051 3013/577/1727
s 1006
f 3018/577/1046 3017/579/1724 3016/580/1726
s 1007
f 3021/582/1728 3020/547/997 3019/549/1729
s 1008
f 3024/549/1730 3023/577/1727 3022/582/1051
s 1009
f 3027/532/1731 3026/537/1732 3025/549/1729
s 1010
f 3030/549/1730 3029/547/997 3028/532/1731
s 1011
f 3033/532/982 3032/535/1733 3031/538/1734
s 1012
f 3036/538/989 3035/537/1735 3034/532/982
s 1013
f 3039/545/995 3038/541/1736 3037/540/989
s 1014
f 3042/540/989 3041/542/1737 3040/545/995
s 1015
f 3045/560/1017 3044/558/1015 3043/541/1014
s 1016
f 3048/541/1014 3047/545/1019 3046/560/1017
s 1017
f 3051/560/1738 3050/585/1073 3049/576/1067
s 1018
f 3054/576/1045 3053/558/1069 3052/560/1738
s 1019
g 右小指２
f 3057/614/1176 3056/660/1236 3055/653/1238
s 1020
f 3060/653/1238 3059/629/1739 3058/614/1158
s 1021
f 3063/653/1216 3062/648/1215 3061/640/1210
s 1022
f 3066/640/1210 3065/629/1177 3064/653/1216
s 1023
f 3069/648/1740 3068/647/1197 3067/638/1187
s 1024
f 3072/638/1187 3071/640/1189 3070/648/1741
s 1025
f 3075/644/1192 3074/641/1190 3073/643/1187
s 1026
f 3078/643/1187 3077/645/1193 3076/644/1192
s 1027
f 3081/619/1742 3080/641/1190 3079/644/1232
s 1028
f 3084/644/1743 3083/618/1744 3082/619/1203
s 1029
f 3087/610/1745 3086/619/1746 3085/618/1744
s 1030
f 3090/618/1163 3089/617/1161 3088/610/1745
s 1031
f 3093/610/1745 3092/617/1162 3091/665/1747
s 1032
f 3096/665/1247 3095/611/1748 3094/610/1745
s 1033
f 3099/613/1157 3098/662/1239 3097/660/1749
s 1034
f 3102/660/1750 3101/614/1158 3100/613/1157
s 1035
g 右手首
f 3105/254/1751 3104/84/149 3103/86/1752
s 1036
f 3108/118/1753 3107/86/153 3106/84/149
s 1037
f 3111/255/1754 3110/94/167 3109/92/160
s 1038
f 3114/256/447 3113/135/231 3112/94/167
s 1039
f 3117/257/448 3116/155/260 3115/149/251
s 1040
f 3120/176/1755 3119/171/290 3118/149/1756
s 1041
g 右小指１
f 3123/699/1757 3122/171/1758 3121/176/298
s 1042
g 右手首
f 3126/176/298 3125/175/1759 3124/699/1760
s 1043
f 3129/190/1497 3128/192/1761 3127/174/1430
s 1044
g 右人指１
f 3132/108/716 3131/410/715 3130/113/1762
s 1045
f 3135/113/1763 3134/106/1764 3133/108/184
s 1046
g 右手首
f 3138/106/180 3137/113/1763 3136/115/439
s 1047
f 3141/115/193 3140/103/1765 3139/106/1766
s 1048
f 3144/78/140 3143/81/144 3142/252/440
s 1049
f 3147/252/441 3146/115/193 3145/78/145
s 1050
g 右中指１
f 3150/112/1767 3149/111/1768 3148/82/1769
s 1051
f 3153/82/1770 3152/78/140 3151/112/189
s 1052
f 3156/97/1392 3155/81/1771 3154/80/143
s 1053
f 3159/80/143 3158/745/1772 3157/97/1773
s 1054
g 右手首
f 3162/252/441 3161/81/1771 3160/97/1392
s 1055
f 3165/97/1392 3164/253/1391 3163/252/441
s 1056
f 3168/231/1472 3167/253/1774 3166/134/1775
s 1057
f 3171/134/227 3170/746/1776 3169/231/1472
s 1058
g 右薬指１
f 3174/130/1777 3173/746/1776 3172/134/227
s 1059
f 3177/134/1778 3176/124/1779 3175/130/1780
s 1060
g 右中指１
f 3180/745/1781 3179/747/1782 3178/98/1465
s 1061
f 3183/98/165 3182/97/1783 3181/745/1784
s 1062
g 右手首
f 3186/746/1776 3185/151/259 3184/173/1785
s 1063
f 3189/173/383 3188/231/385 3187/746/1786
s 1064
f 3192/186/1787 3191/189/1788 3190/173/293
s 1065
f 3195/173/1789 3194/170/1790 3193/186/1791
s 1066
g 右薬指１
f 3198/130/1780 3197/142/237 3196/151/255
s 1067
f 3201/151/255 3200/746/1792 3199/130/217
s 1068
g 右小指１
f 3204/166/1793 3203/186/320 3202/170/295
s 1069
f 3207/170/295 3206/164/1794 3205/166/1793
s 1070
g 右人指１
f 3210/398/697 3209/397/1795 3208/748/1796
s 1071
f 3213/748/686 3212/410/1797 3211/398/697
s 1072
g 右中指１
f 3216/473/1798 3215/689/1373 3214/75/1799
s 1073
f 3219/75/1799 3218/74/1800 3217/473/853
s 1074
f 3222/74/1459 3221/90/158 3220/474/854
s 1075
f 3225/474/1801 3224/473/853 3223/74/1459
s 1076
f 3228/474/854 3227/90/158 3226/93/1802
s 1077
f 3231/93/1803 3230/485/904 3229/474/854
s 1078
f 3234/702/1461 3233/486/1804 3232/485/904
s 1079
f 3237/485/1805 3236/93/161 3235/702/1461
s 1080
f 3240/747/1806 3239/745/1807 3238/483/1375
s 1081
f 3243/483/865 3242/482/1804 3241/747/1806
s 1082
f 3246/745/1772 3245/80/142 3244/458/1808
s 1083
f 3249/458/1809 3248/483/1375 3247/745/1810
s 1084
f 3252/458/835 3251/80/143 3250/79/1811
s 1085
f 3255/79/141 3254/444/818 3253/458/835
s 1086
f 3258/444/818 3257/79/141 3256/83/136
s 1087
f 3261/83/1812 3260/445/819 3259/444/818
s 1088
g 右薬指１
f 3264/128/1813 3263/127/204 3262/136/1814
s 1089
f 3267/136/1815 3266/135/1816 3265/128/1817
s 1090
f 3270/133/1818 3269/121/204 3268/124/208
s 1091
f 3273/124/208 3272/134/227 3271/133/226
s 1092
f 3276/144/239 3275/148/250 3274/147/1819
s 1093
f 3279/147/1820 3278/145/236 3277/144/239
s 1094
f 3282/132/221 3281/698/1420 3280/148/1821
s 1095
f 3285/148/1419 3284/144/247 3283/132/1822
s 1096
f 3288/132/221 3287/128/212 3286/135/231
s 1097
f 3291/135/1823 3290/698/1420 3289/132/1822
s 1098
g 右小指１
f 3294/160/281 3293/159/271 3292/172/1824
s 1099
f 3297/172/1825 3296/171/291 3295/160/1826
s 1100
f 3300/169/287 3299/161/271 3298/164/1827
s 1101
f 3303/164/1827 3302/170/1828 3301/169/292
s 1102
f 3306/179/304 3305/178/303 3304/272/1829
s 1103
f 3309/272/1829 3308/275/483 3307/179/304
s 1104
f 3312/699/1760 3311/272/484 3310/178/303
s 1105
f 3315/178/1830 3314/168/1831 3313/699/1431
s 1106
f 3318/168/282 3317/160/281 3316/171/291
s 1107
f 3321/171/290 3320/699/1832 3319/168/282
s 1108
g 右人指１
f 3324/389/1833 3323/400/1834 3322/399/700
s 1109
f 3327/399/700 3326/390/1835 3325/389/686
s 1110
f 3330/687/1370 3329/688/1371 3328/351/629
s 1111
f 3333/351/1836 3332/350/1837 3331/687/1372
s 1112
f 3336/687/1363 3335/350/678 3334/384/1838
s 1113
f 3339/384/1838 3338/685/1367 3337/687/1839
s 1114
f 3342/685/1364 3341/384/1840 3340/390/738
s 1115
f 3345/390/738 3344/399/1368 3343/685/1360
s 1116
g 右小指１
f 3348/184/309 3347/276/1841 3346/181/307
s 1117
g 右人指１
f 3351/356/1842 3350/107/493 3349/352/629
s 1118
f 3354/352/629 3353/357/1371 3352/356/1843
s 1119
f 3357/114/1844 3356/113/1845 3355/410/715
s 1120
f 3360/410/1846 3359/748/686 3358/114/1844
s 1121
g 右薬指１
f 3363/142/237 3362/141/236 3361/152/1819
s 1122
f 3366/152/249 3365/151/255 3364/142/237
s 1123
g 右親指１
f 3369/201/339 3368/305/568 3367/194/331
s 1124
g 右親指０
f 3372/193/1847 3371/201/339 3370/194/1848
s 1125
f 3375/203/341 3374/205/343 3373/701/348
s 1126
g 右親指１
f 3378/204/342 3377/313/1355 3376/205/1849
s 1127
g 右親指２
f 3381/743/1695 3380/742/1694 3379/335/585
s 1128
f 3384/335/585 3383/332/584 3382/743/1850
s 1129
f 3387/740/1691 3386/337/593 3385/335/592
s 1130
f 3390/335/1851 3389/742/1692 3388/740/1691
s 1131
f 3393/289/1852 3392/284/506 3391/337/589
s 1132
f 3396/337/589 3395/740/1691 3394/289/1853
s 1133
f 3399/288/502 3398/285/1854 3397/284/1855
s 1134
f 3402/284/497 3401/289/503 3400/288/502
s 1135
f 3405/293/1856 3404/285/508 3403/288/501
s 1136
f 3408/288/501 3407/295/511 3406/293/1856
s 1137
f 3411/316/542 3410/293/544 3409/295/561
s 1138
f 3414/295/561 3413/327/560 3412/316/542
s 1139
f 3417/316/538 3416/327/582 3415/334/581
s 1140
f 3420/334/581 3419/315/1857 3418/316/1858
s 1141
f 3423/332/1859 3422/317/536 3421/744/581
s 1142
f 3426/744/581 3425/743/1850 3424/332/579
s 1143
g 右親指０
f 3429/195/415 3428/196/567 3427/198/335
s 1144
f 3432/198/420 3431/204/351 3430/203/1860
s 1145
g 右親指１
f 3435/194/331 3434/196/1351 3433/195/1861
s 1146
f 3438/290/1688 3437/284/506 3436/330/571
s 1147
f 3441/696/1405 3440/290/1406 3439/307/526
s 1148
f 3444/319/1686 3443/696/1405 3442/307/1862
s 1149
f 3447/319/541 3446/329/535 3445/317/539
s 1150
f 3450/283/1350 3449/330/1863 3448/284/1855
s 1151
f 3453/292/543 3452/283/565 3451/285/508
s 1152
f 3456/316/538 3455/314/537 3454/292/543
s 1153
f 3459/315/536 3458/312/532 3457/314/537
s 1154
g 右人指１
f 3462/694/1393 3461/686/1366 3460/401/1369
s 1155
f 3465/694/1395 3464/355/1362 3463/686/1361
s 1156
f 3468/427/765 3467/370/719 3466/359/658
s 1157
f 3471/411/718 3470/394/768 3469/370/719
s 1158
f 3474/359/640 3473/358/636 3472/426/1533
s 1159
f 3477/353/1864 3476/710/763 3475/354/636
s 1160
g 右人指２
f 3480/394/693 3479/411/1704 3478/395/694
s 1161
g 右人指１
f 3483/391/690 3482/401/702 3481/392/691
s 1162
g 右人指２
f 3486/404/1865 3485/413/1866 3484/424/757
s 1163
f 3489/373/665 3488/371/663 3487/362/661
s 1164
f 3492/413/1867 3491/404/1868 3490/371/662
s 1165
f 3495/364/647 3494/373/1869 3493/362/648
s 1166
f 3498/430/773 3497/434/782 3496/367/643
s 1167
f 3501/431/774 3500/430/1870 3499/366/675
s 1168
f 3504/409/734 3503/432/776 3502/431/1871
s 1169
f 3507/432/776 3506/409/711 3505/408/707
s 1170
g 右中指１
f 3510/520/1571 3509/440/1570 3508/442/1872
s 1171
f 3513/484/905 3512/478/1873 3511/520/1571
s 1172
f 3516/440/1874 3515/693/942 3514/441/815
s 1173
f 3519/443/822 3518/446/821 3517/519/1875
s 1174
f 3522/511/922 3521/457/834 3520/443/1876
s 1175
f 3525/457/834 3524/500/1877 3523/479/1377
s 1176
g 右中指２
f 3528/479/861 3527/500/1877 3526/480/862
s 1177
g 右中指１
f 3531/476/869 3530/478/860 3529/484/866
s 1178
g 右中指２
f 3534/471/1589 3533/454/1878 3532/456/851
s 1179
f 3537/503/901 3536/498/1594 3535/471/902
s 1180
f 3540/454/830 3539/451/823 3538/455/825
s 1181
f 3543/447/1586 3542/460/1879 3541/448/824
s 1182
f 3546/459/889 3545/448/824 3544/460/837
s 1183
f 3549/492/888 3548/495/1717 3547/459/889
s 1184
f 3552/495/881 3551/492/1880 3550/491/876
s 1185
f 3555/497/883 3554/498/1597 3553/503/1711
s 1186
g 右薬指１
f 3558/527/975 3557/543/985 3556/528/976
s 1187
f 3561/562/1607 3560/527/1606 3559/529/1022
s 1188
f 3564/573/1075 3563/569/1612 3562/562/1076
s 1189
f 3567/567/1030 3566/569/1612 3565/573/1075
s 1190
g 右薬指２
f 3570/570/1038 3569/581/1881 3568/571/1031
s 1191
g 右薬指１
f 3573/533/999 3572/546/996 3571/531/980
s 1192
f 3576/546/1882 3575/581/1883 3574/570/1112
s 1193
f 3579/531/979 3578/530/1884 3577/534/984
s 1194
g 右薬指２
f 3582/539/1885 3581/602/987 3580/540/1886
s 1195
f 3585/730/1887 3584/539/1885 3583/558/1015
s 1196
f 3588/575/1888 3587/730/1889 3586/558/1069
s 1197
f 3591/574/1043 3590/599/1047 3589/575/1890
s 1198
f 3594/577/1046 3593/586/1092 3592/578/1104
s 1199
g 右薬指３
f 3597/549/1729 3596/550/1003 3595/587/1089
s 1200
g 右薬指２
f 3600/536/987 3599/550/1891 3598/537/988
s 1201
f 3603/586/1092 3602/577/1727 3601/549/1729
s 1202
g 右小指１
f 3606/180/1892 3605/635/1654 3604/177/302
s 1203
f 3609/177/1893 3608/635/1894 3607/167/1401
s 1204
f 3612/608/1400 3611/157/1895 3610/167/283
s 1205
f 3615/608/1400 3614/663/1665 3613/158/1896
s 1206
f 3618/664/1897 3617/616/1160 3616/163/1898
s 1207
f 3621/616/1160 3620/165/1899 3619/163/273
s 1208
f 3624/165/277 3623/637/1201 3622/182/311
s 1209
f 3627/636/1194 3626/183/306 3625/182/308
s 1210
g 右小指２
f 3630/619/1900 3629/610/1154 3628/620/1901
s 1211
f 3633/649/1229 3632/641/1902 3631/619/1203
s 1212
f 3636/609/1223 3635/620/1227 3634/610/1745
s 1213
f 3639/612/1156 3638/672/1223 3637/613/1157
s 1214
f 3642/737/1669 3641/612/1903 3640/629/1177
s 1215
f 3645/639/1904 3644/737/1668 3643/629/1177
s 1216
f 3648/638/1187 3647/669/1191 3646/639/1188
s 1217
g 右小指３
f 3651/641/1905 3650/649/1906 3649/642/1191
s 1218
g 右腕捩
g 肌.003_Material.002
usemtl Material.002
f 3654/749/1907 3653/750/1908 3652/751/1909
s 1219
f 3657/751/1909 3656/752/1910 3655/749/1907
s 1220
f 3660/753/1911 3659/750/1912 3658/749/1913
s 1221
f 3663/749/1913 3662/754/1914 3661/753/1915
s 1222
f 3666/755/1916 3665/756/1917 3664/757/1918
s 1223
f 3669/757/1918 3668/758/1919 3667/755/1916
s 1224
f 3672/756/1920 3671/759/1921 3670/760/1922
s 1225
f 3675/760/1923 3674/757/1924 3673/756/1920
s 1226
f 3678/761/1925 3677/762/1926 3676/763/1927
s 1227
f 3681/763/1928 3680/764/1929 3679/761/1930
s 1228
f 3684/763/1931 3683/765/1932 3682/766/1933
s 1229
f 3687/766/1933 3686/764/1934 3685/763/1931
s 1230
f 3690/761/1935 3689/755/1936 3688/758/1937
s 1231
f 3693/758/1937 3692/762/1938 3691/761/1935
s 1232
f 3696/767/1939 3695/760/1923 3694/759/1940
s 1233
f 3699/759/1941 3698/768/1942 3697/767/1939
s 1234
f 3702/769/1943 3701/770/1944 3700/771/1945
s 1235
f 3705/771/1945 3704/772/1946 3703/769/1943
s 1236
f 3708/752/1947 3707/751/1948 3706/771/1949
s 1237
f 3711/771/1949 3710/770/1950 3709/752/1947
s 1238
f 3714/772/1951 3713/767/1952 3712/768/1953
s 1239
f 3717/768/1953 3716/769/1954 3715/772/1951
s 1240
g 右袖_9_1
g 肌.003_Материал.017
usemtl Материал.017
f 3720/773/1955 3719/774/1956 3718/775/1957
s 1241
g 右袖_11_1
f 3723/775/1957 3722/776/1958 3721/773/1959
s 1242
g 右袖_8_1
f 3726/777/1960 3725/778/1961 3724/775/1957
s 1243
f 3729/775/1957 3728/774/1962 3727/777/1963
s 1244
f 3732/779/1964 3731/780/1965 3730/777/1963
s 1245
f 3735/777/1963 3734/774/1966 3733/779/1964
s 1246
g 右ひじ
f 3738/781/1967 3737/782/1968 3736/783/1969
s 1247
g 右袖_3_1
f 3741/784/1970 3740/785/1971 3739/786/1972
s 1248
g 右袖_1_1
f 3744/785/1971 3743/784/1973 3742/781/1967
s 1249
f 3747/787/1974 3746/781/1967 3745/784/1973
s 1250
g 右袖_12_1
f 3750/788/1975 3749/789/1976 3748/790/1977
s 1251
f 3753/790/1978 3752/791/1979 3751/788/1975
s 1252
g 右袖_13_1
f 3756/792/1980 3755/793/1981 3754/794/1982
s 1253
f 3759/794/1983 3758/795/1984 3757/792/1985
s 1254
g 右袖_12_1
f 3762/789/1986 3761/796/1987 3760/797/1988
s 1255
f 3765/797/1988 3764/790/1977 3763/789/1976
s 1256
g 右袖_13_1
f 3768/797/1989 3767/796/1990 3766/798/1991
s 1257
f 3771/798/1991 3770/799/1992 3769/797/1993
s 1258
f 3774/799/1994 3773/798/1995 3772/793/1996
s 1259
f 3777/793/1997 3776/792/1998 3775/799/1999
s 1260
g 右袖_12_1
f 3780/791/2000 3779/800/2001 3778/801/2002
s 1261
f 3783/801/2003 3782/788/2004 3781/791/2005
s 1262
g 右袖_13_1
f 3786/794/2006 3785/802/2007 3784/795/2008
s 1263
g 右袖_12_1
f 3789/803/2009 3788/804/2010 3787/805/2011
s 1264
f 3792/805/2012 3791/800/2013 3790/803/2009
s 1265
g 右袖_13_1
f 3795/806/2014 3794/795/2015 3793/802/2016
s 1266
f 3798/802/2007 3797/807/2017 3796/806/2018
s 1267
g 右袖_12_1
f 3801/791/2019 3800/808/2020 3799/803/2021
s 1268
f 3804/791/2022 3803/790/2023 3802/809/2024
s 1269
f 3807/809/2024 3806/808/2025 3805/791/2022
s 1270
f 3810/790/2026 3809/797/2027 3808/810/2028
s 1271
f 3813/810/2028 3812/809/2029 3811/790/2030
s 1272
g 右袖_13_1
f 3816/810/2028 3815/797/2031 3814/799/2032
s 1273
f 3819/799/2032 3818/811/2033 3817/810/2028
s 1274
f 3822/792/2034 3821/812/2035 3820/799/2036
s 1275
f 3825/812/2037 3824/792/2038 3823/795/2039
s 1276
f 3828/795/2039 3827/813/2040 3826/812/2037
s 1277
f 3831/806/2041 3830/814/2042 3829/813/2043
s 1278
f 3834/813/2044 3833/795/2039 3832/806/2045
s 1279
g 右袖_12_1
f 3837/800/2046 3836/815/2047 3835/801/2048
s 1280
f 3840/805/2049 3839/816/2050 3838/815/2047
s 1281
f 3843/815/2047 3842/800/2046 3841/805/2051
s 1282
g 右袖_13_1
f 3846/799/2052 3845/812/2035 3844/811/2053
s 1283
g 右袖_12_1
f 3849/791/2019 3848/803/2021 3847/800/2013
s 1284
f 3852/817/2054 3851/818/2055 3850/819/2056
s 1285
f 3855/819/2056 3854/820/2057 3853/817/2058
s 1286
f 3858/821/2059 3857/822/2060 3856/823/2061
s 1287
g 右袖_13_1
f 3861/824/2062 3860/825/2063 3859/826/2064
s 1288
f 3864/826/2065 3863/827/2066 3862/824/2067
s 1289
g 右袖_12_1
f 3867/820/2068 3866/819/2056 3865/828/2069
s 1290
f 3870/828/2070 3869/829/2071 3868/820/2072
s 1291
g 右袖_13_1
f 3873/828/2069 3872/830/2073 3871/831/2074
s 1292
f 3876/831/2075 3875/829/2071 3874/828/2076
s 1293
f 3879/830/2077 3878/824/2067 3877/827/2078
s 1294
f 3882/827/2078 3881/831/2075 3880/830/2077
s 1295
g 右袖_12_1
f 3885/832/2079 3884/822/2080 3883/818/2081
s 1296
f 3888/818/2055 3887/817/2082 3886/832/2079
s 1297
g 右袖_13_1
f 3891/826/2083 3890/825/2084 3889/833/2085
s 1298
g 右袖_12_1
f 3894/822/2080 3893/832/2079 3892/823/2086
s 1299
g 右袖_13_1
f 3897/825/2084 3896/834/2087 3895/833/2088
s 1300
g 右袖_12_1
f 3900/823/2061 3899/835/2089 3898/821/2059
s 1301
g 右袖_13_1
f 3903/834/2087 3902/836/2090 3901/833/2091
s 1302
g 右袖_12_1
f 3906/837/2092 3905/838/2093 3904/839/2094
s 1303
f 3909/837/2095 3908/839/2094 3907/840/2096
s 1304
g 右袖_13_1
f 3912/837/2095 3911/840/2096 3910/841/2097
s 1305
f 3915/837/2098 3914/841/2097 3913/842/2099
s 1306
f 3918/837/2095 3917/842/2100 3916/843/2101
s 1307
f 3921/837/2095 3920/843/2102 3919/844/2103
s 1308
f 3924/837/2095 3923/844/2103 3922/845/2104
s 1309
g 右袖_12_1
f 3927/837/2105 3926/845/2104 3925/838/2093
s 1310
f 3930/846/2106 3929/847/2107 3928/848/2108
s 1311
f 3933/848/2108 3932/849/2109 3931/846/2110
s 1312
f 3936/847/2111 3935/850/2112 3934/851/2113
s 1313
f 3939/851/2113 3938/848/2114 3937/847/2111
s 1314
g 右袖_13_1
f 3942/850/2115 3941/852/2116 3940/853/2117
s 1315
g 右袖_12_1
f 3945/853/2117 3944/851/2118 3943/850/2115
s 1316
g 右袖_13_1
f 3948/852/2119 3947/854/2120 3946/855/2121
s 1317
f 3951/855/2122 3950/853/2117 3949/852/2116
s 1318
f 3954/854/2123 3953/856/2124 3952/857/2125
s 1319
f 3957/857/2125 3956/855/2126 3955/854/2123
s 1320
f 3960/856/2127 3959/858/2128 3958/859/2129
s 1321
f 3963/859/2129 3962/857/2130 3961/856/2131
s 1322
f 3966/858/2132 3965/860/2133 3964/861/2134
s 1323
f 3969/861/2134 3968/859/2135 3967/858/2132
s 1324
g 右袖_12_1
f 3972/860/2136 3971/846/2137 3970/849/2138
s 1325
f 3975/849/2138 3974/861/2139 3973/860/2140
s 1326
f 3978/846/2110 3977/862/2141 3976/847/2142
s 1327
f 3981/847/2111 3980/862/2141 3979/850/2143
s 1328
g 右袖_13_1
f 3984/850/2144 3983/862/2141 3982/852/2145
s 1329
f 3987/852/2146 3986/862/2141 3985/854/2120
s 1330
f 3990/854/2120 3989/862/2141 3988/856/2147
s 1331
f 3993/856/2127 3992/862/2141 3991/858/2148
s 1332
f 3996/858/2149 3995/862/2141 3994/860/2133
s 1333
f 3999/860/2140 3998/862/2141 3997/846/2137
s 1334
f 4002/863/2150 4001/864/2151 4000/865/2150
s 1335
f 4005/866/2152 4004/863/2150 4003/865/2150
s 1336
f 4008/867/2153 4007/868/2154 4006/864/2155
s 1337
f 4011/864/2155 4010/863/2156 4009/867/2153
s 1338
f 4014/869/2157 4013/868/2158 4012/866/2159
s 1339
f 4017/866/2160 4016/865/2161 4015/869/2162
s 1340
f 4020/867/2153 4019/863/2156 4018/866/2163
s 1341
f 4023/866/2163 4022/868/2164 4021/867/2153
s 1342
f 4026/870/2165 4025/871/2165 4024/872/2166
s 1343
f 4029/873/2167 4028/871/2168 4027/870/2169
s 1344
f 4032/864/2170 4031/868/2171 4030/869/2172
s 1345
f 4035/869/2173 4034/865/2174 4033/864/2175
s 1346
f 4038/874/2176 4037/875/2177 4036/876/2178
s 1347
g 右袖_14_1
f 4041/876/2178 4040/875/2177 4039/877/2179
s 1348
f 4044/875/2180 4043/876/2181 4042/877/2182
s 1349
g 右袖_13_1
f 4047/875/2180 4046/874/2183 4045/876/2181
s 1350
f 4050/878/2184 4049/874/2185 4048/876/2178
s 1351
f 4053/876/2178 4052/879/2186 4051/878/2187
s 1352
f 4056/876/2181 4055/874/2183 4054/878/2188
s 1353
f 4059/878/2189 4058/879/2190 4057/876/2181
s 1354
f 4062/874/2191 4061/876/2192 4060/875/2193
s 1355
g 右袖_14_1
f 4065/876/2194 4064/877/2195 4063/875/2196
s 1356
f 4068/875/2197 4067/877/2198 4066/876/2199
s 1357
f 4071/875/2197 4070/876/2199 4069/874/2200
s 1358
g 右袖_13_1
f 4074/878/2201 4073/879/2202 4072/876/2194
s 1359
f 4077/876/2203 4076/874/2204 4075/878/2201
s 1360
f 4080/878/2205 4079/874/2200 4078/876/2199
s 1361
g 右袖_14_1
f 4083/876/2199 4082/879/2206 4081/878/2207
s 1362
g 右袖_13_1
f 4086/880/2208 4085/881/2209 4084/875/2210
s 1363
f 4089/875/2211 4088/874/2212 4087/880/2213
s 1364
g 右袖_14_1
f 4092/881/2214 4091/882/2214 4090/877/2214
s 1365
f 4095/877/2214 4094/875/2214 4093/881/2214
s 1366
g 右袖_13_1
f 4098/881/2215 4097/880/2216 4096/874/2217
s 1367
g 右袖_14_1
f 4101/874/2218 4100/875/2219 4099/881/2215
s 1368
f 4104/882/2220 4103/881/2220 4102/875/2220
s 1369
f 4107/875/2221 4106/877/2221 4105/882/2221
s 1370
f 4110/883/2222 4109/882/2222 4108/877/2222
s 1371
f 4113/877/2223 4112/876/2223 4111/883/2223
s 1372
f 4116/882/2224 4115/883/2224 4114/876/2224
s 1373
f 4119/876/2225 4118/877/2225 4117/882/2225
s 1374
f 4122/883/2226 4121/884/2226 4120/879/2226
s 1375
f 4125/879/2227 4124/876/2227 4123/883/2227
s 1376
f 4128/884/2228 4127/883/2228 4126/876/2228
s 1377
f 4131/876/2228 4130/879/2228 4129/884/2228
s 1378
g 右流苏_1_1
f 4134/885/2229 4133/886/2230 4132/887/2231
s 1379
f 4137/888/2232 4136/889/2233 4135/890/2234
s 1380
f 4140/890/2234 4139/891/2235 4138/888/2236
s 1381
f 4143/892/2237 4142/893/2238 4141/889/2233
s 1382
f 4146/889/2239 4145/888/2240 4144/892/2237
s 1383
f 4149/892/2241 4148/894/2242 4147/895/2243
s 1384
f 4152/895/2243 4151/893/2244 4150/892/2241
s 1385
f 4155/894/2245 4154/896/2246 4153/897/2247
s 1386
f 4158/897/2247 4157/895/2243 4156/894/2248
s 1387
f 4161/898/2249 4160/899/2250 4159/900/2251
s 1388
f 4164/900/2252 4163/901/2253 4162/898/2249
s 1389
f 4167/902/2254 4166/903/2255 4165/898/2256
s 1390
f 4170/898/2249 4169/901/2257 4168/902/2254
s 1391
f 4173/902/2258 4172/885/2259 4171/904/2260
s 1392
f 4176/904/2261 4175/903/2262 4174/902/2258
s 1393
g 右袖_14_1
f 4179/905/2263 4178/906/2264 4177/886/2235
s 1394
g 右流苏_0_1
f 4182/886/2235 4181/885/2265 4180/905/2263
s 1395
f 4185/907/2266 4184/888/2267 4183/891/2235
s 1396
g 右袖_14_1
f 4188/891/2235 4187/908/2268 4186/907/2266
s 1397
g 右流苏_0_1
f 4191/909/2269 4190/892/2237 4189/888/2240
s 1398
g 右袖_14_1
f 4194/888/2240 4193/907/2270 4192/909/2269
s 1399
f 4197/909/2271 4196/910/2272 4195/894/2242
s 1400
g 右流苏_0_1
f 4200/894/2242 4199/892/2241 4198/909/2273
s 1401
g 右袖_14_1
f 4203/910/2274 4202/911/2275 4201/896/2246
s 1402
g 右流苏_0_1
f 4206/896/2246 4205/894/2248 4204/910/2276
s 1403
f 4209/912/2277 4208/901/2253 4207/896/2278
s 1404
g 右袖_14_1
f 4212/896/2278 4211/911/2275 4210/912/2279
s 1405
g 右流苏_0_1
f 4215/913/2280 4214/902/2254 4213/901/2257
s 1406
g 右袖_14_1
f 4218/901/2257 4217/912/2281 4216/913/2282
s 1407
f 4221/913/2283 4220/905/2284 4219/885/2259
s 1408
g 右流苏_0_1
f 4224/885/2285 4223/902/2258 4222/913/2283
s 1409
g 右袖_14_1
f 4227/914/2286 4226/915/2287 4225/906/2268
s 1410
f 4230/906/2268 4229/905/2288 4228/914/2289
s 1411
f 4233/916/2290 4232/907/2266 4231/908/2291
s 1412
f 4236/908/2268 4235/917/2292 4234/916/2293
s 1413
f 4239/918/2294 4238/909/2295 4237/907/2270
s 1414
f 4242/907/2270 4241/916/2296 4240/918/2297
s 1415
f 4245/918/2298 4244/919/2299 4243/910/2272
s 1416
f 4248/910/2276 4247/909/2273 4246/918/2300
s 1417
f 4251/919/2301 4250/920/2302 4249/911/2275
s 1418
f 4254/911/2303 4253/910/2276 4252/919/2304
s 1419
f 4257/921/2305 4256/912/2277 4255/911/2306
s 1420
f 4260/911/2275 4259/920/2307 4258/921/2305
s 1421
f 4263/922/2308 4262/913/2282 4261/912/2281
s 1422
f 4266/912/2309 4265/921/2310 4264/922/2308
s 1423
f 4269/922/2311 4268/914/2312 4267/905/2284
s 1424
f 4272/905/2288 4271/913/2283 4270/922/2311
s 1425
f 4275/914/2289 4274/923/2313 4273/915/2292
s 1426
f 4278/917/2292 4277/923/2314 4276/916/2293
s 1427
f 4281/916/2296 4280/923/2315 4279/918/2297
s 1428
f 4284/918/2316 4283/923/2317 4282/919/2299
s 1429
f 4287/919/2318 4286/923/2319 4285/920/2302
s 1430
g 右袖_13_1
f 4290/920/2307 4289/923/2320 4288/921/2305
s 1431
f 4293/921/2310 4292/923/2321 4291/922/2322
s 1432
f 4296/922/2323 4295/923/2313 4294/914/2289
s 1433
g 右流苏_1_1
f 4299/900/2251 4298/924/2324 4297/897/2325
s 1434
f 4302/897/2325 4301/896/2278 4300/900/2251
s 1435
f 4305/896/2278 4304/901/2253 4303/900/2251
s 1436
f 4308/890/2326 4307/925/2327 4306/926/2328
s 1437
f 4311/926/2328 4310/891/2329 4309/890/2326
s 1438
f 4314/887/2328 4313/927/2330 4312/904/2331
s 1439
f 4317/904/2331 4316/885/2265 4315/887/2328
s 1440
f 4320/928/2332 4319/929/2333 4318/930/2334
s 1441
f 4323/931/2335 4322/932/2336 4321/933/2337
s 1442
f 4326/934/2338 4325/932/2339 4324/931/2335
s 1443
f 4329/935/2340 4328/932/2341 4327/934/2338
s 1444
f 4332/936/2342 4331/932/2343 4330/935/2344
s 1445
f 4335/937/2345 4334/928/2346 4333/938/2347
s 1446
f 4338/939/2348 4337/928/2349 4336/937/2350
s 1447
f 4341/929/2351 4340/928/2349 4339/939/2352
s 1448
f 4344/932/2343 4343/936/2353 4342/940/2354
s 1449
f 4347/933/2337 4346/932/2339 4345/941/2355
s 1450
f 4350/942/2356 4349/943/2357 4348/900/2358
s 1451
f 4353/900/2359 4352/899/2360 4351/942/2356
s 1452
f 4356/944/2361 4355/924/2362 4354/900/2363
s 1453
f 4359/900/2363 4358/945/2364 4357/944/2365
s 1454
f 4362/946/2366 4361/947/2367 4360/944/2361
s 1455
f 4365/944/2361 4364/945/2368 4363/946/2369
s 1456
f 4368/948/2370 4367/943/2357 4366/942/2356
s 1457
f 4371/942/2371 4370/949/2372 4369/948/2370
s 1458
g 右袖_11_1
f 4374/950/2373 4373/951/2374 4372/952/2375
s 1459
g 右袖_12_1
f 4377/952/2376 4376/953/2377 4375/954/2378
s 1460
f 4380/954/2379 4379/955/2380 4378/952/2381
s 1461
g 右袖_11_1
f 4383/951/2382 4382/950/2383 4381/956/2384
s 1462
f 4386/956/2385 4385/957/2386 4384/951/2387
s 1463
f 4389/951/2388 4388/957/2389 4387/950/2390
s 1464
f 4392/955/2391 4391/951/2392 4390/952/2393
s 1465
g 右袖_12_1
f 4395/954/2394 4394/953/2395 4393/952/2396
s 1466
f 4398/952/2375 4397/955/2397 4396/954/2394
s 1467
f 4401/954/2398 4400/953/2377 4399/958/2399
s 1468
f 4404/959/2400 4403/960/2401 4402/961/2402
s 1469
f 4407/961/2403 4406/953/2404 4405/959/2405
s 1470
f 4410/959/2406 4409/962/2407 4408/958/2408
s 1471
f 4413/958/2409 4412/953/2410 4411/959/2406
s 1472
g 右袖_13_1
f 4416/963/2411 4415/962/2407 4414/959/2406
s 1473
f 4419/959/2412 4418/964/2413 4417/963/2411
s 1474
f 4422/965/2414 4421/966/2415 4420/967/2416
s 1475
g 右袖_14_1
f 4425/967/2417 4424/968/2418 4423/965/2419
s 1476
g 右袖_13_1
f 4428/968/2420 4427/967/2421 4426/966/2422
s 1477
f 4431/966/2423 4430/965/2424 4429/968/2425
s 1478
f 4434/963/2426 4433/964/2427 4432/959/2428
s 1479
f 4437/959/2428 4436/962/2429 4435/963/2426
s 1480
f 4440/966/2422 4439/967/2421 4438/963/2430
s 1481
f 4443/963/2411 4442/964/2431 4441/966/2432
s 1482
f 4446/966/2415 4445/964/2433 4444/963/2434
s 1483
f 4449/963/2434 4448/967/2417 4447/966/2415
s 1484
g 右袖_12_1
f 4452/961/2435 4451/969/2436 4450/952/2437
s 1485
f 4455/952/2438 4454/953/2439 4453/961/2435
s 1486
g 右袖_11_1
f 4458/969/2440 4457/950/2441 4456/952/2442
s 1487
f 4461/956/2443 4460/950/2444 4459/970/2445
s 1488
f 4464/970/2446 4463/971/2447 4462/956/2443
s 1489
f 4467/970/2448 4466/956/2449 4465/971/2447
s 1490
g 右袖_12_1
f 4470/969/2450 4469/950/2451 4468/970/2452
s 1491
f 4473/969/2450 4472/961/2453 4471/953/2454
s 1492
f 4476/953/2454 4475/952/2455 4474/969/2456
s 1493
g 右袖_13_1
f 4479/972/2457 4478/964/2458 4477/959/2459
s 1494
g 右袖_12_1
f 4482/959/2460 4481/960/2461 4480/972/2457
s 1495
g 右袖_13_1
f 4485/973/2462 4484/966/2463 4483/964/2458
s 1496
f 4488/964/2458 4487/972/2464 4486/973/2462
s 1497
f 4491/974/2465 4490/965/2466 4489/966/2463
s 1498
f 4494/966/2463 4493/973/2462 4492/974/2465
s 1499
f 4497/974/2467 4496/973/2468 4495/966/2469
s 1500
g 右袖_14_1
f 4500/966/2470 4499/965/2471 4498/974/2467
s 1501
g 右袖_13_1
f 4503/973/2468 4502/972/2472 4501/964/2473
s 1502
f 4506/964/2473 4505/966/2470 4504/973/2468
s 1503
g 右袖_12_1
f 4509/972/2472 4508/960/2474 4507/959/2475
s 1504
g 右袖_13_1
f 4512/959/2405 4511/964/2473 4510/972/2472
s 1505
g 右袖_12_1
f 4515/960/2476 4514/959/2477 4513/953/2478
s 1506
f 4518/953/2479 4517/961/2453 4516/960/2480
s 1507
f 4521/953/2395 4520/954/2394 4519/958/2481
s 1508
f 4524/959/2482 4523/953/2483 4522/958/2484
s 1509
f 4527/958/2485 4526/962/2486 4525/959/2428
s 1510
g 右袖_11_1
f 4530/970/2487 4529/950/2441 4528/969/2440
s 1511
f 4533/952/2375 4532/951/2488 4531/955/2397
s 1512
f 4536/952/2489 4535/951/2392 4534/950/2490
s 1513
f 4539/950/2490 4538/957/2389 4537/956/2491
s 1514
f 4542/950/2492 4541/956/2493 4540/970/2448
s 1515
g 右袖_12_1
f 4545/952/2494 4544/950/2451 4543/969/2450
s 1516
g 右袖_11_1
f 4548/975/2495 4547/976/2496 4546/977/2497
s 1517
f 4551/977/2497 4550/978/2498 4549/975/2495
s 1518
g 右袖_12_1
f 4554/979/2499 4553/980/2500 4552/981/2501
s 1519
f 4557/982/2502 4556/983/2503 4555/984/2504
s 1520
f 4560/984/2505 4559/985/2506 4558/982/2507
s 1521
g 右袖_11_1
f 4563/977/2497 4562/976/2496 4561/986/2508
s 1522
f 4566/986/2508 4565/987/2509 4564/977/2497
s 1523
f 4569/988/2510 4568/987/2509 4567/986/2508
s 1524
f 4572/986/2508 4571/989/2511 4570/988/2512
s 1525
f 4575/988/2510 4574/989/2511 4573/983/2503
s 1526
g 右袖_12_1
f 4578/983/2513 4577/982/2502 4576/988/2510
s 1527
f 4581/978/2514 4580/981/2501 4579/990/2515
s 1528
f 4584/990/2515 4583/975/2495 4582/978/2514
s 1529
f 4587/984/2505 4586/991/2516 4585/985/2517
s 1530
f 4590/979/2518 4589/992/2519 4588/980/2520
s 1531
f 4593/993/2521 4592/991/2516 4591/994/2522
s 1532
f 4596/981/2501 4595/980/2500 4594/990/2515
s 1533
f 4599/985/2523 4598/991/2524 4597/993/2525
s 1534
g 右袖_13_1
f 4602/995/2526 4601/996/2526 4600/997/2526
s 1535
f 4605/998/2527 4604/996/2528 4603/995/2529
s 1536
f 4608/995/2529 4607/999/2530 4606/998/2531
s 1537
f 4611/1000/2532 4610/998/2533 4609/999/2534
s 1538
f 4614/999/2535 4613/1001/2536 4612/1000/2537
s 1539
f 4617/1000/2537 4616/1001/2538 4615/993/2525
s 1540
f 4620/993/2521 4619/994/2539 4618/1000/2532
s 1541
f 4623/1002/2540 4622/992/2519 4621/979/2518
s 1542
f 4626/979/2541 4625/1003/2542 4624/1002/2540
s 1543
f 4629/1002/2540 4628/1003/2543 4627/1004/2544
s 1544
f 4632/1004/2544 4631/1005/2545 4630/1002/2546
s 1545
f 4635/1005/2545 4634/1004/2544 4633/1006/2547
s 1546
g 右袖_14_1
f 4638/1006/2547 4637/1007/2548 4636/1005/2545
s 1547
f 4641/1008/2549 4640/1007/2549 4639/1006/2549
s 1548
g 右袖_12_1
f 4644/1009/2550 4643/789/2551 4642/788/2552
s 1549
f 4647/788/2552 4646/791/2553 4645/1009/2554
s 1550
g 右袖_13_1
f 4650/792/2555 4649/795/2556 4648/794/2557
s 1551
f 4653/794/2558 4652/1010/2559 4651/792/2555
s 1552
f 4656/797/2560 4655/796/2561 4654/1009/2562
s 1553
f 4659/797/2563 4658/799/2564 4657/1011/2565
s 1554
f 4662/1011/2565 4661/796/2561 4660/797/2566
s 1555
f 4665/799/2567 4664/792/2568 4663/1010/2569
s 1556
f 4668/1010/2569 4667/1011/2570 4666/799/2571
s 1557
g 右袖_12_1
f 4671/788/2572 4670/800/2573 4669/791/2574
s 1558
g 右袖_13_1
f 4674/794/2575 4673/795/2576 4672/802/2577
s 1559
f 4677/805/2578 4676/804/2579 4675/803/2580
s 1560
g 右袖_12_1
f 4680/803/2580 4679/800/2581 4678/805/2582
s 1561
g 右袖_13_1
f 4683/806/2583 4682/807/2584 4681/802/2585
s 1562
f 4686/802/2577 4685/795/2586 4684/806/2583
s 1563
f 4689/800/2587 4688/803/2588 4687/808/2589
s 1564
g 右袖_12_1
f 4692/808/2590 4691/791/2591 4690/800/2592
s 1565
g 右袖_13_1
f 4695/1009/2593 4694/791/2594 4693/808/2595
s 1566
f 4698/797/2596 4697/1009/2597 4696/809/2598
s 1567
f 4701/809/2598 4700/810/2599 4699/797/2600
s 1568
f 4704/797/2601 4703/810/2602 4702/811/2603
s 1569
f 4707/811/2603 4706/799/2604 4705/797/2601
s 1570
f 4710/811/2605 4709/812/2606 4708/792/2607
s 1571
f 4713/792/2608 4712/799/2609 4711/811/2610
s 1572
f 4716/813/2611 4715/792/2607 4714/812/2612
s 1573
f 4719/813/2613 4718/814/2614 4717/806/2615
s 1574
f 4722/806/2616 4721/795/2617 4720/813/2613
s 1575
g 右袖_12_1
f 4725/800/2618 4724/801/2619 4723/815/2620
s 1576
f 4728/805/2621 4727/800/2618 4726/815/2620
s 1577
f 4731/815/2622 4730/816/2623 4729/805/2624
s 1578
f 4734/788/2625 4733/801/2619 4732/800/2618
s 1579
g 右袖_13_1
f 4737/1009/2626 4736/796/2561 4735/789/2627
s 1580
f 4740/795/2617 4739/792/2607 4738/813/2611
s 1581
f 4743/1009/2628 4742/808/2595 4741/809/2629
s 1582
f 4746/827/2630 4745/831/2631 4744/830/2632
s 1583
f 4749/830/2632 4748/824/2633 4747/827/2630
s 1584
f 4752/834/2634 4751/833/2635 4750/825/2636
s 1585
f 4755/818/2637 4754/817/2638 4753/832/2639
s 1586
f 4758/832/2640 4757/822/2641 4756/818/2642
s 1587
f 4761/831/2631 4760/829/2643 4759/828/2644
s 1588
f 4764/828/2645 4763/830/2632 4762/831/2631
s 1589
f 4767/828/2645 4766/829/2643 4765/820/2646
s 1590
f 4770/820/2647 4769/819/2648 4768/828/2644
s 1591
f 4773/819/2649 4772/820/2647 4771/817/2638
s 1592
f 4776/817/2638 4775/818/2642 4774/819/2650
s 1593
g 右袖_12_1
f 4779/824/2633 4778/825/2651 4777/826/2652
s 1594
f 4782/826/2653 4781/827/2654 4780/824/2655
s 1595
g 右袖_13_1
f 4785/832/2656 4784/823/2657 4783/822/2641
s 1596
g 右袖_12_1
f 4788/825/2658 4787/833/2635 4786/826/2659
s 1597
g 右袖_13_1
f 4791/822/2641 4790/823/2660 4789/821/2661
s 1598
g 右袖_12_1
f 4794/834/2634 4793/836/2662 4792/833/2663
s 1599
g 右袖_13_1
f 4797/823/2660 4796/835/2664 4795/821/2661
s 1600
g 右袖_14_1
f 4800/776/2665 4799/1012/2666 4798/1013/2667
s 1601
g 右袖_11_1
f 4803/1013/2668 4802/773/1959 4801/776/1958
s 1602
g 右袖_14_1
f 4806/1014/2669 4805/1013/2670 4804/1015/2671
s 1603
g 右袖_11_1
f 4809/773/1959 4808/1016/2672 4807/779/1964
s 1604
g 右袖_9_1
f 4812/779/1964 4811/774/1966 4810/773/1959
s 1605
g 右袖_13_1
f 4815/773/2673 4814/1013/2674 4813/1014/2675
s 1606
g 右袖_11_1
f 4818/1014/2676 4817/1016/2672 4816/773/1959
s 1607
g 右袖_14_1
f 4821/1013/2667 4820/1012/2666 4819/1015/2677
s 1608
g 右袖_7_1
f 4824/1017/2678 4823/1018/2679 4822/1019/2680
s 1609
g 右ひじ
f 4827/1020/2681 4826/1021/2682 4825/1022/2683
s 1610
f 4830/1023/2684 4829/1022/2683 4828/1024/2685
s 1611
f 4833/1025/2686 4832/1023/2687 4831/1026/2688
s 1612
f 4836/1025/2689 4835/1027/2690 4834/1028/2691
s 1613
f 4839/1023/2692 4838/1025/2693 4837/1029/2694
s 1614
f 4842/1020/2695 4841/1023/2692 4840/1030/2696
s 1615
f 4845/1031/2697 4844/1032/2698 4843/1033/2699
s 1616
f 4848/1025/2700 4847/1034/2701 4846/1035/2702
s 1617
g 右袖_1_1
f 4851/1020/2695 4850/1036/2703 4849/1037/2704
s 1618
g 右ひじ
f 4854/1032/2705 4853/1031/2706 4852/1038/2707
s 1619
g 右袖_6_1
f 4857/1018/2708 4856/1017/2678 4855/1039/2709
s 1620
g 右袖_2_1
f 4860/1040/2710 4859/1041/2711 4858/1042/2712
s 1621
g 右袖_5_1
f 4863/1037/2713 4862/1043/2714 4861/1018/2679
s 1622
g 右袖_3_1
f 4866/1018/2715 4865/1040/2716 4864/1037/2713
s 1623
g 右ひじ
f 4869/1023/2687 4868/1044/2717 4867/1026/2688
s 1624
g 右袖_2_1
f 4872/1020/2718 4871/1040/2719 4870/1042/2712
s 1625
f 4875/1042/2720 4874/1021/2682 4873/1020/2718
s 1626
g 右ひじ
f 4878/1044/2721 4877/1023/2722 4876/1024/2685
s 1627
f 4881/1031/2723 4880/1045/2724 4879/1038/2725
s 1628
f 4884/1027/2726 4883/1031/2723 4882/1033/2727
s 1629
f 4887/1045/2728 4886/1025/2729 4885/1035/2730
s 1630
f 4890/1034/2731 4889/1025/2686 4888/1026/2688
s 1631
f 4893/1045/2724 4892/1031/2723 4891/1025/2732
s 1632
f 4896/1023/2684 4895/1020/2718 4894/1022/2683
s 1633
f 4899/1030/2696 4898/1023/2692 4897/1029/2694
s 1634
f 4902/1025/2733 4901/1031/2697 4900/1027/2734
s 1635
f 4905/1029/2735 4904/1025/2689 4903/1028/2691
s 1636
f 4908/1046/2736 4907/1020/2695 4906/1030/2696
s 1637
g 右袖_4_1
f 4911/1041/2711 4910/1040/2719 4909/1018/2715
s 1638
g 右袖_7_1
f 4914/1019/2680 4913/1047/2737 4912/1017/2678
s 1639
f 4917/1017/2678 4916/1047/2738 4915/1039/2709
s 1640
g 右袖_5_1
f 4920/1018/2679 4919/1043/2714 4918/1019/2739
s 1641
g 右袖_4_1
f 4923/1041/2711 4922/1018/2708 4921/1039/2740
s 1642
g 右袖_3_1
f 4926/1020/2695 4925/1037/2713 4924/1040/2741
s 1643
g 右袖_2_1
f 4929/1048/2742 4928/1049/2743 4927/1050/2744
s 1644
g 右袖_1_1
f 4932/1049/2745 4931/1051/2746 4930/1052/2747
s 1645
g 右ひじ
f 4935/1053/2748 4934/1051/2749 4933/1054/2750
s 1646
f 4938/1055/2751 4937/1056/2752 4936/1057/2753
s 1647
f 4941/1057/2753 4940/1058/2754 4939/1055/2751
s 1648
f 4944/1059/2755 4943/1057/2756 4942/1056/2757
s 1649
f 4947/1056/2757 4946/1060/2758 4945/1059/2755
s 1650
f 4950/1061/2759 4949/1062/2760 4948/1059/2761
s 1651
f 4953/1059/2762 4952/1060/2763 4951/1061/2764
s 1652
g 右袖_11_1
f 4956/1063/2765 4955/1064/2766 4954/1065/2767
s 1653
f 4959/1066/2768 4958/1064/2769 4957/1063/2770
s 1654
g 右ひじ
f 4962/1067/2771 4961/1060/2758 4960/1056/2757
s 1655
f 4965/1056/2752 4964/1068/2772 4963/1067/2771
s 1656
g 右袖_10_1
f 4968/1069/2773 4967/1070/2774 4966/1071/2775
s 1657
g 右袖_12_1
f 4971/1071/2776 4970/1072/2777 4969/1069/2773
s 1658
g 右ひじ
f 4974/1073/2778 4973/1074/2779 4972/1075/2780
s 1659
f 4977/1075/2780 4976/1076/2781 4975/1073/2782
s 1660
g 右袖_0_1
f 4980/1048/2783 4979/1077/2784 4978/1078/2785
s 1661
g 右腕捩
f 4983/1078/2785 4982/1079/2786 4981/1048/2783
s 1662
f 4986/1058/2754 4985/1057/2753 4984/1080/1917
s 1663
f 4989/1080/2787 4988/1081/1916 4987/1058/2788
s 1664
f 4992/1057/2789 4991/1059/2755 4990/1082/1921
s 1665
f 4995/1082/1921 4994/1080/2790 4993/1057/2756
s 1666
f 4998/1059/2761 4997/1062/2760 4996/1083/1942
s 1667
f 5001/1083/1942 5000/1082/1941 4999/1059/2761
s 1668
g 右袖_0_1
f 5004/1051/2791 5003/1048/2783 5002/1079/2786
s 1669
g 右ひじ
f 5007/1079/2786 5006/1054/2750 5005/1051/2791
s 1670
g 右腕捩
f 5010/1053/2792 5009/1081/1907 5008/1080/1910
s 1671
f 5013/1080/1910 5012/1084/2793 5011/1053/2748
s 1672
f 5016/1085/2794 5015/1078/2795 5014/1081/2796
s 1673
f 5019/1085/1930 5018/1086/2797 5017/1079/2798
s 1674
f 5022/1079/2798 5021/1078/2799 5020/1085/1930
s 1675
f 5025/1054/2750 5024/1086/1934 5023/1085/1933
s 1676
f 5028/1081/1913 5027/1054/2750 5026/1085/2800
s 1677
g 右ひじ
f 5031/1087/2801 5030/1061/2759 5029/1060/2763
s 1678
f 5034/1060/2802 5033/1067/2803 5032/1087/2804
s 1679
f 5037/1088/2805 5036/1089/2806 5035/1076/2807
s 1680
f 5040/1076/2808 5039/1090/2809 5038/1088/2810
s 1681
f 5043/1090/2811 5042/1091/2812 5041/1092/2813
s 1682
f 5046/1092/2813 5045/1088/2814 5044/1090/2809
s 1683
g 右腕捩
f 5049/1093/2815 5048/1094/2816 5047/1095/1944
s 1684
f 5052/1095/1944 5051/1082/1943 5050/1093/2815
s 1685
g 右ひじ
f 5055/1096/2817 5054/1097/2818 5053/1094/2816
s 1686
f 5058/1094/2819 5057/1093/2815 5056/1096/2817
s 1687
f 5061/1097/2820 5060/1073/2821 5059/1076/2822
s 1688
f 5064/1076/2822 5063/1089/2823 5062/1097/2824
s 1689
f 5067/1068/2772 5066/1098/2825 5065/1099/2826
s 1690
f 5070/1099/2826 5069/1067/2771 5068/1068/2772
s 1691
f 5073/1067/2803 5072/1099/2827 5071/1100/2828
s 1692
f 5076/1100/2829 5075/1087/2830 5074/1067/2803
s 1693
g 右袖_10_1
f 5079/1070/2774 5078/1101/2831 5077/1066/2768
s 1694
g 右袖_12_1
f 5082/1066/2768 5081/1071/2776 5080/1070/2774
s 1695
f 5085/1102/2832 5084/1103/2833 5083/1104/2834
s 1696
g 右袖_13_1
f 5088/1104/2835 5087/1105/2836 5086/1102/2832
s 1697
g 右袖_12_1
f 5091/1072/2837 5090/1071/2838 5089/1106/2839
s 1698
g 右袖_13_1
f 5094/1106/2839 5093/1107/2840 5092/1072/2837
s 1699
g 右ひじ
f 5097/1084/2841 5096/1089/2806 5095/1053/2792
s 1700
f 5100/1097/2818 5099/1096/2842 5098/1108/2843
s 1701
f 5103/1108/2843 5102/1073/2844 5101/1097/2818
s 1702
f 5106/1073/2844 5105/1108/2845 5104/1109/2846
s 1703
f 5109/1109/2846 5108/1074/2847 5107/1073/2844
s 1704
g 右袖_2_1
f 5112/1050/2744 5111/1110/2848 5110/1111/2849
s 1705
g 右袖_0_1
f 5115/1111/2849 5114/1077/2850 5113/1050/2744
s 1706
g 右ひじ
f 5118/1051/2749 5117/1088/2851 5116/1092/2852
s 1707
f 5121/1053/2853 5120/1088/2851 5119/1051/2749
s 1708
g 右腕捩
f 5124/1080/1947 5123/1095/1950 5122/1094/2854
s 1709
f 5127/1094/2855 5126/1084/2856 5125/1080/1947
s 1710
g 右ひじ
f 5130/1084/2856 5129/1094/2855 5128/1097/2820
s 1711
f 5133/1097/2857 5132/1089/2823 5131/1084/2858
s 1712
g 右袖_0_1
f 5136/1077/2859 5135/1111/2849 5134/1058/2860
s 1713
g 右ひじ
f 5139/1058/2788 5138/1078/2861 5137/1077/2862
s 1714
f 5142/1055/2751 5141/1058/2754 5140/1111/2863
s 1715
g 右袖_10_1
f 5145/1064/2864 5144/1112/2865 5143/1113/2866
s 1716
g 右袖_11_1
f 5148/1113/2867 5147/1065/2767 5146/1064/2864
s 1717
f 5151/1064/2868 5150/1066/2768 5149/1101/2869
s 1718
g 右袖_10_1
f 5154/1101/2870 5153/1112/2871 5152/1064/2868
s 1719
g 右袖_8_1
f 5157/1114/2872 5156/1115/2873 5155/1070/2774
s 1720
g 右袖_10_1
f 5160/1070/2774 5159/1069/2874 5158/1114/2872
s 1721
f 5163/1103/2875 5162/1116/2876 5161/1117/2877
s 1722
g 右袖_12_1
f 5166/1117/2877 5165/1104/2878 5164/1103/2879
s 1723
g 右袖_10_1
f 5169/1065/2880 5168/1113/2881 5167/1116/2876
s 1724
g 右袖_11_1
f 5172/1116/2876 5171/1103/2875 5170/1065/2880
s 1725
g 右袖_3_1
f 5175/1118/2882 5174/1119/2883 5173/1120/2884
s 1726
g 右袖_5_1
f 5178/1120/2884 5177/1121/2885 5176/1118/2882
s 1727
g 右袖_3_1
f 5181/1122/2886 5180/1123/2887 5179/1119/2888
s 1728
g 右袖_5_1
f 5184/1119/2888 5183/1118/2889 5182/1122/2886
s 1729
f 5187/1123/2890 5186/1122/2891 5185/1124/2892
s 1730
g 右袖_7_1
f 5190/1121/2893 5189/1125/2894 5188/1126/2895
s 1731
g 右袖_5_1
f 5193/1126/2895 5192/1118/2882 5191/1121/2896
s 1732
f 5196/1122/2886 5195/1118/2897 5194/1126/2898
s 1733
g 右袖_7_1
f 5199/1126/2899 5198/1127/2900 5197/1122/2886
s 1734
f 5202/1127/2901 5201/1115/2902 5200/1124/2892
s 1735
g 右袖_5_1
f 5205/1124/2892 5204/1122/2891 5203/1127/2901
s 1736
g 右袖_8_1
f 5208/1115/2903 5207/1114/2904 5206/1128/2905
s 1737
g 右袖_6_1
f 5211/1128/2906 5210/1124/2907 5209/1115/2903
s 1738
g 右袖_7_1
f 5214/1112/2865 5213/1126/2908 5212/1125/2894
s 1739
g 右袖_10_1
f 5217/1125/2909 5216/1113/2910 5215/1112/2911
s 1740
f 5220/1112/2871 5219/1101/2869 5218/1127/2900
s 1741
g 右袖_7_1
f 5223/1127/2900 5222/1126/2912 5221/1112/2871
s 1742
g 右袖_8_1
f 5226/1113/2866 5225/1125/2913 5224/1129/2914
s 1743
g 右袖_10_1
f 5229/1129/2915 5228/1116/2876 5227/1113/2866
s 1744
f 5232/1101/2831 5231/1070/2774 5230/1115/2873
s 1745
g 右袖_7_1
f 5235/1115/2903 5234/1127/2901 5233/1101/2916
s 1746
g 右袖_8_1
f 5238/1116/2876 5237/1129/2914 5236/1130/2917
s 1747
g 右袖_10_1
f 5241/1130/2918 5240/1117/2877 5239/1116/2876
s 1748
g 右ひじ
f 5244/1099/2827 5243/1131/2919 5242/1132/2920
s 1749
f 5247/1132/2920 5246/1100/2828 5245/1099/2827
s 1750
g 右袖_8_1
f 5250/1114/2872 5249/1133/2921 5248/1134/2922
s 1751
g 右袖_6_1
f 5253/1134/2922 5252/1128/2923 5251/1114/2872
s 1752
g 右袖_11_1
f 5256/1069/2924 5255/1135/2925 5254/1133/2921
s 1753
g 右袖_8_1
f 5259/1133/2921 5258/1114/2872 5257/1069/2874
s 1754
g 右袖_11_1
f 5262/1135/2926 5261/1069/2773 5260/1072/2777
s 1755
g 右袖_13_1
f 5265/1072/2837 5264/1136/2927 5263/1135/2925
s 1756
f 5268/1136/2928 5267/1072/2929 5266/1107/2840
s 1757
f 5271/1107/2840 5270/1137/2930 5269/1136/2928
s 1758
f 5274/1105/2836 5273/1104/2931 5272/1138/2932
s 1759
f 5277/1138/2933 5276/1137/2934 5275/1105/2935
s 1760
g 右袖_11_1
f 5280/1104/2878 5279/1117/2877 5278/1139/2936
s 1761
g 右袖_13_1
f 5283/1139/2936 5282/1138/2937 5281/1104/2878
s 1762
g 右ひじ
f 5286/1132/2938 5285/1131/2939 5284/1140/2940
s 1763
g 右袖_14_1
f 5289/1141/2941 5288/1142/2942 5287/1143/2943
s 1764
f 5292/1143/2944 5291/1142/2945 5290/1141/2946
s 1765
g 右袖_13_1
f 5295/1136/2927 5294/1141/2947 5293/1144/2948
s 1766
g 右袖_11_1
f 5298/1144/2949 5297/1135/2925 5296/1136/2927
s 1767
f 5301/1135/2950 5300/1144/2951 5299/1145/2952
s 1768
g 右袖_2_1
f 5304/1123/2887 5303/1110/2953 5302/1050/2744
s 1769
g 右袖_3_1
f 5307/1050/2744 5306/1119/2888 5305/1123/2887
s 1770
g 右袖_2_1
f 5310/1049/2954 5309/1119/2883 5308/1050/2744
s 1771
g 右袖_3_1
f 5313/1120/2955 5312/1119/2883 5311/1049/2954
s 1772
g 右袖_1_1
f 5316/1049/2954 5315/1052/2956 5314/1120/2955
s 1773
g 右袖_14_1
f 5319/1141/2669 5318/1143/2957 5317/1137/2934
s 1774
g 右袖_13_1
f 5322/1137/2934 5321/1138/2933 5320/1141/2669
s 1775
g 右袖_14_1
f 5325/1143/2944 5324/1141/2946 5323/1136/2928
s 1776
f 5328/1136/2928 5327/1137/2958 5326/1143/2944
s 1777
g 右腕捩
f 5331/1082/1954 5330/1083/1953 5329/1062/2959
s 1778
f 5334/1062/2959 5333/1093/2960 5332/1082/1943
s 1779
g 右ひじ
f 5337/1096/2961 5336/1093/2960 5335/1062/2959
s 1780
f 5340/1062/2959 5339/1061/2962 5338/1096/2961
s 1781
f 5343/1108/2963 5342/1096/2964 5341/1061/2962
s 1782
f 5346/1061/2962 5345/1087/2965 5344/1108/2963
s 1783
f 5349/1108/2966 5348/1087/2804 5347/1100/2967
s 1784
f 5352/1100/2828 5351/1109/2968 5350/1108/2963
s 1785
g 右袖_12_1
f 5355/1103/2833 5354/1102/2832 5353/1063/2969
s 1786
f 5358/1063/2969 5357/1065/2970 5356/1103/2971
s 1787
f 5361/1063/2770 5360/1106/2839 5359/1071/2838
s 1788
f 5364/1071/2776 5363/1066/2768 5362/1063/2770
s 1789
g 右ひじ
f 5367/1089/2806 5366/1088/2810 5365/1053/2748
s 1790
f 5370/1132/2972 5369/1146/2973 5368/1140/2974
s 1791
f 5373/1132/2938 5372/1140/2940 5371/1146/2975
s 1792
f 5376/1131/2976 5375/1147/2977 5374/1140/2978
s 1793
f 5379/1131/2976 5378/1148/2979 5377/1147/2980
s 1794
f 5382/1148/2979 5381/1149/2981 5380/1150/2982
s 1795
g 右袖_0_1
f 5385/1049/2743 5384/1048/2783 5383/1051/2983
s 1796
g 右ひじ
f 5388/1151/2984 5387/1152/2985 5386/1140/2986
s 1797
f 5391/1151/2987 5390/1147/2988 5389/1152/2989
s 1798
f 5394/1148/2990 5393/1153/2991 5392/1147/2992
s 1799
f 5397/1150/2993 5396/1154/2994 5395/1155/2995
s 1800
f 5400/1155/2996 5399/1153/2997 5398/1150/2993
s 1801
f 5403/782/2998 5402/1155/2999 5401/1154/3000
s 1802
f 5406/1156/3001 5405/782/2998 5404/1157/3002
s 1803
g 右袖_0_1
f 5409/1158/3003 5408/1159/3004 5407/784/3005
s 1804
g 右袖_2_1
f 5412/784/3005 5411/1160/3006 5410/1158/3003
s 1805
g 右袖_9_1
f 5415/1161/3007 5414/1162/3008 5413/1163/3009
s 1806
g 右袖_6_1
f 5418/1163/3010 5417/1164/3011 5416/1161/3012
s 1807
g 右袖_11_1
f 5421/1138/2937 5420/1139/2936 5419/1165/3013
s 1808
g 右袖_13_1
f 5424/1165/3014 5423/1141/2941 5422/1138/2937
s 1809
g 右袖_2_1
f 5427/1166/3015 5426/1158/3003 5425/1160/3006
s 1810
g 右袖_4_1
f 5430/1160/3006 5429/1167/3016 5428/1166/3015
s 1811
g 右袖_6_1
f 5433/1167/3017 5432/1161/3012 5431/1164/3011
s 1812
g 右袖_4_1
f 5436/1164/3018 5435/1166/3015 5434/1167/3017
s 1813
g 右袖_11_1
f 5439/1162/3008 5438/1165/3019 5437/1139/2936
s 1814
g 右袖_9_1
f 5442/1139/2936 5441/1163/3020 5440/1162/3008
s 1815
g 右腕捩
f 5445/1081/1913 5444/1053/2853 5443/1054/2750
s 1816
f 5448/1086/1934 5447/1054/3021 5446/1079/2786
s 1817
f 5451/1081/3022 5450/1078/3023 5449/1058/2754
s 1818
g 右袖_6_1
f 5454/1124/3024 5453/1128/2906 5452/1168/3025
s 1819
g 右袖_4_1
f 5457/1168/3025 5456/1169/3026 5455/1124/2892
s 1820
g 右ひじ
f 5460/1157/3002 5459/784/3027 5458/1159/3004
s 1821
f 5463/1159/3004 5462/1156/3028 5461/1157/3029
s 1822
g 右袖_6_1
f 5466/1128/2906 5465/1134/3030 5464/1170/3031
s 1823
g 右袖_4_1
f 5469/1170/3031 5468/1168/3032 5467/1128/2905
s 1824
g 右袖_3_1
f 5472/1123/3033 5471/1169/3026 5470/1171/3034
s 1825
g 右袖_2_1
f 5475/1171/3034 5474/1110/2953 5473/1123/3033
s 1826
g 右袖_4_1
f 5478/1169/3026 5477/1168/3025 5476/1172/3035
s 1827
g 右袖_2_1
f 5481/1172/3035 5480/1171/3034 5479/1169/3026
s 1828
g 右袖_0_1
f 5484/1051/2749 5483/1092/2813 5482/1052/3036
s 1829
f 5487/1092/2813 5486/1091/2812 5485/1173/3037
s 1830
g 右袖_1_1
f 5490/1173/3038 5489/1052/3036 5488/1092/2813
s 1831
g 右袖_3_1
f 5493/1173/3038 5492/1174/3039 5491/1120/3040
s 1832
g 右袖_1_1
f 5496/1120/2884 5495/1052/3036 5494/1173/3037
s 1833
g 右袖_3_1
f 5499/1121/2885 5498/1120/3040 5497/1174/3039
s 1834
g 右袖_5_1
f 5502/1174/3041 5501/1175/3042 5500/1121/2885
s 1835
g 右袖_8_1
f 5505/1175/3042 5504/1129/2914 5503/1125/3043
s 1836
g 右袖_5_1
f 5508/1125/3043 5507/1121/2885 5506/1175/3042
s 1837
g 右ひじ
f 5511/1076/2808 5510/1075/3044 5509/1176/3045
s 1838
f 5514/1176/3045 5513/1090/3046 5512/1076/2808
s 1839
f 5517/1176/3047 5516/1177/3048 5515/1091/2812
s 1840
f 5520/1091/2812 5519/1090/2811 5518/1176/3047
s 1841
g 右袖_0_1
f 5523/1173/3038 5522/1091/2812 5521/1177/3048
s 1842
g 右袖_2_1
f 5526/1177/3048 5525/1178/3049 5524/1173/3050
s 1843
f 5529/1174/3039 5528/1173/3037 5527/1178/3049
s 1844
g 右袖_4_1
f 5532/1178/3049 5531/1179/3051 5530/1174/3052
s 1845
f 5535/1175/3053 5534/1174/3039 5533/1179/3051
s 1846
g 右袖_6_1
f 5538/1179/3051 5537/1180/3054 5536/1175/3042
s 1847
g 右袖_8_1
f 5541/1180/3054 5540/1130/2918 5539/1129/2914
s 1848
g 右袖_6_1
f 5544/1129/2914 5543/1175/3042 5542/1180/3054
s 1849
g 右ひじ
f 5547/1148/2979 5546/1131/2976 5545/1149/2981
s 1850
g 右袖_3_1
f 5550/1167/3055 5549/786/1972 5548/785/1971
s 1851
g 右袖_6_1
f 5553/1134/2922 5552/1161/3056 5551/1167/3057
s 1852
g 右袖_4_1
f 5556/1167/3058 5555/1170/3031 5554/1134/2922
s 1853
g 右袖_6_1
f 5559/1161/3056 5558/1134/2922 5557/1133/2921
s 1854
g 右袖_8_1
f 5562/1133/2921 5561/1145/2952 5560/1161/3056
s 1855
f 5565/1145/2952 5564/1133/3059 5563/1135/2925
s 1856
g 右ひじ
f 5568/1098/2825 5567/1149/2981 5566/1099/3060
s 1857
g 右袖_2_1
f 5571/785/1971 5570/1172/3035 5569/1168/3025
s 1858
g 右袖_4_1
f 5574/1168/3032 5573/1170/3031 5572/785/1971
s 1859
g 右ひじ
f 5577/1100/2828 5576/1132/3061 5575/1152/2985
s 1860
f 5580/1152/2985 5579/1109/3062 5578/1100/2967
s 1861
f 5583/1109/2846 5582/1152/2989 5581/1153/3063
s 1862
f 5586/1153/3063 5585/1074/2847 5584/1109/3064
s 1863
f 5589/1074/3065 5588/1153/2997 5587/1155/2996
s 1864
f 5592/1155/2996 5591/1075/3066 5590/1074/3065
s 1865
f 5595/1156/3001 5594/1176/3045 5593/1075/3044
s 1866
f 5598/1075/3067 5597/1155/2999 5596/1156/3068
s 1867
f 5601/1177/3048 5600/1176/3047 5599/1156/3028
s 1868
f 5604/1156/3028 5603/1159/3004 5602/1177/3048
s 1869
g 右袖_0_1
f 5607/1178/3049 5606/1177/3048 5605/1159/3004
s 1870
g 右袖_2_1
f 5610/1159/3004 5609/1158/3003 5608/1178/3049
s 1871
f 5613/1179/3051 5612/1178/3069 5611/1158/3070
s 1872
g 右袖_4_1
f 5616/1158/3003 5615/1166/3015 5614/1179/3071
s 1873
g 右袖_6_1
f 5619/1166/3015 5618/1164/3018 5617/1180/3054
s 1874
g 右袖_4_1
f 5622/1180/3054 5621/1179/3051 5620/1166/3072
s 1875
g 右袖_8_1
f 5625/1164/3011 5624/1163/3020 5623/1130/2918
s 1876
g 右袖_6_1
f 5628/1130/2918 5627/1180/3054 5626/1164/3011
s 1877
g 右袖_11_1
f 5631/1163/3010 5630/1139/2936 5629/1117/2877
s 1878
g 右袖_8_1
f 5634/1117/2877 5633/1130/2918 5632/1163/3009
s 1879
g 右ひじ
f 5637/782/2998 5636/1156/3001 5635/1155/2999
s 1880
f 5640/1148/3073 5639/1150/3074 5638/1153/3075
s 1881
f 5643/1153/2991 5642/1152/3076 5641/1147/2988
s 1882
f 5646/1132/2972 5645/1140/2986 5644/1152/2985
s 1883
f 5649/1055/2751 5648/1181/3077 5647/1068/2772
s 1884
f 5652/1068/2772 5651/1056/3078 5650/1055/2751
s 1885
f 5655/1181/3079 5654/1182/3080 5653/1098/2825
s 1886
f 5658/1098/3081 5657/1068/2772 5656/1181/3079
s 1887
f 5661/1182/3082 5660/783/1969 5659/1149/2981
s 1888
f 5664/1149/3083 5663/1098/3084 5662/1182/3082
s 1889
f 5667/1150/2982 5666/1149/2981 5665/783/1969
s 1890
f 5670/783/1969 5669/782/1968 5668/1150/3085
s 1891
f 5673/1181/3079 5672/1055/2751 5671/1111/2863
s 1892
f 5676/1111/2863 5675/1183/3086 5674/1181/3079
s 1893
f 5679/1182/3080 5678/1181/3079 5677/1183/3086
s 1894
f 5682/1183/3086 5681/1184/3087 5680/1182/3080
s 1895
f 5685/1182/3080 5684/1184/3087 5683/781/1967
s 1896
f 5688/781/1967 5687/783/1969 5686/1182/3082
s 1897
g 右袖_0_1
f 5691/1183/3086 5690/1111/2863 5689/1110/2953
s 1898
g 右袖_2_1
f 5694/1110/2953 5693/1171/3034 5692/1183/3086
s 1899
f 5697/1184/3087 5696/1183/3086 5695/1171/3034
s 1900
f 5700/1171/3034 5699/1172/3035 5698/1184/3087
s 1901
g 右袖_1_1
f 5703/781/1967 5702/1184/3087 5701/1172/3035
s 1902
g 右袖_2_1
f 5706/1172/3035 5705/785/1971 5704/781/1967
s 1903
g 右袖_4_1
f 5709/1167/3058 5708/785/1971 5707/1170/3031
s 1904
g 右袖_3_1
f 5712/1169/3026 5711/1123/3033 5710/1124/2892
s 1905
g 右袖_0_1
f 5715/1048/3088 5714/1050/2744 5713/1077/3089
s 1906
g 右ひじ
f 5718/1099/2826 5717/1149/3090 5716/1131/2976
s 1907
g 右袖_1_1
f 5721/1036/2703 5720/1020/3091 5719/1046/2736
s 1908
g 右ひじ
f 5724/782/1968 5723/781/1967 5722/787/3092
