# Blender 5.0.1
# www.blender.org
mtllib muñeca._cuerpo.mtl
g reimu_low_Malla
v 4.078066 1.116005 7.851327
v 3.449369 0.971618 8.174563
v 1.782718 1.829121 8.101074
v 3.316698 0.452036 8.098480
v 3.318597 1.438892 8.342987
v 2.203944 1.582457 8.317210
v 2.471771 0.600660 8.184192
v 2.887708 -0.031033 7.825912
v 2.506300 1.176040 8.374977
v 1.687034 1.052998 8.110816
v 1.324750 1.441696 7.911215
v 3.993035 2.120628 7.873651
v 2.157112 2.455786 7.961087
v 2.621901 2.130089 8.239267
v 2.955400 2.696335 7.819025
v 3.157928 1.890137 8.286259
v 0.777121 5.317573 0.570177
v 5.329226 9.209666 -3.664876
v 5.334608 7.601241 4.572373
v 5.335878 7.315789 4.055045
v 5.674093 6.659848 4.300779
v 5.905796 7.711579 4.291799
v 6.063149 6.095379 4.653920
v 6.166526 8.718883 3.854784
v 5.428495 5.735452 4.072500
v 7.707897 8.404615 4.596264
v 5.944389 8.635206 3.267897
v 5.579951 8.667611 4.299775
v 7.303961 8.746225 5.339734
v 5.281250 5.122384 3.384640
v -2.151092 6.895182 -4.535004
v 6.346842 6.292436 4.315328
v 6.002099 6.363365 4.895971
v 6.399858 7.959667 2.339559
v 4.804749 8.069615 1.248628
v 6.067993 5.360703 4.258709
v 5.876107 5.796299 4.013759
v 6.275646 5.397792 4.529003
v 6.115796 5.218875 3.853913
v 5.974637 8.295859 2.095053
v 5.850387 7.786726 1.097033
v 6.726623 8.566875 3.791983
v 6.277875 8.347908 2.822798
v 6.184707 6.885650 4.418558
v 5.536165 8.227555 1.521695
v 5.651736 5.303162 1.766160
v 6.451761 8.038648 4.079535
v 5.479681 5.978334 0.646188
v 6.164459 5.726462 4.559669
v 6.108304 5.404787 2.210974
v 7.070367 8.632752 4.335512
v 5.734624 7.105106 0.537439
v 6.443159 5.908403 4.081526
v 6.465977 7.284041 1.634925
v 5.223443 5.054145 0.649705
v 6.097826 7.332522 0.954838
v 6.605710 7.577100 4.516725
v 6.942558 8.433066 4.720721
v 7.083839 7.375508 4.256908
v 6.882592 6.613912 4.311310
v 7.085433 7.433833 3.675606
v 6.717400 7.755353 3.459969
v 6.998545 7.956956 3.564252
v 6.260515 7.804539 1.879711
v 7.071947 6.361983 4.015434
v 6.592340 5.544016 3.704553
v 6.822691 7.498075 2.308057
v -4.136089 7.149685 -4.761745
v 6.889824 8.041206 3.010514
v 6.605804 5.490654 3.072197
v 7.156544 7.063669 3.081468
v 7.208717 6.904683 3.651909
v 7.186707 6.273299 3.692069
v 7.281014 7.357589 2.578037
v 6.180259 6.545829 0.674276
v -3.528703 5.260507 -0.497754
v 6.660289 5.745218 2.429585
v 6.787115 5.469398 2.170577
v -5.023575 5.174963 -3.223599
v 6.951890 5.859545 3.277124
v 7.169079 6.722817 2.042651
v 7.005339 6.413934 2.835737
v 7.019198 6.257617 2.355563
v 6.806095 6.203996 1.385597
v -5.755785 6.183002 -4.546530
v 6.485371 6.827542 1.258343
v 6.693768 5.735960 1.035661
v 7.400682 7.785674 3.271936
v 7.859310 7.404353 3.936394
v 7.755677 7.852597 4.085359
v 7.771810 7.988647 4.445606
v 7.646154 7.217029 3.006785
v 7.242035 8.222730 3.786729
v 7.567328 6.588876 2.660057
v 8.313070 7.643856 4.425047
v 7.230369 6.612918 2.258998
v 7.799308 7.486213 3.744354
v 8.022276 8.320806 4.973078
v 7.473749 7.240310 3.413926
v 7.856929 6.712711 2.903576
v 7.858305 6.808854 3.473586
v 7.293893 5.966293 1.718824
v 8.370565 6.702592 3.606056
v 6.934108 5.040188 1.224376
v 7.200106 5.915678 1.853560
v 8.037458 7.100236 3.557694
v 7.957181 6.410016 3.493178
v 7.435087 5.358185 1.988942
v 8.223050 6.177394 3.095471
v 8.913324 6.832069 4.321607
v 7.752628 6.313838 2.435932
v 8.588508 7.096346 4.059029
v 7.825201 5.802399 2.355455
v 7.853835 5.456327 2.504116
v 8.459641 6.319194 3.514725
v 8.760801 6.221894 3.612631
v 8.193768 5.750995 3.107573
v 7.926624 5.345034 2.267954
v 8.403830 5.480979 2.842864
v 8.159644 8.596395 5.327635
v 8.870888 5.719844 3.591253
v -2.379444 5.158051 1.227624
v 5.205805 6.417096 0.599422
v 5.256287 7.197301 0.589267
v 6.216772 5.567168 0.611555
v 6.005555 6.295706 0.533497
v -2.101535 5.252198 0.306626
v 5.463850 8.801692 -2.815399
v -0.428679 6.987546 0.637322
v -1.044603 8.152030 -0.018934
v 1.009069 6.975326 0.049451
v 0.671161 6.324757 0.530416
v 0.051249 6.766960 0.511211
v 0.451419 6.926337 0.319930
v 1.130593 7.630057 0.573017
v 0.741511 8.399731 0.411823
v 0.086119 8.235068 0.404431
v 0.087785 6.211029 0.646937
v -2.656464 6.554366 -1.999740
v -2.269557 6.192546 -3.790379
v 0.631331 6.636535 0.341399
v -2.841257 5.763776 -2.575745
v -0.453791 6.669045 0.311983
v 0.433488 7.122872 0.797094
v -0.183501 7.824597 0.470132
v 0.441310 7.822940 0.560980
v -2.944767 6.316843 -2.573759
v -2.442418 8.126472 -1.447614
v -0.395843 8.291708 0.299594
v -2.826122 7.498878 -1.814869
v -1.252470 7.816976 0.326162
v -1.739469 7.975067 0.045057
v -2.863139 7.896091 -2.905357
v -0.232454 5.476771 0.552776
v -1.932646 7.509274 0.561456
v -2.880816 8.411915 -2.301194
v 1.254528 8.068020 0.481928
v -2.296082 5.839827 0.720069
v -1.074415 7.187095 1.186484
v -1.011359 7.507096 0.342338
v -2.747561 7.079473 -2.458094
v -2.246267 8.099373 -0.900957
v -2.082959 8.144751 -0.275877
v -0.628445 7.495438 0.421114
v -2.414841 7.772872 0.039915
v -2.443101 7.482241 -0.447844
v -2.821686 6.208897 0.202802
v -2.858758 7.618355 -2.936842
v -2.380424 7.199943 0.677396
v -2.709174 8.006894 -1.975306
v -2.712142 7.654115 -0.875536
v -2.778423 7.264021 0.259786
v -3.090733 7.214062 -0.383335
v -2.242960 8.545354 -3.882504
v 4.368200 5.214540 -1.965609
v 3.717849 5.759817 -2.575336
v 4.227745 5.414293 -1.749521
v 3.619064 5.780515 -3.064415
v 4.272269 5.166562 -2.815906
v 3.422443 8.288850 -3.210442
v 4.693663 6.422925 -0.229615
v 5.296613 5.605371 0.427984
v 4.129649 5.499878 -1.278049
v 4.839894 6.963167 0.114447
v 5.053774 6.835068 0.431480
v 4.895485 6.242270 0.371701
v 4.981160 7.623919 0.809452
v 4.650874 7.057847 -0.350603
v 3.563988 6.176613 -2.922815
v 4.152278 5.865609 -0.094699
v 4.815281 5.699205 0.489529
v 4.459513 5.867680 0.308929
v 3.401546 6.574801 -3.325330
v 3.497498 6.036016 -3.315902
v 4.692813 7.640667 -0.069315
v 3.989560 5.580209 -0.781251
v 4.437180 6.776413 -0.489929
v 3.533782 6.784474 -2.827074
v 3.559352 6.224795 -2.444364
v 3.345927 7.145253 -3.062574
v 3.502511 6.415435 -2.224460
v 3.537138 6.795489 -2.335216
v 3.595183 5.977443 -2.063088
v 4.354387 7.761804 -0.368672
v 4.116343 5.123647 -0.687725
v 3.553147 7.973805 -1.959843
v 4.943691 7.371009 0.369479
v 3.358304 7.853170 -2.516938
v 3.944961 7.147285 -0.865541
v 3.501250 6.402118 -1.781407
v 3.715066 5.548208 -0.518713
v 4.662614 7.868339 0.519511
v 3.524246 7.514117 -2.334332
v 4.160484 7.509101 -0.741323
v 3.883525 6.364969 -0.469999
v 3.638970 5.881951 -1.416738
v 3.590466 6.720631 -0.667920
v 3.512567 6.227750 -1.165400
v 3.534753 7.129140 -2.053769
v 3.493496 8.454892 -1.986853
v 3.880303 5.469262 0.281949
v 3.419437 7.279239 -1.625745
v 3.206652 7.923857 -1.660249
v 4.241392 8.141744 0.877190
v 3.508376 6.518889 -1.468465
v 3.449984 8.184958 0.358252
v 3.392522 7.874262 -0.866432
v 3.342343 7.019284 -0.879665
v 3.207183 7.352175 -1.268551
v 3.171816 6.205909 -0.207164
v 3.419546 8.252891 -2.784225
v 4.015463 8.261019 0.456206
v 3.776573 8.053834 -0.751149
v 3.642439 5.236701 -0.117674
v 3.273854 5.617803 0.378722
v 3.745580 8.291242 -0.105875
v 2.716468 8.903153 -2.469114
v 2.875085 8.646626 -1.792134
v 2.542711 8.719707 -3.299437
v 3.523353 5.809541 -0.176325
v 2.903094 8.752739 -0.904892
v 2.738127 8.583937 -1.087113
v 2.779203 6.003535 0.451366
v 3.789824 8.062020 1.463907
v 2.994286 9.067051 -0.984967
v 3.138958 8.368053 -0.023047
v 2.881748 8.083974 -1.167608
v 3.140263 6.532784 -0.614721
v 1.983663 7.361644 0.224749
v 2.779065 5.639344 0.260822
v 3.108131 7.564213 -1.044182
v 3.418801 8.441052 0.677354
v 2.702750 8.423789 -0.041155
v 2.576546 8.583013 -0.597321
v 2.020817 6.043663 0.266932
v 2.249675 7.632379 0.507070
v 1.983555 6.494075 -0.058942
v 2.358040 8.988330 -0.707696
v 2.261017 8.632913 -0.058228
v 2.379876 6.780459 -0.111979
v 1.202320 5.616644 0.518018
v 2.351517 6.531556 0.575797
v 1.562539 6.010207 0.412870
v 1.535236 6.893933 -0.073712
v 3.250310 5.548474 0.873061
v 1.577981 8.554550 0.263126
v -4.587344 6.899677 -4.443654
v 2.125701 5.411054 0.403387
v 1.391304 7.327302 0.146051
v 3.405340 6.830861 -1.410470
v -3.892390 7.661262 -3.337790
v -4.873158 6.169047 -3.329175
v 2.147736 8.161860 0.211630
v 1.212753 6.444410 0.306587
v -3.806483 7.720074 -4.218679
v -3.058312 5.343258 -4.379014
v -4.125643 7.396996 -3.999390
v -5.581825 5.637933 -3.840962
v -5.503865 5.280292 -3.225764
v -5.244887 6.435092 -4.152946
v -3.340285 7.953115 -4.384555
v -3.184424 7.578180 -4.018056
v 8.062162 8.562446 5.889180
v 2.639310 9.170938 -2.747879
v 2.362784 9.744390 -2.551235
v 2.324036 9.659282 -2.027804
v 2.594941 9.591989 -1.558889
v -0.491729 6.347156 1.528495
v -0.470394 6.202302 0.911686
v 1.765873 8.991139 -0.185913
v 5.551632 9.495394 -2.358042
v -1.073863 6.300018 1.567687
v -1.239263 5.225325 1.943950
v -0.682560 6.841078 1.375547
v -0.242939 5.905581 0.807441
v 0.656300 5.928251 0.605797
v -1.304184 6.757346 1.334474
v -1.771980 5.660294 1.408598
v -0.556588 5.731126 1.774915
v -1.190291 5.881432 1.732155
v -2.261089 6.862775 0.944891
v -2.698132 5.449644 0.836333
v 4.929897 5.518909 0.956215
v 4.713151 5.135812 1.597717
v 3.989096 5.412969 1.762469
v -1.724540 6.181915 1.054631
v 5.186838 7.723177 1.055208
v 3.949657 5.859906 3.023433
v 4.107784 5.375310 0.647934
v 3.869860 5.716695 2.221608
v 4.526417 6.176120 3.746220
v 4.626926 5.782520 3.502505
v 3.278369 5.926595 1.559931
v -1.399951 7.442988 0.976066
v 4.379130 6.518271 4.350771
v 4.971735 6.114641 4.202787
v 4.085519 5.304407 2.776803
v 4.652268 8.011716 1.567323
v 3.841354 5.532408 1.278044
v 5.021113 8.701184 3.835227
v 5.185068 8.476689 2.451663
v 5.250936 5.488116 3.753479
v 4.697775 7.488269 4.358078
v 4.245388 6.741918 3.935294
v 4.780378 8.725904 2.934974
v 3.686607 7.554928 2.376157
v 3.867453 8.008055 3.172552
v 4.381145 8.250730 4.070869
v 3.314460 6.529837 1.932984
v 3.395563 7.801188 1.784887
v 3.259671 6.981011 2.032595
v 3.916759 8.174436 3.772912
v 3.781299 7.398120 3.346253
v 3.540650 6.124865 2.679043
v 3.479856 6.131373 2.035795
v 4.109794 7.332977 4.004188
v 3.972156 7.747715 3.517706
v 2.988058 8.198964 1.215335
v 2.799986 8.454799 0.527124
v 3.859632 6.408316 3.192647
v 2.877499 6.639941 1.520486
v 2.546865 6.551427 1.052412
v 3.977905 6.998415 3.597956
v 2.230657 7.090964 0.688614
v 3.136279 7.475968 1.715745
v 3.449286 6.970735 2.908195
v 4.154725 8.420951 2.343854
v 2.372204 7.901038 0.831005
v 2.744106 7.156610 1.563743
v 2.689301 7.691476 1.335991
v -2.306986 9.333308 -3.903863
v 5.364769 7.361032 5.343818
v 5.168625 8.528174 4.880620
v 8.520017 8.579726 5.724463
v 5.909461 8.126796 5.110465
v 5.546206 7.430870 5.324986
v 2.983746 6.761020 -3.654119
v 3.100585 7.258496 -3.522811
v 2.922079 6.420180 -4.051865
v 2.754341 6.869907 -4.081358
v 3.248477 4.896336 -4.667272
v 3.002358 5.777139 -4.235822
v 3.313834 6.157221 -3.816717
v 3.387520 5.738991 -3.737708
v 3.542288 7.525818 -3.377275
v 2.521972 9.102988 -3.235269
v 3.320784 5.423443 -4.157825
v 3.668978 4.956078 -4.158545
v 3.872081 5.400932 -3.413423
v 5.527554 7.198030 4.689633
v 5.940014 8.607812 5.418951
v 8.790705 8.267091 5.850438
v 5.903802 8.084867 6.094668
v 4.903290 5.187634 5.428337
v 5.618485 7.104215 6.000425
v 4.997289 5.422500 5.971829
v 5.220313 7.942374 5.384832
v 5.230844 7.901277 4.884930
v 5.860890 7.403905 6.158429
v 5.610112 7.003114 5.591087
v 5.564594 7.616780 5.728205
v 5.757637 6.959718 5.076008
v 5.798452 5.790485 6.007308
v 5.596549 5.909273 5.498043
v 5.218216 6.230336 5.102980
v 6.207914 8.181617 5.975923
v 5.867907 6.531999 6.408480
v 6.326224 8.510262 5.347730
v 6.206409 6.154845 6.644754
v 5.579321 6.377929 5.551125
v 5.133861 5.666172 5.186069
v 5.558135 5.438222 5.730997
v 5.763320 6.357488 5.631015
v 5.837302 6.360335 5.391921
v 5.958076 5.631433 6.031003
v 5.859715 6.266206 6.103230
v 6.794260 8.322377 6.942501
v 6.365517 6.509290 7.250793
v 6.541931 7.074481 7.379547
v 6.395250 7.669948 6.889806
v 6.502598 7.243890 6.861392
v 6.166760 6.144534 7.139186
v 6.124853 7.655689 6.376414
v 6.315076 6.755813 6.731812
v 6.546532 5.082150 6.655627
v 6.289044 5.141295 6.766782
v 6.044828 5.856825 5.060486
v 5.975278 5.538324 5.446203
v 6.401424 8.758058 4.961401
v 6.812632 7.795186 6.856930
v 6.649673 8.094342 6.632977
v 6.335758 5.611840 6.424660
v 6.445240 8.525521 6.159079
v 6.338915 5.673615 6.983263
v 7.336062 8.371492 7.060480
v 7.128589 7.986660 7.302764
v 7.076817 8.482139 5.578831
v 6.958611 7.532226 7.294487
v 7.613507 8.927253 6.186944
v 7.608695 8.757642 6.962968
v 9.402418 7.049483 4.808045
v 9.138550 7.155393 4.409062
v 8.288916 8.741588 6.296569
v 9.556089 6.232114 4.434882
v 9.441159 6.310349 4.041724
v 9.607639 6.536578 4.357187
v 8.855855 5.528409 3.281987
v 9.722847 5.234383 3.646261
v 9.659165 5.737771 3.906754
v 9.618113 5.450943 4.048472
v 7.800512 8.646145 6.696337
v 4.942312 7.802547 4.909438
v 7.959895 8.960011 6.504393
v -2.466640 5.762447 -3.405292
v -3.003737 7.785182 -3.667461
v -2.453247 8.309400 -3.216847
v -1.500306 5.439551 -4.174443
v -2.522360 5.717838 -4.252792
v -1.906950 5.677643 -3.917230
v -2.430212 6.320506 -4.744187
v -1.567156 5.980153 -4.036766
v -1.136327 5.959634 -4.573115
v -1.032283 5.579359 -4.523111
v -1.245840 5.203032 -4.487717
v 5.111338 6.884712 5.234637
v -1.079747 6.553441 -4.474243
v -1.806000 6.666998 -4.132173
v -2.122414 8.264063 -4.454278
v -2.648474 5.238787 -3.521216
v -3.853849 5.444908 -2.614556
v -3.302596 6.897397 -2.728083
v -3.854405 7.223487 -2.820883
v -4.259531 5.442195 -2.577535
v -3.499990 7.435264 -3.301593
v -3.416799 5.339980 -1.218516
v -3.480402 4.917229 -1.266584
v -3.202429 6.211266 -1.686105
v -4.226651 6.294208 -2.595837
v -4.290679 7.079831 -3.463624
v -4.300399 6.984128 -3.110291
v -3.888340 5.853256 -2.302591
v -3.563725 6.164298 -2.131037
v -3.646641 6.057034 -1.043632
v -2.940203 6.938438 -1.476216
v -3.233893 6.523189 -1.117625
v -4.826440 6.585706 -3.529307
v -3.070423 7.080169 -0.972051
v -3.644862 5.676326 -1.418775
v -3.523702 5.894515 -0.092350
v -3.564881 6.512910 -0.539351
v -3.862184 5.386145 -0.060032
v -4.129180 5.423326 -0.790905
v -4.835512 5.781402 -3.198375
v -3.033716 6.701760 0.007446
v 9.200808 7.688119 5.184314
v 9.088980 7.519652 5.205363
v 8.793158 8.232417 5.309494
v 8.834782 7.863451 5.515309
v 8.796013 7.809360 4.824866
v 8.355911 8.441350 6.193733
v 4.976221 5.194025 4.387609
v 5.461493 4.985601 4.894802
v 5.832280 5.206613 3.717663
v 5.914314 5.157879 3.252868
v 5.285454 5.049712 2.050229
v 2.801324 5.270641 -4.678211
v -3.706279 5.045588 -1.474906
v -6.148169 5.112326 -3.757783
v -3.041672 5.002981 -2.888853
v 2.786856 5.065148 0.817705
v 7.164354 5.237209 2.391276
v 6.172331 0.626115 -9.138021
v 5.473172 0.056030 -9.114872
v 5.987906 0.132183 -8.712674
v 5.790586 0.715689 -9.299850
v 1.306951 2.740606 -12.150362
v 3.336869 2.108403 -10.035789
v 3.292574 1.976241 -9.491675
v 3.229773 2.655096 -9.553733
v 4.069431 1.988881 -9.151910
v 2.443554 1.986488 -10.732553
v 2.969354 2.586057 -10.176906
v 1.574323 2.205474 -11.508066
v 1.626031 3.085529 -11.931379
v 1.234921 2.420211 -11.688837
v 0.794478 1.709568 -11.041253
v 1.485027 1.713035 -9.663430
v 1.024062 2.492720 -9.518596
v 0.327195 2.141944 -9.030153
v 2.868298 2.569110 -10.846769
v 0.646398 2.753762 -8.964985
v 1.301094 2.596457 -10.185548
v 2.688100 2.482958 -11.559095
v 2.552633 2.644363 -11.389630
v 3.245879 2.147282 -10.588232
v 2.559309 1.594804 -11.764444
v 2.627392 1.706376 -11.300702
v 2.043344 0.453772 -10.537040
v 2.235880 2.609556 -10.887265
v 1.272992 1.994317 -10.703601
v 2.115250 2.869840 -12.158850
v 2.833472 2.885435 -9.598669
v 1.606376 2.441913 -10.516316
v 4.737544 1.257063 -9.284495
v 5.113816 0.412439 -9.335778
v 5.066531 0.276164 -9.712559
v 5.149871 1.012268 -8.929817
v 3.312541 1.696289 -11.603521
v 3.018414 1.246423 -9.789258
v 3.310996 1.502042 -10.373466
v 0.946218 2.006970 -11.242898
v 0.575749 1.311561 -11.400454
v 2.743023 1.938299 -11.396035
v 1.188774 0.240400 -9.853188
v 4.746996 0.923816 -8.992261
v 2.464121 2.225559 -11.832647
v 1.608255 0.986982 -9.629186
v 3.156159 0.693786 -9.682851
v 0.977509 1.267062 -9.837575
v 2.879971 1.309096 -11.529406
v 3.347562 1.088242 -11.260538
v 2.433089 1.473101 -10.084067
v 2.777979 0.864884 -11.093659
v 1.855449 1.806972 -10.051672
v 0.787393 2.001513 -10.060029
v 2.375087 0.941707 -10.804111
v 3.227553 0.211560 -9.854445
v 4.103071 1.213376 -9.501751
v 3.096378 2.170498 -11.185874
v 0.772072 1.488352 -10.586288
v 2.759885 1.197125 -10.138821
v 2.114164 0.151144 -9.638692
v 2.793896 1.255884 -10.682774
v 0.650738 0.695007 -9.460465
v 4.104676 1.557171 -9.415765
v 3.399453 0.466894 -9.518321
v 3.320120 1.623930 -10.989118
v 0.673019 0.393593 -9.330560
v 0.702427 2.175189 -9.307677
v 4.241976 0.132789 -9.657139
v 2.589871 0.555808 -10.633848
v 2.755604 1.036437 -10.135218
v 3.638166 1.209167 -9.527092
v 2.591341 0.210077 -9.847921
v 2.452570 0.512893 -10.138400
v 4.064653 0.745401 -9.885340
v 0.176913 1.464045 -9.817302
v 3.653182 0.207386 -9.690822
v 2.434243 0.896500 -9.668550
v 2.128814 1.116176 -10.025215
v 0.791823 0.982952 -9.504474
v 2.851341 1.932677 -10.454711
v 2.549499 0.923658 -10.264063
v 2.934541 1.815291 -9.974507
v 1.823401 0.498925 -9.626328
v 2.081445 0.135545 -10.369280
v 4.258183 0.445747 -9.637292
v 5.633583 0.392543 -9.384250
v 4.507131 0.514267 -9.177974
v 1.767362 2.507363 -11.211662
v 2.947336 1.000735 -10.922235
v 1.018341 0.680193 -9.768334
v 1.990351 2.477855 -11.711842
v 0.778127 1.932995 -10.792577
v -4.406983 1.320435 -8.860498
v -2.731006 1.083754 -9.210920
v -3.660009 1.306821 -9.488029
v -4.429651 0.797705 -9.079521
v -0.239471 1.710772 -11.692923
v -0.092732 1.145327 -11.941088
v 0.195817 1.588205 -11.077535
v -0.739820 1.167332 -11.529293
v 0.004287 1.420245 -10.678625
v -0.657520 1.207905 -10.663116
v 0.053779 1.228935 -10.580818
v -0.104797 1.124461 -11.252071
v -1.311851 0.816149 -11.325527
v -0.190521 2.124172 -11.550358
v -1.567205 1.304989 -11.056852
v -0.751538 0.889826 -10.259057
v -0.224583 1.308059 -9.364816
v 0.404846 1.836309 -11.151956
v -0.520702 0.414047 -9.764433
v 0.137606 1.639733 -9.056711
v -0.379240 1.219957 -9.985850
v -0.887365 1.136859 -9.581335
v -1.875109 0.843053 -10.864074
v -3.050763 0.421664 -10.267207
v -1.306371 1.137634 -10.239470
v -2.962100 1.047891 -10.428678
v -2.347802 0.703215 -10.916982
v -1.706823 1.116039 -9.927492
v -3.124877 0.791809 -9.897831
v -1.474515 0.365118 -10.342355
v -2.590433 0.524644 -10.274167
v 0.081410 1.436812 -11.050976
v -1.704955 0.412860 -11.150531
v -2.204655 0.937936 -10.640664
v -0.731930 0.606564 -10.854042
v -3.854667 0.672307 -9.327134
v -2.515474 1.138418 -10.203643
v -4.135888 1.039141 -9.388631
v -3.561061 0.681098 -9.729347
v -2.406416 0.834356 -8.988777
v -2.495358 1.062382 -9.537728
v -5.180737 2.824682 -9.291261
v -5.630628 2.715210 -9.486799
v 6.614352 1.095770 -5.124905
v 6.047203 2.026944 -5.881380
v 6.996687 0.336048 -5.884930
v 6.358725 2.024678 -5.410026
v 6.133657 1.445547 -5.740791
v 6.321592 0.919237 -5.969109
v 5.860074 1.204569 -6.234319
v 7.222349 2.743961 -4.018067
v 8.064398 1.355435 -3.819172
v 8.085661 1.451300 -4.337229
v 6.631958 0.591923 -6.576160
v 6.639204 2.230374 -5.033330
v 6.689211 0.710230 -5.589211
v 7.003654 0.707076 -5.034363
v 7.784451 0.331132 -4.633364
v 8.239955 0.469920 -5.355802
v 8.019166 1.669146 -3.735910
v 8.018663 0.392661 -6.036969
v 7.627088 0.777042 -3.791950
v 8.448387 1.122767 -3.903513
v 8.587328 0.278914 -4.512323
v 8.148386 1.002541 -4.267121
v 7.824471 1.008336 -4.197871
v 8.343863 0.257475 -3.528689
v 8.124855 0.570758 -4.255943
v 8.868475 0.618805 -4.028016
v 7.486724 0.743430 -4.658679
v 8.105484 0.626668 -3.772074
v 8.381789 1.280048 -4.633782
v 7.044273 2.072713 -4.228839
v 6.930348 1.466609 -4.284369
v 6.153851 2.606362 -5.680319
v 6.360698 0.344557 -8.647659
v 6.086029 0.406510 -8.219545
v 5.964771 0.446082 -7.684600
v 6.112644 0.662209 -7.520960
v 7.611172 1.056783 -4.292241
v 7.094762 0.281335 -7.093744
v 6.287777 0.749853 -7.164119
v 7.208979 1.121229 -4.237698
v 6.735761 0.108247 -8.049792
v 6.506212 1.494838 -5.090306
v 7.287649 0.454534 -5.097157
v 7.393862 1.563003 -3.566169
v 6.484208 0.359803 -7.432117
v 7.009057 0.285928 -6.388436
v 6.943548 0.601836 -7.195364
v 8.772416 0.930969 -4.278680
v 7.310645 0.276001 -6.640338
v 7.314979 0.594483 -5.772526
v 7.174059 0.133496 -7.506408
v 7.982046 0.732345 -5.634857
v 7.905852 0.229250 -6.330769
v 8.120613 0.134225 -4.057015
v 3.134836 2.639925 -8.419870
v 2.892036 2.939091 -7.765702
v 4.332822 2.211961 -8.403721
v 4.251514 2.953048 -7.867704
v 3.981345 2.590317 -8.614553
v 3.335061 2.448330 -9.105495
v 3.595876 3.040859 -7.911512
v 4.650264 2.583723 -7.502053
v 5.114375 2.124612 -6.999739
v 5.376239 1.553959 -6.886957
v 4.963854 1.837261 -7.446300
v 0.180430 2.515565 -8.628412
v 5.498373 2.606818 -6.493968
v 5.669959 1.943909 -6.352196
v 5.205354 1.180403 -8.603336
v 5.538328 0.848306 -8.343647
v 4.744580 1.913187 -7.878817
v 4.760224 1.623485 -8.258507
v 5.561776 1.010350 -8.053576
v 4.688725 1.562171 -8.835887
v 5.301555 1.309023 -7.461529
v -4.876388 2.527691 -6.133080
v -4.391592 2.945113 -6.618357
v -4.604557 2.483984 -7.696511
v -1.352894 2.484569 -7.260083
v -1.112524 2.334882 -7.544227
v -4.289448 1.908181 -5.797490
v -1.836585 2.140941 -6.679757
v -4.209475 1.629612 -8.456676
v -4.702818 1.300723 -5.371415
v -3.699165 1.656476 -6.652484
v -0.546613 2.760898 -7.738956
v -4.358845 1.751995 -5.008595
v -4.807032 2.658260 -3.639622
v -4.840070 2.045501 -8.761626
v -3.876012 1.472564 -6.167887
v -3.401308 0.118833 -5.900160
v -4.068327 1.354127 -7.737191
v -3.538903 1.990644 -4.653906
v -1.211114 1.697982 -7.462119
v -5.123187 2.417522 -5.242114
v -1.518294 2.062907 -7.225427
v -1.821270 2.657634 -6.671599
v -1.380082 2.642734 -6.811904
v -4.558033 2.616307 -5.001346
v -5.460082 3.153289 -8.742096
v -4.369705 2.357302 -5.818112
v -3.986182 1.211312 -5.166492
v -2.634358 2.200338 -5.776058
v -1.513327 1.034139 -7.201109
v -4.406592 2.275249 -8.451799
v -4.210535 2.734523 -3.474138
v -3.638405 1.031131 -7.499310
v -4.024314 2.670918 -5.088684
v -3.841273 1.489723 -4.814734
v -2.875723 0.850572 -5.546441
v -4.863159 2.236275 -9.138258
v -3.580516 -0.055014 -6.495209
v -4.462981 3.029670 -5.302458
v -4.620217 2.122470 -5.118564
v -3.035730 0.151360 -7.077367
v -2.219122 0.623406 -6.654637
v -2.621676 0.752270 -6.348138
v -3.745722 2.047814 -5.602898
v -4.034725 1.477302 -3.906059
v -3.962625 1.787803 -7.672161
v -4.188594 2.102406 -6.907505
v -5.247734 2.800148 -3.952554
v -5.032185 1.153923 -6.333070
v -4.829960 2.490632 -8.576475
v -3.646183 0.932306 -4.646708
v -4.396925 1.995306 -8.134230
v -3.276274 0.767343 -5.270031
v -4.574310 0.660782 -8.311056
v -4.259090 1.360546 -8.069416
v -3.979125 -0.142633 -5.269297
v -4.148900 0.509519 -3.249018
v -5.073532 0.326856 -7.770823
v -4.239866 0.315013 -7.661717
v -2.349897 1.471458 -6.150815
v -2.883092 1.517684 -5.630887
v -3.797480 -0.213578 -7.499341
v -4.169763 -0.410343 -6.897742
v -4.522331 0.810122 -6.960478
v -3.931823 0.883957 -7.109889
v -3.542619 0.556354 -6.178459
v -5.160324 0.557379 -8.189776
v -4.480081 -0.086201 -7.102834
v -4.137999 0.396819 -7.191152
v -4.855794 2.156107 -6.768229
v -0.072593 2.012642 -8.478929
v -4.663781 0.879354 -8.041138
v -4.405155 -0.486850 -6.189250
v -4.744740 2.660204 -6.694594
v -3.713453 1.029451 -6.518302
v -3.611168 0.868676 -5.432464
v -4.209271 0.554841 -7.994123
v -4.933852 -0.316475 -6.426053
v -4.517540 0.403650 -6.495835
v -4.499773 0.385056 -7.337605
v -3.899396 0.651066 -8.780830
v -3.438806 0.597351 -6.717525
v -4.845911 0.269188 -6.970586
v -5.453794 0.392716 -6.959611
v -0.231543 2.705271 -8.221717
v -4.502686 0.978049 -7.477460
v -3.938643 0.517064 -6.167104
v -0.499425 2.080952 -7.944033
v -0.903997 2.763462 -7.410015
v -4.859218 -0.010722 -6.537733
v -0.344490 1.388117 -8.608060
v -0.979373 1.058118 -7.992093
v -2.922309 0.512147 -5.980682
v -3.742249 0.740377 -8.428522
v -1.784284 0.871347 -8.410931
v -4.028846 2.033294 -4.168132
v -3.074990 0.148683 -8.151996
v -1.581222 0.756139 -8.667973
v -2.445156 0.382744 -8.077234
v -4.576789 0.782021 -6.396923
v -4.178892 -0.093387 -5.997633
v -3.850161 0.095440 -6.988492
v -3.212901 0.456788 -8.733475
v -4.644523 0.921677 -6.057775
v -1.746249 1.438039 -6.882935
v -3.623870 0.389755 -8.250326
v -2.188883 0.531826 -7.317887
v -3.471894 2.683336 -4.098507
v -5.088644 0.614560 -5.185589
v -3.167914 0.356594 -7.790478
v -3.754349 1.090075 -8.670911
v -2.714716 0.187756 -6.594172
v -1.577085 0.768927 -7.730563
v -3.583431 0.235756 -6.284517
v -3.635020 1.271319 -4.664158
v -3.832900 0.436951 -5.147459
v -4.734885 1.347700 -5.014894
v -4.749760 -0.046581 -5.071542
v -3.723279 1.090279 -5.103628
v -4.450739 0.711833 -5.112039
v -4.333981 0.117634 -3.869578
v -1.376086 0.934107 -8.376349
v -4.733982 2.068008 -4.109964
v -3.973386 1.008064 -3.748083
v -4.417839 -0.031770 -4.713786
v -4.098413 0.706976 -3.903074
v -3.761553 0.252671 -4.537868
v -4.234973 1.874456 -7.499085
v -3.886001 1.390679 -7.040372
v -4.978316 0.667985 -7.112824
v -5.017314 2.484854 -7.442840
v -2.286700 2.805947 -5.905060
v -2.724437 2.795163 -5.155988
v -2.740968 3.036312 -4.542632
v -3.629456 1.427865 -5.243222
v -3.322628 0.708237 -5.856427
v -3.348752 1.464263 -5.252438
v -3.768756 2.458025 -4.582091
v -2.220315 0.948668 -6.283283
v -2.270982 2.317198 -6.192957
v -3.229307 2.425646 -4.916605
v -4.539976 2.511741 -5.561883
v -5.666615 2.091551 -4.757395
v -6.735668 1.463487 -6.800590
v -7.462753 2.120456 -5.737690
v -6.952905 2.474998 -5.232563
v -6.028240 1.779887 -5.587118
v -6.351316 2.240698 -4.908081
v -5.205608 1.751596 -4.610353
v -5.394518 1.581597 -5.997419
v -5.355466 2.152432 -5.434014
v -5.713764 1.512904 -5.584122
v -5.447634 2.226497 -4.431594
v -6.321345 2.169118 -4.798612
v -8.822397 2.832995 -6.091788
v -5.969910 2.433218 -4.524227
v -6.795146 2.201162 -5.350737
v -6.222912 1.210416 -6.693103
v -5.162788 3.006287 -7.775638
v -6.109356 1.652520 -6.431145
v -5.364360 2.414346 -4.744457
v -6.374212 1.813674 -5.683938
v -8.308683 2.304332 -6.186837
v -5.224494 1.085715 -7.503663
v -5.630759 1.367888 -5.171426
v -6.007598 1.224204 -5.793083
v -8.272051 2.413914 -5.811103
v -6.437883 1.807890 -5.985456
v -9.061899 2.714319 -6.609064
v -4.971234 0.724697 -7.715959
v -7.781206 2.084493 -5.708020
v -6.862477 1.803802 -5.745331
v -6.742074 1.256066 -6.629328
v -6.162961 0.067856 -6.878928
v -7.213998 1.676222 -6.170264
v -7.339151 2.337258 -5.293096
v -5.807486 0.696415 -6.462647
v -5.988692 0.197949 -7.017427
v -6.176246 0.635597 -6.148588
v -8.813578 2.074245 -6.456199
v -7.911590 2.915095 -5.482570
v -5.142155 0.417628 -6.106487
v -7.822527 1.936597 -6.286333
v -6.740505 0.471963 -5.549121
v -6.703113 -0.159447 -5.570452
v -7.541502 0.288086 -3.963120
v -6.965818 -0.010635 -4.498907
v -6.432600 -0.157044 -5.052374
v -5.884680 -0.005000 -5.283164
v -6.275497 0.110020 -4.495717
v -5.342137 -0.084375 -4.591581
v -6.140230 0.205920 -4.019919
v -6.055227 2.503988 -4.786322
v -5.116862 0.631130 -7.464295
v -7.036793 0.516454 -4.554844
v -5.312831 -0.140680 -6.745069
v -6.360680 0.149189 -5.059590
v -6.453663 0.018152 -6.184344
v -5.688045 0.480884 -5.659631
v -6.051588 0.218037 -5.857111
v -6.023129 -0.040888 -3.844308
v -5.691973 0.138163 -3.509233
v -4.987722 -0.098137 -4.058375
v -7.327373 1.630123 -6.769414
v -7.054878 1.946455 -5.985978
v -6.955660 0.136202 -5.519148
v -7.488727 1.478642 -6.575175
v -5.961287 0.468181 -6.468619
v -7.112851 -0.091700 -5.003866
v -5.510014 -0.006076 -5.676427
v -8.040489 1.647128 -6.730127
v -8.367418 1.719663 -6.355791
v -7.103814 1.863361 -6.532979
v 8.826500 1.356126 -0.448438
v 8.876136 1.401621 0.906800
v 9.302395 2.213272 -1.338604
v 6.285333 1.865766 -1.758526
v 8.146231 1.506622 -3.321554
v 5.877008 2.158491 -1.970200
v 6.096847 1.608140 -1.149588
v 6.112004 1.397734 -0.391035
v 5.805376 1.882582 -0.970535
v 7.486462 2.115373 -3.332507
v 6.370728 2.171496 -2.280031
v 5.993937 1.541646 1.568030
v 5.619792 2.067708 0.016024
v 5.860111 1.548869 0.711341
v 8.636517 2.032332 -2.350264
v 8.709652 2.044007 -1.797964
v 8.665087 1.556522 -2.843680
v 7.786758 1.901917 -3.060161
v 5.924663 2.549614 -2.664073
v 8.345534 2.043465 -2.960851
v 5.969410 1.424371 1.031458
v 8.344653 1.373141 -1.409724
v 8.276115 2.532279 -2.614998
v 9.423416 1.713053 -0.234551
v 9.101580 2.152531 -0.253154
v 8.416014 1.769607 -0.793470
v 9.172991 2.689924 -1.442506
v 8.993876 2.549422 -2.007768
v 9.014471 1.857284 0.143699
v 8.780054 2.440783 -2.577914
v 8.480240 2.802643 -2.068835
v 9.232152 1.552219 -0.535884
v 8.418669 2.726240 -1.663748
v 8.989675 1.726992 -1.869148
v 8.647161 1.135309 -2.210101
v 8.165222 0.944360 -1.294562
v 7.748848 2.738780 -2.538800
v 8.479431 1.590925 -1.189655
v 8.714983 1.612349 -0.811491
v 7.417622 0.836630 -1.264048
v 7.505071 1.901486 -1.643287
v 7.992455 0.915314 0.640965
v 7.598720 1.520066 -1.362535
v 7.859489 1.197235 -0.546980
v 7.063185 1.380854 -0.972557
v 8.719889 2.008200 -1.237957
v 7.160538 0.528006 -0.584174
v 8.803968 1.411760 0.339910
v 8.989109 1.598580 -2.362267
v 8.222980 1.144002 -3.216506
v 8.268497 0.672536 -3.156592
v 8.042069 2.071741 -1.793984
v 7.900109 0.194058 -2.870351
v 5.644053 2.099718 -0.570125
v 7.200150 0.050577 -2.715143
v 8.677987 0.931122 0.505578
v 7.704064 0.543204 -0.150746
v 7.244650 0.583242 1.265993
v 8.040862 1.343990 0.009192
v 8.179725 0.773769 0.300555
v 8.110703 0.583039 1.567785
v 9.067245 1.187156 0.736132
v 7.093598 0.936155 -0.148955
v 8.856230 0.707695 1.031625
v 7.617697 0.572797 1.344569
v 8.019382 0.798924 -0.648416
v 8.345701 1.067826 -0.803295
v 7.203005 0.809045 0.527395
v 8.470150 1.151852 -0.223969
v 8.317478 1.396476 -0.215817
v 6.174457 1.047098 1.323798
v 6.698005 0.833493 0.476698
v 7.183704 0.218429 0.464027
v 7.409509 0.294228 1.258050
v 7.692919 1.127168 -0.923151
v 7.407096 1.090963 -0.693538
v 7.330085 2.888399 -3.012459
v 6.507784 0.881929 0.968638
v 6.503436 2.691112 -3.292725
v 5.451103 2.584305 -2.092156
v 7.037406 2.552984 -2.478271
v 6.253123 0.868013 1.762337
v 8.503853 1.027761 1.467452
v 7.061760 0.638490 1.890663
v 5.679813 1.912285 1.265710
v 5.886476 1.637492 0.021676
v 5.348249 3.092239 -0.745543
v 5.342834 2.749627 -1.223386
v 5.515104 2.366677 -1.558178
v 5.168676 2.939726 -1.613259
v 5.520973 2.449784 0.662774
v 5.516787 2.412867 -0.927770
v 5.606213 2.417065 -0.207193
v 5.531315 2.562256 0.145588
v 5.462414 2.522584 1.187403
v 5.497544 2.482020 1.844163
v 5.516830 2.182134 1.510120
v 5.308830 2.821743 0.737100
v 5.339058 2.890019 1.397293
v 5.621562 2.162011 0.999307
v 5.601894 2.949040 -2.918602
v 0.523036 -0.154751 -0.645006
v 0.956036 -0.317315 -1.152647
v 1.233319 -0.360620 -0.966349
v 0.720180 -0.252060 -0.592008
v 1.247635 -0.279872 -1.377885
v 1.577226 -0.095649 -1.029307
v 5.652377 2.073313 0.419705
v 2.356712 -0.096690 1.402411
v 2.095513 0.204309 1.034427
v 1.243263 -0.328762 -1.132455
v 1.257581 -0.169953 -1.506849
v 1.711245 -0.063517 0.288581
v 0.796130 -0.334838 -1.791331
v 0.995363 -0.414006 -1.626393
v 1.065324 -0.384896 -1.491776
v 0.962075 -0.317068 -0.619838
v 0.529034 -0.195476 -1.519082
v 1.345352 -0.314027 -1.107779
v -4.553582 0.262881 -3.170913
v -5.119424 2.434143 0.043481
v -5.533776 1.049703 1.673489
v -1.816166 -0.341757 1.564906
v -1.524438 2.687712 1.687526
v -0.105842 0.638924 1.626143
v -0.589513 0.280769 0.988476
v -1.140174 1.020011 1.970536
v -0.958800 0.606803 1.557387
v -1.416231 -0.050810 1.460019
v -0.651453 0.052592 0.178975
v -0.794582 0.345108 0.777744
v -1.840786 2.909495 1.054773
v -0.342281 -0.023319 0.420816
v 0.661596 0.139768 0.391439
v -4.487521 2.803995 -2.328081
v -4.361884 2.490770 -2.917948
v -4.655460 2.324843 -1.954131
v -4.743397 2.342646 -0.754235
v -4.648472 1.730451 -1.569730
v -4.439293 0.629337 -0.470982
v -4.724175 1.185126 -1.690973
v -4.211028 0.621615 -0.968170
v -2.412869 2.855894 1.193428
v -4.379766 0.229926 -1.035725
v -4.410814 1.319486 -2.681974
v -5.090920 1.456908 -0.630336
v -5.041204 0.661732 -1.740696
v -3.959955 -0.253751 1.425522
v -4.309896 -0.076454 0.899414
v -4.857383 1.218289 0.918402
v -4.024173 0.011243 -0.399250
v -4.690827 0.404601 0.237155
v -5.057303 0.554040 1.801875
v -4.858440 0.726551 -2.363272
v -4.851046 1.054395 0.790024
v -4.883950 0.834604 0.142623
v -4.467723 1.774748 -2.559654
v -4.219436 1.714143 -3.393120
v -4.269045 0.977220 -3.170168
v -4.315073 0.689924 -2.691739
v -4.603831 0.250465 0.768148
v -3.495066 -0.082071 -1.030397
v -4.058695 -0.045174 0.186019
v -5.730522 2.440996 1.662188
v -5.501500 2.443801 1.081519
v -5.562171 2.019559 0.305213
v -6.425628 0.516859 -0.180616
v -6.977120 0.119261 -3.465953
v -6.780376 0.831375 -2.120722
v -6.780208 0.424225 -3.611377
v -6.059688 0.357250 -2.831679
v -7.446671 1.230116 -1.830022
v -6.685149 0.629657 -1.533438
v -7.624590 1.028442 -1.091931
v -6.419292 0.346961 -1.075067
v -7.064944 1.359623 -0.844327
v -7.616599 1.310761 -1.290139
v -6.564905 1.060084 0.918313
v -5.635730 0.968620 0.508938
v -6.410615 0.249937 -1.966563
v -7.596779 1.779945 -0.949829
v -7.038684 1.026163 -0.824471
v -6.047985 0.877425 -0.315823
v -5.413037 0.730253 -0.341539
v -5.655933 0.175451 -0.857666
v -5.437047 1.213865 -0.378992
v -6.781863 0.981075 -1.090173
v -5.925346 0.533777 -1.440492
v -6.527114 1.740806 2.125050
v -6.926707 1.189569 0.831602
v -6.707345 1.355167 1.594905
v -7.849824 0.618339 0.674378
v -6.134830 1.484394 1.241455
v -7.423993 1.034805 -2.480058
v -6.678083 0.561833 -2.295896
v -6.680478 1.165815 0.408343
v -7.348402 0.638919 -3.208992
v -6.898452 0.558613 -2.603060
v -7.215660 1.051913 -2.773098
v -7.175717 0.920517 -3.839676
v -7.105777 1.491199 -2.610612
v -7.310728 0.920287 -2.038715
v -6.306334 0.179940 -2.893056
v -6.248538 0.409786 -0.627198
v -6.872854 1.153331 -2.451038
v -7.916887 0.954710 0.527688
v -7.250437 1.065236 0.178504
v -6.707324 0.960089 0.161955
v -6.985523 1.046277 -3.317229
v -6.867319 1.059626 -0.265144
v -5.480912 0.246660 -2.577794
v -7.323661 0.909621 1.110000
v -5.907847 1.140379 0.292155
v -5.919546 1.988878 1.630097
v -5.762793 1.622210 0.514913
v -6.216770 1.155709 1.496716
v -6.231061 0.744168 0.607502
v -7.593108 1.353757 0.791964
v -7.096136 1.172070 1.615019
v -5.521717 0.809554 -1.118064
v 7.443026 0.354599 1.774745
v 7.574855 1.831382 4.310205
v 5.765081 1.686724 4.197661
v 5.917660 2.061810 4.589743
v 6.857264 1.788385 4.717925
v 6.347005 0.763532 3.418862
v 7.551424 2.071603 4.523659
v 5.938141 1.289834 4.977900
v 5.400770 2.034522 4.558617
v 5.949052 0.974013 3.594287
v 6.328405 1.724203 4.398394
v 5.955324 1.664062 4.971773
v 6.942359 2.817277 2.938833
v 6.666754 0.511867 2.516081
v 8.669675 2.834794 3.313419
v 7.249711 2.607459 3.362252
v 7.287710 2.728244 3.997877
v 7.100823 2.784339 4.398633
v 6.595963 2.062869 4.434612
v 6.701447 2.256910 4.991854
v 6.498682 2.679959 4.857670
v 7.475851 0.769918 2.411525
v 5.711300 1.609342 2.843419
v 5.837043 1.545967 2.254260
v 6.044288 1.231784 3.296628
v 7.316586 0.615016 2.951421
v 6.109672 1.077214 2.625154
v 7.723214 0.504040 2.573459
v 6.444843 1.563572 4.781218
v 6.583865 0.624806 3.737749
v 6.518826 0.761603 2.618857
v 6.255125 0.251205 3.933359
v 6.849274 0.346310 3.494700
v 7.236792 2.060715 4.188185
v 5.680328 1.451395 4.130607
v 9.017097 2.454167 3.675016
v 8.229486 2.082459 4.138874
v 6.105307 2.671118 5.612704
v 7.678568 2.380179 3.962015
v 7.576344 2.371219 3.526461
v 8.100508 2.800596 2.840326
v 8.909863 2.753608 3.140831
v 8.209087 2.272676 3.498082
v 5.699235 2.345364 4.930561
v 8.313524 2.447165 3.700188
v 8.309717 1.984868 3.695519
v 6.154616 1.969555 4.943877
v 7.955110 0.306477 2.225837
v 6.912148 0.073043 3.403979
v 6.405839 0.560657 2.983216
v 7.547072 0.114828 2.955290
v 5.856823 0.498031 3.700277
v 6.535457 2.532470 3.822247
v 5.726373 1.661191 3.183360
v 5.267933 2.217421 3.521633
v 5.112120 1.398269 4.026422
v 5.260232 1.102551 3.007476
v 5.256605 2.474039 4.540022
v 5.566217 2.509692 4.684380
v 5.846440 1.426866 3.731618
v 1.220893 1.487793 5.874751
v 2.012491 2.640500 5.659321
v 1.880746 1.720021 3.662169
v 1.581048 2.115112 3.659589
v 1.832184 1.914323 4.615776
v 2.001057 2.305635 4.174979
v 1.739889 2.361836 5.952911
v 1.494902 2.807233 5.653495
v 1.862699 2.555779 4.836626
v 5.523537 1.992043 3.920375
v 4.080148 0.235060 5.451462
v 4.500231 0.714402 5.586723
v 4.430034 1.401017 7.234545
v 4.652112 1.361396 5.390143
v 4.400239 0.616946 7.060466
v 4.667574 1.093377 6.550589
v 4.589674 1.885451 6.596334
v 4.001894 -0.020868 6.122008
v 4.188718 0.130901 6.714741
v 4.738155 1.039979 3.764264
v 4.451416 0.748094 4.262945
v 5.574114 0.881078 3.196471
v 3.231695 -0.316077 3.327471
v 4.334322 0.030317 2.071514
v 5.666737 1.989834 1.907531
v 5.680176 2.103633 2.643893
v 5.423271 2.704790 2.650320
v 4.984305 2.618554 3.775649
v 3.893101 -0.146783 3.975925
v 4.109735 0.002633 5.676559
v 3.770406 -0.005953 4.633051
v 3.355639 0.101802 3.783595
v 5.471125 0.628159 3.297814
v 2.011579 2.579600 6.611804
v 4.137228 2.791252 5.318404
v 3.906670 2.670067 6.017963
v 4.693939 1.541063 5.904219
v 4.407043 2.316015 5.895500
v 0.693354 2.887158 6.032784
v 4.609088 2.157516 5.028931
v 4.813212 2.521296 5.115204
v 0.741838 1.735155 3.875770
v 1.653759 2.157130 5.329309
v 3.467962 3.067574 5.967220
v 1.007596 1.494589 6.867306
v 1.677159 2.616985 7.001070
v 4.066723 2.625739 6.718127
v 4.131745 2.458439 7.289849
v 2.440806 2.739825 5.939671
v 5.125604 2.045243 4.723471
v 5.336140 2.658519 4.994793
v 4.809537 1.680666 4.399458
v 0.764468 2.390910 5.795856
v 4.408939 0.658286 4.734622
v 3.861410 0.263664 3.035812
v 3.322199 -0.090715 3.084487
v 4.512182 0.518386 3.604631
v 3.984220 0.427004 3.805409
v 4.793619 0.534020 2.605442
v 4.687888 1.382290 4.756292
v 3.445505 -0.079605 2.301395
v 1.605929 1.600855 3.492668
v 4.044973 0.010059 2.227298
v 1.575775 1.151319 4.823224
v 1.994533 0.866031 3.671470
v 2.006749 0.240565 2.989437
v 4.731010 -0.136630 2.521054
v 2.063271 0.317392 1.438583
v 1.940377 0.908108 4.259492
v 1.393027 1.782910 6.117600
v 1.842381 0.885796 2.702872
v 2.330025 0.069793 4.353305
v 1.732419 0.271524 7.692989
v 1.159178 0.390343 7.113952
v 1.412473 0.691171 5.841274
v 2.409960 0.279423 3.266653
v 2.435869 -0.058466 2.544003
v 2.849615 0.044428 3.142787
v 1.609884 1.132698 2.851119
v 1.784766 -0.095026 7.156145
v 2.269077 0.090544 1.990442
v 2.197721 -0.070797 5.516898
v 1.553934 0.571803 5.160892
v 1.145641 0.703312 6.672445
v 1.658339 0.167996 6.533310
v 2.653805 0.159398 3.723524
v -0.542054 1.978654 6.932586
v -1.829634 1.452323 5.476087
v -2.274065 1.897298 5.273416
v -1.602341 1.264587 6.505474
v -1.884901 0.983675 5.822821
v -0.538816 1.272586 4.720161
v 0.027008 1.739938 6.917812
v 0.073432 2.344867 7.009586
v -1.841698 0.388343 5.829359
v -0.699010 2.889576 2.012629
v -0.854547 0.784693 6.042160
v -1.121196 1.255940 4.254518
v -1.149223 1.176257 5.757298
v -1.452172 1.619550 5.051785
v -1.333710 1.022460 6.544687
v -3.905970 -0.259037 4.235963
v -3.648254 0.143829 4.613859
v -3.345922 0.052961 3.896613
v -2.840560 0.098459 2.944326
v -2.295528 -0.304282 1.999959
v -2.545455 -0.215444 2.486025
v -3.648182 -0.345721 3.487105
v -1.711089 2.468654 2.454651
v -2.452115 2.725910 2.673385
v -4.094203 0.185842 6.052537
v -3.150865 2.243206 5.764551
v -4.302896 1.279628 6.615609
v -2.836590 2.693506 6.192350
v -1.406821 0.404720 5.992354
v -2.274595 1.429049 5.652801
v -3.487469 0.988509 4.638929
v -3.106645 0.777069 4.550382
v -0.094230 2.918930 3.818849
v -1.145092 2.399848 2.593741
v -5.032653 1.517855 6.736604
v -3.975458 2.159751 6.040073
v -1.770396 0.569147 2.393300
v -1.186298 0.693148 6.558123
v -0.085475 2.457227 6.738978
v -3.181902 -0.352330 2.391011
v -2.186419 1.387266 4.349267
v -2.982651 0.472609 3.817485
v -4.028817 1.741228 6.339501
v -0.099675 2.245378 5.907759
v -2.674941 1.567538 5.462082
v -1.931715 1.284936 2.603690
v -2.019668 0.716648 2.293303
v -3.469313 2.482389 5.580033
v -3.412738 1.705621 4.924862
v -2.083535 0.189236 2.467942
v -3.861418 2.040868 4.860421
v -0.900443 2.116258 3.764160
v -1.379789 1.971289 3.823828
v -1.749134 2.241281 3.139188
v -2.023086 0.612837 6.297557
v -3.842391 1.384351 6.210732
v -3.301393 1.780167 6.345825
v 0.036342 1.544142 5.586458
v -3.392673 2.101122 5.093089
v -2.550120 0.943617 3.119571
v 0.230533 2.216462 5.754912
v -2.079469 1.443568 3.326537
v -0.046072 1.330870 3.301075
v -0.541107 2.073807 6.480989
v -2.015659 0.791381 5.483297
v -0.293714 1.584585 5.657925
v 0.029317 1.192151 6.327217
v 0.568114 1.976101 5.671577
v 0.444043 2.891363 5.355037
v -1.676457 1.786126 4.475739
v -0.986149 1.592007 6.745221
v -0.191526 1.269040 6.825626
v -0.116073 2.365888 5.267501
v -0.207120 2.378764 5.978767
v -0.450055 1.777606 5.847357
v -0.998087 1.517363 6.303579
v -0.879077 1.480417 5.451188
v -3.067774 2.701909 5.496749
v -3.413847 2.432734 6.235044
v -2.713452 2.346988 4.345774
v -5.403865 0.839683 6.718882
v -0.809577 1.783095 4.620503
v -0.346940 2.405500 4.364574
v -2.213017 2.224865 3.950485
v -3.108624 2.273360 4.906836
v -2.709554 2.320252 5.355889
v -4.812056 0.964390 6.796241
v -2.626277 1.341371 3.914608
v -2.202067 1.767126 2.568806
v -2.929569 2.677191 3.578643
v -4.029155 2.399854 5.306100
v -3.641857 2.816713 4.032128
v -5.377596 0.410100 2.270051
v -4.755785 0.100395 1.829999
v -4.293978 -0.200883 1.983149
v -4.511524 -0.331762 5.070197
v -4.438154 -0.277867 5.013527
v -4.425294 0.719112 6.709056
v -4.509925 -0.348022 5.034137
v -4.552702 -0.351643 5.051938
v -4.549011 -0.359197 5.036465
v -4.574880 -0.355483 5.019391
v -3.973931 0.902471 6.363277
v -4.643705 0.027623 6.334496
v -4.401042 -0.291605 4.597597
v -4.278879 -0.180065 5.324034
v -4.909087 0.470043 6.752508
v -4.543735 -0.349231 5.065636
v -4.069713 0.082254 4.788483
v -3.587273 0.420635 4.639804
v -3.679975 0.858811 5.702768
v -2.786319 1.844951 5.829866
v -0.058751 2.339637 6.511201
v -4.833527 -0.297073 2.854575
v -3.448518 2.738743 4.952733
v -3.392005 1.830308 5.713384
v -4.728585 1.945986 6.581399
v -4.973571 2.381406 6.295646
v -0.574250 1.218515 6.594465
v -5.003003 2.758654 5.778468
v -3.571091 1.225895 5.133085
v -3.852987 2.486727 4.754498
v -3.071081 1.855088 4.976420
v -4.567402 2.675578 5.756507
v -4.330167 2.574965 4.816022
v -4.324028 2.011670 4.566249
v -5.919669 2.904045 3.719846
v -6.275746 2.129136 2.703966
v -6.016517 2.621365 3.176194
v -5.493737 2.868159 2.633838
v -6.354463 1.355913 3.061320
v -6.200243 0.848001 3.250425
v -6.654438 2.099861 4.644995
v -6.531468 2.078420 4.042752
v -6.477576 1.015748 3.717784
v -6.100029 1.763446 3.333909
v -6.271764 2.344554 3.297338
v -5.427852 2.054693 6.440551
v -5.950257 0.726786 6.463428
v -5.484017 0.224926 6.531083
v -6.565603 2.693316 3.722471
v -6.619664 0.915858 5.933952
v -6.230455 1.326628 6.261004
v -6.268950 0.212393 6.029571
v -5.963629 1.771248 6.332334
v -5.624419 1.319824 6.626925
v -6.602234 1.907140 2.512907
v -7.679611 0.945664 1.600630
v -7.277868 1.876105 2.574455
v -7.289570 1.488992 1.870285
v -7.056447 1.218230 2.716104
v -7.311834 1.564122 2.703530
v -5.979897 1.600808 2.174877
v -6.312411 2.570443 4.339074
v -7.405149 1.022411 2.010641
v -6.093914 -0.276044 5.397813
v -6.856719 1.440621 3.022217
v -5.547008 2.588699 4.020641
v -5.683862 0.502382 2.819512
v -6.422649 1.809666 2.842148
v -5.711584 2.497654 5.911243
v -6.840072 1.913907 3.450423
v -6.905803 1.630798 4.942160
v -6.548184 1.840726 5.671666
v -7.003553 1.330856 4.422158
v -6.818079 1.302609 1.995508
v -6.829759 0.856877 5.281818
v -6.673731 0.303490 5.283517
v -5.841205 0.241410 3.410133
v -5.298954 -0.291807 3.452821
v -5.993365 0.787534 2.779599
v -6.332112 -0.173920 4.569299
v -6.610654 0.393015 4.305483
v -6.359942 0.364402 3.684894
v -5.389463 -0.308822 4.059051
v -6.082377 2.794219 4.752004
v -5.660313 -0.010135 6.347022
v 0.975137 1.518841 7.441912
v 1.942015 2.675852 7.558707
v 3.182564 3.029135 7.004233
v 3.593095 2.652971 7.702420
v 3.907949 0.160625 7.448299
v 1.017967 0.824946 7.592114
v 1.278066 2.151644 7.105623
v 3.072423 3.025674 -8.755519
v 2.203601 2.744365 -9.992556
v 1.810586 3.075824 -9.306803
v -5.760212 3.426255 -9.492913
v -5.740511 3.964140 -9.277526
v -8.073671 4.373626 -9.298852
v -7.577775 4.709700 -9.325200
v -5.188599 3.279299 -9.050703
v -6.896372 4.262755 -9.449129
v -6.915310 3.687430 -9.728102
v -6.738125 4.551494 -9.259788
v -5.984953 4.507387 -9.048272
v -7.617159 4.052631 -9.529528
v -7.207736 3.740220 -9.460086
v -6.312229 3.305506 -9.764244
v -5.665503 4.282787 -8.813087
v -6.228892 2.965795 -9.522570
v -5.883149 3.432733 -9.156471
v -5.223151 2.686964 -9.080667
v -5.950897 3.192713 -9.359722
v -6.352713 4.241562 -9.117270
v 6.044133 3.678607 -4.360303
v 6.631761 3.246766 -4.634204
v 6.160951 3.152552 -5.368393
v 5.763054 3.056171 -5.969916
v 6.764685 2.671969 -4.899852
v 6.043952 3.487052 -5.032192
v 6.024087 2.901984 -3.445427
v 6.147040 3.175865 -3.841394
v 6.919953 3.040241 -3.887673
v 4.764737 4.635056 -3.612291
v 4.146197 3.274860 -7.635947
v 2.896737 4.435680 -4.639742
v 5.339909 4.134069 -4.418646
v 3.363124 4.495315 -4.217234
v 3.970947 4.842591 -3.614066
v 4.069396 4.365328 -4.349936
v 3.719698 4.617476 -3.912503
v 5.697423 3.856294 -3.921237
v 5.222919 4.039860 -3.524781
v 5.202919 4.270030 -3.908393
v 4.728868 4.358857 -4.407474
v 2.841494 3.008516 -7.291740
v 4.823081 4.015148 -5.035587
v 3.750298 3.899896 -5.259656
v 2.638925 4.109426 -6.187787
v 5.023735 3.155984 -6.834978
v 4.628544 3.394033 -7.042263
v 1.748281 4.266008 -6.100949
v 1.590009 4.633130 -5.346983
v 5.255388 3.549758 -6.030883
v 2.726085 4.869040 -5.111446
v 5.571188 3.655690 -5.389027
v 1.185830 4.279228 -5.412504
v 2.901478 4.077492 -5.494072
v 0.530095 4.587381 -5.259933
v 2.209730 4.539281 -5.311761
v 1.009522 4.739172 -5.263903
v 0.816749 3.792396 -5.540279
v 1.366540 3.839274 -6.167988
v 4.055429 3.601745 -6.086579
v 1.333103 3.115147 -8.615552
v 1.473350 4.225398 -5.598567
v 1.553804 3.951088 -6.544368
v 1.388484 4.941186 -5.278328
v 2.042953 3.265707 -7.443714
v 2.615201 3.281196 -8.126506
v 3.441287 3.813584 -6.370481
v 3.148517 3.732152 -6.748520
v 0.219890 2.888534 -7.093357
v 3.169262 3.929303 -5.845383
v 2.256585 3.846970 -6.499947
v 3.685361 3.500962 -7.028845
v 1.224788 2.949097 -9.369914
v 2.441606 3.569677 -7.192522
v 0.703137 3.058431 -7.002733
v 1.053995 3.432537 -6.595407
v 1.384541 3.567915 -6.948000
v 0.714080 4.142978 -5.316204
v 1.022673 3.637984 -5.899259
v 0.241237 3.890269 -5.256814
v 4.898870 3.661354 -5.839366
v 0.561446 2.997053 -8.416352
v 1.533197 3.294618 -7.285210
v 0.320001 2.998014 -7.717192
v 2.020161 3.109918 -8.307263
v 1.249191 2.980147 -7.528201
v -4.065397 4.895080 -7.066838
v -4.571139 4.286299 -7.490483
v -4.066648 4.287591 -6.998478
v -4.885739 3.464229 -7.364772
v -4.167579 3.617052 -6.855383
v -4.525968 4.985516 -7.500013
v -5.062485 3.869751 -7.811719
v -5.190680 3.398684 -8.093792
v -4.687838 2.722123 -8.654132
v -3.964767 3.478945 -6.314698
v -4.109774 3.136381 -6.156644
v -4.529199 2.738953 -6.018763
v -5.216339 4.916490 -8.216769
v -4.996631 4.486713 -8.015589
v -5.314250 3.168398 -8.444933
v -2.391720 4.994605 -3.869649
v -1.429123 3.542914 -5.647716
v -1.858333 3.204793 -5.830991
v -1.558596 3.139910 -6.149303
v -1.556445 4.452057 -4.532912
v -2.162505 3.600771 -4.709465
v -2.181182 3.755864 -4.079793
v -1.296321 4.805527 -4.623846
v -2.117260 4.175611 -4.306174
v -0.369535 3.792727 -5.251210
v -1.022548 3.988391 -4.955775
v -1.336521 4.005773 -4.673412
v -2.838116 4.453914 -3.706071
v -1.777919 5.030578 -4.211945
v -1.689368 3.760915 -4.904277
v -1.638843 4.150037 -4.285622
v -0.511781 3.313469 -6.002822
v 0.408825 3.291573 -6.139620
v -1.107113 4.410809 -4.913852
v -0.287624 3.167861 -7.066113
v -3.139672 4.210131 -3.932070
v -1.904991 4.620728 -4.291786
v -4.967422 2.995351 -7.675078
v 0.048781 3.170355 -6.645865
v -1.136189 3.188523 -6.190781
v 0.075719 4.517820 -5.213636
v -0.509156 4.152956 -4.976907
v 0.128625 3.565090 -5.511040
v 0.238922 4.960103 -5.047824
v -0.690009 4.690713 -4.950489
v -0.784895 2.995932 -6.846508
v -0.777641 3.647384 -5.520095
v -0.268925 4.461834 -5.216099
v 0.108322 4.136014 -5.147846
v -2.943945 4.609653 -4.794258
v -2.900116 4.957189 -4.363288
v -3.481502 3.962986 -6.226413
v -3.064497 5.141054 -3.899626
v -3.634687 4.634211 -6.592629
v -3.295388 4.778702 -6.015064
v -3.192321 4.671825 -5.310057
v -2.145267 3.325930 -5.287738
v -3.122808 4.012173 -5.544903
v -3.156927 4.025826 -4.691616
v -3.256831 5.085973 -5.008646
v -4.086580 3.641523 -4.951301
v -4.090349 3.710978 -3.801956
v -4.236158 3.061699 -4.822876
v -3.940040 2.891316 -3.893098
v -2.474281 4.347321 -3.983025
v -4.243633 3.208664 -4.460462
v -3.333907 3.747096 -4.042187
v -2.589754 3.288443 -4.267696
v -2.954435 3.535955 -3.593450
v -4.833474 3.561047 -3.392047
v -3.403086 3.890687 -3.910112
v -4.346393 3.303065 -3.697290
v -3.578579 3.159002 -3.623130
v -4.031669 3.427058 -5.492588
v -2.982771 4.950283 -3.878993
v -0.572516 5.223447 -4.869867
v -7.651126 5.008040 -8.610815
v -6.455407 3.032024 -6.536771
v -7.286807 2.775039 -5.255387
v -8.612745 4.733571 -8.856755
v -5.321522 4.242176 -8.253586
v -9.352764 4.229409 -7.684797
v -6.660488 4.841298 -8.716229
v -5.401845 3.661702 -8.661087
v -6.878222 3.513443 -7.237348
v -8.654522 4.983171 -8.867980
v -7.752153 3.974535 -5.837497
v -7.010358 3.655621 -4.862777
v -6.835814 3.328142 -6.483673
v -7.353917 4.613799 -7.898645
v -5.551039 3.747341 -8.696834
v -6.108437 2.916748 -4.479869
v -5.501004 2.808378 -5.995646
v -7.090648 3.743494 -6.833080
v -6.953603 4.601032 -8.745000
v -7.526459 4.780193 -8.157916
v -5.528072 3.197518 -6.895590
v -7.651149 3.278739 -5.391967
v -6.682362 3.857842 -7.072713
v -8.852549 4.346864 -7.845729
v -6.059584 3.356707 -7.355725
v -5.554060 3.075408 -7.401103
v -7.668167 3.705056 -5.172246
v -6.551672 3.419242 -4.473066
v -6.564207 3.011540 -6.024224
v -9.455202 3.746055 -7.018086
v -8.883070 4.912569 -8.281392
v -8.602650 3.115106 -6.273995
v -7.274000 5.140601 -7.835199
v -8.171577 2.768475 -5.804684
v -9.379873 2.996896 -6.610632
v -6.006756 3.306653 -4.155461
v -8.594648 3.460033 -6.003360
v -9.249325 3.168081 -6.800645
v -8.387333 4.460724 -8.736292
v -8.776409 4.265086 -8.390156
v -8.119770 4.754068 -7.616820
v -9.023575 4.205824 -7.362520
v -8.308680 3.658664 -5.983925
v -9.239525 3.758997 -7.296123
v -8.184912 4.330677 -6.888171
v -6.311744 4.278576 -3.891185
v -5.769301 3.737046 -3.696170
v -8.224733 4.162116 -6.210665
v -6.745668 3.132080 -4.833083
v -8.317064 3.829554 -5.852920
v -6.196934 2.717702 -5.505875
v -8.128515 4.729168 -6.118752
v -8.732576 4.125743 -6.863150
v -6.571102 3.413524 -5.484842
v -6.757774 2.668875 -4.789511
v -7.210042 3.449369 -4.803137
v -7.707889 4.231204 -5.336520
v -8.545013 4.601423 -6.734484
v -7.075060 4.625998 -4.684529
v 6.344402 3.514021 1.962005
v 7.995093 2.896741 -2.631388
v 6.794057 3.800513 1.584871
v 6.192121 4.877763 0.793643
v 6.421580 4.408497 1.149873
v 6.115523 3.921138 1.305840
v 5.598091 4.343272 0.881716
v 7.747962 5.119714 1.964370
v 5.749170 5.063783 0.486402
v 5.827963 3.396737 1.686764
v 6.846091 3.248715 2.007677
v 7.347348 5.451688 1.615564
v 7.139725 4.309832 1.514317
v 7.465134 4.733809 1.628930
v 6.489054 4.626987 1.210348
v 7.891476 4.260063 2.015921
v 6.359402 4.291153 1.485327
v 6.683736 3.839615 1.771148
v 7.049720 3.860944 1.787398
v 7.205825 4.517488 1.631892
v 5.949167 4.775137 1.358386
v 5.228936 3.509944 -0.763134
v 4.435384 4.597701 -1.614397
v 4.663768 4.222712 -0.782824
v 4.727557 4.266302 -1.363692
v 4.405910 4.504960 -1.125050
v 5.008501 3.885364 -1.208522
v 4.171263 5.005127 -1.480328
v 3.923728 4.784081 -0.570926
v 3.849663 4.847416 -0.958688
v 1.968460 5.020308 0.782327
v 0.435454 4.259529 0.769758
v 0.797606 4.689909 0.917201
v 0.157058 3.873409 1.045492
v 5.241747 3.339650 -1.053741
v 4.965012 3.946778 -0.562342
v 5.211733 4.011396 1.914539
v 5.022726 3.509189 -1.573669
v 5.324197 3.152800 0.891192
v 4.303041 4.689390 -2.740319
v 4.389622 5.192620 -2.425020
v 4.880757 4.144884 -3.237110
v 4.615911 3.825412 -2.536961
v 4.999946 3.711494 -3.040957
v 4.521391 4.063170 -2.032999
v 5.356115 2.991820 0.046736
v 4.812069 3.597680 -2.160356
v 4.642120 4.004493 -2.844912
v 5.203818 3.333923 0.428075
v 5.399541 2.998813 0.554337
v 5.484358 2.806232 -0.406422
v 4.258539 4.993455 -3.175849
v 5.124275 3.714321 -0.454333
v 3.264633 4.685680 0.569501
v 5.244953 3.370613 1.281667
v 4.291167 4.325683 -2.125038
v 4.615854 4.574590 -3.253457
v 3.421808 4.817121 -0.002543
v 4.541483 4.298478 -2.858301
v 4.067757 4.716193 -2.191717
v 2.483738 4.612282 1.756072
v 2.190511 4.715719 1.080062
v 4.204446 4.618997 0.053162
v 4.618612 4.343885 -0.100281
v 3.856182 4.685090 0.694850
v 3.940381 4.413831 1.807229
v 3.786041 4.608150 1.191512
v 4.679763 4.241169 0.634857
v 5.251833 3.415547 -0.012696
v 5.065208 3.657588 1.024429
v 4.850366 4.541313 1.476512
v 4.927192 3.953421 0.054401
v 5.001081 3.761162 0.447076
v 5.794192 3.323362 -3.564868
v 4.891426 3.896005 1.852153
v 4.691245 4.178782 1.278775
v 4.450109 4.860901 1.886168
v 5.066404 3.069624 -2.046849
v 5.291251 3.225167 -2.840229
v 4.962444 3.496894 -2.645718
v 5.448976 3.609912 -3.385615
v 0.162432 4.533995 0.921323
v 1.491892 4.504066 0.915887
v 1.802222 4.356777 1.456131
v 1.411991 4.125593 1.595911
v 0.918260 4.138200 0.969282
v -0.198028 5.153205 0.735723
v -3.942273 3.934677 -3.344667
v -3.217415 3.092983 0.640163
v -3.123075 4.990539 -0.987633
v -2.418355 3.750145 0.037476
v -2.848938 3.588418 -1.695782
v -2.165755 4.737777 -0.011439
v -2.961833 4.095984 -2.330414
v -3.767339 3.280935 -1.665511
v -4.819573 2.942166 1.348298
v -3.340746 4.345830 -3.505796
v -0.932787 3.445890 0.839796
v -4.538935 3.370327 -3.183120
v -3.394590 3.495377 -3.470879
v -4.053586 4.522148 -3.227676
v -1.132913 4.713670 1.367495
v -0.556895 5.110190 1.929483
v -1.712681 3.473699 0.578976
v -0.912058 4.445529 1.022228
v -0.289005 4.576806 0.965945
v -0.223687 4.817634 1.560501
v -3.076970 3.057786 1.936554
v -2.535741 4.329307 -0.107183
v -2.905101 3.716284 -0.437739
v -1.697420 3.886316 0.155342
v -3.231994 3.614250 -0.959796
v -3.822143 3.468367 -0.863579
v -4.729568 2.890131 -0.490946
v -3.485095 4.468499 -1.769288
v -2.434821 3.782111 -1.271190
v -3.354927 3.262073 -0.074232
v -3.862165 3.096790 -2.503478
v -3.191297 4.131648 -1.336039
v -2.985735 4.017517 -3.136619
v -4.269895 3.266419 -3.194107
v -3.239713 4.616939 -1.383366
v -4.624136 3.312959 0.242034
v -4.453085 3.280548 -0.773507
v -2.868026 3.218010 0.337864
v -2.600841 3.954603 -0.367277
v -3.245117 3.501341 -2.450297
v -3.064110 5.129621 0.143282
v -2.746027 4.779397 -0.512434
v -3.025091 4.313678 -0.706346
v -3.619873 3.309182 1.394910
v -4.325052 3.349183 0.417572
v -1.265315 5.084201 1.039860
v -1.823836 4.907810 0.326389
v -0.428548 3.703198 0.873507
v -0.893299 3.997971 0.273420
v -0.273216 4.116392 0.541023
v -4.492316 5.154874 -3.067759
v -3.804430 3.157332 -3.034843
v -3.114048 5.492745 -2.197237
v -3.294808 4.782962 -3.423781
v -3.431276 5.160587 -2.054098
v -5.546333 4.218287 -3.309797
v -3.431426 4.461452 -2.421662
v -4.220536 3.169407 -1.836322
v -4.753694 4.695617 -3.029488
v -4.374787 4.128491 -3.162879
v -1.833696 4.134665 0.753151
v -4.232930 3.370567 1.419412
v -1.976515 4.539492 0.483977
v -2.729004 3.814506 -1.763329
v -3.944747 4.879537 -3.164389
v -5.433380 4.755070 -3.166191
v 8.767715 4.562993 2.928789
v 6.205159 4.534062 6.123588
v 6.443883 4.521256 6.531654
v 6.591393 3.198211 2.497025
v 5.971839 5.051863 5.745748
v 6.266193 4.587029 4.760735
v 5.848515 5.131645 6.009495
v 5.909453 4.580201 5.978545
v 7.460633 4.911185 1.864028
v 5.733064 4.997839 5.460395
v 6.226895 3.348320 3.138338
v 6.065831 3.659383 4.050802
v 6.088834 3.993221 3.875832
v 5.896095 4.466829 4.220833
v 9.757668 4.891126 3.872036
v 8.910458 5.071943 3.070169
v 9.683397 4.341684 3.705504
v 9.714407 4.641021 3.445500
v 8.941349 3.566648 2.930147
v 8.395536 4.281838 2.493869
v 6.580904 3.068563 4.081478
v 7.212685 3.139709 3.164369
v 8.316086 4.955096 2.473005
v 6.179455 3.212631 2.382102
v 7.821524 4.087984 2.166335
v 7.493812 2.625491 3.408332
v 6.503003 3.775127 2.844371
v 6.329679 3.423124 3.044250
v 6.324213 4.104601 2.315676
v 6.656823 2.912811 3.614621
v 7.503613 3.675639 1.940040
v 8.210333 4.074552 2.638962
v 6.265968 3.261395 5.076440
v 8.392922 4.966111 2.763285
v 6.063662 3.859015 5.017607
v 6.113780 3.370436 4.743452
v 6.136023 2.527851 4.773104
v 6.139029 4.837806 4.311473
v 5.611044 4.751289 2.287565
v 6.518730 3.882169 4.132519
v 6.358788 4.439024 3.689849
v 6.146962 4.566115 1.936204
v 6.401822 4.317652 4.466653
v 6.361155 4.966895 4.456853
v 7.439242 3.178793 2.177055
v 6.213934 4.028716 5.354276
v 6.115923 4.589990 5.221481
v 6.296367 3.442274 4.584838
v 6.216600 4.086699 4.849531
v 6.222423 4.786430 3.780998
v 5.986321 3.975662 2.932734
v 6.211919 5.116627 4.806195
v 6.796170 3.197537 3.484338
v 6.269431 3.981853 6.376105
v 6.035622 4.584950 5.834531
v 5.955740 4.365020 5.026653
v 8.873174 4.469090 2.904811
v 5.943273 4.702160 4.939879
v 9.318533 3.175097 3.516059
v 6.511164 2.931693 3.877996
v 5.905900 4.202363 3.387299
v 5.990146 3.327494 5.099905
v 5.854012 4.680357 3.516415
v 5.752902 4.459066 2.891014
v 8.295795 3.181637 2.612686
v 9.398937 3.176463 3.247087
v 8.277370 3.602119 2.496150
v 7.087628 3.289253 2.324361
v 7.873861 2.891625 2.870030
v 8.696943 3.474339 2.982604
v 7.998710 3.287421 2.570823
v 9.632990 4.034594 3.383645
v 6.317711 3.604696 5.664519
v 6.155817 3.521360 5.951472
v 6.167683 3.121534 5.709743
v 5.542872 2.889083 5.662726
v 9.576303 3.651207 3.584540
v 5.328458 3.171092 1.898112
v 4.950299 3.075768 5.051649
v 5.327807 2.912003 5.030759
v 4.039389 3.680773 4.694173
v 4.553864 3.407195 5.281938
v 4.634147 4.213973 6.376307
v 4.573194 4.307537 6.304209
v 1.321116 3.785998 6.435632
v 4.740483 4.310821 6.390491
v 5.478494 2.600464 2.319209
v 3.721370 4.607471 2.134890
v 2.564148 4.213961 5.228185
v 2.815749 4.782290 1.557610
v 3.614965 4.355645 3.709319
v 2.557031 4.372960 3.226328
v 4.882967 5.026081 3.005065
v 5.741992 3.978406 2.477093
v 1.799475 3.867760 5.016735
v 2.103859 4.021255 3.806170
v 2.020583 3.896269 4.476667
v 4.583311 4.875490 2.487011
v 2.887478 4.630914 2.542643
v 4.010910 4.345702 2.924941
v 3.384149 4.281798 4.940230
v 4.314967 3.239511 4.753403
v 4.872769 2.980026 3.950011
v 5.795423 4.870389 2.838622
v 5.599903 4.142801 2.225616
v 5.911728 4.497132 2.148559
v 3.324418 3.823698 5.923633
v 3.589619 4.215137 6.174218
v 2.719347 4.170425 6.422351
v 4.864736 5.113234 6.274784
v 3.230950 4.214751 6.379704
v 2.968666 3.861685 6.585751
v 1.846931 4.072701 6.624945
v 5.212460 4.474295 2.672086
v 3.507133 3.973906 5.611341
v 3.747833 3.520046 5.798234
v 4.301445 3.656822 5.926579
v 4.541140 4.201071 6.234985
v 4.111496 3.720832 5.563106
v 4.741249 3.560895 6.163493
v 3.896451 3.982863 6.235407
v 4.304406 4.197425 6.122267
v 4.694869 3.650293 2.829471
v 4.189645 3.159287 5.466317
v 3.978500 4.094100 4.447261
v 4.947765 4.438488 2.042975
v 1.146045 3.609566 5.098485
v 1.323123 3.147879 6.184861
v 2.491668 3.561368 6.404403
v 0.681468 3.353812 6.438831
v 5.121261 2.950177 5.341800
v 4.914632 2.784274 4.146162
v 1.043415 3.340867 6.212947
v 3.533523 3.212811 5.543570
v 4.051021 3.516167 5.110329
v 2.812061 3.152877 5.705597
v 3.262259 2.759332 6.216388
v 5.312872 3.726928 5.643316
v 5.217371 3.284449 5.376472
v 5.643613 3.225278 5.334400
v 2.875263 4.294721 5.999938
v 1.135000 3.395468 6.629754
v 0.228445 3.409042 2.100604
v 1.726569 4.141254 2.589621
v 0.911810 3.752069 3.798230
v 0.869306 3.809159 2.881787
v 2.408065 4.399439 7.269195
v 1.910914 3.897479 6.480107
v 0.977815 3.301530 7.293262
v 2.523203 3.876557 7.345642
v 1.629791 3.607546 6.056513
v 2.255253 3.853114 6.761651
v 1.060175 3.736727 7.285545
v 0.492583 3.720484 7.222453
v 2.324297 4.367355 6.554973
v 1.529151 3.842591 7.220463
v 2.971184 4.155994 4.104012
v 0.297203 2.980569 6.232558
v 2.232290 4.116056 5.625439
v 2.023117 4.246157 7.280933
v 1.910273 3.013736 5.587772
v 0.318094 2.839921 6.169648
v 0.955484 4.009354 6.923388
v 5.588323 3.626309 2.362936
v -5.174326 3.391215 5.402770
v 0.019745 2.940075 6.615926
v -0.523717 2.689011 3.051564
v -3.034278 2.914964 2.811215
v -3.582148 3.047401 3.002937
v -3.751585 3.242733 2.402534
v 0.209724 3.080872 7.174801
v -4.991164 3.204667 2.461751
v -4.838445 3.098046 4.128821
v -4.332890 2.978693 4.812190
v -4.461473 3.207197 2.056116
v -4.736452 3.258899 4.917855
v -4.345287 3.114323 3.278200
v -5.221364 2.959502 5.449771
v -5.544341 2.998111 3.635871
v -5.975256 2.649449 5.096814
v -5.465671 3.032383 4.530787
v -5.208260 3.096588 3.116410
v 5.661956 1.075810 -7.066238
v 5.010542 2.991642 3.257581
v -6.230793 5.180324 -8.209136
v 1.956352 5.013102 -5.191878
v -4.848242 5.147990 -7.864653
v -7.919324 5.117757 -7.702855
v -2.067181 9.388196 -4.331954
v -1.840682 9.415259 -4.695191
v -5.947024 5.696176 -7.265040
v -6.550978 5.364266 -4.462034
v -5.673229 5.049092 -8.516559
v -6.813325 5.866804 -5.702197
v -5.922994 5.813589 -4.572508
v -6.362501 5.689993 -6.874832
v -5.344185 6.793270 -4.866201
v -5.606676 6.633694 -5.457308
v -6.236937 5.988239 -5.407175
v -5.361011 5.937797 -6.936989
v -6.118418 6.250733 -6.037737
v -5.014527 6.682295 -5.828416
v -5.249395 5.650929 -7.570029
v -3.828317 7.453035 -4.728266
v -5.478085 6.184030 -6.435963
v -4.502824 6.678957 -4.966059
v -4.441674 5.792958 -6.977142
v -3.827611 6.769660 -5.161945
v -3.515300 6.572346 -4.927761
v -4.720389 6.203388 -6.673698
v -3.812561 6.323969 -5.168673
v -4.238163 6.692554 -5.751406
v -3.224137 6.326874 -4.920985
v -3.045090 7.623871 -4.998450
v -3.043149 7.006224 -5.030243
v -3.776104 5.681860 -6.471588
v -3.947003 6.060482 -6.361418
v -3.428382 6.978217 -5.075849
v -3.261484 5.486363 -5.741112
v -4.303269 6.441088 -6.211193
v -3.417803 6.038831 -5.610438
v -3.245870 5.810718 -4.951262
v -4.398390 5.474849 -7.153785
v -3.731459 5.203171 -6.546834
v -6.849474 5.384754 -7.336281
v -7.593352 5.343003 -6.136184
v -8.010702 5.189893 -6.948168
v -6.881959 5.760102 -6.307444
v 2.582580 5.774741 -4.542098
v 2.125783 5.389842 -4.868619
v 1.958319 5.981241 -4.780680
v 2.491111 6.296438 -4.457942
v 1.847405 6.854475 -4.982229
v 1.378801 5.729801 -5.042733
v 1.101555 5.367116 -5.032835
v 0.950491 6.110851 -5.216667
v 1.594542 6.864378 -4.754065
v 2.483922 6.716829 -4.543337
v 0.848997 5.038669 -5.074167
v -2.803232 5.696345 -4.805523
v -1.549205 7.107235 -4.896105
v -1.062087 7.048979 -4.899333
v -1.064315 8.195920 -5.221231
v -0.191947 6.645199 -5.027723
v -0.257219 7.390817 -5.252363
v -2.641314 7.313070 -4.848882
v -2.682525 7.974305 -4.736772
v -0.000977 6.203083 -4.992471
v -1.313113 7.290777 -5.292045
v -2.558337 6.711224 -4.940521
v -2.287212 7.577227 -4.673480
v -0.600960 7.110785 -5.128614
v -0.548077 5.766333 -4.664724
v -0.579404 6.657238 -4.877126
v -2.093534 7.070973 -4.816777
v 0.314438 5.977958 -4.890175
v -0.202593 5.789132 -5.018551
v -1.812429 7.408121 -5.041353
v 0.396054 5.638010 -5.097304
v -1.527631 8.427430 -4.746392
v 0.416821 6.677896 -5.261487
v -0.157746 5.026914 -4.979958
v 0.615902 7.123079 -5.122127
v 1.410982 6.601933 -4.942266
v 0.047251 6.936806 -5.376789
v 0.605275 6.405445 -5.221422
vn -0.5802 -0.1276 0.8044
vn -0.6563 0.4906 0.5732
vn -0.4269 0.0652 0.9019
vn -0.6555 0.4956 0.5698
vn -0.2684 0.3335 0.9037
vn 0.5516 0.0282 0.8336
vn -0.2944 -0.0837 0.9520
vn -0.2770 0.3641 0.8892
vn 0.1350 -0.3023 0.9436
vn -0.6167 0.5036 0.6051
vn -0.2538 -0.2907 0.9225
vn -0.4266 0.0621 0.9023
vn -0.0072 0.1222 0.9925
vn -0.7928 0.0818 0.6040
vn -0.0176 0.1541 0.9879
vn 0.1617 0.5249 0.8356
vn -0.0439 0.6119 0.7897
vn -0.0053 0.1369 0.9906
vn 0.1907 0.4275 0.8837
vn -0.1546 0.8297 0.5364
vn 0.2526 0.5319 0.8083
vn 0.8546 0.0609 0.5158
vn 0.3741 0.2456 0.8943
vn 0.4817 -0.1747 0.8588
vn 0.1303 -0.3191 0.9387
vn 0.7605 -0.3626 0.5386
vn 0.4873 -0.2471 0.8375
vn 0.0016 -0.4925 0.8703
vn 0.5805 -0.4021 0.7081
vn 0.0713 -0.1623 0.9842
vn 0.3632 -0.6812 0.6356
vn -0.3411 -0.4586 0.8206
vn -0.2439 -0.5950 0.7658
vn -0.4512 -0.4410 0.7759
vn -0.1087 0.9305 0.3498
vn -0.5874 -0.6777 0.4425
vn -0.7208 0.5612 0.4068
vn -0.3013 0.1944 0.9335
vn 0.3768 -0.8106 0.4482
vn 0.9049 0.3737 -0.2040
vn -0.5150 -0.7579 0.4003
vn 0.4491 -0.5654 0.6918
vn 0.0756 0.9971 0.0071
vn -0.5059 -0.5223 0.6865
vn -0.7641 0.1761 -0.6205
vn 0.8514 0.3337 -0.4047
vn -0.2976 0.0458 0.9536
vn -0.3771 -0.7420 -0.5543
vn -0.0994 -0.1133 -0.9886
vn 0.5789 -0.7283 0.3668
vn -0.0979 0.9951 -0.0144
vn 0.8633 0.4325 -0.2603
vn 0.5927 -0.7448 -0.3065
vn -0.1888 0.9768 0.1008
vn -0.3894 0.0098 0.9210
vn -0.2938 -0.6907 0.6608
vn 0.1448 -0.8827 0.4471
vn 0.8994 0.3890 -0.1995
vn 0.8692 0.4224 -0.2571
vn 0.8634 0.4321 -0.2606
vn -0.2123 -0.3526 0.9114
vn 0.8496 0.3370 -0.4057
vn -0.0170 0.9956 0.0924
vn 0.2385 0.8875 -0.3942
vn 0.1685 0.9264 -0.3366
vn 0.1587 0.6089 -0.7772
vn 0.8153 0.4420 -0.3741
vn -0.3788 -0.8334 0.4024
vn -0.0199 0.6862 -0.7271
vn 0.1618 0.9772 -0.1373
vn 0.8381 0.4379 -0.3254
vn 0.0738 -0.7621 0.6432
vn -0.2398 0.9113 -0.3347
vn -0.1330 -0.2051 0.9697
vn -0.0701 0.9439 -0.3226
vn -0.0293 -0.4844 -0.8743
vn 0.1262 0.9691 -0.2120
vn -0.8749 -0.2041 0.4393
vn 0.1725 0.5373 -0.8256
vn 0.2518 0.9638 -0.0876
vn 0.2243 -0.8973 0.3803
vn 0.8949 0.3307 -0.2996
vn 0.0007 -0.5199 0.8542
vn 0.7646 0.4956 -0.4120
vn -0.0130 0.9906 -0.1363
vn 0.3788 0.8026 -0.4608
vn 0.5535 0.6626 0.5046
vn -0.0428 -0.7268 0.6856
vn 0.2320 0.9469 -0.2228
vn 0.3655 -0.8913 0.2685
vn 0.6954 0.6357 -0.3352
vn 0.3993 -0.9060 -0.1404
vn 0.9310 0.2320 -0.2819
vn 0.7245 0.6893 -0.0046
vn -0.1101 0.6639 0.7397
vn 0.0947 -0.1455 0.9848
vn 0.5919 0.7368 -0.3269
vn 0.5031 0.4957 -0.7079
vn 0.6074 0.5877 -0.5345
vn 0.4855 0.8539 -0.1874
vn -0.4553 -0.2342 0.8590
vn 0.5034 0.7603 -0.4105
vn 0.6990 0.5862 -0.4096
vn 0.6291 0.7733 0.0793
vn 0.2755 -0.4485 0.8502
vn 0.0779 -0.1865 0.9794
vn 0.4578 -0.0576 0.8872
vn 0.5066 0.7301 -0.4587
vn 0.7603 0.5312 -0.3737
vn 0.4497 -0.5172 0.7282
vn -0.4206 0.1215 0.8991
vn 0.5044 0.7616 -0.4070
vn 0.4627 -0.5388 0.7040
vn 0.4499 -0.8890 0.0846
vn 0.7653 -0.1577 0.6240
vn 0.6121 0.5962 -0.5195
vn -0.3535 -0.8709 0.3414
vn 0.5692 0.7050 -0.4231
vn -0.8051 -0.1263 -0.5796
vn 0.7107 -0.5722 0.4092
vn 0.9739 0.2258 0.0253
vn 0.9414 -0.0114 0.3372
vn 0.8243 0.3807 -0.4191
vn 0.7633 -0.6189 0.1852
vn 0.6793 0.5143 -0.5235
vn 0.9733 0.2279 -0.0255
vn 0.6577 0.6306 -0.4120
vn -0.0726 -0.8504 0.5211
vn 0.7063 -0.7040 0.0744
vn 0.7900 0.2777 -0.5466
vn 0.7969 -0.5817 -0.1629
vn 0.9972 -0.0582 0.0477
vn 0.5498 0.4797 -0.6838
vn 0.6958 0.4905 -0.5247
vn 0.9749 -0.1747 -0.1379
vn 0.3668 -0.7765 0.5123
vn 0.5782 0.6461 -0.4983
vn 0.7199 -0.4249 0.5489
vn 0.5239 0.6489 -0.5518
vn 0.9174 -0.3086 0.2515
vn 0.9756 -0.0476 -0.2144
vn 0.7925 -0.3319 0.5117
vn 0.7426 -0.2442 0.6237
vn 0.7831 0.2407 -0.5733
vn 0.9279 -0.2829 -0.2430
vn 0.6401 0.1040 -0.7613
vn 0.6935 0.4758 -0.5410
vn 0.7451 0.2577 -0.6151
vn 0.7681 -0.6063 -0.2058
vn 0.8664 -0.4669 0.1770
vn -0.0734 0.6218 0.7797
vn -0.2191 -0.7754 0.5923
vn 0.6780 0.5300 -0.5093
vn -0.3107 0.1482 0.9389
vn 0.7833 0.2908 -0.5494
vn 0.6035 0.0270 -0.7969
vn 0.9642 -0.0721 0.2551
vn 0.4000 0.8957 -0.1943
vn 0.4561 0.7754 -0.4367
vn 0.6413 0.3889 -0.6614
vn -0.6062 -0.5722 0.5524
vn 0.6727 0.6533 -0.3473
vn 0.7262 0.5221 -0.4473
vn 0.9746 0.1918 -0.1161
vn -0.5531 -0.3912 0.7356
vn -0.1717 -0.8966 0.4082
vn 0.8014 0.4559 -0.3873
vn -0.5064 -0.7745 0.3790
vn 0.7907 0.5036 -0.3480
vn 0.5687 0.5957 -0.5672
vn -0.6295 -0.4762 0.6140
vn 0.6595 0.0240 -0.7513
vn -0.4983 -0.7754 0.3879
vn 0.7611 0.3211 -0.5636
vn 0.7010 0.6107 -0.3684
vn 0.7545 0.4188 -0.5053
vn 0.6392 0.3562 -0.6816
vn 0.6984 0.2098 -0.6843
vn 0.4992 0.8030 -0.3256
vn -0.6639 -0.6217 0.4156
vn -0.3817 -0.6391 0.6677
vn -0.9026 -0.2052 0.3783
vn 0.6708 0.0307 -0.7410
vn 0.5259 -0.2347 -0.8175
vn -0.7356 -0.3164 0.5990
vn 0.5347 0.6118 -0.5829
vn 0.6850 0.3793 -0.6220
vn 0.6832 0.4311 0.5894
vn 0.6873 0.3937 -0.6104
vn 0.6931 0.5199 -0.4993
vn 0.7513 0.4099 -0.5172
vn 0.7793 0.4207 -0.4644
vn -0.7683 -0.2740 0.5785
vn -0.7507 -0.1608 0.6408
vn 0.7917 0.3662 -0.4889
vn 0.7768 0.2040 -0.5958
vn 0.7400 0.2810 -0.6111
vn -0.6787 -0.4326 0.5935
vn -0.0355 0.0402 0.9986
vn 0.7657 0.3247 -0.5552
vn -0.5176 -0.4735 0.7127
vn 0.7444 0.2461 -0.6207
vn 0.6157 0.4063 -0.6752
vn 0.7769 0.2005 -0.5968
vn -0.1326 -0.5356 0.8340
vn -0.6377 -0.5414 0.5479
vn -0.5775 -0.5567 0.5971
vn 0.5357 0.6387 -0.5523
vn 0.6094 0.4294 -0.6665
vn -0.8921 -0.2750 0.3584
vn -0.5279 -0.5206 0.6710
vn 0.8167 0.2010 -0.5409
vn 0.3639 0.6372 -0.6793
vn 0.7048 0.2809 -0.6514
vn 0.7630 0.6453 -0.0379
vn -0.5076 -0.5690 0.6470
vn 0.7102 0.3956 -0.5823
vn 0.6139 0.6267 -0.4800
vn 0.3578 0.6272 -0.6918
vn 0.6149 0.4051 -0.6767
vn 0.6821 0.3411 -0.6468
vn 0.5910 0.4708 -0.6550
vn 0.4792 0.5351 -0.6957
vn 0.4624 0.3644 -0.8083
vn 0.4318 0.4852 -0.7604
vn -0.5652 -0.2892 0.7726
vn -0.5423 -0.4466 0.7117
vn 0.6998 0.1017 -0.7070
vn -0.0869 -0.9881 -0.1272
vn -0.6780 -0.3852 0.6261
vn 0.7901 -0.1511 -0.5941
vn -0.5328 -0.4497 0.7169
vn -0.0201 0.4087 -0.9125
vn 0.4817 0.4301 -0.7635
vn 0.6168 0.3814 -0.6886
vn 0.6202 0.3900 -0.6806
vn 0.4687 0.4174 -0.7786
vn -0.5780 -0.3661 0.7293
vn 0.1068 -0.6541 0.7488
vn 0.2548 -0.2793 -0.9258
vn -0.2748 -0.3272 -0.9041
vn 0.0375 0.6303 -0.7755
vn 0.4999 0.2413 -0.8318
vn -0.1067 -0.1710 -0.9795
vn -0.0857 -0.0238 -0.9960
vn 0.5790 -0.7736 -0.2574
vn 0.4690 0.1612 -0.8684
vn 0.6214 0.3201 -0.7151
vn 0.1942 0.4226 -0.8853
vn 0.4834 -0.2397 -0.8420
vn 0.1977 0.0596 -0.9785
vn -0.1251 -0.1415 -0.9820
vn 0.3931 0.3082 0.8663
vn 0.5023 -0.6889 0.5226
vn 0.2605 -0.8892 0.3760
vn 0.0725 0.3180 0.9453
vn -0.1356 0.3180 0.9383
vn -0.6073 0.3669 -0.7047
vn 0.5621 -0.4729 0.6785
vn 0.1591 0.1786 0.9710
vn 0.4284 0.0109 0.9035
vn -0.8510 0.4244 -0.3094
vn -0.8535 -0.1615 0.4955
vn 0.2128 0.4908 0.8449
vn -0.4715 0.4124 0.7795
vn 0.0676 0.5235 0.8493
vn -0.1812 0.3240 0.9285
vn 0.2230 0.5260 0.8207
vn -0.2597 0.2107 0.9424
vn -0.1748 0.2666 0.9478
vn -0.1389 0.2448 0.9596
vn -0.9069 0.1765 0.3825
vn -0.6354 0.4168 -0.6501
vn 0.9980 -0.0596 -0.0187
vn -0.0272 -0.0636 0.9976
vn 0.1422 -0.0296 0.9894
vn 0.3374 0.2441 0.9092
vn 0.3102 0.2603 0.9143
vn -0.6574 0.7033 0.2707
vn -0.2198 0.3076 0.9258
vn 0.2708 0.7560 0.5959
vn -0.6831 0.7189 0.1286
vn 0.0370 0.1934 0.9804
vn 0.0633 0.4963 0.8658
vn -0.6818 0.7206 0.1258
vn 0.0222 0.2395 0.9707
vn -0.1965 0.1207 0.9730
vn 0.4858 -0.8016 0.3484
vn -0.3923 0.1938 0.8992
vn 0.5267 0.7811 0.3354
vn -0.0575 -0.5869 0.8076
vn 0.1361 -0.9889 -0.0600
vn -0.2363 0.2367 0.9424
vn -0.7827 0.4618 -0.4172
vn -0.1393 -0.7022 0.6982
vn 0.5148 0.4390 0.7364
vn -0.1312 0.7496 0.6488
vn -0.2263 0.7399 0.6335
vn -0.9807 -0.1955 0.0077
vn -0.9648 0.0392 -0.2602
vn -0.0836 0.2901 0.9533
vn -0.2376 0.8643 0.4434
vn -0.8201 -0.4694 0.3272
vn -0.9495 -0.2518 0.1872
vn -0.5057 0.5123 0.6941
vn -0.9661 0.2466 0.0765
vn -0.1224 0.7593 0.6391
vn -0.1498 0.7988 0.5826
vn -0.9570 0.2605 0.1274
vn -0.9995 -0.0188 0.0271
vn -0.7757 0.0707 0.6272
vn 0.6825 0.5558 0.4747
vn -0.3918 0.8941 -0.2169
vn -0.4122 0.6229 0.6649
vn -0.9056 -0.3570 -0.2290
vn -0.2333 0.7639 0.6017
vn -0.7163 0.6650 0.2114
vn -0.9796 0.0912 -0.1791
vn -0.4009 0.7677 0.4999
vn -0.4175 0.5950 0.6867
vn -0.6317 0.3962 -0.6663
vn -0.6657 0.3048 0.6812
vn -0.7226 0.3509 0.5956
vn -0.8494 0.5275 0.0159
vn -0.7633 -0.0740 0.6418
vn -0.8358 0.4916 -0.2445
vn 0.8887 0.1600 0.4297
vn -0.3711 0.9222 0.1086
vn -0.4982 0.3816 0.7785
vn 0.6459 0.7634 -0.0063
vn 0.9292 0.3017 0.2132
vn 0.6642 0.7475 0.0025
vn 0.7733 0.5594 -0.2985
vn 0.6818 0.7095 -0.1783
vn 0.9964 0.0592 0.0602
vn 0.9790 -0.0010 0.2039
vn 0.7179 0.6776 -0.1597
vn 0.7667 0.6290 -0.1282
vn 0.9772 -0.0080 0.2120
vn 0.6569 0.7131 -0.2448
vn -0.2196 -0.9270 -0.3042
vn 0.6951 0.7064 -0.1336
vn -0.1603 -0.1866 -0.9693
vn 0.6208 -0.0872 -0.7791
vn 0.9429 -0.0451 -0.3300
vn 0.8831 0.0657 -0.4645
vn 0.9286 0.1050 -0.3560
vn 0.8120 -0.4117 -0.4138
vn 0.4942 0.2188 -0.8414
vn 0.6483 0.6350 -0.4202
vn 0.7999 0.1531 -0.5803
vn 0.8442 0.1128 -0.5240
vn 0.5847 0.0263 -0.8108
vn 0.9620 0.2002 -0.1858
vn 0.9469 0.2166 -0.2376
vn 0.9988 0.0489 0.0048
vn 0.3429 -0.2473 -0.9062
vn 0.5989 0.7971 0.0772
vn 0.5869 -0.6775 -0.4433
vn 0.6277 -0.6620 -0.4096
vn 0.8383 0.5216 -0.1587
vn 0.7341 0.2516 -0.6307
vn 0.9605 0.1672 -0.2223
vn 0.1061 -0.6142 -0.7820
vn 0.9442 0.3286 -0.0239
vn 0.9519 0.0933 -0.2919
vn 0.6849 0.3859 -0.6181
vn 0.6063 0.7941 0.0426
vn 0.2853 -0.4255 -0.8588
vn 0.5852 -0.0435 -0.8097
vn 0.9058 0.2469 -0.3443
vn 0.9055 0.2456 -0.3461
vn 0.5318 -0.7459 -0.4010
vn 0.5076 -0.7043 -0.4963
vn 0.9998 0.0199 -0.0101
vn 0.9957 -0.0921 -0.0047
vn 0.9959 -0.0907 0.0001
vn 0.9999 0.0132 -0.0071
vn 0.7544 0.5393 -0.3742
vn 0.9813 0.1370 0.1349
vn 0.5822 -0.0687 -0.8101
vn 0.8718 -0.0771 -0.4837
vn 0.9500 0.2951 0.1021
vn 0.6708 0.3632 -0.6466
vn 0.9714 0.2354 -0.0310
vn 0.7577 0.3262 0.5652
vn 0.9725 0.2262 0.0553
vn 0.8921 -0.4517 0.0104
vn 0.4881 0.6443 0.5888
vn 0.9776 0.2102 0.0091
vn 0.2149 -0.3337 -0.9179
vn 0.2814 -0.4752 -0.8337
vn 0.9519 0.2991 0.0672
vn 0.5174 0.8067 -0.2854
vn 0.2066 -0.5473 -0.8111
vn 0.9967 -0.0806 0.0074
vn 0.7318 -0.2066 0.6494
vn 0.1555 -0.5387 -0.8281
vn 0.1266 -0.5016 -0.8558
vn 0.6396 0.4394 -0.6308
vn 0.5575 0.7992 -0.2247
vn 0.8440 0.4810 -0.2373
vn 0.9998 -0.0067 -0.0203
vn 0.9329 0.0962 -0.3471
vn 0.9995 -0.0164 0.0279
vn 0.9209 0.2483 0.3004
vn 0.8465 -0.4837 -0.2224
vn 0.8983 0.2422 -0.3666
vn 0.9647 0.1718 0.1996
vn 0.9883 0.1510 0.0195
vn 0.8452 0.3026 0.4405
vn 0.8936 0.4484 0.0205
vn 0.5211 0.8526 -0.0381
vn 0.5474 0.7800 -0.3032
vn 0.6142 0.2429 0.7508
vn 0.9825 -0.1808 -0.0453
vn 0.9849 -0.1422 0.0985
vn 0.5672 0.7814 -0.2602
vn -0.1650 -0.5799 -0.7978
vn 0.1514 -0.7335 -0.6626
vn 0.2239 0.1404 -0.9645
vn 0.4644 0.6792 0.5683
vn -0.1537 0.9800 0.1265
vn 0.0721 0.9372 -0.3413
vn 0.0204 0.0143 -0.9997
vn 0.9382 -0.2758 0.2092
vn 0.2422 0.1829 -0.9528
vn 0.7144 0.6346 0.2949
vn 0.7488 0.6576 -0.0827
vn 0.8187 0.5047 0.2740
vn 0.6391 0.1219 0.7594
vn 0.2391 -0.7483 -0.6187
vn 0.4320 0.8984 0.0787
vn 0.7444 0.6619 -0.0884
vn 0.9649 0.0933 -0.2453
vn 0.9341 0.2638 0.2405
vn 0.7433 -0.1346 0.6552
vn 0.7979 0.4988 0.3383
vn 0.5952 0.7641 -0.2488
vn 0.3751 0.3301 0.8662
vn -0.2680 -0.3087 -0.9126
vn 0.9937 0.0217 0.1102
vn -0.0860 0.6930 0.7158
vn 0.3589 0.8976 0.2560
vn -0.2254 -0.4516 0.8633
vn 0.2412 -0.8943 0.3769
vn 0.5768 0.7639 -0.2895
vn -0.7882 -0.6032 -0.1221
vn 0.9747 0.0557 -0.2163
vn 0.9489 0.2395 0.2056
vn 0.1124 -0.5109 -0.8523
vn 0.1616 0.9346 0.3169
vn 0.8579 0.3169 0.4045
vn 0.1295 0.9887 -0.0761
vn 0.8325 -0.3508 -0.4288
vn 0.0035 0.7801 -0.6257
vn 0.1302 0.2296 0.9645
vn 0.5447 -0.0190 -0.8384
vn -0.2334 -0.4507 0.8616
vn 0.8082 0.4418 0.3894
vn 0.8654 -0.4853 0.1250
vn -0.5408 0.7978 0.2664
vn 0.5333 0.7572 -0.3772
vn -0.2365 -0.4002 0.8854
vn 0.7600 0.5412 -0.3600
vn 0.9269 0.2170 0.3062
vn 0.9157 0.4011 0.0251
vn 0.0521 0.9909 -0.1241
vn 0.2777 0.2463 0.9285
vn -0.7003 -0.6412 0.3138
vn 0.6660 0.7434 0.0617
vn 0.1820 0.4555 0.8715
vn 0.3838 0.1218 0.9153
vn -0.2096 0.8717 0.4430
vn 0.2009 0.0770 0.9766
vn -0.1396 0.6884 0.7118
vn 0.1310 0.8722 -0.4713
vn 0.2071 0.5847 0.7844
vn 0.5778 0.4894 0.6532
vn 0.9146 0.4037 0.0223
vn -0.0943 0.2996 0.9494
vn 0.8369 0.3099 0.4512
vn -0.8396 0.2711 0.4707
vn -0.2175 0.8124 -0.5410
vn 0.5140 0.0202 -0.8576
vn -0.9760 -0.1890 -0.1086
vn -0.8012 -0.5929 0.0806
vn 0.2759 0.1203 0.9536
vn -0.4072 0.8696 0.2794
vn -0.9385 0.0119 0.3451
vn -0.6320 0.7647 -0.1258
vn 0.2695 0.6316 0.7269
vn -0.7618 0.6408 0.0954
vn 0.5294 0.8153 0.2344
vn 0.1635 0.3569 0.9197
vn 0.4710 0.4590 0.7533
vn -0.5947 0.7671 -0.2407
vn -0.2948 -0.2970 0.9083
vn -0.6810 0.7288 0.0722
vn -0.6725 0.7066 -0.2200
vn 0.5895 -0.7844 0.1930
vn 0.5407 0.6921 0.4781
vn 0.2564 0.2495 0.9338
vn -0.7941 0.1724 0.5829
vn 0.1478 -0.4078 0.9010
vn -0.7192 0.6944 -0.0238
vn 0.4172 0.8944 0.1614
vn 0.2700 0.5016 0.8219
vn -0.8050 0.2138 0.5534
vn 0.3522 0.4000 0.8461
vn 0.3506 0.4794 0.8045
vn -0.0276 -0.8233 0.5669
vn 0.2320 0.6275 0.7433
vn 0.3033 0.8557 -0.4192
vn -0.7211 0.4947 0.4851
vn -0.8300 0.5531 0.0717
vn -0.6699 0.4985 0.5503
vn 0.1496 0.1251 0.9808
vn 0.3614 -0.0588 0.9306
vn 0.3459 0.1627 0.9240
vn 0.8519 0.3326 -0.4045
vn -0.0889 -0.4738 0.8761
vn -0.8192 0.3382 0.4632
vn -0.6390 0.6480 0.4144
vn -0.5253 0.8375 0.1502
vn -0.4423 0.8967 0.0167
vn 0.1003 0.3518 0.9307
vn 0.3319 -0.2932 0.8966
vn 0.9091 0.3795 0.1718
vn -0.8208 0.3195 0.4736
vn 0.3623 0.4367 0.8234
vn -0.7703 0.5778 -0.2698
vn 0.9692 0.0812 0.2326
vn 0.4409 0.8229 0.3583
vn -0.4817 0.7742 0.4106
vn -0.6615 0.1813 0.7277
vn -0.5635 0.6812 0.4674
vn -0.8995 0.0502 0.4339
vn -0.3692 0.8089 0.4576
vn -0.7798 0.6139 0.1232
vn -0.6790 0.7131 0.1745
vn -0.5409 0.6956 0.4729
vn -0.5298 0.6559 0.5377
vn 0.9098 0.3937 0.1314
vn 0.7373 0.5824 -0.3423
vn 0.8755 0.4344 -0.2118
vn 0.1650 0.7823 0.6007
vn 0.9367 0.3467 -0.0490
vn 0.6600 -0.3716 0.6529
vn -0.1115 0.3763 0.9198
vn 0.9090 0.3964 0.1292
vn 0.4300 0.8331 0.3479
vn 0.7991 0.4905 0.3475
vn 0.8286 0.4915 -0.2680
vn 0.9766 0.0940 -0.1932
vn 0.9951 -0.0832 0.0540
vn 0.9953 0.0661 -0.0704
vn 0.0070 -0.1302 0.9915
vn -0.0393 -0.9871 0.1552
vn 0.9495 0.0269 0.3127
vn 0.7895 0.1479 0.5957
vn -0.5820 -0.3396 0.7389
vn -0.5583 0.5000 0.6620
vn 0.5271 0.7805 0.3361
vn 0.9394 0.3063 0.1538
vn -0.1145 0.4049 0.9071
vn -0.5475 0.2938 0.7835
vn -0.6056 0.4312 0.6688
vn -0.5923 0.2362 0.7703
vn -0.2943 0.4481 0.8442
vn -0.6261 0.0802 0.7756
vn -0.4936 0.6728 0.5511
vn 0.1628 0.9510 -0.2627
vn -0.6383 0.4711 0.6087
vn 0.9393 0.0677 0.3364
vn -0.1683 -0.9327 -0.3190
vn -0.2814 0.3701 0.8854
vn -0.5148 0.3388 0.7875
vn -0.3632 0.4968 0.7882
vn 0.0327 0.3682 0.9292
vn -0.5499 -0.4476 0.7052
vn 0.0085 0.3066 0.9518
vn 0.4291 -0.9001 0.0761
vn -0.5074 -0.5436 0.6686
vn 0.0389 0.3093 0.9502
vn 0.5004 -0.8072 -0.3130
vn -0.3578 0.7342 0.5770
vn 0.0612 0.2411 0.9686
vn -0.5463 0.3945 0.7389
vn -0.4063 -0.1818 -0.8955
vn -0.3244 -0.8112 0.4865
vn -0.5174 -0.5125 0.6853
vn 0.0225 0.3602 0.9326
vn -0.3872 -0.1588 0.9082
vn 0.0379 0.9859 0.1632
vn -0.0685 -0.9958 0.0605
vn -0.7527 -0.6415 0.1480
vn -0.4996 -0.5644 -0.6571
vn 0.3569 0.7235 -0.5909
vn 0.0062 0.9834 0.1816
vn -0.5261 -0.5408 0.6564
vn -0.9072 -0.4187 0.0414
vn -0.8609 -0.2525 -0.4417
vn -0.2336 0.9702 0.0645
vn -0.8893 -0.4555 0.0411
vn 0.4482 0.7111 -0.5417
vn -0.4061 -0.5941 0.6944
vn 0.1095 0.9702 0.2161
vn 0.0009 0.8849 -0.4658
vn -0.4778 -0.5898 0.6510
vn -0.0861 0.9809 0.1745
vn -0.4675 -0.8133 0.3464
vn -0.7354 0.2543 0.6281
vn -0.5628 -0.8260 -0.0320
vn -0.5266 -0.6249 0.5763
vn -0.3402 -0.8178 0.4641
vn -0.4357 -0.8992 0.0400
vn -0.6216 -0.7711 -0.1378
vn -0.5099 0.8342 0.2100
vn -0.0001 0.8888 -0.4584
vn -0.8422 -0.5237 0.1277
vn 0.5760 0.8156 0.0548
vn 0.1022 0.9055 -0.4118
vn 0.3656 0.8942 0.2584
vn -0.4327 0.8906 0.1402
vn -0.6687 -0.3173 0.6724
vn -0.4083 0.8051 0.4302
vn -0.7642 0.2017 0.6127
vn -0.8590 -0.1755 0.4810
vn -0.5738 0.7949 0.1972
vn -0.1994 0.8659 0.4588
vn -0.8545 -0.2352 0.4631
vn -0.7624 -0.2555 0.5945
vn 0.0227 0.9048 0.4253
vn -0.8586 0.2489 0.4482
vn -0.6441 -0.7393 0.1962
vn -0.8572 0.2461 0.4524
vn -0.9438 -0.2960 0.1468
vn -0.8386 0.5115 0.1876
vn -0.9685 -0.2077 0.1371
vn -0.8876 -0.2674 0.3750
vn -0.9771 0.1732 0.1234
vn -0.9647 -0.1628 0.2070
vn -0.8421 -0.2489 0.4784
vn -0.7410 -0.6685 0.0633
vn -0.6354 0.7560 -0.1573
vn -0.6880 -0.3515 0.6349
vn -0.8787 0.4724 -0.0692
vn -0.6475 -0.5106 0.5657
vn -0.7110 0.4524 0.5384
vn -0.7757 -0.5860 0.2343
vn -0.7568 -0.2458 0.6057
vn -0.8343 -0.1886 0.5181
vn -0.7218 -0.3095 0.6191
vn -0.6965 -0.2343 0.6782
vn -0.8650 0.4737 0.1655
vn -0.9278 -0.3634 0.0840
vn -0.9654 -0.1600 0.2058
vn -0.6978 -0.2368 0.6760
vn -0.7368 -0.5792 0.3489
vn -0.8363 0.0502 0.5460
vn -0.0472 0.8028 0.5944
vn -0.8885 -0.1682 0.4270
vn -0.7227 -0.3740 0.5812
vn -0.7936 -0.0072 0.6085
vn -0.9469 0.0389 0.3192
vn -0.5232 0.4761 0.7068
vn -0.5671 0.3391 0.7506
vn -0.8532 0.4954 0.1634
vn -0.9575 0.1213 0.2616
vn -0.5381 0.2829 0.7940
vn -0.5462 0.2666 0.7941
vn -0.7686 -0.2478 0.5898
vn -0.0677 0.9290 0.3638
vn -0.5935 0.6878 0.4179
vn -0.6194 0.5071 0.5994
vn -0.7911 -0.0527 0.6094
vn 0.5311 0.4279 -0.7313
vn 0.5653 -0.6790 -0.4684
vn 0.6955 -0.3299 0.6383
vn -0.8061 -0.2385 0.5416
vn -0.6137 0.6400 0.4624
vn -0.9863 0.0165 0.1642
vn 0.4099 0.2149 -0.8865
vn 0.8718 -0.0832 -0.4828
vn 0.8704 0.2990 -0.3912
vn 0.6268 0.2856 -0.7249
vn 0.9385 0.1618 -0.3050
vn 0.5731 0.2275 -0.7873
vn 0.6434 0.1914 -0.7412
vn 0.6678 0.5109 -0.5413
vn 0.4924 0.5690 -0.6586
vn 0.8703 -0.0759 -0.4867
vn 0.7918 0.0242 -0.6104
vn 0.6960 0.5167 -0.4986
vn 0.6119 0.2872 -0.7369
vn 0.9416 0.1055 -0.3198
vn 0.6608 0.5096 -0.5510
vn 0.6285 -0.4322 -0.6467
vn 0.5961 0.3808 -0.7069
vn 0.9363 0.1212 -0.3295
vn 0.6664 0.6942 -0.2720
vn 0.6951 0.5175 -0.4991
vn 0.7270 0.3426 -0.5951
vn -0.7940 0.1751 0.5821
vn 0.5658 -0.2786 0.7760
vn 0.7834 -0.4501 -0.4287
vn -0.7271 0.1471 0.6706
vn 0.1877 0.6451 0.7407
vn -0.9320 -0.2501 0.2623
vn 0.9917 0.0933 -0.0882
vn 0.8931 0.3917 -0.2213
vn 0.4106 -0.8023 -0.4332
vn -0.5889 0.6541 0.4747
vn -0.5047 0.0713 0.8604
vn 0.8869 0.4247 -0.1817
vn 0.9083 0.4084 -0.0904
vn -0.8189 0.2958 0.4918
vn -0.5215 0.5297 0.6689
vn -0.8301 0.0351 0.5566
vn -0.9379 -0.0930 0.3343
vn -0.8495 0.1499 0.5059
vn 0.9634 0.2191 -0.1543
vn -0.1899 0.9734 0.1281
vn -0.1515 -0.3602 0.9205
vn 0.7238 -0.6580 -0.2079
vn -0.6188 0.2042 0.7586
vn -0.7127 -0.2484 0.6561
vn 0.8443 0.0251 -0.5353
vn 0.6883 -0.6993 -0.1931
vn -0.9386 -0.0920 0.3325
vn -0.8023 0.2486 0.5426
vn 0.9180 0.2734 0.2873
vn 0.8484 0.4885 -0.2039
vn -0.9263 -0.1608 0.3407
vn -0.8964 -0.2461 0.3687
vn -0.9329 -0.0742 0.3525
vn 0.9267 0.2884 0.2411
vn 0.8141 0.3740 -0.4443
vn 0.7121 -0.1535 -0.6850
vn -0.6460 0.3801 0.6620
vn 0.9715 0.1694 -0.1656
vn 0.2353 0.7661 0.5980
vn 0.1073 0.9442 0.3114
vn -0.9408 -0.1402 0.3087
vn 0.9102 0.2813 0.3042
vn -0.5977 0.6701 0.4401
vn -0.7195 -0.0524 0.6925
vn 0.7589 -0.0431 -0.6498
vn 0.8492 0.1744 -0.4985
vn 0.7135 0.1874 -0.6752
vn 0.9388 0.2382 0.2488
vn 0.9094 0.0192 -0.4155
vn -0.8707 0.2732 0.4089
vn -0.7582 -0.1008 0.6442
vn 0.7240 -0.0968 -0.6830
vn 0.9674 0.2530 -0.0118
vn 0.9396 0.1771 0.2929
vn -0.5599 0.2794 0.7800
vn -0.6902 0.3720 0.6207
vn -0.8623 -0.0639 0.5024
vn 0.6105 -0.3022 -0.7321
vn 0.5296 -0.3042 -0.7918
vn 0.9996 0.0101 0.0278
vn 0.0263 -0.3055 0.9518
vn -0.6554 -0.3305 0.6792
vn 0.9560 0.0614 -0.2869
vn 0.6819 -0.5082 -0.5260
vn 0.1039 -0.8892 -0.4456
vn 0.9742 -0.1520 -0.1669
vn -0.8572 -0.1228 0.5002
vn 0.9692 0.2440 -0.0325
vn 0.9325 0.1773 0.3146
vn 0.9332 0.1798 0.3112
vn 0.9860 0.1206 0.1152
vn 0.9273 -0.2951 -0.2303
vn -0.4132 0.5156 0.7506
vn 0.6857 -0.6749 -0.2727
vn 0.9523 -0.2613 -0.1577
vn -0.0848 0.9689 0.2326
vn -0.2216 0.6023 0.7669
vn 0.0459 0.9878 -0.1487
vn 0.2056 -0.9425 -0.2634
vn 0.8340 -0.3036 -0.4607
vn 0.9603 0.2197 0.1722
vn 0.7575 -0.5875 -0.2845
vn 0.9347 0.3526 -0.0443
vn -0.3223 0.9429 -0.0837
vn -0.3104 0.8774 0.3658
vn 0.7500 -0.4259 -0.5061
vn -0.4667 0.8646 0.1861
vn 0.0663 0.9897 -0.1273
vn -0.5423 0.1879 0.8189
vn 0.5760 -0.1469 0.8041
vn 0.4142 -0.7600 0.5008
vn 0.2903 -0.3837 0.8766
vn 0.4346 -0.8927 -0.1190
vn -0.2755 0.9395 0.2036
vn 0.7211 -0.0151 -0.6926
vn 0.0666 -0.9967 0.0466
vn 0.5837 -0.2583 -0.7698
vn 0.8087 0.2751 -0.5199
vn 0.8023 -0.0434 0.5953
vn -0.0897 0.9813 0.1703
vn -0.0576 -0.9962 0.0660
vn 0.5747 0.4905 -0.6551
vn 0.9292 0.1984 0.3119
vn -0.5788 -0.3980 0.7118
vn 0.7380 0.5873 -0.3322
vn 0.4619 0.3663 -0.8078
vn 0.7853 0.4790 -0.3922
vn -0.2295 0.3875 0.8928
vn -0.5319 -0.4324 0.7281
vn 0.9027 0.3877 -0.1867
vn 0.8931 -0.0368 0.4484
vn 0.9554 0.1715 0.2403
vn 0.4714 0.4516 -0.7575
vn 0.9190 -0.2361 -0.3156
vn 0.9662 -0.0110 0.2575
vn 0.9751 -0.0311 0.2195
vn 0.9696 0.1953 0.1473
vn 0.0440 -0.9921 0.1171
vn 0.1575 0.9270 -0.3404
vn 0.7307 0.6747 0.1043
vn 0.5935 -0.7575 -0.2721
vn -0.5002 0.8653 -0.0336
vn -0.9818 -0.0366 0.1865
vn 0.2088 0.8665 -0.4534
vn 0.9468 -0.3187 -0.0455
vn 0.7250 -0.1043 -0.6808
vn -0.3883 -0.2579 -0.8847
vn -0.8615 0.2854 0.4199
vn -0.6967 0.7165 0.0339
vn 0.8961 -0.4425 -0.0356
vn 0.9743 0.0525 0.2191
vn -0.3312 -0.0008 -0.9436
vn -0.5949 0.3726 -0.7122
vn 0.0728 0.9781 0.1949
vn 0.9554 0.1499 0.2545
vn -0.7769 0.0635 -0.6265
vn -0.5289 -0.2513 -0.8107
vn -0.4445 -0.2731 -0.8531
vn 0.4341 -0.8881 -0.1508
vn 0.0461 -0.8517 -0.5220
vn -0.8814 0.3230 -0.3447
vn -0.4660 0.8846 0.0165
vn -0.3625 -0.9318 -0.0209
vn 0.9320 -0.3037 -0.1977
vn 0.2679 -0.7216 -0.6383
vn 0.5355 -0.7459 -0.3961
vn 0.6426 -0.1160 0.7574
vn -0.4557 0.1663 -0.8744
vn -0.4660 0.3892 -0.7946
vn -0.5212 0.4218 -0.7419
vn -0.6678 -0.3028 -0.6800
vn -0.2099 -0.1837 -0.9603
vn -0.4175 0.2352 -0.8777
vn 0.9078 -0.3673 -0.2022
vn -0.0158 -0.8640 -0.5032
vn -0.6259 0.2870 -0.7251
vn -0.7004 0.4204 -0.5768
vn 0.6239 0.3488 0.6994
vn -0.7444 0.3238 -0.5840
vn -0.7207 0.0427 0.6919
vn -0.1956 -0.8027 0.5634
vn -0.2660 0.2294 0.9363
vn 0.0766 -0.6012 0.7954
vn 0.3409 0.7414 0.5780
vn -0.7544 0.1429 0.6407
vn 0.1491 -0.5923 0.7918
vn -0.7874 0.4308 -0.4410
vn 0.5619 0.1022 0.8208
vn -0.7845 0.4436 0.4333
vn 0.4333 0.4713 0.7682
vn -0.5534 0.1232 0.8237
vn 0.0694 -0.7012 0.7096
vn -0.2814 -0.7636 0.5812
vn -0.7321 0.3552 0.5813
vn 0.4923 -0.1711 0.8535
vn -0.8814 0.3434 -0.3242
vn -0.5616 0.8024 0.2019
vn -0.7168 0.5711 -0.4001
vn -0.4305 -0.0255 0.9022
vn -0.6709 0.1781 0.7198
vn -0.4788 0.3831 0.7899
vn -0.8118 0.3056 0.4975
vn 0.2052 0.5731 0.7934
vn -0.4373 -0.3735 0.8181
vn -0.8129 0.3585 -0.4589
vn -0.7909 0.4276 -0.4377
vn -0.5297 0.5201 0.6701
vn -0.8097 0.1298 -0.5723
vn -0.6413 0.4134 0.6464
vn -0.2535 -0.8018 0.5412
vn -0.8802 0.3938 -0.2648
vn -0.9057 0.1243 -0.4053
vn -0.8116 0.4928 -0.3139
vn -0.5673 0.4226 0.7068
vn -0.6235 0.0408 0.7807
vn -0.5139 0.4798 0.7111
vn 0.3629 0.7241 0.5865
vn -0.7258 0.5853 -0.3613
vn -0.7292 0.3610 0.5813
vn -0.1201 -0.9927 -0.0066
vn -0.3136 -0.9490 0.0335
vn -0.7279 0.3628 0.5818
vn -0.3529 -0.9026 0.2465
vn -0.8847 0.2164 0.4128
vn -0.0128 -0.0376 0.9992
vn -0.8011 0.5771 -0.1589
vn -0.5395 -0.8237 -0.1746
vn -0.5841 0.3466 0.7340
vn -0.7121 -0.0283 0.7015
vn -0.7813 0.5401 0.3129
vn 0.3160 0.6789 -0.6627
vn 0.4531 0.8075 -0.3776
vn -0.2972 -0.7241 0.6224
vn 0.3831 0.6970 -0.6062
vn 0.5669 -0.2795 0.7749
vn 0.6284 0.5878 -0.5094
vn -0.2532 -0.9535 0.1634
vn 0.3897 -0.5627 0.7290
vn -0.5246 -0.7504 0.4022
vn -0.6569 -0.5228 0.5433
vn -0.1594 -0.9528 0.2583
vn 0.7960 0.6043 -0.0351
vn 0.2614 0.9448 -0.1977
vn -0.5672 -0.7899 0.2330
vn -0.6443 -0.6290 0.4350
vn 0.2849 0.9463 -0.1526
vn 0.6042 0.1693 0.7786
vn 0.6022 0.5981 -0.5288
vn -0.6890 -0.7009 -0.1843
vn -0.6426 -0.4659 0.6082
vn 0.5873 0.6931 0.4179
vn -0.0692 0.7087 0.7021
vn -0.6323 -0.4747 0.6123
vn 0.8362 0.5409 -0.0906
vn -0.6157 0.0030 0.7879
vn 0.8899 -0.4523 0.0585
vn 0.4234 -0.8750 -0.2347
vn -0.5906 -0.7794 -0.2093
vn -0.7134 -0.5818 -0.3905
vn -0.7322 -0.6426 -0.2257
vn -0.6502 -0.7420 -0.1636
vn -0.9263 -0.3225 -0.1948
vn -0.8400 -0.5345 0.0935
vn 0.3083 -0.9485 0.0720
vn -0.7740 -0.2967 -0.5593
vn -0.1957 -0.8910 0.4096
vn -0.5730 -0.7018 0.4233
vn -0.3475 -0.8541 0.3869
vn -0.7006 -0.7133 -0.0205
vn -0.7251 -0.6483 -0.2325
vn -0.5982 -0.6564 -0.4596
vn -0.4675 -0.8838 0.0173
vn -0.5964 -0.8019 -0.0362
vn -0.2717 -0.8069 0.5245
vn 0.4424 -0.8698 0.2184
vn -0.7304 -0.6828 -0.0184
vn 0.7621 -0.6397 -0.1001
vn 0.0842 -0.8657 0.4935
vn 0.9368 -0.1744 -0.3032
vn -0.9194 -0.1476 -0.3646
vn 0.4974 0.5681 -0.6556
vn -0.6515 -0.7340 -0.1920
vn -0.3639 -0.6897 0.6260
vn -0.9720 -0.1815 0.1490
vn 0.1269 -0.9525 0.2767
vn -0.7220 -0.5409 -0.4314
vn -0.7834 -0.4158 -0.4619
vn -0.8116 -0.5807 0.0640
vn 0.7668 -0.5586 0.3161
vn 0.5403 -0.8343 -0.1102
vn 0.9430 -0.3295 0.0456
vn 0.6876 -0.5981 -0.4116
vn -0.6415 -0.7353 0.2185
vn 0.3420 -0.5288 0.7768
vn 0.7230 -0.6901 -0.0320
vn -0.7222 -0.6582 0.2126
vn 0.9076 0.3460 0.2380
vn 0.8978 -0.4358 0.0635
vn 0.5526 -0.8288 0.0877
vn 0.0330 -0.6314 0.7747
vn -0.6582 -0.7110 -0.2475
vn 0.4485 0.8874 -0.1064
vn 0.7241 -0.3820 0.5742
vn 0.6546 -0.3905 0.6473
vn 0.6303 -0.7721 0.0817
vn -0.5592 -0.2190 0.7996
vn -0.6537 -0.4712 -0.5921
vn -0.6076 -0.6539 -0.4508
vn 0.9259 -0.3273 0.1886
vn 0.0103 -0.6835 0.7299
vn 0.7230 -0.6853 0.0872
vn 0.6345 -0.7626 -0.1257
vn 0.8223 -0.5569 -0.1166
vn 0.4883 -0.8562 -0.1689
vn 0.5085 -0.8242 -0.2492
vn 0.4494 -0.8792 0.1582
vn -0.6420 -0.7297 -0.2353
vn 0.5030 -0.5291 0.6834
vn 0.3437 -0.7500 0.5651
vn 0.5942 -0.7497 0.2913
vn 0.6080 -0.7142 0.3468
vn 0.3984 -0.1722 0.9009
vn 0.6249 -0.7750 -0.0943
vn 0.2294 -0.9589 0.1669
vn 0.8853 -0.2328 0.4026
vn 0.1479 -0.1159 0.9822
vn 0.8368 -0.4655 -0.2883
vn 0.1447 -0.3841 0.9119
vn 0.5939 -0.7024 0.3923
vn 0.5524 -0.8302 0.0752
vn 0.7043 -0.5182 0.4851
vn -0.5004 -0.6338 -0.5898
vn -0.7521 -0.0127 0.6589
vn -0.7179 0.1023 0.6886
vn 0.3203 -0.8110 0.4895
vn -0.1387 0.5524 0.8220
vn 0.1795 -0.9263 0.3313
vn 0.3852 -0.4186 0.8224
vn 0.4082 -0.8405 0.3563
vn -0.0906 0.2331 0.9682
vn -0.2165 0.4378 0.8726
vn 0.4769 0.8785 0.0279
vn 0.8632 -0.4462 0.2361
vn 0.5899 -0.7293 0.3466
vn 0.6310 -0.6706 0.3900
vn 0.7606 -0.6457 0.0673
vn -0.5428 0.4934 0.6797
vn -0.5280 -0.7443 -0.4090
vn -0.7304 0.2802 0.6229
vn 0.6021 -0.1233 0.7888
vn 0.2078 -0.0350 0.9775
vn -0.0397 0.9088 0.4153
vn 0.9319 -0.2029 0.3007
vn 0.5884 -0.8049 0.0774
vn 0.6019 -0.1159 0.7901
vn -0.3037 0.9528 0.0011
vn 0.6982 0.6804 -0.2226
vn 0.8413 0.3187 0.4366
vn -0.0638 0.9883 -0.1389
vn 0.6024 0.7710 0.2068
vn 0.7967 0.2445 0.5527
vn 0.0559 0.9955 -0.0764
vn 0.6074 0.7892 -0.0904
vn 0.6104 0.7641 -0.2090
vn 0.3668 0.9300 0.0251
vn 0.2571 0.9613 0.0993
vn -0.2761 0.9424 0.1889
vn 0.2675 0.9629 0.0366
vn 0.6150 0.7807 0.1110
vn 0.7665 -0.0365 0.6412
vn 0.4798 0.4941 0.7250
vn 0.6906 0.0844 0.7183
vn 0.7818 0.5030 -0.3684
vn 0.5528 0.7435 0.3764
vn 0.4064 0.7556 -0.5138
vn -0.0654 0.9004 0.4301
vn 0.2210 -0.9315 -0.2887
vn -0.0352 0.9552 0.2940
vn -0.6711 0.6665 0.3246
vn -0.1746 0.9187 0.3542
vn 0.8547 0.1108 0.5072
vn -0.0461 0.9918 0.1196
vn 0.2662 -0.9155 -0.3017
vn 0.5846 -0.3519 0.7311
vn 0.3361 0.8974 -0.2858
vn 0.2978 -0.9341 0.1969
vn -0.3190 0.9341 -0.1601
vn -0.1887 0.9644 -0.1852
vn 0.4363 -0.7655 -0.4730
vn 0.6851 -0.6559 -0.3170
vn -0.2255 0.9598 -0.1672
vn 0.7981 -0.6022 0.0186
vn -0.4264 0.8389 -0.3384
vn 0.3173 0.0091 -0.9483
vn -0.4128 0.0257 0.9105
vn 0.1565 0.9495 -0.2719
vn 0.8580 -0.3187 0.4029
vn -0.1516 0.9020 -0.4042
vn -0.1785 0.9188 0.3522
vn 0.0253 0.9989 -0.0394
vn -0.0479 0.8883 -0.4568
vn 0.2745 -0.0938 -0.9570
vn -0.2840 0.9584 0.0269
vn 0.7675 -0.5956 -0.2371
vn 0.0525 0.9106 -0.4100
vn 0.7885 0.0316 0.6143
vn -0.7924 -0.5438 -0.2763
vn 0.6601 0.7283 0.1840
vn 0.1248 0.9724 -0.1971
vn -0.5782 -0.1361 -0.8044
vn -0.1217 0.9861 0.1130
vn -0.5182 0.8536 -0.0532
vn -0.4425 0.7562 -0.4820
vn 0.2336 -0.9584 -0.1640
vn 0.4557 -0.6906 0.5616
vn 0.5925 -0.7636 0.2566
vn -0.0238 -0.9663 -0.2565
vn 0.7962 0.6037 -0.0385
vn -0.2882 -0.0901 0.9533
vn -0.5138 0.8570 -0.0383
vn -0.9837 0.0858 -0.1581
vn -0.2370 0.9708 0.0365
vn -0.1633 -0.9100 -0.3810
vn -0.5124 -0.8495 -0.1261
vn -0.2652 0.7563 -0.5981
vn 0.6637 -0.6212 -0.4167
vn 0.9263 0.3212 0.1969
vn -0.4845 -0.8493 -0.2097
vn -0.6575 -0.2869 -0.6967
vn -0.1738 0.9716 -0.1608
vn -0.1922 -0.7918 -0.5797
vn 0.0247 -0.9701 -0.2414
vn 0.1492 -0.7283 -0.6689
vn 0.5060 0.8161 -0.2791
vn -0.0474 0.8875 -0.4584
vn -0.6015 0.5610 0.5688
vn 0.0725 0.9866 -0.1460
vn 0.1898 0.9804 -0.0534
vn -0.5986 -0.3327 0.7287
vn -0.1819 0.9822 -0.0467
vn -0.7834 -0.6193 0.0518
vn -0.1006 -0.0778 -0.9919
vn -0.7859 0.5586 0.2652
vn -0.0189 -0.9653 -0.2605
vn 0.4079 -0.8575 -0.3134
vn 0.0445 0.2449 -0.9685
vn 0.4151 0.9093 0.0305
vn 0.5045 0.8094 -0.3005
vn 0.0681 0.2124 -0.9748
vn -0.7959 0.6052 0.0156
vn 0.5468 0.0255 -0.8369
vn 0.8256 -0.5177 0.2246
vn -0.3371 0.9291 -0.1522
vn -0.4182 -0.9079 -0.0278
vn 0.5274 -0.8424 0.1106
vn -0.4111 0.2040 -0.8885
vn -0.0775 -0.2071 -0.9753
vn -0.8198 -0.4290 -0.3793
vn -0.5751 -0.1985 0.7936
vn -0.5392 -0.5528 -0.6354
vn -0.0461 -0.9649 0.2584
vn 0.6012 0.7609 -0.2441
vn 0.1242 0.3326 -0.9349
vn 0.0057 0.7801 0.6256
vn -0.9840 0.0241 0.1764
vn 0.0777 0.8927 -0.4439
vn -0.8077 -0.5352 0.2473
vn 0.0568 0.9929 0.1046
vn 0.5866 -0.1774 -0.7902
vn 0.6380 -0.7699 -0.0173
vn 0.8109 -0.0913 -0.5780
vn 0.7256 0.6369 -0.2606
vn 0.8622 0.0760 -0.5008
vn 0.0292 -0.9725 -0.2312
vn -0.7071 -0.4218 -0.5675
vn -0.5690 -0.2188 0.7927
vn 0.7135 0.0320 -0.6999
vn -0.8674 -0.4832 -0.1186
vn 0.2439 -0.4381 -0.8652
vn -0.9598 0.2791 -0.0299
vn -0.7412 -0.6197 0.2579
vn 0.6781 -0.7079 0.1973
vn 0.4950 -0.7794 0.3840
vn 0.1337 0.6076 -0.7829
vn -0.5981 0.8013 -0.0104
vn -0.6257 0.7463 0.2270
vn -0.8971 -0.4353 -0.0756
vn -0.1132 -0.9123 0.3936
vn 0.8703 0.2592 -0.4189
vn 0.7776 0.6146 -0.1329
vn 0.0052 0.7262 -0.6875
vn 0.7930 0.4117 -0.4490
vn 0.0518 0.7174 -0.6947
vn -0.2212 0.8532 -0.4723
vn 0.8223 0.3623 -0.4389
vn 0.9320 0.3118 0.1850
vn 0.9779 0.0725 -0.1962
vn 0.9060 0.4229 -0.0177
vn -0.0831 0.8177 -0.5696
vn 0.3913 0.2176 -0.8942
vn 0.8630 0.3343 -0.3788
vn 0.1479 0.8675 -0.4749
vn 0.3842 -0.0813 -0.9197
vn 0.7587 0.4343 -0.4854
vn 0.9862 0.0465 -0.1591
vn 0.3176 0.5831 -0.7478
vn 0.3137 -0.5370 -0.7831
vn -0.1776 0.3287 0.9276
vn -0.9412 -0.0719 -0.3301
vn -0.2550 0.3316 0.9083
vn 0.3375 0.5108 -0.7907
vn 0.0820 -0.7968 0.5986
vn 0.6206 0.7077 -0.3377
vn 0.3642 0.6496 -0.6674
vn 0.9893 0.1011 0.1051
vn 0.7591 -0.3099 0.5725
vn -0.0058 0.9626 -0.2707
vn 0.7820 0.4658 -0.4142
vn 0.8152 0.4761 -0.3297
vn 0.6137 0.7735 -0.1581
vn 0.6258 0.7612 -0.1703
vn 0.9372 -0.3487 -0.0084
vn 0.7702 0.4840 -0.4154
vn 0.6320 0.7585 -0.1588
vn 0.2525 -0.6339 -0.7310
vn 0.0365 0.6317 -0.7743
vn 0.7899 0.5146 -0.3335
vn 0.1501 0.1130 -0.9822
vn 0.6510 -0.3621 0.6672
vn -0.9190 -0.0624 0.3893
vn 0.7016 0.5779 -0.4168
vn 0.6302 0.4417 -0.6385
vn 0.9435 0.3030 -0.1341
vn 0.7980 0.4946 -0.3445
vn -0.0305 0.9884 0.1488
vn 0.6542 0.6566 -0.3754
vn 0.9930 0.1125 0.0370
vn 0.9280 0.3005 -0.2205
vn 0.9064 -0.2344 0.3514
vn 0.6036 -0.6696 0.4327
vn 0.5847 -0.6117 0.5328
vn 0.9990 0.0397 0.0227
vn 0.4562 0.7581 -0.4660
vn 0.9985 0.0542 -0.0059
vn 0.6221 0.7741 -0.1171
vn 0.7842 0.5959 -0.1730
vn 0.0506 0.2421 -0.9689
vn 0.8421 0.0048 0.5393
vn 0.3010 0.2301 -0.9254
vn 0.2195 0.6076 -0.7633
vn 0.7847 0.4866 -0.3839
vn 0.6253 0.7720 -0.1146
vn 0.2682 -0.4615 -0.8456
vn -0.5186 -0.3466 0.7816
vn 0.7841 0.5127 -0.3498
vn 0.9205 0.3892 0.0345
vn 0.0709 -0.7068 -0.7039
vn 0.6348 0.4379 -0.6366
vn 0.0092 0.6633 -0.7483
vn -0.0628 -0.8790 0.4726
vn 0.6016 -0.0975 0.7928
vn 0.6728 0.5152 0.5310
vn 0.5423 -0.8150 0.2041
vn 0.8814 -0.3651 0.2999
vn 0.7851 -0.3354 0.5207
vn 0.0849 0.2342 0.9685
vn 0.1520 -0.8422 0.5173
vn -0.1731 -0.8730 -0.4560
vn 0.4165 -0.8318 0.3669
vn 0.0331 -0.9941 0.1031
vn -0.9744 -0.1963 -0.1093
vn 0.0253 0.9803 0.1957
vn 0.4421 -0.7099 0.5483
vn 0.6881 -0.4563 0.5642
vn 0.6808 -0.3465 0.6454
vn -0.0296 -0.7132 0.7003
vn -0.4674 -0.8631 0.1913
vn -0.0071 -0.8696 0.4938
vn 0.5692 -0.8062 -0.1616
vn 0.1025 -0.8985 0.4269
vn 0.0948 0.9944 -0.0457
vn 0.3231 -0.8698 -0.3729
vn -0.8967 -0.3964 -0.1969
vn -0.9859 -0.1599 -0.0489
vn -0.5904 0.5398 -0.6000
vn -0.9944 -0.0945 0.0466
vn 0.1091 0.2289 -0.9673
vn 0.7036 -0.2969 -0.6456
vn -0.0677 -0.4716 -0.8792
vn -0.7609 -0.6307 -0.1525
vn 0.0551 0.2642 -0.9629
vn -0.5644 -0.5084 -0.6504
vn -0.8519 0.3846 -0.3555
vn 0.2409 0.2349 -0.9417
vn 0.0612 -0.8398 -0.5394
vn 0.3721 0.9239 -0.0893
vn 0.7136 -0.6807 -0.1656
vn -0.5883 -0.0420 -0.8075
vn 0.2896 0.1221 -0.9493
vn 0.8178 0.0371 0.5743
vn 0.6348 -0.3633 -0.6820
vn 0.8488 -0.4925 0.1926
vn 0.6693 -0.7329 0.1220
vn 0.7188 0.3251 -0.6146
vn 0.2626 0.6989 -0.6652
vn 0.4193 -0.8661 0.2721
vn 0.4501 -0.1551 -0.8794
vn -0.0104 0.3339 -0.9426
vn 0.8595 0.1509 -0.4884
vn 0.8592 -0.3234 -0.3966
vn -0.0555 0.5619 -0.8253
vn -0.5060 0.0764 -0.8591
vn 0.0097 -0.3466 -0.9380
vn -0.5273 0.1597 -0.8345
vn -0.1451 0.4779 -0.8664
vn -0.0785 0.0671 -0.9946
vn 0.7543 -0.3165 -0.5752
vn 0.6145 0.7847 0.0813
vn 0.1100 0.9726 -0.2047
vn 0.1604 0.9216 -0.3535
vn 0.7874 -0.0017 -0.6164
vn 0.4115 0.9112 -0.0178
vn 0.0054 0.5603 -0.8283
vn 0.6194 0.7832 0.0548
vn -0.3227 0.3829 -0.8656
vn 0.4115 0.9111 0.0259
vn 0.2806 0.9234 -0.2618
vn 0.7276 0.5722 -0.3785
vn -0.0972 -0.5933 -0.7991
vn 0.7585 0.5765 -0.3037
vn 0.0966 0.5962 -0.7970
vn 0.4567 0.3169 -0.8313
vn 0.8038 -0.1068 -0.5853
vn 0.1015 0.3394 0.9351
vn -0.3877 0.8792 -0.2769
vn -0.1825 -0.6702 0.7194
vn -0.2269 0.8696 -0.4386
vn -0.4002 0.6611 0.6347
vn -0.3860 0.6739 0.6300
vn -0.1746 0.8017 -0.5717
vn -0.2530 0.2083 -0.9448
vn -0.2826 0.9063 -0.3142
vn -0.4370 0.8342 -0.3364
vn -0.4407 0.8174 -0.3711
vn 0.0282 0.9674 -0.2517
vn -0.3014 0.4493 -0.8410
vn 0.1277 0.9859 -0.1081
vn -0.0425 0.1082 -0.9932
vn 0.0406 0.9936 -0.1058
vn -0.2679 0.0111 -0.9634
vn 0.1572 0.9293 -0.3343
vn -0.3477 0.9314 0.1077
vn -0.2607 0.2700 -0.9269
vn 0.0611 0.8363 -0.5448
vn -0.1085 0.6353 -0.7646
vn -0.1250 0.9398 -0.3181
vn -0.5704 0.7878 -0.2323
vn -0.3373 0.4349 -0.8349
vn -0.2480 -0.4652 -0.8498
vn 0.0057 0.8239 -0.5667
vn -0.2109 0.5391 -0.8154
vn -0.4283 0.2268 -0.8747
vn -0.3818 0.6623 0.6447
vn -0.1553 0.4679 -0.8700
vn -0.2069 0.5407 -0.8154
vn -0.6981 -0.1311 -0.7039
vn -0.0681 0.3734 -0.9252
vn -0.0732 -0.1754 -0.9818
vn -0.6878 0.2128 -0.6940
vn -0.0866 0.2761 -0.9572
vn 0.4790 0.8483 0.2257
vn -0.2924 0.8223 -0.4882
vn -0.5869 -0.1584 -0.7940
vn 0.4363 0.8272 -0.3541
vn -0.5306 0.4775 -0.7004
vn -0.4702 0.7463 -0.4711
vn -0.2654 0.8210 -0.5054
vn -0.2448 0.6484 -0.7209
vn -0.8124 0.2765 -0.5134
vn -0.0905 0.9414 -0.3250
vn -0.5656 0.7977 -0.2095
vn -0.3112 0.4179 -0.8535
vn -0.6693 -0.0605 -0.7405
vn -0.4000 0.8929 -0.2066
vn -0.6666 0.1845 -0.7222
vn -0.0531 0.3677 -0.9284
vn -0.0244 0.8311 -0.5556
vn -0.8610 0.0360 -0.5074
vn -0.1529 0.3959 -0.9055
vn -0.1698 0.1840 -0.9682
vn -0.0890 0.3989 -0.9127
vn 0.0342 -0.1669 -0.9854
vn -0.4978 0.8079 -0.3153
vn -0.4590 0.7962 -0.3941
vn -0.3828 0.7659 -0.5166
vn -0.0682 0.0850 -0.9940
vn -0.0981 0.0159 -0.9951
vn -0.0329 0.8490 -0.5273
vn 0.0941 0.8313 -0.5479
vn -0.5169 0.3354 -0.7876
vn 0.0281 0.8609 -0.5080
vn -0.6339 0.6769 -0.3740
vn -0.1493 0.7893 -0.5956
vn -0.3255 0.8705 -0.3692
vn -0.3022 0.0240 -0.9529
vn -0.2474 0.8291 -0.5013
vn -0.7473 0.6111 -0.2610
vn -0.5093 0.1571 -0.8461
vn -0.5266 0.3169 -0.7888
vn -0.1495 0.7711 -0.6189
vn -0.1715 0.7653 -0.6204
vn -0.6156 -0.3919 -0.6837
vn -0.7749 0.0658 -0.6286
vn -0.3628 0.4325 -0.8254
vn -0.7504 0.0838 -0.6557
vn -0.7668 0.0853 -0.6362
vn -0.3958 0.8889 -0.2307
vn -0.5647 0.6904 -0.4522
vn -0.3226 0.8526 -0.4112
vn 0.9562 0.2449 -0.1605
vn -0.3819 0.7668 -0.5159
vn -0.6701 0.6362 -0.3824
vn -0.8161 0.1504 -0.5581
vn -0.6111 0.2571 -0.7486
vn -0.7398 0.0325 -0.6720
vn -0.6991 -0.0974 -0.7083
vn -0.5623 -0.0376 -0.8261
vn -0.7392 0.0355 -0.6725
vn -0.7586 0.0384 -0.6504
vn -0.6426 0.5042 -0.5770
vn -0.6903 0.0991 -0.7167
vn -0.5564 0.6849 -0.4704
vn 0.9172 0.3491 -0.1920
vn -0.7719 -0.0304 -0.6350
vn -0.7073 0.6301 -0.3205
vn -0.9256 -0.3758 0.0459
vn -0.7000 0.6883 -0.1903
vn -0.5606 0.2924 -0.7747
vn -0.7918 0.2909 -0.5371
vn -0.8065 0.3637 -0.4661
vn -0.5425 0.2116 -0.8129
vn 0.9562 0.2021 -0.2116
vn -0.7577 0.3130 -0.5727
vn 0.9411 -0.3329 0.0594
vn -0.4284 0.8071 -0.4062
vn -0.5226 0.6692 -0.5283
vn -0.9492 -0.3117 0.0433
vn 0.0123 -0.4761 -0.8793
vn -0.4771 0.3082 -0.8230
vn -0.7460 -0.0162 -0.6657
vn -0.4367 0.8074 -0.3968
vn -0.7131 0.6661 -0.2187
vn -0.1978 0.7088 0.6771
vn 0.9635 0.2437 -0.1108
vn -0.0006 -0.6334 -0.7738
vn -0.4662 0.2498 -0.8487
vn -0.7128 -0.2457 -0.6569
vn -0.5063 -0.1110 -0.8552
vn -0.2021 0.7052 0.6796
vn -0.6512 0.7001 -0.2928
vn -0.7180 0.5193 0.4634
vn -0.2420 0.6994 0.6725
vn -0.6822 0.6740 -0.2834
vn 0.9905 0.1053 -0.0889
vn 0.0229 -0.4437 -0.8959
vn -0.8823 -0.3978 0.2517
vn -0.5401 -0.3928 0.7443
vn -0.3263 0.9388 -0.1100
vn -0.5519 0.2117 -0.8066
vn -0.1377 0.9848 -0.1062
vn 0.1372 -0.8487 0.5107
vn 0.0690 -0.9156 0.3961
vn -0.9611 -0.1163 0.2506
vn -0.2961 0.6469 0.7027
vn -0.4733 -0.4453 0.7600
vn -0.6589 -0.7222 0.2103
vn -0.8304 0.4060 0.3815
vn -0.2071 0.7905 -0.5764
vn -0.9405 0.0387 0.3376
vn -0.6566 -0.7539 0.0233
vn 0.6955 0.7131 -0.0879
vn -0.7615 0.1995 0.6167
vn -0.6199 -0.1053 -0.7776
vn 0.0389 -0.3186 -0.9471
vn -0.9284 -0.3669 -0.0592
vn -0.8082 -0.2903 0.5123
vn -0.6184 0.3265 -0.7148
vn -0.5062 -0.8259 0.2482
vn -0.7908 0.1627 -0.5901
vn -0.5001 -0.5502 0.6687
vn -0.3339 -0.8891 0.3129
vn -0.7036 0.5250 0.4789
vn -0.5874 0.5843 0.5600
vn -0.9295 -0.3672 0.0332
vn -0.2814 0.6552 0.7011
vn -0.3004 -0.8922 0.3372
vn 0.8459 0.3937 -0.3599
vn -0.2399 0.8187 0.5217
vn 0.8566 0.4948 -0.1465
vn -0.5832 0.7091 -0.3963
vn 0.8596 0.4805 -0.1737
vn -0.8178 0.2777 -0.5040
vn -0.7210 0.5028 0.4767
vn -0.9827 0.0416 0.1802
vn -0.0788 -0.5171 0.8523
vn -0.5922 0.3685 0.7166
vn -0.5595 0.7892 -0.2534
vn 0.8677 -0.0705 -0.4921
vn -0.5177 0.7083 0.4798
vn 0.5026 0.8171 -0.2824
vn 0.9817 0.1466 -0.1213
vn -0.7363 -0.2948 0.6090
vn 0.8865 0.2353 -0.3985
vn -0.8456 0.3330 0.4172
vn -0.7841 -0.5680 0.2501
vn -0.8912 0.0618 -0.4495
vn 0.9677 0.2285 -0.1068
vn -0.3651 0.2877 -0.8854
vn 0.8405 0.3768 -0.3894
vn 0.9410 -0.3357 0.0430
vn -0.8840 0.0050 -0.4675
vn 0.8843 -0.0827 -0.4595
vn -0.1278 0.2242 0.9661
vn 0.8269 0.1834 -0.5316
vn -0.6565 -0.7414 0.1392
vn 0.9629 -0.2493 0.1031
vn 0.6974 0.7149 -0.0513
vn 0.3069 -0.9472 -0.0932
vn 0.7064 -0.7077 0.0128
vn 0.7195 -0.2468 -0.6491
vn 0.8334 -0.4796 0.2746
vn -0.8477 0.3793 -0.3708
vn 0.7157 -0.0795 -0.6938
vn 0.7220 -0.1418 -0.6772
vn 0.8839 0.4527 -0.1173
vn 0.7463 -0.1794 -0.6410
vn 0.8258 0.5294 -0.1941
vn -0.0397 0.3912 0.9194
vn 0.6386 -0.0805 -0.7653
vn 0.9630 -0.2157 0.1613
vn 0.7728 0.5944 0.2225
vn 0.0797 0.7057 0.7040
vn 0.6817 -0.6057 -0.4104
vn 0.7349 0.6755 -0.0607
vn -0.6033 -0.7933 0.0814
vn 0.7755 0.1806 -0.6050
vn -0.0879 -0.9065 -0.4130
vn -0.7893 -0.4954 0.3626
vn 0.7028 0.7109 -0.0267
vn 0.1612 0.8530 -0.4964
vn 0.6707 0.4234 -0.6090
vn 0.8117 -0.4154 -0.4106
vn -0.3671 -0.9104 0.1908
vn 0.5381 -0.4820 -0.6915
vn 0.5805 -0.4361 -0.6876
vn 0.5950 -0.2524 -0.7631
vn 0.8172 0.5466 -0.1826
vn 0.2370 0.8588 -0.4542
vn 0.6880 0.7237 -0.0549
vn -0.4321 0.7543 -0.4943
vn 0.4151 -0.6361 -0.6504
vn 0.9128 -0.4011 0.0766
vn 0.1864 -0.0665 0.9802
vn 0.6455 0.6905 -0.3265
vn 0.6022 0.5992 0.5276
vn -0.7978 0.5027 -0.3329
vn -0.6131 0.4854 -0.6233
vn 0.0041 0.7073 -0.7069
vn -0.7755 -0.6028 -0.1876
vn 0.3244 -0.2599 0.9095
vn -0.7803 0.5184 0.3499
vn 0.3677 -0.9282 0.0573
vn -0.7596 -0.4846 0.4338
vn 0.6752 0.5056 -0.5371
vn -0.8093 -0.3243 0.4898
vn -0.6340 -0.7527 0.1776
vn -0.6094 -0.7604 -0.2246
vn 0.3747 -0.9267 0.0298
vn 0.0157 -0.7631 0.6461
vn 0.8157 0.5783 0.0124
vn -0.9015 0.4326 -0.0154
vn 0.8673 -0.3100 -0.3895
vn 0.6739 -0.0840 -0.7340
vn -0.6086 -0.7924 -0.0415
vn 0.3108 -0.2067 0.9277
vn 0.5163 0.6705 -0.5328
vn 0.1090 -0.4265 -0.8979
vn 0.9202 -0.1498 0.3618
vn -0.8534 0.5060 -0.1253
vn -0.8168 0.5651 0.1163
vn -0.1735 -0.1432 0.9744
vn -0.2416 -0.4945 -0.8350
vn -0.3171 0.9276 -0.1976
vn -0.7692 -0.6306 0.1034
vn -0.6228 -0.7767 0.0941
vn -0.9633 -0.2442 0.1116
vn -0.8389 0.5392 -0.0748
vn 0.8210 -0.4859 -0.2998
vn 0.8269 0.5454 -0.1374
vn -0.9088 -0.0964 -0.4060
vn -0.9700 -0.0108 -0.2430
vn -0.8237 0.2947 0.4845
vn -0.7364 0.5134 -0.4406
vn -0.9211 -0.2269 -0.3163
vn -0.8890 -0.1875 -0.4178
vn 0.7056 -0.3631 -0.6085
vn 0.7144 -0.6227 0.3192
vn 0.9011 0.4033 0.1595
vn -0.1013 -0.7130 0.6939
vn -0.9595 -0.0691 0.2732
vn 0.6538 -0.3526 -0.6695
vn -0.4132 -0.5982 0.6866
vn -0.0374 -0.7286 0.6839
vn -0.8858 -0.0787 -0.4574
vn -0.4468 -0.8260 -0.3437
vn -0.8381 -0.0305 0.5446
vn -0.4529 -0.8662 -0.2113
vn -0.5367 0.8348 -0.1227
vn 0.9281 -0.3687 0.0523
vn -0.9014 -0.2312 -0.3662
vn -0.6615 -0.7392 -0.1261
vn 0.5899 0.1827 -0.7865
vn 0.3870 0.2937 -0.8741
vn 0.6666 -0.7385 -0.1009
vn 0.1721 -0.7009 0.6922
vn -0.2897 -0.8291 0.4781
vn -0.0187 0.7986 0.6016
vn 0.3342 -0.1228 0.9345
vn 0.7140 0.7001 0.0095
vn -0.3153 0.9473 0.0562
vn 0.2549 -0.9491 0.1853
vn -0.6341 -0.7641 -0.1189
vn 0.9719 -0.1791 0.1530
vn 0.2822 0.0771 0.9563
vn -0.2453 0.9688 -0.0357
vn 0.6387 -0.7608 -0.1150
vn 0.2970 0.4505 -0.8419
vn 0.5227 0.5504 -0.6510
vn -0.0158 -0.7808 0.6245
vn 0.8504 -0.5250 0.0345
vn -0.3660 0.7749 0.5153
vn -0.4263 -0.9010 -0.0807
vn 0.0341 -0.6202 0.7837
vn 0.9736 -0.0190 -0.2276
vn 0.9223 0.2175 -0.3195
vn -0.0843 -0.1872 0.9787
vn 0.0417 -0.2728 -0.9612
vn 0.5599 -0.5918 0.5799
vn -0.7184 -0.6669 0.1980
vn -0.7683 -0.5630 0.3045
vn 0.7110 -0.6711 0.2101
vn 0.1836 0.5640 -0.8051
vn -0.6004 0.7763 -0.1922
vn -0.4232 0.7834 0.4552
vn -0.5819 0.8093 0.0805
vn -0.9505 -0.1242 -0.2849
vn 0.5877 0.7452 -0.3151
vn -0.9583 -0.0439 -0.2823
vn -0.9632 -0.0163 -0.2683
vn -0.4572 -0.8589 0.2310
vn -0.9728 -0.1451 -0.1807
vn -0.5501 0.8344 0.0353
vn -0.6897 -0.7238 0.0195
vn 0.9680 -0.2251 0.1112
vn -0.8885 -0.1138 -0.4445
vn -0.9634 -0.0129 -0.2678
vn -0.9887 0.1382 -0.0576
vn 0.7887 0.5752 -0.2170
vn 0.6895 0.6239 -0.3678
vn -0.9063 0.0160 0.4223
vn 0.3956 0.7506 -0.5293
vn 0.1053 0.1691 0.9799
vn -0.5351 0.0934 0.8396
vn -0.9514 -0.0368 -0.3058
vn -0.9703 0.1724 -0.1695
vn -0.9471 -0.2065 -0.2457
vn -0.4755 0.8098 -0.3436
vn -0.1649 0.9671 -0.1939
vn 0.2112 -0.2324 0.9494
vn -0.1761 -0.4834 0.8575
vn -0.8301 0.5237 -0.1915
vn -0.2693 0.9335 -0.2366
vn 0.2276 0.9594 -0.1667
vn -0.0692 -0.8124 0.5790
vn -0.9743 -0.1303 -0.1837
vn -0.4096 0.9103 0.0592
vn 0.3377 -0.1219 0.9333
vn -0.4453 -0.5052 0.7392
vn -0.7185 0.5128 -0.4698
vn -0.6545 -0.2177 0.7240
vn -0.1259 0.9597 0.2514
vn -0.6113 -0.2259 0.7585
vn -0.9584 -0.0012 -0.2854
vn -0.4494 -0.8650 -0.2233
vn -0.6741 -0.6652 0.3211
vn 0.3320 0.1781 -0.9263
vn -0.9549 0.1244 -0.2695
vn -0.4470 -0.4764 0.7571
vn -0.5950 -0.5446 0.5910
vn -0.6394 -0.6996 0.3190
vn -0.6058 -0.5333 0.5904
vn 0.6866 0.4864 -0.5404
vn 0.3913 0.2345 -0.8899
vn -0.3152 -0.4708 0.8240
vn -0.8022 -0.2473 0.5434
vn 0.3471 -0.1000 0.9325
vn 0.2598 -0.0532 0.9642
vn -0.3229 -0.4405 0.8376
vn -0.5627 -0.8200 0.1049
vn -0.9695 0.0591 -0.2379
vn 0.0586 -0.0148 -0.9982
vn -0.1158 -0.2500 0.9613
vn -0.7933 0.5191 -0.3181
vn -0.0869 -0.9015 -0.4240
vn 0.1674 -0.0131 0.9858
vn -0.5228 -0.8517 0.0364
vn -0.9564 -0.0048 -0.2921
vn -0.3519 -0.6268 0.6952
vn -0.5105 -0.8365 0.1992
vn -0.1475 -0.4736 0.8683
vn 0.1842 0.9638 0.1927
vn -0.3822 -0.4635 0.7994
vn 0.2749 -0.1995 -0.9405
vn -0.6064 0.7407 -0.2892
vn 0.2794 0.4353 -0.8558
vn -0.6993 0.6652 -0.2617
vn 0.0101 -0.9177 -0.3971
vn -0.1263 -0.7716 0.6234
vn -0.1084 -0.2957 0.9491
vn 0.2828 0.8508 -0.4428
vn 0.1665 0.9736 0.1559
vn -0.0011 0.9866 0.1631
vn 0.6382 0.7498 -0.1745
vn 0.2461 0.1649 -0.9551
vn 0.3730 0.4002 -0.8371
vn -0.6739 -0.5169 0.5280
vn -0.0427 0.4505 -0.8917
vn -0.8565 0.4908 -0.1599
vn -0.6202 -0.7691 -0.1542
vn -0.1478 -0.6865 -0.7120
vn -0.5168 -0.8483 0.1157
vn -0.1588 -0.2904 0.9436
vn 0.0288 -0.9339 -0.3563
vn -0.8694 0.2318 -0.4364
vn -0.1491 -0.6268 -0.7648
vn -0.0687 -0.9589 -0.2752
vn -0.5108 -0.4796 0.7135
vn 0.2162 0.9622 -0.1655
vn -0.4969 -0.7664 0.4072
vn -0.3463 -0.5273 0.7759
vn -0.7688 0.5032 -0.3948
vn 0.2211 0.9600 -0.1717
vn -0.2468 -0.6540 -0.7151
vn -0.8930 0.3039 -0.3321
vn 0.5653 0.6603 -0.4944
vn -0.2139 -0.6180 -0.7565
vn -0.1413 0.9893 0.0366
vn 0.1391 0.6360 -0.7590
vn -0.1856 0.9723 -0.1423
vn 0.3761 0.8674 -0.3258
vn -0.8403 0.5131 -0.1751
vn -0.8881 -0.3739 0.2673
vn 0.3371 0.8458 -0.4136
vn -0.8119 -0.4245 -0.4008
vn -0.9634 0.2302 -0.1377
vn -0.9957 -0.0583 -0.0721
vn -0.3924 -0.3581 0.8472
vn -0.7428 -0.1771 0.6457
vn -0.6273 0.7484 -0.2155
vn -0.2949 0.9522 -0.0801
vn -0.3081 0.9215 -0.2364
vn -0.5309 -0.2270 0.8164
vn -0.3634 -0.1878 0.9125
vn 0.2307 0.1825 -0.9557
vn -0.1644 0.2893 0.9430
vn -0.9954 0.0607 -0.0739
vn -0.2304 -0.8613 -0.4528
vn -0.8570 0.2753 -0.4356
vn -0.0774 -0.6840 0.7253
vn -0.3510 -0.4239 0.8349
vn -0.6370 0.0019 0.7708
vn -0.9069 0.2074 -0.3667
vn 0.2151 0.6721 -0.7085
vn -0.3515 -0.4817 0.8028
vn -0.4919 -0.8596 -0.1388
vn -0.8721 0.4893 0.0099
vn -0.8277 -0.4550 0.3285
vn -0.5066 -0.4695 0.7231
vn -0.6201 -0.7675 -0.1623
vn -0.0809 -0.9532 -0.2914
vn -0.1084 -0.9586 -0.2634
vn -0.7141 0.0282 0.6994
vn -0.5156 -0.4646 0.7200
vn 0.1978 0.8792 -0.4334
vn -0.3182 -0.2929 0.9017
vn -0.8076 -0.4311 -0.4025
vn -0.2104 -0.2111 0.9545
vn -0.8523 0.5051 -0.1360
vn -0.7540 0.4488 -0.4797
vn -0.3233 -0.8713 0.3691
vn 0.5110 0.2111 -0.8333
vn -0.2789 -0.5908 -0.7571
vn -0.6819 0.6718 -0.2894
vn -0.6069 -0.0837 0.7903
vn -0.6371 0.0017 0.7708
vn -0.7390 0.6138 -0.2777
vn 0.5502 0.5773 -0.6033
vn -0.8394 0.4150 -0.3511
vn -0.5249 0.5912 -0.6123
vn -0.0628 -0.9593 0.2754
vn -0.7782 -0.6100 0.1494
vn -0.8101 -0.5783 -0.0966
vn -0.7097 0.3858 -0.5895
vn 0.0857 0.9926 -0.0856
vn -0.4868 0.8370 -0.2498
vn -0.7048 0.3925 -0.5910
vn -0.5141 -0.4771 0.7128
vn -0.0080 -0.8168 0.5768
vn 0.7238 0.0977 0.6830
vn -0.8793 0.2215 -0.4216
vn -0.4761 0.7933 -0.3794
vn -0.5939 -0.3308 0.7334
vn -0.2080 -0.6081 0.7661
vn -0.4212 -0.4250 0.8013
vn -0.7179 0.0122 0.6961
vn 0.1934 0.9440 -0.2674
vn 0.3994 0.3810 -0.8339
vn -0.5885 -0.3225 0.7414
vn -0.1923 -0.9692 -0.1538
vn -0.4437 -0.2420 0.8629
vn 0.5414 0.3054 -0.7833
vn -0.4525 -0.4096 0.7921
vn -0.5262 -0.2910 0.7991
vn -0.7472 0.3625 0.5571
vn 0.2338 0.9688 0.0817
vn -0.1252 0.9848 -0.1205
vn -0.0119 -0.9467 0.3220
vn 0.9805 0.1338 -0.1441
vn 0.8472 0.5026 -0.1723
vn -0.0286 0.9198 -0.3913
vn -0.4622 0.4172 -0.7825
vn -0.2529 0.7274 -0.6379
vn 0.2002 0.9577 -0.2065
vn -0.4398 0.8867 -0.1425
vn -0.6365 0.7175 -0.2828
vn -0.4183 0.9076 -0.0370
vn 0.7683 0.6336 -0.0909
vn -0.1544 -0.8801 -0.4489
vn -0.2536 0.9642 -0.0771
vn -0.9063 -0.0242 0.4219
vn -0.8136 -0.2829 -0.5080
vn -0.8496 0.3954 -0.3490
vn -0.0210 0.9383 -0.3451
vn 0.3723 -0.9122 0.1712
vn 0.2438 -0.9154 0.3204
vn -0.5988 -0.7504 -0.2800
vn -0.6635 0.7365 -0.1319
vn 0.5098 -0.4105 -0.7561
vn -0.3627 0.9159 0.1719
vn 0.7700 0.4841 0.4156
vn -0.4140 0.6830 0.6018
vn -0.1019 0.9142 -0.3921
vn -0.0350 0.9587 0.2824
vn -0.0049 -0.9975 -0.0705
vn 0.2698 -0.3878 -0.8814
vn 0.4490 0.8542 -0.2621
vn 0.3727 -0.2113 -0.9036
vn 0.9855 -0.1229 -0.1171
vn -0.2752 0.8776 -0.3925
vn -0.9628 0.2061 0.1750
vn -0.8772 -0.1483 -0.4567
vn -0.8046 0.2540 0.5368
vn -0.0555 0.9984 0.0101
vn -0.7616 -0.5511 -0.3411
vn -0.1772 -0.8239 -0.5383
vn -0.2316 0.9354 -0.2672
vn -0.2733 0.9515 -0.1413
vn -0.1173 0.6299 0.7677
vn -0.4563 0.8684 0.1941
vn -0.8247 0.3347 -0.4560
vn -0.6034 0.6591 -0.4489
vn -0.0712 -0.3884 -0.9188
vn -0.5194 -0.0658 -0.8520
vn -0.9656 0.1477 0.2140
vn -0.2478 0.1045 -0.9632
vn 0.1837 0.7657 -0.6164
vn -0.5320 0.7462 -0.4002
vn -0.4628 0.4583 -0.7588
vn -0.9665 0.1914 0.1710
vn -0.6170 0.4429 0.6505
vn -0.9537 -0.2084 -0.2169
vn -0.7577 0.2691 -0.5946
vn 0.3770 0.7372 0.5608
vn -0.5217 0.1384 -0.8419
vn -0.0318 0.9510 0.3074
vn -0.7263 -0.5375 -0.4286
vn -0.7092 -0.5819 -0.3981
vn -0.5821 -0.8054 -0.1120
vn 0.4662 0.8628 -0.1955
vn 0.2110 -0.2518 0.9445
vn -0.4988 -0.8355 0.2303
vn 0.0229 -0.8806 0.4733
vn 0.4636 0.8749 -0.1401
vn 0.3636 0.9243 -0.1164
vn -0.8613 0.0655 -0.5039
vn -0.4354 -0.7406 -0.5117
vn 0.3381 -0.3226 -0.8841
vn 0.2592 0.9658 -0.0034
vn -0.9034 -0.3613 0.2309
vn 0.5338 0.7478 -0.3949
vn -0.6616 -0.4237 -0.6187
vn 0.1964 0.9754 -0.1002
vn -0.0589 0.3203 -0.9455
vn -0.2581 0.9610 0.0991
vn 0.4253 0.9020 0.0740
vn -0.4452 -0.8419 0.3049
vn 0.0949 0.7367 -0.6695
vn 0.1628 -0.9644 0.2085
vn -0.3686 0.8882 0.2745
vn 0.0910 0.9879 -0.1253
vn 0.4112 -0.3237 -0.8521
vn 0.4734 -0.4019 -0.7838
vn -0.9110 -0.1681 0.3767
vn 0.0688 0.0261 0.9973
vn 0.3630 0.7736 -0.5195
vn 0.3403 0.7801 -0.5251
vn -0.8924 -0.3820 -0.2403
vn -0.6179 -0.1849 0.7642
vn -0.5808 0.4738 -0.6619
vn -0.6563 -0.4503 -0.6054
vn -0.1132 0.9729 0.2015
vn -0.6777 -0.6159 0.4016
vn -0.8317 0.5218 -0.1898
vn -0.9270 0.3729 0.0410
vn -0.5369 0.7764 -0.3302
vn -0.1299 0.8577 -0.4975
vn -0.2487 0.5667 -0.7855
vn -0.5146 0.7215 0.4633
vn 0.4883 -0.7431 -0.4575
vn 0.1258 0.9660 0.2258
vn -0.9298 0.3661 0.0388
vn -0.3849 -0.1032 -0.9172
vn 0.0255 -0.0712 0.9971
vn 0.2253 0.9094 0.3497
vn -0.9081 -0.1823 0.3771
vn -0.7080 0.6469 -0.2832
vn -0.3656 0.9221 -0.1269
vn 0.4288 0.2907 -0.8554
vn 0.5765 0.7572 0.3072
vn 0.2888 0.9177 0.2726
vn -0.5796 -0.7627 -0.2870
vn -0.3739 -0.1682 0.9121
vn -0.3287 -0.9344 -0.1374
vn -0.6193 0.3167 0.7185
vn -0.0562 -0.6915 -0.7202
vn 0.9320 -0.3569 0.0629
vn 0.5876 0.7364 0.3353
vn -0.6328 0.6633 -0.3995
vn -0.8280 -0.4655 -0.3127
vn -0.2832 0.7817 -0.5557
vn -0.3810 0.9198 -0.0937
vn 0.2695 0.9567 -0.1096
vn -0.0490 0.9971 0.0583
vn 0.2263 0.9659 -0.1255
vn -0.9144 -0.4035 0.0327
vn -0.7887 -0.4470 -0.4220
vn 0.0508 0.8233 -0.5653
vn 0.0315 0.9991 0.0273
vn -0.5700 -0.2355 0.7872
vn 0.0580 0.9915 -0.1161
vn -0.9073 0.4188 0.0373
vn -0.5175 -0.3867 0.7633
vn -0.7242 -0.1924 0.6622
vn -0.9513 -0.0970 0.2926
vn 0.1717 0.9551 -0.2413
vn -0.5977 0.4207 -0.6825
vn -0.4360 -0.6373 -0.6354
vn -0.5598 0.4224 0.7129
vn -0.2673 0.9088 0.3204
vn -0.9442 -0.2944 0.1479
vn 0.1740 0.9546 -0.2419
vn 0.3961 0.8889 0.2302
vn 0.4731 0.8800 -0.0426
vn -0.6238 0.4373 -0.6478
vn -0.9600 0.2292 0.1609
vn -0.0003 0.5940 -0.8045
vn -0.4054 -0.8636 0.2999
vn -0.5816 -0.8018 -0.1375
vn -0.6622 -0.7013 -0.2639
vn -0.3230 0.8800 -0.3484
vn -0.9214 -0.0415 -0.3864
vn -0.7413 -0.6703 -0.0328
vn 0.2469 0.9581 -0.1454
vn -0.2765 -0.9315 0.2361
vn 0.4288 0.8706 0.2413
vn -0.4669 0.7089 -0.5286
vn 0.3026 0.9427 -0.1406
vn 0.8221 -0.4204 0.3840
vn -0.1731 0.0230 -0.9846
vn 0.1274 -0.7049 0.6978
vn 0.2393 0.9610 -0.1386
vn 0.5631 0.7885 0.2474
vn 0.2559 0.9518 -0.1689
vn -0.5056 0.8001 -0.3227
vn 0.4406 0.7545 -0.4864
vn 0.0718 0.0066 0.9974
vn -0.3735 0.7366 -0.5639
vn -0.5238 -0.8508 0.0416
vn -0.7827 -0.6206 0.0479
vn -0.1888 -0.8942 0.4060
vn 0.4166 0.8997 -0.1301
vn 0.8963 0.3930 -0.2054
vn -0.3563 0.8820 -0.3084
vn 0.4321 0.8885 -0.1545
vn 0.3509 0.9033 -0.2467
vn 0.0293 -0.8918 0.4514
vn 0.4678 0.8053 -0.3641
vn -0.6405 -0.6812 0.3546
vn 0.0131 -0.6841 0.7292
vn 0.5153 -0.6717 -0.5323
vn -0.7940 -0.6012 0.0898
vn -0.5157 -0.8312 0.2077
vn 0.9308 0.3527 -0.0962
vn -0.1247 -0.9749 0.1843
vn -0.7792 -0.6167 0.1116
vn 0.4502 0.8921 -0.0383
vn -0.5428 -0.8149 0.2033
vn 0.6070 0.7865 -0.1137
vn -0.5607 -0.8006 0.2114
vn 0.5298 -0.6583 -0.5347
vn 0.2435 -0.9168 0.3164
vn -0.7746 -0.6296 0.0610
vn -0.4687 -0.8803 0.0740
vn -0.5314 -0.4766 -0.7003
vn 0.1234 0.9625 0.2417
vn 0.4799 -0.6685 -0.5682
vn 0.5568 0.7945 0.2423
vn -0.3828 -0.8792 0.2838
vn 0.3889 0.9138 0.1172
vn 0.3989 0.0454 -0.9159
vn 0.2748 0.9244 -0.2646
vn 0.1056 0.5857 -0.8036
vn -0.6925 -0.0391 0.7203
vn 0.7549 0.5359 0.3781
vn -0.0993 -0.7620 -0.6399
vn 0.5841 0.8028 0.1196
vn -0.4679 0.4780 -0.7433
vn 0.6712 -0.6259 -0.3971
vn 0.3158 0.9486 0.0182
vn -0.1984 0.9379 -0.2845
vn -0.4426 0.5026 0.7426
vn 0.2010 0.9667 -0.1582
vn 0.9184 -0.3410 -0.2007
vn -0.0213 -0.0247 -0.9995
vn -0.0497 -0.7809 -0.6227
vn 0.0623 -0.2476 0.9668
vn 0.8802 0.3952 -0.2626
vn 0.8182 -0.5566 0.1440
vn 0.1057 0.7377 -0.6668
vn -0.2279 -0.6416 0.7324
vn 0.6665 0.5555 -0.4971
vn 0.6015 0.7905 0.1154
vn 0.7552 0.6386 -0.1478
vn 0.7323 0.6718 -0.1112
vn 0.9565 0.1954 -0.2167
vn 0.7633 0.6250 -0.1636
vn 0.9160 -0.3850 -0.1132
vn 0.4743 -0.8019 0.3633
vn 0.8128 0.4421 -0.3793
vn 0.6794 -0.0678 -0.7306
vn 0.6613 -0.0314 -0.7495
vn 0.1647 0.5852 -0.7940
vn 0.6433 0.2479 -0.7244
vn 0.7841 -0.4888 -0.3826
vn 0.8153 -0.5425 -0.2024
vn 0.9345 -0.1222 -0.3345
vn 0.0319 0.7542 -0.6558
vn 0.7104 -0.0530 -0.7018
vn -0.1279 0.0408 -0.9910
vn -0.2565 0.8833 -0.3925
vn 0.4489 0.8317 -0.3268
vn -0.3645 0.8619 -0.3526
vn 0.7978 -0.6008 0.0513
vn 0.7979 -0.6011 0.0455
vn -0.0068 0.9828 0.1843
vn -0.1654 0.9136 -0.3716
vn -0.0012 0.5775 -0.8164
vn -0.0022 -0.2585 -0.9660
vn 0.4476 0.8243 -0.3467
vn 0.6503 -0.6252 0.4316
vn 0.9246 0.1775 -0.3371
vn 0.1905 0.8496 -0.4918
vn -0.2712 0.8367 -0.4758
vn 0.2048 -0.8335 -0.5131
vn 0.6220 -0.7127 0.3244
vn 0.8787 -0.4257 -0.2158
vn -0.6104 0.1986 0.7668
vn 0.2356 -0.7584 -0.6076
vn 0.0855 0.5296 -0.8439
vn 0.6916 0.5103 -0.5111
vn -0.2367 0.4202 0.8760
vn 0.6989 0.4939 -0.5173
vn 0.3702 0.7643 -0.5279
vn -0.0207 0.9830 0.1823
vn 0.7546 0.3713 -0.5411
vn -0.0435 0.7356 0.6760
vn 0.7237 0.1624 -0.6707
vn 0.8630 -0.5029 -0.0479
vn -0.2210 -0.2132 -0.9517
vn 0.6658 0.4553 0.5911
vn 0.8620 -0.5047 -0.0480
vn 0.4917 -0.8675 0.0753
vn -0.2029 0.9138 0.3518
vn -0.7510 0.3168 0.5794
vn 0.9089 -0.3718 -0.1887
vn -0.4178 0.8458 0.3319
vn 0.5012 0.8474 -0.1754
vn 0.0864 -0.8013 -0.5920
vn 0.4587 -0.8714 0.1739
vn 0.7540 -0.4857 -0.4422
vn 0.5938 -0.7346 -0.3283
vn 0.5037 -0.7575 0.4154
vn 0.3915 0.6722 0.6284
vn 0.3764 0.4605 -0.8039
vn 0.1739 0.7913 0.5861
vn 0.6294 -0.7768 -0.0225
vn 0.6794 0.0021 0.7337
vn -0.1016 0.9943 0.0307
vn 0.9262 -0.3466 -0.1487
vn -0.5820 0.7247 0.3689
vn 0.6259 -0.7792 -0.0341
vn 0.9417 0.0302 -0.3351
vn 0.7096 0.5062 -0.4901
vn -0.1226 0.9892 0.0801
vn 0.5310 -0.8441 0.0747
vn -0.5192 0.7449 0.4190
vn -0.2638 0.9571 0.1202
vn 0.8868 -0.0931 -0.4527
vn 0.8309 0.0928 -0.5487
vn -0.6396 0.5422 0.5450
vn 0.2529 0.7475 0.6142
vn 0.4088 -0.8307 0.3779
vn 0.8680 -0.3492 -0.3529
vn 0.7186 0.5876 -0.3721
vn 0.3574 0.6090 0.7081
vn 0.4147 -0.8315 -0.3697
vn 0.6761 0.5678 -0.4695
vn -0.3010 0.9417 -0.1503
vn 0.2917 0.8200 0.4924
vn -0.1379 0.7419 0.6561
vn 0.8767 -0.1221 -0.4653
vn -0.6715 0.7229 0.1627
vn -0.5862 0.5374 0.6062
vn -0.6462 0.6866 0.3333
vn 0.0351 0.5980 0.8007
vn 0.5159 -0.8496 -0.1097
vn 0.8942 -0.1002 -0.4364
vn 0.8559 0.2702 -0.4410
vn -0.6371 0.6788 0.3651
vn 0.6865 -0.7145 -0.1349
vn 0.8790 -0.1095 -0.4641
vn 0.9134 -0.3652 0.1796
vn 0.0637 0.7676 0.6378
vn 0.7126 0.6972 -0.0782
vn 0.8765 -0.1224 -0.4656
vn 0.8094 0.4518 -0.3752
vn -0.9024 0.3856 0.1925
vn 0.6463 -0.3945 -0.6531
vn 0.8682 -0.0558 -0.4930
vn -0.7939 -0.4285 0.4314
vn -0.1907 0.8750 0.4450
vn 0.8918 -0.1279 -0.4339
vn 0.8244 -0.1060 -0.5560
vn 0.6844 0.7264 -0.0633
vn 0.7885 -0.0385 -0.6139
vn 0.8338 0.0377 -0.5509
vn 0.6492 0.7400 -0.1758
vn 0.8274 0.2670 -0.4941
vn 0.7290 0.3323 -0.5985
vn -0.3313 0.8701 0.3648
vn 0.8027 0.3930 -0.4487
vn 0.3467 0.8306 0.4357
vn 0.5848 0.6676 -0.4607
vn 0.7406 0.4154 -0.5282
vn -0.3176 0.8980 0.3046
vn 0.8010 0.0040 -0.5986
vn 0.7828 -0.0338 -0.6213
vn 0.6416 0.4864 -0.5931
vn 0.7451 0.5731 -0.3412
vn 0.6553 0.6033 0.4546
vn 0.5010 0.8323 -0.2374
vn 0.7731 0.0652 -0.6309
vn 0.1576 0.7886 0.5944
vn 0.8385 0.1313 -0.5289
vn 0.6118 0.7467 -0.2613
vn 0.7774 0.5668 -0.2729
vn 0.1809 0.9636 0.1968
vn -0.3482 0.8325 0.4310
vn -0.1302 0.6267 0.7683
vn -0.0829 0.7626 0.6415
vn 0.8342 -0.0093 -0.5514
vn 0.7659 0.0614 -0.6400
vn 0.5768 0.6561 -0.4867
vn 0.7931 0.5163 -0.3232
vn 0.8280 0.1258 -0.5465
vn 0.7514 0.2632 -0.6051
vn 0.7697 0.3090 -0.5586
vn 0.5855 0.6674 -0.4603
vn 0.7766 0.0741 -0.6256
vn 0.6288 0.6171 0.4732
vn 0.5418 0.8082 -0.2306
vn 0.7691 0.2355 -0.5942
vn 0.7383 0.2489 -0.6269
vn 0.8345 0.2904 -0.4682
vn 0.6410 0.6001 -0.4785
vn 0.7474 0.2686 -0.6077
vn -0.0345 0.9814 0.1891
vn 0.7627 0.0673 -0.6432
vn 0.6565 0.6227 -0.4258
vn 0.2480 0.8709 0.4243
vn 0.6889 0.5192 0.5057
vn 0.1696 0.9556 -0.2411
vn 0.5742 0.7165 0.3962
vn 0.8226 0.3100 -0.4767
vn 0.6853 0.4867 0.5418
vn 0.6519 0.5138 0.5578
vn 0.5363 0.8399 0.0836
vn 0.3264 0.8779 0.3504
vn 0.2881 0.8470 0.4467
vn 0.3042 0.7992 0.5184
vn 0.2830 0.8271 0.4856
vn 0.2549 0.8937 -0.3693
vn 0.6409 0.7670 -0.0323
vn 0.7834 0.4375 0.4415
vn -0.0623 0.9260 0.3725
vn 0.2486 0.8910 -0.3800
vn 0.5042 0.8162 -0.2822
vn 0.5969 0.7013 0.3897
vn 0.6568 0.5216 0.5446
vn 0.3509 0.8185 0.4549
vn 0.1757 0.9495 0.2599
vn 0.6591 0.7207 0.2147
vn 0.6235 0.6160 -0.4813
vn 0.5728 0.6966 0.4320
vn 0.6902 0.6728 0.2663
vn 0.5598 0.5970 -0.5746
vn 0.6372 0.5694 0.5194
vn 0.6853 0.4868 0.5416
vn 0.5576 0.7171 0.4182
vn 0.8536 0.5029 -0.1361
vn 0.6632 0.6325 0.4001
vn 0.7555 0.5685 0.3256
vn 0.6041 0.4055 -0.6860
vn 0.7309 0.6581 0.1811
vn 0.5927 0.5127 0.6211
vn -0.0058 0.9764 -0.2157
vn 0.7837 0.6211 0.0012
vn 0.1649 0.9543 -0.2491
vn 0.5704 0.8092 0.1409
vn 0.8480 0.5246 -0.0757
vn 0.7288 0.6634 0.1695
vn 0.7938 0.6023 0.0839
vn 0.5740 0.5817 0.5764
vn 0.8774 0.4695 0.0989
vn 0.8765 0.4800 -0.0375
vn 0.7844 0.3219 -0.5302
vn 0.8457 0.5219 0.1114
vn 0.7035 0.7078 0.0637
vn 0.9441 0.3297 -0.0003
vn 0.3063 0.8537 -0.4212
vn 0.9086 0.4084 0.0872
vn 0.7091 0.6263 0.3238
vn -0.0336 0.8746 -0.4836
vn 0.4778 0.8229 -0.3074
vn 0.8084 0.5791 0.1053
vn 0.7254 0.6063 0.3260
vn 0.8507 0.5223 0.0595
vn 0.8999 0.4348 -0.0343
vn 0.9790 0.1353 0.1522
vn 0.9309 0.3652 -0.0064
vn 0.0298 0.9438 -0.3293
vn 0.9772 0.1962 -0.0816
vn 0.6509 0.4543 0.6083
vn 0.9179 0.2563 -0.3031
vn 0.9319 0.2897 -0.2183
vn 0.8764 0.4787 0.0520
vn 0.9636 0.2119 -0.1629
vn 0.9561 0.2818 0.0804
vn 0.9601 0.2524 -0.1206
vn 0.9633 0.2397 -0.1209
vn 0.9701 0.2417 0.0210
vn 0.3385 0.9279 -0.1564
vn 0.9136 0.3949 0.0968
vn 0.9564 0.2683 -0.1151
vn 0.9423 0.3283 0.0649
vn 0.9497 0.2755 -0.1488
vn 0.9243 0.2430 -0.2944
vn 0.9051 0.4245 0.0258
vn 0.9711 0.2284 0.0691
vn 0.9967 0.0675 0.0449
vn -0.0139 0.9147 -0.4039
vn 0.8577 0.5068 0.0868
vn 0.9293 0.3596 -0.0845
vn 0.9615 0.2749 0.0052
vn 0.0978 0.9126 -0.3971
vn 0.8926 0.4158 0.1742
vn 0.7202 0.2843 0.6329
vn 0.3293 0.9442 -0.0078
vn 0.1044 0.9553 -0.2766
vn 0.7125 0.5860 0.3858
vn -0.0005 0.8903 -0.4553
vn 0.8737 0.4796 -0.0814
vn 0.2065 0.9113 -0.3562
vn 0.6946 0.6025 0.3931
vn 0.9547 0.2562 0.1514
vn -0.1527 0.8826 -0.4446
vn 0.6266 0.5618 0.5402
vn 0.3389 0.9403 -0.0316
vn 0.6831 0.4487 0.5762
vn 0.2811 0.9312 -0.2320
vn 0.8900 0.3721 -0.2635
vn -0.3654 0.8401 -0.4009
vn 0.7684 0.2890 0.5710
vn -0.0193 0.9447 -0.3273
vn 0.7721 0.4913 0.4031
vn 0.7423 0.4756 0.4720
vn 0.9096 0.3066 -0.2804
vn 0.6976 0.7133 0.0680
vn 0.9554 0.2552 -0.1489
vn 0.7018 0.5882 0.4018
vn 0.8718 0.4575 0.1751
vn 0.7589 0.5633 -0.3269
vn 0.8687 0.4432 -0.2214
vn 0.2438 0.9347 0.2587
vn 0.9341 0.2662 -0.2379
vn 0.7688 0.6219 -0.1492
vn 0.8940 0.3501 0.2797
vn 0.5667 0.5900 -0.5751
vn 0.8575 0.5058 0.0945
vn 0.8577 0.5141 0.0089
vn 0.7481 0.5776 0.3268
vn 0.7715 0.6225 0.1314
vn 0.8383 0.5402 -0.0734
vn -0.0900 0.8301 -0.5504
vn 0.8259 0.3773 0.4191
vn 0.2186 0.8318 -0.5102
vn 0.6503 0.7489 0.1276
vn 0.8310 0.5469 -0.1021
vn 0.0724 0.8774 -0.4743
vn 0.6844 0.7287 -0.0232
vn 0.8109 0.4417 -0.3838
vn 0.8997 0.3214 0.2952
vn 0.8182 0.5126 0.2603
vn 0.8146 0.5784 0.0437
vn 0.9965 0.0541 -0.0640
vn 0.8446 0.4119 0.3421
vn 0.9573 0.0160 -0.2885
vn 0.8421 -0.3829 0.3799
vn 0.7395 0.4848 -0.4671
vn 0.8172 0.4311 -0.3826
vn 0.8110 0.3895 -0.4365
vn 0.2543 0.9452 -0.2048
vn 0.8413 -0.5366 0.0648
vn 0.0793 0.8898 -0.4495
vn 0.8310 -0.5469 0.1012
vn 0.5533 0.6391 0.5343
vn 0.8514 0.5036 0.1467
vn 0.7316 0.5879 -0.3452
vn 0.5818 0.8065 -0.1047
vn 0.7760 0.6294 0.0408
vn 0.8249 -0.2462 -0.5088
vn 0.7041 0.7058 -0.0787
vn 0.6679 0.7229 0.1772
vn 0.6464 0.4825 -0.5910
vn 0.8444 0.5265 0.0989
vn 0.6140 -0.5051 -0.6065
vn 0.6252 0.7641 0.1591
vn 0.6947 0.5183 -0.4988
vn 0.3395 0.9401 -0.0313
vn 0.2557 0.8773 -0.4061
vn 0.8592 0.3008 -0.4138
vn -0.0630 0.8006 -0.5959
vn 0.7257 -0.4114 -0.5515
vn 0.2869 0.8840 -0.3690
vn 0.8145 0.5801 0.0019
vn -0.1508 0.7478 -0.6466
vn 0.1587 0.9305 -0.3301
vn 0.6739 -0.3656 -0.6420
vn 0.2426 0.8926 -0.3801
vn -0.1321 0.6303 -0.7650
vn -0.1288 0.6297 -0.7661
vn 0.5192 0.8400 -0.1578
vn 0.8129 0.5821 -0.0159
vn 0.0985 0.2933 -0.9510
vn 0.3775 0.9205 -0.1005
vn -0.1593 0.7446 -0.6482
vn -0.1544 0.7332 -0.6623
vn 0.0609 0.7260 -0.6850
vn 0.2026 0.7004 -0.6844
vn -0.1767 0.6967 -0.6952
vn -0.4587 0.6755 -0.5773
vn 0.1182 0.9023 -0.4145
vn 0.5066 0.5867 -0.6318
vn 0.5697 -0.4922 -0.6582
vn 0.1596 0.9149 -0.3707
vn -0.7053 0.6940 -0.1447
vn -0.2136 0.7108 -0.6702
vn 0.1576 0.3206 -0.9340
vn 0.4579 0.8208 -0.3416
vn -0.4006 0.5044 -0.7649
vn 0.5816 -0.4832 -0.6544
vn -0.7231 0.6720 -0.1601
vn -0.6570 0.6755 -0.3348
vn -0.7900 0.4694 -0.3944
vn 0.1534 0.7726 -0.6160
vn -0.1143 0.1443 -0.9829
vn 0.0618 0.5293 -0.8462
vn -0.6808 0.6592 -0.3193
vn 0.5318 0.8461 0.0366
vn -0.3726 0.5622 -0.7383
vn 0.5692 0.8195 0.0671
vn 0.1091 0.2837 -0.9527
vn -0.6545 0.6660 -0.3578
vn 0.0204 0.9956 -0.0915
vn 0.6288 -0.7615 0.1574
vn 0.7800 0.6254 0.0225
vn 0.8058 -0.5404 -0.2422
vn -0.2551 0.4162 -0.8728
vn -0.6258 0.7400 -0.2465
vn 0.4771 0.8622 0.1701
vn -0.4883 0.6643 -0.5659
vn 0.6867 0.6443 0.3367
vn 0.5468 0.8369 -0.0246
vn 0.2175 0.9365 0.2750
vn 0.2326 0.9610 0.1496
vn 0.7306 -0.1887 0.6562
vn 0.7400 -0.2142 0.6376
vn -0.0099 0.8398 -0.5429
vn -0.2048 -0.8177 0.5379
vn 0.3722 0.5402 -0.7548
vn 0.1316 0.9003 -0.4148
vn -0.2763 -0.8334 0.4787
vn 0.0477 0.9869 -0.1542
vn -0.2427 -0.8554 0.4576
vn -0.1965 -0.7303 0.6543
vn -0.1730 -0.8338 0.5242
vn -0.3909 0.7753 -0.4960
vn -0.5397 -0.1544 0.8276
vn -0.1370 0.7669 -0.6270
vn -0.5376 0.2140 0.8156
vn -0.4880 -0.2052 0.8484
vn 0.4538 0.4463 -0.7713
vn -0.5469 -0.2835 0.7877
vn -0.6987 0.1646 0.6962
vn -0.6421 -0.7180 -0.2687
vn 0.4720 0.4372 -0.7655
vn -0.7272 -0.0450 0.6850
vn 0.5208 0.1488 -0.8406
vn 0.6514 -0.0521 -0.7570
vn -0.2771 -0.9592 -0.0562
vn -0.0536 -0.7653 -0.6414
vn -0.6404 0.5729 0.5116
vn 0.1441 0.9059 -0.3981
vn -0.3259 -0.8143 -0.4803
vn -0.4850 -0.4976 0.7192
vn 0.4921 0.4621 -0.7378
vn 0.4493 -0.4281 -0.7842
vn -0.5429 -0.7748 -0.3240
vn -0.0906 -0.8305 0.5497
vn -0.2947 -0.9423 0.1587
vn -0.3556 -0.9344 -0.0194
vn -0.7214 0.0130 0.6924
vn 0.7067 -0.3059 -0.6379
vn -0.5602 0.0853 0.8240
vn 0.2136 0.5081 -0.8344
vn 0.7418 -0.3743 -0.5565
vn 0.7951 0.2279 -0.5620
vn -0.6815 -0.6685 -0.2977
vn 0.4394 0.7246 -0.5310
vn -0.6555 -0.0925 0.7495
vn 0.7264 -0.0264 -0.6867
vn -0.4618 -0.4486 0.7652
vn 0.4790 -0.0237 -0.8775
vn 0.5588 0.1850 -0.8084
vn 0.2103 0.7684 -0.6045
vn -0.5593 0.0869 0.8244
vn -0.8153 0.3145 0.4862
vn -0.2852 -0.3259 -0.9014
vn -0.4495 -0.8603 -0.2405
vn 0.6266 -0.0690 -0.7763
vn -0.6670 -0.7398 -0.0884
vn -0.7673 0.2674 0.5828
vn 0.7457 -0.4353 -0.5044
vn 0.4514 -0.4338 -0.7798
vn -0.7478 0.5805 -0.3223
vn -0.6541 0.1326 0.7447
vn -0.8610 0.3514 -0.3678
vn -0.7632 0.3833 -0.5202
vn -0.7008 0.2552 0.6662
vn 0.2925 -0.8379 -0.4607
vn -0.1867 0.9390 -0.2887
vn -0.6563 0.6990 0.2840
vn -0.6514 0.6988 0.2956
vn 0.3343 -0.9190 -0.2090
vn -0.6420 0.4868 0.5923
vn 0.5276 0.1006 -0.8435
vn -0.5347 -0.4749 0.6989
vn 0.5951 0.6524 0.4693
vn -0.6215 -0.3450 0.7034
vn -0.8819 -0.4591 0.1072
vn -0.9364 -0.2361 -0.2595
vn 0.6334 0.0688 -0.7708
vn -0.6448 -0.5844 -0.4926
vn -0.7275 0.3302 0.6014
vn -0.4151 0.0215 0.9095
vn 0.4043 0.8734 -0.2713
vn -0.3158 -0.1650 0.9344
vn 0.7099 -0.4200 -0.5654
vn -0.1246 0.3522 0.9276
vn -0.6943 -0.3181 0.6455
vn -0.9993 0.0351 0.0098
vn 0.6243 0.7059 -0.3345
vn -0.9047 0.2745 -0.3258
vn -0.6925 -0.4568 -0.5584
vn -0.4886 -0.4543 -0.7449
vn -0.4149 0.7119 -0.5666
vn 0.0098 0.9070 -0.4211
vn -0.6311 -0.5787 -0.5165
vn -0.6974 0.6269 0.3473
vn -0.4381 -0.4972 -0.7489
vn -0.6870 0.2927 0.6651
vn -0.7407 0.5131 -0.4338
vn -0.7170 -0.1683 -0.6765
vn -0.6000 -0.6555 0.4586
vn -0.8645 0.5024 -0.0124
vn -0.7291 0.6767 0.1025
vn -0.6455 -0.6552 0.3925
vn -0.1295 0.1037 0.9861
vn -0.7811 -0.3168 0.5380
vn -0.6737 -0.7387 -0.0188
vn -0.1469 -0.6399 -0.7543
vn -0.3612 -0.4323 -0.8262
vn 0.0445 -0.5761 -0.8162
vn 0.1336 -0.3863 -0.9126
vn -0.1570 0.8039 0.5737
vn 0.4818 0.8597 -0.1696
vn -0.7556 0.6144 -0.2272
vn -0.7608 0.6102 -0.2211
vn 0.6384 -0.7041 -0.3109
vn -0.5583 0.8265 -0.0726
vn 0.3081 -0.8615 -0.4037
vn -0.8591 0.5118 0.0005
vn -0.7612 0.6465 -0.0508
vn -0.6380 0.7649 0.0890
vn 0.2809 -0.9562 0.0825
vn 0.6143 -0.6949 -0.3739
vn -0.5363 0.7377 -0.4102
vn -0.3231 0.4693 0.8218
vn -0.7995 0.3284 -0.5028
vn -0.8425 0.4612 -0.2782
vn 0.3025 -0.4986 -0.8123
vn 0.5171 -0.7718 -0.3700
vn 0.6529 -0.6728 0.3479
vn -0.7140 0.3043 -0.6306
vn -0.8075 0.5726 -0.1418
vn -0.8873 -0.3579 0.2908
vn -0.2891 0.8721 -0.3948
vn -0.0980 0.6959 -0.7114
vn -0.3015 0.9474 0.1070
vn 0.2364 -0.7461 -0.6224
vn 0.2600 -0.9653 -0.0247
vn -0.5582 0.8268 -0.0703
vn -0.1950 0.9634 -0.1841
vn -0.4108 0.9110 0.0360
vn -0.7187 0.6684 -0.1915
vn -0.6933 0.6811 -0.2355
vn -0.5887 0.2627 -0.7645
vn 0.4894 0.4538 -0.7447
vn -0.6625 0.4123 -0.6254
vn -0.7865 0.6024 -0.1361
vn 0.8216 0.0965 -0.5619
vn 0.0912 0.9943 -0.0552
vn 0.3075 -0.8600 -0.4074
vn -0.7771 0.0545 -0.6270
vn -0.6693 0.1188 -0.7334
vn -0.1070 0.9918 0.0693
vn 0.2221 -0.7488 -0.6245
vn -0.8107 0.2506 -0.5292
vn -0.5792 0.7960 -0.1760
vn -0.5542 0.8043 -0.2144
vn -0.2479 0.9307 -0.2690
vn -0.3934 0.9188 -0.0324
vn -0.6067 0.4746 -0.6377
vn 0.4035 -0.9138 0.0469
vn -0.2241 0.9711 -0.0820
vn -0.9008 -0.0424 0.4322
vn 0.0182 0.9998 0.0049
vn -0.6280 0.6707 -0.3947
vn -0.5723 0.3762 -0.7287
vn -0.0941 0.9953 0.0210
vn -0.5832 0.7930 -0.1763
vn -0.7386 0.3730 -0.5615
vn -0.3039 0.9527 0.0063
vn -0.6452 0.3350 -0.6866
vn -0.2662 0.9624 0.0540
vn -0.6280 0.0964 -0.7722
vn -0.5524 -0.0219 -0.8333
vn -0.8266 0.1091 -0.5521
vn -0.7253 0.4274 -0.5397
vn -0.7049 0.6164 0.3511
vn -0.0628 0.7765 -0.6270
vn 0.1311 0.9896 -0.0588
vn 0.0206 0.9807 0.1942
vn -0.0485 0.9345 0.3527
vn -0.6822 0.4207 -0.5981
vn -0.3702 0.9199 -0.1291
vn -0.4647 0.2260 -0.8561
vn -0.5720 0.8148 -0.0949
vn -0.3930 0.9128 0.1112
vn -0.5891 0.4883 -0.6439
vn 0.4596 0.8441 0.2762
vn -0.3937 0.6132 -0.6848
vn -0.0114 0.9934 0.1138
vn -0.6151 -0.0064 -0.7884
vn -0.0354 0.9991 0.0237
vn -0.4518 0.2368 -0.8601
vn -0.4855 0.6434 -0.5919
vn -0.3411 0.8833 0.3215
vn -0.1125 0.9717 0.2078
vn 0.3978 0.5319 0.7476
vn 0.0792 -0.8234 -0.5619
vn -0.1575 0.9783 -0.1344
vn -0.6752 -0.6044 -0.4228
vn 0.2082 0.9743 0.0864
vn 0.1385 0.9338 -0.3299
vn 0.1481 0.9515 0.2695
vn 0.0191 0.9138 -0.4056
vn -0.8602 -0.1366 0.4913
vn 0.8991 0.2771 -0.3388
vn 0.8000 0.2484 -0.5462
vn -0.8207 0.1577 -0.5492
vn 0.8897 0.3033 -0.3411
vn -0.0953 0.8781 -0.4689
vn -0.3594 -0.8412 -0.4041
vn 0.1174 0.9237 0.3647
vn 0.2480 0.9289 0.2750
vn -0.4061 0.2722 -0.8724
vn -0.7937 0.2640 -0.5480
vn 0.7812 0.2760 -0.5599
vn -0.3487 0.2887 -0.8917
vn 0.1139 0.6884 -0.7164
vn 0.8310 0.5525 0.0651
vn -0.6807 -0.6271 0.3787
vn -0.1123 -0.9668 -0.2296
vn 0.8320 0.5483 0.0846
vn -0.3186 -0.1298 0.9390
vn -0.5242 0.7850 -0.3301
vn -0.7241 -0.6064 0.3285
vn -0.8090 -0.2100 0.5491
vn -0.7066 -0.0719 0.7039
vn -0.7157 -0.5853 0.3810
vn 0.6972 -0.0548 -0.7148
vn -0.6148 -0.7886 0.0067
vn 0.6258 0.3732 -0.6849
vn 0.7983 0.2554 -0.5454
vn -0.3430 -0.8463 -0.4076
vn -0.9154 -0.3679 0.1634
vn 0.7763 0.3052 -0.5515
vn 0.7354 -0.0567 -0.6752
vn -0.2385 -0.7829 -0.5745
vn 0.4027 -0.0206 -0.9151
vn 0.7351 0.6780 0.0053
vn -0.6929 -0.7113 -0.1181
vn -0.7050 -0.0802 -0.7047
vn 0.1517 0.9653 -0.2124
vn -0.8154 -0.1192 0.5664
vn 0.6317 0.2681 -0.7274
vn -0.8062 -0.2115 0.5525
vn 0.8148 0.5752 0.0722
vn 0.9147 0.0998 -0.3916
vn 0.6849 -0.2935 -0.6670
vn -0.8092 -0.5862 0.0411
vn -0.6052 -0.5572 0.5685
vn -0.9218 -0.3556 -0.1542
vn -0.2140 -0.3827 0.8987
vn -0.7234 -0.6067 0.3294
vn -0.6033 -0.3841 0.6989
vn 0.6874 0.0115 -0.7262
vn 0.7714 -0.0280 -0.6357
vn -0.5687 -0.4321 0.6999
vn -0.8815 -0.1686 0.4411
vn 0.5826 0.2984 -0.7560
vn -0.6318 -0.5345 -0.5614
vn -0.2052 -0.6003 -0.7730
vn 0.7242 -0.4940 -0.4811
vn 0.3851 0.0623 -0.9208
vn 0.7536 0.0798 -0.6525
vn 0.9230 -0.0211 -0.3842
vn 0.4276 0.0702 -0.9012
vn -0.5000 -0.5801 -0.6430
vn 0.2623 0.3504 -0.8991
vn -0.5195 -0.8543 -0.0136
vn 0.8359 0.2332 -0.4970
vn 0.7933 0.5910 -0.1459
vn 0.2819 0.5213 -0.8055
vn 0.8419 0.5357 -0.0650
vn 0.7683 0.6353 -0.0776
vn 0.2380 0.4174 -0.8770
vn -0.2625 -0.1981 0.9444
vn 0.9037 0.1551 -0.3991
vn 0.9310 -0.0359 -0.3632
vn 0.2471 0.4690 -0.8479
vn -0.9363 -0.3250 0.1332
vn -0.1630 -0.4494 0.8783
vn -0.8000 -0.2371 -0.5511
vn 0.6864 0.2685 -0.6759
vn -0.7433 -0.1632 0.6488
vn 0.1983 0.8528 -0.4830
vn -0.4921 -0.7678 -0.4103
vn -0.2309 -0.3646 0.9021
vn 0.8912 0.2938 -0.3455
vn 0.7125 0.5196 -0.4716
vn -0.6708 0.6546 -0.3487
vn -0.1904 0.5427 -0.8181
vn 0.6981 -0.2907 -0.6543
vn -0.3066 -0.5632 0.7673
vn -0.4910 -0.8228 -0.2860
vn -0.5666 -0.7832 -0.2562
vn -0.4790 -0.8041 -0.3521
vn -0.1282 0.8700 -0.4761
vn -0.0779 0.8580 -0.5076
vn 0.2151 -0.9726 0.0881
vn -0.9583 0.1920 0.2119
vn -0.0035 0.7015 -0.7126
vn 0.2680 0.4213 -0.8664
vn -0.0271 0.4369 -0.8991
vn -0.5068 -0.7621 -0.4028
vn -0.6311 -0.5676 0.5287
vn -0.3373 0.8889 -0.3100
vn -0.5096 -0.7582 -0.4067
vn -0.7093 -0.5058 0.4910
vn -0.3567 0.4627 -0.8116
vn 0.1857 0.8558 -0.4828
vn -0.6790 -0.6815 -0.2731
vn -0.4877 -0.8453 -0.2179
vn -0.5948 -0.4141 0.6890
vn -0.3154 -0.8080 -0.4977
vn -0.1281 -0.6924 0.7101
vn -0.9707 0.1774 -0.1624
vn -0.2839 -0.1620 0.9451
vn -0.2968 -0.8812 -0.3680
vn -0.0633 0.9884 -0.1381
vn -0.2529 0.3011 -0.9195
vn 0.1375 0.9631 -0.2314
vn -0.2251 0.9739 0.0295
vn -0.3410 -0.6009 -0.7229
vn 0.1576 0.4797 -0.8632
vn 0.0203 0.2958 -0.9550
vn 0.5285 -0.8121 -0.2473
vn -0.1230 -0.8057 0.5795
vn 0.0740 0.9229 -0.3778
vn 0.5163 -0.8506 0.0995
vn 0.1153 0.9208 -0.3727
vn -0.4120 -0.1096 -0.9046
vn 0.1529 -0.9619 -0.2266
vn -0.9421 -0.1707 -0.2887
vn 0.1847 -0.9504 0.2501
vn 0.2219 -0.9549 0.1972
vn 0.0333 -0.9464 0.3213
vn 0.6258 -0.4018 -0.6686
vn -0.1426 0.9835 -0.1113
vn 0.0057 0.9930 -0.1183
vn -0.6561 0.6991 0.2840
vn 0.4300 -0.8821 0.1926
vn 0.0586 0.8627 -0.5023
vn 0.8234 0.4683 -0.3206
vn -0.0242 0.7626 -0.6464
vn -0.2471 0.3883 -0.8878
vn 0.1352 -0.9630 -0.2332
vn 0.0322 0.9776 0.2081
vn -0.8880 0.3446 -0.3045
vn 0.0314 -0.8513 -0.5238
vn -0.2358 0.9534 0.1880
vn 0.1503 0.7857 0.6000
vn 0.0306 0.9995 -0.0028
vn 0.0424 0.9759 0.2142
vn -0.0510 0.9937 -0.1002
vn 0.7747 0.4916 0.3977
vn 0.0980 0.9944 -0.0383
vn 0.6078 0.7911 0.0687
vn 0.8613 0.2740 -0.4279
vn 0.6238 0.6310 -0.4611
vn -0.2734 0.6465 -0.7123
vn 0.9019 0.4315 0.0187
vn 0.0773 -0.1780 0.9810
vn 0.7165 -0.3328 0.6131
vn -0.5444 0.8381 0.0345
vn 0.1436 0.7718 -0.6195
vn 0.6468 0.7604 -0.0598
vn 0.8874 -0.0899 -0.4521
vn 0.5232 -0.0505 -0.8507
vn 0.6676 0.4454 -0.5966
vn 0.2264 0.7948 0.5630
vn 0.5656 0.3629 -0.7405
vn 0.2242 0.9661 0.1283
vn 0.4372 0.6470 -0.6247
vn 0.3763 0.8399 -0.3910
vn 0.5493 -0.8162 0.1793
vn 0.2220 0.3234 -0.9199
vn 0.4581 0.8884 -0.0295
vn 0.1397 -0.8065 0.5745
vn 0.6944 0.6046 -0.3901
vn 0.4774 -0.8769 -0.0552
vn -0.1597 0.9652 0.2072
vn 0.2361 0.9496 0.2063
vn 0.2435 0.6836 -0.6880
vn 0.9638 0.0600 -0.2597
vn -0.7037 0.6272 0.3339
vn -0.7341 0.5437 0.4068
vn 0.1044 0.4502 0.8868
vn 0.0258 0.9815 0.1898
vn 0.0295 0.9832 0.1800
vn 0.5862 0.7408 -0.3280
vn -0.1848 0.9645 0.1888
vn 0.5132 0.8372 -0.1891
vn 0.4823 -0.8744 -0.0537
vn 0.2508 0.9299 0.2689
vn 0.3495 0.8876 -0.2999
vn 0.6372 -0.5500 -0.5398
vn 0.3294 0.8004 -0.5010
vn -0.5397 -0.7870 -0.2990
vn -0.1951 0.9491 0.2471
vn -0.0154 -0.1842 -0.9828
vn 0.2487 -0.9274 -0.2794
vn -0.7254 -0.1516 -0.6714
vn -0.8184 -0.1232 -0.5613
vn 0.4614 -0.5219 -0.7174
vn -0.6094 -0.3514 -0.7107
vn -0.6257 0.1910 -0.7563
vn 0.3264 -0.7739 -0.5427
vn 0.7157 -0.6212 0.3193
vn 0.6962 -0.4291 -0.5755
vn 0.5134 -0.7681 0.3826
vn 0.0222 -0.7153 -0.6984
vn -0.4941 -0.7715 -0.4008
vn -0.0641 0.5354 -0.8422
vn 0.2295 -0.9656 -0.1225
vn 0.3383 -0.6322 -0.6971
vn -0.1652 0.9666 0.1958
vn -0.0179 0.9105 -0.4131
vn -0.6040 0.2622 -0.7526
vn 0.0425 -0.2551 -0.9660
vn -0.0860 0.8942 0.4394
vn -0.9626 0.0687 -0.2620
vn -0.1426 -0.9896 -0.0178
vn -0.1689 0.7926 -0.5858
vn -0.4470 0.8872 0.1148
vn -0.6287 0.3913 -0.6720
vn -0.5820 0.8124 0.0369
vn 0.1443 0.8842 0.4442
vn -0.2256 0.9509 0.2119
vn -0.3370 0.8966 -0.2873
vn -0.6512 -0.5811 -0.4881
vn -0.9113 0.2128 0.3525
vn -0.5069 -0.6110 -0.6081
vn -0.2361 -0.9700 -0.0570
vn -0.4163 0.5992 -0.6839
vn -0.5302 -0.3080 0.7900
vn 0.1503 0.9725 0.1780
vn 0.0699 0.9620 0.2639
vn -0.4410 -0.7081 -0.5515
vn 0.2479 -0.7963 -0.5517
vn -0.4613 -0.5208 -0.7183
vn 0.1181 0.8943 0.4316
vn -0.2093 -0.7381 -0.6414
vn -0.6004 -0.7957 -0.0801
vn 0.1940 0.7811 0.5935
vn -0.3121 -0.8681 -0.3859
vn -0.1829 -0.9709 -0.1547
vn -0.4339 -0.4623 -0.7734
vn -0.9011 -0.0886 0.4244
vn 0.5749 0.7621 -0.2977
vn 0.5593 0.7251 -0.4018
vn 0.0780 0.8838 0.4614
vn -0.4826 -0.5999 -0.6381
vn 0.8992 0.1046 0.4249
vn -0.8724 0.2796 -0.4009
vn 0.0517 -0.8704 -0.4896
vn -0.4646 -0.8583 -0.2177
vn 0.4610 0.7629 -0.4534
vn -0.7572 0.3617 -0.5439
vn -0.9324 0.1981 0.3022
vn 0.4028 -0.2442 -0.8821
vn 0.5401 0.0172 -0.8414
vn 0.2513 -0.5881 -0.7688
vn 0.5477 0.0179 -0.8365
vn -0.6336 0.0792 0.7696
vn 0.5368 -0.2311 -0.8114
vn 0.2934 -0.8076 -0.5116
vn -0.4472 0.3668 0.8158
vn -0.4646 0.4224 0.7783
vn 0.2884 -0.4711 -0.8336
vn 0.5278 -0.2053 -0.8242
vn -0.5113 0.0756 0.8560
vn 0.0187 0.6975 0.7163
vn 0.1916 -0.7497 -0.6334
vn 0.6741 -0.1196 -0.7289
vn -0.5425 0.4041 0.7365
vn -0.6605 -0.2570 0.7055
vn -0.3418 0.6330 0.6946
vn 0.6857 -0.1216 -0.7176
vn -0.2543 0.7901 0.5577
vn 0.5373 -0.7980 0.2729
vn -0.4359 -0.0361 0.8992
vn 0.5472 -0.2598 -0.7957
vn 0.6396 0.0517 -0.7670
vn -0.5199 0.0661 0.8516
vn 0.6853 0.1529 -0.7120
vn 0.7162 0.0780 -0.6935
vn -0.7614 0.1501 0.6306
vn 0.6623 -0.5822 -0.4717
vn 0.5595 -0.1985 -0.8047
vn 0.4092 -0.4355 -0.8018
vn 0.0153 0.7674 0.6409
vn -0.0681 -0.8944 -0.4420
vn -0.1490 -0.7830 -0.6039
vn 0.6803 0.3373 -0.6507
vn -0.7695 0.0690 0.6350
vn 0.6856 0.0584 -0.7257
vn 0.1899 0.7368 0.6489
vn -0.2015 0.6303 0.7497
vn -0.6612 -0.0144 0.7501
vn 0.3616 -0.6077 -0.7070
vn -0.2193 -0.7429 -0.6325
vn 0.5270 -0.2441 -0.8141
vn 0.0294 0.8876 0.4596
vn 0.2671 0.9257 0.2679
vn 0.0624 0.9200 0.3868
vn -0.3958 0.8634 0.3129
vn 0.6765 0.0690 -0.7333
vn 0.4051 -0.8748 0.2659
vn -0.4909 0.3096 0.8143
vn -0.7104 0.6065 0.3571
vn 0.4077 -0.5840 0.7020
vn 0.5279 -0.1808 -0.8298
vn 0.5363 -0.1893 -0.8225
vn -0.1558 -0.8611 -0.4840
vn 0.3643 -0.3659 -0.8564
vn -0.1938 0.6648 0.7215
vn 0.2764 0.8145 0.5101
vn 0.7599 0.1801 0.6246
vn 0.8197 0.5395 0.1925
vn 0.5029 0.5793 0.6415
vn 0.0135 -0.9067 -0.4215
vn -0.3135 -0.7630 -0.5653
vn 0.6359 0.0901 -0.7665
vn 0.6611 0.7210 0.2074
vn -0.3659 -0.6101 -0.7028
vn -0.4904 0.3041 0.8167
vn -0.3066 -0.7915 -0.5287
vn 0.3899 0.9149 0.1048
vn 0.4145 -0.2326 -0.8798
vn 0.5043 0.4483 0.7381
vn 0.6667 0.7379 0.1045
vn -0.0137 -0.8999 -0.4360
vn 0.1975 -0.4428 -0.8746
vn -0.4719 -0.8175 -0.3300
vn 0.2875 -0.5653 -0.7732
vn -0.2931 -0.7485 -0.5948
vn -0.0720 0.6803 0.7294
vn -0.4535 -0.6591 0.5999
vn 0.7150 0.5317 0.4540
vn -0.1347 -0.9233 -0.3597
vn -0.2831 -0.7744 -0.5659
vn 0.3783 -0.3741 -0.8467
vn 0.7298 0.6835 0.0130
vn 0.1332 0.5966 0.7914
vn 0.4202 -0.6471 0.6362
vn -0.0695 0.5673 0.8206
vn -0.4227 -0.8523 -0.3080
vn 0.6857 0.6405 0.3457
vn 0.4296 -0.5760 0.6954
vn 0.4042 0.8341 0.3754
vn 0.2721 -0.4441 -0.8537
vn -0.2503 -0.6036 -0.7570
vn 0.5871 0.7930 0.1628
vn -0.3832 0.5915 0.7094
vn 0.5268 -0.3353 -0.7810
vn 0.5230 0.6674 0.5302
vn 0.4635 0.7529 0.4672
vn -0.0546 -0.7983 0.5998
vn 0.5612 0.7742 0.2927
vn -0.4476 0.3055 0.8404
vn 0.3864 -0.3664 0.8464
vn 0.0755 -0.8353 -0.5446
vn 0.7664 0.6417 -0.0302
vn -0.2111 -0.8135 -0.5418
vn 0.7213 0.6769 0.1468
vn -0.4243 0.5402 0.7267
vn 0.7431 0.6455 0.1765
vn 0.8403 0.5364 -0.0783
vn 0.8808 0.4526 0.1390
vn -0.6831 0.5527 0.4774
vn 0.3378 -0.5062 -0.7935
vn 0.4836 0.4667 0.7405
vn -0.2204 -0.7942 -0.5662
vn 0.7846 0.6172 -0.0586
vn 0.8932 0.4018 0.2017
vn 0.8134 0.5594 -0.1594
vn 0.3545 0.5066 0.7859
vn 0.1233 -0.8286 -0.5461
vn 0.8580 0.5134 0.0182
vn 0.8478 0.5264 0.0638
vn 0.8749 0.4835 -0.0261
vn 0.3721 -0.8101 -0.4531
vn 0.9353 0.3531 -0.0236
vn -0.9565 -0.2707 0.1086
vn 0.9096 0.3952 -0.1280
vn -0.9464 -0.1005 0.3071
vn 0.9420 0.3216 0.0955
vn 0.7112 0.7023 0.0303
vn 0.8478 0.5153 -0.1255
vn 0.8573 0.5138 -0.0320
vn 0.8563 0.4791 0.1928
vn 0.3793 0.6702 0.6379
vn -0.1916 -0.9049 -0.3800
vn 0.1773 -0.6713 -0.7196
vn 0.9041 0.3921 0.1699
vn 0.8171 0.5651 0.1136
vn 0.8708 0.4908 0.0291
vn 0.8346 0.5487 -0.0493
vn 0.9477 0.3124 -0.0656
vn 0.2534 -0.1982 0.9468
vn 0.5606 0.5288 0.6373
vn 0.9304 0.3578 -0.0796
vn 0.3236 -0.4666 -0.8231
vn 0.4992 -0.7343 -0.4600
vn 0.9231 0.3813 0.0501
vn 0.2987 -0.4689 -0.8312
vn -0.7802 -0.5313 -0.3303
vn 0.2807 -0.6519 0.7045
vn 0.1209 -0.6259 -0.7705
vn 0.9312 0.3179 0.1784
vn 0.4083 -0.8101 -0.4209
vn 0.4611 -0.6730 -0.5784
vn 0.5177 -0.3243 -0.7917
vn 0.9326 0.2936 -0.2097
vn 0.7858 0.6150 -0.0650
vn 0.1968 0.8682 0.4555
vn 0.8817 0.0379 0.4703
vn 0.8295 0.4482 -0.3332
vn -0.9153 -0.0383 -0.4009
vn 0.2115 0.6638 -0.7174
vn 0.1634 -0.4569 0.8744
vn 0.8128 0.5694 -0.1229
vn 0.9923 0.1150 -0.0460
vn 0.9978 0.0424 -0.0507
vn 0.9714 0.1388 0.1924
vn 0.9393 -0.1796 0.2922
vn 0.9423 0.3334 -0.0298
vn 0.9746 0.0874 -0.2062
vn -0.2010 0.4388 -0.8758
vn 0.9635 0.2675 -0.0116
vn 0.7896 0.6075 0.0867
vn -0.1898 -0.2269 0.9553
vn 0.9103 -0.0636 -0.4089
vn -0.8494 -0.5269 0.0297
vn -0.8589 -0.4911 -0.1454
vn 0.5544 0.8124 -0.1809
vn 0.8916 0.4043 0.2039
vn -0.9220 -0.0020 -0.3873
vn -0.9857 -0.0197 -0.1673
vn 0.9256 0.2725 -0.2628
vn 0.7674 0.4965 0.4056
vn 0.3355 -0.1337 0.9325
vn 0.9215 0.0946 0.3767
vn 0.0915 0.6803 -0.7272
vn 0.9460 0.3213 -0.0422
vn 0.9362 0.3479 -0.0492
vn -0.5734 -0.8159 0.0738
vn 0.9774 0.1925 -0.0874
vn 0.9748 0.0578 -0.2155
vn 0.9462 0.3167 -0.0662
vn 0.5928 0.2906 0.7511
vn -0.0218 0.8452 0.5341
vn 0.9313 0.3642 0.0053
vn 0.9211 0.0942 0.3777
vn -0.3545 -0.7796 0.5163
vn -0.7278 -0.6575 -0.1949
vn 0.6825 0.4241 -0.5953
vn -0.2891 0.5764 0.7644
vn 0.9818 0.1738 -0.0767
vn 0.8264 0.4436 -0.3468
vn 0.9987 -0.0263 -0.0430
vn 0.8668 -0.2168 0.4491
vn 0.9743 0.2102 0.0805
vn 0.9150 -0.0511 0.4001
vn -0.1024 0.2966 0.9495
vn 0.3230 0.1499 -0.9344
vn -0.8515 -0.5043 0.1439
vn 0.9271 0.0636 0.3693
vn 0.8343 -0.4066 0.3723
vn -0.9446 0.0814 -0.3178
vn -0.6792 -0.5895 0.4372
vn 0.9291 0.2818 0.2395
vn 0.0376 -0.9582 0.2836
vn -0.9349 -0.3547 0.0115
vn 0.8173 0.4779 0.3219
vn 0.3503 0.4276 0.8333
vn -0.7083 -0.7059 -0.0114
vn 0.9324 0.2943 0.2097
vn 0.9130 -0.0641 0.4030
vn -0.5887 -0.6019 -0.5396
vn 0.9963 0.0399 0.0763
vn -0.8807 -0.0391 0.4720
vn -0.8673 -0.1805 0.4640
vn 0.4948 0.8034 0.3313
vn 0.9273 0.0634 0.3690
vn 0.7895 0.5612 0.2484
vn 0.9523 0.2982 0.0649
vn -0.2151 0.2703 -0.9385
vn -0.4043 0.3412 0.8486
vn 0.8683 0.4950 -0.0321
vn 0.7386 0.6673 -0.0963
vn 0.8709 0.4911 0.0192
vn -0.6124 -0.5177 -0.5974
vn 0.9193 0.3925 0.0296
vn 0.8604 0.3639 0.3569
vn -0.9370 -0.3458 -0.0488
vn 0.3625 -0.0014 0.9320
vn -0.2620 -0.4214 -0.8682
vn 0.9538 -0.2883 0.0844
vn 0.8836 0.4659 -0.0475
vn 0.7598 0.5348 -0.3698
vn -0.4492 -0.3352 0.8281
vn 0.3693 -0.8857 -0.2813
vn 0.8771 0.4726 -0.0856
vn -0.8407 -0.5183 0.1570
vn 0.9033 -0.0134 0.4289
vn -0.0694 -0.1190 -0.9905
vn -0.1263 0.3555 -0.9261
vn -0.9428 -0.0366 -0.3314
vn -0.9046 -0.3901 0.1718
vn 0.9932 0.1153 0.0185
vn 0.9054 0.1514 -0.3967
vn 0.9019 0.2781 -0.3305
vn -0.9933 -0.1138 0.0213
vn 0.9485 0.0707 0.3089
vn -0.9391 -0.3382 -0.0605
vn -0.9635 -0.1622 0.2131
vn -0.5797 0.0399 0.8139
vn 0.3456 -0.1013 0.9329
vn -0.3095 -0.6199 0.7210
vn 0.9004 0.1910 -0.3910
vn -0.3869 -0.7116 0.5865
vn -0.8143 0.5654 -0.1316
vn -0.6216 -0.7015 0.3487
vn 0.9796 0.1238 -0.1585
vn 0.8366 0.5274 -0.1480
vn 0.9032 0.2681 -0.3351
vn -0.9980 0.0610 -0.0148
vn 0.4867 0.5288 -0.6953
vn -0.9010 -0.4303 0.0552
vn -0.0319 -0.8092 0.5867
vn 0.8745 -0.2317 0.4261
vn 0.8187 0.5673 -0.0886
vn -0.9442 -0.1775 0.2776
vn 0.8539 -0.1309 -0.5037
vn 0.9472 0.0153 -0.3202
vn 0.9784 -0.1224 -0.1668
vn -0.8310 -0.4743 0.2906
vn 0.7731 0.6170 -0.1469
vn 0.1369 0.3065 -0.9420
vn 0.8337 0.4051 0.3752
vn 0.4677 -0.3662 0.8044
vn -0.8412 0.5015 0.2023
vn 0.9837 0.1778 0.0256
vn 0.3044 0.5383 -0.7858
vn -0.4292 -0.4933 0.7566
vn -0.5196 -0.6084 0.5999
vn -0.3508 -0.5606 0.7501
vn -0.3106 -0.6162 0.7238
vn 0.0433 -0.3252 0.9447
vn 0.9773 0.2073 -0.0436
vn 0.8132 0.5820 0.0031
vn -0.9606 -0.1641 0.2242
vn 0.9499 -0.0391 0.3101
vn -0.9973 -0.0185 0.0715
vn 0.8566 0.3971 0.3294
vn 0.7596 0.6327 -0.1510
vn -0.9768 -0.2092 0.0459
vn 0.1912 -0.7017 0.6863
vn -0.5492 -0.7228 0.4195
vn 0.8155 0.5787 0.0132
vn 0.0443 -0.6848 0.7274
vn 0.8119 -0.4912 0.3154
vn 0.0208 0.1154 0.9931
vn 0.9713 0.2001 0.1289
vn -0.9777 -0.2089 0.0210
vn -0.3117 0.7100 0.6314
vn -0.4576 -0.8290 -0.3215
vn 0.9028 0.4294 -0.0232
vn 0.9944 0.0930 -0.0497
vn -0.2624 -0.8007 0.5386
vn 0.8372 0.5456 0.0379
vn -0.9982 -0.0467 -0.0380
vn 0.8393 0.5433 0.0197
vn -0.0522 0.9414 0.3332
vn 0.0051 -0.2113 0.9774
vn 0.3314 -0.2610 0.9066
vn 0.3190 -0.5206 0.7920
vn 0.2290 0.7095 -0.6664
vn -0.7255 -0.0273 -0.6876
vn 0.9789 0.1583 0.1295
vn 0.7609 0.5462 -0.3501
vn 0.8456 -0.0085 -0.5338
vn -0.9753 0.1587 0.1536
vn 0.1484 -0.3180 0.9364
vn -0.5736 -0.7680 0.2850
vn 0.8641 0.0224 -0.5029
vn -0.3624 0.7045 0.6102
vn 0.8538 0.5180 0.0520
vn 0.9684 0.0197 0.2488
vn -0.6416 -0.7665 -0.0288
vn 0.0124 -0.5184 0.8551
vn 0.8616 -0.0460 -0.5055
vn 0.0099 0.1488 -0.9888
vn -0.0814 0.5013 -0.8615
vn 0.8112 0.5075 0.2907
vn 0.5797 -0.1146 0.8067
vn -0.8432 -0.5355 0.0478
vn 0.7864 0.5542 0.2727
vn 0.4107 0.8925 0.1866
vn 0.3841 0.8742 0.2970
vn -0.5075 -0.8210 0.2614
vn -0.7476 -0.5664 0.3468
vn -0.4291 -0.8046 0.4105
vn -0.6680 -0.7255 0.1657
vn -0.8762 -0.4746 -0.0843
vn 0.5379 -0.7854 0.3061
vn -0.4074 -0.7865 0.4642
vn 0.9320 -0.3603 0.0407
vn 0.7014 0.7111 0.0486
vn -0.5636 -0.6467 0.5140
vn 0.7158 0.6863 0.1287
vn 0.7817 0.5840 -0.2188
vn 0.4774 0.8754 0.0763
vn 0.0802 -0.1256 0.9888
vn -0.0351 0.7839 -0.6199
vn -0.9653 -0.1197 0.2321
vn 0.0777 -0.9723 0.2206
vn 0.9326 -0.3605 0.0165
vn -0.9740 -0.2267 0.0039
vn -0.8618 -0.2123 0.4608
vn 0.8804 -0.3797 0.2840
vn -0.8397 -0.1606 0.5187
vn 0.9637 -0.2525 -0.0866
vn 0.4700 -0.3562 0.8076
vn 0.9950 0.0805 0.0588
vn 0.9736 -0.2284 0.0006
vn 0.3266 -0.6142 0.7184
vn 0.2668 0.6995 -0.6630
vn 0.3943 -0.4156 0.8196
vn 0.7518 0.6430 -0.1462
vn 0.8059 0.5557 0.2044
vn 0.9598 0.2024 0.1944
vn 0.5746 0.7751 0.2628
vn 0.9329 -0.3599 0.0155
vn 0.7741 -0.2814 0.5671
vn 0.9962 0.0147 -0.0862
vn 0.6150 0.4692 0.6337
vn 0.3409 0.9263 0.1604
vn 0.9498 -0.0134 0.3126
vn -0.1557 0.8013 -0.5776
vn 0.2118 -0.7454 0.6321
vn -0.2185 -0.9712 -0.0953
vn -0.2258 -0.9655 0.1293
vn 0.9617 0.2671 0.0614
vn 0.7108 0.7029 -0.0276
vn 0.3722 0.9078 0.1932
vn 0.4120 0.7982 -0.4395
vn 0.8385 0.5159 0.1755
vn 0.1213 -0.3850 0.9149
vn 0.1696 0.9853 -0.0193
vn 0.2006 0.9704 0.1345
vn 0.1577 -0.3108 0.9373
vn 0.9520 0.0765 0.2962
vn 0.0114 -0.4735 0.8807
vn 0.8176 0.5692 0.0865
vn 0.9205 -0.1177 0.3726
vn 0.7680 0.5278 0.3628
vn 0.3670 0.8811 -0.2981
vn 0.8202 0.5674 0.0728
vn 0.9262 0.3446 0.1529
vn 0.1814 0.9833 0.0131
vn 0.5988 0.7425 0.3001
vn 0.6771 0.6958 0.2396
vn 0.9375 0.3467 -0.0313
vn -0.0224 0.9465 0.3218
vn 0.0274 0.9432 0.3311
vn 0.7931 0.4567 0.4031
vn -0.4030 -0.8139 0.4185
vn 0.8886 0.2299 0.3968
vn 0.6610 -0.4870 0.5709
vn 0.2142 0.9721 0.0958
vn 0.6364 -0.6278 0.4482
vn 0.5206 0.8448 -0.1233
vn 0.5103 -0.7334 0.4491
vn -0.1781 0.8921 -0.4152
vn -0.2956 0.9024 0.3134
vn 0.7967 0.5867 -0.1450
vn 0.3231 0.9048 -0.2772
vn 0.3940 0.9101 0.1285
vn 0.9137 -0.3910 -0.1108
vn 0.8211 0.5383 0.1900
vn 0.9904 0.0914 0.1037
vn 0.3330 0.8449 -0.4186
vn -0.0520 -0.6718 0.7389
vn 0.1460 0.9889 0.0292
vn 0.5980 0.7331 0.3241
vn 0.8860 -0.1323 0.4444
vn 0.3141 0.8487 -0.4256
vn -0.4340 0.3552 0.8279
vn 0.2104 -0.7067 0.6755
vn 0.9054 0.2370 0.3522
vn 0.6203 0.7075 0.3386
vn -0.8254 -0.1113 0.5534
vn 0.6523 -0.6622 -0.3688
vn 0.4126 0.4060 -0.8154
vn 0.0765 0.3473 0.9346
vn 0.6487 0.4585 0.6075
vn 0.0671 0.9115 0.4059
vn -0.0058 0.9194 -0.3932
vn 0.7037 0.6672 0.2442
vn 0.4617 0.8654 0.1948
vn 0.7230 0.6685 0.1742
vn 0.0359 -0.6525 0.7570
vn -0.2951 0.9555 0.0020
vn -0.1744 0.9459 -0.2737
vn -0.0025 -0.6788 0.7344
vn -0.3817 0.9091 0.1670
vn 0.8199 -0.3406 0.4601
vn 0.6136 0.7189 0.3267
vn -0.5147 -0.4956 0.6996
vn 0.0774 -0.3813 0.9212
vn 0.3205 0.8464 -0.4254
vn -0.0068 -0.9241 0.3820
vn 0.2380 0.6971 -0.6763
vn 0.1993 0.8898 -0.4105
vn 0.0306 0.4867 0.8730
vn -0.0060 0.9462 0.3235
vn -0.3328 0.9387 0.0905
vn 0.0769 0.9877 0.1360
vn 0.4597 0.8651 0.2009
vn -0.2681 0.9633 -0.0125
vn -0.1887 0.6905 0.6983
vn 0.3260 0.9176 -0.2274
vn -0.4689 0.8729 0.1347
vn -0.4120 0.8854 0.2151
vn 0.1358 0.9033 0.4068
vn -0.2034 0.9668 0.1550
vn 0.0384 -0.3353 0.9413
vn 0.3189 0.4579 0.8298
vn -0.1945 0.6101 0.7681
vn 0.3714 -0.6659 0.6471
vn -0.0687 0.6713 0.7380
vn -0.2373 0.9114 -0.3361
vn -0.4538 0.8302 0.3239
vn 0.0624 -0.8489 0.5248
vn -0.3049 0.9128 0.2719
vn 0.0558 0.2015 0.9779
vn -0.0950 -0.4903 0.8664
vn -0.9878 -0.1325 -0.0815
vn -0.9511 0.2895 -0.1074
vn -0.9949 -0.0960 -0.0311
vn 0.3601 -0.4673 0.8074
vn -0.3435 0.8372 0.4256
vn -0.0354 0.4827 0.8751
vn -0.1209 0.9466 0.2987
vn -0.3413 0.5180 0.7844
vn -0.0839 0.9801 0.1800
vn -0.2585 0.6416 0.7222
vn -0.3683 0.9145 0.1674
vn -0.3680 0.9147 0.1672
vn -0.8104 0.1162 -0.5743
vn 0.5147 0.6871 0.5129
vn -0.6021 -0.4524 0.6579
vn -0.4701 0.7935 0.3864
vn -0.3528 0.8314 0.4293
vn -0.8292 0.5510 0.0942
vn -0.0077 -0.9359 0.3522
vn -0.1168 0.9499 0.2899
vn -0.2727 0.9620 0.0093
vn -0.5916 -0.7477 0.3015
vn -0.3565 0.8680 0.3457
vn 0.5331 -0.6008 0.5956
vn -0.4026 0.9038 0.1450
vn 0.1787 -0.7008 0.6906
vn 0.2215 0.3379 0.9147
vn -0.5492 0.0098 0.8356
vn -0.3848 0.9165 -0.1091
vn -0.4381 -0.8001 0.4097
vn -0.2587 0.9022 0.3451
vn 0.4544 -0.7731 0.4426
vn -0.4231 -0.8186 0.3885
vn -0.1228 0.9610 -0.2477
vn -0.9546 -0.2237 0.1968
vn -0.4347 0.8193 0.3739
vn -0.0071 0.9948 -0.1016
vn -0.2184 0.9622 0.1626
vn 0.4323 -0.8567 0.2814
vn -0.5048 0.7028 -0.5012
vn -0.9612 -0.2244 -0.1605
vn -0.3208 0.9396 -0.1191
vn -0.2187 0.9638 0.1525
vn -0.9475 0.1435 -0.2857
vn -0.9591 0.1318 -0.2504
vn 0.9788 -0.1744 -0.1070
vn 0.5135 0.7532 0.4112
vn -0.6625 0.3956 0.6360
vn 0.8983 0.1367 -0.4176
vn -0.7635 0.6375 -0.1038
vn -0.4381 0.8895 -0.1303
vn -0.0617 0.9634 0.2607
vn -0.4362 -0.7282 0.5287
vn -0.9009 0.0106 -0.4339
vn -0.8892 -0.4384 0.1307
vn -0.3768 0.9202 -0.1057
vn -0.8924 0.3095 -0.3285
vn 0.4863 -0.6557 0.5776
vn 0.7797 -0.3815 0.4966
vn -0.5320 0.8429 -0.0800
vn -0.3699 0.9291 0.0016
vn -0.4739 0.8755 -0.0939
vn -0.5057 -0.0580 0.8607
vn -0.8322 -0.4265 -0.3543
vn -0.3878 0.9165 -0.0981
vn 0.3541 -0.2732 0.8944
vn -0.3382 0.9382 0.0741
vn 0.5941 -0.7646 0.2497
vn 0.1948 0.1411 0.9706
vn 0.5595 -0.7964 0.2295
vn 0.4197 -0.9073 0.0266
vn -0.3070 -0.6748 0.6711
vn -0.7021 0.6614 0.2637
vn -0.0252 0.1392 0.9899
vn -0.8568 0.5132 -0.0501
vn -0.8593 0.5113 -0.0123
vn -0.3937 0.9166 -0.0694
vn -0.4031 -0.3001 0.8645
vn -0.7558 0.5798 -0.3043
vn -0.1486 0.6434 0.7509
vn -0.5355 0.8271 -0.1706
vn -0.9115 0.3330 0.2415
vn -0.8256 0.5406 0.1617
vn -0.6296 0.7761 -0.0361
vn -0.9315 -0.2116 -0.2959
vn -0.2217 0.9750 -0.0115
vn -0.3058 -0.6788 0.6676
vn -0.8534 0.4480 -0.2665
vn -0.4967 0.8652 0.0693
vn -0.0885 -0.8747 0.4765
vn -0.8826 -0.0386 -0.4686
vn 0.0635 -0.8060 0.5885
vn -0.4709 0.7669 0.4360
vn 0.7033 -0.7078 0.0664
vn -0.2285 0.4818 0.8460
vn -0.2643 0.8760 0.4034
vn -0.0704 -0.2698 0.9603
vn -0.3769 0.9200 -0.1073
vn -0.3862 0.8645 0.3217
vn 0.5948 -0.6530 0.4688
vn -0.0372 -0.4349 0.8997
vn 0.5587 -0.8090 0.1829
vn 0.1250 0.3509 0.9280
vn -0.7149 0.6992 0.0013
vn -0.5524 0.7962 0.2469
vn -0.9882 -0.0882 -0.1255
vn -0.6605 0.7319 -0.1676
vn -0.2140 0.9661 0.1444
vn -0.5942 0.8006 0.0774
vn -0.3439 0.6972 0.6291
vn -0.1117 0.4780 0.8712
vn 0.1040 -0.3995 0.9108
vn -0.6232 0.7573 0.1953
vn 0.0239 -0.2973 0.9545
vn -0.1448 -0.9252 0.3508
vn -0.1130 -0.9436 0.3113
vn -0.5463 0.8069 -0.2246
vn -0.6699 0.7198 0.1819
vn 0.3447 -0.5639 0.7504
vn 0.1394 -0.0088 0.9902
vn 0.3669 -0.9290 0.0476
vn -0.0076 -0.9873 0.1587
vn -0.0356 -0.8002 0.5987
vn 0.2214 -0.8346 0.5044
vn 0.7326 0.6285 0.2614
vn -0.5209 0.8535 -0.0098
vn -0.6334 0.7673 0.0999
vn -0.1076 -0.2941 0.9497
vn -0.6864 0.6974 0.2061
vn -0.6843 0.6620 0.3059
vn -0.9136 0.4009 -0.0685
vn -0.6178 0.7559 -0.2169
vn -0.4914 0.8360 0.2443
vn -0.1408 -0.5823 0.8007
vn 0.2851 -0.9561 -0.0678
vn 0.5689 -0.8222 -0.0173
vn -0.6126 0.7829 0.1083
vn 0.4037 -0.4326 0.8061
vn -0.4392 0.6455 -0.6248
vn 0.0548 -0.2575 0.9647
vn -0.1504 -0.0071 0.9886
vn 0.9845 -0.1709 -0.0389
vn -0.1115 0.0387 0.9930
vn 0.2233 -0.9117 0.3448
vn -0.3616 0.8441 0.3960
vn -0.4286 0.7802 0.4555
vn -0.1859 -0.9816 0.0428
vn 0.0083 -0.6780 0.7350
vn 0.4485 -0.8670 0.2173
vn 0.4885 -0.8573 0.1623
vn -0.3771 0.8055 0.4572
vn -0.0565 -0.9883 -0.1414
vn -0.3677 0.8308 0.4178
vn 0.0685 -0.4218 0.9041
vn -0.6902 0.6466 0.3248
vn -0.6628 0.6041 -0.4424
vn -0.0394 0.9658 0.2564
vn -0.6815 0.6635 0.3086
vn -0.2255 0.8996 0.3739
vn 0.3084 -0.5565 0.7715
vn -0.0362 -0.7987 0.6006
vn -0.5769 0.7580 0.3043
vn -0.7597 0.2568 0.5974
vn 0.8100 -0.5853 0.0365
vn 0.0480 -0.9986 -0.0243
vn 0.3956 -0.9130 0.0999
vn 0.4421 -0.8603 0.2539
vn -0.4762 0.7468 -0.4642
vn -0.7387 0.6382 0.2169
vn -0.6997 0.6902 0.1848
vn 0.0302 -0.9858 0.1655
vn -0.6556 0.7389 0.1556
vn 0.6062 -0.7784 0.1631
vn -0.9616 0.2424 0.1289
vn -0.0908 0.7828 0.6156
vn 0.9598 -0.1209 -0.2533
vn 0.8444 -0.4932 0.2093
vn -0.6241 0.6830 -0.3795
vn -0.9104 0.3949 -0.1237
vn -0.7395 0.6363 0.2196
vn 0.3461 -0.5529 0.7580
vn -0.6002 0.7424 -0.2975
vn -0.0463 -0.1712 0.9842
vn 0.9168 0.2946 -0.2697
vn 0.9615 -0.2739 -0.0224
vn -0.9310 0.2664 0.2494
vn -0.8536 0.4141 -0.3162
vn -0.0099 0.9398 0.3416
vn -0.7395 0.6647 -0.1067
vn 0.3736 -0.3255 0.8686
vn -0.6278 0.6778 -0.3827
vn 0.0464 0.9575 0.2847
vn 0.4848 -0.7917 -0.3716
vn -0.6766 0.7082 0.2015
vn 0.1997 0.8843 0.4221
vn -0.3659 0.8059 0.4654
vn 0.9695 -0.0265 -0.2435
vn 0.5964 -0.7888 -0.1487
vn 0.1494 -0.3878 0.9096
vn -0.2177 0.6576 0.7212
vn -0.6425 0.6546 -0.3983
vn 0.9661 -0.0353 -0.2559
vn -0.8539 0.0417 0.5187
vn -0.7556 0.6490 -0.0893
vn 0.7895 -0.4484 0.4190
vn -0.2058 -0.9018 0.3799
vn 0.0073 0.9223 0.3865
vn -0.0361 -0.1472 0.9884
vn 0.0053 0.9219 0.3874
vn -0.1484 -0.8845 -0.4424
vn -0.6847 0.7135 0.1489
vn -0.6523 0.7575 0.0262
vn -0.8999 0.3824 0.2096
vn -0.0026 0.7105 0.7037
vn -0.0184 0.9357 0.3524
vn -0.1934 -0.2390 0.9516
vn 0.3128 0.9290 0.1976
vn -0.0859 0.5991 0.7960
vn 0.9427 -0.2533 0.2170
vn 0.2030 -0.8174 0.5391
vn -0.3315 -0.6439 0.6896
vn -0.0073 0.9425 0.3340
vn -0.7289 0.1818 0.6601
vn 0.0713 -0.7652 0.6399
vn -0.4742 0.6791 0.5604
vn 0.1365 0.9865 0.0903
vn -0.3303 -0.9439 0.0079
vn -0.7376 0.4999 0.4538
vn -0.8517 0.5035 0.1454
vn -0.0779 0.9492 0.3048
vn 0.3219 0.8621 0.3913
vn 0.6091 0.5085 0.6086
vn 0.0373 0.9477 0.3169
vn 0.6151 0.4959 0.6129
vn -0.6843 0.7138 0.1490
vn -0.2404 -0.9094 0.3393
vn -0.9300 -0.3640 -0.0512
vn -0.8448 0.5266 -0.0951
vn -0.0500 -0.9627 0.2660
vn -0.8408 0.5370 -0.0680
vn 0.7543 0.3601 0.5489
vn 0.3964 0.8528 0.3400
vn 0.2658 0.6067 0.7492
vn 0.1743 -0.8154 0.5520
vn -0.6243 -0.2978 0.7222
vn 0.4569 0.8893 -0.0206
vn 0.6177 0.7319 0.2877
vn 0.4839 0.8749 0.0213
vn 0.4165 0.8718 0.2579
vn -0.1840 -0.9673 0.1747
vn 0.0282 -0.3472 0.9374
vn -0.2619 -0.1358 0.9555
vn -0.2663 0.9252 -0.2705
vn 0.3499 0.9073 0.2334
vn -0.5132 -0.8539 -0.0870
vn -0.0357 0.9695 0.2424
vn 0.3814 0.9199 0.0909
vn -0.7190 0.2982 0.6278
vn -0.2059 0.8673 0.4531
vn -0.9403 0.2670 0.2109
vn 0.3350 0.9324 0.1359
vn 0.6714 0.7094 -0.2146
vn 0.4128 0.8715 0.2646
vn 0.5855 0.7378 0.3359
vn -0.8680 -0.4917 -0.0695
vn 0.4032 0.8838 0.2374
vn 0.8673 -0.3903 0.3089
vn 0.8769 -0.3910 0.2796
vn -0.1280 -0.9894 -0.0679
vn -0.0457 0.9547 0.2939
vn 0.4690 0.8520 0.2326
vn 0.4250 0.8669 0.2605
vn 0.3921 0.8663 0.3095
vn 0.3717 -0.0945 0.9235
vn 0.1653 0.9603 0.2248
vn 0.2858 0.9583 -0.0049
vn 0.6982 0.7157 0.0162
vn 0.1423 -0.9890 -0.0396
vn -0.2113 -0.9108 -0.3547
vn 0.1024 0.9916 0.0788
vn -0.4724 -0.7665 0.4351
vn 0.5037 0.5678 0.6510
vn -0.6460 -0.6998 -0.3048
vn 0.1767 0.9496 0.2591
vn -0.3990 -0.8940 -0.2038
vn -0.3812 -0.3454 0.8575
vn -0.5894 0.8078 -0.0043
vn 0.3232 0.9193 0.2248
vn 0.6411 -0.5067 0.5764
vn 0.0098 -0.3712 0.9285
vn 0.3297 0.9382 0.1050
vn 0.3474 0.9280 0.1346
vn -0.5947 0.7880 0.1591
vn -0.7930 -0.5543 -0.2528
vn 0.2499 0.9579 -0.1411
vn -0.1446 0.9697 0.1969
vn 0.5141 -0.7515 0.4134
vn 0.5341 0.5884 0.6070
vn 0.3550 0.8909 0.2835
vn -0.9869 -0.0895 0.1343
vn -0.5060 0.1429 0.8506
vn -0.1140 0.9934 -0.0107
vn 0.3074 0.9506 -0.0422
vn -0.3986 0.9058 0.1434
vn 0.0984 0.9947 -0.0303
vn -0.3513 -0.9359 -0.0239
vn 0.0331 -0.3926 0.9191
vn -0.4562 0.2138 0.8638
vn 0.4324 0.2298 0.8719
vn 0.4390 0.8982 -0.0232
vn -0.6657 0.5331 -0.5222
vn 0.3075 0.9200 0.2431
vn -0.0324 0.9988 -0.0361
vn -0.4600 0.8816 0.1058
vn -0.3972 0.8540 0.3358
vn -0.1989 0.9466 -0.2538
vn 0.2577 0.9658 0.0277
vn 0.3005 0.9287 0.2173
vn 0.9455 -0.2008 0.2564
vn 0.9346 0.3513 0.0549
vn 0.7915 0.0145 0.6110
vn 0.2789 -0.8135 0.5104
vn 0.0430 -0.4046 0.9135
vn 0.6031 0.7043 -0.3744
vn 0.3830 -0.7626 0.5213
vn 0.2380 0.9586 0.1563
vn 0.1340 0.3570 0.9244
vn 0.2289 0.9734 0.0007
vn -0.9902 -0.1287 -0.0551
vn 0.1297 0.0103 0.9915
vn 0.5122 0.8262 -0.2346
vn 0.6511 0.0618 0.7565
vn -0.2364 -0.3374 0.9112
vn -0.0243 0.9914 0.1289
vn 0.8865 0.2217 0.4062
vn 0.4098 0.4956 0.7658
vn 0.3878 0.2926 0.8741
vn 0.8284 0.2522 0.5002
vn -0.5344 0.2049 0.8200
vn 0.2207 0.1901 0.9566
vn 0.9044 -0.1170 0.4102
vn 0.4722 0.8812 0.0248
vn 0.9698 0.0089 0.2437
vn -0.1400 0.0508 0.9889
vn 0.9282 0.3684 0.0526
vn -0.0218 0.9997 0.0065
vn 0.1999 0.1185 0.9726
vn 0.2307 0.9083 0.3489
vn -0.5255 0.8267 -0.2011
vn -0.0479 0.9879 0.1472
vn 0.9505 0.1446 0.2749
vn -0.2711 -0.7585 0.5925
vn 0.6502 0.0666 0.7568
vn 0.2884 0.7958 -0.5325
vn 0.1813 0.7994 0.5728
vn 0.8647 0.2114 -0.4556
vn 0.6083 -0.0005 0.7937
vn 0.5814 0.7849 0.2142
vn -0.1739 -0.9812 0.0835
vn -0.8338 0.5092 -0.2131
vn -0.9117 0.3346 -0.2382
vn -0.5680 0.8213 -0.0528
vn 0.1905 0.8889 0.4166
vn 0.3209 0.6392 0.6989
vn -0.9849 -0.1576 0.0715
vn 0.4306 -0.9025 -0.0051
vn -0.6676 0.6770 -0.3099
vn 0.5105 0.4618 0.7253
vn 0.3553 0.2390 0.9037
vn 0.9749 0.1921 0.1129
vn -0.8598 0.3834 -0.3373
vn 0.3807 -0.8415 0.3833
vn -0.4409 0.7905 -0.4251
vn 0.9556 -0.1676 0.2422
vn 0.3185 0.7105 0.6276
vn 0.2852 -0.9576 0.0417
vn -0.8401 -0.3147 -0.4419
vn -0.3056 0.8660 -0.3958
vn 0.1977 -0.8498 0.4887
vn -0.4675 0.8734 -0.1369
vn -0.7773 0.5570 -0.2924
vn -0.4646 0.7035 -0.5378
vn -0.1214 0.9922 -0.0273
vn -0.4966 0.8246 -0.2709
vn -0.3230 0.2635 0.9090
vn -0.5342 0.8345 -0.1352
vn -0.1159 -0.0649 0.9911
vn -0.6630 0.6698 -0.3343
vn -0.2105 0.0898 0.9735
vn -0.4175 -0.8221 0.3872
vn -0.5282 0.5219 0.6698
vn -0.2892 0.9199 0.2651
vn -0.1044 0.9315 -0.3484
vn -0.1377 -0.9335 0.3310
vn -0.2581 0.6683 0.6977
vn -0.1850 0.9805 0.0662
vn -0.5524 0.7832 -0.2855
vn -0.9928 0.0854 0.0840
vn -0.2093 0.9631 -0.1693
vn 0.5822 -0.7986 0.1527
vn -0.5737 0.7883 -0.2225
vn -0.2860 0.3636 0.8865
vn -0.5914 0.7813 -0.1994
vn -0.9225 0.3817 0.0570
vn -0.8623 -0.3845 -0.3295
vn -0.0086 0.6848 0.7286
vn 0.3056 -0.9421 0.1381
vn 0.2165 0.7956 0.5659
vn -0.6670 0.5322 0.5214
vn -0.6587 0.7473 -0.0874
vn -0.8286 0.1401 -0.5420
vn 0.4312 -0.9015 0.0371
vn -0.0932 0.5091 0.8556
vn -0.7631 0.6091 -0.2160
vn -0.3165 -0.9444 -0.0895
vn 0.0157 -0.5627 0.8265
vn -0.6306 0.6243 -0.4611
vn -0.0788 0.9106 -0.4058
vn -0.4280 0.9009 -0.0724
vn 0.7411 -0.0077 0.6713
vn -0.1829 0.9035 -0.3877
vn -0.1338 -0.9393 -0.3160
vn -0.1810 0.7896 0.5863
vn -0.4502 0.7590 0.4703
vn -0.4681 0.1459 0.8716
vn -0.2114 0.7711 0.6007
vn -0.1181 0.4115 0.9037
vn -0.8489 0.4929 -0.1909
vn -0.3254 0.8446 -0.4252
vn 0.0670 0.3752 0.9245
vn 0.0576 0.6617 0.7476
vn -0.5159 0.0477 0.8553
vn -0.1873 0.8836 0.4292
vn -0.5287 0.4396 -0.7261
vn -0.2500 0.9476 -0.1986
vn -0.5080 0.1694 0.8445
vn -0.2899 0.9492 -0.1226
vn -0.1681 -0.6581 0.7339
vn -0.0698 -0.9766 0.2035
vn -0.7820 0.0773 -0.6185
vn -0.2855 0.8702 -0.4016
vn -0.7027 0.6687 0.2430
vn -0.6393 0.6917 0.3359
vn 0.1175 -0.9625 0.2443
vn -0.8978 0.2300 0.3755
vn -0.6267 0.7338 -0.2622
vn -0.7184 0.6038 0.3454
vn -0.0806 0.8189 -0.5683
vn -0.2758 0.4952 -0.8238
vn -0.7916 0.2084 -0.5744
vn 0.6460 -0.7529 0.1255
vn -0.9588 -0.2706 -0.0866
vn -0.6534 0.2979 -0.6960
vn -0.2946 0.9068 0.3017
vn -0.9017 0.1593 0.4020
vn -0.5975 0.5471 0.5862
vn -0.7464 0.0210 0.6652
vn -0.9814 -0.0123 0.1916
vn -0.8926 0.1683 0.4183
vn -0.4202 -0.0193 0.9072
vn 0.3561 -0.9164 0.1827
vn 0.7038 -0.4568 0.5441
vn -0.7400 0.6492 0.1759
vn -0.4382 0.5598 0.7033
vn 0.3818 -0.9122 0.1488
vn -0.8656 0.4867 -0.1180
vn -0.6947 0.3130 0.6476
vn -0.9443 0.1553 0.2902
vn -0.6631 0.5149 -0.5433
vn -0.9044 0.0939 0.4163
vn -0.8084 0.1227 -0.5758
vn -0.9717 -0.1004 0.2140
vn -0.7574 0.2317 0.6104
vn -0.9107 0.3621 -0.1988
vn -0.2486 0.9665 0.0631
vn -0.3013 -0.8803 0.3665
vn -0.6909 -0.7124 -0.1231
vn -0.2521 -0.2525 0.9342
vn -0.8248 -0.2848 -0.4885
vn -0.7044 -0.4160 -0.5751
vn -0.7157 -0.3580 -0.5997
vn -0.5013 -0.7462 0.4380
vn -0.7298 -0.6770 0.0948
vn -0.4965 -0.4836 -0.7208
vn -0.3587 -0.8202 -0.4458
vn -0.5183 -0.2514 0.8174
vn -0.4989 -0.3570 0.7897
vn -0.8726 -0.1339 -0.4698
vn -0.4281 -0.7779 -0.4600
vn -0.7951 -0.5288 -0.2968
vn -0.0947 0.4354 -0.8952
vn -0.3738 -0.2260 0.8995
vn -0.6427 -0.2207 0.7337
vn 0.0300 -0.2936 0.9554
vn -0.8373 -0.3617 0.4101
vn -0.7029 -0.6436 0.3028
vn -0.5805 0.2008 0.7891
vn 0.6817 0.2373 -0.6921
vn 0.9930 0.0249 -0.1153
vn 0.9910 -0.1299 -0.0313
vn -0.7136 -0.6902 0.1201
vn 0.8366 -0.4886 0.2476
vn 0.6332 -0.6140 -0.4713
vn 0.9884 -0.1515 -0.0102
vn 0.5214 0.2668 -0.8105
vn -0.9231 -0.3836 -0.0249
vn -0.8738 -0.4758 -0.0999
vn -0.5558 -0.0591 0.8292
vn 0.9917 -0.1259 -0.0267
vn 0.5387 0.0136 -0.8424
vn 0.5005 0.2001 -0.8423
vn 0.0231 -0.0977 -0.9949
vn 0.9081 -0.3202 0.2698
vn -0.6251 -0.0288 0.7800
vn -0.9130 -0.2564 0.3173
vn 0.6786 -0.4171 -0.6046
vn -0.6765 -0.5975 -0.4306
vn -0.1611 -0.9744 0.1567
vn 0.6067 0.6170 0.5012
vn -0.6586 -0.7523 -0.0179
vn -0.7743 -0.6048 0.1863
vn -0.8792 -0.1083 -0.4639
vn -0.2976 -0.9489 -0.1052
vn -0.9316 -0.0910 0.3520
vn 0.4263 -0.7825 -0.4538
vn -0.4197 -0.6910 0.5886
vn 0.1105 -0.7639 0.6358
vn -0.7358 -0.2209 0.6402
vn 0.8392 -0.1013 0.5343
vn -0.6416 -0.3428 0.6861
vn -0.3666 -0.9299 -0.0314
vn -0.1526 0.9328 -0.3266
vn -0.2711 0.8766 -0.3975
vn -0.1363 0.8860 -0.4432
vn 0.7773 0.2155 -0.5910
vn -0.3434 0.8882 0.3052
vn 0.4026 0.6801 -0.6127
vn 0.5810 0.2529 -0.7736
vn -0.7003 0.6961 0.1582
vn -0.4089 0.8088 -0.4226
vn -0.0792 0.8569 -0.5094
vn -0.3862 0.8236 0.4154
vn -0.2477 0.9076 -0.3389
vn -0.5022 0.7890 0.3540
vn 0.4292 0.6863 -0.5872
vn -0.1751 0.8857 -0.4300
vn -0.5151 0.8522 -0.0918
vn -0.6876 0.6892 0.2285
vn -0.3702 0.8181 -0.4401
vn -0.8477 0.3560 0.3933
vn -0.3378 0.8376 -0.4293
vn -0.1883 0.8250 -0.5329
vn -0.2989 0.5663 -0.7681
vn 0.1260 0.9895 -0.0709
vn -0.7705 0.6123 0.1769
vn -0.1898 0.9658 -0.1764
vn -0.1291 0.8945 -0.4281
vn 0.4638 0.4775 -0.7462
vn -0.2908 0.9101 -0.2952
vn -0.1070 0.8822 -0.4586
vn -0.1877 0.8818 -0.4327
vn 0.0806 0.9228 -0.3768
vn -0.6398 0.6654 -0.3846
vn 0.8389 0.4187 -0.3478
vn -0.1721 0.8885 -0.4255
vn 0.8178 0.0363 -0.5743
vn 0.1137 0.0514 -0.9922
vn 0.3743 0.7021 -0.6058
vn -0.1685 0.8685 -0.4662
vn -0.5182 0.7665 -0.3795
vn 0.3403 0.6974 -0.6307
vn 0.0364 0.8746 -0.4835
vn 0.0368 0.8749 -0.4829
vn -0.3578 0.7403 -0.5691
vn 0.5860 0.4529 -0.6720
vn 0.6849 0.2934 -0.6670
vn -0.0144 0.9998 0.0124
vn -0.1418 0.9894 -0.0307
vn -0.3709 0.3245 -0.8701
vn 0.7266 0.4730 -0.4984
vn 0.3222 0.0419 -0.9457
vn 0.5848 0.4586 -0.6691
vn 0.3544 0.3970 -0.8466
vn 0.9651 -0.0254 -0.2605
vn 0.3834 -0.3879 -0.8382
vn 0.3882 0.6291 -0.6734
vn 0.9432 0.3005 -0.1420
vn -0.1751 0.6430 -0.7456
vn -0.2920 0.3925 -0.8722
vn 0.0092 -0.7729 -0.6344
vn 0.6628 0.7120 -0.2320
vn 0.1291 -0.1909 -0.9731
vn 0.6127 0.0326 -0.7896
vn 0.3773 0.8944 -0.2401
vn -0.2240 -0.2914 -0.9300
vn 0.1726 0.8907 -0.4206
vn 0.9525 0.0097 -0.3043
vn 0.8089 0.3420 -0.4783
vn 0.9998 -0.0140 -0.0140
vn 0.7006 0.1741 -0.6919
vn 0.7059 0.3099 -0.6369
vn 0.8266 0.1618 -0.5390
vn 0.8241 0.1697 -0.5404
vn -0.5353 0.7879 -0.3044
vn -0.2417 0.9368 -0.2528
vn -0.0560 0.9932 -0.1017
vn -0.1926 0.9776 -0.0854
vn -0.6568 0.5562 0.5092
vn -0.8086 0.4656 0.3597
vn -0.5199 0.8494 -0.0908
vn 0.3120 0.3715 -0.8744
vn 0.4163 0.2480 -0.8747
vn 0.1598 -0.1488 -0.9759
vn 0.3178 0.2269 -0.9206
vn 0.1111 0.6179 -0.7784
vn 0.4410 0.1590 -0.8833
vn 0.2239 -0.5176 -0.8258
vn 0.4072 0.3268 -0.8529
vn 0.2524 0.2808 -0.9260
vn 0.4003 0.0319 -0.9158
vn 0.5369 -0.1591 -0.8285
vn -0.4584 0.7069 -0.5387
vn 0.4073 0.1236 -0.9049
vn -0.2814 0.3298 -0.9011
vn -0.5676 0.3712 -0.7348
vn 0.4584 0.1763 -0.8711
vn 0.2170 -0.0338 -0.9756
vn 0.8060 -0.4432 -0.3924
vn -0.2076 -0.1708 -0.9632
vn -0.6766 0.3697 -0.6368
vn 0.3534 0.2064 -0.9124
vn -0.3829 0.3416 -0.8583
vn -0.4067 0.1818 -0.8953
vn -0.3529 0.0197 -0.9355
vn -0.4235 -0.5311 -0.7339
vn -0.0824 -0.6472 -0.7579
vn -0.4513 -0.6760 -0.5825
vn -0.1079 -0.8759 -0.4703
vn -0.4556 -0.0935 -0.8852
vn -0.6152 -0.0122 -0.7883
vn -0.3111 -0.7765 -0.5480
vn -0.5012 -0.4508 -0.7386
vn 0.6441 0.2012 -0.7381
vn -0.4364 -0.5768 -0.6905
vn -0.3589 -0.2272 -0.9053
vn 0.0736 -0.1775 -0.9814
vn -0.3325 -0.4694 -0.8180
vn -0.3264 0.7587 -0.5638
vn 0.2852 0.1826 -0.9409
vn 0.3271 0.1777 -0.9281
vn 0.2032 0.3379 -0.9190
vn -0.1145 -0.8769 -0.4667
vn 0.3797 0.0487 -0.9238
vn -0.4834 0.3693 -0.7937
vn -0.3394 -0.2195 -0.9147
vn 0.1974 -0.3877 -0.9004
vn -0.4843 0.3675 -0.7940
vn -0.0926 -0.4974 -0.8626
vn 0.2637 -0.0678 -0.9622
vn 0.2270 0.0138 -0.9738
vn -0.4893 0.3658 -0.7917
vn -0.0960 0.1724 -0.9803
vn 0.0202 0.5237 -0.8516
vn 0.3127 0.1536 -0.9373
vn -0.2714 -0.9065 -0.3234
vn -0.4884 0.1972 -0.8500
vn -0.3424 -0.4680 -0.8147
vn -0.2418 0.0329 -0.9698
vn 0.0834 -0.3347 -0.9386
vn -0.1737 -0.0316 -0.9843
vn -0.3445 -0.4173 -0.8410
vn 0.2567 0.4118 -0.8744
vn -0.2456 -0.3052 -0.9201
vn -0.1269 -0.5522 -0.8240
vn 0.0579 -0.0860 -0.9946
vn -0.2387 -0.6585 -0.7137
vn 0.3722 0.1216 -0.9201
vn -0.3519 0.3447 -0.8703
vn 0.3101 0.0751 -0.9477
vn -0.0648 0.1735 -0.9827
vn 0.0622 -0.0747 -0.9953
vn -0.1880 0.8827 -0.4308
vn -0.4722 0.3387 -0.8138
vn 0.3154 0.5323 -0.7856
vn -0.7258 0.6399 0.2524
vn 0.9989 -0.0375 -0.0268
vt 0.899671 0.021820
vt 0.894409 0.032363
vt 0.905885 0.028465
vt 0.104748 0.742785
vt 0.124435 0.744779
vt 0.119156 0.733529
vt 0.914750 0.019413
vt 0.125748 0.736769
vt 0.921919 0.010051
vt 0.907526 0.015196
vt 0.933868 0.021868
vt 0.946894 0.027388
vt 0.945436 0.010213
vt 0.919936 0.026361
vt 0.913947 0.004483
vt 0.936111 0.029856
vt 0.108493 0.735918
vt 0.919344 0.036198
vt 0.931113 0.014153
vt 0.136242 0.742215
vt 0.927639 0.000371
vt 0.938576 0.001112
vt 0.990283 0.051186
vt 0.986621 0.044315
vt 0.973030 0.046741
vt 0.495973 0.805305
vt 0.478793 0.805685
vt 0.483667 0.816201
vt 0.462454 0.812557
vt 0.470258 0.819169
vt 0.933836 0.038739
vt 0.926478 0.046997
vt 0.943976 0.043720
vt 0.001587 0.191945
vt 0.019652 0.198608
vt 0.009183 0.187135
vt 0.906663 0.041825
vt 0.969163 0.060654
vt 0.058716 0.277624
vt 0.061131 0.285932
vt 0.070935 0.275871
vt 0.113668 0.750518
vt 0.022827 0.392215
vt 0.028590 0.403512
vt 0.037290 0.399623
vt 0.764771 0.295533
vt 0.764793 0.304809
vt 0.774779 0.300564
vt 0.818005 0.659211
vt 0.811115 0.657206
vt 0.813127 0.668056
vt 0.092161 0.189149
vt 0.084298 0.186834
vt 0.076632 0.194946
vt 0.856735 0.036743
vt 0.867064 0.034678
vt 0.854858 0.031128
vt 0.265609 0.543071
vt 0.261504 0.527691
vt 0.245763 0.537383
vt 0.228419 0.154837
vt 0.225377 0.159117
vt 0.239376 0.161323
vt 0.807983 0.043090
vt 0.818394 0.044800
vt 0.818035 0.035523
vt 0.787163 0.668762
vt 0.801919 0.663854
vt 0.792274 0.657816
vt 0.032538 0.385398
vt 0.044463 0.387714
vt 0.598996 0.228511
vt 0.586508 0.222469
vt 0.590923 0.235962
vt 0.483272 0.441664
vt 0.482056 0.450561
vt 0.501965 0.444500
vt 0.519308 0.834110
vt 0.528705 0.837723
vt 0.519371 0.820179
vt 0.251976 0.519755
vt 0.237970 0.508452
vt 0.241975 0.527357
vt 0.807043 0.650600
vt 0.796853 0.653678
vt 0.684691 0.908001
vt 0.674996 0.901912
vt 0.675107 0.910178
vt 0.258989 0.509832
vt 0.953212 0.216919
vt 0.962639 0.211152
vt 0.952693 0.210532
vt 0.507690 0.824017
vt 0.032032 0.418384
vt 0.040052 0.409840
vt 0.785970 0.659428
vt 0.258709 0.551328
vt 0.240077 0.544987
vt 0.248715 0.078736
vt 0.254750 0.088013
vt 0.261351 0.081641
vt 0.777297 0.671495
vt 0.966672 0.201784
vt 0.243286 0.086844
vt 0.245247 0.557420
vt 0.776254 0.681771
vt 0.090210 0.894350
vt 0.090876 0.907358
vt 0.100095 0.893192
vt 0.252723 0.567215
vt 0.267793 0.566436
vt 0.258679 0.575185
vt 0.247365 0.574470
vt 0.262185 0.579383
vt 0.494221 0.435287
vt 0.672344 0.650077
vt 0.674974 0.659354
vt 0.683955 0.662804
vt 0.609740 0.636348
vt 0.594926 0.633573
vt 0.605051 0.643619
vt 0.232426 0.528430
vt 0.538117 0.846492
vt 0.537153 0.826811
vt 0.780354 0.659952
vt 0.041693 0.416454
vt 0.266021 0.098850
vt 0.257168 0.103045
vt 0.265718 0.112262
vt 0.229643 0.541780
vt 0.900891 0.119019
vt 0.892212 0.123662
vt 0.903685 0.126831
vt 0.102696 0.899636
vt 0.274379 0.095160
vt 0.275264 0.082688
vt 0.268660 0.090970
vt 0.094258 0.925171
vt 0.102931 0.910447
vt 0.772991 0.661186
vt 0.120239 0.629518
vt 0.126811 0.643188
vt 0.131713 0.632560
vt 0.041840 0.379765
vt 0.049180 0.404303
vt 0.501100 0.569946
vt 0.506713 0.562529
vt 0.493774 0.556276
vt 0.596899 0.645191
vt 0.590709 0.641315
vt 0.273217 0.104985
vt 0.980835 0.161500
vt 0.984253 0.174438
vt 0.982767 0.167099
vt 0.226565 0.519144
vt 0.223638 0.528520
vt 0.688354 0.498901
vt 0.682034 0.485231
vt 0.682007 0.495202
vt 0.052609 0.391186
vt 0.237997 0.553243
vt 0.257992 0.114699
vt 0.052407 0.408642
vt 0.984911 0.083863
vt 0.980103 0.087515
vt 0.986397 0.093338
vt 0.044235 0.422729
vt 0.226256 0.303550
vt 0.243511 0.299401
vt 0.230545 0.298466
vt 0.270047 0.079472
vt 0.260808 0.091509
vt 0.551426 0.831493
vt 0.220933 0.537314
vt 0.987394 0.486984
vt 0.979394 0.481648
vt 0.977905 0.490845
vt 0.224746 0.309107
vt 0.212330 0.308892
vt 0.244503 0.309390
vt 0.235495 0.309797
vt 0.249403 0.109498
vt 0.217702 0.316237
vt 0.238202 0.319599
vt 0.368530 0.585795
vt 0.369786 0.596313
vt 0.375390 0.590428
vt 0.211421 0.319758
vt 0.244611 0.119507
vt 0.215755 0.330800
vt 0.224479 0.332072
vt 0.227140 0.323821
vt 0.735474 0.603431
vt 0.737381 0.614624
vt 0.743285 0.600953
vt 0.247621 0.096057
vt 0.533277 0.848266
vt 0.222974 0.549169
vt 0.218657 0.340698
vt 0.230788 0.553781
vt 0.230528 0.333731
vt 0.211060 0.335251
vt 0.238796 0.107317
vt 0.230835 0.113314
vt 0.588682 0.671404
vt 0.592282 0.658987
vt 0.580553 0.668527
vt 0.081421 0.420017
vt 0.087887 0.424194
vt 0.088500 0.411988
vt 0.555737 0.822517
vt 0.771112 0.773643
vt 0.761658 0.782354
vt 0.767997 0.787445
vt 0.999632 0.093872
vt 0.589305 0.654724
vt 0.215696 0.514690
vt 0.222582 0.501988
vt 0.536255 0.861067
vt 0.544986 0.856892
vt 0.538489 0.847780
vt 0.760919 0.812378
vt 0.770385 0.805987
vt 0.760376 0.797243
vt 0.760512 0.796223
vt 0.750774 0.800743
vt 0.753181 0.808053
vt 0.763988 0.776212
vt 0.105249 0.097779
vt 0.099731 0.100977
vt 0.111937 0.105591
vt 0.382201 0.581178
vt 0.755384 0.788168
vt 0.438110 0.910222
vt 0.439394 0.924438
vt 0.445255 0.917506
vt 0.815676 0.596177
vt 0.824561 0.607780
vt 0.825316 0.601967
vt 0.083647 0.289429
vt 0.091430 0.288369
vt 0.080688 0.280152
vt 0.576457 0.680387
vt 0.450316 0.903444
vt 0.769677 0.767218
vt 0.748774 0.791350
vt 0.742137 0.802503
vt 0.546996 0.865112
vt 0.725409 0.834350
vt 0.729354 0.822703
vt 0.720541 0.824463
vt 0.825037 0.595827
vt 0.745036 0.859295
vt 0.743530 0.865813
vt 0.757201 0.868774
vt 0.509470 0.699106
vt 0.510961 0.709119
vt 0.518698 0.705015
vt 0.181893 0.336291
vt 0.184976 0.321902
vt 0.178101 0.322241
vt 0.569415 0.673373
vt 0.589102 0.683155
vt 0.181478 0.343217
vt 0.193497 0.350220
vt 0.810913 0.602416
vt 0.820443 0.610962
vt 0.742310 0.817182
vt 0.735306 0.810476
vt 0.324351 0.066285
vt 0.326438 0.073226
vt 0.336058 0.075561
vt 0.741964 0.790526
vt 0.201415 0.338984
vt 0.203107 0.347881
vt 0.732969 0.799231
vt 0.726547 0.811848
vt 0.718714 0.813340
vt 0.991094 0.291626
vt 0.999632 0.287013
vt 0.985962 0.280885
vt 0.512630 0.726158
vt 0.521197 0.727715
vt 0.510944 0.719324
vt 0.528932 0.718926
vt 0.714855 0.818516
vt 0.554491 0.661003
vt 0.545326 0.660245
vt 0.543706 0.672065
vt 0.516664 0.737451
vt 0.637329 0.648009
vt 0.651732 0.649780
vt 0.639533 0.634645
vt 0.510868 0.742501
vt 0.557654 0.645274
vt 0.548262 0.645340
vt 0.551977 0.652052
vt 0.552956 0.636008
vt 0.538888 0.644334
vt 0.721042 0.803538
vt 0.476008 0.741762
vt 0.481964 0.734603
vt 0.476603 0.732430
vt 0.750854 0.580446
vt 0.751943 0.594116
vt 0.757934 0.586784
vt 0.544726 0.633187
vt 0.551410 0.672873
vt 0.712036 0.809844
vt 0.533731 0.658737
vt 0.528209 0.737985
vt 0.539892 0.729207
vt 0.567407 0.685609
vt 0.562587 0.679031
vt 0.577253 0.819720
vt 0.582020 0.835432
vt 0.596363 0.822924
vt 0.839694 0.391235
vt 0.850218 0.389869
vt 0.830688 0.376832
vt 0.735445 0.330603
vt 0.725220 0.331632
vt 0.737654 0.336058
vt 0.520060 0.750902
vt 0.608502 0.649794
vt 0.530016 0.668496
vt 0.542776 0.679845
vt 0.552905 0.681837
vt 0.528931 0.677077
vt 0.540949 0.742593
vt 0.526450 0.757810
vt 0.951942 0.069214
vt 0.942017 0.075561
vt 0.954222 0.074357
vt 0.605911 0.656918
vt 0.604364 0.670753
vt 0.596651 0.679984
vt 0.605611 0.680149
vt 0.611200 0.659898
vt 0.601244 0.664396
vt 0.103880 0.921433
vt 0.342539 0.765892
vt 0.345627 0.770861
vt 0.352111 0.765052
vt 0.983055 0.220094
vt 0.993016 0.233032
vt 0.999631 0.231360
vt 0.983366 0.228351
vt 0.228760 0.859700
vt 0.240621 0.850943
vt 0.228893 0.847612
vt 0.218262 0.847584
vt 0.743059 0.583137
vt 0.739950 0.574202
vt 0.738669 0.587304
vt 0.245057 0.856170
vt 0.336298 0.778157
vt 0.346056 0.783005
vt 0.346311 0.776207
vt 0.947144 0.021767
vt 0.951222 0.027222
vt 0.957152 0.021607
vt 0.635740 0.715744
vt 0.649288 0.725589
vt 0.653932 0.719120
vt 0.639811 0.725555
vt 0.355607 0.774155
vt 0.204176 0.853066
vt 0.214649 0.839519
vt 0.203610 0.841931
vt 0.214090 0.862036
vt 0.210691 0.853267
vt 0.222849 0.840497
vt 0.626742 0.723578
vt 0.081421 0.918784
vt 0.091430 0.924635
vt 0.086622 0.912234
vt 0.041622 0.085394
vt 0.028104 0.080715
vt 0.036139 0.090942
vt 0.348130 0.793476
vt 0.330801 0.790746
vt 0.355428 0.788348
vt 0.335670 0.768625
vt 0.959728 0.410440
vt 0.963097 0.419800
vt 0.967731 0.410004
vt 0.976195 0.392945
vt 0.966187 0.397687
vt 0.975898 0.403686
vt 0.962624 0.394329
vt 0.956923 0.399736
vt 0.242730 0.843381
vt 0.331392 0.796294
vt 0.234001 0.837654
vt 0.976440 0.225041
vt 0.327002 0.770304
vt 0.764820 0.568371
vt 0.753784 0.577972
vt 0.763743 0.583130
vt 0.222256 0.865845
vt 0.565510 0.838219
vt 0.605667 0.736547
vt 0.612749 0.731223
vt 0.603910 0.720896
vt 0.425659 0.026489
vt 0.434936 0.023051
vt 0.426120 0.020874
vt 0.200073 0.847715
vt 0.939087 0.395337
vt 0.951023 0.394241
vt 0.942657 0.389428
vt 0.617508 0.731761
vt 0.619556 0.712584
vt 0.629159 0.706796
vt 0.626730 0.698178
vt 0.954341 0.385399
vt 0.945191 0.378300
vt 0.616895 0.696529
vt 0.619841 0.689218
vt 0.614860 0.680882
vt 0.610850 0.715326
vt 0.388791 0.545678
vt 0.386868 0.536504
vt 0.379193 0.548777
vt 0.630456 0.665413
vt 0.623580 0.677123
vt 0.633215 0.681436
vt 0.745728 0.364381
vt 0.746941 0.375569
vt 0.752807 0.375854
vt 0.171509 0.918434
vt 0.182622 0.927368
vt 0.182982 0.917335
vt 0.865515 0.879690
vt 0.844531 0.878751
vt 0.858642 0.886386
vt 0.608801 0.706307
vt 0.962033 0.383414
vt 0.968869 0.390565
vt 0.954800 0.194459
vt 0.948608 0.203735
vt 0.963011 0.199264
vt 0.089809 0.936890
vt 0.864073 0.856348
vt 0.857270 0.855248
vt 0.866113 0.862134
vt 0.641660 0.678097
vt 0.625166 0.467173
vt 0.628734 0.475462
vt 0.632138 0.471771
vt 0.177449 0.906374
vt 0.856530 0.873356
vt 0.736693 0.918223
vt 0.725586 0.907839
vt 0.725220 0.915663
vt 0.634965 0.455233
vt 0.627186 0.453636
vt 0.633596 0.463719
vt 0.543894 0.917022
vt 0.542114 0.925041
vt 0.553588 0.930374
vt 0.627917 0.489985
vt 0.624967 0.496133
vt 0.631910 0.500191
vt 0.727224 0.922319
vt 0.734059 0.932495
vt 0.638025 0.485876
vt 0.638378 0.494230
vt 0.680504 0.489444
vt 0.673693 0.484879
vt 0.668115 0.499573
vt 0.753140 0.252393
vt 0.751185 0.260339
vt 0.759396 0.261387
vt 0.551363 0.939087
vt 0.612567 0.669154
vt 0.728336 0.341978
vt 0.744689 0.331670
vt 0.749340 0.339220
vt 0.739287 0.344060
vt 0.734433 0.346457
vt 0.749051 0.324099
vt 0.741693 0.327888
vt 0.610378 0.640659
vt 0.645127 0.491811
vt 0.642731 0.498525
vt 0.655484 0.490176
vt 0.645948 0.483639
vt 0.618630 0.666282
vt 0.552794 0.919381
vt 0.745116 0.263414
vt 0.739874 0.270286
vt 0.749110 0.272583
vt 0.752553 0.262345
vt 0.753267 0.329088
vt 0.747071 0.350783
vt 0.651911 0.498686
vt 0.624624 0.674675
vt 0.751429 0.344371
vt 0.546434 0.908572
vt 0.325346 0.379654
vt 0.320923 0.385763
vt 0.334894 0.386764
vt 0.333834 0.373246
vt 0.321661 0.374791
vt 0.661631 0.494198
vt 0.667916 0.481760
vt 0.735235 0.263873
vt 0.739115 0.257642
vt 0.661357 0.476968
vt 0.649196 0.479883
vt 0.655672 0.481775
vt 0.648969 0.472316
vt 0.330118 0.366993
vt 0.655084 0.504302
vt 0.663561 0.502059
vt 0.641733 0.477127
vt 0.640106 0.466087
vt 0.629112 0.443899
vt 0.354614 0.925872
vt 0.359531 0.921345
vt 0.360832 0.914430
vt 0.339948 0.380618
vt 0.330259 0.395393
vt 0.645998 0.461794
vt 0.267101 0.594396
vt 0.278650 0.585418
vt 0.267616 0.584336
vt 0.650959 0.466971
vt 0.621963 0.441933
vt 0.341105 0.396362
vt 0.344227 0.375458
vt 0.756467 0.350952
vt 0.283251 0.595021
vt 0.683946 0.475825
vt 0.675749 0.475364
vt 0.656274 0.465980
vt 0.114781 0.719606
vt 0.110718 0.726429
vt 0.116160 0.733276
vt 0.663914 0.469657
vt 0.681117 0.496724
vt 0.674897 0.470246
vt 0.665157 0.463556
vt 0.274798 0.578226
vt 0.272871 0.599510
vt 0.573718 0.916822
vt 0.577548 0.928100
vt 0.579955 0.915949
vt 0.282723 0.606044
vt 0.347167 0.389513
vt 0.093627 0.145947
vt 0.088982 0.139527
vt 0.082886 0.147339
vt 0.343361 0.360683
vt 0.336738 0.357580
vt 0.363158 0.932495
vt 0.288291 0.587091
vt 0.293594 0.593606
vt 0.651195 0.452389
vt 0.659485 0.456914
vt 0.645626 0.445428
vt 0.638872 0.444901
vt 0.634420 0.450749
vt 0.578881 0.907532
vt 0.460815 0.209341
vt 0.468627 0.210327
vt 0.461363 0.201783
vt 0.249704 0.900862
vt 0.249654 0.908248
vt 0.265013 0.909790
vt 0.120727 0.727430
vt 0.688458 0.498244
vt 0.694988 0.497148
vt 0.696146 0.488823
vt 0.635605 0.435421
vt 0.626189 0.427923
vt 0.261979 0.895401
vt 0.248413 0.887044
vt 0.567749 0.904177
vt 0.382491 0.787959
vt 0.371277 0.791873
vt 0.382625 0.797804
vt 0.259210 0.883669
vt 0.382494 0.781715
vt 0.390984 0.788328
vt 0.724487 0.253809
vt 0.731177 0.270677
vt 0.013306 0.825666
vt 0.020385 0.834350
vt 0.014594 0.817018
vt 0.691583 0.484062
vt 0.686144 0.460457
vt 0.677626 0.461832
vt 0.687213 0.472499
vt 0.347712 0.383864
vt 0.299373 0.584206
vt 0.301031 0.593915
vt 0.694376 0.458713
vt 0.689021 0.457345
vt 0.288823 0.581640
vt 0.369477 0.781026
vt 0.348266 0.366041
vt 0.920551 0.421510
vt 0.920044 0.433716
vt 0.927123 0.432774
vt 0.303183 0.603416
vt 0.289271 0.608014
vt 0.297979 0.613159
vt 0.375153 0.772661
vt 0.558788 0.209595
vt 0.560180 0.197389
vt 0.555298 0.202950
vt 0.686129 0.452092
vt 0.668770 0.459724
vt 0.361611 0.781600
vt 0.185747 0.770588
vt 0.194805 0.772716
vt 0.185406 0.762438
vt 0.257928 0.841761
vt 0.267371 0.837238
vt 0.259855 0.833628
vt 0.261506 0.827491
vt 0.270780 0.831559
vt 0.272332 0.826132
vt 0.067505 0.838013
vt 0.077514 0.833626
vt 0.073466 0.822877
vt 0.368837 0.773304
vt 0.251430 0.827443
vt 0.265224 0.834489
vt 0.368578 0.798573
vt 0.259323 0.505493
vt 0.267211 0.499603
vt 0.258667 0.494020
vt 0.352170 0.357060
vt 0.181478 0.782349
vt 0.176151 0.768659
vt 0.171508 0.776591
vt 0.407661 0.379439
vt 0.396606 0.373125
vt 0.399105 0.385772
vt 0.157781 0.776815
vt 0.166864 0.771763
vt 0.162256 0.766224
vt 0.402220 0.391842
vt 0.248233 0.834981
vt 0.602660 0.826540
vt 0.592651 0.831813
vt 0.593212 0.841675
vt 0.317005 0.596388
vt 0.308563 0.594207
vt 0.185381 0.549311
vt 0.185559 0.562329
vt 0.193255 0.556898
vt 0.368839 0.758429
vt 0.361142 0.766448
vt 0.197332 0.541283
vt 0.188195 0.540162
vt 0.180310 0.561758
vt 0.487031 0.126099
vt 0.489868 0.122920
vt 0.484253 0.117554
vt 0.414426 0.380065
vt 0.404907 0.398186
vt 0.358671 0.759018
vt 0.364436 0.899859
vt 0.363403 0.914967
vt 0.369075 0.911206
vt 0.764771 0.045777
vt 0.769396 0.053589
vt 0.779906 0.052149
vt 0.217305 0.487514
vt 0.211399 0.482091
vt 0.205789 0.485642
vt 0.480137 0.564854
vt 0.475504 0.579067
vt 0.489386 0.573684
vt 0.374643 0.902017
vt 0.479894 0.585858
vt 0.255136 0.855577
vt 0.177905 0.602638
vt 0.171317 0.602370
vt 0.173514 0.613375
vt 0.486327 0.586306
vt 0.206162 0.564113
vt 0.213182 0.558654
vt 0.204469 0.551933
vt 0.412945 0.395315
vt 0.375640 0.768394
vt 0.174454 0.594464
vt 0.472881 0.568307
vt 0.368091 0.923706
vt 0.210215 0.546605
vt 0.216034 0.559098
vt 0.226744 0.557211
vt 0.777222 0.276245
vt 0.790160 0.273739
vt 0.789507 0.266969
vt 0.208886 0.536100
vt 0.219874 0.545185
vt 0.402222 0.452026
vt 0.409301 0.445788
vt 0.405392 0.439820
vt 0.377806 0.918825
vt 0.188361 0.534128
vt 0.197487 0.535632
vt 0.705917 0.485464
vt 0.704467 0.476524
vt 0.703320 0.468515
vt 0.715698 0.737720
vt 0.722900 0.747925
vt 0.727172 0.732790
vt 0.039100 0.072804
vt 0.030598 0.070196
vt 0.028254 0.085230
vt 0.022996 0.082493
vt 0.015615 0.086836
vt 0.893095 0.862507
vt 0.886397 0.856568
vt 0.882469 0.863944
vt 0.770384 0.572050
vt 0.019993 0.065993
vt 0.010045 0.083716
vt 0.596810 0.807500
vt 0.009304 0.063357
vt 0.004268 0.069650
vt 0.875284 0.873819
vt 0.884416 0.878976
vt 0.874473 0.882771
vt 0.758123 0.565065
vt 0.886406 0.871792
vt 0.883579 0.890236
vt 0.170044 0.257447
vt 0.179023 0.269653
vt 0.185912 0.267592
vt 0.207993 0.502195
vt 0.284057 0.512330
vt 0.274780 0.518605
vt 0.280864 0.524536
vt 0.737091 0.238666
vt 0.880832 0.852177
vt 0.864090 0.891390
vt 0.895248 0.881555
vt 0.896357 0.870983
vt 0.203081 0.152682
vt 0.205408 0.162297
vt 0.214685 0.154022
vt 0.212963 0.147210
vt 0.440795 0.869507
vt 0.436935 0.858561
vt 0.432251 0.853639
vt 0.895243 0.892212
vt 0.502042 0.428835
vt 0.728403 0.234013
vt 0.724966 0.242114
vt 0.734570 0.246914
vt 0.282497 0.568202
vt 0.192612 0.745623
vt 0.202886 0.758580
vt 0.199725 0.742446
vt 0.743939 0.238159
vt 0.752074 0.228533
vt 0.735474 0.226686
vt 0.265193 0.571880
vt 0.204935 0.750297
vt 0.206797 0.732952
vt 0.985988 0.470479
vt 0.191844 0.716376
vt 0.185975 0.706039
vt 0.182139 0.713143
vt 0.219072 0.167114
vt 0.276276 0.553169
vt 0.225896 0.165447
vt 0.074097 0.184205
vt 0.623021 0.653297
vt 0.630670 0.638919
vt 0.618286 0.639413
vt 0.942017 0.214878
vt 0.403035 0.213502
vt 0.394897 0.220790
vt 0.403442 0.222046
vt 0.272415 0.523665
vt 0.280333 0.528756
vt 0.201538 0.143191
vt 0.169547 0.751096
vt 0.178037 0.745678
vt 0.168193 0.739803
vt 0.636034 0.648373
vt 0.281174 0.539012
vt 0.289219 0.562719
vt 0.284257 0.552618
vt 0.185777 0.747381
vt 0.196125 0.753760
vt 0.187861 0.725842
vt 0.177739 0.718911
vt 0.178214 0.730706
vt 0.296167 0.572449
vt 0.160420 0.726185
vt 0.170882 0.723215
vt 0.164886 0.720284
vt 0.465698 0.604616
vt 0.458618 0.610487
vt 0.464316 0.618286
vt 0.172000 0.711965
vt 0.197269 0.728735
vt 0.157566 0.715920
vt 0.192724 0.734624
vt 0.183888 0.754435
vt 0.153337 0.740356
vt 0.163968 0.749913
vt 0.202611 0.765505
vt 0.175025 0.753695
vt 0.159494 0.755402
vt 0.165850 0.757589
vt 0.192017 0.912192
vt 0.204222 0.910301
vt 0.197180 0.903444
vt 0.199741 0.915907
vt 0.192964 0.921412
vt 0.201874 0.924438
vt 0.306667 0.579015
vt 0.157145 0.759652
vt 0.649873 0.582594
vt 0.653614 0.573993
vt 0.646436 0.573952
vt 0.880732 0.422052
vt 0.888303 0.419566
vt 0.884937 0.414189
vt 0.179565 0.349000
vt 0.184578 0.355554
vt 0.186613 0.350755
vt 0.628284 0.630768
vt 0.638205 0.631471
vt 0.258108 0.501218
vt 0.246455 0.489091
vt 0.245837 0.500635
vt 0.632219 0.816262
vt 0.637083 0.838689
vt 0.644029 0.824111
vt 0.664288 0.570469
vt 0.655178 0.565091
vt 0.298218 0.200691
vt 0.305555 0.202270
vt 0.308227 0.193726
vt 0.649277 0.511095
vt 0.656940 0.511599
vt 0.647809 0.562980
vt 0.641110 0.567467
vt 0.644796 0.507079
vt 0.650677 0.555307
vt 0.642228 0.588980
vt 0.640991 0.579987
vt 0.638320 0.514237
vt 0.637670 0.505729
vt 0.632294 0.512905
vt 0.828491 0.619996
vt 0.834680 0.633667
vt 0.839965 0.629925
vt 0.892699 0.450561
vt 0.888617 0.439088
vt 0.884155 0.445035
vt 0.622397 0.503618
vt 0.642588 0.620213
vt 0.632933 0.604964
vt 0.625852 0.618597
vt 0.826049 0.931030
vt 0.822509 0.920019
vt 0.820545 0.922924
vt 0.818935 0.628366
vt 0.814633 0.632093
vt 0.827922 0.635213
vt 0.429075 0.005647
vt 0.414079 0.000367
vt 0.411743 0.005981
vt 0.818270 0.639449
vt 0.807784 0.641793
vt 0.815094 0.646343
vt 0.823132 0.653867
vt 0.513435 0.809666
vt 0.237223 0.487991
vt 0.999630 0.264081
vt 0.995978 0.247297
vt 0.991665 0.255429
vt 0.658967 0.600688
vt 0.652742 0.598774
vt 0.652354 0.613216
vt 0.293274 0.381714
vt 0.306029 0.370240
vt 0.292358 0.371613
vt 0.643096 0.596566
vt 0.665009 0.620095
vt 0.795193 0.633037
vt 0.796752 0.641110
vt 0.145956 0.940281
vt 0.146886 0.931078
vt 0.143677 0.922936
vt 0.046997 0.678345
vt 0.054076 0.674195
vt 0.048009 0.663209
vt 0.969941 0.643434
vt 0.968384 0.653170
vt 0.976928 0.648975
vt 0.646334 0.633343
vt 0.657502 0.635601
vt 0.654983 0.627917
vt 0.793290 0.623778
vt 0.524508 0.805450
vt 0.796801 0.645198
vt 0.676089 0.607073
vt 0.662982 0.628827
vt 0.784011 0.627541
vt 0.811899 0.620074
vt 0.976219 0.657104
vt 0.784346 0.634272
vt 0.793335 0.521852
vt 0.798498 0.526723
vt 0.808470 0.522511
vt 0.806042 0.536255
vt 0.231273 0.474607
vt 0.671021 0.624833
vt 0.676253 0.620057
vt 0.803559 0.622289
vt 0.782755 0.644270
vt 0.420111 0.574776
vt 0.413208 0.586036
vt 0.425896 0.580570
vt 0.621798 0.604060
vt 0.857586 0.387573
vt 0.864134 0.380441
vt 0.855037 0.372844
vt 0.852212 0.378025
vt 0.774443 0.639149
vt 0.147382 0.916630
vt 0.799346 0.613416
vt 0.785067 0.617990
vt 0.826431 0.623979
vt 0.526544 0.816141
vt 0.539464 0.812208
vt 0.685664 0.620588
vt 0.788197 0.650865
vt 0.415746 0.596313
vt 0.422955 0.588413
vt 0.809004 0.611215
vt 0.816826 0.612669
vt 0.429485 0.573928
vt 0.532112 0.794268
vt 0.821319 0.620150
vt 0.824591 0.612528
vt 0.831166 0.616670
vt 0.774960 0.623592
vt 0.217387 0.474257
vt 0.746947 0.285034
vt 0.738163 0.276676
vt 0.739336 0.281965
vt 0.150756 0.941304
vt 0.543926 0.786993
vt 0.551920 0.793190
vt 0.556424 0.806926
vt 0.843140 0.368044
vt 0.190307 0.359009
vt 0.530894 0.654881
vt 0.921130 0.047242
vt 0.918579 0.053589
vt 0.931517 0.051721
vt 0.598630 0.852991
vt 0.596811 0.846164
vt 0.588001 0.853878
vt 0.607781 0.839725
vt 0.434202 0.567264
vt 0.537271 0.715200
vt 0.584115 0.859276
vt 0.582771 0.852549
vt 0.574280 0.861585
vt 0.775549 0.655213
vt 0.569353 0.859160
vt 0.565634 0.866043
vt 0.559738 0.862179
vt 0.484739 0.724734
vt 0.679668 0.917531
vt 0.836085 0.869021
vt 0.823364 0.895874
vt 0.838499 0.882233
vt 0.614649 0.744249
vt 0.965209 0.111450
vt 0.958114 0.104371
vt 0.953735 0.110889
vt 0.061046 0.413226
vt 0.061809 0.398806
vt 0.052856 0.400779
vt 0.078029 0.424927
vt 0.081174 0.418027
vt 0.071349 0.421586
vt 0.736580 0.566864
vt 0.728654 0.558769
vt 0.724570 0.570488
vt 0.992534 0.836459
vt 0.988892 0.848266
vt 0.999633 0.830934
vt 0.069162 0.405358
vt 0.730380 0.575649
vt 0.393567 0.404283
vt 0.827513 0.037904
vt 0.717203 0.570838
vt 0.715424 0.577326
vt 0.723427 0.579712
vt 0.716236 0.560706
vt 0.580573 0.229584
vt 0.581563 0.234561
vt 0.593870 0.508670
vt 0.582822 0.525610
vt 0.587609 0.535522
vt 0.383911 0.399393
vt 0.561480 0.801744
vt 0.578536 0.216433
vt 0.682436 0.895388
vt 0.729614 0.278357
vt 0.728174 0.586690
vt 0.719076 0.583747
vt 0.707145 0.574136
vt 0.659624 0.716673
vt 0.650786 0.705814
vt 0.374678 0.561258
vt 0.382454 0.572690
vt 0.387171 0.568076
vt 0.641620 0.710383
vt 0.492795 0.551885
vt 0.477957 0.552200
vt 0.486888 0.562597
vt 0.930765 0.192179
vt 0.934821 0.183473
vt 0.921509 0.194946
vt 0.874201 0.656701
vt 0.878802 0.664867
vt 0.883259 0.657043
vt 0.369661 0.573505
vt 0.369064 0.566553
vt 0.362645 0.573551
vt 0.404258 0.369511
vt 0.413771 0.371117
vt 0.644263 0.699402
vt 0.385381 0.558661
vt 0.372121 0.890994
vt 0.363214 0.559046
vt 0.368089 0.583130
vt 0.940306 0.193895
vt 0.465942 0.561077
vt 0.691528 0.416383
vt 0.702705 0.425423
vt 0.703801 0.417872
vt 0.636275 0.700667
vt 0.180755 0.529186
vt 0.636451 0.690783
vt 0.887228 0.652148
vt 0.877407 0.646370
vt 0.369651 0.543226
vt 0.647047 0.683142
vt 0.655122 0.695082
vt 0.375780 0.539621
vt 0.661594 0.706773
vt 0.361938 0.547301
vt 0.315928 0.788273
vt 0.330199 0.792968
vt 0.328927 0.781130
vt 0.838745 0.887476
vt 0.843827 0.868139
vt 0.551821 0.841687
vt 0.547241 0.854155
vt 0.559460 0.861450
vt 0.557541 0.849154
vt 0.624436 0.688116
vt 0.866012 0.654907
vt 0.655759 0.682590
vt 0.197144 0.510784
vt 0.205378 0.517615
vt 0.201849 0.495415
vt 0.197192 0.502505
vt 0.436052 0.748170
vt 0.432983 0.763306
vt 0.441527 0.754975
vt 0.816082 0.916996
vt 0.466675 0.743921
vt 0.468754 0.750122
vt 0.568964 0.807586
vt 0.815308 0.910036
vt 0.999632 0.677343
vt 0.995154 0.671999
vt 0.985962 0.690796
vt 0.753255 0.849915
vt 0.746002 0.844119
vt 0.732404 0.272828
vt 0.106397 0.569133
vt 0.109740 0.556276
vt 0.093140 0.572143
vt 0.564498 0.857511
vt 0.867617 0.721804
vt 0.863647 0.725590
vt 0.878050 0.742065
vt 0.843176 0.750995
vt 0.835083 0.764770
vt 0.839014 0.758447
vt 0.744180 0.057251
vt 0.746947 0.050776
vt 0.732544 0.050172
vt 0.862195 0.755364
vt 0.859253 0.767932
vt 0.865285 0.767593
vt 0.459103 0.190088
vt 0.446462 0.187146
vt 0.450047 0.197143
vt 0.708861 0.424113
vt 0.771342 0.688854
vt 0.780473 0.699585
vt 0.524933 0.468316
vt 0.510620 0.471111
vt 0.516991 0.476051
vt 0.069668 0.296020
vt 0.071831 0.285199
vt 0.138312 0.757912
vt 0.147421 0.760286
vt 0.143637 0.750376
vt 0.138519 0.772098
vt 0.076048 0.910522
vt 0.073760 0.890669
vt 0.062627 0.896743
vt 0.923492 0.412655
vt 0.937101 0.424995
vt 0.934533 0.407691
vt 0.933219 0.434554
vt 0.865137 0.592598
vt 0.853908 0.602401
vt 0.869993 0.609817
vt 0.130689 0.789473
vt 0.149092 0.797494
vt 0.140550 0.783710
vt 0.233248 0.899947
vt 0.240844 0.907601
vt 0.240385 0.895183
vt 0.248167 0.897312
vt 0.060181 0.885134
vt 0.151484 0.777634
vt 0.667330 0.874036
vt 0.682034 0.873436
vt 0.673986 0.863209
vt 0.244702 0.887332
vt 0.237892 0.917114
vt 0.090695 0.273562
vt 0.845181 0.589514
vt 0.844604 0.601562
vt 0.856027 0.589138
vt 0.147567 0.808242
vt 0.134827 0.799095
vt 0.135543 0.809131
vt 0.463727 0.846601
vt 0.459606 0.860554
vt 0.471925 0.844295
vt 0.057715 0.577580
vt 0.085976 0.574313
vt 0.071194 0.567779
vt 0.459752 0.842763
vt 0.030524 0.756355
vt 0.041659 0.756918
vt 0.041170 0.746285
vt 0.548508 0.116090
vt 0.539185 0.120737
vt 0.550658 0.123901
vt 0.658401 0.866669
vt 0.661978 0.874718
vt 0.233032 0.888227
vt 0.923830 0.395878
vt 0.087777 0.628957
vt 0.094351 0.616237
vt 0.093799 0.609344
vt 0.189348 0.399292
vt 0.193969 0.388551
vt 0.183228 0.391455
vt 0.940305 0.435181
vt 0.461946 0.825063
vt 0.864088 0.581253
vt 0.863355 0.573125
vt 0.004335 0.406616
vt 0.007934 0.394410
vt 0.000122 0.402374
vt 0.461448 0.875037
vt 0.470965 0.858822
vt 0.090021 0.587782
vt 0.086043 0.585254
vt 0.235834 0.070997
vt 0.240359 0.078577
vt 0.244084 0.066730
vt 0.145525 0.816040
vt 0.459351 0.835169
vt 0.478406 0.827862
vt 0.223024 0.079224
vt 0.226030 0.075196
vt 0.672626 0.883429
vt 0.257123 0.805299
vt 0.255005 0.817008
vt 0.264281 0.820434
vt 0.539480 0.176148
vt 0.540458 0.177173
vt 0.546996 0.181241
vt 0.954060 0.158573
vt 0.944946 0.169876
vt 0.957194 0.164526
vt 0.540209 0.184692
vt 0.920776 0.001587
vt 0.921275 0.001177
vt 0.921997 0.000366
vt 0.040878 0.781160
vt 0.038417 0.789182
vt 0.046172 0.788700
vt 0.664609 0.863939
vt 0.539185 0.176800
vt 0.688599 0.228885
vt 0.696410 0.233765
vt 0.692712 0.224488
vt 0.921204 0.000805
vt 0.921376 0.000476
vt 0.249730 0.075866
vt 0.054741 0.663224
vt 0.059153 0.656702
vt 0.051937 0.653689
vt 0.059154 0.676147
vt 0.064329 0.669080
vt 0.845337 0.020630
vt 0.852801 0.019475
vt 0.853881 0.014283
vt 0.869036 0.589847
vt 0.692820 0.710541
vt 0.691221 0.723148
vt 0.697692 0.710085
vt 0.237489 0.062528
vt 0.486062 0.838882
vt 0.904690 0.924984
vt 0.908080 0.910769
vt 0.897339 0.933227
vt 0.603638 0.684450
vt 0.614379 0.698852
vt 0.612176 0.686016
vt 0.846732 0.615057
vt 0.698607 0.724539
vt 0.810792 0.792436
vt 0.822307 0.805359
vt 0.818904 0.790239
vt 0.968212 0.262329
vt 0.971068 0.254519
vt 0.959595 0.253053
vt 0.415405 0.530632
vt 0.425414 0.537720
vt 0.423757 0.525514
vt 0.862068 0.619018
vt 0.857075 0.616334
vt 0.562848 0.547033
vt 0.568475 0.540453
vt 0.556030 0.542686
vt 0.437378 0.362671
vt 0.446438 0.361070
vt 0.450316 0.351930
vt 0.557609 0.534303
vt 0.000122 0.410523
vt 0.003919 0.418952
vt 0.005773 0.414459
vt 0.510620 0.040650
vt 0.514901 0.046265
vt 0.522094 0.043176
vt 0.378052 0.915757
vt 0.378330 0.933227
vt 0.387328 0.912966
vt 0.105103 0.914917
vt 0.113324 0.908079
vt 0.104126 0.895206
vt 0.460083 0.590552
vt 0.473850 0.599933
vt 0.471428 0.584841
vt 0.684204 0.730347
vt 0.010863 0.421265
vt 0.691364 0.888333
vt 0.268676 0.250855
vt 0.260132 0.252807
vt 0.261800 0.260132
vt 0.574095 0.550171
vt 0.573019 0.545358
vt 0.742375 0.929162
vt 0.740601 0.939087
vt 0.749145 0.932857
vt 0.074624 0.684939
vt 0.066560 0.694190
vt 0.082275 0.693649
vt 0.948959 0.194199
vt 0.962721 0.185706
vt 0.296753 0.915163
vt 0.297201 0.937224
vt 0.306029 0.939819
vt 0.063811 0.703384
vt 0.070957 0.712254
vt 0.077773 0.701604
vt 0.549438 0.390936
vt 0.552895 0.383495
vt 0.550532 0.378049
vt 0.958351 0.641970
vt 0.957397 0.650006
vt 0.962280 0.648238
vt 0.080516 0.727955
vt 0.086268 0.721907
vt 0.084911 0.714439
vt 0.959873 0.660766
vt 0.068520 0.735469
vt 0.077234 0.736332
vt 0.080326 0.699854
vt 0.087386 0.699746
vt 0.079203 0.680800
vt 0.067801 0.722891
vt 0.064378 0.714228
vt 0.719643 0.239137
vt 0.714966 0.240686
vt 0.724242 0.248413
vt 0.556763 0.175171
vt 0.568038 0.174456
vt 0.571166 0.167794
vt 0.563945 0.165894
vt 0.092757 0.572389
vt 0.090210 0.586059
vt 0.097289 0.575161
vt 0.059543 0.700627
vt 0.061364 0.721553
vt 0.029172 0.484858
vt 0.004387 0.480996
vt 0.017582 0.497328
vt 0.289183 0.894657
vt 0.281194 0.896383
vt 0.283214 0.910598
vt 0.054897 0.733535
vt 0.769653 0.453185
vt 0.762573 0.446412
vt 0.766059 0.459350
vt 0.762095 0.414266
vt 0.748945 0.427520
vt 0.760664 0.432764
vt 0.000122 0.512419
vt 0.014835 0.513515
vt 0.009434 0.505026
vt 0.746691 0.095582
vt 0.739868 0.103393
vt 0.752806 0.101204
vt 0.743285 0.695923
vt 0.738210 0.682252
vt 0.734009 0.688202
vt 0.016400 0.475713
vt 0.748556 0.412829
vt 0.762511 0.445597
vt 0.752520 0.444524
vt 0.026118 0.493831
vt 0.690550 0.721557
vt 0.685546 0.703493
vt 0.677612 0.706517
vt 0.738796 0.424445
vt 0.001180 0.058228
vt 0.000122 0.067505
vt 0.005004 0.065951
vt 0.741757 0.408556
vt 0.985714 0.289483
vt 0.977041 0.281894
vt 0.974936 0.294249
vt 0.892174 0.040849
vt 0.888550 0.046265
vt 0.900756 0.040650
vt 0.730997 0.435145
vt 0.956447 0.175898
vt 0.761210 0.459473
vt 0.052856 0.717752
vt 0.745816 0.456189
vt 0.985017 0.299469
vt 0.735073 0.449489
vt 0.201793 0.897800
vt 0.199030 0.885134
vt 0.193481 0.892682
vt 0.049195 0.804644
vt 0.734074 0.418307
vt 0.966040 0.292050
vt 0.773826 0.429375
vt 0.753257 0.476929
vt 0.767263 0.477460
vt 0.770130 0.469799
vt 0.756550 0.481971
vt 0.740601 0.300118
vt 0.751397 0.304699
vt 0.746217 0.290801
vt 0.046265 0.656983
vt 0.468031 0.609497
vt 0.749862 0.272831
vt 0.756229 0.279539
vt 0.665281 0.914184
vt 0.670323 0.897924
vt 0.659302 0.907903
vt 0.745482 0.323903
vt 0.742945 0.318106
vt 0.731079 0.325317
vt 0.756003 0.465099
vt 0.027062 0.804319
vt 0.029864 0.806518
vt 0.745266 0.471410
vt 0.758548 0.308220
vt 0.766338 0.291302
vt 0.683378 0.890952
vt 0.188110 0.155395
vt 0.187871 0.146119
vt 0.182495 0.151927
vt 0.389493 0.825080
vt 0.384329 0.836273
vt 0.390988 0.842016
vt 0.697139 0.897866
vt 0.970711 0.280296
vt 0.734936 0.410244
vt 0.722069 0.420787
vt 0.745563 0.307822
vt 0.746801 0.315796
vt 0.774777 0.278206
vt 0.773347 0.286502
vt 0.728314 0.448724
vt 0.011596 0.768328
vt 0.010093 0.759889
vt 0.000122 0.772617
vt 0.734479 0.470721
vt 0.732755 0.459326
vt 0.744018 0.017945
vt 0.734741 0.019566
vt 0.740654 0.023559
vt 0.739863 0.479956
vt 0.637046 0.401127
vt 0.628648 0.417971
vt 0.641834 0.410899
vt 0.960840 0.285977
vt 0.006070 0.776489
vt 0.952271 0.280154
vt 0.955255 0.290673
vt 0.755668 0.489172
vt 0.747323 0.493042
vt 0.407103 0.287340
vt 0.402405 0.285181
vt 0.401396 0.294556
vt 0.955687 0.273798
vt 0.950001 0.267701
vt 0.943510 0.278442
vt 0.991117 0.816133
vt 0.999000 0.821128
vt 0.999633 0.807497
vt 0.691088 0.906860
vt 0.705168 0.895352
vt 0.709734 0.889407
vt 0.699585 0.887332
vt 0.958851 0.295326
vt 0.278927 0.148863
vt 0.268959 0.142850
vt 0.266608 0.152347
vt 0.419643 0.926117
vt 0.424682 0.931763
vt 0.415405 0.912233
vt 0.941284 0.271514
vt 0.809056 0.812367
vt 0.812847 0.826923
vt 0.821855 0.818637
vt 0.737553 0.482839
vt 0.389771 0.290625
vt 0.391787 0.282350
vt 0.643741 0.418875
vt 0.090266 0.649596
vt 0.096344 0.653631
vt 0.097289 0.644166
vt 0.714817 0.899446
vt 0.701535 0.257530
vt 0.692254 0.254632
vt 0.697149 0.262391
vt 0.381620 0.889987
vt 0.383107 0.877798
vt 0.376226 0.883601
vt 0.686401 0.261179
vt 0.621948 0.425659
vt 0.992554 0.453737
vt 0.998636 0.466675
vt 0.999633 0.454689
vt 0.708128 0.268188
vt 0.648624 0.414833
vt 0.649533 0.400271
vt 0.986569 0.291871
vt 0.994071 0.298711
vt 0.999632 0.293664
vt 0.708499 0.908877
vt 0.715452 0.914691
vt 0.407349 0.059448
vt 0.418822 0.057916
vt 0.409192 0.053833
vt 0.228545 0.911844
vt 0.221331 0.909737
vt 0.219849 0.924438
vt 0.225541 0.902466
vt 0.023895 0.526477
vt 0.026998 0.534461
vt 0.034437 0.531682
vt 0.704286 0.254518
vt 0.383399 0.866337
vt 0.375825 0.873375
vt 0.741373 0.487493
vt 0.585106 0.791626
vt 0.578766 0.806970
vt 0.591405 0.797848
vt 0.876586 0.066040
vt 0.873430 0.059693
vt 0.863647 0.063268
vt 0.729933 0.429435
vt 0.573671 0.798037
vt 0.381022 0.848004
vt 0.372873 0.854612
vt 0.384591 0.855674
vt 0.715495 0.432747
vt 0.258383 0.143490
vt 0.264280 0.130308
vt 0.572376 0.790677
vt 0.710886 0.420042
vt 0.585219 0.810558
vt 0.375154 0.863922
vt 0.364687 0.869700
vt 0.263555 0.122195
vt 0.251024 0.130091
vt 0.934308 0.127563
vt 0.937377 0.120484
vt 0.926636 0.127276
vt 0.548717 0.587915
vt 0.544473 0.585373
vt 0.543386 0.594464
vt 0.995666 0.516712
vt 0.989114 0.525043
vt 0.999632 0.524928
vt 0.535522 0.601440
vt 0.250423 0.137509
vt 0.478880 0.607855
vt 0.728039 0.466323
vt 0.252528 0.119755
vt 0.260819 0.320923
vt 0.264731 0.306743
vt 0.244751 0.317615
vt 0.726518 0.441099
vt 0.568730 0.804499
vt 0.574961 0.819702
vt 0.140382 0.728175
vt 0.141606 0.738028
vt 0.152214 0.743422
vt 0.132757 0.734060
vt 0.126652 0.724677
vt 0.360274 0.859704
vt 0.641851 0.379030
vt 0.634658 0.383309
vt 0.641687 0.384855
vt 0.251106 0.151460
vt 0.250450 0.143418
vt 0.563367 0.790936
vt 0.092074 0.707155
vt 0.086548 0.721930
vt 0.092163 0.727417
vt 0.992512 0.531001
vt 0.391093 0.908990
vt 0.388107 0.914639
vt 0.392455 0.920776
vt 0.240457 0.137424
vt 0.349067 0.114864
vt 0.340180 0.104262
vt 0.338984 0.112727
vt 0.140770 0.745684
vt 0.366791 0.880234
vt 0.539845 0.482803
vt 0.543511 0.474563
vt 0.535522 0.474245
vt 0.548135 0.490463
vt 0.555052 0.492309
vt 0.357544 0.884878
vt 0.151610 0.747925
vt 0.368040 0.890747
vt 0.131109 0.714573
vt 0.278927 0.316195
vt 0.239624 0.142667
vt 0.385195 0.904497
vt 0.124936 0.707827
vt 0.985962 0.302612
vt 0.545971 0.575576
vt 0.388073 0.899478
vt 0.705557 0.911823
vt 0.707329 0.919311
vt 0.539185 0.233817
vt 0.542475 0.236694
vt 0.544722 0.225953
vt 0.086548 0.657837
vt 0.038209 0.522033
vt 0.559446 0.580143
vt 0.202637 0.067750
vt 0.200073 0.074497
vt 0.207885 0.074829
vt 0.043885 0.530832
vt 0.256612 0.294766
vt 0.250162 0.309750
vt 0.784301 0.912785
vt 0.773560 0.928825
vt 0.780419 0.940552
vt 0.674436 0.252042
vt 0.672206 0.243453
vt 0.664395 0.255737
vt 0.052648 0.626702
vt 0.069821 0.627203
vt 0.048419 0.617020
vt 0.024022 0.540363
vt 0.039323 0.561320
vt 0.028217 0.593062
vt 0.044910 0.620614
vt 0.042101 0.607318
vt 0.067553 0.659786
vt 0.080017 0.659577
vt 0.941772 0.215326
vt 0.936549 0.214970
vt 0.936469 0.219303
vt 0.777718 0.911502
vt 0.502563 0.659547
vt 0.503216 0.673950
vt 0.510375 0.666831
vt 0.038998 0.600272
vt 0.056693 0.606145
vt 0.049286 0.553378
vt 0.173460 0.778202
vt 0.158457 0.796432
vt 0.158353 0.811383
vt 0.290161 0.613455
vt 0.299639 0.629272
vt 0.298837 0.613405
vt 0.124848 0.754586
vt 0.967500 0.303322
vt 0.305296 0.626349
vt 0.305019 0.613620
vt 0.982104 0.306953
vt 0.749145 0.223065
vt 0.743464 0.217896
vt 0.742065 0.227173
vt 0.446689 0.138550
vt 0.447387 0.132635
vt 0.437378 0.130738
vt 0.276246 0.160659
vt 0.660669 0.645541
vt 0.651978 0.639040
vt 0.653733 0.646900
vt 0.822632 0.635377
vt 0.825654 0.649048
vt 0.834105 0.644360
vt 0.971259 0.302554
vt 0.966290 0.308472
vt 0.996320 0.329500
vt 0.986694 0.327760
vt 0.999632 0.337768
vt 0.232787 0.898318
vt 0.996593 0.824097
vt 0.666380 0.654175
vt 0.367552 0.121704
vt 0.365113 0.113160
vt 0.353149 0.116444
vt 0.289429 0.479371
vt 0.292472 0.493774
vt 0.295043 0.488496
vt 0.990356 0.807552
vt 0.026669 0.192261
vt 0.019897 0.196243
vt 0.029174 0.200806
vt 0.327515 0.054321
vt 0.336059 0.051081
vt 0.332039 0.047974
vt 0.187152 0.020142
vt 0.182495 0.023399
vt 0.190307 0.026489
vt 0.262457 0.156246
vt 0.265390 0.160634
vt 0.535099 0.389758
vt 0.540305 0.394165
vt 0.536290 0.381597
vt 0.549192 0.383490
vt 0.543404 0.378297
vt 0.626220 0.394142
vt 0.635287 0.393794
vt 0.258127 0.160705
vt 0.248080 0.161987
vt 0.645871 0.392014
vt 0.304564 0.035278
vt 0.304281 0.029664
vt 0.290161 0.032706
vt 0.461925 0.212998
vt 0.454571 0.201714
vt 0.452480 0.210873
vt 0.279175 0.145928
vt 0.294310 0.151160
vt 0.289906 0.143189
vt 0.280011 0.152466
vt 0.529663 0.390110
vt 0.468624 0.223034
vt 0.457575 0.229370
vt 0.623481 0.388494
vt 0.441275 0.207967
vt 0.445613 0.197391
vt 0.381890 0.890262
vt 0.629018 0.400024
vt 0.251098 0.300236
vt 0.244751 0.296266
vt 0.248671 0.307007
vt 0.180785 0.214234
vt 0.169586 0.216814
vt 0.177430 0.221032
vt 0.393188 0.022690
vt 0.390547 0.018677
vt 0.383911 0.024292
vt 0.378052 0.893093
vt 0.337579 0.806911
vt 0.765959 0.386555
vt 0.765424 0.398398
vt 0.776429 0.390644
vt 0.329830 0.806177
vt 0.319458 0.816101
vt 0.330101 0.814071
vt 0.788308 0.406405
vt 0.777944 0.417481
vt 0.792725 0.417852
vt 0.419936 0.119911
vt 0.412015 0.109682
vt 0.409367 0.115349
vt 0.420609 0.110257
vt 0.782570 0.399256
vt 0.771409 0.405327
vt 0.779651 0.406869
vt 0.685563 0.601834
vt 0.680511 0.591662
vt 0.677497 0.599509
vt 0.798821 0.412256
vt 0.796789 0.402670
vt 0.683808 0.607816
vt 0.792131 0.388317
vt 0.688709 0.594252
vt 0.695921 0.601953
vt 0.781208 0.379951
vt 0.693648 0.606146
vt 0.789705 0.375531
vt 0.796666 0.380105
vt 0.695574 0.611694
vt 0.704092 0.607810
vt 0.759787 0.404396
vt 0.706479 0.601664
vt 0.702372 0.596394
vt 0.802781 0.391514
vt 0.707563 0.583399
vt 0.709572 0.592489
vt 0.719939 0.590530
vt 0.402034 0.106751
vt 0.683256 0.586552
vt 0.715258 0.604472
vt 0.790581 0.538182
vt 0.785229 0.544398
vt 0.794554 0.548826
vt 0.696478 0.595438
vt 0.783511 0.533549
vt 0.787699 0.530999
vt 0.670586 0.593471
vt 0.769471 0.380448
vt 0.779877 0.526248
vt 0.806941 0.402081
vt 0.629254 0.862458
vt 0.623336 0.872436
vt 0.630598 0.871841
vt 0.806477 0.409705
vt 0.700471 0.586752
vt 0.720626 0.604175
vt 0.716704 0.597264
vt 0.284789 0.662231
vt 0.276611 0.647828
vt 0.272583 0.654969
vt 0.693688 0.587892
vt 0.807777 0.382276
vt 0.641360 0.865952
vt 0.815098 0.385394
vt 0.812216 0.369629
vt 0.809986 0.390809
vt 0.800843 0.370505
vt 0.820605 0.355603
vt 0.811355 0.359104
vt 0.507183 0.236939
vt 0.499634 0.237207
vt 0.507446 0.246216
vt 0.806198 0.365701
vt 0.620612 0.864730
vt 0.730347 0.593683
vt 0.724387 0.596561
vt 0.814466 0.399694
vt 0.725796 0.601714
vt 0.180053 0.337320
vt 0.177531 0.330689
vt 0.172974 0.341431
vt 0.481421 0.906374
vt 0.476929 0.916572
vt 0.488402 0.911976
vt 0.640784 0.853364
vt 0.820286 0.366315
vt 0.822405 0.386654
vt 0.819992 0.376152
vt 0.114987 0.641405
vt 0.098804 0.627831
vt 0.096911 0.642514
vt 0.617986 0.836259
vt 0.608845 0.838524
vt 0.617801 0.849138
vt 0.638768 0.899747
vt 0.645084 0.907593
vt 0.647669 0.900935
vt 0.620355 0.862318
vt 0.626218 0.854088
vt 0.154266 0.904707
vt 0.154394 0.893315
vt 0.145142 0.894104
vt 0.162474 0.894227
vt 0.161216 0.906128
vt 0.628231 0.846920
vt 0.624350 0.832143
vt 0.150078 0.881658
vt 0.117228 0.658793
vt 0.104314 0.655845
vt 0.649788 0.855641
vt 0.613833 0.825712
vt 0.604112 0.828581
vt 0.645113 0.890821
vt 0.637329 0.884830
vt 0.601440 0.817754
vt 0.609491 0.820985
vt 0.733976 0.601277
vt 0.740081 0.598348
vt 0.111706 0.617532
vt 0.155422 0.607969
vt 0.165385 0.609719
vt 0.158567 0.595017
vt 0.527136 0.231154
vt 0.533380 0.219362
vt 0.520142 0.227867
vt 0.653424 0.885011
vt 0.647937 0.872258
vt 0.735069 0.608439
vt 0.651478 0.842972
vt 0.433642 0.121923
vt 0.019165 0.036988
vt 0.022283 0.042602
vt 0.029906 0.038669
vt 0.896606 0.416628
vt 0.909998 0.420532
vt 0.901683 0.406129
vt 0.433902 0.114703
vt 0.488201 0.745504
vt 0.487915 0.755981
vt 0.496654 0.751892
vt 0.844539 0.897953
vt 0.848562 0.896797
vt 0.845115 0.889531
vt 0.445930 0.123932
vt 0.099813 0.617832
vt 0.913206 0.408565
vt 0.863818 0.826967
vt 0.855514 0.834806
vt 0.864446 0.838875
vt 0.070451 0.010621
vt 0.069326 0.019897
vt 0.075315 0.016831
vt 0.454226 0.132032
vt 0.446211 0.146238
vt 0.453269 0.153475
vt 0.746302 0.596529
vt 0.459798 0.140931
vt 0.399292 0.429293
vt 0.415404 0.437544
vt 0.415083 0.424665
vt 0.401627 0.439575
vt 0.638114 0.869022
vt 0.534964 0.057983
vt 0.524983 0.043580
vt 0.517212 0.052697
vt 0.787154 0.259675
vt 0.786011 0.266256
vt 0.801878 0.267456
vt 0.651978 0.435913
vt 0.659789 0.431746
vt 0.655290 0.423707
vt 0.850218 0.927175
vt 0.840926 0.921455
vt 0.843183 0.934692
vt 0.282592 0.034380
vt 0.277392 0.030396
vt 0.271118 0.035278
vt 0.425487 0.860235
vt 0.418190 0.866063
vt 0.428343 0.875773
vt 0.512975 0.921094
vt 0.516879 0.908067
vt 0.508423 0.903722
vt 0.674136 0.693637
vt 0.673868 0.683396
vt 0.666156 0.690322
vt 0.748776 0.588060
vt 0.871736 0.764892
vt 0.883176 0.770525
vt 0.878826 0.760278
vt 0.668940 0.705209
vt 0.662538 0.698445
vt 0.160401 0.877810
vt 0.423283 0.884232
vt 0.639988 0.844424
vt 0.796976 0.255982
vt 0.570966 0.849405
vt 0.580919 0.840858
vt 0.868263 0.773383
vt 0.875417 0.775024
vt 0.826925 0.010621
vt 0.823364 0.017898
vt 0.827514 0.019165
vt 0.537178 0.048317
vt 0.415332 0.876887
vt 0.166446 0.618514
vt 0.449040 0.130831
vt 0.121665 0.623508
vt 0.500853 0.737917
vt 0.128666 0.606101
vt 0.042813 0.432728
vt 0.035322 0.437340
vt 0.051878 0.443237
vt 0.040821 0.707299
vt 0.035026 0.707596
vt 0.038121 0.715076
vt 0.053589 0.012831
vt 0.999633 0.139517
vt 0.989624 0.138795
vt 0.993251 0.146606
vt 0.165805 0.640385
vt 0.168270 0.630536
vt 0.154349 0.634140
vt 0.453594 0.118812
vt 0.520008 0.889507
vt 0.509227 0.885840
vt 0.155189 0.622519
vt 0.680289 0.687841
vt 0.021999 0.699154
vt 0.031292 0.710159
vt 0.032349 0.717452
vt 0.374877 0.322114
vt 0.368143 0.318238
vt 0.367798 0.328247
vt 0.031504 0.694694
vt 0.941593 0.107094
vt 0.954074 0.100623
vt 0.949564 0.098554
vt 0.175514 0.639604
vt 0.917942 0.863825
vt 0.925069 0.870147
vt 0.929319 0.854365
vt 0.526487 0.904439
vt 0.968870 0.914970
vt 0.952335 0.904809
vt 0.962716 0.926636
vt 0.220333 0.775024
vt 0.229125 0.773478
vt 0.219116 0.760621
vt 0.159889 0.647305
vt 0.148446 0.644865
vt 0.145203 0.621627
vt 0.148863 0.612397
vt 0.030884 0.422976
vt 0.170257 0.648471
vt 0.150665 0.596895
vt 0.147062 0.589243
vt 0.120689 0.607326
vt 0.132299 0.614740
vt 0.955684 0.094851
vt 0.751458 0.600688
vt 0.171199 0.594112
vt 0.393958 0.859646
vt 0.386841 0.863719
vt 0.396850 0.868774
vt 0.138304 0.895892
vt 0.134101 0.889164
vt 0.125981 0.895441
vt 0.146089 0.635645
vt 0.122597 0.645754
vt 0.129109 0.659208
vt 0.908180 0.880393
vt 0.924897 0.885038
vt 0.965249 0.889248
vt 0.952271 0.885136
vt 0.968285 0.900364
vt 0.524065 0.921509
vt 0.391526 0.895874
vt 0.394652 0.883947
vt 0.386108 0.887503
vt 0.132511 0.597855
vt 0.136978 0.640823
vt 0.794943 0.861212
vt 0.805637 0.863572
vt 0.811397 0.853764
vt 0.881826 0.926857
vt 0.888026 0.931763
vt 0.890501 0.917920
vt 0.877893 0.915288
vt 0.876121 0.903744
vt 0.141476 0.604027
vt 0.131695 0.846173
vt 0.132689 0.834265
vt 0.120475 0.830710
vt 0.544065 0.219881
vt 0.529725 0.235962
vt 0.776419 0.212770
vt 0.769897 0.216504
vt 0.780625 0.223171
vt 0.936718 0.096222
vt 0.138302 0.850950
vt 0.274780 0.287513
vt 0.281810 0.295288
vt 0.282592 0.285279
vt 0.044673 0.694643
vt 0.039526 0.692005
vt 0.278929 0.115357
vt 0.264526 0.117561
vt 0.277095 0.123901
vt 0.388056 0.879274
vt 0.854935 0.805727
vt 0.857616 0.792246
vt 0.851257 0.794125
vt 0.903676 0.663379
vt 0.892595 0.661734
vt 0.890739 0.667822
vt 0.850112 0.909710
vt 0.844301 0.811462
vt 0.844574 0.801701
vt 0.126947 0.627178
vt 0.138421 0.618385
vt 0.835083 0.927773
vt 0.918881 0.892867
vt 0.905396 0.891907
vt 0.416781 0.188600
vt 0.432004 0.200595
vt 0.428805 0.189590
vt 0.132116 0.642123
vt 0.137836 0.658842
vt 0.839529 0.907658
vt 0.138968 0.610207
vt 0.884185 0.891728
vt 0.876099 0.893285
vt 0.410278 0.884335
vt 0.411201 0.895549
vt 0.419278 0.893980
vt 0.902893 0.670826
vt 0.514041 0.877079
vt 0.403401 0.651977
vt 0.406371 0.645281
vt 0.398560 0.638307
vt 0.140243 0.632950
vt 0.671604 0.722956
vt 0.662325 0.730941
vt 0.673585 0.741486
vt 0.921347 0.095877
vt 0.930648 0.108757
vt 0.789420 0.213409
vt 0.468923 0.152959
vt 0.832802 0.824493
vt 0.845036 0.833845
vt 0.418867 0.907838
vt 0.850679 0.822316
vt 0.671483 0.711805
vt 0.136060 0.594353
vt 0.010011 0.687343
vt 0.027455 0.685964
vt 0.152758 0.661172
vt 0.159867 0.655695
vt 0.145838 0.653551
vt 0.404644 0.409059
vt 0.394165 0.411969
vt 0.407836 0.421265
vt 0.677256 0.704400
vt 0.884978 0.903766
vt 0.706851 0.430786
vt 0.408739 0.197116
vt 0.416766 0.204001
vt 0.040053 0.682169
vt 0.794479 0.876664
vt 0.916746 0.850361
vt 0.470539 0.167242
vt 0.460022 0.166336
vt 0.462494 0.437320
vt 0.461069 0.423328
vt 0.456560 0.429636
vt 0.469745 0.418304
vt 0.473752 0.422818
vt 0.992054 0.531373
vt 0.994540 0.542202
vt 0.999633 0.533863
vt 0.314331 0.797684
vt 0.325751 0.802124
vt 0.477488 0.179014
vt 0.469555 0.176299
vt 0.462569 0.183732
vt 0.892637 0.677830
vt 0.143087 0.591014
vt 0.811088 0.844139
vt 0.801412 0.848273
vt 0.901975 0.685314
vt 0.887051 0.689214
vt 0.469857 0.139291
vt 0.988159 0.543579
vt 0.450132 0.438843
vt 0.447632 0.434102
vt 0.429533 0.206581
vt 0.287978 0.937622
vt 0.289184 0.917709
vt 0.282104 0.915896
vt 0.461893 0.125836
vt 0.925668 0.847052
vt 0.766722 0.328247
vt 0.753052 0.317506
vt 0.754335 0.327650
vt 0.559452 0.679077
vt 0.560912 0.667407
vt 0.553833 0.663942
vt 0.793821 0.220623
vt 0.301147 0.375367
vt 0.310775 0.385376
vt 0.311889 0.378219
vt 0.834899 0.833132
vt 0.786837 0.227905
vt 0.550103 0.907593
vt 0.555053 0.888063
vt 0.542847 0.900107
vt 0.144478 0.845126
vt 0.026419 0.671778
vt 0.034202 0.673860
vt 0.785379 0.884565
vt 0.794034 0.885344
vt 0.044965 0.674026
vt 0.412761 0.914184
vt 0.014178 0.677876
vt 0.842779 0.792122
vt 0.666095 0.740084
vt 0.156661 0.852651
vt 0.882464 0.687444
vt 0.885263 0.674528
vt 0.877442 0.684195
vt 0.036499 0.656994
vt 0.027176 0.654930
vt 0.481198 0.164253
vt 0.476647 0.155871
vt 0.877893 0.699575
vt 0.888063 0.698276
vt 0.044339 0.668436
vt 0.162260 0.844919
vt 0.155278 0.838008
vt 0.017015 0.661473
vt 0.866971 0.706930
vt 0.871097 0.715021
vt 0.879138 0.709630
vt 0.955210 0.829956
vt 0.956419 0.822789
vt 0.945162 0.820186
vt 0.459550 0.113660
vt 0.870379 0.697158
vt 0.797282 0.839728
vt 0.663794 0.703213
vt 0.459996 0.414919
vt 0.008823 0.667837
vt 0.239624 0.167917
vt 0.252562 0.170776
vt 0.242131 0.162232
vt 0.144574 0.045045
vt 0.143653 0.060181
vt 0.156613 0.051419
vt 0.984497 0.233277
vt 0.989488 0.244018
vt 0.999632 0.234351
vt 0.852074 0.707908
vt 0.845770 0.508669
vt 0.848270 0.519495
vt 0.861204 0.517171
vt 0.858066 0.703409
vt 0.700805 0.542791
vt 0.689331 0.534303
vt 0.696810 0.546509
vt 0.208165 0.036011
vt 0.214803 0.028911
vt 0.203003 0.030454
vt 0.181723 0.248324
vt 0.173219 0.248497
vt 0.188108 0.258667
vt 0.946234 0.808454
vt 0.863849 0.721557
vt 0.478429 0.117454
vt 0.894987 0.691073
vt 0.523799 0.011504
vt 0.503359 0.012467
vt 0.516667 0.020270
vt 0.424927 0.151266
vt 0.428924 0.154663
vt 0.429077 0.142457
vt 0.521849 0.003964
vt 0.940552 0.808230
vt 0.778602 0.870503
vt 0.401489 0.206665
vt 0.160785 0.826226
vt 0.149115 0.823612
vt 0.149919 0.837956
vt 0.219860 0.033443
vt 0.532600 0.007188
vt 0.838013 0.517594
vt 0.916382 0.063843
vt 0.930392 0.061171
vt 0.927040 0.055302
vt 0.007351 0.636570
vt 0.000122 0.624095
vt 0.000676 0.641379
vt 0.772088 0.869592
vt 0.771362 0.882533
vt 0.522997 0.021307
vt 0.532710 0.010725
vt 0.712036 0.623402
vt 0.727757 0.634399
vt 0.724762 0.606814
vt 0.865288 0.672999
vt 0.015146 0.627474
vt 0.016710 0.641051
vt 0.783027 0.852802
vt 0.861486 0.681197
vt 0.857438 0.688529
vt 0.173610 0.854418
vt 0.172776 0.844928
vt 0.302363 0.044123
vt 0.287712 0.043302
vt 0.289775 0.058504
vt 0.045447 0.657840
vt 0.031853 0.638942
vt 0.542758 0.004346
vt 0.545527 0.006930
vt 0.483526 0.120446
vt 0.538920 0.000369
vt 0.480611 0.137755
vt 0.168349 0.833906
vt 0.772031 0.912720
vt 0.777635 0.904837
vt 0.770520 0.895584
vt 0.775501 0.884402
vt 0.782835 0.895945
vt 0.844633 0.699394
vt 0.847715 0.534057
vt 0.858512 0.525686
vt 0.855704 0.695171
vt 0.226595 0.018100
vt 0.867214 0.663854
vt 0.164917 0.239138
vt 0.855027 0.657768
vt 0.776739 0.861703
vt 0.006461 0.605267
vt 0.785453 0.840447
vt 0.883093 0.797248
vt 0.891379 0.813090
vt 0.897298 0.799528
vt 0.848147 0.686611
vt 0.766235 0.884912
vt 0.036008 0.634664
vt 0.037264 0.623242
vt 0.029027 0.619451
vt 0.126831 0.053499
vt 0.231116 0.009088
vt 0.235838 0.024246
vt 0.934028 0.057250
vt 0.952755 0.047243
vt 0.042920 0.647243
vt 0.852238 0.671972
vt 0.022234 0.623020
vt 0.014981 0.609807
vt 0.230135 0.029410
vt 0.227440 0.034124
vt 0.031383 0.607085
vt 0.829425 0.829139
vt 0.608280 0.890264
vt 0.606567 0.897601
vt 0.615906 0.896149
vt 0.987181 0.918882
vt 0.979809 0.924854
vt 0.983892 0.931763
vt 0.524681 0.138624
vt 0.521760 0.129090
vt 0.520303 0.143153
vt 0.505406 0.119591
vt 0.497382 0.131031
vt 0.507795 0.129954
vt 0.830438 0.838804
vt 0.956420 0.914775
vt 0.950564 0.914431
vt 0.949772 0.919034
vt 0.498825 0.143628
vt 0.206665 0.005249
vt 0.220336 0.003572
vt 0.220225 0.000367
vt 0.836922 0.686098
vt 0.911425 0.815118
vt 0.505705 0.149124
vt 0.487867 0.142944
vt 0.490600 0.135424
vt 0.481323 0.135133
vt 0.834721 0.705043
vt 0.878801 0.809287
vt 0.534131 0.111072
vt 0.522772 0.110397
vt 0.518575 0.117611
vt 0.528290 0.121529
vt 0.822415 0.807557
vt 0.089139 0.881978
vt 0.083467 0.876347
vt 0.087253 0.896746
vt 0.095091 0.884699
vt 0.286254 0.287231
vt 0.284650 0.277223
vt 0.277710 0.279507
vt 0.825562 0.606567
vt 0.832419 0.601272
vt 0.825582 0.600151
vt 0.820736 0.410689
vt 0.821252 0.399406
vt 0.810301 0.417709
vt 0.809214 0.408702
vt 0.835180 0.406597
vt 0.825107 0.423606
vt 0.947144 0.936890
vt 0.619506 0.644166
vt 0.610962 0.651027
vt 0.616047 0.657837
vt 0.844358 0.592776
vt 0.843569 0.582644
vt 0.836746 0.587420
vt 0.659055 0.886824
vt 0.652704 0.894227
vt 0.655390 0.862026
vt 0.509275 0.103411
vt 0.798921 0.810681
vt 0.795609 0.824169
vt 0.347149 0.664956
vt 0.352429 0.661440
vt 0.348424 0.649294
vt 0.829705 0.398377
vt 0.333503 0.015503
vt 0.339293 0.006909
vt 0.329396 0.004949
vt 0.386958 0.851442
vt 0.126316 0.886541
vt 0.126235 0.878543
vt 0.119665 0.848070
vt 0.114083 0.835324
vt 0.112915 0.848267
vt 0.837435 0.418728
vt 0.849072 0.405085
vt 0.542878 0.733386
vt 0.557249 0.731507
vt 0.546802 0.719606
vt 0.198489 0.061890
vt 0.190552 0.070434
vt 0.199794 0.067377
vt 0.130541 0.852058
vt 0.384399 0.296998
vt 0.378052 0.307526
vt 0.384348 0.307739
vt 0.088745 0.628577
vt 0.480010 0.204917
vt 0.468824 0.201918
vt 0.472532 0.214385
vt 0.059198 0.717895
vt 0.052440 0.705447
vt 0.049290 0.715822
vt 0.048049 0.683511
vt 0.347044 0.896700
vt 0.336474 0.906436
vt 0.343257 0.907593
vt 0.495764 0.202834
vt 0.485667 0.211015
vt 0.336340 0.897927
vt 0.295288 0.157395
vt 0.306029 0.157593
vt 0.305794 0.149781
vt 0.489723 0.193745
vt 0.482324 0.178619
vt 0.478581 0.190527
vt 0.385017 0.343873
vt 0.376587 0.348824
vt 0.387129 0.356079
vt 0.837539 0.594923
vt 0.492172 0.420777
vt 0.487915 0.427211
vt 0.497924 0.431518
vt 0.662383 0.692261
vt 0.664916 0.682760
vt 0.656372 0.677858
vt 0.612427 0.429321
vt 0.621703 0.428696
vt 0.614061 0.418580
vt 0.328734 0.367798
vt 0.327331 0.357057
vt 0.320190 0.360630
vt 0.757424 0.328492
vt 0.754517 0.338501
vt 0.761596 0.337098
vt 0.345134 0.014074
vt 0.349971 0.006668
vt 0.393187 0.348627
vt 0.054749 0.694073
vt 0.853981 0.408533
vt 0.340306 0.000368
vt 0.844472 0.396693
vt 0.340232 0.885808
vt 0.258011 0.917557
vt 0.264282 0.919855
vt 0.262950 0.910036
vt 0.071060 0.918711
vt 0.060181 0.917827
vt 0.071654 0.928833
vt 0.709826 0.458131
vt 0.715206 0.473074
vt 0.721312 0.464370
vt 0.936462 0.120062
vt 0.949685 0.121704
vt 0.952193 0.111794
vt 0.072123 0.664429
vt 0.150950 0.805115
vt 0.150269 0.813219
vt 0.153723 0.816040
vt 0.358763 0.671753
vt 0.505246 0.025024
vt 0.150846 0.796002
vt 0.155039 0.795526
vt 0.934447 0.906558
vt 0.928062 0.915032
vt 0.933430 0.920293
vt 0.389525 0.389770
vt 0.389030 0.379762
vt 0.377319 0.384803
vt 0.962391 0.221313
vt 0.971801 0.217580
vt 0.961060 0.212769
vt 0.704712 0.473267
vt 0.323323 0.009812
vt 0.322626 0.004269
vt 0.047359 0.630826
vt 0.267944 0.367065
vt 0.265004 0.355592
vt 0.260132 0.363340
vt 0.496704 0.016428
vt 0.206419 0.064222
vt 0.927412 0.909000
vt 0.931828 0.891727
vt 0.923418 0.119369
vt 0.323273 0.014839
vt 0.257202 0.929565
vt 0.855197 0.422193
vt 0.860152 0.411024
vt 0.475426 0.179950
vt 0.071854 0.299147
vt 0.068237 0.309936
vt 0.083373 0.304490
vt 0.308472 0.010642
vt 0.080199 0.297731
vt 0.937622 0.256164
vt 0.940336 0.263794
vt 0.941040 0.249391
vt 0.854679 0.388229
vt 0.511673 0.201200
vt 0.920044 0.915708
vt 0.409937 0.931030
vt 0.412230 0.928612
vt 0.405173 0.921447
vt 0.860455 0.396704
vt 0.505011 0.214622
vt 0.498626 0.221325
vt 0.507856 0.224404
vt 0.340698 0.655268
vt 0.914126 0.115537
vt 0.920364 0.111043
vt 0.000122 0.248413
vt 0.015257 0.248317
vt 0.006205 0.236940
vt 0.911987 0.108398
vt 0.894723 0.035523
vt 0.882690 0.041870
vt 0.897826 0.037961
vt 0.832153 0.670546
vt 0.846556 0.676880
vt 0.842097 0.659548
vt 0.193948 0.080201
vt 0.192749 0.086548
vt 0.202758 0.081112
vt 0.409583 0.910769
vt 0.402222 0.915858
vt 0.487520 0.164853
vt 0.478258 0.170451
vt 0.514709 0.229982
vt 0.509755 0.241821
vt 0.501727 0.184385
vt 0.509367 0.193090
vt 0.332786 0.887426
vt 0.342901 0.876720
vt 0.519598 0.219155
vt 0.321460 0.517405
vt 0.312275 0.518357
vt 0.322873 0.526001
vt 0.520275 0.186126
vt 0.407091 0.031861
vt 0.400757 0.037475
vt 0.409845 0.036080
vt 0.106386 0.235474
vt 0.105591 0.244751
vt 0.112670 0.240825
vt 0.175171 0.077759
vt 0.185912 0.077513
vt 0.179055 0.071412
vt 0.405638 0.272096
vt 0.392700 0.273099
vt 0.402935 0.281372
vt 0.328979 0.876346
vt 0.513125 0.210811
vt 0.524649 0.202208
vt 0.413695 0.032985
vt 0.994019 0.176636
vt 0.999633 0.176508
vt 0.994737 0.166627
vt 0.332396 0.513169
vt 0.331032 0.502809
vt 0.320190 0.514282
vt 0.436626 0.543665
vt 0.446877 0.548644
vt 0.440441 0.538391
vt 0.061678 0.908644
vt 0.066737 0.906374
vt 0.498129 0.168509
vt 0.886353 0.428834
vt 0.894072 0.440308
vt 0.897094 0.429219
vt 0.620498 0.926832
vt 0.615132 0.932490
vt 0.621703 0.942749
vt 0.507994 0.172837
vt 0.798623 0.831812
vt 0.795716 0.839477
vt 0.808712 0.835757
vt 0.491482 0.135315
vt 0.490635 0.154241
vt 0.203735 0.339233
vt 0.210678 0.338036
vt 0.210815 0.329225
vt 0.744750 0.178198
vt 0.740591 0.172486
vt 0.739868 0.183227
vt 0.514350 0.210688
vt 0.747925 0.041404
vt 0.759626 0.042602
vt 0.760863 0.036988
vt 0.451779 0.564977
vt 0.613965 0.919391
vt 0.665993 0.751161
vt 0.655640 0.755742
vt 0.672240 0.763306
vt 0.520278 0.160718
vt 0.077919 0.917847
vt 0.076294 0.901761
vt 0.435265 0.558480
vt 0.996216 0.422243
vt 0.997137 0.443970
vt 0.999633 0.431415
vt 0.790813 0.818306
vt 0.294517 0.219116
vt 0.298705 0.209107
vt 0.284302 0.214889
vt 0.557301 0.369263
vt 0.563343 0.357466
vt 0.554565 0.364531
vt 0.618829 0.911516
vt 0.669021 0.741579
vt 0.429489 0.533975
vt 0.440319 0.525300
vt 0.424194 0.521123
vt 0.117217 0.715587
vt 0.793237 0.805361
vt 0.566488 0.364938
vt 0.271464 0.345338
vt 0.255005 0.357544
vt 0.271605 0.350397
vt 0.450991 0.226599
vt 0.569701 0.356324
vt 0.447743 0.218203
vt 0.616821 0.390059
vt 0.433716 0.198663
vt 0.165649 0.224975
vt 0.504164 0.751843
vt 0.510317 0.765949
vt 0.251285 0.277222
vt 0.256613 0.281644
vt 0.259886 0.275025
vt 0.737933 0.017700
vt 0.744749 0.011553
vt 0.733861 0.011353
vt 0.603537 0.551881
vt 0.604721 0.564819
vt 0.609984 0.559565
vt 0.132679 0.023072
vt 0.127563 0.026145
vt 0.140877 0.030151
vt 0.016633 0.368886
vt 0.008739 0.366288
vt 0.015916 0.377104
vt 0.907348 0.874094
vt 0.896606 0.876077
vt 0.901444 0.882690
vt 0.000854 0.382446
vt 0.560339 0.185670
vt 0.549438 0.186950
vt 0.560750 0.193390
vt 0.724487 0.011788
vt 0.899958 0.864626
vt 0.900737 0.870062
vt 0.549102 0.556868
vt 0.549889 0.546022
vt 0.542765 0.552579
vt 0.018821 0.360467
vt 0.176390 0.118042
vt 0.174232 0.111417
vt 0.164917 0.110963
vt 0.024023 0.368681
vt 0.597778 0.558528
vt 0.014197 0.445434
vt 0.018187 0.434693
vt 0.008179 0.437687
vt 0.024222 0.359252
vt 0.457810 0.452702
vt 0.455021 0.445424
vt 0.452428 0.454164
vt 0.030983 0.372567
vt 0.584348 0.583616
vt 0.563398 0.567264
vt 0.559692 0.592345
vt 0.024213 0.379105
vt 0.236449 0.923799
vt 0.227173 0.922928
vt 0.235077 0.930127
vt 0.234263 0.938354
vt 0.442544 0.575077
vt 0.433716 0.576671
vt 0.441328 0.583593
vt 0.232886 0.914431
vt 0.032834 0.362834
vt 0.464231 0.439089
vt 0.093681 0.666739
vt 0.098438 0.659555
vt 0.091549 0.660486
vt 0.448800 0.443579
vt 0.442505 0.453686
vt 0.147825 0.028995
vt 0.191523 0.506007
vt 0.184772 0.497212
vt 0.180779 0.508957
vt 0.003223 0.226066
vt 0.006925 0.235783
vt 0.012115 0.227107
vt 0.179636 0.519409
vt 0.194700 0.517679
vt 0.446473 0.460815
vt 0.013181 0.220203
vt 0.000122 0.216433
vt 0.175171 0.495486
vt 0.451116 0.586059
vt 0.980589 0.163452
vt 0.964722 0.154176
vt 0.967793 0.161589
vt 0.012792 0.352624
vt 0.321821 0.506225
vt 0.324340 0.496534
vt 0.315796 0.494752
vt 0.015649 0.236415
vt 0.728149 0.722535
vt 0.732857 0.736206
vt 0.738158 0.724323
vt 0.990557 0.543824
vt 0.988159 0.547777
vt 0.999633 0.556030
vt 0.324870 0.926636
vt 0.319452 0.916273
vt 0.317261 0.924668
vt 0.652710 0.254592
vt 0.659202 0.242799
vt 0.219202 0.898625
vt 0.212138 0.897132
vt 0.210196 0.903332
vt 0.451780 0.571479
vt 0.997994 0.196656
vt 0.993286 0.206373
vt 0.999633 0.206665
vt 0.560164 0.736075
vt 0.566054 0.736869
vt 0.567698 0.724648
vt 0.364312 0.385987
vt 0.369495 0.385676
vt 0.355347 0.381228
vt 0.020515 0.236694
vt 0.587751 0.707164
vt 0.573478 0.716037
vt 0.577119 0.720671
vt 0.059101 0.787682
vt 0.063307 0.772433
vt 0.054041 0.774999
vt 0.016502 0.348867
vt 0.023612 0.349692
vt 0.447467 0.568727
vt 0.222533 0.893480
vt 0.211746 0.883669
vt 0.364227 0.393352
vt 0.375978 0.402954
vt 0.454956 0.746460
vt 0.466430 0.733577
vt 0.455172 0.731325
vt 0.328734 0.922875
vt 0.024778 0.235116
vt 0.068186 0.812872
vt 0.066327 0.795748
vt 0.205933 0.893299
vt 0.016867 0.342411
vt 0.206094 0.909790
vt 0.579194 0.569782
vt 0.556517 0.232805
vt 0.080591 0.800520
vt 0.073404 0.810652
vt 0.086741 0.809864
vt 0.022558 0.506275
vt 0.020426 0.516156
vt 0.024292 0.172241
vt 0.035033 0.166958
vt 0.027942 0.164429
vt 0.737194 0.707123
vt 0.722574 0.691816
vt 0.723837 0.701483
vt 0.320943 0.906374
vt 0.740368 0.716607
vt 0.732352 0.710960
vt 0.730627 0.720811
vt 0.017334 0.524536
vt 0.587839 0.732338
vt 0.559730 0.751173
vt 0.383664 0.395503
vt 0.070408 0.746986
vt 0.057191 0.753764
vt 0.064998 0.756260
vt 0.586611 0.747343
vt 0.576391 0.735924
vt 0.945679 0.291743
vt 0.954223 0.298218
vt 0.953939 0.288209
vt 0.070932 0.761011
vt 0.060066 0.760170
vt 0.061691 0.767652
vt 0.004346 0.514284
vt 0.004526 0.524016
vt 0.009243 0.518201
vt 0.713256 0.611216
vt 0.704712 0.608278
vt 0.708636 0.621216
vt 0.556719 0.765539
vt 0.553154 0.759074
vt 0.678306 0.264996
vt 0.676647 0.258258
vt 0.668823 0.267456
vt 0.553101 0.749632
vt 0.071377 0.786651
vt 0.579080 0.749615
vt 0.743284 0.723022
vt 0.197144 0.326357
vt 0.198804 0.333374
vt 0.211546 0.321900
vt 0.718628 0.711597
vt 0.686155 0.255250
vt 0.566536 0.750584
vt 0.720153 0.704829
vt 0.093140 0.549684
vt 0.098627 0.561890
vt 0.103148 0.551647
vt 0.087607 0.764026
vt 0.205511 0.894844
vt 0.205687 0.904663
vt 0.565695 0.761654
vt 0.275513 0.921464
vt 0.278149 0.931030
vt 0.481323 0.154506
vt 0.488403 0.159058
vt 0.486111 0.150513
vt 0.575572 0.756025
vt 0.980590 0.080645
vt 0.973511 0.078736
vt 0.974756 0.085815
vt 0.078377 0.823364
vt 0.585492 0.760625
vt 0.575611 0.764046
vt 0.594808 0.755317
vt 0.596414 0.742823
vt 0.678318 0.377524
vt 0.680314 0.371805
vt 0.670288 0.365034
vt 0.574194 0.772058
vt 0.561585 0.770052
vt 0.567544 0.781159
vt 0.559389 0.784209
vt 0.602564 0.516363
vt 0.593998 0.507500
vt 0.595206 0.521042
vt 0.680311 0.360375
vt 0.585500 0.774471
vt 0.088863 0.803121
vt 0.121543 0.693629
vt 0.113638 0.689103
vt 0.084355 0.774395
vt 0.082881 0.783276
vt 0.505265 0.032349
vt 0.516966 0.025269
vt 0.497437 0.025332
vt 0.577276 0.783078
vt 0.688378 0.377875
vt 0.685105 0.387757
vt 0.593164 0.765553
vt 0.596511 0.502777
vt 0.692322 0.361367
vt 0.594866 0.780274
vt 0.601582 0.766590
vt 0.090579 0.789815
vt 0.603389 0.755668
vt 0.590133 0.491739
vt 0.589332 0.500737
vt 0.693764 0.388794
vt 0.699845 0.385536
vt 0.096148 0.794150
vt 0.605592 0.508864
vt 0.601394 0.499716
vt 0.686224 0.352906
vt 0.087346 0.751108
vt 0.091401 0.778000
vt 0.701138 0.371863
vt 0.694659 0.352687
vt 0.694318 0.346161
vt 0.608719 0.502093
vt 0.098750 0.780076
vt 0.097646 0.770983
vt 0.598926 0.783801
vt 0.580211 0.468503
vt 0.567286 0.461524
vt 0.576663 0.475540
vt 0.712683 0.416099
vt 0.704456 0.406000
vt 0.594838 0.490400
vt 0.589975 0.469444
vt 0.586736 0.462785
vt 0.583919 0.477623
vt 0.592188 0.476850
vt 0.260230 0.667358
vt 0.260619 0.652955
vt 0.253540 0.657187
vt 0.571962 0.458466
vt 0.740085 0.130006
vt 0.736206 0.135972
vt 0.744018 0.137817
vt 0.714231 0.389742
vt 0.575212 0.434721
vt 0.567786 0.441519
vt 0.575117 0.441616
vt 0.563701 0.448568
vt 0.662231 0.265259
vt 0.670043 0.259396
vt 0.664975 0.255982
vt 0.580998 0.457736
vt 0.575662 0.451627
vt 0.091692 0.732336
vt 0.581627 0.430569
vt 0.576723 0.424821
vt 0.702744 0.361177
vt 0.566276 0.429740
vt 0.599468 0.487078
vt 0.713993 0.360198
vt 0.702133 0.347650
vt 0.612641 0.508645
vt 0.618861 0.503587
vt 0.583543 0.439403
vt 0.581069 0.445428
vt 0.719435 0.375674
vt 0.610509 0.497179
vt 0.603124 0.493829
vt 0.596789 0.459887
vt 0.599678 0.468768
vt 0.592573 0.454623
vt 0.590862 0.441091
vt 0.587700 0.448831
vt 0.598082 0.442106
vt 0.599690 0.454924
vt 0.603173 0.449649
vt 0.590981 0.432421
vt 0.607247 0.440960
vt 0.603971 0.434253
vt 0.724706 0.394572
vt 0.720543 0.405771
vt 0.596691 0.434578
vt 0.587964 0.429300
vt 0.729700 0.401003
vt 0.605066 0.485221
vt 0.729346 0.385639
vt 0.608117 0.490480
vt 0.601185 0.478788
vt 0.613126 0.490709
vt 0.617831 0.497458
vt 0.606087 0.462531
vt 0.540474 0.104371
vt 0.537720 0.112915
vt 0.544067 0.111000
vt 0.609117 0.476613
vt 0.715672 0.347680
vt 0.704672 0.341545
vt 0.613589 0.478185
vt 0.710767 0.340225
vt 0.607133 0.451494
vt 0.619787 0.488694
vt 0.612578 0.465181
vt 0.611835 0.455260
vt 0.719957 0.352757
vt 0.324132 0.147815
vt 0.329615 0.143747
vt 0.325220 0.137914
vt 0.726039 0.357941
vt 0.319344 0.145170
vt 0.320085 0.134156
vt 0.620243 0.479324
vt 0.628361 0.483309
vt 0.618224 0.469463
vt 0.733913 0.379662
vt 0.339096 0.140912
vt 0.333614 0.149803
vt 0.616644 0.461105
vt 0.325989 0.126280
vt 0.337833 0.134302
vt 0.613900 0.443602
vt 0.618561 0.508715
vt 0.624331 0.512917
vt 0.329112 0.152088
vt 0.623313 0.521606
vt 0.612149 0.431046
vt 0.616480 0.513920
vt 0.615464 0.521136
vt 0.738391 0.391464
vt 0.733994 0.365129
vt 0.744913 0.396774
vt 0.660515 0.899652
vt 0.756900 0.397530
vt 0.440221 0.165649
vt 0.450315 0.151246
vt 0.434923 0.153219
vt 0.425659 0.157190
vt 0.745712 0.376561
vt 0.675169 0.885867
vt 0.664322 0.586988
vt 0.659989 0.595072
vt 0.757251 0.410133
vt 0.753582 0.389986
vt 0.030701 0.206677
vt 0.043822 0.208130
vt 0.029419 0.198853
vt 0.756282 0.377160
vt 0.651160 0.589446
vt 0.648242 0.596840
vt 0.999632 0.512817
vt 0.992519 0.505379
vt 0.990564 0.511929
vt 0.672580 0.600428
vt 0.985057 0.504212
vt 0.758272 0.381440
vt 0.760094 0.391127
vt 0.978638 0.491091
vt 0.985767 0.495469
vt 0.674032 0.588215
vt 0.678938 0.580948
vt 0.333048 0.123665
vt 0.324947 0.113750
vt 0.443725 0.393433
vt 0.442766 0.379762
vt 0.438110 0.384436
vt 0.621400 0.451641
vt 0.622479 0.458264
vt 0.619723 0.432162
vt 0.346388 0.124614
vt 0.177420 0.858520
vt 0.189574 0.857839
vt 0.185859 0.850139
vt 0.276979 0.057573
vt 0.281687 0.050609
vt 0.238843 0.035513
vt 0.179727 0.840620
vt 0.271966 0.042660
vt 0.279542 0.035525
vt 0.809432 0.696598
vt 0.818815 0.703738
vt 0.824961 0.695200
vt 0.828434 0.672779
vt 0.829111 0.681742
vt 0.898105 0.824236
vt 0.904948 0.833064
vt 0.907069 0.821428
vt 0.250949 0.024359
vt 0.920527 0.826733
vt 0.242060 0.015575
vt 0.253291 0.009036
vt 0.261919 0.053800
vt 0.267522 0.060237
vt 0.279744 0.060913
vt 0.879163 0.837906
vt 0.889621 0.837608
vt 0.441241 0.798553
vt 0.416690 0.807840
vt 0.429771 0.812650
vt 0.817189 0.715565
vt 0.827184 0.709350
vt 0.253291 0.032348
vt 0.251857 0.000370
vt 0.243786 0.003599
vt 0.254272 0.055527
vt 0.732298 0.617401
vt 0.434268 0.794464
vt 0.422969 0.777472
vt 0.414897 0.783841
vt 0.846802 0.764507
vt 0.859008 0.772095
vt 0.853413 0.755495
vt 0.813315 0.685916
vt 0.818048 0.679621
vt 0.008554 0.428830
vt 0.000122 0.435181
vt 0.017311 0.432804
vt 0.109078 0.726075
vt 0.109711 0.714752
vt 0.100947 0.710818
vt 0.478361 0.036743
vt 0.472425 0.028199
vt 0.464478 0.035156
vt 0.975708 0.907839
vt 0.194145 0.848413
vt 0.487669 0.031462
vt 0.021618 0.421750
vt 0.202750 0.853086
vt 0.891797 0.848134
vt 0.027133 0.416871
vt 0.415577 0.795404
vt 0.013653 0.414829
vt 0.024869 0.413915
vt 0.773632 0.841250
vt 0.102694 0.733589
vt 0.110472 0.734741
vt 0.310141 0.495446
vt 0.302943 0.488025
vt 0.303042 0.497288
vt 0.799927 0.693806
vt 0.295288 0.485259
vt 0.303242 0.483036
vt 0.911243 0.835636
vt 0.906370 0.852982
vt 0.406223 0.794977
vt 0.023195 0.816772
vt 0.023595 0.805519
vt 0.013472 0.816270
vt 0.266516 0.622434
vt 0.260751 0.596018
vt 0.251638 0.599667
vt 0.253648 0.585503
vt 0.809582 0.709524
vt 0.011841 0.810552
vt 0.099158 0.758801
vt 0.102597 0.769897
vt 0.104613 0.762364
vt 0.097738 0.749586
vt 0.008554 0.405443
vt 0.092407 0.724991
vt 0.311540 0.485130
vt 0.175171 0.674643
vt 0.185180 0.674682
vt 0.184731 0.668959
vt 0.016861 0.788455
vt 0.175646 0.661744
vt 0.084351 0.155395
vt 0.094359 0.153367
vt 0.090129 0.147584
vt 0.556030 0.165649
vt 0.571898 0.162888
vt 0.558849 0.156373
vt 0.102709 0.746203
vt 0.089478 0.743777
vt 0.026244 0.790281
vt 0.906150 0.857735
vt 0.916217 0.849265
vt 0.028440 0.403934
vt 0.539649 0.115577
vt 0.898135 0.864380
vt 0.919134 0.846017
vt 0.316255 0.508284
vt 0.305233 0.506182
vt 0.428837 0.554068
vt 0.425494 0.567016
vt 0.427529 0.541553
vt 0.886353 0.008064
vt 0.906183 0.014038
vt 0.895779 0.006226
vt 0.907347 0.008158
vt 0.660444 0.384913
vt 0.667138 0.382667
vt 0.657837 0.379642
vt 0.670729 0.387064
vt 0.776497 0.475913
vt 0.783329 0.467861
vt 0.415160 0.305542
vt 0.407469 0.294801
vt 0.400757 0.300437
vt 0.618032 0.560616
vt 0.626429 0.569873
vt 0.623460 0.557010
vt 0.616258 0.572019
vt 0.115597 0.265431
vt 0.106960 0.263434
vt 0.107346 0.271179
vt 0.094574 0.263341
vt 0.999632 0.700911
vt 0.994217 0.697450
vt 0.999270 0.712768
vt 0.627601 0.582397
vt 0.780384 0.453208
vt 0.769972 0.457337
vt 0.091840 0.274769
vt 0.103575 0.277295
vt 0.110502 0.250687
vt 0.772377 0.438709
vt 0.148071 0.576783
vt 0.152977 0.588989
vt 0.158812 0.581895
vt 0.883507 0.402954
vt 0.877145 0.393107
vt 0.874939 0.402501
vt 0.610229 0.558074
vt 0.677366 0.377565
vt 0.107300 0.245016
vt 0.613569 0.551150
vt 0.994504 0.691042
vt 0.989467 0.708498
vt 0.785189 0.477616
vt 0.794617 0.467597
vt 0.664202 0.391968
vt 0.789870 0.456075
vt 0.151566 0.072145
vt 0.141479 0.080667
vt 0.151429 0.084350
vt 0.092048 0.286499
vt 0.635618 0.565723
vt 0.632614 0.552719
vt 0.627865 0.921494
vt 0.621216 0.920911
vt 0.631225 0.930298
vt 0.836302 0.217896
vt 0.821899 0.224963
vt 0.833710 0.227905
vt 0.864502 0.401391
vt 0.868565 0.395654
vt 0.987291 0.699188
vt 0.931763 0.442018
vt 0.933884 0.452759
vt 0.941039 0.450270
vt 0.796020 0.482332
vt 0.865329 0.388723
vt 0.875980 0.383990
vt 0.845091 0.611950
vt 0.837989 0.615291
vt 0.842351 0.624145
vt 0.805684 0.460390
vt 0.798537 0.449194
vt 0.162473 0.079339
vt 0.781055 0.440269
vt 0.787232 0.445510
vt 0.789278 0.432637
vt 0.787351 0.426064
vt 0.918579 0.180543
vt 0.922053 0.188354
vt 0.928588 0.183886
vt 0.080688 0.257863
vt 0.982300 0.706044
vt 0.780324 0.432983
vt 0.622209 0.910768
vt 0.800106 0.422158
vt 0.887800 0.395308
vt 0.893430 0.384810
vt 0.806873 0.428695
vt 0.772827 0.537874
vt 0.781190 0.555298
vt 0.235573 0.079469
vt 0.231214 0.088164
vt 0.240829 0.087685
vt 0.864380 0.380495
vt 0.599976 0.706177
vt 0.608520 0.702780
vt 0.603071 0.691774
vt 0.821005 0.467215
vt 0.823447 0.471916
vt 0.833924 0.463609
vt 0.810133 0.474295
vt 0.824446 0.439113
vt 0.810372 0.433656
vt 0.773649 0.526292
vt 0.829983 0.442892
vt 0.825963 0.448452
vt 0.831421 0.606813
vt 0.812514 0.455083
vt 0.826307 0.459780
vt 0.221448 0.081918
vt 0.845828 0.447607
vt 0.853945 0.445916
vt 0.858569 0.436931
vt 0.836701 0.454578
vt 0.851929 0.020875
vt 0.852142 0.027222
vt 0.869993 0.020989
vt 0.496063 0.234294
vt 0.496914 0.240953
vt 0.506710 0.224491
vt 0.761841 0.482861
vt 0.767951 0.491577
vt 0.771117 0.480104
vt 0.847437 0.433706
vt 0.853440 0.845660
vt 0.864336 0.844552
vt 0.125547 0.672087
vt 0.114528 0.672170
vt 0.124881 0.683792
vt 0.487988 0.925903
vt 0.813835 0.429283
vt 0.485700 0.252673
vt 0.486096 0.246197
vt 0.404014 0.009889
vt 0.394777 0.018695
vt 0.402306 0.020588
vt 0.795287 0.249575
vt 0.786011 0.245728
vt 0.791003 0.255005
vt 0.134923 0.686401
vt 0.133173 0.675537
vt 0.412229 0.014466
vt 0.383911 0.014069
vt 0.869990 0.834810
vt 0.366871 0.355400
vt 0.362890 0.374025
vt 0.373960 0.363757
vt 0.144719 0.665982
vt 0.870302 0.516479
vt 0.872924 0.508954
vt 0.861127 0.505006
vt 0.841567 0.861834
vt 0.844937 0.853218
vt 0.833562 0.856048
vt 0.852578 0.856382
vt 0.841082 0.868774
vt 0.833302 0.850970
vt 0.916090 0.903707
vt 0.407332 0.858512
vt 0.397542 0.861046
vt 0.397407 0.868884
vt 0.472534 0.258667
vt 0.142682 0.682299
vt 0.174573 0.662075
vt 0.171800 0.655857
vt 0.391968 0.879028
vt 0.405112 0.870771
vt 0.908625 0.911255
vt 0.923684 0.924933
vt 0.926412 0.919351
vt 0.128731 0.905144
vt 0.406994 0.849239
vt 0.163287 0.664649
vt 0.836085 0.839532
vt 0.832885 0.866603
vt 0.150371 0.024616
vt 0.160618 0.028932
vt 0.155133 0.020708
vt 0.828765 0.863129
vt 0.148251 0.002644
vt 0.156293 0.016574
vt 0.161982 0.011156
vt 0.238892 0.640504
vt 0.241482 0.652072
vt 0.245318 0.644554
vt 0.167598 0.029419
vt 0.823364 0.855274
vt 0.253160 0.655640
vt 0.253294 0.642234
vt 0.416786 0.860594
vt 0.415359 0.866451
vt 0.159114 0.668707
vt 0.159807 0.678247
vt 0.170622 0.668079
vt 0.432124 0.853099
vt 0.427115 0.854009
vt 0.446872 0.833449
vt 0.460565 0.826273
vt 0.436608 0.827095
vt 0.149208 0.675656
vt 0.154369 0.686167
vt 0.426791 0.844090
vt 0.133606 0.011278
vt 0.411181 0.839873
vt 0.044554 0.042830
vt 0.032889 0.039918
vt 0.027222 0.046997
vt 0.163640 0.682258
vt 0.172885 0.673191
vt 0.229935 0.639142
vt 0.244255 0.640259
vt 0.228611 0.629859
vt 0.794086 0.907593
vt 0.800734 0.891775
vt 0.722044 0.702515
vt 0.706177 0.685465
vt 0.712779 0.697793
vt 0.185471 0.127360
vt 0.195433 0.131225
vt 0.188774 0.121949
vt 0.528757 0.080690
vt 0.515961 0.088350
vt 0.528957 0.092692
vt 0.221283 0.621200
vt 0.211774 0.626450
vt 0.780320 0.802080
vt 0.711497 0.683205
vt 0.543333 0.101338
vt 0.526001 0.097779
vt 0.531474 0.107056
vt 0.424080 0.839112
vt 0.439136 0.847713
vt 0.571897 0.005981
vt 0.556485 0.000367
vt 0.561518 0.005314
vt 0.720735 0.695336
vt 0.843627 0.347067
vt 0.833618 0.346803
vt 0.837521 0.356079
vt 0.549438 0.001649
vt 0.717396 0.682985
vt 0.446954 0.842179
vt 0.456187 0.835973
vt 0.438461 0.836385
vt 0.217090 0.635530
vt 0.408270 0.829002
vt 0.417477 0.836548
vt 0.412120 0.826946
vt 0.426824 0.817075
vt 0.973511 0.027466
vt 0.977894 0.033813
vt 0.981322 0.029733
vt 0.118774 0.000369
vt 0.126593 0.005898
vt 0.999632 0.759256
vt 0.998159 0.749635
vt 0.991192 0.767502
vt 0.250080 0.612554
vt 0.239074 0.614814
vt 0.245506 0.628059
vt 0.262618 0.632451
vt 0.667798 0.165162
vt 0.663696 0.170138
vt 0.670776 0.173706
vt 0.404174 0.811747
vt 0.405474 0.821039
vt 0.456903 0.831670
vt 0.395630 0.809000
vt 0.401253 0.803500
vt 0.986694 0.767700
vt 0.000854 0.121645
vt 0.004538 0.129761
vt 0.006469 0.121217
vt 0.274527 0.612246
vt 0.096623 0.685748
vt 0.084569 0.690261
vt 0.086502 0.695275
vt 0.089478 0.367798
vt 0.095825 0.360592
vt 0.090921 0.355592
vt 0.085197 0.683399
vt 0.552672 0.198608
vt 0.074829 0.664241
vt 0.080779 0.678636
vt 0.088581 0.666307
vt 0.148558 0.816286
vt 0.136832 0.826503
vt 0.135620 0.836548
vt 0.791625 0.922974
vt 0.788163 0.905468
vt 0.779419 0.902712
vt 0.097091 0.674222
vt 0.016149 0.391437
vt 0.011006 0.395812
vt 0.014688 0.403686
vt 0.016360 0.382692
vt 0.295776 0.866398
vt 0.295595 0.855836
vt 0.289929 0.864665
vt 0.000854 0.390435
vt 0.022581 0.394697
vt 0.540649 0.561890
vt 0.114217 0.709498
vt 0.110852 0.714071
vt 0.222837 0.007691
vt 0.212524 0.014038
vt 0.228392 0.012182
vt 0.287231 0.871704
vt 0.794067 0.713501
vt 0.807006 0.705005
vt 0.799738 0.696169
vt 0.557617 0.559184
vt 0.939087 0.287455
vt 0.952025 0.287964
vt 0.948163 0.278687
vt 0.082751 0.659866
vt 0.245483 0.285767
vt 0.571897 0.190303
vt 0.054975 0.203735
vt 0.059936 0.195658
vt 0.052856 0.195191
vt 0.070326 0.185425
vt 0.073852 0.177978
vt 0.065308 0.177613
vt 0.566696 0.197675
vt 0.108322 0.699463
vt 0.102985 0.710031
vt 0.101955 0.673151
vt 0.577896 0.599975
vt 0.066772 0.267206
vt 0.077563 0.262199
vt 0.069590 0.260377
vt 0.107341 0.682620
vt 0.417357 0.312367
vt 0.406616 0.305787
vt 0.408734 0.315063
vt 0.557982 0.547078
vt 0.341269 0.016858
vt 0.341919 0.012025
vt 0.337769 0.010621
vt 0.339181 0.019165
vt 0.955933 0.118042
vt 0.968248 0.115564
vt 0.974730 0.107301
vt 0.936730 0.212037
vt 0.934692 0.214534
vt 0.000519 0.494540
vt 0.898511 0.391235
vt 0.898559 0.377565
vt 0.893677 0.379477
vt 0.081908 0.271850
vt 0.144897 0.276977
vt 0.142176 0.267701
vt 0.137085 0.275471
vt 0.959350 0.090355
vt 0.954186 0.085328
vt 0.949341 0.091675
vt 0.445921 0.151001
vt 0.433339 0.141724
vt 0.429321 0.150136
vt 0.993286 0.343531
vt 0.999248 0.348755
vt 0.999633 0.343262
vt 0.997197 0.338014
vt 0.104868 0.244267
vt 0.084669 0.249442
vt 0.715698 0.916026
vt 0.724975 0.922974
vt 0.720772 0.905641
vt 0.561890 0.912966
vt 0.571166 0.932495
vt 0.566892 0.913733
vt 0.764929 0.068501
vt 0.777707 0.077608
vt 0.777369 0.067018
vt 0.745728 0.067287
vt 0.749902 0.078729
vt 0.760964 0.082886
vt 0.237924 0.095337
vt 0.248899 0.090172
vt 0.221313 0.091892
vt 0.815384 0.471015
vt 0.428589 0.413639
vt 0.437133 0.415405
vt 0.435487 0.404664
vt 0.167114 0.331177
vt 0.177855 0.328355
vt 0.171507 0.321900
vt 0.520769 0.057496
vt 0.517212 0.059510
vt 0.532347 0.066040
vt 0.939784 0.221313
vt 0.894409 0.013900
vt 0.900604 0.019897
vt 0.900756 0.012818
vt 0.668823 0.356354
vt 0.676475 0.358276
vt 0.674918 0.352116
vt 0.363876 0.342411
vt 0.356245 0.345219
vt 0.352971 0.369742
vt 0.362118 0.364576
vt 0.393498 0.025024
vt 0.860718 0.513966
vt 0.356772 0.350969
vt 0.350475 0.356450
vt 0.032836 0.093081
vt 0.024851 0.089722
vt 0.022827 0.096069
vt 0.847231 0.429582
vt 0.376339 0.353699
vt 0.367954 0.380981
vt 0.755981 0.100464
vt 0.765990 0.098294
vt 0.760877 0.094117
vt 0.681029 0.349000
vt 0.120972 0.904334
vt 0.127204 0.909790
vt 0.384497 0.356324
vt 0.376587 0.365600
vt 0.388793 0.363365
vt 0.779906 0.443729
vt 0.769165 0.441285
vt 0.772240 0.452759
vt 0.541382 0.740600
vt 0.343628 0.346158
vt 0.983765 0.176148
vt 0.999632 0.185425
vt 0.996373 0.177101
vt 0.927539 0.929565
vt 0.929363 0.927484
vt 0.534451 0.712153
vt 0.542786 0.719360
vt 0.542249 0.705502
vt 0.543411 0.690121
vt 0.530462 0.697526
vt 0.556579 0.718559
vt 0.553251 0.712065
vt 0.553565 0.704898
vt 0.525243 0.776465
vt 0.542062 0.761602
vt 0.130976 0.817277
vt 0.117227 0.820302
vt 0.129151 0.826411
vt 0.524778 0.787425
vt 0.530702 0.793947
vt 0.535841 0.781593
vt 0.398965 0.008911
vt 0.400690 0.003671
vt 0.386841 0.000367
vt 0.516946 0.766180
vt 0.518706 0.794067
vt 0.115379 0.831550
vt 0.551551 0.693312
vt 0.513338 0.779668
vt 0.511210 0.786451
vt 0.560141 0.693683
vt 0.502857 0.862598
vt 0.496776 0.869213
vt 0.510364 0.876796
vt 0.117574 0.809345
vt 0.118939 0.816926
vt 0.566751 0.703645
vt 0.208414 0.052124
vt 0.215208 0.045988
vt 0.200073 0.045045
vt 0.773375 0.045532
vt 0.787229 0.038254
vt 0.773607 0.037028
vt 0.197355 0.901794
vt 0.567849 0.712113
vt 0.490845 0.863029
vt 0.504292 0.855095
vt 0.100902 0.822625
vt 0.104127 0.842891
vt 0.106460 0.819817
vt 0.758179 0.034791
vt 0.513698 0.858120
vt 0.497804 0.779637
vt 0.499820 0.758589
vt 0.572953 0.692835
vt 0.516853 0.867590
vt 0.729090 0.682255
vt 0.106435 0.806416
vt 0.497158 0.769840
vt 0.754386 0.838464
vt 0.754787 0.842601
vt 0.765983 0.838277
vt 0.100682 0.808502
vt 0.578844 0.701516
vt 0.515869 0.848515
vt 0.674438 0.812378
vt 0.667015 0.797975
vt 0.665161 0.808162
vt 0.492064 0.259725
vt 0.480591 0.255250
vt 0.485469 0.264526
vt 0.094034 0.845787
vt 0.095672 0.829865
vt 0.523562 0.850653
vt 0.520372 0.857507
vt 0.417355 0.007530
vt 0.000122 0.573774
vt 0.013793 0.583130
vt 0.011618 0.568727
vt 0.585192 0.691153
vt 0.746680 0.826188
vt 0.739849 0.835272
vt 0.577957 0.710921
vt 0.089700 0.837420
vt 0.094224 0.799444
vt 0.490918 0.770206
vt 0.372925 0.666626
vt 0.385171 0.659393
vt 0.384463 0.646364
vt 0.541382 0.394410
vt 0.546666 0.404419
vt 0.553588 0.396638
vt 0.088748 0.814760
vt 0.089778 0.804289
vt 0.438546 0.180581
vt 0.421997 0.165897
vt 0.424562 0.180430
vt 0.487599 0.756713
vt 0.485388 0.762468
vt 0.389525 0.655410
vt 0.085497 0.846568
vt 0.557727 0.419279
vt 0.554913 0.425345
vt 0.564155 0.424272
vt 0.742514 0.843342
vt 0.521653 0.871762
vt 0.528764 0.866290
vt 0.590408 0.699460
vt 0.586507 0.706399
vt 0.859739 0.464745
vt 0.854594 0.454886
vt 0.851552 0.460894
vt 0.533769 0.877235
vt 0.522165 0.483143
vt 0.531556 0.485718
vt 0.536822 0.886277
vt 0.081603 0.857788
vt 0.093149 0.853017
vt 0.441746 0.194947
vt 0.434001 0.190002
vt 0.857294 0.469604
vt 0.572468 0.420271
vt 0.680297 0.710084
vt 0.673218 0.725952
vt 0.678096 0.723691
vt 0.599226 0.692265
vt 0.736382 0.827986
vt 0.573790 0.409309
vt 0.566153 0.415108
vt 0.566227 0.403387
vt 0.554675 0.411789
vt 0.478394 0.754174
vt 0.082690 0.839385
vt 0.558240 0.397052
vt 0.560874 0.385583
vt 0.233935 0.349098
vt 0.243040 0.343390
vt 0.235940 0.342260
vt 0.706688 0.669287
vt 0.709004 0.682253
vt 0.720612 0.657560
vt 0.713799 0.656604
vt 0.737892 0.675586
vt 0.746612 0.685338
vt 0.740553 0.667604
vt 0.828604 0.012573
vt 0.832641 0.008611
vt 0.825562 0.005494
vt 0.195679 0.059448
vt 0.209349 0.052369
vt 0.201968 0.052627
vt 0.577066 0.416097
vt 0.567307 0.393324
vt 0.582867 0.421609
vt 0.575729 0.396732
vt 0.730497 0.840222
vt 0.735461 0.847214
vt 0.935425 0.136174
vt 0.942504 0.140015
vt 0.937119 0.131470
vt 0.589128 0.418024
vt 0.222778 0.353882
vt 0.728627 0.647061
vt 0.720691 0.641257
vt 0.729654 0.828138
vt 0.595308 0.708398
vt 0.076710 0.851274
vt 0.200308 0.138279
vt 0.195743 0.132488
vt 0.191284 0.137182
vt 0.582176 0.410391
vt 0.264526 0.918059
vt 0.273801 0.923603
vt 0.275267 0.910036
vt 0.746939 0.658998
vt 0.754456 0.666731
vt 0.756053 0.687245
vt 0.706311 0.641765
vt 0.207317 0.132506
vt 0.209920 0.138920
vt 0.568190 0.387518
vt 0.593605 0.426668
vt 0.203591 0.124537
vt 0.763971 0.674300
vt 0.761897 0.661018
vt 0.564198 0.378153
vt 0.505725 0.586781
vt 0.503063 0.592848
vt 0.513303 0.599975
vt 0.701380 0.653641
vt 0.272447 0.931763
vt 0.743849 0.650592
vt 0.695682 0.656642
vt 0.769907 0.672741
vt 0.726685 0.652039
vt 0.733913 0.654333
vt 0.733762 0.641423
vt 0.727089 0.845483
vt 0.556481 0.380499
vt 0.213313 0.124847
vt 0.217381 0.117968
vt 0.584194 0.402277
vt 0.072632 0.839713
vt 0.593917 0.409470
vt 0.531378 0.358145
vt 0.521805 0.354859
vt 0.527176 0.359369
vt 0.549188 0.887817
vt 0.564615 0.371339
vt 0.999633 0.738658
vt 0.994559 0.729128
vt 0.992554 0.745727
vt 0.026489 0.515015
vt 0.046019 0.511323
vt 0.035531 0.507323
vt 0.838745 0.448610
vt 0.597316 0.419999
vt 0.758909 0.699335
vt 0.741459 0.639764
vt 0.757951 0.654472
vt 0.521606 0.365655
vt 0.534545 0.366333
vt 0.211366 0.142944
vt 0.695935 0.680625
vt 0.766500 0.655990
vt 0.568625 0.370193
vt 0.707044 0.635653
vt 0.697973 0.637065
vt 0.000122 0.871218
vt 0.006244 0.890747
vt 0.010131 0.887461
vt 0.120726 0.888975
vt 0.110715 0.890747
vt 0.695982 0.672812
vt 0.692113 0.665018
vt 0.577667 0.381740
vt 0.821899 0.353449
vt 0.837035 0.361938
vt 0.828334 0.349000
vt 0.042101 0.499449
vt 0.428589 0.397440
vt 0.441846 0.408081
vt 0.445921 0.393678
vt 0.756960 0.645842
vt 0.693129 0.684936
vt 0.435913 0.030884
vt 0.451048 0.028824
vt 0.445328 0.024537
vt 0.585972 0.396622
vt 0.602082 0.393562
vt 0.717604 0.839103
vt 0.573827 0.374929
vt 0.996222 0.472589
vt 0.999632 0.482945
vt 0.687599 0.650726
vt 0.726795 0.851929
vt 0.749715 0.640538
vt 0.602206 0.424392
vt 0.687511 0.398888
vt 0.692747 0.402954
vt 0.689601 0.389449
vt 0.744018 0.293823
vt 0.743638 0.284547
vt 0.734009 0.286031
vt 0.227217 0.338747
vt 0.916382 0.637008
vt 0.926513 0.644653
vt 0.929320 0.629518
vt 0.619506 0.436862
vt 0.618750 0.429567
vt 0.615356 0.445434
vt 0.206080 0.110863
vt 0.766551 0.648112
vt 0.687732 0.673527
vt 0.505914 0.578499
vt 0.490845 0.568729
vt 0.496552 0.578236
vt 0.536478 0.189087
vt 0.528415 0.180609
vt 0.521606 0.187128
vt 0.681268 0.649172
vt 0.683583 0.638397
vt 0.538206 0.178346
vt 0.676835 0.399950
vt 0.682384 0.388551
vt 0.673950 0.395642
vt 0.105384 0.884402
vt 0.748291 0.635631
vt 0.582040 0.364346
vt 0.756159 0.628371
vt 0.765595 0.632689
vt 0.765376 0.625712
vt 0.027633 0.494021
vt 0.590859 0.386250
vt 0.712898 0.838918
vt 0.722385 0.849146
vt 0.218596 0.125457
vt 0.722709 0.833749
vt 0.750479 0.352081
vt 0.743380 0.364136
vt 0.751341 0.363900
vt 0.716499 0.828355
vt 0.611086 0.420048
vt 0.606268 0.410255
vt 0.710559 0.625197
vt 0.703735 0.621052
vt 0.689337 0.636909
vt 0.584502 0.377401
vt 0.740647 0.351198
vt 0.737033 0.363001
vt 0.707492 0.845197
vt 0.766465 0.637631
vt 0.265991 0.161500
vt 0.275038 0.168111
vt 0.276777 0.162328
vt 0.578081 0.655189
vt 0.569867 0.655957
vt 0.581419 0.665893
vt 0.269056 0.172241
vt 0.913599 0.138550
vt 0.914672 0.130738
vt 0.903931 0.134769
vt 0.148843 0.951001
vt 0.707555 0.830719
vt 0.275276 0.219740
vt 0.271118 0.226020
vt 0.276518 0.228638
vt 0.990721 0.465457
vt 0.145591 0.960327
vt 0.175509 0.582239
vt 0.180052 0.571488
vt 0.169255 0.574651
vt 0.284056 0.167981
vt 0.166969 0.584918
vt 0.173838 0.591919
vt 0.198186 0.423015
vt 0.192425 0.414186
vt 0.190761 0.421973
vt 0.223823 0.115168
vt 0.230587 0.109500
vt 0.204222 0.421216
vt 0.028244 0.505068
vt 0.337549 0.093767
vt 0.324751 0.102775
vt 0.324690 0.076343
vt 0.321339 0.093001
vt 0.574497 0.646322
vt 0.733276 0.356869
vt 0.678537 0.629472
vt 0.174397 0.565798
vt 0.160712 0.569699
vt 0.483346 0.858453
vt 0.482989 0.847646
vt 0.341282 0.088182
vt 0.613931 0.391931
vt 0.609644 0.365930
vt 0.587326 0.371073
vt 0.592293 0.355607
vt 0.189087 0.427856
vt 0.314156 0.028382
vt 0.302612 0.037644
vt 0.327093 0.034541
vt 0.559692 0.632450
vt 0.576466 0.636969
vt 0.472501 0.866864
vt 0.488449 0.864537
vt 0.695876 0.613771
vt 0.477492 0.875366
vt 0.496604 0.853805
vt 0.712824 0.823332
vt 0.281859 0.219361
vt 0.704064 0.836984
vt 0.590661 0.374423
vt 0.844367 0.519655
vt 0.833618 0.534057
vt 0.839501 0.533450
vt 0.771778 0.566526
vt 0.776977 0.574341
vt 0.770630 0.559206
vt 0.336900 0.048768
vt 0.336347 0.074716
vt 0.343096 0.061346
vt 0.000122 0.351197
vt 0.003722 0.361938
vt 0.009398 0.356410
vt 0.560350 0.646868
vt 0.618391 0.405426
vt 0.331165 0.043550
vt 0.320336 0.038467
vt 0.696890 0.819730
vt 0.695994 0.826069
vt 0.356718 0.098022
vt 0.355495 0.081232
vt 0.491951 0.827082
vt 0.499314 0.839030
vt 0.507441 0.848869
vt 0.595083 0.360701
vt 0.320944 0.053900
vt 0.504611 0.825005
vt 0.501750 0.815258
vt 0.651251 0.368687
vt 0.639526 0.358523
vt 0.642661 0.370839
vt 0.357210 0.110633
vt 0.331395 0.023554
vt 0.323899 0.019515
vt 0.059448 0.525272
vt 0.073851 0.535522
vt 0.067175 0.521119
vt 0.847289 0.528772
vt 0.554320 0.417115
vt 0.545776 0.424576
vt 0.549483 0.428589
vt 0.334633 0.029749
vt 0.732299 0.347269
vt 0.725220 0.345338
vt 0.728951 0.356811
vt 0.989624 0.041382
vt 0.993058 0.047729
vt 0.999633 0.043624
vt 0.505369 0.836943
vt 0.967806 0.074106
vt 0.954110 0.065539
vt 0.347030 0.040366
vt 0.605103 0.629071
vt 0.612750 0.630102
vt 0.609897 0.622858
vt 0.698803 0.811161
vt 0.956835 0.077494
vt 0.647293 0.380981
vt 0.335663 0.037466
vt 0.978638 0.000433
vt 0.979883 0.002319
vt 0.982055 0.000366
vt 0.857403 0.005249
vt 0.861204 0.000367
vt 0.844604 0.002143
vt 0.658782 0.369579
vt 0.657656 0.377024
vt 0.940552 0.001736
vt 0.942505 0.003052
vt 0.942268 0.000366
vt 0.914185 0.003052
vt 0.917602 0.000366
vt 0.915779 0.000611
vt 0.945617 0.000425
vt 0.942749 0.000366
vt 0.946167 0.002319
vt 0.749143 0.212351
vt 0.736983 0.212038
vt 0.742203 0.216148
vt 0.623167 0.625819
vt 0.619914 0.634399
vt 0.361006 0.035458
vt 0.344934 0.028927
vt 0.343528 0.019333
vt 0.331345 0.020218
vt 0.962173 0.048732
vt 0.953003 0.055777
vt 0.617831 0.614138
vt 0.689334 0.813517
vt 0.685669 0.818809
vt 0.354069 0.054619
vt 0.370271 0.048267
vt 0.375282 0.080431
vt 0.361128 0.069579
vt 0.362377 0.094639
vt 0.547929 0.362916
vt 0.547241 0.374390
vt 0.554321 0.366487
vt 0.739674 0.224338
vt 0.355704 0.022303
vt 0.517212 0.022404
vt 0.521733 0.027954
vt 0.526488 0.021607
vt 0.670041 0.374177
vt 0.389894 0.075452
vt 0.380644 0.097369
vt 0.349641 0.015830
vt 0.278149 0.007492
vt 0.281671 0.001911
vt 0.270443 0.000367
vt 0.373993 0.099752
vt 0.368852 0.059696
vt 0.732471 0.218965
vt 0.723755 0.230835
vt 0.289181 0.009108
vt 0.264087 0.007845
vt 0.255005 0.002886
vt 0.000122 0.023072
vt 0.001776 0.030884
vt 0.006469 0.026592
vt 0.372389 0.803795
vt 0.989098 0.067354
vt 0.367375 0.106162
vt 0.604129 0.890015
vt 0.619537 0.887969
vt 0.614062 0.875839
vt 0.348481 0.804238
vt 0.360398 0.807424
vt 0.121012 0.809289
vt 0.117706 0.793014
vt 0.111048 0.800537
vt 0.436747 0.561403
vt 0.434448 0.575073
vt 0.441528 0.571546
vt 0.379282 0.108960
vt 0.981791 0.078831
vt 0.354112 0.012318
vt 0.358361 0.015103
vt 0.365094 0.012843
vt 0.727171 0.443484
vt 0.719924 0.446747
vt 0.725095 0.453513
vt 0.389059 0.108050
vt 0.106791 0.789244
vt 0.113575 0.780836
vt 0.105350 0.775203
vt 0.092735 0.562676
vt 0.090368 0.551392
vt 0.085550 0.571466
vt 0.366663 0.028686
vt 0.610023 0.869637
vt 0.614601 0.859500
vt 0.606057 0.860623
vt 0.628291 0.884184
vt 0.622212 0.872691
vt 0.725707 0.343473
vt 0.714682 0.334351
vt 0.713501 0.343628
vt 0.256755 0.009643
vt 0.374040 0.039062
vt 0.604140 0.874525
vt 0.084076 0.537461
vt 0.091182 0.538582
vt 0.098999 0.776424
vt 0.989083 0.083618
vt 0.993724 0.078605
vt 0.994792 0.060708
vt 0.389169 0.059831
vt 0.999629 0.075793
vt 0.124964 0.771526
vt 0.598266 0.709941
vt 0.588257 0.718717
vt 0.597678 0.722290
vt 0.588686 0.708619
vt 0.110091 0.770192
vt 0.382193 0.014877
vt 0.373231 0.011650
vt 0.911255 0.398975
vt 0.385177 0.037668
vt 0.036743 0.176348
vt 0.049681 0.178833
vt 0.046639 0.169557
vt 0.271810 0.124146
vt 0.265991 0.133423
vt 0.279662 0.126387
vt 0.370228 0.000469
vt 0.363667 0.000669
vt 0.727058 0.468140
vt 0.720353 0.455554
vt 0.705444 0.453254
vt 0.597617 0.861673
vt 0.110265 0.294686
vt 0.115597 0.286747
vt 0.105402 0.291353
vt 0.590882 0.871927
vt 0.589318 0.879162
vt 0.599336 0.881878
vt 0.105750 0.752303
vt 0.487168 0.232545
vt 0.480591 0.235264
vt 0.489135 0.241821
vt 0.119942 0.767381
vt 0.337487 0.818237
vt 0.350552 0.813697
vt 0.342265 0.811617
vt 0.106386 0.758947
vt 0.378647 0.001500
vt 0.386641 0.000390
vt 0.416625 0.090266
vt 0.400817 0.088767
vt 0.588197 0.860409
vt 0.068222 0.537152
vt 0.100552 0.307761
vt 0.099315 0.299190
vt 0.407103 0.841620
vt 0.391235 0.822878
vt 0.394365 0.846069
vt 0.424228 0.080361
vt 0.413637 0.072558
vt 0.559087 0.462236
vt 0.545197 0.442225
vt 0.549332 0.460740
vt 0.397289 0.111451
vt 0.406317 0.059479
vt 0.091268 0.310775
vt 0.097138 0.314926
vt 0.534058 0.442280
vt 0.563107 0.477661
vt 0.537107 0.465123
vt 0.092791 0.300006
vt 0.438733 0.229804
vt 0.448118 0.220094
vt 0.440135 0.221994
vt 0.059125 0.538604
vt 0.085485 0.651433
vt 0.411299 0.418727
vt 0.426877 0.415407
vt 0.425758 0.425633
vt 0.735474 0.399538
vt 0.736356 0.414673
vt 0.740356 0.405987
vt 0.427856 0.868374
vt 0.439636 0.890145
vt 0.448394 0.880860
vt 0.551889 0.445749
vt 0.575073 0.862466
vt 0.576925 0.879914
vt 0.113252 0.300570
vt 0.540425 0.433947
vt 0.087892 0.322388
vt 0.430474 0.222285
vt 0.425659 0.233765
vt 0.000122 0.079789
vt 0.430694 0.095808
vt 0.022930 0.577146
vt 0.453327 0.891075
vt 0.459010 0.876506
vt 0.874563 0.586305
vt 0.869507 0.591522
vt 0.880980 0.599975
vt 0.433285 0.048283
vt 0.418509 0.045815
vt 0.428228 0.059395
vt 0.420058 0.060412
vt 0.085527 0.310275
vt 0.421168 0.409061
vt 0.861740 0.740116
vt 0.868685 0.749748
vt 0.261695 0.332597
vt 0.260063 0.342988
vt 0.270360 0.338478
vt 0.548487 0.428838
vt 0.449069 0.865499
vt 0.443558 0.903198
vt 0.048680 0.521413
vt 0.059005 0.525971
vt 0.055227 0.517471
vt 0.419694 0.031657
vt 0.424298 0.026439
vt 0.412382 0.024904
vt 0.197532 0.391091
vt 0.207294 0.402222
vt 0.205929 0.388941
vt 0.162475 0.055672
vt 0.152466 0.054566
vt 0.154312 0.060913
vt 0.261786 0.324015
vt 0.274533 0.321170
vt 0.556722 0.439200
vt 0.560672 0.450085
vt 0.448850 0.853399
vt 0.459103 0.855634
vt 0.421722 0.017128
vt 0.722245 0.473343
vt 0.728387 0.485788
vt 0.732216 0.477530
vt 0.251309 0.325595
vt 0.241821 0.335765
vt 0.248618 0.347290
vt 0.195083 0.381328
vt 0.454051 0.844854
vt 0.429462 0.038464
vt 0.438585 0.849081
vt 0.433875 0.082732
vt 0.999633 0.360690
vt 0.994138 0.349000
vt 0.994019 0.361938
vt 0.436086 0.106593
vt 0.082153 0.321689
vt 0.550656 0.048793
vt 0.413934 0.014104
vt 0.207883 0.384214
vt 0.460305 0.565798
vt 0.452026 0.570433
vt 0.461587 0.573546
vt 0.243153 0.327182
vt 0.445837 0.104229
vt 0.733030 0.466921
vt 0.021101 0.559704
vt 0.118554 0.583723
vt 0.126322 0.588245
vt 0.126338 0.580331
vt 0.120628 0.597046
vt 0.183960 0.380495
vt 0.435896 0.031232
vt 0.714464 0.480124
vt 0.442430 0.057236
vt 0.434524 0.071064
vt 0.551875 0.147584
vt 0.550903 0.156128
vt 0.563841 0.152617
vt 0.271588 0.293099
vt 0.721681 0.486674
vt 0.115845 0.578981
vt 0.446505 0.079004
vt 0.019592 0.537473
vt 0.012743 0.540725
vt 0.984152 0.513063
vt 0.166463 0.181275
vt 0.167395 0.191284
vt 0.174925 0.189801
vt 0.159058 0.184460
vt 0.133909 0.583614
vt 0.005967 0.549008
vt 0.013576 0.567117
vt 0.162474 0.909295
vt 0.151001 0.906374
vt 0.151753 0.928833
vt 0.467448 0.583130
vt 0.470091 0.569316
vt 0.413208 0.138062
vt 0.414769 0.147339
vt 0.418823 0.138304
vt 0.030884 0.924897
vt 0.038696 0.924486
vt 0.030893 0.916628
vt 0.000122 0.279590
vt 0.008285 0.288696
vt 0.013060 0.278687
vt 0.541368 0.567264
vt 0.450960 0.050498
vt 0.466784 0.055844
vt 0.463489 0.040153
vt 0.569126 0.516673
vt 0.564402 0.515992
vt 0.561157 0.529663
vt 0.450893 0.033281
vt 0.454643 0.063574
vt 0.025458 0.589474
vt 0.708374 0.490112
vt 0.738321 0.313844
vt 0.574095 0.528525
vt 0.456428 0.076654
vt 0.457156 0.091563
vt 0.980835 0.531128
vt 0.456999 0.030880
vt 0.453059 0.019024
vt 0.443471 0.034687
vt 0.877319 0.553970
vt 0.874508 0.541627
vt 0.868774 0.554565
vt 0.261860 0.282188
vt 0.035430 0.936157
vt 0.465766 0.073387
vt 0.478773 0.068695
vt 0.020833 0.590069
vt 0.468654 0.083620
vt 0.466409 0.100795
vt 0.476858 0.100377
vt 0.010838 0.534453
vt 0.407175 0.234117
vt 0.408568 0.225953
vt 0.400559 0.227276
vt 0.000477 0.536439
vt 0.000465 0.547018
vt 0.529739 0.585471
vt 0.521668 0.586520
vt 0.529393 0.592356
vt 0.486857 0.101590
vt 0.480754 0.089525
vt 0.640747 0.438403
vt 0.639606 0.429567
vt 0.635864 0.444702
vt 0.743703 0.916628
vt 0.827071 0.805238
vt 0.822632 0.815986
vt 0.830691 0.816772
vt 0.150751 0.713749
vt 0.145305 0.721114
vt 0.152953 0.728149
vt 0.397827 0.235229
vt 0.838363 0.802953
vt 0.839232 0.792117
vt 0.528777 0.574371
vt 0.521813 0.578758
vt 0.462898 0.018296
vt 0.002027 0.525653
vt 0.535276 0.589754
vt 0.534630 0.582473
vt 0.833674 0.813581
vt 0.489782 0.082611
vt 0.463843 0.029460
vt 0.478562 0.042548
vt 0.970920 0.189291
vt 0.958664 0.194214
vt 0.978681 0.170091
vt 0.976649 0.190400
vt 0.277867 0.275761
vt 0.000122 0.549887
vt 0.513597 0.577222
vt 0.513702 0.587028
vt 0.140747 0.713014
vt 0.487179 0.054196
vt 0.526667 0.600708
vt 0.513550 0.570193
vt 0.485441 0.040747
vt 0.246171 0.057127
vt 0.251781 0.063588
vt 0.254024 0.055333
vt 0.996300 0.280640
vt 0.999633 0.272538
vt 0.988159 0.270631
vt 0.250845 0.049218
vt 0.251755 0.042048
vt 0.238912 0.045710
vt 0.971528 0.164935
vt 0.965429 0.167152
vt 0.233727 0.053045
vt 0.915916 0.094539
vt 0.920012 0.078443
vt 0.910717 0.086152
vt 0.782648 0.730592
vt 0.780884 0.747125
vt 0.787963 0.747192
vt 0.227397 0.064664
vt 0.982784 0.182727
vt 0.493482 0.071452
vt 0.915963 0.094604
vt 0.931306 0.083693
vt 0.498480 0.106137
vt 0.491968 0.123830
vt 0.799164 0.795462
vt 0.803197 0.783855
vt 0.635864 0.559675
vt 0.644408 0.564819
vt 0.638962 0.551881
vt 0.927535 0.078067
vt 0.927027 0.069216
vt 0.361693 0.574367
vt 0.358582 0.565797
vt 0.351685 0.578735
vt 0.909790 0.073590
vt 0.022758 0.600471
vt 0.498348 0.079678
vt 0.234735 0.038251
vt 0.827931 0.794015
vt 0.788927 0.786925
vt 0.778933 0.786666
vt 0.784194 0.793437
vt 0.505606 0.096786
vt 0.511677 0.078482
vt 0.755249 0.016968
vt 0.770384 0.016608
vt 0.763510 0.011353
vt 0.015029 0.599924
vt 0.519033 0.097386
vt 0.024709 0.767602
vt 0.020523 0.782791
vt 0.034426 0.772429
vt 0.505608 0.061167
vt 0.499211 0.062598
vt 0.507259 0.070433
vt 0.497870 0.047345
vt 0.499256 0.056040
vt 0.508381 0.043574
vt 0.226988 0.043848
vt 0.217852 0.048704
vt 0.223636 0.056438
vt 0.440062 0.365893
vt 0.436334 0.362390
vt 0.423462 0.367798
vt 0.944325 0.089733
vt 0.939772 0.075795
vt 0.492904 0.032482
vt 0.686670 0.437623
vt 0.681274 0.447823
vt 0.694213 0.449829
vt 0.222150 0.036259
vt 0.880364 0.715698
vt 0.887572 0.708876
vt 0.879761 0.699831
vt 0.502384 0.096239
vt 0.007726 0.583387
vt 0.033392 0.764362
vt 0.999583 0.055054
vt 0.999633 0.047974
vt 0.992554 0.049601
vt 0.788269 0.769353
vt 0.512302 0.050612
vt 0.306274 0.759190
vt 0.310210 0.762573
vt 0.311938 0.756743
vt 0.506555 0.037697
vt 0.017743 0.762932
vt 0.784869 0.774592
vt 0.004927 0.299195
vt 0.000122 0.301388
vt 0.008666 0.309936
vt 0.977905 0.671266
vt 0.980864 0.684936
vt 0.987182 0.683423
vt 0.198161 0.288941
vt 0.206464 0.298950
vt 0.210814 0.291640
vt 0.026999 0.592047
vt 0.517242 0.081739
vt 0.525660 0.097043
vt 0.267944 0.205532
vt 0.260132 0.204713
vt 0.265549 0.213989
vt 0.796820 0.768684
vt 0.888614 0.101441
vt 0.881226 0.104721
vt 0.884282 0.110718
vt 0.437137 0.354860
vt 0.896361 0.107246
vt 0.003947 0.745709
vt 0.012358 0.750787
vt 0.011992 0.740468
vt 0.942504 0.043580
vt 0.930882 0.044154
vt 0.930298 0.049927
vt 0.846069 0.010376
vt 0.859007 0.007752
vt 0.852838 0.005494
vt 0.213302 0.056322
vt 0.218080 0.066598
vt 0.143026 0.454469
vt 0.137887 0.460586
vt 0.147826 0.468140
vt 0.197876 0.297431
vt 0.025138 0.744286
vt 0.516617 0.061122
vt 0.002597 0.732726
vt 0.954219 0.079895
vt 0.000122 0.738634
vt 0.430541 0.626588
vt 0.420532 0.629241
vt 0.420602 0.639526
vt 0.020010 0.735376
vt 0.178833 0.124234
vt 0.033240 0.729557
vt 0.042700 0.729528
vt 0.133423 0.455731
vt 0.001847 0.756274
vt 0.017609 0.711557
vt 0.005192 0.718772
vt 0.016422 0.722877
vt 0.015171 0.760936
vt 0.771362 0.809536
vt 0.465106 0.360719
vt 0.464478 0.369441
vt 0.469360 0.374390
vt 0.025210 0.712779
vt 0.032232 0.718383
vt 0.318480 0.753555
vt 0.310090 0.745973
vt 0.614624 0.763306
vt 0.620971 0.760736
vt 0.614795 0.744509
vt 0.442259 0.651977
vt 0.438106 0.633180
vt 0.424927 0.646653
vt 0.774260 0.793683
vt 0.672421 0.852845
vt 0.616821 0.820373
vt 0.619910 0.831421
vt 0.627562 0.814821
vt 0.029944 0.791381
vt 0.830443 0.367085
vt 0.827588 0.358521
vt 0.821167 0.369263
vt 0.656121 0.844122
vt 0.212645 0.075411
vt 0.655640 0.859242
vt 0.050861 0.741765
vt 0.206665 0.063359
vt 0.543328 0.752187
vt 0.044257 0.716745
vt 0.052607 0.727569
vt 0.540236 0.773434
vt 0.531428 0.704061
vt 0.555442 0.869478
vt 0.550300 0.865029
vt 0.545025 0.870536
vt 0.999632 0.023178
vt 0.991282 0.024368
vt 0.991306 0.029039
vt 0.983889 0.030884
vt 0.978638 0.021607
vt 0.538440 0.867099
vt 0.529074 0.687190
vt 0.750173 0.584805
vt 0.536987 0.878296
vt 0.554565 0.916629
vt 0.556449 0.944946
vt 0.563110 0.921563
vt 0.608514 0.807747
vt 0.955364 0.045808
vt 0.159058 0.587032
vt 0.216409 0.628053
vt 0.206665 0.640991
vt 0.216674 0.638782
vt 0.561593 0.664596
vt 0.519491 0.457400
vt 0.536741 0.469018
vt 0.210812 0.350039
vt 0.318726 0.075381
vt 0.231834 0.606294
vt 0.216443 0.605078
vt 0.204546 0.610286
vt 0.180151 0.649953
vt 0.219366 0.584119
vt 0.231218 0.578389
vt 0.221388 0.573351
vt 0.197704 0.615317
vt 0.784762 0.375122
vt 0.789428 0.364381
vt 0.777954 0.365235
vt 0.223529 0.598414
vt 0.232388 0.588725
vt 0.190032 0.603178
vt 0.208446 0.590920
vt 0.210639 0.574207
vt 0.159545 0.793194
vt 0.151345 0.778200
vt 0.148804 0.794067
vt 0.483286 0.600708
vt 0.200540 0.580545
vt 0.195524 0.594980
vt 0.763221 0.557017
vt 0.774767 0.558565
vt 0.768496 0.550533
vt 0.191813 0.565819
vt 0.703126 0.810913
vt 0.711058 0.795045
vt 0.700317 0.800615
vt 0.206449 0.599476
vt 0.121441 0.023559
vt 0.136106 0.020550
vt 0.122187 0.018123
vt 0.505349 0.933227
vt 0.509756 0.925311
vt 0.503296 0.915279
vt 0.511108 0.915163
vt 0.749841 0.542442
vt 0.749808 0.552981
vt 0.756395 0.553459
vt 0.182334 0.589647
vt 0.190770 0.600161
vt 0.413321 0.404136
vt 0.187300 0.579230
vt 0.188410 0.587081
vt 0.399818 0.408813
vt 0.110718 0.020022
vt 0.180298 0.569164
vt 0.763234 0.545357
vt 0.183684 0.638321
vt 0.190145 0.636442
vt 0.189776 0.623636
vt 0.745706 0.575330
vt 0.753274 0.573379
vt 0.752903 0.564572
vt 0.113663 0.013551
vt 0.757881 0.560384
vt 0.762964 0.564622
vt 0.194692 0.611880
vt 0.185883 0.612396
vt 0.532593 0.065308
vt 0.546263 0.062649
vt 0.538890 0.058228
vt 0.180347 0.625865
vt 0.671753 0.920044
vt 0.203143 0.649780
vt 0.209349 0.647209
vt 0.200801 0.629364
vt 0.193925 0.636926
vt 0.190552 0.625124
vt 0.244521 0.585801
vt 0.870239 0.830487
vt 0.661425 0.580560
vt 0.674197 0.574759
vt 0.673647 0.559879
vt 0.666184 0.555570
vt 0.687242 0.550987
vt 0.670508 0.555401
vt 0.681521 0.568258
vt 0.687424 0.563231
vt 0.655301 0.557918
vt 0.489511 0.000367
vt 0.484985 0.004517
vt 0.492797 0.003790
vt 0.723894 0.528732
vt 0.715972 0.532682
vt 0.728764 0.546123
vt 0.742937 0.547745
vt 0.743642 0.536463
vt 0.739327 0.564681
vt 0.060679 0.422630
vt 0.702171 0.546419
vt 0.708049 0.551197
vt 0.392780 0.011841
vt 0.393188 0.005494
vt 0.385376 0.011373
vt 0.734064 0.531519
vt 0.736882 0.543238
vt 0.720226 0.548126
vt 0.696965 0.554165
vt 0.701055 0.559141
vt 0.724263 0.551257
vt 0.715934 0.552251
vt 0.107223 0.004029
vt 0.102661 0.006626
vt 0.111314 0.011108
vt 0.115664 0.004087
vt 0.697790 0.566684
vt 0.733570 0.551876
vt 0.572144 0.235128
vt 0.707680 0.558935
vt 0.734555 0.554875
vt 0.741518 0.558014
vt 0.123655 0.008186
vt 0.690646 0.558583
vt 0.691001 0.576326
vt 0.692397 0.570525
vt 0.701237 0.573747
vt 0.907075 0.051434
vt 0.917601 0.052856
vt 0.901001 0.045045
vt 0.881772 0.851787
s 0
g off
g reimu_low_Material.003
usemtl Material.003
f 11/1/1 1463/2/1 10/3/1
f 1459/4/2 1458/5/2 3/6/2
f 6/7/3 11/1/3 10/3/3
f 11/8/4 3/6/4 1458/5/4
f 14/9/5 3/10/5 6/7/5
f 5/11/6 1/12/6 12/13/6
f 9/14/7 6/7/7 10/3/7
f 3/10/8 14/9/8 13/15/8
f 5/11/9 9/14/9 2/16/9
f 3/6/10 13/17/10 1459/4/10
f 7/18/11 9/14/11 10/3/11
f 11/1/12 6/7/12 3/10/12
f 5/11/13 16/19/13 6/7/13
f 1458/5/14 1463/20/14 11/8/14
f 16/19/15 14/9/15 6/7/15
f 15/21/16 14/9/16 16/19/16
f 13/15/17 14/9/17 15/21/17
f 9/14/18 5/11/18 6/7/18
f 15/21/19 12/13/19 1461/22/19
f 1459/23/20 13/24/20 15/25/20
f 12/13/21 15/21/21 16/19/21
f 12/26/22 1/27/22 1207/28/22
f 12/13/23 16/19/23 5/11/23
f 1/12/24 5/11/24 2/16/24
f 9/14/25 7/18/25 2/16/25
f 1462/29/26 1209/30/26 1/27/26
f 1/12/27 2/16/27 4/31/27
f 7/18/28 8/32/28 4/31/28
f 1462/33/29 1/12/29 4/31/29
f 2/16/30 7/18/30 4/31/30
f 8/34/31 1462/35/31 4/36/31
f 10/3/32 1267/37/32 7/18/32
f 1267/37/33 8/32/33 7/18/33
f 1267/37/34 10/3/34 1463/2/34
f 1459/23/35 15/25/35 1460/38/35
f 1463/39/36 1268/40/36 1267/41/36
f 1464/42/37 1458/5/37 1459/4/37
f 20/43/38 21/44/38 44/45/38
f 19/46/39 20/47/39 22/48/39
f 19/49/40 370/50/40 20/51/40
f 25/52/41 316/53/41 311/54/41
f 19/55/42 22/56/42 378/57/42
f 325/58/43 320/59/43 27/60/43
f 25/61/44 322/62/44 36/63/44
f 446/64/45 442/65/45 441/66/45
f 37/67/46 21/68/46 23/69/46
f 22/70/47 44/45/47 57/71/47
f 446/72/48 447/73/48 2080/74/48
f 36/75/49 1877/76/49 481/77/49
f 22/78/50 47/79/50 355/80/50
f 28/81/51 409/82/51 24/83/51
f 21/68/52 382/84/52 33/85/52
f 438/86/53 1604/87/53 276/88/53
f 353/89/54 409/82/54 28/81/54
f 20/43/55 44/45/55 22/70/55
f 30/90/56 483/91/56 322/92/56
f 22/78/57 355/80/57 378/93/57
f 20/51/58 370/50/58 21/68/58
f 370/50/59 382/84/59 21/68/59
f 21/68/60 33/85/60 23/69/60
f 21/44/61 37/94/61 32/95/61
f 23/69/62 49/96/62 37/67/62
f 320/59/63 28/81/63 24/83/63
f 321/97/64 27/60/64 43/98/64
f 325/58/65 27/60/65 321/97/65
f 45/99/66 307/100/66 35/101/66
f 49/96/67 39/102/67 37/67/67
f 36/103/68 322/92/68 483/91/68
f 45/99/69 41/104/69 307/100/69
f 321/97/70 43/98/70 40/105/70
f 37/67/71 39/102/71 484/106/71
f 37/107/72 484/108/72 53/109/72
f 321/97/73 45/110/73 318/111/73
f 44/45/74 21/44/74 32/95/74
f 307/112/75 41/113/75 187/114/75
f 25/115/76 36/75/76 481/77/76
f 45/110/77 321/97/77 40/105/77
f 36/116/78 483/117/78 1902/118/78
f 187/119/79 41/120/79 124/121/79
f 24/83/80 409/82/80 42/122/80
f 47/79/81 63/123/81 58/124/81
f 38/125/82 39/102/82 49/96/82
f 32/95/83 37/94/83 53/126/83
f 64/127/84 54/128/84 41/129/84
f 24/83/85 27/60/85 320/59/85
f 42/122/86 69/130/86 27/60/86
f 57/131/87 59/132/87 47/133/87
f 66/134/88 53/109/88 484/108/88
f 27/60/89 24/83/89 42/122/89
f 355/80/90 47/79/90 58/124/90
f 40/135/91 43/136/91 34/137/91
f 484/108/92 50/138/92 70/139/92
f 1883/140/93 39/102/93 38/125/93
f 59/141/94 62/142/94 47/143/94
f 47/144/95 22/70/95 57/71/95
f 32/95/96 60/145/96 44/45/96
f 41/146/97 45/147/97 64/148/97
f 52/149/98 41/120/98 56/150/98
f 64/127/99 45/151/99 40/135/99
f 69/130/100 43/98/100 27/60/100
f 49/152/101 1883/153/101 38/154/101
f 51/155/102 93/156/102 42/122/102
f 34/137/103 64/127/103 40/135/103
f 62/157/104 59/158/104 61/159/104
f 32/95/105 53/126/105 60/145/105
f 44/45/106 60/145/106 57/71/106
f 60/145/107 59/160/107 57/71/107
f 43/98/108 69/130/108 34/161/108
f 56/162/109 41/129/109 54/128/109
f 60/145/110 53/126/110 65/163/110
f 63/164/111 62/165/111 61/166/111
f 42/122/112 93/156/112 69/130/112
f 53/126/113 66/167/113 65/163/113
f 484/108/114 70/139/114 66/134/114
f 65/168/115 59/169/115 60/170/115
f 69/171/116 67/172/116 34/137/116
f 58/124/117 63/123/117 91/173/117
f 69/130/118 93/156/118 88/174/118
f 55/175/119 303/176/119 182/177/119
f 73/178/120 65/168/120 66/179/120
f 61/180/121 59/169/121 72/181/121
f 73/178/122 72/181/122 65/168/122
f 56/162/123 54/128/123 86/182/123
f 73/178/124 66/179/124 80/183/124
f 67/172/125 54/128/125 64/127/125
f 61/180/126 72/181/126 71/184/126
f 64/127/127 34/137/127 67/172/127
f 61/185/128 71/186/128 99/187/128
f 70/188/129 80/183/129 66/179/129
f 56/162/130 86/182/130 75/189/130
f 70/188/131 77/190/131 83/191/131
f 80/183/132 83/191/132 82/192/132
f 74/193/133 81/194/133 67/195/133
f 81/196/134 54/128/134 67/172/134
f 71/184/135 72/181/135 82/192/135
f 47/79/136 62/197/136 63/123/136
f 74/198/137 69/130/137 88/174/137
f 77/190/138 105/199/138 83/191/138
f 67/200/139 69/130/139 74/198/139
f 82/192/140 96/201/140 71/184/140
f 72/181/141 73/178/141 82/192/141
f 96/201/142 83/191/142 105/199/142
f 77/190/143 78/202/143 105/199/143
f 84/203/144 87/204/144 75/189/144
f 73/178/145 80/183/145 82/192/145
f 125/205/146 126/206/146 87/207/146
f 86/182/147 54/128/147 81/196/147
f 81/196/148 84/203/148 86/182/148
f 80/183/149 70/188/149 83/191/149
f 83/191/150 96/201/150 82/192/150
f 78/208/151 491/209/151 105/210/151
f 58/124/152 91/173/152 98/211/152
f 26/212/153 90/213/153 93/214/153
f 63/164/154 61/166/154 89/215/154
f 84/203/155 75/189/155 86/182/155
f 126/206/156 75/216/156 87/207/156
f 72/181/157 59/169/157 65/168/157
f 26/217/158 51/155/158 29/218/158
f 26/217/159 93/156/159 51/155/159
f 102/219/160 84/220/160 81/221/160
f 63/222/161 89/223/161 91/224/161
f 93/214/162 90/213/162 88/225/162
f 92/226/163 74/227/163 88/225/163
f 90/213/164 26/212/164 91/228/164
f 99/229/165 71/230/165 101/231/165
f 61/185/166 99/187/166 89/232/166
f 90/213/167 97/233/167 88/225/167
f 71/234/168 96/235/168 94/236/168
f 88/225/169 97/233/169 92/226/169
f 95/237/170 97/238/170 90/239/170
f 99/240/171 101/241/171 89/242/171
f 87/207/172 104/243/172 125/205/172
f 94/236/173 101/244/173 71/234/173
f 91/228/174 26/212/174 98/245/174
f 106/246/175 92/226/175 97/233/175
f 100/247/176 74/227/176 92/226/176
f 102/219/177 87/248/177 84/220/177
f 87/249/178 102/250/178 1698/251/178
f 91/252/179 95/237/179 90/239/179
f 98/253/180 26/254/180 95/255/180
f 91/256/181 89/257/181 95/258/181
f 94/259/182 107/260/182 101/261/182
f 1698/262/183 104/243/183 87/207/183
f 1690/263/184 125/205/184 104/243/184
f 96/264/185 105/265/185 94/259/185
f 97/238/186 112/266/186 106/267/186
f 102/250/187 81/268/187 111/269/187
f 491/270/188 108/271/188 105/272/188
f 74/227/189 111/269/189 81/268/189
f 103/273/190 100/247/190 106/246/190
f 100/247/191 111/269/191 74/227/191
f 106/246/192 100/247/192 92/226/192
f 105/265/193 114/274/193 94/259/193
f 105/265/194 108/275/194 114/274/194
f 100/247/195 109/276/195 111/269/195
f 113/277/196 102/250/196 111/269/196
f 1698/251/197 113/277/197 118/278/197
f 114/279/198 1873/280/198 117/281/198
f 107/282/199 115/283/199 101/284/199
f 103/273/200 109/276/200 100/247/200
f 95/258/201 89/257/201 110/285/201
f 1698/251/202 118/278/202 1694/286/202
f 109/287/203 116/288/203 427/289/203
f 113/277/204 1698/251/204 102/250/204
f 107/282/205 117/290/205 115/283/205
f 95/291/206 110/292/206 476/293/206
f 117/290/207 107/282/207 114/294/207
f 112/266/208 97/238/208 95/237/208
f 106/295/209 112/296/209 103/297/209
f 107/260/210 94/259/210 114/274/210
f 89/257/211 101/284/211 110/285/211
f 113/277/212 111/269/212 109/276/212
f 112/296/213 95/298/213 422/299/213
f 113/277/214 119/300/214 118/278/214
f 477/301/215 354/302/215 372/303/215
f 115/283/216 110/285/216 101/284/216
f 109/276/217 119/300/217 113/277/217
f 475/304/218 422/305/218 479/306/218
f 422/299/219 95/298/219 479/307/219
f 109/287/220 427/289/220 119/308/220
f 119/300/221 1862/309/221 118/278/221
f 116/288/222 109/287/222 103/297/222
f 103/297/223 112/296/223 425/310/223
f 103/297/224 425/310/224 116/288/224
f 112/296/225 422/299/225 425/310/225
f 117/290/226 121/311/226 115/283/226
f 121/311/227 424/312/227 110/285/227
f 1700/313/228 1698/262/228 1694/314/228
f 122/315/229 127/316/229 1819/317/229
f 115/318/230 121/319/230 110/320/230
f 185/321/231 186/322/231 184/323/231
f 1873/324/232 121/311/232 117/290/232
f 52/149/233 185/325/233 124/121/233
f 427/289/234 116/288/234 429/326/234
f 119/308/235 1855/327/235 1862/328/235
f 427/289/236 1855/327/236 119/308/236
f 427/289/237 428/329/237 1855/327/237
f 430/330/238 121/311/238 1840/331/238
f 77/332/239 50/333/239 78/334/239
f 185/325/240 52/149/240 123/335/240
f 182/336/241 1695/337/241 55/338/241
f 124/121/242 41/120/242 52/149/242
f 186/339/243 48/340/243 182/336/243
f 48/340/244 123/335/244 126/206/244
f 123/335/245 52/149/245 126/206/245
f 70/139/246 50/138/246 77/341/246
f 52/149/247 75/216/247 126/206/247
f 52/149/248 56/150/248 75/216/248
f 48/340/249 125/205/249 182/336/249
f 1690/263/250 1695/337/250 125/205/250
f 125/205/251 1695/337/251 182/336/251
f 48/340/252 126/206/252 125/205/252
f 134/342/253 141/343/253 131/344/253
f 144/345/254 131/346/254 269/347/254
f 131/346/255 144/345/255 134/348/255
f 144/349/256 135/350/256 146/351/256
f 146/351/257 145/352/257 144/349/257
f 449/353/258 434/354/258 1567/355/258
f 135/350/259 144/349/259 269/356/259
f 138/357/260 296/358/260 132/359/260
f 289/360/261 295/361/261 138/362/261
f 139/363/262 142/364/262 1826/365/262
f 142/364/263 139/363/263 147/366/263
f 274/367/264 131/344/264 141/343/264
f 160/368/265 149/369/265 130/370/265
f 138/357/266 132/359/266 141/343/266
f 160/368/267 129/371/267 164/372/267
f 141/343/268 132/359/268 274/367/268
f 144/349/269 145/352/269 164/372/269
f 149/369/270 145/352/270 137/373/270
f 145/352/271 146/351/271 137/373/271
f 161/374/272 147/366/272 139/363/272
f 139/375/273 457/376/273 464/377/273
f 129/378/274 289/379/274 143/380/274
f 17/381/275 296/358/275 154/382/275
f 296/358/276 17/381/276 261/383/276
f 134/342/277 133/384/277 138/357/277
f 138/357/278 141/343/278 134/342/278
f 162/385/279 148/386/279 171/387/279
f 144/349/280 164/372/280 129/371/280
f 289/388/281 138/389/281 143/390/281
f 171/387/282 165/391/282 163/392/282
f 146/351/283 135/350/283 157/393/283
f 17/381/284 154/382/284 1773/394/284
f 163/392/285 162/385/285 171/387/285
f 157/393/286 136/395/286 146/351/286
f 164/372/287 145/352/287 160/368/287
f 134/348/288 144/345/288 133/396/288
f 133/384/289 143/397/289 138/357/289
f 159/398/290 129/399/290 160/400/290
f 144/349/291 129/371/291 133/401/291
f 1814/402/292 127/316/292 122/315/292
f 145/352/293 149/369/293 160/368/293
f 436/403/294 153/404/294 156/405/294
f 143/406/295 133/407/295 129/408/295
f 160/368/296 130/370/296 151/409/296
f 130/410/297 152/411/297 151/412/297
f 165/391/298 152/411/298 163/392/298
f 168/413/299 161/374/299 150/414/299
f 150/414/300 464/415/300 467/416/300
f 136/395/301 137/373/301 146/351/301
f 151/412/302 155/417/302 314/418/302
f 171/419/303 166/420/303 165/421/303
f 170/422/304 156/405/304 153/404/304
f 161/423/305 168/424/305 451/425/305
f 171/419/306 170/422/306 150/414/306
f 155/417/307 151/412/307 152/411/307
f 163/392/308 152/411/308 130/410/308
f 153/404/309 150/414/309 170/422/309
f 153/404/310 168/413/310 150/414/310
f 301/426/311 172/427/311 474/428/311
f 314/429/312 160/430/312 151/431/312
f 166/432/313 467/433/313 173/434/313
f 158/435/314 469/436/314 302/437/314
f 139/363/315 464/415/315 161/374/315
f 155/417/316 152/411/316 165/391/316
f 171/419/317 148/438/317 170/422/317
f 464/415/318 150/414/318 161/374/318
f 169/439/319 155/417/319 172/440/319
f 165/441/320 172/442/320 155/443/320
f 457/376/321 139/375/321 1826/444/321
f 169/445/322 172/446/322 301/447/322
f 467/416/323 166/420/323 171/419/323
f 171/419/324 150/414/324 467/416/324
f 474/428/325 167/448/325 301/426/325
f 166/420/326 172/427/326 165/421/326
f 1714/449/327 175/450/327 177/451/327
f 172/452/328 166/432/328 173/434/328
f 469/436/329 158/435/329 167/453/329
f 176/454/330 175/455/330 1727/456/330
f 196/457/331 205/458/331 183/459/331
f 183/460/332 177/461/332 203/462/332
f 179/463/333 1738/464/333 369/465/333
f 176/454/334 179/466/334 369/467/334
f 183/459/335 205/458/335 1714/449/335
f 183/459/336 1714/449/336 177/451/336
f 175/450/337 176/468/337 177/451/337
f 178/469/338 176/468/338 369/465/338
f 231/470/339 208/471/339 365/472/339
f 1727/456/340 179/466/340 176/454/340
f 303/473/341 191/474/341 182/475/341
f 177/461/342 176/476/342 203/462/342
f 191/477/343 186/339/343 182/336/343
f 185/325/344 123/335/344 186/339/344
f 184/323/345 186/322/345 181/478/345
f 207/479/346 184/323/346 195/480/346
f 188/481/347 195/480/347 184/323/347
f 197/482/348 188/481/348 184/323/348
f 48/340/349 186/339/349 123/335/349
f 207/479/350 187/483/350 124/484/350
f 181/478/351 197/482/351 184/323/351
f 185/321/352 184/323/352 207/479/352
f 124/121/353 185/325/353 207/485/353
f 176/468/354 178/469/354 189/486/354
f 189/486/355 178/469/355 194/487/355
f 198/488/356 199/489/356 189/486/356
f 186/339/357 191/477/357 192/490/357
f 216/491/358 183/460/358 203/462/358
f 192/492/359 190/493/359 181/494/359
f 192/492/360 181/494/360 186/495/360
f 207/479/361 195/480/361 212/496/361
f 195/480/362 188/481/362 214/497/362
f 194/487/363 193/498/363 189/486/363
f 192/490/364 191/477/364 309/499/364
f 176/468/365 189/486/365 199/489/365
f 189/486/366 193/498/366 198/488/366
f 204/500/367 195/480/367 214/497/367
f 216/491/368 196/501/368 183/460/368
f 197/502/369 181/503/369 215/504/369
f 209/505/370 188/506/370 197/502/370
f 200/507/371 198/488/371 193/498/371
f 200/507/372 213/508/372 198/488/372
f 192/492/373 221/509/373 190/493/373
f 309/510/374 221/509/374 192/492/374
f 219/511/375 198/488/375 213/508/375
f 201/512/376 198/488/376 202/513/376
f 202/513/377 210/514/377 201/512/377
f 219/511/378 202/513/378 198/488/378
f 207/479/379 212/496/379 187/483/379
f 198/488/380 201/512/380 199/489/380
f 214/515/381 188/506/381 209/505/381
f 200/507/382 357/516/382 358/517/382
f 199/489/383 203/518/383 176/468/383
f 193/498/384 357/516/384 200/507/384
f 203/518/385 210/514/385 216/519/385
f 234/520/386 205/458/386 196/457/386
f 203/518/387 199/489/387 201/512/387
f 213/508/388 200/507/388 365/472/388
f 196/521/389 211/522/389 234/523/389
f 210/514/390 203/518/390 201/512/390
f 197/502/391 215/504/391 217/524/391
f 215/504/392 181/503/392 190/525/392
f 218/526/393 216/519/393 210/514/393
f 195/527/394 232/528/394 212/529/394
f 197/502/395 217/524/395 209/505/395
f 225/530/396 210/514/396 202/513/396
f 1744/531/397 205/458/397 234/520/397
f 190/525/398 240/532/398 215/504/398
f 217/524/399 228/533/399 209/505/399
f 214/497/400 233/534/400 204/500/400
f 195/527/401 236/535/401 232/528/401
f 218/526/402 196/457/402 216/519/402
f 218/526/403 210/514/403 225/530/403
f 220/536/404 206/537/404 208/471/404
f 202/513/405 219/511/405 225/530/405
f 270/538/406 225/530/406 219/511/406
f 221/539/407 234/540/407 211/541/407
f 213/508/408 208/471/408 206/537/408
f 222/542/409 219/511/409 213/508/409
f 231/470/410 365/472/410 180/543/410
f 223/544/411 229/545/411 222/542/411
f 208/471/412 213/508/412 365/472/412
f 224/546/413 212/529/413 232/528/413
f 204/547/414 236/535/414 195/527/414
f 223/548/415 222/549/415 206/550/415
f 220/536/416 208/471/416 231/470/416
f 222/542/417 213/508/417 206/537/417
f 204/547/418 233/551/418 236/535/418
f 215/504/419 230/552/419 217/524/419
f 190/553/420 221/554/420 240/555/420
f 214/515/421 227/556/421 233/557/421
f 218/558/422 211/522/422 196/521/422
f 226/559/423 232/528/423 236/535/423
f 246/560/424 236/535/424 233/551/424
f 227/556/425 209/505/425 228/533/425
f 248/561/426 270/538/426 228/562/426
f 227/556/427 214/515/427 209/505/427
f 222/542/428 229/545/428 228/562/428
f 230/563/429 240/564/429 211/565/429
f 211/565/430 218/526/430 248/561/430
f 223/548/431 206/550/431 220/566/431
f 248/567/432 217/568/432 230/569/432
f 231/570/433 180/571/433 239/572/433
f 221/539/434 211/541/434 240/573/434
f 239/574/435 366/575/435 284/576/435
f 270/538/436 218/526/436 225/530/436
f 235/577/437 490/578/437 234/520/437
f 230/563/438 211/565/438 248/561/438
f 237/579/439 220/580/439 231/570/439
f 220/566/440 238/581/440 223/548/440
f 230/552/441 215/504/441 240/532/441
f 222/542/442 228/562/442 270/538/442
f 250/582/443 268/583/443 490/584/443
f 237/579/444 238/585/444 220/580/444
f 243/586/445 250/582/445 235/587/445
f 265/588/446 234/589/446 221/509/446
f 237/579/447 231/570/447 239/572/447
f 235/590/448 234/591/448 265/592/448
f 237/593/449 239/574/449 284/576/449
f 242/594/450 247/595/450 238/596/450
f 217/524/451 248/597/451 228/533/451
f 246/560/452 226/559/452 236/535/452
f 218/526/453 270/538/453 248/561/453
f 339/598/454 246/560/454 253/599/454
f 242/594/455 245/600/455 241/601/455
f 252/602/456 232/528/456 226/559/456
f 255/603/457 268/583/457 250/582/457
f 251/604/458 227/556/458 228/533/458
f 255/603/459 250/582/459 243/586/459
f 247/595/460 223/544/460 238/596/460
f 242/594/461 238/596/461 245/600/461
f 262/605/462 260/606/462 257/607/462
f 254/608/463 227/609/463 247/610/463
f 255/603/464 243/586/464 262/611/464
f 246/612/465 252/613/465 226/614/465
f 242/594/466 254/615/466 247/595/466
f 251/616/467 228/562/467 229/545/467
f 339/598/468 252/602/468 246/560/468
f 268/583/469 255/603/469 263/617/469
f 262/618/470 243/619/470 342/620/470
f 253/599/471 227/609/471 254/608/471
f 273/621/472 253/622/472 259/623/472
f 258/624/473 241/625/473 245/626/473
f 253/627/474 273/628/474 348/629/474
f 261/383/475 263/617/475 296/358/475
f 250/582/476 490/584/476 235/587/476
f 253/599/477 246/560/477 227/609/477
f 263/617/478 255/603/478 257/630/478
f 290/631/479 254/632/479 258/624/479
f 247/595/480 251/616/480 229/545/480
f 17/381/481 1717/633/481 261/383/481
f 247/595/482 229/545/482 223/544/482
f 257/634/483 255/635/483 262/636/483
f 227/609/484 246/560/484 233/551/484
f 251/604/485 247/637/485 227/556/485
f 260/638/486 262/618/486 344/639/486
f 344/639/487 249/640/487 260/638/487
f 157/393/488 135/350/488 273/621/488
f 454/641/489 168/642/489 435/643/489
f 273/644/490 256/645/490 348/646/490
f 435/643/491 282/647/491 454/641/491
f 259/623/492 290/631/492 266/648/492
f 348/649/493 339/650/493 253/651/493
f 290/652/494 259/653/494 254/608/494
f 296/358/495 263/617/495 274/367/495
f 258/624/496 254/632/496 241/625/496
f 277/654/497 68/655/497 267/656/497
f 249/657/498 264/658/498 257/630/498
f 466/659/499 459/660/499 267/656/499
f 277/654/500 2043/661/500 68/655/500
f 242/662/501 241/663/501 254/664/501
f 271/665/502 282/647/502 281/666/502
f 157/393/503 273/621/503 266/648/503
f 249/640/504 256/645/504 273/644/504
f 131/344/505 264/658/505 269/667/505
f 271/668/506 275/669/506 277/670/506
f 259/653/507 253/599/507 254/608/507
f 264/658/508 131/344/508 274/367/508
f 256/645/509 249/640/509 344/639/509
f 259/623/510 266/648/510 273/621/510
f 257/630/511 274/367/511 263/617/511
f 135/671/512 269/672/512 249/673/512
f 268/583/513 261/383/513 1717/633/513
f 419/674/514 433/675/514 423/676/514
f 272/677/515 280/678/515 278/679/515
f 271/668/516 277/670/516 459/680/516
f 280/678/517 85/681/517 278/679/517
f 261/383/518 268/583/518 263/617/518
f 273/621/519 135/350/519 249/682/519
f 296/358/520 274/367/520 132/359/520
f 276/683/521 1602/684/521 1611/685/521
f 264/658/522 249/657/522 269/667/522
f 85/681/523 2034/686/523 278/679/523
f 2036/687/524 85/688/524 280/689/524
f 280/689/525 466/659/525 267/656/525
f 281/666/526 275/690/526 271/665/526
f 136/395/527 157/393/527 266/648/527
f 249/657/528 257/630/528 260/691/528
f 1602/684/529 276/683/529 1604/692/529
f 466/693/530 280/678/530 272/677/530
f 274/367/531 257/630/531 264/658/531
f 2043/694/532 277/670/532 275/669/532
f 219/511/533 222/542/533 270/538/533
f 282/647/534 271/665/534 454/641/534
f 278/695/535 2034/696/535 2031/697/535
f 278/698/536 473/699/536 272/700/536
f 279/701/537 278/695/537 488/702/537
f 281/703/538 282/704/538 435/705/538
f 280/689/539 267/656/539 2036/687/539
f 459/680/540 277/670/540 267/706/540
f 459/660/541 466/659/541 460/707/541
f 473/708/542 278/695/542 279/701/542
f 488/702/543 278/695/543 2031/697/543
f 285/709/544 286/710/544 284/576/544
f 287/711/545 237/593/545 286/710/545
f 287/711/546 245/600/546 237/593/546
f 245/712/547 287/713/547 258/714/547
f 294/715/548 288/716/548 289/379/548
f 138/717/549 295/718/549 154/719/549
f 294/720/550 159/721/550 297/722/550
f 286/710/551 237/593/551 284/576/551
f 314/723/552 159/398/552 160/400/552
f 299/724/553 295/718/553 289/379/553
f 285/709/554 284/576/554 366/575/554
f 237/593/555 245/600/555 238/596/555
f 288/716/556 299/724/556 289/379/556
f 154/719/557 295/718/557 1773/725/557
f 154/382/558 296/358/558 138/357/558
f 293/726/559 122/315/559 1819/317/559
f 1773/725/560 295/718/560 299/724/560
f 1789/727/561 1793/728/561 299/724/561
f 301/447/562 167/453/562 306/729/562
f 300/730/563 306/729/563 298/731/563
f 159/398/564 294/732/564 129/399/564
f 299/724/565 1793/728/565 1773/725/565
f 292/733/566 294/720/566 297/722/566
f 300/730/567 298/731/567 293/734/567
f 306/729/568 300/730/568 292/733/568
f 158/435/569 306/729/569 167/453/569
f 159/721/570 301/447/570 297/722/570
f 292/733/571 297/722/571 306/729/571
f 298/735/572 158/736/572 302/737/572
f 29/218/573 419/674/573 120/738/573
f 298/739/574 306/740/574 158/741/574
f 129/378/575 294/715/575 289/379/575
f 303/473/576 305/742/576 191/474/576
f 314/743/577 301/447/577 159/721/577
f 298/731/578 122/744/578 293/734/578
f 169/445/579 301/447/579 314/743/579
f 292/733/580 299/745/580 288/746/580
f 308/747/581 317/748/581 312/749/581
f 300/730/582 293/734/582 299/745/582
f 191/474/583 305/742/583 309/510/583
f 311/750/584 312/749/584 25/61/584
f 294/720/585 292/733/585 288/746/585
f 303/751/586 304/752/586 1763/753/586
f 169/439/587 314/418/587 155/417/587
f 293/734/588 1789/754/588 299/745/588
f 302/437/589 122/744/589 298/731/589
f 316/755/590 25/115/590 481/77/590
f 335/756/591 313/757/591 319/758/591
f 312/749/592 322/62/592 25/61/592
f 299/745/593 292/733/593 300/730/593
f 297/722/594 301/447/594 306/729/594
f 318/111/595 224/546/595 244/759/595
f 319/758/596 265/588/596 221/509/596
f 335/760/597 319/761/597 310/762/597
f 1763/763/598 305/764/598 303/765/598
f 307/112/599 187/114/599 35/766/599
f 224/546/600 318/111/600 35/766/600
f 311/750/601 308/747/601 312/749/601
f 310/762/602 305/767/602 317/768/602
f 55/175/603 304/769/603 303/176/603
f 318/111/604 45/110/604 35/766/604
f 311/770/605 315/771/605 324/772/605
f 224/546/606 35/766/606 187/114/606
f 312/749/607 317/748/607 1932/773/607
f 244/759/608 224/546/608 232/528/608
f 321/97/609 318/111/609 347/774/609
f 312/749/610 1932/773/610 30/775/610
f 353/89/611 28/81/611 320/59/611
f 316/53/612 315/776/612 311/54/612
f 328/777/613 432/778/613 353/779/613
f 319/758/614 309/510/614 305/742/614
f 322/92/615 312/780/615 30/90/615
f 313/757/616 265/588/616 319/758/616
f 221/509/617 309/510/617 319/758/617
f 265/781/618 243/782/618 235/783/618
f 320/59/619 328/784/619 353/89/619
f 325/58/620 321/97/620 347/774/620
f 310/762/621 319/761/621 305/767/621
f 187/114/622 212/529/622 224/546/622
f 244/759/623 347/774/623 318/111/623
f 252/602/624 244/759/624 232/528/624
f 332/785/625 320/59/625 325/58/625
f 311/750/626 340/786/626 308/747/626
f 320/59/627 332/785/627 328/784/627
f 345/787/628 331/788/628 326/789/628
f 323/790/629 432/778/629 328/777/629
f 327/791/630 325/58/630 347/774/630
f 244/759/631 330/792/631 326/793/631
f 329/794/632 313/795/632 335/760/632
f 340/796/633 343/797/633 346/798/633
f 338/799/634 244/759/634 252/602/634
f 327/800/635 333/801/635 337/802/635
f 308/803/636 334/804/636 310/805/636
f 333/801/637 336/806/637 337/802/637
f 308/807/638 310/762/638 317/768/638
f 326/789/639 331/788/639 346/798/639
f 332/808/640 327/800/640 337/802/640
f 262/618/641 342/620/641 344/639/641
f 333/801/642 327/800/642 326/789/642
f 329/794/643 346/798/643 331/788/643
f 336/806/644 343/797/644 324/772/644
f 334/809/645 335/760/645 310/762/645
f 325/58/646 327/791/646 332/785/646
f 329/794/647 341/810/647 313/795/647
f 326/789/648 327/800/648 347/811/648
f 324/772/649 340/796/649 311/770/649
f 345/787/650 326/789/650 330/812/650
f 265/813/651 342/620/651 243/619/651
f 346/798/652 334/809/652 340/796/652
f 343/797/653 340/796/653 324/772/653
f 308/807/654 340/796/654 334/809/654
f 331/788/655 349/814/655 329/794/655
f 326/789/656 347/811/656 244/815/656
f 329/794/657 335/760/657 334/809/657
f 346/798/658 329/794/658 334/809/658
f 341/810/659 329/794/659 349/814/659
f 313/795/660 342/620/660 265/813/660
f 348/646/661 344/639/661 350/816/661
f 330/792/662 244/759/662 338/799/662
f 343/797/663 336/806/663 333/801/663
f 342/620/664 313/795/664 341/810/664
f 343/797/665 333/801/665 346/798/665
f 342/620/666 349/814/666 350/816/666
f 350/817/667 330/818/667 338/819/667
f 345/820/668 349/821/668 331/822/668
f 326/789/669 346/798/669 333/801/669
f 256/645/670 344/639/670 348/646/670
f 345/820/671 350/817/671 349/821/671
f 350/817/672 345/820/672 330/818/672
f 341/810/673 349/814/673 342/620/673
f 338/799/674 252/602/674 339/598/674
f 338/799/675 339/598/675 348/823/675
f 348/646/676 350/816/676 338/824/676
f 342/620/677 350/816/677 344/639/677
f 486/825/678 2068/826/678 362/827/678
f 358/828/679 365/829/679 200/830/679
f 415/831/680 431/832/680 420/833/680
f 377/834/681 432/778/681 352/835/681
f 377/836/682 373/837/682 371/838/682
f 291/839/683 18/840/683 128/841/683
f 2068/826/684 2070/842/684 2071/843/684
f 2071/844/685 2077/845/685 360/846/685
f 359/847/686 360/848/686 357/516/686
f 359/849/687 363/850/687 362/827/687
f 363/851/688 193/498/688 194/487/688
f 2068/826/689 2071/843/689 362/827/689
f 360/852/690 359/849/690 2071/843/690
f 363/851/691 359/847/691 357/516/691
f 361/853/692 486/825/692 367/854/692
f 357/516/693 360/848/693 358/517/693
f 362/855/694 363/851/694 364/856/694
f 364/856/695 367/857/695 362/855/695
f 359/849/696 362/827/696 2071/843/696
f 363/851/697 194/487/697 364/856/697
f 357/516/698 193/498/698 363/851/698
f 386/858/699 379/859/699 381/860/699
f 362/827/700 367/854/700 486/825/700
f 194/487/701 178/469/701 364/856/701
f 364/861/702 178/862/702 369/863/702
f 367/857/703 364/856/703 369/465/703
f 1738/464/704 1500/864/704 369/465/704
f 375/865/705 400/866/705 373/867/705
f 421/868/706 475/869/706 476/870/706
f 403/871/707 379/872/707 386/873/707
f 373/867/708 377/834/708 375/865/708
f 1846/874/709 376/875/709 1949/876/709
f 377/834/710 352/835/710 375/865/710
f 381/877/711 380/878/711 356/879/711
f 378/880/712 381/877/712 356/879/712
f 378/93/713 355/80/713 381/881/713
f 373/837/714 413/882/714 371/838/714
f 390/883/715 352/884/715 445/885/715
f 378/880/716 356/879/716 370/50/716
f 370/50/717 19/49/717 378/880/717
f 402/886/718 398/887/718 387/888/718
f 377/889/719 371/890/719 353/891/719
f 399/892/720 375/865/720 387/888/720
f 387/888/721 383/893/721 402/886/721
f 387/888/722 398/887/722 399/892/722
f 396/894/723 393/895/723 380/878/723
f 353/89/724 371/838/724 409/82/724
f 406/896/725 414/897/725 402/898/725
f 355/899/726 388/900/726 386/901/726
f 385/902/727 391/903/727 384/904/727
f 445/905/728 385/906/728 390/907/728
f 379/872/729 389/908/729 396/894/729
f 355/80/730 386/909/730 381/881/730
f 390/907/731 383/893/731 387/888/731
f 375/865/732 399/892/732 400/866/732
f 393/895/733 394/910/733 382/84/733
f 382/84/734 370/50/734 356/879/734
f 375/865/735 390/907/735 387/888/735
f 402/886/736 383/893/736 406/911/736
f 383/893/737 390/907/737 384/912/737
f 356/879/738 380/878/738 382/84/738
f 412/913/739 396/894/739 389/908/739
f 401/914/740 379/872/740 403/871/740
f 391/903/741 392/915/741 384/904/741
f 393/895/742 396/894/742 395/916/742
f 1846/917/743 392/918/743 376/919/743
f 376/919/744 392/918/744 391/920/744
f 390/907/745 375/865/745 352/835/745
f 394/910/746 33/85/746 382/84/746
f 397/921/747 413/882/747 373/837/747
f 383/893/748 392/922/748 1846/923/748
f 379/872/749 404/924/749 389/908/749
f 380/878/750 381/877/750 379/872/750
f 412/913/751 395/916/751 396/894/751
f 382/84/752 380/878/752 393/895/752
f 396/894/753 380/878/753 379/872/753
f 383/893/754 384/912/754 392/922/754
f 385/906/755 384/912/755 390/907/755
f 404/924/756 379/872/756 401/914/756
f 395/916/757 408/925/757 393/895/757
f 408/925/758 394/910/758 393/895/758
f 397/926/759 400/927/759 416/928/759
f 397/929/760 373/867/760 400/866/760
f 1846/923/761 406/911/761 383/893/761
f 401/930/762 403/931/762 411/932/762
f 411/932/763 410/933/763 401/930/763
f 395/916/764 1844/934/764 408/925/764
f 398/935/765 402/898/765 414/897/765
f 1840/331/766 121/311/766 1873/324/766
f 398/936/767 414/937/767 389/908/767
f 403/871/768 386/873/768 411/938/768
f 388/939/769 417/940/769 386/909/769
f 389/908/770 404/924/770 398/936/770
f 406/911/771 1846/923/771 1847/941/771
f 412/913/772 389/908/772 414/937/772
f 408/925/773 407/942/773 394/910/773
f 394/910/774 407/942/774 33/85/774
f 23/69/775 33/85/775 407/942/775
f 404/924/776 401/914/776 398/936/776
f 400/927/777 399/943/777 418/944/777
f 399/945/778 401/914/778 418/946/778
f 401/914/779 399/945/779 398/936/779
f 371/838/780 29/218/780 409/82/780
f 416/928/781 415/947/781 397/926/781
f 409/82/782 51/155/782 42/122/782
f 386/909/783 417/940/783 411/948/783
f 418/946/784 410/949/784 416/950/784
f 23/69/785 407/942/785 49/96/785
f 416/950/786 410/949/786 415/951/786
f 414/937/787 405/952/787 412/913/787
f 29/218/788 413/882/788 419/674/788
f 413/882/789 397/921/789 419/674/789
f 418/946/790 401/914/790 410/949/790
f 397/921/791 420/953/791 419/674/791
f 51/155/792 409/82/792 29/218/792
f 416/928/793 400/927/793 418/944/793
f 372/954/794 423/955/794 480/956/794
f 355/80/795 58/124/795 388/939/795
f 414/897/796 406/896/796 405/957/796
f 415/958/797 411/948/797 431/959/797
f 420/953/798 433/675/798 419/674/798
f 405/952/799 395/916/799 412/913/799
f 417/940/800 58/124/800 283/960/800
f 411/932/801 415/961/801 410/933/801
f 1844/934/802 395/916/802 405/952/802
f 433/962/803 420/833/803 431/832/803
f 413/882/804 29/218/804 371/838/804
f 58/124/805 417/940/805 388/939/805
f 422/299/806 426/963/806 425/310/806
f 1891/964/807 1883/965/807 49/966/807
f 430/330/808 424/312/808 121/311/808
f 422/967/809 421/968/809 426/969/809
f 425/310/810 429/326/810 116/288/810
f 422/967/811 475/970/811 421/968/811
f 415/947/812 420/971/812 397/926/812
f 421/972/813 110/285/813 424/312/813
f 425/973/814 424/974/814 429/975/814
f 421/968/815 424/974/815 426/969/815
f 408/925/816 1891/976/816 49/96/816
f 428/329/817 427/289/817 429/326/817
f 426/969/818 424/974/818 425/973/818
f 429/975/819 430/977/819 428/978/819
f 424/974/820 430/977/820 429/975/820
f 428/978/821 430/977/821 1854/979/821
f 431/959/822 417/940/822 283/960/822
f 120/738/823 26/217/823 29/218/823
f 423/980/824 372/303/824 354/302/824
f 2079/981/825 438/86/825 276/88/825
f 153/982/826 448/983/826 435/984/826
f 153/404/827 435/985/827 168/413/827
f 1604/986/828 449/987/828 1567/988/828
f 438/989/829 434/990/829 449/991/829
f 2089/992/830 31/993/830 440/994/830
f 140/995/831 447/996/831 441/997/831
f 377/834/832 353/779/832 432/778/832
f 436/998/833 174/999/833 153/1000/833
f 434/990/834 438/989/834 140/1001/834
f 408/925/835 49/96/835 407/942/835
f 439/1002/836 140/995/836 441/997/836
f 439/1002/837 1567/355/837 434/354/837
f 281/666/838 435/643/838 2086/1003/838
f 408/925/839 1844/934/839 1891/976/839
f 437/1004/840 441/66/840 442/65/840
f 442/1005/841 443/1006/841 437/1007/841
f 441/997/842 447/996/842 446/1008/842
f 411/948/843 417/940/843 431/959/843
f 31/1009/844 2094/1010/844 447/73/844
f 153/1011/845 174/1012/845 448/1013/845
f 435/643/846 448/1014/846 2086/1003/846
f 480/1015/847 431/959/847 283/960/847
f 440/994/848 140/1001/848 438/989/848
f 31/1009/849 447/73/849 140/1016/849
f 438/86/850 449/1017/850 1604/87/850
f 480/956/851 423/955/851 431/1018/851
f 437/1007/852 439/1002/852 441/997/852
f 437/1007/853 1580/1019/853 1567/355/853
f 444/1020/854 1580/1019/854 437/1007/854
f 439/1002/855 434/354/855 140/995/855
f 2092/1021/856 443/1006/856 442/1005/856
f 1567/355/857 439/1002/857 437/1007/857
f 440/994/858 31/993/858 140/1001/858
f 2094/1010/859 2080/74/859 447/73/859
f 443/1006/860 444/1020/860 437/1007/860
f 1828/1022/861 468/1023/861 1826/365/861
f 462/1024/862 1826/1025/862 142/1026/862
f 1826/365/863 468/1023/863 457/1027/863
f 453/1028/864 458/1029/864 473/1030/864
f 1824/1031/865 453/1032/865 79/1033/865
f 79/1034/866 1832/1035/866 1824/1036/866
f 450/1037/867 461/1038/867 453/1039/867
f 451/1040/868 454/641/868 452/1041/868
f 473/1030/869 458/1029/869 272/677/869
f 461/1038/870 450/1037/870 462/1024/870
f 463/1042/871 457/1027/871 468/1023/871
f 147/1043/872 462/1024/872 142/1026/872
f 459/680/873 452/1044/873 271/668/873
f 451/425/874 462/1024/874 147/1043/874
f 462/1024/875 458/1045/875 461/1038/875
f 1838/1046/876 450/1037/876 453/1039/876
f 1824/1031/877 1838/1047/877 453/1032/877
f 458/1029/878 460/1048/878 466/693/878
f 472/1049/879 456/1050/879 455/1051/879
f 465/1052/880 467/416/880 464/415/880
f 452/1053/881 459/660/881 460/707/881
f 470/1054/882 465/1052/882 463/1042/882
f 161/423/883 451/425/883 147/1043/883
f 79/1034/884 453/1055/884 473/1056/884
f 462/1024/885 452/1057/885 458/1045/885
f 469/1058/886 470/1054/886 472/1059/886
f 451/425/887 452/1057/887 462/1024/887
f 462/1024/888 450/1037/888 1826/1025/888
f 470/1054/889 467/416/889 465/1052/889
f 472/1059/890 463/1042/890 468/1023/890
f 454/1060/891 451/425/891 168/424/891
f 472/1059/892 468/1023/892 487/1061/892
f 460/1062/893 458/1045/893 452/1057/893
f 450/1063/894 489/1064/894 1826/1065/894
f 465/1052/895 464/415/895 457/1027/895
f 487/1061/896 468/1023/896 1828/1022/896
f 463/1042/897 472/1059/897 470/1054/897
f 471/1066/898 302/437/898 469/436/898
f 461/1038/899 458/1045/899 453/1039/899
f 167/453/900 470/1067/900 469/436/900
f 452/1041/901 454/641/901 271/665/901
f 463/1042/902 465/1052/902 457/1027/902
f 272/677/903 458/1029/903 466/693/903
f 471/1068/904 472/1069/904 455/1070/904
f 471/1068/905 76/1071/905 1814/402/905
f 470/1054/906 474/428/906 173/1072/906
f 471/1068/907 1814/402/907 122/315/907
f 172/427/908 173/1072/908 474/428/908
f 279/1073/909 79/1034/909 473/1056/909
f 173/1072/910 467/416/910 470/1054/910
f 471/1068/911 455/1070/911 76/1071/911
f 471/1066/912 122/744/912 302/437/912
f 474/428/913 470/1054/913 167/448/913
f 471/1074/914 469/1058/914 472/1059/914
f 120/738/915 479/1075/915 95/1076/915
f 120/738/916 354/1077/916 477/1078/916
f 476/1079/917 110/1080/917 421/1081/917
f 477/1078/918 479/1075/918 120/738/918
f 478/1082/919 476/870/919 475/869/919
f 475/1083/920 479/1084/920 477/301/920
f 98/211/921 372/1085/921 480/1015/921
f 478/1082/922 475/869/922 372/1086/922
f 476/1087/923 478/1088/923 95/1089/923
f 98/253/924 478/1090/924 372/1091/924
f 283/960/925 58/124/925 98/211/925
f 475/1083/926 477/301/926 372/303/926
f 120/738/927 419/674/927 354/1077/927
f 480/1015/928 283/960/928 98/211/928
f 95/255/929 478/1090/929 98/253/929
f 423/676/930 354/1077/930 419/674/930
f 431/1018/931 423/955/931 433/1092/931
f 26/1093/932 120/1094/932 95/1095/932
f 455/1070/933 1776/1096/933 76/1071/933
f 491/1097/934 78/1098/934 1701/1099/934
f 351/1100/935 2029/1101/935 2028/1102/935
f 268/1103/936 1717/1104/936 490/1105/936
f 1819/1106/937 127/1107/937 1820/1108/937
f 46/1109/938 1881/1110/938 1707/1111/938
f 455/1051/939 456/1050/939 1776/1112/939
f 484/106/940 1943/1113/940 50/1114/940
f 50/1115/941 485/1116/941 46/1117/941
f 1279/1118/942 1274/1119/942 1268/40/942
f 1278/1120/943 1279/1121/943 1268/1122/943
f 1278/1120/944 1269/1123/944 1279/1121/944
f 1266/1124/945 1276/1125/945 1277/1126/945
f 1265/1127/946 1275/1128/946 1260/1129/946
f 1265/1127/947 1262/1130/947 1275/1128/947
f 1251/1131/948 1249/1132/948 1253/1133/948
f 1258/1134/949 1266/1135/949 1277/1136/949
f 1260/1137/950 1271/1138/950 1270/1139/950
f 1274/1119/951 1267/41/951 1268/40/951
f 1270/1139/952 1271/1138/952 1272/1140/952
f 1269/1141/953 1277/1126/953 1276/1125/953
f 1269/1123/954 1276/1142/954 1279/1121/954
f 1439/1143/955 1394/1144/955 1450/1145/955
f 1270/1139/956 1272/1140/956 1280/1146/956
f 1271/1138/957 1260/1137/957 1275/1147/957
f 1274/1119/958 8/1148/958 1267/41/958
f 1226/1149/959 1250/1150/959 1252/1151/959
f 1280/1152/960 1263/1153/960 1259/1154/960
f 1205/1155/961 1225/1156/961 1206/1157/961
f 1343/1158/962 1256/1159/962 1236/1160/962
f 1205/1155/963 1224/1161/963 1225/1156/963
f 1415/1162/964 1454/1163/964 1453/1164/964
f 1226/1165/965 1223/1166/965 1217/1167/965
f 1439/1143/966 1412/1168/966 1451/1169/966
f 1259/1170/967 1260/1137/967 1270/1139/967
f 1259/1171/968 1265/1127/968 1260/1129/968
f 1027/1172/969 1024/1173/969 1262/1174/969
f 1439/1175/970 1449/1176/970 1412/1177/970
f 1280/1152/971 1266/1135/971 1263/1153/971
f 1275/1128/972 1262/1130/972 1023/1178/972
f 1209/30/973 1462/29/973 1213/1179/973
f 1226/1149/974 1215/1180/974 1248/1181/974
f 1250/1182/975 1226/1183/975 1217/1184/975
f 1225/1156/976 1226/1185/976 1248/1186/976
f 1262/1174/977 1265/1187/977 1273/1188/977
f 1387/1189/978 1384/1190/978 1378/1191/978
f 1206/1157/979 1225/1156/979 1248/1186/979
f 1259/1154/980 1270/1192/980 1280/1152/980
f 1205/1155/981 1212/1193/981 1224/1161/981
f 1209/30/982 1213/1179/982 1210/1194/982
f 1249/1132/983 1252/1151/983 1250/1150/983
f 1457/1195/984 1384/1190/984 1420/1196/984
f 1439/1143/985 1373/1197/985 1394/1144/985
f 1225/1198/986 1223/1199/986 1226/1200/986
f 1376/1201/987 1377/1202/987 1389/1203/987
f 1378/1204/988 1305/1205/988 1383/1206/988
f 1376/1201/989 1385/1207/989 1377/1202/989
f 1382/1208/990 1381/1209/990 1376/1210/990
f 1373/1211/991 1067/1212/991 1374/1213/991
f 1450/1145/992 1449/1214/992 1439/1143/992
f 1376/1201/993 1379/1215/993 1385/1207/993
f 1387/1189/994 1420/1196/994 1384/1190/994
f 1377/1202/995 1385/1207/995 1389/1203/995
f 1376/1216/996 1389/1217/996 1386/1218/996
f 1212/1193/997 1205/1155/997 1213/1179/997
f 1380/1219/998 1376/1210/998 1388/1220/998
f 1380/1219/999 1382/1208/999 1376/1210/999
f 1226/1149/1000 1252/1151/1000 1215/1180/1000
f 1451/1169/1001 1373/1197/1001 1439/1143/1001
f 1378/1191/1002 1384/1190/1002 1305/1221/1002
f 1296/1222/1003 1297/1223/1003 1389/1224/1003
f 1302/1225/1004 1298/1226/1004 1296/1222/1004
f 1297/1223/1005 1296/1222/1005 1298/1226/1005
f 1389/1227/1006 1297/1228/1006 1390/1229/1006
f 1214/1230/1007 1215/1180/1007 1252/1151/1007
f 1252/1151/1008 1249/1132/1008 1251/1131/1008
f 1297/1231/1009 1298/1232/1009 1390/1233/1009
f 1367/1234/1010 1387/1189/1010 1378/1191/1010
f 1213/1179/1011 1231/1235/1011 1210/1194/1011
f 1206/1236/1012 1231/1237/1012 1205/1238/1012
f 1390/1239/1013 1322/1240/1013 1312/1241/1013
f 1249/1132/1014 1250/1150/1014 1255/1242/1014
f 1322/1243/1015 1390/1233/1015 1298/1232/1015
f 1036/1244/1016 1064/1245/1016 1067/1246/1016
f 1218/1247/1017 1261/1248/1017 1253/1249/1017
f 1191/1250/1018 1253/1251/1018 1227/1252/1018
f 1218/1253/1019 1253/1133/1019 1257/1254/1019
f 1166/1255/1020 1164/1256/1020 1186/1257/1020
f 1257/1254/1021 1249/1132/1021 1255/1242/1021
f 1252/1258/1022 1251/1259/1022 1214/1260/1022
f 1249/1132/1023 1257/1254/1023 1253/1133/1023
f 1164/1256/1024 1144/1261/1024 1186/1257/1024
f 1191/1262/1025 1227/1263/1025 1216/1264/1025
f 1164/1265/1026 1140/1266/1026 1144/1267/1026
f 1251/1268/1027 1253/1269/1027 1214/1270/1027
f 1253/1271/1028 1191/1272/1028 1214/1273/1028
f 1302/1274/1029 1299/1275/1029 1322/1276/1029
f 1302/1277/1030 1322/1243/1030 1298/1232/1030
f 1186/1278/1031 1216/1264/1031 1227/1263/1031
f 1373/1197/1032 1375/1279/1032 1394/1144/1032
f 1186/1280/1033 1144/1281/1033 1216/1282/1033
f 1166/1255/1034 1183/1283/1034 1167/1284/1034
f 1311/1285/1035 1390/1286/1035 1312/1287/1035
f 1167/1288/1036 1160/1289/1036 1184/1290/1036
f 1305/1205/1037 1390/1291/1037 1401/1292/1037
f 1305/1293/1038 1389/1294/1038 1390/1295/1038
f 1167/1284/1039 1164/1256/1039 1166/1255/1039
f 1156/1296/1040 998/1297/1040 1148/1298/1040
f 1184/1299/1041 1140/1300/1041 1164/1301/1041
f 1184/1302/1042 1148/1303/1042 1165/1304/1042
f 1148/1298/1043 1184/1290/1043 1160/1289/1043
f 992/1305/1044 985/1306/1044 996/1307/1044
f 1148/1303/1045 998/1308/1045 1165/1304/1045
f 992/1305/1046 982/1309/1046 986/1310/1046
f 1165/1311/1047 996/1307/1047 1161/1312/1047
f 1184/1290/1048 1164/1313/1048 1167/1288/1048
f 998/1297/1049 972/1314/1049 992/1305/1049
f 992/1305/1050 996/1307/1050 998/1297/1050
f 1148/1298/1051 1160/1289/1051 1156/1296/1051
f 1165/1311/1052 998/1297/1052 996/1307/1052
f 998/1297/1053 1135/1315/1053 972/1314/1053
f 1167/1316/1054 1183/1317/1054 1160/1318/1054
f 1183/1319/1055 1185/1320/1055 1162/1321/1055
f 1183/1319/1056 1162/1321/1056 1160/1322/1056
f 1162/1323/1057 1135/1324/1057 1156/1325/1057
f 1156/1296/1058 1160/1289/1058 1162/1326/1058
f 1156/1296/1059 1135/1315/1059 998/1297/1059
f 972/1314/1060 1135/1315/1060 979/1327/1060
f 978/1328/1061 988/1329/1061 974/1330/1061
f 979/1327/1062 982/1309/1062 972/1314/1062
f 975/1331/1063 997/1332/1063 956/1333/1063
f 979/1327/1064 956/1334/1064 982/1309/1064
f 1162/1335/1065 1185/1336/1065 1182/1337/1065
f 1551/1338/1066 1550/1339/1066 1526/1340/1066
f 961/1341/1067 980/1342/1067 971/1343/1067
f 997/1344/1068 975/1345/1068 978/1346/1068
f 1135/1347/1069 1162/1348/1069 1182/1349/1069
f 988/1329/1070 978/1328/1070 975/1350/1070
f 1530/1351/1071 1550/1339/1071 1551/1338/1071
f 1538/1352/1072 1526/1340/1072 1467/1353/1072
f 970/1354/1073 978/1328/1073 974/1330/1073
f 520/1355/1074 507/1356/1074 539/1357/1074
f 1531/1358/1075 1550/1339/1075 1530/1351/1075
f 1135/1359/1076 988/1360/1076 979/1361/1076
f 1539/1362/1077 1531/1358/1077 1530/1351/1077
f 539/1363/1078 507/1364/1078 537/1365/1078
f 979/1366/1079 988/1367/1079 975/1368/1079
f 1465/1369/1080 1467/1353/1080 1531/1358/1080
f 1383/1206/1081 1305/1205/1081 1391/1370/1081
f 1467/1353/1082 512/1371/1082 1538/1352/1082
f 975/1372/1083 956/1334/1083 979/1327/1083
f 1550/1339/1084 1467/1353/1084 1526/1340/1084
f 1467/1353/1085 1466/1373/1085 512/1371/1085
f 539/1363/1086 537/1365/1086 582/1374/1086
f 1531/1358/1087 1467/1353/1087 1550/1339/1087
f 1305/1205/1088 1401/1292/1088 1391/1370/1088
f 1466/1373/1089 1467/1353/1089 522/1375/1089
f 976/1376/1090 997/1377/1090 978/1378/1090
f 1063/1379/1091 1374/1213/1091 1067/1212/1091
f 683/1380/1092 1465/1369/1092 1531/1358/1092
f 1467/1353/1093 1465/1369/1093 522/1375/1093
f 537/1365/1094 507/1364/1094 570/1381/1094
f 1547/1382/1095 1551/1338/1095 1526/1340/1095
f 580/1383/1096 531/1384/1096 584/1385/1096
f 531/1384/1097 580/1383/1097 503/1386/1097
f 531/1387/1098 503/1388/1098 520/1389/1098
f 1385/1390/1099 1296/1222/1099 1389/1224/1099
f 1299/1275/1100 1302/1274/1100 1320/1391/1100
f 507/1392/1101 520/1389/1101 544/1393/1101
f 1531/1394/1102 1539/1395/1102 683/1396/1102
f 1318/1397/1103 1295/1398/1103 1335/1399/1103
f 523/1400/1104 580/1383/1104 584/1385/1104
f 1064/1401/1105 1069/1402/1105 1067/1212/1105
f 519/1403/1106 580/1383/1106 523/1400/1106
f 544/1393/1107 583/1404/1107 501/1405/1107
f 1374/1406/1108 1375/1279/1108 1373/1197/1108
f 512/1371/1109 523/1400/1109 584/1385/1109
f 531/1407/1110 520/1408/1110 506/1409/1110
f 683/1410/1111 682/1411/1111 1465/1412/1111
f 1374/1406/1112 1062/1413/1112 1375/1279/1112
f 544/1414/1113 570/1381/1113 507/1364/1113
f 1507/1415/1114 688/1416/1114 683/1380/1114
f 503/1388/1115 505/1417/1115 496/1418/1115
f 574/1419/1116 544/1393/1116 572/1420/1116
f 583/1404/1117 503/1388/1117 496/1418/1117
f 522/1375/1118 1465/1369/1118 499/1421/1118
f 512/1371/1119 1466/1373/1119 523/1400/1119
f 505/1422/1120 580/1423/1120 504/1424/1120
f 519/1403/1121 1466/1373/1121 510/1425/1121
f 510/1425/1122 1466/1373/1122 502/1426/1122
f 580/1427/1123 505/1428/1123 503/1429/1123
f 519/1403/1124 514/1430/1124 580/1383/1124
f 501/1431/1125 583/1432/1125 517/1433/1125
f 542/1434/1126 570/1381/1126 544/1414/1126
f 496/1435/1127 505/1422/1127 504/1424/1127
f 503/1388/1128 544/1393/1128 520/1389/1128
f 503/1388/1129 583/1404/1129 544/1393/1129
f 542/1434/1130 574/1436/1130 551/1437/1130
f 504/1438/1131 514/1430/1131 521/1439/1131
f 522/1375/1132 499/1421/1132 502/1426/1132
f 544/1414/1133 574/1436/1133 542/1434/1133
f 573/1440/1134 551/1441/1134 553/1442/1134
f 496/1443/1135 504/1444/1135 583/1445/1135
f 561/1446/1136 581/1447/1136 562/1448/1136
f 1466/1373/1137 519/1403/1137 523/1400/1137
f 1374/1406/1138 1063/1449/1138 1062/1413/1138
f 562/1450/1139 529/1451/1139 569/1452/1139
f 542/1434/1140 573/1453/1140 570/1381/1140
f 569/1454/1141 529/1455/1141 538/1456/1141
f 1067/1212/1142 1069/1402/1142 1063/1379/1142
f 1075/1457/1143 1063/1458/1143 1069/1459/1143
f 504/1444/1144 521/1460/1144 583/1445/1144
f 1093/1461/1145 1098/1462/1145 1070/1463/1145
f 514/1430/1146 510/1425/1146 513/1464/1146
f 542/1434/1147 551/1437/1147 573/1453/1147
f 580/1383/1148 514/1430/1148 504/1438/1148
f 572/1465/1149 553/1442/1149 574/1466/1149
f 502/1426/1150 1466/1373/1150 522/1375/1150
f 583/1432/1151 516/1467/1151 517/1433/1151
f 510/1425/1152 514/1430/1152 519/1403/1152
f 549/1468/1153 533/1469/1153 513/1470/1153
f 529/1451/1154 562/1450/1154 530/1471/1154
f 513/1472/1155 533/1473/1155 536/1474/1155
f 513/1475/1156 510/1476/1156 549/1477/1156
f 516/1478/1157 536/1474/1157 533/1473/1157
f 544/1393/1158 501/1405/1158 572/1420/1158
f 583/1432/1159 521/1479/1159 516/1467/1159
f 501/1480/1160 553/1481/1160 572/1482/1160
f 536/1474/1161 516/1478/1161 521/1483/1161
f 517/1433/1162 540/1484/1162 553/1485/1162
f 528/1486/1163 540/1487/1163 516/1488/1163
f 551/1441/1164 574/1466/1164 553/1442/1164
f 516/1467/1165 540/1484/1165 517/1433/1165
f 581/1489/1166 530/1471/1166 562/1450/1166
f 541/1490/1167 530/1471/1167 581/1489/1167
f 685/1491/1168 688/1492/1168 1496/1493/1168
f 546/1494/1169 553/1495/1169 540/1496/1169
f 553/1495/1170 546/1494/1170 573/1497/1170
f 501/1431/1171 517/1433/1171 553/1485/1171
f 1335/1498/1172 1289/1499/1172 1309/1500/1172
f 521/1483/1173 514/1501/1173 536/1474/1173
f 510/1476/1174 502/1502/1174 515/1503/1174
f 513/1464/1175 536/1504/1175 514/1430/1175
f 689/1505/1176 684/1506/1176 685/1507/1176
f 516/1508/1177 533/1509/1177 528/1510/1177
f 688/1416/1178 682/1511/1178 683/1380/1178
f 684/1506/1179 689/1505/1179 698/1512/1179
f 682/1411/1180 687/1513/1180 1465/1412/1180
f 687/1513/1181 498/1514/1181 499/1515/1181
f 687/1513/1182 499/1515/1182 1465/1412/1182
f 686/1516/1183 682/1511/1183 688/1416/1183
f 563/1517/1184 529/1455/1184 498/1518/1184
f 689/1505/1185 692/1519/1185 698/1512/1185
f 688/1416/1186 685/1520/1186 686/1516/1186
f 538/1456/1187 529/1455/1187 563/1517/1187
f 686/1521/1188 685/1507/1188 684/1506/1188
f 497/1522/1189 530/1523/1189 515/1503/1189
f 687/1524/1190 500/1525/1190 498/1518/1190
f 1289/1526/1191 1345/1527/1191 1309/1528/1191
f 1317/1529/1192 1327/1530/1192 1330/1531/1192
f 1335/1532/1193 1285/1533/1193 1289/1534/1193
f 1301/1535/1194 1330/1531/1194 1327/1530/1194
f 555/1536/1195 498/1518/1195 500/1525/1195
f 1320/1391/1196 1301/1537/1196 1299/1275/1196
f 515/1538/1197 502/1426/1197 499/1421/1197
f 687/1524/1198 686/1539/1198 500/1525/1198
f 497/1522/1199 499/1515/1199 498/1514/1199
f 1327/1540/1200 1340/1541/1200 1301/1542/1200
f 686/1516/1201 687/1543/1201 682/1511/1201
f 684/1506/1202 699/1544/1202 500/1545/1202
f 698/1512/1203 692/1519/1203 699/1544/1203
f 699/1546/1204 701/1547/1204 500/1548/1204
f 696/1549/1205 699/1546/1205 700/1550/1205
f 498/1514/1206 529/1551/1206 497/1522/1206
f 686/1521/1207 684/1506/1207 500/1545/1207
f 699/1546/1208 696/1549/1208 701/1547/1208
f 524/1552/1209 527/1553/1209 535/1554/1209
f 566/1555/1210 563/1517/1210 548/1556/1210
f 702/1557/1211 699/1544/1211 692/1519/1211
f 563/1517/1212 498/1518/1212 555/1536/1212
f 1340/1558/1213 1299/1559/1213 1301/1560/1213
f 1285/1533/1214 1345/1561/1214 1289/1534/1214
f 696/1562/1215 527/1563/1215 524/1564/1215
f 701/1565/1216 555/1536/1216 500/1525/1216
f 515/1503/1217 499/1515/1217 497/1522/1217
f 698/1512/1218 699/1544/1218 684/1506/1218
f 1740/1566/1219 1753/1567/1219 1751/1568/1219
f 524/1569/1220 701/1547/1220 696/1549/1220
f 530/1523/1221 557/1570/1221 515/1503/1221
f 549/1477/1222 515/1503/1222 557/1570/1222
f 530/1523/1223 497/1522/1223 529/1551/1223
f 1300/1571/1224 1330/1572/1224 1301/1573/1224
f 1037/1574/1225 1043/1575/1225 1330/1572/1225
f 557/1570/1226 530/1523/1226 541/1576/1226
f 524/1569/1227 555/1577/1227 701/1547/1227
f 557/1570/1228 541/1576/1228 528/1578/1228
f 700/1550/1229 699/1546/1229 702/1579/1229
f 510/1476/1230 515/1503/1230 549/1477/1230
f 563/1517/1231 555/1536/1231 548/1556/1231
f 1340/1541/1232 1327/1540/1232 1369/1580/1232
f 548/1556/1233 555/1536/1233 524/1581/1233
f 548/1556/1234 524/1581/1234 566/1555/1234
f 696/1562/1235 697/1582/1235 527/1563/1235
f 2022/1583/1236 700/1550/1236 702/1579/1236
f 528/1486/1237 541/1584/1237 540/1487/1237
f 1317/1529/1238 1326/1585/1238 1327/1530/1238
f 697/1582/1239 696/1562/1239 700/1586/1239
f 528/1578/1240 549/1477/1240 557/1570/1240
f 541/1490/1241 543/1587/1241 540/1588/1241
f 938/1589/1242 946/1590/1242 939/1591/1242
f 549/1468/1243 528/1592/1243 533/1469/1243
f 1335/1498/1244 1309/1500/1244 1318/1593/1244
f 1326/1585/1245 1317/1529/1245 1041/1594/1245
f 943/1595/1246 938/1596/1246 939/1597/1246
f 1318/1593/1247 1309/1500/1247 1291/1598/1247
f 1322/1599/1248 1299/1600/1248 1340/1541/1248
f 1317/1601/1249 1043/1602/1249 1045/1603/1249
f 917/1604/1250 941/1605/1250 960/1606/1250
f 1047/1607/1251 1048/1608/1251 1040/1609/1251
f 1309/1500/1252 1345/1610/1252 1292/1611/1252
f 1317/1612/1253 1045/1613/1253 1042/1614/1253
f 1047/1607/1254 1032/1615/1254 1026/1616/1254
f 1278/1120/1255 1268/1122/1255 1463/20/1255
f 1017/1617/1256 1025/1618/1256 1020/1619/1256
f 1330/1572/1257 1300/1571/1257 1037/1574/1257
f 1330/1620/1258 1043/1602/1258 1317/1601/1258
f 1317/1621/1259 1042/1622/1259 1041/1623/1259
f 1041/1624/1260 1042/1614/1260 1039/1625/1260
f 1040/1609/1261 1042/1614/1261 1045/1613/1261
f 1042/1614/1262 1040/1609/1262 1039/1625/1262
f 1291/1598/1263 1309/1500/1263 1286/1626/1263
f 1040/1609/1264 1048/1608/1264 1039/1625/1264
f 1047/1627/1265 1016/1628/1265 1032/1629/1265
f 1292/1611/1266 1286/1626/1266 1309/1500/1266
f 537/1630/1267 518/1631/1267 575/1632/1267
f 1278/1120/1268 1458/5/1268 1239/1633/1268
f 537/1365/1269 570/1381/1269 518/1634/1269
f 576/1635/1270 552/1636/1270 518/1631/1270
f 534/1637/1271 582/1374/1271 537/1365/1271
f 565/1638/1272 564/1639/1272 576/1640/1272
f 576/1641/1273 518/1642/1273 561/1643/1273
f 575/1632/1274 518/1631/1274 552/1636/1274
f 564/1644/1275 569/1454/1275 538/1456/1275
f 546/1645/1276 540/1646/1276 543/1647/1276
f 570/1648/1277 546/1649/1277 518/1650/1277
f 575/1651/1278 552/1652/1278 534/1637/1278
f 561/1653/1279 518/1654/1279 543/1655/1279
f 546/1494/1280 570/1656/1280 573/1497/1280
f 561/1446/1281 543/1657/1281 581/1447/1281
f 518/1658/1282 546/1645/1282 543/1647/1282
f 575/1651/1283 534/1637/1283 537/1365/1283
f 562/1659/1284 569/1660/1284 564/1661/1284
f 562/1662/1285 564/1663/1285 565/1664/1285
f 561/1446/1286 562/1448/1286 565/1665/1286
f 565/1666/1287 576/1667/1287 561/1668/1287
f 547/1669/1288 538/1670/1288 556/1671/1288
f 556/1672/1289 568/1673/1289 547/1674/1289
f 581/1489/1290 543/1587/1290 541/1490/1290
f 563/1517/1291 556/1675/1291 538/1456/1291
f 564/1644/1292 538/1456/1292 547/1676/1292
f 577/1677/1293 566/1678/1293 579/1679/1293
f 524/1680/1294 535/1681/1294 579/1679/1294
f 578/1682/1295 525/1683/1295 527/1553/1295
f 566/1555/1296 568/1684/1296 556/1675/1296
f 568/1684/1297 566/1555/1297 560/1685/1297
f 566/1555/1298 556/1675/1298 563/1517/1298
f 535/1554/1299 525/1683/1299 579/1686/1299
f 560/1687/1300 577/1688/1300 526/1689/1300
f 579/1679/1301 566/1678/1301 524/1680/1301
f 697/1690/1302 662/1691/1302 661/1692/1302
f 525/1693/1303 577/1694/1303 579/1695/1303
f 577/1694/1304 525/1693/1304 526/1696/1304
f 577/1677/1305 560/1697/1305 566/1678/1305
f 527/1698/1306 697/1690/1306 495/1699/1306
f 527/1553/1307 525/1683/1307 535/1554/1307
f 661/1692/1308 495/1699/1308 697/1690/1308
f 578/1682/1309 527/1553/1309 495/1700/1309
f 661/1692/1310 662/1691/1310 668/1701/1310
f 672/1702/1311 668/1701/1311 662/1691/1311
f 663/1703/1312 697/1582/1312 700/1586/1312
f 525/1683/1313 578/1682/1313 493/1704/1313
f 525/1705/1314 493/1706/1314 526/1707/1314
f 666/1708/1315 674/1709/1315 672/1710/1315
f 662/1711/1316 663/1712/1316 672/1713/1316
f 663/1703/1317 662/1714/1317 697/1582/1317
f 17/381/1318 1773/394/1318 1768/1715/1318
f 1544/1716/1319 1541/1717/1319 1584/1718/1319
f 1792/1719/1320 1822/1720/1320 1823/1721/1320
f 1586/1722/1321 1549/1723/1321 713/1724/1321
f 1822/1725/1322 1821/1726/1322 1823/1727/1322
f 1821/1726/1323 1822/1725/1323 1784/1728/1323
f 1590/1729/1324 1540/1730/1324 1534/1731/1324
f 1543/1732/1325 1522/1733/1325 1518/1734/1325
f 790/1735/1326 1597/1736/1326 713/1724/1326
f 1597/1736/1327 1586/1722/1327 713/1724/1327
f 1540/1730/1328 1584/1718/1328 1541/1717/1328
f 1590/1729/1329 1584/1718/1329 1540/1730/1329
f 1518/1734/1330 1523/1737/1330 1543/1732/1330
f 1583/1738/1331 1590/1729/1331 1586/1722/1331
f 1543/1732/1332 1520/1739/1332 1522/1733/1332
f 1549/1723/1333 1540/1730/1333 1551/1338/1333
f 1600/1740/1334 1520/1739/1334 1543/1732/1334
f 1594/1741/1335 1584/1718/1335 1590/1729/1335
f 1549/1723/1336 1534/1731/1336 1540/1730/1336
f 1545/1742/1337 1600/1740/1337 1543/1732/1337
f 1576/1743/1338 1583/1738/1338 1598/1744/1338
f 1594/1745/1339 1576/1746/1339 1545/1742/1339
f 1583/1738/1340 1594/1741/1340 1590/1729/1340
f 1542/1747/1341 1540/1730/1341 1541/1717/1341
f 1543/1732/1342 1523/1737/1342 1545/1742/1342
f 1593/1748/1343 1599/1749/1343 1600/1740/1343
f 1591/1750/1344 1598/1744/1344 1583/1738/1344
f 1600/1740/1345 1576/1746/1345 1593/1748/1345
f 1627/1751/1346 1596/1752/1346 1574/1753/1346
f 1821/1726/1347 1720/1754/1347 1823/1727/1347
f 1520/1739/1348 2078/1755/1348 1522/1733/1348
f 1576/1746/1349 1577/1756/1349 1593/1748/1349
f 723/1757/1350 721/1758/1350 806/1759/1350
f 1545/1742/1351 1576/1746/1351 1600/1740/1351
f 1592/1760/1352 1520/1739/1352 1600/1740/1352
f 707/1761/1353 723/1757/1353 706/1762/1353
f 1522/1733/1354 1514/1763/1354 1518/1734/1354
f 1586/1722/1355 1534/1731/1355 1549/1723/1355
f 1584/1718/1356 1594/1741/1356 1523/1764/1356
f 1599/1749/1357 1593/1748/1357 1596/1752/1357
f 1586/1722/1358 1590/1729/1358 1534/1731/1358
f 706/1762/1359 790/1765/1359 707/1761/1359
f 725/1766/1360 1591/1750/1360 1597/1736/1360
f 1523/1764/1361 1544/1716/1361 1584/1718/1361
f 1545/1742/1362 1523/1737/1362 1594/1745/1362
f 709/1767/1363 706/1768/1363 723/1769/1363
f 1583/1738/1364 1597/1736/1364 1591/1750/1364
f 790/1735/1365 706/1770/1365 1597/1736/1365
f 1599/1749/1366 1596/1752/1366 2101/1771/1366
f 1578/1772/1367 1585/1773/1367 1577/1756/1367
f 1597/1736/1368 1583/1738/1368 1586/1722/1368
f 743/1774/1369 806/1775/1369 731/1776/1369
f 1599/1749/1370 1595/1777/1370 1592/1760/1370
f 1598/1744/1371 1591/1750/1371 1568/1778/1371
f 709/1767/1372 723/1769/1372 806/1779/1372
f 1520/1739/1373 1592/1760/1373 1595/1777/1373
f 1596/1752/1374 1627/1751/1374 2101/1771/1374
f 1599/1749/1375 2101/1771/1375 1595/1777/1375
f 1600/1740/1376 1599/1749/1376 1592/1760/1376
f 725/1766/1377 1597/1736/1377 706/1770/1377
f 1568/1778/1378 1569/1780/1378 1581/1781/1378
f 1570/1782/1379 1569/1780/1379 1568/1778/1379
f 1585/1773/1380 1593/1748/1380 1577/1756/1380
f 1585/1773/1381 1596/1752/1381 1593/1748/1381
f 1568/1778/1382 1577/1783/1382 1598/1744/1382
f 1583/1738/1383 1576/1743/1383 1594/1741/1383
f 1580/1019/1384 444/1020/1384 1574/1753/1384
f 1598/1744/1385 1577/1783/1385 1576/1743/1385
f 1573/1784/1386 1582/1785/1386 1581/1781/1386
f 1570/1782/1387 1568/1778/1387 1591/1750/1387
f 1568/1778/1388 1581/1781/1388 1577/1783/1388
f 724/1786/1389 725/1787/1389 709/1788/1389
f 1582/1785/1390 1578/1789/1390 1581/1781/1390
f 725/1790/1391 706/1768/1391 709/1767/1391
f 1588/1791/1392 1574/1753/1392 1571/1792/1392
f 1588/1791/1393 1580/1019/1393 1574/1753/1393
f 725/1766/1394 1570/1782/1394 1591/1750/1394
f 725/1766/1395 724/1793/1395 1570/1782/1395
f 1571/1792/1396 1585/1773/1396 1582/1794/1396
f 1578/1795/1397 1582/1796/1397 1585/1797/1397
f 1585/1773/1398 1574/1753/1398 1596/1752/1398
f 806/1798/1399 721/1799/1399 731/1800/1399
f 761/1801/1400 709/1767/1400 806/1779/1400
f 1581/1781/1401 1572/1802/1401 1573/1784/1401
f 833/1803/1402 1608/1804/1402 1569/1780/1402
f 1581/1781/1403 1578/1789/1403 1577/1783/1403
f 712/1805/1404 837/1806/1404 783/1807/1404
f 1570/1782/1405 724/1793/1405 1569/1780/1405
f 834/1808/1406 1608/1809/1406 833/1810/1406
f 830/1811/1407 734/1812/1407 766/1813/1407
f 1571/1792/1408 1574/1753/1408 1585/1773/1408
f 724/1814/1409 709/1767/1409 841/1815/1409
f 737/1816/1410 762/1817/1410 761/1818/1410
f 838/1819/1411 737/1816/1411 754/1820/1411
f 761/1801/1412 841/1815/1412 709/1767/1412
f 730/1821/1413 841/1815/1413 761/1801/1413
f 842/1822/1414 834/1808/1414 730/1821/1414
f 762/1817/1415 730/1823/1415 761/1818/1415
f 1569/1780/1416 724/1793/1416 833/1803/1416
f 747/1824/1417 712/1805/1417 734/1825/1417
f 806/1779/1418 840/1826/1418 761/1801/1418
f 1608/1809/1419 835/1827/1419 1572/1828/1419
f 776/1829/1420 717/1830/1420 830/1811/1420
f 1573/1831/1421 1572/1828/1421 1619/1832/1421
f 1588/1791/1422 1575/1833/1422 1616/1834/1422
f 841/1815/1423 833/1810/1423 724/1814/1423
f 833/1810/1424 730/1821/1424 834/1808/1424
f 1616/1834/1425 1567/355/1425 1588/1791/1425
f 837/1806/1426 712/1805/1426 838/1835/1426
f 841/1815/1427 730/1821/1427 833/1810/1427
f 1610/1836/1428 1601/1837/1428 1587/1838/1428
f 1569/1780/1429 1608/1804/1429 1581/1781/1429
f 1619/1839/1430 1620/1840/1430 1573/1841/1430
f 776/1829/1431 767/1842/1431 777/1843/1431
f 1575/1833/1432 1582/1794/1432 1573/1844/1432
f 1588/1791/1433 1567/355/1433 1580/1019/1433
f 840/1826/1434 737/1845/1434 761/1801/1434
f 1608/1804/1435 1572/1802/1435 1581/1781/1435
f 835/1827/1436 1619/1832/1436 1572/1828/1436
f 1784/1728/1437 1822/1725/1437 1797/1846/1437
f 712/1805/1438 783/1807/1438 734/1825/1438
f 1571/1792/1439 1582/1794/1439 1575/1833/1439
f 1588/1791/1440 1571/1792/1440 1575/1833/1440
f 1616/1847/1441 1575/1848/1441 1573/1849/1441
f 1573/1850/1442 1620/1851/1442 1616/1852/1442
f 1790/1853/1443 1784/1728/1443 1797/1846/1443
f 835/1854/1444 834/1855/1444 842/1856/1444
f 1837/1857/1445 1778/1858/1445 1802/1859/1445
f 1797/1846/1446 1777/1860/1446 1790/1853/1446
f 834/1808/1447 835/1827/1447 1608/1809/1447
f 754/1861/1448 837/1806/1448 838/1835/1448
f 1616/1852/1449 1620/1851/1449 1587/1862/1449
f 830/1863/1450 829/1864/1450 719/1865/1450
f 127/1866/1451 1779/1867/1451 1820/1868/1451
f 1796/1869/1452 1802/1870/1452 1778/1871/1452
f 1579/1872/1453 1567/355/1453 1616/1834/1453
f 1796/1869/1454 1778/1871/1454 1798/1873/1454
f 1834/1874/1455 1822/1875/1455 1791/1876/1455
f 1797/1877/1456 1822/1875/1456 1834/1874/1456
f 717/1830/1457 777/1843/1457 836/1878/1457
f 1046/1879/1458 1777/1880/1458 1811/1881/1458
f 1795/1882/1459 1812/1883/1459 1797/1884/1459
f 719/1885/1460 734/1886/1460 830/1887/1460
f 1786/1888/1461 1806/1889/1461 1622/1890/1461
f 1587/1891/1462 1579/1892/1462 1616/1893/1462
f 776/1829/1463 830/1811/1463 766/1813/1463
f 1812/1894/1464 1816/1895/1464 1802/1896/1464
f 747/1897/1465 748/1898/1465 712/1899/1465
f 1816/1900/1466 1795/1901/1466 1815/1902/1466
f 762/1817/1467 737/1816/1467 838/1819/1467
f 1626/1903/1468 1567/355/1468 1579/1872/1468
f 1836/1904/1469 1797/1905/1469 1834/1906/1469
f 1808/1907/1470 1815/1902/1470 1776/1908/1470
f 838/1819/1471 842/1909/1471 762/1817/1471
f 1816/1895/1472 1837/1910/1472 1802/1896/1472
f 730/1821/1473 762/1911/1473 842/1822/1473
f 1836/1912/1474 1795/1882/1474 1797/1884/1474
f 1814/402/1475 1815/1913/1475 1779/1914/1475
f 1836/1904/1476 1779/1915/1476 1795/1916/1476
f 1777/1917/1477 1812/1918/1477 1796/1919/1477
f 776/1829/1478 777/1843/1478 717/1830/1478
f 1790/1920/1479 1777/1880/1479 1046/1879/1479
f 1816/1895/1480 1805/1921/1480 1837/1910/1480
f 1601/1837/1481 1607/1922/1481 1611/685/1481
f 1812/1923/1482 1777/1860/1482 1797/1846/1482
f 712/1805/1483 745/1924/1483 838/1835/1483
f 809/1925/1484 835/1854/1484 842/1856/1484
f 745/1924/1485 839/1926/1485 838/1835/1485
f 720/1927/1486 842/1928/1486 838/1929/1486
f 1779/1915/1487 1836/1904/1487 1820/1108/1487
f 752/1930/1488 816/1931/1488 820/1932/1488
f 1814/1933/1489 1779/1867/1489 127/1866/1489
f 1779/1934/1490 1815/1935/1490 1795/1936/1490
f 1796/1869/1491 1812/1923/1491 1802/1870/1491
f 1605/1937/1492 1606/1938/1492 1603/1939/1492
f 1777/1860/1493 1796/1869/1493 1811/1940/1493
f 728/1941/1494 745/1942/1494 712/1899/1494
f 1606/1938/1495 1607/1922/1495 1609/1943/1495
f 1795/1901/1496 1816/1900/1496 1812/1944/1496
f 1601/1837/1497 1609/1943/1497 1607/1922/1497
f 1808/1907/1498 1816/1900/1498 1815/1902/1498
f 797/1945/1499 736/1946/1499 816/1931/1499
f 820/1932/1500 736/1946/1500 836/1947/1500
f 1611/685/1501 1607/1922/1501 1606/1938/1501
f 729/1948/1502 836/1949/1502 777/1950/1502
f 1602/684/1503 1601/1837/1503 1611/685/1503
f 1610/1836/1504 1609/1943/1504 1601/1837/1504
f 746/1951/1505 816/1931/1505 752/1930/1505
f 1609/1943/1506 1603/1939/1506 1606/1938/1506
f 821/1952/1507 820/1953/1507 729/1954/1507
f 2063/1955/1508 1606/1938/1508 1605/1937/1508
f 708/1956/1509 717/1957/1509 836/1958/1509
f 1587/1838/1510 1601/1837/1510 1602/684/1510
f 728/1941/1511 748/1898/1511 775/1959/1511
f 1609/1960/1512 1612/1961/1512 1603/1962/1512
f 1561/1963/1513 1603/1964/1513 1625/1965/1513
f 1554/1966/1514 1603/1939/1514 1556/1967/1514
f 1625/1968/1515 1603/1939/1515 1612/1969/1515
f 809/1970/1516 842/1928/1516 720/1927/1516
f 1552/1971/1517 1605/1937/1517 1554/1966/1517
f 1618/1972/1518 1587/1838/1518 1620/1973/1518
f 839/1926/1519 720/1974/1519 838/1835/1519
f 1605/1937/1520 1603/1939/1520 1554/1966/1520
f 839/1926/1521 745/1924/1521 735/1975/1521
f 820/1953/1522 836/1976/1522 729/1954/1522
f 1626/1903/1523 1579/1872/1523 1587/1977/1523
f 1602/684/1524 1626/1978/1524 1587/1838/1524
f 765/1979/1525 770/1980/1525 787/1981/1525
f 865/1982/1526 831/1983/1526 787/1984/1526
f 1561/1985/1527 1556/1967/1527 1603/1939/1527
f 748/1986/1528 747/1824/1528 705/1987/1528
f 717/1957/1529 771/1988/1529 830/1989/1529
f 1605/1937/1530 1552/1971/1530 2063/1955/1530
f 1618/1990/1531 1613/1991/1531 1610/1992/1531
f 816/1931/1532 736/1946/1532 820/1932/1532
f 705/1993/1533 775/1959/1533 748/1898/1533
f 839/1994/1534 1615/1995/1534 809/1996/1534
f 839/1926/1535 809/1997/1535 720/1974/1535
f 1556/1967/1536 1561/1985/1536 704/1998/1536
f 1644/1999/1537 703/2000/1537 843/2001/1537
f 704/2002/1538 775/2003/1538 1555/2004/1538
f 704/2002/1539 1555/2004/1539 1556/2005/1539
f 1555/2004/1540 1554/2006/1540 1556/2005/1540
f 839/1926/1541 735/1975/1541 1617/2007/1541
f 805/2008/1542 711/2009/1542 729/2010/1542
f 728/1941/1543 712/1899/1543 748/1898/1543
f 1624/2011/1544 1620/1840/1544 835/2012/1544
f 1618/2013/1545 1620/2014/1545 1624/2015/1545
f 1587/1838/1546 1618/1972/1546 1610/1836/1546
f 729/1954/1547 818/2016/1547 821/1952/1547
f 711/2009/1548 805/2008/1548 750/2017/1548
f 1786/2018/1549 1622/2019/1549 1774/2020/1549
f 752/1930/1550 827/2021/1550 825/2022/1550
f 1624/2023/1551 835/2024/1551 809/2025/1551
f 1624/2026/1552 809/1996/1552 1615/1995/1552
f 708/2027/1553 714/2028/1553 741/2029/1553
f 1827/2030/1554 1838/2031/1554 1787/2032/1554
f 1813/2033/1555 1778/1858/1555 1837/1857/1555
f 1612/1961/1556 1610/1992/1556 1613/1991/1556
f 703/2034/1557 708/2027/1557 843/2035/1557
f 735/1975/1558 728/2036/1558 740/2037/1558
f 1783/2038/1559 1622/1890/1559 1806/1889/1559
f 771/1988/1560 717/1957/1560 708/1956/1560
f 829/2039/1561 771/1988/1561 832/2040/1561
f 1610/1992/1562 1612/1961/1562 1609/1960/1562
f 824/2041/1563 736/2042/1563 797/2043/1563
f 775/2044/1564 705/1987/1564 1589/2045/1564
f 1813/2033/1565 1780/2046/1565 1806/1889/1565
f 1614/2047/1566 740/2037/1566 1612/1969/1566
f 1557/2048/1567 1552/2049/1567 1554/2006/1567
f 1801/2050/1568 1830/2051/1568 1780/2052/1568
f 1787/2032/1569 1783/2053/1569 1827/2030/1569
f 728/1941/1570 735/2054/1570 745/1942/1570
f 728/2055/1571 1563/2056/1571 1562/2057/1571
f 728/2036/1572 1562/2058/1572 740/2037/1572
f 1830/2059/1573 489/2060/1573 1783/2061/1573
f 1813/2033/1574 1806/1889/1574 1786/1888/1574
f 866/2062/1575 810/2063/1575 818/2016/1575
f 1618/2013/1576 1624/2015/1576 1613/2064/1576
f 1798/1873/1577 1778/1871/1577 1781/2065/1577
f 1648/2066/1578 832/2067/1578 703/2034/1578
f 1780/2052/1579 1830/2051/1579 1806/2068/1579
f 832/2067/1580 771/2069/1580 703/2034/1580
f 1830/2059/1581 1801/2070/1581 489/2060/1581
f 1562/2058/1582 704/1998/1582 1561/1985/1582
f 1615/2071/1583 839/1926/1583 1617/2007/1583
f 1828/1022/1584 489/2060/1584 1801/2070/1584
f 733/2072/1585 797/1945/1585 1072/2073/1585
f 1780/2046/1586 1813/2033/1586 1837/1857/1586
f 1828/1022/1587 1826/365/1587 489/2060/1587
f 746/1951/1588 752/1930/1588 825/2022/1588
f 797/1945/1589 816/1931/1589 746/1951/1589
f 1558/2074/1590 1553/2075/1590 1555/2076/1590
f 1612/1969/1591 740/2037/1591 1625/1968/1591
f 1604/692/1592 1626/1978/1592 1602/684/1592
f 733/2077/1593 715/2078/1593 797/2079/1593
f 1816/1900/1594 1808/1907/1594 1805/2080/1594
f 1555/2004/1595 1553/2081/1595 1554/2006/1595
f 1776/1112/1596 456/1050/1596 1808/2082/1596
f 850/2083/1597 818/2084/1597 736/2042/1597
f 1072/2073/1598 825/2022/1598 1073/2085/1598
f 1648/2086/1599 703/2000/1599 1644/1999/1599
f 1805/2080/1600 1808/1907/1600 1801/2070/1600
f 714/2087/1601 708/1956/1601 836/1958/1601
f 1804/2088/1602 1781/2065/1602 1813/2089/1602
f 1561/1985/1603 1625/1968/1603 1562/2058/1603
f 708/2027/1604 741/2029/1604 843/2035/1604
f 1805/1921/1605 1801/2050/1605 1780/2052/1605
f 711/2090/1606 741/2091/1606 714/2092/1606
f 722/2093/1607 741/2091/1607 852/2094/1607
f 1563/2095/1608 704/2096/1608 1562/2097/1608
f 450/1063/1609 1838/2098/1609 1827/2099/1609
f 489/1064/1610 450/1063/1610 1827/2099/1610
f 1807/2100/1611 1825/2101/1611 1786/2102/1611
f 1787/2032/1612 1774/2103/1612 1783/2053/1612
f 1623/2104/1613 1615/2071/1613 1617/2007/1613
f 1813/2089/1614 1781/2065/1614 1778/1871/1614
f 843/2001/1615 726/2105/1615 722/2106/1615
f 1805/1921/1616 1780/2052/1616 1837/1910/1616
f 1617/2007/1617 1612/1969/1617 1623/2104/1617
f 1786/2107/1618 1774/2103/1618 1807/2108/1618
f 1798/1873/1619 1799/2109/1619 1796/1869/1619
f 1563/2095/1620 775/2110/1620 704/2096/1620
f 711/2090/1621 714/2092/1621 729/2111/1621
f 714/2092/1622 736/2112/1622 729/2111/1622
f 729/2113/1623 736/2042/1623 818/2084/1623
f 1612/2114/1624 1613/2115/1624 1623/2116/1624
f 1811/1940/1625 1796/1869/1625 1803/2117/1625
f 714/2087/1626 836/1958/1626 736/2118/1626
f 797/2119/1627 715/2120/1627 824/2121/1627
f 1555/2076/1628 775/2044/1628 1589/2045/1628
f 775/2122/1629 1563/2123/1629 728/2124/1629
f 810/2063/1630 821/1952/1630 818/2016/1630
f 1623/2125/1631 1613/2064/1631 1624/2015/1631
f 1774/2126/1632 1622/2127/1632 1783/2128/1632
f 1648/2066/1633 1653/2129/1633 832/2067/1633
f 703/2034/1634 771/2069/1634 708/2027/1634
f 740/2037/1635 1562/2058/1635 1625/1968/1635
f 1623/2125/1636 1624/2015/1636 1615/2130/1636
f 733/2131/1637 1049/2132/1637 1825/2133/1637
f 1796/1869/1638 1799/2109/1638 1803/2117/1638
f 1825/2101/1639 1813/2089/1639 1786/2102/1639
f 1072/2073/1640 797/1945/1640 746/1951/1640
f 750/2017/1641 851/2134/1641 711/2009/1641
f 1071/2135/1642 1072/2073/1642 1059/2136/1642
f 1072/2073/1643 1073/2085/1643 1059/2136/1643
f 1652/2137/1644 1653/2138/1644 1648/2086/1644
f 1074/2139/1645 1059/2136/1645 1073/2085/1645
f 1813/2089/1646 1825/2101/1646 1804/2088/1646
f 1830/2051/1647 1783/2140/1647 1806/2068/1647
f 1614/2047/1648 1612/1969/1648 1617/2007/1648
f 1828/1022/1649 1801/2070/1649 487/1061/1649
f 1050/2141/1650 733/2072/1650 1072/2073/1650
f 843/2035/1651 741/2029/1651 726/2142/1651
f 735/1975/1652 1614/2047/1652 1617/2007/1652
f 740/2037/1653 1614/2047/1653 735/1975/1653
f 489/2060/1654 1827/2143/1654 1783/2061/1654
f 851/2134/1655 750/2017/1655 861/2144/1655
f 1774/2103/1656 1785/2145/1656 1807/2108/1656
f 1785/2145/1657 1833/2146/1657 1621/2147/1657
f 1055/2148/1658 1071/2135/1658 1059/2136/1658
f 1071/2135/1659 1055/2148/1659 1053/2149/1659
f 1072/2073/1660 746/1951/1660 825/2022/1660
f 1804/2088/1661 1049/2150/1661 1831/2151/1661
f 1781/2065/1662 1804/2088/1662 1831/2151/1662
f 1787/2032/1663 1838/2031/1663 1832/1035/1663
f 1785/2145/1664 715/2152/1664 733/2153/1664
f 1068/2154/1665 1055/2148/1665 1059/2136/1665
f 1799/2109/1666 1798/1873/1666 1781/2065/1666
f 869/2155/1667 848/2156/1667 861/2144/1667
f 736/2042/1668 824/2041/1668 850/2083/1668
f 1053/2149/1669 1051/2157/1669 1071/2135/1669
f 1049/2150/1670 1804/2088/1670 1825/2101/1670
f 1833/2146/1671 1774/2103/1671 1787/2032/1671
f 854/2158/1672 850/2159/1672 824/2160/1672
f 851/2161/1673 853/2162/1673 852/2163/1673
f 715/2152/1674 1785/2145/1674 1621/2147/1674
f 1775/2164/1675 1811/1940/1675 1803/2117/1675
f 1621/2147/1676 749/2165/1676 715/2152/1676
f 1071/2135/1677 1050/2141/1677 1072/2073/1677
f 722/2106/1678 862/2166/1678 1644/1999/1678
f 487/1061/1679 1808/1907/1679 456/2167/1679
f 726/2168/1680 741/2091/1680 722/2093/1680
f 1049/2169/1681 1050/2141/1681 1051/2157/1681
f 854/2158/1682 824/2160/1682 749/2165/1682
f 749/2170/1683 824/2171/1683 715/2172/1683
f 855/2173/1684 863/2174/1684 866/2175/1684
f 487/1061/1685 1801/2070/1685 1808/1907/1685
f 711/2176/1686 851/2177/1686 852/2178/1686
f 711/2090/1687 852/2094/1687 741/2091/1687
f 850/2159/1688 854/2158/1688 855/2179/1688
f 866/2180/1689 867/2181/1689 900/2182/1689
f 1833/2146/1690 1785/2145/1690 1774/2103/1690
f 1832/1035/1691 1833/2146/1691 1787/2032/1691
f 857/2183/1692 855/2179/1692 854/2158/1692
f 456/2184/1693 472/2185/1693 487/2186/1693
f 1049/2169/1694 733/2072/1694 1050/2141/1694
f 844/2187/1695 894/2188/1695 862/2189/1695
f 863/2190/1696 873/2191/1696 867/2192/1696
f 844/2193/1697 852/2163/1697 853/2162/1697
f 722/2106/1698 1644/1999/1698 843/2001/1698
f 1824/1036/1699 1832/1035/1699 1838/2031/1699
f 76/1071/1700 1776/1096/1700 1815/1913/1700
f 1051/2157/1701 1050/2141/1701 1071/2135/1701
f 855/2179/1702 866/2194/1702 850/2159/1702
f 1814/402/1703 76/1071/1703 1815/1913/1703
f 1807/2108/1704 1785/2145/1704 733/2153/1704
f 1818/2195/1705 1775/2164/1705 1803/2117/1705
f 1807/2108/1706 733/2153/1706 1825/2196/1706
f 859/2197/1707 750/2198/1707 878/2199/1707
f 722/2200/1708 852/2201/1708 862/2202/1708
f 750/2198/1709 859/2197/1709 861/2203/1709
f 844/2193/1710 862/2204/1710 852/2163/1710
f 1644/1999/1711 1629/2205/1711 1648/2086/1711
f 866/2206/1712 818/2084/1712 850/2083/1712
f 1621/2147/1713 1833/2146/1713 1832/1035/1713
f 849/2207/1714 844/2208/1714 848/2156/1714
f 1799/2109/1715 1818/2195/1715 1803/2117/1715
f 861/2144/1716 853/2209/1716 851/2134/1716
f 853/2209/1717 861/2144/1717 848/2156/1717
f 849/2210/1718 894/2188/1718 844/2187/1718
f 845/2211/1719 861/2203/1719 859/2197/1719
f 863/2212/1720 867/2181/1720 866/2180/1720
f 1652/2213/1721 1636/2214/1721 1650/2215/1721
f 1800/2216/1722 1809/2217/1722 1810/2218/1722
f 1640/2219/1723 1636/2220/1723 1629/2205/1723
f 859/2197/1724 880/2221/1724 874/2222/1724
f 1638/2223/1725 1640/2224/1725 1639/2225/1725
f 1832/1035/1726 1829/2226/1726 1621/2147/1726
f 1629/2205/1727 1652/2137/1727 1648/2086/1727
f 1035/2227/1728 1800/2216/1728 1052/2228/1728
f 859/2197/1729 874/2222/1729 845/2211/1729
f 1678/2229/1730 1629/2205/1730 1644/1999/1730
f 1674/2230/1731 1663/2231/1731 749/2165/1731
f 869/2155/1732 914/2232/1732 906/2233/1732
f 867/2234/1733 873/2235/1733 874/2236/1733
f 857/2183/1734 854/2158/1734 749/2165/1734
f 1055/2148/1735 1061/2237/1735 1060/2238/1735
f 914/2232/1736 869/2155/1736 861/2144/1736
f 905/2239/1737 874/2222/1737 908/2240/1737
f 1052/2228/1738 1053/2149/1738 1060/2238/1738
f 848/2156/1739 844/2208/1739 853/2209/1739
f 905/2239/1740 845/2211/1740 874/2222/1740
f 1809/2241/1741 1818/2195/1741 1799/2109/1741
f 905/2239/1742 914/2242/1742 845/2211/1742
f 1831/2151/1743 1810/2243/1743 1781/2065/1743
f 858/2244/1744 848/2156/1744 869/2155/1744
f 1800/2216/1745 1035/2227/1745 1809/2217/1745
f 1640/2245/1746 1656/2246/1746 1681/2247/1746
f 849/2207/1747 848/2156/1747 858/2244/1747
f 1676/2248/1748 1681/2247/1748 1678/2249/1748
f 1051/2157/1749 1800/2216/1749 1049/2169/1749
f 1051/2157/1750 1053/2149/1750 1052/2228/1750
f 855/2179/1751 857/2183/1751 1682/2250/1751
f 867/2181/1752 874/2251/1752 880/2252/1752
f 1810/2243/1753 1831/2151/1753 1049/2150/1753
f 1809/2241/1754 1799/2109/1754 1810/2243/1754
f 1781/2065/1755 1810/2243/1755 1799/2109/1755
f 749/2165/1756 1643/2253/1756 857/2183/1756
f 1643/2253/1757 1682/2250/1757 857/2183/1757
f 1676/2254/1758 894/2188/1758 849/2210/1758
f 79/1034/1759 1839/2255/1759 1832/1035/1759
f 1051/2157/1760 1052/2228/1760 1800/2216/1760
f 1652/2137/1761 1629/2205/1761 1636/2220/1761
f 1035/2227/1762 1052/2228/1762 1060/2238/1762
f 877/2256/1763 873/2191/1763 863/2190/1763
f 1621/2147/1764 1674/2230/1764 749/2165/1764
f 1839/2255/1765 279/1073/1765 488/2257/1765
f 1060/2238/1766 1053/2149/1766 1055/2148/1766
f 914/2242/1767 861/2203/1767 845/2211/1767
f 1829/2226/1768 1674/2230/1768 1621/2147/1768
f 1656/2258/1769 1629/2205/1769 1678/2229/1769
f 1035/2227/1770 1782/2259/1770 1809/2217/1770
f 1656/2246/1771 1678/2249/1771 1681/2247/1771
f 1643/2253/1772 749/2165/1772 1663/2231/1772
f 1656/2258/1773 1640/2219/1773 1629/2205/1773
f 1644/1999/1774 862/2166/1774 1678/2229/1774
f 894/2260/1775 1678/2229/1775 862/2166/1775
f 488/2261/1776 1686/2262/1776 1673/2263/1776
f 1643/2253/1777 1663/2231/1777 1655/2264/1777
f 906/2233/1778 858/2244/1778 869/2155/1778
f 1682/2250/1779 1643/2253/1779 1655/2264/1779
f 1676/2248/1780 1639/2265/1780 1681/2247/1780
f 1829/2226/1781 1832/1035/1781 1839/2255/1781
f 1810/2218/1782 1049/2169/1782 1800/2216/1782
f 1100/2266/1783 1127/2267/1783 1129/2268/1783
f 877/2269/1784 863/2174/1784 855/2173/1784
f 1639/2270/1785 1676/2254/1785 1630/2271/1785
f 1645/2272/1786 1672/2273/1786 1650/2215/1786
f 1100/2266/1787 1060/2238/1787 1134/2274/1787
f 1839/2255/1788 1673/2275/1788 1829/2226/1788
f 1673/2275/1789 1839/2255/1789 488/2257/1789
f 1080/2276/1790 1079/2277/1790 1035/2227/1790
f 847/2278/1791 849/2210/1791 858/2279/1791
f 1129/2268/1792 1127/2267/1792 1107/2280/1792
f 1650/2215/1793 1636/2214/1793 1645/2272/1793
f 1098/1462/1794 1054/2281/1794 1070/1463/1794
f 1122/2282/1795 1124/2283/1795 1081/2284/1795
f 1640/2285/1796 1645/2286/1796 1636/2287/1796
f 1035/2227/1797 1060/2238/1797 1080/2276/1797
f 1096/2288/1798 1124/2289/1798 1101/2290/1798
f 1127/2291/1799 1100/2292/1799 1097/2293/1799
f 1060/2238/1800 1100/2266/1800 1080/2276/1800
f 1655/2264/1801 1663/2231/1801 1674/2230/1801
f 1098/1462/1802 1058/2294/1802 1054/2281/1802
f 1090/2295/1803 1096/2296/1803 1101/2297/1803
f 1100/2266/1804 1129/2268/1804 1080/2276/1804
f 1097/2293/1805 1100/2292/1805 1134/2298/1805
f 1673/2275/1806 1655/2264/1806 1674/2230/1806
f 1093/2299/1807 1069/2300/1807 1064/2301/1807
f 1655/2264/1808 1673/2275/1808 1683/2302/1808
f 1673/2263/1809 1686/2262/1809 1683/2303/1809
f 1124/2289/1810 1097/2293/1810 1102/2304/1810
f 1676/2254/1811 847/2278/1811 1630/2271/1811
f 1673/2275/1812 1674/2230/1812 1829/2226/1812
f 1124/2305/1813 1122/2306/1813 1121/2307/1813
f 1683/2302/1814 1682/2250/1814 1655/2264/1814
f 849/2210/1815 847/2278/1815 1676/2254/1815
f 1682/2250/1816 877/2308/1816 855/2179/1816
f 1682/2250/1817 1683/2302/1817 877/2308/1817
f 488/2261/1818 2031/2309/1818 1686/2262/1818
f 1132/2310/1819 1104/2311/1819 1110/2312/1819
f 1110/2312/1820 1124/2289/1820 1121/2313/1820
f 1093/1461/1821 1070/1463/1821 1069/2314/1821
f 1119/2315/1822 1083/2316/1822 1123/2317/1822
f 1115/2318/1823 1119/2315/1823 1123/2317/1823
f 1097/2293/1824 1110/2312/1824 1127/2291/1824
f 813/2319/1825 744/2320/1825 743/2321/1825
f 743/2322/1826 744/2323/1826 840/2324/1826
f 1097/2293/1827 1124/2289/1827 1110/2312/1827
f 808/2325/1828 743/2326/1828 814/2327/1828
f 743/2326/1829 731/2328/1829 814/2327/1829
f 742/2329/1830 808/2325/1830 800/2330/1830
f 1090/2295/1831 1101/2297/1831 1083/2331/1831
f 783/2332/1832 766/2333/1832 734/2334/1832
f 837/2335/1833 754/2336/1833 737/2337/1833
f 776/1829/1834 815/2338/1834 767/1842/1834
f 776/1829/1835 783/2339/1835 815/2338/1835
f 743/2340/1836 840/1826/1836 806/1779/1836
f 1110/2312/1837 1107/2341/1837 1127/2291/1837
f 1093/1461/1838 1131/2342/1838 1081/2343/1838
f 1093/1461/1839 1081/2343/1839 1098/1462/1839
f 769/2344/1840 764/2345/1840 774/2346/1840
f 808/2325/1841 813/2347/1841 743/2326/1841
f 802/2348/1842 780/2349/1842 788/2350/1842
f 742/2329/1843 813/2347/1843 808/2325/1843
f 780/2351/1844 770/1980/1844 765/1979/1844
f 765/2352/1845 831/1983/1845 780/2353/1845
f 788/2354/1846 777/2355/1846 767/2356/1846
f 811/2357/1847 803/2358/1847 742/2329/1847
f 759/2359/1848 760/2360/1848 784/2361/1848
f 791/2362/1849 774/2363/1849 779/2364/1849
f 805/2008/1850 788/2354/1850 801/2365/1850
f 787/2366/1851 770/2367/1851 781/2368/1851
f 783/1807/1852 837/1806/1852 718/2369/1852
f 826/2370/1853 828/2371/1853 757/2372/1853
f 757/2373/1854 828/2374/1854 817/2375/1854
f 825/2022/1855 758/2376/1855 1073/2085/1855
f 1065/2377/1856 1056/2378/1856 1058/2379/1856
f 892/2380/1857 826/2370/1857 819/2381/1857
f 1054/2382/1858 1056/2378/1858 1065/2377/1858
f 785/2383/1859 784/2384/1859 791/2385/1859
f 904/2386/1860 1034/2387/1860 822/2388/1860
f 822/2388/1861 826/2370/1861 904/2386/1861
f 831/2389/1862 785/2390/1862 791/2391/1862
f 794/2392/1863 840/2324/1863 744/2323/1863
f 794/2393/1864 744/2394/1864 813/2395/1864
f 794/2392/1865 737/2337/1865 840/2324/1865
f 897/2396/1866 785/2397/1866 831/2398/1866
f 1074/2399/1867 1068/2400/1867 1059/2401/1867
f 817/2375/1868 752/1930/1868 820/1932/1868
f 718/2402/1869 837/2403/1869 794/2404/1869
f 794/2392/1870 837/2335/1870 737/2337/1870
f 1074/2405/1871 758/2406/1871 1034/2407/1871
f 780/2349/1872 791/2408/1872 883/2409/1872
f 828/2374/1873 752/1930/1873 817/2375/1873
f 831/2389/1874 791/2391/1874 780/2410/1874
f 1074/2139/1875 1073/2085/1875 758/2376/1875
f 827/2021/1876 828/2374/1876 822/2411/1876
f 803/2358/1877 811/2357/1877 770/2412/1877
f 801/2413/1878 780/2349/1878 883/2409/1878
f 803/2358/1879 739/2414/1879 742/2329/1879
f 1066/2415/1880 1054/2382/1880 1065/2377/1880
f 784/2416/1881 769/2417/1881 791/2418/1881
f 1077/2419/1882 1066/2420/1882 1065/2421/1882
f 883/2422/1883 785/2423/1883 878/2424/1883
f 819/2425/1884 757/2426/1884 817/2427/1884
f 1047/1607/1885 1040/1609/1885 1045/1613/1885
f 1028/2428/1886 1026/1616/1886 1032/1615/1886
f 1017/2429/1887 1029/2430/1887 1028/2431/1887
f 1017/2429/1888 1028/2431/1888 1032/1629/1888
f 752/1930/1889 828/2374/1889 827/2021/1889
f 769/2344/1890 763/2432/1890 764/2345/1890
f 883/2433/1891 878/2199/1891 750/2198/1891
f 1031/2434/1892 1017/2429/1892 1019/2435/1892
f 784/2436/1893 895/2437/1893 759/2438/1893
f 879/2439/1894 909/2440/1894 897/2441/1894
f 785/2442/1895 897/2443/1895 909/2444/1895
f 883/2422/1896 784/2445/1896 785/2423/1896
f 815/2446/1897 788/2350/1897 767/2447/1897
f 742/2329/1898 739/2414/1898 813/2347/1898
f 1019/2435/1899 1017/2429/1899 1016/1628/1899
f 1047/1607/1900 1045/1613/1900 1044/2448/1900
f 897/2449/1901 883/2450/1901 791/2451/1901
f 1047/1607/1902 1026/1616/1902 1048/1608/1902
f 765/2352/1903 787/1984/1903 831/1983/1903
f 757/2372/1904 819/2381/1904 826/2370/1904
f 805/2452/1905 883/2433/1905 750/2198/1905
f 897/2453/1906 791/2362/1906 779/2364/1906
f 895/2437/1907 784/2436/1907 831/2454/1907
f 821/1952/1908 819/2425/1908 817/2427/1908
f 788/2354/1909 805/2008/1909 729/2010/1909
f 788/2354/1910 729/2010/1910 777/2355/1910
f 883/2455/1911 831/2454/1911 784/2436/1911
f 810/2063/1912 911/2456/1912 819/2425/1912
f 739/2457/1913 802/2348/1913 815/2446/1913
f 784/2416/1914 760/2458/1914 769/2417/1914
f 770/2412/1915 778/2459/1915 781/2460/1915
f 766/1813/1916 783/2339/1916 776/1829/1916
f 1061/2237/1917 1055/2148/1917 1068/2154/1917
f 827/2021/1918 822/2411/1918 758/2376/1918
f 822/2388/1919 1034/2387/1919 758/2461/1919
f 794/2462/1920 813/2463/1920 815/2464/1920
f 739/2457/1921 815/2446/1921 813/2465/1921
f 815/2464/1922 718/2466/1922 794/2462/1922
f 815/2467/1923 783/2468/1923 718/2469/1923
f 802/2470/1924 739/2414/1924 803/2358/1924
f 827/2021/1925 758/2376/1925 825/2022/1925
f 815/2446/1926 802/2348/1926 788/2350/1926
f 821/1952/1927 817/2427/1927 820/1953/1927
f 819/2381/1928 891/2471/1928 892/2380/1928
f 831/2454/1929 865/2472/1929 895/2437/1929
f 879/2473/1930 875/2474/1930 909/2475/1930
f 826/2370/1931 822/2388/1931 828/2371/1931
f 801/2413/1932 788/2350/1932 780/2349/1932
f 780/2476/1933 803/2358/1933 770/2412/1933
f 890/2477/1934 911/2478/1934 901/2479/1934
f 791/2480/1935 769/2344/1935 774/2346/1935
f 901/2481/1936 911/2456/1936 900/2482/1936
f 1058/2483/1937 1076/2484/1937 1065/2485/1937
f 880/2486/1938 901/2481/1938 900/2482/1938
f 879/2487/1939 897/2488/1939 875/2489/1939
f 897/2490/1940 831/2491/1940 883/2492/1940
f 780/2476/1941 802/2470/1941 803/2358/1941
f 805/2493/1942 801/2494/1942 883/2495/1942
f 909/2475/1943 901/2496/1943 880/2497/1943
f 1068/2498/1944 1074/2499/1944 1034/2387/1944
f 899/2500/1945 901/2479/1945 875/2501/1945
f 903/2502/1946 892/2380/1946 893/2503/1946
f 892/2380/1947 904/2386/1947 826/2370/1947
f 903/2502/1948 904/2386/1948 892/2380/1948
f 1070/2504/1949 1066/2415/1949 1075/2505/1949
f 1066/2415/1950 1070/2504/1950 1054/2382/1950
f 901/2479/1951 899/2500/1951 885/2506/1951
f 890/2477/1952 819/2381/1952 911/2478/1952
f 900/2482/1953 911/2456/1953 810/2063/1953
f 819/2381/1954 890/2477/1954 891/2471/1954
f 875/2474/1955 901/2496/1955 909/2475/1955
f 900/2482/1956 810/2063/1956 866/2062/1956
f 900/2182/1957 867/2181/1957 880/2252/1957
f 888/2507/1958 896/2508/1958 910/2509/1958
f 1084/2510/1959 893/2503/1959 891/2471/1959
f 878/2511/1960 785/2512/1960 909/2513/1960
f 880/2514/1961 859/2515/1961 878/2516/1961
f 907/2517/1962 898/2518/1962 885/2519/1962
f 910/2520/1963 898/2521/1963 907/2522/1963
f 1075/2505/1964 1069/2523/1964 1070/2504/1964
f 892/2380/1965 891/2471/1965 893/2503/1965
f 901/2479/1966 898/2524/1966 890/2477/1966
f 1084/2510/1967 891/2471/1967 896/2525/1967
f 878/2511/1968 909/2513/1968 880/2526/1968
f 898/2527/1969 889/2528/1969 891/2529/1969
f 910/2530/1970 896/2531/1970 889/2532/1970
f 1112/2533/1971 1117/2534/1971 1109/2535/1971
f 1066/2420/1972 1077/2419/1972 1075/2536/1972
f 1075/2536/1973 1077/2419/1973 1063/2537/1973
f 1134/2298/1974 1125/2538/1974 1102/2304/1974
f 885/2539/1975 899/2540/1975 886/2541/1975
f 1094/2542/1976 1109/2543/1976 1117/2544/1976
f 1102/2304/1977 1125/2538/1977 1085/2545/1977
f 1118/2546/1978 1089/2547/1978 1099/2548/1978
f 885/2506/1979 898/2524/1979 901/2479/1979
f 1134/2298/1980 1060/2549/1980 1061/2550/1980
f 1085/2545/1981 903/2502/1981 893/2503/1981
f 1058/2551/1982 1056/2552/1982 1054/2553/1982
f 907/2554/1983 885/2555/1983 886/2556/1983
f 1099/2548/1984 1058/2294/1984 1098/1462/1984
f 1085/2545/1985 893/2503/1985 1084/2510/1985
f 1061/2550/1986 1068/2498/1986 1134/2298/1986
f 1085/2545/1987 1125/2538/1987 903/2502/1987
f 1134/2298/1988 1068/2498/1988 1125/2538/1988
f 891/2471/1989 889/2557/1989 896/2525/1989
f 910/2558/1990 889/2559/1990 898/2560/1990
f 1034/2387/1991 1125/2538/1991 1068/2498/1991
f 1112/2533/1992 902/2561/1992 1117/2534/1992
f 1109/2543/1993 1094/2542/1993 1087/2562/1993
f 1096/2563/1994 1088/2564/1994 1087/2565/1994
f 1102/2304/1995 1083/2566/1995 1101/2290/1995
f 896/2567/1996 1123/2317/1996 1084/2568/1996
f 1097/2293/1997 1134/2298/1997 1102/2304/1997
f 1102/2304/1998 1085/2545/1998 1083/2566/1998
f 1084/2510/1999 1083/2566/1999 1085/2545/1999
f 1082/2569/2000 902/2561/2000 1112/2533/2000
f 1123/2570/2001 896/2571/2001 1114/2572/2001
f 1122/2573/2002 1081/2343/2002 1131/2342/2002
f 1099/2574/2003 1098/2575/2003 1118/2576/2003
f 578/2577/2004 494/2578/2004 493/2579/2004
f 1087/2562/2005 1089/2580/2005 1124/2283/2005
f 1096/2563/2006 1087/2565/2006 1124/2581/2006
f 1084/2568/2007 1123/2317/2007 1083/2316/2007
f 1081/2343/2008 1089/2547/2008 1118/2546/2008
f 1124/2283/2009 1089/2580/2009 1081/2284/2009
f 1124/2289/2010 1102/2304/2010 1101/2290/2010
f 1116/2582/2011 1087/2583/2011 1091/2584/2011
f 700/1550/2012 2022/1583/2012 663/2585/2012
f 1131/2342/2013 1092/2586/2013 1122/2573/2013
f 492/2587/2014 494/2578/2014 578/2577/2014
f 1081/2343/2015 1118/2546/2015 1098/1462/2015
f 1087/2562/2016 1094/2542/2016 1089/2580/2016
f 1116/2582/2017 1109/2535/2017 1087/2583/2017
f 1091/2588/2018 1087/2589/2018 1088/2590/2018
f 492/2591/2019 495/1699/2019 661/1692/2019
f 492/2587/2020 660/2592/2020 494/2578/2020
f 660/2593/2021 492/2591/2021 661/1692/2021
f 1112/2533/2022 1109/2535/2022 1116/2582/2022
f 661/1692/2023 668/1701/2023 660/2593/2023
f 492/2594/2024 578/1682/2024 495/1700/2024
f 672/1702/2025 678/2595/2025 668/1701/2025
f 678/2596/2026 672/1710/2026 674/1709/2026
f 1848/2597/2027 1864/2598/2027 1873/324/2027
f 653/2599/2028 675/2600/2028 647/2601/2028
f 656/2602/2029 675/2603/2029 649/2604/2029
f 647/2605/2030 656/2606/2030 637/2607/2030
f 637/2608/2031 656/2609/2031 664/2610/2031
f 963/2611/2032 949/2612/2032 931/2613/2032
f 891/2471/2033 890/2477/2033 898/2524/2033
f 1125/2538/2034 1034/2387/2034 904/2386/2034
f 647/2614/2035 650/2615/2035 655/2616/2035
f 1125/2538/2036 904/2386/2036 903/2502/2036
f 931/2613/2037 949/2612/2037 965/2617/2037
f 649/2618/2038 675/2619/2038 652/2620/2038
f 656/2602/2039 649/2604/2039 664/2621/2039
f 644/2622/2040 636/2623/2040 647/2614/2040
f 655/2624/2041 965/2625/2041 651/2626/2041
f 948/2627/2042 949/2612/2042 963/2611/2042
f 654/2628/2043 664/2629/2043 649/2630/2043
f 636/2623/2044 650/2615/2044 647/2614/2044
f 931/2613/2045 929/2631/2045 963/2611/2045
f 675/2632/2046 656/2606/2046 647/2605/2046
f 637/2633/2047 644/2634/2047 647/2635/2047
f 948/2627/2048 929/2631/2048 930/2636/2048
f 644/2637/2049 919/2638/2049 636/2639/2049
f 963/2611/2050 929/2631/2050 948/2627/2050
f 944/2640/2051 930/2636/2051 929/2631/2051
f 949/2641/2052 954/2642/2052 969/2643/2052
f 931/2613/2053 934/2644/2053 929/2631/2053
f 919/2645/2054 931/2646/2054 964/2647/2054
f 964/2647/2055 931/2646/2055 965/2648/2055
f 937/2649/2056 944/2650/2056 934/2651/2056
f 931/2646/2057 919/2645/2057 934/2652/2057
f 944/2640/2058 929/2631/2058 934/2644/2058
f 930/2636/2059 944/2640/2059 942/2653/2059
f 644/2637/2060 934/2654/2060 919/2638/2060
f 654/2655/2061 667/2656/2061 664/2657/2061
f 919/2638/2062 964/2658/2062 646/2659/2062
f 667/2660/2063 637/2608/2063 664/2610/2063
f 671/2661/2064 932/2662/2064 644/2663/2064
f 942/2664/2065 944/2665/2065 945/2666/2065
f 644/2663/2066 637/2667/2066 667/2668/2066
f 919/2638/2067 646/2659/2067 636/2639/2067
f 636/2639/2068 646/2659/2068 650/2669/2068
f 947/2670/2069 941/2671/2069 945/2666/2069
f 934/2672/2070 644/2663/2070 932/2662/2070
f 934/2651/2071 932/2673/2071 937/2649/2071
f 954/2674/2072 936/2675/2072 950/2676/2072
f 945/2666/2073 941/2671/2073 942/2664/2073
f 948/2627/2074 936/2677/2074 949/2612/2074
f 942/2678/2075 941/2679/2075 917/2680/2075
f 937/2681/2076 945/2666/2076 944/2665/2076
f 667/2668/2077 671/2661/2077 644/2663/2077
f 960/2682/2078 942/2683/2078 917/2684/2078
f 952/2685/2079 936/2686/2079 948/2687/2079
f 936/2688/2080 981/2689/2080 950/2690/2080
f 966/2691/2081 960/1606/2081 947/2692/2081
f 946/2693/2082 915/2694/2082 953/2695/2082
f 937/2649/2083 932/2673/2083 951/2696/2083
f 945/2697/2084 937/2698/2084 1688/2699/2084
f 960/1606/2085 941/1605/2085 947/2692/2085
f 667/2700/2086 658/2701/2086 671/2702/2086
f 953/2703/2087 940/2704/2087 946/2705/2087
f 1688/2706/2088 947/2670/2088 945/2666/2088
f 951/2707/2089 932/2708/2089 924/2709/2089
f 951/2710/2090 955/2711/2090 966/2712/2090
f 671/2702/2091 924/2709/2091 932/2708/2091
f 952/2713/2092 930/2636/2092 960/2714/2092
f 1688/2715/2093 937/2649/2093 951/2696/2093
f 930/2636/2094 952/2713/2094 948/2627/2094
f 930/2636/2095 942/2653/2095 960/2714/2095
f 915/2694/2096 938/2716/2096 962/2717/2096
f 960/2718/2097 966/2719/2097 940/2704/2097
f 951/2720/2098 966/2721/2098 947/2722/2098
f 981/2689/2099 936/2688/2099 952/2723/2099
f 951/2724/2100 947/2670/2100 1688/2706/2100
f 635/2725/2101 991/2726/2101 951/2710/2101
f 983/2727/2102 953/2695/2102 915/2694/2102
f 938/2716/2103 915/2694/2103 946/2693/2103
f 952/2713/2104 960/2714/2104 953/2728/2104
f 952/2729/2105 953/2695/2105 983/2727/2105
f 954/2642/2106 949/2641/2106 936/2730/2106
f 953/2703/2107 960/2718/2107 940/2704/2107
f 940/2731/2108 939/1591/2108 946/1590/2108
f 993/2732/2109 1494/2733/2109 1493/2734/2109
f 983/2735/2110 980/1342/2110 981/2736/2110
f 962/2737/2111 938/2738/2111 943/2739/2111
f 973/2740/2112 916/2741/2112 962/2742/2112
f 952/2723/2113 983/2743/2113 981/2689/2113
f 958/2744/2114 984/2745/2114 940/2746/2114
f 980/1342/2115 950/2747/2115 981/2736/2115
f 951/2707/2116 924/2709/2116 635/2748/2116
f 658/2701/2117 667/2700/2117 628/2749/2117
f 973/2740/2118 962/2742/2118 984/2745/2118
f 915/2694/2119 962/2717/2119 983/2727/2119
f 957/2750/2120 940/2704/2120 966/2719/2120
f 977/2751/2121 958/2752/2121 990/2753/2121
f 1490/2754/2122 635/2748/2122 657/2755/2122
f 924/2709/2123 671/2702/2123 658/2701/2123
f 943/2756/2124 984/2757/2124 962/2758/2124
f 959/2759/2125 989/2760/2125 957/2761/2125
f 990/2762/2126 954/2763/2126 989/2764/2126
f 962/2765/2127 970/2766/2127 983/2767/2127
f 633/2768/2128 628/2749/2128 640/2769/2128
f 957/2770/2129 955/2771/2129 959/2772/2129
f 974/1330/2130 983/2735/2130 970/1354/2130
f 628/2749/2131 667/2700/2131 641/2773/2131
f 973/2740/2132 984/2745/2132 958/2744/2132
f 990/2753/2133 989/2760/2133 959/2759/2133
f 951/2710/2134 995/2774/2134 955/2711/2134
f 657/2755/2135 658/2701/2135 639/2775/2135
f 958/2744/2136 940/2746/2136 989/2776/2136
f 957/2777/2137 989/2778/2137 940/2779/2137
f 939/2780/2138 940/2746/2138 984/2745/2138
f 955/2771/2139 957/2770/2139 966/2781/2139
f 974/1330/2140 971/1343/2140 980/1342/2140
f 924/2709/2141 657/2755/2141 635/2748/2141
f 669/2782/2142 658/2701/2142 628/2749/2142
f 984/2745/2143 943/2783/2143 939/2780/2143
f 974/1330/2144 980/1342/2144 983/2735/2144
f 1490/2754/2145 657/2755/2145 639/2775/2145
f 961/2784/2146 954/2785/2146 990/2786/2146
f 955/2711/2147 921/2787/2147 959/2759/2147
f 916/2788/2148 976/1376/2148 962/2789/2148
f 658/2701/2149 669/2782/2149 639/2775/2149
f 633/2768/2150 632/2790/2150 628/2749/2150
f 956/1333/2151 973/2791/2151 958/2792/2151
f 976/2793/2152 970/2794/2152 962/2795/2152
f 631/2796/2153 669/2782/2153 632/2790/2153
f 980/2797/2154 958/2798/2154 989/2799/2154
f 995/2774/2155 951/2710/2155 991/2726/2155
f 657/2755/2156 924/2709/2156 658/2701/2156
f 639/2775/2157 669/2782/2157 631/2796/2157
f 1487/2800/2158 1494/2733/2158 635/2725/2158
f 639/2775/2159 659/2801/2159 1490/2754/2159
f 631/2796/2160 629/2802/2160 659/2801/2160
f 635/2725/2161 1494/2733/2161 991/2726/2161
f 632/2790/2162 669/2782/2162 628/2749/2162
f 659/2801/2163 1488/2803/2163 1490/2754/2163
f 995/2774/2164 991/2726/2164 993/2732/2164
f 635/2748/2165 1490/2754/2165 1487/2804/2165
f 977/2751/2166 990/2753/2166 959/2759/2166
f 1488/2805/2167 1491/2806/2167 1487/2807/2167
f 1487/2804/2168 1490/2754/2168 1488/2803/2168
f 991/2726/2169 1494/2733/2169 993/2732/2169
f 639/2775/2170 631/2796/2170 659/2801/2170
f 629/2802/2171 632/2790/2171 695/2808/2171
f 633/2768/2172 634/2809/2172 632/2790/2172
f 702/1557/2173 691/2810/2173 2022/2811/2173
f 1486/2812/2174 1493/2813/2174 1487/2814/2174
f 1487/2807/2175 1491/2806/2175 1486/2815/2175
f 694/2816/2176 629/2802/2176 695/2808/2176
f 1492/2817/2177 993/2732/2177 1493/2734/2177
f 695/2808/2178 632/2790/2178 634/2809/2178
f 2022/1583/2179 634/2818/2179 633/2819/2179
f 634/2809/2180 2022/2811/2180 691/2810/2180
f 1494/2733/2181 1487/2800/2181 1493/2734/2181
f 918/2820/2182 995/2774/2182 925/2821/2182
f 925/2822/2183 995/2823/2183 933/2824/2183
f 918/2820/2184 955/2711/2184 995/2774/2184
f 629/2802/2185 631/2796/2185 632/2790/2185
f 694/2816/2186 695/2808/2186 690/2825/2186
f 1517/2826/2187 1488/2805/2187 1489/2827/2187
f 692/1519/2188 691/2810/2188 702/1557/2188
f 634/2809/2189 691/2810/2189 695/2808/2189
f 694/2816/2190 1489/2828/2190 659/2801/2190
f 1488/2803/2191 659/2801/2191 1489/2828/2191
f 1517/2826/2192 1491/2806/2192 1488/2805/2192
f 694/2816/2193 659/2801/2193 629/2802/2193
f 1486/2812/2194 1760/2829/2194 1493/2813/2194
f 1486/2815/2195 1491/2806/2195 1498/2830/2195
f 691/2810/2196 690/2825/2196 695/2808/2196
f 1511/2831/2197 694/2816/2197 689/1505/2197
f 690/2825/2198 691/2810/2198 692/1519/2198
f 1489/2828/2199 1511/2831/2199 1515/2832/2199
f 1489/2828/2200 694/2816/2200 1511/2831/2200
f 933/2833/2201 995/2774/2201 993/2732/2201
f 694/2816/2202 690/2825/2202 689/1505/2202
f 1517/2834/2203 1489/2828/2203 1515/2832/2203
f 933/2833/2204 993/2732/2204 1492/2817/2204
f 1760/2829/2205 1015/2835/2205 1492/2836/2205
f 1517/2826/2206 1515/2837/2206 1546/2838/2206
f 1492/2817/2207 1015/2839/2207 933/2833/2207
f 690/2825/2208 692/1519/2208 689/1505/2208
f 1760/2829/2209 1503/2840/2209 1767/2841/2209
f 1492/2836/2210 1493/2813/2210 1760/2829/2210
f 1503/2842/2211 1486/2815/2211 1498/2830/2211
f 922/2843/2212 986/1310/2212 977/2751/2212
f 977/2751/2213 959/2759/2213 922/2843/2213
f 920/2844/2214 918/2820/2214 925/2821/2214
f 925/2821/2215 933/2833/2215 920/2844/2215
f 1517/2826/2216 1546/2838/2216 1508/2845/2216
f 1498/2830/2217 1505/2846/2217 1503/2842/2217
f 1760/2829/2218 1486/2812/2218 1503/2840/2218
f 921/2787/2219 955/2711/2219 918/2820/2219
f 1508/2845/2220 1498/2830/2220 1517/2826/2220
f 1491/2806/2221 1517/2826/2221 1498/2830/2221
f 1504/2847/2222 1503/2842/2222 1505/2846/2222
f 1767/2841/2223 1503/2840/2223 1504/2848/2223
f 920/2844/2224 921/2787/2224 918/2820/2224
f 921/2787/2225 922/2843/2225 959/2759/2225
f 920/2844/2226 994/2849/2226 1003/2850/2226
f 1512/2851/2227 1515/2832/2227 1511/2831/2227
f 994/2849/2228 920/2844/2228 933/2833/2228
f 1003/2852/2229 921/2853/2229 920/2854/2229
f 1496/2855/2230 1512/2856/2230 685/1520/2230
f 1765/2857/2231 1015/2835/2231 1760/2829/2231
f 1765/2857/2232 1760/2829/2232 1767/2841/2232
f 994/2849/2233 933/2833/2233 1015/2839/2233
f 1003/2852/2234 1004/2858/2234 1002/2859/2234
f 1765/2857/2235 994/2860/2235 1015/2835/2235
f 1765/2857/2236 1764/2861/2236 994/2860/2236
f 689/2862/2237 1512/2863/2237 1511/2864/2237
f 923/2865/2238 921/2853/2238 1003/2852/2238
f 1504/2866/2239 1730/2867/2239 1767/2868/2239
f 1546/2838/2240 1512/2856/2240 1525/2869/2240
f 1764/2861/2241 1004/2858/2241 994/2860/2241
f 1546/2838/2242 1515/2837/2242 1512/2856/2242
f 992/1305/2243 986/1310/2243 922/2843/2243
f 1022/2870/2244 1000/2871/2244 927/2872/2244
f 922/2873/2245 921/2853/2245 923/2865/2245
f 922/2873/2246 923/2865/2246 1000/2871/2246
f 1767/2874/2247 1730/2875/2247 1765/2876/2247
f 1006/2877/2248 968/2878/2248 923/2865/2248
f 1006/2877/2249 923/2865/2249 1003/2852/2249
f 685/1507/2250 1512/2851/2250 689/1505/2250
f 1003/2852/2251 994/2860/2251 1004/2858/2251
f 992/1305/2252 922/2843/2252 928/2879/2252
f 1022/2870/2253 1005/2880/2253 1014/2881/2253
f 1498/2830/2254 1508/2845/2254 1506/2882/2254
f 928/2883/2255 1000/2871/2255 1022/2870/2255
f 1765/2857/2256 1766/2884/2256 1764/2861/2256
f 1506/2882/2257 1508/2845/2257 1501/2885/2257
f 1495/2886/2258 1505/2846/2258 1506/2882/2258
f 928/2883/2259 922/2873/2259 1000/2871/2259
f 1505/2887/2260 1495/2888/2260 1504/2848/2260
f 1000/2871/2261 923/2865/2261 968/2878/2261
f 1003/2852/2262 1002/2859/2262 1006/2877/2262
f 1008/2889/2263 927/2872/2263 1007/2890/2263
f 928/2883/2264 1022/2870/2264 1014/2881/2264
f 1546/2838/2265 1525/2869/2265 1509/2891/2265
f 1008/2889/2266 1022/2870/2266 927/2872/2266
f 1504/2848/2267 1728/2892/2267 1730/2893/2267
f 1721/2894/2268 1004/2858/2268 1724/2895/2268
f 1001/2896/2269 1006/2877/2269 1002/2859/2269
f 1732/2897/2270 1737/2898/2270 1001/2896/2270
f 1001/2896/2271 1002/2859/2271 1721/2894/2271
f 1008/2889/2272 1005/2880/2272 1022/2870/2272
f 1007/2890/2273 968/2878/2273 1006/2877/2273
f 1007/2890/2274 1006/2877/2274 1737/2898/2274
f 1755/2899/2275 1732/2897/2275 1001/2896/2275
f 1498/2830/2276 1506/2882/2276 1505/2846/2276
f 1008/2889/2277 1737/2898/2277 1732/2897/2277
f 1721/2894/2278 1708/2900/2278 1001/2896/2278
f 1008/2889/2279 1007/2890/2279 1737/2898/2279
f 1737/2898/2280 1006/2877/2280 1001/2896/2280
f 1004/2858/2281 1721/2894/2281 1002/2859/2281
f 1708/2900/2282 1739/2901/2282 1755/2899/2282
f 1008/2889/2283 1736/2902/2283 1005/2880/2283
f 927/2872/2284 968/2878/2284 1007/2890/2284
f 1509/2891/2285 1508/2845/2285 1546/2838/2285
f 1758/2903/2286 1759/2904/2286 1755/2899/2286
f 1736/2902/2287 1008/2889/2287 1732/2897/2287
f 1708/2900/2288 1755/2899/2288 1001/2896/2288
f 1532/2905/2289 1512/2856/2289 1537/2906/2289
f 1759/2904/2290 1735/2907/2290 1755/2899/2290
f 1012/2908/2291 1005/2880/2291 1736/2902/2291
f 1512/2856/2292 1532/2905/2292 1525/2869/2292
f 1512/2856/2293 1496/2855/2293 1537/2906/2293
f 1730/2893/2294 1766/2884/2294 1765/2857/2294
f 1508/2845/2295 1509/2891/2295 1501/2885/2295
f 1735/2907/2296 1736/2902/2296 1732/2897/2296
f 1533/2909/2297 1532/2905/2297 1537/2906/2297
f 1730/2893/2298 1729/2910/2298 1766/2884/2298
f 1735/2907/2299 1732/2897/2299 1755/2899/2299
f 688/1416/2300 1537/2906/2300 1496/2855/2300
f 1728/2892/2301 1504/2848/2301 1495/2888/2301
f 1525/2869/2302 1532/2905/2302 1535/2911/2302
f 1730/2893/2303 1728/2892/2303 1734/2912/2303
f 1525/2869/2304 1535/2911/2304 1509/2891/2304
f 1733/2913/2305 1724/2895/2305 1764/2861/2305
f 1507/1415/2306 1537/2906/2306 688/1416/2306
f 1734/2912/2307 1728/2892/2307 1745/2914/2307
f 1501/2885/2308 1495/2886/2308 1506/2882/2308
f 1728/2892/2309 1495/2888/2309 1743/2915/2309
f 1743/2915/2310 1745/2914/2310 1728/2892/2310
f 1713/2916/2311 1724/2895/2311 1733/2913/2311
f 1733/2917/2312 1766/2918/2312 1729/2919/2312
f 1004/2858/2313 1764/2861/2313 1724/2895/2313
f 1730/2893/2314 1734/2912/2314 1729/2910/2314
f 1764/2861/2315 1766/2884/2315 1733/2913/2315
f 1713/2916/2316 1733/2913/2316 1731/2920/2316
f 1708/2900/2317 1721/2894/2317 1724/2895/2317
f 1500/2921/2318 1743/2922/2318 1495/2886/2318
f 1724/2895/2319 1713/2916/2319 1708/2900/2319
f 1729/2910/2320 1742/2923/2320 1731/2920/2320
f 1729/2910/2321 1734/2912/2321 1742/2923/2321
f 1500/2921/2322 1738/2924/2322 1743/2922/2322
f 1755/2899/2323 1739/2901/2323 1758/2903/2323
f 1708/2900/2324 1713/2916/2324 1722/2925/2324
f 1743/2915/2325 1738/464/2325 1726/2926/2325
f 1711/2927/2326 1710/2928/2326 1713/2916/2326
f 1708/2900/2327 1722/2925/2327 1739/2901/2327
f 1501/2885/2328 1502/2929/2328 1500/2921/2328
f 1745/2914/2329 1743/2915/2329 1726/2926/2329
f 1501/2885/2330 1500/2921/2330 1495/2886/2330
f 1711/2930/2331 1712/2931/2331 1710/2932/2331
f 1731/2920/2332 1733/2913/2332 1729/2910/2332
f 1509/2891/2333 1499/2933/2333 1501/2885/2333
f 1713/2934/2334 1710/2932/2334 1722/2935/2334
f 1713/2916/2335 1731/2920/2335 1711/2927/2335
f 1745/2914/2336 1742/2923/2336 1734/2912/2336
f 1742/2923/2337 1745/2914/2337 1746/2936/2337
f 1739/2901/2338 1722/2925/2338 1758/2903/2338
f 1738/464/2339 179/463/2339 1726/2926/2339
f 1745/2914/2340 1726/2926/2340 1746/2936/2340
f 179/463/2341 1727/2937/2341 1726/2926/2341
f 1746/2936/2342 1726/2926/2342 1727/2937/2342
f 1731/2920/2343 1742/2923/2343 1709/2938/2343
f 1731/2920/2344 1709/2938/2344 1711/2927/2344
f 1746/2936/2345 1709/2938/2345 1742/2923/2345
f 1509/2891/2346 1535/2911/2346 1519/2939/2346
f 1727/2937/2347 175/450/2347 1746/2936/2347
f 1501/2885/2348 1499/2933/2348 1502/2929/2348
f 1714/449/2349 1746/2936/2349 175/450/2349
f 1716/2940/2350 1712/2931/2350 1714/2941/2350
f 1712/2942/2351 1709/2938/2351 1714/449/2351
f 1746/2936/2352 1714/449/2352 1709/2938/2352
f 1750/2943/2353 1710/2932/2353 1715/2944/2353
f 1750/2945/2354 1758/2903/2354 1722/2925/2354
f 1502/2946/2355 368/2947/2355 1500/864/2355
f 1710/2932/2356 1750/2943/2356 1722/2935/2356
f 1712/2931/2357 1711/2930/2357 1709/2948/2357
f 367/857/2358 368/2947/2358 361/2949/2358
f 1759/2904/2359 1758/2903/2359 1754/2950/2359
f 1499/2951/2360 1497/2952/2360 361/2949/2360
f 1712/2931/2361 1715/2944/2361 1710/2932/2361
f 367/857/2362 369/465/2362 368/2947/2362
f 1535/2911/2363 1532/2905/2363 1510/2953/2363
f 1499/2933/2364 1509/2891/2364 1497/2954/2364
f 368/2947/2365 369/465/2365 1500/864/2365
f 1536/2955/2366 1510/2953/2366 1533/2909/2366
f 368/2947/2367 1499/2951/2367 361/2949/2367
f 1519/2939/2368 1497/2954/2368 1509/2891/2368
f 1539/1395/2369 1507/2956/2369 683/1396/2369
f 1539/1362/2370 1542/1747/2370 1528/2957/2370
f 1536/2955/2371 1539/1362/2371 1528/2957/2371
f 368/2947/2372 1502/2946/2372 1499/2951/2372
f 1533/2909/2373 1510/2953/2373 1532/2905/2373
f 1507/2958/2374 1536/2959/2374 1533/2960/2374
f 1507/2958/2375 1533/2960/2375 1537/2961/2375
f 1521/2962/2376 1519/2939/2376 1510/2953/2376
f 1536/2963/2377 1507/2956/2377 1539/1395/2377
f 2025/2964/2378 1521/2965/2378 1514/1763/2378
f 1535/2911/2379 1510/2953/2379 1519/2939/2379
f 1539/1362/2380 1530/1351/2380 1548/2966/2380
f 1548/2966/2381 1542/1747/2381 1539/1362/2381
f 1513/2967/2382 1510/2953/2382 1536/2955/2382
f 1516/2968/2383 2025/2969/2383 486/2970/2383
f 1548/2966/2384 1530/1351/2384 1551/1338/2384
f 1551/1338/2385 1540/1730/2385 1542/1747/2385
f 1510/2953/2386 1513/2967/2386 1514/2971/2386
f 1516/2972/2387 486/825/2387 361/853/2387
f 1516/2972/2388 1497/2973/2388 1521/2965/2388
f 1514/2971/2389 1521/2962/2389 1510/2953/2389
f 1541/2974/2390 1524/2975/2390 1528/2976/2390
f 1551/1338/2391 1542/1747/2391 1548/2966/2391
f 1521/2965/2392 2025/2964/2392 1516/2972/2392
f 1519/2939/2393 1521/2962/2393 1497/2954/2393
f 1523/1737/2394 1518/1734/2394 1527/2977/2394
f 1497/2973/2395 1516/2972/2395 361/853/2395
f 1524/2975/2396 1513/2978/2396 1528/2976/2396
f 1527/2979/2397 1524/2980/2397 1544/1716/2397
f 1514/2981/2398 1513/2978/2398 1527/2982/2398
f 1536/2955/2399 1528/2957/2399 1513/2967/2399
f 1522/1733/2400 1529/2983/2400 1514/1763/2400
f 2074/2984/2401 2025/2964/2401 1529/2983/2401
f 1513/2978/2402 1524/2975/2402 1527/2982/2402
f 1715/2944/2403 1712/2931/2403 1716/2940/2403
f 1518/1734/2404 1514/1763/2404 1527/2977/2404
f 1750/2943/2405 1749/2985/2405 1754/2986/2405
f 2025/2964/2406 1514/1763/2406 1529/2983/2406
f 1542/1747/2407 1541/1717/2407 1528/2957/2407
f 1751/1568/2408 1749/2985/2408 1740/1566/2408
f 1714/2987/2409 205/2988/2409 1716/2989/2409
f 1758/2903/2410 1750/2945/2410 1754/2950/2410
f 205/458/2411 1715/2990/2411 1716/2991/2411
f 1529/2983/2412 1522/1733/2412 2078/1755/2412
f 1541/1717/2413 1544/1716/2413 1524/2980/2413
f 1754/2986/2414 1749/2985/2414 1751/1568/2414
f 1527/2979/2415 1544/1716/2415 1523/1764/2415
f 1740/2992/2416 1744/531/2416 490/578/2416
f 1749/2985/2417 1750/2943/2417 1715/2944/2417
f 1740/1566/2418 1749/2985/2418 1744/2993/2418
f 1744/2993/2419 1749/2985/2419 1715/2944/2419
f 1715/2990/2420 205/458/2420 1744/531/2420
f 490/578/2421 1744/531/2421 234/520/2421
f 905/2994/2422 912/2995/2422 884/2996/2422
f 908/2997/2423 874/2236/2423 876/2998/2423
f 846/2999/2424 847/2278/2424 858/2279/2424
f 858/2244/2425 906/2233/2425 846/3000/2425
f 873/2235/2426 876/2998/2426 874/2236/2426
f 906/2233/2427 914/2232/2427 884/2996/2427
f 872/3001/2428 876/2998/2428 873/2235/2428
f 877/3002/2429 872/3001/2429 873/2235/2429
f 908/2997/2430 876/2998/2430 872/3001/2430
f 835/2012/2431 1620/1840/2431 1619/1839/2431
f 856/3003/2432 868/3004/2432 882/3005/2432
f 914/2232/2433 905/2994/2433 884/2996/2433
f 1684/3006/2434 1654/3007/2434 1683/2302/2434
f 868/3004/2435 877/2308/2435 882/3005/2435
f 1630/2271/2436 847/2278/2436 846/2999/2436
f 1683/2302/2437 882/3005/2437 877/2308/2437
f 1684/3008/2438 1677/3009/2438 1654/3010/2438
f 829/2039/2439 830/1989/2439 771/1988/2439
f 1630/2271/2440 846/2999/2440 1661/3011/2440
f 1654/3010/2441 1677/3009/2441 882/3012/2441
f 1649/3013/2442 1630/2271/2442 1661/3011/2442
f 1661/3011/2443 1670/3014/2443 1649/3013/2443
f 913/3015/2444 912/3016/2444 908/2997/2444
f 908/2997/2445 912/3016/2445 905/3017/2445
f 2065/3018/2446 1679/3019/2446 1686/2262/2446
f 884/2996/2447 846/3000/2447 906/2233/2447
f 1650/3020/2448 1668/3021/2448 1641/3022/2448
f 868/3004/2449 913/3023/2449 872/3024/2449
f 1661/3011/2450 846/2999/2450 864/3025/2450
f 1675/3026/2451 1638/3027/2451 1670/3014/2451
f 881/3028/2452 912/3016/2452 913/3015/2452
f 913/3015/2453 908/2997/2453 872/3001/2453
f 1640/2224/2454 1681/3029/2454 1639/2225/2454
f 1645/3030/2455 1638/3031/2455 1675/3032/2455
f 1683/2303/2456 1686/2262/2456 1684/3008/2456
f 1649/3033/2457 1638/3034/2457 1639/3035/2457
f 1664/3036/2458 882/3005/2458 1677/3037/2458
f 864/3038/2459 884/3039/2459 881/3040/2459
f 1680/3041/2460 1675/3042/2460 1670/3043/2460
f 1659/3044/2461 1661/3045/2461 864/3046/2461
f 1638/3047/2462 1645/2286/2462 1640/2285/2462
f 864/3048/2463 846/3000/2463 884/2996/2463
f 1654/3007/2464 882/3005/2464 1683/2302/2464
f 1670/3049/2465 1661/3045/2465 1659/3044/2465
f 868/3004/2466 872/3024/2466 877/2308/2466
f 870/3050/2467 864/3038/2467 881/3040/2467
f 1639/2270/2468 1630/2271/2468 1649/3013/2468
f 884/2996/2469 912/2995/2469 881/3051/2469
f 1664/3036/2470 856/3003/2470 882/3005/2470
f 1677/3009/2471 1679/3019/2471 1685/3052/2471
f 1662/3053/2472 870/3050/2472 881/3040/2472
f 1645/3030/2473 1675/3032/2473 1672/3054/2473
f 1659/3055/2474 870/3050/2474 1665/3056/2474
f 1676/3057/2475 1678/2229/2475 894/2260/2475
f 1686/2262/2476 1679/3019/2476 1684/3008/2476
f 1671/3058/2477 1669/3059/2477 1680/3041/2477
f 1638/3027/2478 1649/3013/2478 1670/3014/2478
f 1111/3060/2479 1113/3061/2479 1123/3062/2479
f 1664/3036/2480 1662/3063/2480 856/3003/2480
f 1115/3064/2481 1123/3062/2481 1113/3061/2481
f 1115/3064/2482 1113/3061/2482 1108/3065/2482
f 1664/3066/2483 1677/3009/2483 1657/3067/2483
f 1680/3068/2484 1668/3021/2484 1672/3054/2484
f 1108/3069/2485 1086/3070/2485 1119/3071/2485
f 1658/3072/2486 1685/3073/2486 2066/3074/2486
f 2066/3074/2487 1685/3073/2487 1679/3075/2487
f 1680/3068/2488 1672/3054/2488 1675/3032/2488
f 1677/3009/2489 1685/3052/2489 1657/3067/2489
f 864/3038/2490 870/3050/2490 1659/3055/2490
f 868/3004/2491 881/3076/2491 913/3023/2491
f 1086/3070/2492 1083/3077/2492 1119/3071/2492
f 856/3003/2493 881/3076/2493 868/3004/2493
f 1086/3078/2494 1108/3079/2494 1116/3080/2494
f 1086/3078/2495 1116/3080/2495 1091/3081/2495
f 1659/3055/2496 1665/3056/2496 1670/3082/2496
f 1671/3058/2477 1680/3041/2477 1665/3083/2477
f 1108/3065/2497 1113/3061/2497 1112/3084/2497
f 1677/3009/2498 1684/3008/2498 1679/3019/2498
f 1088/3085/2499 1096/3086/2499 1090/3087/2499
f 1090/3088/2500 1083/3077/2500 1086/3070/2500
f 1095/3089/2501 1088/3085/2501 1090/3087/2501
f 1670/3043/2502 1665/3083/2502 1680/3041/2502
f 1108/3090/2503 1119/3091/2503 1115/3092/2503
f 1662/3093/2504 881/3094/2504 856/3095/2504
f 1091/3081/2505 1088/3096/2505 1095/3097/2505
f 1086/3070/2506 1095/3098/2506 1090/3088/2506
f 1095/3097/2507 1086/3078/2507 1091/3081/2507
f 1671/3099/2508 1665/3100/2508 1657/3067/2508
f 1662/3053/2509 1657/3101/2509 1665/3056/2509
f 1121/2313/2510 1120/3102/2510 1132/2310/2510
f 1132/2310/2511 1110/2312/2511 1121/2313/2511
f 1633/3103/2512 1671/3099/2512 1657/3067/2512
f 1633/3103/2513 1657/3067/2513 1685/3052/2513
f 870/3050/2514 1662/3053/2514 1665/3056/2514
f 1664/3066/2515 1657/3067/2515 1662/3104/2515
f 896/2508/2516 887/3105/2516 1114/3106/2516
f 896/2508/2517 888/2507/2517 887/3105/2517
f 1111/3107/2518 887/3108/2518 1082/2569/2518
f 1114/3106/2519 887/3105/2519 1111/3060/2519
f 1111/3060/2520 1123/3062/2520 1114/3106/2520
f 1111/3107/2521 1082/2569/2521 1112/2533/2521
f 810/2063/2522 819/2425/2522 821/1952/2522
f 1111/3060/2523 1112/3084/2523 1113/3061/2523
f 1108/3109/2524 1112/2533/2524 1116/2582/2524
f 1122/3110/2525 1106/3111/2525 1121/3112/2525
f 1120/3113/2526 1121/3112/2526 1106/3111/2526
f 506/3114/2527 602/3115/2527 531/3116/2527
f 506/3114/2528 591/3117/2528 602/3115/2528
f 602/3118/2529 593/3119/2529 531/1384/2529
f 589/3120/2530 591/3121/2530 532/3122/2530
f 508/3123/2531 545/3124/2531 559/3125/2531
f 545/3124/2532 508/3123/2532 512/3126/2532
f 520/3127/2533 550/3128/2533 506/3129/2533
f 593/3119/2534 584/1385/2534 531/1384/2534
f 506/3129/2535 550/3128/2535 595/3130/2535
f 596/3131/2536 616/3132/2536 590/3133/2536
f 545/3124/2537 512/3126/2537 584/3134/2537
f 593/3119/2538 567/3135/2538 545/3136/2538
f 595/3130/2539 596/3137/2539 532/3138/2539
f 539/3139/2540 550/3128/2540 520/3127/2540
f 511/3140/2541 1547/1382/2541 1538/1352/2541
f 598/3141/2542 616/3142/2542 602/3143/2542
f 604/3144/2543 772/3145/2543 509/3146/2543
f 508/3123/2544 1538/3147/2544 512/3126/2544
f 598/3148/2545 602/3115/2545 591/3117/2545
f 539/3139/2546 571/3149/2546 550/3128/2546
f 595/3130/2547 532/3138/2547 506/3129/2547
f 559/3125/2548 511/3150/2548 508/3123/2548
f 616/3132/2549 596/3131/2549 593/3151/2549
f 590/3133/2550 616/3132/2550 589/3152/2550
f 596/3153/2551 594/3154/2551 593/3119/2551
f 591/3117/2552 506/3114/2552 532/3155/2552
f 593/3119/2553 594/3154/2553 605/3156/2553
f 619/3157/2554 597/3158/2554 592/3159/2554
f 590/3160/2555 532/3138/2555 596/3137/2555
f 593/3119/2556 545/3136/2556 584/1385/2556
f 1547/1382/2557 1526/1340/2557 1538/1352/2557
f 605/3156/2558 567/3135/2558 593/3119/2558
f 559/3125/2559 567/3161/2559 604/3162/2559
f 559/3125/2560 545/3124/2560 567/3161/2560
f 509/3163/2561 559/3164/2561 604/3165/2561
f 589/3166/2562 532/3167/2562 590/3168/2562
f 511/3169/2563 509/3146/2563 693/3170/2563
f 593/3151/2564 602/3171/2564 616/3132/2564
f 591/3172/2565 589/3173/2565 598/3174/2565
f 594/3154/2566 596/3153/2566 592/3175/2566
f 595/3130/2567 550/3128/2567 571/3149/2567
f 786/3176/2568 772/3145/2568 789/3177/2568
f 786/3178/2569 693/3179/2569 772/3180/2569
f 609/3181/2570 606/3182/2570 605/3156/2570
f 619/3157/2571 592/3159/2571 596/3183/2571
f 772/3145/2572 693/3170/2572 509/3146/2572
f 604/3184/2573 601/3185/2573 792/3186/2573
f 601/3185/2574 604/3184/2574 567/3135/2574
f 786/3187/2575 713/1724/2575 1549/1723/2575
f 601/3185/2576 567/3135/2576 605/3156/2576
f 1538/3188/2577 508/3189/2577 511/3190/2577
f 600/3191/2578 596/3137/2578 595/3130/2578
f 606/3182/2579 601/3185/2579 605/3156/2579
f 589/3152/2580 616/3132/2580 598/3192/2580
f 1549/1723/2581 1551/1338/2581 1547/1382/2581
f 693/3193/2582 1547/1382/2582 511/3140/2582
f 559/3164/2583 509/3163/2583 511/3194/2583
f 594/3154/2584 609/3181/2584 605/3156/2584
f 601/3185/2585 793/3195/2585 792/3186/2585
f 789/3177/2586 792/3196/2586 793/3197/2586
f 823/3198/2587 793/3195/2587 601/3185/2587
f 789/3199/2588 793/3200/2588 721/1758/2588
f 823/3198/2589 601/3185/2589 606/3182/2589
f 599/3201/2590 597/3202/2590 607/3203/2590
f 789/3199/2591 721/1758/2591 707/1761/2591
f 789/3177/2592 713/3204/2592 786/3176/2592
f 792/3196/2593 772/3145/2593 604/3144/2593
f 599/3205/2594 607/3206/2594 609/3207/2594
f 618/3208/2595 611/3209/2595 610/3210/2595
f 592/3175/2596 599/3211/2596 594/3154/2596
f 599/3211/2597 609/3181/2597 594/3154/2597
f 606/3182/2598 624/3212/2598 799/3213/2598
f 789/3177/2599 772/3145/2599 792/3196/2599
f 786/3187/2600 1549/1723/2600 1547/1382/2600
f 789/3199/2601 707/1761/2601 713/3214/2601
f 606/3182/2602 799/3213/2602 823/3198/2602
f 814/2327/2603 793/3195/2603 823/3198/2603
f 713/3214/2604 707/1761/2604 790/1765/2604
f 586/3215/2605 624/3212/2605 625/3216/2605
f 693/3179/2606 786/3178/2606 1547/3217/2606
f 612/3218/2607 621/3219/2607 625/3216/2607
f 707/1761/2608 721/1758/2608 723/1757/2608
f 612/3218/2609 606/3182/2609 609/3181/2609
f 597/3202/2610 599/3201/2610 592/3220/2610
f 587/3221/2611 622/3222/2611 585/3223/2611
f 621/3219/2612 610/3210/2612 613/3224/2612
f 624/3212/2613 606/3182/2613 612/3218/2613
f 812/3225/2614 795/3226/2614 586/3227/2614
f 756/3228/2615 710/3229/2615 734/3230/2615
f 618/3208/2616 612/3218/2616 609/3181/2616
f 610/3231/2617 611/3232/2617 615/3233/2617
f 587/3221/2618 586/3215/2618 625/3216/2618
f 612/3218/2619 618/3208/2619 621/3219/2619
f 587/3221/2620 812/3234/2620 586/3215/2620
f 610/3210/2621 621/3219/2621 618/3208/2621
f 719/1865/2622 753/3235/2622 756/3236/2622
f 732/3237/2623 747/1824/2623 710/3238/2623
f 710/3238/2624 738/3239/2624 732/3237/2624
f 731/1800/2625 721/1799/2625 793/3240/2625
f 710/3238/2626 747/1824/2626 734/1825/2626
f 796/3241/2627 823/3198/2627 799/3213/2627
f 738/3242/2628 710/3229/2628 716/3243/2628
f 624/3212/2629 612/3218/2629 625/3216/2629
f 585/3223/2630 812/3234/2630 587/3221/2630
f 587/3244/2631 613/3245/2631 623/3246/2631
f 588/3247/2632 585/3248/2632 622/3249/2632
f 626/3250/2633 1560/3251/2633 738/3239/2633
f 622/3252/2634 587/3244/2634 623/3246/2634
f 613/3245/2635 587/3244/2635 625/3253/2635
f 1560/3251/2636 705/1987/2636 732/3237/2636
f 734/3254/2637 719/1865/2637 756/3236/2637
f 807/3255/2638 620/3256/2638 804/3257/2638
f 1589/2045/2639 1560/3251/2639 1559/3258/2639
f 782/3259/2640 812/3260/2640 585/3261/2640
f 814/2327/2641 731/2328/2641 793/3195/2641
f 1483/3262/2642 751/3263/2642 727/3264/2642
f 751/3263/2643 1483/3262/2643 716/3265/2643
f 1483/3262/2644 627/3266/2644 716/3265/2644
f 727/3264/2645 751/3263/2645 1566/3267/2645
f 1554/2006/2646 1553/2081/2646 1557/2048/2646
f 832/2040/2647 753/3268/2647 829/2039/2647
f 1468/3269/2648 1472/3270/2648 626/3271/2648
f 1560/3251/2649 732/3237/2649 738/3239/2649
f 627/3272/2650 738/3242/2650 716/3243/2650
f 753/3235/2651 719/1865/2651 829/1864/2651
f 1472/3273/2652 1560/3251/2652 626/3250/2652
f 1553/2075/2653 2026/3274/2653 1557/3275/2653
f 710/3229/2654 756/3228/2654 716/3243/2654
f 626/3271/2655 738/3276/2655 627/3277/2655
f 705/1987/2656 747/1824/2656 732/3237/2656
f 751/3278/2657 753/3268/2657 832/2040/2657
f 773/3279/2658 871/3280/2658 865/2472/2658
f 773/3281/2659 865/1982/2659 787/1984/2659
f 716/3265/2660 756/3236/2660 753/3235/2660
f 1469/3282/2661 1472/3270/2661 1468/3269/2661
f 751/3263/2662 716/3265/2662 753/3235/2662
f 1589/2045/2663 705/1987/2663 1560/3251/2663
f 1555/2076/2664 1589/2045/2664 1559/3258/2664
f 1565/3283/2665 1553/2075/2665 1558/2074/2665
f 860/3284/2666 1566/3267/2666 751/3263/2666
f 1483/3262/2667 1484/3285/2667 627/3266/2667
f 860/3284/2668 751/3263/2668 832/2067/2668
f 1481/3286/2669 627/3287/2669 1484/3288/2669
f 1483/3262/2670 727/3264/2670 1482/3289/2670
f 1485/3290/2671 1482/3291/2671 1642/3292/2671
f 2026/3293/2672 1565/3294/2672 1564/3295/2672
f 1565/3283/2673 2026/3274/2673 1553/2075/2673
f 1483/3296/2674 1482/3291/2674 1484/3288/2674
f 727/3264/2675 1566/3267/2675 1642/3297/2675
f 1564/3295/2676 1480/3298/2676 2032/3299/2676
f 1653/2129/2677 860/3284/2677 832/2067/2677
f 1479/3300/2678 627/3277/2678 1481/3301/2678
f 1632/3302/2679 1480/3303/2679 1565/3283/2679
f 1468/3269/2680 626/3271/2680 627/3277/2680
f 1480/3303/2681 1564/3304/2681 1565/3283/2681
f 1559/3258/2682 1558/2074/2682 1555/2076/2682
f 1479/3300/2683 1468/3269/2683 627/3277/2683
f 1478/3305/2684 1479/3300/2684 1481/3301/2684
f 1468/3269/2685 1474/3306/2685 1469/3282/2685
f 1485/3307/2686 1642/3308/2686 1646/3309/2686
f 1480/3303/2687 1632/3302/2687 1635/3310/2687
f 1635/3310/2688 1472/3273/2688 1469/3311/2688
f 1468/3269/2689 1479/3300/2689 1474/3306/2689
f 1559/3258/2690 1472/3273/2690 1635/3310/2690
f 1472/3273/2691 1559/3258/2691 1560/3251/2691
f 1474/3306/2692 1473/3312/2692 1469/3282/2692
f 1482/3291/2693 1485/3290/2693 1478/3313/2693
f 1558/2074/2694 1635/3310/2694 1632/3302/2694
f 1635/3310/2695 1558/2074/2695 1559/3258/2695
f 1469/3282/2696 1473/3312/2696 1476/3314/2696
f 1642/3297/2697 1566/3267/2697 860/3284/2697
f 1104/3315/2698 1132/3316/2698 1120/3317/2698
f 895/2437/2699 865/2472/2699 871/3280/2699
f 1476/3318/2700 2032/3319/2700 1480/3303/2700
f 1642/3297/2701 1482/3289/2701 727/3264/2701
f 1475/3320/2702 1471/3321/2702 1634/3322/2702
f 1652/2137/2703 1642/3323/2703 860/3324/2703
f 1478/3313/2704 1481/3286/2704 1484/3288/2704
f 1480/3303/2705 1635/3310/2705 1469/3311/2705
f 1476/3318/2706 1480/3303/2706 1469/3311/2706
f 1428/3325/2707 1429/3326/2707 1430/3327/2707
f 1133/3328/2708 1428/3329/2708 1430/3330/2708
f 1565/3283/2709 1558/2074/2709 1632/3302/2709
f 1484/3288/2710 1482/3291/2710 1478/3313/2710
f 1650/3020/2711 1646/3309/2711 1642/3308/2711
f 1641/3022/2712 1646/3309/2712 1650/3020/2712
f 1653/2138/2713 1652/2137/2713 860/3324/2713
f 1429/3331/2714 1103/3332/2714 1430/3333/2714
f 1634/3322/2715 2024/3334/2715 2032/3335/2715
f 1092/2586/2716 1126/3336/2716 1122/2573/2716
f 1428/3325/2717 1432/3337/2717 1429/3326/2717
f 1634/3338/2718 2032/3339/2718 1476/3340/2718
f 1473/3312/2719 1475/3341/2719 1476/3314/2719
f 1477/3342/2720 1473/3312/2720 1474/3306/2720
f 1479/3343/2721 1478/3344/2721 1474/3345/2721
f 1435/3346/2722 1432/3337/2722 1428/3325/2722
f 1428/3347/2723 1133/3348/2723 1126/3349/2723
f 1478/3344/2724 1477/3350/2724 1474/3345/2724
f 1435/3346/2725 1431/3351/2725 1432/3337/2725
f 1470/3352/2726 1631/3353/2726 1471/3354/2726
f 1475/3320/2727 1634/3322/2727 1476/3355/2727
f 1631/3356/2728 1470/3357/2728 1666/3358/2728
f 1641/3022/2729 1647/3359/2729 1646/3309/2729
f 1432/3360/2730 1431/3361/2730 1437/3362/2730
f 1650/3020/2731 1672/3054/2731 1668/3021/2731
f 1470/3363/2732 1477/3364/2732 1485/3290/2732
f 1667/3365/2733 1651/3366/2733 1631/3367/2733
f 1478/3313/2734 1485/3290/2734 1477/3364/2734
f 1647/3359/2735 1641/3022/2735 1668/3021/2735
f 2027/3368/2736 1660/3369/2736 1628/3370/2736
f 1470/3352/2737 1471/3354/2737 1477/3342/2737
f 1660/3369/2738 1634/3322/2738 1628/3370/2738
f 2027/3368/2739 1637/3371/2739 1658/3072/2739
f 1631/3372/2740 1666/3373/2740 1667/3374/2740
f 1471/3354/2741 1475/3341/2741 1473/3312/2741
f 1471/3354/2742 1473/3312/2742 1477/3342/2742
f 1680/3068/2743 1651/3375/2743 1668/3021/2743
f 1470/3357/2744 1485/3307/2744 1646/3309/2744
f 1637/3371/2745 1628/3370/2745 1471/3321/2745
f 1667/3376/2746 1666/3358/2746 1668/3021/2746
f 1471/3321/2747 1628/3370/2747 1634/3322/2747
f 1637/3377/2748 1471/3354/2748 1631/3353/2748
f 1633/3378/2749 1651/3375/2749 1669/3379/2749
f 1631/3367/2750 1651/3366/2750 1637/3380/2750
f 1666/3358/2751 1470/3357/2751 1647/3359/2751
f 1668/3021/2752 1666/3358/2752 1647/3359/2752
f 1647/3359/2753 1470/3357/2753 1646/3309/2753
f 1669/3381/2754 1671/3382/2754 1633/3383/2754
f 2027/3368/2755 1658/3072/2755 2066/3074/2755
f 1637/3371/2756 2027/3368/2756 1628/3370/2756
f 1658/3072/2757 1633/3384/2757 1685/3073/2757
f 1667/3376/2758 1668/3021/2758 1651/3375/2758
f 677/3385/2759 645/3386/2759 680/3387/2759
f 645/3388/2760 679/3389/2760 643/3390/2760
f 679/3391/2761 645/3386/2761 677/3385/2761
f 648/3392/2762 652/2620/2762 675/2619/2762
f 1651/3375/2763 1680/3068/2763 1669/3379/2763
f 648/3393/2764 643/3394/2764 642/3395/2764
f 1633/3396/2765 1658/3397/2765 1637/3398/2765
f 1637/3399/2766 1651/3400/2766 1633/3401/2766
f 679/3391/2767 677/3385/2767 670/3402/2767
f 643/3394/2768 679/3391/2768 670/3402/2768
f 673/3403/2769 676/3404/2769 665/3405/2769
f 670/3402/2770 642/3395/2770 643/3394/2770
f 676/3404/2771 673/3403/2771 630/3406/2771
f 674/3407/2772 638/3408/2772 665/3409/2772
f 630/3406/2773 680/3410/2773 676/3404/2773
f 673/3403/2774 665/3405/2774 638/3411/2774
f 651/2626/2775 681/3412/2775 655/2624/2775
f 663/2585/2776 666/3413/2776 672/3414/2776
f 677/3415/2777 680/3416/2777 630/3417/2777
f 674/3407/2778 665/3409/2778 678/3418/2778
f 681/3419/2779 653/3420/2779 647/3421/2779
f 655/2624/2780 681/3412/2780 647/3422/2780
f 653/3423/2781 681/3424/2781 651/3425/2781
f 648/3393/2782 642/3395/2782 652/3426/2782
f 630/3406/2783 673/3403/2783 638/3411/2783
f 648/3427/2784 675/2600/2784 653/2599/2784
f 649/2618/2785 652/2620/2785 654/3428/2785
f 670/3429/2786 654/3430/2786 642/3431/2786
f 650/3432/2787 646/3433/2787 655/3434/2787
f 654/3428/2788 652/2620/2788 642/3435/2788
f 666/3413/2789 638/3436/2789 674/3437/2789
f 641/3438/2790 654/2655/2790 670/3402/2790
f 2022/1583/2791 666/3413/2791 663/2585/2791
f 965/3439/2792 949/2641/2792 969/2643/2792
f 980/3440/2793 990/3441/2793 958/3442/2793
f 666/3413/2794 2022/1583/2794 638/3436/2794
f 950/2747/2795 989/2764/2795 954/2763/2795
f 640/2769/2796 628/2749/2796 641/2773/2796
f 988/1329/2797 971/1343/2797 974/1330/2797
f 977/2751/2798 982/1309/2798 956/1334/2798
f 670/3402/2799 677/3385/2799 640/3443/2799
f 646/3444/2800 964/3445/2800 655/3446/2800
f 655/2624/2801 964/3447/2801 965/2625/2801
f 1020/3448/2802 1033/3449/2802 1021/3450/2802
f 1026/3451/2803 1020/3448/2803 1021/3450/2803
f 969/3452/2804 967/3453/2804 965/3454/2804
f 1017/1617/2805 1018/3455/2805 1025/1618/2805
f 977/2751/2806 986/1310/2806 982/1309/2806
f 641/3438/2807 670/3402/2807 640/3443/2807
f 1020/1619/2808 1025/1618/2808 1033/3456/2808
f 638/3436/2809 2022/1583/2809 633/2819/2809
f 988/1329/2810 987/3457/2810 971/1343/2810
f 633/2819/2811 640/3443/2811 677/3385/2811
f 638/3436/2812 633/2819/2812 677/3385/2812
f 638/3458/2813 677/3459/2813 630/3460/2813
f 667/2656/2814 654/2655/2814 641/3438/2814
f 989/2764/2815 950/2747/2815 980/1342/2815
f 977/2751/2816 956/1334/2816 958/2752/2816
f 961/3461/2817 990/3441/2817 980/3440/2817
f 961/1341/2818 971/1343/2818 987/3457/2818
f 534/3462/2819 558/3463/2819 582/3464/2819
f 582/3465/2820 571/3466/2820 539/3467/2820
f 614/3468/2821 600/3469/2821 603/3470/2821
f 582/3471/2822 558/3472/2822 554/3473/2822
f 571/3474/2823 582/3471/2823 554/3473/2823
f 554/3475/2824 603/3476/2824 595/3130/2824
f 619/3477/2825 596/3478/2825 600/3479/2825
f 554/3480/2826 595/3481/2826 571/3482/2826
f 614/3483/2827 619/3484/2827 600/3485/2827
f 600/3191/2828 595/3130/2828 603/3476/2828
f 615/3486/2829 611/3487/2829 617/3488/2829
f 607/3203/2830 617/3489/2830 611/3490/2830
f 617/3488/2831 619/3484/2831 614/3483/2831
f 617/3489/2832 597/3202/2832 619/3491/2832
f 823/3198/2833 796/3241/2833 814/2327/2833
f 618/3208/2834 609/3181/2834 607/3492/2834
f 597/3202/2835 617/3489/2835 607/3203/2835
f 615/3493/2836 608/3494/2836 610/3495/2836
f 624/3212/2837 800/2330/2837 799/3213/2837
f 610/3496/2838 608/3497/2838 613/3498/2838
f 615/3486/2839 617/3488/2839 614/3483/2839
f 618/3208/2840 607/3492/2840 611/3209/2840
f 621/3219/2841 613/3224/2841 625/3216/2841
f 796/3499/2842 799/3500/2842 800/3501/2842
f 808/2325/2843 796/3241/2843 800/2330/2843
f 800/2330/2844 624/3212/2844 811/2357/2844
f 808/2325/2845 814/2327/2845 796/3241/2845
f 1017/1617/2846 1020/1619/2846 1030/3502/2846
f 622/3503/2847 623/3504/2847 620/3505/2847
f 812/3506/2848 782/3507/2848 795/3508/2848
f 807/3255/2849 763/3509/2849 760/3510/2849
f 588/3511/2850 620/3256/2850 782/3512/2850
f 613/3245/2851 608/3513/2851 623/3246/2851
f 585/3261/2852 588/3514/2852 782/3259/2852
f 778/2459/2853 770/2412/2853 811/2357/2853
f 800/2330/2854 811/2357/2854 742/2329/2854
f 778/3515/2855 807/3255/2855 760/3510/2855
f 760/3510/2856 755/3516/2856 778/3515/2856
f 778/3517/2857 795/3518/2857 807/3519/2857
f 624/3212/2858 795/3520/2858 811/2357/2858
f 798/3521/2859 763/3509/2859 807/3255/2859
f 807/3255/2860 782/3512/2860 620/3256/2860
f 795/3520/2861 624/3212/2861 586/3215/2861
f 807/3255/2862 804/3257/2862 798/3521/2862
f 620/3256/2863 623/3522/2863 804/3257/2863
f 620/3523/2864 588/3524/2864 622/3525/2864
f 782/3507/2865 807/3526/2865 795/3508/2865
f 787/1984/2866 778/3527/2866 773/3281/2866
f 773/3281/2867 778/3527/2867 755/3528/2867
f 795/3520/2868 778/2459/2868 811/2357/2868
f 760/3529/2869 763/3530/2869 769/3531/2869
f 787/3532/2870 781/3533/2870 778/3534/2870
f 871/3280/2871 759/2438/2871 895/2437/2871
f 768/3535/2872 760/2360/2872 759/2359/2872
f 755/3516/2873 760/3510/2873 871/3536/2873
f 760/3537/2874 768/3538/2874 871/3539/2874
f 755/3540/2875 871/3280/2875 773/3279/2875
f 871/3280/2876 768/3541/2876 759/2438/2876
f 1905/3542/2877 1176/3543/2877 1858/3544/2877
f 1858/3544/2878 1896/3545/2878 1911/3546/2878
f 1176/3543/2879 1175/3547/2879 1904/3548/2879
f 1906/3549/2880 1896/3545/2880 1858/3544/2880
f 1909/3550/2881 1856/3551/2881 1840/331/2881
f 1904/3548/2882 1858/3544/2882 1176/3543/2882
f 1170/3552/2883 1177/3553/2883 1176/3554/2883
f 1149/3555/2884 1170/3556/2884 1898/3557/2884
f 1898/3557/2885 1909/3550/2885 1149/3555/2885
f 1180/3558/2886 1177/3559/2886 1170/3560/2886
f 1904/3548/2887 1906/3549/2887 1858/3544/2887
f 1871/3561/2888 1909/3550/2888 1840/331/2888
f 1170/3556/2889 1149/3555/2889 1179/3562/2889
f 1175/3563/2890 1176/3554/2890 1177/3553/2890
f 1896/3545/2891 1906/3549/2891 1859/3564/2891
f 1149/3555/2892 1909/3550/2892 1910/3565/2892
f 1840/331/2893 1856/3551/2893 430/330/2893
f 1149/3555/2894 1910/3565/2894 1908/3566/2894
f 1906/3549/2895 1702/3567/2895 1859/3564/2895
f 1179/3568/2896 1149/3569/2896 1908/3570/2896
f 1170/3552/2897 1171/3571/2897 1180/3572/2897
f 1840/331/2898 1873/324/2898 1871/3561/2898
f 1702/3567/2899 1906/3549/2899 1870/3573/2899
f 1896/3545/2900 1859/3564/2900 1862/328/2900
f 1909/3550/2901 1871/3561/2901 1910/3565/2901
f 1855/327/2902 1896/3545/2902 1862/328/2902
f 1700/3574/2903 1694/3575/2903 1702/3576/2903
f 1864/3577/2904 1910/3578/2904 1871/3579/2904
f 976/1376/2905 978/1378/2905 970/3580/2905
f 1906/3549/2906 1904/3548/2906 1870/3573/2906
f 1904/3548/2907 1884/3581/2907 1870/3573/2907
f 1170/3582/2908 1179/3568/2908 1171/3583/2908
f 1150/3584/2909 1884/3585/2909 1175/3563/2909
f 1174/3586/2910 1175/3563/2910 1177/3553/2910
f 118/278/2911 1862/309/2911 1694/286/2911
f 1873/3587/2912 1864/3577/2912 1871/3579/2912
f 1859/3564/2913 1702/3567/2913 1862/328/2913
f 1171/3583/2914 1179/3568/2914 1173/3588/2914
f 1908/3566/2915 1910/3565/2915 1907/3589/2915
f 1706/3590/2916 1864/2598/2916 1848/2597/2916
f 1904/3548/2917 1175/3547/2917 1884/3581/2917
f 1150/3584/2918 1175/3563/2918 1174/3586/2918
f 1699/3591/2919 1702/3567/2919 1870/3573/2919
f 1865/3592/2920 1179/3568/2920 1908/3570/2920
f 972/1314/2921 982/1309/2921 992/1305/2921
f 1179/3568/2922 1865/3592/2922 1173/3588/2922
f 997/3593/2923 916/2741/2923 973/2740/2923
f 1862/328/2924 1702/3567/2924 1694/314/2924
f 1180/3572/2925 1171/3571/2925 1136/3594/2925
f 1706/3590/2926 1705/3595/2926 1864/2598/2926
f 956/1333/2927 997/1332/2927 973/2791/2927
f 1141/3596/2928 1136/3597/2928 1171/3598/2928
f 1700/313/2929 1699/3591/2929 104/243/2929
f 1699/3591/2930 1700/313/2930 1702/3567/2930
f 1174/3586/2931 1177/3553/2931 1168/3599/2931
f 1699/3591/2932 1870/3573/2932 1689/3600/2932
f 1910/3565/2933 1705/3595/2933 1907/3589/2933
f 1171/3583/2934 1173/3588/2934 1141/3601/2934
f 997/1377/2935 976/1376/2935 916/2788/2935
f 1861/3602/2936 1151/3603/2936 1865/3604/2936
f 1908/3605/2937 1861/3606/2937 1865/3607/2937
f 1697/3608/2938 1884/3585/2938 1147/3609/2938
f 1168/3599/2939 1180/3572/2939 1136/3594/2939
f 1698/262/2940 1700/313/2940 104/243/2940
f 1152/3610/2941 1173/3588/2941 1151/3611/2941
f 1177/3559/2942 1180/3558/2942 1168/3612/2942
f 1910/3565/2943 1864/2598/2943 1705/3595/2943
f 1150/3584/2944 1174/3586/2944 1168/3599/2944
f 1908/3613/2945 1907/3614/2945 1861/3615/2945
f 1699/3591/2946 1691/3616/2946 104/243/2946
f 1141/3596/2947 1152/3617/2947 1154/3618/2947
f 1151/3611/2948 1173/3588/2948 1865/3592/2948
f 1147/3609/2949 1884/3585/2949 1150/3584/2949
f 1884/3581/2950 1697/3619/2950 1870/3573/2950
f 1843/3620/2951 1697/3608/2951 1147/3609/2951
f 1697/3619/2952 1689/3600/2952 1870/3573/2952
f 1139/3621/2953 1168/3599/2953 1136/3594/2953
f 1704/3622/2954 1907/3589/2954 1705/3595/2954
f 1701/3623/2955 1706/3624/2955 491/3625/2955
f 1141/3626/2956 1173/3627/2956 1152/3628/2956
f 1187/3629/2957 1147/3609/2957 1150/3584/2957
f 1153/3630/2958 1187/3629/2958 1150/3584/2958
f 1691/3616/2959 1699/3591/2959 1689/3600/2959
f 1868/3631/2960 1861/3632/2960 1907/3633/2960
f 1701/3634/2961 1703/3635/2961 1704/3622/2961
f 491/3625/2962 1706/3624/2962 1848/3636/2962
f 1705/3595/2963 1701/3634/2963 1704/3622/2963
f 1687/3637/2964 1697/3608/2964 1843/3620/2964
f 985/3638/2965 992/3639/2965 935/3640/2965
f 1141/3596/2966 1139/3641/2966 1136/3597/2966
f 1151/3611/2967 1861/3642/2967 1892/3643/2967
f 1691/3616/2968 1689/3600/2968 1692/3644/2968
f 1697/3619/2969 1687/3645/2969 1689/3600/2969
f 1152/3610/2970 1151/3611/2970 1892/3643/2970
f 1892/3646/2971 1866/3647/2971 1867/3648/2971
f 104/243/2972 1691/3616/2972 1690/263/2972
f 1161/1312/2973 1184/1290/2973 1165/1311/2973
f 1892/3643/2974 1861/3642/2974 1866/3649/2974
f 1707/3650/2975 1701/3651/2975 50/1115/2975
f 1866/3649/2976 1861/3642/2976 1868/3652/2976
f 1701/3634/2977 1705/3595/2977 1706/3590/2977
f 1139/3641/2978 1141/3596/2978 1154/3618/2978
f 1692/3653/2979 1689/3654/2979 1687/3637/2979
f 1707/1111/2980 1881/1110/2980 1703/3655/2980
f 1153/3630/2981 1150/3584/2981 1168/3599/2981
f 1907/3633/2982 1704/3656/2982 1868/3631/2982
f 1869/3657/2983 1892/3646/2983 1867/3648/2983
f 1868/3631/2984 1704/3656/2984 1703/3655/2984
f 935/3640/2985 928/2883/2985 999/3658/2985
f 1703/3655/2986 1881/1110/2986 1868/3631/2986
f 1152/3659/2987 1892/3660/2987 1869/3661/2987
f 1693/3662/2988 1695/337/2988 1690/263/2988
f 1155/3663/2989 1154/3618/2989 1152/3617/2989
f 1153/3630/2990 1168/3599/2990 1139/3621/2990
f 999/3658/2991 1219/3664/2991 926/3665/2991
f 926/3665/2992 1158/3666/2992 996/3667/2992
f 999/3658/2993 926/3665/2993 935/3640/2993
f 1701/3634/2994 1707/3668/2994 1703/3635/2994
f 1687/3637/2995 1843/3620/2995 1863/3669/2995
f 1161/3670/2996 996/3667/2996 1158/3666/2996
f 927/2872/2997 1000/2871/2997 968/2878/2997
f 1159/3671/2998 1184/1299/2998 1161/3670/2998
f 1145/3672/2999 1139/3673/2999 1163/3674/2999
f 985/3638/3000 926/3665/3000 996/3667/3000
f 1850/3675/3001 1863/3676/3001 1187/3677/3001
f 935/3640/3002 926/3665/3002 985/3638/3002
f 1899/3678/3003 1850/3675/3003 1187/3677/3003
f 1014/2881/3004 999/3658/3004 928/2883/3004
f 928/2883/3005 935/3640/3005 992/3639/3005
f 1159/3671/3006 1140/1300/3006 1184/1299/3006
f 1869/3679/3007 1867/3680/3007 1860/3681/3007
f 1219/3664/3008 1158/3666/3008 926/3665/3008
f 1881/3682/3009 1945/3683/3009 1868/3684/3009
f 1863/3669/3010 1147/3609/3010 1187/3629/3010
f 1147/3685/3011 1863/3686/3011 1843/3687/3011
f 1011/3688/3012 999/3658/3012 1014/2881/3012
f 1157/3689/3013 1161/3670/3013 1158/3666/3013
f 1009/3690/3014 1005/2880/3014 1012/2908/3014
f 1219/3664/3015 999/3658/3015 1011/3688/3015
f 1220/3691/3016 1158/3666/3016 1219/3664/3016
f 1139/3641/3017 1181/3692/3017 1163/3693/3017
f 1144/3694/3018 1140/3695/3018 1159/3696/3018
f 1009/3690/3019 1012/2908/3019 1013/3697/3019
f 1691/3616/3020 1692/3644/3020 1690/263/3020
f 1163/3674/3021 1169/3698/3021 1145/3672/3021
f 1005/2880/3022 1009/3690/3022 1014/2881/3022
f 1693/3662/3023 1690/263/3023 1692/3644/3023
f 1153/3699/3024 1876/3700/3024 1187/3677/3024
f 1172/3701/3025 1181/3692/3025 1154/3618/3025
f 1696/3702/3026 1693/3662/3026 1692/3644/3026
f 1011/3688/3027 1014/2881/3027 1009/3690/3027
f 1696/3703/3028 1687/3637/3028 1863/3669/3028
f 1687/3637/3029 1696/3703/3029 1692/3653/3029
f 1145/3704/3030 1153/3705/3030 1139/3706/3030
f 1219/3664/3031 1011/3688/3031 1010/3707/3031
f 1157/3689/3032 1159/3671/3032 1161/3670/3032
f 1152/3708/3033 1860/3709/3033 1155/3710/3033
f 1887/3711/3034 1860/3681/3034 1879/3712/3034
f 1890/3713/3035 1879/3712/3035 1867/3680/3035
f 1875/3714/3036 1899/3678/3036 1876/3700/3036
f 1138/3715/3037 1145/3704/3037 1137/3716/3037
f 1154/3618/3038 1181/3692/3038 1139/3641/3038
f 1157/3689/3039 1188/3717/3039 1159/3671/3039
f 1009/3690/3040 1010/3707/3040 1011/3688/3040
f 1220/3691/3041 1188/3717/3041 1157/3689/3041
f 1157/3689/3042 1158/3666/3042 1220/3691/3042
f 1725/3718/3043 1012/2908/3043 1736/2902/3043
f 1013/3697/3044 1010/3707/3044 1009/3690/3044
f 1879/3712/3045 1860/3681/3045 1867/3680/3045
f 1138/3715/3046 1876/3719/3046 1153/3705/3046
f 1879/3712/3047 1880/3720/3047 1882/3721/3047
f 1188/3717/3048 1194/3722/3048 1159/3671/3048
f 1933/3723/3049 2003/3724/3049 1863/3725/3049
f 1880/3720/3050 1879/3712/3050 1890/3713/3050
f 1899/3678/3051 1851/3726/3051 1850/3675/3051
f 1899/3678/3052 1875/3714/3052 1851/3726/3052
f 1860/3709/3053 1152/3708/3053 1869/3727/3053
f 1860/3681/3054 1887/3711/3054 1872/3728/3054
f 1187/3677/3055 1876/3700/3055 1899/3678/3055
f 1851/3726/3056 1852/3729/3056 1850/3675/3056
f 1889/3730/3057 39/102/3057 1883/140/3057
f 1154/3731/3058 1155/3732/3058 1172/3733/3058
f 1163/3693/3059 1181/3692/3059 1146/3734/3059
f 1144/3735/3060 1159/3671/3060 1194/3722/3060
f 1193/3736/3061 1919/3737/3061 1876/3719/3061
f 1013/3697/3062 1926/3738/3062 1010/3707/3062
f 1010/3707/3063 1926/3738/3063 1220/3691/3063
f 1863/3669/3064 2003/3739/3064 1696/3703/3064
f 1013/3697/3065 1917/3740/3065 1926/3738/3065
f 1883/140/3066 1882/3721/3066 1889/3730/3066
f 1010/3707/3067 1220/3691/3067 1219/3664/3067
f 1881/3741/3068 1878/3742/3068 1945/3743/3068
f 1944/3744/3069 1866/3649/3069 1868/3652/3069
f 1880/3720/3070 1889/3730/3070 1882/3721/3070
f 1169/3745/3071 1144/3735/3071 1194/3722/3071
f 1144/3746/3072 1169/3747/3072 1216/3748/3072
f 1757/3749/3073 1696/3750/3073 1723/3751/3073
f 1889/3730/3074 1880/3720/3074 1890/3713/3074
f 1944/3752/3075 1867/3648/3075 1866/3647/3075
f 1917/3740/3076 1013/3697/3076 1741/3753/3076
f 1867/3680/3077 1944/3754/3077 1890/3713/3077
f 1012/2908/3078 1725/3718/3078 1013/3697/3078
f 1155/3732/3079 1914/3755/3079 1172/3733/3079
f 1741/3753/3080 1013/3697/3080 1725/3718/3080
f 1888/3756/3081 1887/3711/3081 1879/3712/3081
f 1945/3743/3082 1944/3757/3082 1868/3758/3082
f 1145/3704/3083 1169/3759/3083 1137/3716/3083
f 1863/3676/3084 1850/3675/3084 1933/3760/3084
f 1845/3761/3085 1882/3721/3085 1883/140/3085
f 1137/3762/3086 1169/3745/3086 1194/3722/3086
f 1901/3763/3087 1874/3764/3087 1875/3714/3087
f 1169/3765/3088 1191/3766/3088 1216/3767/3088
f 1872/3728/3089 1155/3732/3089 1860/3681/3089
f 1169/3768/3090 1190/3769/3090 1191/1272/3090
f 1890/3770/3091 1850/3675/3091 1900/3771/3091
f 1220/3691/3092 1189/3772/3092 1188/3717/3092
f 485/3773/3093 1881/3774/3093 46/3775/3093
f 2003/3776/3094 1723/3751/3094 1696/3750/3094
f 1872/3728/3095 1914/3755/3095 1155/3732/3095
f 1888/3756/3096 1879/3712/3096 1882/3721/3096
f 1757/3777/3097 1693/3778/3097 1696/3779/3097
f 1887/3711/3098 1885/3780/3098 1872/3728/3098
f 1890/3770/3099 1944/3781/3099 1933/3760/3099
f 1850/3675/3100 1890/3770/3100 1933/3760/3100
f 1881/3782/3101 485/3783/3101 1878/3784/3101
f 1883/140/3102 1891/976/3102 1845/3761/3102
f 1221/3785/3103 1917/3740/3103 1962/3786/3103
f 1926/3738/3104 1917/3740/3104 1221/3785/3104
f 1138/3715/3105 1153/3705/3105 1145/3704/3105
f 1143/3787/3106 1146/3734/3106 1181/3692/3106
f 1735/2907/3107 1725/3718/3107 1736/2902/3107
f 1204/3788/3108 1188/3717/3108 1189/3772/3108
f 1188/3717/3109 1204/3788/3109 1194/3722/3109
f 1757/3789/3110 55/175/3110 1693/3790/3110
f 1221/3785/3111 1220/3691/3111 1926/3738/3111
f 1221/3785/3112 1189/3772/3112 1220/3691/3112
f 1853/3791/3113 1902/118/3113 1852/3729/3113
f 1146/3734/3114 1142/3792/3114 1163/3693/3114
f 1695/337/3115 1693/3662/3115 55/338/3115
f 1914/3755/3116 1872/3728/3116 1912/3793/3116
f 1756/3794/3117 1725/3718/3117 1735/2907/3117
f 1878/3795/3118 485/3796/3118 1943/3797/3118
f 1902/3798/3119 483/3799/3119 30/3800/3119
f 1169/3698/3120 1163/3674/3120 1142/3801/3120
f 1741/3753/3121 1725/3718/3121 1756/3794/3121
f 1143/3802/3122 1169/3803/3122 1142/3804/3122
f 1888/3756/3123 1882/3721/3123 1845/3761/3123
f 1903/3805/3124 1943/3806/3124 1890/3807/3124
f 1901/3808/3125 1876/3719/3125 1919/3737/3125
f 1901/3763/3126 1875/3714/3126 1876/3700/3126
f 1900/3771/3127 1850/3675/3127 1852/3729/3127
f 1885/3780/3128 1887/3711/3128 1888/3756/3128
f 1943/1113/3129 1889/3730/3129 1890/3713/3129
f 39/102/3130 1889/3730/3130 484/106/3130
f 1874/3764/3131 1851/3726/3131 1875/3714/3131
f 1845/3761/3132 1891/976/3132 1886/3809/3132
f 1853/3791/3133 1852/3729/3133 1874/3764/3133
f 1903/3810/3134 1900/3771/3134 1902/118/3134
f 1143/3787/3135 1142/3792/3135 1146/3734/3135
f 1878/3742/3136 1944/3757/3136 1945/3743/3136
f 1903/3811/3137 1932/3812/3137 1953/3813/3137
f 1943/1113/3138 484/106/3138 1889/3730/3138
f 1903/3814/3139 30/3815/3139 1932/3816/3139
f 1877/3817/3140 1853/3791/3140 1897/3818/3140
f 30/3815/3141 1903/3814/3141 1902/3819/3141
f 1872/3728/3142 1885/3780/3142 1912/3793/3142
f 1204/3788/3143 1137/3762/3143 1194/3722/3143
f 1944/3820/3144 1903/3821/3144 1933/3822/3144
f 1874/3764/3145 1852/3729/3145 1851/3726/3145
f 1137/3716/3146 1193/3736/3146 1138/3715/3146
f 1900/3771/3147 1903/3810/3147 1890/3770/3147
f 1190/3769/3148 1169/3768/3148 1246/3823/3148
f 1912/3793/3149 1913/3824/3149 1914/3755/3149
f 1192/3825/3150 1137/3762/3150 1204/3788/3150
f 1852/3729/3151 1902/118/3151 1900/3771/3151
f 1893/3826/3152 1841/3827/3152 1842/3828/3152
f 1878/3795/3153 1943/3797/3153 1944/3820/3153
f 1944/3820/3154 1943/3797/3154 1903/3821/3154
f 1723/3751/3155 2003/3776/3155 1953/3829/3155
f 1192/3825/3156 1204/3788/3156 1189/3772/3156
f 1193/3736/3157 1876/3719/3157 1138/3715/3157
f 2023/3830/3158 1189/3772/3158 1221/3785/3158
f 1143/3787/3159 1244/3831/3159 1169/3832/3159
f 1853/3791/3160 1877/3817/3160 1902/118/3160
f 1885/3780/3161 1888/3756/3161 1886/3809/3161
f 1193/3736/3162 1137/3716/3162 1192/3833/3162
f 1178/3834/3163 1143/3787/3163 1181/3692/3163
f 1172/3835/3164 1178/3836/3164 1181/3837/3164
f 1178/3834/3165 1245/3838/3165 1143/3787/3165
f 1903/3811/3166 1953/3813/3166 1933/3723/3166
f 1933/3723/3167 1953/3813/3167 2003/3724/3167
f 1893/3826/3168 1912/3793/3168 1885/3780/3168
f 1756/3794/3169 1762/3839/3169 1761/3840/3169
f 1914/3841/3170 1913/3842/3170 1901/3763/3170
f 1845/3761/3171 1886/3809/3171 1888/3756/3171
f 1897/3818/3172 1853/3791/3172 1895/3843/3172
f 2023/3830/3173 1222/3844/3173 1189/3772/3173
f 1222/3844/3174 1192/3825/3174 1189/3772/3174
f 1874/3764/3175 1895/3843/3175 1853/3791/3175
f 1246/3823/3176 1214/1273/3176 1190/3769/3176
f 1915/3845/3177 1245/3846/3177 1178/3836/3177
f 1762/3839/3178 1756/3794/3178 1759/2904/3178
f 1246/3847/3179 1169/3832/3179 1244/3831/3179
f 1893/3826/3180 1913/3824/3180 1912/3793/3180
f 79/1034/3181 279/1073/3181 1839/2255/3181
f 1886/3809/3182 1894/3848/3182 1885/3780/3182
f 1895/3843/3183 1874/3764/3183 1913/3842/3183
f 1914/3849/3184 1979/3850/3184 1915/3851/3184
f 1897/3852/3185 482/3853/3185 1877/3854/3185
f 1759/2904/3186 1756/3794/3186 1735/2907/3186
f 1885/3780/3187 1841/3827/3187 1893/3826/3187
f 1915/3845/3188 1178/3836/3188 1172/3835/3188
f 1754/2950/3189 1762/3839/3189 1759/2904/3189
f 1847/941/3190 1897/3818/3190 1895/3843/3190
f 1741/3753/3191 1756/3794/3191 1761/3840/3191
f 1979/3850/3192 1914/3849/3192 1901/3855/3192
f 1172/3856/3193 1914/3857/3193 1915/3858/3193
f 1842/3859/3194 405/957/3194 406/896/3194
f 1235/3860/3195 1143/3787/3195 1245/3838/3195
f 1919/3861/3196 1193/3862/3196 1192/3863/3196
f 1763/3864/3197 304/769/3197 1757/3789/3197
f 1894/3848/3198 1886/3809/3198 1844/934/3198
f 1841/3827/3199 1885/3780/3199 1894/3848/3199
f 405/952/3200 1841/3827/3200 1844/934/3200
f 1913/3842/3201 1874/3764/3201 1901/3763/3201
f 406/896/3202 1893/3865/3202 1842/3859/3202
f 1965/3866/3203 1953/3867/3203 1937/3868/3203
f 1841/3827/3204 1894/3848/3204 1844/934/3204
f 1979/3850/3205 1970/3869/3205 1915/3851/3205
f 1741/3753/3206 1761/3840/3206 1917/3740/3206
f 1886/3809/3207 1891/976/3207 1844/934/3207
f 1763/3870/3208 1757/3871/3208 1965/3866/3208
f 1979/3872/3209 1977/3873/3209 1978/3874/3209
f 1842/3828/3210 1841/3827/3210 405/952/3210
f 1918/3875/3211 1901/3808/3211 1919/3737/3211
f 1918/3875/3212 1921/3876/3212 1901/3808/3212
f 1761/3840/3213 1962/3786/3213 1917/3740/3213
f 1977/3873/3214 1979/3872/3214 1901/3877/3214
f 1965/3878/3215 1757/3749/3215 1723/3751/3215
f 2023/3830/3216 1221/3785/3216 1962/3786/3216
f 1751/1568/3217 1752/3879/3217 1762/3880/3217
f 1962/3881/3218 1761/3882/3218 1762/3880/3218
f 1849/3883/3219 482/3853/3219 1897/3852/3219
f 1723/3751/3220 1953/3829/3220 1965/3878/3220
f 1915/3845/3221 1970/3884/3221 1245/3846/3221
f 1937/3868/3222 1763/3870/3222 1965/3866/3222
f 1849/3885/3223 1897/3818/3223 1847/941/3223
f 1214/1273/3224 1191/1272/3224 1190/3769/3224
f 1937/3868/3225 1932/3886/3225 317/3887/3225
f 1254/3888/3226 1208/3889/3226 1248/1186/3226
f 1927/3890/3227 1752/3879/3227 1753/1567/3227
f 1937/3868/3228 1953/3867/3228 1932/3886/3228
f 1962/3786/3229 1939/3891/3229 1964/3892/3229
f 1192/3825/3230 1971/3893/3230 1918/3894/3230
f 1762/3880/3231 1754/2986/3231 1751/1568/3231
f 1979/3872/3232 1978/3874/3232 1970/3895/3232
f 1977/3896/3233 1901/3897/3233 1921/3898/3233
f 1846/923/3234 1849/3885/3234 1847/941/3234
f 1949/3899/3235 1849/3883/3235 1846/3900/3235
f 1215/3901/3236 1246/3902/3236 1254/3888/3236
f 1913/3842/3237 1847/941/3237 1895/3843/3237
f 1893/3903/3238 1847/941/3238 1913/3842/3238
f 1215/3901/3239 1214/3904/3239 1246/3902/3239
f 1847/941/3240 1893/3903/3240 406/911/3240
f 1206/1157/3241 1248/1186/3241 1208/3889/3241
f 1244/3831/3242 1143/3787/3242 1235/3860/3242
f 1234/3905/3243 1208/3889/3243 1254/3888/3243
f 1231/1235/3244 1206/1157/3244 1208/3889/3244
f 1235/3860/3245 1245/3838/3245 1970/3906/3245
f 1919/3861/3246 1192/3863/3246 1918/3907/3246
f 1235/3860/3247 1234/3908/3247 1244/3831/3247
f 1971/3893/3248 1192/3825/3248 1222/3844/3248
f 1964/3892/3249 1942/3909/3249 1962/3786/3249
f 1942/3909/3250 1222/3844/3250 2023/3830/3250
f 1927/3890/3251 1962/3881/3251 1762/3880/3251
f 1248/1186/3252 1215/3901/3252 1254/3888/3252
f 1959/3910/3253 1970/3911/3253 1978/3912/3253
f 1234/3905/3254 1231/1235/3254 1208/3889/3254
f 1920/3913/3255 1941/3914/3255 1964/3915/3255
f 1964/3916/3256 1939/3917/3256 1930/3918/3256
f 1246/3902/3257 1234/3905/3257 1254/3888/3257
f 1752/3879/3258 1927/3890/3258 1762/3880/3258
f 1234/3919/3259 1246/3920/3259 1244/3921/3259
f 374/3922/3260 1849/3883/3260 1949/3899/3260
f 374/3922/3261 482/3853/3261 1849/3883/3261
f 1971/3893/3262 1222/3844/3262 1942/3909/3262
f 1939/3891/3263 1962/3786/3263 1927/3923/3263
f 1751/1568/3264 1753/1567/3264 1752/3879/3264
f 1941/3924/3265 1921/3898/3265 1918/3925/3265
f 2023/3830/3266 1962/3786/3266 1942/3909/3266
f 1963/3926/3267 1229/3927/3267 1235/3860/3267
f 1929/3928/3268 1753/1567/3268 1740/1566/3268
f 1929/3928/3269 1938/3929/3269 1939/3917/3269
f 1234/3908/3270 1235/3860/3270 1229/3927/3270
f 1211/3930/3271 1207/28/3271 1210/1194/3271
f 1970/3906/3272 1963/3926/3272 1235/3860/3272
f 1232/3931/3273 1234/3905/3273 1229/3932/3273
f 1209/30/3274 1210/1194/3274 1207/28/3274
f 1941/3933/3275 1971/3893/3275 1942/3909/3275
f 1971/3934/3276 1941/3924/3276 1918/3925/3276
f 1211/3930/3277 1241/3935/3277 1242/3936/3277
f 1231/1235/3278 1234/3905/3278 1232/3931/3278
f 1929/3928/3279 1927/3890/3279 1753/1567/3279
f 1230/3937/3280 1211/3938/3280 1232/3939/3280
f 1929/3928/3281 1740/1566/3281 490/3940/3281
f 1232/3931/3282 1211/3930/3282 1231/1235/3282
f 1929/3928/3283 1939/3917/3283 1927/3890/3283
f 1956/3941/3284 1959/3942/3284 1977/3896/3284
f 1941/3933/3285 1942/3909/3285 1964/3892/3285
f 1956/3943/3286 1970/3944/3286 1959/3945/3286
f 1207/28/3287 1211/3930/3287 1242/3936/3287
f 1959/3910/3288 1978/3912/3288 1977/3946/3288
f 1938/3929/3289 1930/3918/3289 1939/3917/3289
f 1960/3947/3290 1955/3948/3290 1958/3949/3290
f 1956/3941/3291 1921/3898/3291 1958/3950/3291
f 1961/3951/3292 1960/3952/3292 1958/3953/3292
f 1921/3898/3293 1956/3941/3293 1977/3896/3293
f 1956/3954/3294 1958/3955/3294 1955/3956/3294
f 1241/3935/3295 1211/3930/3295 1230/3957/3295
f 1976/3958/3296 1460/38/3296 1241/3959/3296
f 1964/3916/3297 1930/3918/3297 1940/3960/3297
f 1205/1155/3298 1231/1235/3298 1213/1179/3298
f 1941/3961/3299 1920/3962/3299 1974/3963/3299
f 1231/1235/3300 1211/3930/3300 1210/1194/3300
f 1958/3950/3301 1921/3898/3301 1941/3924/3301
f 1970/3906/3302 1956/3964/3302 1963/3926/3302
f 1976/3958/3303 1241/3959/3303 1230/3965/3303
f 1230/3937/3304 1232/3939/3304 1229/3966/3304
f 1/27/3305 1209/30/3305 1207/28/3305
f 1941/3924/3306 1974/3967/3306 1958/3950/3306
f 1923/3968/3307 1922/3969/3307 1925/3970/3307
f 1973/3971/3308 1955/3972/3308 1975/3973/3308
f 1207/28/3309 1242/3936/3309 12/26/3309
f 1238/3974/3310 1229/3966/3310 1973/3975/3310
f 1923/3976/3311 1957/3977/3311 1922/3978/3311
f 1957/3979/3312 1925/3980/3312 1922/3981/3312
f 1923/3982/3313 1925/3983/3313 1957/3984/3313
f 1961/3985/3314 1947/3986/3314 1960/3987/3314
f 1940/3988/3315 1920/3962/3315 1964/3989/3315
f 1928/3990/3316 1954/3991/3316 1940/3960/3316
f 1947/3992/3317 1961/3993/3317 1954/3991/3317
f 1940/3988/3318 1974/3963/3318 1920/3962/3318
f 1460/38/3319 1461/3994/3319 1242/3995/3319
f 1954/3996/3320 1974/3963/3320 1940/3988/3320
f 1955/3997/3321 1973/3998/3321 1963/3926/3321
f 1940/3960/3322 1930/3918/3322 1996/3999/3322
f 1928/3990/3323 1940/3960/3323 1936/4000/3323
f 1955/3997/3324 1963/3926/3324 1956/3964/3324
f 1983/4001/3325 1931/4002/3325 1747/4003/3325
f 1951/4004/3326 1946/4005/3326 1950/4006/3326
f 1229/3966/3327 1238/3974/3327 1230/3937/3327
f 1960/3987/3328 1947/3986/3328 1955/4007/3328
f 1963/3926/3329 1973/3998/3329 1229/3927/3329
f 1974/3967/3330 1954/3991/3330 1958/3950/3330
f 1039/1625/3331 1273/1188/3331 1343/1158/3331
f 1954/3991/3332 1961/3993/3332 1958/3950/3332
f 1954/3991/3333 1980/4008/3333 1947/3992/3333
f 1948/4009/3334 1951/4010/3334 1950/4011/3334
f 1975/4012/3335 1238/3974/3335 1973/3975/3335
f 1985/4013/3336 1983/4001/3336 1771/4014/3336
f 1980/4008/3337 1950/4015/3337 1947/3992/3337
f 1460/38/3338 1242/3995/3338 1241/3959/3338
f 1936/4000/3339 1940/3960/3339 1996/3999/3339
f 1976/4016/3340 1238/4017/3340 1975/4018/3340
f 1954/3991/3341 1928/3990/3341 1980/4008/3341
f 1771/4014/3342 1983/4001/3342 1770/4019/3342
f 1983/4001/3343 1935/4020/3343 1931/4002/3343
f 15/25/3344 1461/3994/3344 1460/38/3344
f 1935/4020/3345 1936/4000/3345 1996/3999/3345
f 1955/4007/3346 1946/4021/3346 1975/4022/3346
f 1230/4023/3347 1238/4017/3347 1976/4016/3347
f 1243/4024/3348 1975/4018/3348 2000/4025/3348
f 1950/4026/3349 1946/4027/3349 1947/4028/3349
f 1717/633/3350 1748/4029/3350 490/584/3350
f 1228/4030/3351 1460/38/3351 1976/3958/3351
f 1770/4019/3352 1747/4003/3352 1748/4031/3352
f 2000/4032/3353 1975/4033/3353 1968/4034/3353
f 1929/3928/3354 1748/4031/3354 1747/4003/3354
f 1719/4035/3355 1769/4036/3355 1717/633/3355
f 1946/4021/3356 1955/4007/3356 1947/3986/3356
f 1197/4037/3357 1259/1154/3357 1263/1153/3357
f 1197/4037/3358 1199/4038/3358 1200/4039/3358
f 1197/4037/3359 1263/1153/3359 1199/4038/3359
f 1990/4040/3360 1202/4041/3360 2000/4042/3360
f 1770/4019/3361 1769/4043/3361 1771/4014/3361
f 17/381/3362 1719/4035/3362 1717/633/3362
f 1931/4002/3363 1930/3918/3363 1938/3929/3363
f 1748/4029/3364 1717/633/3364 1769/4036/3364
f 1243/4044/3365 1228/4030/3365 1976/3958/3365
f 1976/4016/3366 1975/4018/3366 1243/4024/3366
f 1938/3929/3367 1929/3928/3367 1747/4003/3367
f 1931/4002/3368 1938/3929/3368 1747/4003/3368
f 1199/4038/3369 1263/1153/3369 1258/1134/3369
f 1951/4045/3370 1948/4046/3370 1994/4047/3370
f 1200/4048/3371 1198/4049/3371 1197/4050/3371
f 1772/4051/3372 1771/4014/3372 1769/4043/3372
f 1770/4019/3373 1748/4031/3373 1769/4043/3373
f 1203/4052/3374 1237/4053/3374 1196/4054/3374
f 1200/4055/3375 1203/4056/3375 1198/4057/3375
f 1931/4002/3376 1996/3999/3376 1930/3918/3376
f 1998/4058/3377 1980/4008/3377 1928/3990/3377
f 1991/4059/3378 1989/4060/3378 1999/4061/3378
f 1748/4031/3379 1929/3928/3379 490/3940/3379
f 1975/4033/3380 1946/4062/3380 1968/4034/3380
f 1747/4003/3381 1770/4019/3381 1983/4001/3381
f 1991/4059/3382 1968/4034/3382 1951/4063/3382
f 1951/4064/3383 1994/4065/3383 1991/4066/3383
f 1243/4024/3384 2000/4025/3384 1196/4067/3384
f 1934/4068/3385 1928/3990/3385 1936/4000/3385
f 1999/4061/3386 1987/4069/3386 1991/4059/3386
f 1935/4020/3387 1996/3999/3387 1931/4002/3387
f 1202/4070/3388 1203/4056/3388 2000/4071/3388
f 1987/4069/3389 1968/4034/3389 1991/4059/3389
f 1994/4047/3390 1980/4008/3390 1998/4058/3390
f 1203/4052/3391 1196/4054/3391 2000/4072/3391
f 1196/4073/3392 1201/4074/3392 1243/4044/3392
f 1459/23/3393 1228/4030/3393 1240/4075/3393
f 1984/4076/3394 1935/4020/3394 1983/4001/3394
f 1968/4034/3395 1946/4062/3395 1951/4063/3395
f 1240/4075/3396 1228/4030/3396 1264/4077/3396
f 1269/1123/3397 1195/4078/3397 1277/1136/3397
f 1459/23/3398 1460/38/3398 1228/4030/3398
f 1935/4020/3399 1984/4076/3399 1936/4000/3399
f 1199/4038/3400 1237/4053/3400 1203/4052/3400
f 1199/4038/3401 1203/4052/3401 1200/4039/3401
f 1986/4079/3402 1991/4080/3402 1994/4081/3402
f 1980/4008/3403 1994/4047/3403 1948/4046/3403
f 1258/1134/3404 1277/1136/3404 1199/4038/3404
f 1989/4082/3405 1991/4080/3405 1986/4079/3405
f 1196/4054/3406 1237/4053/3406 1201/4083/3406
f 1924/4084/3407 1952/4085/3407 1998/4058/3407
f 1950/4015/3408 1980/4008/3408 1948/4046/3408
f 1256/1159/3409 1273/1188/3409 1265/1187/3409
f 1199/4038/3410 1277/1136/3410 1195/4078/3410
f 1256/4086/3411 1265/1127/3411 1259/1171/3411
f 1966/4087/3412 1934/4068/3412 1936/4000/3412
f 1237/4053/3413 1199/4038/3413 1195/4078/3413
f 1247/4088/3414 1202/4089/3414 1967/4090/3414
f 1967/4091/3415 1202/4092/3415 1990/4093/3415
f 1999/4094/3416 1994/4047/3416 1952/4085/3416
f 1999/4094/3417 1986/4095/3417 1994/4047/3417
f 1201/4074/3418 1228/4030/3418 1243/4044/3418
f 1259/4096/3419 1197/4050/3419 1256/4097/3419
f 1266/1135/3420 1258/1134/3420 1263/1153/3420
f 1998/4058/3421 1928/3990/3421 1934/4068/3421
f 1198/4049/3422 1236/4098/3422 1256/4097/3422
f 1985/4013/3423 1984/4076/3423 1983/4001/3423
f 1995/4099/3424 1987/4069/3424 1999/4061/3424
f 1967/4100/3425 1990/4101/3425 1972/4102/3425
f 1995/4099/3426 1981/4103/3426 1987/4069/3426
f 1981/4103/3427 1972/4104/3427 1990/4105/3427
f 1990/4105/3428 2000/4032/3428 1968/4034/3428
f 1459/4/3429 1240/4106/3429 1464/42/3429
f 1986/4107/3430 1999/4108/3430 1989/4109/3430
f 1201/4083/3431 1237/4053/3431 1195/4078/3431
f 1264/4110/3432 1201/4083/3432 1195/4078/3432
f 1966/4087/3433 1924/4084/3433 1998/4058/3433
f 1256/4097/3434 1197/4050/3434 1198/4049/3434
f 1240/4106/3435 1264/4110/3435 1464/42/3435
f 1720/4111/3436 1772/4112/3436 1718/4113/3436
f 1994/4047/3437 1998/4058/3437 1952/4085/3437
f 1195/4078/3438 1278/1120/3438 1264/4110/3438
f 1264/4110/3439 1228/4114/3439 1201/4083/3439
f 1995/4115/3440 1999/4094/3440 1952/4085/3440
f 1278/1120/3441 1195/4078/3441 1269/1123/3441
f 1992/4116/3442 1995/4115/3442 1924/4084/3442
f 1987/4069/3443 1990/4105/3443 1968/4034/3443
f 1239/1633/3444 1464/42/3444 1264/4110/3444
f 1924/4084/3445 1995/4115/3445 1952/4085/3445
f 1039/1625/3446 1262/1174/3446 1273/1188/3446
f 1264/4110/3447 1278/1120/3447 1239/1633/3447
f 1343/1158/3448 1273/1188/3448 1256/1159/3448
f 1821/1726/3449 1290/4117/3449 1982/4118/3449
f 1995/4099/3450 1988/4119/3450 1981/4103/3450
f 1718/4113/3451 1772/4112/3451 1769/4036/3451
f 1720/1754/3452 1982/4118/3452 1772/4051/3452
f 1769/4036/3453 1719/4035/3453 1718/4113/3453
f 1998/4058/3454 1934/4068/3454 1966/4087/3454
f 1982/4118/3455 1771/4014/3455 1772/4051/3455
f 1202/4070/3456 1348/4120/3456 1203/4056/3456
f 1247/4121/3457 1967/4100/3457 1233/4122/3457
f 1987/4069/3458 1981/4103/3458 1990/4105/3458
f 1773/394/3459 1792/1719/3459 1768/1715/3459
f 1349/4123/3460 1924/4124/3460 1966/4125/3460
f 1314/4126/3461 2006/4127/3461 1290/4117/3461
f 1463/20/3462 1458/5/3462 1278/1120/3462
f 1353/4128/3463 1969/4129/3463 1349/4130/3463
f 1984/4076/3464 1966/4087/3464 1936/4000/3464
f 1982/4118/3465 1984/4076/3465 1985/4013/3465
f 1720/1754/3466 1718/4131/3466 1823/1727/3466
f 1768/1715/3467 1719/4035/3467 17/381/3467
f 1719/4035/3468 1768/1715/3468 1718/4113/3468
f 1313/4132/3469 1966/4087/3469 1984/4076/3469
f 1341/4133/3470 1348/4134/3470 1247/4121/3470
f 1048/1608/3471 1027/1172/3471 1262/1174/3471
f 1048/1608/3472 1262/1174/3472 1039/1625/3472
f 1924/4135/3473 1349/4130/3473 1969/4129/3473
f 1363/4136/3474 1349/4130/3474 1966/4137/3474
f 1972/4102/3475 2001/4138/3475 1233/4122/3475
f 1988/4139/3476 1995/4140/3476 1992/4141/3476
f 1338/4142/3477 1286/1626/3477 1236/1160/3477
f 1048/1608/3478 1026/1616/3478 1021/4143/3478
f 1788/4144/3479 1791/1876/3479 1793/4145/3479
f 1822/1875/3480 1792/4146/3480 1791/1876/3480
f 1992/4147/3481 1924/4148/3481 2002/4149/3481
f 1982/4118/3482 1985/4013/3482 1771/4014/3482
f 1984/4076/3483 1982/4118/3483 1313/4132/3483
f 1233/4122/3484 1967/4100/3484 1972/4102/3484
f 1353/4128/3485 1349/4130/3485 1363/4136/3485
f 1966/4150/3486 1313/4151/3486 1363/4152/3486
f 1458/5/3487 1464/42/3487 1239/1633/3487
f 1353/4128/3488 1997/4153/3488 1969/4129/3488
f 1290/4117/3489 2006/4127/3489 1982/4118/3489
f 1768/1715/3490 1823/1721/3490 1718/4113/3490
f 1988/4119/3491 2010/4154/3491 1981/4103/3491
f 1981/4103/3492 2001/4155/3492 1972/4104/3492
f 1313/4132/3493 1982/4118/3493 2006/4127/3493
f 1202/4156/3494 1247/4121/3494 1348/4134/3494
f 1969/4129/3495 2002/4157/3495 1924/4135/3495
f 1338/4158/3496 1348/4134/3496 1341/4133/3496
f 1993/4159/3497 2010/4160/3497 1988/4139/3497
f 1773/725/3498 1793/728/3498 1792/4161/3498
f 1993/4159/3499 1988/4139/3499 1992/4141/3499
f 1793/4145/3500 1791/1876/3500 1792/4146/3500
f 1821/1726/3501 1982/4118/3501 1720/1754/3501
f 1784/1728/3502 1290/4117/3502 1821/1726/3502
f 1048/1608/3503 1021/4143/3503 1027/1172/3503
f 1792/1719/3504 1823/1721/3504 1768/1715/3504
f 1203/4056/3505 1236/1160/3505 1198/4057/3505
f 1203/4056/3506 1348/4120/3506 1236/1160/3506
f 1038/4162/3507 1290/4117/3507 1784/1728/3507
f 1292/1611/3508 1342/4163/3508 1343/1158/3508
f 1314/4126/3509 1290/4117/3509 1038/4162/3509
f 1233/4122/3510 1341/4133/3510 1247/4121/3510
f 1332/4164/3511 1362/4165/3511 1363/4152/3511
f 1993/4166/3512 2002/4167/3512 1969/4168/3512
f 1350/4169/3513 1362/4170/3513 1333/4171/3513
f 1332/4164/3514 1363/4152/3514 1313/4151/3514
f 1362/4170/3515 1332/4172/3515 1333/4171/3515
f 2001/4138/3516 1324/4173/3516 1341/4133/3516
f 1789/4174/3517 1788/4144/3517 1793/4145/3517
f 2006/4127/3518 1314/4126/3518 1332/4172/3518
f 1789/4175/3519 1819/1106/3519 1788/4176/3519
f 1393/4177/3520 1324/4178/3520 2001/4179/3520
f 1292/1611/3521 1343/1158/3521 1286/1626/3521
f 1286/1626/3522 1343/1158/3522 1236/1160/3522
f 1981/4103/3523 2010/4154/3523 2001/4155/3523
f 1969/4129/3524 1997/4153/3524 1993/4180/3524
f 1363/4152/3525 1362/4165/3525 1353/4181/3525
f 1332/4164/3526 1313/4151/3526 2006/4182/3526
f 1399/4183/3527 1347/4184/3527 1352/4185/3527
f 1357/4186/3528 1293/4187/3528 1355/4188/3528
f 1338/4142/3529 1236/1160/3529 1348/4120/3529
f 2005/4189/3530 1354/4190/3530 1319/4191/3530
f 1993/4192/3531 1992/4193/3531 2002/4194/3531
f 1288/4195/3532 1393/4177/3532 2010/4196/3532
f 2001/4179/3533 2010/4196/3533 1393/4177/3533
f 2005/4197/3534 1997/4153/3534 1354/4198/3534
f 1354/4199/3535 1353/4181/3535 1355/4200/3535
f 1353/4181/3536 1362/4165/3536 1355/4200/3536
f 2001/4138/3537 1341/4133/3537 1233/4122/3537
f 1356/4201/3538 1355/4188/3538 1293/4187/3538
f 1281/4202/3539 1352/4203/3539 1287/4204/3539
f 1287/4205/3540 1347/4206/3540 1346/4207/3540
f 1393/4177/3541 1346/4207/3541 1324/4178/3541
f 1319/4191/3542 2010/4208/3542 2005/4189/3542
f 1354/4199/3543 1355/4200/3543 1344/4209/3543
f 1362/4170/3544 1294/4210/3544 1357/4186/3544
f 1354/4199/3545 1997/4211/3545 1353/4181/3545
f 1324/4173/3546 1338/4158/3546 1341/4133/3546
f 2005/4197/3547 1993/4180/3547 1997/4153/3547
f 1314/4126/3548 1038/4162/3548 1303/4212/3548
f 1291/1598/3549 1338/4142/3549 1347/4184/3549
f 1355/4188/3550 1362/4170/3550 1357/4186/3550
f 1346/4213/3551 1347/4214/3551 1338/4215/3551
f 1046/4216/3552 1038/4162/3552 1784/1728/3552
f 1287/4205/3553 1346/4207/3553 1393/4177/3553
f 1286/1626/3554 1338/4142/3554 1291/1598/3554
f 1338/4158/3555 1324/4173/3555 1346/4217/3555
f 1790/1920/3556 1046/1879/3556 1784/4218/3556
f 1356/4201/3557 1344/4219/3557 1355/4188/3557
f 1287/4205/3558 1393/4177/3558 1288/4195/3558
f 1288/4220/3559 2010/4208/3559 1319/4191/3559
f 1351/4221/3560 1344/4222/3560 1356/4223/3560
f 1287/4205/3561 1352/4224/3561 1347/4206/3561
f 1039/1625/3562 1343/1158/3562 1041/1624/3562
f 1046/4216/3563 1811/1940/3563 1057/4225/3563
f 1281/4202/3564 1287/4204/3564 1288/4226/3564
f 1811/1940/3565 1775/2164/3565 1057/4225/3565
f 1292/1611/3566 1345/1610/3566 1321/4227/3566
f 1319/4228/3567 1344/4229/3567 1281/4230/3567
f 1319/4228/3568 1354/4231/3568 1344/4229/3568
f 2010/4208/3569 1993/4232/3569 2005/4189/3569
f 1282/4233/3570 1293/4187/3570 1357/4186/3570
f 1294/4210/3571 1282/4233/3571 1357/4186/3571
f 1351/4234/3572 1352/4203/3572 1281/4202/3572
f 1364/4235/3573 1333/4171/3573 1334/4236/3573
f 1282/4237/3574 1285/4238/3574 1293/4239/3574
f 1368/4240/3575 1340/1541/3575 1369/1580/3575
f 1399/4183/3576 1291/1598/3576 1347/4184/3576
f 1352/4203/3577 1351/4234/3577 1399/4241/3577
f 1057/4225/3578 1038/4162/3578 1046/4216/3578
f 1788/4176/3579 1836/1904/3579 1834/1906/3579
f 1788/4144/3580 1834/1874/3580 1791/1876/3580
f 1319/4228/3581 1281/4230/3581 1288/4242/3581
f 1057/4225/3582 1304/4243/3582 1038/4162/3582
f 1310/4244/3583 1325/4245/3583 1321/4227/3583
f 1819/1106/3584 1820/1108/3584 1836/1904/3584
f 1335/1532/3585 1284/4246/3585 1285/1533/3585
f 1350/4169/3586 1282/4233/3586 1294/4210/3586
f 1350/4169/3587 1333/4171/3587 1364/4235/3587
f 1392/4247/3588 1283/4248/3588 1366/4249/3588
f 1334/4236/3589 1314/4126/3589 1303/4212/3589
f 1310/4250/3590 1283/4248/3590 1392/4247/3590
f 1351/4251/3591 1281/4230/3591 1344/4229/3591
f 1403/4252/3592 1368/4253/3592 1321/4227/3592
f 1345/4254/3593 1310/4255/3593 1321/4256/3593
f 1293/4257/3594 1295/4258/3594 1356/4223/3594
f 1041/1624/3595 1343/1158/3595 1342/4163/3595
f 1351/4221/3596 1356/4223/3596 1295/4258/3596
f 1318/4259/3597 1291/4260/3597 1295/4261/3597
f 1304/4243/3598 1303/4212/3598 1038/4162/3598
f 1310/4262/3599 1282/4263/3599 1283/4264/3599
f 1295/4265/3600 1291/4266/3600 1399/4267/3600
f 1326/1585/3601 1369/4268/3601 1327/1530/3601
f 1360/4269/3602 1372/4270/3602 1395/4271/3602
f 1284/4272/3603 1295/4273/3603 1293/4274/3603
f 1366/4275/3604 1360/4269/3604 1395/4271/3604
f 1360/4269/3605 1364/4235/3605 1370/4276/3605
f 1041/1624/3606 1342/4163/3606 1326/4277/3606
f 1295/4278/3607 1399/4241/3607 1351/4234/3607
f 1335/1399/3608 1295/1398/3608 1284/4279/3608
f 1293/4274/3609 1285/4280/3609 1284/4272/3609
f 1370/4276/3610 1304/4243/3610 2007/4281/3610
f 1403/4252/3611 1321/4227/3611 1325/4245/3611
f 1334/4236/3612 1332/4172/3612 1314/4126/3612
f 1794/4282/3613 1304/4243/3613 1057/4225/3613
f 1836/1904/3614 1788/4176/3614 1819/1106/3614
f 1333/4171/3615 1332/4172/3615 1334/4236/3615
f 1285/1533/3616 1282/4283/3616 1345/1561/3616
f 1794/4282/3617 2007/4281/3617 1304/4243/3617
f 1366/4275/3618 1358/4284/3618 1308/4285/3618
f 1364/4235/3619 1304/4243/3619 1370/4276/3619
f 1283/4286/3620 1282/4233/3620 1350/4169/3620
f 1326/4287/3621 1342/4288/3621 1369/4289/3621
f 1360/4269/3622 1283/4286/3622 1364/4235/3622
f 1312/4290/3623 1322/1599/3623 1368/4240/3623
f 1322/1599/3624 1340/1541/3624 1368/4240/3624
f 1342/4163/3625 1292/1611/3625 1321/4227/3625
f 1294/4210/3626 1362/4170/3626 1350/4169/3626
f 1364/4235/3627 1283/4286/3627 1350/4169/3627
f 1364/4235/3628 1334/4236/3628 1304/4243/3628
f 1334/4236/3629 1303/4212/3629 1304/4243/3629
f 1310/4262/3630 1345/4291/3630 1282/4263/3630
f 1372/4270/3631 2008/4292/3631 2016/4293/3631
f 1057/4225/3632 1775/2164/3632 1794/4282/3632
f 1360/4269/3633 1366/4275/3633 1283/4286/3633
f 1368/4253/3634 1342/4163/3634 1321/4227/3634
f 1368/4253/3635 1369/4294/3635 1342/4163/3635
f 2009/4295/3636 1817/4296/3636 1835/4297/3636
f 1310/4244/3637 1392/4298/3637 1325/4245/3637
f 1392/4299/3638 1366/4300/3638 1306/4301/3638
f 1396/4302/3639 1339/4303/3639 1403/4252/3639
f 2016/4293/3640 2008/4292/3640 2009/4295/3640
f 1396/4302/3641 1403/4252/3641 1325/4245/3641
f 1339/4304/3642 1331/4305/3642 1329/4306/3642
f 1835/4297/3643 1782/4307/3643 2014/4308/3643
f 1370/4276/3644 2008/4292/3644 1372/4270/3644
f 1392/4309/3645 1337/4310/3645 1325/4311/3645
f 1329/4312/3646 1311/1285/3646 1312/1287/3646
f 2009/4295/3647 1794/4282/3647 1817/4296/3647
f 2007/4281/3648 1794/4282/3648 2009/4295/3648
f 1835/4297/3649 1809/2241/3649 1782/4307/3649
f 1328/4313/3650 1395/4314/3650 1365/4315/3650
f 1818/2195/3651 1817/4296/3651 1775/2164/3651
f 2009/4295/3652 1835/4297/3652 2014/4308/3652
f 1308/4316/3653 1306/4317/3653 1366/4318/3653
f 1337/4319/3654 1392/4299/3654 1306/4301/3654
f 1372/4270/3655 1360/4269/3655 1370/4276/3655
f 1328/4313/3656 1396/4320/3656 1337/4321/3656
f 1339/4304/3657 1395/4322/3657 1402/4323/3657
f 1835/4297/3658 1818/2195/3658 1809/2241/3658
f 1017/2429/3659 1032/1629/3659 1016/1628/3659
f 1359/4324/3660 1308/4285/3660 1358/4284/3660
f 1835/4297/3661 1817/4296/3661 1818/2195/3661
f 1396/4302/3662 1325/4245/3662 1337/4325/3662
f 1329/4306/3663 1403/4326/3663 1339/4304/3663
f 1339/4304/3664 1402/4323/3664 1331/4305/3664
f 1395/4322/3665 1339/4304/3665 1365/4327/3665
f 1817/4296/3666 1794/4282/3666 1775/2164/3666
f 1328/4313/3667 1365/4315/3667 1339/4328/3667
f 2008/4292/3668 1370/4276/3668 2007/4281/3668
f 2011/4329/3669 2009/4295/3669 2014/4308/3669
f 1359/4324/3670 1358/4284/3670 1328/4330/3670
f 1358/4284/3671 1395/4271/3671 1328/4330/3671
f 2011/4329/3672 2014/4308/3672 1782/4307/3672
f 1395/4271/3673 1372/4270/3673 2013/4331/3673
f 2009/4295/3674 2008/4292/3674 2007/4281/3674
f 1329/4332/3675 1401/1292/3675 1311/4333/3675
f 1316/4334/3676 1401/1292/3676 1331/4335/3676
f 1368/4240/3677 1329/4336/3677 1312/4290/3677
f 1329/4337/3678 1368/4253/3678 1403/4252/3678
f 1405/4338/3679 1406/4339/3679 1402/4323/3679
f 1358/4284/3680 1366/4275/3680 1395/4271/3680
f 1359/4340/3681 1306/4317/3681 1308/4316/3681
f 2012/4341/3682 1372/4270/3682 2016/4293/3682
f 1331/4305/3683 1401/4342/3683 1329/4306/3683
f 2012/4341/3684 2013/4331/3684 1372/4270/3684
f 1328/4313/3685 1339/4328/3685 1396/4320/3685
f 1405/4338/3686 1402/4323/3686 2013/4343/3686
f 2015/4344/3687 2013/4331/3687 2012/4341/3687
f 1307/4345/3688 1383/4346/3688 1336/4347/3688
f 2013/4343/3689 1402/4323/3689 1395/4322/3689
f 2016/4293/3690 2009/4295/3690 2011/4329/3690
f 1306/4348/3691 1359/4349/3691 1337/4350/3691
f 1323/4351/3692 1316/4352/3692 1397/4353/3692
f 1323/4351/3693 1397/4353/3693 1307/4345/3693
f 1316/4334/3694 1323/4354/3694 1336/4355/3694
f 1406/4339/3695 1331/4305/3695 1402/4323/3695
f 1315/4356/3696 1307/4345/3696 1397/4353/3696
f 1336/4355/3697 1383/1206/3697 1391/1370/3697
f 1405/4357/3698 1404/4358/3698 1371/4359/3698
f 1404/4360/3699 1405/4361/3699 2013/4362/3699
f 1367/1234/3700 1315/4356/3700 1361/4363/3700
f 1316/4334/3701 1331/4335/3701 1371/4364/3701
f 2021/4365/3702 2012/4341/3702 2016/4293/3702
f 1378/1191/3703 1307/4345/3703 1315/4356/3703
f 1404/4358/3704 2013/4366/3704 2017/4367/3704
f 1079/4368/3705 1782/4307/3705 1035/4369/3705
f 2011/4329/3706 2021/4365/3706 2016/4293/3706
f 1316/4334/3707 1391/1370/3707 1401/1292/3707
f 1130/4370/3708 1036/1244/3708 1433/4371/3708
f 1307/4345/3709 1336/4347/3709 1323/4351/3709
f 1331/4372/3710 1406/4373/3710 1371/4374/3710
f 1404/4358/3711 1400/4375/3711 1398/4376/3711
f 1405/4377/3712 1371/4378/3712 1406/4379/3712
f 1307/4345/3713 1378/1191/3713 1383/4346/3713
f 1404/4358/3714 1316/4380/3714 1371/4359/3714
f 1130/4370/3715 1093/1461/3715 1036/1244/3715
f 1079/2277/3716 1080/2276/3716 1128/4381/3716
f 1128/4381/3717 1080/2276/3717 1129/2268/3717
f 2021/4365/3718 2011/4329/3718 1410/4382/3718
f 1400/4375/3719 1404/4358/3719 2017/4367/3719
f 1397/4353/3720 1316/4352/3720 1398/4383/3720
f 1359/4384/3721 1328/4313/3721 1337/4321/3721
f 1446/4385/3722 1435/4386/3722 1133/4387/3722
f 1128/4388/3723 1408/4389/3723 1410/4382/3723
f 2017/4390/3724 2013/4391/3724 2015/4392/3724
f 1378/1191/3725 1315/4356/3725 1367/1234/3725
f 1316/4334/3726 1336/4355/3726 1391/1370/3726
f 1128/4381/3727 1078/4393/3727 1079/2277/3727
f 1130/4370/3728 1131/2342/3728 1093/1461/3728
f 1103/3332/3729 1107/2341/3729 1105/4394/3729
f 1390/1291/3730 1311/4333/3730 1401/1292/3730
f 1404/4358/3731 1398/4376/3731 1316/4380/3731
f 1093/1461/3732 1064/1245/3732 1036/1244/3732
f 1411/4395/3733 1433/4396/3733 1451/4397/3733
f 1407/4398/3734 2018/4399/3734 1409/4400/3734
f 1446/4385/3735 1130/4370/3735 1433/4371/3735
f 2018/4399/3736 2021/4365/3736 1410/4382/3736
f 1129/2268/3737 1107/2280/3737 1128/4381/3737
f 2020/4401/3738 1438/4402/3738 1456/4403/3738
f 2020/4401/3739 2012/4341/3739 2018/4399/3739
f 1079/4368/3740 2011/4329/3740 1782/4307/3740
f 1315/4356/3741 1418/4404/3741 1425/4405/3741
f 1409/4400/3742 2018/4399/3742 1410/4382/3742
f 1361/4363/3743 1387/1189/3743 1367/1234/3743
f 1409/4400/3744 1410/4382/3744 1408/4389/3744
f 1315/4356/3745 1426/4406/3745 1361/4363/3745
f 1092/2586/3746 1131/2342/3746 1130/4370/3746
f 1400/4407/3747 2017/4408/3747 2019/4409/3747
f 2019/4410/3748 1441/4411/3748 1400/4375/3748
f 2015/4344/3749 2020/4401/3749 2004/4412/3749
f 1414/4413/3750 1442/4414/3750 1416/4415/3750
f 1441/4416/3751 1418/4404/3751 1398/4383/3751
f 2012/4341/3752 2021/4365/3752 2018/4399/3752
f 1408/4389/3753 1128/4388/3753 1103/3332/3753
f 2018/4417/3754 1438/4418/3754 2020/4419/3754
f 2015/4344/3755 2012/4341/3755 2020/4401/3755
f 1435/4386/3756 1126/3336/3756 1133/4387/3756
f 1078/4420/3757 2011/4329/3757 1079/4368/3757
f 1425/4405/3758 1426/4406/3758 1315/4356/3758
f 1410/4382/3759 2011/4329/3759 1078/4420/3759
f 1128/4381/3760 1410/4421/3760 1078/4393/3760
f 1412/4422/3761 1411/4395/3761 1451/4397/3761
f 1438/4423/3762 2018/4424/3762 1407/4425/3762
f 1437/4426/3763 1446/4385/3763 1433/4371/3763
f 1407/4398/3764 1434/4427/3764 1438/4402/3764
f 1408/4428/3765 1427/4429/3765 1440/4430/3765
f 2019/4431/3766 2004/4412/3766 2020/4401/3766
f 1415/1162/3767 1416/4432/3767 1412/4422/3767
f 1431/4433/3768 1435/4386/3768 1446/4385/3768
f 1397/4353/3769 1398/4383/3769 1418/4404/3769
f 1417/4434/3770 1409/4435/3770 1408/4436/3770
f 1133/4437/3771 1104/4438/3771 1092/4439/3771
f 1442/4440/3772 1411/4441/3772 1416/4442/3772
f 1103/4443/3773 1128/4381/3773 1107/2280/3773
f 1429/3331/3774 1427/4444/3774 1103/3332/3774
f 1105/4394/3775 1104/2311/3775 1133/4445/3775
f 2004/4446/3776 2017/4447/3776 2015/4448/3776
f 1456/4403/3777 1438/4402/3777 1434/4427/3777
f 1437/4426/3778 1433/4371/3778 1411/4449/3778
f 1398/4376/3779 1400/4375/3779 1441/4411/3779
f 1437/4450/3780 1440/4451/3780 1427/4452/3780
f 2004/4453/3781 2019/4409/3781 2017/4408/3781
f 1432/4454/3782 1437/4450/3782 1427/4452/3782
f 1315/4356/3783 1397/4353/3783 1418/4404/3783
f 1434/4455/3784 1414/4456/3784 1413/4457/3784
f 1427/4444/3785 1408/4389/3785 1103/3332/3785
f 1427/4458/3786 1429/4459/3786 1432/4460/3786
f 1126/4461/3787 1092/4462/3787 1104/4463/3787
f 1423/4464/3788 1419/4465/3788 1426/4406/3788
f 1456/4403/3789 2019/4431/3789 2020/4401/3789
f 1421/4466/3790 1417/4467/3790 1442/4468/3790
f 1104/2311/3791 1107/2341/3791 1110/2312/3791
f 1423/4464/3792 1426/4406/3792 1425/4405/3792
f 1104/2311/3793 1105/4394/3793 1107/2341/3793
f 1437/4469/3794 1411/4441/3794 1442/4440/3794
f 1446/4385/3795 1092/2586/3795 1130/4370/3795
f 1445/4470/3796 1416/4432/3796 1415/1162/3796
f 1409/4400/3797 1421/4471/3797 1407/4398/3797
f 1434/4455/3798 1413/4457/3798 2019/4472/3798
f 1441/4411/3799 2019/4410/3799 1444/4473/3799
f 1446/4385/3800 1133/4387/3800 1092/2586/3800
f 1456/4474/3801 1434/4455/3801 2019/4472/3801
f 1442/4475/3802 1417/4476/3802 1408/4477/3802
f 2019/4472/3803 1413/4457/3803 1443/4478/3803
f 1430/3333/3804 1103/3332/3804 1105/4394/3804
f 1133/3328/3805 1430/3330/3805 1105/4479/3805
f 1414/4456/3806 1416/4432/3806 1445/4470/3806
f 1431/4433/3807 1446/4385/3807 1437/4426/3807
f 1447/4480/3808 1453/1164/3808 1448/4481/3808
f 1417/4467/3809 1421/4466/3809 1409/4482/3809
f 1421/4471/3810 1434/4427/3810 1407/4398/3810
f 1421/4483/3811 1414/4456/3811 1434/4455/3811
f 1425/4484/3812 1441/4485/3812 1444/4486/3812
f 1411/4395/3813 1412/4422/3813 1416/4432/3813
f 1447/4480/3814 1443/4478/3814 1445/4470/3814
f 1414/4456/3815 1421/4483/3815 1442/4487/3815
f 1426/4406/3816 1419/4465/3816 1361/4363/3816
f 1106/4488/3817 1122/2573/3817 1126/3336/3817
f 1428/4489/3818 1126/4490/3818 1104/4491/3818
f 2019/4472/3819 1443/4478/3819 1444/4486/3819
f 1425/4405/3820 1418/4404/3820 1441/4416/3820
f 1106/4488/3821 1126/3336/3821 1435/4386/3821
f 1443/4478/3822 1414/4456/3822 1445/4470/3822
f 1423/4492/3823 1425/4484/3823 1444/4486/3823
f 1447/4480/3824 1422/4493/3824 1444/4486/3824
f 1437/4494/3825 1442/4495/3825 1440/4430/3825
f 1447/4480/3826 1444/4486/3826 1443/4478/3826
f 1442/4495/3827 1408/4428/3827 1440/4430/3827
f 1120/4496/3828 1106/4497/3828 1428/4498/3828
f 1423/4492/3829 1444/4486/3829 1422/4493/3829
f 1443/4478/3830 1413/4457/3830 1414/4456/3830
f 1120/4499/3831 1428/4500/3831 1104/4501/3831
f 1428/4502/3832 1106/4488/3832 1435/4386/3832
f 1449/1214/3833 1450/1145/3833 1455/4503/3833
f 1361/4363/3834 1420/1196/3834 1387/1189/3834
f 1445/4470/3835 1415/1162/3835 1453/1164/3835
f 1451/4397/3836 1433/4396/3836 1067/1212/3836
f 1451/4397/3837 1067/1212/3837 1373/1211/3837
f 1424/4504/3838 1436/4505/3838 1457/4506/3838
f 1067/1212/3839 1433/4396/3839 1036/4507/3839
f 1454/4508/3840 1412/4509/3840 1449/4510/3840
f 1449/1214/3841 1455/4503/3841 1452/4511/3841
f 1420/1196/3842 1424/4512/3842 1457/1195/3842
f 1419/4465/3843 1424/4512/3843 1420/1196/3843
f 1415/1162/3844 1412/4422/3844 1454/1163/3844
f 1454/4513/3845 1449/1214/3845 1452/4511/3845
f 1453/1164/3846 1454/1163/3846 1452/4514/3846
f 1520/1739/3847 1595/1777/3847 2078/1755/3847
f 1361/4363/3848 1419/4465/3848 1420/1196/3848
f 1422/4515/3849 1424/4512/3849 1419/4465/3849
f 430/330/3850 1856/3551/3850 1854/4516/3850
f 1448/4481/3851 1424/4517/3851 1422/4493/3851
f 1448/4481/3852 1436/4518/3852 1424/4517/3852
f 1898/3557/3853 1916/4519/3853 1909/3550/3853
f 1905/3542/3854 1858/3544/3854 1916/4520/3854
f 1854/979/3855 1857/4521/3855 428/978/3855
f 1856/4522/3856 1911/4523/3856 1857/4521/3856
f 1448/4481/3857 1452/4514/3857 1436/4518/3857
f 1916/4524/3858 1898/4525/3858 1905/4526/3858
f 1176/4527/3859 1905/4526/3859 1170/4528/3859
f 1911/4523/3860 1856/4522/3860 1916/4529/3860
f 428/329/3861 1857/4530/3861 1855/327/3861
f 1445/4470/3862 1453/1164/3862 1447/4480/3862
f 1452/4514/3863 1448/4481/3863 1453/1164/3863
f 1856/3551/3864 1909/3550/3864 1916/4519/3864
f 1854/979/3865 1856/4522/3865 1857/4521/3865
f 1857/4530/3866 1911/3546/3866 1896/3545/3866
f 1857/4530/3867 1896/3545/3867 1855/327/3867
f 1604/4531/3868 1567/355/3868 1626/1903/3868
f 1170/4528/3869 1905/4526/3869 1898/4525/3869
f 1423/4464/3870 1422/4515/3870 1419/4465/3870
f 1447/4480/3871 1448/4481/3871 1422/4493/3871
f 1916/4529/3872 1858/4532/3872 1911/4523/3872
f 1650/4533/3873 1642/4534/3873 1652/4535/3873
f 293/726/3874 1819/317/3874 1789/4536/3874
f 1242/3995/3875 1461/3994/3875 12/4537/3875
f 317/3887/3876 305/4538/3876 1937/3868/3876
f 1937/4539/3877 305/4540/3877 1763/4541/3877
f 1757/3789/3878 304/769/3878 55/175/3878
f 1877/3854/3879 482/3853/3879 481/4542/3879
f 1877/3817/3880 36/116/3880 1902/118/3880
f 485/1116/3881 50/1115/3881 1943/4543/3881
f 1707/3650/3882 50/1115/3882 46/1117/3882
f 50/1115/3883 1701/3651/3883 78/4544/3883
f 1848/4545/3884 114/274/3884 108/275/3884
f 491/270/3885 1848/4546/3885 108/271/3885
f 1848/2597/3886 1873/324/3886 114/294/3886
f 374/3922/3887 481/4542/3887 482/3853/3887
f 2064/4547/3888 2024/3334/3888 1660/3369/3888
f 2064/4547/3889 2030/4548/3889 2024/3334/3889
f 2024/3334/3890 2030/4548/3890 2042/4549/3890
f 1557/3275/3891 2026/3274/3891 2062/4550/3891
f 2040/4551/3892 2033/4552/3892 2038/4553/3892
f 2042/4549/3893 2026/4554/3893 2032/3335/3893
f 2032/3299/3894 2026/3293/3894 1564/3295/3894
f 2040/4555/3895 2038/4556/3895 2037/4557/3895
f 2030/4548/3896 2035/4558/3896 2040/4551/3896
f 2042/4549/3897 2032/3335/3897 2024/3334/3897
f 2033/4552/3898 2031/697/3898 2038/4553/3898
f 2035/4558/3899 2064/4547/3899 2067/4559/3899
f 2031/697/3900 2034/696/3900 2038/4553/3900
f 2042/4549/3901 2062/4560/3901 2026/4554/3901
f 2044/4561/3902 2040/4551/3902 2037/4562/3902
f 2033/4552/3903 2040/4551/3903 2067/4559/3903
f 2038/4563/3904 85/4564/3904 2037/4565/3904
f 2067/4559/3905 2040/4551/3905 2035/4558/3905
f 2034/686/3906 85/681/3906 2038/4566/3906
f 2041/4567/3907 2044/4561/3907 2037/4562/3907
f 2041/4567/3908 2049/4568/3908 2044/4561/3908
f 2047/4569/3909 2045/4570/3909 68/4571/3909
f 2041/4567/3910 2036/687/3910 2045/4572/3910
f 2037/4573/3911 85/4574/3911 2036/4575/3911
f 2037/4562/3912 2036/687/3912 2041/4567/3912
f 2042/4549/3913 2030/4548/3913 2039/4576/3913
f 2062/4577/3914 2042/4578/3914 2046/4579/3914
f 2064/4547/3915 2035/4558/3915 2030/4548/3915
f 2039/4576/3916 2030/4548/3916 2044/4561/3916
f 2049/4568/3917 2042/4549/3917 2039/4576/3917
f 267/656/3918 2045/4572/3918 2036/687/3918
f 267/656/3919 68/655/3919 2045/4572/3919
f 2059/4580/3920 2051/4581/3920 2050/4582/3920
f 2044/4561/3921 2030/4548/3921 2040/4551/3921
f 2047/4583/3922 2050/4582/3922 2051/4581/3922
f 2053/4584/3923 2054/4585/3923 2057/4586/3923
f 2056/4587/3924 2046/4588/3924 2049/4568/3924
f 2039/4576/3925 2044/4561/3925 2049/4568/3925
f 275/690/3926 281/666/3926 2043/4589/3926
f 2049/4568/3927 2046/4588/3927 2042/4549/3927
f 2051/4590/3928 2059/4591/3928 2041/4567/3928
f 2041/4567/3929 2059/4591/3929 2049/4568/3929
f 2043/4589/3930 281/666/3930 2053/4592/3930
f 2062/4577/3931 2046/4579/3931 2055/4593/3931
f 1552/1971/3932 1557/3275/3932 2062/4550/3932
f 2045/4572/3933 2051/4590/3933 2041/4567/3933
f 2047/4594/3934 2051/4590/3934 2045/4572/3934
f 2057/4586/3935 2043/4595/3935 2053/4584/3935
f 2055/4596/3936 2056/4597/3936 2060/4598/3936
f 2079/4599/3937 2061/4600/3937 2052/4601/3937
f 2055/4593/3938 2046/4579/3938 2056/4602/3938
f 2048/4603/3939 2052/4601/3939 2050/4604/3939
f 2052/4605/3940 2061/4606/3940 2060/4598/3940
f 2048/4603/3941 2047/4569/3941 2057/4586/3941
f 2056/4607/3942 2049/4608/3942 2059/4609/3942
f 2060/4598/3943 2061/4606/3943 2058/4610/3943
f 68/4571/3944 2057/4586/3944 2047/4569/3944
f 68/4571/3945 2043/4595/3945 2057/4586/3945
f 2061/4611/3946 2079/981/3946 276/88/3946
f 2056/4612/3947 2059/4613/3947 2050/4614/3947
f 2057/4586/3948 2054/4585/3948 2052/4601/3948
f 2047/4569/3949 2048/4603/3949 2050/4604/3949
f 2060/4615/3950 2056/4612/3950 2050/4614/3950
f 2048/4603/3951 2057/4586/3951 2052/4601/3951
f 2052/4616/3952 2060/4615/3952 2050/4614/3952
f 276/683/3953 1611/685/3953 2061/4606/3953
f 2058/4610/3954 2055/4596/3954 2060/4598/3954
f 2061/4606/3955 1611/685/3955 2058/4610/3955
f 2063/1955/3956 2062/4550/3956 2055/4596/3956
f 2062/4550/3957 2063/1955/3957 1552/1971/3957
f 2063/1955/3958 2055/4596/3958 2058/4610/3958
f 2058/4610/3959 1606/1938/3959 2063/1955/3959
f 2065/4617/3960 2067/4559/3960 2064/4547/3960
f 2066/3074/3961 2064/4547/3961 1660/3369/3961
f 2066/3074/3962 1660/3369/3962 2027/3368/3962
f 2065/4617/3963 2064/4547/3963 2066/3074/3963
f 1686/2262/3964 2033/4618/3964 2065/3018/3964
f 1686/2262/3965 2031/2309/3965 2033/4618/3965
f 2033/4552/3966 2067/4559/3966 2065/4617/3966
f 486/825/3967 2069/4619/3967 2068/826/3967
f 2069/4619/3968 2070/842/3968 2068/826/3968
f 2069/4619/3969 2074/2984/3969 2073/4620/3969
f 2069/4619/3970 2073/4620/3970 2070/842/3970
f 2074/2984/3971 2069/4619/3971 2025/2964/3971
f 2071/843/3972 2070/842/3972 2103/4621/3972
f 2103/4621/3973 2072/4622/3973 2071/843/3973
f 2103/4621/3974 2102/4623/3974 2076/4624/3974
f 2075/4625/3975 2105/4626/3975 2103/4621/3975
f 2070/842/3976 2073/4620/3976 2075/4625/3976
f 2077/4627/3977 2071/843/3977 2072/4622/3977
f 2076/4628/3978 2072/4629/3978 2103/4630/3978
f 2070/842/3979 2075/4625/3979 2103/4621/3979
f 1529/2983/3980 2078/1755/3980 2074/2984/3980
f 2099/4631/3981 2082/4632/3981 2097/4633/3981
f 2085/4634/3982 2053/4584/3982 2086/4635/3982
f 2079/4599/3983 2052/4601/3983 440/4636/3983
f 2079/4637/3984 440/994/3984 438/989/3984
f 2082/4632/3985 2084/4638/3985 2091/4639/3985
f 2096/4640/3986 2092/4641/3986 2087/4642/3986
f 2086/4635/3987 448/4643/3987 2090/4644/3987
f 443/1006/3988 2092/1021/3988 1627/1751/3988
f 2082/4632/3989 2088/4645/3989 2097/4633/3989
f 2084/4638/3990 2104/4646/3990 2091/4639/3990
f 2091/4639/3991 2104/4646/3991 2083/4647/3991
f 446/1008/3992 2080/4648/3992 2081/4649/3992
f 2080/4650/3993 2097/4651/3993 2088/4652/3993
f 2088/4652/3994 2081/4653/3994 2080/4650/3994
f 2087/4654/3995 2092/1021/3995 446/1008/3995
f 2094/4655/3996 2090/4644/3996 2097/4633/3996
f 31/1009/3997 2085/4656/3997 2094/1010/3997
f 446/1008/3998 2093/4657/3998 2087/4654/3998
f 2085/4634/3999 31/4658/3999 2089/4659/3999
f 446/1008/4000 2081/4649/4000 2093/4657/4000
f 2087/4654/4001 2093/4657/4001 2083/4647/4001
f 2054/4585/4002 2089/4659/4002 2052/4601/4002
f 2091/4639/4003 2083/4647/4003 2093/4657/4003
f 2053/4592/4004 281/666/4004 2086/1003/4004
f 2054/4585/4005 2085/4634/4005 2089/4659/4005
f 2086/4635/4006 2090/4644/4006 2085/4634/4006
f 2090/4644/4007 2094/4655/4007 2085/4634/4007
f 2088/4652/4008 2091/4660/4008 2081/4653/4008
f 2085/4634/4009 2054/4585/4009 2053/4584/4009
f 448/4643/4010 2097/4633/4010 2090/4644/4010
f 2083/4647/4011 2100/4661/4011 2087/4654/4011
f 2089/4659/4012 440/4636/4012 2052/4601/4012
f 2075/4625/4013 2098/4662/4013 2095/4663/4013
f 2094/4655/4014 2097/4633/4014 2080/4648/4014
f 2087/4654/4015 2095/4663/4015 2096/4664/4015
f 2082/4632/4016 2091/4639/4016 2088/4645/4016
f 448/4643/4017 2099/4631/4017 2097/4633/4017
f 442/1005/4018 446/1008/4018 2092/1021/4018
f 2095/4663/4019 2098/4662/4019 2096/4664/4019
f 2102/4623/4020 2103/4621/4020 2100/4661/4020
f 2096/4665/4021 2098/4666/4021 2092/4667/4021
f 443/1006/4022 1627/1751/4022 444/1020/4022
f 2093/4657/4023 2081/4649/4023 2091/4639/4023
f 2098/4662/4024 2101/1771/4024 1627/1751/4024
f 2073/4620/4025 2098/4662/4025 2075/4625/4025
f 2098/4662/4026 1595/1777/4026 2101/1771/4026
f 2105/4626/4027 2075/4625/4027 2095/4663/4027
f 2104/4646/4028 2084/4638/4028 2102/4623/4028
f 2100/4661/4029 2105/4626/4029 2087/4654/4029
f 2105/4626/4030 2095/4663/4030 2087/4654/4030
f 2098/4662/4031 2074/2984/4031 1595/1777/4031
f 2083/4647/4032 2104/4646/4032 2100/4661/4032
f 2102/4623/4033 2100/4661/4033 2104/4646/4033
f 2092/1021/4034 2098/4662/4034 1627/1751/4034
f 2100/4661/4035 2103/4621/4035 2105/4626/4035
f 2074/2984/4036 2078/1755/4036 1595/1777/4036
f 2073/4620/4037 2074/2984/4037 2098/4662/4037
f 2024/3334/4038 1634/3322/4038 1660/3369/4038
f 444/1020/4039 1627/1751/4039 1574/1753/4039
f 2025/2964/4040 2069/4619/4040 486/825/4040
f 1679/3019/4041 2065/3018/4041 2066/4668/4041
f 1606/1938/4042 2058/4610/4042 1611/685/4042
