# Blender 5.0.1
# www.blender.org
mtllib pie_izq_yae.mtl
g 肌.006_Malla
v -0.006971 -0.019596 -0.023367
v -0.007334 -0.021533 -0.024428
v -0.003954 -0.020560 -0.026477
v -0.003954 -0.020560 -0.026477
v -0.003538 -0.017928 -0.024945
v -0.006971 -0.019596 -0.023367
v -0.003954 -0.020560 -0.026477
v 0.000205 -0.021100 -0.027157
v 0.000592 -0.018717 -0.024751
v 0.000592 -0.018717 -0.024751
v -0.003538 -0.017928 -0.024945
v -0.003954 -0.020560 -0.026477
v 0.005694 -0.032586 -0.021858
v 0.004391 -0.032601 -0.012609
v 0.007163 -0.029501 -0.018282
v 0.000205 -0.021100 -0.027157
v -0.001120 -0.022359 -0.028585
v 0.001394 -0.022675 -0.028416
v 0.003188 -0.024380 -0.030715
v 0.003316 -0.023880 -0.029775
v 0.000877 -0.024900 -0.031115
v 0.001394 -0.022675 -0.028416
v 0.003685 -0.022160 -0.026583
v 0.000205 -0.021100 -0.027157
v 0.000205 -0.021100 -0.027157
v -0.003954 -0.020560 -0.026477
v -0.003694 -0.021635 -0.027441
v -0.003694 -0.021635 -0.027441
v -0.001120 -0.022359 -0.028585
v 0.000205 -0.021100 -0.027157
v -0.007334 -0.021533 -0.024428
v -0.003694 -0.021635 -0.027441
v -0.003954 -0.020560 -0.026477
v -0.003589 -0.032631 -0.035778
v -0.003341 -0.032814 -0.030697
v -0.000742 -0.032855 -0.031230
v -0.000742 -0.032855 -0.031230
v -0.001211 -0.032615 -0.036168
v -0.003589 -0.032631 -0.035778
v -0.007179 -0.032409 -0.033232
v -0.007144 -0.032665 -0.028844
v -0.004696 -0.032754 -0.030361
v -0.004696 -0.032754 -0.030361
v -0.004765 -0.032455 -0.034063
v -0.007179 -0.032409 -0.033232
v -0.011783 -0.032770 -0.031312
v -0.010877 -0.032323 -0.031179
v -0.010789 -0.031451 -0.032597
v -0.010789 -0.031451 -0.032597
v -0.011748 -0.031774 -0.033011
v -0.011783 -0.032770 -0.031312
v -0.011783 -0.032770 -0.031312
v -0.011117 -0.032341 -0.029426
v -0.010877 -0.032323 -0.031179
v -0.011783 -0.032770 -0.031312
v -0.012698 -0.032605 -0.031206
v -0.013099 -0.032635 -0.029233
v -0.011783 -0.032770 -0.031312
v -0.013099 -0.032635 -0.029233
v -0.011117 -0.032341 -0.029426
v -0.012563 -0.028529 -0.029803
v -0.011262 -0.028727 -0.029933
v -0.011480 -0.027065 -0.026688
v -0.012466 -0.030259 -0.032073
v -0.011836 -0.030864 -0.033357
v -0.011737 -0.030117 -0.031989
v -0.011737 -0.030117 -0.031989
v -0.011836 -0.030864 -0.033357
v -0.011294 -0.030659 -0.033107
v -0.011783 -0.032770 -0.031312
v -0.011748 -0.031774 -0.033011
v -0.012831 -0.031899 -0.032706
v -0.012831 -0.031899 -0.032706
v -0.012698 -0.032605 -0.031206
v -0.011783 -0.032770 -0.031312
v -0.010874 -0.029825 -0.029530
v -0.010535 -0.026695 -0.027222
v -0.011480 -0.027065 -0.026688
v -0.007728 -0.029432 -0.031794
v -0.007526 -0.025558 -0.028804
v -0.008468 -0.025806 -0.028401
v -0.004223 -0.028957 -0.032592
v -0.004696 -0.032754 -0.030361
v -0.003341 -0.032814 -0.030697
v -0.004223 -0.028957 -0.032592
v -0.003827 -0.024538 -0.030453
v -0.004983 -0.024832 -0.030068
v -0.000037 -0.028824 -0.032929
v -0.000742 -0.032855 -0.031230
v 0.001024 -0.032754 -0.031491
v -0.010808 -0.030415 -0.030166
v -0.010789 -0.031451 -0.032597
v -0.010877 -0.032323 -0.031179
v -0.010877 -0.032323 -0.031179
v -0.011117 -0.032341 -0.029426
v -0.010808 -0.030415 -0.030166
v -0.012698 -0.032605 -0.031206
v -0.012831 -0.031899 -0.032706
v -0.013656 -0.030866 -0.029908
v -0.013656 -0.030866 -0.029908
v -0.013099 -0.032635 -0.029233
v -0.012698 -0.032605 -0.031206
v -0.013656 -0.030866 -0.029908
v -0.012831 -0.031899 -0.032706
v -0.012665 -0.030924 -0.032880
v -0.010808 -0.030415 -0.030166
v -0.011195 -0.030613 -0.032727
v -0.010789 -0.031451 -0.032597
v -0.012260 -0.029608 -0.031316
v -0.012563 -0.028529 -0.029803
v -0.013360 -0.029259 -0.029716
v -0.013360 -0.029259 -0.029716
v -0.013086 -0.030058 -0.031271
v -0.012260 -0.029608 -0.031316
v -0.013086 -0.030058 -0.031271
v -0.013656 -0.030866 -0.029908
v -0.012665 -0.030924 -0.032880
v -0.013086 -0.030058 -0.031271
v -0.013360 -0.029259 -0.029716
v -0.013656 -0.030866 -0.029908
v -0.010808 -0.030415 -0.030166
v -0.010874 -0.029825 -0.029530
v -0.011262 -0.028727 -0.029933
v -0.011262 -0.028727 -0.029933
v -0.011374 -0.029660 -0.031297
v -0.010808 -0.030415 -0.030166
v -0.011374 -0.029660 -0.031297
v -0.011195 -0.030613 -0.032727
v -0.010808 -0.030415 -0.030166
v -0.011262 -0.028727 -0.029933
v -0.010874 -0.029825 -0.029530
v -0.011480 -0.027065 -0.026688
v -0.008170 -0.027507 -0.031609
v -0.007728 -0.029432 -0.031794
v -0.008468 -0.025806 -0.028401
v -0.007728 -0.029432 -0.031794
v -0.008170 -0.027507 -0.031609
v -0.008175 -0.028899 -0.033547
v -0.008175 -0.028899 -0.033547
v -0.007791 -0.029585 -0.032976
v -0.007728 -0.029432 -0.031794
v -0.010532 -0.028020 -0.031221
v -0.010780 -0.030005 -0.032314
v -0.010435 -0.029303 -0.033437
v -0.010532 -0.028020 -0.031221
v -0.010535 -0.026695 -0.027222
v -0.010874 -0.029825 -0.029530
v -0.010532 -0.028020 -0.031221
v -0.010874 -0.029825 -0.029530
v -0.010780 -0.030005 -0.032314
v -0.009250 -0.028835 -0.033736
v -0.008175 -0.028899 -0.033547
v -0.008170 -0.027507 -0.031609
v -0.008170 -0.027507 -0.031609
v -0.009463 -0.027268 -0.031506
v -0.009250 -0.028835 -0.033736
v -0.009250 -0.028835 -0.033736
v -0.009463 -0.027268 -0.031506
v -0.010532 -0.028020 -0.031221
v -0.010532 -0.028020 -0.031221
v -0.010435 -0.029303 -0.033437
v -0.009250 -0.028835 -0.033736
v -0.009463 -0.027268 -0.031506
v -0.010535 -0.026695 -0.027222
v -0.010532 -0.028020 -0.031221
v -0.008468 -0.025806 -0.028401
v -0.010535 -0.026695 -0.027222
v -0.009463 -0.027268 -0.031506
v -0.008468 -0.025806 -0.028401
v -0.009463 -0.027268 -0.031506
v -0.008170 -0.027507 -0.031609
v -0.008629 -0.029804 -0.036986
v -0.009117 -0.029854 -0.037074
v -0.009199 -0.030240 -0.036951
v -0.009199 -0.030240 -0.036951
v -0.009117 -0.029854 -0.037074
v -0.009642 -0.029875 -0.036942
v -0.004911 -0.026804 -0.033568
v -0.004223 -0.028957 -0.032592
v -0.004983 -0.024832 -0.030068
v -0.004400 -0.029551 -0.035028
v -0.004223 -0.028957 -0.032592
v -0.004911 -0.026804 -0.033568
v -0.004911 -0.026804 -0.033568
v -0.004968 -0.028700 -0.035960
v -0.004400 -0.029551 -0.035028
v -0.007335 -0.027130 -0.032442
v -0.007728 -0.029432 -0.031794
v -0.007682 -0.029750 -0.033483
v -0.007682 -0.029750 -0.033483
v -0.007341 -0.029059 -0.035611
v -0.007335 -0.027130 -0.032442
v -0.007335 -0.027130 -0.032442
v -0.007526 -0.025558 -0.028804
v -0.007728 -0.029432 -0.031794
v -0.006085 -0.032464 -0.037880
v -0.004765 -0.032455 -0.034063
v -0.005054 -0.032179 -0.037774
v -0.006299 -0.028497 -0.036121
v -0.004968 -0.028700 -0.035960
v -0.004911 -0.026804 -0.033568
v -0.004911 -0.026804 -0.033568
v -0.006317 -0.026475 -0.033431
v -0.006299 -0.028497 -0.036121
v -0.006317 -0.026475 -0.033431
v -0.007335 -0.027130 -0.032442
v -0.007341 -0.029059 -0.035611
v -0.007341 -0.029059 -0.035611
v -0.006299 -0.028497 -0.036121
v -0.006317 -0.026475 -0.033431
v -0.006317 -0.026475 -0.033431
v -0.007526 -0.025558 -0.028804
v -0.007335 -0.027130 -0.032442
v -0.007179 -0.032409 -0.033232
v -0.004765 -0.032455 -0.034063
v -0.006085 -0.032464 -0.037880
v -0.007179 -0.032409 -0.033232
v -0.006085 -0.032464 -0.037880
v -0.007184 -0.032107 -0.037639
v -0.006317 -0.026475 -0.033431
v -0.004911 -0.026804 -0.033568
v -0.004983 -0.024832 -0.030068
v -0.006317 -0.026475 -0.033431
v -0.004983 -0.024832 -0.030068
v -0.007526 -0.025558 -0.028804
v -0.006051 -0.030393 -0.039943
v -0.006050 -0.030052 -0.039987
v -0.006691 -0.030004 -0.039748
v -0.005536 -0.030047 -0.039859
v -0.006050 -0.030052 -0.039987
v -0.006051 -0.030393 -0.039943
v -0.001226 -0.026257 -0.034215
v -0.000037 -0.028824 -0.032929
v -0.000954 -0.024559 -0.031114
v -0.000619 -0.029638 -0.037111
v -0.000037 -0.028824 -0.032929
v -0.001226 -0.026257 -0.034215
v -0.001226 -0.026257 -0.034215
v -0.001407 -0.028388 -0.037427
v -0.000619 -0.029638 -0.037111
v -0.003889 -0.026265 -0.033678
v -0.004223 -0.028957 -0.032592
v -0.004483 -0.029715 -0.036780
v -0.004483 -0.029715 -0.036780
v -0.003806 -0.028385 -0.037226
v -0.003889 -0.026265 -0.033678
v -0.003889 -0.026265 -0.033678
v -0.003827 -0.024538 -0.030453
v -0.004223 -0.028957 -0.032592
v -0.002690 -0.028082 -0.037419
v -0.001407 -0.028388 -0.037427
v -0.001226 -0.026257 -0.034215
v -0.001226 -0.026257 -0.034215
v -0.002534 -0.025709 -0.034191
v -0.002690 -0.028082 -0.037419
v -0.002534 -0.025709 -0.034191
v -0.003889 -0.026265 -0.033678
v -0.003806 -0.028385 -0.037226
v -0.003806 -0.028385 -0.037226
v -0.002690 -0.028082 -0.037419
v -0.002534 -0.025709 -0.034191
v -0.002534 -0.025709 -0.034191
v -0.003827 -0.024538 -0.030453
v -0.003889 -0.026265 -0.033678
v -0.002697 -0.032723 -0.039364
v -0.001211 -0.032615 -0.036168
v -0.001779 -0.032255 -0.039353
v -0.002534 -0.025709 -0.034191
v -0.001226 -0.026257 -0.034215
v -0.000954 -0.024559 -0.031114
v -0.002534 -0.025709 -0.034191
v -0.000954 -0.024559 -0.031114
v -0.003827 -0.024538 -0.030453
v -0.003589 -0.032631 -0.035778
v -0.001211 -0.032615 -0.036168
v -0.002697 -0.032723 -0.039364
v -0.003589 -0.032631 -0.035778
v -0.002697 -0.032723 -0.039364
v -0.003680 -0.032345 -0.039189
v -0.000037 -0.028824 -0.032929
v 0.001024 -0.032754 -0.031491
v 0.000887 -0.031930 -0.034236
v 0.000887 -0.031930 -0.034236
v -0.000124 -0.028999 -0.034418
v -0.000037 -0.028824 -0.032929
v 0.002154 -0.032920 -0.036603
v 0.002563 -0.032681 -0.034452
v 0.004490 -0.032444 -0.034830
v 0.004490 -0.032444 -0.034830
v 0.003936 -0.032573 -0.037128
v 0.002154 -0.032920 -0.036603
v 0.002563 -0.032681 -0.034452
v 0.001024 -0.032754 -0.031491
v 0.005090 -0.032775 -0.031491
v 0.002563 -0.032681 -0.034452
v 0.005090 -0.032775 -0.031491
v 0.004490 -0.032444 -0.034830
v 0.000887 -0.031930 -0.034236
v 0.001024 -0.032754 -0.031491
v 0.002563 -0.032681 -0.034452
v 0.005487 -0.032723 -0.027305
v 0.005694 -0.032586 -0.021858
v 0.007095 -0.029536 -0.022829
v 0.007095 -0.029536 -0.022829
v 0.006942 -0.029639 -0.028545
v 0.005487 -0.032723 -0.027305
v 0.000874 -0.026146 -0.033261
v 0.000877 -0.024900 -0.031115
v -0.000037 -0.028824 -0.032929
v 0.000874 -0.026146 -0.033261
v -0.000037 -0.028824 -0.032929
v -0.000124 -0.028999 -0.034418
v -0.000124 -0.028999 -0.034418
v -0.000480 -0.029488 -0.036375
v 0.000164 -0.027780 -0.036437
v -0.000124 -0.028999 -0.034418
v 0.000164 -0.027780 -0.036437
v 0.000874 -0.026146 -0.033261
v 0.000384 -0.032393 -0.036424
v 0.000042 -0.032054 -0.039741
v -0.000668 -0.030584 -0.040835
v 0.000384 -0.032393 -0.036424
v -0.000668 -0.030584 -0.040835
v -0.000480 -0.029488 -0.036375
v 0.003936 -0.032573 -0.037128
v 0.005187 -0.030320 -0.037167
v 0.003361 -0.030509 -0.041602
v 0.003936 -0.032573 -0.037128
v 0.003361 -0.030509 -0.041602
v 0.003050 -0.032012 -0.040222
v -0.001779 -0.032255 -0.039353
v -0.001211 -0.032615 -0.036168
v -0.000619 -0.029638 -0.037111
v -0.000619 -0.029638 -0.037111
v -0.001486 -0.031101 -0.041087
v -0.001779 -0.032255 -0.039353
v -0.003589 -0.032631 -0.035778
v -0.003680 -0.032345 -0.039189
v -0.004160 -0.031165 -0.040796
v -0.003589 -0.032631 -0.035778
v -0.004160 -0.031165 -0.040796
v -0.004483 -0.029715 -0.036780
v 0.000459 -0.029288 -0.042274
v 0.001746 -0.029267 -0.042585
v 0.001865 -0.028539 -0.042671
v 0.001865 -0.028539 -0.042671
v 0.000174 -0.028512 -0.042309
v 0.000459 -0.029288 -0.042274
v -0.002899 -0.029988 -0.041561
v -0.002981 -0.029550 -0.041492
v -0.003459 -0.029552 -0.041328
v -0.002406 -0.029621 -0.041387
v -0.002981 -0.029550 -0.041492
v -0.002899 -0.029988 -0.041561
v 0.003685 -0.022160 -0.026583
v 0.006327 -0.023803 -0.021685
v 0.004697 -0.021044 -0.023723
v -0.012260 -0.029608 -0.031316
v -0.011374 -0.029660 -0.031297
v -0.011262 -0.028727 -0.029933
v -0.011262 -0.028727 -0.029933
v -0.012563 -0.028529 -0.029803
v -0.012260 -0.029608 -0.031316
v 0.002154 -0.032920 -0.036603
v 0.000384 -0.032393 -0.036424
v 0.000887 -0.031930 -0.034236
v 0.000887 -0.031930 -0.034236
v 0.002563 -0.032681 -0.034452
v 0.002154 -0.032920 -0.036603
v 0.004490 -0.032444 -0.034830
v 0.005187 -0.030320 -0.037167
v 0.003936 -0.032573 -0.037128
v -0.013309 -0.028341 -0.024461
v -0.013205 -0.030872 -0.024111
v -0.013654 -0.030926 -0.026838
v -0.013654 -0.030926 -0.026838
v -0.013521 -0.028629 -0.026931
v -0.013309 -0.028341 -0.024461
v -0.013654 -0.030926 -0.026838
v -0.013656 -0.030866 -0.029908
v -0.013360 -0.029259 -0.029716
v -0.013360 -0.029259 -0.029716
v -0.013521 -0.028629 -0.026931
v -0.013654 -0.030926 -0.026838
v -0.013521 -0.028629 -0.026931
v -0.013360 -0.029259 -0.029716
v -0.012563 -0.028529 -0.029803
v -0.013521 -0.028629 -0.026931
v -0.012563 -0.028529 -0.029803
v -0.011480 -0.027065 -0.026688
v -0.013521 -0.028629 -0.026931
v -0.011480 -0.027065 -0.026688
v -0.013309 -0.028341 -0.024461
v -0.013654 -0.030926 -0.026838
v -0.013205 -0.030872 -0.024111
v -0.013098 -0.032648 -0.026833
v -0.013654 -0.030926 -0.026838
v -0.013098 -0.032648 -0.026833
v -0.013099 -0.032635 -0.029233
v -0.013099 -0.032635 -0.029233
v -0.013656 -0.030866 -0.029908
v -0.013654 -0.030926 -0.026838
v -0.010244 -0.031487 -0.036167
v -0.010208 -0.032115 -0.034701
v -0.009110 -0.032359 -0.035023
v -0.009110 -0.032359 -0.035023
v -0.009079 -0.031520 -0.036593
v -0.010244 -0.031487 -0.036167
v -0.009110 -0.032359 -0.035023
v -0.008046 -0.031978 -0.034774
v -0.007946 -0.031274 -0.036236
v -0.007946 -0.031274 -0.036236
v -0.009079 -0.031520 -0.036593
v -0.009110 -0.032359 -0.035023
v -0.007321 -0.031424 -0.039118
v -0.007184 -0.032107 -0.037639
v -0.006085 -0.032464 -0.037880
v -0.006085 -0.032464 -0.037880
v -0.006063 -0.031528 -0.039555
v -0.007321 -0.031424 -0.039118
v -0.006085 -0.032464 -0.037880
v -0.005054 -0.032179 -0.037774
v -0.004802 -0.031431 -0.039199
v -0.004802 -0.031431 -0.039199
v -0.006063 -0.031528 -0.039555
v -0.006085 -0.032464 -0.037880
v -0.004160 -0.031165 -0.040796
v -0.003680 -0.032345 -0.039189
v -0.002697 -0.032723 -0.039364
v -0.002697 -0.032723 -0.039364
v -0.002891 -0.031154 -0.041384
v -0.004160 -0.031165 -0.040796
v -0.001779 -0.032255 -0.039353
v -0.001486 -0.031101 -0.041087
v -0.002891 -0.031154 -0.041384
v -0.002891 -0.031154 -0.041384
v -0.002697 -0.032723 -0.039364
v -0.001779 -0.032255 -0.039353
v 0.003685 -0.022160 -0.026583
v 0.004697 -0.021044 -0.023723
v 0.000592 -0.018717 -0.024751
v 0.000592 -0.018717 -0.024751
v 0.000205 -0.021100 -0.027157
v 0.003685 -0.022160 -0.026583
v 0.000874 -0.027963 -0.038713
v -0.000075 -0.028448 -0.039165
v -0.000383 -0.028916 -0.041135
v -0.000383 -0.028916 -0.041135
v 0.000174 -0.028512 -0.042309
v 0.000874 -0.027963 -0.038713
v 0.002576 -0.028066 -0.039086
v 0.001865 -0.028539 -0.042671
v 0.002909 -0.028865 -0.041642
v 0.002909 -0.028865 -0.041642
v 0.003302 -0.028525 -0.039744
v 0.002576 -0.028066 -0.039086
v 0.000174 -0.028512 -0.042309
v 0.001865 -0.028539 -0.042671
v 0.002576 -0.028066 -0.039086
v 0.002576 -0.028066 -0.039086
v 0.000874 -0.027963 -0.038713
v 0.000174 -0.028512 -0.042309
v -0.000075 -0.028448 -0.039165
v 0.000164 -0.027780 -0.036437
v -0.000480 -0.029488 -0.036375
v 0.003361 -0.030509 -0.041602
v 0.005187 -0.030320 -0.037167
v 0.003302 -0.028525 -0.039744
v -0.000668 -0.030584 -0.040835
v -0.000075 -0.028448 -0.039165
v -0.000480 -0.029488 -0.036375
v 0.000164 -0.027780 -0.036437
v -0.000075 -0.028448 -0.039165
v 0.000874 -0.027963 -0.038713
v -0.003344 -0.029179 -0.039801
v -0.003459 -0.029552 -0.041328
v -0.002981 -0.029550 -0.041492
v -0.003344 -0.029179 -0.039801
v -0.002690 -0.028082 -0.037419
v -0.003806 -0.028385 -0.037226
v -0.002293 -0.029194 -0.039884
v -0.002981 -0.029550 -0.041492
v -0.002406 -0.029621 -0.041387
v -0.002293 -0.029194 -0.039884
v -0.001407 -0.028388 -0.037427
v -0.002690 -0.028082 -0.037419
v -0.003685 -0.029413 -0.039955
v -0.003344 -0.029179 -0.039801
v -0.003806 -0.028385 -0.037226
v -0.003685 -0.029413 -0.039955
v -0.003976 -0.029924 -0.040907
v -0.003459 -0.029552 -0.041328
v -0.003459 -0.029552 -0.041328
v -0.003344 -0.029179 -0.039801
v -0.003685 -0.029413 -0.039955
v -0.001950 -0.029406 -0.040115
v -0.002293 -0.029194 -0.039884
v -0.002406 -0.029621 -0.041387
v -0.002406 -0.029621 -0.041387
v -0.001837 -0.029834 -0.041040
v -0.001950 -0.029406 -0.040115
v -0.001950 -0.029406 -0.040115
v -0.001407 -0.028388 -0.037427
v -0.002293 -0.029194 -0.039884
v -0.003344 -0.029179 -0.039801
v -0.002981 -0.029550 -0.041492
v -0.002293 -0.029194 -0.039884
v -0.003344 -0.029179 -0.039801
v -0.002293 -0.029194 -0.039884
v -0.002690 -0.028082 -0.037419
v -0.003976 -0.029924 -0.040907
v -0.004483 -0.029715 -0.036780
v -0.004160 -0.031165 -0.040796
v -0.001837 -0.029834 -0.041040
v -0.001486 -0.031101 -0.041087
v -0.000619 -0.029638 -0.037111
v -0.001407 -0.028388 -0.037427
v -0.001837 -0.029834 -0.041040
v -0.000619 -0.029638 -0.037111
v -0.003806 -0.028385 -0.037226
v -0.004483 -0.029715 -0.036780
v -0.003976 -0.029924 -0.040907
v -0.001407 -0.028388 -0.037427
v -0.001950 -0.029406 -0.040115
v -0.001837 -0.029834 -0.041040
v -0.003685 -0.029413 -0.039955
v -0.003806 -0.028385 -0.037226
v -0.003976 -0.029924 -0.040907
v -0.007123 -0.030144 -0.039198
v -0.007341 -0.029059 -0.035611
v -0.007682 -0.029750 -0.033483
v -0.007123 -0.030144 -0.039198
v -0.007682 -0.029750 -0.033483
v -0.007321 -0.031424 -0.039118
v -0.004400 -0.029551 -0.035028
v -0.004968 -0.028700 -0.035960
v -0.005037 -0.030119 -0.039340
v -0.004400 -0.029551 -0.035028
v -0.005037 -0.030119 -0.039340
v -0.004802 -0.031431 -0.039199
v -0.005296 -0.029635 -0.038386
v -0.005037 -0.030119 -0.039340
v -0.004968 -0.028700 -0.035960
v -0.005698 -0.029383 -0.038170
v -0.005536 -0.030047 -0.039859
v -0.005037 -0.030119 -0.039340
v -0.005037 -0.030119 -0.039340
v -0.005296 -0.029635 -0.038386
v -0.005698 -0.029383 -0.038170
v -0.005698 -0.029383 -0.038170
v -0.006050 -0.030052 -0.039987
v -0.005536 -0.030047 -0.039859
v -0.005698 -0.029383 -0.038170
v -0.004968 -0.028700 -0.035960
v -0.006299 -0.028497 -0.036121
v -0.006622 -0.029408 -0.038211
v -0.006299 -0.028497 -0.036121
v -0.007341 -0.029059 -0.035611
v -0.006622 -0.029408 -0.038211
v -0.006691 -0.030004 -0.039748
v -0.006050 -0.030052 -0.039987
v -0.006622 -0.029408 -0.038211
v -0.006995 -0.029769 -0.038459
v -0.007123 -0.030144 -0.039198
v -0.007123 -0.030144 -0.039198
v -0.006691 -0.030004 -0.039748
v -0.006622 -0.029408 -0.038211
v -0.006995 -0.029769 -0.038459
v -0.007341 -0.029059 -0.035611
v -0.007123 -0.030144 -0.039198
v -0.006622 -0.029408 -0.038211
v -0.007341 -0.029059 -0.035611
v -0.006995 -0.029769 -0.038459
v -0.005698 -0.029383 -0.038170
v -0.005296 -0.029635 -0.038386
v -0.004968 -0.028700 -0.035960
v -0.005698 -0.029383 -0.038170
v -0.006299 -0.028497 -0.036121
v -0.006622 -0.029408 -0.038211
v -0.005698 -0.029383 -0.038170
v -0.006622 -0.029408 -0.038211
v -0.006050 -0.030052 -0.039987
v -0.010063 -0.030150 -0.036552
v -0.010435 -0.029303 -0.033437
v -0.010780 -0.030005 -0.032314
v -0.010063 -0.030150 -0.036552
v -0.010780 -0.030005 -0.032314
v -0.010244 -0.031487 -0.036167
v -0.007791 -0.029585 -0.032976
v -0.008175 -0.028899 -0.033547
v -0.008227 -0.030061 -0.036649
v -0.007791 -0.029585 -0.032976
v -0.008227 -0.030061 -0.036649
v -0.007946 -0.031274 -0.036236
v -0.008710 -0.029468 -0.035288
v -0.009117 -0.029854 -0.037074
v -0.008629 -0.029804 -0.036986
v -0.008710 -0.029468 -0.035288
v -0.008175 -0.028899 -0.033547
v -0.009250 -0.028835 -0.033736
v -0.009660 -0.029553 -0.035299
v -0.009250 -0.028835 -0.033736
v -0.010435 -0.029303 -0.033437
v -0.009660 -0.029553 -0.035299
v -0.009642 -0.029875 -0.036942
v -0.009117 -0.029854 -0.037074
v -0.010028 -0.029828 -0.035511
v -0.009660 -0.029553 -0.035299
v -0.010435 -0.029303 -0.033437
v -0.010063 -0.030150 -0.036552
v -0.009642 -0.029875 -0.036942
v -0.009660 -0.029553 -0.035299
v -0.009660 -0.029553 -0.035299
v -0.010028 -0.029828 -0.035511
v -0.010063 -0.030150 -0.036552
v -0.008710 -0.029468 -0.035288
v -0.008629 -0.029804 -0.036986
v -0.008227 -0.030061 -0.036649
v -0.008227 -0.030061 -0.036649
v -0.008400 -0.029687 -0.035441
v -0.008710 -0.029468 -0.035288
v -0.008400 -0.029687 -0.035441
v -0.008175 -0.028899 -0.033547
v -0.008710 -0.029468 -0.035288
v -0.008227 -0.030061 -0.036649
v -0.008175 -0.028899 -0.033547
v -0.008400 -0.029687 -0.035441
v -0.010063 -0.030150 -0.036552
v -0.010028 -0.029828 -0.035511
v -0.010435 -0.029303 -0.033437
v -0.008710 -0.029468 -0.035288
v -0.009250 -0.028835 -0.033736
v -0.009660 -0.029553 -0.035299
v -0.008710 -0.029468 -0.035288
v -0.009660 -0.029553 -0.035299
v -0.009117 -0.029854 -0.037074
v -0.011737 -0.030117 -0.031989
v -0.011374 -0.029660 -0.031297
v -0.012260 -0.029608 -0.031316
v -0.012466 -0.030259 -0.032073
v -0.012260 -0.029608 -0.031316
v -0.013086 -0.030058 -0.031271
v -0.011195 -0.030613 -0.032727
v -0.011469 -0.030268 -0.032088
v -0.011737 -0.030117 -0.031989
v -0.011737 -0.030117 -0.031989
v -0.011294 -0.030659 -0.033107
v -0.011195 -0.030613 -0.032727
v -0.011469 -0.030268 -0.032088
v -0.011374 -0.029660 -0.031297
v -0.011737 -0.030117 -0.031989
v -0.012372 -0.030893 -0.033201
v -0.012466 -0.030259 -0.032073
v -0.012622 -0.030543 -0.032243
v -0.012622 -0.030543 -0.032243
v -0.012665 -0.030924 -0.032880
v -0.012372 -0.030893 -0.033201
v -0.012622 -0.030543 -0.032243
v -0.012466 -0.030259 -0.032073
v -0.013086 -0.030058 -0.031271
v -0.012466 -0.030259 -0.032073
v -0.011737 -0.030117 -0.031989
v -0.012260 -0.029608 -0.031316
v -0.013086 -0.030058 -0.031271
v -0.012665 -0.030924 -0.032880
v -0.012622 -0.030543 -0.032243
v -0.011195 -0.030613 -0.032727
v -0.011374 -0.029660 -0.031297
v -0.011469 -0.030268 -0.032088
v -0.010789 -0.031451 -0.032597
v -0.011195 -0.030613 -0.032727
v -0.011820 -0.031042 -0.033152
v -0.011820 -0.031042 -0.033152
v -0.011748 -0.031774 -0.033011
v -0.010789 -0.031451 -0.032597
v -0.012665 -0.030924 -0.032880
v -0.012831 -0.031899 -0.032706
v -0.011748 -0.031774 -0.033011
v -0.011748 -0.031774 -0.033011
v -0.011820 -0.031042 -0.033152
v -0.012665 -0.030924 -0.032880
v -0.008227 -0.030061 -0.036649
v -0.009199 -0.030240 -0.036951
v -0.009079 -0.031520 -0.036593
v -0.009079 -0.031520 -0.036593
v -0.007946 -0.031274 -0.036236
v -0.008227 -0.030061 -0.036649
v -0.010063 -0.030150 -0.036552
v -0.010244 -0.031487 -0.036167
v -0.009079 -0.031520 -0.036593
v -0.009079 -0.031520 -0.036593
v -0.009199 -0.030240 -0.036951
v -0.010063 -0.030150 -0.036552
v -0.005037 -0.030119 -0.039340
v -0.006051 -0.030393 -0.039943
v -0.006063 -0.031528 -0.039555
v -0.006063 -0.031528 -0.039555
v -0.004802 -0.031431 -0.039199
v -0.005037 -0.030119 -0.039340
v -0.007123 -0.030144 -0.039198
v -0.007321 -0.031424 -0.039118
v -0.006063 -0.031528 -0.039555
v -0.006063 -0.031528 -0.039555
v -0.006051 -0.030393 -0.039943
v -0.007123 -0.030144 -0.039198
v -0.002891 -0.031154 -0.041384
v -0.001486 -0.031101 -0.041087
v -0.001837 -0.029834 -0.041040
v -0.001837 -0.029834 -0.041040
v -0.002899 -0.029988 -0.041561
v -0.002891 -0.031154 -0.041384
v -0.003976 -0.029924 -0.040907
v -0.004160 -0.031165 -0.040796
v -0.002891 -0.031154 -0.041384
v -0.002891 -0.031154 -0.041384
v -0.002899 -0.029988 -0.041561
v -0.003976 -0.029924 -0.040907
v -0.007728 -0.029432 -0.031794
v -0.007144 -0.032665 -0.028844
v -0.007179 -0.032409 -0.033232
v -0.007179 -0.032409 -0.033232
v -0.007682 -0.029750 -0.033483
v -0.007728 -0.029432 -0.031794
v -0.004765 -0.032455 -0.034063
v -0.004696 -0.032754 -0.030361
v -0.004223 -0.028957 -0.032592
v -0.004223 -0.028957 -0.032592
v -0.004400 -0.029551 -0.035028
v -0.004765 -0.032455 -0.034063
v -0.004400 -0.029551 -0.035028
v -0.004802 -0.031431 -0.039199
v -0.005054 -0.032179 -0.037774
v -0.005054 -0.032179 -0.037774
v -0.004765 -0.032455 -0.034063
v -0.004400 -0.029551 -0.035028
v -0.004223 -0.028957 -0.032592
v -0.003341 -0.032814 -0.030697
v -0.003589 -0.032631 -0.035778
v -0.003589 -0.032631 -0.035778
v -0.004483 -0.029715 -0.036780
v -0.004223 -0.028957 -0.032592
v -0.001211 -0.032615 -0.036168
v -0.000742 -0.032855 -0.031230
v -0.000037 -0.028824 -0.032929
v -0.000037 -0.028824 -0.032929
v -0.000619 -0.029638 -0.037111
v -0.001211 -0.032615 -0.036168
v -0.000480 -0.029488 -0.036375
v -0.000124 -0.028999 -0.034418
v 0.000887 -0.031930 -0.034236
v 0.000887 -0.031930 -0.034236
v 0.000384 -0.032393 -0.036424
v -0.000480 -0.029488 -0.036375
v -0.007184 -0.032107 -0.037639
v -0.007321 -0.031424 -0.039118
v -0.007682 -0.029750 -0.033483
v -0.007682 -0.029750 -0.033483
v -0.007179 -0.032409 -0.033232
v -0.007184 -0.032107 -0.037639
v -0.000383 -0.028916 -0.041135
v -0.000075 -0.028448 -0.039165
v -0.000668 -0.030584 -0.040835
v 0.002909 -0.028865 -0.041642
v 0.003361 -0.030509 -0.041602
v 0.003302 -0.028525 -0.039744
v 0.002024 -0.032428 -0.040562
v 0.001867 -0.030593 -0.042383
v 0.000374 -0.030592 -0.042043
v 0.000374 -0.030592 -0.042043
v 0.000790 -0.032457 -0.040264
v 0.002024 -0.032428 -0.040562
v 0.000459 -0.029288 -0.042274
v 0.000374 -0.030592 -0.042043
v 0.001867 -0.030593 -0.042383
v 0.001867 -0.030593 -0.042383
v 0.001746 -0.029267 -0.042585
v 0.000459 -0.029288 -0.042274
v 0.002154 -0.032920 -0.036603
v 0.002024 -0.032428 -0.040562
v 0.000790 -0.032457 -0.040264
v 0.002024 -0.032428 -0.040562
v 0.002154 -0.032920 -0.036603
v 0.003936 -0.032573 -0.037128
v 0.002024 -0.032428 -0.040562
v 0.003936 -0.032573 -0.037128
v 0.003050 -0.032012 -0.040222
v 0.000384 -0.032393 -0.036424
v 0.002154 -0.032920 -0.036603
v 0.000790 -0.032457 -0.040264
v 0.000384 -0.032393 -0.036424
v 0.000790 -0.032457 -0.040264
v 0.000042 -0.032054 -0.039741
v 0.003361 -0.030509 -0.041602
v 0.001867 -0.030593 -0.042383
v 0.002024 -0.032428 -0.040562
v 0.002024 -0.032428 -0.040562
v 0.003050 -0.032012 -0.040222
v 0.003361 -0.030509 -0.041602
v 0.000790 -0.032457 -0.040264
v 0.000374 -0.030592 -0.042043
v -0.000668 -0.030584 -0.040835
v -0.000668 -0.030584 -0.040835
v 0.000042 -0.032054 -0.039741
v 0.000790 -0.032457 -0.040264
v 0.002909 -0.028865 -0.041642
v 0.001746 -0.029267 -0.042585
v 0.001867 -0.030593 -0.042383
v 0.001867 -0.030593 -0.042383
v 0.003361 -0.030509 -0.041602
v 0.002909 -0.028865 -0.041642
v -0.000383 -0.028916 -0.041135
v -0.000668 -0.030584 -0.040835
v 0.000374 -0.030592 -0.042043
v 0.000374 -0.030592 -0.042043
v 0.000459 -0.029288 -0.042274
v -0.000383 -0.028916 -0.041135
v 0.001746 -0.029267 -0.042585
v 0.002909 -0.028865 -0.041642
v 0.001865 -0.028539 -0.042671
v 0.000459 -0.029288 -0.042274
v 0.000174 -0.028512 -0.042309
v -0.000383 -0.028916 -0.041135
v -0.002899 -0.029988 -0.041561
v -0.001837 -0.029834 -0.041040
v -0.002406 -0.029621 -0.041387
v -0.002899 -0.029988 -0.041561
v -0.003459 -0.029552 -0.041328
v -0.003976 -0.029924 -0.040907
v -0.006051 -0.030393 -0.039943
v -0.005037 -0.030119 -0.039340
v -0.005536 -0.030047 -0.039859
v -0.006051 -0.030393 -0.039943
v -0.006691 -0.030004 -0.039748
v -0.007123 -0.030144 -0.039198
v -0.009199 -0.030240 -0.036951
v -0.008227 -0.030061 -0.036649
v -0.008629 -0.029804 -0.036986
v -0.009199 -0.030240 -0.036951
v -0.009642 -0.029875 -0.036942
v -0.010063 -0.030150 -0.036552
v -0.012372 -0.030893 -0.033201
v -0.012665 -0.030924 -0.032880
v -0.011820 -0.031042 -0.033152
v -0.011820 -0.031042 -0.033152
v -0.011836 -0.030864 -0.033357
v -0.012372 -0.030893 -0.033201
v -0.011820 -0.031042 -0.033152
v -0.011195 -0.030613 -0.032727
v -0.011294 -0.030659 -0.033107
v -0.011294 -0.030659 -0.033107
v -0.011836 -0.030864 -0.033357
v -0.011820 -0.031042 -0.033152
v 0.006619 -0.025001 -0.024196
v 0.005935 -0.026153 -0.029723
v 0.006942 -0.029639 -0.028545
v 0.006942 -0.029639 -0.028545
v 0.007095 -0.029536 -0.022829
v 0.006619 -0.025001 -0.024196
v 0.005935 -0.026153 -0.029723
v 0.006619 -0.025001 -0.024196
v 0.003316 -0.023880 -0.029775
v 0.003316 -0.023880 -0.029775
v 0.003188 -0.024380 -0.030715
v 0.005935 -0.026153 -0.029723
v 0.005094 -0.027093 -0.033648
v 0.005935 -0.026153 -0.029723
v 0.003188 -0.024380 -0.030715
v 0.003188 -0.024380 -0.030715
v 0.002679 -0.025761 -0.033689
v 0.005094 -0.027093 -0.033648
v 0.002679 -0.025761 -0.033689
v 0.003188 -0.024380 -0.030715
v 0.000877 -0.024900 -0.031115
v 0.000877 -0.024900 -0.031115
v 0.000874 -0.026146 -0.033261
v 0.002679 -0.025761 -0.033689
v 0.005991 -0.029923 -0.032870
v 0.006942 -0.029639 -0.028545
v 0.005935 -0.026153 -0.029723
v 0.005935 -0.026153 -0.029723
v 0.005094 -0.027093 -0.033648
v 0.005991 -0.029923 -0.032870
v 0.005991 -0.029923 -0.032870
v 0.004490 -0.032444 -0.034830
v 0.005090 -0.032775 -0.031491
v 0.005090 -0.032775 -0.031491
v 0.005487 -0.032723 -0.027305
v 0.006942 -0.029639 -0.028545
v 0.006942 -0.029639 -0.028545
v 0.005991 -0.029923 -0.032870
v 0.005090 -0.032775 -0.031491
v 0.004490 -0.032444 -0.034830
v 0.005991 -0.029923 -0.032870
v 0.005187 -0.030320 -0.037167
v 0.003302 -0.028525 -0.039744
v 0.005187 -0.030320 -0.037167
v 0.004257 -0.028101 -0.037063
v 0.002576 -0.028066 -0.039086
v 0.004257 -0.028101 -0.037063
v 0.002165 -0.027357 -0.036548
v 0.000874 -0.027963 -0.038713
v 0.002165 -0.027357 -0.036548
v 0.000164 -0.027780 -0.036437
v 0.002576 -0.028066 -0.039086
v 0.002165 -0.027357 -0.036548
v 0.000874 -0.027963 -0.038713
v 0.004257 -0.028101 -0.037063
v 0.002576 -0.028066 -0.039086
v 0.003302 -0.028525 -0.039744
v 0.005094 -0.027093 -0.033648
v 0.004257 -0.028101 -0.037063
v 0.005187 -0.030320 -0.037167
v 0.005187 -0.030320 -0.037167
v 0.005991 -0.029923 -0.032870
v 0.005094 -0.027093 -0.033648
v 0.005094 -0.027093 -0.033648
v 0.002679 -0.025761 -0.033689
v 0.002165 -0.027357 -0.036548
v 0.002165 -0.027357 -0.036548
v 0.004257 -0.028101 -0.037063
v 0.005094 -0.027093 -0.033648
v 0.000874 -0.026146 -0.033261
v 0.000164 -0.027780 -0.036437
v 0.002165 -0.027357 -0.036548
v 0.002165 -0.027357 -0.036548
v 0.002679 -0.025761 -0.033689
v 0.000874 -0.026146 -0.033261
v -0.013099 -0.032635 -0.029233
v -0.013098 -0.032648 -0.026833
v -0.011242 -0.033066 -0.027500
v -0.011242 -0.033066 -0.027500
v -0.011117 -0.032341 -0.029426
v -0.013099 -0.032635 -0.029233
v -0.010874 -0.029825 -0.029530
v -0.011242 -0.033066 -0.027500
v -0.010345 -0.032988 -0.027799
v -0.007728 -0.029432 -0.031794
v -0.008212 -0.032615 -0.028216
v -0.007144 -0.032665 -0.028844
v -0.010874 -0.029825 -0.029530
v -0.010808 -0.030415 -0.030166
v -0.011117 -0.032341 -0.029426
v -0.011117 -0.032341 -0.029426
v -0.011242 -0.033066 -0.027500
v -0.010874 -0.029825 -0.029530
v -0.010447 -0.032362 -0.031746
v -0.010345 -0.032988 -0.027799
v -0.008212 -0.032615 -0.028216
v -0.008212 -0.032615 -0.028216
v -0.008119 -0.032241 -0.032027
v -0.010447 -0.032362 -0.031746
v -0.010447 -0.032362 -0.031746
v -0.009110 -0.032359 -0.035023
v -0.010208 -0.032115 -0.034701
v -0.011384 -0.028694 -0.016842
v -0.009808 -0.032368 -0.013020
v -0.012099 -0.031631 -0.019347
v -0.012099 -0.031631 -0.019347
v -0.012334 -0.028568 -0.019484
v -0.011384 -0.028694 -0.016842
v -0.008119 -0.032241 -0.032027
v -0.008046 -0.031978 -0.034774
v -0.009110 -0.032359 -0.035023
v -0.008119 -0.032241 -0.032027
v -0.009110 -0.032359 -0.035023
v -0.010447 -0.032362 -0.031746
v -0.010874 -0.029825 -0.029530
v -0.010345 -0.032988 -0.027799
v -0.010447 -0.032362 -0.031746
v -0.010447 -0.032362 -0.031746
v -0.010780 -0.030005 -0.032314
v -0.010874 -0.029825 -0.029530
v -0.008119 -0.032241 -0.032027
v -0.008212 -0.032615 -0.028216
v -0.007728 -0.029432 -0.031794
v -0.007728 -0.029432 -0.031794
v -0.007791 -0.029585 -0.032976
v -0.008119 -0.032241 -0.032027
v -0.007791 -0.029585 -0.032976
v -0.007946 -0.031274 -0.036236
v -0.008046 -0.031978 -0.034774
v -0.008046 -0.031978 -0.034774
v -0.008119 -0.032241 -0.032027
v -0.007791 -0.029585 -0.032976
v -0.010208 -0.032115 -0.034701
v -0.010244 -0.031487 -0.036167
v -0.010780 -0.030005 -0.032314
v -0.010780 -0.030005 -0.032314
v -0.010447 -0.032362 -0.031746
v -0.010208 -0.032115 -0.034701
v -0.012372 -0.030893 -0.033201
v -0.011836 -0.030864 -0.033357
v -0.012466 -0.030259 -0.032073
v -0.007334 -0.021533 -0.024428
v -0.006971 -0.019596 -0.023367
v -0.009604 -0.023098 -0.020183
v -0.011489 -0.032644 -0.019544
v -0.012099 -0.031631 -0.019347
v -0.009808 -0.032368 -0.013020
v -0.003827 -0.024538 -0.030453
v -0.000954 -0.024559 -0.031114
v -0.004202 -0.023627 -0.029343
v -0.003827 -0.024538 -0.030453
v -0.004202 -0.023627 -0.029343
v -0.004983 -0.024832 -0.030068
v -0.007526 -0.025558 -0.028804
v -0.004983 -0.024832 -0.030068
v -0.004202 -0.023627 -0.029343
v -0.004202 -0.023627 -0.029343
v -0.007991 -0.023545 -0.026387
v -0.007526 -0.025558 -0.028804
v -0.007526 -0.025558 -0.028804
v -0.007991 -0.023545 -0.026387
v -0.008468 -0.025806 -0.028401
v -0.010535 -0.026695 -0.027222
v -0.010834 -0.025104 -0.022065
v -0.011480 -0.027065 -0.026688
v -0.011480 -0.027065 -0.026688
v -0.010834 -0.025104 -0.022065
v -0.013309 -0.028341 -0.024461
v -0.011384 -0.028694 -0.016842
v -0.012334 -0.028568 -0.019484
v -0.010834 -0.025104 -0.022065
v -0.010535 -0.026695 -0.027222
v -0.008468 -0.025806 -0.028401
v -0.007991 -0.023545 -0.026387
v -0.007991 -0.023545 -0.026387
v -0.010834 -0.025104 -0.022065
v -0.010535 -0.026695 -0.027222
v -0.010834 -0.025104 -0.022065
v -0.012334 -0.028568 -0.019484
v -0.013309 -0.028341 -0.024461
v -0.013205 -0.030872 -0.024111
v -0.013309 -0.028341 -0.024461
v -0.012334 -0.028568 -0.019484
v -0.012334 -0.028568 -0.019484
v -0.012099 -0.031631 -0.019347
v -0.013205 -0.030872 -0.024111
v -0.013205 -0.030872 -0.024111
v -0.012099 -0.031631 -0.019347
v -0.013098 -0.032648 -0.026833
v -0.011489 -0.032644 -0.019544
v -0.013098 -0.032648 -0.026833
v -0.012099 -0.031631 -0.019347
v 0.007095 -0.029536 -0.022829
v 0.007163 -0.029501 -0.018282
v 0.006619 -0.025001 -0.024196
v 0.007163 -0.029501 -0.018282
v 0.007095 -0.029536 -0.022829
v 0.005694 -0.032586 -0.021858
v -0.003657 0.003723 0.003600
v -0.001403 0.004495 0.006172
v -0.001191 -0.001427 0.007985
v -0.001191 -0.001427 0.007985
v -0.003587 -0.002546 0.004795
v -0.003657 0.003723 0.003600
v -0.001191 -0.001427 0.007985
v -0.001403 0.004495 0.006172
v 0.001697 0.004894 0.007577
v 0.001697 0.004894 0.007577
v 0.001844 -0.000698 0.009502
v -0.001191 -0.001427 0.007985
v 0.001844 -0.000698 0.009502
v 0.001697 0.004894 0.007577
v 0.004831 0.004815 0.006562
v 0.004831 0.004815 0.006562
v 0.005409 -0.000904 0.008485
v 0.001844 -0.000698 0.009502
v 0.004831 0.004815 0.006562
v 0.006380 0.004019 0.003306
v 0.007269 -0.001696 0.004945
v 0.007269 -0.001696 0.004945
v 0.005409 -0.000904 0.008485
v 0.004831 0.004815 0.006562
v 0.008425 -0.001886 0.000871
v 0.007269 -0.001696 0.004945
v 0.006380 0.004019 0.003306
v 0.006380 0.004019 0.003306
v 0.007327 0.004070 -0.000622
v 0.008425 -0.001886 0.000871
v 0.007380 -0.004272 -0.008195
v 0.004981 -0.001897 -0.013244
v 0.004961 -0.011468 -0.018198
v 0.004961 -0.011468 -0.018198
v 0.006998 -0.014834 -0.015246
v 0.007380 -0.004272 -0.008195
v -0.007222 -0.014155 -0.003944
v -0.008693 -0.019982 -0.010042
v -0.007537 -0.014667 -0.013757
v -0.007537 -0.014667 -0.013757
v -0.006630 -0.004327 -0.007178
v -0.007222 -0.014155 -0.003944
v -0.006636 -0.017881 -0.003119
v -0.005084 -0.020720 -0.003124
v -0.007013 -0.024143 -0.007324
v -0.007013 -0.024143 -0.007324
v -0.008693 -0.019982 -0.010042
v -0.006636 -0.017881 -0.003119
v -0.007222 -0.014155 -0.003944
v -0.006630 -0.004327 -0.007178
v -0.005905 -0.005944 0.000672
v -0.005905 -0.005944 0.000672
v -0.006242 -0.012019 0.001958
v -0.007222 -0.014155 -0.003944
v -0.005820 -0.015763 0.002447
v -0.004476 -0.014427 0.007876
v -0.002641 -0.017852 0.007636
v -0.002641 -0.017852 0.007636
v -0.003887 -0.018965 0.002287
v -0.005820 -0.015763 0.002447
v -0.001191 -0.001427 0.007985
v -0.002051 -0.009532 0.011200
v -0.004641 -0.010347 0.007362
v -0.004641 -0.010347 0.007362
v -0.003587 -0.002546 0.004795
v -0.001191 -0.001427 0.007985
v -0.004476 -0.014427 0.007876
v -0.001795 -0.013519 0.011687
v -0.001498 -0.017418 0.010026
v -0.001498 -0.017418 0.010026
v -0.002641 -0.017852 0.007636
v -0.004476 -0.014427 0.007876
v 0.009151 -0.015203 0.005078
v 0.006963 -0.018352 0.005496
v 0.006527 -0.017773 0.008709
v 0.006527 -0.017773 0.008709
v 0.008208 -0.014452 0.009458
v 0.009151 -0.015203 0.005078
v 0.009151 -0.015203 0.005078
v 0.008208 -0.014452 0.009458
v 0.008563 -0.009643 0.008209
v 0.008563 -0.009643 0.008209
v 0.009740 -0.010633 0.003872
v 0.009151 -0.015203 0.005078
v -0.001191 -0.001427 0.007985
v 0.001844 -0.000698 0.009502
v 0.001667 -0.008937 0.012692
v 0.001667 -0.008937 0.012692
v -0.002051 -0.009532 0.011200
v -0.001191 -0.001427 0.007985
v -0.001795 -0.013519 0.011687
v 0.001335 -0.013345 0.013008
v 0.001544 -0.017067 0.011562
v 0.001544 -0.017067 0.011562
v -0.001498 -0.017418 0.010026
v -0.001795 -0.013519 0.011687
v 0.008208 -0.014452 0.009458
v 0.006527 -0.017773 0.008709
v 0.004798 -0.017141 0.011095
v 0.004798 -0.017141 0.011095
v 0.005515 -0.013533 0.012375
v 0.008208 -0.014452 0.009458
v 0.005409 -0.000904 0.008485
v 0.007269 -0.001696 0.004945
v 0.008563 -0.009643 0.008209
v 0.008563 -0.009643 0.008209
v 0.005808 -0.008875 0.011736
v 0.005409 -0.000904 0.008485
v 0.001844 -0.000698 0.009502
v 0.005409 -0.000904 0.008485
v 0.005808 -0.008875 0.011736
v 0.005808 -0.008875 0.011736
v 0.001667 -0.008937 0.012692
v 0.001844 -0.000698 0.009502
v 0.005515 -0.013533 0.012375
v 0.004798 -0.017141 0.011095
v 0.001544 -0.017067 0.011562
v 0.001544 -0.017067 0.011562
v 0.001335 -0.013345 0.013008
v 0.005515 -0.013533 0.012375
v -0.006636 -0.017881 -0.003119
v -0.005820 -0.015763 0.002447
v -0.003887 -0.018965 0.002287
v -0.003887 -0.018965 0.002287
v -0.005084 -0.020720 -0.003124
v -0.006636 -0.017881 -0.003119
v -0.007221 -0.001430 0.000126
v -0.006205 0.002783 -0.006292
v -0.006172 0.004659 -0.001045
v -0.007221 -0.001430 0.000126
v -0.006630 -0.004327 -0.007178
v -0.006205 0.002783 -0.006292
v -0.007221 -0.001430 0.000126
v -0.006172 0.004659 -0.001045
v -0.003657 0.003723 0.003600
v -0.007221 -0.001430 0.000126
v -0.003657 0.003723 0.003600
v -0.003587 -0.002546 0.004795
v -0.007221 -0.001430 0.000126
v -0.005905 -0.005944 0.000672
v -0.006630 -0.004327 -0.007178
v -0.007221 -0.001430 0.000126
v -0.003587 -0.002546 0.004795
v -0.005905 -0.005944 0.000672
v 0.009074 -0.000454 -0.004378
v 0.007278 0.005448 -0.005540
v 0.006543 0.004339 -0.009156
v 0.009074 -0.000454 -0.004378
v 0.006543 0.004339 -0.009156
v 0.007380 -0.004272 -0.008195
v 0.009074 -0.000454 -0.004378
v 0.007327 0.004070 -0.000622
v 0.007278 0.005448 -0.005540
v 0.009074 -0.000454 -0.004378
v 0.008425 -0.001886 0.000871
v 0.007327 0.004070 -0.000622
v 0.009074 -0.000454 -0.004378
v 0.007380 -0.004272 -0.008195
v 0.008665 -0.004928 -0.003539
v 0.009074 -0.000454 -0.004378
v 0.008665 -0.004928 -0.003539
v 0.008425 -0.001886 0.000871
v -0.004641 -0.010347 0.007362
v -0.006242 -0.012019 0.001958
v -0.005905 -0.005944 0.000672
v -0.005905 -0.005944 0.000672
v -0.003587 -0.002546 0.004795
v -0.004641 -0.010347 0.007362
v 0.007269 -0.001696 0.004945
v 0.008425 -0.001886 0.000871
v 0.009740 -0.010633 0.003872
v 0.009740 -0.010633 0.003872
v 0.008563 -0.009643 0.008209
v 0.007269 -0.001696 0.004945
v 0.009740 -0.010633 0.003872
v 0.008425 -0.001886 0.000871
v 0.008665 -0.004928 -0.003539
v 0.008665 -0.004928 -0.003539
v 0.009312 -0.012277 -0.001809
v 0.009740 -0.010633 0.003872
v 0.009312 -0.012277 -0.001809
v 0.008665 -0.004928 -0.003539
v 0.007380 -0.004272 -0.008195
v 0.007380 -0.004272 -0.008195
v 0.007914 -0.014716 -0.007420
v 0.009312 -0.012277 -0.001809
v 0.007380 -0.004272 -0.008195
v 0.006998 -0.014834 -0.015246
v 0.007914 -0.014716 -0.007420
v 0.008100 -0.017084 -0.000910
v 0.005759 -0.020126 -0.000417
v 0.006963 -0.018352 0.005496
v 0.006963 -0.018352 0.005496
v 0.009151 -0.015203 0.005078
v 0.008100 -0.017084 -0.000910
v 0.009151 -0.015203 0.005078
v 0.009740 -0.010633 0.003872
v 0.009312 -0.012277 -0.001809
v 0.009312 -0.012277 -0.001809
v 0.008100 -0.017084 -0.000910
v 0.009151 -0.015203 0.005078
v 0.007914 -0.014716 -0.007420
v 0.006299 -0.019326 -0.007021
v 0.008100 -0.017084 -0.000910
v 0.008100 -0.017084 -0.000910
v 0.009312 -0.012277 -0.001809
v 0.007914 -0.014716 -0.007420
v 0.004981 -0.001897 -0.013244
v 0.007380 -0.004272 -0.008195
v 0.006543 0.004339 -0.009156
v 0.006543 0.004339 -0.009156
v 0.004632 0.004622 -0.011818
v 0.004981 -0.001897 -0.013244
v 0.004981 -0.001897 -0.013244
v 0.001791 -0.000511 -0.015685
v 0.001490 -0.009075 -0.019628
v 0.001490 -0.009075 -0.019628
v 0.004961 -0.011468 -0.018198
v 0.004981 -0.001897 -0.013244
v -0.005185 -0.001541 -0.013331
v -0.004873 0.004186 -0.011075
v -0.006205 0.002783 -0.006292
v -0.006205 0.002783 -0.006292
v -0.006630 -0.004327 -0.007178
v -0.005185 -0.001541 -0.013331
v -0.005759 -0.010147 -0.017472
v -0.005185 -0.001541 -0.013331
v -0.006630 -0.004327 -0.007178
v -0.006630 -0.004327 -0.007178
v -0.007537 -0.014667 -0.013757
v -0.005759 -0.010147 -0.017472
v -0.005185 -0.001541 -0.013331
v -0.005759 -0.010147 -0.017472
v -0.002270 -0.008369 -0.019549
v -0.002270 -0.008369 -0.019549
v -0.001990 -0.000435 -0.015745
v -0.005185 -0.001541 -0.013331
v 0.001791 -0.000511 -0.015685
v -0.001990 -0.000435 -0.015745
v -0.002270 -0.008369 -0.019549
v -0.002270 -0.008369 -0.019549
v 0.001490 -0.009075 -0.019628
v 0.001791 -0.000511 -0.015685
v 0.004632 0.004622 -0.011818
v 0.001361 0.005204 -0.013977
v 0.001791 -0.000511 -0.015685
v 0.001791 -0.000511 -0.015685
v 0.004981 -0.001897 -0.013244
v 0.004632 0.004622 -0.011818
v -0.001990 -0.000435 -0.015745
v -0.002031 0.005112 -0.013752
v -0.004873 0.004186 -0.011075
v -0.004873 0.004186 -0.011075
v -0.005185 -0.001541 -0.013331
v -0.001990 -0.000435 -0.015745
v -0.001990 -0.000435 -0.015745
v 0.001791 -0.000511 -0.015685
v 0.001361 0.005204 -0.013977
v 0.001361 0.005204 -0.013977
v -0.002031 0.005112 -0.013752
v -0.001990 -0.000435 -0.015745
v 0.006653 -0.020598 -0.009863
v 0.006299 -0.019326 -0.007021
v 0.007914 -0.014716 -0.007420
v 0.006299 -0.019326 -0.007021
v 0.003729 -0.023149 -0.006522
v 0.005759 -0.020126 -0.000417
v 0.005759 -0.020126 -0.000417
v 0.008100 -0.017084 -0.000910
v 0.006299 -0.019326 -0.007021
v 0.006299 -0.019326 -0.007021
v 0.006653 -0.020598 -0.009863
v 0.003729 -0.023149 -0.006522
v -0.007222 -0.014155 -0.003944
v -0.006636 -0.017881 -0.003119
v -0.008693 -0.019982 -0.010042
v -0.007222 -0.014155 -0.003944
v -0.006242 -0.012019 0.001958
v -0.005820 -0.015763 0.002447
v -0.005820 -0.015763 0.002447
v -0.006636 -0.017881 -0.003119
v -0.007222 -0.014155 -0.003944
v -0.006242 -0.012019 0.001958
v -0.004641 -0.010347 0.007362
v -0.004476 -0.014427 0.007876
v -0.004476 -0.014427 0.007876
v -0.005820 -0.015763 0.002447
v -0.006242 -0.012019 0.001958
v -0.004641 -0.010347 0.007362
v -0.002051 -0.009532 0.011200
v -0.001795 -0.013519 0.011687
v -0.001795 -0.013519 0.011687
v -0.004476 -0.014427 0.007876
v -0.004641 -0.010347 0.007362
v -0.002051 -0.009532 0.011200
v 0.001667 -0.008937 0.012692
v 0.001335 -0.013345 0.013008
v 0.001335 -0.013345 0.013008
v -0.001795 -0.013519 0.011687
v -0.002051 -0.009532 0.011200
v 0.001667 -0.008937 0.012692
v 0.005808 -0.008875 0.011736
v 0.005515 -0.013533 0.012375
v 0.005515 -0.013533 0.012375
v 0.001335 -0.013345 0.013008
v 0.001667 -0.008937 0.012692
v 0.005515 -0.013533 0.012375
v 0.005808 -0.008875 0.011736
v 0.008563 -0.009643 0.008209
v 0.008563 -0.009643 0.008209
v 0.008208 -0.014452 0.009458
v 0.005515 -0.013533 0.012375
v 0.007914 -0.014716 -0.007420
v 0.006998 -0.014834 -0.015246
v 0.006653 -0.020598 -0.009863
v -0.015135 -0.033245 -0.011789
v -0.012930 -0.026098 -0.012001
v -0.012776 -0.026087 -0.010908
v -0.012776 -0.026087 -0.010908
v -0.014734 -0.033067 -0.009098
v -0.015135 -0.033245 -0.011789
v -0.015163 -0.031128 -0.020416
v -0.015633 -0.033347 -0.021832
v -0.014859 -0.033350 -0.021974
v -0.014859 -0.033350 -0.021974
v -0.014391 -0.031145 -0.020567
v -0.015163 -0.031128 -0.020416
v -0.014859 -0.033350 -0.021974
v -0.015633 -0.033347 -0.021832
v -0.011170 -0.033263 -0.006268
v -0.011170 -0.033263 -0.006268
v -0.010403 -0.033261 -0.006440
v -0.014859 -0.033350 -0.021974
v -0.010959 -0.031216 -0.005431
v -0.010191 -0.031213 -0.005603
v -0.010403 -0.033261 -0.006440
v -0.010403 -0.033261 -0.006440
v -0.011170 -0.033263 -0.006268
v -0.010959 -0.031216 -0.005431
v -0.010959 -0.031216 -0.005431
v -0.014104 -0.031132 -0.017159
v -0.013336 -0.031140 -0.017329
v -0.013336 -0.031140 -0.017329
v -0.010191 -0.031213 -0.005603
v -0.010959 -0.031216 -0.005431
v -0.012926 -0.028638 -0.014190
v -0.012162 -0.028650 -0.014374
v -0.013336 -0.031140 -0.017329
v -0.013336 -0.031140 -0.017329
v -0.014104 -0.031132 -0.017159
v -0.012926 -0.028638 -0.014190
v -0.013404 -0.026886 -0.015952
v -0.015163 -0.031128 -0.020416
v -0.014391 -0.031145 -0.020567
v -0.014391 -0.031145 -0.020567
v -0.012640 -0.026897 -0.016136
v -0.013404 -0.026886 -0.015952
v -0.010040 -0.019443 -0.002956
v -0.009270 -0.019419 -0.003106
v -0.010508 -0.023626 -0.008161
v -0.010508 -0.023626 -0.008161
v -0.011270 -0.023631 -0.007964
v -0.010040 -0.019443 -0.002956
v -0.010709 -0.015185 -0.005162
v -0.011859 -0.021347 -0.010296
v -0.011097 -0.021342 -0.010493
v -0.011097 -0.021342 -0.010493
v -0.009940 -0.015157 -0.005325
v -0.010709 -0.015185 -0.005162
v -0.009846 -0.011019 0.001096
v -0.010315 -0.007244 -0.000499
v -0.009540 -0.007204 -0.000631
v -0.009540 -0.007204 -0.000631
v -0.009069 -0.010982 0.000976
v -0.009846 -0.011019 0.001096
v -0.010709 -0.015185 -0.005162
v -0.009940 -0.015157 -0.005325
v -0.009540 -0.007204 -0.000631
v -0.009540 -0.007204 -0.000631
v -0.010315 -0.007244 -0.000499
v -0.010709 -0.015185 -0.005162
v -0.010040 -0.019443 -0.002956
v -0.009606 -0.015593 0.001425
v -0.008827 -0.015560 0.001319
v -0.008827 -0.015560 0.001319
v -0.009270 -0.019419 -0.003106
v -0.010040 -0.019443 -0.002956
v -0.009846 -0.011019 0.001096
v -0.009069 -0.010982 0.000976
v -0.008827 -0.015560 0.001319
v -0.008827 -0.015560 0.001319
v -0.009606 -0.015593 0.001425
v -0.009846 -0.011019 0.001096
v -0.011270 -0.023631 -0.007964
v -0.010508 -0.023626 -0.008161
v -0.012162 -0.028650 -0.014374
v -0.012162 -0.028650 -0.014374
v -0.012926 -0.028638 -0.014190
v -0.011270 -0.023631 -0.007964
v -0.011859 -0.021347 -0.010296
v -0.013404 -0.026886 -0.015952
v -0.012640 -0.026897 -0.016136
v -0.012640 -0.026897 -0.016136
v -0.011097 -0.021342 -0.010493
v -0.011859 -0.021347 -0.010296
v -0.015163 -0.031128 -0.020416
v -0.014104 -0.031132 -0.017159
v -0.015633 -0.033347 -0.021832
v -0.014104 -0.031132 -0.017159
v -0.010959 -0.031216 -0.005431
v -0.011170 -0.033263 -0.006268
v -0.011170 -0.033263 -0.006268
v -0.015633 -0.033347 -0.021832
v -0.014104 -0.031132 -0.017159
v -0.013404 -0.026886 -0.015952
v -0.012926 -0.028638 -0.014190
v -0.014104 -0.031132 -0.017159
v -0.014104 -0.031132 -0.017159
v -0.015163 -0.031128 -0.020416
v -0.013404 -0.026886 -0.015952
v -0.011859 -0.021347 -0.010296
v -0.010709 -0.015185 -0.005162
v -0.010040 -0.019443 -0.002956
v -0.010040 -0.019443 -0.002956
v -0.011270 -0.023631 -0.007964
v -0.011859 -0.021347 -0.010296
v -0.010315 -0.007244 -0.000499
v -0.009846 -0.011019 0.001096
v -0.010709 -0.015185 -0.005162
v -0.009606 -0.015593 0.001425
v -0.010040 -0.019443 -0.002956
v -0.009846 -0.011019 0.001096
v -0.009846 -0.011019 0.001096
v -0.010040 -0.019443 -0.002956
v -0.010709 -0.015185 -0.005162
v -0.011859 -0.021347 -0.010296
v -0.011270 -0.023631 -0.007964
v -0.012926 -0.028638 -0.014190
v -0.012926 -0.028638 -0.014190
v -0.013404 -0.026886 -0.015952
v -0.011859 -0.021347 -0.010296
v -0.013336 -0.031140 -0.017329
v -0.014391 -0.031145 -0.020567
v -0.014859 -0.033350 -0.021974
v -0.013336 -0.031140 -0.017329
v -0.014859 -0.033350 -0.021974
v -0.010403 -0.033261 -0.006440
v -0.010403 -0.033261 -0.006440
v -0.010191 -0.031213 -0.005603
v -0.013336 -0.031140 -0.017329
v -0.013336 -0.031140 -0.017329
v -0.012162 -0.028650 -0.014374
v -0.012640 -0.026897 -0.016136
v -0.012640 -0.026897 -0.016136
v -0.014391 -0.031145 -0.020567
v -0.013336 -0.031140 -0.017329
v -0.011097 -0.021342 -0.010493
v -0.010508 -0.023626 -0.008161
v -0.009270 -0.019419 -0.003106
v -0.009270 -0.019419 -0.003106
v -0.009940 -0.015157 -0.005325
v -0.011097 -0.021342 -0.010493
v -0.009069 -0.010982 0.000976
v -0.009540 -0.007204 -0.000631
v -0.009940 -0.015157 -0.005325
v -0.009270 -0.019419 -0.003106
v -0.008827 -0.015560 0.001319
v -0.009069 -0.010982 0.000976
v -0.009270 -0.019419 -0.003106
v -0.009069 -0.010982 0.000976
v -0.009940 -0.015157 -0.005325
v -0.012162 -0.028650 -0.014374
v -0.010508 -0.023626 -0.008161
v -0.011097 -0.021342 -0.010493
v -0.011097 -0.021342 -0.010493
v -0.012640 -0.026897 -0.016136
v -0.012162 -0.028650 -0.014374
v -0.012775 -0.021798 -0.005366
v -0.012620 -0.021981 -0.006855
v -0.012935 -0.020922 -0.007255
v -0.012935 -0.020922 -0.007255
v -0.013294 -0.019868 -0.006023
v -0.012775 -0.021798 -0.005366
v -0.012684 -0.021855 -0.010845
v -0.012387 -0.025126 -0.011412
v -0.012281 -0.024162 -0.012369
v -0.012281 -0.024162 -0.012369
v -0.012912 -0.020724 -0.011965
v -0.012684 -0.021855 -0.010845
v -0.013242 -0.027911 -0.012014
v -0.012031 -0.025073 -0.011393
v -0.011799 -0.025965 -0.010573
v -0.011799 -0.025965 -0.010573
v -0.013110 -0.028482 -0.011005
v -0.013242 -0.027911 -0.012014
v -0.016160 -0.027499 -0.016791
v -0.015182 -0.027491 -0.015502
v -0.015222 -0.028526 -0.015106
v -0.015222 -0.028526 -0.015106
v -0.016471 -0.029370 -0.015801
v -0.016160 -0.027499 -0.016791
v -0.012281 -0.024162 -0.012369
v -0.012387 -0.025126 -0.011412
v -0.013367 -0.025363 -0.014477
v -0.013367 -0.025363 -0.014477
v -0.013642 -0.024155 -0.015516
v -0.012281 -0.024162 -0.012369
v -0.012893 -0.020724 -0.009698
v -0.012684 -0.021855 -0.010845
v -0.012912 -0.020724 -0.011965
v -0.012912 -0.020724 -0.011965
v -0.013167 -0.019052 -0.010217
v -0.012893 -0.020724 -0.009698
v -0.013642 -0.024155 -0.015516
v -0.013367 -0.025363 -0.014477
v -0.014356 -0.026263 -0.015448
v -0.014356 -0.026263 -0.015448
v -0.014899 -0.025599 -0.016984
v -0.013642 -0.024155 -0.015516
v -0.013062 -0.020455 -0.008225
v -0.012893 -0.020724 -0.009698
v -0.013167 -0.019052 -0.010217
v -0.013167 -0.019052 -0.010217
v -0.013482 -0.018915 -0.007928
v -0.013062 -0.020455 -0.008225
v -0.014899 -0.025599 -0.016984
v -0.014356 -0.026263 -0.015448
v -0.015182 -0.027491 -0.015502
v -0.015182 -0.027491 -0.015502
v -0.016160 -0.027499 -0.016791
v -0.014899 -0.025599 -0.016984
v -0.012935 -0.020922 -0.007255
v -0.013062 -0.020455 -0.008225
v -0.013482 -0.018915 -0.007928
v -0.013482 -0.018915 -0.007928
v -0.013294 -0.019868 -0.006023
v -0.012935 -0.020922 -0.007255
v -0.015222 -0.028526 -0.015106
v -0.014734 -0.029106 -0.014169
v -0.015644 -0.030306 -0.014083
v -0.015644 -0.030306 -0.014083
v -0.016471 -0.029370 -0.015801
v -0.015222 -0.028526 -0.015106
v -0.012620 -0.021981 -0.006855
v -0.012775 -0.021798 -0.005366
v -0.012082 -0.023943 -0.005986
v -0.012082 -0.023943 -0.005986
v -0.012201 -0.023219 -0.007219
v -0.012620 -0.021981 -0.006855
v -0.014734 -0.029106 -0.014169
v -0.014062 -0.028850 -0.012960
v -0.014364 -0.029980 -0.012116
v -0.014364 -0.029980 -0.012116
v -0.015644 -0.030306 -0.014083
v -0.014734 -0.029106 -0.014169
v -0.012201 -0.023219 -0.007219
v -0.012082 -0.023943 -0.005986
v -0.012024 -0.025381 -0.007850
v -0.012024 -0.025381 -0.007850
v -0.012134 -0.024360 -0.008387
v -0.012201 -0.023219 -0.007219
v -0.014062 -0.028850 -0.012960
v -0.013242 -0.027911 -0.012014
v -0.013110 -0.028482 -0.011005
v -0.013110 -0.028482 -0.011005
v -0.014364 -0.029980 -0.012116
v -0.014062 -0.028850 -0.012960
v -0.012134 -0.024360 -0.008387
v -0.012024 -0.025381 -0.007850
v -0.011799 -0.025965 -0.010573
v -0.011799 -0.025965 -0.010573
v -0.012031 -0.025073 -0.011393
v -0.012134 -0.024360 -0.008387
v -0.012822 -0.024931 -0.012827
v -0.013741 -0.024298 -0.014786
v -0.013704 -0.023425 -0.013982
v -0.013704 -0.023425 -0.013982
v -0.012730 -0.024140 -0.012527
v -0.012822 -0.024931 -0.012827
v -0.013483 -0.022461 -0.013034
v -0.013076 -0.021656 -0.012227
v -0.012502 -0.023909 -0.011706
v -0.012502 -0.023909 -0.011706
v -0.012711 -0.024219 -0.012486
v -0.013483 -0.022461 -0.013034
v -0.015266 -0.021400 -0.014792
v -0.014401 -0.020778 -0.013082
v -0.014301 -0.021870 -0.013648
v -0.014301 -0.021870 -0.013648
v -0.014564 -0.022117 -0.014212
v -0.015266 -0.021400 -0.014792
v -0.013741 -0.024298 -0.014786
v -0.014916 -0.023237 -0.015523
v -0.014474 -0.022709 -0.014487
v -0.014474 -0.022709 -0.014487
v -0.013704 -0.023425 -0.013982
v -0.013741 -0.024298 -0.014786
v -0.014301 -0.021870 -0.013648
v -0.014401 -0.020778 -0.013082
v -0.013076 -0.021656 -0.012227
v -0.013076 -0.021656 -0.012227
v -0.013483 -0.022461 -0.013034
v -0.014301 -0.021870 -0.013648
v -0.014474 -0.022709 -0.014487
v -0.014916 -0.023237 -0.015523
v -0.015266 -0.021400 -0.014792
v -0.015266 -0.021400 -0.014792
v -0.014564 -0.022117 -0.014212
v -0.014474 -0.022709 -0.014487
v -0.013176 -0.026875 -0.004079
v -0.012653 -0.025643 -0.010467
v -0.012498 -0.024549 -0.010442
v -0.012498 -0.024549 -0.010442
v -0.012693 -0.024508 -0.002962
v -0.013176 -0.026875 -0.004079
v -0.010698 -0.020903 -0.012176
v -0.012913 -0.022258 -0.014295
v -0.010848 -0.018919 -0.017322
v -0.011536 -0.024337 -0.016535
v -0.011585 -0.025312 -0.012146
v -0.010698 -0.020903 -0.012176
v -0.012913 -0.022258 -0.014295
v -0.010698 -0.020903 -0.012176
v -0.011585 -0.025312 -0.012146
v -0.010848 -0.018919 -0.017322
v -0.012913 -0.022258 -0.014295
v -0.011536 -0.024337 -0.016535
v -0.011536 -0.024337 -0.016535
v -0.012913 -0.022258 -0.014295
v -0.011585 -0.025312 -0.012146
v -0.010848 -0.018919 -0.017322
v -0.011536 -0.024337 -0.016535
v -0.010698 -0.020903 -0.012176
v -0.013829 -0.025128 -0.009702
v -0.013750 -0.024110 -0.010148
v -0.012675 -0.023592 -0.009634
v -0.012675 -0.023592 -0.009634
v -0.012803 -0.025239 -0.008913
v -0.013829 -0.025128 -0.009702
v -0.013750 -0.024110 -0.010148
v -0.013813 -0.023695 -0.011179
v -0.012777 -0.022920 -0.011303
v -0.012777 -0.022920 -0.011303
v -0.012675 -0.023592 -0.009634
v -0.013750 -0.024110 -0.010148
v -0.013813 -0.023695 -0.011179
v -0.013982 -0.024125 -0.012193
v -0.013051 -0.023617 -0.012942
v -0.013051 -0.023617 -0.012942
v -0.012777 -0.022920 -0.011303
v -0.013813 -0.023695 -0.011179
v -0.013982 -0.024125 -0.012193
v -0.014157 -0.025149 -0.012594
v -0.013335 -0.025274 -0.013592
v -0.013335 -0.025274 -0.013592
v -0.013051 -0.023617 -0.012942
v -0.013982 -0.024125 -0.012193
v -0.014157 -0.025149 -0.012594
v -0.014237 -0.026167 -0.012149
v -0.013463 -0.026920 -0.012871
v -0.013463 -0.026920 -0.012871
v -0.013335 -0.025274 -0.013592
v -0.014157 -0.025149 -0.012594
v -0.014237 -0.026167 -0.012149
v -0.014174 -0.026582 -0.011117
v -0.013361 -0.027592 -0.011202
v -0.013361 -0.027592 -0.011202
v -0.013463 -0.026920 -0.012871
v -0.014237 -0.026167 -0.012149
v -0.014174 -0.026582 -0.011117
v -0.014005 -0.026152 -0.010104
v -0.013087 -0.026896 -0.009562
v -0.013087 -0.026896 -0.009562
v -0.013361 -0.027592 -0.011202
v -0.014174 -0.026582 -0.011117
v -0.014005 -0.026152 -0.010104
v -0.013829 -0.025128 -0.009702
v -0.012803 -0.025239 -0.008913
v -0.012803 -0.025239 -0.008913
v -0.013087 -0.026896 -0.009562
v -0.014005 -0.026152 -0.010104
v -0.014346 -0.025094 -0.011108
v -0.013750 -0.024110 -0.010148
v -0.013829 -0.025128 -0.009702
v -0.014346 -0.025094 -0.011108
v -0.013813 -0.023695 -0.011179
v -0.013750 -0.024110 -0.010148
v -0.014346 -0.025094 -0.011108
v -0.013982 -0.024125 -0.012193
v -0.013813 -0.023695 -0.011179
v -0.014346 -0.025094 -0.011108
v -0.014157 -0.025149 -0.012594
v -0.013982 -0.024125 -0.012193
v -0.014346 -0.025094 -0.011108
v -0.014237 -0.026167 -0.012149
v -0.014157 -0.025149 -0.012594
v -0.014346 -0.025094 -0.011108
v -0.014174 -0.026582 -0.011117
v -0.014237 -0.026167 -0.012149
v -0.014346 -0.025094 -0.011108
v -0.014005 -0.026152 -0.010104
v -0.014174 -0.026582 -0.011117
v -0.014346 -0.025094 -0.011108
v -0.013829 -0.025128 -0.009702
v -0.014005 -0.026152 -0.010104
v -0.014067 -0.036854 -0.003988
v -0.013638 -0.033729 -0.000207
v -0.012682 -0.033901 -0.000174
v -0.012682 -0.033901 -0.000174
v -0.013111 -0.037025 -0.003955
v -0.014067 -0.036854 -0.003988
v -0.012866 -0.029043 0.001758
v -0.011919 -0.023718 0.002021
v -0.010963 -0.023890 0.002055
v -0.010963 -0.023890 0.002055
v -0.011909 -0.029215 0.001791
v -0.012866 -0.029043 0.001758
v -0.014232 -0.038689 -0.008677
v -0.014067 -0.036854 -0.003988
v -0.013111 -0.037025 -0.003955
v -0.013111 -0.037025 -0.003955
v -0.013276 -0.038860 -0.008644
v -0.014232 -0.038689 -0.008677
v -0.013111 -0.037025 -0.003955
v -0.012682 -0.033901 -0.000174
v -0.010917 -0.026153 -0.010862
v -0.010917 -0.026153 -0.010862
v -0.011909 -0.029215 0.001791
v -0.010963 -0.023890 0.002055
v -0.010917 -0.026153 -0.010862
v -0.013276 -0.038860 -0.008644
v -0.013111 -0.037025 -0.003955
v -0.012866 -0.029043 0.001758
v -0.013638 -0.033729 -0.000207
v -0.011873 -0.025981 -0.010895
v -0.011873 -0.025981 -0.010895
v -0.011919 -0.023718 0.002021
v -0.012866 -0.029043 0.001758
v -0.011873 -0.025981 -0.010895
v -0.014067 -0.036854 -0.003988
v -0.014232 -0.038689 -0.008677
v -0.011919 -0.023718 0.002021
v -0.011873 -0.025981 -0.010895
v -0.010917 -0.026153 -0.010862
v -0.010917 -0.026153 -0.010862
v -0.010963 -0.023890 0.002055
v -0.011919 -0.023718 0.002021
v -0.013276 -0.038860 -0.008644
v -0.010917 -0.026153 -0.010862
v -0.011873 -0.025981 -0.010895
v -0.011873 -0.025981 -0.010895
v -0.014232 -0.038689 -0.008677
v -0.013276 -0.038860 -0.008644
v -0.013638 -0.033729 -0.000207
v -0.012866 -0.029043 0.001758
v -0.011909 -0.029215 0.001791
v -0.011909 -0.029215 0.001791
v -0.012682 -0.033901 -0.000174
v -0.013638 -0.033729 -0.000207
v -0.010917 -0.026153 -0.010862
v -0.012682 -0.033901 -0.000174
v -0.011909 -0.029215 0.001791
v -0.011873 -0.025981 -0.010895
v -0.013638 -0.033729 -0.000207
v -0.014067 -0.036854 -0.003988
v -0.009925 -0.024463 -0.018913
v -0.010943 -0.028792 -0.014884
v -0.011384 -0.028694 -0.016842
v -0.011384 -0.028694 -0.016842
v -0.010834 -0.025104 -0.022065
v -0.009925 -0.024463 -0.018913
v -0.009604 -0.023098 -0.020183
v -0.010834 -0.025104 -0.022065
v -0.007334 -0.021533 -0.024428
v -0.000037 -0.028824 -0.032929
v 0.000877 -0.024900 -0.031115
v -0.000954 -0.024559 -0.031114
v 0.007163 -0.029501 -0.018282
v 0.004391 -0.032601 -0.012609
v 0.006906 -0.029474 -0.016256
v 0.006619 -0.025001 -0.024196
v 0.007163 -0.029501 -0.018282
v 0.006327 -0.023803 -0.021685
v 0.003685 -0.022160 -0.026583
v 0.003316 -0.023880 -0.029775
v 0.006619 -0.025001 -0.024196
v 0.001394 -0.022675 -0.028416
v 0.000877 -0.024900 -0.031115
v 0.003316 -0.023880 -0.029775
v 0.003316 -0.023880 -0.029775
v 0.003685 -0.022160 -0.026583
v 0.001394 -0.022675 -0.028416
v -0.000954 -0.024559 -0.031114
v 0.000877 -0.024900 -0.031115
v 0.001394 -0.022675 -0.028416
v 0.001394 -0.022675 -0.028416
v -0.001120 -0.022359 -0.028585
v -0.000954 -0.024559 -0.031114
v -0.004202 -0.023627 -0.029343
v -0.000954 -0.024559 -0.031114
v -0.001120 -0.022359 -0.028585
v -0.001120 -0.022359 -0.028585
v -0.003694 -0.021635 -0.027441
v -0.004202 -0.023627 -0.029343
v -0.007991 -0.023545 -0.026387
v -0.004202 -0.023627 -0.029343
v -0.003694 -0.021635 -0.027441
v -0.003694 -0.021635 -0.027441
v -0.007334 -0.021533 -0.024428
v -0.007991 -0.023545 -0.026387
v -0.011384 -0.028694 -0.016842
v -0.010943 -0.028792 -0.014884
v -0.009808 -0.032368 -0.013020
v -0.010834 -0.025104 -0.022065
v -0.007991 -0.023545 -0.026387
v -0.007334 -0.021533 -0.024428
v 0.006327 -0.023803 -0.021685
v 0.003685 -0.022160 -0.026583
v 0.006619 -0.025001 -0.024196
v 0.006327 -0.023803 -0.021685
v 0.007163 -0.029501 -0.018282
v 0.006906 -0.029474 -0.016256
v 0.008199 -0.020449 -0.010111
v 0.006653 -0.020598 -0.009863
v 0.006998 -0.014834 -0.015246
v 0.006998 -0.014834 -0.015246
v 0.007844 -0.014492 -0.015503
v 0.008199 -0.020449 -0.010111
v 0.007496 -0.024504 -0.021394
v 0.006327 -0.023803 -0.021685
v 0.006906 -0.029474 -0.016256
v 0.006906 -0.029474 -0.016256
v 0.007970 -0.029522 -0.016475
v 0.007496 -0.024504 -0.021394
v 0.004831 -0.020648 -0.024735
v 0.004697 -0.021044 -0.023723
v 0.006327 -0.023803 -0.021685
v 0.006327 -0.023803 -0.021685
v 0.007496 -0.024504 -0.021394
v 0.004831 -0.020648 -0.024735
v 0.007844 -0.014492 -0.015503
v 0.006998 -0.014834 -0.015246
v 0.004961 -0.011468 -0.018198
v 0.004961 -0.011468 -0.018198
v 0.005781 -0.010410 -0.018718
v 0.007844 -0.014492 -0.015503
v -0.008015 -0.019557 -0.024275
v -0.011312 -0.024280 -0.019809
v -0.009604 -0.023098 -0.020183
v -0.009604 -0.023098 -0.020183
v -0.006971 -0.019596 -0.023367
v -0.008015 -0.019557 -0.024275
v -0.008894 -0.014384 -0.013463
v -0.006428 -0.008777 -0.018352
v -0.005759 -0.010147 -0.017472
v -0.005759 -0.010147 -0.017472
v -0.007537 -0.014667 -0.013757
v -0.008894 -0.014384 -0.013463
v -0.012042 -0.028517 -0.015711
v -0.010943 -0.028792 -0.014884
v -0.009925 -0.024463 -0.018913
v -0.009925 -0.024463 -0.018913
v -0.011312 -0.024280 -0.019809
v -0.012042 -0.028517 -0.015711
v -0.008894 -0.014384 -0.013463
v -0.007537 -0.014667 -0.013757
v -0.008693 -0.019982 -0.010042
v -0.008693 -0.019982 -0.010042
v -0.010136 -0.019858 -0.009555
v -0.008894 -0.014384 -0.013463
v -0.006428 -0.008777 -0.018352
v -0.002407 -0.006522 -0.020673
v -0.002270 -0.008369 -0.019549
v -0.002270 -0.008369 -0.019549
v -0.005759 -0.010147 -0.017472
v -0.006428 -0.008777 -0.018352
v -0.003842 -0.017658 -0.026326
v -0.008015 -0.019557 -0.024275
v -0.006971 -0.019596 -0.023367
v -0.006971 -0.019596 -0.023367
v -0.003538 -0.017928 -0.024945
v -0.003842 -0.017658 -0.026326
v 0.002258 -0.007546 -0.020542
v 0.001490 -0.009075 -0.019628
v -0.002270 -0.008369 -0.019549
v -0.002270 -0.008369 -0.019549
v -0.002407 -0.006522 -0.020673
v 0.002258 -0.007546 -0.020542
v 0.001072 -0.018495 -0.026172
v -0.003842 -0.017658 -0.026326
v -0.003538 -0.017928 -0.024945
v -0.003538 -0.017928 -0.024945
v 0.000592 -0.018717 -0.024751
v 0.001072 -0.018495 -0.026172
v 0.005781 -0.010410 -0.018718
v 0.004961 -0.011468 -0.018198
v 0.001490 -0.009075 -0.019628
v 0.001490 -0.009075 -0.019628
v 0.002258 -0.007546 -0.020542
v 0.005781 -0.010410 -0.018718
v 0.004831 -0.020648 -0.024735
v 0.001072 -0.018495 -0.026172
v 0.000592 -0.018717 -0.024751
v 0.000592 -0.018717 -0.024751
v 0.004697 -0.021044 -0.023723
v 0.004831 -0.020648 -0.024735
v -0.011110 -0.032295 -0.013428
v -0.010943 -0.028792 -0.014884
v -0.012042 -0.028517 -0.015711
v 0.005324 -0.023131 -0.006008
v 0.006653 -0.020598 -0.009863
v 0.008199 -0.020449 -0.010111
v 0.005539 -0.031727 -0.013475
v 0.007970 -0.029522 -0.016475
v 0.006906 -0.029474 -0.016256
v 0.006906 -0.029474 -0.016256
v 0.004391 -0.032601 -0.012609
v 0.005539 -0.031727 -0.013475
v -0.008693 -0.019982 -0.010042
v -0.007013 -0.024143 -0.007324
v -0.008307 -0.023794 -0.006162
v -0.010136 -0.019858 -0.009555
v -0.008693 -0.019982 -0.010042
v -0.008307 -0.023794 -0.006162
v 0.003729 -0.023149 -0.006522
v 0.006653 -0.020598 -0.009863
v 0.005324 -0.023131 -0.006008
v -0.009808 -0.032368 -0.013020
v -0.010943 -0.028792 -0.014884
v -0.011110 -0.032295 -0.013428
v 0.007496 -0.024504 -0.021394
v 0.007970 -0.029522 -0.016475
v 0.008199 -0.020449 -0.010111
v 0.008199 -0.020449 -0.010111
v 0.007844 -0.014492 -0.015503
v 0.007496 -0.024504 -0.021394
v 0.005781 -0.010410 -0.018718
v 0.007496 -0.024504 -0.021394
v 0.007844 -0.014492 -0.015503
v -0.008894 -0.014384 -0.013463
v -0.011312 -0.024280 -0.019809
v -0.006428 -0.008777 -0.018352
v -0.010136 -0.019858 -0.009555
v -0.012042 -0.028517 -0.015711
v -0.008894 -0.014384 -0.013463
v -0.003842 -0.017658 -0.026326
v -0.002407 -0.006522 -0.020673
v -0.008015 -0.019557 -0.024275
v 0.001072 -0.018495 -0.026172
v -0.002407 -0.006522 -0.020673
v -0.003842 -0.017658 -0.026326
v 0.004831 -0.020648 -0.024735
v 0.005781 -0.010410 -0.018718
v 0.002258 -0.007546 -0.020542
v -0.008307 -0.023794 -0.006162
v -0.011110 -0.032295 -0.013428
v -0.012042 -0.028517 -0.015711
v -0.012042 -0.028517 -0.015711
v -0.010136 -0.019858 -0.009555
v -0.008307 -0.023794 -0.006162
v 0.005539 -0.031727 -0.013475
v 0.005324 -0.023131 -0.006008
v 0.008199 -0.020449 -0.010111
v 0.008199 -0.020449 -0.010111
v 0.007970 -0.029522 -0.016475
v 0.005539 -0.031727 -0.013475
v 0.004831 -0.020648 -0.024735
v 0.007496 -0.024504 -0.021394
v 0.005781 -0.010410 -0.018718
v 0.001072 -0.018495 -0.026172
v 0.004831 -0.020648 -0.024735
v 0.002258 -0.007546 -0.020542
v -0.008015 -0.019557 -0.024275
v -0.002407 -0.006522 -0.020673
v -0.006428 -0.008777 -0.018352
v -0.011312 -0.024280 -0.019809
v -0.008015 -0.019557 -0.024275
v -0.006428 -0.008777 -0.018352
v -0.008894 -0.014384 -0.013463
v -0.012042 -0.028517 -0.015711
v -0.011312 -0.024280 -0.019809
v 0.002258 -0.007546 -0.020542
v -0.002407 -0.006522 -0.020673
v 0.001072 -0.018495 -0.026172
v -0.009925 -0.024463 -0.018913
v -0.009604 -0.023098 -0.020183
v -0.011312 -0.024280 -0.019809
v -0.009925 -0.024463 -0.018913
v -0.010834 -0.025104 -0.022065
v -0.009604 -0.023098 -0.020183
v -0.011890 -0.032376 -0.013725
v -0.009910 -0.041351 -0.012641
v -0.012317 -0.041351 -0.020953
v -0.012317 -0.041351 -0.020953
v -0.014456 -0.032554 -0.021706
v -0.011890 -0.032376 -0.013725
v -0.007958 -0.020937 -0.004144
v -0.005552 -0.026851 0.001273
v -0.006580 -0.028105 -0.003554
v -0.004165 -0.026729 0.008733
v -0.005290 -0.026828 0.004367
v -0.006289 -0.018311 0.003104
v -0.006289 -0.018311 0.003104
v -0.004652 -0.017187 0.008903
v -0.004165 -0.026729 0.008733
v -0.004652 -0.017187 0.008903
v -0.001916 -0.016735 0.012465
v -0.001956 -0.026805 0.011909
v -0.001956 -0.026805 0.011909
v -0.004165 -0.026729 0.008733
v -0.004652 -0.017187 0.008903
v 0.001661 -0.026942 0.013228
v -0.001956 -0.026805 0.011909
v -0.001916 -0.016735 0.012465
v -0.001916 -0.016735 0.012465
v 0.001972 -0.016642 0.014103
v 0.001661 -0.026942 0.013228
v 0.005475 -0.026942 0.010940
v 0.006227 -0.016962 0.012052
v 0.008835 -0.017605 0.008060
v 0.008835 -0.017605 0.008060
v 0.007369 -0.026926 0.007624
v 0.005475 -0.026942 0.010940
v 0.007369 -0.026926 0.007624
v 0.008835 -0.017605 0.008060
v 0.008859 -0.018750 0.001810
v 0.008859 -0.018750 0.001810
v 0.007632 -0.026831 0.003257
v 0.007369 -0.026926 0.007624
v 0.007632 -0.026831 0.003257
v 0.008859 -0.018750 0.001810
v 0.007262 -0.026851 0.000448
v 0.007756 -0.020937 -0.004296
v 0.007304 -0.027162 -0.010728
v 0.006366 -0.028105 -0.004197
v 0.007541 -0.032376 -0.014931
v 0.008405 -0.032554 -0.023299
v 0.006542 -0.041351 -0.022339
v 0.006542 -0.041351 -0.022339
v 0.005346 -0.041351 -0.013736
v 0.007541 -0.032376 -0.014931
v 0.008405 -0.032554 -0.023299
v 0.007583 -0.032554 -0.033418
v 0.006234 -0.041351 -0.032494
v 0.006234 -0.041351 -0.032494
v 0.006542 -0.041351 -0.022339
v 0.008405 -0.032554 -0.023299
v 0.005341 -0.032554 -0.041413
v 0.001678 -0.032554 -0.045096
v 0.001084 -0.041351 -0.043402
v 0.001084 -0.041351 -0.043402
v 0.003847 -0.041351 -0.040365
v 0.005341 -0.032554 -0.041413
v -0.004101 -0.032554 -0.045849
v -0.008912 -0.032554 -0.043649
v -0.004982 -0.039610 -0.043940
v -0.004982 -0.039610 -0.043940
v -0.003944 -0.038825 -0.044583
v -0.004101 -0.032554 -0.045849
v -0.007943 -0.041351 -0.042100
v -0.008912 -0.032554 -0.043649
v -0.012366 -0.032554 -0.040093
v -0.012366 -0.032554 -0.040093
v -0.010803 -0.041351 -0.038991
v -0.007943 -0.041351 -0.042100
v -0.010803 -0.041351 -0.038991
v -0.012366 -0.032554 -0.040093
v -0.014655 -0.032554 -0.032162
v -0.014655 -0.032554 -0.032162
v -0.012811 -0.041351 -0.031407
v -0.010803 -0.041351 -0.038991
v -0.012811 -0.041351 -0.031407
v -0.014655 -0.032554 -0.032162
v -0.014456 -0.032554 -0.021706
v -0.014456 -0.032554 -0.021706
v -0.012317 -0.041351 -0.020953
v -0.012811 -0.041351 -0.031407
v -0.006289 -0.018311 0.003104
v -0.005290 -0.026828 0.004367
v -0.005552 -0.026851 0.001273
v -0.007958 -0.020937 -0.004144
v -0.006289 -0.018311 0.003104
v -0.005552 -0.026851 0.001273
v 0.007756 -0.020937 -0.004296
v 0.006366 -0.028105 -0.004197
v 0.007262 -0.026851 0.000448
v -0.010745 -0.027162 -0.010802
v -0.006580 -0.028105 -0.003554
v -0.008057 -0.034000 -0.008049
v 0.005661 -0.034000 -0.008553
v 0.007304 -0.027162 -0.010728
v 0.007541 -0.032376 -0.014931
v 0.007541 -0.032376 -0.014931
v 0.005346 -0.041351 -0.013736
v 0.005661 -0.034000 -0.008553
v 0.007583 -0.032554 -0.033418
v 0.005341 -0.032554 -0.041413
v 0.003847 -0.041351 -0.040365
v 0.003847 -0.041351 -0.040365
v 0.006234 -0.041351 -0.032494
v 0.007583 -0.032554 -0.033418
v -0.008057 -0.034000 -0.008049
v -0.009910 -0.041351 -0.012641
v -0.011890 -0.032376 -0.013725
v -0.011890 -0.032376 -0.013725
v -0.010745 -0.027162 -0.010802
v -0.008057 -0.034000 -0.008049
v 0.007304 -0.027162 -0.010728
v 0.005661 -0.034000 -0.008553
v 0.006366 -0.028105 -0.004197
v -0.010745 -0.027162 -0.010802
v -0.007958 -0.020937 -0.004144
v -0.006580 -0.028105 -0.003554
v 0.001661 -0.026942 0.013228
v 0.001972 -0.016642 0.014103
v 0.006227 -0.016962 0.012052
v 0.006227 -0.016962 0.012052
v 0.005475 -0.026942 0.010940
v 0.001661 -0.026942 0.013228
v -0.004165 -0.026729 0.008733
v -0.003791 -0.041430 0.003454
v -0.005290 -0.026828 0.004367
v -0.001956 -0.026805 0.011909
v -0.002072 -0.033180 0.008826
v -0.004165 -0.026729 0.008733
v -0.001956 -0.026805 0.011909
v 0.001661 -0.026942 0.013228
v 0.001157 -0.033139 0.010046
v 0.001157 -0.033139 0.010046
v -0.002072 -0.033180 0.008826
v -0.001956 -0.026805 0.011909
v 0.007369 -0.026926 0.007624
v 0.004643 -0.033219 0.008138
v 0.005475 -0.026942 0.010940
v 0.007262 -0.026851 0.000448
v 0.004692 -0.041430 -0.000233
v 0.004712 -0.041430 0.003010
v 0.004712 -0.041430 0.003010
v 0.007632 -0.026831 0.003257
v 0.007262 -0.026851 0.000448
v 0.005475 -0.026942 0.010940
v 0.004643 -0.033219 0.008138
v 0.001157 -0.033139 0.010046
v 0.001157 -0.033139 0.010046
v 0.001661 -0.026942 0.013228
v 0.005475 -0.026942 0.010940
v 0.007632 -0.026831 0.003257
v 0.004712 -0.041430 0.003010
v 0.007369 -0.026926 0.007624
v -0.005552 -0.026851 0.001273
v -0.005290 -0.026828 0.004367
v -0.003791 -0.041430 0.003454
v -0.003791 -0.041430 0.003454
v -0.004265 -0.041430 0.000250
v -0.005552 -0.026851 0.001273
v 0.008859 -0.018750 0.001810
v 0.007756 -0.020937 -0.004296
v 0.007262 -0.026851 0.000448
v -0.002307 -0.041430 0.006455
v -0.003791 -0.041430 0.003454
v -0.002072 -0.033180 0.008826
v 0.000562 -0.041430 0.007437
v -0.002307 -0.041430 0.006455
v -0.002072 -0.033180 0.008826
v -0.002072 -0.033180 0.008826
v 0.001157 -0.033139 0.010046
v 0.000562 -0.041430 0.007437
v 0.004643 -0.033219 0.008138
v 0.003571 -0.041430 0.006101
v 0.000562 -0.041430 0.007437
v 0.000562 -0.041430 0.007437
v 0.001157 -0.033139 0.010046
v 0.004643 -0.033219 0.008138
v 0.004712 -0.041430 0.003010
v 0.004643 -0.033219 0.008138
v 0.007369 -0.026926 0.007624
v 0.003571 -0.041430 0.006101
v 0.004643 -0.033219 0.008138
v 0.004712 -0.041430 0.003010
v -0.002072 -0.033180 0.008826
v -0.003791 -0.041430 0.003454
v -0.004165 -0.026729 0.008733
v 0.001084 -0.041351 -0.043402
v 0.001678 -0.032554 -0.045096
v -0.002790 -0.039625 -0.044269
v -0.002790 -0.039625 -0.044269
v -0.002455 -0.041351 -0.043889
v 0.001084 -0.041351 -0.043402
v -0.004101 -0.032554 -0.045849
v -0.003944 -0.038825 -0.044583
v -0.002790 -0.039625 -0.044269
v -0.002790 -0.039625 -0.044269
v 0.001678 -0.032554 -0.045096
v -0.004101 -0.032554 -0.045849
v -0.007943 -0.041351 -0.042100
v -0.005330 -0.041351 -0.043379
v -0.004982 -0.039610 -0.043940
v -0.004982 -0.039610 -0.043940
v -0.008912 -0.032554 -0.043649
v -0.007943 -0.041351 -0.042100
v 0.005346 -0.041351 -0.013736
v 0.006542 -0.041351 -0.022339
v -0.012317 -0.041351 -0.020953
v -0.012317 -0.041351 -0.020953
v -0.009910 -0.041351 -0.012641
v 0.005346 -0.041351 -0.013736
v 0.008405 -0.032554 -0.023299
v 0.007541 -0.032376 -0.014931
v -0.011890 -0.032376 -0.013725
v -0.011890 -0.032376 -0.013725
v -0.014456 -0.032554 -0.021706
v 0.008405 -0.032554 -0.023299
v 0.007541 -0.032376 -0.014931
v 0.007304 -0.027162 -0.010728
v -0.010745 -0.027162 -0.010802
v -0.010745 -0.027162 -0.010802
v -0.011890 -0.032376 -0.013725
v 0.007541 -0.032376 -0.014931
v -0.005552 -0.026851 0.001273
v 0.007262 -0.026851 0.000448
v 0.006366 -0.028105 -0.004197
v 0.006366 -0.028105 -0.004197
v -0.006580 -0.028105 -0.003554
v -0.005552 -0.026851 0.001273
v 0.007756 -0.020937 -0.004296
v -0.006289 -0.018311 0.003104
v -0.007958 -0.020937 -0.004144
v -0.004652 -0.017187 0.008903
v -0.006289 -0.018311 0.003104
v 0.008859 -0.018750 0.001810
v 0.008859 -0.018750 0.001810
v 0.008835 -0.017605 0.008060
v -0.004652 -0.017187 0.008903
v -0.004652 -0.017187 0.008903
v 0.008835 -0.017605 0.008060
v 0.006227 -0.016962 0.012052
v 0.006227 -0.016962 0.012052
v -0.001916 -0.016735 0.012465
v -0.004652 -0.017187 0.008903
v 0.006542 -0.041351 -0.022339
v 0.006234 -0.041351 -0.032494
v -0.012811 -0.041351 -0.031407
v -0.012811 -0.041351 -0.031407
v -0.012317 -0.041351 -0.020953
v 0.006542 -0.041351 -0.022339
v -0.014655 -0.032554 -0.032162
v 0.007583 -0.032554 -0.033418
v 0.008405 -0.032554 -0.023299
v 0.008405 -0.032554 -0.023299
v -0.014456 -0.032554 -0.021706
v -0.014655 -0.032554 -0.032162
v -0.007943 -0.041351 -0.042100
v -0.010803 -0.041351 -0.038991
v -0.005104 -0.041351 -0.039551
v -0.005104 -0.041351 -0.039551
v -0.005330 -0.041351 -0.043379
v -0.007943 -0.041351 -0.042100
v 0.005341 -0.032554 -0.041413
v -0.012366 -0.032554 -0.040093
v -0.008912 -0.032554 -0.043649
v -0.008912 -0.032554 -0.043649
v 0.001678 -0.032554 -0.045096
v 0.005341 -0.032554 -0.041413
v -0.006580 -0.028105 -0.003554
v 0.006366 -0.028105 -0.004197
v 0.005661 -0.034000 -0.008553
v 0.005661 -0.034000 -0.008553
v -0.008057 -0.034000 -0.008049
v -0.006580 -0.028105 -0.003554
v 0.007756 -0.020937 -0.004296
v 0.008859 -0.018750 0.001810
v -0.006289 -0.018311 0.003104
v 0.007304 -0.027162 -0.010728
v 0.007756 -0.020937 -0.004296
v -0.007958 -0.020937 -0.004144
v -0.007958 -0.020937 -0.004144
v -0.010745 -0.027162 -0.010802
v 0.007304 -0.027162 -0.010728
v 0.007583 -0.032554 -0.033418
v -0.014655 -0.032554 -0.032162
v -0.012366 -0.032554 -0.040093
v -0.012366 -0.032554 -0.040093
v 0.005341 -0.032554 -0.041413
v 0.007583 -0.032554 -0.033418
v 0.006227 -0.016962 0.012052
v 0.001972 -0.016642 0.014103
v -0.001916 -0.016735 0.012465
v 0.004692 -0.041430 -0.000233
v 0.007262 -0.026851 0.000448
v -0.005552 -0.026851 0.001273
v -0.005552 -0.026851 0.001273
v -0.004265 -0.041430 0.000250
v 0.004692 -0.041430 -0.000233
v -0.003791 -0.041430 0.003454
v 0.004712 -0.041430 0.003010
v 0.004692 -0.041430 -0.000233
v 0.004692 -0.041430 -0.000233
v -0.004265 -0.041430 0.000250
v -0.003791 -0.041430 0.003454
v -0.002307 -0.041430 0.006455
v 0.000562 -0.041430 0.007437
v 0.003571 -0.041430 0.006101
v 0.004712 -0.041430 0.003010
v -0.003791 -0.041430 0.003454
v -0.002307 -0.041430 0.006455
v -0.002307 -0.041430 0.006455
v 0.003571 -0.041430 0.006101
v 0.004712 -0.041430 0.003010
v 0.001678 -0.032554 -0.045096
v -0.008912 -0.032554 -0.043649
v -0.004101 -0.032554 -0.045849
v -0.002232 -0.041351 -0.039802
v 0.003847 -0.041351 -0.040365
v 0.001084 -0.041351 -0.043402
v 0.001084 -0.041351 -0.043402
v -0.002455 -0.041351 -0.043889
v -0.002232 -0.041351 -0.039802
v 0.003847 -0.041351 -0.040365
v -0.002232 -0.041351 -0.039802
v 0.006234 -0.041351 -0.032494
v -0.008057 -0.034000 -0.008049
v 0.005661 -0.034000 -0.008553
v 0.005346 -0.041351 -0.013736
v 0.005346 -0.041351 -0.013736
v -0.009910 -0.041351 -0.012641
v -0.008057 -0.034000 -0.008049
v -0.005330 -0.041351 -0.043379
v -0.005104 -0.041351 -0.039551
v -0.004744 -0.039676 -0.039496
v -0.004744 -0.039676 -0.039496
v -0.004982 -0.039610 -0.043940
v -0.005330 -0.041351 -0.043379
v -0.004982 -0.039610 -0.043940
v -0.004744 -0.039676 -0.039496
v -0.003639 -0.038885 -0.039549
v -0.003639 -0.038885 -0.039549
v -0.003944 -0.038825 -0.044583
v -0.004982 -0.039610 -0.043940
v -0.002790 -0.039625 -0.044269
v -0.003944 -0.038825 -0.044583
v -0.003639 -0.038885 -0.039549
v -0.003639 -0.038885 -0.039549
v -0.002504 -0.039687 -0.039693
v -0.002790 -0.039625 -0.044269
v -0.002455 -0.041351 -0.043889
v -0.002790 -0.039625 -0.044269
v -0.002504 -0.039687 -0.039693
v -0.002504 -0.039687 -0.039693
v -0.002232 -0.041351 -0.039802
v -0.002455 -0.041351 -0.043889
v -0.002504 -0.039687 -0.039693
v -0.003639 -0.038885 -0.039549
v -0.004744 -0.039676 -0.039496
v -0.004744 -0.039676 -0.039496
v -0.005104 -0.041351 -0.039551
v -0.002232 -0.041351 -0.039802
v -0.002232 -0.041351 -0.039802
v -0.002504 -0.039687 -0.039693
v -0.004744 -0.039676 -0.039496
v -0.005104 -0.041351 -0.039551
v -0.012811 -0.041351 -0.031407
v 0.006234 -0.041351 -0.032494
v 0.006234 -0.041351 -0.032494
v -0.002232 -0.041351 -0.039802
v -0.005104 -0.041351 -0.039551
v -0.005104 -0.041351 -0.039551
v -0.010803 -0.041351 -0.038991
v -0.012811 -0.041351 -0.031407
vn -0.3095 0.5687 -0.7621
vn -0.6943 0.5395 -0.4763
vn -0.6969 0.4418 -0.5649
vn -0.1882 0.5161 -0.8356
vn -0.3095 0.5688 -0.7621
vn 0.2257 0.6720 -0.7054
vn 0.1363 0.7086 -0.6923
vn -0.3094 0.5688 -0.7621
vn -0.3094 0.5687 -0.7621
vn -0.1881 0.5161 -0.8356
vn 0.2257 0.6719 -0.7054
vn 0.9812 -0.1714 0.0890
vn 0.7348 -0.6744 -0.0728
vn 0.8918 -0.4522 0.0169
vn 0.1790 0.7667 -0.6166
vn -0.0065 0.7437 -0.6685
vn 0.1364 0.7086 -0.6923
vn -0.0040 0.7470 -0.6648
vn 0.3741 0.7932 -0.4806
vn 0.2388 0.8639 -0.4434
vn 0.5966 0.6436 -0.4795
vn 0.1791 0.7667 -0.6165
vn -0.2615 0.6780 -0.6869
vn -0.2615 0.6781 -0.6869
vn -0.0172 -0.9991 -0.0386
vn -0.0232 -0.9991 -0.0349
vn -0.0346 -0.9992 -0.0197
vn -0.0345 -0.9992 -0.0197
vn 0.0472 -0.9985 -0.0289
vn -0.0633 -0.9959 -0.0646
vn -0.0717 -0.9958 -0.0573
vn -0.0640 -0.9969 -0.0455
vn -0.0034 -0.9993 -0.0364
vn 0.5150 -0.4702 -0.7167
vn 0.4567 -0.8623 -0.2186
vn 0.1561 -0.9629 -0.2200
vn 0.3265 -0.6428 -0.6929
vn 0.4567 -0.8624 -0.2185
vn 0.7682 -0.6401 0.0087
vn 0.1561 -0.9629 -0.2199
vn -0.3254 -0.9382 -0.1177
vn -0.5667 -0.7976 -0.2064
vn 0.1560 -0.9630 -0.2199
vn 0.7683 -0.6401 0.0088
vn -0.3255 -0.9382 -0.1178
vn 0.1561 -0.9630 -0.2199
vn -0.5630 0.7656 -0.3114
vn 0.0774 0.8526 -0.5168
vn -0.3424 0.8275 -0.4450
vn 0.0677 0.8349 -0.5463
vn -0.1441 0.8658 -0.4791
vn -0.3544 0.7582 -0.5473
vn 0.0511 0.9064 -0.4192
vn -0.1442 0.8658 -0.4791
vn 0.0676 0.8349 -0.5463
vn -0.1764 -0.6318 -0.7547
vn 0.3265 -0.6428 -0.6930
vn 0.1560 -0.9629 -0.2200
vn -0.5667 -0.7977 -0.2064
vn -0.1764 -0.6318 -0.7548
vn -0.6441 0.6645 -0.3789
vn -0.9739 0.1946 -0.1166
vn -0.4719 0.7033 -0.5317
vn -0.5205 0.6466 -0.5576
vn -0.9737 0.1863 -0.1313
vn -0.2317 -0.4711 -0.8511
vn -0.3995 0.6981 -0.5942
vn -0.2674 0.7139 -0.6472
vn -0.3821 0.4302 -0.8179
vn -0.1148 -0.3686 -0.9225
vn 0.9944 -0.0752 0.0740
vn 0.9704 0.2247 -0.0883
vn 0.9943 0.1054 -0.0139
vn 0.7683 -0.6401 0.0087
vn 0.9944 -0.0751 0.0740
vn -0.9886 -0.0576 -0.1388
vn -0.9638 -0.0920 -0.2501
vn -0.5667 -0.7976 -0.2063
vn -0.3254 -0.9382 -0.1178
vn -0.9886 -0.0576 -0.1389
vn -0.7157 -0.0194 -0.6981
vn -0.9638 -0.0919 -0.2501
vn -0.9886 -0.0575 -0.1389
vn 0.9704 0.2248 -0.0883
vn 0.8018 0.3120 -0.5097
vn 0.9943 0.1055 -0.0139
vn -0.8452 0.4634 -0.2663
vn -0.3425 0.8274 -0.4451
vn -0.1971 0.7978 -0.5698
vn -0.1971 0.7978 -0.5697
vn -0.7528 0.4916 -0.4377
vn -0.8452 0.4634 -0.2662
vn -0.7529 0.4915 -0.4377
vn -0.8452 0.4633 -0.2663
vn 0.9433 0.2941 -0.1537
vn 0.9834 0.1734 -0.0541
vn 0.9943 0.1054 -0.0140
vn 0.9059 0.3687 -0.2083
vn 0.9433 0.2941 -0.1538
vn 0.9059 0.3687 -0.2082
vn 0.9490 0.3019 -0.0906
vn 0.9736 0.2262 -0.0295
vn 0.9946 0.0746 -0.0724
vn 0.9707 0.2296 -0.0707
vn 0.9252 0.3475 -0.1526
vn 0.9707 0.2296 -0.0708
vn 0.9839 0.1623 -0.0747
vn 0.9251 0.3476 -0.1526
vn -0.7913 0.5337 -0.2984
vn -0.9949 0.0264 -0.0974
vn -0.8350 0.4908 -0.2490
vn -0.9739 0.1946 -0.1167
vn -0.6441 0.6646 -0.3788
vn -0.8349 0.4908 -0.2490
vn -0.9949 0.0264 -0.0973
vn 0.1207 0.8455 -0.5201
vn 0.1373 0.8676 -0.4780
vn -0.1604 0.8814 -0.4443
vn -0.2812 0.8412 -0.4618
vn -0.2813 0.8412 -0.4618
vn -0.1605 0.8814 -0.4443
vn -0.7912 0.5337 -0.2984
vn -0.8349 0.4909 -0.2490
vn -0.4719 0.7032 -0.5317
vn -0.0638 -0.3321 -0.9411
vn 0.0255 -0.3078 -0.9511
vn 0.3079 -0.4678 -0.8284
vn -0.3607 -0.4142 -0.8357
vn 0.0254 -0.3078 -0.9511
vn -0.0639 -0.3321 -0.9411
vn 0.9601 0.2515 -0.1220
vn 0.9930 0.0789 -0.0875
vn 0.9544 0.2599 -0.1467
vn 0.9544 0.2599 -0.1466
vn 0.9870 0.0888 -0.1340
vn 0.9870 0.0887 -0.1340
vn 0.6393 0.6624 -0.3905
vn -0.9989 -0.0072 -0.0464
vn -0.8829 0.4105 -0.2279
vn -0.8633 0.4404 -0.2464
vn 0.5908 -0.7875 -0.1753
vn -0.0033 -0.9993 -0.0364
vn -0.0322 -0.9633 -0.2664
vn 0.1480 0.8218 -0.5502
vn 0.6393 0.6625 -0.3905
vn -0.2154 0.8601 -0.4624
vn -0.2153 0.8601 -0.4624
vn -0.3145 0.8191 -0.4799
vn 0.1480 0.8219 -0.5501
vn -0.8633 0.4405 -0.2465
vn -0.8829 0.4106 -0.2280
vn -0.3144 0.8191 -0.4798
vn -0.3145 0.8191 -0.4798
vn -0.8632 0.4405 -0.2465
vn -0.8829 0.4106 -0.2279
vn -0.5206 0.6466 -0.5575
vn -0.3145 0.8190 -0.4799
vn -0.0323 -0.9633 -0.2664
vn -0.0034 -0.9993 -0.0365
vn -0.3437 -0.9154 -0.2094
vn -0.0641 -0.9969 -0.0455
vn -0.5205 0.6467 -0.5575
vn -0.3995 0.6982 -0.5941
vn -0.5265 -0.5359 -0.6600
vn -0.0639 -0.1270 -0.9898
vn -0.0846 -0.2778 -0.9569
vn -0.0845 -0.2778 -0.9569
vn 0.4777 -0.5470 -0.6875
vn 0.9205 0.3028 -0.2468
vn 0.9824 0.0802 -0.1686
vn 0.6615 0.6196 -0.4225
vn 0.9705 0.0976 -0.2203
vn 0.5828 0.6979 -0.4163
vn 0.6616 0.6196 -0.4225
vn -0.9982 0.0429 -0.0424
vn -0.9988 -0.0344 0.0349
vn -0.8179 0.5124 -0.2616
vn -0.8180 0.5123 -0.2616
vn -0.6715 0.6594 -0.3381
vn -0.9982 0.0429 -0.0425
vn -0.9934 0.1078 -0.0387
vn -0.8179 0.5124 -0.2617
vn -0.0449 0.8768 -0.4787
vn -0.0448 0.8768 -0.4787
vn -0.0755 0.8608 -0.5033
vn -0.6714 0.6595 -0.3381
vn -0.0756 0.8608 -0.5033
vn -0.0756 0.8608 -0.5032
vn 0.6740 -0.6708 -0.3096
vn 0.0237 -0.9379 -0.3461
vn 0.0315 0.7618 -0.6471
vn -0.0755 0.8608 -0.5032
vn 0.0314 0.7618 -0.6471
vn -0.0755 0.8609 -0.5032
vn 0.0238 -0.9379 -0.3461
vn -0.6657 -0.7241 -0.1807
vn 0.0237 -0.9379 -0.3462
vn -0.8089 -0.5867 0.0377
vn -0.8254 -0.5508 -0.1242
vn -0.9994 0.0348 0.0024
vn -0.9994 0.0348 0.0025
vn -0.9937 0.0204 0.1101
vn 0.5118 -0.8540 -0.0937
vn -0.1169 -0.9931 -0.0003
vn -0.0665 -0.9972 0.0341
vn -0.0665 -0.9972 0.0342
vn 0.5635 -0.8067 -0.1779
vn 0.5118 -0.8540 -0.0936
vn 0.0346 -0.9975 -0.0611
vn -0.0053 -0.9996 -0.0272
vn -0.1169 -0.9931 -0.0004
vn -0.1170 -0.9931 -0.0004
vn 0.9856 -0.1679 -0.0195
vn 0.8918 -0.4522 0.0168
vn 0.8978 -0.4382 -0.0431
vn 0.9851 -0.1213 -0.1222
vn -0.9994 0.0349 0.0024
vn -0.9388 0.2982 -0.1721
vn -0.6794 0.6629 -0.3145
vn -0.9937 0.0205 0.1101
vn -0.7971 0.6032 -0.0282
vn -0.9929 0.0266 0.1162
vn -0.9235 -0.2240 -0.3113
vn -0.7393 -0.6606 -0.1306
vn -0.6787 -0.7150 0.1678
vn -0.9929 0.0265 0.1162
vn 0.7426 -0.1830 -0.6443
vn 0.9523 -0.0671 -0.2978
vn 0.6187 -0.6736 -0.4043
vn 0.5634 -0.8068 -0.1780
vn 0.9706 0.0975 -0.2202
vn 0.9634 -0.2310 -0.1360
vn 0.6740 -0.6707 -0.3096
vn 0.9775 -0.0066 -0.2108
vn -0.8337 -0.4439 -0.3283
vn -0.6657 -0.7240 -0.1807
vn -0.9641 -0.2599 0.0546
vn -0.9982 0.0428 -0.0425
vn -0.8337 -0.4440 -0.3283
vn -0.9641 -0.2598 0.0546
vn 0.2404 -0.1598 -0.9574
vn 0.1990 -0.1324 -0.9710
vn -0.5160 -0.1575 -0.8420
vn -0.5161 -0.1575 -0.8419
vn -0.5759 -0.2476 -0.7791
vn -0.4754 -0.1486 -0.8671
vn -0.1081 0.1337 -0.9851
vn -0.0304 -0.0698 -0.9971
vn -0.0302 -0.0698 -0.9971
vn -0.1080 0.1337 -0.9851
vn 0.4800 0.1789 -0.8588
vn 0.7777 0.4416 -0.4474
vn 0.9430 0.3170 -0.1009
vn 0.0509 0.8164 -0.5753
vn -0.3424 0.8274 -0.4451
vn -0.2523 -0.9333 0.2554
vn -0.6786 -0.7151 0.1678
vn -0.0666 -0.9972 0.0342
vn -0.0666 -0.9972 0.0341
vn -0.1170 -0.9931 -0.0003
vn -0.8089 -0.5867 0.0378
vn 0.5635 -0.8067 -0.1780
vn 0.5119 -0.8539 -0.0937
vn -0.9901 -0.1265 0.0601
vn -0.9709 -0.1614 0.1771
vn -0.9242 0.3769 0.0621
vn -0.8816 0.4682 -0.0593
vn -0.9902 -0.1265 0.0601
vn -0.9886 -0.0575 -0.1388
vn -0.9902 -0.1265 0.0600
vn -0.8452 0.4635 -0.2662
vn -0.8816 0.4683 -0.0593
vn -0.5629 0.7656 -0.3113
vn -0.3425 0.8274 -0.4450
vn -0.9241 0.3770 0.0621
vn -0.5630 0.7656 -0.3113
vn -0.9438 -0.3195 0.0842
vn -0.9709 -0.1615 0.1771
vn -0.9901 -0.1266 0.0601
vn -0.9527 -0.3040 -0.0041
vn -0.9901 -0.1265 0.0600
vn -0.9901 -0.1266 0.0600
vn 0.0544 -0.9618 -0.2684
vn -0.2724 -0.9374 -0.2172
vn -0.3064 -0.6484 -0.6969
vn 0.0282 -0.5998 -0.7996
vn 0.0545 -0.9618 -0.2684
vn 0.3714 -0.6057 -0.7037
vn 0.3750 -0.8994 -0.2245
vn 0.0282 -0.5998 -0.7997
vn -0.3438 -0.9154 -0.2094
vn -0.5538 -0.7541 -0.3530
vn -0.2116 -0.6669 -0.7145
vn -0.0323 -0.9633 -0.2665
vn 0.2837 -0.5474 -0.7873
vn -0.2116 -0.6668 -0.7146
vn 0.2838 -0.5474 -0.7873
vn -0.2178 -0.5891 -0.7781
vn -0.2179 -0.5891 -0.7781
vn 0.1437 -0.8349 -0.5313
vn -0.2179 -0.5891 -0.7782
vn 0.2258 0.6720 -0.7053
vn 0.7776 0.4417 -0.4474
vn 0.5966 0.6436 -0.4794
vn 0.2258 0.6719 -0.7054
vn -0.7965 0.6039 0.0310
vn -0.7423 0.6639 -0.0908
vn -0.1981 0.9631 -0.1824
vn -0.2051 0.9738 -0.0982
vn -0.7965 0.6039 0.0309
vn 0.7046 0.6675 -0.2408
vn 0.1403 0.9776 -0.1568
vn 0.1963 0.9542 -0.2259
vn 0.6544 0.6874 -0.3149
vn 0.7046 0.6675 -0.2407
vn 0.1962 0.9542 -0.2259
vn 0.1401 0.9776 -0.1568
vn -0.1980 0.9631 -0.1824
vn -0.9929 0.0265 0.1161
vn 0.6545 0.6874 -0.3150
vn 0.7426 -0.1831 -0.6443
vn -0.1981 0.9630 -0.1824
vn 0.0313 0.9682 -0.2483
vn -0.3145 0.9233 -0.2205
vn -0.2462 0.9199 -0.3053
vn -0.2463 0.9199 -0.3053
vn 0.1671 0.9450 -0.2810
vn 0.0314 0.9682 -0.2483
vn 0.1640 0.9257 -0.3410
vn 0.5827 0.6980 -0.4163
vn -0.4587 0.8444 -0.2767
vn -0.3146 0.9233 -0.2204
vn -0.8516 0.4936 -0.1764
vn -0.3145 0.9233 -0.2204
vn 0.4801 0.1789 -0.8588
vn 0.1640 0.9256 -0.3410
vn 0.3016 0.8867 -0.3503
vn 0.3017 0.8867 -0.3503
vn 0.7253 0.6043 -0.3298
vn 0.1639 0.9257 -0.3410
vn -0.8337 -0.4440 -0.3284
vn -0.8517 0.4935 -0.1764
vn 0.9775 -0.0065 -0.2108
vn 0.7253 0.6042 -0.3298
vn 0.9706 0.0976 -0.2202
vn -0.6714 0.6595 -0.3380
vn 0.5827 0.6979 -0.4163
vn -0.8517 0.4935 -0.1763
vn -0.4588 0.8444 -0.2767
vn -0.8633 0.4405 -0.2464
vn -0.8176 0.5338 -0.2157
vn -0.9836 0.1454 -0.1062
vn -0.8176 0.5339 -0.2157
vn 0.7313 0.6246 -0.2739
vn 0.9961 -0.0241 -0.0851
vn 0.3147 0.8763 -0.3647
vn 0.7312 0.6247 -0.2739
vn 0.2088 0.9168 -0.3405
vn 0.1740 0.9130 -0.3690
vn 0.1739 0.9130 -0.3691
vn 0.3146 0.8763 -0.3647
vn 0.7313 0.6247 -0.2739
vn 0.2087 0.9168 -0.3405
vn 0.0115 0.9342 -0.3565
vn 0.1739 0.9130 -0.3690
vn -0.3160 0.8887 -0.3322
vn -0.2413 0.9083 -0.3417
vn -0.3159 0.8888 -0.3322
vn -0.8175 0.5339 -0.2158
vn -0.5950 0.7553 -0.2748
vn -0.3160 0.8887 -0.3321
vn -0.2414 0.9083 -0.3417
vn -0.8632 0.4406 -0.2465
vn -0.5949 0.7553 -0.2748
vn 0.6392 0.6625 -0.3905
vn 0.1740 0.9130 -0.3691
vn -0.3159 0.8887 -0.3322
vn -0.9802 0.1026 -0.1695
vn -0.9910 -0.0120 -0.1332
vn -0.9802 0.1025 -0.1695
vn 0.9671 0.2108 -0.1421
vn 0.9839 0.1622 -0.0747
vn 0.9947 0.0638 -0.0802
vn 0.2109 0.9608 -0.1798
vn -0.0776 0.9779 -0.1941
vn 0.1842 0.9307 -0.3159
vn -0.3032 0.9093 -0.2850
vn -0.2972 0.9364 -0.1868
vn -0.3031 0.9094 -0.2849
vn -0.7912 0.5338 -0.2984
vn -0.3032 0.9093 -0.2849
vn -0.3630 0.8906 -0.2739
vn -0.2973 0.9363 -0.1868
vn -0.5937 0.7851 -0.1768
vn -0.3630 0.8906 -0.2738
vn 0.5403 0.8274 -0.1533
vn 0.1843 0.9307 -0.3159
vn 0.0911 0.9444 -0.3159
vn 0.5403 0.8274 -0.1532
vn 0.1843 0.9307 -0.3160
vn 0.1374 0.8676 -0.4780
vn 0.0911 0.9444 -0.3160
vn 0.0910 0.9444 -0.3160
vn 0.5402 0.8275 -0.1532
vn -0.2259 0.9329 -0.2807
vn -0.3629 0.8907 -0.2739
vn -0.5936 0.7851 -0.1768
vn -0.3031 0.9093 -0.2850
vn 0.0509 0.8163 -0.5753
vn 0.0677 0.8348 -0.5463
vn -0.1972 0.7978 -0.5697
vn -0.3545 0.7582 -0.5473
vn 0.0496 0.8645 -0.5002
vn 0.3987 0.8751 -0.2745
vn 0.3987 0.8751 -0.2744
vn 0.0512 0.9064 -0.4192
vn 0.0510 0.8163 -0.5753
vn -0.4373 0.7548 -0.4889
vn -0.3546 0.7581 -0.5473
vn -0.3149 0.8216 -0.4752
vn -0.4859 0.7645 -0.4236
vn -0.4372 0.7548 -0.4889
vn -0.4372 0.7548 -0.4890
vn -0.1970 0.7978 -0.5698
vn -0.4372 0.7549 -0.4890
vn 0.0495 0.8645 -0.5002
vn 0.0980 -0.1214 -0.9877
vn 0.8017 0.3120 -0.5098
vn 0.5151 -0.4701 -0.7167
vn 0.5151 -0.4701 -0.7168
vn 0.0981 -0.1214 -0.9877
vn -0.2893 -0.1666 -0.9426
vn -0.1765 -0.6318 -0.7548
vn 0.0980 -0.1214 -0.9878
vn -0.0638 -0.3320 -0.9411
vn 0.3377 -0.3163 -0.8865
vn -0.3064 -0.6483 -0.6970
vn -0.3957 -0.3130 -0.8634
vn -0.3958 -0.3130 -0.8634
vn -0.0639 -0.3320 -0.9411
vn 0.4095 -0.1610 -0.8980
vn -0.0846 -0.2779 -0.9569
vn 0.4456 -0.2692 -0.8538
vn 0.4455 -0.2692 -0.8538
vn 0.2838 -0.5475 -0.7872
vn 0.4095 -0.1609 -0.8980
vn -0.2115 -0.6669 -0.7145
vn -0.3287 -0.0086 -0.9444
vn -0.4952 -0.2477 -0.8327
vn -0.2116 -0.6668 -0.7145
vn 0.3485 -0.0475 -0.9361
vn 0.2029 0.0923 -0.9748
vn 0.3263 -0.0139 -0.9452
vn 0.3263 -0.0140 -0.9451
vn -0.0303 -0.0698 -0.9971
vn 0.3486 -0.0475 -0.9361
vn -0.4199 -0.0189 -0.9074
vn -0.4799 -0.1081 -0.8706
vn -0.4799 -0.1082 -0.8706
vn -0.2178 -0.5891 -0.7782
vn -0.9829 -0.1840 -0.0049
vn -0.6529 -0.5717 -0.4969
vn -0.9670 -0.2449 -0.0700
vn -0.9989 -0.0073 -0.0464
vn 0.9930 0.0788 -0.0875
vn 0.9896 -0.1408 -0.0298
vn 0.9880 -0.1446 -0.0537
vn 0.9961 -0.0242 -0.0850
vn 0.9880 -0.1446 -0.0536
vn 0.9843 -0.1530 -0.0879
vn -0.9782 -0.2039 0.0405
vn -0.9988 -0.0345 0.0349
vn -0.9988 -0.0345 0.0350
vn 0.9824 0.0801 -0.1685
vn 0.9716 -0.2131 -0.1027
vn 0.9634 -0.2310 -0.1361
vn 0.9824 0.0801 -0.1686
vn -0.6786 -0.7150 0.1679
vn -0.9799 -0.1992 -0.0045
vn -0.9800 -0.1991 -0.0046
vn -0.4896 -0.3870 -0.7813
vn -0.0265 -0.5281 -0.8488
vn 0.1546 -0.8631 -0.4808
vn -0.3278 -0.8698 -0.3688
vn -0.4897 -0.3870 -0.7813
vn -0.0264 -0.5281 -0.8488
vn 0.5635 -0.8068 -0.1779
vn 0.1547 -0.8631 -0.4808
vn -0.3278 -0.8698 -0.3687
vn -0.7392 -0.6607 -0.1306
vn 0.6187 -0.6736 -0.4044
vn -0.3279 -0.8698 -0.3688
vn 0.5486 0.0273 -0.8356
vn 0.5735 -0.0211 -0.8190
vn 0.5734 -0.0211 -0.8190
vn -0.4897 -0.3871 -0.7813
vn -0.7986 -0.1006 -0.5934
vn 0.2405 -0.1598 -0.9574
vn 0.5735 -0.0212 -0.8190
vn -0.5161 -0.1576 -0.8419
vn 0.4777 -0.5470 -0.6874
vn 0.5157 -0.6295 -0.5812
vn -0.4951 -0.2477 -0.8327
vn 0.3080 -0.4679 -0.8284
vn 0.3377 -0.3164 -0.8865
vn -0.3958 -0.3131 -0.8633
vn -0.3607 -0.4143 -0.8356
vn 0.2049 -0.8075 -0.5531
vn -0.2246 -0.9291 -0.2937
vn -0.2128 -0.9078 -0.3615
vn -0.2128 -0.9077 -0.3616
vn 0.1980 -0.7321 -0.6518
vn 0.2048 -0.8075 -0.5531
vn 0.5901 -0.7921 -0.1558
vn 0.5909 -0.8049 -0.0550
vn 0.1981 -0.7321 -0.6518
vn 0.5901 -0.7921 -0.1559
vn 0.9851 -0.1212 -0.1222
vn 0.8286 0.4979 -0.2560
vn 0.9178 0.3743 -0.1325
vn 0.9856 -0.1678 -0.0195
vn 0.3742 0.7931 -0.4806
vn 0.2390 0.8639 -0.4434
vn 0.3741 0.7932 -0.4805
vn 0.7405 0.5719 -0.3530
vn 0.7405 0.5719 -0.3531
vn 0.0964 0.8711 -0.4816
vn 0.2390 0.8639 -0.4435
vn 0.2389 0.8639 -0.4435
vn 0.0963 0.8711 -0.4816
vn 0.0964 0.8710 -0.4816
vn 0.8286 0.4978 -0.2560
vn 0.9745 -0.0837 -0.2080
vn 0.7405 0.5718 -0.3530
vn 0.9036 -0.3980 -0.1584
vn 0.9024 -0.3818 -0.2000
vn 0.9745 -0.0838 -0.2080
vn 0.6330 0.6952 -0.3406
vn 0.6545 0.6874 -0.3149
vn 0.0397 0.9433 -0.3295
vn 0.0396 0.9433 -0.3295
vn 0.7406 0.5718 -0.3530
vn -0.2106 0.8876 -0.4097
vn -0.0777 -0.9838 -0.1618
vn -0.2215 -0.9751 -0.0055
vn -0.0776 -0.9838 -0.1618
vn -0.2343 -0.4967 -0.8357
vn -0.4049 -0.6553 -0.6377
vn -0.9670 -0.2450 -0.0700
vn 0.9834 0.1733 -0.0541
vn 0.9951 -0.0948 0.0291
vn 0.7682 -0.6401 0.0088
vn 0.1073 -0.9845 -0.1386
vn 0.1395 -0.9774 -0.1585
vn 0.0337 -0.9971 -0.0676
vn 0.0337 -0.9971 -0.0675
vn 0.0837 -0.9955 -0.0439
vn -0.2723 -0.9374 -0.2171
vn 0.0336 -0.9971 -0.0675
vn -0.9214 -0.2964 0.2513
vn -0.9418 -0.1755 0.2868
vn -0.9416 0.1873 0.2798
vn -0.9256 0.2538 0.2809
vn 0.3750 -0.8995 -0.2244
vn 0.0337 -0.9972 -0.0675
vn -0.9865 -0.1580 -0.0437
vn -0.9862 -0.1653 -0.0006
vn -0.9875 -0.1574 -0.0099
vn -0.9875 -0.1575 -0.0099
vn 0.9946 0.0745 -0.0724
vn 0.9903 -0.1387 0.0104
vn 0.9914 -0.1305 0.0060
vn 0.9932 -0.1160 0.0136
vn 0.9947 0.0637 -0.0802
vn 0.9931 -0.1161 0.0137
vn -0.9949 0.0263 -0.0973
vn -0.9910 -0.0121 -0.1332
vn -0.9799 -0.1867 -0.0698
vn -0.3148 0.8216 -0.4752
vn -0.8644 0.5011 -0.0408
vn -0.6970 0.4418 -0.5648
vn -0.6944 0.5395 -0.4762
vn -0.9418 -0.1756 0.2867
vn -0.9214 -0.2965 0.2512
vn -0.8198 -0.5342 0.2065
vn -0.3145 0.6962 -0.6453
vn -0.2673 0.7139 -0.6472
vn -0.3995 0.6981 -0.5941
vn -0.3146 0.6962 -0.6453
vn -0.5206 0.6466 -0.5576
vn -0.5982 0.6480 -0.4714
vn -0.3146 0.6962 -0.6452
vn -0.5629 0.7656 -0.3114
vn -0.8182 0.5745 -0.0213
vn -0.8182 0.5746 -0.0213
vn -0.9256 0.2539 0.2809
vn -0.8182 0.5746 -0.0214
vn -0.5982 0.6481 -0.4713
vn -0.9256 0.2539 0.2808
vn -0.9256 0.2538 0.2808
vn -0.9214 -0.2964 0.2512
vn 0.9178 0.3743 -0.1324
vn 0.9812 -0.1713 0.0890
vn -0.6510 0.2600 0.7132
vn -0.6146 0.1158 0.7803
vn -0.8103 0.1005 0.5773
vn -0.8104 0.1005 0.5773
vn -0.8352 0.1415 0.5315
vn -0.0514 0.2177 0.9747
vn -0.6145 0.1158 0.7803
vn -0.6509 0.2601 0.7132
vn -0.1108 0.3498 0.9303
vn -0.0513 0.2177 0.9747
vn 0.6632 0.2423 0.7081
vn -0.0513 0.2178 0.9747
vn -0.1107 0.3498 0.9303
vn 0.6232 0.3314 0.7084
vn 0.6633 0.2423 0.7081
vn 0.9148 0.2471 0.3196
vn 0.9319 0.1836 0.3127
vn 0.6633 0.2422 0.7081
vn 0.6233 0.3314 0.7083
vn 0.9148 0.2471 0.3197
vn 0.9727 0.1678 0.1605
vn 0.9701 0.1914 0.1490
vn 0.7987 0.2845 -0.5302
vn 0.8026 0.1928 -0.5645
vn 0.9446 0.0467 -0.3249
vn 0.9446 0.0466 -0.3249
vn 0.9711 0.0629 -0.2301
vn -0.9824 0.1756 -0.0634
vn -0.9814 0.0258 0.1900
vn -0.9897 0.0212 0.1414
vn -0.9897 0.0212 0.1413
vn -0.9951 0.0676 -0.0728
vn -0.9824 0.1755 -0.0634
vn -0.8854 -0.2211 0.4088
vn -0.7561 -0.4143 0.5066
vn -0.9082 -0.2519 0.3341
vn -0.9083 -0.2519 0.3341
vn -0.9814 0.0257 0.1901
vn -0.8855 -0.2211 0.4087
vn -0.9672 0.0027 0.2541
vn -0.9771 0.0164 0.2120
vn -0.8004 -0.4647 0.3786
vn -0.8751 -0.2042 0.4387
vn -0.9191 -0.2884 0.2684
vn -0.8130 -0.4953 0.3061
vn -0.8993 0.1228 0.4197
vn -0.6391 0.1975 0.7433
vn -0.8351 0.1416 0.5315
vn -0.6271 -0.3913 0.6735
vn -0.5970 -0.1382 0.7903
vn -0.8751 -0.2042 0.4388
vn 0.7656 -0.4995 0.4054
vn 0.8180 -0.5638 0.1139
vn 0.9404 -0.3183 0.1197
vn 0.8476 -0.2046 0.4896
vn 0.7657 -0.4995 0.4054
vn 0.9013 0.1404 0.4097
vn 0.9404 -0.3182 0.1197
vn 0.9943 0.0391 0.0996
vn -0.1005 0.2381 0.9660
vn -0.6391 0.1975 0.7434
vn -0.1005 0.2380 0.9660
vn -0.1308 -0.3757 0.9175
vn -0.1283 -0.1354 0.9824
vn -0.5969 -0.1382 0.7903
vn -0.6271 -0.3913 0.6736
vn 0.4179 -0.4057 0.8129
vn 0.7656 -0.4994 0.4055
vn 0.8476 -0.2046 0.4897
vn 0.4584 -0.1289 0.8793
vn 0.9013 0.1405 0.4098
vn 0.5377 0.2099 0.8166
vn 0.5376 0.2099 0.8166
vn -0.1004 0.2381 0.9660
vn 0.5376 0.2099 0.8167
vn -0.1307 -0.3757 0.9175
vn 0.4178 -0.4056 0.8130
vn 0.4583 -0.1289 0.8794
vn -0.1282 -0.1354 0.9825
vn -0.1307 -0.3758 0.9175
vn -0.7562 -0.4143 0.5066
vn -0.9662 0.0969 0.2388
vn -0.9885 0.0648 -0.1367
vn -0.9586 -0.0073 0.2846
vn -0.9885 0.0648 -0.1368
vn -0.9950 0.0676 -0.0729
vn -0.9586 -0.0073 0.2848
vn -0.8351 0.1415 0.5316
vn -0.9586 -0.0074 0.2846
vn -0.9672 0.0027 0.2542
vn 0.8993 0.1236 -0.4194
vn 0.9788 0.1756 -0.1053
vn 0.9897 0.0826 -0.1172
vn 0.8993 0.1235 -0.4195
vn 0.9897 0.0825 -0.1172
vn 0.9788 0.1756 -0.1052
vn 0.9701 0.1914 0.1489
vn 0.9897 0.0826 -0.1171
vn 0.9702 0.1914 0.1489
vn 0.9727 0.1678 0.1604
vn 0.9897 0.0825 -0.1171
vn 0.9903 -0.0002 -0.1392
vn 0.9446 0.0465 -0.3249
vn -0.9672 0.0028 0.2541
vn -0.9771 0.0164 0.2121
vn -0.8994 0.1228 0.4196
vn 0.9148 0.2471 0.3195
vn 0.9013 0.1405 0.4097
vn 0.9903 -0.0001 -0.1391
vn 0.9943 0.0391 0.0995
vn 0.9863 -0.0888 -0.1393
vn 0.9862 -0.0889 -0.1394
vn 0.9831 -0.1339 -0.1247
vn 0.9831 -0.1339 -0.1246
vn 0.9712 0.0628 -0.2300
vn 0.8180 -0.5638 0.1138
vn 0.8007 -0.5991 0.0049
vn 0.8944 -0.4439 -0.0540
vn 0.8944 -0.4440 -0.0540
vn 0.9862 -0.0889 -0.1393
vn 0.9943 0.0390 0.0995
vn 0.9404 -0.3183 0.1196
vn 0.8945 -0.4439 -0.0540
vn 0.8885 -0.4440 0.1157
vn 0.9831 -0.1340 -0.1246
vn 0.9446 0.0466 -0.3250
vn 0.7081 0.1520 -0.6896
vn 0.8993 0.1236 -0.4195
vn 0.3751 0.3999 -0.8363
vn 0.3668 0.3241 -0.8721
vn 0.8025 0.1928 -0.5646
vn 0.8025 0.1929 -0.5646
vn 0.7986 0.2846 -0.5303
vn -0.8674 0.1112 -0.4851
vn -0.8537 0.2417 -0.4613
vn -0.8537 0.2417 -0.4612
vn -0.8643 0.2807 -0.4173
vn -0.9824 0.1756 -0.0635
vn -0.9950 0.0677 -0.0729
vn -0.3061 0.4213 -0.8537
vn -0.8643 0.2807 -0.4174
vn -0.8537 0.2418 -0.4613
vn -0.3449 0.3663 -0.8642
vn -0.3060 0.4213 -0.8537
vn -0.3448 0.3663 -0.8642
vn 0.3667 0.3241 -0.8721
vn 0.3667 0.3240 -0.8721
vn 0.3750 0.3999 -0.8363
vn 0.3668 0.3240 -0.8721
vn 0.2818 0.1929 -0.9399
vn 0.7080 0.1520 -0.6896
vn -0.8673 0.1112 -0.4852
vn -0.4262 0.1719 -0.8882
vn 0.2817 0.1929 -0.9399
vn -0.4261 0.1719 -0.8882
vn 0.8885 -0.4439 0.1158
vn 0.9321 -0.3316 0.1455
vn 0.8311 -0.5434 0.1186
vn 0.8885 -0.4441 0.1158
vn 0.8311 -0.5434 0.1187
vn 0.9321 -0.3316 0.1454
vn 0.8885 -0.4440 0.1159
vn -0.9083 -0.2518 0.3341
vn -0.9192 -0.2883 0.2684
vn -0.9771 0.0163 0.2121
vn -0.9897 0.0211 0.1414
vn -0.8993 0.1227 0.4197
vn -0.9191 -0.2883 0.2684
vn -0.1283 -0.1353 0.9825
vn -0.6390 0.1975 0.7434
vn -0.5969 -0.1381 0.7903
vn 0.4583 -0.1288 0.8794
vn -0.1004 0.2380 0.9661
vn 0.4584 -0.1288 0.8794
vn 0.9013 0.1404 0.4098
vn 0.5377 0.2098 0.8166
vn 0.4584 -0.1289 0.8794
vn 0.8476 -0.2045 0.4897
vn 0.9322 -0.3316 0.1454
vn -0.9465 0.2960 0.1288
vn -0.9463 0.2957 0.1308
vn -0.9470 0.2970 0.1223
vn -0.9470 0.2971 0.1220
vn -0.9471 0.2971 0.1215
vn -0.1483 0.5539 -0.8192
vn -0.1320 0.6477 -0.7503
vn -0.1313 0.6582 -0.7413
vn -0.1475 0.5541 -0.8193
vn 0.0042 -1.0000 0.0045
vn -0.0019 -1.0000 0.0060
vn -0.0017 -1.0000 0.0059
vn 0.0044 -1.0000 0.0045
vn 0.0041 -1.0000 0.0046
vn 0.2036 -0.3884 0.8987
vn 0.0117 0.9999 0.0041
vn -0.0013 1.0000 0.0066
vn -0.0019 1.0000 0.0068
vn 0.0112 0.9999 0.0042
vn 0.1270 -0.7837 0.6081
vn 0.1345 -0.7864 0.6029
vn 0.1332 -0.7863 0.6034
vn 0.1260 -0.7837 0.6082
vn -0.1313 0.6583 -0.7412
vn -0.1320 0.6478 -0.7503
vn -0.1473 0.7348 -0.6621
vn -0.1496 0.7342 -0.6622
vn 0.1604 -0.7822 0.6021
vn 0.1451 -0.7653 0.6271
vn 0.1447 -0.7653 0.6272
vn 0.1604 -0.7821 0.6021
vn 0.1605 -0.7821 0.6021
vn -0.1858 0.6881 -0.7014
vn -0.1855 0.6880 -0.7016
vn -0.1879 0.5803 -0.7924
vn -0.1880 0.5803 -0.7924
vn 0.1327 0.3999 0.9069
vn 0.1344 0.3997 0.9068
vn 0.1360 0.2448 0.9600
vn 0.1361 0.2446 0.9600
vn -0.1723 0.5053 -0.8456
vn -0.1709 0.5053 -0.8458
vn -0.1724 0.5053 -0.8455
vn 0.1434 -0.3766 0.9152
vn 0.1411 -0.3767 0.9155
vn 0.1361 0.2445 0.9601
vn 0.1360 0.2447 0.9600
vn 0.1411 -0.3768 0.9155
vn 0.1433 -0.3766 0.9152
vn 0.1605 -0.7822 0.6021
vn 0.1344 -0.7864 0.6029
vn -0.1496 0.7342 -0.6623
vn -0.1858 0.6881 -0.7015
vn -0.9549 0.0378 0.2945
vn -0.9537 0.0672 0.2930
vn -0.9508 0.0201 0.3093
vn -0.9655 0.0025 0.2605
vn -0.9659 -0.0061 0.2590
vn -0.9537 0.0673 0.2930
vn -0.9655 0.0026 0.2605
vn -0.9572 0.0307 0.2879
vn -0.9561 0.0347 0.2911
vn -0.9770 -0.0354 0.2104
vn -0.9784 -0.0471 0.2012
vn -0.9686 -0.0028 0.2485
vn -0.9693 0.0012 0.2461
vn -0.9850 -0.0513 0.1645
vn -0.9842 -0.0506 0.1694
vn -0.9899 -0.0422 0.1352
vn -0.9693 0.0012 0.2460
vn -0.9686 -0.0028 0.2486
vn 0.9548 -0.0383 -0.2949
vn 0.9506 -0.0202 -0.3099
vn 0.9536 -0.0678 -0.2933
vn 0.9655 -0.0026 -0.2606
vn 0.9659 0.0061 -0.2590
vn 0.9560 -0.0348 -0.2912
vn 0.9571 -0.0309 -0.2881
vn 0.9770 0.0355 -0.2102
vn 0.9693 -0.0011 -0.2459
vn 0.9687 0.0028 -0.2484
vn 0.9784 0.0470 -0.2012
vn 0.9770 0.0354 -0.2102
vn 0.9842 0.0505 -0.1695
vn 0.9850 0.0512 -0.1646
vn 0.9898 0.0422 -0.1358
vn -0.9595 -0.2789 -0.0388
vn -0.9520 -0.2987 -0.0660
vn -0.9558 -0.2884 -0.0572
vn -0.9604 -0.2750 -0.0442
vn -0.9893 0.1190 0.0840
vn -0.9874 0.1521 0.0438
vn -0.9850 -0.1724 -0.0077
vn -0.9841 -0.1774 0.0109
vn -0.9893 0.1189 0.0840
vn -0.9675 0.0307 0.2511
vn -0.9594 0.0095 0.2819
vn -0.8536 0.3810 0.3552
vn -0.8537 0.3810 0.3551
vn -0.8498 0.4102 0.3310
vn -0.6682 0.4307 0.6067
vn -0.7466 0.3819 0.5447
vn -0.6956 0.4400 0.5679
vn -0.6488 0.4629 0.6040
vn -0.8695 0.2211 0.4417
vn -0.9874 0.1522 0.0438
vn -0.9893 0.1191 0.0840
vn -0.9893 0.1190 0.0841
vn -0.8562 0.2387 0.4582
vn -0.8695 0.2210 0.4417
vn -0.9837 -0.1770 -0.0307
vn -0.9806 -0.1892 -0.0512
vn -0.7942 0.3793 0.4748
vn -0.8695 0.2211 0.4418
vn -0.8561 0.2388 0.4583
vn -0.7806 0.4117 0.4702
vn -0.7942 0.3793 0.4747
vn -0.9693 -0.2400 -0.0529
vn -0.9639 -0.2560 -0.0729
vn -0.7466 0.3820 0.5447
vn -0.7941 0.3794 0.4748
vn -0.7806 0.4117 0.4703
vn -0.7806 0.4118 0.4703
vn -0.7465 0.3820 0.5447
vn -0.9604 -0.2751 -0.0441
vn -0.9639 -0.2559 -0.0729
vn -0.6792 0.5357 0.5016
vn -0.6899 0.5295 0.4936
vn -0.6681 0.4308 0.6067
vn -0.6682 0.4308 0.6066
vn -0.6488 0.4630 0.6040
vn -0.6793 0.5357 0.5016
vn -0.9797 -0.1994 -0.0191
vn -0.9521 -0.2987 -0.0660
vn -0.9803 -0.1964 -0.0228
vn -0.7985 0.4957 0.3416
vn -0.8220 0.4597 0.3363
vn -0.6900 0.5295 0.4935
vn -0.6793 0.5358 0.5015
vn -0.7984 0.4957 0.3417
vn -0.9936 -0.1127 -0.0071
vn -0.9798 -0.1993 -0.0190
vn -0.9803 -0.1963 -0.0227
vn -0.9923 -0.1236 -0.0017
vn -0.8536 0.3810 0.3551
vn -0.8219 0.4597 0.3363
vn -0.9675 0.0306 0.2510
vn -0.9923 -0.1237 -0.0017
vn -0.9594 0.0095 0.2818
vn -0.9675 0.0306 0.2511
vn -0.8297 -0.3353 0.4462
vn -0.8186 -0.3662 0.4424
vn -0.8725 -0.1564 0.4628
vn -0.8725 -0.1564 0.4629
vn -0.8486 -0.0987 0.5198
vn -0.8297 -0.3352 0.4463
vn -0.8845 -0.2245 0.4090
vn -0.7703 -0.2313 0.5942
vn -0.7898 -0.2177 0.5734
vn -0.8925 -0.2821 0.3519
vn -0.8845 -0.2245 0.4089
vn -0.7400 -0.3500 0.5744
vn -0.7172 -0.3712 0.5898
vn -0.7825 -0.3491 0.5156
vn -0.7825 -0.3490 0.5156
vn -0.7830 -0.3522 0.5127
vn -0.7605 -0.3915 0.5180
vn -0.7503 -0.4011 0.5254
vn -0.8186 -0.3663 0.4425
vn -0.8186 -0.3663 0.4424
vn -0.8297 -0.3353 0.4463
vn -0.7605 -0.3915 0.5181
vn -0.7703 -0.2314 0.5943
vn -0.7171 -0.3712 0.5899
vn -0.7399 -0.3500 0.5745
vn -0.7898 -0.2177 0.5735
vn -0.9864 0.1570 -0.0477
vn -0.9886 0.1408 -0.0539
vn -0.9782 0.2056 -0.0291
vn -0.9769 0.2119 -0.0267
vn -0.9864 0.1571 -0.0477
vn -0.6817 0.6757 0.2804
vn -0.7459 0.4471 0.4937
vn -0.7460 0.4466 0.4940
vn 0.9845 -0.1652 -0.0591
vn 0.9798 -0.1974 -0.0329
vn -0.7302 0.1514 0.6662
vn -0.7460 0.4465 0.4940
vn -0.7459 0.4470 0.4937
vn -0.9089 -0.2210 -0.3537
vn -0.9089 -0.2205 -0.3541
vn -0.8398 0.0279 -0.5422
vn -0.8798 -0.4618 -0.1124
vn -0.9089 -0.2206 -0.3540
vn -0.9089 -0.2210 -0.3536
vn 0.9872 -0.1372 -0.0817
vn -0.5617 0.5969 0.5729
vn -0.7325 0.4926 0.4699
vn -0.7624 0.1090 0.6378
vn -0.6011 0.0923 0.7939
vn -0.5617 0.5969 0.5730
vn -0.5931 0.8028 0.0614
vn -0.7564 0.6491 0.0811
vn -0.6769 0.5894 -0.4410
vn -0.8200 0.4869 -0.3008
vn -0.7563 0.6491 0.0811
vn -0.6768 0.5894 -0.4410
vn -0.7639 0.0816 -0.6401
vn -0.8862 0.1009 -0.4521
vn -0.8200 0.4869 -0.3009
vn -0.6769 0.5893 -0.4411
vn -0.8033 -0.4230 -0.4192
vn -0.9162 -0.2827 -0.2842
vn -0.7640 0.0815 -0.6401
vn -0.7719 -0.6290 0.0923
vn -0.8923 -0.4392 0.1046
vn -0.8033 -0.4231 -0.4191
vn -0.6882 -0.4155 0.5948
vn -0.8286 -0.2769 0.4865
vn -0.7719 -0.6290 0.0924
vn -0.6011 0.0922 0.7939
vn -0.6881 -0.4155 0.5948
vn -0.6010 0.0922 0.7939
vn -0.7625 0.1091 0.6378
vn -0.7325 0.4925 0.4699
vn -0.9859 0.1255 0.1111
vn -0.7325 0.4926 0.4698
vn -0.9858 0.1256 0.1111
vn -0.8201 0.4869 -0.3008
vn -0.9859 0.1256 0.1110
vn -0.8201 0.4868 -0.3008
vn -0.8863 0.1010 -0.4521
vn -0.8863 0.1009 -0.4521
vn -0.9162 -0.2826 -0.2842
vn -0.9162 -0.2826 -0.2841
vn -0.8923 -0.4391 0.1046
vn -0.9859 0.1255 0.1110
vn -0.8287 -0.2769 0.4865
vn -0.7625 0.1090 0.6378
vn -0.9858 0.1255 0.1111
vn -0.1321 -0.5785 0.8049
vn -0.1320 -0.5785 0.8049
vn -0.1694 -0.8443 0.5084
vn -0.0425 -0.0419 0.9982
vn -0.0717 -0.2094 0.9752
vn -0.1769 -0.9144 0.3641
vn 0.9837 -0.1766 0.0344
vn -0.9837 0.1766 -0.0344
vn 0.1799 0.9690 -0.1691
vn 0.0035 -0.1726 -0.9850
vn -0.0717 -0.2095 0.9752
vn -0.1320 -0.5784 0.8050
vn -0.1321 -0.5784 0.8050
vn -0.9756 -0.0231 0.2184
vn -0.9004 0.3942 0.1843
vn -0.9004 0.3942 0.1842
vn -0.9416 0.1874 0.2797
vn -0.6944 0.5396 -0.4762
vn -0.8644 0.5011 -0.0407
vn -0.0039 0.7470 -0.6648
vn 0.0751 0.4040 -0.9116
vn 0.9161 -0.3889 0.0979
vn 0.9812 -0.1715 0.0890
vn 0.9430 0.3170 -0.1008
vn 0.9178 0.3744 -0.1325
vn 0.3741 0.7931 -0.4806
vn -0.0064 0.7437 -0.6685
vn -0.3144 0.6963 -0.6453
vn -0.2616 0.6781 -0.6869
vn -0.5982 0.6481 -0.4714
vn -0.9756 -0.0232 0.2184
vn -0.9416 0.1873 0.2797
vn -0.5983 0.6480 -0.4713
vn 0.9430 0.3171 -0.1008
vn -0.0336 0.6611 0.7496
vn 0.0080 0.7866 0.6175
vn 0.0332 0.7360 0.6762
vn -0.0506 0.6490 0.7591
vn -0.0337 0.6611 0.7496
vn -0.1756 -0.7116 -0.6803
vn -0.2936 -0.7205 -0.6282
vn -0.2454 -0.6955 -0.6753
vn -0.1737 -0.7064 -0.6861
vn -0.1757 -0.7116 -0.6803
vn -0.5784 -0.7308 -0.3626
vn -0.4513 -0.8083 -0.3782
vn -0.2936 -0.7205 -0.6283
vn -0.1193 0.5213 0.8450
vn -0.0930 0.5063 0.8573
vn 0.3970 -0.7447 -0.5365
vn 0.3489 -0.7022 -0.6206
vn 0.3422 -0.8366 -0.4277
vn 0.3422 -0.8366 -0.4278
vn 0.3325 -0.8520 -0.4045
vn 0.1899 0.5905 0.7844
vn 0.1793 0.5802 0.7945
vn 0.2802 0.5247 0.8039
vn 0.2803 0.5246 0.8039
vn 0.2833 0.5256 0.8022
vn 0.1900 0.5905 0.7844
vn 0.3291 -0.6844 -0.6505
vn 0.4284 -0.4758 -0.7682
vn 0.3850 -0.5932 -0.7070
vn 0.3291 -0.6844 -0.6506
vn 0.3326 0.5974 0.7298
vn 0.3007 0.6095 0.7336
vn 0.1440 0.5242 0.8393
vn 0.1328 0.5226 0.8421
vn 0.3325 -0.8520 -0.4044
vn 0.3422 -0.8367 -0.4277
vn 0.0758 -0.9731 -0.2174
vn 0.0759 -0.9731 -0.2174
vn 0.0835 -0.9734 -0.2135
vn 0.0416 0.4917 0.8698
vn 0.0447 0.5040 0.8626
vn 0.0447 0.5040 0.8625
vn 0.0834 -0.9734 -0.2135
vn 0.0757 -0.9732 -0.2173
vn -0.2935 -0.9259 -0.2378
vn -0.2935 -0.9259 -0.2379
vn -0.2794 -0.9279 -0.2470
vn 0.0416 0.4916 0.8698
vn -0.1192 0.5213 0.8450
vn -0.2795 -0.9278 -0.2470
vn -0.2936 -0.9259 -0.2379
vn -0.4513 -0.8083 -0.3781
vn -0.5783 -0.7308 -0.3626
vn 0.3850 -0.5931 -0.7071
vn 0.4284 -0.4757 -0.7682
vn 0.2952 -0.3786 -0.8772
vn 0.0332 0.7360 0.6761
vn 0.0080 0.7866 0.6174
vn -0.1464 0.8490 0.5076
vn -0.1737 -0.7065 -0.6861
vn 0.1669 -0.8046 -0.5699
vn 0.1669 -0.8046 -0.5698
vn 0.7348 -0.6743 -0.0728
vn 0.9161 -0.3889 0.0978
vn 0.5680 0.6147 0.5472
vn 0.6223 0.5885 0.5161
vn 0.3326 0.5974 0.7297
vn 0.5680 0.6147 0.5473
vn 0.3007 0.6096 0.7335
vn -0.1703 0.8493 0.4996
vn 0.2952 -0.3785 -0.8773
vn 0.4283 -0.4758 -0.7682
vn 0.2573 -0.3812 -0.8880
vn 0.9748 -0.1530 0.1623
vn 0.9618 -0.1732 0.2122
vn 0.9701 0.0902 -0.2254
vn 0.9701 0.0902 -0.2255
vn 0.9633 0.1104 -0.2446
vn 0.9633 0.1105 -0.2447
vn 0.7617 0.2862 -0.5813
vn -0.7726 0.4081 -0.4864
vn -0.9636 0.2554 -0.0790
vn -0.9591 0.2741 -0.0712
vn -0.9688 0.0746 0.2362
vn -0.9808 0.0946 0.1706
vn -0.7834 0.3751 -0.4957
vn -0.2329 0.4778 -0.8471
vn -0.2597 0.4634 -0.8472
vn -0.2596 0.4634 -0.8472
vn -0.2328 0.4778 -0.8471
vn 0.3266 0.4017 -0.8556
vn 0.3455 0.4158 -0.8413
vn 0.7616 0.2863 -0.5814
vn 0.7430 0.2691 -0.6128
vn -0.9688 0.0745 0.2363
vn -0.9300 -0.0074 0.3674
vn -0.9184 -0.0636 0.3906
vn -0.9808 0.0945 0.1707
vn 0.9748 -0.1531 0.1624
vn 0.8613 -0.3207 0.3940
vn 0.8446 -0.3259 0.4248
vn 0.9617 -0.1732 0.2123
vn 0.9700 0.0902 -0.2256
vn 0.3455 0.4157 -0.8413
vn 0.3267 0.4016 -0.8556
vn -0.7725 0.4081 -0.4865
vn -0.2328 0.4777 -0.8471
vn -0.7834 0.3750 -0.4956
vn -0.7726 0.4080 -0.4864
vn -0.9688 0.0746 0.2363
vn 0.3266 0.4016 -0.8556
vn 0.3454 0.4158 -0.8413
vn 0.3970 -0.7446 -0.5366
vn 0.3292 -0.6844 -0.6506
vn -0.9615 -0.2097 0.1775
vn -0.9153 -0.1571 0.3708
vn -0.8883 -0.1487 0.4345
vn -0.9638 -0.2126 0.1609
vn -0.9075 -0.1478 0.3932
vn -0.9797 -0.1244 0.1571
vn -0.9284 -0.1417 0.3435
vn -0.9638 -0.0937 0.2498
vn -0.9797 -0.1001 0.1735
vn -0.8915 -0.1275 0.4347
vn -0.8852 -0.0446 0.4631
vn -0.9638 -0.0937 0.2497
vn -0.5839 -0.2007 0.7867
vn -0.5909 -0.0495 0.8053
vn -0.8851 -0.0446 0.4632
vn -0.8914 -0.1275 0.4348
vn -0.5838 -0.2007 0.7867
vn -0.5908 -0.0495 0.8053
vn 0.0766 -0.2724 0.9591
vn 0.0233 -0.0853 0.9961
vn 0.9340 -0.1483 0.3251
vn 0.6409 -0.1150 0.7590
vn 0.6744 -0.2660 0.6887
vn 0.6745 -0.2660 0.6887
vn 0.9325 -0.2135 0.2914
vn 0.9861 -0.1624 -0.0343
vn 0.9340 -0.1483 0.3250
vn 0.9325 -0.2135 0.2913
vn 0.9842 -0.1746 -0.0301
vn 0.9757 -0.1823 -0.1218
vn 0.9808 -0.1932 0.0276
vn 0.9711 -0.1804 0.1561
vn 0.9817 -0.1829 -0.0521
vn 0.9765 -0.2093 0.0511
vn 0.9813 -0.1913 0.0212
vn 0.9638 -0.1902 0.1868
vn 0.9625 -0.2130 0.1679
vn 0.9694 -0.1801 -0.1669
vn 0.9678 -0.1730 -0.1829
vn 0.9694 -0.1801 -0.1668
vn 0.4536 -0.2058 -0.8671
vn 0.4305 -0.1979 -0.8806
vn 0.8488 -0.1950 -0.4915
vn 0.8564 -0.1970 -0.4772
vn -0.4212 -0.1968 -0.8853
vn -0.5665 -0.1990 -0.7997
vn -0.1451 -0.1996 -0.9691
vn -0.1438 -0.1993 -0.9693
vn -0.8466 -0.2071 -0.4904
vn -0.5666 -0.1990 -0.7996
vn -0.5825 -0.2071 -0.7860
vn -0.8554 -0.2165 -0.4706
vn -0.8466 -0.2071 -0.4903
vn -0.9696 -0.2087 -0.1279
vn -0.8554 -0.2165 -0.4705
vn -0.9698 -0.2200 -0.1051
vn -0.9638 -0.2126 0.1608
vn -0.9696 -0.2087 -0.1278
vn -0.9698 -0.2200 -0.1050
vn -0.9698 -0.2201 -0.1050
vn -0.9615 -0.2097 0.1774
vn -0.9797 -0.1243 0.1571
vn 0.9808 -0.1931 0.0275
vn -0.8486 -0.1290 0.5131
vn -0.9075 -0.1477 0.3933
vn -0.8565 -0.1297 0.4996
vn 0.9711 -0.1804 0.1562
vn 0.9622 -0.1862 0.1988
vn 0.8565 -0.1970 -0.4771
vn 0.8488 -0.1950 -0.4914
vn 0.9678 -0.1730 -0.1830
vn 0.8565 -0.1969 -0.4771
vn -0.8883 -0.1487 0.4346
vn -0.9153 -0.1571 0.3709
vn 0.6408 -0.1150 0.7591
vn 0.0234 -0.0853 0.9961
vn 0.0766 -0.2723 0.9591
vn 0.6744 -0.2660 0.6888
vn -0.9497 -0.1160 0.2908
vn -0.5835 -0.2866 0.7599
vn 0.0653 -0.3862 0.9201
vn -0.5838 -0.2008 0.7867
vn -0.5834 -0.2867 0.7599
vn 0.6594 -0.3361 0.6724
vn 0.9665 -0.2037 0.1561
vn 0.9848 -0.1733 -0.0060
vn 0.9665 -0.2038 0.1560
vn 0.0654 -0.3862 0.9201
vn 0.6593 -0.3362 0.6725
vn 0.6744 -0.2661 0.6888
vn -0.9846 -0.0971 0.1455
vn 0.9757 -0.1823 -0.1219
vn -0.9497 -0.1160 0.2909
vn -0.6870 -0.1825 0.7033
vn -0.5834 -0.2866 0.7599
vn -0.6870 -0.1826 0.7033
vn 0.0358 -0.2856 0.9577
vn 0.0358 -0.2855 0.9577
vn 0.0653 -0.3861 0.9201
vn -0.5834 -0.2867 0.7600
vn 0.0359 -0.2855 0.9577
vn 0.7213 -0.2540 0.6444
vn 0.6594 -0.3361 0.6725
vn 0.0654 -0.3861 0.9201
vn 0.9324 -0.2135 0.2915
vn 0.9665 -0.2038 0.1561
vn 0.7214 -0.2539 0.6443
vn -0.8915 -0.1275 0.4348
vn 0.1306 -0.1932 -0.9724
vn 0.4304 -0.1980 -0.8806
vn 0.1338 -0.1883 -0.9730
vn 0.1306 -0.1931 -0.9724
vn -0.1450 -0.1997 -0.9691
vn 0.1305 -0.1931 -0.9724
vn -0.4213 -0.1968 -0.8853
vn -0.4307 -0.1977 -0.8806
vn -0.5824 -0.2071 -0.7861
vn -0.0000 -1.0000 -0.0000
vn 0.0217 -0.8996 0.4362
vn 0.0216 -0.8996 0.4362
vn 0.0302 -0.9070 0.4201
vn -0.0279 0.8939 -0.4475
vn -0.0053 0.9058 -0.4236
vn -0.0007 0.9999 -0.0102
vn -0.0278 0.8938 -0.4475
vn -0.0237 0.6159 -0.7875
vn -0.0002 0.6768 -0.7362
vn -0.0237 0.6158 -0.7875
vn 0.0286 -0.8403 0.5414
vn 0.0166 -0.9661 0.2575
vn 0.0133 -0.9680 0.2508
vn 0.0133 -0.9679 0.2508
vn 0.0247 -0.8134 0.5811
vn 0.0285 -0.8403 0.5414
vn -0.0014 0.8344 -0.5512
vn 0.0038 0.9616 -0.2744
vn -0.0043 0.8561 -0.5169
vn 0.0078 0.9652 -0.2615
vn 0.0162 0.9847 -0.1733
vn 0.0201 0.9857 -0.1675
vn 0.0215 0.9900 -0.1392
vn 0.0206 0.9906 -0.1355
vn -0.0000 1.0000 -0.0000
vn 0.0333 -0.5895 0.8071
vn 0.0247 -0.8134 0.5812
vn 0.0409 -0.5784 0.8147
vn 0.0078 0.9652 -0.2616
vn -0.0014 0.8343 -0.5513
vn -0.0043 0.8560 -0.5169
vn -0.0237 0.6159 -0.7874
vn 0.0221 0.9938 -0.1093
vn -0.0605 0.0604 -0.9963
vn -0.0642 0.0579 -0.9963
vn -0.0585 0.0619 -0.9964
vn -0.0538 0.0652 -0.9964
vn 0.0216 -0.8996 0.4361
vn 0.0302 -0.9070 0.4200
vn 0.8328 -0.5511 -0.0536
vn 0.9765 -0.2078 -0.0575
vn 0.9758 -0.2113 -0.0559
vn 0.9758 -0.2114 -0.0559
vn 0.7846 -0.6177 -0.0522
vn 0.8327 -0.5511 -0.0536
vn 0.5803 -0.8133 -0.0433
vn 0.7846 -0.6178 -0.0522
vn 0.5844 -0.8102 -0.0451
vn 0.5806 -0.8130 -0.0435
vn -0.5748 -0.8179 0.0249
vn -0.5742 -0.8184 0.0250
vn -0.8039 -0.5932 0.0423
vn -0.8039 -0.5933 0.0423
vn -0.8384 -0.5433 0.0429
vn -0.5751 -0.8177 0.0248
vn -0.8385 -0.5432 0.0429
vn -0.9829 -0.1747 0.0579
vn -0.9829 -0.1746 0.0579
vn -0.9849 -0.1645 0.0539
vn -0.8385 -0.5432 0.0428
vn -0.0871 0.0522 -0.9948
vn -0.0871 0.0554 -0.9947
vn -0.0872 0.0521 -0.9948
vn -0.0870 0.0511 -0.9949
vn -0.0871 0.0523 -0.9948
vn -0.0871 0.0519 -0.9948
vn -0.0872 0.0517 -0.9949
vn -0.0872 0.0508 -0.9949
vt 0.745805 0.021865
vt 0.734724 0.021734
vt 0.736349 0.014593
vt 0.746515 0.012567
vt 0.757247 0.013285
vt 0.756724 0.023714
vt 0.708373 0.011038
vt 0.714898 0.009014
vt 0.713974 0.011311
vt 0.760322 0.030036
vt 0.754908 0.029794
vt 0.691087 0.021959
vt 0.695157 0.018337
vt 0.695194 0.020140
vt 0.766189 0.024314
vt 0.745872 0.025471
vt 0.720152 0.029560
vt 0.724151 0.030265
vt 0.721878 0.033781
vt 0.720229 0.033748
vt 0.726513 0.030782
vt 0.730916 0.030796
vt 0.728252 0.033893
vt 0.726583 0.033931
vt 0.736181 0.038831
vt 0.737560 0.037145
vt 0.738397 0.037475
vt 0.737412 0.039444
vt 0.737916 0.034860
vt 0.739838 0.035114
vt 0.739220 0.037758
vt 0.663314 0.025521
vt 0.663904 0.030811
vt 0.661525 0.031428
vt 0.580160 0.138784
vt 0.585172 0.120353
vt 0.591338 0.138431
vt 0.580603 0.121179
vt 0.738061 0.039729
vt 0.665611 0.024922
vt 0.665692 0.029279
vt 0.670199 0.023962
vt 0.672262 0.023518
vt 0.672981 0.029546
vt 0.724943 0.032075
vt 0.677965 0.022884
vt 0.680523 0.022255
vt 0.680581 0.029243
vt 0.716982 0.028725
vt 0.718121 0.031159
vt 0.736551 0.035920
vt 0.657224 0.034354
vt 0.659852 0.040146
vt 0.656231 0.038709
vt 0.653332 0.035075
vt 0.661268 0.038800
vt 0.666122 0.039201
vt 0.664157 0.038418
vt 0.666214 0.034507
vt 0.659679 0.032390
vt 0.662177 0.034918
vt 0.660280 0.035402
vt 0.663903 0.034920
vt 0.671044 0.029425
vt 0.671933 0.033823
vt 0.673273 0.033834
vt 0.668192 0.034788
vt 0.666589 0.035041
vt 0.668066 0.030724
vt 0.670212 0.034217
vt 0.669534 0.029809
vt 0.585229 0.113925
vt 0.589991 0.121097
vt 0.678328 0.029310
vt 0.680762 0.033561
vt 0.679118 0.033726
vt 0.673964 0.033834
vt 0.674953 0.028863
vt 0.675890 0.034280
vt 0.725598 0.037018
vt 0.726565 0.037441
vt 0.677437 0.033853
vt 0.676803 0.029120
vt 0.727642 0.037528
vt 0.687065 0.021794
vt 0.690873 0.028241
vt 0.687162 0.027449
vt 0.690029 0.033397
vt 0.687750 0.032536
vt 0.681720 0.033282
vt 0.683421 0.027405
vt 0.683947 0.032531
vt 0.685719 0.032335
vt 0.685397 0.027128
vt 0.719848 0.036437
vt 0.720780 0.036558
vt 0.721736 0.036667
vt 0.714339 0.031090
vt 0.717823 0.032657
vt 0.708459 0.029096
vt 0.711705 0.030019
vt 0.710768 0.032494
vt 0.707829 0.032139
vt 0.711020 0.024733
vt 0.708346 0.013885
vt 0.712177 0.018618
vt 0.706593 0.019799
vt 0.693082 0.025918
vt 0.690824 0.031463
vt 0.693348 0.031719
vt 0.690775 0.033670
vt 0.715440 0.038249
vt 0.712997 0.036537
vt 0.713315 0.033476
vt 0.717350 0.034786
vt 0.704615 0.038558
vt 0.703867 0.031212
vt 0.707426 0.036181
vt 0.718042 0.034380
vt 0.718363 0.037776
vt 0.722645 0.038546
vt 0.723615 0.035071
vt 0.592954 0.169918
vt 0.591610 0.175153
vt 0.583458 0.175188
vt 0.582164 0.169877
vt 0.769405 0.014606
vt 0.780799 0.014898
vt 0.654523 0.030033
vt 0.653583 0.026789
vt 0.658036 0.025248
vt 0.658734 0.028252
vt 0.651073 0.031052
vt 0.732792 0.037905
vt 0.733833 0.037831
vt 0.734210 0.039474
vt 0.731960 0.039504
vt 0.730723 0.038619
vt 0.731875 0.037411
vt 0.728346 0.038880
vt 0.726369 0.039122
vt 0.724185 0.038013
vt 0.720358 0.038710
vt 0.577262 0.172645
vt 0.575322 0.155591
vt 0.580502 0.150596
vt 0.598034 0.172657
vt 0.594450 0.150642
vt 0.599958 0.155670
vt 0.693466 0.034801
vt 0.699291 0.034685
vt 0.691145 0.039153
vt 0.694784 0.033385
vt 0.684832 0.034853
vt 0.686433 0.034756
vt 0.684201 0.035289
vt 0.596051 0.122219
vt 0.595851 0.134796
vt 0.576394 0.136067
vt 0.576063 0.121939
vt 0.687209 0.035168
vt 0.682540 0.038801
vt 0.683881 0.036948
vt 0.688962 0.038582
vt 0.687356 0.036849
vt 0.676497 0.037764
vt 0.674867 0.038965
vt 0.679096 0.037637
vt 0.680550 0.038582
vt 0.678815 0.036102
vt 0.678015 0.035853
vt 0.677105 0.035841
vt 0.676614 0.036351
vt 0.669038 0.038725
vt 0.668008 0.040014
vt 0.671739 0.038405
vt 0.673290 0.039244
vt 0.670731 0.036217
vt 0.669512 0.036333
vt 0.668724 0.036824
vt 0.671514 0.036527
vt 0.663193 0.036587
vt 0.661810 0.036757
vt 0.663987 0.036751
vt 0.660931 0.037188
vt 0.662990 0.039277
vt 0.663369 0.041123
vt 0.671041 0.041002
vt 0.670278 0.039020
vt 0.678136 0.040129
vt 0.677959 0.038204
vt 0.685614 0.039589
vt 0.685624 0.037238
vt 0.730577 0.033488
vt 0.729310 0.035599
vt 0.724762 0.034143
vt 0.693532 0.037611
vt 0.699523 0.037451
vt 0.712026 0.039620
vt 0.710255 0.039450
vt 0.709207 0.036691
vt 0.711376 0.036749
vt 0.697580 0.041433
vt 0.695754 0.041494
vt 0.695055 0.037957
vt 0.697524 0.037826
vt 0.700623 0.020047
vt 0.701056 0.014561
vt 0.700327 0.025373
vt 0.695920 0.025348
vt 0.705392 0.025289
vt 0.700048 0.030563
vt 0.696370 0.030262
vt 0.697495 0.033343
vt 0.738076 0.032344
vt 0.740311 0.033603
vt 0.736517 0.031898
vt 0.737158 0.033682
vt 0.732976 0.031039
vt 0.734474 0.034914
vt 0.732500 0.034632
vt 0.650571 0.021613
vt 0.646949 0.016648
vt 0.654036 0.016418
vt 0.655244 0.019842
vt 0.735799 0.036533
vt 0.730505 0.035841
vt 0.720096 0.018030
vt 0.648404 0.022500
vt 0.678630 0.020016
vt 0.669877 0.019046
vt 0.661505 0.018031
vt 0.210992 0.100964
vt 0.218614 0.104027
vt 0.217000 0.108470
vt 0.208844 0.106135
vt 0.219948 0.099656
vt 0.212877 0.096729
vt 0.231269 0.168476
vt 0.234165 0.171833
vt 0.228946 0.177647
vt 0.225485 0.174035
vt 0.221978 0.169782
vt 0.227928 0.164693
vt 0.219025 0.164902
vt 0.225376 0.159794
vt 0.195416 0.149409
vt 0.210080 0.147580
vt 0.210472 0.155324
vt 0.193419 0.155017
vt 0.189374 0.129187
vt 0.182991 0.124101
vt 0.191866 0.117076
vt 0.204554 0.122878
vt 0.177970 0.119429
vt 0.182884 0.113709
vt 0.187013 0.115079
vt 0.203616 0.112185
vt 0.195668 0.109714
vt 0.188661 0.099809
vt 0.193505 0.101358
vt 0.190832 0.108231
vt 0.186094 0.106868
vt 0.198657 0.102760
vt 0.200307 0.096899
vt 0.189812 0.096241
vt 0.195338 0.095594
vt 0.205465 0.184633
vt 0.202389 0.181042
vt 0.206065 0.177635
vt 0.209615 0.182098
vt 0.214192 0.177736
vt 0.210448 0.173277
vt 0.202141 0.091955
vt 0.190494 0.091540
vt 0.196016 0.091177
vt 0.208346 0.188019
vt 0.213002 0.185896
vt 0.217776 0.182268
vt 0.220902 0.186881
vt 0.210217 0.192167
vt 0.215661 0.190559
vt 0.217362 0.115753
vt 0.214306 0.122814
vt 0.209486 0.113952
vt 0.220377 0.148979
vt 0.223901 0.152996
vt 0.217483 0.157925
vt 0.212675 0.161336
vt 0.205101 0.167965
vt 0.198559 0.163252
vt 0.196019 0.175420
vt 0.199993 0.172294
vt 0.193002 0.166943
vt 0.219070 0.144765
vt 0.197016 0.144036
vt 0.209896 0.141831
vt 0.215748 0.129617
vt 0.207290 0.131357
vt 0.194587 0.134324
vt 0.197059 0.139221
vt 0.208910 0.136756
vt 0.218148 0.139459
vt 0.217194 0.134898
vt 0.189927 0.164214
vt 0.188048 0.170676
vt 0.044505 0.979074
vt 0.045489 0.972934
vt 0.004071 0.965241
vt 0.007766 0.979760
vt 0.131477 0.386316
vt 0.129669 0.385494
vt 0.132919 0.379577
vt 0.134777 0.380246
vt 0.111209 0.349495
vt 0.127851 0.386293
vt 0.109424 0.350367
vt 0.109697 0.348207
vt 0.113279 0.343891
vt 0.114790 0.345179
vt 0.128059 0.367365
vt 0.129016 0.372096
vt 0.116533 0.344227
vt 0.129062 0.361865
vt 0.131005 0.362273
vt 0.137068 0.364326
vt 0.138941 0.364835
vt 0.132572 0.341519
vt 0.136250 0.324855
vt 0.138200 0.325335
vt 0.134544 0.341926
vt 0.144368 0.345448
vt 0.142519 0.344776
vt 0.150576 0.325703
vt 0.152338 0.326638
vt 0.163346 0.303957
vt 0.163448 0.305965
vt 0.152918 0.306499
vt 0.152486 0.304560
vt 0.165133 0.307062
vt 0.140078 0.310366
vt 0.142023 0.310881
vt 0.141273 0.309014
vt 0.524439 0.926062
vt 0.530167 0.923711
vt 0.534586 0.930318
vt 0.524453 0.934816
vt 0.518984 0.893358
vt 0.525966 0.893346
vt 0.515549 0.908412
vt 0.507033 0.908286
vt 0.532556 0.893322
vt 0.526003 0.893329
vt 0.534272 0.908923
vt 0.540114 0.907321
vt 0.519118 0.923982
vt 0.513924 0.930789
vt 0.515067 0.917152
vt 0.506612 0.921122
vt 0.541160 0.919848
vt 0.533955 0.917653
vt 0.171536 0.742939
vt 0.171103 0.752869
vt 0.154800 0.746366
vt 0.157047 0.739607
vt 0.152453 0.731773
vt 0.168580 0.721808
vt 0.170652 0.731546
vt 0.155946 0.738085
vt 0.180512 0.731935
vt 0.183617 0.722133
vt 0.192892 0.736138
vt 0.183253 0.736793
vt 0.181239 0.741905
vt 0.185713 0.751255
vt 0.062543 0.062836
vt 0.062543 0.046013
vt 0.073688 0.046013
vt 0.010396 0.039672
vt 0.014627 0.034279
vt 0.018998 0.039930
vt 0.062543 0.033829
vt 0.051810 0.046013
vt 0.014567 0.047006
vt 0.425015 0.915041
vt 0.424771 0.908898
vt 0.429618 0.906956
vt 0.434135 0.911125
vt 0.415798 0.911361
vt 0.419969 0.906845
vt 0.411884 0.902242
vt 0.418026 0.901999
vt 0.415563 0.893026
vt 0.420079 0.897197
vt 0.424681 0.889111
vt 0.424926 0.895254
vt 0.433898 0.892790
vt 0.429727 0.897307
vt 0.437813 0.901908
vt 0.431671 0.902154
vt 0.424849 0.902077
vt 0.076907 0.004028
vt 0.076907 0.005957
vt 0.067259 0.008373
vt 0.066536 0.006540
vt 0.097138 0.012327
vt 0.096180 0.014085
vt 0.086815 0.008586
vt 0.087566 0.006763
vt 0.058300 0.013307
vt 0.057380 0.011526
vt 0.076907 0.032653
vt 0.078292 0.034060
vt 0.097562 0.015491
vt 0.075444 0.034015
vt 0.056840 0.014666
vt 0.976052 0.934482
vt 0.979448 0.929666
vt 0.982713 0.942978
vt 0.977981 0.950826
vt 0.983153 0.964354
vt 0.983742 0.947177
vt 0.977986 0.916639
vt 0.982960 0.916620
vt 0.981874 0.928158
vt 0.938486 0.928541
vt 0.941121 0.912747
vt 0.941924 0.933410
vt 0.933888 0.947347
vt 0.940326 0.953412
vt 0.944193 0.970693
vt 0.938268 0.966653
vt 0.945119 0.979288
vt 0.940869 0.975686
vt 0.983791 0.911647
vt 0.978164 0.911497
vt 0.981637 0.989209
vt 0.976242 0.991007
vt 0.977623 0.979512
vt 0.982554 0.977794
vt 0.977347 0.966262
vt 0.974592 0.918269
vt 0.471675 0.705626
vt 0.456360 0.706803
vt 0.457803 0.703259
vt 0.472202 0.703259
vt 0.458128 0.670652
vt 0.470228 0.670652
vt 0.469990 0.673137
vt 0.458491 0.673137
vt 0.478521 0.670652
vt 0.479606 0.673137
vt 0.479799 0.706671
vt 0.480714 0.703259
vt 0.519500 0.670652
vt 0.520088 0.673137
vt 0.507382 0.673137
vt 0.506537 0.670652
vt 0.505755 0.706776
vt 0.504160 0.703259
vt 0.516527 0.703259
vt 0.516037 0.706904
vt 0.522392 0.670652
vt 0.531562 0.670652
vt 0.530887 0.673137
vt 0.528906 0.707122
vt 0.529051 0.703259
vt 0.496564 0.708447
vt 0.496075 0.703259
vt 0.497790 0.673137
vt 0.497687 0.670652
vt 0.488312 0.708042
vt 0.488345 0.703259
vt 0.488014 0.673137
vt 0.488608 0.670652
vt 0.539915 0.673137
vt 0.445038 0.703259
vt 0.449731 0.673137
vt 0.447283 0.670652
vt 0.541601 0.703259
vt 0.541521 0.707976
vt 0.443841 0.707510
vt 0.539252 0.670652
vt 0.906191 0.081255
vt 0.906191 0.099985
vt 0.927266 0.096581
vt 0.927266 0.079196
vt 0.938103 0.122177
vt 0.941514 0.132959
vt 0.955718 0.119278
vt 0.962687 0.136352
vt 0.942015 0.140221
vt 0.942733 0.150805
vt 0.965832 0.150775
vt 0.942653 0.159846
vt 0.966717 0.161742
vt 0.941413 0.168800
vt 0.966325 0.171881
vt 0.940748 0.103184
vt 0.906191 0.061801
vt 0.927266 0.060345
vt 0.906191 0.036960
vt 0.927266 0.033684
vt 0.927266 0.044332
vt 0.906191 0.045958
vt 0.909860 0.028490
vt 0.927266 0.021655
vt 0.911775 0.025290
vt 0.923706 0.112109
vt 0.906191 0.140111
vt 0.926714 0.153469
vt 0.925762 0.161652
vt 0.906191 0.132870
vt 0.906191 0.147559
vt 0.906191 0.154170
vt 0.906191 0.030827
vt 0.990043 0.610452
vt 0.964412 0.610767
vt 0.967079 0.600600
vt 0.987365 0.600379
vt 0.210205 0.595500
vt 0.235191 0.593378
vt 0.238202 0.603795
vt 0.208628 0.606194
vt 0.210724 0.587410
vt 0.233836 0.584543
vt 0.968077 0.581575
vt 0.967322 0.575676
vt 0.982394 0.575654
vt 0.983206 0.581771
vt 0.212880 0.574899
vt 0.213811 0.564422
vt 0.233069 0.572604
vt 0.233472 0.563835
vt 0.215031 0.556332
vt 0.232580 0.555405
vt 0.228708 0.550441
vt 0.218080 0.551136
vt 0.990051 0.621168
vt 0.963941 0.621041
vt 0.238913 0.615037
vt 0.210368 0.617857
vt 0.979120 0.629379
vt 0.987217 0.629405
vt 0.983626 0.632901
vt 0.980457 0.634307
vt 0.219953 0.630625
vt 0.214796 0.626794
vt 0.237595 0.625172
vt 0.233685 0.630517
vt 0.968578 0.590505
vt 0.984300 0.590826
vt 0.222925 0.548351
vt 0.969767 0.557946
vt 0.980545 0.557924
vt 0.969939 0.554012
vt 0.980158 0.554009
vt 0.971477 0.550336
vt 0.975149 0.548904
vt 0.978551 0.550277
vt 0.226550 0.632602
vt 0.968876 0.633801
vt 0.965942 0.629998
vt 0.974322 0.629368
vt 0.972981 0.634705
vt 0.857227 0.909828
vt 0.862645 0.909969
vt 0.862657 0.921818
vt 0.857031 0.923554
vt 0.853006 0.909877
vt 0.852909 0.925420
vt 0.848675 0.924183
vt 0.848661 0.910063
vt 0.843165 0.922856
vt 0.843325 0.910219
vt 0.848004 0.897809
vt 0.843899 0.901721
vt 0.839404 0.897975
vt 0.839462 0.892841
vt 0.847941 0.892631
s 1
g 左足首D
g 肌.006_Материал.020
usemtl Материал.020
f 3/1/1 2/2/2 1/3/3
s 2
f 6/3/3 5/4/4 4/1/5
s 3
f 9/5/6 8/6/7 7/1/8
s 4
f 12/1/9 11/4/10 10/5/11
s 5
f 15/7/12 14/8/13 13/9/14
s 6
f 18/10/15 17/11/16 16/6/17
s 7
f 21/12/18 20/13/19 19/14/20
s 8
f 24/6/17 23/15/21 22/10/22
s 9
f 27/16/23 26/1/8 25/6/7
s 10
f 30/6/7 29/11/16 28/16/24
s 11
f 33/1/1 32/16/23 31/2/2
s 12
f 36/17/25 35/18/26 34/19/27
s 13
f 39/19/28 38/20/29 37/17/25
s 14
f 42/21/30 41/22/31 40/23/32
s 15
f 45/23/32 44/24/33 43/21/30
s 16
f 48/25/34 47/26/35 46/27/36
s 17
f 51/27/36 50/28/37 49/25/34
s 18
f 54/26/38 53/29/39 52/27/40
s 19
f 57/30/41 56/31/42 55/27/43
s 20
f 60/29/44 59/30/45 58/27/46
s 21
f 63/32/47 62/33/48 61/34/49
s 22
f 66/35/50 65/36/51 64/37/52
s 23
f 69/38/53 68/36/54 67/35/55
s 24
f 72/39/56 71/28/57 70/27/36
s 25
f 75/27/58 74/31/59 73/39/60
s 26
f 78/32/47 77/40/61 76/41/62
s 27
f 81/42/63 80/43/64 79/44/65
s 28
f 84/18/66 83/21/66 82/45/66
s 29
f 87/46/67 86/47/68 85/48/69
s 30
f 90/49/70 89/17/70 88/50/70
s 31
f 93/26/71 92/25/72 91/51/73
s 32
f 96/51/73 95/29/74 94/26/75
s 33
f 99/52/76 98/53/77 97/54/78
s 34
f 102/54/78 101/55/79 100/52/80
s 35
f 105/56/81 104/53/82 103/52/83
s 36
f 108/57/84 107/58/85 106/59/86
s 37
f 111/60/87 110/34/88 109/61/89
s 38
f 114/61/90 113/62/91 112/60/92
s 39
f 117/56/81 116/52/83 115/62/93
s 40
f 120/52/83 119/60/94 118/62/93
s 41
f 123/33/95 122/41/96 121/59/97
s 42
f 126/59/73 125/63/98 124/33/99
s 43
f 129/59/86 128/58/85 127/63/100
s 44
f 132/32/101 131/41/96 130/33/95
s 45
f 135/42/102 134/44/103 133/64/104
s 46
f 138/65/105 137/64/106 136/44/103
s 47
f 141/44/103 140/66/107 139/65/108
s 48
f 144/67/109 143/68/110 142/69/111
s 49
f 147/41/112 146/40/113 145/69/114
s 50
f 150/68/115 149/41/62 148/69/114
s 51
f 153/64/116 152/65/117 151/70/118
s 52
f 156/70/118 155/71/119 154/64/116
s 53
f 159/69/114 158/71/120 157/70/118
s 54
f 162/70/121 161/67/122 160/69/114
s 55
f 165/69/123 164/40/113 163/71/120
s 56
f 168/71/120 167/40/113 166/42/63
s 57
f 171/64/116 170/71/119 169/42/124
s 58
f 174/72/125 173/36/126 172/38/127
s 59
f 177/73/128 176/36/129 175/72/130
s 60
f 180/46/131 179/48/132 178/74/133
s 61
f 183/74/134 182/48/132 181/75/135
s 62
f 186/75/136 185/76/137 184/74/133
s 63
f 189/77/138 188/44/65 187/78/139
s 64
f 192/78/139 191/79/140 190/77/138
s 65
f 195/44/65 194/43/64 193/78/139
s 66
f 198/80/141 197/24/142 196/81/143
s 67
f 201/74/144 200/76/145 199/82/146
s 68
f 204/82/147 203/83/148 202/74/149
s 69
f 207/79/150 206/78/151 205/83/152
s 70
f 210/83/153 209/82/146 208/79/154
s 71
f 213/78/155 212/43/156 211/83/157
s 72
f 216/81/158 215/24/159 214/23/32
s 73
f 219/84/160 218/81/158 217/23/161
s 74
f 222/46/67 221/74/149 220/83/153
s 75
f 225/43/162 224/46/163 223/83/153
s 76
f 228/73/164 227/36/165 226/72/166
s 77
f 231/72/167 230/36/165 229/38/168
s 78
f 234/85/169 233/86/170 232/87/171
s 79
f 237/87/171 236/86/170 235/88/172
s 80
f 240/88/172 239/89/173 238/87/174
s 81
f 243/90/175 242/48/176 241/91/177
s 82
f 246/91/178 245/92/179 244/90/180
s 83
f 249/48/176 248/47/181 247/91/182
s 84
f 252/87/171 251/89/173 250/93/183
s 85
f 255/93/184 254/94/185 253/87/171
s 86
f 258/92/186 257/91/182 256/94/187
s 87
f 261/94/187 260/93/183 259/92/186
s 88
f 264/91/182 263/47/68 262/94/188
s 89
f 267/95/189 266/20/29 265/96/190
s 90
f 270/85/191 269/87/171 268/94/192
s 91
f 273/47/68 272/85/193 271/94/194
s 92
f 276/96/195 275/20/29 274/19/28
s 93
f 279/97/196 278/96/197 277/19/27
s 94
f 282/98/198 281/49/199 280/50/200
s 95
f 285/50/201 284/99/202 283/98/198
s 96
f 288/100/203 287/101/204 286/102/205
s 97
f 291/102/206 290/103/207 289/100/208
s 98
f 294/104/209 293/49/210 292/101/211
s 99
f 297/100/203 296/104/209 295/101/211
s 100
f 300/101/212 299/49/199 298/98/198
s 101
f 303/105/213 302/9/214 301/106/215
s 102
f 306/106/215 305/107/216 304/105/213
s 103
f 309/86/217 308/12/218 307/108/219
s 104
f 312/109/220 311/86/217 310/108/219
s 105
f 315/110/221 314/111/222 313/109/220
s 106
f 318/108/219 317/110/221 316/109/220
s 107
f 321/112/223 320/113/224 319/114/225
s 108
f 324/115/226 323/112/223 322/114/225
s 109
f 327/116/227 326/117/228 325/103/207
s 110
f 330/118/229 329/116/227 328/103/230
s 111
f 333/119/231 332/20/232 331/95/233
s 112
f 336/95/233 335/120/234 334/119/231
s 113
f 339/121/235 338/97/236 337/19/237
s 114
f 342/122/238 341/121/239 340/19/240
s 115
f 345/123/241 344/124/242 343/125/243
s 116
f 348/125/244 347/126/245 346/123/241
s 117
f 351/73/246 350/36/247 349/72/248
s 118
f 354/72/249 353/36/250 352/38/251
s 119
f 357/127/252 356/128/253 355/15/21
s 120
f 360/33/48 359/63/254 358/61/89
s 121
f 363/61/89 362/34/255 361/33/48
s 122
f 366/98/256 365/114/257 364/102/258
s 123
f 369/102/259 368/101/260 367/98/261
s 124
f 372/103/262 371/117/228 370/100/263
s 125
f 375/129/264 374/130/265 373/131/266
s 126
f 378/131/266 377/132/267 376/129/268
s 127
f 381/60/92 380/52/269 379/129/270
s 128
f 384/129/270 383/132/267 382/60/87
s 129
f 387/34/255 386/60/271 385/132/272
s 130
f 390/32/273 389/34/274 388/132/267
s 131
f 393/131/275 392/32/276 391/132/267
s 132
f 396/133/277 395/130/278 394/129/279
s 133
f 399/55/280 398/133/277 397/129/281
s 134
f 402/129/282 401/52/76 400/55/280
s 135
f 405/134/283 404/135/284 403/136/285
s 136
f 408/136/285 407/137/286 406/134/287
s 137
f 411/138/288 410/139/289 409/134/287
s 138
f 414/134/287 413/137/290 412/138/288
s 139
f 417/81/158 416/84/291 415/140/292
s 140
f 420/140/292 419/141/293 418/81/294
s 141
f 423/142/295 422/80/141 421/81/294
s 142
f 426/81/143 425/141/296 424/142/297
s 143
f 429/96/197 428/97/236 427/121/239
s 144
f 432/121/239 431/143/298 430/96/197
s 145
f 435/143/299 434/120/300 433/95/233
s 146
f 438/95/233 437/96/197 436/143/301
s 147
f 441/5/302 440/127/303 439/15/304
s 148
f 444/15/21 443/6/17 442/5/305
s 149
f 447/144/306 446/145/307 445/146/308
s 150
f 450/146/308 449/126/309 448/144/310
s 151
f 453/147/311 452/123/312 451/148/313
s 152
f 456/148/313 455/149/314 454/147/315
s 153
f 459/148/316 458/123/317 457/126/309
s 154
f 462/126/309 461/146/318 460/148/316
s 155
f 465/111/319 464/110/221 463/150/307
s 156
f 468/151/320 467/117/228 466/116/321
s 157
f 471/111/226 470/150/307 469/152/223
s 158
f 474/153/322 473/150/307 472/110/221
s 159
f 477/36/323 476/73/324 475/37/325
s 160
f 480/92/186 479/93/183 478/154/326
s 161
f 483/38/327 482/36/328 481/35/329
s 162
f 486/93/184 485/89/330 484/155/329
s 163
f 489/92/186 488/154/326 487/156/331
s 164
f 492/73/332 491/157/333 490/158/331
s 165
f 495/158/331 494/37/326 493/73/334
s 166
f 498/38/335 497/35/336 496/159/337
s 167
f 501/159/338 500/160/339 499/38/251
s 168
f 504/155/336 503/89/330 502/161/337
s 169
f 507/35/340 506/36/328 505/37/325
s 170
f 510/93/183 509/155/340 508/154/325
s 171
f 513/162/341 512/90/180 511/163/342
s 172
f 516/88/172 515/164/343 514/165/344
s 173
f 519/88/345 518/165/339 517/89/173
s 174
f 522/163/342 521/90/180 520/92/346
s 175
f 525/165/339 524/161/337 523/89/347
s 176
f 528/163/348 527/92/186 526/156/349
s 177
f 531/77/138 530/79/350 529/166/351
s 178
f 534/167/352 533/77/138 532/166/353
s 179
f 537/168/354 536/76/137 535/75/135
s 180
f 540/169/355 539/168/354 538/75/136
s 181
f 543/76/137 542/168/354 541/170/356
s 182
f 546/160/357 545/38/358 544/35/359
s 183
f 549/35/360 548/159/361 547/160/362
s 184
f 552/38/363 551/36/364 550/35/365
s 185
f 555/82/147 554/76/137 553/171/360
s 186
f 558/79/350 557/82/146 556/172/366
s 187
f 561/36/364 560/73/367 559/37/368
s 188
f 564/157/369 563/158/370 562/37/366
s 189
f 567/37/371 566/73/372 565/157/353
s 190
f 570/166/369 569/79/373 568/173/370
s 191
f 573/173/374 572/79/150 571/172/366
s 192
f 576/76/375 575/170/356 574/171/376
s 193
f 579/172/377 578/82/147 577/171/360
s 194
f 582/36/364 581/37/377 580/35/360
s 195
f 585/68/115 584/67/109 583/174/378
s 196
f 588/175/379 587/68/110 586/174/380
s 197
f 591/176/381 590/65/108 589/66/382
s 198
f 594/177/383 593/176/381 592/66/382
s 199
f 597/38/384 596/36/385 595/35/386
s 200
f 600/70/118 599/65/117 598/178/386
s 201
f 603/67/109 602/70/121 601/179/387
s 202
f 606/36/385 605/73/388 604/37/389
s 203
f 609/67/390 608/179/391 607/180/392
s 204
f 612/37/391 611/73/393 610/157/394
s 205
f 615/157/394 614/158/395 613/37/391
s 206
f 618/160/396 617/38/384 616/35/386
s 207
f 621/35/397 620/159/398 619/160/399
s 208
f 624/178/400 623/65/401 622/181/402
s 209
f 627/181/403 626/65/117 625/176/404
s 210
f 630/67/405 629/180/406 628/174/407
s 211
f 633/179/408 632/70/118 631/178/386
s 212
f 636/36/385 635/37/389 634/35/386
s 213
f 639/61/89 638/63/409 637/182/410
s 214
f 642/62/91 641/61/411 640/183/412
s 215
f 645/35/50 644/159/413 643/160/414
s 216
f 648/160/415 647/38/416 646/35/410
s 217
f 651/182/410 650/63/417 649/184/413
s 218
f 654/158/418 653/37/419 652/73/420
s 219
f 657/73/420 656/157/421 655/158/422
s 220
f 660/62/93 659/183/419 658/185/423
s 221
f 663/61/424 662/182/410 661/183/412
s 222
f 666/185/425 665/56/421 664/62/93
s 223
f 669/184/426 668/63/254 667/58/415
s 224
f 672/186/427 671/58/428 670/57/429
s 225
f 675/57/430 674/187/37 673/186/431
s 226
f 678/187/432 677/53/433 676/56/81
s 227
f 681/56/81 680/186/434 679/187/432
s 228
f 684/188/290 683/189/435 682/176/436
s 229
f 687/176/436 686/177/288 685/188/290
s 230
f 690/188/286 689/175/437 688/174/438
s 231
f 693/174/439 692/189/440 691/188/286
s 232
f 696/190/441 695/191/442 694/168/443
s 233
f 699/168/444 698/169/445 697/190/446
s 234
f 702/190/447 701/167/448 700/166/449
s 235
f 705/166/449 704/191/166 703/190/450
s 236
f 708/165/451 707/164/452 706/192/453
s 237
f 711/192/454 710/193/455 709/165/456
s 238
f 714/192/298 713/162/457 712/163/458
s 239
f 717/163/459 716/193/455 715/192/460
s 240
f 720/23/461 719/22/462 718/194/463
s 241
f 723/194/463 722/195/464 721/23/461
s 242
f 726/45/465 725/21/466 724/24/467
s 243
f 729/24/467 728/196/136 727/45/465
s 244
f 732/80/141 731/142/468 730/196/136
s 245
f 735/196/136 734/24/469 733/80/470
s 246
f 738/19/240 737/18/471 736/45/472
s 247
f 741/45/473 740/122/238 739/19/240
s 248
f 744/50/474 743/17/475 742/20/232
s 249
f 747/20/476 746/119/231 745/50/477
s 250
f 750/98/261 749/99/202 748/115/226
s 251
f 753/115/226 752/114/478 751/98/261
s 252
f 756/195/464 755/140/292 754/84/479
s 253
f 759/84/480 758/23/461 757/195/464
s 254
f 762/152/223 761/150/307 760/197/306
s 255
f 765/151/314 764/116/227 763/198/311
s 256
f 768/199/481 767/200/482 766/201/483
s 257
f 771/201/483 770/202/484 769/199/485
s 258
f 774/203/482 773/204/481 772/205/243
s 259
f 777/205/244 776/206/242 775/203/486
s 260
f 780/202/484 779/201/483 778/102/205
s 261
f 783/103/207 782/102/206 781/201/483
s 262
f 786/118/229 785/103/487 784/201/488
s 263
f 789/202/489 788/102/258 787/114/478
s 264
f 792/113/490 791/202/484 790/114/257
s 265
f 795/201/488 794/200/482 793/116/227
s 266
f 798/116/227 797/118/491 796/201/488
s 267
f 801/112/223 800/199/485 799/202/492
s 268
f 804/202/492 803/113/490 802/112/223
s 269
f 807/203/493 806/206/242 805/198/494
s 270
f 810/198/495 809/116/227 808/203/493
s 271
f 813/204/496 812/152/223 811/197/497
s 272
f 816/197/497 815/205/244 814/204/496
s 273
f 819/123/498 818/147/499 817/124/242
s 274
f 822/144/497 821/126/245 820/125/500
s 275
f 825/38/251 824/160/451 823/72/455
s 276
f 828/157/459 827/73/246 826/72/455
s 277
f 831/38/501 830/160/444 829/72/502
s 278
f 834/157/503 833/73/164 832/72/166
s 279
f 837/38/504 836/160/505 835/72/130
s 280
f 840/157/506 839/73/507 838/72/130
s 281
f 843/72/508 842/157/509 841/73/510
s 282
f 846/73/511 845/36/512 844/72/513
s 283
f 849/38/514 848/160/515 847/72/513
s 284
f 852/72/508 851/36/516 850/38/517
s 285
f 855/107/518 854/207/519 853/208/520
s 286
f 858/208/520 857/105/521 856/107/518
s 287
f 861/13/522 860/208/520 859/207/519
s 288
f 864/207/519 863/14/523 862/13/524
s 289
f 867/14/523 866/207/519 865/209/525
s 290
f 870/209/526 869/210/527 868/14/528
s 291
f 873/12/18 872/14/529 871/210/530
s 292
f 876/210/531 875/108/219 874/12/18
s 293
f 879/207/532 878/107/518 877/211/533
s 294
f 882/211/533 881/209/534 880/207/532
s 295
f 885/104/535 884/100/536 883/211/533
s 296
f 888/107/216 887/106/215 886/104/535
s 297
f 891/104/535 890/211/537 889/107/216
s 298
f 894/117/228 893/211/537 892/100/263
s 299
f 897/212/538 896/117/228 895/151/539
s 300
f 900/213/540 899/212/538 898/214/313
s 301
f 903/110/221 902/213/541 901/153/308
s 302
f 906/153/318 905/213/540 904/214/316
s 303
f 909/151/314 908/214/313 907/212/538
s 304
f 912/117/228 911/212/538 910/209/542
s 305
f 915/209/534 914/211/533 913/117/228
s 306
f 918/213/541 917/210/527 916/209/525
s 307
f 921/209/534 920/212/538 919/213/540
s 308
f 924/213/541 923/110/543 922/108/219
s 309
f 927/108/219 926/210/530 925/213/541
s 310
f 930/215/544 929/216/545 928/30/79
s 311
f 933/30/45 932/29/44 931/215/546
s 312
f 936/217/547 935/215/547 934/218/547
s 313
f 939/22/462 938/219/548 937/194/549
s 314
f 942/29/39 941/51/73 940/218/96
s 315
f 945/218/550 944/215/551 943/29/552
s 316
f 948/219/553 947/217/554 946/220/555
s 317
f 951/220/556 950/221/557 949/219/553
s 318
f 954/135/558 953/134/283 952/220/559
s 319
f 957/222/560 956/223/561 955/224/562
s 320
f 960/224/562 959/225/563 958/222/560
s 321
f 963/134/287 962/139/564 961/221/557
s 322
f 966/220/565 965/134/287 964/221/557
s 323
f 969/220/566 968/217/567 967/218/568
s 324
f 972/218/569 971/226/115 970/220/566
s 325
f 975/194/570 974/219/571 973/221/572
s 326
f 978/221/572 977/227/382 976/194/570
s 327
f 981/139/573 980/138/574 979/227/382
s 328
f 984/227/382 983/221/572 982/139/575
s 329
f 987/226/576 986/136/577 985/135/578
s 330
f 990/135/578 989/220/566 988/226/110
s 331
f 993/37/412 992/36/51 991/73/579
s 332
f 996/228/580 995/3/581 994/2/582
s 333
f 999/223/583 998/222/584 997/229/585
s 334
f 1002/230/586 1001/85/193 1000/47/587
s 335
f 1005/46/588 1004/230/586 1003/47/68
s 336
f 1008/230/589 1007/46/67 1006/43/590
s 337
f 1011/43/590 1010/231/591 1009/230/592
s 338
f 1014/42/63 1013/231/591 1012/43/64
s 339
f 1017/32/593 1016/232/594 1015/40/113
s 340
f 1020/131/275 1019/232/595 1018/32/276
s 341
f 1023/232/594 1022/225/596 1021/224/562
s 342
f 1026/231/591 1025/42/63 1024/40/61
s 343
f 1029/40/113 1028/232/597 1027/231/598
s 344
f 1032/131/275 1031/225/599 1030/232/594
s 345
f 1035/225/600 1034/131/266 1033/130/265
s 346
f 1038/130/265 1037/222/601 1036/225/563
s 347
f 1041/133/277 1040/222/601 1039/130/278
s 348
f 1044/222/584 1043/133/277 1042/229/585
s 349
f 1047/208/602 1046/7/603 1045/105/521
s 350
f 1050/9/214 1049/105/213 1048/7/12
s 351
g 左ひざD
f 1053/233/604 1052/234/605 1051/235/606
s 352
g 左足首D
f 1056/235/607 1055/236/608 1054/233/604
s 353
g 左ひざD
f 1059/237/609 1058/234/610 1057/233/611
s 354
g 左足首D
f 1062/233/611 1061/238/612 1060/237/613
s 355
g 左ひざD
f 1065/239/614 1064/240/615 1063/241/616
s 356
g 左足首D
f 1068/241/616 1067/242/617 1066/239/618
s 357
g 左ひざD
f 1071/243/619 1070/244/620 1069/239/621
s 358
g 左足首D
f 1074/239/621 1073/242/622 1072/243/623
s 359
f 1077/244/620 1076/243/619 1075/245/624
s 360
g 左ひざD
f 1080/245/624 1079/246/625 1078/244/620
s 361
g 左足首D
f 1083/247/626 1082/248/627 1081/249/628
s 362
f 1086/249/629 1085/250/630 1084/247/626
s 363
f 1089/251/631 1088/252/632 1087/253/633
s 364
f 1092/253/634 1091/254/635 1090/251/636
s 365
f 1095/255/637 1094/256/638 1093/257/639
s 366
f 1098/257/640 1097/252/641 1096/255/642
s 367
f 1101/258/643 1100/254/635 1099/253/633
s 368
f 1104/253/633 1103/259/644 1102/258/643
s 369
f 1107/260/645 1106/261/646 1105/262/647
s 370
f 1110/262/647 1109/263/648 1108/260/645
s 371
f 1113/264/649 1112/265/650 1111/233/604
s 372
f 1116/233/604 1115/236/651 1114/264/649
s 373
f 1119/266/652 1118/267/653 1117/261/654
s 374
f 1122/261/646 1121/260/645 1120/266/652
s 375
f 1125/268/655 1124/269/656 1123/270/657
s 376
f 1128/270/657 1127/271/658 1126/268/659
s 377
f 1131/272/660 1130/271/658 1129/270/657
s 378
f 1134/270/661 1133/273/662 1132/272/660
s 379
f 1137/274/663 1136/238/612 1135/233/611
s 380
f 1140/233/611 1139/265/664 1138/274/665
s 381
f 1143/275/666 1142/276/667 1141/267/668
s 382
f 1146/267/668 1145/266/669 1144/275/666
s 383
f 1149/277/670 1148/268/671 1147/271/658
s 384
f 1152/271/672 1151/278/673 1150/277/670
s 385
f 1155/272/674 1154/243/619 1153/242/622
s 386
f 1158/242/622 1157/279/675 1156/272/674
s 387
f 1161/279/676 1160/242/617 1159/241/616
s 388
f 1164/241/616 1163/280/677 1162/279/678
s 389
f 1167/281/679 1166/277/680 1165/278/681
s 390
f 1170/278/681 1169/282/682 1168/281/683
s 391
f 1173/263/648 1172/262/647 1171/257/639
s 392
f 1176/257/639 1175/256/684 1174/263/648
s 393
g 左ひざD
f 1179/283/685 1178/284/686 1177/285/687
s 394
g 左足首D
f 1182/284/688 1181/254/689 1180/285/687
s 395
g 左ひざD
f 1185/235/607 1184/283/685 1183/285/690
s 396
g 左足首D
f 1188/236/691 1187/235/606 1186/285/690
s 397
f 1191/254/635 1190/258/643 1189/285/692
s 398
f 1194/258/693 1193/236/608 1192/285/690
s 399
g 左ひざD
f 1197/286/694 1196/287/695 1195/288/696
s 400
g 左足首D
f 1200/249/629 1199/286/697 1198/288/698
s 401
g 左ひざD
f 1203/287/699 1202/246/700 1201/288/701
s 402
g 左足首D
f 1206/246/702 1205/245/703 1204/288/704
s 403
f 1209/289/705 1208/249/706 1207/288/698
s 404
f 1212/245/703 1211/289/705 1210/288/704
s 405
f 1215/258/707 1214/259/708 1213/264/709
s 406
f 1218/264/649 1217/236/608 1216/258/693
s 407
f 1221/273/662 1220/245/624 1219/243/619
s 408
f 1224/243/710 1223/272/711 1222/273/662
s 409
f 1227/289/712 1226/245/703 1225/273/713
s 410
f 1230/273/713 1229/290/714 1228/289/705
s 411
f 1233/249/629 1232/289/705 1231/290/715
s 412
f 1236/290/715 1235/291/716 1234/249/629
s 413
f 1239/291/717 1238/250/718 1237/249/629
s 414
f 1242/269/719 1241/292/720 1240/293/721
s 415
f 1245/293/722 1244/270/657 1243/269/719
s 416
f 1248/290/723 1247/273/724 1246/270/725
s 417
f 1251/270/725 1250/293/726 1249/290/723
s 418
f 1254/293/726 1253/294/727 1252/291/728
s 419
f 1257/291/728 1256/290/723 1255/293/726
s 420
f 1260/286/697 1259/249/729 1258/248/627
s 421
g 左ひざD
f 1263/248/627 1262/295/730 1261/286/731
s 422
g 左足首D
f 1266/296/732 1265/297/733 1264/248/734
s 423
f 1269/248/735 1268/247/736 1267/296/732
s 424
g 左ひざD
f 1272/284/688 1271/298/737 1270/299/738
s 425
g 左足首D
f 1275/299/739 1274/254/689 1273/284/688
s 426
f 1278/254/689 1277/299/739 1276/300/740
s 427
f 1281/300/740 1280/251/741 1279/254/742
s 428
f 1284/301/743 1283/300/744 1282/299/745
s 429
f 1287/299/745 1286/302/746 1285/301/743
s 430
f 1290/301/747 1289/302/748 1288/297/749
s 431
f 1293/297/750 1292/296/751 1291/301/747
s 432
g 左ひざD
f 1296/297/752 1295/303/753 1294/295/754
s 433
g 左足首D
f 1299/295/754 1298/248/627 1297/297/752
s 434
g 左ひざD
f 1302/298/755 1301/304/756 1300/302/746
s 435
g 左足首D
f 1305/302/746 1304/299/745 1303/298/755
s 436
f 1308/303/757 1307/297/750 1306/302/748
s 437
g 左ひざD
f 1311/302/746 1310/304/758 1309/303/757
s 438
g 左足首D
f 1314/291/728 1313/294/759 1312/305/760
s 439
f 1317/292/720 1316/306/761 1315/294/762
s 440
f 1320/294/762 1319/293/721 1318/292/720
s 441
f 1323/306/763 1322/305/764 1321/294/765
s 442
f 1326/252/641 1325/257/766 1324/253/633
s 443
f 1329/262/767 1328/259/768 1327/253/769
s 444
f 1332/253/769 1331/257/640 1330/262/767
s 445
f 1335/261/646 1334/264/770 1333/259/768
s 446
f 1338/259/768 1337/262/771 1336/261/646
s 447
f 1341/267/653 1340/265/650 1339/264/770
s 448
f 1344/264/770 1343/261/654 1342/267/653
s 449
f 1347/276/772 1346/274/665 1345/265/664
s 450
f 1350/265/773 1349/267/774 1348/276/772
s 451
f 1353/278/775 1352/279/676 1351/280/776
s 452
f 1356/280/776 1355/282/682 1354/278/777
s 453
f 1359/272/778 1358/279/779 1357/278/780
s 454
f 1362/278/780 1361/271/781 1360/272/674
s 455
f 1365/305/782 1364/250/718 1363/291/728
s 456
g 肌.006_Material.002
usemtl Material.002
f 1368/307/783 1367/308/784 1366/309/785
s 457
f 1371/309/786 1370/310/787 1369/307/783
s 458
f 1374/311/788 1373/312/788 1372/313/789
s 459
f 1377/313/789 1376/314/790 1375/311/791
s 460
f 1380/315/792 1379/312/793 1378/316/793
s 461
f 1383/316/794 1382/317/795 1381/315/796
s 462
f 1386/318/797 1385/319/797 1384/320/797
s 463
f 1389/320/797 1388/315/797 1387/318/797
s 464
f 1392/321/798 1391/322/798 1390/320/799
s 465
f 1395/320/800 1394/323/800 1393/321/801
s 466
f 1398/321/802 1397/324/803 1396/325/804
s 467
f 1401/325/804 1400/322/805 1399/321/805
s 468
f 1404/314/806 1403/313/807 1402/326/808
s 469
f 1407/326/808 1406/327/809 1405/314/806
s 470
f 1410/328/810 1409/329/811 1408/330/812
s 471
f 1413/330/812 1412/331/813 1411/328/814
s 472
f 1416/332/815 1415/333/816 1414/334/817
s 473
f 1419/334/817 1418/335/818 1417/332/815
s 474
f 1422/336/819 1421/337/820 1420/338/821
s 475
f 1425/338/821 1424/339/822 1423/336/819
s 476
f 1428/340/823 1427/335/818 1426/334/817
s 477
f 1431/334/817 1430/337/824 1429/340/825
s 478
f 1434/341/826 1433/342/827 1432/330/812
s 479
f 1437/330/812 1436/329/811 1435/341/826
s 480
f 1440/343/826 1439/339/828 1438/338/829
s 481
f 1443/338/829 1442/342/830 1441/343/831
s 482
f 1446/324/803 1445/328/832 1444/331/810
s 483
f 1449/331/810 1448/325/804 1447/324/833
s 484
f 1452/327/834 1451/326/808 1450/333/816
s 485
f 1455/333/816 1454/332/835 1453/327/834
s 486
f 1458/312/836 1457/322/837 1456/313/838
s 487
f 1461/315/839 1460/320/840 1459/322/841
s 488
f 1464/322/837 1463/312/836 1462/315/842
s 489
f 1467/322/837 1466/325/843 1465/326/844
s 490
f 1470/326/844 1469/313/838 1468/322/837
s 491
f 1473/330/845 1472/334/846 1471/333/847
s 492
f 1476/333/847 1475/331/848 1474/330/845
s 493
f 1479/334/846 1478/338/849 1477/337/850
s 494
f 1482/338/849 1481/330/845 1480/342/851
s 495
f 1485/334/846 1484/330/845 1483/338/849
s 496
f 1488/325/843 1487/331/852 1486/333/847
s 497
f 1491/333/853 1490/326/844 1489/325/843
s 498
f 1494/312/854 1493/313/855 1492/322/856
s 499
f 1497/315/857 1496/312/854 1495/322/856
s 500
f 1500/322/856 1499/320/858 1498/315/857
s 501
f 1503/326/859 1502/325/860 1501/322/856
s 502
f 1506/322/856 1505/313/855 1504/326/859
s 503
f 1509/330/861 1508/331/862 1507/333/863
s 504
f 1512/333/863 1511/334/864 1510/330/865
s 505
f 1515/334/864 1514/337/866 1513/338/867
s 506
f 1518/338/867 1517/342/868 1516/330/865
s 507
f 1521/334/864 1520/338/867 1519/330/865
s 508
f 1524/333/863 1523/331/862 1522/325/860
s 509
f 1527/325/860 1526/326/859 1525/333/863
s 510
f 1530/344/869 1529/345/870 1528/346/871
s 511
f 1533/346/871 1532/347/872 1531/344/869
s 512
f 1536/348/873 1535/349/874 1534/350/875
s 513
f 1539/350/875 1538/351/876 1537/348/877
s 514
f 1542/352/878 1541/353/879 1540/354/880
s 515
f 1545/354/881 1544/355/882 1543/352/878
s 516
f 1548/344/883 1547/356/884 1546/357/885
s 517
f 1551/357/885 1550/347/886 1549/344/883
s 518
f 1554/350/887 1553/353/888 1552/348/889
s 519
f 1557/348/890 1556/351/891 1555/350/892
s 520
f 1560/351/876 1559/350/875 1558/358/893
s 521
f 1563/358/893 1562/359/894 1561/351/876
s 522
f 1566/358/895 1565/350/896 1564/351/897
s 523
f 1569/351/891 1568/359/898 1567/358/899
s 524
f 1572/359/894 1571/358/893 1570/356/900
s 525
f 1575/356/900 1574/357/901 1573/359/894
s 526
f 1578/356/902 1577/358/903 1576/359/904
s 527
f 1581/359/905 1580/357/885 1579/356/906
s 528
f 1584/357/901 1583/356/900 1582/344/869
s 529
f 1587/344/869 1586/347/907 1585/357/908
s 530
f 1590/346/909 1589/345/910 1588/344/911
s 531
f 1593/344/912 1592/347/913 1591/346/914
s 532
f 1596/360/915 1595/346/871 1594/345/916
s 533
f 1599/345/916 1598/361/917 1597/360/915
s 534
f 1602/360/918 1601/361/919 1600/345/920
s 535
f 1605/345/920 1604/346/921 1603/360/922
s 536
f 1608/355/923 1607/360/924 1606/361/925
s 537
f 1611/361/925 1610/354/926 1609/355/923
s 538
f 1614/355/882 1613/354/927 1612/361/928
s 539
f 1617/361/928 1616/360/918 1615/355/882
s 540
f 1620/352/929 1619/355/923 1618/354/926
s 541
f 1623/354/930 1622/353/931 1621/352/932
s 542
f 1626/362/933 1625/363/934 1624/364/935
s 543
f 1629/364/936 1628/365/937 1627/362/938
s 544
f 1632/366/939 1631/367/940 1630/368/941
s 545
f 1635/368/941 1634/369/942 1633/366/943
s 546
f 1638/370/944 1637/371/945 1636/372/946
s 547
f 1641/372/947 1640/373/948 1639/370/944
s 548
f 1644/374/949 1643/375/950 1642/363/951
s 549
f 1647/363/952 1646/362/953 1645/374/954
s 550
f 1650/367/955 1649/371/956 1648/370/957
s 551
f 1653/370/957 1652/368/958 1651/367/955
s 552
f 1656/372/947 1655/375/950 1654/374/954
s 553
f 1659/374/954 1658/373/948 1657/372/946
s 554
f 1662/308/959 1661/307/960 1660/310/961
s 555
f 1665/310/961 1664/309/962 1663/308/963
s 556
f 1668/376/964 1667/377/965 1666/378/966
s 557
f 1671/379/967 1670/380/968 1669/381/967
s 558
f 1674/382/969 1673/378/970 1672/377/971
s 559
f 1677/383/972 1676/377/973 1675/376/974
s 560
f 1680/382/975 1679/377/976 1678/383/977
s 561
f 1683/379/967 1682/381/967 1681/384/978
s 562
f 1686/385/979 1685/386/980 1684/387/981
s 563
f 1689/387/981 1688/388/982 1687/385/983
s 564
f 1692/389/984 1691/390/985 1690/386/980
s 565
f 1695/386/980 1694/385/979 1693/389/984
s 566
f 1698/391/986 1697/392/987 1696/390/988
s 567
f 1701/390/985 1700/389/984 1699/391/989
s 568
f 1704/393/990 1703/394/991 1702/392/992
s 569
f 1707/392/992 1706/391/993 1705/393/990
s 570
f 1710/395/994 1709/396/995 1708/394/991
s 571
f 1713/394/991 1712/393/996 1711/395/994
s 572
f 1716/397/997 1715/398/998 1714/396/995
s 573
f 1719/396/995 1718/395/999 1717/397/997
s 574
f 1722/399/1000 1721/400/1001 1720/398/998
s 575
f 1725/398/998 1724/397/1002 1723/399/1000
s 576
f 1728/388/1003 1727/387/981 1726/400/1001
s 577
f 1731/400/1001 1730/399/1004 1729/388/1005
s 578
f 1734/387/1006 1733/386/1007 1732/401/1008
s 579
f 1737/386/1009 1736/390/985 1735/401/1010
s 580
f 1740/390/985 1739/392/1011 1738/401/1012
s 581
f 1743/392/1013 1742/394/1014 1741/401/1012
s 582
f 1746/394/1015 1745/396/1016 1744/401/1012
s 583
f 1749/396/1017 1748/398/1018 1747/401/1019
s 584
f 1752/398/1018 1751/400/1020 1750/401/1019
s 585
f 1755/400/1020 1754/387/1021 1753/401/1022
s 586
f 1758/402/1023 1757/403/1024 1756/404/1025
s 587
f 1761/404/1025 1760/405/1025 1759/402/1024
s 588
f 1764/406/1026 1763/407/1026 1762/408/1027
s 589
f 1767/408/1027 1766/409/1027 1765/406/1026
s 590
f 1770/405/1025 1769/404/1025 1768/410/1028
s 591
f 1773/410/1028 1772/411/1028 1771/405/1025
s 592
f 1776/412/1029 1775/403/1029 1774/404/1029
s 593
f 1779/407/1029 1778/408/1029 1777/412/1029
s 594
f 1782/404/1029 1781/410/1029 1780/412/1029
s 595
f 1785/412/1030 1784/403/1030 1783/408/1030
s 596
f 1788/408/1030 1787/407/1030 1786/412/1030
s 597
f 1791/410/1030 1790/404/1030 1789/412/1030
s 598
f 1794/413/1031 1793/412/1031 1792/407/1031
s 599
f 1797/407/1031 1796/414/1031 1795/413/1031
s 600
f 1800/412/1032 1799/415/1032 1798/416/1032
s 601
f 1803/416/1032 1802/410/1032 1801/412/1032
s 602
f 1806/409/1033 1805/408/1033 1804/403/1034
s 603
f 1809/403/1034 1808/402/1035 1807/409/1033
s 604
f 1812/408/1029 1811/403/1029 1810/412/1029
s 605
f 1815/404/1030 1814/403/1030 1813/412/1030
s 606
f 1818/417/562 1817/418/1036 1816/419/1037
s 607
f 1821/419/1038 1820/420/594 1819/417/1039
s 608
f 1824/421/1040 1823/420/595 1822/422/1041
s 609
f 1827/423/193 1826/424/1042 1825/425/1043
s 610
f 1830/426/1044 1829/427/13 1828/428/1045
s 611
f 1833/429/1046 1832/428/603 1831/430/520
s 612
f 1836/430/1047 1835/431/19 1834/432/304
s 613
f 1839/431/1048 1838/433/1042 1837/434/15
s 614
f 1842/434/22 1841/432/21 1840/431/19
s 615
f 1845/435/15 1844/424/1042 1843/423/191
s 616
f 1848/423/191 1847/436/1049 1846/435/15
s 617
f 1851/437/16 1850/438/193 1849/439/1050
s 618
f 1854/439/586 1853/440/24 1852/437/16
s 619
f 1857/440/1051 1856/439/592 1855/441/1052
s 620
f 1860/441/591 1859/421/2 1858/440/1051
s 621
f 1863/442/561 1862/418/1053 1861/417/1054
s 622
f 1866/421/582 1865/441/1055 1864/420/597
s 623
f 1869/430/1047 1868/432/304 1867/429/1056
s 624
f 1872/426/1044 1871/428/603 1870/429/1046
s 625
f 1875/443/1057 1874/444/1058 1873/445/1059
s 626
f 1878/445/1059 1877/446/1060 1876/443/1061
s 627
f 1881/447/1062 1880/448/1063 1879/449/1064
s 628
f 1884/449/1064 1883/450/1065 1882/447/1066
s 629
f 1887/448/1063 1886/451/1067 1885/452/1068
s 630
f 1890/452/1068 1889/449/1064 1888/448/1069
s 631
f 1893/453/1070 1892/443/1061 1891/446/1060
s 632
f 1896/446/1060 1895/454/1071 1894/453/1070
s 633
f 1899/455/1072 1898/456/1073 1897/457/1074
s 634
f 1902/457/1075 1901/458/1076 1900/455/1072
s 635
f 1905/459/1077 1904/460/1078 1903/461/1079
s 636
f 1908/461/1080 1907/462/1081 1906/459/1082
s 637
f 1911/463/1083 1910/464/1084 1909/465/1085
s 638
f 1914/465/1085 1913/456/1073 1912/463/1086
s 639
f 1917/466/1087 1916/462/1081 1915/461/1080
s 640
f 1920/461/1080 1919/467/1088 1918/466/1087
s 641
f 1923/468/1089 1922/469/1090 1921/460/1078
s 642
f 1926/460/1078 1925/459/1077 1924/468/1089
s 643
f 1929/458/1091 1928/457/1092 1927/470/1093
s 644
f 1932/470/1094 1931/471/1095 1930/458/1091
s 645
f 1935/468/1089 1934/472/1096 1933/473/1097
s 646
f 1938/473/1098 1937/469/1090 1936/468/1089
s 647
f 1941/471/1099 1940/470/1100 1939/474/1101
s 648
f 1944/474/1102 1943/475/1103 1942/471/1099
s 649
f 1947/472/1104 1946/453/1105 1945/454/1071
s 650
f 1950/454/1071 1949/473/1097 1948/472/1096
s 651
f 1953/475/1106 1952/474/1107 1951/452/1108
s 652
f 1956/452/1068 1955/451/1109 1954/475/1106
s 653
f 1959/465/1110 1958/464/1111 1957/476/1112
s 654
f 1962/445/1113 1961/444/1114 1960/477/1115
s 655
f 1965/447/1066 1964/450/1116 1963/478/1117
s 656
f 1968/478/1118 1967/479/1119 1966/447/1120
s 657
f 1971/480/1121 1970/481/1122 1969/466/1123
s 658
f 1974/480/1124 1973/466/1123 1972/467/1125
s 659
f 1977/477/1115 1976/444/1114 1975/482/1126
s 660
f 1980/476/1127 1979/464/1128 1978/483/1129
s 661
f 1983/445/1130 1982/450/1131 1981/449/1132
s 662
f 1986/449/1133 1985/446/1134 1984/445/1130
s 663
f 1989/446/1135 1988/449/1133 1987/454/1136
s 664
f 1992/460/1137 1991/456/1138 1990/461/1139
s 665
f 1995/461/1139 1994/465/1140 1993/467/1141
s 666
f 1998/457/1142 1997/469/1143 1996/470/1144
s 667
f 2001/470/1145 2000/469/1146 1999/474/1147
s 668
f 2004/473/1148 2003/454/1149 2002/452/1150
s 669
f 2007/465/1151 2006/476/1152 2005/480/1153
s 670
f 2010/480/1153 2009/467/1154 2008/465/1151
s 671
f 2013/445/1155 2012/477/1156 2011/478/1157
s 672
f 2016/478/1157 2015/450/1158 2014/445/1155
s 673
f 2019/454/1136 2018/449/1159 2017/452/1150
s 674
f 2022/473/1160 2021/452/1150 2020/474/1161
s 675
f 2025/460/1162 2024/469/1163 2023/457/1164
s 676
f 2028/460/1165 2027/457/1164 2026/456/1138
s 677
f 2031/456/1138 2030/465/1166 2029/461/1139
s 678
f 2034/474/1167 2033/469/1163 2032/473/1168
s 679
f 2037/456/1073 2036/455/1169 2035/463/1170
s 680
f 2040/422/1041 2039/420/594 2038/419/1037
s 681
f 2043/484/1171 2042/485/1172 2041/486/1173
s 682
f 2046/486/1173 2045/487/1174 2044/484/1171
s 683
f 2049/488/1175 2048/489/1176 2047/490/1177
s 684
f 2052/491/1178 2051/492/1179 2050/493/1180
s 685
f 2055/493/1180 2054/494/1181 2053/491/1182
s 686
f 2058/495/1183 2057/496/1184 2056/494/1185
s 687
f 2061/494/1185 2060/493/1186 2059/495/1187
s 688
f 2064/496/1188 2063/495/1187 2062/497/1189
s 689
f 2067/497/1189 2066/498/1190 2065/496/1188
s 690
f 2070/494/1191 2069/496/1192 2068/495/1193
s 691
f 2073/495/1194 2072/493/1195 2071/494/1191
s 692
f 2076/491/1196 2075/494/1197 2074/493/1198
s 693
f 2079/493/1195 2078/492/1199 2077/491/1196
s 694
f 2082/489/1200 2081/491/1196 2080/492/1199
s 695
f 2085/488/1201 2084/499/1202 2083/490/1203
s 696
f 2088/484/1204 2087/487/1205 2086/486/1206
s 697
f 2091/486/1206 2090/485/1207 2089/484/1204
s 698
f 2094/500/1208 2093/501/1209 2092/487/1205
s 699
f 2097/487/1205 2096/484/1204 2095/500/1210
s 700
f 2100/502/1211 2099/503/1212 2098/504/1213
s 701
f 2103/504/1213 2102/505/1214 2101/502/1211
s 702
f 2106/506/1215 2105/503/1216 2104/507/1217
s 703
f 2109/507/1217 2108/508/1218 2107/506/1215
s 704
f 2112/504/1219 2111/503/1220 2110/502/1221
s 705
f 2115/502/1221 2114/505/1222 2113/504/1223
s 706
f 2118/501/1224 2117/504/1223 2116/505/1225
s 707
f 2121/505/1225 2120/500/1226 2119/501/1224
s 708
f 2124/487/1227 2123/501/1228 2122/500/1229
s 709
f 2127/500/1230 2126/484/1231 2125/487/1227
s 710
f 2130/489/1232 2129/492/1179 2128/491/1182
s 711
f 2133/489/1176 2132/491/1178 2131/490/1177
s 712
f 2136/489/1200 2135/488/1233 2134/490/1203
s 713
f 2139/509/1234 2138/488/1235 2137/499/1236
s 714
f 2142/486/1206 2141/499/1237 2140/509/1238
s 715
f 2145/509/1238 2144/485/1207 2143/486/1206
s 716
f 2148/505/1239 2147/504/1240 2146/501/1241
s 717
f 2151/501/1241 2150/500/1208 2149/505/1242
s 718
f 2154/486/1243 2153/485/1244 2152/509/1234
s 719
f 2157/509/1234 2156/499/1236 2155/486/1243
s 720
f 2160/488/1201 2159/509/1238 2158/499/1237
s 721
f 2163/488/1235 2162/490/1177 2161/499/1236
s 722
f 2166/496/1245 2165/498/1246 2164/497/1247
s 723
f 2169/497/1189 2168/495/1248 2167/496/1245
s 724
f 2172/492/1179 2171/510/1249 2170/493/1180
s 725
f 2175/493/1186 2174/511/1250 2173/495/1187
s 726
f 2178/512/1251 2177/497/1189 2176/495/1252
s 727
f 2181/495/1187 2180/511/1253 2179/512/1251
s 728
f 2184/495/1194 2183/511/1254 2182/493/1195
s 729
f 2187/510/1255 2186/513/1256 2185/489/1200
s 730
f 2190/489/1200 2189/492/1199 2188/510/1257
s 731
f 2193/512/1258 2192/511/1259 2191/495/1260
s 732
f 2196/495/1260 2195/497/1189 2194/512/1251
s 733
f 2199/493/1195 2198/510/1257 2197/492/1199
s 734
f 2202/510/1249 2201/492/1179 2200/489/1232
s 735
f 2205/489/1232 2204/513/1261 2203/510/1249
s 736
f 2208/489/1262 2207/490/1203 2206/491/1196
s 737
f 2211/511/1253 2210/510/1263 2209/514/1264
s 738
f 2214/511/1265 2213/514/1266 2212/515/1267
s 739
f 2217/515/1268 2216/512/1269 2215/511/1270
s 740
f 2220/515/1271 2219/514/1272 2218/511/1259
s 741
f 2223/511/1273 2222/512/1274 2221/515/1267
s 742
f 2226/493/1275 2225/511/1254 2224/510/1276
s 743
f 2229/510/1276 2228/511/1273 2227/514/1277
s 744
f 2232/493/1278 2231/510/1263 2230/511/1250
s 745
f 2235/506/1279 2234/503/1280 2233/502/1211
s 746
f 2238/502/1211 2237/516/1281 2236/506/1282
s 747
f 2241/506/1282 2240/508/1218 2239/507/1283
s 748
f 2244/507/1283 2243/503/1280 2242/506/1284
s 749
f 2247/506/1285 2246/516/1286 2245/502/1287
s 750
f 2250/502/1287 2249/503/1216 2248/506/1285
s 751
f 2253/517/1288 2252/518/1288 2251/519/1289
s 752
f 2256/519/1290 2255/520/1291 2254/517/1288
s 753
f 2259/521/1292 2258/522/1293 2257/523/1294
s 754
f 2262/523/1294 2261/524/1294 2260/521/1295
s 755
f 2265/525/1296 2264/526/1297 2263/522/1293
s 756
f 2268/522/1293 2267/521/1292 2266/525/1298
s 757
f 2271/527/1299 2270/528/1300 2269/529/1301
s 758
f 2274/529/1302 2273/530/1303 2272/527/1304
s 759
f 2277/531/1305 2276/532/1306 2275/533/1307
s 760
f 2280/534/1308 2279/532/1306 2278/535/1309
s 761
f 2283/535/1309 2282/536/1310 2281/534/1308
s 762
f 2286/537/1311 2285/536/1310 2284/535/1309
s 763
f 2289/535/1309 2288/538/1312 2287/537/1311
s 764
f 2292/539/1288 2291/540/1288 2290/518/1288
s 765
f 2295/518/1288 2294/517/1288 2293/539/1288
s 766
f 2298/523/1294 2297/541/1313 2296/542/1313
s 767
f 2301/542/1313 2300/524/1294 2299/523/1294
s 768
f 2304/543/1288 2303/544/1288 2302/545/1288
s 769
f 2307/545/1288 2306/546/1288 2305/543/1288
s 770
f 2310/547/1313 2309/548/1313 2308/549/1313
s 771
f 2313/549/1313 2312/550/1313 2311/547/1313
s 772
f 2316/551/1314 2315/527/1299 2314/530/1315
s 773
f 2319/530/1315 2318/552/1316 2317/551/1314
s 774
f 2322/532/1306 2321/534/1317 2320/533/1307
s 775
f 2325/531/1318 2324/533/1319 2323/526/1297
s 776
f 2328/526/1297 2327/525/1320 2326/531/1318
s 777
f 2331/548/1313 2330/542/1313 2329/541/1313
s 778
f 2334/541/1313 2333/549/1313 2332/548/1313
s 779
f 2337/538/1312 2336/553/1321 2335/537/1311
s 780
f 2340/529/1322 2339/528/1323 2338/554/1324
s 781
f 2343/554/1324 2342/555/1325 2341/529/1322
s 782
f 2346/554/1288 2345/556/1288 2344/557/1288
s 783
f 2349/557/1288 2348/555/1288 2347/554/1288
s 784
f 2352/558/1288 2351/559/1288 2350/560/1288
s 785
f 2355/560/1288 2354/557/1288 2353/556/1288
s 786
f 2358/556/1288 2357/558/1288 2356/560/1288
s 787
f 2361/561/1313 2360/547/1313 2359/550/1313
s 788
f 2364/562/1288 2363/563/1288 2362/564/1288
s 789
f 2367/564/1288 2366/565/1288 2365/562/1288
s 790
f 2370/540/1288 2369/564/1288 2368/563/1288
s 791
f 2373/519/1326 2372/551/1314 2371/552/1316
s 792
f 2376/552/1316 2375/520/1327 2374/519/1326
s 793
f 2379/566/1328 2378/567/1329 2377/568/1330
s 794
f 2382/568/1331 2381/569/1332 2380/566/1333
s 795
f 2385/570/1334 2384/566/1333 2383/569/1335
s 796
f 2388/569/1335 2387/571/1336 2386/570/1337
s 797
f 2391/570/1338 2390/571/1339 2389/572/1340
s 798
f 2394/572/1341 2393/573/1342 2392/570/1343
s 799
f 2397/573/1344 2396/572/1340 2395/574/1345
s 800
f 2400/574/1346 2399/575/1347 2398/573/1348
s 801
f 2403/576/1349 2402/577/1350 2401/578/1351
s 802
f 2406/579/1352 2405/580/1352 2404/576/1353
s 803
f 2409/576/1354 2408/578/1355 2407/579/1356
s 804
f 2412/540/1288 2411/539/1288 2410/543/1288
s 805
f 2415/543/1288 2414/564/1288 2413/540/1288
s 806
f 2418/539/1288 2417/544/1288 2416/543/1288
