# Blender 5.0.1
# www.blender.org
mtllib puerta_torii_narukami.mtl
g NarukamiShrine_mesh.087_Malla
v -0.542517 6.816478 -4.412956
v 0.164354 6.816478 -4.425532
v -0.302400 7.067850 -4.347117
v -0.073270 7.067850 -4.351197
v -0.291838 4.856266 -3.375507
v -0.293816 5.264745 -3.486675
v -0.284357 4.856266 -2.955006
v -0.284357 5.264745 -2.955006
v -0.231129 4.856266 0.036800
v -0.231129 5.264745 0.036800
v -0.051923 5.264745 -3.490979
v -0.049946 4.856266 -3.379808
v -0.042465 5.264745 -2.959311
v -0.042465 4.856266 -2.959311
v 0.010763 5.264745 0.032495
v 0.010763 4.856266 0.032495
v -0.231129 4.856266 0.036800
v -0.231129 5.264745 0.036800
v -0.177945 4.858683 3.026197
v -0.177945 5.269578 3.026197
v 0.010763 5.264745 0.032495
v 0.010763 4.856266 0.032495
v 0.063947 5.269578 3.021892
v 0.063947 4.858683 3.021892
v 0.071513 4.858683 3.447226
v 0.073750 5.269578 3.572887
v 0.063947 4.858683 3.021892
v 0.063947 5.269578 3.021892
v -0.168143 5.269578 3.577195
v -0.170379 4.858683 3.451526
v -0.177945 5.269578 3.026197
v -0.177945 4.858683 3.026197
v -0.049946 4.856266 -3.379808
v -0.051923 5.264745 -3.490979
v -0.291838 4.856266 -3.375507
v -0.293816 5.264745 -3.486675
v -0.170379 4.858683 3.451526
v -0.168143 5.269578 3.577195
v 0.071513 4.858683 3.447226
v 0.073750 5.269578 3.572887
v -0.284357 4.856266 -2.955006
v -0.231129 4.856266 0.036800
v -0.042465 4.856266 -2.959311
v 0.010763 4.856266 0.032495
v -0.291838 4.856266 -3.375507
v -0.049946 4.856266 -3.379808
v -0.231129 4.856266 0.036800
v -0.177945 4.858683 3.026197
v 0.010763 4.856266 0.032495
v 0.063947 4.858683 3.021892
v 0.063947 4.858683 3.021892
v -0.177945 4.858683 3.026197
v 0.071513 4.858683 3.447226
v -0.170379 4.858683 3.451526
v 0.113017 6.463593 -4.364182
v 0.111683 6.821312 -4.439094
v -0.489031 6.463593 -4.353471
v -0.490365 6.821312 -4.428382
v -0.489031 6.463593 -4.353471
v -0.490365 6.821312 -4.428382
v -0.480389 6.439422 -3.867726
v -0.480389 6.797143 -3.867726
v -0.434063 6.386247 -1.263782
v -0.434063 6.743968 -1.263782
v 0.121659 6.797143 -3.878437
v -0.480389 6.797143 -3.867726
v 0.111683 6.821312 -4.439094
v -0.490365 6.821312 -4.428382
v 0.111683 6.821312 -4.439094
v 0.113017 6.463593 -4.364182
v 0.121659 6.797143 -3.878437
v 0.121659 6.439422 -3.878437
v 0.167984 6.743968 -1.274493
v 0.167984 6.386247 -1.274493
v 0.167984 6.386247 -1.274493
v 0.121659 6.439422 -3.878437
v -0.434063 6.386247 -1.263782
v -0.480389 6.439422 -3.867726
v 0.113017 6.463593 -4.364182
v -0.489031 6.463593 -4.353471
v -0.434063 6.386247 -1.263782
v -0.434063 6.743968 -1.263782
v -0.387714 6.386247 1.341362
v -0.387714 6.743968 1.341362
v 0.167984 6.743968 -1.274493
v 0.167984 6.386247 -1.274493
v 0.214333 6.743968 1.330654
v 0.214333 6.386247 1.330654
v 0.214333 6.386247 1.330654
v 0.167984 6.386247 -1.274493
v -0.387714 6.386247 1.341362
v -0.434063 6.386247 -1.263782
v -0.387714 6.386247 1.341362
v -0.387714 6.743968 1.341362
v -0.341345 6.439422 3.947718
v -0.341345 6.797143 3.947718
v 0.214333 6.743968 1.330654
v 0.214333 6.386247 1.330654
v 0.260702 6.797143 3.937011
v 0.260702 6.439422 3.937011
v 0.260702 6.439422 3.937011
v 0.214333 6.386247 1.330654
v -0.341345 6.439422 3.947718
v -0.387714 6.386247 1.341362
v 0.270677 6.821312 4.497674
v 0.269344 6.463593 4.422759
v -0.331371 6.821312 4.508386
v -0.332705 6.463593 4.433469
v 0.269344 6.463593 4.422759
v 0.270677 6.821312 4.497674
v 0.260702 6.439422 3.937011
v 0.260702 6.797143 3.937011
v 0.260702 6.797143 3.937011
v 0.270677 6.821312 4.497674
v -0.341345 6.797143 3.947718
v -0.331371 6.821312 4.508386
v -0.331371 6.821312 4.508386
v -0.332705 6.463593 4.433469
v -0.341345 6.797143 3.947718
v -0.341345 6.439422 3.947718
v 0.269344 6.463593 4.422759
v 0.260702 6.439422 3.937011
v -0.332705 6.463593 4.433469
v -0.341345 6.439422 3.947718
v -0.388083 5.332422 -3.511590
v -0.173087 5.361425 -3.515412
v -0.378153 5.332422 -2.953339
v -0.163156 5.361425 -2.957161
v -0.324926 5.332422 0.038470
v -0.109928 5.361425 0.034645
v 0.041021 5.332422 -3.519218
v 0.050954 5.332422 -2.960978
v 0.104180 5.332422 0.030839
v -0.324926 5.332422 0.038470
v -0.109928 5.361425 0.034645
v -0.271742 5.332422 3.027863
v -0.056743 5.361425 3.024042
v 0.104180 5.332422 0.030839
v 0.157365 5.332422 3.020232
v 0.167298 5.332422 3.578472
v -0.046814 5.361425 3.582289
v 0.157365 5.332422 3.020232
v -0.056743 5.361425 3.024042
v -0.261810 5.332422 3.586111
v -0.271742 5.332422 3.027863
v -0.378153 5.259910 -2.953339
v -0.378153 5.332422 -2.953339
v -0.324926 5.259910 0.038470
v -0.324926 5.332422 0.038470
v -0.388083 5.259910 -3.511590
v -0.388083 5.332422 -3.511590
v -0.324926 5.259910 0.038470
v -0.324926 5.332422 0.038470
v -0.271742 5.259910 3.027863
v -0.271742 5.332422 3.027863
v -0.271742 5.259910 3.027863
v -0.271742 5.332422 3.027863
v -0.261767 5.259910 3.588527
v -0.261810 5.332422 3.586111
v 0.041021 5.259910 -3.519218
v -0.388083 5.259910 -3.511590
v 0.050954 5.259910 -2.960978
v -0.378153 5.259910 -2.953339
v 0.104180 5.264745 0.030839
v -0.324926 5.259910 0.038470
v 0.104180 5.264745 0.030839
v -0.324926 5.259910 0.038470
v 0.157365 5.264745 3.020232
v -0.271742 5.259910 3.027863
v -0.261767 5.259910 3.588527
v 0.167298 5.264745 3.578472
v -0.271742 5.259910 3.027863
v 0.157365 5.264745 3.020232
v 0.050954 5.332422 -2.960978
v 0.050954 5.259910 -2.960978
v 0.104180 5.332422 0.030839
v 0.104180 5.264745 0.030839
v 0.041021 5.332422 -3.519218
v 0.041021 5.259910 -3.519218
v 0.041021 5.259910 -3.519218
v -0.173087 5.361425 -3.515412
v -0.388083 5.259910 -3.511590
v -0.388083 5.332422 -3.511590
v 0.041021 5.332422 -3.519218
v 0.104180 5.332422 0.030839
v 0.104180 5.264745 0.030839
v 0.157365 5.332422 3.020232
v 0.157365 5.264745 3.020232
v -0.261810 5.332422 3.586111
v -0.046814 5.361425 3.582289
v -0.261767 5.259910 3.588527
v 0.167298 5.264745 3.578472
v 0.167298 5.332422 3.578472
v 0.157365 5.332422 3.020232
v 0.157365 5.264745 3.020232
v 0.167298 5.332422 3.578472
v 0.167298 5.264745 3.578472
v 0.179725 6.120373 3.894940
v -0.261917 6.120373 3.902796
v 0.181445 6.463593 3.991606
v -0.260197 6.463593 3.999462
v -0.268582 6.463593 3.528215
v -0.260197 6.463593 3.999462
v -0.268582 6.115540 3.528215
v -0.261917 6.120373 3.902796
v -0.309952 6.086535 1.202791
v -0.309952 6.434587 1.202791
v 0.173061 6.115540 3.520359
v 0.179725 6.120373 3.894940
v 0.173061 6.463593 3.520359
v 0.181445 6.463593 3.991606
v 0.131691 6.086535 1.194932
v 0.131691 6.434587 1.194932
v 0.131691 6.086535 1.194932
v -0.309952 6.086535 1.202791
v 0.173061 6.115540 3.520359
v -0.268582 6.115540 3.528215
v -0.261917 6.120373 3.902796
v 0.179725 6.120373 3.894940
v -0.351335 6.434587 -1.123234
v -0.309952 6.434587 1.202791
v -0.351335 6.086535 -1.123234
v -0.309952 6.086535 1.202791
v 0.090308 6.086535 -1.131086
v 0.131691 6.086535 1.194932
v 0.090308 6.434587 -1.131086
v 0.131691 6.434587 1.194932
v 0.090308 6.086535 -1.131086
v -0.351335 6.086535 -1.123234
v 0.131691 6.086535 1.194932
v -0.309952 6.086535 1.202791
v -0.392748 6.463593 -3.451070
v -0.351335 6.434587 -1.123234
v -0.392748 6.115540 -3.451070
v -0.351335 6.086535 -1.123234
v 0.048892 6.115540 -3.458922
v 0.090308 6.086535 -1.131086
v 0.048892 6.463593 -3.458922
v 0.090308 6.434587 -1.131086
v 0.048892 6.115540 -3.458922
v -0.392748 6.115540 -3.451070
v 0.090308 6.086535 -1.131086
v -0.351335 6.086535 -1.123234
v 0.040509 6.463593 -3.930173
v -0.401134 6.463593 -3.922313
v 0.042230 6.120373 -3.833507
v -0.399413 6.120373 -3.825644
v 0.048892 6.463593 -3.458922
v 0.040509 6.463593 -3.930173
v 0.048892 6.115540 -3.458922
v 0.042230 6.120373 -3.833507
v -0.392748 6.115540 -3.451070
v -0.399413 6.120373 -3.825644
v -0.392748 6.463593 -3.451070
v -0.401134 6.463593 -3.922313
v 0.042230 6.120373 -3.833507
v -0.399413 6.120373 -3.825644
v 0.048892 6.115540 -3.458922
v -0.392748 6.115540 -3.451070
v -0.233460 7.053348 3.633956
v -0.233460 7.275714 3.633956
v -0.214758 7.154863 4.685200
v -0.211921 7.469076 4.844700
v -0.233460 7.053348 3.633956
v -0.255237 6.990504 2.409924
v -0.233460 7.275714 3.633956
v -0.255237 7.212873 2.409924
v -0.297437 6.990504 0.037986
v -0.297439 7.212873 0.037986
v 0.141573 7.053348 3.627288
v 0.160276 7.154863 4.678524
v 0.141572 7.275714 3.627288
v 0.163112 7.469076 4.838028
v 0.141572 7.275714 3.627288
v 0.119798 7.212873 2.403249
v 0.141573 7.053348 3.627288
v 0.119798 6.990504 2.403249
v 0.077597 7.212873 0.031311
v 0.077597 6.990504 0.031311
v -0.255237 7.212873 2.409924
v -0.297439 7.212873 0.037986
v 0.119798 7.212873 2.403249
v 0.077597 7.212873 0.031311
v 0.141572 7.275714 3.627288
v -0.233460 7.275714 3.633956
v -0.211921 7.469076 4.844700
v -0.233460 7.275714 3.633956
v 0.163112 7.469076 4.838028
v 0.141572 7.275714 3.627288
v -0.214758 7.154863 4.685200
v -0.211921 7.469076 4.844700
v 0.160276 7.154863 4.678524
v 0.163112 7.469076 4.838028
v -0.233460 7.053348 3.633956
v -0.214758 7.154863 4.685200
v 0.141573 7.053348 3.627288
v 0.160276 7.154863 4.678524
v -0.255237 6.990504 2.409924
v -0.233460 7.053348 3.633956
v 0.119798 6.990504 2.403249
v 0.141573 7.053348 3.627288
v 0.077597 6.990504 0.031311
v -0.297437 6.990504 0.037986
v -0.005082 7.154863 -4.615903
v -0.007917 7.469076 -4.775411
v -0.380115 7.154863 -4.609236
v -0.382952 7.469076 -4.768735
v -0.382952 7.469076 -4.768735
v -0.361414 7.275714 -3.557987
v -0.380115 7.154863 -4.609236
v -0.361414 7.053348 -3.557987
v -0.007917 7.469076 -4.775411
v 0.013622 7.275714 -3.564662
v -0.382952 7.469076 -4.768735
v -0.361414 7.275714 -3.557987
v -0.339635 7.212873 -2.333959
v -0.339635 6.990504 -2.333959
v -0.361414 7.275714 -3.557987
v -0.361414 7.053348 -3.557987
v -0.297437 6.990504 0.037986
v -0.297439 7.212873 0.037986
v 0.035396 7.212873 -2.340631
v 0.077597 7.212873 0.031311
v -0.339635 7.212873 -2.333959
v -0.297439 7.212873 0.037986
v -0.361414 7.275714 -3.557987
v 0.013622 7.275714 -3.564662
v -0.007917 7.469076 -4.775411
v -0.005082 7.154863 -4.615903
v 0.013622 7.275714 -3.564662
v 0.013622 7.053348 -3.564662
v 0.013622 7.053348 -3.564662
v -0.005082 7.154863 -4.615903
v -0.361414 7.053348 -3.557987
v -0.380115 7.154863 -4.609236
v 0.035398 6.990504 -2.340631
v 0.035396 7.212873 -2.340631
v 0.013622 7.053348 -3.564662
v 0.013622 7.275714 -3.564662
v 0.077597 7.212873 0.031311
v 0.077597 6.990504 0.031311
v 0.035398 6.990504 -2.340631
v -0.339635 6.990504 -2.333959
v 0.077597 6.990504 0.031311
v -0.297437 6.990504 0.037986
v 0.013622 7.053348 -3.564662
v -0.361414 7.053348 -3.557987
v -0.109872 7.005006 0.034642
v -0.067674 7.005006 2.406587
v -0.672320 6.598947 0.044653
v -0.630118 6.627949 2.416587
v -0.045897 7.106523 3.630619
v -0.608344 6.676291 3.640626
v -0.563361 6.536102 2.415406
v -0.630118 6.627949 2.416587
v -0.541584 6.584443 3.639437
v -0.608344 6.676291 3.640626
v -0.605558 6.507098 0.043460
v -0.672320 6.598947 0.044653
v -0.045897 7.106523 3.630619
v -0.030763 7.174199 4.481279
v -0.608344 6.676291 3.640626
v -0.589297 6.768137 4.711201
v -0.608344 6.676291 3.640626
v -0.589297 6.768137 4.711201
v -0.541584 6.584443 3.639437
v -0.522536 6.676291 4.710011
v 0.036140 7.077518 4.480088
v -0.522536 6.676291 4.710011
v -0.030763 7.174199 4.481279
v -0.589297 6.768137 4.711201
v -0.563361 6.536102 2.415406
v -0.000771 6.913159 2.405392
v -0.605558 6.507098 0.043460
v -0.042971 6.913159 0.033458
v -0.541584 6.584443 3.639437
v 0.021004 7.009840 3.629431
v -0.522536 6.676291 4.710011
v 0.036140 7.077518 4.480088
v -0.541584 6.584443 3.639437
v 0.021004 7.009840 3.629431
v -0.714518 6.627949 -2.327289
v -0.152072 7.005006 -2.337296
v -0.672320 6.598947 0.044653
v -0.109872 7.005006 0.034642
v -0.173850 7.106523 -3.561324
v -0.736294 6.676291 -3.551328
v -0.736294 6.676291 -3.551328
v -0.714518 6.627949 -2.327289
v -0.669534 6.584443 -3.552509
v -0.647758 6.536102 -2.328478
v -0.605558 6.507098 0.043460
v -0.672320 6.598947 0.044653
v -0.755340 6.768137 -4.621898
v -0.188983 7.174199 -4.411988
v -0.736294 6.676291 -3.551328
v -0.173850 7.106523 -3.561324
v -0.688584 6.676291 -4.623081
v -0.755340 6.768137 -4.621898
v -0.669534 6.584443 -3.552509
v -0.736294 6.676291 -3.551328
v -0.755340 6.768137 -4.621898
v -0.688584 6.676291 -4.623081
v -0.188983 7.174199 -4.411988
v -0.122081 7.077518 -4.413181
v -0.042971 6.913159 0.033458
v -0.085168 6.913159 -2.338487
v -0.605558 6.507098 0.043460
v -0.647758 6.536102 -2.328478
v -0.669534 6.584443 -3.552509
v -0.106945 7.009840 -3.562523
v -0.106945 7.009840 -3.562523
v -0.122081 7.077518 -4.413181
v -0.669534 6.584443 -3.552509
v -0.688584 6.676291 -4.623081
v 0.494831 6.627949 2.396578
v -0.067674 7.005006 2.406587
v 0.452632 6.598947 0.024636
v -0.045897 7.106523 3.630619
v 0.516607 6.676291 3.620613
v 0.516607 6.676291 3.620613
v 0.494831 6.627949 2.396578
v 0.449849 6.584443 3.621795
v 0.428071 6.536102 2.397767
v 0.385870 6.507098 0.025829
v 0.452632 6.598947 0.024636
v 0.535653 6.768137 4.691187
v 0.516607 6.676291 3.620613
v 0.468895 6.676291 4.692373
v 0.535653 6.768137 4.691187
v 0.449849 6.584443 3.621795
v 0.516607 6.676291 3.620613
v 0.535653 6.768137 4.691187
v 0.468895 6.676291 4.692373
v -0.097683 7.077518 4.482471
v -0.176793 6.913159 0.035833
v -0.134592 6.913159 2.407772
v 0.385870 6.507098 0.025829
v 0.428071 6.536102 2.397767
v 0.449849 6.584443 3.621795
v -0.112818 7.009840 3.631810
v -0.112818 7.009840 3.631810
v -0.097683 7.077518 4.482471
v 0.449849 6.584443 3.621795
v 0.468895 6.676291 4.692373
v 0.410433 6.627949 -2.347306
v 0.388656 6.676291 -3.571337
v 0.343674 6.536102 -2.346120
v 0.410433 6.627949 -2.347306
v 0.321895 6.584443 -3.570144
v 0.388656 6.676291 -3.571337
v 0.388656 6.676291 -3.571337
v 0.369608 6.768137 -4.641909
v 0.388656 6.676291 -3.571337
v 0.369608 6.768137 -4.641909
v 0.321895 6.584443 -3.570144
v 0.302849 6.676291 -4.640727
v -0.255900 7.077518 -4.410804
v 0.302849 6.676291 -4.640727
v 0.369608 6.768137 -4.641909
v 0.343674 6.536102 -2.346120
v -0.218991 6.913159 -2.336104
v 0.321895 6.584443 -3.570144
v -0.240769 7.009840 -3.560140
v 0.302849 6.676291 -4.640727
v -0.255900 7.077518 -4.410804
v 0.321895 6.584443 -3.570144
v -0.240769 7.009840 -3.560140
v 0.469391 0.301068 2.427244
v 0.392360 0.353638 2.428616
v 0.392723 0.301068 2.160277
v 0.326629 0.353638 2.198924
v 0.192866 0.301068 1.966813
v 0.155533 0.353638 2.033956
v -0.076699 0.301068 1.899086
v -0.075324 0.353638 1.976421
v 0.334818 0.353638 2.659296
v 0.402268 0.301068 2.696775
v 0.169677 0.353638 2.829038
v 0.209397 0.301068 2.896016
v -0.058966 0.353638 2.895958
v -0.057589 0.301068 2.973286
v 0.392360 0.353638 2.428616
v 0.392360 0.418898 2.428616
v 0.326629 0.353638 2.198924
v 0.326629 0.418898 2.198924
v 0.155533 0.353638 2.033956
v 0.155533 0.418898 2.033956
v -0.075324 0.353638 1.976421
v -0.075324 0.418898 1.976421
v 0.334818 0.418898 2.659296
v 0.334818 0.353638 2.659296
v 0.169677 0.418898 2.829038
v 0.169677 0.353638 2.829038
v -0.058966 0.418898 2.895958
v -0.058966 0.353638 2.895958
v 0.469391 -0.051744 2.427244
v 0.469391 0.301068 2.427244
v 0.392723 -0.051744 2.160277
v 0.392723 0.301068 2.160277
v 0.192866 -0.051744 1.966813
v 0.192866 0.301068 1.966813
v -0.076699 -0.051744 1.899086
v -0.076699 0.301068 1.899086
v 0.402268 0.301068 2.696775
v 0.402268 -0.051744 2.696775
v 0.209397 0.301068 2.896016
v 0.209397 -0.051744 2.896016
v -0.057589 0.301068 2.973286
v -0.057589 -0.051744 2.973286
v -0.073626 0.418898 2.071877
v -0.075324 0.418898 1.976421
v 0.109439 0.418898 2.118177
v 0.155533 0.418898 2.033956
v 0.245021 0.418898 2.248721
v 0.326629 0.418898 2.198924
v 0.297203 0.418898 2.430312
v 0.392360 0.418898 2.428616
v 0.251490 0.418898 2.612431
v 0.334818 0.418898 2.659296
v 0.120638 0.418898 2.747713
v 0.169677 0.418898 2.829038
v -0.060641 0.418898 2.801705
v -0.058966 0.418898 2.895958
v -0.603904 0.301067 2.446341
v -0.526573 0.353638 2.444967
v -0.527236 0.301067 2.713311
v -0.460864 0.353638 2.673456
v -0.327250 0.301068 2.905564
v -0.289787 0.353638 2.837207
v -0.057589 0.301068 2.973286
v -0.058966 0.353638 2.895958
v -0.469054 0.353638 2.213080
v -0.536781 0.301067 2.176813
v -0.303933 0.353638 2.042132
v -0.343781 0.301068 1.976362
v -0.075324 0.353638 1.976421
v -0.076699 0.301068 1.899086
v -0.526573 0.353638 2.444967
v -0.526573 0.418898 2.444967
v -0.460864 0.353638 2.673456
v -0.460864 0.418898 2.673456
v -0.289787 0.353638 2.837207
v -0.289787 0.418898 2.837207
v -0.058966 0.353638 2.895958
v -0.058966 0.418898 2.895958
v -0.469054 0.418898 2.213080
v -0.469054 0.353638 2.213080
v -0.303933 0.418898 2.042132
v -0.303933 0.353638 2.042132
v -0.075324 0.418898 1.976421
v -0.075324 0.353638 1.976421
v -0.603904 -0.051744 2.446341
v -0.603904 0.301067 2.446341
v -0.527236 -0.051744 2.713311
v -0.527236 0.301067 2.713311
v -0.327250 -0.051744 2.905564
v -0.327250 0.301068 2.905564
v -0.057589 -0.051744 2.973286
v -0.057589 0.301068 2.973286
v -0.536781 0.301067 2.176813
v -0.536781 -0.051744 2.176813
v -0.343781 0.301068 1.976362
v -0.343781 -0.051744 1.976362
v -0.076699 0.301068 1.899086
v -0.076699 -0.051744 1.899086
v -0.060641 0.418898 2.801705
v -0.058966 0.418898 2.895958
v -0.243673 0.418898 2.754196
v -0.289787 0.418898 2.837207
v -0.379253 0.418898 2.623648
v -0.460864 0.418898 2.673456
v -0.431416 0.418898 2.443278
v -0.526573 0.418898 2.444967
v -0.385725 0.418898 2.259945
v -0.469054 0.418898 2.213080
v -0.254873 0.418898 2.124663
v -0.303933 0.418898 2.042132
v -0.073626 0.418898 2.071877
v -0.075324 0.418898 1.976421
v -0.247016 0.413157 2.761508
v -0.243068 0.743082 2.754185
v -0.060557 0.413157 2.806537
v -0.060686 0.743082 2.799293
v -0.378348 0.743082 2.623635
v -0.385210 0.413157 2.628591
v -0.438363 0.413157 2.443398
v -0.430207 0.743082 2.443253
v -0.384819 0.743082 2.259929
v -0.391831 0.413157 2.256427
v -0.254267 0.743082 2.124649
v -0.258453 0.413157 2.118680
v -0.073605 0.743082 2.073087
v -0.073756 0.413157 2.064628
v -0.220537 0.772691 2.712689
v -0.061502 0.772691 2.753372
v -0.338450 0.772691 2.598747
v -0.383688 0.772691 2.442427
v -0.344061 0.772691 2.283378
v -0.230277 0.772691 2.165316
v -0.072768 0.772691 2.120213
v 0.112654 0.413157 2.112076
v 0.108834 0.743082 2.118191
v -0.073756 0.413157 2.064628
v -0.073605 0.743082 2.073087
v 0.244115 0.743082 2.248741
v 0.250999 0.413157 2.244988
v 0.303850 0.413157 2.430191
v 0.295995 0.743082 2.430333
v 0.250585 0.743082 2.612444
v 0.257619 0.413157 2.617157
v 0.120034 0.743082 2.747728
v 0.124089 0.413157 2.754910
v -0.060686 0.743082 2.799293
v -0.060557 0.413157 2.806537
v 0.086303 0.772691 2.159684
v -0.072768 0.772691 2.120213
v 0.204217 0.772691 2.273622
v 0.249474 0.772691 2.431160
v 0.209827 0.772691 2.588999
v 0.096042 0.772691 2.707061
v -0.061502 0.772691 2.753372
v 0.250683 0.921943 2.431138
v 0.205101 0.921943 2.272399
v 0.288746 0.895355 2.430459
v 0.238138 0.895355 2.252471
v 0.244458 0.895355 2.607718
v 0.210775 0.921943 2.591399
v 0.116280 0.895355 2.740540
v 0.096690 0.921943 2.709462
v -0.060815 0.895355 2.792040
v -0.061502 0.921943 2.753372
v 0.086888 0.921943 2.158464
v 0.105316 0.895355 2.124294
v -0.072788 0.921943 2.119003
v -0.073475 0.895355 2.080336
v 0.244458 0.895355 2.607718
v 0.288746 0.895355 2.430459
v 0.245709 0.809551 2.610113
v 0.290256 0.809551 2.430432
v 0.117078 0.809551 2.742944
v 0.116280 0.895355 2.740540
v -0.060772 0.809551 2.794460
v -0.060815 0.895355 2.792040
v 0.238138 0.895355 2.252471
v 0.239346 0.809551 2.252450
v 0.106049 0.809551 2.123072
v 0.105316 0.895355 2.124294
v -0.073475 0.895355 2.080336
v -0.073498 0.809551 2.079129
v 0.117078 0.809551 2.742944
v 0.096042 0.772691 2.707061
v -0.060772 0.809551 2.794460
v -0.061502 0.772691 2.753372
v 0.209827 0.772691 2.588999
v 0.245709 0.809551 2.610113
v 0.249474 0.772691 2.431160
v 0.290256 0.809551 2.430432
v 0.204217 0.772691 2.273622
v 0.239346 0.809551 2.252450
v 0.086303 0.772691 2.159684
v 0.106049 0.809551 2.123072
v -0.072768 0.772691 2.120213
v -0.073498 0.809551 2.079129
v -0.384895 0.921943 2.442445
v -0.339465 0.921943 2.601188
v -0.423259 0.895355 2.443125
v -0.372240 0.895355 2.618691
v -0.378561 0.895355 2.263444
v -0.345139 0.921943 2.282185
v -0.250686 0.895355 2.130628
v -0.230902 0.921943 2.164117
v -0.073475 0.895355 2.080336
v -0.072788 0.921943 2.119003
v -0.221099 0.921943 2.715115
v -0.239723 0.895355 2.746873
v -0.061502 0.921943 2.753372
v -0.060815 0.895355 2.792040
v -0.378561 0.895355 2.263444
v -0.423259 0.895355 2.443125
v -0.379920 0.809551 2.263466
v -0.424468 0.809551 2.443151
v -0.251312 0.809551 2.129432
v -0.250686 0.895355 2.130628
v -0.073498 0.809551 2.079129
v -0.073475 0.895355 2.080336
v -0.372240 0.895355 2.618691
v -0.373559 0.809551 2.621133
v -0.240283 0.809551 2.749300
v -0.239723 0.895355 2.746873
v -0.060815 0.895355 2.792040
v -0.060772 0.809551 2.794460
v -0.251312 0.809551 2.129432
v -0.230277 0.772691 2.165316
v -0.073498 0.809551 2.079129
v -0.072768 0.772691 2.120213
v -0.344061 0.772691 2.283378
v -0.379920 0.809551 2.263466
v -0.383688 0.772691 2.442427
v -0.424468 0.809551 2.443151
v -0.338450 0.772691 2.598747
v -0.373559 0.809551 2.621133
v -0.220537 0.772691 2.712689
v -0.240283 0.809551 2.749300
v -0.061502 0.772691 2.753372
v -0.060772 0.809551 2.794460
v -0.137711 5.491945 2.650778
v -0.129282 5.540286 3.124441
v -0.137280 5.240573 2.674948
v -0.128509 5.288915 3.151022
v 0.011796 5.240573 2.672296
v 0.020720 5.288915 3.148365
v 0.011365 5.491945 2.648129
v 0.019793 5.540286 3.121793
v -0.129282 5.540286 3.124441
v 0.019793 5.540286 3.121793
v -0.128509 5.288915 3.151022
v 0.020720 5.288915 3.148365
v -0.171075 5.588626 1.752099
v -0.079078 5.612797 1.754082
v -0.162831 5.501614 2.228181
v -0.070745 5.525784 2.230166
v 0.012742 5.588626 1.748826
v 0.021212 5.501614 2.224905
v -0.171075 5.588626 1.752099
v -0.162831 5.501614 2.228181
v -0.171343 5.535451 1.741222
v -0.162723 5.443604 2.217300
v 0.012624 5.535451 1.737945
v -0.171343 5.535451 1.741222
v 0.021320 5.443604 2.214029
v -0.162723 5.443604 2.217300
v 0.012624 5.535451 1.737945
v -0.079078 5.612797 1.754082
v -0.171343 5.535451 1.741222
v -0.171075 5.588626 1.752099
v 0.012742 5.588626 1.748826
v 0.012624 5.535451 1.737945
v 0.021320 5.443604 2.214029
v 0.012742 5.588626 1.748826
v 0.021212 5.501614 2.224905
v -0.063414 5.525784 2.642208
v -0.054809 5.612797 3.118284
v -0.155350 5.501614 2.648675
v -0.146654 5.588626 3.124751
v 0.037164 5.588626 3.121479
v 0.028694 5.501614 2.645399
v -0.154875 5.443604 2.658339
v -0.155350 5.501614 2.648675
v -0.146555 5.535451 3.134419
v -0.146654 5.588626 3.124751
v -0.154875 5.443604 2.658339
v -0.146555 5.535451 3.134419
v 0.029166 5.443604 2.655066
v 0.037410 5.535451 3.131149
v -0.054809 5.612797 3.118284
v 0.037410 5.535451 3.131149
v -0.146555 5.535451 3.134419
v -0.146654 5.588626 3.124751
v 0.037164 5.588626 3.121479
v 0.028694 5.501614 2.645399
v 0.029166 5.443604 2.655066
v 0.037164 5.588626 3.121479
v 0.037410 5.535451 3.131149
v -0.153876 5.288915 1.725196
v -0.153749 5.540286 1.749372
v -0.145730 5.240573 2.200075
v -0.145300 5.491945 2.224241
v -0.004672 5.540286 1.746720
v -0.004648 5.288915 1.722543
v 0.003777 5.491945 2.221589
v 0.003348 5.240573 2.197423
v -0.004648 5.288915 1.722543
v -0.004672 5.540286 1.746720
v -0.153876 5.288915 1.725196
v -0.153749 5.540286 1.749372
v -0.262253 5.806159 2.788370
v -0.258001 6.072032 2.781042
v -0.059998 5.806159 2.837960
v -0.060128 6.072032 2.830707
v -0.404675 6.072032 2.638608
v -0.412139 5.806159 2.643576
v -0.469781 5.806159 2.443955
v -0.461022 6.072032 2.443803
v -0.411659 6.072032 2.245900
v -0.419298 5.806159 2.241201
v -0.270148 6.072032 2.098340
v -0.274657 5.806159 2.091171
v -0.074143 6.072032 2.042878
v -0.074317 5.806159 2.033212
v -0.258001 6.072032 2.781042
v -0.171187 6.110705 2.624786
v -0.060128 6.072032 2.830707
v -0.063315 6.110705 2.651876
v -0.251297 6.110705 2.546437
v -0.404675 6.072032 2.638608
v -0.281887 6.110705 2.440616
v -0.461022 6.072032 2.443803
v -0.255101 6.110705 2.332562
v -0.411659 6.072032 2.245900
v -0.177807 6.110705 2.252621
v -0.270148 6.072032 2.098340
v -0.070970 6.110705 2.221709
v -0.074143 6.072032 2.042878
v 0.127866 5.806159 2.084007
v 0.123615 6.072032 2.091336
v 0.270438 6.072032 2.233768
v 0.277904 5.806159 2.228801
v 0.335568 5.806159 2.429627
v 0.326806 6.072032 2.429786
v 0.277425 6.072032 2.626472
v 0.285063 5.806159 2.631171
v 0.135761 6.072032 2.774038
v 0.140271 5.806159 2.781207
v 0.123615 6.072032 2.091336
v 0.036897 6.110705 2.248803
v 0.116911 6.110705 2.325944
v 0.270438 6.072032 2.233768
v 0.147672 6.110705 2.432974
v 0.326806 6.072032 2.429786
v 0.120716 6.110705 2.539815
v 0.277425 6.072032 2.626472
v 0.043518 6.110705 2.620964
v 0.135761 6.072032 2.774038
v -0.059998 5.806159 2.837960
v -0.063008 5.806159 2.668791
v -0.262253 5.806159 2.788370
v -0.180219 5.806159 2.639451
v -0.412139 5.806159 2.643576
v -0.267135 5.806159 2.556386
v -0.469781 5.806159 2.443955
v -0.300465 5.806159 2.440940
v -0.419298 5.806159 2.241201
v -0.271284 5.806159 2.323177
v -0.274657 5.806159 2.091171
v -0.187397 5.806159 2.235867
v -0.074317 5.806159 2.033212
v -0.071306 5.806159 2.202377
v 0.127866 5.806159 2.084007
v 0.045884 5.806159 2.231717
v 0.277904 5.806159 2.228801
v 0.132901 5.806159 2.315987
v 0.335568 5.806159 2.429627
v 0.166250 5.806159 2.432639
v 0.285063 5.806159 2.631171
v 0.137049 5.806159 2.549199
v 0.140271 5.806159 2.781207
v 0.053065 5.806159 2.635301
v 0.249367 0.353638 -2.143791
v 0.306886 0.353638 -2.375678
v 0.316794 0.301068 -2.107522
v 0.383916 0.301068 -2.377049
v 0.123946 0.301068 -1.907075
v 0.084246 0.353638 -1.972843
v -0.143040 0.301068 -1.829801
v -0.144415 0.353638 -1.907136
v 0.241178 0.353638 -2.604166
v 0.307249 0.301068 -2.644020
v 0.070102 0.353638 -2.767925
v 0.107415 0.301068 -2.836274
v -0.160776 0.353638 -2.826666
v -0.162151 0.301068 -2.904001
v 0.249367 0.418898 -2.143791
v 0.306886 0.418898 -2.375678
v 0.249367 0.353638 -2.143791
v 0.306886 0.353638 -2.375678
v 0.084246 0.353638 -1.972843
v 0.084246 0.418898 -1.972843
v -0.144415 0.353638 -1.907136
v -0.144415 0.418898 -1.907136
v 0.241178 0.418898 -2.604166
v 0.241178 0.353638 -2.604166
v 0.070102 0.418898 -2.767925
v 0.070102 0.353638 -2.767925
v -0.160776 0.418898 -2.826666
v -0.160776 0.353638 -2.826666
v 0.316794 0.301068 -2.107522
v 0.383916 0.301068 -2.377049
v 0.316794 -0.051744 -2.107522
v 0.383916 -0.051744 -2.377049
v 0.123946 -0.051744 -1.907075
v 0.123946 0.301068 -1.907075
v -0.143039 -0.051744 -1.829801
v -0.143040 0.301068 -1.829801
v 0.307249 0.301068 -2.644020
v 0.307249 -0.051744 -2.644020
v 0.107415 0.301068 -2.836274
v 0.107415 -0.051744 -2.836274
v -0.162151 0.301068 -2.904001
v -0.162151 -0.051744 -2.904001
v 0.084246 0.418898 -1.972843
v -0.144415 0.418898 -1.907136
v 0.035187 0.418898 -2.055374
v -0.146112 0.418898 -2.002595
v 0.166041 0.418898 -2.190664
v 0.249367 0.418898 -2.143791
v 0.211732 0.418898 -2.373988
v 0.306886 0.418898 -2.375678
v 0.159569 0.418898 -2.554366
v 0.241178 0.418898 -2.604166
v 0.023986 0.418898 -2.684907
v 0.070102 0.418898 -2.767925
v -0.159099 0.418898 -2.732413
v -0.160776 0.418898 -2.826666
v -0.554507 0.353638 -2.590003
v -0.612044 0.353638 -2.359329
v -0.622253 0.301067 -2.627480
v -0.689377 0.301067 -2.357957
v -0.429234 0.301068 -2.826726
v -0.389363 0.353638 -2.759745
v -0.162151 0.301068 -2.904001
v -0.160776 0.353638 -2.826666
v -0.546314 0.353638 -2.129635
v -0.612711 0.301067 -2.090983
v -0.375218 0.353638 -1.964670
v -0.412703 0.301068 -1.897524
v -0.144415 0.353638 -1.907136
v -0.143040 0.301068 -1.829801
v -0.554507 0.418898 -2.590003
v -0.612044 0.418898 -2.359329
v -0.554507 0.353638 -2.590003
v -0.612044 0.353638 -2.359329
v -0.389363 0.353638 -2.759745
v -0.389363 0.418898 -2.759745
v -0.160776 0.353638 -2.826666
v -0.160776 0.418898 -2.826666
v -0.546314 0.418898 -2.129635
v -0.546314 0.353638 -2.129635
v -0.375218 0.418898 -1.964670
v -0.375218 0.353638 -1.964670
v -0.144415 0.418898 -1.907136
v -0.144415 0.353638 -1.907136
v -0.622253 0.301067 -2.627480
v -0.689377 0.301067 -2.357957
v -0.622253 -0.051744 -2.627480
v -0.689377 -0.051744 -2.357957
v -0.429234 -0.051744 -2.826726
v -0.429234 0.301068 -2.826726
v -0.162151 -0.051744 -2.904001
v -0.162151 0.301068 -2.904001
v -0.612711 0.301067 -2.090983
v -0.612711 -0.051744 -2.090983
v -0.412703 0.301068 -1.897524
v -0.412702 -0.051744 -1.897523
v -0.143040 0.301068 -1.829801
v -0.143039 -0.051744 -1.829801
v -0.389363 0.418898 -2.759745
v -0.160776 0.418898 -2.826666
v -0.340324 0.418898 -2.678428
v -0.159099 0.418898 -2.732413
v -0.471177 0.418898 -2.543146
v -0.554507 0.418898 -2.590003
v -0.516888 0.418898 -2.361027
v -0.612044 0.418898 -2.359329
v -0.464707 0.418898 -2.179436
v -0.546314 0.418898 -2.129635
v -0.329123 0.418898 -2.048895
v -0.375218 0.418898 -1.964670
v -0.146112 0.418898 -2.002595
v -0.144415 0.418898 -1.907136
v -0.159058 0.743082 -2.730001
v -0.339720 0.743082 -2.678438
v -0.159186 0.413157 -2.737253
v -0.343926 0.413157 -2.685621
v -0.470270 0.743082 -2.543162
v -0.477303 0.413157 -2.547871
v -0.523836 0.413157 -2.360903
v -0.515682 0.743082 -2.361044
v -0.463799 0.743082 -2.179456
v -0.470683 0.413157 -2.175706
v -0.328518 0.743082 -2.048906
v -0.332490 0.413157 -2.042789
v -0.146137 0.743082 -2.003803
v -0.145985 0.413157 -1.995343
v -0.158239 0.772691 -2.684088
v -0.315728 0.772691 -2.637771
v -0.429513 0.772691 -2.519709
v -0.469160 0.772691 -2.361874
v -0.423901 0.772691 -2.204340
v -0.305989 0.772691 -2.090399
v -0.146976 0.772691 -2.050921
v -0.146137 0.743082 -2.003803
v 0.034583 0.743082 -2.055359
v -0.145985 0.413157 -1.995343
v 0.038617 0.413157 -2.049390
v 0.165133 0.743082 -2.190644
v 0.172146 0.413157 -2.187145
v 0.218376 0.413157 -2.374103
v 0.210522 0.743082 -2.373964
v 0.158664 0.743082 -2.554350
v 0.165524 0.413157 -2.559306
v 0.023382 0.743082 -2.684904
v 0.027180 0.413157 -2.692218
v -0.159058 0.743082 -2.730001
v -0.159186 0.413157 -2.737253
v -0.146976 0.772691 -2.050921
v 0.010591 0.772691 -2.096031
v 0.124374 0.772691 -2.214089
v 0.164002 0.772691 -2.373138
v 0.118765 0.772691 -2.529466
v 0.000853 0.772691 -2.643399
v -0.158239 0.772691 -2.684088
v 0.159026 0.895355 -2.194155
v 0.125303 0.921943 -2.212898
v 0.203272 0.895355 -2.373835
v 0.165210 0.921943 -2.373163
v 0.152708 0.895355 -2.549410
v 0.119627 0.921943 -2.531894
v 0.019887 0.895355 -2.677587
v 0.001413 0.921943 -2.645826
v -0.158929 0.895355 -2.722748
v -0.158239 0.921943 -2.684088
v 0.011217 0.921943 -2.094835
v 0.030849 0.895355 -2.061342
v -0.146953 0.921943 -2.049715
v -0.146265 0.895355 -2.011055
v 0.204781 0.809551 -2.373862
v 0.203272 0.895355 -2.373835
v 0.153873 0.809551 -2.551848
v 0.152708 0.895355 -2.549410
v 0.020597 0.809551 -2.680011
v 0.019887 0.895355 -2.677587
v -0.158972 0.809551 -2.725165
v -0.158929 0.895355 -2.722748
v 0.159026 0.895355 -2.194155
v 0.160235 0.809551 -2.194180
v 0.031625 0.809551 -2.060143
v 0.030849 0.895355 -2.061342
v -0.146265 0.895355 -2.011055
v -0.146244 0.809551 -2.009837
v -0.158239 0.772691 -2.684088
v 0.000853 0.772691 -2.643399
v -0.158972 0.809551 -2.725165
v 0.020597 0.809551 -2.680011
v 0.118765 0.772691 -2.529466
v 0.153873 0.809551 -2.551848
v 0.164002 0.772691 -2.373138
v 0.204781 0.809551 -2.373862
v 0.124374 0.772691 -2.214089
v 0.160235 0.809551 -2.194180
v 0.010591 0.772691 -2.096031
v 0.031625 0.809551 -2.060143
v -0.146976 0.772691 -2.050921
v -0.146244 0.809551 -2.009837
v -0.463992 0.895355 -2.538429
v -0.430614 0.921943 -2.522105
v -0.508734 0.895355 -2.361168
v -0.470369 0.921943 -2.361857
v -0.457672 0.895355 -2.183186
v -0.424938 0.921943 -2.203109
v -0.325152 0.895355 -2.055008
v -0.306573 0.921943 -2.089182
v -0.146265 0.895355 -2.011055
v -0.146953 0.921943 -2.049715
v -0.316376 0.921943 -2.640173
v -0.336117 0.895355 -2.671253
v -0.158239 0.921943 -2.684088
v -0.158929 0.895355 -2.722748
v -0.509942 0.809551 -2.361146
v -0.508734 0.895355 -2.361168
v -0.459031 0.809551 -2.183168
v -0.457672 0.895355 -2.183186
v -0.325736 0.809551 -2.053792
v -0.325152 0.895355 -2.055008
v -0.146244 0.809551 -2.009837
v -0.146265 0.895355 -2.011055
v -0.463992 0.895355 -2.538429
v -0.465396 0.809551 -2.540824
v -0.336764 0.809551 -2.673655
v -0.336117 0.895355 -2.671253
v -0.158929 0.895355 -2.722748
v -0.158972 0.809551 -2.725165
v -0.146976 0.772691 -2.050921
v -0.305989 0.772691 -2.090399
v -0.146244 0.809551 -2.009837
v -0.325736 0.809551 -2.053792
v -0.423901 0.772691 -2.204340
v -0.459031 0.809551 -2.183168
v -0.469160 0.772691 -2.361874
v -0.509942 0.809551 -2.361146
v -0.429513 0.772691 -2.519709
v -0.465396 0.809551 -2.540824
v -0.315728 0.772691 -2.637771
v -0.336764 0.809551 -2.673655
v -0.158239 0.772691 -2.684088
v -0.158972 0.809551 -2.725165
v -0.239351 5.288915 -3.079097
v -0.239180 5.540286 -3.052505
v -0.231182 5.240573 -2.603016
v -0.230753 5.491945 -2.578850
v -0.090101 5.540286 -3.055161
v -0.090120 5.288915 -3.081754
v -0.081674 5.491945 -2.581498
v -0.082104 5.240573 -2.605664
v -0.090120 5.288915 -3.081754
v -0.090101 5.540286 -3.055161
v -0.239351 5.288915 -3.079097
v -0.239180 5.540286 -3.052505
v -0.148867 5.525784 -2.160879
v -0.140261 5.612797 -1.684804
v -0.240823 5.501614 -2.155618
v -0.232127 5.588626 -1.679542
v -0.048311 5.588626 -1.682815
v -0.056781 5.501614 -2.158895
v -0.240327 5.443604 -2.144753
v -0.240823 5.501614 -2.155618
v -0.232009 5.535451 -1.668669
v -0.232127 5.588626 -1.679542
v -0.240327 5.443604 -2.144753
v -0.232009 5.535451 -1.668669
v -0.056285 5.443604 -2.148025
v -0.048041 5.535451 -1.671938
v -0.140261 5.612797 -1.684804
v -0.048041 5.535451 -1.671938
v -0.232009 5.535451 -1.668669
v -0.232127 5.588626 -1.679542
v -0.048311 5.588626 -1.682815
v -0.056781 5.501614 -2.158895
v -0.056285 5.443604 -2.148025
v -0.048311 5.588626 -1.682815
v -0.048041 5.535451 -1.671938
v -0.256546 5.588626 -3.052202
v -0.164531 5.612797 -3.049001
v -0.248305 5.501614 -2.576116
v -0.156197 5.525784 -2.572922
v -0.072731 5.588626 -3.055475
v -0.064262 5.501614 -2.579396
v -0.256546 5.588626 -3.052202
v -0.248305 5.501614 -2.576116
v -0.256797 5.535451 -3.061865
v -0.248175 5.443604 -2.585791
v -0.072828 5.535451 -3.065143
v -0.256797 5.535451 -3.061865
v -0.064133 5.443604 -2.589063
v -0.248175 5.443604 -2.585791
v -0.072828 5.535451 -3.065143
v -0.164531 5.612797 -3.049001
v -0.256797 5.535451 -3.061865
v -0.256546 5.588626 -3.052202
v -0.072731 5.588626 -3.055475
v -0.072828 5.535451 -3.065143
v -0.064133 5.443604 -2.589063
v -0.072731 5.588626 -3.055475
v -0.064262 5.501614 -2.579396
v -0.223162 5.491945 -2.152313
v -0.214714 5.540286 -1.677440
v -0.222733 5.240573 -2.128143
v -0.213983 5.288915 -1.653272
v -0.073654 5.240573 -2.130795
v -0.064755 5.288915 -1.655928
v -0.074086 5.491945 -2.154962
v -0.065638 5.540286 -1.680089
v -0.214714 5.540286 -1.677440
v -0.065638 5.540286 -1.680089
v -0.213983 5.288915 -1.653272
v -0.064755 5.288915 -1.655928
v -0.159616 6.072032 -2.761420
v -0.355599 6.072032 -2.704752
v -0.159747 5.806159 -2.768665
v -0.360107 5.806159 -2.711924
v -0.497111 6.072032 -2.557183
v -0.504751 5.806159 -2.561882
v -0.555256 5.806159 -2.360343
v -0.546495 6.072032 -2.360498
v -0.490125 6.072032 -2.164482
v -0.497592 5.806159 -2.159512
v -0.343453 6.072032 -2.022046
v -0.347704 5.806159 -2.014721
v -0.145601 6.072032 -1.973590
v -0.145430 5.806159 -1.963921
v -0.156442 6.110705 -2.582584
v -0.263281 6.110705 -2.551677
v -0.159616 6.072032 -2.761420
v -0.355599 6.072032 -2.704752
v -0.340554 6.110705 -2.470526
v -0.497111 6.072032 -2.557183
v -0.367360 6.110705 -2.363686
v -0.546495 6.072032 -2.360498
v -0.336750 6.110705 -2.256655
v -0.490125 6.072032 -2.164482
v -0.256660 6.110705 -2.179511
v -0.343453 6.072032 -2.022046
v -0.148788 6.110705 -2.152425
v -0.145601 6.072032 -1.973590
v 0.050309 6.072032 -2.029050
v 0.054820 5.806159 -2.021881
v 0.191973 6.072032 -2.176615
v 0.199611 5.806159 -2.171916
v 0.250093 5.806159 -2.374663
v 0.241334 6.072032 -2.374511
v 0.184988 6.072032 -2.569328
v 0.192454 5.806159 -2.574294
v 0.038163 6.072032 -2.711748
v 0.042415 5.806159 -2.719084
v -0.041956 6.110705 -2.183330
v 0.050309 6.072032 -2.029050
v 0.035265 6.110705 -2.263272
v 0.191973 6.072032 -2.176615
v 0.062199 6.110705 -2.371331
v 0.241334 6.072032 -2.374511
v 0.031460 6.110705 -2.477151
v 0.184988 6.072032 -2.569328
v -0.048576 6.110705 -2.555498
v 0.038163 6.072032 -2.711748
v -0.272828 5.806159 -2.566010
v -0.156737 5.806159 -2.599500
v -0.360107 5.806159 -2.711924
v -0.159747 5.806159 -2.768665
v -0.504751 5.806159 -2.561882
v -0.356735 5.806159 -2.479910
v -0.555256 5.806159 -2.360343
v -0.385938 5.806159 -2.363354
v -0.497592 5.806159 -2.159512
v -0.352587 5.806159 -2.246705
v -0.347704 5.806159 -2.014721
v -0.265647 5.806159 -2.162430
v -0.145430 5.806159 -1.963921
v -0.148438 5.806159 -2.133085
v -0.032367 5.806159 -2.166580
v 0.054820 5.806159 -2.021881
v 0.199611 5.806159 -2.171916
v 0.051596 5.806159 -2.253889
v 0.250093 5.806159 -2.374663
v 0.080777 5.806159 -2.371659
v 0.192454 5.806159 -2.574294
v 0.047449 5.806159 -2.487101
v 0.042415 5.806159 -2.719084
v -0.039545 5.806159 -2.570164
v 0.082713 7.048513 4.416409
v 0.322830 6.811645 4.482241
v -0.146417 7.048513 4.420486
v -0.384041 6.811645 4.494816
v -0.072851 0.917108 2.115377
v -0.072443 2.442860 2.138334
v -0.235174 0.917108 2.161780
v -0.223048 2.442860 2.180901
v -0.350296 0.917108 2.281074
v -0.329843 2.442860 2.292795
v -0.390333 0.917108 2.442541
v -0.367071 2.442860 2.442128
v -0.344599 0.917108 2.601276
v -0.324575 2.442860 2.588835
v -0.225286 0.917108 2.717611
v -0.213891 2.442860 2.695647
v -0.061845 2.442860 2.734043
v -0.061457 0.917108 2.755793
v -0.310886 5.883504 2.441131
v -0.276414 5.883504 2.561389
v -0.186432 5.883504 2.646812
v -0.062836 5.883504 2.678457
v -0.071435 5.883504 2.195125
v -0.193847 5.883504 2.229937
v -0.280713 5.883504 2.319721
v -0.061457 0.917108 2.755793
v -0.061845 2.442860 2.734043
v 0.100812 0.917108 2.711805
v 0.088718 2.442860 2.690265
v 0.216063 0.917109 2.591303
v 0.195608 2.442860 2.579581
v 0.256121 0.917109 2.431042
v 0.232860 2.442860 2.431455
v 0.210366 0.917109 2.271097
v 0.190341 2.442860 2.283542
v 0.090923 0.917108 2.155977
v 0.079560 2.442860 2.175518
v -0.072443 2.442860 2.138334
v -0.072851 0.917108 2.115377
v 0.176522 5.883504 2.432453
v 0.142048 5.883504 2.312202
v 0.052196 5.883504 2.225560
v -0.071435 5.883504 2.195125
v -0.062836 5.883504 2.678457
v 0.059613 5.883504 2.642435
v 0.146349 5.883504 2.553866
v -0.299321 2.442860 -2.106234
v -0.147297 2.442860 -2.069049
v -0.310758 0.916504 -2.086691
v -0.146888 0.916504 -2.046096
v -0.430051 0.916504 -2.201812
v -0.410027 2.442860 -2.214256
v -0.475808 0.916504 -2.361753
v -0.452545 2.442860 -2.362173
v -0.435748 0.916504 -2.522014
v -0.415296 2.442860 -2.510292
v -0.320648 0.916504 -2.642518
v -0.308479 2.442860 -2.620981
v -0.157895 2.442860 -2.664754
v -0.158282 0.916504 -2.686500
v -0.396360 5.883504 -2.363167
v -0.366187 5.883504 -2.484573
v -0.279301 5.883504 -2.573146
v -0.156909 5.883504 -2.609165
v -0.361887 5.883504 -2.242913
v -0.271884 5.883504 -2.156279
v -0.148307 5.883504 -2.125844
v -0.005868 2.442860 -2.626363
v -0.157895 2.442860 -2.664754
v 0.005448 0.916504 -2.648321
v -0.158282 0.916504 -2.686500
v 0.124913 0.916504 -2.531986
v 0.104889 2.442860 -2.519550
v 0.170647 0.916504 -2.373252
v 0.147388 2.442860 -2.372843
v 0.130612 0.916504 -2.211784
v 0.110157 2.442860 -2.223506
v 0.015338 0.916504 -2.092489
v 0.003286 2.442860 -2.111609
v -0.147297 2.442860 -2.069049
v -0.146888 0.916504 -2.046096
v 0.091048 5.883504 -2.371841
v 0.060874 5.883504 -2.250427
v -0.025841 5.883504 -2.160653
v -0.148307 5.883504 -2.125844
v 0.056577 5.883504 -2.492099
v -0.033256 5.883504 -2.577524
v -0.156909 5.883504 -2.609165
v -0.109872 7.005006 0.034642
v -0.030763 7.174199 4.481279
v -0.045897 7.106523 3.630619
v -0.030763 7.174199 4.481279
v -0.152072 7.005006 -2.337296
v -0.173850 7.106523 -3.561324
v -0.173850 7.106523 -3.561324
v -0.188983 7.174199 -4.411988
v -0.188983 7.174199 -4.411988
v 0.326629 0.353638 2.198924
v 0.155533 0.353638 2.033956
v 0.392360 0.353638 2.428616
v 0.334818 0.353638 2.659296
v 0.169677 0.353638 2.829038
v 0.392723 0.301068 2.160277
v 0.192866 0.301068 1.966813
v 0.469391 0.301068 2.427244
v 0.402268 0.301068 2.696775
v 0.209397 0.301068 2.896016
v -0.460864 0.353638 2.673456
v -0.289787 0.353638 2.837207
v -0.526573 0.353638 2.444967
v -0.469054 0.353638 2.213080
v -0.303933 0.353638 2.042132
v -0.527236 0.301067 2.713311
v -0.327250 0.301068 2.905564
v -0.603904 0.301067 2.446341
v -0.536781 0.301067 2.176813
v -0.343781 0.301068 1.976362
v -0.243068 0.743082 2.754185
v -0.378348 0.743082 2.623635
v -0.430207 0.743082 2.443253
v -0.384819 0.743082 2.259929
v -0.254267 0.743082 2.124649
v -0.073605 0.743082 2.073087
v 0.108834 0.743082 2.118191
v 0.244115 0.743082 2.248741
v 0.295995 0.743082 2.430333
v 0.250585 0.743082 2.612444
v 0.120034 0.743082 2.747728
v -0.060686 0.743082 2.799293
v 0.249367 0.353638 -2.143791
v 0.084246 0.353638 -1.972843
v 0.306886 0.353638 -2.375678
v 0.241178 0.353638 -2.604166
v 0.070102 0.353638 -2.767925
v 0.316794 0.301068 -2.107522
v 0.123946 0.301068 -1.907075
v 0.383916 0.301068 -2.377049
v 0.307249 0.301068 -2.644020
v 0.107415 0.301068 -2.836274
v -0.554507 0.353638 -2.590003
v -0.389363 0.353638 -2.759745
v -0.612044 0.353638 -2.359329
v -0.546314 0.353638 -2.129635
v -0.375218 0.353638 -1.964670
v -0.622253 0.301067 -2.627480
v -0.429234 0.301068 -2.826726
v -0.689377 0.301067 -2.357957
v -0.612711 0.301067 -2.090983
v -0.412703 0.301068 -1.897524
v -0.339720 0.743082 -2.678438
v -0.470270 0.743082 -2.543162
v -0.515682 0.743082 -2.361044
v -0.463799 0.743082 -2.179456
v -0.328518 0.743082 -2.048906
v -0.146137 0.743082 -2.003803
v 0.034583 0.743082 -2.055359
v 0.165133 0.743082 -2.190644
v 0.210522 0.743082 -2.373964
v 0.158664 0.743082 -2.554350
v 0.023382 0.743082 -2.684904
v -0.159058 0.743082 -2.730001
vn -0.0171 0.2686 -0.9631
vn -0.0172 0.2686 -0.9631
vn -0.9998 -0.0000 0.0178
vn 0.9998 -0.0000 -0.0178
vn -0.0172 -0.2626 -0.9647
vn 0.0170 -0.2925 0.9561
vn -0.0000 -1.0000 -0.0000
vn -0.0000 -1.0000 0.0003
vn -0.0000 -1.0000 0.0005
vn -0.0174 -0.2050 -0.9786
vn -0.0008 -0.9991 -0.0431
vn -0.0002 -0.9999 -0.0102
vn -0.0006 -0.9994 -0.0351
vn -0.0009 -0.9988 -0.0497
vn 0.0102 -0.9999 -0.0002
vn -0.0102 -0.9999 0.0002
vn 0.0150 -0.9997 0.0201
vn -0.0098 -0.9997 0.0206
vn -0.0143 -0.9997 0.0207
vn 0.0106 -0.9997 0.0202
vn 0.0174 -0.2050 0.9786
vn -0.0008 0.9991 -0.0431
vn 0.0009 -0.9988 0.0497
vn -0.0138 -0.9987 0.0499
vn 0.0155 -0.9987 0.0494
vn -0.1337 0.9910 0.0024
vn 0.0003 1.0000 -0.0000
vn -0.1336 0.9910 0.0024
vn 0.1342 0.9910 -0.0024
vn -0.0000 -1.0000 0.0008
vn 0.0005 -1.0000 0.0007
vn 0.0106 -0.9999 -0.0001
vn 0.0113 -0.9999 -0.0002
vn 0.0109 -0.9999 -0.0001
vn -0.0178 -0.0000 -0.9998
vn 0.0160 0.0275 0.9995
vn 0.0217 0.0132 0.9997
vn 0.0133 0.0333 0.9994
vn 0.0193 0.0033 0.9998
vn 0.0178 -0.0000 0.9998
vn 0.0171 -0.2711 0.9624
vn 0.0002 -0.9999 0.0127
vn 0.0065 -0.9999 0.0124
vn -0.0060 -0.9999 0.0126
vn 0.0002 -0.9999 0.0129
vn -0.0062 -1.0000 0.0001
vn 0.0062 -1.0000 -0.0001
vn -0.0064 -0.9999 -0.0123
vn -0.0002 -0.9999 -0.0125
vn 0.0060 -0.9999 -0.0126
vn -0.0171 -0.2711 -0.9624
vn -0.0006 -0.9999 -0.0129
vn -0.0002 -0.9999 -0.0129
vn -0.0005 0.9997 -0.0256
vn -0.0000 1.0000 -0.0000
vn -0.0019 0.9945 -0.1046
vn -0.0028 0.9875 -0.1577
vn -0.4675 -0.3968 0.7899
vn 0.0159 -0.4527 0.8915
vn 0.4953 -0.3968 0.7728
vn -0.0208 -0.9951 0.0965
vn 0.4829 -0.8724 0.0756
vn 0.0242 -0.9951 0.0957
vn -0.4799 -0.8724 0.0928
vn 0.0005 -0.9997 0.0256
vn 0.0234 -0.9984 0.0509
vn -0.0216 -0.9984 0.0516
vn -0.0099 -0.8261 -0.5634
vn -0.0159 -0.4527 -0.8915
vn -0.0100 -0.8261 -0.5634
vn 0.0028 0.9875 0.1577
vn 0.0563 0.9861 0.1565
vn -0.0507 0.9861 0.1584
vn 0.0005 0.9997 0.0256
vn -0.0526 0.9973 0.0521
vn 0.0544 0.9973 0.0502
vn -0.0013 -0.9973 -0.0737
vn -0.0005 -0.9997 -0.0256
vn -0.5802 0.8144 0.0103
vn -0.5595 0.8283 -0.0290
vn -0.5852 0.8108 0.0104
vn -0.5655 0.8244 -0.0230
vn -0.5997 0.7991 -0.0429
vn -0.6065 0.7942 -0.0372
vn -0.8158 -0.5772 0.0373
vn -0.8084 -0.5879 0.0297
vn -0.8084 -0.5879 0.0295
vn -0.7998 -0.5991 0.0379
vn -0.8128 -0.5822 0.0216
vn -0.8043 -0.5938 0.0215
vn -0.6042 0.7949 -0.0556
vn -0.6025 0.7961 -0.0576
vn -0.8150 -0.5759 0.0639
vn -0.8068 -0.5873 0.0647
vn -0.7990 -0.5978 0.0655
vn 0.2658 0.1731 0.9484
vn 0.2619 0.1772 0.9487
vn 0.2663 0.1726 0.9483
vn 0.2614 0.1777 0.9487
vn 0.5816 -0.8135 -0.0085
vn 0.5673 -0.8234 0.0157
vn 0.5568 -0.8305 0.0115
vn 0.5851 -0.8109 -0.0104
vn 0.5932 -0.8035 0.0500
vn 0.6029 -0.7961 0.0522
vn 0.6059 -0.7931 0.0624
vn 0.5998 -0.7982 0.0560
vn 0.5980 -0.7994 0.0579
vn 0.6029 -0.7961 0.0526
vn -0.5816 0.8134 0.0121
vn -0.5581 0.8283 0.0489
vn -0.5644 0.8244 0.0431
vn -0.5819 0.8121 0.0441
vn -0.6197 0.7838 0.0407
vn -0.8088 -0.5876 -0.0220
vn -0.8089 -0.5880 -0.0009
vn -0.8088 -0.5876 -0.0229
vn -0.8089 -0.5880 -0.0007
vn -0.8087 -0.5880 0.0144
vn -0.6167 0.7837 0.0741
vn -0.6019 0.7949 0.0771
vn -0.6000 0.7961 0.0790
vn -0.5976 0.7992 0.0644
vn -0.8086 -0.5872 -0.0360
vn 0.2319 0.1731 -0.9572
vn 0.2280 0.1772 -0.9574
vn 0.2275 0.1777 -0.9574
vn 0.2324 0.1726 -0.9572
vn 0.5801 -0.8145 -0.0103
vn 0.5664 -0.8234 -0.0358
vn 0.5561 -0.8305 -0.0313
vn 0.5923 -0.8027 -0.0698
vn 0.6006 -0.7961 -0.0739
vn 0.5924 -0.8026 -0.0699
vn 0.5974 -0.7982 -0.0773
vn 0.6006 -0.7961 -0.0740
vn 0.5955 -0.7994 -0.0792
vn 0.5801 0.8144 -0.0103
vn 0.5581 0.8283 -0.0489
vn 0.5643 0.8244 -0.0431
vn 0.5852 0.8109 -0.0104
vn 0.5978 0.7991 -0.0642
vn 0.6048 0.7942 -0.0587
vn 0.8088 -0.5876 0.0220
vn 0.8089 -0.5880 0.0009
vn 0.8088 -0.5876 0.0229
vn 0.8089 -0.5880 0.0007
vn 0.8087 -0.5880 -0.0144
vn 0.6018 0.7949 -0.0771
vn 0.6000 0.7961 -0.0790
vn 0.8168 -0.5759 0.0349
vn 0.8086 -0.5873 0.0360
vn 0.8008 -0.5978 0.0370
vn -0.2319 0.1731 0.9572
vn -0.2279 0.1772 0.9574
vn -0.2274 0.1777 0.9574
vn -0.2324 0.1726 0.9572
vn -0.5800 -0.8145 0.0103
vn -0.5663 -0.8234 0.0358
vn -0.5850 -0.8109 0.0104
vn -0.5560 -0.8306 0.0313
vn -0.5923 -0.8027 0.0699
vn -0.6006 -0.7962 0.0736
vn -0.6033 -0.7931 0.0840
vn -0.5974 -0.7982 0.0773
vn -0.6006 -0.7961 0.0740
vn -0.5955 -0.7995 0.0792
vn 0.5595 0.8283 0.0290
vn 0.5655 0.8244 0.0230
vn 0.5997 0.7991 0.0429
vn 0.6065 0.7942 0.0372
vn 0.8075 -0.5876 -0.0507
vn 0.8084 -0.5879 -0.0297
vn 0.8084 -0.5879 -0.0295
vn 0.8075 -0.5876 -0.0516
vn 0.6189 0.7837 0.0521
vn 0.6042 0.7949 0.0556
vn 0.5995 0.7992 0.0431
vn 0.6024 0.7961 0.0576
vn 0.8068 -0.5873 -0.0647
vn -0.2658 0.1732 -0.9484
vn -0.2618 0.1772 -0.9487
vn -0.2662 0.1727 -0.9483
vn -0.2613 0.1777 -0.9488
vn -0.5672 -0.8234 -0.0157
vn -0.5568 -0.8306 -0.0115
vn -0.5944 -0.8027 -0.0487
vn -0.6028 -0.7961 -0.0522
vn -0.5997 -0.7982 -0.0560
vn -0.5979 -0.7995 -0.0579
vn -0.6028 -0.7961 -0.0526
vn 0.7445 0.5854 -0.3210
vn 0.7642 0.6368 -0.1019
vn 0.8005 0.5868 -0.1220
vn 0.7030 0.6355 -0.3193
vn 0.4842 0.5860 -0.6498
vn 0.4490 0.6363 -0.6273
vn 0.0943 0.5874 -0.8038
vn 0.0748 0.6379 -0.7665
vn 0.7121 0.6375 0.2943
vn 0.7537 0.5874 0.2949
vn 0.4698 0.6392 0.6089
vn 0.5047 0.5893 0.6309
vn 0.1033 0.6388 0.7624
vn 0.1227 0.5878 0.7997
vn 0.9999 -0.0000 -0.0172
vn 0.7642 0.6368 -0.1020
vn 0.8571 -0.0000 -0.5152
vn 0.8571 -0.0000 -0.5151
vn 0.6941 -0.0000 -0.7199
vn 0.4844 -0.0000 -0.8748
vn 0.2418 -0.0000 -0.9703
vn 0.9703 -0.0000 0.2420
vn 0.9373 -0.2586 0.2338
vn 0.9368 -0.2605 0.2337
vn 0.5851 0.1131 0.8030
vn 0.7168 -0.0000 0.6973
vn 0.6920 -0.2605 0.6732
vn 0.6932 -0.2543 0.6744
vn 0.0999 0.1088 0.9890
vn 0.2809 -0.0000 0.9597
vn 0.2717 -0.2543 0.9282
vn 0.2710 -0.2638 0.9258
vn -0.3994 0.1150 0.9095
vn 0.8574 -0.0000 -0.5147
vn 0.4861 -0.0000 -0.8739
vn 0.6955 -0.0000 -0.7185
vn 0.8574 0.0001 -0.5147
vn -0.0177 -0.0000 -0.9998
vn 0.2437 -0.0000 -0.9699
vn 0.4861 0.0001 -0.8739
vn 0.0943 0.5873 -0.8038
vn 0.9373 0.2588 0.2334
vn 0.9704 -0.0000 0.2417
vn 0.9208 -0.1041 -0.3760
vn 0.9371 0.2595 0.2334
vn 0.6939 0.2595 0.6717
vn 0.7185 -0.0000 0.6955
vn 0.9857 -0.1023 0.1340
vn 0.6944 0.2570 0.6722
vn 0.2687 0.2570 0.9283
vn 0.2780 -0.0000 0.9606
vn 0.7877 -0.1045 0.6071
vn 0.2684 0.2608 0.9273
vn -0.7425 0.5879 0.3211
vn -0.7631 0.6380 0.1027
vn -0.7998 0.5876 0.1222
vn -0.7004 0.6386 0.3187
vn -0.4811 0.5897 0.6487
vn -0.4467 0.6394 0.6258
vn -0.7130 0.6363 -0.2945
vn -0.7548 0.5863 -0.2943
vn -0.4709 0.6362 -0.6111
vn -0.5067 0.5865 -0.6318
vn 0.0942 0.5874 -0.8038
vn -0.5550 0.1127 0.8242
vn -0.9284 -0.2585 0.2670
vn -0.9085 0.1121 -0.4027
vn -0.9279 -0.2605 0.2668
vn -0.0642 0.1101 0.9918
vn -0.6676 -0.2605 0.6975
vn -0.6915 -0.0000 0.7224
vn -0.6687 -0.2543 0.6987
vn -0.2467 -0.0000 0.9691
vn -0.2386 -0.2543 0.9372
vn -0.2379 -0.2638 0.9348
vn -0.9706 -0.0000 -0.2407
vn -0.9998 -0.0000 0.0184
vn -0.8749 -0.0000 -0.4843
vn -0.7130 0.6363 -0.2944
vn -0.7193 -0.0000 -0.6947
vn -0.8749 -0.0001 -0.4843
vn -0.5153 -0.0000 -0.8570
vn -0.2763 -0.0000 -0.9611
vn -0.5152 -0.0000 -0.8570
vn -0.9282 0.2597 0.2666
vn -0.6091 -0.1034 0.7863
vn -0.9284 0.2589 0.2666
vn -0.9334 -0.1036 -0.3436
vn -0.6698 0.2569 0.6967
vn -0.6930 -0.0000 0.7209
vn -0.6693 0.2597 0.6962
vn -0.9803 -0.1027 0.1688
vn -0.2351 0.2608 0.9363
vn -0.2436 -0.0000 0.9699
vn -0.2354 0.2569 0.9373
vn -0.9998 -0.0000 0.0177
vn -0.9704 -0.0000 -0.2417
vn -0.7548 0.5863 -0.2942
vn -0.8750 -0.0000 -0.4841
vn -0.7204 -0.0000 -0.6936
vn -0.5167 -0.0000 -0.8562
vn -0.2779 -0.0000 -0.9606
vn 0.0169 0.0231 0.9996
vn -0.4170 0.3064 0.8557
vn -0.4808 0.0255 0.8765
vn -0.0336 0.3024 0.9526
vn -0.7892 0.3080 0.5312
vn -0.8561 0.0256 0.5161
vn -0.9995 0.0246 0.0181
vn -0.9504 0.3040 0.0662
vn -0.8564 0.3020 -0.4189
vn -0.8744 0.0234 -0.4847
vn -0.5309 0.3028 -0.7915
vn -0.5159 0.0234 -0.8563
vn -0.0658 0.3054 -0.9500
vn -0.0188 0.0243 -0.9995
vn -0.2586 0.8465 0.4653
vn 0.0074 0.8411 0.5408
vn -0.3788 0.8383 0.3921
vn -0.4563 0.7531 0.4740
vn -0.4570 0.7530 0.4735
vn 0.2117 0.6790 0.7029
vn -0.5266 0.8364 0.1522
vn -0.6331 0.7520 0.1833
vn -0.6373 0.7485 0.1834
vn -0.1801 0.6733 0.7171
vn -0.5334 0.8354 -0.1327
vn -0.5365 0.8438 0.0096
vn -0.4674 0.8460 -0.2565
vn -0.3921 0.8387 -0.3780
vn -0.2743 0.8473 -0.4549
vn -0.1497 0.8391 -0.5231
vn -0.0092 0.8469 -0.5317
vn -0.0657 0.3054 -0.9500
vn 0.4183 0.3058 -0.8553
vn 0.4862 0.0223 -0.8736
vn 0.7896 0.3069 -0.5313
vn 0.8567 0.0237 -0.5153
vn 0.9996 0.0243 -0.0175
vn 0.9506 0.3037 -0.0647
vn 0.8560 0.3029 0.4188
vn 0.8744 0.0251 0.4846
vn 0.5306 0.3048 0.7909
vn 0.5119 0.0239 0.8587
vn 0.0170 0.0230 0.9996
vn 0.1311 0.8385 -0.5288
vn 0.2579 0.8472 -0.4646
vn 0.4183 0.3059 -0.8552
vn -0.0093 0.8468 -0.5318
vn 0.3788 0.8383 -0.3922
vn 0.4575 0.8461 -0.2734
vn 0.7897 0.3068 -0.5313
vn 0.5271 0.8363 -0.1512
vn 0.5366 0.8438 -0.0086
vn 0.5333 0.8353 0.1337
vn 0.6437 0.7480 0.1620
vn 0.6404 0.7513 0.1598
vn 0.5199 0.6673 -0.5333
vn 0.3921 0.8387 0.3780
vn 0.4740 0.7529 0.4565
vn 0.4721 0.7547 0.4555
vn 0.7124 0.6706 -0.2069
vn 0.1530 0.8380 0.5238
vn 0.1847 0.7554 0.6287
vn 0.1836 0.7444 0.6420
vn 0.1523 0.8319 0.5337
vn 0.8969 0.4420 -0.0152
vn 0.4870 0.8232 -0.2920
vn 0.5726 0.8198 -0.0100
vn 0.7690 0.4420 -0.4617
vn 0.7862 0.4418 0.4321
vn 0.5046 0.8147 0.2856
vn 0.4650 0.4397 0.7684
vn 0.2999 0.8112 0.5019
vn 0.0149 0.4480 0.8939
vn 0.0066 0.8229 0.5681
vn 0.2743 0.8250 -0.4942
vn 0.4327 0.4444 -0.7844
vn -0.0105 0.8241 -0.5663
vn -0.0163 0.4432 -0.8963
vn 0.8092 -0.3749 0.4524
vn 0.9268 -0.3753 -0.0163
vn 0.4778 -0.3739 0.7949
vn 0.0172 -0.3716 0.9282
vn 0.0149 0.4479 0.8939
vn 0.7690 0.4421 -0.4617
vn 0.7942 -0.3788 -0.4751
vn 0.4475 -0.3794 -0.8098
vn -0.0163 0.4434 -0.8962
vn -0.0171 -0.3784 -0.9255
vn 0.3442 -0.7479 0.5676
vn 0.0131 -0.7449 0.6670
vn 0.5809 -0.7483 0.3203
vn 0.6699 -0.7423 -0.0122
vn 0.5733 -0.7436 -0.3440
vn 0.3231 -0.7481 -0.5796
vn 0.4475 -0.3795 -0.8098
vn -0.0129 -0.7448 -0.6672
vn -0.8973 0.4410 0.0172
vn -0.4956 0.8131 0.3054
vn -0.5696 0.8219 0.0099
vn -0.7706 0.4407 0.4604
vn -0.7850 0.4412 -0.4348
vn -0.4989 0.8218 -0.2751
vn -0.4605 0.4441 -0.7686
vn -0.2904 0.8254 -0.4841
vn -0.0162 0.4434 -0.8962
vn -0.0104 0.8242 -0.5662
vn -0.2794 0.8103 0.5151
vn -0.4369 0.4407 0.7841
vn 0.0066 0.8229 0.5682
vn -0.8109 -0.3779 -0.4467
vn -0.7850 0.4412 -0.4347
vn -0.9263 -0.3763 0.0177
vn -0.4754 -0.3795 -0.7937
vn -0.4605 0.4442 -0.7685
vn -0.0170 -0.3785 -0.9254
vn -0.0163 0.4433 -0.8962
vn -0.7705 0.4408 0.4604
vn -0.7935 -0.3740 0.4801
vn -0.4498 -0.3738 0.8112
vn -0.4369 0.4408 0.7841
vn 0.0149 0.4479 0.8940
vn 0.0172 -0.3717 0.9282
vn -0.0171 -0.3785 -0.9254
vn -0.3421 -0.7480 -0.5688
vn -0.4754 -0.3796 -0.7937
vn -0.5849 -0.7441 -0.3228
vn -0.6702 -0.7421 0.0131
vn -0.5702 -0.7482 0.3393
vn -0.3238 -0.7487 0.5784
vn 0.0131 -0.7448 0.6671
vn 0.0172 -0.3714 0.9283
vn -0.9998 -0.0003 0.0180
vn -0.9998 -0.0008 0.0183
vn -0.9998 -0.0011 0.0185
vn 0.9998 0.0005 -0.0185
vn 0.9998 0.0012 -0.0182
vn 0.9998 -0.0001 -0.0187
vn 0.9998 0.0018 -0.0180
vn 0.0177 0.1052 0.9943
vn -0.2534 0.9508 0.1782
vn 0.0033 0.9837 0.1797
vn -0.2536 0.9508 0.1782
vn 0.0032 0.9837 0.1797
vn 0.2599 0.9507 0.1692
vn 0.2596 0.9508 0.1692
vn -0.9998 0.0009 0.0175
vn -0.9998 -0.0046 0.0172
vn -0.9998 0.0014 0.0176
vn -0.9998 -0.0051 0.0171
vn -0.0034 -0.9819 -0.1894
vn -0.0252 0.1932 -0.9808
vn -0.0175 0.1898 -0.9817
vn -0.0097 0.1932 -0.9811
vn -0.0315 0.2005 -0.9792
vn -0.0033 0.2005 -0.9797
vn 0.9998 0.0017 -0.0179
vn 0.9998 0.0048 -0.0170
vn 0.9998 0.0015 -0.0180
vn 0.9998 0.0050 -0.0169
vn -0.2617 0.9502 -0.1689
vn -0.0031 0.9837 -0.1797
vn -0.0032 0.9837 -0.1797
vn -0.2619 0.9502 -0.1689
vn 0.2558 0.9501 -0.1783
vn 0.2555 0.9502 -0.1782
vn -0.9998 0.0009 0.0180
vn -0.9998 -0.0046 0.0184
vn -0.9998 -0.0051 0.0185
vn -0.9998 0.0014 0.0180
vn 0.0034 -0.9819 0.1894
vn 0.0201 0.1813 0.9832
vn 0.0149 0.1814 0.9833
vn 0.0175 0.1825 0.9831
vn 0.0222 0.1789 0.9836
vn 0.0129 0.1790 0.9838
vn 0.9998 0.0017 -0.0177
vn 0.9998 0.0048 -0.0186
vn 0.9998 0.0050 -0.0187
vn 0.9998 0.0014 -0.0176
vn -0.9998 -0.0004 0.0176
vn -0.9999 -0.0008 0.0173
vn -0.9999 -0.0011 0.0170
vn 0.9999 0.0005 -0.0171
vn 0.9998 0.0012 -0.0174
vn 0.9998 0.0018 -0.0176
vn 0.9999 -0.0001 -0.0168
vn -0.0177 0.0957 -0.9953
vn 0.0167 0.0285 0.9995
vn -0.4854 0.0306 0.8738
vn -0.4835 0.0324 0.8747
vn 0.0167 0.0286 0.9995
vn -0.8567 0.0330 0.5147
vn -0.8561 0.0337 0.5157
vn -0.9993 0.0331 0.0185
vn -0.9993 0.0329 0.0186
vn -0.8751 0.0336 -0.4827
vn -0.8746 0.0331 -0.4838
vn -0.5142 0.0324 -0.8571
vn -0.5152 0.0332 -0.8564
vn -0.0190 0.0350 -0.9992
vn -0.0189 0.0350 -0.9992
vn 0.0038 0.9774 0.2113
vn -0.1034 0.9774 0.1845
vn -0.1029 0.9774 0.1846
vn -0.1814 0.9774 0.1087
vn -0.1811 0.9774 0.1088
vn -0.2110 0.9775 0.0041
vn -0.2110 0.9775 0.0039
vn -0.1847 0.9775 -0.1024
vn -0.1847 0.9775 -0.1021
vn -0.1089 0.9776 -0.1801
vn -0.1085 0.9776 -0.1804
vn -0.0033 0.9775 -0.2110
vn -0.0036 0.9775 -0.2111
vn 0.4848 0.0332 -0.8740
vn 0.4858 0.0324 -0.8735
vn 0.8570 0.0330 -0.5143
vn 0.8564 0.0337 -0.5153
vn 0.9993 0.0331 -0.0170
vn 0.9993 0.0329 -0.0170
vn 0.8746 0.0336 0.4837
vn 0.8741 0.0331 0.4847
vn 0.5165 0.0324 0.8557
vn 0.5147 0.0306 0.8568
vn 0.1019 0.9776 -0.1843
vn 0.1017 0.9776 -0.1842
vn 0.1808 0.9775 -0.1086
vn 0.1810 0.9775 -0.1086
vn 0.2110 0.9775 -0.0034
vn 0.2109 0.9775 -0.0036
vn 0.1850 0.9775 0.1018
vn 0.1849 0.9774 0.1022
vn 0.1095 0.9774 0.1806
vn 0.1094 0.9774 0.1810
vn 0.7554 0.5854 0.2943
vn 0.7674 0.6368 0.0747
vn 0.7139 0.6355 0.2941
vn 0.8043 0.5868 0.0935
vn 0.5070 0.5860 0.6321
vn 0.4710 0.6363 0.6110
vn 0.1228 0.5873 0.8000
vn 0.1020 0.6379 0.7634
vn 0.7012 0.6375 -0.3194
vn 0.7427 0.5873 -0.3216
vn 0.4478 0.6391 -0.6253
vn 0.4819 0.5893 -0.6484
vn 0.0761 0.6388 -0.7656
vn 0.0942 0.5878 -0.8035
vn 0.5882 0.1135 0.8007
vn 0.9376 -0.2586 0.2326
vn 0.9374 -0.2594 0.2325
vn 0.8937 0.1123 -0.4345
vn 0.1069 0.1122 0.9879
vn 0.7193 -0.0000 0.6947
vn 0.6946 -0.2594 0.6710
vn 0.6948 -0.2584 0.6711
vn -0.4027 0.1126 0.9084
vn 0.2762 -0.0000 0.9611
vn 0.2669 -0.2584 0.9284
vn 0.2667 -0.2590 0.9283
vn 0.9610 -0.0000 -0.2764
vn 0.8558 -0.0000 -0.5172
vn 0.9998 -0.0000 -0.0185
vn 0.6915 -0.0000 -0.7224
vn 0.4850 -0.0000 -0.8745
vn 0.8558 -0.0000 -0.5173
vn 0.2466 -0.0000 -0.9691
vn 0.9375 0.2580 0.2335
vn 0.6374 -0.1036 0.7635
vn 0.9218 -0.1031 -0.3738
vn 0.6961 0.2585 0.6698
vn 0.6962 0.2580 0.6698
vn 0.7206 -0.0000 0.6933
vn 0.9854 -0.1040 0.1348
vn 0.2686 0.2585 0.9279
vn 0.7874 -0.1044 0.6076
vn 0.9998 0.0001 -0.0179
vn 0.9612 -0.0000 -0.2760
vn 0.8566 -0.0000 -0.5160
vn 0.6933 -0.0000 -0.7206
vn 0.4848 -0.0000 -0.8746
vn 0.0942 0.5879 -0.8035
vn -0.7535 0.5878 -0.2945
vn -0.7663 0.6380 -0.0755
vn -0.7113 0.6386 -0.2936
vn -0.8037 0.5876 -0.0937
vn -0.5039 0.5897 -0.6312
vn -0.4686 0.6394 -0.6095
vn 0.0941 0.5878 -0.8035
vn -0.7021 0.6364 0.3196
vn -0.7438 0.5863 0.3209
vn -0.4489 0.6362 0.6275
vn -0.4839 0.5866 0.6494
vn 0.1021 0.6378 0.7634
vn 0.1228 0.5874 0.7999
vn -0.7113 0.6386 -0.2935
vn -0.9999 -0.0001 0.0171
vn -0.8737 -0.0000 -0.4865
vn -0.4686 0.6394 -0.6096
vn -0.7167 -0.0000 -0.6973
vn -0.5158 -0.0000 -0.8567
vn -0.2810 -0.0000 -0.9597
vn -0.9614 -0.0000 0.2751
vn -0.9285 -0.2594 0.2658
vn -0.9287 -0.2586 0.2658
vn -0.5584 0.1142 0.8217
vn -0.6941 -0.0000 0.7199
vn -0.6705 -0.2584 0.6954
vn -0.6703 -0.2594 0.6952
vn -0.0717 0.1124 0.9911
vn -0.2419 -0.0000 0.9703
vn -0.2336 -0.2590 0.9372
vn -0.2337 -0.2584 0.9373
vn -0.8743 -0.0000 -0.4854
vn -0.8037 0.5876 -0.0936
vn -0.5154 -0.0000 -0.8570
vn -0.7182 -0.0000 -0.6958
vn -0.9284 0.2588 0.2666
vn -0.9341 -0.1031 -0.3418
vn -0.9612 -0.0000 0.2760
vn -0.9286 0.2582 0.2667
vn -0.6717 0.2582 0.6944
vn -0.9801 -0.1037 0.1695
vn -0.6952 -0.0000 0.7188
vn -0.6716 0.2583 0.6944
vn -0.2352 0.2583 0.9370
vn -0.0186 0.0230 -0.9996
vn -0.4471 0.3064 -0.8403
vn -0.0674 0.3024 -0.9508
vn -0.5116 0.0255 -0.8588
vn -0.8076 0.3081 -0.5028
vn -0.8739 0.0256 -0.4854
vn -0.9995 0.0246 0.0175
vn -0.9521 0.3040 -0.0324
vn -0.8409 0.3019 0.4491
vn -0.8566 0.0234 0.5155
vn -0.5024 0.3028 0.8099
vn -0.4851 0.0234 0.8741
vn -0.0319 0.3053 0.9517
vn 0.0167 0.0242 0.9996
vn -0.2750 0.8465 -0.4558
vn -0.0118 0.8412 -0.5406
vn -0.3925 0.8383 -0.3784
vn -0.4667 0.8461 -0.2575
vn -0.2751 0.8465 -0.4557
vn -0.5317 0.8364 -0.1333
vn -0.5366 0.8438 0.0094
vn -0.5284 0.8354 0.1516
vn -0.6350 0.7509 0.1815
vn -0.6377 0.7481 0.1835
vn -0.5373 0.6669 -0.5162
vn -0.3784 0.8387 0.3917
vn -0.4568 0.7533 0.4731
vn -0.4577 0.7526 0.4733
vn -0.7200 0.6695 -0.1830
vn -0.1310 0.8390 0.5281
vn -0.1579 0.7537 0.6380
vn -0.1582 0.7537 0.6378
vn -0.7121 0.6724 0.2019
vn 0.0167 0.0243 0.9996
vn 0.4485 0.3058 0.8399
vn -0.0319 0.3054 0.9517
vn 0.5170 0.0222 0.8557
vn 0.8080 0.3069 0.5029
vn 0.8745 0.0237 0.4845
vn 0.9995 0.0242 -0.0180
vn 0.9523 0.3036 0.0308
vn 0.8406 0.3030 -0.4490
vn 0.8566 0.0251 -0.5154
vn 0.5022 0.3049 -0.8093
vn 0.4810 0.0239 -0.8764
vn 0.1499 0.8385 0.5239
vn 0.1805 0.7532 0.6325
vn 0.1811 0.7535 0.6321
vn -0.5200 0.6753 0.5230
vn 0.3925 0.8383 0.3784
vn 0.4739 0.7525 0.4572
vn 0.4738 0.7529 0.4568
vn -0.1875 0.6783 0.7105
vn 0.5321 0.8363 0.1324
vn 0.6437 0.7485 0.1595
vn 0.6401 0.7515 0.1595
vn 0.2055 0.6736 0.7100
vn 0.5282 0.8353 -0.1526
vn 0.4577 0.8460 -0.2734
vn 0.5366 0.8438 -0.0106
vn 0.3784 0.8387 -0.3917
vn 0.2598 0.8473 -0.4633
vn 0.5022 0.3049 -0.8092
vn 0.1343 0.8380 -0.5288
vn -0.0118 0.8411 -0.5407
vn 0.2598 0.8472 -0.4634
vn 0.1332 0.8318 -0.5388
vn 0.8969 0.4420 -0.0167
vn 0.4970 0.8232 0.2745
vn 0.7850 0.4420 0.4341
vn 0.5726 0.8198 -0.0104
vn 0.7703 0.4418 -0.4598
vn 0.4941 0.8148 -0.3033
vn 0.4374 0.4398 -0.7844
vn 0.2819 0.8113 -0.5122
vn -0.0169 0.4480 -0.8939
vn -0.0136 0.8229 -0.5680
vn 0.2917 0.8250 0.4841
vn 0.4603 0.4444 0.7685
vn 0.0097 0.8241 0.5663
vn 0.0156 0.4433 0.8963
vn 0.7926 -0.3749 -0.4809
vn 0.8969 0.4419 -0.0168
vn 0.9267 -0.3753 -0.0167
vn 0.4493 -0.3739 -0.8114
vn 0.4374 0.4397 -0.7844
vn -0.0158 -0.3715 -0.9283
vn -0.0170 0.4480 -0.8939
vn 0.7850 0.4421 0.4341
vn 0.8106 -0.3788 0.4466
vn 0.4761 -0.3793 0.7934
vn 0.0156 0.4434 0.8962
vn 0.0159 -0.3784 0.9255
vn -0.0158 -0.3716 -0.9282
vn 0.3238 -0.7479 -0.5795
vn -0.0106 -0.7450 -0.6670
vn 0.5692 -0.7483 -0.3407
vn 0.6699 -0.7423 -0.0116
vn 0.9268 -0.3753 -0.0167
vn 0.5852 -0.7436 0.3234
vn 0.3435 -0.7481 0.5677
vn 0.4761 -0.3794 0.7934
vn 0.0108 -0.7448 0.6672
vn 0.0159 -0.3786 0.9254
vn -0.8974 0.4410 0.0147
vn -0.5061 0.8131 -0.2875
vn -0.7864 0.4408 -0.4327
vn -0.5696 0.8219 0.0103
vn -0.7691 0.4412 0.4624
vn -0.4888 0.8218 0.2927
vn -0.4329 0.4441 0.7845
vn -0.2730 0.8254 0.4941
vn 0.0156 0.4435 0.8961
vn 0.0097 0.8242 0.5662
vn -0.2976 0.8103 -0.5048
vn -0.4645 0.4407 -0.7681
vn -0.0136 0.8228 -0.5681
vn -0.0170 0.4478 -0.8940
vn -0.7945 -0.3779 0.4753
vn -0.8974 0.4410 0.0148
vn -0.9264 -0.3763 0.0153
vn -0.7691 0.4413 0.4624
vn -0.4469 -0.3795 0.8101
vn 0.0156 0.4432 0.8963
vn -0.8100 -0.3740 -0.4516
vn -0.4783 -0.3737 -0.7947
vn -0.4645 0.4409 -0.7681
vn -0.0158 -0.3716 -0.9283
vn 0.0158 -0.3785 0.9255
vn -0.3217 -0.7480 0.5806
vn -0.4469 -0.3796 0.8101
vn -0.5731 -0.7441 0.3434
vn -0.6702 -0.7421 0.0108
vn -0.9264 -0.3763 0.0152
vn -0.5819 -0.7482 -0.3188
vn -0.3442 -0.7487 -0.5665
vn -0.0106 -0.7449 -0.6671
vn -0.0159 -0.3716 -0.9283
vn -0.0177 0.1052 -0.9943
vn -0.2596 0.9508 -0.1691
vn -0.2598 0.9507 -0.1690
vn 0.2537 0.9507 -0.1783
vn 0.2534 0.9508 -0.1783
vn -0.9998 0.0010 0.0180
vn -0.9998 0.0015 0.0180
vn 0.0097 0.1931 0.9811
vn 0.0252 0.1932 0.9808
vn 0.0175 0.1898 0.9817
vn 0.0034 0.2003 0.9797
vn 0.0315 0.2005 0.9792
vn 0.9998 0.0051 -0.0187
vn 0.9998 0.0015 -0.0176
vn -0.2556 0.9502 0.1781
vn -0.2558 0.9502 0.1781
vn 0.2620 0.9501 0.1691
vn 0.2617 0.9502 0.1690
vn -0.9998 0.0010 0.0175
vn -0.9998 0.0015 0.0176
vn -0.0149 0.1813 -0.9833
vn -0.0175 0.1825 -0.9831
vn -0.0201 0.1813 -0.9832
vn -0.0128 0.1788 -0.9838
vn -0.0221 0.1791 -0.9836
vn 0.9998 0.0048 -0.0169
vn 0.9998 0.0014 -0.0180
vn 0.0177 0.0957 0.9953
vn 0.0177 0.0957 0.9952
vn -0.0189 0.0285 -0.9994
vn -0.5162 0.0306 -0.8560
vn -0.5143 0.0325 -0.8570
vn -0.8745 0.0330 -0.4839
vn -0.8739 0.0337 -0.4849
vn -0.9993 0.0331 0.0170
vn -0.9993 0.0329 0.0170
vn -0.8574 0.0336 0.5136
vn -0.8568 0.0331 0.5146
vn -0.4834 0.0324 0.8748
vn -0.4844 0.0332 0.8742
vn 0.0166 0.0350 0.9993
vn 0.0166 0.0350 0.9992
vn -0.0037 0.9774 -0.2113
vn -0.1099 0.9774 -0.1807
vn -0.0038 0.9774 -0.2113
vn -0.1094 0.9774 -0.1808
vn -0.1851 0.9774 -0.1021
vn -0.1848 0.9774 -0.1022
vn -0.2110 0.9775 0.0034
vn -0.2110 0.9775 0.0036
vn -0.1809 0.9775 0.1089
vn -0.1810 0.9775 0.1087
vn -0.1025 0.9776 0.1839
vn -0.1020 0.9776 0.1841
vn 0.0042 0.9775 0.2110
vn 0.0039 0.9775 0.2111
vn 0.5155 0.0332 0.8562
vn 0.8747 0.0330 0.4835
vn 0.8742 0.0337 0.4845
vn 0.9993 0.0331 -0.0185
vn 0.9993 0.0329 -0.0185
vn 0.8569 0.0336 -0.5145
vn 0.8563 0.0331 -0.5154
vn 0.4857 0.0325 -0.8735
vn 0.4838 0.0306 -0.8746
vn 0.1084 0.9776 0.1806
vn 0.1082 0.9776 0.1805
vn 0.1846 0.9775 0.1021
vn 0.1848 0.9775 0.1021
vn 0.2110 0.9775 -0.0041
vn 0.2109 0.9775 -0.0039
vn 0.1813 0.9775 -0.1083
vn 0.1812 0.9774 -0.1087
vn 0.1030 0.9774 -0.1844
vn 0.1029 0.9774 -0.1848
vn 0.0171 0.2838 0.9587
vn 0.0171 0.2837 0.9587
vn -0.5147 0.0150 -0.8572
vn -0.0178 0.0157 -0.9997
vn -0.0177 0.0151 -0.9997
vn -0.5158 0.0158 -0.8566
vn -0.8750 0.0152 -0.4839
vn -0.8759 0.0159 -0.4822
vn -0.9997 0.0153 0.0187
vn -0.9997 0.0158 0.0188
vn -0.8579 0.0154 0.5135
vn -0.8564 0.0159 0.5161
vn -0.4805 0.0150 0.8769
vn -0.4859 0.0161 0.8739
vn 0.0178 0.0162 0.9997
vn 0.0179 0.0143 0.9997
vn -0.9997 0.0163 0.0178
vn -0.8549 0.0163 0.5185
vn -0.4838 0.0163 0.8751
vn 0.0177 0.0163 0.9997
vn -0.0178 0.0166 -0.9997
vn -0.5137 0.0164 -0.8578
vn -0.8745 0.0163 -0.4848
vn 0.5113 0.0153 0.8593
vn 0.5167 0.0161 0.8560
vn 0.8754 0.0157 0.4831
vn 0.8740 0.0158 0.4856
vn 0.9997 0.0153 -0.0168
vn 0.9997 0.0158 -0.0167
vn 0.8569 0.0154 -0.5152
vn 0.8581 0.0157 -0.5132
vn 0.4839 0.0152 -0.8750
vn 0.4849 0.0156 -0.8744
vn -0.0178 0.0156 -0.9997
vn 0.9997 0.0163 -0.0178
vn 0.8569 0.0164 -0.5152
vn 0.4831 0.0166 -0.8754
vn -0.0179 0.0166 -0.9997
vn 0.5150 0.0161 0.8570
vn 0.8730 0.0161 0.4875
vn -0.4839 0.0150 0.8750
vn 0.0178 0.0156 0.9997
vn -0.4850 0.0158 0.8744
vn 0.0179 0.0151 0.9997
vn -0.8572 0.0152 0.5147
vn -0.8582 0.0159 0.5130
vn -0.9997 0.0153 0.0169
vn -0.9997 0.0158 0.0168
vn -0.8757 0.0154 -0.4827
vn -0.8742 0.0159 -0.4853
vn -0.5113 0.0150 -0.8593
vn -0.5167 0.0161 -0.8560
vn -0.0178 0.0162 -0.9997
vn -0.0177 0.0143 -0.9997
vn -0.8728 0.0163 -0.4878
vn -0.5146 0.0163 -0.8573
vn -0.0178 0.0163 -0.9997
vn -0.8566 0.0163 0.5156
vn -0.4829 0.0164 0.8755
vn 0.0177 0.0166 0.9997
vn 0.4804 0.0153 -0.8769
vn -0.0177 0.0161 -0.9997
vn 0.4859 0.0161 -0.8739
vn 0.8577 0.0157 -0.5139
vn 0.8562 0.0158 -0.5164
vn 0.9997 0.0153 -0.0188
vn 0.9997 0.0158 -0.0188
vn 0.8747 0.0154 0.4844
vn 0.8758 0.0157 0.4824
vn 0.5147 0.0152 0.8573
vn 0.5157 0.0156 0.8566
vn 0.8747 0.0164 0.4844
vn 0.5139 0.0166 0.8577
vn 0.8551 0.0161 -0.5183
vn 0.4842 0.0161 -0.8748
vt 0.354736 -0.538086
vt 0.307617 -0.627930
vt 0.307617 -0.491943
vt 0.354736 -0.582031
vt 0.547363 -0.537109
vt 0.484131 -0.452148
vt 0.547363 -0.452148
vt 0.484131 -0.537109
vt 0.547363 -0.986328
vt 0.484131 -0.986328
vt 0.582031 -0.387207
vt 0.553223 -0.443115
vt 0.553223 -0.387207
vt 0.582031 -0.443115
vt 0.553223 -0.537109
vt 0.582031 -0.986328
vt 0.582031 -0.537109
vt 0.553223 -0.986328
vt 0.582031 -0.452148
vt 0.553223 -0.452148
vt 0.476074 -0.378418
vt 0.403320 -0.443115
vt 0.403320 -0.378418
vt 0.476074 -0.443115
vt 0.546875 -0.537109
vt 0.546875 -0.452148
vt 0.546875 -0.986328
vt 0.403320 -0.452148
vt 0.403320 -0.537109
vt 0.476074 -0.537109
vt 0.476074 -0.452148
vt 0.403320 -0.986328
vt 0.476074 -0.986328
vt 0.515625 -0.452148
vt 0.515625 -0.537109
vt 0.515625 -0.986328
vt 0.598633 -0.986328
vt 0.589844 -0.537109
vt 0.598633 -0.537109
vt 0.589844 -0.986328
vt 0.598633 -0.452148
vt 0.589844 -0.452148
vt 0.587891 -0.410889
vt 0.596191 -0.427002
vt 0.587891 -0.443115
vt 0.596191 -0.410889
vt 0.596191 -0.443115
vt 0.269043 -0.344971
vt 0.242065 -0.466064
vt 0.269043 -0.466064
vt 0.242065 -0.344971
vt 0.242065 -0.471436
vt 0.269043 -0.657227
vt 0.269043 -0.471436
vt 0.242065 -0.657227
vt 0.269043 -0.987305
vt 0.242065 -0.987305
vt 0.186523 -0.657227
vt 0.232544 -0.987305
vt 0.232544 -0.657227
vt 0.186523 -0.987305
vt 0.186523 -0.471436
vt 0.232544 -0.471436
vt 0.186523 -0.344971
vt 0.232544 -0.466064
vt 0.232544 -0.344971
vt 0.186523 -0.466064
vt 0.493164 -0.397705
vt 0.539063 -0.425537
vt 0.539063 -0.397705
vt 0.493164 -0.425537
vt 0.269043 -0.804688
vt 0.242065 -0.804688
vt 0.232544 -0.804688
vt 0.186523 -0.804688
vt 0.368408 -0.986816
vt 0.279541 -0.657227
vt 0.279541 -0.986816
vt 0.368408 -0.657227
vt 0.279541 -0.471436
vt 0.368408 -0.471436
vt 0.392578 -0.471436
vt 0.376465 -0.657227
vt 0.392578 -0.657227
vt 0.376465 -0.471436
vt 0.392578 -0.986816
vt 0.376465 -0.986816
vt 0.368408 -0.466064
vt 0.279541 -0.344971
vt 0.279541 -0.466064
vt 0.368408 -0.344971
vt 0.392822 -0.466064
vt 0.376465 -0.344971
vt 0.376465 -0.466064
vt 0.392822 -0.344971
vt 0.439697 -0.359863
vt 0.528809 -0.346436
vt 0.439697 -0.346436
vt 0.528809 -0.359863
vt 0.279541 -0.805176
vt 0.368408 -0.805176
vt 0.376465 -0.805176
vt 0.392578 -0.805176
vt 0.384033 -0.113708
vt 0.430664 -0.130615
vt 0.430664 -0.113708
vt 0.384033 -0.130615
vt 0.340820 -0.113708
vt 0.340820 -0.130615
vt 0.297607 -0.113708
vt 0.297607 -0.130615
vt 0.482422 -0.130615
vt 0.482422 -0.113708
vt 0.531250 -0.130615
vt 0.531250 -0.113708
vt 0.576172 -0.130615
vt 0.576172 -0.113708
vt 0.384033 -0.008522
vt 0.430664 -0.108459
vt 0.430664 -0.008522
vt 0.384033 -0.108459
vt 0.340820 -0.008522
vt 0.340820 -0.108459
vt 0.297607 -0.008522
vt 0.297607 -0.108459
vt 0.482422 -0.108459
vt 0.482422 -0.008522
vt 0.531250 -0.108459
vt 0.531250 -0.008522
vt 0.576172 -0.108459
vt 0.576172 -0.008522
vt 0.720215 -0.265381
vt 0.760742 -0.320557
vt 0.760742 -0.265381
vt 0.720215 -0.320557
vt 0.809082 -0.320557
vt 0.809082 -0.265381
vt 0.860840 -0.265381
vt 0.860840 -0.320557
vt 0.907715 -0.320557
vt 0.907715 -0.265381
vt 0.950684 -0.320557
vt 0.950684 -0.265381
vt 0.991699 -0.320557
vt 0.991699 -0.265381
vt 0.760742 -0.302002
vt 0.720215 -0.302002
vt 0.809082 -0.302002
vt 0.860840 -0.302002
vt 0.907715 -0.302002
vt 0.950684 -0.302002
vt 0.991699 -0.302002
vt 0.846680 -0.324707
vt 0.898438 -0.334961
vt 0.846680 -0.334961
vt 0.898438 -0.324707
vt 0.800293 -0.324707
vt 0.800293 -0.334961
vt 0.756836 -0.324707
vt 0.756836 -0.334961
vt 0.720215 -0.324707
vt 0.720215 -0.334961
vt 0.947266 -0.334961
vt 0.947266 -0.324707
vt 0.991699 -0.334961
vt 0.991699 -0.324707
vt 0.800293 -0.302002
vt 0.846680 -0.320557
vt 0.800293 -0.320557
vt 0.846680 -0.302002
vt 0.756836 -0.302002
vt 0.756836 -0.320557
vt 0.898438 -0.320557
vt 0.898438 -0.302002
vt 0.947266 -0.302002
vt 0.947266 -0.320557
vt 0.546875 -0.567871
vt 0.484131 -0.624512
vt 0.546875 -0.624512
vt 0.484131 -0.567871
vt 0.484131 -0.682129
vt 0.546875 -0.682129
vt 0.546875 -0.740234
vt 0.484131 -0.740234
vt 0.484131 -0.795898
vt 0.546875 -0.795898
vt 0.484131 -0.849609
vt 0.546875 -0.849609
vt 0.484131 -0.904297
vt 0.546875 -0.904297
vt 0.484131 -0.847168
vt 0.546875 -0.847168
vt 0.484131 -0.789551
vt 0.546875 -0.789551
vt 0.546875 -0.731445
vt 0.484131 -0.731445
vt 0.484131 -0.676270
vt 0.546875 -0.676270
vt 0.484131 -0.622559
vt 0.546875 -0.622559
vt 0.546387 -0.559570
vt 0.484619 -0.481934
vt 0.546387 -0.481934
vt 0.484619 -0.559570
vt 0.546387 -0.636719
vt 0.484619 -0.636719
vt 0.546387 -0.714355
vt 0.484619 -0.714355
vt 0.546387 -0.791504
vt 0.484619 -0.791504
vt 0.546387 -0.869141
vt 0.484619 -0.869141
vt 0.546387 -0.946289
vt 0.484619 -0.946289
vt 0.144409 -0.345947
vt 0.172607 -0.528809
vt 0.172607 -0.345947
vt 0.144409 -0.528809
vt 0.116882 -0.345947
vt 0.116882 -0.528809
vt 0.089294 -0.345947
vt 0.089294 -0.528809
vt 0.061829 -0.345947
vt 0.061829 -0.528809
vt 0.034363 -0.345947
vt 0.034363 -0.528809
vt 0.008453 -0.528809
vt 0.008453 -0.345947
vt 0.089294 -0.987793
vt 0.061829 -0.987793
vt 0.034363 -0.987793
vt 0.008453 -0.987793
vt 0.172607 -0.987793
vt 0.144409 -0.987793
vt 0.116882 -0.987793
s 1
g センター
g NarukamiShrine_mesh.087_Torii
usemtl Torii
f 3/1/1 2/2/1 1/3/1
f 3/1/1 4/4/2 2/2/1
s 2
f 7/5/3 6/6/3 5/7/3
f 7/5/3 8/8/3 6/6/3
f 9/9/3 8/8/3 7/5/3
f 9/9/3 10/10/3 8/8/3
s 3
f 13/5/4 12/6/4 11/7/4
f 13/5/4 14/8/4 12/6/4
f 15/9/4 14/8/4 13/5/4
f 15/9/4 16/10/4 14/8/4
s 4
f 19/9/3 18/8/3 17/5/3
f 19/9/3 20/10/3 18/8/3
s 5
f 23/9/4 22/8/4 21/5/4
f 23/9/4 24/10/4 22/8/4
s 6
f 27/8/4 26/7/4 25/6/4
f 27/8/4 28/5/4 26/7/4
s 7
f 31/8/3 30/7/3 29/6/3
f 31/8/3 32/5/3 30/7/3
s 8
f 35/11/5 34/12/5 33/13/5
f 35/11/5 36/14/5 34/12/5
s 9
f 39/11/6 38/12/6 37/13/6
f 39/11/6 40/14/6 38/12/6
s 10
f 43/15/7 42/16/8 41/17/7
f 43/15/7 44/18/8 42/16/8
f 45/19/7 43/15/7 41/17/7
f 45/19/7 46/20/7 43/15/7
s 11
f 49/15/9 48/16/9 47/17/9
f 49/15/9 50/18/8 48/16/9
s 12
f 53/20/7 52/17/8 51/15/8
f 53/20/7 54/19/7 52/17/8
s 13
f 57/21/10 56/22/10 55/23/10
f 57/21/10 58/24/10 56/22/10
s 14
f 61/25/3 60/6/3 59/26/3
f 61/25/3 62/8/3 60/6/3
f 63/27/3 62/8/3 61/25/3
f 63/27/3 64/10/3 62/8/3
s 15
f 67/28/11 65/29/11 66/30/11
f 67/28/11 66/30/11 68/31/11
s 16
f 71/25/4 70/6/4 69/26/4
f 71/25/4 72/8/4 70/6/4
f 73/27/4 72/8/4 71/25/4
f 73/27/4 74/10/4 72/8/4
s 17
f 77/32/12 76/30/13 75/33/12
f 77/32/12 78/29/13 76/30/13
f 78/29/13 79/31/14 76/30/13
f 78/29/13 80/28/14 79/31/14
s 18
f 83/27/3 82/8/3 81/25/3
f 83/27/3 84/10/3 82/8/3
s 19
f 87/27/4 86/8/4 85/25/4
f 87/27/4 88/10/4 86/8/4
s 20
f 91/32/15 90/30/16 89/33/16
f 91/32/15 92/29/15 90/30/16
s 21
f 95/27/3 94/8/3 93/25/3
f 95/27/3 96/10/3 94/8/3
s 22
f 99/27/4 98/8/4 97/25/4
f 99/27/4 100/10/4 98/8/4
s 23
f 103/32/17 102/30/18 101/33/19
f 103/32/17 104/29/20 102/30/18
s 24
f 107/22/21 106/21/21 105/24/21
f 107/22/21 108/23/21 106/21/21
s 25
f 111/8/4 110/26/4 109/6/4
f 111/8/4 112/25/4 110/26/4
s 26
f 115/29/22 114/31/22 113/30/22
f 115/29/22 116/28/22 114/31/22
s 27
f 119/8/3 118/26/3 117/6/3
f 119/8/3 120/25/3 118/26/3
s 28
f 123/28/23 122/30/24 121/31/23
f 123/28/23 124/29/25 122/30/24
s 29
f 127/25/26 126/34/27 125/26/28
f 127/25/26 128/35/27 126/34/27
f 129/27/28 128/35/27 127/25/26
f 129/27/28 130/36/27 128/35/27
f 128/35/27 131/6/29 126/34/27
f 128/35/27 132/8/29 131/6/29
f 130/36/27 132/8/29 128/35/27
f 130/36/27 133/10/29 132/8/29
s 30
f 136/27/26 135/35/27 134/25/28
f 136/27/26 137/36/27 135/35/27
f 137/36/27 138/8/29 135/35/27
f 137/36/27 139/10/29 138/8/29
s 31
f 142/8/29 141/34/27 140/6/29
f 142/8/29 143/35/27 141/34/27
f 143/35/27 144/26/26 141/34/27
f 143/35/27 145/25/28 144/26/26
s 32
f 148/37/3 147/38/3 146/39/3
f 148/37/3 149/40/3 147/38/3
f 150/41/3 146/39/3 147/38/3
f 150/41/3 147/38/3 151/42/3
s 33
f 154/37/3 153/38/3 152/39/3
f 154/37/3 155/40/3 153/38/3
s 34
f 158/41/3 157/38/3 156/39/3
f 158/41/3 159/42/3 157/38/3
s 35
f 162/25/30 161/6/7 160/26/7
f 162/25/30 163/8/31 161/6/7
f 164/27/32 163/8/31 162/25/30
f 164/27/32 165/10/33 163/8/31
s 36
f 168/27/33 167/8/33 166/25/34
f 168/27/33 169/10/33 167/8/33
s 37
f 172/8/33 171/26/33 170/6/33
f 172/8/33 173/25/33 171/26/33
s 38
f 176/37/4 175/38/4 174/39/4
f 176/37/4 177/40/4 175/38/4
f 178/41/4 174/39/4 175/38/4
f 178/41/4 175/38/4 179/42/4
s 39
f 182/43/35 181/44/35 180/45/35
f 182/43/35 183/46/35 181/44/35
f 181/44/35 184/47/35 180/45/35
s 40
f 187/37/4 186/38/4 185/39/4
f 187/37/4 188/40/4 186/38/4
s 41
f 191/43/36 190/44/37 189/46/38
f 191/43/36 192/45/39 190/44/37
f 192/45/39 193/47/40 190/44/37
s 42
f 196/41/4 195/38/4 194/39/4
f 196/41/4 197/42/4 195/38/4
s 43
f 200/22/41 199/21/41 198/23/41
f 200/22/41 201/24/41 199/21/41
s 44
f 204/25/3 203/6/3 202/8/3
f 204/25/3 205/26/3 203/6/3
f 206/27/3 204/25/3 202/8/3
f 206/27/3 202/8/3 207/10/3
s 45
f 210/25/4 209/6/4 208/8/4
f 210/25/4 211/26/4 209/6/4
f 213/27/4 208/8/4 212/10/4
f 213/27/4 210/25/4 208/8/4
s 46
f 216/30/42 215/32/43 214/33/44
f 216/30/42 217/29/42 215/32/43
f 218/28/45 217/29/42 216/30/42
f 218/28/45 216/30/42 219/31/45
s 47
f 222/27/3 221/8/3 220/10/3
f 222/27/3 223/25/3 221/8/3
s 48
f 226/27/4 225/8/4 224/10/4
f 226/27/4 227/25/4 225/8/4
s 49
f 230/30/46 229/32/47 228/33/46
f 230/30/46 231/29/47 229/32/47
s 50
f 234/27/3 233/8/3 232/10/3
f 234/27/3 235/25/3 233/8/3
s 51
f 238/27/4 237/8/4 236/10/4
f 238/27/4 239/25/4 237/8/4
s 52
f 242/30/48 241/32/49 240/33/49
f 242/30/48 243/29/50 241/32/49
s 53
f 246/21/51 245/22/51 244/24/51
f 246/21/51 247/23/51 245/22/51
s 54
f 250/8/4 249/26/4 248/25/4
f 250/8/4 251/6/4 249/26/4
s 55
f 254/8/3 253/26/3 252/25/3
f 254/8/3 255/6/3 253/26/3
s 56
f 258/30/52 257/28/53 256/31/53
f 258/30/52 259/29/53 257/28/53
s 57
f 262/48/3 261/49/3 260/50/3
f 262/48/3 263/51/3 261/49/3
s 58
f 266/52/3 265/53/3 264/54/3
f 266/52/3 267/55/3 265/53/3
f 267/55/3 268/56/3 265/53/3
f 267/55/3 269/57/3 268/56/3
s 59
f 272/50/4 271/51/4 270/49/4
f 272/50/4 273/48/4 271/51/4
s 60
f 276/52/4 275/53/4 274/54/4
f 276/52/4 277/55/4 275/53/4
f 277/55/4 278/56/4 275/53/4
f 277/55/4 279/57/4 278/56/4
s 61
f 282/58/54 281/59/55 280/60/54
f 282/58/54 283/61/55 281/59/55
f 284/62/56 282/58/54 280/60/54
f 284/62/56 280/60/54 285/63/56
s 62
f 288/64/57 287/65/56 286/66/57
f 288/64/57 289/67/56 287/65/56
s 63
f 292/68/58 291/69/59 290/70/60
f 292/68/58 293/71/59 291/69/59
s 64
f 296/65/61 295/64/62 294/67/63
f 296/65/61 297/66/64 295/64/62
s 65
f 300/60/65 299/62/66 298/58/65
f 300/60/65 301/63/67 299/62/66
f 302/59/7 300/60/65 298/58/65
f 302/59/7 298/58/65 303/61/7
s 66
f 306/70/68 305/71/69 304/68/70
f 306/70/68 307/69/69 305/71/69
s 67
f 310/48/3 309/49/3 308/51/3
f 310/48/3 311/50/3 309/49/3
s 68
f 314/66/71 313/67/72 312/64/71
f 314/66/71 315/65/73 313/67/72
s 69
f 318/57/3 317/72/3 316/73/3
f 318/57/3 319/56/3 317/72/3
f 316/73/3 317/72/3 320/54/3
f 316/73/3 320/54/3 321/52/3
s 70
f 324/74/74 323/62/55 322/75/74
f 324/74/74 325/63/55 323/62/55
f 326/59/75 324/74/74 322/75/74
f 326/59/75 322/75/74 327/61/76
s 71
f 330/50/4 329/51/4 328/48/4
f 330/50/4 331/49/4 329/51/4
s 72
f 334/67/77 333/66/70 332/65/77
f 334/67/77 335/64/70 333/66/70
s 73
f 338/57/4 337/72/4 336/73/4
f 338/57/4 339/56/4 337/72/4
f 336/73/4 337/72/4 340/54/4
f 336/73/4 340/54/4 341/52/4
s 74
f 344/63/7 343/75/78 342/74/78
f 344/63/7 345/62/7 343/75/78
f 343/75/78 346/59/77 342/74/78
f 343/75/78 347/61/77 346/59/77
s 75
f 350/76/79 349/77/80 348/78/81
f 350/76/79 351/79/82 349/77/80
f 351/79/82 352/80/83 349/77/80
f 351/79/82 353/81/84 352/80/83
s 76
f 356/82/85 355/83/86 354/84/87
f 356/82/85 357/85/88 355/83/86
f 355/83/86 358/86/89 354/84/87
f 355/83/86 359/87/90 358/86/89
s 77
f 362/88/84 361/89/91 360/90/83
f 362/88/84 363/91/92 361/89/91
s 78
f 366/92/93 365/93/94 364/94/95
f 366/92/93 367/95/94 365/93/94
s 79
f 370/96/96 369/97/97 368/98/98
f 370/96/96 371/99/99 369/97/97
s 80
f 374/76/100 373/77/101 372/79/102
f 374/76/100 375/78/103 373/77/101
f 373/77/101 376/81/104 372/79/102
f 373/77/101 377/80/105 376/81/104
s 81
f 380/88/106 379/89/107 378/91/108
f 380/88/106 381/90/109 379/89/107
s 82
f 384/81/110 383/100/111 382/101/112
f 384/81/110 385/80/81 383/100/111
f 382/101/112 383/100/111 386/78/113
f 382/101/112 386/78/113 387/76/114
s 83
f 390/86/115 389/102/116 388/87/117
f 390/86/115 391/103/118 389/102/116
f 389/102/116 391/103/118 392/82/119
f 389/102/116 392/82/119 393/85/119
s 84
f 396/88/120 395/89/121 394/91/122
f 396/88/120 397/90/123 395/89/121
s 85
f 400/92/115 399/93/124 398/95/124
f 400/92/115 401/94/117 399/93/124
s 86
f 404/96/125 403/97/126 402/99/127
f 404/96/125 405/98/128 403/97/126
s 87
f 408/81/129 407/100/130 406/80/103
f 408/81/129 409/101/131 407/100/130
f 407/100/130 409/101/131 410/76/132
f 407/100/130 410/76/132 411/78/133
s 88
f 414/88/134 413/89/135 412/90/136
f 414/88/134 415/91/137 413/89/135
s 89
f 418/81/138 417/100/139 416/101/140
f 418/81/138 1317/80/141 417/100/139
f 416/101/140 417/100/139 419/78/142
f 416/101/140 419/78/142 420/76/143
s 90
f 423/86/144 422/102/145 421/87/146
f 423/86/144 424/103/147 422/102/145
f 422/102/145 424/103/147 425/82/148
f 422/102/145 425/82/148 426/85/148
s 91
f 428/88/143 1318/89/149 427/91/150
f 428/88/143 1319/90/142 1318/89/149
s 92
f 431/92/151 430/93/152 429/95/152
f 431/92/151 432/94/153 430/93/152
s 93
f 1320/96/154 434/97/155 433/99/156
f 1320/96/154 435/98/157 434/97/155
s 94
f 438/81/158 437/100/159 436/80/160
f 438/81/158 439/101/161 437/100/159
f 437/100/159 439/101/161 440/76/162
f 437/100/159 440/76/162 441/78/163
s 95
f 444/88/164 443/89/165 442/90/166
f 444/88/164 445/91/167 443/89/165
s 89
f 418/81/138 1321/100/168 1317/80/141
f 418/81/138 446/101/169 1321/100/168
f 446/101/169 1322/78/170 1321/100/168
f 446/101/169 447/76/171 1322/78/170
s 90
f 450/86/172 449/102/173 448/103/174
f 450/86/172 451/87/175 449/102/173
f 449/102/173 425/82/148 448/103/174
f 449/102/173 426/85/148 425/82/148
s 96
f 452/88/176 1324/89/177 1323/90/178
f 452/88/176 453/91/179 1324/89/177
s 97
f 456/92/172 455/93/180 454/94/175
f 456/92/172 457/95/180 455/93/180
s 98
f 1325/96/181 459/97/182 458/98/183
f 1325/96/181 460/99/184 459/97/182
s 94
f 438/81/158 462/100/185 461/101/186
f 438/81/158 436/80/160 462/100/185
f 462/100/185 463/76/187 461/101/186
f 462/100/185 464/78/188 463/76/187
s 99
f 467/88/187 466/89/189 465/91/190
f 467/88/187 468/90/191 466/89/189
s 100
f 471/104/192 470/105/193 469/106/194
f 471/104/192 472/107/195 470/105/193
f 473/108/196 472/107/195 471/104/192
f 473/108/196 474/109/197 472/107/195
f 475/110/198 474/109/197 473/108/196
f 475/110/198 476/111/199 474/109/197
f 469/106/194 470/105/193 477/112/200
f 469/106/194 477/112/200 478/113/201
f 478/113/201 477/112/200 479/114/202
f 478/113/201 479/114/202 480/115/203
f 480/115/203 479/114/202 481/116/204
f 480/115/203 481/116/204 482/117/205
s 101
f 485/104/195 484/105/206 483/106/207
f 485/104/195 486/107/208 484/105/206
s 102
f 487/108/197 486/107/209 1326/104/210
f 487/108/197 488/109/211 486/107/209
s 103
f 489/110/199 488/109/211 1327/108/212
f 489/110/199 490/111/35 488/109/211
s 104
f 1328/106/213 484/105/214 491/112/215
f 1328/106/213 491/112/215 492/113/216
s 105
f 1329/113/217 491/112/218 493/114/219
f 1329/113/217 493/114/219 494/115/220
s 106
f 1330/115/221 493/114/222 495/116/223
f 1330/115/221 495/116/223 496/117/224
s 107
f 499/118/225 498/119/194 497/120/4
f 499/118/225 500/121/192 498/119/194
s 108
f 501/122/226 1331/121/227 499/118/228
f 501/122/226 502/123/196 1331/121/227
s 109
f 503/124/229 1332/123/230 501/122/231
f 503/124/229 504/125/232 1332/123/230
s 110
f 497/120/233 1333/119/234 505/126/235
f 497/120/233 505/126/235 506/127/236
s 111
f 506/127/237 1334/126/238 507/128/239
f 506/127/237 507/128/239 508/129/240
s 112
f 508/129/241 1335/128/242 509/130/243
f 508/129/241 509/130/243 510/131/244
s 113
f 513/109/55 512/110/55 511/111/55
f 513/109/55 514/108/55 512/110/55
f 515/107/55 514/108/55 513/109/55
f 515/107/55 516/104/55 514/108/55
f 517/105/55 516/104/55 515/107/55
f 517/105/55 518/106/55 516/104/55
f 519/112/55 518/106/55 517/105/55
f 519/112/55 520/113/55 518/106/55
f 521/114/55 520/113/55 519/112/55
f 521/114/55 522/115/55 520/113/55
f 523/116/55 522/115/55 521/114/55
f 523/116/55 524/117/55 522/115/55
s 114
f 527/104/245 526/105/246 525/106/247
f 527/104/245 528/107/248 526/105/246
f 529/108/249 528/107/248 527/104/245
f 529/108/249 530/109/250 528/107/248
f 531/110/205 530/109/250 529/108/249
f 531/110/205 532/111/204 530/109/250
f 525/106/247 526/105/246 533/112/251
f 525/106/247 533/112/251 534/113/252
f 534/113/252 533/112/251 535/114/253
f 534/113/252 535/114/253 536/115/254
f 536/115/254 535/114/253 537/116/199
f 536/115/254 537/116/199 538/117/255
s 115
f 541/104/256 540/105/257 539/106/258
f 541/104/256 542/107/259 540/105/257
s 116
f 543/108/260 542/107/261 1336/104/262
f 543/108/260 544/109/263 542/107/261
s 117
f 545/110/264 544/109/265 1337/108/264
f 545/110/264 546/111/266 544/109/265
s 118
f 1338/106/267 540/105/268 547/112/269
f 1338/106/267 547/112/269 548/113/270
s 119
f 1339/113/271 547/112/272 549/114/273
f 1339/113/271 549/114/273 550/115/253
s 120
f 1340/115/274 549/114/275 551/116/35
f 1340/115/274 551/116/35 552/117/274
s 121
f 555/118/276 554/119/277 553/120/278
f 555/118/276 556/121/279 554/119/277
s 122
f 557/122/280 1341/121/281 555/118/282
f 557/122/280 558/123/283 1341/121/281
s 123
f 559/124/284 1342/123/285 557/122/286
f 559/124/284 560/125/285 1342/123/285
s 124
f 553/120/287 1343/119/288 561/126/289
f 553/120/287 561/126/289 562/127/290
s 125
f 562/127/290 1344/126/291 563/128/254
f 562/127/290 563/128/254 564/129/292
s 126
f 564/129/292 1345/128/293 565/130/293
f 564/129/292 565/130/293 566/131/229
s 127
f 569/109/55 568/110/55 567/111/55
f 569/109/55 570/108/55 568/110/55
f 571/107/55 570/108/55 569/109/55
f 571/107/55 572/104/55 570/108/55
f 573/105/55 572/104/55 571/107/55
f 573/105/55 574/106/55 572/104/55
f 575/112/55 574/106/55 573/105/55
f 575/112/55 576/113/55 574/106/55
f 577/114/55 576/113/55 575/112/55
f 577/114/55 578/115/55 576/113/55
f 579/116/55 578/115/55 577/114/55
f 579/116/55 580/117/55 578/115/55
s 128
f 583/132/294 582/133/295 581/134/296
f 583/132/294 584/135/297 582/133/295
f 581/134/296 582/133/295 585/136/298
f 581/134/296 585/136/298 586/137/299
f 585/136/298 587/138/300 586/137/299
f 585/136/298 588/139/301 587/138/300
f 587/138/300 588/139/301 589/140/302
f 587/138/300 589/140/302 590/141/303
f 590/141/303 589/140/302 591/142/304
f 590/141/303 591/142/304 592/143/305
f 592/143/305 591/142/304 593/144/306
f 592/143/305 593/144/306 594/145/307
f 584/135/297 595/146/308 582/133/295
f 584/135/297 596/147/309 595/146/308
s 129
f 1346/133/310 595/146/311 597/148/312
f 1346/133/310 597/148/312 585/136/313
s 130
f 1347/136/314 597/148/315 598/149/316
f 1347/136/314 598/149/316 588/139/317
s 131
f 1348/139/318 598/149/319 599/150/320
f 1348/139/318 599/150/320 589/140/302
s 132
f 1349/140/321 599/150/320 600/151/322
f 1349/140/321 600/151/322 591/142/304
s 133
f 1350/142/323 600/151/322 601/152/324
f 1350/142/323 601/152/324 593/144/325
s 134
f 604/132/307 603/133/326 602/134/327
f 604/132/307 605/135/306 603/133/326
f 602/134/327 603/133/326 606/136/328
f 602/134/327 606/136/328 607/137/329
f 606/136/328 608/138/330 607/137/329
f 606/136/328 609/139/331 608/138/330
f 608/138/330 609/139/331 610/140/332
f 608/138/330 610/140/332 611/141/333
f 611/141/333 610/140/332 612/142/334
f 611/141/333 612/142/334 613/143/335
f 613/143/335 612/142/334 614/144/297
f 613/143/335 614/144/297 615/145/336
s 135
f 1351/135/337 616/146/338 603/133/339
f 1351/135/337 617/147/340 616/146/338
s 136
f 1352/133/341 616/146/338 618/148/342
f 1352/133/341 618/148/342 606/136/343
s 137
f 1353/136/344 618/148/342 619/149/345
f 1353/136/344 619/149/345 609/139/331
s 138
f 1354/139/346 619/149/347 620/150/348
f 1354/139/346 620/150/348 610/140/349
s 139
f 1355/140/350 620/150/351 621/151/352
f 1355/140/350 621/151/352 612/142/353
s 140
f 1356/142/354 621/151/355 622/152/356
f 1356/142/354 622/152/356 1357/144/357
s 141
f 625/153/358 624/154/359 623/155/360
f 625/153/358 626/156/361 624/154/359
f 627/157/362 625/153/358 623/155/360
f 627/157/362 623/155/360 628/158/363
f 629/159/364 627/157/362 628/158/363
f 629/159/364 628/158/363 630/160/365
f 631/161/366 629/159/364 630/160/365
f 631/161/366 630/160/365 632/162/367
f 626/156/361 633/163/368 624/154/359
f 626/156/361 634/164/369 633/163/368
f 634/164/369 635/165/370 633/163/368
f 634/164/369 636/166/371 635/165/370
s 142
f 639/167/372 638/168/358 637/169/362
f 639/167/372 640/170/373 638/168/358
f 641/171/374 639/167/372 637/169/362
f 641/171/374 637/169/362 642/172/364
f 643/147/375 641/171/374 642/172/364
f 643/147/375 642/172/364 644/135/376
f 640/170/373 645/173/377 638/168/358
f 640/170/373 646/174/378 645/173/377
f 645/173/377 646/174/378 647/175/379
f 645/173/377 647/175/379 648/176/369
f 647/175/379 649/144/380 648/176/369
f 647/175/379 650/152/381 649/144/380
s 143
f 653/161/375 652/160/382 651/159/374
f 653/161/375 654/162/383 652/160/382
f 651/159/374 652/160/382 655/158/384
f 651/159/374 655/158/384 656/157/372
f 656/157/372 655/158/384 657/155/385
f 656/157/372 657/155/385 658/153/373
f 658/153/373 657/155/385 659/154/386
f 658/153/373 659/154/386 660/156/378
f 660/156/378 659/154/386 661/163/387
f 660/156/378 661/163/387 662/164/388
f 662/164/388 661/163/387 663/165/389
f 662/164/388 663/165/389 664/166/381
s 144
f 667/153/390 666/154/391 665/155/392
f 667/153/390 668/156/393 666/154/391
f 669/157/394 667/153/390 665/155/392
f 669/157/394 665/155/392 670/158/395
f 671/159/396 669/157/394 670/158/395
f 671/159/396 670/158/395 672/160/397
f 673/161/398 671/159/396 672/160/397
f 673/161/398 672/160/397 674/162/399
f 668/156/393 675/163/400 666/154/391
f 668/156/393 676/164/401 675/163/400
f 676/164/401 677/165/402 675/163/400
f 676/164/401 678/166/376 677/165/402
s 145
f 681/167/403 680/168/390 679/169/404
f 681/167/403 682/170/405 680/168/390
f 683/171/406 681/167/403 679/169/404
f 683/171/406 679/169/404 684/172/407
f 685/147/408 683/171/406 684/172/407
f 685/147/408 684/172/407 686/135/409
f 682/170/405 687/173/410 680/168/390
f 682/170/405 688/174/411 687/173/410
f 687/173/410 688/174/411 689/175/412
f 687/173/410 689/175/412 690/176/413
f 689/175/412 691/144/414 690/176/413
f 689/175/412 692/152/415 691/144/414
s 146
f 695/161/416 694/160/417 693/159/418
f 695/161/416 696/162/389 694/160/417
f 693/159/418 694/160/417 697/158/419
f 693/159/418 697/158/419 698/157/403
f 698/157/403 697/158/419 699/155/420
f 698/157/403 699/155/420 700/153/405
f 700/153/405 699/155/420 701/154/421
f 700/153/405 701/154/421 702/156/411
f 702/156/411 701/154/421 703/163/422
f 702/156/411 703/163/422 704/164/412
f 704/164/412 703/163/422 705/165/423
f 704/164/412 705/165/423 706/166/424
s 147
f 709/25/425 708/6/426 707/8/3
f 709/25/425 710/26/427 708/6/426
s 148
f 713/25/428 712/6/429 711/8/430
f 713/25/428 714/26/431 712/6/429
s 149
f 717/11/432 716/12/432 715/14/432
f 717/11/432 718/13/432 716/12/432
s 150
f 721/25/433 720/34/434 719/26/435
f 721/25/433 722/35/436 720/34/434
f 722/35/436 723/6/437 720/34/434
f 722/35/436 724/8/438 723/6/437
s 151
f 727/41/439 726/38/440 725/42/441
f 727/41/439 728/39/442 726/38/440
s 152
f 731/25/443 730/6/443 729/26/443
f 731/25/443 732/8/443 730/6/443
s 153
f 735/43/444 734/44/445 733/45/446
f 735/43/444 736/46/447 734/44/445
f 734/44/445 737/47/448 733/45/446
s 154
f 740/41/449 739/38/450 738/42/451
f 740/41/449 741/39/452 739/38/450
s 155
f 744/25/453 743/34/454 742/35/455
f 744/25/453 745/26/456 743/34/454
f 742/35/455 743/34/454 746/6/457
f 742/35/455 746/6/457 747/8/458
s 156
f 750/41/459 749/38/460 748/39/461
f 750/41/459 751/42/462 749/38/460
s 157
f 754/25/463 753/6/463 752/8/463
f 754/25/463 755/26/463 753/6/463
s 158
f 758/43/464 757/45/465 756/44/466
f 758/43/464 756/44/466 759/46/467
f 756/44/466 757/45/465 760/47/468
s 159
f 763/41/469 762/38/470 761/39/471
f 763/41/469 764/42/472 762/38/470
s 160
f 767/25/473 766/6/474 765/26/475
f 767/25/473 768/8/3 766/6/474
s 161
f 771/25/476 770/6/477 769/26/478
f 771/25/476 772/8/479 770/6/477
s 162
f 775/11/480 774/12/480 773/13/480
f 775/11/480 776/14/480 774/12/480
s 163
f 779/177/481 778/178/482 777/179/483
f 779/177/481 780/180/484 778/178/482
f 777/179/483 778/178/482 781/181/485
f 777/179/483 781/181/485 782/182/486
f 781/181/485 783/183/487 782/182/486
f 781/181/485 784/184/488 783/183/487
f 783/183/487 784/184/488 785/185/489
f 783/183/487 785/185/489 786/186/490
f 786/186/490 785/185/489 787/187/491
f 786/186/490 787/187/491 788/188/492
f 788/188/492 787/187/491 789/189/493
f 788/188/492 789/189/493 790/190/494
s 164
f 793/177/495 792/178/496 791/179/497
f 793/177/495 794/180/495 792/178/496
f 791/179/497 792/178/496 795/181/498
f 791/179/497 795/181/498 796/182/499
f 796/182/499 795/181/498 797/184/500
f 796/182/499 797/184/500 798/183/501
f 798/183/501 797/184/500 799/185/502
f 798/183/501 799/185/502 800/186/503
f 800/186/503 799/185/502 801/187/504
f 800/186/503 801/187/504 802/188/505
f 802/188/505 801/187/504 803/189/506
f 802/188/505 803/189/506 804/190/507
s 163
f 790/190/494 806/191/508 805/192/509
f 790/190/494 789/189/493 806/191/508
f 805/192/509 806/191/508 807/193/510
f 805/192/509 807/193/510 808/194/511
f 807/193/510 809/195/512 808/194/511
f 807/193/510 810/196/513 809/195/512
f 809/195/512 810/196/513 811/197/514
f 809/195/512 811/197/514 812/198/515
f 812/198/515 811/197/514 813/199/516
f 812/198/515 813/199/516 814/200/517
f 814/200/517 813/199/516 780/180/484
f 814/200/517 780/180/484 779/177/481
s 164
f 804/190/507 816/191/518 815/192/519
f 804/190/507 803/189/506 816/191/518
f 815/192/519 816/191/518 817/193/520
f 815/192/519 817/193/520 818/194/521
f 818/194/521 817/193/520 819/196/522
f 818/194/521 819/196/522 820/195/523
f 820/195/523 819/196/522 821/197/524
f 820/195/523 821/197/524 822/198/525
f 822/198/525 821/197/524 823/199/526
f 822/198/525 823/199/526 824/200/527
f 824/200/527 823/199/526 794/180/495
f 824/200/527 794/180/495 793/177/495
s 165
f 827/201/7 826/202/7 825/203/7
f 827/201/7 828/204/7 826/202/7
f 829/205/7 828/204/7 827/201/7
f 829/205/7 830/206/7 828/204/7
f 831/207/7 830/206/7 829/205/7
f 831/207/7 832/208/7 830/206/7
f 833/209/7 832/208/7 831/207/7
f 833/209/7 834/210/7 832/208/7
f 835/211/7 834/210/7 833/209/7
f 835/211/7 836/212/7 834/210/7
f 837/213/7 836/212/7 835/211/7
f 837/213/7 838/214/7 836/212/7
f 839/211/7 838/214/7 837/213/7
f 839/211/7 840/212/7 838/214/7
f 841/209/7 840/212/7 839/211/7
f 841/209/7 842/210/7 840/212/7
f 843/207/7 842/210/7 841/209/7
f 843/207/7 844/208/7 842/210/7
f 845/205/7 844/208/7 843/207/7
f 845/205/7 846/206/7 844/208/7
f 847/201/7 846/206/7 845/205/7
f 847/201/7 848/204/7 846/206/7
f 825/203/7 848/204/7 847/201/7
f 825/203/7 826/202/7 848/204/7
s 166
f 851/104/528 850/105/529 849/107/530
f 851/104/528 852/106/531 850/105/529
f 853/108/532 851/104/528 849/107/530
f 853/108/532 849/107/530 854/109/533
f 855/110/534 853/108/532 854/109/533
f 855/110/534 854/109/533 856/111/535
f 852/106/531 857/112/536 850/105/529
f 852/106/531 858/113/537 857/112/536
f 858/113/537 859/114/538 857/112/536
f 858/113/537 860/115/539 859/114/538
f 860/115/539 861/116/540 859/114/538
f 860/115/539 862/117/541 861/116/540
s 167
f 865/104/542 864/105/543 863/107/544
f 865/104/542 866/106/545 864/105/543
s 168
f 867/108/546 1358/104/547 863/107/548
f 867/108/546 863/107/548 868/109/549
s 169
f 869/110/550 1359/108/551 868/109/552
f 869/110/550 868/109/552 870/111/553
s 170
f 1360/106/554 871/112/555 864/105/556
f 1360/106/554 872/113/536 871/112/555
s 171
f 1361/113/557 873/114/558 871/112/559
f 1361/113/557 874/115/538 873/114/558
s 172
f 1362/115/560 875/116/35 873/114/558
f 1362/115/560 876/117/540 875/116/35
s 173
f 879/118/561 878/119/562 877/121/563
f 879/118/561 880/120/233 878/119/562
s 174
f 881/122/564 879/118/565 1363/121/566
f 881/122/564 1363/121/566 882/123/567
s 175
f 883/124/244 881/122/568 1364/123/242
f 883/124/244 1364/123/242 884/125/569
s 176
f 880/120/570 885/126/537 1365/119/571
f 880/120/570 886/127/572 885/126/537
s 177
f 886/127/572 887/128/539 1366/126/573
f 886/127/572 888/129/574 887/128/539
s 178
f 888/129/574 889/130/575 1367/128/230
f 888/129/574 890/131/229 889/130/575
s 179
f 893/109/55 892/110/55 891/108/55
f 893/109/55 894/111/55 892/110/55
f 895/107/55 893/109/55 891/108/55
f 895/107/55 891/108/55 896/104/55
f 897/105/55 895/107/55 896/104/55
f 897/105/55 896/104/55 898/106/55
f 899/112/55 897/105/55 898/106/55
f 899/112/55 898/106/55 900/113/55
f 901/114/55 899/112/55 900/113/55
f 901/114/55 900/113/55 902/115/55
f 903/116/55 901/114/55 902/115/55
f 903/116/55 902/115/55 904/117/55
s 180
f 907/104/576 906/105/577 905/107/578
f 907/104/576 908/106/579 906/105/577
f 909/108/580 907/104/576 905/107/578
f 909/108/580 905/107/578 910/109/581
f 911/110/582 909/108/580 910/109/581
f 911/110/582 910/109/581 912/111/540
f 908/106/579 913/112/583 906/105/577
f 908/106/579 914/113/584 913/112/583
f 914/113/584 915/114/585 913/112/583
f 914/113/584 916/115/586 915/114/585
f 916/115/586 917/116/587 915/114/585
f 916/115/586 918/117/588 917/116/587
s 181
f 921/104/589 920/105/590 919/107/591
f 921/104/589 922/106/577 920/105/590
s 182
f 923/108/592 1368/104/593 919/107/591
f 923/108/592 919/107/591 924/109/594
s 183
f 925/110/595 1369/108/595 924/109/594
f 925/110/595 924/109/594 926/111/35
s 184
f 1370/106/596 927/112/597 920/105/598
f 1370/106/596 928/113/599 927/112/597
s 185
f 1371/113/600 929/114/601 927/112/602
f 1371/113/600 930/115/603 929/114/601
s 186
f 1372/115/604 931/116/605 929/114/606
f 1372/115/604 932/117/604 931/116/605
s 187
f 935/118/607 934/119/608 933/121/576
f 935/118/607 936/120/3 934/119/608
s 188
f 937/122/609 935/118/607 1373/121/610
f 937/122/609 1373/121/610 938/123/580
s 189
f 939/124/229 937/122/609 1374/123/293
f 939/124/229 1374/123/293 940/125/293
s 190
f 936/120/611 941/126/612 1375/119/613
f 936/120/611 942/127/614 941/126/612
s 191
f 942/127/615 943/128/616 1376/126/617
f 942/127/615 944/129/618 943/128/616
s 192
f 944/129/619 945/130/285 1377/128/285
f 944/129/619 946/131/284 945/130/285
s 193
f 949/109/55 948/110/55 947/108/55
f 949/109/55 950/111/55 948/110/55
f 951/107/55 949/109/55 947/108/55
f 951/107/55 947/108/55 952/104/55
f 953/105/55 951/107/55 952/104/55
f 953/105/55 952/104/55 954/106/55
f 955/112/55 953/105/55 954/106/55
f 955/112/55 954/106/55 956/113/55
f 957/114/55 955/112/55 956/113/55
f 957/114/55 956/113/55 958/115/55
f 959/116/55 957/114/55 958/115/55
f 959/116/55 958/115/55 960/117/55
s 194
f 963/132/620 962/133/621 961/135/622
f 963/132/620 964/134/623 962/133/621
f 964/134/623 965/136/624 962/133/621
f 964/134/623 966/137/625 965/136/624
f 965/136/624 966/137/625 967/138/626
f 965/136/624 967/138/626 968/139/627
f 967/138/626 969/140/628 968/139/627
f 967/138/626 970/141/629 969/140/628
f 970/141/629 971/142/630 969/140/628
f 970/141/629 972/143/631 971/142/630
f 972/143/631 973/144/632 971/142/630
f 972/143/631 974/145/633 973/144/632
f 961/135/622 976/146/634 975/147/635
f 961/135/622 962/133/621 976/146/634
s 195
f 1378/133/636 977/148/637 976/146/638
f 1378/133/636 965/136/624 977/148/637
s 196
f 1379/136/639 978/149/640 977/148/637
f 1379/136/639 968/139/627 978/149/640
s 197
f 1380/139/641 979/150/642 978/149/643
f 1380/139/641 969/140/644 979/150/642
s 198
f 1381/140/645 980/151/646 979/150/647
f 1381/140/645 971/142/648 980/151/646
s 199
f 1382/142/649 981/152/650 980/151/651
f 1382/142/649 973/144/652 981/152/650
s 200
f 984/132/653 983/133/654 982/135/655
f 984/132/653 985/134/656 983/133/654
f 985/134/656 986/136/657 983/133/654
f 985/134/656 987/137/658 986/136/657
f 986/136/657 987/137/658 988/138/659
f 986/136/657 988/138/659 989/139/660
f 988/138/659 990/140/661 989/139/660
f 988/138/659 991/141/662 990/140/661
f 991/141/662 992/142/663 990/140/661
f 991/141/662 993/143/664 992/142/663
f 993/143/664 994/144/622 992/142/663
f 993/143/664 995/145/620 994/144/622
s 201
f 1383/135/665 997/146/666 996/147/667
f 1383/135/665 983/133/668 997/146/666
s 202
f 1384/133/669 998/148/670 997/146/671
f 1384/133/669 986/136/672 998/148/670
s 203
f 1385/136/673 999/149/674 998/148/675
f 1385/136/673 989/139/676 999/149/674
s 204
f 1386/139/677 1000/150/678 999/149/679
f 1386/139/677 990/140/661 1000/150/678
s 205
f 1387/140/680 1001/151/681 1000/150/678
f 1387/140/680 992/142/682 1001/151/681
s 206
f 1388/142/683 1002/152/684 1001/151/685
f 1388/142/683 1389/144/686 1002/152/684
s 207
f 1005/153/687 1004/154/688 1003/156/689
f 1005/153/687 1006/155/690 1004/154/688
f 1007/157/691 1006/155/690 1005/153/687
f 1007/157/691 1008/158/692 1006/155/690
f 1009/159/693 1008/158/692 1007/157/691
f 1009/159/693 1010/160/694 1008/158/692
f 1011/161/695 1010/160/694 1009/159/693
f 1011/161/695 1012/162/696 1010/160/694
f 1003/156/689 1004/154/688 1013/163/697
f 1003/156/689 1013/163/697 1014/164/698
f 1014/164/698 1013/163/697 1015/165/699
f 1014/164/698 1015/165/699 1016/166/700
s 208
f 1019/167/701 1018/168/702 1017/170/703
f 1019/167/701 1020/169/691 1018/168/702
f 1021/171/704 1020/169/691 1019/167/701
f 1021/171/704 1022/172/705 1020/169/691
f 1023/147/706 1022/172/705 1021/171/704
f 1023/147/706 1024/135/707 1022/172/705
f 1017/170/703 1018/168/702 1025/173/708
f 1017/170/703 1025/173/708 1026/174/709
f 1025/173/708 1027/175/710 1026/174/709
f 1025/173/708 1028/176/698 1027/175/710
f 1027/175/710 1028/176/698 1029/144/711
f 1027/175/710 1029/144/711 1030/152/712
s 209
f 1033/161/713 1032/160/714 1031/162/715
f 1033/161/713 1034/159/704 1032/160/714
f 1034/159/704 1035/158/716 1032/160/714
f 1034/159/704 1036/157/701 1035/158/716
f 1036/157/701 1037/155/717 1035/158/716
f 1036/157/701 1038/153/718 1037/155/717
f 1038/153/718 1039/154/719 1037/155/717
f 1038/153/718 1040/156/709 1039/154/719
f 1040/156/709 1041/163/720 1039/154/719
f 1040/156/709 1042/164/721 1041/163/720
f 1042/164/721 1043/165/722 1041/163/720
f 1042/164/721 1044/166/723 1043/165/722
s 210
f 1047/153/724 1046/154/725 1045/156/726
f 1047/153/724 1048/155/727 1046/154/725
f 1049/157/728 1048/155/727 1047/153/724
f 1049/157/728 1050/158/729 1048/155/727
f 1051/159/730 1050/158/729 1049/157/728
f 1051/159/730 1052/160/731 1050/158/729
f 1053/161/732 1052/160/731 1051/159/730
f 1053/161/732 1054/162/733 1052/160/731
f 1045/156/726 1046/154/725 1055/163/734
f 1045/156/726 1055/163/734 1056/164/735
f 1056/164/735 1055/163/734 1057/165/736
f 1056/164/735 1057/165/736 1058/166/737
s 211
f 1061/167/738 1060/168/739 1059/170/740
f 1061/167/738 1062/169/741 1060/168/739
f 1063/171/742 1062/169/741 1061/167/738
f 1063/171/742 1064/172/730 1062/169/741
f 1065/147/723 1064/172/730 1063/171/742
f 1065/147/723 1066/135/743 1064/172/730
f 1059/170/740 1060/168/739 1067/173/726
f 1059/170/740 1067/173/726 1068/174/744
f 1067/173/726 1069/175/745 1068/174/744
f 1067/173/726 1070/176/746 1069/175/745
f 1069/175/745 1070/176/746 1071/144/707
f 1069/175/745 1071/144/707 1072/152/747
s 212
f 1075/161/748 1074/160/749 1073/162/722
f 1075/161/748 1076/159/750 1074/160/749
f 1076/159/750 1077/158/751 1074/160/749
f 1076/159/750 1078/157/738 1077/158/751
f 1078/157/738 1079/155/752 1077/158/751
f 1078/157/738 1080/153/753 1079/155/752
f 1080/153/753 1081/154/754 1079/155/752
f 1080/153/753 1082/156/744 1081/154/754
f 1082/156/744 1083/163/755 1081/154/754
f 1082/156/744 1084/164/745 1083/163/755
f 1084/164/745 1085/165/756 1083/163/755
f 1084/164/745 1086/166/757 1085/165/756
s 213
f 1089/25/473 1088/6/474 1087/26/475
f 1089/25/473 1090/8/3 1088/6/474
s 214
f 1093/25/476 1092/6/477 1091/26/478
f 1093/25/476 1094/8/479 1092/6/477
s 215
f 1097/11/758 1096/12/758 1095/13/758
f 1097/11/758 1098/14/758 1096/12/758
s 216
f 1101/25/759 1100/34/454 1099/35/455
f 1101/25/759 1102/26/760 1100/34/454
f 1099/35/455 1100/34/454 1103/6/761
f 1099/35/455 1103/6/761 1104/8/762
s 217
f 1107/41/763 1106/38/460 1105/39/461
f 1107/41/763 1108/42/764 1106/38/460
s 218
f 1111/25/463 1110/6/463 1109/8/463
f 1111/25/463 1112/26/463 1110/6/463
s 219
f 1115/43/765 1114/45/766 1113/44/767
f 1115/43/765 1113/44/767 1116/46/768
f 1113/44/767 1114/45/766 1117/47/769
s 220
f 1120/41/469 1119/38/470 1118/39/770
f 1120/41/469 1121/42/771 1119/38/470
s 221
f 1124/25/772 1123/34/434 1122/26/773
f 1124/25/772 1125/35/436 1123/34/434
f 1125/35/436 1126/6/774 1123/34/434
f 1125/35/436 1127/8/775 1126/6/774
s 222
f 1130/41/776 1129/38/440 1128/42/777
f 1130/41/776 1131/39/442 1129/38/440
s 223
f 1134/25/443 1133/6/443 1132/26/443
f 1134/25/443 1135/8/443 1133/6/443
s 224
f 1138/43/778 1137/44/779 1136/45/780
f 1138/43/778 1139/46/781 1137/44/779
f 1137/44/779 1140/47/782 1136/45/780
s 225
f 1143/41/449 1142/38/783 1141/42/784
f 1143/41/449 1144/39/452 1142/38/783
s 226
f 1147/25/425 1146/6/426 1145/8/3
f 1147/25/425 1148/26/427 1146/6/426
s 227
f 1151/25/428 1150/6/429 1149/8/430
f 1151/25/428 1152/26/431 1150/6/429
s 228
f 1155/11/785 1154/12/786 1153/14/786
f 1155/11/785 1156/13/785 1154/12/786
s 229
f 1159/177/787 1158/178/788 1157/180/787
f 1159/177/787 1160/179/789 1158/178/788
f 1160/179/789 1161/181/790 1158/178/788
f 1160/179/789 1162/182/791 1161/181/790
f 1161/181/790 1162/182/791 1163/183/792
f 1161/181/790 1163/183/792 1164/184/793
f 1163/183/792 1165/185/794 1164/184/793
f 1163/183/792 1166/186/795 1165/185/794
f 1166/186/795 1167/187/796 1165/185/794
f 1166/186/795 1168/188/797 1167/187/796
f 1168/188/797 1169/189/798 1167/187/796
f 1168/188/797 1170/190/799 1169/189/798
s 230
f 1173/177/800 1172/178/801 1171/180/802
f 1173/177/800 1174/179/803 1172/178/801
f 1174/179/803 1175/181/804 1172/178/801
f 1174/179/803 1176/182/805 1175/181/804
f 1176/182/805 1177/184/806 1175/181/804
f 1176/182/805 1178/183/807 1177/184/806
f 1178/183/807 1179/185/808 1177/184/806
f 1178/183/807 1180/186/809 1179/185/808
f 1180/186/809 1181/187/810 1179/185/808
f 1180/186/809 1182/188/811 1181/187/810
f 1182/188/811 1183/189/812 1181/187/810
f 1182/188/811 1184/190/813 1183/189/812
s 229
f 1170/190/799 1185/191/814 1169/189/798
f 1170/190/799 1186/192/516 1185/191/814
f 1186/192/516 1187/193/815 1185/191/814
f 1186/192/516 1188/194/816 1187/193/815
f 1187/193/815 1188/194/816 1189/195/817
f 1187/193/815 1189/195/817 1190/196/818
f 1189/195/817 1191/197/819 1190/196/818
f 1189/195/817 1192/198/820 1191/197/819
f 1192/198/820 1193/199/821 1191/197/819
f 1192/198/820 1194/200/822 1193/199/821
f 1194/200/822 1157/180/787 1193/199/821
f 1194/200/822 1159/177/787 1157/180/787
s 230
f 1184/190/813 1195/191/823 1183/189/812
f 1184/190/813 1196/192/824 1195/191/823
f 1196/192/824 1197/193/825 1195/191/823
f 1196/192/824 1198/194/826 1197/193/825
f 1198/194/826 1199/196/827 1197/193/825
f 1198/194/826 1200/195/828 1199/196/827
f 1200/195/828 1201/197/829 1199/196/827
f 1200/195/828 1202/198/830 1201/197/829
f 1202/198/830 1203/199/831 1201/197/829
f 1202/198/830 1204/200/832 1203/199/831
f 1204/200/832 1171/180/802 1203/199/831
f 1204/200/832 1173/177/800 1171/180/802
s 231
f 1207/201/7 1206/202/7 1205/204/7
f 1207/201/7 1208/203/7 1206/202/7
f 1209/205/7 1207/201/7 1205/204/7
f 1209/205/7 1205/204/7 1210/206/7
f 1211/207/7 1209/205/7 1210/206/7
f 1211/207/7 1210/206/7 1212/208/7
f 1213/209/7 1211/207/7 1212/208/7
f 1213/209/7 1212/208/7 1214/210/7
f 1215/211/7 1213/209/7 1214/210/7
f 1215/211/7 1214/210/7 1216/212/7
f 1217/213/7 1215/211/7 1216/212/7
f 1217/213/7 1216/212/7 1218/214/7
f 1220/211/7 1218/214/7 1219/212/7
f 1220/211/7 1217/213/7 1218/214/7
f 1221/209/7 1220/211/7 1219/212/7
f 1221/209/7 1219/212/7 1222/210/7
f 1223/207/7 1221/209/7 1222/210/7
f 1223/207/7 1222/210/7 1224/208/7
f 1225/205/7 1223/207/7 1224/208/7
f 1225/205/7 1224/208/7 1226/206/7
f 1227/201/7 1225/205/7 1226/206/7
f 1227/201/7 1226/206/7 1228/204/7
f 1208/203/7 1227/201/7 1228/204/7
f 1208/203/7 1228/204/7 1206/202/7
s 232
f 1231/1/833 1230/2/833 1229/4/833
f 1231/1/833 1232/3/834 1230/2/833
s 233
f 1235/215/835 1234/216/836 1233/217/837
f 1235/215/835 1236/218/838 1234/216/836
f 1237/219/839 1236/218/838 1235/215/835
f 1237/219/839 1238/220/840 1236/218/838
f 1239/221/841 1238/220/840 1237/219/839
f 1239/221/841 1240/222/842 1238/220/840
f 1241/223/843 1240/222/842 1239/221/841
f 1241/223/843 1242/224/844 1240/222/842
f 1243/225/845 1242/224/844 1241/223/843
f 1243/225/845 1244/226/846 1242/224/844
f 1245/227/847 1244/226/846 1243/225/845
f 1245/227/847 1243/225/845 1246/228/848
f 1242/224/844 1247/229/849 1240/222/842
f 1247/229/849 1238/220/840 1240/222/842
f 1242/224/844 1248/230/850 1247/229/849
f 1244/226/846 1248/230/850 1242/224/844
f 1244/226/846 1249/231/851 1248/230/850
f 1250/232/852 1244/226/846 1245/227/847
f 1250/232/852 1249/231/851 1244/226/846
f 1236/218/838 1251/233/853 1234/216/836
f 1236/218/838 1252/234/854 1251/233/853
f 1238/220/840 1252/234/854 1236/218/838
f 1238/220/840 1253/235/855 1252/234/854
f 1247/229/849 1253/235/855 1238/220/840
s 234
f 1256/215/856 1255/216/847 1254/217/848
f 1256/215/856 1257/218/857 1255/216/847
f 1258/219/858 1257/218/857 1256/215/856
f 1258/219/858 1259/220/859 1257/218/857
f 1260/221/860 1259/220/859 1258/219/858
f 1260/221/860 1261/222/861 1259/220/859
f 1262/223/862 1261/222/861 1260/221/860
f 1262/223/862 1263/224/863 1261/222/861
f 1264/225/864 1263/224/863 1262/223/862
f 1264/225/864 1265/226/865 1263/224/863
f 1266/227/866 1265/226/865 1264/225/864
f 1266/227/866 1264/225/864 1267/228/837
f 1263/224/863 1268/229/867 1261/222/861
f 1268/229/867 1259/220/859 1261/222/861
f 1263/224/863 1269/230/868 1268/229/867
f 1265/226/865 1269/230/868 1263/224/863
f 1265/226/865 1270/231/869 1269/230/868
f 1271/232/870 1265/226/865 1266/227/866
f 1271/232/870 1270/231/869 1265/226/865
f 1257/218/857 1272/233/852 1255/216/847
f 1257/218/857 1273/234/871 1272/233/852
f 1259/220/859 1273/234/871 1257/218/857
f 1259/220/859 1274/235/872 1273/234/871
f 1268/229/867 1274/235/872 1259/220/859
s 235
f 1277/215/873 1276/216/874 1275/218/875
f 1277/215/873 1278/217/876 1276/216/874
f 1279/219/877 1277/215/873 1275/218/875
f 1279/219/877 1275/218/875 1280/220/878
f 1281/221/879 1279/219/877 1280/220/878
f 1281/221/879 1280/220/878 1282/222/880
f 1283/223/881 1281/221/879 1282/222/880
f 1283/223/881 1282/222/880 1284/224/882
f 1285/225/883 1283/223/881 1284/224/882
f 1285/225/883 1284/224/882 1286/226/884
f 1287/227/885 1285/225/883 1286/226/884
f 1287/227/885 1288/228/886 1285/225/883
f 1284/224/882 1282/222/880 1289/229/849
f 1289/229/849 1282/222/880 1280/220/878
f 1284/224/882 1289/229/849 1290/230/887
f 1286/226/884 1284/224/882 1290/230/887
f 1286/226/884 1290/230/887 1291/231/888
f 1292/232/889 1286/226/884 1291/231/888
f 1292/232/889 1287/227/885 1286/226/884
f 1289/229/849 1280/220/878 1293/235/890
f 1280/220/878 1294/234/891 1293/235/890
f 1280/220/878 1275/218/875 1294/234/891
f 1275/218/875 1295/233/892 1294/234/891
f 1275/218/875 1276/216/874 1295/233/892
s 236
f 1298/215/893 1297/216/894 1296/218/895
f 1298/215/893 1299/217/886 1297/216/894
f 1300/219/896 1298/215/893 1296/218/895
f 1300/219/896 1296/218/895 1301/220/897
f 1302/221/898 1300/219/896 1301/220/897
f 1302/221/898 1301/220/897 1303/222/899
f 1304/223/900 1302/221/898 1303/222/899
f 1304/223/900 1303/222/899 1305/224/901
f 1306/225/902 1304/223/900 1305/224/901
f 1306/225/902 1305/224/901 1307/226/903
f 1308/227/874 1306/225/902 1307/226/903
f 1308/227/874 1309/228/876 1306/225/902
f 1305/224/901 1303/222/899 1310/229/867
f 1310/229/867 1303/222/899 1301/220/897
f 1305/224/901 1310/229/867 1311/230/904
f 1307/226/903 1305/224/901 1311/230/904
f 1307/226/903 1311/230/904 1312/231/905
f 1313/232/892 1307/226/903 1312/231/905
f 1313/232/892 1308/227/874 1307/226/903
f 1310/229/867 1301/220/897 1314/235/906
f 1301/220/897 1315/234/907 1314/235/906
f 1301/220/897 1296/218/895 1315/234/907
f 1296/218/895 1316/233/889 1315/234/907
f 1296/218/895 1297/216/894 1316/233/889
