# Blender 5.0.1
# www.blender.org
mtllib tibia_izq_yae.mtl
g 肌.007_Malla
v 0.006013 -0.123500 0.020905
v 0.006511 -0.131288 0.020889
v 0.003957 -0.131322 0.017364
v 0.003957 -0.131322 0.017364
v 0.003150 -0.123650 0.017354
v 0.006013 -0.123500 0.020905
v 0.006511 -0.131288 0.020889
v 0.006013 -0.123500 0.020905
v 0.009363 -0.123302 0.021630
v 0.009363 -0.123302 0.021630
v 0.009587 -0.131226 0.021850
v 0.006511 -0.131288 0.020889
v 0.014801 -0.131258 0.009571
v 0.014426 -0.131265 0.015858
v 0.014490 -0.122992 0.014491
v 0.014490 -0.122992 0.014491
v 0.014468 -0.123108 0.009556
v 0.014801 -0.131258 0.009571
v 0.012460 -0.131219 0.020438
v 0.009587 -0.131226 0.021850
v 0.009363 -0.123302 0.021630
v 0.009363 -0.123302 0.021630
v 0.012418 -0.123157 0.019865
v 0.012460 -0.131219 0.020438
v 0.003150 -0.123650 0.017354
v 0.003957 -0.131322 0.017364
v 0.001944 -0.131327 0.012788
v 0.001944 -0.131327 0.012788
v 0.001249 -0.123720 0.011823
v 0.003150 -0.123650 0.017354
v 0.008270 -0.123340 0.001294
v 0.004938 -0.123496 0.002251
v 0.005579 -0.131204 0.002237
v 0.005579 -0.131204 0.002237
v 0.008810 -0.131184 0.001431
v 0.008270 -0.123340 0.001294
v 0.002466 -0.131295 0.006117
v 0.001786 -0.123700 0.005608
v 0.001249 -0.123720 0.011823
v 0.001249 -0.123720 0.011823
v 0.001944 -0.131327 0.012788
v 0.002466 -0.131295 0.006117
v 0.014468 -0.123108 0.009556
v 0.012305 -0.123191 0.003910
v 0.012711 -0.131231 0.004162
v 0.012711 -0.131231 0.004162
v 0.014801 -0.131258 0.009571
v 0.014468 -0.123108 0.009556
v 0.012305 -0.123191 0.003910
v 0.008270 -0.123340 0.001294
v 0.008810 -0.131184 0.001431
v 0.008810 -0.131184 0.001431
v 0.012711 -0.131231 0.004162
v 0.012305 -0.123191 0.003910
v 0.002466 -0.131295 0.006117
v 0.005579 -0.131204 0.002237
v 0.004938 -0.123496 0.002251
v 0.004938 -0.123496 0.002251
v 0.001786 -0.123700 0.005608
v 0.002466 -0.131295 0.006117
v 0.014426 -0.131265 0.015858
v 0.012460 -0.131219 0.020438
v 0.012418 -0.123157 0.019865
v 0.012418 -0.123157 0.019865
v 0.014490 -0.122992 0.014491
v 0.014426 -0.131265 0.015858
v 0.003957 -0.131322 0.017364
v 0.004528 -0.139502 0.018740
v 0.002013 -0.138567 0.014095
v 0.002013 -0.138567 0.014095
v 0.001944 -0.131327 0.012788
v 0.003957 -0.131322 0.017364
v 0.001944 -0.131327 0.012788
v 0.002013 -0.138567 0.014095
v 0.001979 -0.140443 0.008848
v 0.001979 -0.140443 0.008848
v 0.002466 -0.131295 0.006117
v 0.001944 -0.131327 0.012788
v 0.006511 -0.131288 0.020889
v 0.006781 -0.138730 0.021313
v 0.004528 -0.139502 0.018740
v 0.004528 -0.139502 0.018740
v 0.003957 -0.131322 0.017364
v 0.006511 -0.131288 0.020889
v 0.003311 -0.139040 0.004065
v 0.002466 -0.131295 0.006117
v 0.001979 -0.140443 0.008848
v 0.006511 -0.131288 0.020889
v 0.009587 -0.131226 0.021850
v 0.009881 -0.138332 0.022717
v 0.009881 -0.138332 0.022717
v 0.006781 -0.138730 0.021313
v 0.006511 -0.131288 0.020889
v 0.012460 -0.131219 0.020438
v 0.013015 -0.138411 0.021702
v 0.009881 -0.138332 0.022717
v 0.009881 -0.138332 0.022717
v 0.009587 -0.131226 0.021850
v 0.012460 -0.131219 0.020438
v 0.012460 -0.131219 0.020438
v 0.014426 -0.131265 0.015858
v 0.014565 -0.139207 0.018446
v 0.014565 -0.139207 0.018446
v 0.013015 -0.138411 0.021702
v 0.012460 -0.131219 0.020438
v 0.015512 -0.139155 0.014518
v 0.014565 -0.139207 0.018446
v 0.014426 -0.131265 0.015858
v 0.014426 -0.131265 0.015858
v 0.014801 -0.131258 0.009571
v 0.015463 -0.137778 0.009600
v 0.015463 -0.137778 0.009600
v 0.015512 -0.139155 0.014518
v 0.014426 -0.131265 0.015858
v 0.014801 -0.131258 0.009571
v 0.012711 -0.131231 0.004162
v 0.014728 -0.138887 0.005984
v 0.014728 -0.138887 0.005984
v 0.015463 -0.137778 0.009600
v 0.014801 -0.131258 0.009571
v 0.012711 -0.131231 0.004162
v 0.012816 -0.138604 0.003322
v 0.014728 -0.138887 0.005984
v 0.012711 -0.131231 0.004162
v 0.008810 -0.131184 0.001431
v 0.009545 -0.138021 0.001163
v 0.009545 -0.138021 0.001163
v 0.012816 -0.138604 0.003322
v 0.012711 -0.131231 0.004162
v 0.005579 -0.131204 0.002237
v 0.002466 -0.131295 0.006117
v 0.003311 -0.139040 0.004065
v 0.003311 -0.139040 0.004065
v 0.006154 -0.138114 0.001389
v 0.005579 -0.131204 0.002237
v 0.006154 -0.138114 0.001389
v 0.009545 -0.138021 0.001163
v 0.008810 -0.131184 0.001431
v 0.008810 -0.131184 0.001431
v 0.005579 -0.131204 0.002237
v 0.006154 -0.138114 0.001389
v -0.005309 0.001865 -0.014313
v -0.005390 -0.002117 -0.013071
v 0.002076 -0.003064 -0.015467
v 0.002076 -0.003064 -0.015467
v 0.002220 0.001187 -0.016869
v -0.005309 0.001865 -0.014313
v 0.002076 -0.003064 -0.015467
v 0.010738 -0.002128 -0.011066
v 0.010970 0.002045 -0.012230
v 0.010970 0.002045 -0.012230
v 0.002220 0.001187 -0.016869
v 0.002076 -0.003064 -0.015467
v 0.015747 -0.000255 -0.002246
v 0.015151 0.001415 0.006385
v 0.015873 0.003991 -0.002789
v -0.005632 -0.005626 -0.011867
v -0.005390 -0.002117 -0.013071
v -0.009519 -0.000588 -0.006707
v -0.009519 -0.000588 -0.006707
v -0.009680 -0.003980 -0.005814
v -0.005632 -0.005626 -0.011867
v 0.014049 -0.018658 0.010520
v 0.013973 -0.020013 0.002154
v 0.014782 -0.034236 0.004682
v 0.014782 -0.034236 0.004682
v 0.014884 -0.033311 0.013386
v 0.014049 -0.018658 0.010520
v -0.013172 -0.018394 0.017267
v -0.013994 -0.033871 0.020545
v -0.015323 -0.034904 0.009583
v -0.015323 -0.034904 0.009583
v -0.014290 -0.019542 0.006873
v -0.013172 -0.018394 0.017267
v 0.001550 -0.050337 -0.007151
v 0.009727 -0.049518 -0.003335
v 0.008672 -0.035647 -0.005011
v 0.008672 -0.035647 -0.005011
v 0.000489 -0.036142 -0.009015
v 0.001550 -0.050337 -0.007151
v 0.002693 -0.017973 0.023460
v 0.010174 -0.017639 0.018677
v 0.010901 -0.032619 0.022792
v 0.010901 -0.032619 0.022792
v 0.002978 -0.032746 0.027076
v 0.002693 -0.017973 0.023460
v -0.005398 -0.049099 0.027234
v -0.006581 -0.033095 0.026967
v 0.002978 -0.032746 0.027076
v 0.002978 -0.032746 0.027076
v 0.004103 -0.048512 0.027270
v -0.005398 -0.049099 0.027234
v -0.005390 -0.002117 -0.013071
v -0.005632 -0.005626 -0.011867
v 0.001803 -0.006595 -0.014247
v 0.001803 -0.006595 -0.014247
v 0.002076 -0.003064 -0.015467
v -0.005390 -0.002117 -0.013071
v -0.006052 -0.050534 -0.005161
v 0.001550 -0.050337 -0.007151
v 0.000489 -0.036142 -0.009015
v 0.000489 -0.036142 -0.009015
v -0.007138 -0.036100 -0.006875
v -0.006052 -0.050534 -0.005161
v 0.015916 -0.048545 0.006319
v 0.016262 -0.048398 0.014423
v 0.014884 -0.033311 0.013386
v 0.014884 -0.033311 0.013386
v 0.014782 -0.034236 0.004682
v 0.015916 -0.048545 0.006319
v -0.006581 -0.033095 0.026967
v -0.005398 -0.049099 0.027234
v -0.012408 -0.049927 0.021567
v -0.012408 -0.049927 0.021567
v -0.013994 -0.033871 0.020545
v -0.006581 -0.033095 0.026967
v -0.013994 -0.033871 0.020545
v -0.012408 -0.049927 0.021567
v -0.014477 -0.050604 0.010910
v -0.014477 -0.050604 0.010910
v -0.015323 -0.034904 0.009583
v -0.013994 -0.033871 0.020545
v -0.005390 -0.002117 -0.013071
v -0.005309 0.001865 -0.014313
v -0.009721 0.002611 -0.007515
v -0.009721 0.002611 -0.007515
v -0.009519 -0.000588 -0.006707
v -0.005390 -0.002117 -0.013071
v 0.009727 -0.049518 -0.003335
v 0.015916 -0.048545 0.006319
v 0.014782 -0.034236 0.004682
v 0.014782 -0.034236 0.004682
v 0.008672 -0.035647 -0.005011
v 0.009727 -0.049518 -0.003335
v -0.007138 -0.036100 -0.006875
v -0.006806 -0.021281 -0.008677
v -0.011775 -0.020597 -0.001863
v -0.011775 -0.020597 -0.001863
v -0.012647 -0.035664 -0.000275
v -0.007138 -0.036100 -0.006875
v 0.014592 -0.007729 0.007675
v 0.014606 -0.009269 -0.000919
v 0.013973 -0.020013 0.002154
v 0.013973 -0.020013 0.002154
v 0.014049 -0.018658 0.010520
v 0.014592 -0.007729 0.007675
v -0.004932 -0.006711 0.019615
v -0.006193 -0.018127 0.023306
v -0.013172 -0.018394 0.017267
v -0.013172 -0.018394 0.017267
v -0.011186 -0.007100 0.014026
v -0.004932 -0.006711 0.019615
v -0.006806 -0.021281 -0.008677
v -0.007138 -0.036100 -0.006875
v 0.000489 -0.036142 -0.009015
v 0.000489 -0.036142 -0.009015
v 0.000458 -0.021521 -0.010635
v -0.006806 -0.021281 -0.008677
v 0.008329 -0.021242 -0.006850
v 0.009277 -0.011146 -0.008578
v 0.001035 -0.011676 -0.012385
v 0.001035 -0.011676 -0.012385
v 0.000458 -0.021521 -0.010635
v 0.008329 -0.021242 -0.006850
v 0.013973 -0.020013 0.002154
v 0.008329 -0.021242 -0.006850
v 0.008672 -0.035647 -0.005011
v 0.008672 -0.035647 -0.005011
v 0.014782 -0.034236 0.004682
v 0.013973 -0.020013 0.002154
v 0.010901 -0.032619 0.022792
v 0.012058 -0.047798 0.023098
v 0.004103 -0.048512 0.027270
v 0.004103 -0.048512 0.027270
v 0.002978 -0.032746 0.027076
v 0.010901 -0.032619 0.022792
v -0.004192 0.002809 0.016449
v 0.003261 0.002839 0.016491
v 0.002953 -0.006548 0.019489
v 0.002953 -0.006548 0.019489
v -0.004932 -0.006711 0.019615
v -0.004192 0.002809 0.016449
v 0.002978 -0.032746 0.027076
v -0.006581 -0.033095 0.026967
v -0.006193 -0.018127 0.023306
v -0.006193 -0.018127 0.023306
v 0.002693 -0.017973 0.023460
v 0.002978 -0.032746 0.027076
v -0.004932 -0.006711 0.019615
v 0.002953 -0.006548 0.019489
v 0.002693 -0.017973 0.023460
v 0.002693 -0.017973 0.023460
v -0.006193 -0.018127 0.023306
v -0.004932 -0.006711 0.019615
v -0.006806 -0.021281 -0.008677
v -0.006213 -0.010916 -0.010073
v -0.010353 -0.009484 -0.004283
v -0.010353 -0.009484 -0.004283
v -0.011775 -0.020597 -0.001863
v -0.006806 -0.021281 -0.008677
v -0.006213 -0.010916 -0.010073
v -0.006806 -0.021281 -0.008677
v 0.000458 -0.021521 -0.010635
v 0.000458 -0.021521 -0.010635
v 0.001035 -0.011676 -0.012385
v -0.006213 -0.010916 -0.010073
v 0.014592 -0.007729 0.007675
v 0.010247 -0.006759 0.014875
v 0.015151 0.001415 0.006385
v 0.002076 -0.003064 -0.015467
v 0.001803 -0.006595 -0.014247
v 0.010139 -0.005769 -0.009940
v 0.010139 -0.005769 -0.009940
v 0.010738 -0.002128 -0.011066
v 0.002076 -0.003064 -0.015467
v -0.004932 -0.006711 0.019615
v -0.011186 -0.007100 0.014026
v -0.004192 0.002809 0.016449
v 0.002953 -0.006548 0.019489
v 0.003261 0.002839 0.016491
v 0.010247 -0.006759 0.014875
v 0.002953 -0.006548 0.019489
v 0.010247 -0.006759 0.014875
v 0.010174 -0.017639 0.018677
v 0.010174 -0.017639 0.018677
v 0.002693 -0.017973 0.023460
v 0.002953 -0.006548 0.019489
v -0.011186 -0.007100 0.014026
v -0.013172 -0.018394 0.017267
v -0.014290 -0.019542 0.006873
v -0.014290 -0.019542 0.006873
v -0.013000 -0.007968 0.003877
v -0.011186 -0.007100 0.014026
v -0.012568 0.001672 0.001362
v -0.011334 0.008440 0.009838
v -0.011186 -0.007100 0.014026
v -0.006193 -0.018127 0.023306
v -0.006581 -0.033095 0.026967
v -0.013994 -0.033871 0.020545
v -0.013994 -0.033871 0.020545
v -0.013172 -0.018394 0.017267
v -0.006193 -0.018127 0.023306
v 0.010247 -0.006759 0.014875
v 0.014592 -0.007729 0.007675
v 0.014049 -0.018658 0.010520
v 0.014049 -0.018658 0.010520
v 0.010174 -0.017639 0.018677
v 0.010247 -0.006759 0.014875
v 0.015747 -0.000255 -0.002246
v 0.015419 -0.003635 -0.001797
v 0.015151 0.001415 0.006385
v 0.009277 -0.011146 -0.008578
v 0.008329 -0.021242 -0.006850
v 0.013973 -0.020013 0.002154
v 0.013973 -0.020013 0.002154
v 0.014606 -0.009269 -0.000919
v 0.009277 -0.011146 -0.008578
v 0.010738 -0.002128 -0.011066
v 0.010139 -0.005769 -0.009940
v 0.015419 -0.003635 -0.001797
v 0.015419 -0.003635 -0.001797
v 0.015747 -0.000255 -0.002246
v 0.010738 -0.002128 -0.011066
v -0.011812 -0.050585 0.001091
v -0.012647 -0.035664 -0.000275
v -0.015323 -0.034904 0.009583
v -0.015323 -0.034904 0.009583
v -0.014477 -0.050604 0.010910
v -0.011812 -0.050585 0.001091
v -0.009519 -0.000588 -0.006707
v -0.009721 0.002611 -0.007515
v -0.012568 0.001672 0.001362
v 0.010970 0.002045 -0.012230
v 0.010738 -0.002128 -0.011066
v 0.015747 -0.000255 -0.002246
v 0.015747 -0.000255 -0.002246
v 0.015873 0.003991 -0.002789
v 0.010970 0.002045 -0.012230
v 0.000489 -0.036142 -0.009015
v 0.008672 -0.035647 -0.005011
v 0.008329 -0.021242 -0.006850
v 0.008329 -0.021242 -0.006850
v 0.000458 -0.021521 -0.010635
v 0.000489 -0.036142 -0.009015
v -0.014290 -0.019542 0.006873
v -0.015323 -0.034904 0.009583
v -0.012647 -0.035664 -0.000275
v -0.012647 -0.035664 -0.000275
v -0.011775 -0.020597 -0.001863
v -0.014290 -0.019542 0.006873
v -0.012647 -0.035664 -0.000275
v -0.011812 -0.050585 0.001091
v -0.006052 -0.050534 -0.005161
v -0.006052 -0.050534 -0.005161
v -0.007138 -0.036100 -0.006875
v -0.012647 -0.035664 -0.000275
v -0.013000 -0.007968 0.003877
v -0.014290 -0.019542 0.006873
v -0.011775 -0.020597 -0.001863
v -0.011775 -0.020597 -0.001863
v -0.010353 -0.009484 -0.004283
v -0.013000 -0.007968 0.003877
v -0.009519 -0.000588 -0.006707
v -0.012568 0.001672 0.001362
v -0.009680 -0.003980 -0.005814
v 0.014884 -0.033311 0.013386
v 0.010901 -0.032619 0.022792
v 0.010174 -0.017639 0.018677
v 0.010174 -0.017639 0.018677
v 0.014049 -0.018658 0.010520
v 0.014884 -0.033311 0.013386
v 0.014884 -0.033311 0.013386
v 0.016262 -0.048398 0.014423
v 0.012058 -0.047798 0.023098
v 0.012058 -0.047798 0.023098
v 0.010901 -0.032619 0.022792
v 0.014884 -0.033311 0.013386
v 0.004938 -0.123496 0.002251
v 0.008270 -0.123340 0.001294
v 0.004745 -0.089910 -0.001790
v 0.004745 -0.089910 -0.001790
v -0.000253 -0.090454 -0.000463
v 0.004938 -0.123496 0.002251
v -0.012408 -0.049927 0.021567
v -0.005398 -0.049099 0.027234
v -0.003290 -0.067131 0.025361
v -0.003290 -0.067131 0.025361
v -0.009321 -0.067689 0.020565
v -0.012408 -0.049927 0.021567
v 0.000524 -0.090206 0.023063
v 0.006013 -0.123500 0.020905
v 0.003150 -0.123650 0.017354
v 0.003150 -0.123650 0.017354
v -0.003932 -0.090736 0.018650
v 0.000524 -0.090206 0.023063
v 0.006921 -0.089474 0.023356
v 0.009363 -0.123302 0.021630
v 0.006013 -0.123500 0.020905
v 0.006013 -0.123500 0.020905
v 0.000524 -0.090206 0.023063
v 0.006921 -0.089474 0.023356
v 0.004103 -0.048512 0.027270
v 0.012058 -0.047798 0.023098
v 0.012291 -0.065306 0.021720
v 0.012291 -0.065306 0.021720
v 0.005261 -0.066087 0.025362
v 0.004103 -0.048512 0.027270
v 0.006921 -0.089474 0.023356
v 0.000524 -0.090206 0.023063
v -0.003290 -0.067131 0.025361
v -0.003290 -0.067131 0.025361
v 0.005261 -0.066087 0.025362
v 0.006921 -0.089474 0.023356
v 0.012305 -0.123191 0.003910
v 0.014468 -0.123108 0.009556
v 0.014633 -0.088649 0.008451
v 0.014633 -0.088649 0.008451
v 0.010727 -0.089189 0.001095
v 0.012305 -0.123191 0.003910
v 0.002646 -0.066954 -0.004902
v 0.001550 -0.050337 -0.007151
v -0.006052 -0.050534 -0.005161
v -0.006052 -0.050534 -0.005161
v -0.003986 -0.067629 -0.003113
v 0.002646 -0.066954 -0.004902
v -0.003932 -0.090736 0.018650
v -0.009321 -0.067689 0.020565
v -0.003290 -0.067131 0.025361
v -0.003290 -0.067131 0.025361
v 0.000524 -0.090206 0.023063
v -0.003932 -0.090736 0.018650
v 0.016262 -0.048398 0.014423
v 0.015973 -0.065382 0.014883
v 0.012291 -0.065306 0.021720
v 0.012291 -0.065306 0.021720
v 0.012058 -0.047798 0.023098
v 0.016262 -0.048398 0.014423
v 0.015578 -0.065629 0.007665
v 0.014633 -0.088649 0.008451
v 0.014962 -0.088526 0.014417
v 0.014962 -0.088526 0.014417
v 0.015973 -0.065382 0.014883
v 0.015578 -0.065629 0.007665
v 0.002646 -0.066954 -0.004902
v 0.010255 -0.066238 -0.001457
v 0.009727 -0.049518 -0.003335
v 0.009727 -0.049518 -0.003335
v 0.001550 -0.050337 -0.007151
v 0.002646 -0.066954 -0.004902
v 0.015578 -0.065629 0.007665
v 0.015973 -0.065382 0.014883
v 0.016262 -0.048398 0.014423
v 0.016262 -0.048398 0.014423
v 0.015916 -0.048545 0.006319
v 0.015578 -0.065629 0.007665
v -0.003986 -0.067629 -0.003113
v -0.000253 -0.090454 -0.000463
v 0.004745 -0.089910 -0.001790
v 0.004745 -0.089910 -0.001790
v 0.002646 -0.066954 -0.004902
v -0.003986 -0.067629 -0.003113
v 0.008270 -0.123340 0.001294
v 0.012305 -0.123191 0.003910
v 0.010727 -0.089189 0.001095
v 0.010727 -0.089189 0.001095
v 0.004745 -0.089910 -0.001790
v 0.008270 -0.123340 0.001294
v 0.010255 -0.066238 -0.001457
v 0.015578 -0.065629 0.007665
v 0.015916 -0.048545 0.006319
v 0.015916 -0.048545 0.006319
v 0.009727 -0.049518 -0.003335
v 0.010255 -0.066238 -0.001457
v 0.014633 -0.088649 0.008451
v 0.015578 -0.065629 0.007665
v 0.010255 -0.066238 -0.001457
v 0.010255 -0.066238 -0.001457
v 0.010727 -0.089189 0.001095
v 0.014633 -0.088649 0.008451
v 0.012418 -0.123157 0.019865
v 0.009363 -0.123302 0.021630
v 0.006921 -0.089474 0.023356
v 0.006921 -0.089474 0.023356
v 0.012137 -0.088777 0.020312
v 0.012418 -0.123157 0.019865
v -0.003290 -0.067131 0.025361
v -0.005398 -0.049099 0.027234
v 0.004103 -0.048512 0.027270
v 0.004103 -0.048512 0.027270
v 0.005261 -0.066087 0.025362
v -0.003290 -0.067131 0.025361
v 0.005261 -0.066087 0.025362
v 0.012291 -0.065306 0.021720
v 0.012137 -0.088777 0.020312
v 0.012137 -0.088777 0.020312
v 0.006921 -0.089474 0.023356
v 0.005261 -0.066087 0.025362
v -0.003932 -0.090736 0.018650
v 0.003150 -0.123650 0.017354
v 0.001249 -0.123720 0.011823
v 0.001249 -0.123720 0.011823
v -0.006188 -0.090968 0.011147
v -0.003932 -0.090736 0.018650
v -0.014477 -0.050604 0.010910
v -0.012408 -0.049927 0.021567
v -0.009321 -0.067689 0.020565
v -0.009321 -0.067689 0.020565
v -0.011523 -0.067755 0.011120
v -0.014477 -0.050604 0.010910
v -0.009321 -0.067689 0.020565
v -0.003932 -0.090736 0.018650
v -0.006188 -0.090968 0.011147
v -0.006188 -0.090968 0.011147
v -0.011523 -0.067755 0.011120
v -0.009321 -0.067689 0.020565
v 0.001786 -0.123700 0.005608
v 0.004938 -0.123496 0.002251
v -0.000253 -0.090454 -0.000463
v -0.000253 -0.090454 -0.000463
v -0.004557 -0.090914 0.003809
v 0.001786 -0.123700 0.005608
v -0.009272 -0.067853 0.002310
v -0.003986 -0.067629 -0.003113
v -0.006052 -0.050534 -0.005161
v -0.006052 -0.050534 -0.005161
v -0.011812 -0.050585 0.001091
v -0.009272 -0.067853 0.002310
v -0.006188 -0.090968 0.011147
v -0.004557 -0.090914 0.003809
v -0.009272 -0.067853 0.002310
v -0.009272 -0.067853 0.002310
v -0.011523 -0.067755 0.011120
v -0.006188 -0.090968 0.011147
v 0.010255 -0.066238 -0.001457
v 0.002646 -0.066954 -0.004902
v 0.004745 -0.089910 -0.001790
v 0.004745 -0.089910 -0.001790
v 0.010727 -0.089189 0.001095
v 0.010255 -0.066238 -0.001457
v -0.011523 -0.067755 0.011120
v -0.009272 -0.067853 0.002310
v -0.011812 -0.050585 0.001091
v -0.011812 -0.050585 0.001091
v -0.014477 -0.050604 0.010910
v -0.011523 -0.067755 0.011120
v -0.003986 -0.067629 -0.003113
v -0.009272 -0.067853 0.002310
v -0.004557 -0.090914 0.003809
v -0.004557 -0.090914 0.003809
v -0.000253 -0.090454 -0.000463
v -0.003986 -0.067629 -0.003113
v 0.014490 -0.122992 0.014491
v 0.012418 -0.123157 0.019865
v 0.012137 -0.088777 0.020312
v 0.012137 -0.088777 0.020312
v 0.014962 -0.088526 0.014417
v 0.014490 -0.122992 0.014491
v 0.015973 -0.065382 0.014883
v 0.014962 -0.088526 0.014417
v 0.012137 -0.088777 0.020312
v 0.012137 -0.088777 0.020312
v 0.012291 -0.065306 0.021720
v 0.015973 -0.065382 0.014883
v 0.014592 -0.007729 0.007675
v 0.015151 0.001415 0.006385
v 0.015419 -0.003635 -0.001797
v 0.015419 -0.003635 -0.001797
v 0.014606 -0.009269 -0.000919
v 0.014592 -0.007729 0.007675
v 0.010139 -0.005769 -0.009940
v 0.009277 -0.011146 -0.008578
v 0.014606 -0.009269 -0.000919
v 0.014606 -0.009269 -0.000919
v 0.015419 -0.003635 -0.001797
v 0.010139 -0.005769 -0.009940
v 0.001803 -0.006595 -0.014247
v 0.001035 -0.011676 -0.012385
v 0.009277 -0.011146 -0.008578
v 0.009277 -0.011146 -0.008578
v 0.010139 -0.005769 -0.009940
v 0.001803 -0.006595 -0.014247
v -0.005632 -0.005626 -0.011867
v -0.006213 -0.010916 -0.010073
v 0.001035 -0.011676 -0.012385
v 0.001035 -0.011676 -0.012385
v 0.001803 -0.006595 -0.014247
v -0.005632 -0.005626 -0.011867
v -0.006213 -0.010916 -0.010073
v -0.005632 -0.005626 -0.011867
v -0.009680 -0.003980 -0.005814
v -0.009680 -0.003980 -0.005814
v -0.010353 -0.009484 -0.004283
v -0.006213 -0.010916 -0.010073
v -0.009680 -0.003980 -0.005814
v -0.012568 0.001672 0.001362
v -0.013000 -0.007968 0.003877
v -0.013000 -0.007968 0.003877
v -0.010353 -0.009484 -0.004283
v -0.009680 -0.003980 -0.005814
v -0.006188 -0.090968 0.011147
v 0.001249 -0.123720 0.011823
v 0.001786 -0.123700 0.005608
v 0.001786 -0.123700 0.005608
v -0.004557 -0.090914 0.003809
v -0.006188 -0.090968 0.011147
v 0.014633 -0.088649 0.008451
v 0.014468 -0.123108 0.009556
v 0.014490 -0.122992 0.014491
v 0.014490 -0.122992 0.014491
v 0.014962 -0.088526 0.014417
v 0.014633 -0.088649 0.008451
v -0.013000 -0.007968 0.003877
v -0.012568 0.001672 0.001362
v -0.011186 -0.007100 0.014026
v -0.011334 0.008440 0.009838
v -0.004192 0.002809 0.016449
v -0.011186 -0.007100 0.014026
v 0.010334 0.008962 0.012289
v 0.010247 -0.006759 0.014875
v 0.003261 0.002839 0.016491
v 0.015151 0.001415 0.006385
v 0.010247 -0.006759 0.014875
v 0.010334 0.008962 0.012289
v 0.003096 -0.135816 0.023352
v 0.002074 -0.135248 0.023801
v -0.000694 -0.138370 0.018864
v -0.000694 -0.138370 0.018864
v 0.000441 -0.138774 0.018591
v 0.003096 -0.135816 0.023352
v 0.006183 -0.131357 0.025614
v 0.002074 -0.135248 0.023801
v 0.003096 -0.135816 0.023352
v 0.003096 -0.135816 0.023352
v 0.006965 -0.132156 0.025034
v 0.006183 -0.131357 0.025614
v 0.010532 -0.127647 0.024251
v 0.006183 -0.131357 0.025614
v 0.006965 -0.132156 0.025034
v 0.006965 -0.132156 0.025034
v 0.011074 -0.128667 0.023743
v 0.010532 -0.127647 0.024251
v 0.013874 -0.125269 0.019685
v 0.010532 -0.127647 0.024251
v 0.011074 -0.128667 0.023743
v 0.011074 -0.128667 0.023743
v 0.014199 -0.126459 0.019476
v 0.013874 -0.125269 0.019685
v 0.013153 -0.130568 0.001554
v 0.012809 -0.129623 0.000799
v 0.014896 -0.127027 0.004625
v 0.014896 -0.127027 0.004625
v 0.015129 -0.128115 0.005160
v 0.013153 -0.130568 0.001554
v -0.000363 -0.141118 0.002057
v 0.002473 -0.139108 -0.001658
v 0.003314 -0.139561 -0.000866
v 0.003314 -0.139561 -0.000866
v 0.000711 -0.141401 0.002592
v -0.000363 -0.141118 0.002057
v 0.002074 -0.135248 0.023801
v 0.001804 -0.135788 0.024839
v -0.001160 -0.139173 0.019597
v -0.001160 -0.139173 0.019597
v -0.000694 -0.138370 0.018864
v 0.002074 -0.135248 0.023801
v 0.006183 -0.131357 0.025614
v 0.006293 -0.131521 0.026859
v 0.001804 -0.135788 0.024839
v 0.001804 -0.135788 0.024839
v 0.002074 -0.135248 0.023801
v 0.006183 -0.131357 0.025614
v 0.011033 -0.127448 0.025384
v 0.006293 -0.131521 0.026859
v 0.006183 -0.131357 0.025614
v 0.006183 -0.131357 0.025614
v 0.010532 -0.127647 0.024251
v 0.011033 -0.127448 0.025384
v 0.014723 -0.124790 0.020323
v 0.011033 -0.127448 0.025384
v 0.010532 -0.127647 0.024251
v 0.010532 -0.127647 0.024251
v 0.013874 -0.125269 0.019685
v 0.014723 -0.124790 0.020323
v 0.012809 -0.129623 0.000799
v 0.013608 -0.129576 -0.000141
v 0.015883 -0.126738 0.004043
v 0.015883 -0.126738 0.004043
v 0.014896 -0.127027 0.004625
v 0.012809 -0.129623 0.000799
v -0.000723 -0.142117 0.001502
v 0.002469 -0.139847 -0.002622
v 0.002473 -0.139108 -0.001658
v 0.002473 -0.139108 -0.001658
v -0.000363 -0.141118 0.002057
v -0.000723 -0.142117 0.001502
v 0.001804 -0.135788 0.024839
v 0.002655 -0.136689 0.025027
v -0.000314 -0.140072 0.019775
v -0.000314 -0.140072 0.019775
v -0.001160 -0.139173 0.019597
v 0.001804 -0.135788 0.024839
v 0.006293 -0.131521 0.026859
v 0.007143 -0.132422 0.027048
v 0.002655 -0.136689 0.025027
v 0.002655 -0.136689 0.025027
v 0.001804 -0.135788 0.024839
v 0.006293 -0.131521 0.026859
v 0.011033 -0.127448 0.025384
v 0.011884 -0.128346 0.025574
v 0.007143 -0.132422 0.027048
v 0.007143 -0.132422 0.027048
v 0.006293 -0.131521 0.026859
v 0.011033 -0.127448 0.025384
v 0.015577 -0.125685 0.020515
v 0.011884 -0.128346 0.025574
v 0.011033 -0.127448 0.025384
v 0.011033 -0.127448 0.025384
v 0.014723 -0.124790 0.020323
v 0.015577 -0.125685 0.020515
v 0.014460 -0.130475 0.000050
v 0.016734 -0.127639 0.004232
v 0.015883 -0.126738 0.004043
v 0.015883 -0.126738 0.004043
v 0.013608 -0.129576 -0.000141
v 0.014460 -0.130475 0.000050
v -0.000723 -0.142117 0.001502
v 0.000129 -0.143017 0.001689
v 0.003319 -0.140748 -0.002432
v 0.003319 -0.140748 -0.002432
v 0.002469 -0.139847 -0.002622
v -0.000723 -0.142117 0.001502
v 0.003453 -0.136706 0.024107
v 0.000684 -0.139827 0.019168
v -0.000314 -0.140072 0.019775
v -0.000314 -0.140072 0.019775
v 0.002655 -0.136689 0.025027
v 0.003453 -0.136706 0.024107
v 0.007563 -0.132811 0.025921
v 0.003453 -0.136706 0.024107
v 0.002655 -0.136689 0.025027
v 0.002655 -0.136689 0.025027
v 0.007143 -0.132422 0.027048
v 0.007563 -0.132811 0.025921
v 0.011884 -0.128346 0.025574
v 0.011913 -0.129097 0.024560
v 0.007563 -0.132811 0.025921
v 0.007563 -0.132811 0.025921
v 0.007143 -0.132422 0.027048
v 0.011884 -0.128346 0.025574
v 0.015577 -0.125685 0.020515
v 0.015254 -0.126716 0.019990
v 0.011913 -0.129097 0.024560
v 0.011913 -0.129097 0.024560
v 0.011884 -0.128346 0.025574
v 0.015577 -0.125685 0.020515
v 0.014182 -0.131087 0.001098
v 0.016270 -0.128488 0.004924
v 0.016734 -0.127639 0.004232
v 0.016734 -0.127639 0.004232
v 0.014460 -0.130475 0.000050
v 0.014182 -0.131087 0.001098
v 0.000129 -0.143017 0.001689
v 0.001015 -0.142575 0.002365
v 0.003842 -0.140571 -0.001346
v 0.003842 -0.140571 -0.001346
v 0.003319 -0.140748 -0.002432
v 0.000129 -0.143017 0.001689
v 0.003096 -0.135816 0.023352
v 0.000441 -0.138774 0.018591
v 0.000684 -0.139827 0.019168
v 0.000684 -0.139827 0.019168
v 0.003453 -0.136706 0.024107
v 0.003096 -0.135816 0.023352
v 0.006965 -0.132156 0.025034
v 0.003096 -0.135816 0.023352
v 0.003453 -0.136706 0.024107
v 0.003453 -0.136706 0.024107
v 0.007563 -0.132811 0.025921
v 0.006965 -0.132156 0.025034
v 0.011913 -0.129097 0.024560
v 0.011074 -0.128667 0.023743
v 0.006965 -0.132156 0.025034
v 0.006965 -0.132156 0.025034
v 0.007563 -0.132811 0.025921
v 0.011913 -0.129097 0.024560
v 0.015254 -0.126716 0.019990
v 0.014199 -0.126459 0.019476
v 0.011074 -0.128667 0.023743
v 0.011074 -0.128667 0.023743
v 0.011913 -0.129097 0.024560
v 0.015254 -0.126716 0.019990
v 0.013153 -0.130568 0.001554
v 0.015129 -0.128115 0.005160
v 0.016270 -0.128488 0.004924
v 0.016270 -0.128488 0.004924
v 0.014182 -0.131087 0.001098
v 0.013153 -0.130568 0.001554
v 0.001015 -0.142575 0.002365
v 0.000711 -0.141401 0.002592
v 0.003314 -0.139561 -0.000866
v 0.003314 -0.139561 -0.000866
v 0.003842 -0.140571 -0.001346
v 0.001015 -0.142575 0.002365
v 0.011097 -0.134271 -0.001605
v 0.007464 -0.137532 -0.002455
v 0.006784 -0.136650 -0.001861
v 0.006784 -0.136650 -0.001861
v 0.010232 -0.133571 -0.001023
v 0.011097 -0.134271 -0.001605
v 0.006784 -0.136650 -0.001861
v 0.006100 -0.136063 -0.002758
v 0.009729 -0.132804 -0.001906
v 0.009729 -0.132804 -0.001906
v 0.010232 -0.133571 -0.001023
v 0.006784 -0.136650 -0.001861
v 0.006100 -0.136063 -0.002758
v 0.006326 -0.136608 -0.003915
v 0.010259 -0.133055 -0.003055
v 0.010259 -0.133055 -0.003055
v 0.009729 -0.132804 -0.001906
v 0.006100 -0.136063 -0.002758
v 0.007178 -0.137508 -0.003725
v 0.011113 -0.133954 -0.002864
v 0.010259 -0.133055 -0.003055
v 0.010259 -0.133055 -0.003055
v 0.006326 -0.136608 -0.003915
v 0.007178 -0.137508 -0.003725
v 0.007464 -0.137532 -0.002455
v 0.011097 -0.134271 -0.001605
v 0.011113 -0.133954 -0.002864
v 0.011113 -0.133954 -0.002864
v 0.007178 -0.137508 -0.003725
v 0.007464 -0.137532 -0.002455
v 0.010232 -0.133571 -0.001023
v 0.009729 -0.132804 -0.001906
v 0.012809 -0.129623 0.000799
v 0.012809 -0.129623 0.000799
v 0.013153 -0.130568 0.001554
v 0.010232 -0.133571 -0.001023
v 0.003314 -0.139561 -0.000866
v 0.002473 -0.139108 -0.001658
v 0.006100 -0.136063 -0.002758
v 0.006100 -0.136063 -0.002758
v 0.006784 -0.136650 -0.001861
v 0.003314 -0.139561 -0.000866
v 0.009729 -0.132804 -0.001906
v 0.010259 -0.133055 -0.003055
v 0.013608 -0.129576 -0.000141
v 0.013608 -0.129576 -0.000141
v 0.012809 -0.129623 0.000799
v 0.009729 -0.132804 -0.001906
v 0.002473 -0.139108 -0.001658
v 0.002469 -0.139847 -0.002622
v 0.006326 -0.136608 -0.003915
v 0.006326 -0.136608 -0.003915
v 0.006100 -0.136063 -0.002758
v 0.002473 -0.139108 -0.001658
v 0.011113 -0.133954 -0.002864
v 0.014460 -0.130475 0.000050
v 0.013608 -0.129576 -0.000141
v 0.013608 -0.129576 -0.000141
v 0.010259 -0.133055 -0.003055
v 0.011113 -0.133954 -0.002864
v 0.003319 -0.140748 -0.002432
v 0.007178 -0.137508 -0.003725
v 0.006326 -0.136608 -0.003915
v 0.006326 -0.136608 -0.003915
v 0.002469 -0.139847 -0.002622
v 0.003319 -0.140748 -0.002432
v 0.011097 -0.134271 -0.001605
v 0.014182 -0.131087 0.001098
v 0.014460 -0.130475 0.000050
v 0.014460 -0.130475 0.000050
v 0.011113 -0.133954 -0.002864
v 0.011097 -0.134271 -0.001605
v 0.003842 -0.140571 -0.001346
v 0.007464 -0.137532 -0.002455
v 0.007178 -0.137508 -0.003725
v 0.007178 -0.137508 -0.003725
v 0.003319 -0.140748 -0.002432
v 0.003842 -0.140571 -0.001346
v 0.010232 -0.133571 -0.001023
v 0.013153 -0.130568 0.001554
v 0.014182 -0.131087 0.001098
v 0.014182 -0.131087 0.001098
v 0.011097 -0.134271 -0.001605
v 0.010232 -0.133571 -0.001023
v 0.003314 -0.139561 -0.000866
v 0.006784 -0.136650 -0.001861
v 0.007464 -0.137532 -0.002455
v 0.007464 -0.137532 -0.002455
v 0.003842 -0.140571 -0.001346
v 0.003314 -0.139561 -0.000866
v -0.000568 -0.141703 0.007686
v -0.000356 -0.142913 0.007727
v -0.000524 -0.141986 0.013702
v -0.000524 -0.141986 0.013702
v -0.000716 -0.140818 0.013378
v -0.000568 -0.141703 0.007686
v -0.001902 -0.140529 0.013397
v -0.001735 -0.141456 0.007420
v -0.000568 -0.141703 0.007686
v -0.000568 -0.141703 0.007686
v -0.000716 -0.140818 0.013378
v -0.001902 -0.140529 0.013397
v -0.002445 -0.141519 0.013730
v -0.002244 -0.142514 0.007300
v -0.001735 -0.141456 0.007420
v -0.001735 -0.141456 0.007420
v -0.001902 -0.140529 0.013397
v -0.002445 -0.141519 0.013730
v -0.002445 -0.141519 0.013730
v -0.001592 -0.142420 0.013919
v -0.001392 -0.143414 0.007490
v -0.001392 -0.143414 0.007490
v -0.002244 -0.142514 0.007300
v -0.002445 -0.141519 0.013730
v -0.001592 -0.142420 0.013919
v -0.000524 -0.141986 0.013702
v -0.000356 -0.142913 0.007727
v -0.000356 -0.142913 0.007727
v -0.001392 -0.143414 0.007490
v -0.001592 -0.142420 0.013919
v -0.001735 -0.141456 0.007420
v -0.000363 -0.141118 0.002057
v 0.000711 -0.141401 0.002592
v 0.000711 -0.141401 0.002592
v -0.000568 -0.141703 0.007686
v -0.001735 -0.141456 0.007420
v 0.000441 -0.138774 0.018591
v -0.000694 -0.138370 0.018864
v -0.001902 -0.140529 0.013397
v -0.001902 -0.140529 0.013397
v -0.000716 -0.140818 0.013378
v 0.000441 -0.138774 0.018591
v -0.002244 -0.142514 0.007300
v -0.000723 -0.142117 0.001502
v -0.000363 -0.141118 0.002057
v -0.000363 -0.141118 0.002057
v -0.001735 -0.141456 0.007420
v -0.002244 -0.142514 0.007300
v -0.000694 -0.138370 0.018864
v -0.001160 -0.139173 0.019597
v -0.002445 -0.141519 0.013730
v -0.002445 -0.141519 0.013730
v -0.001902 -0.140529 0.013397
v -0.000694 -0.138370 0.018864
v -0.002244 -0.142514 0.007300
v -0.001392 -0.143414 0.007490
v 0.000129 -0.143017 0.001689
v 0.000129 -0.143017 0.001689
v -0.000723 -0.142117 0.001502
v -0.002244 -0.142514 0.007300
v -0.001160 -0.139173 0.019597
v -0.000314 -0.140072 0.019775
v -0.001592 -0.142420 0.013919
v -0.001592 -0.142420 0.013919
v -0.002445 -0.141519 0.013730
v -0.001160 -0.139173 0.019597
v -0.001392 -0.143414 0.007490
v -0.000356 -0.142913 0.007727
v 0.001015 -0.142575 0.002365
v 0.001015 -0.142575 0.002365
v 0.000129 -0.143017 0.001689
v -0.001392 -0.143414 0.007490
v 0.000684 -0.139827 0.019168
v -0.000524 -0.141986 0.013702
v -0.001592 -0.142420 0.013919
v -0.001592 -0.142420 0.013919
v -0.000314 -0.140072 0.019775
v 0.000684 -0.139827 0.019168
v -0.000356 -0.142913 0.007727
v -0.000568 -0.141703 0.007686
v 0.000711 -0.141401 0.002592
v 0.000711 -0.141401 0.002592
v 0.001015 -0.142575 0.002365
v -0.000356 -0.142913 0.007727
v 0.000441 -0.138774 0.018591
v -0.000716 -0.140818 0.013378
v -0.000524 -0.141986 0.013702
v -0.000524 -0.141986 0.013702
v 0.000684 -0.139827 0.019168
v 0.000441 -0.138774 0.018591
v 0.015398 -0.126097 0.013860
v 0.016546 -0.126329 0.014217
v 0.017016 -0.126797 0.009721
v 0.017016 -0.126797 0.009721
v 0.015829 -0.126528 0.009642
v 0.015398 -0.126097 0.013860
v 0.015638 -0.125340 0.009416
v 0.015168 -0.124877 0.013907
v 0.015398 -0.126097 0.013860
v 0.015398 -0.126097 0.013860
v 0.015829 -0.126528 0.009642
v 0.015638 -0.125340 0.009416
v 0.016708 -0.124874 0.009353
v 0.016167 -0.124352 0.014294
v 0.015168 -0.124877 0.013907
v 0.015168 -0.124877 0.013907
v 0.015638 -0.125340 0.009416
v 0.016708 -0.124874 0.009353
v 0.017560 -0.125774 0.009542
v 0.017019 -0.125251 0.014480
v 0.016167 -0.124352 0.014294
v 0.016167 -0.124352 0.014294
v 0.016708 -0.124874 0.009353
v 0.017560 -0.125774 0.009542
v 0.017560 -0.125774 0.009542
v 0.017016 -0.126797 0.009721
v 0.016546 -0.126329 0.014217
v 0.016546 -0.126329 0.014217
v 0.017019 -0.125251 0.014480
v 0.017560 -0.125774 0.009542
v 0.015168 -0.124877 0.013907
v 0.013874 -0.125269 0.019685
v 0.014199 -0.126459 0.019476
v 0.014199 -0.126459 0.019476
v 0.015398 -0.126097 0.013860
v 0.015168 -0.124877 0.013907
v 0.015129 -0.128115 0.005160
v 0.014896 -0.127027 0.004625
v 0.015638 -0.125340 0.009416
v 0.015638 -0.125340 0.009416
v 0.015829 -0.126528 0.009642
v 0.015129 -0.128115 0.005160
v 0.016167 -0.124352 0.014294
v 0.014723 -0.124790 0.020323
v 0.013874 -0.125269 0.019685
v 0.013874 -0.125269 0.019685
v 0.015168 -0.124877 0.013907
v 0.016167 -0.124352 0.014294
v 0.014896 -0.127027 0.004625
v 0.015883 -0.126738 0.004043
v 0.016708 -0.124874 0.009353
v 0.016708 -0.124874 0.009353
v 0.015638 -0.125340 0.009416
v 0.014896 -0.127027 0.004625
v 0.017019 -0.125251 0.014480
v 0.015577 -0.125685 0.020515
v 0.014723 -0.124790 0.020323
v 0.014723 -0.124790 0.020323
v 0.016167 -0.124352 0.014294
v 0.017019 -0.125251 0.014480
v 0.016734 -0.127639 0.004232
v 0.017560 -0.125774 0.009542
v 0.016708 -0.124874 0.009353
v 0.016708 -0.124874 0.009353
v 0.015883 -0.126738 0.004043
v 0.016734 -0.127639 0.004232
v 0.017019 -0.125251 0.014480
v 0.016546 -0.126329 0.014217
v 0.015254 -0.126716 0.019990
v 0.015254 -0.126716 0.019990
v 0.015577 -0.125685 0.020515
v 0.017019 -0.125251 0.014480
v 0.016270 -0.128488 0.004924
v 0.017016 -0.126797 0.009721
v 0.017560 -0.125774 0.009542
v 0.017560 -0.125774 0.009542
v 0.016734 -0.127639 0.004232
v 0.016270 -0.128488 0.004924
v 0.016546 -0.126329 0.014217
v 0.015398 -0.126097 0.013860
v 0.014199 -0.126459 0.019476
v 0.014199 -0.126459 0.019476
v 0.015254 -0.126716 0.019990
v 0.016546 -0.126329 0.014217
v 0.015129 -0.128115 0.005160
v 0.015829 -0.126528 0.009642
v 0.017016 -0.126797 0.009721
v 0.017016 -0.126797 0.009721
v 0.016270 -0.128488 0.004924
v 0.015129 -0.128115 0.005160
v 0.007114 -0.131104 0.023452
v 0.003084 -0.133731 0.020875
v 0.004632 -0.134506 0.020356
v 0.004632 -0.134506 0.020356
v 0.008038 -0.132304 0.022400
v 0.007114 -0.131104 0.023452
v 0.011223 -0.129108 0.022510
v 0.007114 -0.131104 0.023452
v 0.008038 -0.132304 0.022400
v 0.008038 -0.132304 0.022400
v 0.011578 -0.130604 0.021514
v 0.011223 -0.129108 0.022510
v 0.014557 -0.127976 0.019101
v 0.011223 -0.129108 0.022510
v 0.011578 -0.130604 0.021514
v 0.011578 -0.130604 0.021514
v 0.014422 -0.129657 0.018526
v 0.014557 -0.127976 0.019101
v 0.015773 -0.128126 0.014715
v 0.014557 -0.127976 0.019101
v 0.014422 -0.129657 0.018526
v 0.014422 -0.129657 0.018526
v 0.015406 -0.129793 0.014624
v 0.015773 -0.128126 0.014715
v 0.015985 -0.128888 0.010235
v 0.015773 -0.128126 0.014715
v 0.015406 -0.129793 0.014624
v 0.015406 -0.129793 0.014624
v 0.015522 -0.130448 0.010650
v 0.015985 -0.128888 0.010235
v 0.011030 -0.134315 -0.000506
v 0.011057 -0.135241 0.000892
v 0.007792 -0.137202 0.000252
v 0.007792 -0.137202 0.000252
v 0.007228 -0.136557 -0.001238
v 0.011030 -0.134315 -0.000506
v 0.002811 -0.134841 0.022277
v 0.003084 -0.133731 0.020875
v 0.007114 -0.131104 0.023452
v 0.007114 -0.131104 0.023452
v 0.007399 -0.131851 0.025216
v 0.002811 -0.134841 0.022277
v 0.012058 -0.129593 0.024129
v 0.007399 -0.131851 0.025216
v 0.007114 -0.131104 0.023452
v 0.007114 -0.131104 0.023452
v 0.011223 -0.129108 0.022510
v 0.012058 -0.129593 0.024129
v 0.015828 -0.128312 0.020210
v 0.012058 -0.129593 0.024129
v 0.011223 -0.129108 0.022510
v 0.011223 -0.129108 0.022510
v 0.014557 -0.127976 0.019101
v 0.015828 -0.128312 0.020210
v 0.017250 -0.128482 0.015296
v 0.015828 -0.128312 0.020210
v 0.014557 -0.127976 0.019101
v 0.014557 -0.127976 0.019101
v 0.015773 -0.128126 0.014715
v 0.017250 -0.128482 0.015296
v 0.017586 -0.129345 0.010334
v 0.017250 -0.128482 0.015296
v 0.015773 -0.128126 0.014715
v 0.015773 -0.128126 0.014715
v 0.015985 -0.128888 0.010235
v 0.017586 -0.129345 0.010334
v 0.012206 -0.135410 -0.001602
v 0.011030 -0.134315 -0.000506
v 0.007228 -0.136557 -0.001238
v 0.007228 -0.136557 -0.001238
v 0.007820 -0.137994 -0.002456
v 0.012206 -0.135410 -0.001602
v 0.004385 -0.135615 0.021738
v 0.002811 -0.134841 0.022277
v 0.007399 -0.131851 0.025216
v 0.007399 -0.131851 0.025216
v 0.008320 -0.133067 0.024121
v 0.004385 -0.135615 0.021738
v 0.008320 -0.133067 0.024121
v 0.007399 -0.131851 0.025216
v 0.012058 -0.129593 0.024129
v 0.012058 -0.129593 0.024129
v 0.012391 -0.131108 0.023115
v 0.008320 -0.133067 0.024121
v 0.012391 -0.131108 0.023115
v 0.012058 -0.129593 0.024129
v 0.015828 -0.128312 0.020210
v 0.015828 -0.128312 0.020210
v 0.015678 -0.130010 0.019688
v 0.012391 -0.131108 0.023115
v 0.015678 -0.130010 0.019688
v 0.015828 -0.128312 0.020210
v 0.017250 -0.128482 0.015296
v 0.017250 -0.128482 0.015296
v 0.016897 -0.130158 0.015309
v 0.015678 -0.130010 0.019688
v 0.016897 -0.130158 0.015309
v 0.017250 -0.128482 0.015296
v 0.017586 -0.129345 0.010334
v 0.017586 -0.129345 0.010334
v 0.017109 -0.130917 0.010825
v 0.016897 -0.130158 0.015309
v 0.008343 -0.138591 -0.000664
v 0.012135 -0.136360 0.000048
v 0.012206 -0.135410 -0.001602
v 0.012206 -0.135410 -0.001602
v 0.007820 -0.137994 -0.002456
v 0.008343 -0.138591 -0.000664
v 0.008038 -0.132304 0.022400
v 0.004632 -0.134506 0.020356
v 0.004385 -0.135615 0.021738
v 0.004385 -0.135615 0.021738
v 0.008320 -0.133067 0.024121
v 0.008038 -0.132304 0.022400
v 0.012391 -0.131108 0.023115
v 0.011578 -0.130604 0.021514
v 0.008038 -0.132304 0.022400
v 0.008038 -0.132304 0.022400
v 0.008320 -0.133067 0.024121
v 0.012391 -0.131108 0.023115
v 0.011578 -0.130604 0.021514
v 0.012391 -0.131108 0.023115
v 0.015678 -0.130010 0.019688
v 0.015678 -0.130010 0.019688
v 0.014422 -0.129657 0.018526
v 0.011578 -0.130604 0.021514
v 0.014422 -0.129657 0.018526
v 0.015678 -0.130010 0.019688
v 0.016897 -0.130158 0.015309
v 0.016897 -0.130158 0.015309
v 0.015406 -0.129793 0.014624
v 0.014422 -0.129657 0.018526
v 0.015406 -0.129793 0.014624
v 0.016897 -0.130158 0.015309
v 0.017109 -0.130917 0.010825
v 0.017109 -0.130917 0.010825
v 0.015522 -0.130448 0.010650
v 0.015406 -0.129793 0.014624
v 0.007792 -0.137202 0.000252
v 0.011057 -0.135241 0.000892
v 0.012135 -0.136360 0.000048
v 0.012135 -0.136360 0.000048
v 0.008343 -0.138591 -0.000664
v 0.007792 -0.137202 0.000252
v 0.017586 -0.129345 0.010334
v 0.015985 -0.128888 0.010235
v 0.015230 -0.130427 0.005639
v 0.015230 -0.130427 0.005639
v 0.016844 -0.131019 0.005366
v 0.017586 -0.129345 0.010334
v 0.015230 -0.130427 0.005639
v 0.015985 -0.128888 0.010235
v 0.015522 -0.130448 0.010650
v 0.015522 -0.130448 0.010650
v 0.014783 -0.131830 0.006328
v 0.015230 -0.130427 0.005639
v 0.015522 -0.130448 0.010650
v 0.017109 -0.130917 0.010825
v 0.016336 -0.132495 0.006107
v 0.016336 -0.132495 0.006107
v 0.014783 -0.131830 0.006328
v 0.015522 -0.130448 0.010650
v 0.016336 -0.132495 0.006107
v 0.017109 -0.130917 0.010825
v 0.017586 -0.129345 0.010334
v 0.017586 -0.129345 0.010334
v 0.016844 -0.131019 0.005366
v 0.016336 -0.132495 0.006107
v 0.011057 -0.135241 0.000892
v 0.011030 -0.134315 -0.000506
v 0.013618 -0.132224 0.002151
v 0.013618 -0.132224 0.002151
v 0.013345 -0.133397 0.003256
v 0.011057 -0.135241 0.000892
v 0.014721 -0.134282 0.002663
v 0.012135 -0.136360 0.000048
v 0.011057 -0.135241 0.000892
v 0.011057 -0.135241 0.000892
v 0.013345 -0.133397 0.003256
v 0.014721 -0.134282 0.002663
v 0.011030 -0.134315 -0.000506
v 0.012206 -0.135410 -0.001602
v 0.015081 -0.133042 0.001421
v 0.015081 -0.133042 0.001421
v 0.013618 -0.132224 0.002151
v 0.011030 -0.134315 -0.000506
v 0.012135 -0.136360 0.000048
v 0.014721 -0.134282 0.002663
v 0.015081 -0.133042 0.001421
v 0.015081 -0.133042 0.001421
v 0.012206 -0.135410 -0.001602
v 0.012135 -0.136360 0.000048
v 0.015230 -0.130427 0.005639
v 0.014783 -0.131830 0.006328
v 0.013345 -0.133397 0.003256
v 0.013345 -0.133397 0.003256
v 0.013618 -0.132224 0.002151
v 0.015230 -0.130427 0.005639
v 0.016844 -0.131019 0.005366
v 0.015230 -0.130427 0.005639
v 0.013618 -0.132224 0.002151
v 0.013618 -0.132224 0.002151
v 0.015081 -0.133042 0.001421
v 0.016844 -0.131019 0.005366
v 0.014721 -0.134282 0.002663
v 0.016336 -0.132495 0.006107
v 0.016844 -0.131019 0.005366
v 0.016844 -0.131019 0.005366
v 0.015081 -0.133042 0.001421
v 0.014721 -0.134282 0.002663
v 0.013345 -0.133397 0.003256
v 0.014783 -0.131830 0.006328
v 0.016336 -0.132495 0.006107
v 0.016336 -0.132495 0.006107
v 0.014721 -0.134282 0.002663
v 0.013345 -0.133397 0.003256
v 0.003084 -0.133731 0.020875
v 0.000582 -0.135760 0.016900
v 0.002165 -0.136466 0.016389
v 0.002165 -0.136466 0.016389
v 0.004632 -0.134506 0.020356
v 0.003084 -0.133731 0.020875
v 0.000054 -0.137099 0.017919
v 0.000582 -0.135760 0.016900
v 0.003084 -0.133731 0.020875
v 0.003084 -0.133731 0.020875
v 0.002811 -0.134841 0.022277
v 0.000054 -0.137099 0.017919
v 0.001709 -0.137791 0.017491
v 0.000054 -0.137099 0.017919
v 0.002811 -0.134841 0.022277
v 0.002811 -0.134841 0.022277
v 0.004385 -0.135615 0.021738
v 0.001709 -0.137791 0.017491
v 0.004632 -0.134506 0.020356
v 0.002165 -0.136466 0.016389
v 0.001709 -0.137791 0.017491
v 0.001709 -0.137791 0.017491
v 0.004385 -0.135615 0.021738
v 0.004632 -0.134506 0.020356
v 0.003932 -0.139564 -0.000524
v 0.004995 -0.139958 0.000976
v 0.008343 -0.138591 -0.000664
v 0.008343 -0.138591 -0.000664
v 0.007820 -0.137994 -0.002456
v 0.003932 -0.139564 -0.000524
v 0.003932 -0.139564 -0.000524
v 0.007820 -0.137994 -0.002456
v 0.007228 -0.136557 -0.001238
v 0.007228 -0.136557 -0.001238
v 0.003793 -0.137953 0.000463
v 0.003932 -0.139564 -0.000524
v 0.003793 -0.137953 0.000463
v 0.007228 -0.136557 -0.001238
v 0.007792 -0.137202 0.000252
v 0.007792 -0.137202 0.000252
v 0.004824 -0.138429 0.001747
v 0.003793 -0.137953 0.000463
v 0.004995 -0.139958 0.000976
v 0.004824 -0.138429 0.001747
v 0.007792 -0.137202 0.000252
v 0.007792 -0.137202 0.000252
v 0.008343 -0.138591 -0.000664
v 0.004995 -0.139958 0.000976
v 0.001211 -0.138462 0.003844
v 0.003793 -0.137953 0.000463
v 0.004824 -0.138429 0.001747
v 0.004824 -0.138429 0.001747
v 0.002595 -0.138871 0.004695
v 0.001211 -0.138462 0.003844
v 0.001000 -0.140138 0.003314
v 0.003932 -0.139564 -0.000524
v 0.003793 -0.137953 0.000463
v 0.003793 -0.137953 0.000463
v 0.001211 -0.138462 0.003844
v 0.001000 -0.140138 0.003314
v 0.004995 -0.139958 0.000976
v 0.003932 -0.139564 -0.000524
v 0.001000 -0.140138 0.003314
v 0.001000 -0.140138 0.003314
v 0.002463 -0.140471 0.004234
v 0.004995 -0.139958 0.000976
v 0.004824 -0.138429 0.001747
v 0.004995 -0.139958 0.000976
v 0.002463 -0.140471 0.004234
v 0.002463 -0.140471 0.004234
v 0.002595 -0.138871 0.004695
v 0.004824 -0.138429 0.001747
v -0.000343 -0.137100 0.012796
v -0.000058 -0.137985 0.008475
v 0.001497 -0.138394 0.008990
v 0.001497 -0.138394 0.008990
v 0.001308 -0.137615 0.012771
v -0.000343 -0.137100 0.012796
v 0.001497 -0.138394 0.008990
v 0.001110 -0.140016 0.008952
v 0.000789 -0.139138 0.013330
v 0.000789 -0.139138 0.013330
v 0.001308 -0.137615 0.012771
v 0.001497 -0.138394 0.008990
v -0.000907 -0.138661 0.013302
v -0.000496 -0.139660 0.008391
v -0.000058 -0.137985 0.008475
v -0.000058 -0.137985 0.008475
v -0.000343 -0.137100 0.012796
v -0.000907 -0.138661 0.013302
v -0.000907 -0.138661 0.013302
v 0.000789 -0.139138 0.013330
v 0.001110 -0.140016 0.008952
v 0.001110 -0.140016 0.008952
v -0.000496 -0.139660 0.008391
v -0.000907 -0.138661 0.013302
v -0.000058 -0.137985 0.008475
v 0.001211 -0.138462 0.003844
v 0.002595 -0.138871 0.004695
v 0.002595 -0.138871 0.004695
v 0.001497 -0.138394 0.008990
v -0.000058 -0.137985 0.008475
v 0.002165 -0.136466 0.016389
v 0.000582 -0.135760 0.016900
v -0.000343 -0.137100 0.012796
v -0.000343 -0.137100 0.012796
v 0.001308 -0.137615 0.012771
v 0.002165 -0.136466 0.016389
v -0.000496 -0.139660 0.008391
v 0.001000 -0.140138 0.003314
v 0.001211 -0.138462 0.003844
v 0.001211 -0.138462 0.003844
v -0.000058 -0.137985 0.008475
v -0.000496 -0.139660 0.008391
v 0.000582 -0.135760 0.016900
v 0.000054 -0.137099 0.017919
v -0.000907 -0.138661 0.013302
v -0.000907 -0.138661 0.013302
v -0.000343 -0.137100 0.012796
v 0.000582 -0.135760 0.016900
v 0.002463 -0.140471 0.004234
v 0.001000 -0.140138 0.003314
v -0.000496 -0.139660 0.008391
v -0.000496 -0.139660 0.008391
v 0.001110 -0.140016 0.008952
v 0.002463 -0.140471 0.004234
v 0.001709 -0.137791 0.017491
v 0.000789 -0.139138 0.013330
v -0.000907 -0.138661 0.013302
v -0.000907 -0.138661 0.013302
v 0.000054 -0.137099 0.017919
v 0.001709 -0.137791 0.017491
v 0.002595 -0.138871 0.004695
v 0.002463 -0.140471 0.004234
v 0.001110 -0.140016 0.008952
v 0.001110 -0.140016 0.008952
v 0.001497 -0.138394 0.008990
v 0.002595 -0.138871 0.004695
v 0.002165 -0.136466 0.016389
v 0.001308 -0.137615 0.012771
v 0.000789 -0.139138 0.013330
v 0.000789 -0.139138 0.013330
v 0.001709 -0.137791 0.017491
v 0.002165 -0.136466 0.016389
v -0.004529 -0.146753 0.012866
v -0.002537 -0.147218 0.013911
v -0.002802 -0.148770 0.012761
v -0.002802 -0.148770 0.012761
v -0.004033 -0.148483 0.012115
v -0.004529 -0.146753 0.012866
v -0.002537 -0.147218 0.013911
v -0.000407 -0.147706 0.013204
v -0.001486 -0.149072 0.012323
v -0.001486 -0.149072 0.012323
v -0.002802 -0.148770 0.012761
v -0.002537 -0.147218 0.013911
v -0.000407 -0.147706 0.013204
v 0.000613 -0.147931 0.011159
v -0.000855 -0.149211 0.011059
v -0.000855 -0.149211 0.011059
v -0.001486 -0.149072 0.012323
v -0.000407 -0.147706 0.013204
v 0.000613 -0.147931 0.011159
v -0.000074 -0.147761 0.008973
v -0.001279 -0.149106 0.009709
v -0.001279 -0.149106 0.009709
v -0.000855 -0.149211 0.011059
v 0.000613 -0.147931 0.011159
v -0.000074 -0.147761 0.008973
v -0.002065 -0.147296 0.007928
v -0.002510 -0.148819 0.009063
v -0.002510 -0.148819 0.009063
v -0.001279 -0.149106 0.009709
v -0.000074 -0.147761 0.008973
v -0.002065 -0.147296 0.007928
v -0.004196 -0.146808 0.008636
v -0.003827 -0.148517 0.009500
v -0.003827 -0.148517 0.009500
v -0.002510 -0.148819 0.009063
v -0.002065 -0.147296 0.007928
v -0.004196 -0.146808 0.008636
v -0.005216 -0.146583 0.010681
v -0.004458 -0.148378 0.010764
v -0.004458 -0.148378 0.010764
v -0.003827 -0.148517 0.009500
v -0.004196 -0.146808 0.008636
v -0.005216 -0.146583 0.010681
v -0.004529 -0.146753 0.012866
v -0.004033 -0.148483 0.012115
v -0.004033 -0.148483 0.012115
v -0.004458 -0.148378 0.010764
v -0.005216 -0.146583 0.010681
v -0.004091 -0.144853 0.012876
v -0.002099 -0.145318 0.013921
v -0.002537 -0.147218 0.013911
v -0.002537 -0.147218 0.013911
v -0.004529 -0.146753 0.012866
v -0.004091 -0.144853 0.012876
v -0.002099 -0.145318 0.013921
v 0.000031 -0.145806 0.013214
v -0.000407 -0.147706 0.013204
v -0.000407 -0.147706 0.013204
v -0.002537 -0.147218 0.013911
v -0.002099 -0.145318 0.013921
v 0.000031 -0.145806 0.013214
v 0.001052 -0.146031 0.011168
v 0.000613 -0.147931 0.011159
v 0.000613 -0.147931 0.011159
v -0.000407 -0.147706 0.013204
v 0.000031 -0.145806 0.013214
v 0.001052 -0.146031 0.011168
v 0.000365 -0.145861 0.008983
v -0.000074 -0.147761 0.008973
v -0.000074 -0.147761 0.008973
v 0.000613 -0.147931 0.011159
v 0.001052 -0.146031 0.011168
v 0.000365 -0.145861 0.008983
v -0.001627 -0.145396 0.007938
v -0.002065 -0.147296 0.007928
v -0.002065 -0.147296 0.007928
v -0.000074 -0.147761 0.008973
v 0.000365 -0.145861 0.008983
v -0.001627 -0.145396 0.007938
v -0.003757 -0.144908 0.008645
v -0.004196 -0.146808 0.008636
v -0.004196 -0.146808 0.008636
v -0.002065 -0.147296 0.007928
v -0.001627 -0.145396 0.007938
v -0.003757 -0.144908 0.008645
v -0.004778 -0.144683 0.010691
v -0.005216 -0.146583 0.010681
v -0.005216 -0.146583 0.010681
v -0.004196 -0.146808 0.008636
v -0.003757 -0.144908 0.008645
v -0.004778 -0.144683 0.010691
v -0.004091 -0.144853 0.012876
v -0.004529 -0.146753 0.012866
v -0.004529 -0.146753 0.012866
v -0.005216 -0.146583 0.010681
v -0.004778 -0.144683 0.010691
v -0.002885 -0.143508 0.012141
v -0.001654 -0.143795 0.012786
v -0.002099 -0.145318 0.013921
v -0.002099 -0.145318 0.013921
v -0.004091 -0.144853 0.012876
v -0.002885 -0.143508 0.012141
v -0.001654 -0.143795 0.012786
v -0.000338 -0.144097 0.012349
v 0.000031 -0.145806 0.013214
v 0.000031 -0.145806 0.013214
v -0.002099 -0.145318 0.013921
v -0.001654 -0.143795 0.012786
v -0.000338 -0.144097 0.012349
v 0.000293 -0.144236 0.011085
v 0.001052 -0.146031 0.011168
v 0.001052 -0.146031 0.011168
v 0.000031 -0.145806 0.013214
v -0.000338 -0.144097 0.012349
v 0.000293 -0.144236 0.011085
v -0.000131 -0.144131 0.009735
v 0.000365 -0.145861 0.008983
v 0.000365 -0.145861 0.008983
v 0.001052 -0.146031 0.011168
v 0.000293 -0.144236 0.011085
v -0.000131 -0.144131 0.009735
v -0.001362 -0.143844 0.009089
v -0.001627 -0.145396 0.007938
v -0.001627 -0.145396 0.007938
v 0.000365 -0.145861 0.008983
v -0.000131 -0.144131 0.009735
v -0.001362 -0.143844 0.009089
v -0.002679 -0.143542 0.009526
v -0.003757 -0.144908 0.008645
v -0.003757 -0.144908 0.008645
v -0.001627 -0.145396 0.007938
v -0.001362 -0.143844 0.009089
v -0.002679 -0.143542 0.009526
v -0.003310 -0.143403 0.010790
v -0.004778 -0.144683 0.010691
v -0.004778 -0.144683 0.010691
v -0.003757 -0.144908 0.008645
v -0.002679 -0.143542 0.009526
v -0.003310 -0.143403 0.010790
v -0.002885 -0.143508 0.012141
v -0.004091 -0.144853 0.012876
v -0.004091 -0.144853 0.012876
v -0.004778 -0.144683 0.010691
v -0.003310 -0.143403 0.010790
v -0.003835 -0.152113 0.010615
v -0.005090 -0.152220 0.011533
v -0.004172 -0.152721 0.012010
v -0.003835 -0.152113 0.010615
v -0.004172 -0.152721 0.012010
v -0.003152 -0.153086 0.011624
v -0.003835 -0.152113 0.010615
v -0.003152 -0.153086 0.011624
v -0.002627 -0.153100 0.010600
v -0.003835 -0.152113 0.010615
v -0.002627 -0.153100 0.010600
v -0.002906 -0.152755 0.009539
v -0.003835 -0.152113 0.010615
v -0.002906 -0.152755 0.009539
v -0.003825 -0.152255 0.009062
v -0.003835 -0.152113 0.010615
v -0.003825 -0.152255 0.009062
v -0.004845 -0.151890 0.009448
v -0.003835 -0.152113 0.010615
v -0.004845 -0.151890 0.009448
v -0.005369 -0.151876 0.010471
v -0.003835 -0.152113 0.010615
v -0.005369 -0.151876 0.010471
v -0.005090 -0.152220 0.011533
v -0.001373 -0.143232 0.010941
v -0.001654 -0.143795 0.012786
v -0.002885 -0.143508 0.012141
v -0.001373 -0.143232 0.010941
v -0.000338 -0.144097 0.012349
v -0.001654 -0.143795 0.012786
v -0.001373 -0.143232 0.010941
v 0.000293 -0.144236 0.011085
v -0.000338 -0.144097 0.012349
v -0.001373 -0.143232 0.010941
v -0.000131 -0.144131 0.009735
v 0.000293 -0.144236 0.011085
v -0.001373 -0.143232 0.010941
v -0.001362 -0.143844 0.009089
v -0.000131 -0.144131 0.009735
v -0.001373 -0.143232 0.010941
v -0.002679 -0.143542 0.009526
v -0.001362 -0.143844 0.009089
v -0.001373 -0.143232 0.010941
v -0.003310 -0.143403 0.010790
v -0.002679 -0.143542 0.009526
v -0.001373 -0.143232 0.010941
v -0.002885 -0.143508 0.012141
v -0.003310 -0.143403 0.010790
v -0.003625 -0.148880 0.010837
v -0.003309 -0.148949 0.010204
v -0.003827 -0.148517 0.009500
v -0.003827 -0.148517 0.009500
v -0.004458 -0.148378 0.010764
v -0.003625 -0.148880 0.010837
v -0.003309 -0.148949 0.010204
v -0.002651 -0.149100 0.009986
v -0.002510 -0.148819 0.009063
v -0.002510 -0.148819 0.009063
v -0.003827 -0.148517 0.009500
v -0.003309 -0.148949 0.010204
v -0.002651 -0.149100 0.009986
v -0.002035 -0.149244 0.010309
v -0.001279 -0.149106 0.009709
v -0.001279 -0.149106 0.009709
v -0.002510 -0.148819 0.009063
v -0.002651 -0.149100 0.009986
v -0.002035 -0.149244 0.010309
v -0.001823 -0.149296 0.010984
v -0.000855 -0.149211 0.011059
v -0.000855 -0.149211 0.011059
v -0.001279 -0.149106 0.009709
v -0.002035 -0.149244 0.010309
v -0.001823 -0.149296 0.010984
v -0.002139 -0.149227 0.011616
v -0.001486 -0.149072 0.012323
v -0.001486 -0.149072 0.012323
v -0.000855 -0.149211 0.011059
v -0.001823 -0.149296 0.010984
v -0.002139 -0.149227 0.011616
v -0.002797 -0.149076 0.011835
v -0.002802 -0.148770 0.012761
v -0.002802 -0.148770 0.012761
v -0.001486 -0.149072 0.012323
v -0.002139 -0.149227 0.011616
v -0.002797 -0.149076 0.011835
v -0.003412 -0.148932 0.011512
v -0.004033 -0.148483 0.012115
v -0.004033 -0.148483 0.012115
v -0.002802 -0.148770 0.012761
v -0.002797 -0.149076 0.011835
v -0.003412 -0.148932 0.011512
v -0.003625 -0.148880 0.010837
v -0.004458 -0.148378 0.010764
v -0.004458 -0.148378 0.010764
v -0.004033 -0.148483 0.012115
v -0.003412 -0.148932 0.011512
v -0.004172 -0.152721 0.012010
v -0.005090 -0.152220 0.011533
v -0.003412 -0.148932 0.011512
v -0.003412 -0.148932 0.011512
v -0.002797 -0.149076 0.011835
v -0.004172 -0.152721 0.012010
v -0.003152 -0.153086 0.011624
v -0.004172 -0.152721 0.012010
v -0.002797 -0.149076 0.011835
v -0.002797 -0.149076 0.011835
v -0.002139 -0.149227 0.011616
v -0.003152 -0.153086 0.011624
v -0.002627 -0.153100 0.010600
v -0.003152 -0.153086 0.011624
v -0.002139 -0.149227 0.011616
v -0.002139 -0.149227 0.011616
v -0.001823 -0.149296 0.010984
v -0.002627 -0.153100 0.010600
v -0.002906 -0.152755 0.009539
v -0.002627 -0.153100 0.010600
v -0.001823 -0.149296 0.010984
v -0.001823 -0.149296 0.010984
v -0.002035 -0.149244 0.010309
v -0.002906 -0.152755 0.009539
v -0.002651 -0.149100 0.009986
v -0.003825 -0.152255 0.009062
v -0.002906 -0.152755 0.009539
v -0.002906 -0.152755 0.009539
v -0.002035 -0.149244 0.010309
v -0.002651 -0.149100 0.009986
v -0.003309 -0.148949 0.010204
v -0.004845 -0.151890 0.009448
v -0.003825 -0.152255 0.009062
v -0.003825 -0.152255 0.009062
v -0.002651 -0.149100 0.009986
v -0.003309 -0.148949 0.010204
v -0.003625 -0.148880 0.010837
v -0.005369 -0.151876 0.010471
v -0.004845 -0.151890 0.009448
v -0.004845 -0.151890 0.009448
v -0.003309 -0.148949 0.010204
v -0.003625 -0.148880 0.010837
v -0.003412 -0.148932 0.011512
v -0.005090 -0.152220 0.011533
v -0.005369 -0.151876 0.010471
v -0.005369 -0.151876 0.010471
v -0.003625 -0.148880 0.010837
v -0.003412 -0.148932 0.011512
vn -0.8626 -0.0168 0.5056
vn -0.5826 0.0198 0.8125
vn -0.5142 -0.0845 0.8535
vn -0.5142 -0.0844 0.8535
vn -0.8600 -0.1331 0.4926
vn 0.1521 -0.0056 0.9883
vn -0.5141 -0.0845 0.8536
vn -0.5826 0.0199 0.8126
vn 0.0751 0.0775 0.9942
vn 0.9836 0.0174 0.1797
vn 0.9706 0.0745 0.2288
vn 0.9859 0.0760 -0.1494
vn 0.9829 0.0145 -0.1833
vn 0.1522 -0.0056 0.9883
vn 0.0752 0.0775 0.9942
vn 0.7198 0.0983 0.6872
vn 0.7616 0.0275 0.6475
vn -0.9862 -0.0252 0.1633
vn -0.9820 -0.1494 0.1156
vn -0.5379 0.0181 -0.8428
vn -0.5182 -0.1044 -0.8489
vn 0.1538 -0.0442 -0.9871
vn 0.1537 -0.0442 -0.9871
vn 0.1884 0.0413 -0.9812
vn -0.5380 0.0181 -0.8428
vn -0.9820 -0.1494 0.1155
vn -0.8953 -0.1577 -0.4166
vn -0.9304 -0.0262 -0.3655
vn -0.9304 -0.0261 -0.3655
vn -0.9863 -0.0252 0.1632
vn 0.7825 0.0731 -0.6183
vn 0.7785 -0.0013 -0.6276
vn 0.9829 0.0145 -0.1834
vn 0.9858 0.0760 -0.1494
vn 0.1538 -0.0443 -0.9871
vn 0.7785 -0.0013 -0.6277
vn 0.7785 -0.0014 -0.6277
vn 0.7824 0.0731 -0.6184
vn 0.1885 0.0413 -0.9812
vn -0.5182 -0.1044 -0.8488
vn -0.5380 0.0180 -0.8427
vn -0.9304 -0.0261 -0.3656
vn -0.8953 -0.1577 -0.4167
vn -0.5182 -0.1045 -0.8488
vn 0.7617 0.0275 0.6474
vn 0.7199 0.0983 0.6871
vn 0.9835 0.0174 0.1798
vn -0.9662 0.0969 0.2389
vn -0.8104 0.1004 0.5773
vn -0.8626 -0.0168 0.5055
vn -0.9863 -0.0252 0.1633
vn -0.9885 0.0647 -0.1368
vn -0.9662 0.0968 0.2387
vn -0.9885 0.0648 -0.1368
vn -0.8103 0.1004 0.5773
vn -0.6146 0.1158 0.7803
vn -0.5826 0.0199 0.8125
vn -0.8674 0.1112 -0.4851
vn -0.0514 0.2177 0.9747
vn 0.0750 0.0775 0.9942
vn -0.5825 0.0199 0.8126
vn -0.0513 0.2178 0.9747
vn 0.6632 0.2422 0.7081
vn 0.9319 0.1836 0.3127
vn 0.6633 0.2423 0.7080
vn 0.9319 0.1836 0.3128
vn 0.9702 0.1913 0.1490
vn 0.9788 0.1756 -0.1052
vn 0.9702 0.1914 0.1489
vn 0.8993 0.1235 -0.4195
vn 0.7825 0.0732 -0.6183
vn 0.9788 0.1756 -0.1053
vn 0.8993 0.1235 -0.4194
vn 0.7081 0.1520 -0.6896
vn 0.7825 0.0731 -0.6184
vn 0.2818 0.1929 -0.9399
vn 0.7824 0.0732 -0.6184
vn 0.7080 0.1520 -0.6897
vn -0.8673 0.1112 -0.4852
vn -0.5380 0.0181 -0.8427
vn -0.4262 0.1718 -0.8882
vn 0.2817 0.1929 -0.9399
vn -0.4261 0.1718 -0.8882
vn -0.4261 0.1719 -0.8882
vn 0.0789 -0.3203 -0.9440
vn -0.6138 -0.2236 -0.7571
vn -0.6009 -0.2427 -0.7616
vn 0.0836 -0.2846 -0.9550
vn 0.7056 -0.2052 -0.6783
vn 0.6891 -0.2649 -0.6745
vn 0.0790 -0.3203 -0.9440
vn 0.0837 -0.2846 -0.9550
vn 0.9827 -0.0453 -0.1793
vn 0.9464 0.0190 0.3225
vn 0.9763 -0.0927 -0.1955
vn -0.8961 -0.1188 -0.4278
vn -0.6139 -0.2236 -0.7570
vn -0.6152 -0.2046 -0.7613
vn -0.6153 -0.2046 -0.7613
vn -0.8940 -0.0559 -0.4446
vn 0.9592 0.0234 -0.2818
vn 0.9612 -0.0573 -0.2698
vn 0.9724 0.0678 0.2231
vn 0.9724 0.0679 0.2231
vn 0.9755 0.0951 0.1986
vn -0.9977 -0.0048 -0.0680
vn -0.8774 0.0531 0.4767
vn -0.8738 0.2066 0.4402
vn -0.8738 0.2066 0.4403
vn -0.9932 0.0834 -0.0806
vn 0.6671 -0.0603 -0.7425
vn 0.6637 -0.0512 -0.7462
vn 0.0987 -0.1230 -0.9875
vn 0.0861 -0.1159 -0.9895
vn 0.7242 0.1347 0.6763
vn 0.7355 0.2116 0.6436
vn 0.2475 0.2762 0.9287
vn 0.2271 0.1325 0.9648
vn 0.2270 0.1325 0.9648
vn -0.3572 0.1131 0.9272
vn -0.3292 -0.0714 0.9416
vn 0.2390 -0.0275 0.9706
vn 0.0722 -0.3339 -0.9398
vn -0.6152 -0.2046 -0.7614
vn -0.6139 -0.2236 -0.7571
vn 0.0722 -0.3339 -0.9399
vn 0.0860 -0.1160 -0.9895
vn 0.0986 -0.1230 -0.9875
vn -0.5145 -0.1447 -0.8452
vn -0.5539 -0.1063 -0.8258
vn 0.0860 -0.1159 -0.9895
vn 0.9781 0.0402 0.2044
vn 0.9567 0.0081 -0.2908
vn -0.8444 -0.1162 0.5229
vn -0.3293 -0.0714 0.9415
vn -0.3573 0.1130 0.9271
vn -0.8774 0.0531 0.4768
vn -0.9917 -0.1243 -0.0317
vn -0.8445 -0.1162 0.5229
vn -0.8775 0.0531 0.4767
vn -0.9917 -0.1243 -0.0318
vn -0.8879 -0.1849 -0.4213
vn -0.6010 -0.2427 -0.7615
vn 0.9592 0.0234 -0.2819
vn 0.9567 0.0081 -0.2909
vn 0.6638 -0.0512 -0.7461
vn 0.6638 -0.0512 -0.7462
vn 0.6672 -0.0603 -0.7424
vn -0.8967 0.0012 -0.4426
vn -0.5727 -0.0794 -0.8159
vn -0.5539 -0.1064 -0.8257
vn -0.5539 -0.1063 -0.8257
vn -0.8864 -0.0513 -0.4601
vn 0.9612 -0.0573 -0.2697
vn 0.9492 -0.1631 -0.2693
vn 0.9626 -0.0101 0.2707
vn -0.8737 0.2066 0.4404
vn -0.3560 0.2731 0.8937
vn -0.3382 0.3280 0.8821
vn -0.3382 0.3280 0.8820
vn -0.8575 0.2164 0.4667
vn -0.5539 -0.1064 -0.8258
vn -0.5726 -0.0794 -0.8160
vn 0.0795 -0.1378 -0.9873
vn 0.0450 -0.2650 -0.9632
vn 0.6560 -0.2467 -0.7133
vn 0.6634 -0.1305 -0.7368
vn 0.0796 -0.1378 -0.9873
vn 0.6635 -0.1305 -0.7367
vn 0.9612 -0.0573 -0.2699
vn 0.2391 -0.0275 0.9706
vn 0.7206 0.0200 0.6930
vn 0.7242 0.1346 0.6763
vn 0.2718 0.3014 0.9139
vn 0.2325 0.1875 0.9544
vn -0.3234 0.2119 0.9222
vn -0.3234 0.2118 0.9222
vn -0.3381 0.3280 0.8821
vn 0.2718 0.3013 0.9140
vn -0.3559 0.2731 0.8938
vn 0.2474 0.2762 0.9287
vn -0.8936 -0.0009 -0.4490
vn -0.6106 -0.1319 -0.7809
vn 0.0449 -0.2650 -0.9632
vn 0.9463 0.0190 0.3226
vn 0.7107 0.1632 0.6843
vn 0.9626 -0.0101 0.2708
vn 0.6706 -0.2942 -0.6810
vn 0.0723 -0.3339 -0.9398
vn 0.0790 -0.3204 -0.9440
vn 0.6892 -0.2649 -0.6744
vn -0.3235 0.2118 0.9222
vn 0.7107 0.1633 0.6843
vn 0.2326 0.1875 0.9543
vn 0.2719 0.3013 0.9139
vn 0.7355 0.2117 0.6436
vn 0.2719 0.3014 0.9139
vn -0.9932 0.0834 -0.0807
vn -0.8576 0.2164 0.4667
vn -0.8576 0.2163 0.4667
vn -0.9947 0.0675 -0.0777
vn -0.8625 0.0084 0.5059
vn -0.9942 -0.0629 -0.0877
vn -0.3573 0.1131 0.9271
vn -0.3559 0.2731 0.8937
vn -0.8737 0.2066 0.4403
vn 0.9724 0.0678 0.2232
vn 0.9626 -0.0100 0.2708
vn 0.7356 0.2116 0.6435
vn 0.9647 -0.1455 -0.2197
vn 0.9763 -0.0928 -0.1955
vn 0.6561 -0.2467 -0.7132
vn 0.9491 -0.1631 -0.2694
vn 0.9646 -0.1455 -0.2198
vn 0.6707 -0.2942 -0.6809
vn 0.9763 -0.0928 -0.1956
vn -0.8864 -0.0514 -0.4601
vn -0.8712 -0.1269 -0.4743
vn -0.9942 -0.0630 -0.0877
vn -0.8879 -0.1849 -0.4212
vn -0.8961 -0.1188 -0.4277
vn 0.7056 -0.2052 -0.6782
vn 0.7057 -0.2051 -0.6782
vn 0.9827 -0.0453 -0.1794
vn 0.0861 -0.1160 -0.9895
vn -0.9977 -0.0048 -0.0681
vn -0.8968 0.0012 -0.4425
vn -0.5146 -0.1447 -0.8452
vn -0.8711 -0.1269 -0.4744
vn -0.8864 -0.0514 -0.4602
vn -0.5145 -0.1448 -0.8452
vn -0.8968 0.0013 -0.4425
vn -0.9947 0.0675 -0.0778
vn -0.8936 -0.0009 -0.4489
vn -0.8940 -0.0559 -0.4445
vn -0.9942 -0.0629 -0.0878
vn -0.8961 -0.1187 -0.4277
vn 0.7243 0.1347 0.6762
vn 0.9754 0.0951 0.1987
vn 0.9724 0.0679 0.2232
vn 0.7207 0.0200 0.6930
vn 0.9780 0.0402 0.2045
vn 0.1028 -0.1054 -0.9891
vn -0.5181 -0.1044 -0.8489
vn -0.5181 -0.1045 -0.8489
vn -0.4792 -0.1638 -0.8623
vn -0.3244 -0.1448 0.9348
vn -0.8245 -0.1965 0.5306
vn -0.3874 -0.1431 0.9108
vn -0.3874 -0.1431 0.9107
vn -0.8296 -0.2095 0.5175
vn 0.1521 -0.0056 0.9884
vn 0.2455 -0.0563 0.9678
vn 0.2454 -0.0562 0.9678
vn -0.3873 -0.1431 0.9108
vn 0.7075 -0.0424 0.7055
vn 0.7206 0.0200 0.6931
vn 0.2469 -0.0800 0.9657
vn 0.7075 -0.0425 0.7055
vn -0.3243 -0.1448 0.9348
vn 0.2455 -0.0562 0.9678
vn 0.2454 -0.0563 0.9678
vn 0.2468 -0.0800 0.9658
vn 0.9636 -0.0245 -0.2662
vn 0.7785 -0.0014 -0.6276
vn 0.7786 -0.0013 -0.6276
vn 0.6979 -0.0424 -0.7150
vn 0.0904 -0.1252 -0.9880
vn -0.4915 -0.1693 -0.8543
vn -0.3874 -0.1432 0.9107
vn -0.3244 -0.1449 0.9348
vn 0.7075 -0.0424 0.7054
vn 0.9752 -0.0256 0.2198
vn 0.9780 0.0401 0.2045
vn 0.9781 0.0401 0.2045
vn 0.9807 -0.0303 0.1931
vn 0.9588 -0.0438 -0.2806
vn 0.9588 -0.0438 -0.2807
vn 0.9752 -0.0256 0.2197
vn 0.6723 -0.0707 -0.7369
vn 0.0905 -0.1252 -0.9880
vn 0.0906 -0.1252 -0.9880
vn 0.0987 -0.1229 -0.9875
vn 0.9781 0.0401 0.2044
vn 0.9752 -0.0257 0.2197
vn -0.4792 -0.1639 -0.8623
vn -0.4915 -0.1694 -0.8543
vn 0.1028 -0.1053 -0.9891
vn 0.6978 -0.0424 -0.7150
vn 0.1029 -0.1054 -0.9891
vn 0.6978 -0.0423 -0.7150
vn 0.6724 -0.0708 -0.7368
vn 0.6724 -0.0707 -0.7368
vn 0.7616 0.0275 0.6474
vn 0.7358 -0.0277 0.6767
vn -0.8600 -0.1331 0.4925
vn -0.8297 -0.2096 0.5175
vn -0.8297 -0.2096 0.5174
vn -0.9749 -0.2201 0.0344
vn -0.9809 -0.1945 -0.0093
vn -0.8245 -0.1966 0.5306
vn -0.8246 -0.1966 0.5305
vn -0.4793 -0.1639 -0.8622
vn -0.8547 -0.2005 -0.4789
vn -0.4916 -0.1693 -0.8542
vn -0.8587 -0.1875 -0.4769
vn -0.5146 -0.1447 -0.8451
vn -0.8588 -0.1875 -0.4768
vn -0.8547 -0.2006 -0.4788
vn -0.9749 -0.2201 0.0343
vn -0.9809 -0.1945 -0.0094
vn 0.1029 -0.1053 -0.9891
vn 0.6723 -0.0708 -0.7369
vn 0.6978 -0.0424 -0.7151
vn -0.8547 -0.2006 -0.4789
vn -0.4792 -0.1639 -0.8622
vn 0.7358 -0.0276 0.6766
vn 0.9807 -0.0303 0.1932
vn 0.7358 -0.0277 0.6766
vn 0.9752 -0.0257 0.2198
vn 0.9491 -0.1631 -0.2693
vn -0.6105 -0.1320 -0.7809
vn -0.9947 0.0674 -0.0778
vn -0.8936 -0.0008 -0.4489
vn 0.9636 -0.0245 -0.2661
vn 0.9836 0.0175 0.1797
vn -0.8575 0.2163 0.4667
vn -0.8625 0.0084 0.5060
vn 0.2325 0.1875 0.9543
vn 0.7106 0.1633 0.6843
vn 0.6479 0.0919 0.7562
vn 0.1859 0.8483 -0.4959
vn 0.0409 0.6634 -0.7472
vn 0.0369 0.6634 -0.7474
vn 0.0388 0.6626 -0.7480
vn 0.1849 0.8514 -0.4908
vn 0.1858 0.8483 -0.4959
vn 0.0369 0.6633 -0.7474
vn 0.0409 0.6633 -0.7472
vn -0.2818 0.3660 -0.8869
vn -0.2873 0.3623 -0.8867
vn -0.2874 0.3622 -0.8867
vn -0.2819 0.3659 -0.8869
vn -0.6239 0.0569 -0.7794
vn -0.6377 0.0444 -0.7690
vn -0.6378 0.0443 -0.7689
vn -0.6240 0.0569 -0.7794
vn -0.8833 -0.1638 -0.4393
vn -0.8873 -0.1629 -0.4315
vn -0.9414 -0.0379 0.3352
vn -0.8276 0.1339 0.5452
vn -0.8357 0.1228 0.5353
vn -0.8357 0.1228 0.5354
vn -0.9441 -0.0422 0.3270
vn -0.9416 -0.0368 0.3346
vn -0.1550 0.7809 0.6051
vn -0.1629 0.7717 0.6148
vn 0.0983 0.9463 0.3081
vn 0.1053 0.9515 0.2891
vn -0.8429 0.5357 0.0494
vn -0.7638 0.6323 0.1292
vn -0.7693 0.6262 0.1266
vn -0.8472 0.5295 0.0433
vn -0.7638 0.6324 0.1292
vn -0.6665 0.7291 0.1552
vn -0.6678 0.7280 0.1548
vn -0.6678 0.7281 0.1548
vn -0.6665 0.7292 0.1552
vn -0.5705 0.8137 0.1111
vn -0.5637 0.8193 0.1044
vn -0.4964 0.8680 0.0110
vn -0.4927 0.8702 0.0034
vn -0.4221 0.8587 -0.2906
vn -0.4644 0.8112 -0.3554
vn -0.4608 0.8156 -0.3499
vn -0.4200 0.8612 -0.2863
vn -0.7368 0.5404 -0.4063
vn -0.7300 0.5439 -0.4139
vn -0.8422 0.4594 -0.2822
vn -0.8460 0.4580 -0.2731
vn -0.7368 0.5404 -0.4062
vn -0.6696 -0.5261 0.5242
vn -0.4842 -0.2852 0.8272
vn -0.4936 -0.2965 0.8176
vn -0.6709 -0.5283 0.5203
vn -0.4841 -0.2851 0.8272
vn -0.1282 0.0870 0.9879
vn -0.1349 0.0804 0.9876
vn -0.4936 -0.2964 0.8176
vn -0.4841 -0.2851 0.8273
vn -0.1282 0.0871 0.9879
vn 0.2835 0.4480 0.8479
vn 0.2851 0.4495 0.8466
vn -0.1349 0.0805 0.9876
vn 0.2852 0.4495 0.8465
vn 0.5947 0.6642 0.4530
vn 0.5946 0.6642 0.4530
vn 0.5991 0.6664 0.4438
vn 0.6812 0.5397 -0.4946
vn 0.6821 0.5413 -0.4917
vn 0.5514 0.3621 -0.7515
vn 0.5480 0.3581 -0.7559
vn -0.2838 -0.4464 -0.8486
vn -0.5934 -0.6579 -0.4638
vn -0.5909 -0.6566 -0.4687
vn -0.5909 -0.6566 -0.4688
vn -0.2841 -0.4466 -0.8484
vn 0.3910 -0.8712 0.2969
vn 0.3930 -0.8718 0.2923
vn 0.4410 -0.8058 0.3952
vn 0.4437 -0.8023 0.3993
vn 0.4438 -0.8022 0.3994
vn 0.4411 -0.8057 0.3953
vn 0.5844 -0.6743 0.4515
vn 0.5842 -0.6750 0.4506
vn 0.4438 -0.8023 0.3993
vn 0.5845 -0.6742 0.4515
vn 0.7460 -0.5243 0.4105
vn 0.7348 -0.5352 0.4167
vn 0.5843 -0.6749 0.4506
vn 0.7461 -0.5242 0.4105
vn 0.8671 -0.4158 0.2742
vn 0.8636 -0.4168 0.2836
vn 0.7349 -0.5351 0.4166
vn 0.8633 -0.5033 -0.0381
vn 0.8658 -0.4994 -0.0318
vn 0.8095 -0.5746 -0.1206
vn 0.8030 -0.5825 -0.1258
vn 0.8633 -0.5033 -0.0380
vn 0.5470 -0.8275 -0.1268
vn 0.4570 -0.8893 -0.0160
vn 0.4611 -0.8870 -0.0254
vn 0.4611 -0.8870 -0.0253
vn 0.5521 -0.8233 -0.1315
vn 0.9307 0.0149 -0.3656
vn 0.9358 0.0232 -0.3518
vn 0.7818 -0.1902 -0.5937
vn 0.7818 -0.1902 -0.5938
vn 0.7684 -0.2067 -0.6056
vn 0.7684 -0.2068 -0.6056
vn 0.7818 -0.1903 -0.5938
vn 0.4963 -0.5041 -0.7068
vn 0.4902 -0.5101 -0.7068
vn 0.4962 -0.5041 -0.7068
vn 0.1652 -0.7933 -0.5860
vn 0.1786 -0.7824 -0.5966
vn 0.4901 -0.5102 -0.7068
vn 0.1651 -0.7934 -0.5859
vn -0.0958 -0.9557 -0.2785
vn -0.0870 -0.9503 -0.2988
vn 0.1785 -0.7825 -0.5966
vn -0.1782 -0.8543 0.4883
vn -0.1807 -0.8565 0.4835
vn -0.0644 -0.7276 0.6830
vn -0.0645 -0.7276 0.6830
vn -0.0606 -0.7224 0.6888
vn 0.6255 -0.0499 0.7786
vn 0.8839 0.1412 0.4458
vn 0.8783 0.1412 0.4569
vn 0.8782 0.1412 0.4569
vn 0.6129 -0.0543 0.7883
vn 0.3214 -0.3487 0.8804
vn 0.3257 -0.3381 0.8830
vn 0.1036 -0.5543 0.8258
vn 0.0976 -0.5637 0.8202
vn 0.3215 -0.3487 0.8804
vn -0.6599 0.3380 0.6711
vn -0.4470 0.5504 0.7052
vn -0.4614 0.5397 0.7041
vn -0.6762 0.3204 0.6634
vn -0.5192 0.7517 -0.4068
vn -0.6062 0.6654 -0.4356
vn -0.5986 0.6746 -0.4320
vn -0.5126 0.7593 -0.4008
vn 0.3431 0.1282 -0.9305
vn 0.3504 0.1356 -0.9267
vn 0.0703 -0.1416 -0.9874
vn 0.0637 -0.1476 -0.9870
vn 0.7217 -0.6735 -0.1599
vn 0.7319 -0.6629 -0.1581
vn 0.6475 -0.7450 -0.1604
vn 0.6416 -0.7502 -0.1599
vn -0.8271 0.1329 0.5461
vn -0.6599 0.3379 0.6710
vn -0.6763 0.3203 0.6634
vn -0.8356 0.1229 0.5354
vn -0.8275 0.1340 0.5452
vn -0.4469 0.5505 0.7052
vn -0.1630 0.7716 0.6148
vn -0.1551 0.7809 0.6051
vn -0.4613 0.5398 0.7041
vn -0.4469 0.5505 0.7051
vn -0.4608 0.8156 -0.3498
vn -0.6062 0.6654 -0.4357
vn -0.7299 0.5440 -0.4139
vn -0.7368 0.5405 -0.4063
vn 0.5480 0.3580 -0.7560
vn 0.5514 0.3621 -0.7516
vn 0.3504 0.1357 -0.9267
vn 0.0636 -0.1477 -0.9870
vn 0.0702 -0.1417 -0.9874
vn -0.2837 -0.4463 -0.8487
vn -0.2841 -0.4466 -0.8485
vn 0.7318 -0.6629 -0.1581
vn 0.8031 -0.5825 -0.1258
vn 0.5470 -0.8275 -0.1267
vn 0.6416 -0.7502 -0.1598
vn -0.0606 -0.7223 0.6889
vn -0.0644 -0.7275 0.6831
vn 0.0975 -0.5638 0.8201
vn 0.3257 -0.3380 0.8830
vn 0.6254 -0.0500 0.7787
vn 0.6255 -0.0500 0.7787
vn 0.6129 -0.0544 0.7883
vn 0.9838 0.1269 -0.1269
vn 0.9757 0.1769 0.1296
vn 0.9769 0.1746 0.1232
vn 0.9841 0.1273 -0.1238
vn 0.2118 0.9770 -0.0253
vn 0.2109 0.9774 -0.0128
vn 0.2245 0.9358 -0.2719
vn 0.2234 0.9356 -0.2735
vn -0.8850 0.4428 -0.1437
vn -0.8849 0.4413 -0.1492
vn -0.8825 0.4680 -0.0461
vn -0.8827 0.4676 -0.0461
vn -0.7170 -0.6934 -0.0714
vn -0.7297 -0.6401 0.2405
vn -0.7299 -0.6409 0.2376
vn -0.7299 -0.6409 0.2377
vn -0.7164 -0.6936 -0.0753
vn -0.7170 -0.6934 -0.0713
vn 0.4132 -0.9046 0.1049
vn 0.4036 -0.8919 0.2040
vn 0.4021 -0.8923 0.2052
vn 0.4142 -0.9048 0.0985
vn 0.1053 0.9515 0.2890
vn 0.0983 0.9463 0.3080
vn 0.2109 0.9774 -0.0127
vn 0.2132 0.9767 -0.0249
vn 0.2245 0.9357 -0.2721
vn 0.1859 0.8483 -0.4958
vn 0.2234 0.9356 -0.2736
vn -0.8459 0.4580 -0.2732
vn -0.8849 0.4413 -0.1493
vn -0.5934 -0.6579 -0.4637
vn -0.7170 -0.6934 -0.0715
vn -0.7164 -0.6936 -0.0754
vn -0.7164 -0.6936 -0.0755
vn -0.7297 -0.6400 0.2406
vn -0.6697 -0.5261 0.5241
vn -0.6710 -0.5283 0.5203
vn -0.6710 -0.5283 0.5202
vn -0.7299 -0.6408 0.2378
vn -0.7297 -0.6401 0.2406
vn 0.4143 -0.9048 0.0985
vn 0.3931 -0.8718 0.2923
vn 0.8839 0.1412 0.4457
vn 0.9769 0.1746 0.1233
vn 0.9756 0.1769 0.1297
vn 0.8783 0.1412 0.4568
vn 0.9838 0.1269 -0.1270
vn 0.9841 0.1272 -0.1239
vn 0.9358 0.0232 -0.3517
vn 0.9307 0.0150 -0.3655
vn -0.2288 -0.9494 0.2152
vn -0.1936 -0.9809 -0.0186
vn -0.1973 -0.9803 -0.0029
vn -0.1974 -0.9803 -0.0029
vn -0.2299 -0.9476 0.2217
vn -0.2289 -0.9494 0.2152
vn -0.9732 -0.1769 -0.1469
vn -0.9713 -0.1804 -0.1550
vn -0.9874 -0.1489 0.0533
vn -0.9873 -0.1476 0.0588
vn -0.4320 0.8967 -0.0962
vn -0.4381 0.8949 -0.0849
vn -0.4025 0.8953 -0.1907
vn -0.4008 0.8953 -0.1943
vn 0.7099 0.6957 0.1101
vn 0.7093 0.6959 0.1123
vn 0.7331 0.6605 -0.1624
vn 0.7332 0.6603 -0.1628
vn 0.8896 -0.4296 0.1548
vn 0.8856 -0.4574 0.0813
vn 0.8865 -0.4548 0.0853
vn 0.8909 -0.4253 0.1592
vn -0.8873 -0.1630 -0.4314
vn -0.8833 -0.1638 -0.4392
vn -0.9733 -0.1766 -0.1469
vn -0.8873 -0.1629 -0.4314
vn -0.9874 -0.1489 0.0534
vn -0.9417 -0.0368 0.3345
vn -0.9441 -0.0422 0.3269
vn -0.9873 -0.1476 0.0589
vn -0.4927 0.8702 0.0033
vn -0.4200 0.8612 -0.2864
vn -0.4199 0.8612 -0.2863
vn 0.5992 0.6664 0.4437
vn 0.5947 0.6642 0.4529
vn 0.7092 0.6959 0.1124
vn 0.7092 0.6960 0.1124
vn 0.7099 0.6957 0.1102
vn 0.5991 0.6665 0.4437
vn 0.7332 0.6603 -0.1629
vn 0.7331 0.6604 -0.1625
vn 0.6821 0.5414 -0.4916
vn 0.6812 0.5398 -0.4945
vn 0.8671 -0.4158 0.2741
vn 0.8637 -0.4167 0.2836
vn 0.8672 -0.4158 0.2741
vn 0.8658 -0.4994 -0.0317
vn -0.0958 -0.9557 -0.2784
vn -0.1935 -0.9809 -0.0186
vn -0.0870 -0.9504 -0.2988
vn -0.2289 -0.9493 0.2153
vn -0.2299 -0.9476 0.2218
vn -0.1808 -0.8566 0.4834
vn -0.1782 -0.8544 0.4882
vn -0.2288 -0.9494 0.2153
vn 0.1346 0.7311 -0.6689
vn 0.1526 0.7474 -0.6467
vn -0.1811 0.5597 -0.8087
vn -0.1811 0.5597 -0.8086
vn -0.2009 0.5574 -0.8055
vn 0.1345 0.7311 -0.6689
vn -0.2010 0.5574 -0.8056
vn -0.1812 0.5597 -0.8087
vn -0.5653 0.3558 -0.7442
vn -0.5973 0.3442 -0.7244
vn -0.2010 0.5574 -0.8055
vn -0.5974 0.3442 -0.7243
vn -0.5654 0.3558 -0.7441
vn -0.8511 0.2264 -0.4737
vn -0.8511 0.2265 -0.4737
vn -0.8714 0.2261 -0.4353
vn -0.8715 0.2261 -0.4352
vn -0.8511 0.2264 -0.4736
vn -0.9612 0.2133 -0.1747
vn -0.9612 0.2134 -0.1746
vn -0.9613 0.2258 -0.1579
vn -0.9610 0.2765 -0.0091
vn -0.9583 0.2856 -0.0077
vn -0.9613 0.2258 -0.1578
vn -0.3354 0.8125 0.4768
vn -0.6650 0.6168 0.4212
vn -0.6521 0.6246 0.4296
vn -0.6521 0.6247 0.4296
vn -0.3326 0.8130 0.4779
vn -0.5076 0.7607 0.4047
vn -0.7519 0.5802 0.3130
vn -0.7396 0.5905 0.3231
vn -0.7395 0.5905 0.3231
vn -0.4914 0.7708 0.4055
vn -0.5075 0.7607 0.4046
vn -0.5075 0.7607 0.4047
vn -0.4913 0.7708 0.4055
vn -0.1853 0.9114 0.3676
vn -0.1587 0.9199 0.3585
vn -0.1587 0.9200 0.3585
vn -0.1852 0.9114 0.3675
vn 0.0901 0.9775 0.1909
vn 0.1235 0.9803 0.1542
vn 0.0902 0.9775 0.1909
vn 0.2522 0.9665 -0.0483
vn 0.2580 0.9637 -0.0687
vn 0.1236 0.9803 0.1542
vn 0.2800 0.9280 -0.2459
vn 0.2800 0.9267 -0.2508
vn 0.2580 0.9637 -0.0688
vn -0.3723 0.5058 -0.7781
vn -0.0519 0.6773 -0.7339
vn -0.0641 0.6713 -0.7384
vn -0.3665 0.5094 -0.7786
vn 0.1889 -0.5685 0.8007
vn -0.1444 -0.7479 0.6479
vn -0.1254 -0.7330 0.6686
vn 0.2044 -0.5670 0.7979
vn 0.5697 -0.3643 0.7367
vn 0.1890 -0.5684 0.8007
vn 0.2045 -0.5670 0.7979
vn 0.5985 -0.3507 0.7203
vn 0.8509 -0.2218 0.4761
vn 0.5698 -0.3642 0.7367
vn 0.8663 -0.2181 0.4493
vn 0.9616 -0.1975 0.1905
vn 0.8510 -0.2217 0.4761
vn 0.8664 -0.2181 0.4492
vn 0.9613 -0.2071 0.1820
vn 0.9591 -0.2824 0.0204
vn 0.9613 -0.2071 0.1819
vn 0.9585 -0.2845 0.0198
vn 0.6481 -0.6722 -0.3579
vn 0.6589 -0.6619 -0.3573
vn 0.3599 -0.8475 -0.3901
vn 0.3644 -0.8463 -0.3885
vn 0.7376 -0.5853 -0.3367
vn 0.7507 -0.5740 -0.3270
vn 0.4948 -0.7625 -0.4169
vn 0.4945 -0.7617 -0.4187
vn 0.4837 -0.7681 -0.4197
vn 0.4944 -0.7618 -0.4187
vn 0.1437 -0.9210 -0.3621
vn 0.1731 -0.9106 -0.3753
vn 0.4836 -0.7681 -0.4197
vn 0.4944 -0.7617 -0.4187
vn -0.0975 -0.9763 -0.1931
vn 0.1730 -0.9106 -0.3753
vn 0.1441 -0.9214 -0.3609
vn 0.1436 -0.9210 -0.3620
vn -0.1354 -0.9797 -0.1478
vn -0.0970 -0.9764 -0.1927
vn -0.2598 -0.9646 0.0462
vn -0.0971 -0.9765 -0.1926
vn -0.1355 -0.9797 -0.1478
vn -0.1355 -0.9797 -0.1477
vn -0.2690 -0.9602 0.0748
vn -0.3009 -0.9224 0.2420
vn -0.2598 -0.9645 0.0463
vn -0.3029 -0.9188 0.2532
vn -0.3000 -0.9227 0.2420
vn -0.0057 -0.6054 0.7959
vn -0.0160 -0.6143 0.7889
vn 0.3370 -0.4246 0.8403
vn 0.3364 -0.4219 0.8419
vn 0.2445 0.8666 -0.4351
vn 0.2800 0.9266 -0.2508
vn 0.2800 0.9280 -0.2460
vn 0.2800 0.9279 -0.2460
vn 0.2421 0.8664 -0.4367
vn -0.9583 0.2856 -0.0078
vn -0.9610 0.2765 -0.0090
vn -0.9236 0.3587 0.1353
vn -0.9220 0.3615 0.1386
vn -0.2980 -0.8462 0.4417
vn -0.3000 -0.9227 0.2421
vn -0.3029 -0.9187 0.2532
vn -0.3030 -0.9187 0.2532
vn -0.3002 -0.8471 0.4385
vn 0.9203 -0.3723 -0.1199
vn 0.9192 -0.3776 -0.1115
vn -0.8385 0.4639 0.2857
vn -0.6522 0.6246 0.4296
vn -0.6650 0.6167 0.4212
vn -0.6651 0.6167 0.4212
vn -0.8444 0.4571 0.2794
vn -0.0161 -0.6144 0.7888
vn -0.0057 -0.6055 0.7959
vn -0.2136 -0.7479 0.6285
vn -0.2178 -0.7559 0.6174
vn 0.1402 0.7878 -0.5997
vn -0.0640 0.6714 -0.7383
vn -0.0518 0.6773 -0.7338
vn -0.0518 0.6773 -0.7339
vn 0.1498 0.7925 -0.5911
vn 0.8292 -0.4992 -0.2514
vn 0.8360 -0.4880 -0.2510
vn 0.6590 -0.6618 -0.3573
vn 0.6482 -0.6722 -0.3579
vn 0.8293 -0.4992 -0.2513
vn -0.8445 0.4570 0.2793
vn -0.9236 0.3587 0.1354
vn -0.8386 0.4639 0.2856
vn -0.8444 0.4571 0.2793
vn 0.1499 0.7926 -0.5911
vn 0.2445 0.8665 -0.4352
vn 0.1402 0.7879 -0.5997
vn 0.9192 -0.3777 -0.1116
vn 0.9203 -0.3724 -0.1199
vn 0.8360 -0.4880 -0.2509
vn 0.8293 -0.4991 -0.2513
vn 0.9192 -0.3776 -0.1116
vn -0.2980 -0.8462 0.4418
vn -0.3001 -0.8471 0.4385
vn -0.2179 -0.7559 0.6173
vn -0.2136 -0.7480 0.6284
vn 0.2429 0.8617 -0.4455
vn 0.2365 0.8588 -0.4544
vn 0.1526 0.7474 -0.6466
vn 0.1357 0.7306 -0.6692
vn 0.2420 0.8620 -0.4455
vn -0.7520 0.5801 0.3130
vn -0.8782 0.4536 0.1514
vn -0.8693 0.4668 0.1628
vn -0.7396 0.5905 0.3230
vn -0.1444 -0.7480 0.6479
vn -0.2392 -0.8564 0.4576
vn -0.2395 -0.8583 0.4539
vn -0.2395 -0.8582 0.4539
vn -0.1255 -0.7330 0.6686
vn -0.1444 -0.7480 0.6478
vn 0.8719 -0.4538 -0.1841
vn 0.8846 -0.4358 -0.1660
vn 0.7508 -0.5737 -0.3272
vn 0.7508 -0.5740 -0.3269
vn 0.7377 -0.5853 -0.3366
vn 0.3598 -0.8476 -0.3901
vn 0.0477 -0.9566 -0.2874
vn 0.0699 -0.9523 -0.2971
vn 0.3644 -0.8464 -0.3885
vn -0.3724 0.5058 -0.7781
vn -0.3666 0.5094 -0.7786
vn -0.6515 0.3549 -0.6705
vn -0.6804 0.3395 -0.6494
vn -0.3353 0.8126 0.4767
vn -0.3325 0.8131 0.4779
vn -0.0126 0.9345 0.3557
vn 0.0029 0.9386 0.3451
vn 0.3371 -0.4246 0.8403
vn 0.6808 -0.2709 0.6806
vn 0.6552 -0.2770 0.7028
vn 0.3365 -0.4218 0.8419
vn 0.0030 0.9386 0.3450
vn -0.0125 0.9346 0.3556
vn 0.2110 0.9696 0.1237
vn 0.2178 0.9703 0.1049
vn -0.6805 0.3395 -0.6494
vn -0.8576 0.2501 -0.4494
vn -0.8764 0.2466 -0.4137
vn -0.1552 -0.9823 -0.1051
vn 0.0699 -0.9523 -0.2970
vn 0.0477 -0.9566 -0.2873
vn -0.1646 -0.9820 -0.0923
vn -0.1551 -0.9823 -0.1051
vn 0.8692 -0.1980 0.4530
vn 0.6553 -0.2769 0.7028
vn 0.6808 -0.2708 0.6805
vn 0.8888 -0.2003 0.4122
vn 0.2855 0.9519 -0.1115
vn 0.2876 0.9527 -0.0983
vn 0.2862 0.9204 -0.2663
vn 0.2833 0.9217 -0.2651
vn 0.9469 -0.3215 -0.0001
vn 0.9538 -0.2240 0.2004
vn 0.9535 -0.2385 0.1843
vn 0.9470 -0.3213 0.0040
vn 0.9469 -0.3216 -0.0001
vn -0.9443 0.2620 -0.1991
vn -0.9434 0.2520 -0.2155
vn -0.9420 0.3350 -0.0204
vn -0.9422 0.3345 -0.0190
vn -0.9443 0.2621 -0.1991
vn -0.2503 -0.9624 0.1052
vn -0.2652 -0.9281 0.2614
vn -0.2679 -0.9271 0.2621
vn -0.2481 -0.9642 0.0936
vn 0.2111 0.9696 0.1236
vn 0.2876 0.9527 -0.0982
vn 0.2855 0.9519 -0.1116
vn 0.2178 0.9703 0.1048
vn 0.2862 0.9204 -0.2664
vn 0.2365 0.8589 -0.4543
vn 0.2430 0.8617 -0.4454
vn 0.2429 0.8617 -0.4454
vn -0.8764 0.2466 -0.4136
vn -0.9434 0.2520 -0.2156
vn -0.9443 0.2621 -0.1992
vn -0.8693 0.4667 0.1627
vn -0.8783 0.4536 0.1514
vn -0.8783 0.4535 0.1514
vn -0.9422 0.3345 -0.0189
vn -0.1552 -0.9823 -0.1050
vn -0.1646 -0.9820 -0.0922
vn -0.1647 -0.9820 -0.0922
vn -0.2679 -0.9271 0.2622
vn -0.2395 -0.8583 0.4538
vn -0.2392 -0.8564 0.4575
vn 0.9538 -0.2240 0.2005
vn 0.8693 -0.1980 0.4530
vn 0.8888 -0.2003 0.4121
vn 0.9535 -0.2385 0.1842
vn 0.9537 -0.2240 0.2005
vn 0.9469 -0.3216 -0.0002
vn 0.9470 -0.3213 0.0039
vn 0.8846 -0.4357 -0.1659
vn 0.8846 -0.4358 -0.1659
vn 0.8719 -0.4538 -0.1840
vn -0.2238 -0.7456 0.6277
vn -0.1402 -0.2691 0.9529
vn -0.7757 -0.1207 0.6195
vn -0.6443 -0.6474 0.4071
vn 0.2259 -0.8486 0.4784
vn 0.5393 -0.4247 0.7272
vn -0.1403 -0.2690 0.9529
vn -0.1402 -0.2690 0.9529
vn -0.2237 -0.7456 0.6277
vn 0.2260 -0.8486 0.4784
vn 0.4414 -0.8961 0.0465
vn 0.8648 -0.4965 0.0747
vn 0.5392 -0.4247 0.7272
vn 0.2260 -0.8486 0.4783
vn 0.4415 -0.8961 0.0465
vn 0.2964 -0.8602 -0.4149
vn 0.6457 -0.4423 -0.6224
vn 0.8648 -0.4964 0.0747
vn -0.1241 -0.7620 -0.6355
vn 0.0103 -0.2939 -0.9558
vn 0.6458 -0.4423 -0.6224
vn -0.5739 -0.6590 -0.4862
vn -0.6692 -0.1383 -0.7301
vn -0.1242 -0.7620 -0.6355
vn -0.7893 -0.6115 -0.0543
vn -0.9948 -0.0665 -0.0776
vn -0.5739 -0.6590 -0.4861
vn -0.7894 -0.6115 -0.0543
vn -0.6444 -0.6474 0.4071
vn -0.7893 -0.6116 -0.0542
vn -0.0103 0.2939 0.9558
vn -0.6457 0.4423 0.6224
vn -0.6458 0.4423 0.6224
vn 0.6692 0.1383 0.7301
vn -0.1403 -0.2691 0.9529
vn 0.8649 -0.4964 0.0747
vn 0.9948 0.0665 0.0776
vn 0.7757 0.1207 -0.6195
vn 0.1402 0.2691 -0.9529
vn -0.5393 0.4247 -0.7272
vn 0.1403 0.2691 -0.9529
vn 0.1403 0.2690 -0.9529
vn -0.8649 0.4964 -0.0747
vn -0.7756 -0.1207 0.6195
vn -0.8648 0.4965 -0.0747
vn -0.8648 0.4964 -0.0747
vn 0.1241 0.7621 0.6355
vn -0.2964 0.8602 0.4149
vn 0.5738 0.6591 0.4862
vn 0.1242 0.7620 0.6355
vn 0.1241 0.7620 0.6355
vn -0.0103 0.2940 0.9558
vn 0.7893 0.6116 0.0543
vn 0.5739 0.6590 0.4862
vn 0.5739 0.6590 0.4861
vn 0.6444 0.6474 -0.4070
vn 0.7894 0.6115 0.0543
vn 0.7756 0.1207 -0.6195
vn 0.1402 0.2690 -0.9529
vn 0.2238 0.7456 -0.6277
vn 0.6443 0.6474 -0.4071
vn -0.2259 0.8486 -0.4784
vn -0.4414 0.8961 -0.0466
vn -0.2260 0.8486 -0.4784
vn -0.2964 0.8603 0.4148
vn -0.4414 0.8961 -0.0465
vn -0.3475 -0.8258 -0.4442
vn -0.1841 -0.9149 -0.3593
vn -0.3927 -0.9001 -0.1887
vn -0.5291 -0.7610 -0.3754
vn -0.3476 -0.8258 -0.4442
vn -0.6224 -0.7584 -0.1933
vn -0.5292 -0.7610 -0.3754
vn -0.3928 -0.9001 -0.1887
vn -0.5728 -0.8197 -0.0044
vn -0.6224 -0.7584 -0.1932
vn -0.4093 -0.9088 0.0806
vn -0.5727 -0.8197 -0.0043
vn -0.3927 -0.9001 -0.1886
vn -0.2278 -0.9736 0.0119
vn -0.4092 -0.9089 0.0806
vn -0.1344 -0.9762 -0.1703
vn -0.2277 -0.9737 0.0118
vn -0.1840 -0.9150 -0.3592
vn -0.1344 -0.9762 -0.1704
vn 0.2248 0.9744 0.0051
vn 0.5738 0.6591 0.4861
vn 0.2249 0.9744 0.0050
vn 0.6443 0.6475 -0.4070
vn 0.2249 0.9744 0.0051
vn 0.2238 0.7457 -0.6276
vn -0.2259 0.8486 -0.4783
vn 0.2248 0.9744 0.0050
vn -0.5739 -0.6591 -0.4861
vn -0.4089 -0.8805 -0.2400
vn -0.5140 -0.8573 -0.0294
vn -0.7893 -0.6116 -0.0543
vn -0.5738 -0.6591 -0.4861
vn -0.1242 -0.7621 -0.6354
vn -0.1896 -0.9307 -0.3128
vn 0.2964 -0.8603 -0.4149
vn 0.0155 -0.9786 -0.2053
vn -0.1895 -0.9307 -0.3129
vn -0.1895 -0.9307 -0.3128
vn -0.1241 -0.7621 -0.6354
vn 0.2963 -0.8603 -0.4148
vn 0.4414 -0.8961 0.0464
vn 0.0863 -0.9961 0.0197
vn 0.0156 -0.9786 -0.2052
vn 0.4413 -0.8961 0.0465
vn 0.2259 -0.8486 0.4783
vn -0.0188 -0.9729 0.2304
vn 0.0862 -0.9961 0.0198
vn 0.0863 -0.9961 0.0198
vn -0.2381 -0.9227 0.3032
vn 0.2259 -0.8487 0.4783
vn -0.2238 -0.7456 0.6276
vn -0.6443 -0.6475 0.4071
vn -0.4432 -0.8748 0.1956
vn -0.2382 -0.9227 0.3032
vn -0.2238 -0.7457 0.6276
vn -0.6443 -0.6475 0.4070
vn -0.4433 -0.8748 0.1956
vn -0.6550 0.3381 0.6758
vn -0.6316 0.3268 0.7030
vn -0.0102 0.0569 0.9983
vn -0.0101 0.0569 0.9983
vn -0.0328 0.0557 0.9979
vn -0.6549 0.3381 0.6758
vn -0.0101 0.0568 0.9983
vn 0.6394 -0.1636 0.7512
vn 0.6395 -0.1636 0.7512
vn 0.6331 -0.1659 0.7561
vn -0.0327 0.0557 0.9979
vn 0.6331 -0.1660 0.7560
vn 0.9717 -0.2145 0.0986
vn 0.9717 -0.2146 0.0986
vn 0.9712 -0.2149 0.1033
vn 0.6331 -0.1659 0.7560
vn 0.9712 -0.2149 0.1032
vn 0.9717 -0.2145 0.0985
vn 0.7857 -0.0591 -0.6158
vn 0.7890 -0.0616 -0.6113
vn 0.7856 -0.0591 -0.6159
vn 0.1576 0.2234 -0.9619
vn 0.1693 0.2162 -0.9616
vn 0.1693 0.2161 -0.9616
vn 0.7856 -0.0591 -0.6158
vn 0.1575 0.2234 -0.9619
vn -0.5384 0.4591 -0.7067
vn -0.5150 0.4554 -0.7262
vn 0.1692 0.2162 -0.9616
vn 0.1575 0.2235 -0.9619
vn -0.5384 0.4591 -0.7066
vn -0.8669 0.4985 -0.0058
vn -0.8580 0.5112 -0.0507
vn -0.5151 0.4555 -0.7261
vn -0.5384 0.4592 -0.7066
vn -0.8669 0.4984 -0.0057
vn -0.6317 0.3268 0.7030
vn -0.6550 0.3381 0.6757
vn -0.8580 0.5112 -0.0506
vn -0.8669 0.4985 -0.0057
vt 0.363051 0.139410
vt 0.369608 0.138437
vt 0.371097 0.150901
vt 0.363841 0.151730
vt 0.376533 0.150085
vt 0.374463 0.137505
vt 0.306619 0.147048
vt 0.306744 0.133918
vt 0.316592 0.135792
vt 0.314371 0.148613
vt 0.379343 0.136545
vt 0.382116 0.149119
vt 0.355447 0.140178
vt 0.354432 0.152442
vt 0.337619 0.139885
vt 0.336929 0.152200
vt 0.331460 0.151620
vt 0.332663 0.139099
vt 0.344309 0.152588
vt 0.345167 0.140423
vt 0.325515 0.137635
vt 0.323918 0.150408
vt 0.387059 0.135117
vt 0.391150 0.147371
vt 0.217362 0.115753
vt 0.217000 0.108470
vt 0.227479 0.111554
vt 0.226763 0.118006
vt 0.214306 0.122814
vt 0.226260 0.126699
vt 0.218614 0.104027
vt 0.228273 0.105951
vt 0.215748 0.129617
vt 0.219948 0.099656
vt 0.229050 0.101805
vt 0.234165 0.171833
vt 0.231269 0.168476
vt 0.238979 0.162626
vt 0.241545 0.166010
vt 0.227928 0.164693
vt 0.235615 0.156872
vt 0.225376 0.159794
vt 0.223901 0.152996
vt 0.231761 0.149416
vt 0.220377 0.148979
vt 0.228716 0.142497
vt 0.219070 0.144765
vt 0.218148 0.139459
vt 0.227115 0.136861
vt 0.226498 0.132889
vt 0.217194 0.134898
vt 0.314370 0.359132
vt 0.327473 0.361081
vt 0.326836 0.367716
vt 0.313737 0.366102
vt 0.297893 0.364004
vt 0.298508 0.357367
vt 0.280762 0.362047
vt 0.268135 0.353682
vt 0.282076 0.355567
vt 0.340714 0.362548
vt 0.328161 0.355180
vt 0.341005 0.356908
vt 0.284538 0.300292
vt 0.284638 0.323889
vt 0.270992 0.322324
vt 0.270646 0.298424
vt 0.356695 0.304935
vt 0.372713 0.303989
vt 0.373169 0.328021
vt 0.356912 0.329419
vt 0.302661 0.302497
vt 0.303524 0.279353
vt 0.317190 0.280800
vt 0.316708 0.304381
vt 0.414092 0.300963
vt 0.414686 0.325871
vt 0.401038 0.325298
vt 0.400690 0.301716
vt 0.386789 0.302737
vt 0.385735 0.278869
vt 0.399853 0.277293
vt 0.314916 0.353278
vt 0.328843 0.281627
vt 0.328804 0.305172
vt 0.273407 0.273551
vt 0.285921 0.276541
vt 0.372435 0.279706
vt 0.356456 0.280454
vt 0.340636 0.367902
vt 0.342418 0.329511
vt 0.328799 0.329269
vt 0.341660 0.305319
vt 0.284800 0.341614
vt 0.270858 0.339645
vt 0.387349 0.326140
vt 0.388284 0.345026
vt 0.374189 0.346656
vt 0.316514 0.328353
vt 0.316051 0.344670
vt 0.300579 0.342703
vt 0.302110 0.326352
vt 0.413410 0.276369
vt 0.401333 0.344362
vt 0.402155 0.359928
vt 0.388993 0.361135
vt 0.341713 0.347704
vt 0.329232 0.346268
vt 0.428568 0.357358
vt 0.415434 0.344020
vt 0.429008 0.343423
vt 0.299313 0.351428
vt 0.356655 0.348400
vt 0.373792 0.373338
vt 0.356453 0.364709
vt 0.428857 0.325611
vt 0.283170 0.350388
vt 0.341485 0.281500
vt 0.430057 0.300011
vt 0.428134 0.273274
vt 0.324437 0.215880
vt 0.332848 0.216323
vt 0.382721 0.251086
vt 0.370720 0.252392
vt 0.378024 0.214629
vt 0.367760 0.215441
vt 0.388446 0.213217
vt 0.408718 0.248225
vt 0.396171 0.249869
vt 0.300595 0.212285
vt 0.313736 0.214725
vt 0.319717 0.253441
vt 0.330314 0.253711
vt 0.420590 0.245097
vt 0.291338 0.209970
vt 0.290688 0.248719
vt 0.279544 0.245993
vt 0.306912 0.251841
vt 0.398197 0.211750
vt 0.354949 0.216128
vt 0.355802 0.253671
vt 0.342716 0.216366
vt 0.341882 0.253900
vt 0.408395 0.209266
vt 0.416198 0.369054
vt 0.992121 0.946899
vt 0.992121 0.940931
vt 0.993355 0.940931
vt 0.993355 0.946899
vt 0.992121 0.935105
vt 0.993355 0.935105
vt 0.992121 0.929154
vt 0.993355 0.929154
vt 0.992121 0.923154
vt 0.993355 0.923154
vt 0.992121 0.989222
vt 0.992121 0.984105
vt 0.993355 0.984105
vt 0.993355 0.989222
vt 0.993355 0.969124
vt 0.992121 0.969124
vt 0.992121 0.964094
vt 0.993355 0.964094
vt 0.990939 0.946899
vt 0.990939 0.940931
vt 0.990939 0.935105
vt 0.990939 0.929154
vt 0.990939 0.923154
vt 0.990939 0.989222
vt 0.990939 0.984105
vt 0.990939 0.969124
vt 0.990939 0.964094
vt 0.989628 0.946899
vt 0.989628 0.940931
vt 0.989628 0.935105
vt 0.989628 0.929154
vt 0.989628 0.923154
vt 0.989628 0.989222
vt 0.989628 0.984105
vt 0.989628 0.969124
vt 0.989628 0.964094
vt 0.988442 0.946899
vt 0.988442 0.940931
vt 0.988442 0.935105
vt 0.988442 0.929154
vt 0.988442 0.923154
vt 0.988442 0.989222
vt 0.988442 0.984105
vt 0.988442 0.969124
vt 0.988442 0.964094
vt 0.987218 0.946899
vt 0.987218 0.940931
vt 0.987218 0.935105
vt 0.987218 0.929154
vt 0.987218 0.923154
vt 0.987218 0.989222
vt 0.987218 0.984105
vt 0.987218 0.969124
vt 0.987218 0.964094
vt 0.987218 0.974082
vt 0.988442 0.974082
vt 0.988442 0.979015
vt 0.987218 0.979015
vt 0.992121 0.979015
vt 0.992121 0.974082
vt 0.993355 0.974082
vt 0.993355 0.979015
vt 0.990939 0.979015
vt 0.990939 0.974082
vt 0.989628 0.979015
vt 0.989628 0.974082
vt 0.988442 0.952859
vt 0.988442 0.958814
vt 0.987218 0.958814
vt 0.987218 0.952859
vt 0.993355 0.958814
vt 0.992121 0.958814
vt 0.992121 0.952859
vt 0.993355 0.952859
vt 0.990939 0.958814
vt 0.990939 0.952859
vt 0.989628 0.958814
vt 0.989628 0.952859
vt 0.988442 0.913161
vt 0.988442 0.917671
vt 0.987218 0.917671
vt 0.987218 0.913161
vt 0.993355 0.917671
vt 0.992121 0.917671
vt 0.992121 0.913161
vt 0.993355 0.913161
vt 0.990939 0.917671
vt 0.990939 0.913161
vt 0.989628 0.917671
vt 0.989628 0.913161
vt 0.992121 0.994440
vt 0.993355 0.994440
vt 0.990939 0.994440
vt 0.989628 0.994440
vt 0.988442 0.994440
vt 0.987218 0.994440
vt 0.668182 0.926225
vt 0.668182 0.924824
vt 0.672298 0.924824
vt 0.672298 0.926225
vt 0.676080 0.924824
vt 0.676080 0.926225
vt 0.679958 0.924824
vt 0.679958 0.926225
vt 0.683366 0.924824
vt 0.683366 0.926225
vt 0.686814 0.924824
vt 0.686814 0.926225
vt 0.646986 0.926225
vt 0.643439 0.926225
vt 0.643439 0.924824
vt 0.646986 0.924824
vt 0.668182 0.923347
vt 0.672298 0.923347
vt 0.676080 0.923347
vt 0.679958 0.923347
vt 0.683366 0.923347
vt 0.686814 0.923347
vt 0.643439 0.923347
vt 0.646986 0.923347
vt 0.668182 0.921824
vt 0.672298 0.921824
vt 0.676080 0.921824
vt 0.679958 0.921824
vt 0.683366 0.921824
vt 0.686814 0.921824
vt 0.643439 0.921824
vt 0.646986 0.921824
vt 0.668182 0.920402
vt 0.672298 0.920402
vt 0.676080 0.920402
vt 0.679958 0.920402
vt 0.683366 0.920402
vt 0.686814 0.920402
vt 0.643439 0.920402
vt 0.646986 0.920402
vt 0.636781 0.924824
vt 0.632746 0.924824
vt 0.632746 0.923347
vt 0.636781 0.923347
vt 0.632746 0.926225
vt 0.636781 0.926225
vt 0.636781 0.921824
vt 0.632746 0.921824
vt 0.632746 0.920402
vt 0.636781 0.920402
vt 0.640146 0.924824
vt 0.640146 0.926225
vt 0.640146 0.921824
vt 0.640146 0.920402
vt 0.640146 0.923347
vt 0.664219 0.926225
vt 0.664219 0.924824
vt 0.664219 0.923347
vt 0.664219 0.921824
vt 0.664219 0.920402
vt 0.650269 0.921824
vt 0.650269 0.923347
vt 0.650269 0.924824
vt 0.650269 0.926225
vt 0.650269 0.920402
vt 0.653668 0.924824
vt 0.653668 0.926225
vt 0.653668 0.923347
vt 0.653668 0.921824
vt 0.653668 0.920402
vt 0.657427 0.926225
vt 0.657427 0.924824
vt 0.660866 0.924824
vt 0.660866 0.926225
vt 0.660866 0.921824
vt 0.657427 0.921824
vt 0.657427 0.920402
vt 0.660866 0.920402
vt 0.657427 0.923347
vt 0.660866 0.923347
vt 0.472314 0.226733
vt 0.476936 0.235020
vt 0.468636 0.235360
vt 0.466851 0.228466
vt 0.461052 0.228703
vt 0.461052 0.235104
vt 0.455391 0.228390
vt 0.453483 0.235083
vt 0.450546 0.226708
vt 0.445630 0.234406
vt 0.476260 0.244174
vt 0.468515 0.242188
vt 0.461052 0.241431
vt 0.453681 0.241867
vt 0.445795 0.243578
vt 0.470418 0.251458
vt 0.466270 0.248678
vt 0.461052 0.247730
vt 0.455881 0.248449
vt 0.451353 0.251341
vt 0.817010 0.911725
vt 0.817926 0.908358
vt 0.821533 0.911147
vt 0.818743 0.914754
vt 0.822111 0.915671
vt 0.825139 0.913937
vt 0.826056 0.910570
vt 0.824322 0.907541
vt 0.820955 0.906624
vt 0.461052 0.254794
vt 0.457119 0.225139
vt 0.461052 0.225360
vt 0.454250 0.224008
vt 0.465363 0.224945
vt 0.468477 0.223709
vt 0.828418 0.930906
vt 0.829355 0.922249
vt 0.831973 0.922249
vt 0.830245 0.930906
vt 0.834473 0.922249
vt 0.832001 0.930906
vt 0.836763 0.922249
vt 0.833669 0.930906
vt 0.819489 0.930906
vt 0.816235 0.922249
vt 0.818792 0.922249
vt 0.821072 0.930906
vt 0.821410 0.922249
vt 0.822771 0.930906
vt 0.824050 0.922249
vt 0.824615 0.930906
vt 0.826701 0.922249
vt 0.826533 0.930906
s 1
g 左ひざD
g 肌.007_Материал.020
usemtl Материал.020
f 3/1/1 2/2/2 1/3/3
s 2
f 6/3/4 5/4/5 4/1/1
s 3
f 9/5/6 8/3/7 7/2/8
s 4
f 12/2/8 11/6/9 10/5/6
s 5
f 15/7/10 14/8/11 13/9/12
s 6
f 18/9/12 17/10/13 16/7/10
s 7
f 21/5/14 20/6/15 19/11/16
s 8
f 24/11/16 23/12/17 22/5/14
s 9
f 27/13/18 26/1/1 25/4/5
s 10
f 30/4/5 29/14/19 28/13/18
s 11
f 33/15/20 32/16/21 31/17/22
s 12
f 36/17/23 35/18/24 34/15/25
s 13
f 39/14/26 38/19/27 37/20/28
s 14
f 42/20/29 41/13/30 40/14/26
s 15
f 45/21/31 44/22/32 43/10/33
s 16
f 48/10/33 47/9/34 46/21/31
s 17
f 51/18/24 50/17/35 49/22/36
s 18
f 54/22/37 53/21/38 52/18/39
s 19
f 57/16/40 56/15/41 55/20/42
s 20
f 60/20/42 59/19/43 58/16/44
s 21
f 63/12/45 62/11/46 61/23/11
s 22
f 66/23/11 65/24/47 64/12/45
s 23
f 69/25/48 68/26/49 67/27/1
s 24
f 72/27/50 71/28/51 70/25/48
s 25
f 75/29/52 74/25/53 73/28/30
s 26
f 78/28/51 77/30/29 76/29/54
s 27
f 81/26/55 80/31/56 79/32/57
s 28
f 84/32/57 83/27/1 82/26/55
s 29
f 87/29/52 86/30/29 85/33/58
s 30
f 90/34/59 89/35/60 88/32/61
s 31
f 93/32/57 92/31/56 91/34/59
s 32
f 96/36/62 95/37/63 94/38/46
s 33
f 99/38/16 98/39/9 97/36/62
s 34
f 102/40/64 101/41/11 100/38/46
s 35
f 105/38/46 104/37/65 103/40/66
s 36
f 108/41/11 107/40/64 106/42/67
s 37
f 111/43/68 110/44/12 109/41/11
s 38
f 114/41/11 113/42/69 112/43/68
s 39
f 117/45/70 116/46/71 115/44/34
s 40
f 120/44/12 119/43/72 118/45/73
s 41
f 123/45/70 122/47/74 121/46/75
s 42
f 126/48/76 125/49/24 124/46/77
s 43
f 129/46/77 128/47/78 127/48/76
s 44
f 132/33/79 131/30/42 130/50/80
s 45
f 135/50/80 134/51/81 133/33/79
s 46
f 138/49/24 137/48/82 136/51/83
s 47
f 141/51/84 140/50/20 139/49/24
s 48
f 144/52/85 143/53/86 142/54/87
s 49
g 左足D
f 147/54/87 146/55/88 145/52/85
s 50
g 左ひざD
f 150/56/89 149/57/90 148/52/91
s 51
g 左足D
f 153/52/91 152/55/92 151/56/89
s 52
g 左ひざD
f 156/58/93 155/59/94 154/60/95
s 53
f 159/61/96 158/53/97 157/62/98
s 54
f 162/62/99 161/63/100 160/61/96
s 55
f 165/64/101 164/65/102 163/66/103
s 56
f 168/66/104 167/67/105 166/64/101
s 57
f 171/68/106 170/69/107 169/70/108
s 58
f 174/70/109 173/71/110 172/68/106
s 59
f 177/72/111 176/73/112 175/74/113
s 60
f 180/74/113 179/75/114 178/72/111
s 61
f 183/76/115 182/77/116 181/78/117
s 62
f 186/78/117 185/79/118 184/76/115
s 63
f 189/79/119 188/80/120 187/81/121
s 64
f 192/81/121 191/82/122 190/79/119
s 65
f 195/83/123 194/62/124 193/53/86
s 66
f 198/53/125 197/52/85 196/83/126
s 67
f 201/75/127 200/74/128 199/84/129
s 68
f 204/84/129 203/85/130 202/75/131
s 69
f 207/67/105 206/86/132 205/87/133
s 70
f 210/87/133 209/64/101 208/67/105
s 71
f 213/88/134 212/81/135 211/80/136
s 72
f 216/80/136 215/69/137 214/88/134
s 73
f 219/89/138 218/88/139 217/69/140
s 74
f 222/69/140 221/68/106 220/89/141
s 75
g 左足D
f 225/90/142 224/54/143 223/53/97
s 76
g 左ひざD
f 228/53/97 227/61/96 226/90/142
s 77
f 231/64/144 230/87/145 229/73/146
s 78
f 234/73/147 233/72/148 232/64/101
s 79
f 237/91/149 236/92/150 235/85/151
s 80
f 240/85/152 239/93/153 238/91/149
s 81
f 243/65/154 242/94/155 241/95/156
s 82
f 246/95/156 245/66/103 244/65/102
s 83
f 249/70/157 248/96/158 247/97/159
s 84
f 252/97/160 251/98/161 250/70/109
s 85
f 255/75/127 254/85/162 253/92/163
s 86
f 258/92/163 257/99/164 256/75/131
s 87
f 261/100/165 260/101/166 259/102/167
s 88
f 264/102/167 263/99/168 262/100/165
s 89
f 267/72/148 266/102/169 265/65/170
s 90
f 270/65/170 269/64/144 268/72/148
s 91
f 273/82/171 272/103/172 271/76/173
s 92
f 276/76/173 275/79/118 274/82/171
s 93
f 279/104/174 278/105/175 277/106/176
s 94
f 282/106/177 281/97/178 280/104/179
s 95
f 285/96/180 284/80/120 283/79/119
s 96
f 288/79/119 287/78/181 286/96/180
s 97
f 291/78/181 290/104/174 289/97/178
s 98
f 294/97/178 293/96/180 292/78/181
s 99
f 297/107/182 296/108/183 295/92/163
s 100
f 300/92/150 299/91/149 298/107/182
s 101
f 303/99/164 302/92/163 301/108/183
s 102
f 306/108/183 305/100/184 304/99/164
s 103
f 309/109/185 308/110/186 307/111/187
s 104
f 312/112/188 311/83/189 310/52/190
s 105
f 315/52/91 314/57/191 313/112/188
s 106
f 318/106/192 317/98/161 316/97/159
s 107
f 321/110/193 320/105/194 319/104/195
s 108
f 324/77/196 323/110/193 322/104/195
s 109
f 327/104/197 326/78/117 325/77/116
s 110
f 330/71/198 329/70/109 328/98/199
s 111
f 333/98/200 332/113/201 331/71/110
s 112
f 336/98/200 335/114/202 334/115/203
s 113
f 339/69/137 338/80/204 337/96/205
s 114
f 342/96/205 341/70/206 340/69/137
s 115
f 345/116/207 344/111/208 343/110/186
s 116
f 348/110/193 347/77/209 346/116/207
s 117
f 351/59/94 350/117/210 349/60/211
s 118
f 354/65/170 353/102/169 352/101/212
s 119
f 357/101/212 356/94/213 355/65/102
s 120
f 360/117/214 359/112/215 358/57/191
s 121
f 363/57/191 362/60/216 361/117/214
s 122
f 366/68/106 365/93/217 364/118/218
s 123
f 369/118/218 368/89/141 367/68/106
s 124
f 372/115/219 371/90/220 370/61/221
s 125
f 375/60/216 374/57/191 373/56/222
s 126
g 左足D
f 378/56/223 377/58/224 376/60/216
s 127
g 左ひざD
f 381/102/167 380/72/111 379/75/225
s 128
f 384/75/114 383/99/168 382/102/167
s 129
f 387/93/153 386/68/226 385/71/198
s 130
f 390/71/198 389/91/227 388/93/153
s 131
f 393/84/228 392/118/229 391/93/217
s 132
f 396/93/230 395/85/151 394/84/231
s 133
f 399/91/232 398/71/198 397/113/233
s 134
f 402/113/233 401/107/234 400/91/227
s 135
f 405/63/235 404/115/236 403/61/237
s 136
f 408/77/209 407/76/238 406/119/239
s 137
f 411/119/239 410/116/240 409/77/209
s 138
f 414/103/241 413/120/242 412/119/239
s 139
f 417/119/239 416/76/238 415/103/241
s 140
f 420/121/243 419/17/35 418/16/244
s 141
f 423/16/245 422/122/246 421/121/243
s 142
f 426/123/247 425/81/135 424/88/134
s 143
f 429/88/134 428/124/248 427/123/247
s 144
f 432/4/5 431/3/3 430/125/249
s 145
f 435/125/250 434/126/251 433/4/5
s 146
f 438/3/7 437/5/252 436/127/253
s 147
f 441/127/254 440/125/255 439/3/7
s 148
f 444/128/256 443/103/257 442/82/171
s 149
f 447/82/171 446/129/258 445/128/259
s 150
f 450/123/260 449/125/255 448/127/261
s 151
f 453/127/262 452/129/263 451/123/260
s 152
f 456/130/264 455/10/33 454/22/265
s 153
f 459/22/266 458/131/267 457/130/264
s 154
f 462/84/129 461/74/113 460/132/268
s 155
f 465/132/268 464/133/269 463/84/129
s 156
f 468/123/247 467/124/248 466/126/251
s 157
f 471/126/251 470/125/270 469/123/271
s 158
f 474/128/272 473/134/273 472/120/274
s 159
f 477/120/275 476/103/241 475/128/272
s 160
f 480/135/276 479/130/264 478/136/277
s 161
f 483/136/278 482/137/279 481/135/276
s 162
f 486/73/112 485/138/280 484/132/281
s 163
f 489/132/282 488/74/283 487/73/112
s 164
f 492/86/284 491/137/285 490/136/277
s 165
f 495/136/277 494/87/133 493/86/284
s 166
f 498/121/243 497/122/286 496/133/287
s 167
f 501/133/269 500/132/268 499/121/288
s 168
f 504/131/289 503/22/37 502/17/22
s 169
f 507/17/22 506/121/290 505/131/291
s 170
f 510/87/145 509/136/278 508/138/292
s 171
f 513/138/293 512/73/146 511/87/145
s 172
f 516/138/293 515/136/278 514/130/264
s 173
f 519/130/264 518/131/267 517/138/293
s 174
f 522/127/261 521/5/14 520/12/294
s 175
f 525/12/294 524/139/295 523/127/261
s 176
f 528/82/122 527/81/121 526/123/260
s 177
f 531/123/260 530/129/263 529/82/122
s 178
f 534/139/295 533/128/256 532/129/258
s 179
f 537/129/258 536/127/261 535/139/295
s 180
f 540/14/19 539/4/296 538/126/297
s 181
f 543/126/298 542/140/299 541/14/19
s 182
f 546/124/248 545/88/139 544/89/138
s 183
f 549/89/138 548/141/300 547/124/248
s 184
f 552/140/299 551/126/297 550/124/301
s 185
f 555/124/302 554/141/300 553/140/299
s 186
f 558/122/303 557/16/44 556/19/43
s 187
f 561/19/43 560/142/304 559/122/303
s 188
f 564/84/129 563/133/305 562/143/306
s 189
f 567/143/306 566/118/229 565/84/307
s 190
f 570/143/308 569/142/309 568/140/310
s 191
f 573/140/310 572/141/311 571/143/306
s 192
f 576/121/312 575/132/281 574/138/280
s 193
f 579/138/313 578/131/314 577/121/290
s 194
f 582/118/218 581/143/306 580/141/311
s 195
f 585/141/300 584/89/141 583/118/218
s 196
f 588/142/315 587/143/306 586/133/305
s 197
f 591/133/305 590/122/316 589/142/315
s 198
f 594/139/317 593/12/45 592/24/47
s 199
f 597/24/47 596/144/318 595/139/319
s 200
f 600/139/319 599/144/318 598/134/320
s 201
f 603/134/320 602/128/272 601/139/319
s 202
f 606/117/210 605/59/94 604/95/156
s 203
f 609/95/156 608/94/321 607/117/210
s 204
f 612/94/213 611/101/212 610/112/215
s 205
f 615/112/215 614/117/214 613/94/213
s 206
f 618/101/166 617/100/165 616/83/189
s 207
f 621/83/189 620/112/188 619/101/166
s 208
f 624/100/184 623/108/322 622/62/124
s 209
f 627/62/124 626/83/123 625/100/184
s 210
f 630/63/100 629/62/99 628/108/183
s 211
f 633/108/183 632/107/182 631/63/100
s 212
f 636/113/323 635/115/236 634/63/235
s 213
f 639/63/235 638/107/324 637/113/323
s 214
f 642/19/27 641/14/26 640/140/310
s 215
f 645/140/310 644/142/309 643/19/27
s 216
f 648/7/10 647/10/13 646/130/264
s 217
f 651/130/325 650/135/276 649/7/326
s 218
f 654/98/200 653/115/203 652/113/201
s 219
f 657/98/327 656/106/192 655/114/328
s 220
f 660/105/329 659/110/330 658/145/331
s 221
f 663/145/331 662/110/186 661/109/185
s 222
g 肌.007_Material.002
usemtl Material.002
f 666/146/332 665/147/333 664/148/334
s 223
f 669/148/335 668/149/336 667/146/337
s 224
f 672/148/338 671/147/339 670/150/340
s 225
f 675/150/340 674/151/341 673/148/338
s 226
f 678/151/342 677/150/343 676/152/344
s 227
f 681/152/344 680/153/345 679/151/342
s 228
f 684/153/346 683/152/347 682/154/348
s 229
f 687/154/348 686/155/349 685/153/346
s 230
f 690/156/350 689/157/351 688/158/352
s 231
f 693/158/353 692/159/354 691/156/355
s 232
f 696/160/356 695/161/357 694/162/358
s 233
f 699/162/358 698/163/359 697/160/356
s 234
f 702/164/360 701/165/361 700/147/362
s 235
f 705/147/362 704/146/363 703/164/360
s 236
f 708/165/364 707/166/365 706/150/366
s 237
f 711/150/367 710/147/362 709/165/361
s 238
f 714/150/367 713/166/368 712/167/369
s 239
f 717/167/369 716/152/370 715/150/367
s 240
f 720/152/370 719/167/369 718/168/371
s 241
f 723/168/371 722/154/372 721/152/370
s 242
f 726/169/373 725/170/374 724/157/375
s 243
f 729/157/375 728/156/376 727/169/373
s 244
f 732/161/377 731/171/378 730/172/379
s 245
f 735/172/379 734/162/380 733/161/381
s 246
f 738/173/382 737/174/383 736/165/384
s 247
f 741/165/384 740/164/385 739/173/382
s 248
f 744/174/386 743/175/387 742/166/388
s 249
f 747/166/388 746/165/389 745/174/390
s 250
f 750/175/391 749/176/392 748/167/393
s 251
f 753/167/393 752/166/394 751/175/391
s 252
f 756/167/395 755/176/392 754/177/396
s 253
f 759/177/397 758/168/398 757/167/395
s 254
f 762/169/399 761/178/400 760/179/401
s 255
f 765/179/401 764/170/402 763/169/399
s 256
f 768/180/403 767/181/404 766/172/405
s 257
f 771/172/406 770/171/407 769/180/403
s 258
f 774/173/408 773/182/409 772/183/410
s 259
f 777/183/410 776/174/411 775/173/408
s 260
f 780/174/412 779/183/413 778/184/414
s 261
f 783/184/414 782/175/415 781/174/416
s 262
f 786/184/417 785/185/418 784/176/419
s 263
f 789/176/419 788/175/420 787/184/417
s 264
f 792/185/421 791/186/422 790/177/423
s 265
f 795/177/423 794/176/424 793/185/421
s 266
f 798/178/425 797/187/426 796/188/427
s 267
f 801/188/427 800/179/428 799/178/429
s 268
f 804/189/430 803/190/431 802/181/432
s 269
f 807/181/433 806/180/434 805/189/430
s 270
f 810/182/435 809/191/436 808/192/437
s 271
f 813/192/438 812/183/439 811/182/435
s 272
f 816/183/440 815/192/441 814/193/442
s 273
f 819/193/442 818/184/443 817/183/440
s 274
f 822/193/444 821/194/445 820/185/446
s 275
f 825/185/446 824/184/447 823/193/444
s 276
f 828/194/448 827/195/449 826/186/450
s 277
f 831/186/450 830/185/451 829/194/448
s 278
f 834/187/452 833/196/453 832/197/454
s 279
f 837/197/455 836/188/456 835/187/452
s 280
f 840/198/457 839/199/458 838/190/459
s 281
f 843/190/460 842/189/461 841/198/457
s 282
f 846/200/462 845/201/463 844/202/464
s 283
f 849/202/464 848/203/465 847/200/466
s 284
f 852/204/467 851/205/468 850/206/469
s 285
f 855/206/469 854/207/470 853/204/467
s 286
f 858/208/471 857/209/472 856/205/473
s 287
f 861/205/473 860/204/474 859/208/471
s 288
f 864/208/475 863/210/476 862/211/477
s 289
f 867/211/477 866/209/478 865/208/475
s 290
f 870/210/479 869/202/480 868/201/481
s 291
f 873/201/481 872/211/482 871/210/479
s 292
f 876/157/483 875/204/484 874/207/485
s 293
f 879/207/485 878/158/486 877/157/487
s 294
f 882/205/488 881/161/489 880/160/490
s 295
f 885/160/490 884/206/491 883/205/492
s 296
f 888/170/374 887/208/471 886/204/474
s 297
f 891/204/474 890/157/493 889/170/374
s 298
f 894/209/494 893/171/495 892/161/377
s 299
f 897/161/496 896/205/473 895/209/472
s 300
f 900/170/497 899/179/498 898/210/499
s 301
f 903/210/499 902/208/475 901/170/497
s 302
f 906/209/500 905/211/501 904/180/502
s 303
f 909/180/502 908/171/503 907/209/500
s 304
f 912/179/428 911/188/427 910/202/504
s 305
f 915/202/480 914/210/479 913/179/505
s 306
f 918/211/482 917/201/481 916/189/430
s 307
f 921/189/506 920/180/434 919/211/507
s 308
f 924/188/508 923/197/509 922/203/510
s 309
f 927/203/510 926/202/464 925/188/508
s 310
f 930/201/511 929/200/466 928/198/512
s 311
f 933/198/513 932/189/514 931/201/511
s 312
f 936/212/515 935/213/516 934/214/517
s 313
f 939/214/517 938/215/518 937/212/515
s 314
f 942/216/519 941/217/520 940/218/521
s 315
f 945/218/521 944/219/522 943/216/519
s 316
f 948/217/523 947/220/524 946/221/525
s 317
f 951/221/525 950/218/526 949/217/523
s 318
f 954/222/527 953/223/528 952/221/529
s 319
f 957/221/530 956/220/531 955/222/532
s 320
f 960/213/533 959/212/534 958/223/535
s 321
f 963/223/535 962/222/536 961/213/533
s 322
f 966/163/537 965/162/538 964/217/539
s 323
f 969/217/539 968/216/540 967/163/537
s 324
f 972/218/541 971/146/542 970/149/336
s 325
f 975/149/336 974/219/543 973/218/541
s 326
f 978/162/544 977/172/379 976/220/545
s 327
f 981/220/545 980/217/523 979/162/380
s 328
f 984/221/525 983/164/360 982/146/363
s 329
f 987/146/363 986/218/526 985/221/525
s 330
f 990/181/546 989/222/547 988/220/548
s 331
f 993/220/549 992/172/405 991/181/546
s 332
f 996/223/550 995/173/551 994/164/552
s 333
f 999/164/553 998/221/554 997/223/555
s 334
f 1002/190/431 1001/213/533 1000/222/536
s 335
f 1005/222/556 1004/181/432 1003/190/431
s 336
f 1008/223/535 1007/212/534 1006/182/557
s 337
f 1011/182/409 1010/173/408 1009/223/535
s 338
f 1014/199/558 1013/214/559 1012/213/560
s 339
f 1017/213/560 1016/190/561 1015/199/558
s 340
f 1020/212/562 1019/215/563 1018/191/564
s 341
f 1023/191/564 1022/182/565 1021/212/562
s 342
f 1026/224/566 1025/225/567 1024/226/568
s 343
f 1029/226/569 1028/227/570 1027/224/571
s 344
f 1032/228/572 1031/229/573 1030/230/574
s 345
f 1035/230/574 1034/231/575 1033/228/572
s 346
f 1038/229/576 1037/232/577 1036/233/578
s 347
f 1041/233/578 1040/230/579 1039/229/576
s 348
f 1044/232/580 1043/234/581 1042/235/582
s 349
f 1047/235/582 1046/233/583 1045/232/580
s 350
f 1050/225/584 1049/224/585 1048/235/586
s 351
f 1053/235/586 1052/234/587 1051/225/584
s 352
f 1056/155/588 1055/154/589 1054/229/573
s 353
f 1059/229/573 1058/228/590 1057/155/591
s 354
f 1062/236/592 1061/156/593 1060/159/594
s 355
f 1065/159/594 1064/237/595 1063/236/592
s 356
f 1068/154/372 1067/168/371 1066/232/577
s 357
f 1071/232/577 1070/229/576 1069/154/596
s 358
f 1074/238/578 1073/169/373 1072/156/597
s 359
f 1077/156/598 1076/236/579 1075/238/578
s 360
f 1080/168/599 1079/177/600 1078/234/601
s 361
f 1083/234/602 1082/232/603 1081/168/604
s 362
f 1086/238/605 1085/239/606 1084/178/607
s 363
f 1089/178/607 1088/169/608 1087/238/605
s 364
f 1092/186/609 1091/225/584 1090/234/587
s 365
f 1095/234/587 1094/177/610 1093/186/611
s 366
f 1098/239/586 1097/240/585 1096/187/612
s 367
f 1101/187/612 1100/178/425 1099/239/586
s 368
f 1104/195/613 1103/226/568 1102/225/567
s 369
f 1107/225/614 1106/186/615 1105/195/613
s 370
f 1110/240/616 1109/241/617 1108/196/618
s 371
f 1113/196/618 1112/187/619 1111/240/620
s 372
f 1116/242/621 1115/243/622 1114/244/623
s 373
f 1119/244/624 1118/245/625 1117/242/626
s 374
f 1122/245/627 1121/244/628 1120/246/629
s 375
f 1125/246/629 1124/247/630 1123/245/631
s 376
f 1128/247/632 1127/246/633 1126/248/634
s 377
f 1131/248/635 1130/249/636 1129/247/632
s 378
f 1134/249/637 1133/248/638 1132/250/639
s 379
f 1137/250/640 1136/251/641 1135/249/637
s 380
f 1140/251/641 1139/250/640 1138/252/642
s 381
f 1143/252/642 1142/253/643 1141/251/644
s 382
f 1146/254/645 1145/255/646 1144/256/647
s 383
f 1149/256/648 1148/257/649 1147/254/645
s 384
f 1152/244/650 1151/243/651 1150/258/652
s 385
f 1155/258/653 1154/259/654 1153/244/655
s 386
f 1158/244/656 1157/259/657 1156/260/658
s 387
f 1161/260/658 1160/246/659 1159/244/655
s 388
f 1164/246/660 1163/260/661 1162/261/662
s 389
f 1167/261/662 1166/248/663 1165/246/660
s 390
f 1170/248/663 1169/261/664 1168/262/665
s 391
f 1173/262/665 1172/250/666 1171/248/667
s 392
f 1176/250/666 1175/262/665 1174/263/668
s 393
f 1179/263/668 1178/252/669 1177/250/670
s 394
f 1182/257/671 1181/256/672 1180/264/673
s 395
f 1185/264/673 1184/265/674 1183/257/671
s 396
f 1188/259/675 1187/258/676 1186/266/677
s 397
f 1191/266/677 1190/267/678 1189/259/675
s 398
f 1194/260/679 1193/259/680 1192/267/681
s 399
f 1197/267/681 1196/268/682 1195/260/679
s 400
f 1200/261/683 1199/260/684 1198/268/682
s 401
f 1203/268/682 1202/269/685 1201/261/683
s 402
f 1206/262/686 1205/261/687 1204/269/688
s 403
f 1209/269/688 1208/270/689 1207/262/686
s 404
f 1212/263/690 1211/262/686 1210/270/691
s 405
f 1215/270/691 1214/271/692 1213/263/690
s 406
f 1218/264/693 1217/272/694 1216/273/695
s 407
f 1221/273/695 1220/265/696 1219/264/693
s 408
f 1224/266/697 1223/274/698 1222/275/699
s 409
f 1227/275/700 1226/267/701 1225/266/697
s 410
f 1230/275/702 1229/276/703 1228/268/704
s 411
f 1233/268/704 1232/267/705 1231/275/706
s 412
f 1236/269/707 1235/268/708 1234/276/709
s 413
f 1239/276/710 1238/277/711 1237/269/712
s 414
f 1242/270/713 1241/269/714 1240/277/715
s 415
f 1245/277/716 1244/278/717 1243/270/713
s 416
f 1248/271/718 1247/270/719 1246/278/717
s 417
f 1251/278/717 1250/279/720 1249/271/721
s 418
f 1254/272/722 1253/280/723 1252/281/724
s 419
f 1257/281/724 1256/273/725 1255/272/722
s 420
f 1260/282/726 1259/283/727 1258/284/728
s 421
f 1263/284/729 1262/285/730 1261/282/726
s 422
f 1266/286/731 1265/283/732 1264/282/733
s 423
f 1269/282/733 1268/287/734 1267/286/731
s 424
f 1272/288/735 1271/289/736 1270/290/737
s 425
f 1275/290/738 1274/291/739 1273/288/735
s 426
f 1278/284/690 1277/289/692 1276/288/740
s 427
f 1281/288/740 1280/285/741 1279/284/690
s 428
f 1284/292/742 1283/256/743 1282/255/744
s 429
f 1287/255/745 1286/293/746 1285/292/742
s 430
f 1290/280/747 1289/272/748 1288/294/749
s 431
f 1293/294/749 1292/295/750 1291/280/747
s 432
f 1296/296/751 1295/264/752 1294/256/753
s 433
f 1299/256/754 1298/292/755 1297/296/751
s 434
f 1302/296/756 1301/294/757 1300/272/758
s 435
f 1305/272/758 1304/264/759 1303/296/760
s 436
f 1308/293/761 1307/287/734 1306/282/762
s 437
f 1311/282/733 1310/292/763 1309/293/764
s 438
f 1314/292/765 1313/282/766 1312/285/730
s 439
f 1317/285/730 1316/296/767 1315/292/765
s 440
f 1320/285/768 1319/288/769 1318/294/770
s 441
f 1323/294/770 1322/296/771 1321/285/772
s 442
f 1326/288/773 1325/291/774 1324/295/775
s 443
f 1329/295/775 1328/294/776 1327/288/773
s 444
f 1332/297/777 1331/298/778 1330/243/779
s 445
f 1335/243/779 1334/242/780 1333/297/781
s 446
f 1338/243/782 1337/298/783 1336/299/784
s 447
f 1341/299/784 1340/258/785 1339/243/782
s 448
f 1344/258/786 1343/299/787 1342/300/788
s 449
f 1347/300/789 1346/266/790 1345/258/791
s 450
f 1350/300/792 1349/301/793 1348/274/794
s 451
f 1353/274/795 1352/266/796 1351/300/792
s 452
f 1356/273/797 1355/302/798 1354/303/799
s 453
f 1359/303/799 1358/265/800 1357/273/797
s 454
f 1362/257/801 1361/265/802 1360/303/803
s 455
f 1365/303/803 1364/304/804 1363/257/801
s 456
f 1368/254/805 1367/257/806 1366/304/807
s 457
f 1371/304/807 1370/305/808 1369/254/805
s 458
f 1374/281/809 1373/306/810 1372/302/811
s 459
f 1377/302/811 1376/273/812 1375/281/809
s 460
f 1380/305/813 1379/304/814 1378/307/815
s 461
f 1383/307/815 1382/308/816 1381/305/813
s 462
f 1386/304/817 1385/303/803 1384/309/818
s 463
f 1389/309/818 1388/307/819 1387/304/817
s 464
f 1392/309/820 1391/303/821 1390/302/822
s 465
f 1395/302/798 1394/310/823 1393/309/824
s 466
f 1398/310/825 1397/302/826 1396/306/827
s 467
f 1401/306/827 1400/311/828 1399/310/825
s 468
f 1404/312/829 1403/313/830 1402/314/831
s 469
f 1407/314/831 1406/315/832 1405/312/829
s 470
f 1410/316/833 1409/317/834 1408/318/835
s 471
f 1413/318/835 1412/319/836 1411/316/837
s 472
f 1416/313/838 1415/320/839 1414/321/840
s 473
f 1419/321/840 1418/314/841 1417/313/842
s 474
f 1422/317/843 1421/316/844 1420/321/845
s 475
f 1425/321/845 1424/320/846 1423/317/843
s 476
f 1428/308/816 1427/307/847 1426/313/848
s 477
f 1431/313/830 1430/312/849 1429/308/850
s 478
f 1434/314/851 1433/298/852 1432/297/853
s 479
f 1437/297/854 1436/315/832 1435/314/851
s 480
f 1440/307/855 1439/309/818 1438/320/856
s 481
f 1443/320/839 1442/313/857 1441/307/855
s 482
f 1446/321/840 1445/299/858 1444/298/859
s 483
f 1449/298/860 1448/314/861 1447/321/840
s 484
f 1452/320/846 1451/309/862 1450/310/863
s 485
f 1455/310/864 1454/317/843 1453/320/846
s 486
f 1458/321/865 1457/316/844 1456/300/788
s 487
f 1461/300/866 1460/299/867 1459/321/865
s 488
f 1464/317/868 1463/310/869 1462/311/870
s 489
f 1467/311/870 1466/318/871 1465/317/872
s 490
f 1470/316/873 1469/319/874 1468/301/875
s 491
f 1473/301/876 1472/300/877 1471/316/873
s 492
f 1476/322/878 1475/323/879 1474/324/880
s 493
f 1479/324/880 1478/325/881 1477/322/878
s 494
f 1482/325/882 1481/324/883 1480/323/884
s 495
f 1485/323/885 1484/322/886 1483/325/887
s 496
f 1488/326/888 1487/327/889 1486/324/890
s 497
f 1491/324/883 1490/325/891 1489/326/892
s 498
f 1494/328/893 1493/329/894 1492/327/889
s 499
f 1497/327/895 1496/326/888 1495/328/893
s 500
f 1500/330/896 1499/331/897 1498/329/898
s 501
f 1503/329/898 1502/328/893 1501/330/896
s 502
f 1506/328/899 1505/329/900 1504/331/897
s 503
f 1509/331/897 1508/330/901 1507/328/899
s 504
f 1512/326/902 1511/327/903 1510/329/900
s 505
f 1515/329/900 1514/328/904 1513/326/905
s 506
f 1518/325/906 1517/324/880 1516/327/903
s 507
f 1521/327/903 1520/326/907 1519/325/906
s 508
f 1524/323/879 1523/332/908 1522/333/909
s 509
f 1527/333/910 1526/324/880 1525/323/884
s 510
f 1530/324/883 1529/333/911 1528/332/908
s 511
f 1533/332/908 1532/323/912 1531/324/883
s 512
f 1536/327/913 1535/334/914 1534/333/911
s 513
f 1539/333/911 1538/324/883 1537/327/889
s 514
f 1542/329/894 1541/335/915 1540/334/914
s 515
f 1545/334/914 1544/327/895 1543/329/894
s 516
f 1548/331/897 1547/336/916 1546/335/915
s 517
f 1551/335/915 1550/329/898 1549/331/897
s 518
f 1554/329/900 1553/335/917 1552/336/918
s 519
f 1557/336/919 1556/331/897 1555/329/900
s 520
f 1560/327/903 1559/334/920 1558/335/917
s 521
f 1563/335/917 1562/329/900 1561/327/903
s 522
f 1566/324/921 1565/333/909 1564/334/922
s 523
f 1569/334/923 1568/327/903 1567/324/880
s 524
f 1572/332/908 1571/337/924 1570/338/925
s 525
f 1575/338/925 1574/333/910 1573/332/908
s 526
f 1578/333/911 1577/338/926 1576/337/927
s 527
f 1581/337/928 1580/332/929 1579/333/911
s 528
f 1584/334/914 1583/339/930 1582/338/931
s 529
f 1587/338/932 1586/333/911 1585/334/914
s 530
f 1590/335/915 1589/340/933 1588/339/934
s 531
f 1593/339/934 1592/334/914 1591/335/935
s 532
f 1596/336/936 1595/341/937 1594/340/938
s 533
f 1599/340/938 1598/335/915 1597/336/916
s 534
f 1602/335/917 1601/340/939 1600/341/937
s 535
f 1605/341/937 1604/336/919 1603/335/917
s 536
f 1608/334/920 1607/339/940 1606/340/941
s 537
f 1611/340/941 1610/335/917 1609/334/922
s 538
f 1614/333/909 1613/338/942 1612/339/943
s 539
f 1617/339/943 1616/334/923 1615/333/909
s 540
f 1620/342/944 1619/343/945 1618/344/946
s 541
f 1623/345/947 1622/342/948 1621/344/946
s 542
f 1626/346/949 1625/345/950 1624/344/951
s 543
f 1629/347/952 1628/346/953 1627/344/951
s 544
f 1632/348/954 1631/347/955 1630/344/956
s 545
f 1635/349/957 1634/348/958 1633/344/956
s 546
f 1638/350/959 1637/349/960 1636/344/956
s 547
f 1641/343/961 1640/350/962 1639/344/956
s 548
f 1644/338/942 1643/337/924 1642/351/963
s 549
f 1647/337/924 1646/338/964 1645/351/963
s 550
f 1650/338/964 1649/339/930 1648/351/965
s 551
f 1653/339/930 1652/340/966 1651/351/967
s 552
f 1656/340/966 1655/341/968 1654/351/965
s 553
f 1659/341/937 1658/340/969 1657/351/965
s 554
f 1662/340/969 1661/339/943 1660/351/970
s 555
f 1665/339/943 1664/338/942 1663/351/970
s 556
f 1668/328/971 1667/352/972 1666/353/973
s 557
f 1671/353/973 1670/326/974 1669/328/975
s 558
f 1674/330/976 1673/354/977 1672/352/972
s 559
f 1677/352/972 1676/328/975 1675/330/976
s 560
f 1680/328/978 1679/352/979 1678/354/980
s 561
f 1683/354/981 1682/330/982 1681/328/983
s 562
f 1686/326/984 1685/353/985 1684/352/986
s 563
f 1689/352/986 1688/328/983 1687/326/987
s 564
f 1692/325/988 1691/355/989 1690/353/990
s 565
f 1695/353/991 1694/326/888 1693/325/988
s 566
f 1698/322/878 1697/356/992 1696/355/989
s 567
f 1701/355/989 1700/325/993 1699/322/994
s 568
f 1704/325/995 1703/355/996 1702/356/997
s 569
f 1707/356/997 1706/322/998 1705/325/999
s 570
f 1710/326/974 1709/353/973 1708/355/1000
s 571
f 1713/355/1000 1712/325/999 1711/326/974
s 572
f 1716/357/1001 1715/358/1002 1714/359/1003
s 573
f 1719/359/1004 1718/360/1005 1717/357/1006
s 574
f 1722/360/1005 1721/359/1007 1720/361/1008
s 575
f 1725/361/1009 1724/362/1010 1723/360/1011
s 576
f 1728/362/1012 1727/361/1009 1726/363/1013
s 577
f 1731/363/1014 1730/364/1015 1729/362/1016
s 578
f 1734/365/1017 1733/366/1018 1732/367/1019
s 579
f 1737/367/1019 1736/368/1020 1735/365/1017
s 580
f 1740/367/1021 1739/369/1022 1738/370/1023
s 581
f 1743/370/1024 1742/368/1020 1741/367/1025
s 582
f 1746/369/1026 1745/371/1027 1744/372/1028
s 583
f 1749/372/1028 1748/370/1029 1747/369/1030
s 584
f 1752/371/1031 1751/373/1032 1750/374/1033
s 585
f 1755/374/1033 1754/372/1034 1753/371/1035
s 586
f 1758/373/1036 1757/358/1037 1756/357/1038
s 587
f 1761/357/1001 1760/374/1039 1759/373/1040
