# Blender 5.0.1
# www.blender.org
mtllib zeppelin_helice_arriba.mtl
g elice_arriba_Mesh
v 0.249614 -0.110158 -0.278505
v 0.248371 -0.107359 -0.277559
v 0.312677 0.098210 -0.628282
v 0.314466 0.096539 -0.629792
v 0.210029 0.009798 -0.286852
v 0.176752 0.140697 -0.262131
v 0.189405 0.303859 -0.543742
v 0.239493 0.203739 -0.591435
v 0.158550 0.202426 -0.224895
v 0.167942 0.374844 -0.490335
v 0.141804 0.241024 -0.179835
v 0.152115 0.423988 -0.435514
v 0.129744 0.255334 -0.106111
v 0.138909 0.455394 -0.379172
v 0.380844 0.399929 -1.057832
v 0.384411 0.397133 -1.060384
v 0.204119 0.607818 -0.941195
v 0.261032 0.534871 -1.015372
v 0.178047 0.669713 -0.878570
v 0.152001 0.732940 -0.775888
v 0.133116 0.775222 -0.693752
v 0.391391 0.585294 -1.270967
v 0.395127 0.582276 -1.273462
v 0.209472 0.820439 -1.164816
v 0.267416 0.736022 -1.236919
v 0.176615 0.877619 -1.052457
v 0.147721 0.892977 -0.905268
v 0.126711 0.905498 -0.792978
v 0.411314 0.789263 -1.504289
v 0.407423 0.792602 -1.501853
v 0.431308 1.022975 -1.747708
v 0.435310 1.019122 -1.750034
v 0.277485 0.927668 -1.440286
v 0.215162 1.003749 -1.340016
v 0.227433 1.251233 -1.540186
v 0.295288 1.153726 -1.668766
v 0.181679 1.063178 -1.208915
v 0.197201 1.315582 -1.427934
v 0.150160 1.095924 -1.073505
v 0.160239 1.353895 -1.291898
v 0.112925 1.103013 -0.916201
v 0.129643 1.370200 -1.153330
v 0.387192 1.276801 -1.935751
v 0.389287 1.278608 -1.942362
v 0.305931 1.639927 -1.947973
v 0.332260 1.513147 -1.997995
v 0.272964 1.714938 -1.842610
v 0.215602 1.696377 -1.628182
v 0.169559 1.571753 -1.400005
v 0.333408 1.525749 -2.007864
v 0.309339 1.656334 -1.964556
v 0.337023 1.649277 -1.952959
v 0.360353 1.521193 -1.995054
v 0.309339 1.656334 -1.964556
v 0.276560 1.731639 -1.860671
v 0.304290 1.724774 -1.849277
v 0.218170 1.709126 -1.642294
v 0.246216 1.703368 -1.632087
v 0.168706 1.573952 -1.398161
v 0.197113 1.569781 -1.389657
v 0.414130 1.278264 -1.928516
v 0.414229 1.276006 -1.925883
v 0.453812 1.027046 -1.734599
v 0.457701 1.023309 -1.736856
v 0.359193 1.508760 -1.985258
v 0.333649 1.633038 -1.936552
v 0.264994 1.240430 -1.552571
v 0.327656 1.148321 -1.661379
v 0.300734 1.708246 -1.831406
v 0.224522 1.306013 -1.413898
v 0.246401 1.691591 -1.628294
v 0.189168 1.351096 -1.285981
v 0.197965 1.567579 -1.391505
v 0.158427 1.368212 -1.147205
v 0.430061 0.798909 -1.491019
v 0.433843 0.795671 -1.493382
v 0.243522 0.986177 -1.326565
v 0.302411 0.904157 -1.407406
v 0.208115 1.073511 -1.209660
v 0.177184 1.097196 -1.068472
v 0.141963 1.104617 -0.914020
v 0.417863 0.590145 -1.264253
v 0.414239 0.593070 -1.261832
v 0.403918 0.408643 -1.049972
v 0.407383 0.405931 -1.052448
v 0.291120 0.692385 -1.179651
v 0.235706 0.768487 -1.114388
v 0.231569 0.575358 -0.899978
v 0.286436 0.500687 -0.965933
v 0.202141 0.842373 -1.011679
v 0.202510 0.650747 -0.830381
v 0.176492 0.904614 -0.910849
v 0.181351 0.723299 -0.764723
v 0.155747 0.907244 -0.790955
v 0.162163 0.777194 -0.691975
v 0.224235 0.276334 -0.526024
v 0.266569 0.197465 -0.573847
v 0.201163 0.345464 -0.475787
v 0.181146 0.412056 -0.418263
v 0.167957 0.457364 -0.377394
v 0.186514 0.198467 -0.231507
v 0.206607 0.143518 -0.265939
v 0.170958 0.242425 -0.178173
v 0.158786 0.257303 -0.104335
v 0.129139 0.256808 -0.104059
v 0.158175 0.258777 -0.102284
v 0.167224 0.459862 -0.375141
v 0.138181 0.457891 -0.376918
v 0.161188 0.780500 -0.688953
v 0.132147 0.778529 -0.690730
v 0.154774 0.910585 -0.787929
v 0.125736 0.908837 -0.789953
v 0.111950 1.106369 -0.913171
v 0.140988 1.107978 -0.910990
v 0.157247 1.372274 -1.143534
v 0.128461 1.374260 -1.149662
v 0.197113 1.569781 -1.389657
v 0.168706 1.573952 -1.398161
v 0.276648 -0.104790 -0.273661
v 0.249614 -0.110158 -0.278505
v 0.314466 0.096539 -0.629792
v 0.339522 0.103899 -0.623150
v 0.384411 0.397133 -1.060384
v 0.407383 0.405931 -1.052448
v 0.395127 0.582276 -1.273462
v 0.417863 0.590145 -1.264253
v 0.433843 0.795671 -1.493382
v 0.411314 0.789263 -1.504289
v 0.435310 1.019122 -1.750034
v 0.457701 1.023309 -1.736856
v 0.389287 1.278608 -1.942362
v 0.414130 1.278264 -1.928516
v 0.332260 1.513147 -1.997995
v 0.305931 1.639927 -1.947973
v 0.309339 1.656334 -1.964556
v 0.333408 1.525749 -2.007864
v 0.360353 1.521193 -1.995054
v 0.337023 1.649277 -1.952959
v 0.333649 1.633038 -1.936552
v 0.359193 1.508760 -1.985258
v 0.304290 1.724774 -1.849277
v 0.300734 1.708246 -1.831406
v 0.246216 1.703368 -1.632087
v 0.246401 1.691591 -1.628294
v 0.197113 1.569781 -1.389657
v 0.215602 1.696377 -1.628182
v 0.169559 1.571753 -1.400005
v 0.168706 1.573952 -1.398161
v 0.218170 1.709126 -1.642294
v 0.272964 1.714938 -1.842610
v 0.276560 1.731639 -1.860671
v 0.431308 1.022975 -1.747708
v 0.387192 1.276801 -1.935751
v 0.389287 1.278608 -1.942362
v 0.387192 1.276801 -1.935751
v 0.414130 1.278264 -1.928516
v 0.389287 1.278608 -1.942362
v 0.414130 1.278264 -1.928516
v 0.453812 1.027046 -1.734599
v 0.414229 1.276006 -1.925883
v 0.430061 0.798909 -1.491019
v 0.403918 0.408643 -1.049972
v 0.414239 0.593070 -1.261832
v 0.337782 0.105521 -0.621688
v 0.229859 0.020193 -0.281563
v 0.275432 -0.102032 -0.272754
v 0.248371 -0.107359 -0.277559
v 0.312677 0.098210 -0.628282
v 0.380844 0.399929 -1.057832
v 0.391391 0.585294 -1.270967
v 0.407423 0.792602 -1.501853
v 0.129643 1.370200 -1.153330
v 0.128461 1.374260 -1.149662
v 0.168706 1.573952 -1.398161
v 0.169559 1.571753 -1.400005
v 0.158427 1.368212 -1.147205
v 0.197965 1.567579 -1.391505
v 0.157247 1.372274 -1.143534
v 0.141963 1.104617 -0.914020
v 0.140988 1.107978 -0.910990
v 0.162163 0.777194 -0.691975
v 0.155747 0.907244 -0.790955
v 0.154774 0.910585 -0.787929
v 0.161188 0.780500 -0.688953
v 0.167224 0.459862 -0.375141
v 0.158175 0.258777 -0.102284
v 0.158786 0.257303 -0.104335
v 0.129139 0.256808 -0.104059
v 0.138181 0.457891 -0.376918
v 0.138909 0.455394 -0.379172
v 0.125736 0.908837 -0.789953
v 0.126711 0.905498 -0.792978
v 0.112925 1.103013 -0.916201
v 0.111950 1.106369 -0.913171
v 0.249614 0.263004 -0.091896
v 0.248370 0.262056 -0.089097
v 0.312677 0.612779 0.116473
v 0.314466 0.614289 0.114801
v 0.210029 0.271351 0.028060
v 0.176752 0.246629 0.158959
v 0.189399 0.528240 0.322121
v 0.239490 0.575934 0.222003
v 0.158551 0.209394 0.220690
v 0.167940 0.474833 0.393108
v 0.141804 0.164332 0.259286
v 0.152113 0.420012 0.442252
v 0.129741 0.090610 0.273598
v 0.138907 0.363669 0.473656
v 0.380844 1.042329 0.418191
v 0.384411 1.044880 0.415395
v 0.204119 0.925692 0.626082
v 0.261032 0.999870 0.553133
v 0.178043 0.863069 0.687975
v 0.151999 0.760385 0.751202
v 0.133116 0.678249 0.793485
v 0.391391 1.255464 0.603556
v 0.395127 1.257960 0.600540
v 0.209466 1.149313 0.838701
v 0.267413 1.221416 0.754285
v 0.176615 1.036954 0.895883
v 0.147720 0.889766 0.911239
v 0.126711 0.777477 0.923761
v 0.411311 1.488787 0.807525
v 0.407423 1.486348 0.810864
v 0.431303 1.732205 1.041239
v 0.435310 1.734531 1.037386
v 0.277485 1.424783 0.945930
v 0.215159 1.324513 1.022011
v 0.227430 1.524684 1.269497
v 0.295288 1.653264 1.171989
v 0.181677 1.193413 1.081441
v 0.197194 1.412430 1.333844
v 0.150156 1.058003 1.114186
v 0.160239 1.276396 1.372157
v 0.112925 0.900699 1.121275
v 0.129643 1.137828 1.388460
v 0.387192 1.920248 1.295063
v 0.389284 1.926861 1.296871
v 0.305928 1.932470 1.658189
v 0.332255 1.982492 1.531410
v 0.272962 1.827105 1.733199
v 0.215599 1.612680 1.714641
v 0.169557 1.384503 1.590014
v 0.333408 1.992362 1.544011
v 0.309341 1.949053 1.674595
v 0.337021 1.937456 1.667539
v 0.360349 1.979549 1.539455
v 0.309341 1.949053 1.674595
v 0.276560 1.845170 1.749901
v 0.304287 1.833776 1.743037
v 0.218170 1.626791 1.727388
v 0.246216 1.616585 1.721631
v 0.168704 1.382658 1.592216
v 0.197113 1.374155 1.588042
v 0.414128 1.913013 1.296524
v 0.414229 1.910382 1.294267
v 0.453812 1.719096 1.045309
v 0.457698 1.721353 1.041572
v 0.359193 1.969755 1.527022
v 0.333649 1.921049 1.651300
v 0.264990 1.537068 1.258691
v 0.327656 1.645876 1.166583
v 0.300731 1.815903 1.726508
v 0.224518 1.398395 1.324275
v 0.246397 1.612792 1.709852
v 0.189168 1.270480 1.369358
v 0.197965 1.376003 1.585840
v 0.158427 1.131702 1.386474
v 0.430061 1.475516 0.817172
v 0.433840 1.477879 0.813933
v 0.243522 1.311062 1.004441
v 0.302407 1.391906 0.922419
v 0.208113 1.194160 1.091772
v 0.177181 1.052969 1.115458
v 0.141965 0.898518 1.122879
v 0.417863 1.248750 0.608407
v 0.414239 1.246329 0.611333
v 0.403918 1.034469 0.426907
v 0.407383 1.036943 0.424194
v 0.291117 1.164148 0.710647
v 0.235707 1.098885 0.786749
v 0.231565 0.884473 0.593622
v 0.286436 0.950432 0.518951
v 0.202141 0.996177 0.860634
v 0.202507 0.814880 0.669009
v 0.176489 0.895344 0.922878
v 0.181351 0.749220 0.741561
v 0.155747 0.775453 0.925508
v 0.162159 0.676472 0.795456
v 0.337778 0.606185 0.123784
v 0.339520 0.607649 0.122162
v 0.224235 0.510521 0.294596
v 0.266566 0.558346 0.215727
v 0.201159 0.460285 0.363726
v 0.181146 0.402760 0.430320
v 0.167957 0.361890 0.475627
v 0.275430 0.257253 -0.083770
v 0.276648 0.258160 -0.086526
v 0.186514 0.216004 0.216729
v 0.206605 0.250437 0.161780
v 0.170957 0.162670 0.260687
v 0.158783 0.088833 0.275566
v 0.129137 0.088557 0.275069
v 0.158173 0.086779 0.277038
v 0.167224 0.359638 0.478124
v 0.138181 0.361415 0.476155
v 0.161190 0.673450 0.798764
v 0.132147 0.675227 0.796793
v 0.154772 0.772426 0.928847
v 0.125734 0.774452 0.927099
v 0.111950 0.897669 1.124633
v 0.140988 0.895487 1.126239
v 0.157245 1.128032 1.390536
v 0.128461 1.134161 1.392522
v 0.197113 1.374155 1.588042
v 0.168704 1.382658 1.592216
v 0.276648 0.258160 -0.086526
v 0.249614 0.263004 -0.091896
v 0.314466 0.614289 0.114801
v 0.339520 0.607649 0.122162
v 0.384411 1.044880 0.415395
v 0.407383 1.036943 0.424194
v 0.395127 1.257960 0.600540
v 0.417863 1.248750 0.608407
v 0.433840 1.477879 0.813933
v 0.411311 1.488787 0.807525
v 0.435310 1.734531 1.037386
v 0.457698 1.721353 1.041572
v 0.389284 1.926861 1.296871
v 0.414128 1.913013 1.296524
v 0.332255 1.982492 1.531410
v 0.305928 1.932470 1.658189
v 0.309341 1.949053 1.674595
v 0.333408 1.992362 1.544011
v 0.360349 1.979549 1.539455
v 0.337021 1.937456 1.667539
v 0.333649 1.921049 1.651300
v 0.359193 1.969755 1.527022
v 0.304287 1.833776 1.743037
v 0.300731 1.815903 1.726508
v 0.246216 1.616585 1.721631
v 0.246397 1.612792 1.709852
v 0.197113 1.374155 1.588042
v 0.197965 1.376003 1.585840
v 0.215599 1.612680 1.714641
v 0.169557 1.384503 1.590014
v 0.168704 1.382658 1.592216
v 0.218170 1.626791 1.727388
v 0.272962 1.827105 1.733199
v 0.276560 1.845170 1.749901
v 0.431303 1.732205 1.041239
v 0.387192 1.920248 1.295063
v 0.389284 1.926861 1.296871
v 0.387192 1.920248 1.295063
v 0.414128 1.913013 1.296524
v 0.389284 1.926861 1.296871
v 0.414229 1.910382 1.294267
v 0.414128 1.913013 1.296524
v 0.453812 1.719096 1.045309
v 0.414229 1.910382 1.294267
v 0.430061 1.475516 0.817172
v 0.403918 1.034469 0.426907
v 0.414239 1.246329 0.611333
v 0.337778 0.606185 0.123784
v 0.229857 0.266060 0.038455
v 0.275430 0.257253 -0.083770
v 0.248370 0.262056 -0.089097
v 0.312677 0.612779 0.116473
v 0.380844 1.042329 0.418191
v 0.391391 1.255464 0.603556
v 0.407423 1.486348 0.810864
v 0.129643 1.137828 1.388460
v 0.128461 1.134161 1.392522
v 0.168704 1.382658 1.592216
v 0.169557 1.384503 1.590014
v 0.158427 1.131702 1.386474
v 0.197965 1.376003 1.585840
v 0.197113 1.374155 1.588042
v 0.157245 1.128032 1.390536
v 0.141965 0.898518 1.122879
v 0.140988 0.895487 1.126239
v 0.162159 0.676472 0.795456
v 0.155747 0.775453 0.925508
v 0.154772 0.772426 0.928847
v 0.161190 0.673450 0.798764
v 0.167957 0.361890 0.475627
v 0.167224 0.359638 0.478124
v 0.129741 0.090610 0.273598
v 0.129137 0.088557 0.275069
v 0.138181 0.361415 0.476155
v 0.138907 0.363669 0.473656
v 0.132147 0.675227 0.796793
v 0.125734 0.774452 0.927099
v 0.126711 0.777477 0.923761
v 0.112925 0.900699 1.121275
v 0.111950 0.897669 1.124633
v 0.249614 0.076393 0.281266
v 0.248370 0.073594 0.280320
v 0.312632 -0.127779 0.630223
v 0.314466 -0.130304 0.632551
v 0.209985 -0.039366 0.288793
v 0.176710 -0.170267 0.264072
v 0.189358 -0.333427 0.545683
v 0.239448 -0.233309 0.593377
v 0.158508 -0.231995 0.226836
v 0.167897 -0.404414 0.492277
v 0.141761 -0.270593 0.181776
v 0.152070 -0.453559 0.437457
v 0.129741 -0.289098 0.108872
v 0.138864 -0.484962 0.381113
v 0.380844 -0.433692 1.060593
v 0.384411 -0.430900 1.063143
v 0.204119 -0.641583 0.943956
v 0.261032 -0.568636 1.018133
v 0.178043 -0.703477 0.881331
v 0.151999 -0.766703 0.778647
v 0.133116 -0.808988 0.696513
v 0.209466 -0.854203 1.167575
v 0.267413 -0.769788 1.239680
v 0.176615 -0.911386 1.055216
v 0.147720 -0.926741 0.908029
v 0.126711 -0.939262 0.795739
v 0.411311 -0.823027 1.507048
v 0.407423 -0.826366 1.504612
v 0.431303 -1.056739 1.750467
v 0.435310 -1.052889 1.752795
v 0.277485 -0.961432 1.443045
v 0.215159 -1.037513 1.342775
v 0.227430 -1.284998 1.542947
v 0.295288 -1.187492 1.671525
v 0.181677 -1.096942 1.211676
v 0.197194 -1.349346 1.430693
v 0.150156 -1.129688 1.076266
v 0.160239 -1.387657 1.294657
v 0.112925 -1.136778 0.918961
v 0.129643 -1.403962 1.156091
v 0.387192 -1.310564 1.938512
v 0.389284 -1.312374 1.945121
v 0.305928 -1.673689 1.950734
v 0.332255 -1.546913 2.000754
v 0.272962 -1.748703 1.845369
v 0.215599 -1.730144 1.630943
v 0.169557 -1.605518 1.402766
v 0.333408 -1.559513 2.010624
v 0.309341 -1.690096 1.967316
v 0.337021 -1.683042 1.955720
v 0.360349 -1.554958 1.997813
v 0.276560 -1.765404 1.863432
v 0.304287 -1.758540 1.852038
v 0.276560 -1.765404 1.863432
v 0.218170 -1.742889 1.645055
v 0.246216 -1.737132 1.634846
v 0.168704 -1.607719 1.400920
v 0.197113 -1.603545 1.392418
v 0.414128 -1.312027 1.931275
v 0.414229 -1.309768 1.928644
v 0.453812 -1.060812 1.737360
v 0.457698 -1.057074 1.739615
v 0.359193 -1.542525 1.988017
v 0.333649 -1.666803 1.939313
v 0.264990 -1.274193 1.555330
v 0.327656 -1.182086 1.664138
v 0.300731 -1.742011 1.834165
v 0.224518 -1.339778 1.416657
v 0.246397 -1.725355 1.631054
v 0.189168 -1.384860 1.288742
v 0.197965 -1.601343 1.394264
v 0.158427 -1.401974 1.149964
v 0.430061 -0.832673 1.493779
v 0.433840 -0.829436 1.496143
v 0.243522 -1.019944 1.329324
v 0.302407 -0.937923 1.410167
v 0.208113 -1.107275 1.212421
v 0.177181 -1.130960 1.071231
v 0.141965 -1.138382 0.916781
v 0.417863 -0.623910 1.267012
v 0.414239 -0.626834 1.264591
v 0.403918 -0.442408 1.052731
v 0.407383 -0.439695 1.055207
v 0.291117 -0.726150 1.182410
v 0.235707 -0.802251 1.117149
v 0.231565 -0.609123 0.902737
v 0.286436 -0.534453 0.968694
v 0.202141 -0.876135 1.014440
v 0.202507 -0.684512 0.833142
v 0.176489 -0.938381 0.913608
v 0.181351 -0.757063 0.767484
v 0.155747 -0.941009 0.793715
v 0.162159 -0.810959 0.694734
v 0.337778 -0.139286 0.624447
v 0.339520 -0.137665 0.625911
v 0.224235 -0.310099 0.528785
v 0.266566 -0.231228 0.576607
v 0.201159 -0.379229 0.478548
v 0.181146 -0.445821 0.421024
v 0.167957 -0.491129 0.380154
v 0.275430 0.068268 0.275515
v 0.276648 0.071023 0.276422
v 0.186514 -0.232232 0.234266
v 0.206605 -0.177283 0.268699
v 0.170957 -0.276187 0.180932
v 0.158783 -0.291069 0.107095
v 0.129137 -0.290572 0.106820
v 0.158173 -0.292541 0.105043
v 0.167224 -0.493624 0.377902
v 0.138181 -0.491658 0.379677
v 0.161190 -0.814267 0.691714
v 0.132147 -0.812296 0.693491
v 0.154772 -0.944349 0.790688
v 0.125734 -0.942601 0.792714
v 0.111950 -1.140135 0.915932
v 0.140988 -1.141742 0.913751
v 0.157245 -1.406038 1.146295
v 0.128461 -1.408024 1.152423
v 0.197113 -1.603545 1.392418
v 0.168704 -1.607719 1.400920
v 0.276648 0.071023 0.276422
v 0.249614 0.076393 0.281266
v 0.314466 -0.130304 0.632551
v 0.339520 -0.137665 0.625911
v 0.384411 -0.430900 1.063143
v 0.407383 -0.439695 1.055207
v 0.395127 -0.616043 1.276221
v 0.417863 -0.623910 1.267012
v 0.433840 -0.829436 1.496143
v 0.411311 -0.823027 1.507048
v 0.435310 -1.052889 1.752795
v 0.457698 -1.057074 1.739615
v 0.389284 -1.312374 1.945121
v 0.414128 -1.312027 1.931275
v 0.332255 -1.546913 2.000754
v 0.305928 -1.673689 1.950734
v 0.309341 -1.690096 1.967316
v 0.333408 -1.559513 2.010624
v 0.360349 -1.554958 1.997813
v 0.337021 -1.683042 1.955720
v 0.333649 -1.666803 1.939313
v 0.359193 -1.542525 1.988017
v 0.304287 -1.758540 1.852038
v 0.300731 -1.742011 1.834165
v 0.246216 -1.737132 1.634846
v 0.246397 -1.725355 1.631054
v 0.215599 -1.730144 1.630943
v 0.169557 -1.605518 1.402766
v 0.168704 -1.607719 1.400920
v 0.218170 -1.742889 1.645055
v 0.272962 -1.748703 1.845369
v 0.276560 -1.765404 1.863432
v 0.431303 -1.056739 1.750467
v 0.387192 -1.310564 1.938512
v 0.389284 -1.312374 1.945121
v 0.387192 -1.310564 1.938512
v 0.414128 -1.312027 1.931275
v 0.389284 -1.312374 1.945121
v 0.414229 -1.309768 1.928644
v 0.414128 -1.312027 1.931275
v 0.453812 -1.060812 1.737360
v 0.414229 -1.309768 1.928644
v 0.430061 -0.832673 1.493779
v 0.403918 -0.442408 1.052731
v 0.414239 -0.626834 1.264591
v 0.337778 -0.139286 0.624447
v 0.229857 -0.053958 0.284322
v 0.275430 0.068268 0.275515
v 0.248370 0.073594 0.280320
v 0.312632 -0.127779 0.630223
v 0.380844 -0.433692 1.060593
v 0.391391 -0.619058 1.273726
v 0.407423 -0.826366 1.504612
v 0.129643 -1.403962 1.156091
v 0.128461 -1.408024 1.152423
v 0.168704 -1.607719 1.400920
v 0.169557 -1.605518 1.402766
v 0.158427 -1.401974 1.149964
v 0.197965 -1.601343 1.394264
v 0.197113 -1.603545 1.392418
v 0.157245 -1.406038 1.146295
v 0.141965 -1.138382 0.916781
v 0.140988 -1.141742 0.913751
v 0.162159 -0.810959 0.694734
v 0.155747 -0.941009 0.793715
v 0.154772 -0.944349 0.790688
v 0.161190 -0.814267 0.691714
v 0.167957 -0.491129 0.380154
v 0.167224 -0.493624 0.377902
v 0.158173 -0.292541 0.105043
v 0.158783 -0.291069 0.107095
v 0.129741 -0.289098 0.108872
v 0.129137 -0.290572 0.106820
v 0.138181 -0.491658 0.379677
v 0.138864 -0.484962 0.381113
v 0.133116 -0.808988 0.696513
v 0.132147 -0.812296 0.693491
v 0.125734 -0.942601 0.792714
v 0.126711 -0.939262 0.795739
v 0.112925 -1.136778 0.918961
v 0.111950 -1.140135 0.915932
v 0.249614 -0.296767 0.094655
v 0.248370 -0.295823 0.091858
v 0.312677 -0.646545 -0.113712
v 0.314466 -0.648054 -0.112040
v 0.210029 -0.305114 -0.025299
v 0.176752 -0.280393 -0.156199
v 0.189399 -0.562004 -0.319360
v 0.239490 -0.609699 -0.219242
v 0.158551 -0.243159 -0.217929
v 0.167940 -0.508597 -0.390347
v 0.141804 -0.198098 -0.256525
v 0.152113 -0.453777 -0.439491
v 0.129741 -0.124373 -0.270837
v 0.138907 -0.397434 -0.470895
v 0.380844 -1.076094 -0.415430
v 0.384411 -1.078648 -0.412636
v 0.204119 -0.959456 -0.623321
v 0.261032 -1.033634 -0.550372
v 0.178043 -0.896834 -0.685215
v 0.151999 -0.794151 -0.748441
v 0.133116 -0.712015 -0.790724
v 0.391391 -1.289229 -0.600795
v 0.395127 -1.291723 -0.597779
v 0.209466 -1.183077 -0.835941
v 0.267413 -1.255183 -0.751524
v 0.176615 -1.070718 -0.893122
v 0.147720 -0.923532 -0.908480
v 0.126711 -0.811242 -0.921000
v 0.411311 -1.522551 -0.804765
v 0.407423 -1.520114 -0.808104
v 0.431303 -1.765972 -1.038478
v 0.435310 -1.768298 -1.034625
v 0.277485 -1.458548 -0.943171
v 0.215159 -1.358277 -1.019250
v 0.227430 -1.558450 -1.266736
v 0.295288 -1.687028 -1.169229
v 0.181677 -1.227176 -1.078680
v 0.197194 -1.446196 -1.331083
v 0.150156 -1.091766 -1.111425
v 0.160239 -1.310159 -1.369396
v 0.112925 -0.934463 -1.118514
v 0.129643 -1.171594 -1.385701
v 0.387192 -1.954015 -1.292302
v 0.389284 -1.960624 -1.294110
v 0.305928 -1.966236 -1.655428
v 0.332255 -2.016257 -1.528649
v 0.272962 -1.860872 -1.730439
v 0.215599 -1.646446 -1.711880
v 0.169557 -1.418269 -1.587255
v 0.337021 -1.971223 -1.664779
v 0.309341 -1.982819 -1.671834
v 0.276560 -1.878935 -1.747141
v 0.304287 -1.867541 -1.740276
v 0.218170 -1.660558 -1.724627
v 0.246216 -1.650350 -1.718870
v 0.168704 -1.416423 -1.589455
v 0.197113 -1.407919 -1.585283
v 0.414128 -1.946778 -1.293765
v 0.414229 -1.944144 -1.291507
v 0.453812 -1.752863 -1.042549
v 0.457698 -1.755118 -1.038811
v 0.359193 -2.003520 -1.524263
v 0.333649 -1.954814 -1.648541
v 0.264990 -1.570832 -1.255930
v 0.327656 -1.679640 -1.163822
v 0.300731 -1.849667 -1.723748
v 0.224518 -1.432160 -1.321516
v 0.246397 -1.646558 -1.707092
v 0.189168 -1.304243 -1.366598
v 0.197965 -1.409767 -1.583079
v 0.158427 -1.165467 -1.383713
v 0.433840 -1.511644 -0.811172
v 0.243522 -1.344827 -1.001680
v 0.302407 -1.425670 -0.919660
v 0.208113 -1.227924 -1.089011
v 0.177181 -1.086733 -1.112698
v 0.141965 -0.932283 -1.120118
v 0.417863 -1.282514 -0.605646
v 0.414239 -1.280093 -0.608572
v 0.403918 -1.068234 -0.424146
v 0.407383 -1.070710 -0.421433
v 0.291117 -1.197913 -0.707886
v 0.235707 -1.132651 -0.783989
v 0.231565 -0.918240 -0.590861
v 0.286436 -0.984196 -0.516190
v 0.202141 -1.029943 -0.857873
v 0.202507 -0.848645 -0.666248
v 0.176489 -0.929111 -0.920117
v 0.181351 -0.782987 -0.738800
v 0.155747 -0.809218 -0.922747
v 0.162159 -0.710237 -0.792695
v 0.337778 -0.639950 -0.121024
v 0.339520 -0.641413 -0.119402
v 0.224235 -0.544288 -0.291837
v 0.266566 -0.592110 -0.212966
v 0.201159 -0.494049 -0.360967
v 0.181146 -0.436527 -0.427559
v 0.167957 -0.395658 -0.472866
v 0.275430 -0.291017 0.086529
v 0.276648 -0.291925 0.089287
v 0.186514 -0.249769 -0.213970
v 0.206605 -0.284202 -0.159021
v 0.170957 -0.196435 -0.257926
v 0.158783 -0.122597 -0.272805
v 0.129137 -0.122323 -0.272310
v 0.158173 -0.120548 -0.274279
v 0.167224 -0.393405 -0.475363
v 0.138181 -0.395180 -0.473394
v 0.161190 -0.707215 -0.796003
v 0.132147 -0.708994 -0.794032
v 0.154772 -0.806190 -0.926086
v 0.125734 -0.808215 -0.924338
v 0.111950 -0.931435 -1.121872
v 0.140988 -0.929254 -1.123480
v 0.157245 -1.161796 -1.387775
v 0.128461 -1.167925 -1.389761
v 0.197113 -1.407919 -1.585283
v 0.168704 -1.416423 -1.589455
v 0.276648 -0.291925 0.089287
v 0.249614 -0.296767 0.094655
v 0.314466 -0.648054 -0.112040
v 0.339520 -0.641413 -0.119402
v 0.384411 -1.078648 -0.412636
v 0.395127 -1.291723 -0.597779
v 0.433840 -1.511644 -0.811172
v 0.411311 -1.522551 -0.804765
v 0.435310 -1.768298 -1.034625
v 0.457698 -1.755118 -1.038811
v 0.332255 -2.016257 -1.528649
v 0.305928 -1.966236 -1.655428
v 0.309341 -1.982819 -1.671834
v 0.333408 -2.026127 -1.541251
v 0.360349 -2.013317 -1.536694
v 0.337021 -1.971223 -1.664779
v 0.333649 -1.954814 -1.648541
v 0.359193 -2.003520 -1.524263
v 0.304287 -1.867541 -1.740276
v 0.300731 -1.849667 -1.723748
v 0.246216 -1.650350 -1.718870
v 0.246397 -1.646558 -1.707092
v 0.197113 -1.407919 -1.585283
v 0.197965 -1.409767 -1.583079
v 0.215599 -1.646446 -1.711880
v 0.169557 -1.418269 -1.587255
v 0.168704 -1.416423 -1.589455
v 0.218170 -1.660558 -1.724627
v 0.272962 -1.860872 -1.730439
v 0.276560 -1.878935 -1.747141
v 0.431303 -1.765972 -1.038478
v 0.387192 -1.954015 -1.292302
v 0.389284 -1.960624 -1.294110
v 0.387192 -1.954015 -1.292302
v 0.414229 -1.944144 -1.291507
v 0.414128 -1.946778 -1.293765
v 0.453812 -1.752863 -1.042549
v 0.414229 -1.944144 -1.291507
v 0.430061 -1.509281 -0.814411
v 0.337778 -0.639950 -0.121024
v 0.229857 -0.299825 -0.035694
v 0.275430 -0.291017 0.086529
v 0.248370 -0.295823 0.091858
v 0.312677 -0.646545 -0.113712
v 0.407423 -1.520114 -0.808104
v 0.129643 -1.171594 -1.385701
v 0.128461 -1.167925 -1.389761
v 0.168704 -1.416423 -1.589455
v 0.169557 -1.418269 -1.587255
v 0.158427 -1.165467 -1.383713
v 0.197965 -1.409767 -1.583079
v 0.197113 -1.407919 -1.585283
v 0.157245 -1.161796 -1.387775
v 0.141965 -0.932283 -1.120118
v 0.140988 -0.929254 -1.123480
v 0.167957 -0.395658 -0.472866
v 0.167224 -0.393405 -0.475363
v 0.158173 -0.120548 -0.274279
v 0.158783 -0.122597 -0.272805
v 0.129741 -0.124373 -0.270837
v 0.129137 -0.122323 -0.272310
v 0.138181 -0.395180 -0.473394
v 0.138907 -0.397434 -0.470895
v 0.132147 -0.708994 -0.794032
v 0.125734 -0.808215 -0.924338
v 0.112925 -0.934463 -1.118514
v 0.111950 -0.931435 -1.121872
v 0.322072 -0.105121 0.313325
v 0.322077 -0.197627 0.270721
v 0.459950 -0.182772 0.248473
v 0.459950 -0.097870 0.287575
v 0.322077 -0.003979 0.325258
v 0.459950 -0.005041 0.298525
v 0.322072 0.095899 0.305352
v 0.459955 0.086630 0.280255
v 0.322072 0.184740 0.255557
v 0.459955 0.168168 0.234551
v 0.322072 0.253843 0.180744
v 0.459950 0.231592 0.165887
v 0.322067 0.296445 0.088238
v 0.459955 0.270695 0.080987
v 0.322072 0.308380 -0.012902
v 0.459955 0.281649 -0.011843
v 0.322072 0.288471 -0.112784
v 0.322072 0.308380 -0.012902
v 0.459955 0.281649 -0.011843
v 0.459955 0.263379 -0.103514
v 0.322067 0.238677 -0.201620
v 0.459950 0.217675 -0.185051
v 0.322067 0.163864 -0.270724
v 0.459955 0.149009 -0.248478
v 0.322077 0.071361 -0.313329
v 0.459955 0.064107 -0.287580
v 0.322072 -0.029782 -0.325260
v 0.459955 -0.028721 -0.298532
v 0.322072 -0.129662 -0.305355
v 0.459950 -0.120392 -0.280262
v 0.322077 -0.218500 -0.255560
v 0.459955 -0.201931 -0.234558
v 0.322077 -0.287602 -0.180748
v 0.459955 -0.265357 -0.165895
v 0.322077 -0.330209 -0.088241
v 0.459950 -0.304456 -0.080992
v 0.322072 -0.342140 0.012899
v 0.459950 -0.315409 0.011837
v 0.322072 -0.322235 0.112779
v 0.322072 -0.342140 0.012899
v 0.459950 -0.315409 0.011837
v 0.459950 -0.297140 0.103507
v 0.322072 -0.272436 0.201620
v 0.459955 -0.251434 0.185048
v 0.602610 -0.079551 0.222517
v 0.602615 -0.145244 0.192261
v 0.739999 -0.100201 0.124790
v 0.739999 -0.057560 0.144431
v 0.602610 -0.007718 0.230993
v 0.739999 -0.010937 0.149930
v 0.602610 0.063215 0.216855
v 0.739999 0.035107 0.140756
v 0.602615 0.126305 0.181490
v 0.739999 0.076058 0.117798
v 0.602615 0.175385 0.128361
v 0.739999 0.107913 0.083314
v 0.602615 0.205637 0.062663
v 0.739999 0.127555 0.040670
v 0.602615 0.214113 -0.009166
v 0.739999 0.133054 -0.005952
v 0.602615 0.199977 -0.080098
v 0.602615 0.214113 -0.009166
v 0.739999 0.133054 -0.005952
v 0.739999 0.123876 -0.051995
v 0.602615 0.164612 -0.143190
v 0.739999 0.100922 -0.092945
v 0.602615 0.111481 -0.192269
v 0.739999 0.066437 -0.124801
v 0.602615 0.045786 -0.222524
v 0.739999 0.023796 -0.144440
v 0.602615 -0.026044 -0.231000
v 0.739999 -0.022828 -0.149941
v 0.602615 -0.096980 -0.216862
v 0.739999 -0.068873 -0.140766
v 0.602615 -0.160068 -0.181496
v 0.739999 -0.109825 -0.117809
v 0.602610 -0.209147 -0.128368
v 0.739999 -0.141681 -0.083325
v 0.602610 -0.239403 -0.062673
v 0.739999 -0.161316 -0.040681
v 0.602610 -0.247878 0.009159
v 0.739999 -0.166819 0.005943
v 0.602615 -0.233742 0.080091
v 0.602610 -0.247878 0.009159
v 0.739999 -0.166819 0.005943
v 0.739999 -0.157642 0.051985
v 0.602615 -0.198374 0.143185
v 0.739999 -0.134687 0.092938
v 0.093713 -0.197625 0.270723
v 0.053605 -0.175074 0.236946
v 0.053605 -0.240549 0.176466
v 0.093713 -0.272435 0.201620
v 0.093713 -0.105119 0.313327
v 0.053600 -0.094108 0.274236
v 0.093713 -0.003978 0.325260
v 0.053600 -0.005586 0.284681
v 0.093713 0.095901 0.305353
v 0.053605 0.081830 0.267258
v 0.093713 0.184740 0.255557
v 0.053605 0.159587 0.223675
v 0.093713 0.253845 0.180746
v 0.053600 0.220066 0.158196
v 0.093706 0.296445 0.088239
v 0.053605 0.257355 0.077230
v 0.093713 0.308381 -0.012900
v 0.053600 0.267801 -0.011290
v 0.053600 0.267801 -0.011290
v 0.093713 0.308381 -0.012900
v 0.093713 0.288474 -0.112782
v 0.053600 0.250378 -0.098710
v 0.093706 0.238677 -0.201618
v 0.053600 0.206795 -0.176465
v 0.093713 0.163866 -0.270723
v 0.053600 0.141318 -0.236946
v 0.093713 0.071361 -0.313327
v 0.053605 0.060352 -0.274236
v 0.093706 -0.029780 -0.325260
v 0.053605 -0.028172 -0.284681
v 0.093713 -0.129660 -0.305353
v 0.053600 -0.115590 -0.267258
v 0.093713 -0.218500 -0.255558
v 0.053605 -0.193346 -0.223675
v 0.093713 -0.287602 -0.180746
v 0.053605 -0.253826 -0.158196
v 0.093713 -0.330206 -0.088239
v 0.053600 -0.291114 -0.077230
v 0.093713 -0.342140 0.012900
v 0.053600 -0.301559 0.011290
v 0.053600 -0.301559 0.011290
v 0.093713 -0.342140 0.012900
v 0.093713 -0.322232 0.112780
v 0.053605 -0.284136 0.098710
v 0.739999 -0.109825 -0.117809
v 0.739996 -0.106852 -0.042841
v 0.739999 -0.161316 -0.040681
v 0.739999 -0.141681 -0.083325
v 0.740004 -0.105014 0.003493
v 0.739996 -0.103176 0.049824
v 0.739999 -0.157642 0.051985
v 0.739999 -0.166819 0.005943
v 0.739999 -0.100201 0.124790
v 0.739999 -0.134687 0.092938
v 0.739999 0.123876 -0.051995
v 0.739999 0.069410 -0.049835
v 0.739999 0.066437 -0.124801
v 0.739999 0.100922 -0.092945
v 0.739999 0.133054 -0.005952
v 0.739999 0.071248 -0.003499
v 0.739999 0.127555 0.040670
v 0.739999 0.073085 0.042832
v 0.739999 0.076058 0.117798
v 0.739999 0.107913 0.083314
v 0.739996 0.027614 -0.048176
v 0.739999 0.023796 -0.144440
v 0.740004 0.029452 -0.001841
v 0.739996 0.031290 0.044491
v 0.739999 0.035107 0.140756
v 0.739996 -0.018721 -0.046337
v 0.739999 -0.022828 -0.149941
v 0.740004 -0.016881 -0.000003
v 0.739996 -0.015046 0.046328
v 0.739999 -0.010937 0.149930
v 0.739996 -0.065054 -0.044499
v 0.739999 -0.068873 -0.140766
v 0.740004 -0.063217 0.001834
v 0.739996 -0.061379 0.048166
v 0.739999 -0.057560 0.144431
vn -0.7813 -0.4492 -0.4334
vn -0.8499 -0.3710 -0.3743
vn -0.8499 -0.3709 -0.3744
vn -0.7948 -0.4352 -0.4229
vn -0.8501 -0.3907 -0.3531
vn -0.8854 -0.3437 -0.3129
vn -0.9495 -0.2388 -0.2035
vn -0.9353 -0.2654 -0.2342
vn -0.9707 -0.1827 -0.1559
vn -0.9713 -0.1774 -0.1586
vn -0.9764 -0.1576 -0.1474
vn -0.9760 -0.1610 -0.1466
vn -0.9797 -0.1434 -0.1399
vn -0.9783 -0.1512 -0.1414
vn -0.7376 -0.4906 -0.4640
vn -0.7392 -0.4892 -0.4630
vn -0.8129 -0.4264 -0.3968
vn -0.9247 -0.2763 -0.2620
vn -0.9696 -0.1733 -0.1726
vn -0.9759 -0.1573 -0.1510
vn -0.9766 -0.1578 -0.1462
vn -0.7240 -0.4944 -0.4810
vn -0.7240 -0.4946 -0.4809
vn -0.7981 -0.4249 -0.4273
vn -0.9301 -0.2461 -0.2727
vn -0.9700 -0.1532 -0.1888
vn -0.9713 -0.1563 -0.1793
vn -0.9708 -0.1641 -0.1748
vn -0.7487 -0.4609 -0.4765
vn -0.7255 -0.4757 -0.4974
vn -0.7255 -0.4752 -0.4978
vn -0.7571 -0.4595 -0.4645
vn -0.8619 -0.3088 -0.4023
vn -0.8106 -0.3900 -0.4369
vn -0.9411 -0.2019 -0.2712
vn -0.9531 -0.1336 -0.2716
vn -0.9710 -0.1313 -0.1996
vn -0.9680 -0.0921 -0.2334
vn -0.9696 -0.1382 -0.2021
vn -0.9687 -0.1029 -0.2259
vn -0.9668 -0.1561 -0.2022
vn -0.9695 -0.1191 -0.2143
vn -0.7808 -0.4546 -0.4285
vn -0.7808 -0.4546 -0.4286
vn -0.9215 -0.1989 -0.3337
vn -0.9562 -0.1075 -0.2723
vn -0.9671 -0.0690 -0.2449
vn -0.9637 -0.0862 -0.2526
vn -0.9722 -0.0694 -0.2237
vn 0.4545 0.0034 -0.8907
vn 0.4572 0.0988 -0.8838
vn 0.4326 0.6248 -0.6500
vn 0.4381 0.5783 -0.6882
vn 0.4381 0.5786 -0.6880
vn 0.4326 0.6251 -0.6497
vn 0.2668 0.9592 -0.0941
vn 0.2602 0.9624 -0.0775
vn 0.0822 0.9448 0.3173
vn 0.0643 0.9336 0.3525
vn -0.0059 0.8758 0.4826
vn 0.7367 0.4653 0.4906
vn 0.7616 0.4669 0.4494
vn 0.7616 0.4670 0.4493
vn 0.7415 0.4657 0.4830
vn 0.8563 0.3172 0.4077
vn 0.9198 0.2057 0.3341
vn 0.9554 0.1123 0.2730
vn 0.9501 0.1394 0.2790
vn 0.9653 0.0771 0.2495
vn 0.9667 0.0955 0.2376
vn 0.9640 0.0854 0.2519
vn 0.9693 0.0984 0.2253
vn 0.9719 0.0701 0.2249
vn 0.9707 0.1137 0.2117
vn 0.7248 0.4764 0.4977
vn 0.7249 0.4758 0.4981
vn 0.8051 0.3963 0.4413
vn 0.9384 0.2046 0.2785
vn 0.9704 0.1299 0.2034
vn 0.9711 0.1340 0.1972
vn 0.9682 0.1532 0.1975
vn 0.7272 0.4983 0.4721
vn 0.7360 0.5007 0.4557
vn 0.7338 0.4866 0.4740
vn 0.8085 0.4341 0.3973
vn 0.7923 0.4345 0.4283
vn 0.9312 0.2474 0.2675
vn 0.9273 0.2757 0.2532
vn 0.9710 0.1548 0.1823
vn 0.9700 0.1769 0.1666
vn 0.9726 0.1536 0.1747
vn 0.9766 0.1567 0.1477
vn 0.9718 0.1630 0.1706
vn 0.9767 0.1572 0.1462
vn 0.8484 0.3912 0.3566
vn 0.9367 0.2612 0.2333
vn 0.9693 0.1837 0.1636
vn 0.9769 0.1572 0.1449
vn 0.9781 0.1524 0.1414
vn 0.9692 0.1827 0.1652
vn 0.9512 0.2273 0.2087
vn 0.9778 0.1503 0.1462
vn 0.9795 0.1442 0.1409
vn -0.0910 0.7446 0.6613
vn -0.0905 0.8031 0.5889
vn -0.0910 0.7442 0.6617
vn -0.0909 0.6709 0.7360
vn -0.0909 0.6716 0.7353
vn -0.0912 0.5542 0.8274
vn -0.0912 0.5561 0.8261
vn -0.0880 0.7267 0.6813
vn -0.0985 0.6087 0.7872
vn -0.0985 0.6082 0.7877
vn -0.0901 0.7179 0.6902
vn -0.0736 0.7834 0.6172
vn -0.0735 0.7834 0.6172
vn 0.3640 -0.8067 -0.4655
vn 0.3039 -0.8428 -0.4442
vn 0.3592 -0.8098 -0.4638
vn 0.4275 -0.7448 -0.5124
vn 0.4261 -0.7471 -0.5102
vn 0.4645 -0.6774 -0.5704
vn 0.4644 -0.6773 -0.5705
vn 0.4707 -0.5941 -0.6523
vn 0.4675 -0.6712 -0.5753
vn 0.4675 -0.6708 -0.5757
vn 0.4704 -0.5641 -0.6787
vn 0.4656 -0.4759 -0.7462
vn -0.9483 -0.1238 -0.2921
vn -0.8951 -0.2340 -0.3796
vn -0.9623 -0.0770 -0.2609
vn -0.9626 -0.0752 -0.2603
vn 0.9059 0.2144 0.3653
vn 0.9521 0.1135 0.2840
vn 0.9627 0.0747 0.2599
vn 0.9623 0.0761 0.2613
vn 0.9640 0.0604 0.2591
vn 0.9600 0.0831 0.2673
vn 0.9606 0.0802 0.2660
vn 0.9605 0.0916 0.2627
vn 0.9610 0.0977 0.2586
vn 0.9727 0.0999 0.2094
vn -0.9603 -0.0887 -0.2646
vn -0.9633 -0.0897 -0.2530
vn -0.9654 -0.0901 -0.2449
vn -0.9654 -0.0902 -0.2449
vn -0.9634 -0.0707 -0.2588
vn -0.9617 -0.0800 -0.2621
vn -0.7977 -0.3942 -0.4563
vn -0.7575 -0.4344 -0.4873
vn -0.8450 -0.3090 -0.4364
vn 0.4427 -0.1396 -0.8857
vn 0.7274 0.5444 0.4178
vn 0.7576 0.4344 0.4871
vn 0.8013 0.3924 0.4517
vn 0.7246 0.4742 0.5001
vn 0.7487 0.4879 0.4488
vn 0.7236 0.4954 0.4806
vn 0.7966 0.4458 0.4082
vn 0.8793 0.3476 0.3255
vn 0.8434 0.3931 0.3662
vn -0.8029 -0.4393 -0.4030
vn -0.8526 -0.3830 -0.3555
vn -0.7556 -0.4812 -0.4443
vn -0.7287 -0.4913 -0.4771
vn -0.7279 -0.4724 -0.4970
vn -0.9655 -0.1025 -0.2394
vn -0.9713 -0.1066 -0.2125
vn -0.9713 -0.1066 -0.2128
vn 0.9713 0.1063 0.2126
vn 0.9713 0.1064 0.2126
vn 0.9823 0.0599 0.1777
vn 0.9766 0.1118 0.1838
vn 0.9771 0.1579 0.1425
vn 0.9771 0.1609 0.1395
vn 0.9707 0.1739 0.1656
vn 0.9745 0.1640 0.1531
vn 0.9745 0.1642 0.1531
vn -0.9768 -0.1444 -0.1580
vn -0.9768 -0.1578 -0.1445
vn -0.9765 -0.1556 -0.1492
vn -0.9743 -0.1038 -0.1999
vn -0.9746 -0.1034 -0.1986
vn 0.7223 0.4875 0.4905
vn 0.7232 0.4892 0.4876
vn 0.9772 0.1514 0.1489
vn 0.9775 0.1565 0.1415
vn 0.9774 0.1568 0.1415
vn 0.9777 0.1490 0.1477
vn -0.9774 -0.1565 -0.1419
vn -0.9774 -0.1568 -0.1420
vn -0.9768 -0.1644 -0.1374
vn -0.7812 0.4333 -0.4494
vn -0.8497 0.3745 -0.3712
vn -0.8497 0.3745 -0.3711
vn -0.7947 0.4229 -0.4354
vn -0.8501 0.3530 -0.3907
vn -0.8854 0.3129 -0.3437
vn -0.9495 0.2035 -0.2388
vn -0.9353 0.2342 -0.2654
vn -0.9707 0.1559 -0.1827
vn -0.9713 0.1586 -0.1774
vn -0.9764 0.1474 -0.1576
vn -0.9760 0.1466 -0.1610
vn -0.9797 0.1400 -0.1434
vn -0.9783 0.1414 -0.1513
vn -0.7376 0.4639 -0.4906
vn -0.7392 0.4628 -0.4892
vn -0.8129 0.3967 -0.4264
vn -0.9247 0.2620 -0.2763
vn -0.9697 0.1725 -0.1732
vn -0.9759 0.1510 -0.1574
vn -0.9766 0.1463 -0.1577
vn -0.7240 0.4810 -0.4944
vn -0.7240 0.4809 -0.4945
vn -0.7980 0.4273 -0.4249
vn -0.9301 0.2727 -0.2461
vn -0.9700 0.1888 -0.1533
vn -0.9713 0.1793 -0.1563
vn -0.9708 0.1749 -0.1640
vn -0.7487 0.4765 -0.4609
vn -0.7255 0.4973 -0.4758
vn -0.7256 0.4978 -0.4752
vn -0.7570 0.4645 -0.4595
vn -0.8619 0.4023 -0.3088
vn -0.8106 0.4369 -0.3899
vn -0.9411 0.2712 -0.2019
vn -0.9531 0.2716 -0.1337
vn -0.9710 0.1996 -0.1313
vn -0.9680 0.2334 -0.0921
vn -0.9696 0.2021 -0.1382
vn -0.9687 0.2259 -0.1029
vn -0.9668 0.2022 -0.1561
vn -0.9695 0.2143 -0.1191
vn -0.7807 0.4286 -0.4547
vn -0.9215 0.3337 -0.1989
vn -0.9562 0.2723 -0.1075
vn -0.9671 0.2449 -0.0690
vn -0.9637 0.2526 -0.0862
vn -0.9722 0.2237 -0.0694
vn 0.4546 0.8907 0.0034
vn 0.4573 0.8838 0.0988
vn 0.4326 0.6499 0.6249
vn 0.4381 0.6882 0.5784
vn 0.4381 0.6880 0.5786
vn 0.4326 0.6498 0.6250
vn 0.2668 0.0940 0.9592
vn 0.2602 0.0774 0.9624
vn 0.0822 -0.3173 0.9448
vn 0.0643 -0.3525 0.9336
vn -0.0059 -0.4826 0.8758
vn 0.7370 -0.4903 0.4653
vn 0.7616 -0.4493 0.4671
vn 0.7615 -0.4493 0.4671
vn 0.7418 -0.4826 0.4657
vn 0.8563 -0.4077 0.3172
vn 0.9198 -0.3341 0.2057
vn 0.9554 -0.2730 0.1123
vn 0.9501 -0.2791 0.1394
vn 0.9653 -0.2494 0.0771
vn 0.9667 -0.2375 0.0955
vn 0.9640 -0.2519 0.0854
vn 0.9693 -0.2253 0.0984
vn 0.9719 -0.2248 0.0701
vn 0.9707 -0.2117 0.1136
vn 0.7251 -0.4976 0.4760
vn 0.7252 -0.4980 0.4754
vn 0.8051 -0.4413 0.3963
vn 0.9384 -0.2785 0.2047
vn 0.9704 -0.2034 0.1299
vn 0.9711 -0.1972 0.1341
vn 0.9682 -0.1976 0.1532
vn 0.7211 -0.4857 0.4941
vn 0.7238 -0.4810 0.4948
vn 0.7238 -0.4809 0.4947
vn 0.8085 -0.3973 0.4341
vn 0.7923 -0.4283 0.4345
vn 0.9312 -0.2675 0.2474
vn 0.9273 -0.2531 0.2757
vn 0.9710 -0.1824 0.1546
vn 0.9700 -0.1667 0.1768
vn 0.9726 -0.1747 0.1536
vn 0.9766 -0.1477 0.1567
vn 0.9718 -0.1706 0.1630
vn 0.9767 -0.1462 0.1573
vn 0.7814 -0.4327 0.4496
vn 0.7358 -0.4554 0.5011
vn 0.7346 -0.4728 0.4866
vn 0.7945 -0.4226 0.4361
vn 0.8484 -0.3567 0.3912
vn 0.9367 -0.2333 0.2612
vn 0.9693 -0.1634 0.1836
vn 0.9769 -0.1449 0.1572
vn 0.9782 -0.1414 0.1524
vn 0.8498 -0.3738 0.3716
vn 0.9692 -0.1652 0.1827
vn 0.9512 -0.2087 0.2273
vn 0.9778 -0.1462 0.1503
vn 0.9795 -0.1409 0.1442
vn -0.0912 -0.6613 0.7445
vn -0.0905 -0.5889 0.8031
vn -0.0910 -0.6617 0.7442
vn -0.0908 -0.7360 0.6709
vn -0.0908 -0.7353 0.6716
vn -0.0912 -0.8274 0.5542
vn -0.0912 -0.8261 0.5561
vn -0.0880 -0.6813 0.7267
vn -0.0985 -0.7872 0.6087
vn -0.0985 -0.7877 0.6082
vn -0.0900 -0.6903 0.7179
vn -0.0735 -0.6172 0.7834
vn -0.0736 -0.6172 0.7834
vn 0.3641 0.4655 -0.8067
vn 0.3039 0.4442 -0.8428
vn 0.3592 0.4638 -0.8098
vn 0.4274 0.5124 -0.7448
vn 0.4261 0.5102 -0.7471
vn 0.4646 0.5703 -0.6774
vn 0.4647 0.5704 -0.6773
vn 0.4707 0.6523 -0.5941
vn 0.4675 0.5754 -0.6711
vn 0.4676 0.5757 -0.6707
vn 0.4704 0.6786 -0.5641
vn 0.4656 0.7462 -0.4759
vn -0.9483 0.2923 -0.1238
vn -0.8951 0.3796 -0.2340
vn -0.9623 0.2610 -0.0770
vn -0.9626 0.2604 -0.0752
vn 0.9064 -0.3643 0.2136
vn 0.9521 -0.2839 0.1136
vn 0.9627 -0.2599 0.0747
vn 0.9624 -0.2605 0.0765
vn 0.9634 -0.2586 0.0705
vn 0.9618 -0.2618 0.0794
vn 0.9606 -0.2626 0.0914
vn 0.9610 -0.2586 0.0976
vn 0.9617 -0.2528 0.1060
vn -0.9603 0.2646 -0.0888
vn -0.9634 0.2528 -0.0893
vn -0.9655 0.2444 -0.0896
vn -0.9634 0.2588 -0.0706
vn -0.9617 0.2621 -0.0798
vn -0.7977 0.4563 -0.3942
vn -0.7575 0.4873 -0.4344
vn -0.8451 0.4362 -0.3089
vn -0.8451 0.4363 -0.3089
vn 0.4427 0.8857 -0.1396
vn 0.8446 -0.4371 0.3091
vn 0.8447 -0.4370 0.3091
vn 0.7576 -0.4871 0.4344
vn 0.8013 -0.4517 0.3924
vn 0.7246 -0.5001 0.4742
vn 0.7486 -0.4488 0.4880
vn 0.7236 -0.4805 0.4955
vn 0.7966 -0.4082 0.4458
vn 0.8794 -0.3255 0.3476
vn 0.8434 -0.3662 0.3931
vn -0.8029 0.4030 -0.4393
vn -0.8526 0.3555 -0.3830
vn -0.7556 0.4443 -0.4812
vn -0.7287 0.4771 -0.4913
vn -0.7279 0.4970 -0.4724
vn -0.9655 0.2394 -0.1028
vn -0.9713 0.2127 -0.1069
vn -0.9712 0.2130 -0.1068
vn -0.9654 0.2395 -0.1028
vn 0.9712 -0.2130 0.1065
vn 0.9713 -0.2127 0.1066
vn 0.9655 -0.2394 0.1025
vn 0.9763 -0.1771 0.1241
vn 0.9767 -0.1713 0.1295
vn 0.9774 -0.1420 0.1568
vn 0.9774 -0.1421 0.1566
vn 0.9763 -0.1461 0.1596
vn 0.9765 -0.1423 0.1616
vn -0.9765 0.1453 -0.1590
vn -0.9750 0.1519 -0.1624
vn -0.9750 0.1519 -0.1623
vn -0.9765 0.1454 -0.1590
vn -0.9775 0.1414 -0.1567
vn -0.9773 0.1427 -0.1567
vn -0.9773 0.1425 -0.1569
vn -0.9774 0.1424 -0.1565
vn -0.9766 0.1715 -0.1295
vn -0.9763 0.1772 -0.1242
vn -0.5284 0.6541 0.5413
vn -0.5771 0.6553 0.4874
vn -0.5771 0.6552 0.4875
vn -0.5638 0.6553 0.5028
vn -0.8492 0.3909 0.3549
vn -0.8844 0.3465 0.3128
vn -0.9495 0.2388 0.2035
vn -0.9351 0.2648 0.2354
vn -0.9707 0.1826 0.1559
vn -0.9713 0.1767 0.1592
vn -0.9770 0.1557 0.1456
vn -0.9762 0.1599 0.1467
vn -0.9805 0.1407 0.1371
vn -0.9788 0.1493 0.1404
vn -0.6490 0.5054 0.5686
vn -0.6605 0.6188 0.4252
vn -0.8129 0.4254 0.3978
vn -0.9247 0.2754 0.2628
vn -0.9697 0.1727 0.1730
vn -0.9760 0.1566 0.1514
vn -0.9767 0.1569 0.1467
vn -0.7980 0.4249 0.4273
vn -0.9301 0.2461 0.2728
vn -0.9700 0.1533 0.1888
vn -0.9713 0.1563 0.1793
vn -0.9708 0.1640 0.1749
vn -0.7487 0.4609 0.4765
vn -0.7231 0.4657 0.5102
vn -0.7245 0.4678 0.5062
vn -0.7570 0.4595 0.4645
vn -0.8619 0.3088 0.4023
vn -0.8106 0.3899 0.4369
vn -0.9411 0.2019 0.2712
vn -0.9531 0.1337 0.2716
vn -0.9711 0.1312 0.1996
vn -0.9680 0.0921 0.2334
vn -0.9696 0.1382 0.2021
vn -0.9687 0.1029 0.2259
vn -0.9668 0.1561 0.2022
vn -0.9695 0.1191 0.2143
vn -0.7807 0.4548 0.4286
vn -0.7808 0.4547 0.4285
vn -0.9215 0.1989 0.3337
vn -0.9562 0.1075 0.2723
vn -0.9671 0.0690 0.2449
vn -0.9637 0.0862 0.2526
vn -0.9722 0.0694 0.2237
vn 0.4545 -0.0034 0.8907
vn 0.4572 -0.0988 0.8838
vn 0.4326 -0.6249 0.6499
vn 0.4381 -0.5785 0.6881
vn 0.2668 -0.9591 0.0941
vn 0.2602 -0.9624 0.0775
vn 0.2602 -0.9625 0.0773
vn 0.2667 -0.9592 0.0939
vn 0.0822 -0.9448 -0.3173
vn 0.0642 -0.9336 -0.3526
vn -0.0059 -0.8758 -0.4826
vn 0.7369 -0.4652 -0.4904
vn 0.7619 -0.4669 -0.4488
vn 0.7418 -0.4656 -0.4828
vn 0.8563 -0.3172 -0.4077
vn 0.9198 -0.2056 -0.3341
vn 0.9554 -0.1123 -0.2730
vn 0.9501 -0.1394 -0.2791
vn 0.9653 -0.0772 -0.2495
vn 0.9667 -0.0955 -0.2376
vn 0.9640 -0.0854 -0.2519
vn 0.9693 -0.0984 -0.2253
vn 0.9719 -0.0701 -0.2248
vn 0.9707 -0.1136 -0.2117
vn 0.7251 -0.4761 -0.4975
vn 0.7252 -0.4755 -0.4979
vn 0.8051 -0.3963 -0.4413
vn 0.9384 -0.2047 -0.2785
vn 0.9704 -0.1299 -0.2034
vn 0.9711 -0.1341 -0.1973
vn 0.9682 -0.1532 -0.1976
vn 0.7374 -0.4910 -0.4638
vn 0.7239 -0.4947 -0.4810
vn 0.7239 -0.4948 -0.4809
vn 0.7389 -0.4897 -0.4628
vn 0.8085 -0.4342 -0.3973
vn 0.7923 -0.4345 -0.4283
vn 0.9312 -0.2474 -0.2675
vn 0.9273 -0.2757 -0.2531
vn 0.9710 -0.1548 -0.1822
vn 0.9700 -0.1769 -0.1666
vn 0.9726 -0.1536 -0.1747
vn 0.9765 -0.1567 -0.1477
vn 0.9718 -0.1630 -0.1706
vn 0.9767 -0.1573 -0.1463
vn 0.7813 -0.4496 -0.4329
vn 0.7944 -0.4361 -0.4227
vn 0.8484 -0.3912 -0.3567
vn 0.9367 -0.2612 -0.2333
vn 0.9693 -0.1836 -0.1635
vn 0.9769 -0.1572 -0.1449
vn 0.9781 -0.1525 -0.1414
vn 0.8498 -0.3715 -0.3739
vn 0.9692 -0.1827 -0.1652
vn 0.9512 -0.2273 -0.2087
vn 0.9778 -0.1503 -0.1463
vn 0.9795 -0.1442 -0.1409
vn -0.0911 -0.7446 -0.6613
vn -0.0905 -0.8031 -0.5889
vn -0.0910 -0.7442 -0.6617
vn -0.0908 -0.6709 -0.7360
vn -0.0908 -0.6716 -0.7353
vn -0.0912 -0.5542 -0.8274
vn -0.0912 -0.5561 -0.8261
vn -0.0880 -0.7267 -0.6813
vn -0.0985 -0.6087 -0.7873
vn -0.0985 -0.6082 -0.7877
vn -0.0900 -0.7179 -0.6903
vn -0.0735 -0.7834 -0.6172
vn 0.3641 0.8067 0.4655
vn 0.3039 0.8428 0.4442
vn 0.3592 0.8098 0.4638
vn 0.4275 0.7448 0.5124
vn 0.4261 0.7471 0.5102
vn 0.4646 0.6774 0.5703
vn 0.4647 0.6773 0.5704
vn 0.4707 0.5941 0.6523
vn 0.4676 0.6711 0.5753
vn 0.4674 0.6708 0.5758
vn 0.4704 0.5641 0.6786
vn 0.4656 0.4759 0.7462
vn -0.9483 0.1237 0.2923
vn -0.8951 0.2340 0.3796
vn -0.9623 0.0769 0.2610
vn -0.9626 0.0752 0.2604
vn 0.9065 -0.2137 -0.3641
vn 0.9521 -0.1136 -0.2839
vn 0.9627 -0.0747 -0.2599
vn 0.9624 -0.0765 -0.2605
vn 0.9634 -0.0705 -0.2587
vn 0.9618 -0.0794 -0.2618
vn 0.9602 -0.0923 -0.2636
vn 0.9594 -0.1047 -0.2620
vn -0.9603 0.0886 0.2646
vn -0.9634 0.0891 0.2528
vn -0.9655 0.0896 0.2447
vn -0.9633 0.0706 0.2588
vn -0.9617 0.0798 0.2621
vn -0.7977 0.3942 0.4563
vn -0.7575 0.4344 0.4873
vn -0.8451 0.3090 0.4363
vn 0.4427 0.1396 0.8857
vn 0.8448 -0.3089 -0.4369
vn 0.7576 -0.4344 -0.4871
vn 0.8013 -0.3924 -0.4517
vn 0.7246 -0.4742 -0.5001
vn 0.7486 -0.4880 -0.4488
vn 0.7236 -0.4956 -0.4805
vn 0.7966 -0.4458 -0.4082
vn 0.8794 -0.3476 -0.3255
vn 0.8434 -0.3931 -0.3662
vn -0.8010 0.4406 0.4052
vn -0.8502 0.3879 0.3560
vn -0.7552 0.4802 0.4461
vn -0.7287 0.4913 0.4771
vn -0.7279 0.4724 0.4969
vn -0.9655 0.1026 0.2395
vn -0.9713 0.1068 0.2126
vn -0.9712 0.1067 0.2129
vn -0.9655 0.1026 0.2394
vn 0.9712 -0.1067 -0.2131
vn 0.9713 -0.1067 -0.2127
vn 0.9655 -0.1025 -0.2394
vn 0.9655 -0.1025 -0.2395
vn 0.9763 -0.1241 -0.1771
vn 0.9767 -0.1295 -0.1713
vn 0.9774 -0.1568 -0.1421
vn 0.9774 -0.1569 -0.1420
vn 0.9774 -0.1565 -0.1421
vn 0.9774 -0.1566 -0.1420
vn 0.9762 -0.1601 -0.1461
vn 0.9763 -0.1601 -0.1460
vn 0.9746 -0.1635 -0.1529
vn 0.9746 -0.1636 -0.1529
vn -0.9878 0.1124 0.1076
vn -0.9879 0.1080 0.1117
vn -0.9878 0.1153 0.1047
vn -0.9825 0.1153 0.1465
vn -0.9831 0.1546 0.0985
vn -0.9760 0.1858 0.1139
vn -0.9774 0.1564 0.1426
vn -0.9774 0.1567 0.1423
vn -0.9766 0.1296 0.1714
vn -0.9763 0.1240 0.1774
vn -0.9776 0.1561 0.1415
vn -0.7812 -0.4333 0.4494
vn -0.8497 -0.3744 0.3712
vn -0.8497 -0.3744 0.3713
vn -0.7947 -0.4229 0.4354
vn -0.8501 -0.3531 0.3907
vn -0.8854 -0.3129 0.3437
vn -0.9495 -0.2035 0.2388
vn -0.9353 -0.2342 0.2654
vn -0.9707 -0.1559 0.1826
vn -0.9713 -0.1586 0.1774
vn -0.9764 -0.1474 0.1576
vn -0.9760 -0.1466 0.1610
vn -0.9797 -0.1399 0.1434
vn -0.9783 -0.1414 0.1512
vn 0.2933 -0.5522 0.7805
vn -0.7552 -0.4449 0.4815
vn -0.8129 -0.3966 0.4264
vn -0.9247 -0.2620 0.2763
vn -0.9696 -0.1726 0.1733
vn -0.9759 -0.1510 0.1573
vn -0.9766 -0.1459 0.1578
vn 0.2880 -0.6243 0.7261
vn -0.7285 -0.4772 0.4915
vn -0.7980 -0.4273 0.4249
vn -0.9301 -0.2727 0.2461
vn -0.9700 -0.1888 0.1533
vn -0.9713 -0.1793 0.1563
vn -0.9711 -0.1737 0.1637
vn -0.7487 -0.4765 0.4609
vn -0.7255 -0.4973 0.4757
vn -0.7256 -0.4978 0.4751
vn -0.7570 -0.4645 0.4595
vn -0.8618 -0.4023 0.3088
vn -0.8106 -0.4369 0.3900
vn -0.9411 -0.2712 0.2018
vn -0.9531 -0.2715 0.1337
vn -0.9711 -0.1996 0.1312
vn -0.9680 -0.2334 0.0921
vn -0.9696 -0.2021 0.1382
vn -0.9687 -0.2259 0.1029
vn -0.9668 -0.2022 0.1561
vn -0.9695 -0.2143 0.1191
vn -0.7807 -0.4286 0.4547
vn -0.7808 -0.4286 0.4547
vn -0.9215 -0.3337 0.1989
vn -0.9562 -0.2723 0.1075
vn -0.9671 -0.2449 0.0690
vn -0.9637 -0.2526 0.0862
vn -0.9722 -0.2237 0.0694
vn 0.4381 -0.6880 -0.5786
vn 0.4326 -0.6498 -0.6250
vn 0.2668 -0.0940 -0.9592
vn 0.2602 -0.0775 -0.9624
vn 0.0822 0.3173 -0.9448
vn 0.0643 0.3525 -0.9336
vn -0.0059 0.4826 -0.8758
vn 0.7370 0.4903 -0.4652
vn 0.7620 0.4490 -0.4667
vn 0.7619 0.4490 -0.4667
vn 0.7419 0.4823 -0.4657
vn 0.8563 0.4077 -0.3172
vn 0.9198 0.3341 -0.2057
vn 0.9554 0.2730 -0.1123
vn 0.9501 0.2791 -0.1394
vn 0.9653 0.2494 -0.0771
vn 0.9667 0.2376 -0.0955
vn 0.9640 0.2519 -0.0854
vn 0.9693 0.2253 -0.0984
vn 0.9719 0.2248 -0.0701
vn 0.9707 0.2117 -0.1136
vn 0.7316 0.5050 -0.4581
vn 0.8051 0.4413 -0.3963
vn 0.9384 0.2785 -0.2046
vn 0.9704 0.2034 -0.1299
vn 0.9711 0.1973 -0.1341
vn 0.9682 0.1976 -0.1532
vn 0.8085 0.3973 -0.4342
vn 0.7923 0.4283 -0.4345
vn 0.9312 0.2675 -0.2474
vn 0.9273 0.2531 -0.2757
vn 0.9710 0.1825 -0.1546
vn 0.9700 0.1666 -0.1769
vn 0.9726 0.1746 -0.1536
vn 0.9765 0.1477 -0.1567
vn 0.9720 0.1696 -0.1628
vn 0.9767 0.1461 -0.1573
vn 0.7813 0.4328 -0.4497
vn 0.1903 0.8033 -0.5644
vn 0.7327 0.4820 -0.4804
vn 0.7945 0.4226 -0.4361
vn 0.8484 0.3567 -0.3912
vn 0.9367 0.2333 -0.2612
vn 0.9693 0.1634 -0.1835
vn 0.9769 0.1450 -0.1572
vn 0.9782 0.1414 -0.1524
vn 0.8498 0.3738 -0.3716
vn 0.8498 0.3738 -0.3715
vn 0.9692 0.1652 -0.1827
vn 0.9512 0.2087 -0.2273
vn 0.9778 0.1463 -0.1503
vn 0.9795 0.1409 -0.1442
vn -0.0911 0.6613 -0.7446
vn -0.0905 0.5889 -0.8031
vn -0.0910 0.6617 -0.7442
vn -0.2326 0.7208 -0.6530
vn 0.0480 0.7356 -0.6757
vn -0.2497 0.8091 -0.5320
vn 0.0661 0.8233 -0.5638
vn -0.0880 0.6813 -0.7267
vn -0.0985 0.7873 -0.6087
vn -0.0985 0.7877 -0.6082
vn -0.0900 0.6903 -0.7179
vn -0.0735 0.6172 -0.7834
vn 0.3640 -0.4655 0.8067
vn 0.3039 -0.4442 0.8428
vn 0.3592 -0.4638 0.8098
vn -0.0730 -0.2192 0.9730
vn 0.2936 -0.5521 0.7804
vn 0.0395 -0.9083 0.4165
vn 0.2882 -0.6243 0.7261
vn 0.4516 -0.5746 0.6826
vn 0.4675 -0.5754 0.6711
vn 0.4674 -0.5758 0.6708
vn 0.4503 -0.5998 0.6614
vn -0.9483 -0.2923 0.1238
vn -0.8951 -0.3796 0.2340
vn -0.9623 -0.2610 0.0769
vn -0.9626 -0.2604 0.0752
vn 0.9065 0.3643 -0.2136
vn 0.9521 0.2839 -0.1135
vn 0.9627 0.2599 -0.0747
vn 0.9624 0.2605 -0.0765
vn 0.9634 0.2585 -0.0704
vn 0.9618 0.2618 -0.0795
vn 0.9606 0.2626 -0.0915
vn 0.9611 0.2585 -0.0975
vn 0.9617 0.2528 -0.1062
vn -0.9603 -0.2646 0.0887
vn -0.9634 -0.2528 0.0891
vn -0.9655 -0.2445 0.0896
vn -0.9633 -0.2588 0.0705
vn -0.9617 -0.2621 0.0798
vn -0.7977 -0.4563 0.3942
vn -0.7575 -0.4873 0.4344
vn -0.8451 -0.4363 0.3090
vn 0.8448 0.4369 -0.3089
vn 0.7576 0.4871 -0.4344
vn 0.8013 0.4517 -0.3924
vn 0.7246 0.5001 -0.4742
vn 0.7217 0.4515 -0.5247
vn 0.7227 0.4808 -0.4966
vn 0.7966 0.4082 -0.4458
vn 0.8794 0.3255 -0.3476
vn 0.8434 0.3662 -0.3931
vn -0.8029 -0.4030 0.4393
vn -0.8526 -0.3555 0.3830
vn -0.7279 -0.4970 0.4724
vn -0.9654 -0.2396 0.1027
vn -0.9713 -0.2127 0.1068
vn -0.9712 -0.2130 0.1068
vn 0.9712 0.2130 -0.1066
vn 0.9713 0.2127 -0.1066
vn 0.9655 0.2392 -0.1026
vn 0.9763 0.1771 -0.1241
vn 0.9767 0.1713 -0.1294
vn 0.9763 0.1461 -0.1599
vn 0.9763 0.1460 -0.1598
vn 0.9746 0.1528 -0.1638
vn -0.9765 -0.1453 0.1589
vn -0.9750 -0.1518 0.1624
vn -0.9750 -0.1518 0.1623
vn -0.9765 -0.1454 0.1590
vn -0.2327 0.7208 -0.6530
vn -0.2496 0.8091 -0.5320
vn -0.9767 -0.1714 0.1295
vn -0.9763 -0.1772 0.1241
vn 0.3052 -0.1006 0.9470
vn 0.0701 -0.1053 0.9920
vn 0.0701 -0.4067 0.9109
vn 0.3052 -0.3883 0.8695
vn 0.3052 0.1970 0.9317
vn 0.0701 0.2064 0.9759
vn 0.3052 0.4752 0.8252
vn 0.0701 0.4979 0.8644
vn 0.3052 0.7070 0.6380
vn 0.0701 0.7406 0.6683
vn 0.3052 0.8695 0.3883
vn 0.0701 0.9109 0.4067
vn 0.3052 0.9470 0.1006
vn 0.0701 0.9920 0.1053
vn 0.3052 0.9317 -0.1970
vn 0.0701 0.9759 -0.2064
vn 0.3052 0.8252 -0.4753
vn 0.0701 0.8644 -0.4978
vn 0.0701 0.9759 -0.2065
vn 0.3052 0.9317 -0.1971
vn 0.3052 0.6380 -0.7070
vn 0.0701 0.6683 -0.7406
vn 0.3052 0.3883 -0.8695
vn 0.0701 0.4067 -0.9109
vn 0.3052 0.1006 -0.9470
vn 0.0701 0.1053 -0.9920
vn 0.3052 -0.1970 -0.9317
vn 0.0701 -0.2064 -0.9759
vn 0.3052 -0.4753 -0.8252
vn 0.0701 -0.4979 -0.8644
vn 0.3052 -0.7070 -0.6379
vn 0.0701 -0.7406 -0.6683
vn 0.3052 -0.8696 -0.3883
vn 0.0701 -0.9109 -0.4067
vn 0.3052 -0.9470 -0.1005
vn 0.0701 -0.9920 -0.1053
vn 0.3052 -0.9317 0.1970
vn 0.0701 -0.9760 0.2063
vn 0.3052 -0.8252 0.4752
vn 0.0701 -0.8644 0.4979
vn 0.0701 -0.9759 0.2065
vn 0.3052 -0.9317 0.1971
vn 0.3052 -0.6380 0.7070
vn 0.0701 -0.6683 0.7406
vn 0.6639 -0.0790 0.7436
vn 0.4606 -0.0937 0.8827
vn 0.4606 -0.3619 0.8105
vn 0.6639 -0.3049 0.6828
vn 0.6639 0.1547 0.7316
vn 0.4606 0.1836 0.8684
vn 0.6639 0.3733 0.6480
vn 0.4606 0.4430 0.7691
vn 0.6639 0.5552 0.5010
vn 0.4606 0.6590 0.5946
vn 0.6640 0.6828 0.3049
vn 0.4606 0.8105 0.3619
vn 0.6639 0.7436 0.0790
vn 0.4606 0.8827 0.0937
vn 0.6639 0.7316 -0.1547
vn 0.4606 0.8684 -0.1836
vn 0.6639 0.6480 -0.3733
vn 0.4606 0.7691 -0.4430
vn 0.4606 0.8684 -0.1837
vn 0.6639 0.7316 -0.1548
vn 0.6639 0.5010 -0.5552
vn 0.4606 0.5946 -0.6590
vn 0.6639 0.3049 -0.6828
vn 0.4606 0.3619 -0.8105
vn 0.6639 0.0790 -0.7436
vn 0.4606 0.0937 -0.8827
vn 0.6639 -0.1547 -0.7316
vn 0.4606 -0.1836 -0.8684
vn 0.6639 -0.3733 -0.6480
vn 0.4606 -0.4430 -0.7691
vn 0.6639 -0.5552 -0.5010
vn 0.4606 -0.6590 -0.5946
vn 0.6639 -0.6828 -0.3049
vn 0.4606 -0.8105 -0.3619
vn 0.6639 -0.7436 -0.0790
vn 0.4606 -0.8827 -0.0937
vn 0.6639 -0.7316 0.1546
vn 0.4606 -0.8684 0.1836
vn 0.6639 -0.6480 0.3733
vn 0.4606 -0.7692 0.4429
vn 0.4606 -0.8684 0.1837
vn 0.6639 -0.7316 0.1548
vn 0.6639 -0.5010 0.5552
vn 0.4606 -0.5946 0.6590
vn -0.1333 -0.6639 0.7358
vn -0.1333 -0.4041 0.9050
vn -0.6440 -0.4782 0.5971
vn -0.6845 -0.6322 0.3629
vn -0.6338 -0.2472 0.7330
vn -0.1333 -0.1045 0.9855
vn -0.6338 -0.0086 0.7735
vn -0.1333 0.2051 0.9696
vn -0.6338 0.2308 0.7382
vn -0.1333 0.4947 0.8588
vn -0.6337 0.4477 0.6308
vn -0.1333 0.7358 0.6639
vn -0.6338 0.6207 0.4616
vn -0.1333 0.9050 0.4039
vn -0.6338 0.7329 0.2473
vn -0.1333 0.9855 0.1046
vn -0.7055 0.7055 -0.0681
vn -0.1332 0.9696 -0.2052
vn -0.6338 0.7383 -0.2308
vn -0.6501 0.7454 -0.1476
vn -0.1333 0.9696 -0.2052
vn -0.1333 0.8588 -0.4947
vn -0.6337 0.6309 -0.4476
vn -0.1333 0.6639 -0.7359
vn -0.6338 0.4616 -0.6207
vn -0.1333 0.4039 -0.9050
vn -0.6338 0.2472 -0.7329
vn -0.1333 0.1046 -0.9855
vn -0.6338 0.0086 -0.7734
vn -0.1333 -0.2052 -0.9696
vn -0.6338 -0.2308 -0.7382
vn -0.1333 -0.4947 -0.8588
vn -0.6338 -0.4476 -0.6308
vn -0.1333 -0.7358 -0.6639
vn -0.6338 -0.6207 -0.4616
vn -0.1333 -0.9050 -0.4040
vn -0.6338 -0.7330 -0.2472
vn -0.1333 -0.9855 -0.1046
vn -0.7054 -0.7055 0.0680
vn -0.1333 -0.9696 0.2052
vn -0.6338 -0.7382 0.2308
vn -0.6500 -0.7455 0.1477
vn -0.1333 -0.8588 0.4947
vn 1.0000 0.0001 -0.0000
vn 1.0000 -0.0000 -0.0000
vn 1.0000 -0.0000 -0.0001
vn 1.0000 -0.0000 0.0001
vt 0.467922 0.111121
vt 0.468055 0.110410
vt 0.468060 0.110412
vt 0.467927 0.111121
vt 0.031872 0.739741
vt 0.032063 0.738676
vt 0.032418 0.738881
vt 0.032223 0.739833
vt 0.032637 0.738920
vt 0.032495 0.739854
vt 0.032819 0.738896
vt 0.032718 0.739829
vt 0.033000 0.738759
vt 0.032904 0.739765
vt 0.467821 0.112044
vt 0.467831 0.112044
vt 0.031756 0.741340
vt 0.032108 0.741318
vt 0.032380 0.741302
vt 0.032732 0.741199
vt 0.032996 0.741101
vt 0.467838 0.112539
vt 0.467847 0.112539
vt 0.031760 0.742228
vt 0.032131 0.742233
vt 0.032493 0.742098
vt 0.032830 0.741804
vt 0.033089 0.741580
vt 0.467878 0.113674
vt 0.467857 0.113083
vt 0.467867 0.113083
vt 0.467889 0.113675
vt 0.031802 0.744006
vt 0.031773 0.743055
vt 0.032181 0.742981
vt 0.032311 0.743912
vt 0.032584 0.742811
vt 0.032687 0.743796
vt 0.032938 0.742579
vt 0.033057 0.743574
vt 0.033284 0.742246
vt 0.033382 0.743303
vt 0.468054 0.114218
vt 0.468060 0.114207
vt 0.031905 0.745451
vt 0.032290 0.745596
vt 0.032678 0.745515
vt 0.033095 0.745003
vt 0.033305 0.744250
vt 0.523884 0.458336
vt 0.523934 0.458354
vt 0.523887 0.458594
vt 0.523839 0.458571
vt 0.480436 0.114206
vt 0.480383 0.114214
vt 0.480333 0.113987
vt 0.480386 0.113979
vt 0.480330 0.113589
vt 0.480383 0.113583
vt 0.480383 0.113095
vt 0.480436 0.113093
vt 0.477277 0.122988
vt 0.477107 0.123526
vt 0.477108 0.123520
vt 0.477267 0.122988
vt 0.039436 0.746741
vt 0.039317 0.748180
vt 0.038938 0.748322
vt 0.038978 0.746678
vt 0.038549 0.748242
vt 0.038540 0.746505
vt 0.038151 0.747757
vt 0.038171 0.746313
vt 0.037921 0.746983
vt 0.037843 0.746042
vt 0.477298 0.122402
vt 0.477289 0.122402
vt 0.039447 0.745695
vt 0.039065 0.745674
vt 0.038629 0.745590
vt 0.038284 0.745326
vt 0.037944 0.744999
vt 0.477308 0.121862
vt 0.477325 0.121369
vt 0.477334 0.121370
vt 0.039458 0.743923
vt 0.039456 0.744774
vt 0.039117 0.744777
vt 0.039121 0.743922
vt 0.038738 0.744695
vt 0.038804 0.743916
vt 0.038393 0.744596
vt 0.038507 0.743913
vt 0.038142 0.744335
vt 0.038238 0.743857
vt 0.039347 0.742453
vt 0.039049 0.742502
vt 0.038787 0.742526
vt 0.038519 0.742529
vt 0.038333 0.742527
vt 0.038628 0.741692
vt 0.038828 0.741661
vt 0.038420 0.741660
vt 0.038238 0.741524
vt 0.479694 0.080397
vt 0.479689 0.080992
vt 0.479638 0.080990
vt 0.479643 0.080396
vt 0.479721 0.079611
vt 0.479670 0.079610
vt 0.479735 0.079324
vt 0.479684 0.079323
vt 0.479741 0.078289
vt 0.479759 0.078916
vt 0.479708 0.078916
vt 0.479690 0.078298
vt 0.479689 0.077729
vt 0.479638 0.077743
vt 0.476586 0.125514
vt 0.476595 0.124793
vt 0.476643 0.124788
vt 0.476633 0.125512
vt 0.476570 0.126442
vt 0.476616 0.126440
vt 0.476579 0.126934
vt 0.476624 0.126935
vt 0.476560 0.128060
vt 0.476578 0.127475
vt 0.476623 0.127480
vt 0.476605 0.128071
vt 0.476597 0.128623
vt 0.476643 0.128641
vt 0.460033 0.093086
vt 0.460005 0.093081
vt 0.460157 0.092891
vt 0.460197 0.092904
vt 0.434541 0.142381
vt 0.434513 0.142386
vt 0.434352 0.142209
vt 0.434391 0.142196
vt 0.434322 0.141978
vt 0.434363 0.141964
vt 0.434538 0.141646
vt 0.434560 0.141650
vt 0.434948 0.141372
vt 0.460005 0.092342
vt 0.459973 0.092330
vt 0.459589 0.092072
vt 0.459591 0.092067
vt 0.460225 0.092674
vt 0.460184 0.092659
vt 0.031463 0.744853
vt 0.031200 0.743943
vt 0.459597 0.093231
vt 0.459589 0.093222
vt 0.523839 0.457886
vt 0.523887 0.457898
vt 0.434944 0.142522
vt 0.039997 0.746682
vt 0.039756 0.747593
vt 0.039997 0.745686
vt 0.039966 0.743931
vt 0.039986 0.744768
vt 0.039714 0.742379
vt 0.039139 0.741451
vt 0.039428 0.741191
vt 0.031494 0.739614
vt 0.031795 0.738423
vt 0.031230 0.741172
vt 0.031212 0.742015
vt 0.031200 0.742940
vt 0.479747 0.105094
vt 0.479659 0.105650
vt 0.479649 0.105649
vt 0.479742 0.105093
vt 0.468341 0.134117
vt 0.468351 0.134116
vt 0.468439 0.134666
vt 0.468354 0.133499
vt 0.468474 0.132813
vt 0.468466 0.132814
vt 0.468451 0.132027
vt 0.468341 0.131443
vt 0.468346 0.131444
vt 0.479649 0.108333
vt 0.479759 0.107748
vt 0.479765 0.107749
vt 0.479669 0.106277
vt 0.479661 0.106276
vt 0.477317 0.121862
vt 0.468436 0.133099
vt 0.468444 0.133098
vt 0.468362 0.133498
vt 0.479751 0.106677
vt 0.479743 0.106676
vt 0.468637 0.113507
vt 0.468505 0.114218
vt 0.468499 0.114216
vt 0.468632 0.113507
vt 0.043583 0.750813
vt 0.043428 0.751680
vt 0.043139 0.751513
vt 0.043297 0.750738
vt 0.042961 0.751481
vt 0.043076 0.750721
vt 0.042812 0.751501
vt 0.042894 0.750742
vt 0.042665 0.751612
vt 0.042743 0.750793
vt 0.468738 0.112584
vt 0.468729 0.112585
vt 0.043677 0.749512
vt 0.043391 0.749530
vt 0.043169 0.749543
vt 0.042883 0.749626
vt 0.042669 0.749707
vt 0.468722 0.112089
vt 0.468712 0.112089
vt 0.043674 0.748789
vt 0.043372 0.748785
vt 0.043078 0.748895
vt 0.042803 0.749135
vt 0.042593 0.749316
vt 0.468681 0.110954
vt 0.468703 0.111545
vt 0.468693 0.111545
vt 0.468671 0.110953
vt 0.043640 0.747342
vt 0.043664 0.748116
vt 0.043331 0.748177
vt 0.043225 0.747419
vt 0.043003 0.748314
vt 0.042920 0.747513
vt 0.042715 0.748504
vt 0.042618 0.747694
vt 0.042434 0.748775
vt 0.042354 0.747915
vt 0.468505 0.110410
vt 0.468499 0.110421
vt 0.043557 0.746166
vt 0.043243 0.746048
vt 0.042928 0.746114
vt 0.042588 0.746530
vt 0.042417 0.747143
vt 0.524422 0.458145
vt 0.524373 0.458127
vt 0.524419 0.457886
vt 0.524468 0.457910
vt 0.487590 0.106206
vt 0.487537 0.106214
vt 0.487487 0.105987
vt 0.487541 0.105979
vt 0.487484 0.105589
vt 0.487537 0.105583
vt 0.487538 0.105095
vt 0.487590 0.105093
vt 0.477395 0.096927
vt 0.477226 0.097465
vt 0.477226 0.097459
vt 0.477385 0.096927
vt 0.034550 0.753442
vt 0.034431 0.754880
vt 0.034053 0.755022
vt 0.034092 0.753379
vt 0.033664 0.754942
vt 0.033655 0.753205
vt 0.033265 0.754458
vt 0.033286 0.753014
vt 0.033035 0.753684
vt 0.032958 0.752743
vt 0.477417 0.096341
vt 0.477407 0.096341
vt 0.034562 0.752395
vt 0.034180 0.752374
vt 0.033743 0.752291
vt 0.033398 0.752027
vt 0.033059 0.751700
vt 0.477453 0.095309
vt 0.477436 0.095801
vt 0.477427 0.095801
vt 0.034573 0.750624
vt 0.034571 0.751475
vt 0.034232 0.751477
vt 0.034235 0.750623
vt 0.033853 0.751396
vt 0.033919 0.750617
vt 0.033507 0.751296
vt 0.033622 0.750614
vt 0.033257 0.751035
vt 0.033352 0.750558
vt 0.477358 0.094386
vt 0.477444 0.095308
vt 0.477353 0.094386
vt 0.034462 0.749153
vt 0.034164 0.749203
vt 0.033902 0.749227
vt 0.033633 0.749229
vt 0.033447 0.749227
vt 0.477226 0.093677
vt 0.477231 0.093676
vt 0.033743 0.748393
vt 0.033942 0.748361
vt 0.033534 0.748360
vt 0.033352 0.748225
vt 0.479602 0.075695
vt 0.479596 0.076289
vt 0.479545 0.076288
vt 0.479551 0.075693
vt 0.479628 0.074909
vt 0.479577 0.074907
vt 0.479642 0.074622
vt 0.479591 0.074621
vt 0.479648 0.073587
vt 0.479667 0.074214
vt 0.479615 0.074213
vt 0.479597 0.073596
vt 0.479596 0.073026
vt 0.479545 0.073041
vt 0.460803 0.129805
vt 0.460794 0.130527
vt 0.460745 0.130531
vt 0.460756 0.129807
vt 0.460818 0.128877
vt 0.460773 0.128879
vt 0.460810 0.128385
vt 0.460765 0.128384
vt 0.460828 0.127259
vt 0.460811 0.127844
vt 0.460766 0.127840
vt 0.460783 0.127249
vt 0.460792 0.126696
vt 0.460745 0.126678
vt 0.456808 0.093086
vt 0.456781 0.093081
vt 0.456933 0.092891
vt 0.456972 0.092904
vt 0.476807 0.141552
vt 0.476834 0.141547
vt 0.476996 0.141724
vt 0.476957 0.141737
vt 0.477025 0.141954
vt 0.476985 0.141969
vt 0.476809 0.142286
vt 0.476788 0.142282
vt 0.476400 0.142560
vt 0.476398 0.142556
vt 0.456781 0.092342
vt 0.456749 0.092330
vt 0.456365 0.092072
vt 0.456366 0.092067
vt 0.457000 0.092674
vt 0.456959 0.092659
vt 0.043916 0.746653
vt 0.044130 0.747393
vt 0.456373 0.093231
vt 0.456365 0.093222
vt 0.524468 0.458594
vt 0.524419 0.458583
vt 0.476398 0.141412
vt 0.476404 0.141410
vt 0.035111 0.753383
vt 0.034871 0.754294
vt 0.035111 0.752387
vt 0.035081 0.750632
vt 0.035101 0.751469
vt 0.034829 0.749079
vt 0.034254 0.748151
vt 0.034543 0.747892
vt 0.043891 0.750916
vt 0.043646 0.751886
vt 0.044106 0.749649
vt 0.044121 0.748963
vt 0.044130 0.748210
vt 0.479816 0.114660
vt 0.479728 0.115216
vt 0.479718 0.115215
vt 0.479810 0.114659
vt 0.479917 0.094225
vt 0.479907 0.094226
vt 0.479820 0.093676
vt 0.479825 0.093676
vt 0.479905 0.094843
vt 0.479897 0.094844
vt 0.479792 0.095528
vt 0.479784 0.095529
vt 0.479815 0.095244
vt 0.479823 0.095243
vt 0.479807 0.096315
vt 0.479801 0.096315
vt 0.479833 0.117315
vt 0.479723 0.117898
vt 0.479718 0.117899
vt 0.479827 0.117315
vt 0.479843 0.116528
vt 0.479812 0.116242
vt 0.479820 0.116243
vt 0.479738 0.115843
vt 0.479730 0.115842
vt 0.476829 0.117759
vt 0.476759 0.118479
vt 0.476753 0.118477
vt 0.476825 0.117764
vt 0.043757 0.759961
vt 0.043602 0.760827
vt 0.043313 0.760660
vt 0.043471 0.759886
vt 0.043135 0.760629
vt 0.043250 0.759869
vt 0.042987 0.760649
vt 0.043069 0.759889
vt 0.042833 0.760751
vt 0.042918 0.759941
vt 0.476947 0.116838
vt 0.476938 0.116838
vt 0.043846 0.758651
vt 0.043560 0.758669
vt 0.043338 0.758682
vt 0.043051 0.758766
vt 0.042837 0.758846
vt 0.043843 0.757928
vt 0.043541 0.757925
vt 0.043246 0.758034
vt 0.042972 0.758274
vt 0.042761 0.758456
vt 0.476924 0.115207
vt 0.476933 0.115798
vt 0.476923 0.115798
vt 0.476914 0.115206
vt 0.043808 0.756481
vt 0.043832 0.757255
vt 0.043500 0.757316
vt 0.043394 0.756558
vt 0.043172 0.757454
vt 0.043089 0.756652
vt 0.042884 0.757643
vt 0.042787 0.756833
vt 0.042602 0.757914
vt 0.042522 0.757054
vt 0.476759 0.114659
vt 0.476753 0.114670
vt 0.043725 0.755305
vt 0.043411 0.755187
vt 0.043096 0.755253
vt 0.042757 0.755670
vt 0.042586 0.756283
vt 0.527385 0.456958
vt 0.527437 0.456972
vt 0.527414 0.457215
vt 0.527363 0.457197
vt 0.527348 0.457438
vt 0.527297 0.457419
vt 0.540782 0.456527
vt 0.540835 0.456516
vt 0.540860 0.456913
vt 0.540808 0.456922
vt 0.540835 0.457409
vt 0.540782 0.457414
vt 0.477398 0.078267
vt 0.477568 0.077729
vt 0.477567 0.077735
vt 0.477409 0.078266
vt 0.032975 0.767286
vt 0.033094 0.765847
vt 0.033473 0.765705
vt 0.033433 0.767349
vt 0.033862 0.765785
vt 0.033871 0.767522
vt 0.034260 0.766270
vt 0.034240 0.767714
vt 0.034490 0.767044
vt 0.034568 0.767985
vt 0.477377 0.078852
vt 0.477386 0.078852
vt 0.032964 0.768332
vt 0.033346 0.768353
vt 0.033782 0.768436
vt 0.034127 0.768700
vt 0.034467 0.769027
vt 0.477341 0.079884
vt 0.477358 0.079392
vt 0.477367 0.079392
vt 0.477350 0.079885
vt 0.032953 0.770104
vt 0.032955 0.769253
vt 0.033294 0.769250
vt 0.033290 0.770104
vt 0.033673 0.769332
vt 0.033607 0.770111
vt 0.034018 0.769431
vt 0.033904 0.770114
vt 0.034269 0.769692
vt 0.034173 0.770169
vt 0.477436 0.080807
vt 0.477441 0.080807
vt 0.033064 0.771574
vt 0.033362 0.771525
vt 0.033624 0.771501
vt 0.033892 0.771498
vt 0.034078 0.771500
vt 0.477568 0.081516
vt 0.477562 0.081518
vt 0.033783 0.772335
vt 0.033584 0.772366
vt 0.033991 0.772367
vt 0.034173 0.772503
vt 0.479703 0.084943
vt 0.479698 0.085538
vt 0.479647 0.085536
vt 0.479652 0.084942
vt 0.479730 0.084157
vt 0.479678 0.084156
vt 0.479743 0.083870
vt 0.479692 0.083869
vt 0.479749 0.082835
vt 0.479768 0.083462
vt 0.479717 0.083462
vt 0.479698 0.082844
vt 0.479697 0.082274
vt 0.479647 0.082289
vt 0.416091 0.130466
vt 0.416082 0.131188
vt 0.416034 0.131192
vt 0.416044 0.130469
vt 0.416107 0.129538
vt 0.416061 0.129540
vt 0.416098 0.129046
vt 0.416053 0.129045
vt 0.416117 0.127920
vt 0.416099 0.128506
vt 0.416054 0.128501
vt 0.416072 0.127910
vt 0.416080 0.127357
vt 0.416034 0.127339
vt 0.458706 0.092212
vt 0.458734 0.092217
vt 0.458581 0.092407
vt 0.458542 0.092394
vt 0.437811 0.141595
vt 0.437839 0.141590
vt 0.438000 0.141767
vt 0.437961 0.141779
vt 0.438030 0.141997
vt 0.437989 0.142012
vt 0.437814 0.142329
vt 0.437792 0.142325
vt 0.458734 0.092957
vt 0.458765 0.092968
vt 0.459150 0.093226
vt 0.459148 0.093231
vt 0.458514 0.092624
vt 0.458555 0.092639
vt 0.044085 0.755792
vt 0.044299 0.756533
vt 0.459141 0.092067
vt 0.459150 0.092077
vt 0.527297 0.456516
vt 0.527346 0.456522
vt 0.437402 0.141455
vt 0.437408 0.141453
vt 0.032414 0.767345
vt 0.032655 0.766434
vt 0.032414 0.768340
vt 0.032444 0.770096
vt 0.032425 0.769259
vt 0.032697 0.771648
vt 0.033272 0.772576
vt 0.032983 0.772835
vt 0.044065 0.760064
vt 0.043815 0.761025
vt 0.044275 0.758788
vt 0.044289 0.758102
vt 0.044299 0.757349
vt 0.479656 0.132521
vt 0.479744 0.131965
vt 0.479753 0.131966
vt 0.479661 0.132521
vt 0.479891 0.110332
vt 0.479881 0.110333
vt 0.479794 0.109782
vt 0.479799 0.109782
vt 0.479879 0.110949
vt 0.479871 0.110950
vt 0.479766 0.111635
vt 0.479758 0.111635
vt 0.479789 0.111350
vt 0.479797 0.111350
vt 0.479781 0.112421
vt 0.479775 0.112422
vt 0.479891 0.113005
vt 0.479886 0.113005
vt 0.479635 0.129860
vt 0.479749 0.129283
vt 0.479753 0.129282
vt 0.479645 0.129866
vt 0.479629 0.130653
vt 0.479621 0.130652
vt 0.479660 0.130938
vt 0.479652 0.130938
vt 0.479734 0.131338
vt 0.479742 0.131339
vt 0.437077 0.126068
vt 0.437236 0.125359
vt 0.437242 0.125361
vt 0.437082 0.126067
vt 0.437314 0.126138
vt 0.437415 0.125508
vt 0.437627 0.125625
vt 0.437523 0.126189
vt 0.437756 0.125645
vt 0.437683 0.126198
vt 0.437864 0.125629
vt 0.437815 0.126181
vt 0.437969 0.125546
vt 0.437923 0.126141
vt 0.436942 0.126990
vt 0.436951 0.126990
vt 0.437264 0.127083
vt 0.437471 0.127067
vt 0.437632 0.127054
vt 0.437838 0.126989
vt 0.437993 0.126928
vt 0.436940 0.127488
vt 0.436950 0.127488
vt 0.437276 0.127607
vt 0.437495 0.127606
vt 0.437707 0.127522
vt 0.437903 0.127345
vt 0.438053 0.127210
vt 0.436939 0.128628
vt 0.436939 0.128034
vt 0.436949 0.128035
vt 0.436950 0.128629
vt 0.437321 0.128656
vt 0.437293 0.128095
vt 0.437533 0.128047
vt 0.437620 0.128595
vt 0.437769 0.127943
vt 0.437840 0.128522
vt 0.437975 0.127801
vt 0.438057 0.128387
vt 0.438176 0.127601
vt 0.438246 0.128223
vt 0.437096 0.129181
vt 0.437102 0.129170
vt 0.437397 0.129508
vt 0.437627 0.129589
vt 0.437854 0.129537
vt 0.438095 0.129230
vt 0.438210 0.128784
vt 0.477618 0.103515
vt 0.477671 0.103506
vt 0.477721 0.103733
vt 0.477667 0.103742
vt 0.477724 0.104131
vt 0.477671 0.104137
vt 0.477670 0.104625
vt 0.477618 0.104627
vt 0.037305 0.762415
vt 0.037065 0.763342
vt 0.037065 0.763332
vt 0.037287 0.762417
vt 0.036695 0.762471
vt 0.036566 0.763909
vt 0.036187 0.764048
vt 0.036238 0.762405
vt 0.035799 0.763965
vt 0.035801 0.762229
vt 0.035403 0.763478
vt 0.035434 0.762035
vt 0.035179 0.762703
vt 0.035108 0.761762
vt 0.037290 0.761420
vt 0.036714 0.761425
vt 0.036332 0.761402
vt 0.035896 0.761315
vt 0.035553 0.761049
vt 0.035216 0.760720
vt 0.036737 0.759654
vt 0.036729 0.760505
vt 0.036390 0.760505
vt 0.036399 0.759651
vt 0.036012 0.760421
vt 0.036083 0.759642
vt 0.035667 0.760319
vt 0.035786 0.759637
vt 0.035418 0.760057
vt 0.035517 0.759580
vt 0.037017 0.758109
vt 0.037260 0.759666
vt 0.037245 0.759666
vt 0.037009 0.758109
vt 0.036636 0.758183
vt 0.036337 0.758231
vt 0.036075 0.758253
vt 0.035807 0.758254
vt 0.035621 0.758250
vt 0.036731 0.756918
vt 0.036740 0.756915
vt 0.035922 0.757418
vt 0.036122 0.757388
vt 0.035714 0.757384
vt 0.035533 0.757248
vt 0.035670 0.758253
vt 0.035836 0.757258
vt 0.035921 0.757274
vt 0.035756 0.758269
vt 0.035418 0.759564
vt 0.035503 0.759580
vt 0.035319 0.760042
vt 0.035404 0.760056
vt 0.035036 0.761775
vt 0.035170 0.760719
vt 0.035256 0.760734
vt 0.035124 0.761774
vt 0.034975 0.762729
vt 0.035064 0.762718
vt 0.037286 0.758091
vt 0.037301 0.756865
vt 0.037384 0.756857
vt 0.037366 0.758086
vt 0.037337 0.759663
vt 0.037274 0.760502
vt 0.037351 0.760504
vt 0.037243 0.762414
vt 0.037272 0.761420
vt 0.037349 0.761428
vt 0.037319 0.762432
vt 0.457631 0.092212
vt 0.457659 0.092217
vt 0.457507 0.092407
vt 0.457467 0.092394
vt 0.480919 0.141544
vt 0.480947 0.141539
vt 0.481109 0.141716
vt 0.481070 0.141729
vt 0.481138 0.141947
vt 0.481097 0.141961
vt 0.480922 0.142279
vt 0.480901 0.142274
vt 0.480513 0.142553
vt 0.480511 0.142548
vt 0.457659 0.092957
vt 0.457691 0.092968
vt 0.458075 0.093226
vt 0.458073 0.093231
vt 0.457439 0.092624
vt 0.457480 0.092639
vt 0.437130 0.129160
vt 0.436965 0.128626
vt 0.458067 0.092067
vt 0.458075 0.092077
vt 0.480511 0.141404
vt 0.480517 0.141403
vt 0.037256 0.762416
vt 0.037009 0.763325
vt 0.037263 0.761421
vt 0.037259 0.760503
vt 0.037003 0.758112
vt 0.036435 0.757180
vt 0.036725 0.756923
vt 0.437090 0.126068
vt 0.437254 0.125361
vt 0.436953 0.128034
vt 0.438222 0.128791
vt 0.438252 0.128226
vt 0.438262 0.128226
vt 0.438228 0.128791
vt 0.035078 0.761760
vt 0.035094 0.761760
vt 0.035151 0.762704
vt 0.035142 0.762704
vt 0.035200 0.760719
vt 0.035214 0.760719
vt 0.035607 0.758249
vt 0.035617 0.758249
vt 0.035518 0.757244
vt 0.035526 0.757246
vt 0.437928 0.126141
vt 0.437977 0.125547
vt 0.437982 0.125546
vt 0.437934 0.126141
vt 0.438001 0.126928
vt 0.438061 0.127210
vt 0.438177 0.127601
vt 0.438185 0.127601
vt 0.448474 0.138989
vt 0.448689 0.138996
vt 0.448683 0.139153
vt 0.448462 0.139136
vt 0.448478 0.138844
vt 0.448691 0.138842
vt 0.448473 0.138698
vt 0.448689 0.138687
vt 0.448459 0.138549
vt 0.448683 0.138528
vt 0.448436 0.138394
vt 0.448672 0.138362
vt 0.448400 0.138228
vt 0.448658 0.138183
vt 0.448346 0.138045
vt 0.448640 0.137982
vt 0.446445 0.139446
vt 0.446694 0.139493
vt 0.446670 0.139688
vt 0.446391 0.139617
vt 0.446480 0.139287
vt 0.446712 0.139317
vt 0.446503 0.139136
vt 0.446723 0.139153
vt 0.446515 0.138989
vt 0.446730 0.138996
vt 0.446518 0.138844
vt 0.446732 0.138842
vt 0.446513 0.138698
vt 0.446730 0.138687
vt 0.446500 0.138549
vt 0.446723 0.138528
vt 0.446476 0.138393
vt 0.446713 0.138362
vt 0.446441 0.138228
vt 0.446699 0.138183
vt 0.446387 0.138045
vt 0.446681 0.137982
vt 0.448404 0.139446
vt 0.448653 0.139493
vt 0.448629 0.139688
vt 0.448351 0.139617
vt 0.448440 0.139287
vt 0.448671 0.139317
vt 0.447915 0.138949
vt 0.448215 0.138972
vt 0.448200 0.139098
vt 0.447904 0.139042
vt 0.447915 0.138856
vt 0.448218 0.138847
vt 0.447906 0.138761
vt 0.448210 0.138721
vt 0.447886 0.138667
vt 0.448190 0.138594
vt 0.447856 0.138574
vt 0.448158 0.138464
vt 0.447815 0.138484
vt 0.448109 0.138331
vt 0.447762 0.138399
vt 0.448040 0.138196
vt 0.445891 0.139219
vt 0.446171 0.139350
vt 0.446109 0.139476
vt 0.445846 0.139301
vt 0.445924 0.139132
vt 0.446213 0.139224
vt 0.445945 0.139042
vt 0.446241 0.139098
vt 0.445956 0.138949
vt 0.446256 0.138972
vt 0.445956 0.138855
vt 0.446259 0.138847
vt 0.445946 0.138761
vt 0.446251 0.138721
vt 0.445927 0.138667
vt 0.446231 0.138593
vt 0.445897 0.138574
vt 0.446198 0.138464
vt 0.445856 0.138484
vt 0.446150 0.138331
vt 0.445803 0.138399
vt 0.446081 0.138196
vt 0.447850 0.139220
vt 0.448130 0.139350
vt 0.448069 0.139476
vt 0.447805 0.139301
vt 0.447883 0.139133
vt 0.448173 0.139224
vt 0.449043 0.139316
vt 0.449038 0.139153
vt 0.449134 0.139150
vt 0.449142 0.139310
vt 0.449131 0.138993
vt 0.449036 0.138994
vt 0.449130 0.138837
vt 0.449035 0.138837
vt 0.449130 0.138682
vt 0.449035 0.138681
vt 0.449133 0.138526
vt 0.449037 0.138523
vt 0.449142 0.138369
vt 0.449044 0.138361
vt 0.449162 0.138209
vt 0.449061 0.138191
vt 0.449208 0.138042
vt 0.449097 0.138004
vt 0.447201 0.139475
vt 0.447244 0.139649
vt 0.447129 0.139687
vt 0.447097 0.139490
vt 0.447183 0.139310
vt 0.447084 0.139316
vt 0.447175 0.139150
vt 0.447079 0.139153
vt 0.447172 0.138993
vt 0.447076 0.138994
vt 0.447170 0.138837
vt 0.447076 0.138837
vt 0.447171 0.138682
vt 0.447076 0.138681
vt 0.447174 0.138526
vt 0.447078 0.138523
vt 0.447183 0.138369
vt 0.447085 0.138361
vt 0.447203 0.138209
vt 0.447101 0.138191
vt 0.447249 0.138042
vt 0.447137 0.138004
vt 0.449160 0.139475
vt 0.449203 0.139649
vt 0.449089 0.139687
vt 0.449056 0.139490
vt 0.603911 0.456080
vt 0.603829 0.456080
vt 0.603922 0.455987
vt 0.603989 0.456054
vt 0.604056 0.456006
vt 0.603979 0.455929
vt 0.604037 0.455872
vt 0.604104 0.455939
vt 0.604130 0.455779
vt 0.604130 0.455861
vt 0.603610 0.455779
vt 0.603635 0.455701
vt 0.603703 0.455768
vt 0.603610 0.455861
vt 0.603684 0.455634
vt 0.603761 0.455711
vt 0.603750 0.455586
vt 0.603818 0.455653
vt 0.603829 0.455560
vt 0.603911 0.455560
vt 0.603635 0.455939
vt 0.603755 0.455820
vt 0.603812 0.455763
vt 0.603870 0.455705
vt 0.603989 0.455586
vt 0.603684 0.456006
vt 0.603812 0.455878
vt 0.603870 0.455820
vt 0.603927 0.455763
vt 0.604056 0.455634
vt 0.603750 0.456054
vt 0.603870 0.455935
vt 0.603927 0.455878
vt 0.603985 0.455820
vt 0.604104 0.455701
s 1
g off
g elice_arriba_Material.001
usemtl Material.001
f 4/1/1 1/2/2 2/3/3
f 2/3/3 3/4/4 4/1/1
s 2
f 8/5/5 5/6/6 6/7/7
f 6/7/7 7/8/8 8/5/5
f 7/8/8 6/7/7 9/9/9
f 9/9/9 10/10/10 7/8/8
f 10/10/10 9/9/9 11/11/11
f 11/11/11 12/12/12 10/10/10
f 12/12/12 11/11/11 13/13/13
f 13/13/13 14/14/14 12/12/12
s 1
f 16/15/15 4/1/1 3/4/4
f 3/4/4 15/16/16 16/15/15
s 2
f 18/17/17 8/5/5 7/8/8
f 7/8/8 17/18/18 18/17/17
f 17/18/18 7/8/8 10/10/10
f 10/10/10 19/19/19 17/18/18
f 19/19/19 10/10/10 12/12/12
f 12/12/12 20/20/20 19/19/19
f 20/20/20 12/12/12 14/14/14
f 14/14/14 21/21/21 20/20/20
s 1
f 23/22/22 16/15/15 15/16/16
f 15/16/16 22/23/23 23/22/22
s 2
f 25/24/24 18/17/17 17/18/18
f 17/18/18 24/25/25 25/24/24
f 24/25/25 17/18/18 19/19/19
f 19/19/19 26/26/26 24/25/25
f 26/26/26 19/19/19 20/20/20
f 20/20/20 27/27/27 26/26/26
f 27/27/27 20/20/20 21/21/21
f 21/21/21 28/28/28 27/27/27
s 1
f 32/29/29 29/30/30 30/31/31
f 30/31/31 31/32/32 32/29/29
s 2
f 36/33/33 33/34/34 34/35/35
f 34/35/35 35/36/36 36/33/33
f 35/36/36 34/35/35 37/37/37
f 37/37/37 38/38/38 35/36/36
f 38/38/38 37/37/37 39/39/39
f 39/39/39 40/40/40 38/38/38
f 40/40/40 39/39/39 41/41/41
f 41/41/41 42/42/42 40/40/40
s 1
f 44/43/43 32/29/29 31/32/32
f 31/32/32 43/44/44 44/43/43
s 2
f 46/45/45 36/33/33 35/36/36
f 35/36/36 45/46/46 46/45/45
f 45/46/46 35/36/36 38/38/38
f 38/38/38 47/47/47 45/46/46
f 47/47/47 38/38/38 40/40/40
f 40/40/40 48/48/48 47/47/47
f 48/48/48 40/40/40 42/42/42
f 42/42/42 49/49/49 48/48/48
s 3
f 53/50/50 50/51/51 51/52/52
f 51/52/52 52/53/53 53/50/50
s 4
f 52/54/54 54/55/55 55/56/56
f 55/56/56 56/57/57 52/54/54
f 56/57/57 55/56/56 57/58/58
f 57/58/58 58/59/59 56/57/57
f 58/59/59 57/58/58 59/60/60
f 59/60/60 60/61/60 58/59/59
s 5
f 64/62/61 61/63/62 62/64/63
f 62/64/63 63/65/64 64/62/61
s 6
f 68/66/65 65/67/66 66/68/67
f 66/68/67 67/69/68 68/66/65
f 67/69/68 66/68/67 69/70/69
f 69/70/69 70/71/70 67/69/68
f 70/71/70 69/70/69 71/72/71
f 71/72/71 72/73/72 70/71/70
f 72/73/72 71/72/71 73/74/73
f 73/74/73 74/75/74 72/73/72
s 5
f 76/76/75 64/62/61 63/65/64
f 63/65/64 75/77/76 76/76/75
s 6
f 78/78/77 68/66/65 67/69/68
f 67/69/68 77/79/78 78/78/77
f 77/79/78 67/69/68 70/71/70
f 70/71/70 79/80/79 77/79/78
f 79/80/79 70/71/70 72/73/72
f 72/73/72 80/81/80 79/80/79
f 80/81/80 72/73/72 74/75/74
f 74/75/74 81/82/81 80/81/80
s 7
f 83/83/82 84/84/83 85/85/84
s 6
f 89/86/85 86/87/86 87/88/87
f 87/88/87 88/89/88 89/86/85
f 88/89/88 87/88/87 90/90/89
f 90/90/89 91/91/90 88/89/88
f 91/91/90 90/90/89 92/92/91
f 92/92/91 93/93/92 91/91/90
f 93/93/92 92/92/91 94/94/93
f 94/94/93 95/95/94 93/93/92
f 97/96/95 89/86/85 88/89/88
f 88/89/88 96/97/96 97/96/95
f 96/97/96 88/89/88 91/91/90
f 91/91/90 98/98/97 96/97/96
f 98/98/97 91/91/90 93/93/92
f 93/93/92 99/99/98 98/98/97
f 99/99/98 93/93/92 95/95/94
f 95/95/94 100/100/99 99/99/98
f 98/98/97 101/101/100 102/102/101
f 102/102/101 96/97/96 98/98/97
f 99/99/98 103/103/102 101/101/100
f 101/101/100 98/98/97 99/99/98
f 100/100/99 104/104/103 103/103/102
f 103/103/102 99/99/98 100/100/99
s 8
f 108/105/104 105/106/105 106/107/105
f 106/107/105 107/108/106 108/105/104
f 110/109/107 108/105/104 107/108/106
f 107/108/106 109/110/108 110/109/107
f 112/111/109 110/109/107 109/110/108
f 109/110/108 111/112/110 112/111/109
f 116/113/111 113/114/112 114/115/113
f 114/115/113 115/116/114 116/113/111
f 118/117/115 116/113/111 115/116/114
f 115/116/114 117/118/116 118/117/115
s 9
f 122/119/117 119/120/118 120/121/118
f 120/121/118 121/122/119 122/119/117
f 124/123/120 122/119/117 121/122/119
f 121/122/119 123/124/121 124/123/120
f 126/125/122 124/123/120 123/124/121
f 123/124/121 125/126/123 126/125/122
f 130/127/124 127/128/125 128/129/126
f 128/129/126 129/130/127 130/127/124
f 132/131/128 130/127/124 129/130/127
f 129/130/127 131/132/128 132/131/128
s 10
f 136/133/129 133/134/130 134/135/131
f 134/135/131 135/136/132 136/133/129
s 11
f 140/137/133 137/138/134 138/139/135
f 138/139/135 139/140/136 140/137/133
f 139/140/136 138/139/135 141/141/137
s 12
f 142/142/138 141/141/139 143/143/140
f 143/143/140 144/144/141 142/142/138
f 144/144/141 143/143/140 145/145/142
s 10
f 149/146/143 146/147/144 147/148/145
f 147/148/145 148/149/146 149/146/143
f 151/150/147 150/151/148 146/147/144
f 146/147/144 149/146/143 151/150/147
f 135/136/132 134/135/131 150/151/148
f 150/151/148 151/150/147 135/136/132
s 2
f 153/152/149 152/153/150 36/33/33
f 36/33/33 46/45/45 153/152/149
s 10
f 136/133/129 154/154/151 155/155/151
f 155/155/151 133/134/130 136/133/129
s 3
f 53/50/50 156/156/152 157/157/152
f 157/157/152 50/51/51 53/50/50
s 11
f 158/158/153 137/138/134 140/137/133
s 6
f 68/66/65 159/159/154 160/160/155
f 160/160/155 65/67/66 68/66/65
f 78/78/77 161/161/156 159/159/154
f 159/159/154 68/66/65 78/78/77
f 89/86/85 162/162/157 163/163/158
f 163/163/158 86/87/86 89/86/85
f 97/96/95 164/164/159 162/162/157
f 162/162/157 89/86/85 97/96/95
f 97/96/95 165/165/160 166/166/161
f 166/166/161 164/164/159 97/96/95
s 2
f 168/167/162 167/168/163 5/6/6
f 5/6/6 8/5/5 168/167/162
f 18/17/17 169/169/164 168/167/162
f 168/167/162 8/5/5 18/17/17
f 25/24/24 170/170/165 169/169/164
f 169/169/164 18/17/17 25/24/24
f 36/33/33 152/153/150 171/171/166
f 171/171/166 33/34/34 36/33/33
s 13
f 175/172/167 172/173/168 173/174/169
f 173/174/169 174/175/167 175/172/167
s 14
f 178/176/170 176/177/171 177/178/172
f 176/177/171 178/176/170 180/179/173
s 15
f 181/180/174 184/181/174 185/182/175
s 16
f 185/182/176 186/183/177 187/184/178
s 17
f 188/185/179 189/186/180 190/187/181
s 13
f 173/174/169 172/173/168 193/188/182
f 193/188/182 194/189/183 173/174/169
s 2
f 39/39/39 27/27/27 28/28/28
f 28/28/28 41/41/41 39/39/39
f 37/37/37 26/26/26 27/27/27
f 27/27/27 39/39/39 37/37/37
f 34/35/35 24/25/25 26/26/26
f 26/26/26 37/37/37 34/35/35
f 33/34/34 25/24/24 24/25/25
f 24/25/25 34/35/35 33/34/34
f 33/34/34 171/171/166 170/170/165
f 170/170/165 25/24/24 33/34/34
s 1
f 29/30/30 23/22/22 22/23/23
f 22/23/23 30/31/31 29/30/30
s 9
f 127/128/125 126/125/122 125/126/123
f 125/126/123 128/129/126 127/128/125
s 5
f 82/190/184 76/76/75 75/77/76
f 75/77/76 83/83/185 82/190/184
s 6
f 78/78/77 86/87/86 163/163/158
f 163/163/158 161/161/156 78/78/77
f 86/87/86 78/78/77 77/79/78
f 77/79/78 87/88/87 86/87/86
f 87/88/87 77/79/78 79/80/79
f 79/80/79 90/90/89 87/88/87
f 90/90/89 79/80/79 80/81/80
f 80/81/80 92/92/91 90/90/89
f 92/92/91 80/81/80 81/82/81
f 81/82/81 94/94/93 92/92/91
s 18
f 180/179/186 183/191/187 182/192/188
f 182/192/188 179/193/189 180/179/186
s 8
f 113/114/112 112/111/109 111/112/110
f 111/112/110 114/115/113 113/114/112
s 19
f 192/194/190 191/195/191 194/189/192
s 6
f 102/102/101 165/165/160 97/96/95
f 97/96/95 96/97/96 102/102/101
s 20
f 198/196/193 195/197/194 196/198/195
f 196/198/195 197/199/196 198/196/193
s 21
f 202/200/197 199/201/198 200/202/199
f 200/202/199 201/203/200 202/200/197
f 201/203/200 200/202/199 203/204/201
f 203/204/201 204/205/202 201/203/200
f 204/205/202 203/204/201 205/206/203
f 205/206/203 206/207/204 204/205/202
f 206/207/204 205/206/203 207/208/205
f 207/208/205 208/209/206 206/207/204
s 20
f 210/210/207 198/196/193 197/199/196
f 197/199/196 209/211/208 210/210/207
s 21
f 212/212/209 202/200/197 201/203/200
f 201/203/200 211/213/210 212/212/209
f 211/213/210 201/203/200 204/205/202
f 204/205/202 213/214/211 211/213/210
f 213/214/211 204/205/202 206/207/204
f 206/207/204 214/215/212 213/214/211
f 214/215/212 206/207/204 208/209/206
f 208/209/206 215/216/213 214/215/212
s 20
f 217/217/214 210/210/207 209/211/208
f 209/211/208 216/218/215 217/217/214
s 21
f 219/219/216 212/212/209 211/213/210
f 211/213/210 218/220/217 219/219/216
f 218/220/217 211/213/210 213/214/211
f 213/214/211 220/221/218 218/220/217
f 220/221/218 213/214/211 214/215/212
f 214/215/212 221/222/219 220/221/218
f 221/222/219 214/215/212 215/216/213
f 215/216/213 222/223/220 221/222/219
s 20
f 226/224/221 223/225/222 224/226/223
f 224/226/223 225/227/224 226/224/221
s 21
f 230/228/225 227/229/226 228/230/227
f 228/230/227 229/231/228 230/228/225
f 229/231/228 228/230/227 231/232/229
f 231/232/229 232/233/230 229/231/228
f 232/233/230 231/232/229 233/234/231
f 233/234/231 234/235/232 232/233/230
f 234/235/232 233/234/231 235/236/233
f 235/236/233 236/237/234 234/235/232
s 20
f 238/238/235 226/224/221 225/227/224
f 225/227/224 237/239/235 238/238/235
s 21
f 240/240/236 230/228/225 229/231/228
f 229/231/228 239/241/237 240/240/236
f 239/241/237 229/231/228 232/233/230
f 232/233/230 241/242/238 239/241/237
f 241/242/238 232/233/230 234/235/232
f 234/235/232 242/243/239 241/242/238
f 242/243/239 234/235/232 236/237/234
f 236/237/234 243/244/240 242/243/239
s 22
f 247/245/241 244/246/242 245/247/243
f 245/247/243 246/248/244 247/245/241
s 23
f 246/249/245 248/250/246 249/251/247
f 249/251/247 250/252/248 246/249/245
f 250/252/248 249/251/247 251/253/249
f 251/253/249 252/254/250 250/252/248
f 252/254/250 251/253/249 253/255/251
f 253/255/251 254/256/251 252/254/250
s 24
f 258/257/252 255/258/253 256/259/254
f 256/259/254 257/260/255 258/257/252
s 25
f 262/261/256 259/262/257 260/263/258
f 260/263/258 261/264/259 262/261/256
f 261/264/259 260/263/258 263/265/260
f 263/265/260 264/266/261 261/264/259
f 264/266/261 263/265/260 265/267/262
f 265/267/262 266/268/263 264/266/261
f 266/268/263 265/267/262 267/269/264
f 267/269/264 268/270/265 266/268/263
s 24
f 270/271/266 258/257/252 257/260/255
f 257/260/255 269/272/267 270/271/266
s 25
f 272/273/268 262/261/256 261/264/259
f 261/264/259 271/274/269 272/273/268
f 271/274/269 261/264/259 264/266/261
f 264/266/261 273/275/270 271/274/269
f 273/275/270 264/266/261 266/268/263
f 266/268/263 274/276/271 273/275/270
f 274/276/271 266/268/263 268/270/265
f 268/270/265 275/277/272 274/276/271
s 24
f 279/278/273 276/279/274 277/280/275
s 25
f 283/281/276 280/282/277 281/283/278
f 281/283/278 282/284/279 283/281/276
f 282/284/279 281/283/278 284/285/280
f 284/285/280 285/286/281 282/284/279
f 285/286/281 284/285/280 286/287/282
f 286/287/282 287/288/283 285/286/281
f 287/288/283 286/287/282 288/289/284
f 288/289/284 289/290/285 287/288/283
s 26
f 291/291/286 279/278/287 278/292/288
f 278/292/288 290/293/289 291/291/286
s 25
f 293/294/290 283/281/276 282/284/279
f 282/284/279 292/295/291 293/294/290
f 292/295/291 282/284/279 285/286/281
f 285/286/281 294/296/292 292/295/291
f 294/296/292 285/286/281 287/288/283
f 287/288/283 295/297/293 294/296/292
f 295/297/293 287/288/283 289/290/285
f 289/290/285 296/298/294 295/297/293
s 26
f 290/293/289 297/299/295 298/300/295
f 298/300/295 291/291/286 290/293/289
s 25
f 294/296/292 299/301/296 300/302/297
f 300/302/297 292/295/291 294/296/292
f 295/297/293 301/303/298 299/301/296
f 299/301/296 294/296/292 295/297/293
f 296/298/294 302/304/299 301/303/298
f 301/303/298 295/297/293 296/298/294
s 27
f 306/305/300 303/306/301 304/307/301
f 304/307/301 305/308/302 306/305/300
f 308/309/303 306/305/300 305/308/302
f 305/308/302 307/310/304 308/309/303
f 310/311/305 308/309/303 307/310/304
f 307/310/304 309/312/306 310/311/305
f 314/313/307 311/314/308 312/315/309
f 312/315/309 313/316/310 314/313/307
f 316/317/311 314/313/307 313/316/310
f 313/316/310 315/318/312 316/317/311
s 28
f 320/319/313 317/320/314 318/321/314
f 318/321/314 319/322/315 320/319/313
f 322/323/316 320/319/313 319/322/315
f 319/322/315 321/324/317 322/323/316
f 324/325/318 322/323/316 321/324/317
f 321/324/317 323/326/319 324/325/318
f 328/327/320 325/328/321 326/329/322
f 326/329/322 327/330/323 328/327/320
f 330/331/324 328/327/320 327/330/323
f 327/330/323 329/332/324 330/331/324
s 29
f 334/333/325 331/334/326 332/335/327
f 332/335/327 333/336/328 334/333/325
s 30
f 338/337/329 335/338/330 336/339/331
f 336/339/331 337/340/332 338/337/329
f 337/340/332 336/339/331 339/341/333
f 339/341/333 340/342/334 337/340/332
f 340/342/334 339/341/333 341/343/335
f 341/343/335 342/344/336 340/342/334
f 342/344/336 341/343/335 343/345/337
f 343/345/337 344/346/337 342/344/336
s 29
f 348/347/338 345/348/339 346/349/340
f 346/349/340 347/350/340 348/347/338
f 350/351/341 349/352/342 345/348/339
f 345/348/339 348/347/338 350/351/341
f 333/336/328 332/335/327 349/352/342
f 349/352/342 350/351/341 333/336/328
s 21
f 352/353/343 351/354/344 230/228/225
f 230/228/225 240/240/236 352/353/343
s 29
f 334/333/325 353/355/345 354/356/346
f 354/356/346 331/334/326 334/333/325
s 22
f 247/245/241 355/357/347 356/358/347
f 356/358/347 244/246/242 247/245/241
s 30
f 338/337/329 357/359/348 358/360/349
f 358/360/349 335/338/330 338/337/329
s 25
f 262/261/256 359/361/350 360/362/351
f 360/362/351 259/262/257 262/261/256
f 272/273/268 361/363/352 359/361/350
f 359/361/350 262/261/256 272/273/268
f 283/281/276 362/364/353 363/365/354
f 363/365/354 280/282/277 283/281/276
f 293/294/290 364/366/355 362/364/353
f 362/364/353 283/281/276 293/294/290
f 293/294/290 365/367/356 366/368/357
f 366/368/357 364/366/355 293/294/290
s 21
f 368/369/358 367/370/359 199/201/198
f 199/201/198 202/200/197 368/369/358
f 212/212/209 369/371/360 368/369/358
f 368/369/358 202/200/197 212/212/209
f 219/219/216 370/372/361 369/371/360
f 369/371/360 212/212/209 219/219/216
f 230/228/225 351/354/344 371/373/362
f 371/373/362 227/229/226 230/228/225
s 31
f 375/374/363 372/375/364 373/376/365
f 373/376/365 374/377/366 375/374/363
s 32
f 379/378/367 376/379/368 377/380/369
f 377/380/369 378/381/369 379/378/367
f 381/382/370 380/383/371 376/379/368
f 376/379/368 379/378/367 381/382/370
f 385/384/372 382/385/372 383/386/373
f 383/386/373 384/387/373 385/384/372
f 387/388/374 386/389/375 382/385/372
f 382/385/372 385/384/372 387/388/374
s 33
f 391/390/376 388/391/377 389/392/378
f 389/392/378 390/393/379 391/390/376
f 391/390/376 390/393/379 392/394/380
s 31
f 392/394/381 393/395/382 394/396/383
f 373/376/365 372/375/364 395/397/384
f 395/397/384 396/398/385 373/376/365
s 21
f 233/234/231 221/222/219 222/223/220
f 222/223/220 235/236/233 233/234/231
f 231/232/229 220/221/218 221/222/219
f 221/222/219 233/234/231 231/232/229
f 228/230/227 218/220/217 220/221/218
f 220/221/218 231/232/229 228/230/227
f 227/229/226 219/219/216 218/220/217
f 218/220/217 228/230/227 227/229/226
f 227/229/226 371/373/362 370/372/361
f 370/372/361 219/219/216 227/229/226
s 20
f 223/225/222 217/217/214 216/218/215
f 216/218/215 224/226/223 223/225/222
s 28
f 325/328/321 324/325/318 323/326/319
f 323/326/319 326/329/322 325/328/321
s 24
f 276/279/274 270/271/266 269/272/267
f 269/272/267 277/280/275 276/279/274
s 25
f 272/273/268 280/282/277 363/365/354
f 363/365/354 361/363/352 272/273/268
f 280/282/277 272/273/268 271/274/269
f 271/274/269 281/283/278 280/282/277
f 281/283/278 271/274/269 273/275/270
f 273/275/270 284/285/280 281/283/278
f 284/285/280 273/275/270 274/276/271
f 274/276/271 286/287/282 284/285/280
f 286/287/282 274/276/271 275/277/272
f 275/277/272 288/289/284 286/287/282
s 32
f 381/382/370 384/387/373 383/386/373
f 383/386/373 380/383/371 381/382/370
s 27
f 311/314/308 310/311/305 309/312/306
f 309/312/306 312/315/309 311/314/308
s 31
f 396/398/385 395/397/384 394/396/383
f 394/396/383 393/395/382 396/398/385
s 25
f 300/302/297 365/367/356 293/294/290
f 293/294/290 292/295/291 300/302/297
s 34
f 400/399/386 397/400/387 398/401/388
f 398/401/388 399/402/389 400/399/386
s 35
f 404/403/390 401/404/391 402/405/392
f 402/405/392 403/406/393 404/403/390
f 403/406/393 402/405/392 405/407/394
f 405/407/394 406/408/395 403/406/393
f 406/408/395 405/407/394 407/409/396
f 407/409/396 408/410/397 406/408/395
f 408/410/397 407/409/396 409/411/398
f 409/411/398 410/412/399 408/410/397
s 34
f 412/413/400 400/399/386 399/402/389
f 399/402/389 411/414/401 412/413/400
s 35
f 414/415/402 404/403/390 403/406/393
f 403/406/393 413/416/403 414/415/402
f 413/416/403 403/406/393 406/408/395
f 406/408/395 415/417/404 413/416/403
f 415/417/404 406/408/395 408/410/397
f 408/410/397 416/418/405 415/417/404
f 416/418/405 408/410/397 410/412/399
f 410/412/399 417/419/406 416/418/405
f 419/420/407 414/415/402 413/416/403
f 413/416/403 418/421/408 419/420/407
f 418/421/408 413/416/403 415/417/404
f 415/417/404 420/422/409 418/421/408
f 420/422/409 415/417/404 416/418/405
f 416/418/405 421/423/410 420/422/409
f 421/423/410 416/418/405 417/419/406
f 417/419/406 422/424/411 421/423/410
s 36
f 426/425/412 423/426/413 424/427/414
f 424/427/414 425/428/415 426/425/412
s 35
f 430/429/416 427/430/417 428/431/418
f 428/431/418 429/432/419 430/429/416
f 429/432/419 428/431/418 431/433/420
f 431/433/420 432/434/421 429/432/419
f 432/434/421 431/433/420 433/435/422
f 433/435/422 434/436/423 432/434/421
f 434/436/423 433/435/422 435/437/424
f 435/437/424 436/438/425 434/436/423
s 36
f 438/439/426 426/425/412 425/428/415
f 425/428/415 437/440/427 438/439/426
s 35
f 440/441/428 430/429/416 429/432/419
f 429/432/419 439/442/429 440/441/428
f 439/442/429 429/432/419 432/434/421
f 432/434/421 441/443/430 439/442/429
f 441/443/430 432/434/421 434/436/423
f 434/436/423 442/444/431 441/443/430
f 442/444/431 434/436/423 436/438/425
f 436/438/425 443/445/432 442/444/431
s 37
f 447/446/433 444/447/434 445/448/435
f 445/448/435 446/449/436 447/446/433
f 446/449/436 445/448/435 448/450/437
f 448/450/437 449/451/438 446/449/436
s 38
f 449/452/439 450/453/440 451/454/441
f 451/454/441 452/455/442 449/452/439
f 452/455/442 451/454/441 453/456/443
f 453/456/443 454/457/443 452/455/442
s 39
f 458/458/444 455/459/445 456/460/445
f 456/460/445 457/461/446 458/458/444
s 40
f 462/462/447 459/463/448 460/464/449
f 460/464/449 461/465/450 462/462/447
f 461/465/450 460/464/449 463/466/451
f 463/466/451 464/467/452 461/465/450
f 464/467/452 463/466/451 465/468/453
f 465/468/453 466/469/454 464/467/452
f 466/469/454 465/468/453 467/470/455
f 467/470/455 468/471/456 466/469/454
s 39
f 470/472/457 458/458/444 457/461/446
f 457/461/446 469/473/458 470/472/457
s 40
f 472/474/459 462/462/447 461/465/450
f 461/465/450 471/475/460 472/474/459
f 471/475/460 461/465/450 464/467/452
f 464/467/452 473/476/461 471/475/460
f 473/476/461 464/467/452 466/469/454
f 466/469/454 474/477/462 473/476/461
f 474/477/462 466/469/454 468/471/456
f 468/471/456 475/478/463 474/477/462
s 39
f 479/479/464 476/480/465 477/481/466
f 477/481/466 478/482/467 479/479/464
s 40
f 483/483/468 480/484/469 481/485/470
f 481/485/470 482/486/471 483/483/468
f 482/486/471 481/485/470 484/487/472
f 484/487/472 485/488/473 482/486/471
f 485/488/473 484/487/472 486/489/474
f 486/489/474 487/490/475 485/488/473
f 487/490/475 486/489/474 488/491/476
f 488/491/476 489/492/477 487/490/475
s 39
f 491/493/478 479/479/464 478/482/467
f 478/482/467 490/494/479 491/493/478
s 40
f 493/495/480 483/483/468 482/486/471
f 482/486/471 492/496/481 493/495/480
f 492/496/481 482/486/471 485/488/473
f 485/488/473 494/497/482 492/496/481
f 494/497/482 485/488/473 487/490/475
f 487/490/475 495/498/483 494/497/482
f 495/498/483 487/490/475 489/492/477
f 489/492/477 496/499/484 495/498/483
s 39
f 490/494/479 497/500/485 498/501/485
f 498/501/485 491/493/478 490/494/479
s 40
f 494/497/482 499/502/486 500/503/487
f 500/503/487 492/496/481 494/497/482
f 495/498/483 501/504/488 499/502/486
f 499/502/486 494/497/482 495/498/483
f 496/499/484 502/505/489 501/504/488
f 501/504/488 495/498/483 496/499/484
s 41
f 506/506/490 503/507/491 504/508/491
f 504/508/491 505/509/492 506/506/490
f 508/510/493 506/506/490 505/509/492
f 505/509/492 507/511/494 508/510/493
f 510/512/495 508/510/493 507/511/494
f 507/511/494 509/513/496 510/512/495
f 514/514/497 511/515/498 512/516/499
f 512/516/499 513/517/500 514/514/497
f 516/518/501 514/514/497 513/517/500
f 513/517/500 515/519/501 516/518/501
s 42
f 520/520/502 517/521/503 518/522/503
f 518/522/503 519/523/504 520/520/502
f 522/524/505 520/520/502 519/523/504
f 519/523/504 521/525/506 522/524/505
f 524/526/507 522/524/505 521/525/506
f 521/525/506 523/527/508 524/526/507
f 528/528/509 525/529/510 526/530/511
f 526/530/511 527/531/512 528/528/509
f 530/532/513 528/528/509 527/531/512
f 527/531/512 529/533/513 530/532/513
s 43
f 534/534/514 531/535/515 532/536/516
f 532/536/516 533/537/517 534/534/514
s 44
f 538/538/518 535/539/519 536/540/520
f 536/540/520 537/541/521 538/538/518
f 537/541/521 536/540/520 539/542/522
f 539/542/522 540/543/523 537/541/521
f 540/543/523 539/542/522 541/544/524
f 541/544/524 542/545/525 540/543/523
s 43
f 546/546/526 543/547/527 544/548/528
f 544/548/528 545/549/528 546/546/526
f 548/550/529 547/551/530 543/547/527
f 543/547/527 546/546/526 548/550/529
f 533/537/517 532/536/516 547/551/530
f 547/551/530 548/550/529 533/537/517
s 35
f 550/552/531 549/553/532 430/429/416
f 430/429/416 440/441/428 550/552/531
s 43
f 534/534/514 551/554/533 552/555/533
f 552/555/533 531/535/515 534/534/514
s 37
f 447/446/433 553/556/534 554/557/534
f 554/557/534 444/447/434 447/446/433
s 44
f 538/538/518 555/558/535 556/559/535
f 556/559/535 535/539/519 538/538/518
s 40
f 462/462/447 557/560/536 558/561/537
f 558/561/537 459/463/448 462/462/447
f 472/474/459 559/562/538 557/560/536
f 557/560/536 462/462/447 472/474/459
f 483/483/468 560/563/539 561/564/540
f 561/564/540 480/484/469 483/483/468
f 493/495/480 562/565/541 560/563/539
f 560/563/539 483/483/468 493/495/480
f 493/495/480 563/566/542 564/567/543
f 564/567/543 562/565/541 493/495/480
s 35
f 566/568/544 565/569/545 401/404/391
f 401/404/391 404/403/390 566/568/544
f 414/415/402 567/570/546 566/568/544
f 566/568/544 404/403/390 414/415/402
f 419/420/407 568/571/547 567/570/546
f 567/570/546 414/415/402 419/420/407
f 430/429/416 549/553/532 569/572/548
f 569/572/548 427/430/417 430/429/416
s 45
f 573/573/549 570/574/550 571/575/551
f 571/575/551 572/576/552 573/573/549
s 46
f 577/577/553 574/578/554 575/579/555
f 575/579/555 576/580/556 577/577/553
f 579/581/557 578/582/558 574/578/554
f 574/578/554 577/577/553 579/581/557
f 583/583/559 580/584/560 581/585/561
f 581/585/561 582/586/562 583/583/559
f 585/587/563 584/588/564 580/584/560
f 580/584/560 583/583/559 585/587/563
f 585/587/563 586/589/565 587/590/566
f 587/590/566 584/588/564 585/587/563
s 47
f 591/591/567 588/592/568 589/593/568
f 589/593/568 590/594/569 591/591/567
f 593/595/570 592/596/571 591/591/567
f 591/591/567 590/594/569 593/595/570
s 48
f 593/595/572 594/597/573 595/598/574
s 45
f 571/575/551 570/574/550 596/599/575
f 596/599/575 597/600/576 571/575/551
s 35
f 433/435/422 421/423/410 422/424/411
f 422/424/411 435/437/424 433/435/422
f 431/433/420 420/422/409 421/423/410
f 421/423/410 433/435/422 431/433/420
f 428/431/418 418/421/408 420/422/409
f 420/422/409 431/433/420 428/431/418
f 427/430/417 419/420/407 418/421/408
f 418/421/408 428/431/418 427/430/417
f 427/430/417 569/572/548 568/571/547
f 568/571/547 419/420/407 427/430/417
s 42
f 525/529/510 524/526/507 523/527/508
f 523/527/508 526/530/511 525/529/510
s 39
f 476/480/465 470/472/457 469/473/458
f 469/473/458 477/481/466 476/480/465
s 40
f 472/474/459 480/484/469 561/564/540
f 561/564/540 559/562/538 472/474/459
f 480/484/469 472/474/459 471/475/460
f 471/475/460 481/485/470 480/484/469
f 481/485/470 471/475/460 473/476/461
f 473/476/461 484/487/472 481/485/470
f 484/487/472 473/476/461 474/477/462
f 474/477/462 486/489/474 484/487/472
f 486/489/474 474/477/462 475/478/463
f 475/478/463 488/491/476 486/489/474
s 46
f 579/581/557 582/586/562 581/585/561
f 581/585/561 578/582/558 579/581/557
s 41
f 511/515/498 510/512/495 509/513/496
f 509/513/496 512/516/499 511/515/498
s 45
f 597/600/576 596/599/575 595/598/577
s 40
f 500/503/487 563/566/542 493/495/480
f 493/495/480 492/496/481 500/503/487
s 49
f 601/601/578 598/602/579 599/603/580
f 599/603/580 600/604/581 601/601/578
f 605/605/582 602/606/583 603/607/584
f 603/607/584 604/608/585 605/605/582
f 604/608/585 603/607/584 606/609/586
f 606/609/586 607/610/587 604/608/585
f 607/610/587 606/609/586 608/611/588
f 608/611/588 609/612/589 607/610/587
f 609/612/589 608/611/588 610/613/590
f 610/613/590 611/614/591 609/612/589
f 613/615/592 601/601/578 600/604/581
f 600/604/581 612/616/593 613/615/592
f 615/617/594 605/605/582 604/608/585
f 604/608/585 614/618/595 615/617/594
f 614/618/595 604/608/585 607/610/587
f 607/610/587 616/619/596 614/618/595
f 616/619/596 607/610/587 609/612/589
f 609/612/589 617/620/597 616/619/596
f 617/620/597 609/612/589 611/614/591
f 611/614/591 618/621/598 617/620/597
f 620/622/599 613/615/592 612/616/593
f 612/616/593 619/623/600 620/622/599
f 622/624/601 615/617/594 614/618/595
f 614/618/595 621/625/602 622/624/601
f 621/625/602 614/618/595 616/619/596
f 616/619/596 623/626/603 621/625/602
f 623/626/603 616/619/596 617/620/597
f 617/620/597 624/627/604 623/626/603
f 624/627/604 617/620/597 618/621/598
f 618/621/598 625/628/605 624/627/604
f 629/629/606 626/630/607 627/631/608
f 627/631/608 628/632/609 629/629/606
f 633/633/610 630/634/611 631/635/612
f 631/635/612 632/636/613 633/633/610
f 632/636/613 631/635/612 634/637/614
f 634/637/614 635/638/615 632/636/613
f 635/638/615 634/637/614 636/639/616
f 636/639/616 637/640/617 635/638/615
f 637/640/617 636/639/616 638/641/618
f 638/641/618 639/642/619 637/640/617
f 641/643/620 629/629/606 628/632/609
f 628/632/609 640/644/621 641/643/620
f 643/645/622 633/633/610 632/636/613
f 632/636/613 642/646/623 643/645/622
f 642/646/623 632/636/613 635/638/615
f 635/638/615 644/647/624 642/646/623
f 644/647/624 635/638/615 637/640/617
f 637/640/617 645/648/625 644/647/624
f 645/648/625 637/640/617 639/642/619
f 639/642/619 646/649/626 645/648/625
s 50
f 647/650/627 648/651/628 649/652/629
f 649/652/629 650/653/630 647/650/627
f 650/653/630 649/652/629 651/654/631
f 651/654/631 652/655/632 650/653/630
f 652/655/632 651/654/631 653/656/633
f 653/656/633 654/657/633 652/655/632
s 51
f 658/658/634 655/659/635 656/660/636
f 656/660/636 657/661/637 658/658/634
s 52
f 662/662/638 659/663/639 660/664/640
f 660/664/640 661/665/641 662/662/638
f 661/665/641 660/664/640 663/666/642
f 663/666/642 664/667/643 661/665/641
f 664/667/643 663/666/642 665/668/644
f 665/668/644 666/669/645 664/667/643
f 666/669/645 665/668/644 667/670/646
f 667/670/646 668/671/647 666/669/645
s 51
f 669/672/648 658/658/634 657/661/637
s 52
f 671/673/649 662/662/638 661/665/641
f 661/665/641 670/674/650 671/673/649
f 670/674/650 661/665/641 664/667/643
f 664/667/643 672/675/651 670/674/650
f 672/675/651 664/667/643 666/669/645
f 666/669/645 673/676/652 672/675/651
f 673/676/652 666/669/645 668/671/647
f 668/671/647 674/677/653 673/676/652
f 682/678/654 679/679/655 680/680/656
f 680/680/656 681/681/657 682/678/654
f 681/681/657 680/680/656 683/682/658
f 683/682/658 684/683/659 681/681/657
f 684/683/659 683/682/658 685/684/660
f 685/684/660 686/685/661 684/683/659
f 686/685/661 685/684/660 687/686/662
f 687/686/662 688/687/663 686/685/661
s 53
f 690/688/664 678/689/665 677/690/666
f 677/690/666 689/691/667 690/688/664
s 52
f 692/692/668 682/678/654 681/681/657
f 681/681/657 691/693/669 692/692/668
f 691/693/669 681/681/657 684/683/659
f 684/683/659 693/694/670 691/693/669
f 693/694/670 684/683/659 686/685/661
f 686/685/661 694/695/671 693/694/670
f 694/695/671 686/685/661 688/687/663
f 688/687/663 695/696/672 694/695/671
s 53
f 689/691/667 696/697/673 697/698/674
f 697/698/674 690/688/664 689/691/667
s 52
f 693/694/670 698/699/675 699/700/676
f 699/700/676 691/693/669 693/694/670
f 694/695/671 700/701/677 698/699/675
f 698/699/675 693/694/670 694/695/671
f 695/696/672 701/702/678 700/701/677
f 700/701/677 694/695/671 695/696/672
f 705/703/679 702/704/680 703/705/680
f 703/705/680 704/706/681 705/703/679
f 707/707/682 705/703/679 704/706/681
f 704/706/681 706/708/683 707/707/682
f 709/709/684 707/707/682 706/708/683
f 706/708/683 708/710/685 709/709/684
f 713/711/686 710/712/687 711/713/688
f 711/713/688 712/714/689 713/711/686
f 715/715/690 713/711/686 712/714/689
f 712/714/689 714/716/690 715/715/690
s 54
f 719/717/691 716/718/692 717/719/692
f 717/719/692 718/720/693 719/717/691
f 678/689/694 719/717/691 718/720/693
f 718/720/693 720/721/695 678/689/694
f 675/722/696 678/689/694 720/721/695
f 720/721/695 721/723/697 675/722/696
f 725/724/698 722/725/699 723/726/700
f 723/726/700 724/727/701 725/724/698
s 55
f 729/728/702 726/729/703 727/730/704
f 727/730/704 728/731/705 729/728/702
s 56
f 733/732/706 730/733/707 731/734/708
f 731/734/708 732/735/709 733/732/706
f 732/735/709 731/734/708 734/736/710
f 734/736/710 735/737/711 732/735/709
f 735/737/711 734/736/710 736/738/712
f 736/738/712 737/739/713 735/737/711
f 737/739/713 736/738/712 738/740/714
f 738/740/714 739/741/714 737/739/713
s 55
f 743/742/715 740/743/716 741/744/717
f 741/744/717 742/745/717 743/742/715
f 745/746/718 744/747/719 740/743/716
f 740/743/716 743/742/715 745/746/718
f 728/731/705 727/730/704 744/747/719
f 744/747/719 745/746/718 728/731/705
s 49
f 747/748/720 746/749/721 633/633/610
f 633/633/610 643/645/622 747/748/720
s 55
f 729/728/702 748/750/722 749/751/722
f 749/751/722 726/729/703 729/728/702
s 56
f 733/732/706 750/752/723 751/753/723
f 751/753/723 730/733/707 733/732/706
s 52
f 662/662/638 752/754/724 753/755/725
f 753/755/725 659/663/639 662/662/638
f 671/673/649 754/756/726 752/754/724
f 752/754/724 662/662/638 671/673/649
f 682/678/654 677/690/727 676/757/728
f 676/757/728 679/679/655 682/678/654
f 692/692/668 755/758/729 677/690/727
f 677/690/727 682/678/654 692/692/668
f 692/692/668 756/759/730 757/760/731
f 757/760/731 755/758/729 692/692/668
s 49
f 759/761/732 758/762/733 602/606/583
f 602/606/583 605/605/582 759/761/732
f 615/617/594 612/616/593 759/761/732
f 759/761/732 605/605/582 615/617/594
f 622/624/601 619/623/600 612/616/593
f 612/616/593 615/617/594 622/624/601
f 633/633/610 746/749/721 760/763/734
f 760/763/734 630/634/611 633/633/610
f 764/764/735 761/765/736 762/766/737
f 762/766/737 763/767/735 764/764/735
s 52
f 768/768/738 765/769/739 766/770/740
f 766/770/740 767/771/740 768/768/738
f 770/772/741 769/773/742 765/769/739
f 765/769/739 768/768/738 770/772/741
f 706/708/683 688/687/663 687/686/662
f 687/686/662 708/710/685 706/708/683
f 772/774/743 771/775/744 688/687/663
f 688/687/663 706/708/683 772/774/743
f 772/774/743 773/776/745 774/777/745
f 774/777/745 771/775/744 772/774/743
s 49
f 778/778/746 775/779/747 776/780/748
f 776/780/748 777/781/749 778/778/746
f 779/782/750 618/621/598 778/778/746
f 778/778/746 777/781/749 779/782/750
f 779/782/750 780/783/751 625/628/605
f 625/628/605 618/621/598 779/782/750
f 762/766/737 761/765/736 781/784/752
f 781/784/752 782/785/753 762/766/737
f 636/639/616 624/627/604 625/628/605
f 625/628/605 638/641/618 636/639/616
f 634/637/614 623/626/603 624/627/604
f 624/627/604 636/639/616 634/637/614
f 631/635/612 621/625/602 623/626/603
f 623/626/603 634/637/614 631/635/612
f 630/634/611 622/624/601 621/625/602
f 621/625/602 631/635/612 630/634/611
f 630/634/611 760/763/734 619/623/600
f 619/623/600 622/624/601 630/634/611
f 626/630/607 620/622/599 619/623/600
f 619/623/600 627/631/608 626/630/607
s 54
f 722/725/699 675/722/696 721/723/697
f 721/723/697 723/726/700 722/725/699
s 52
f 671/673/649 679/679/655 676/757/728
f 676/757/728 754/756/726 671/673/649
f 679/679/655 671/673/649 670/674/650
f 670/674/650 680/680/656 679/679/655
f 680/680/656 670/674/650 672/675/651
f 672/675/651 683/682/658 680/680/656
f 683/682/658 672/675/651 673/676/652
f 673/676/652 685/684/660 683/682/658
f 685/684/660 673/676/652 674/677/653
f 674/677/653 687/686/662 685/684/660
f 770/772/741 708/710/685 687/686/662
f 687/686/662 769/773/742 770/772/741
f 710/712/687 709/709/684 708/710/685
f 708/710/685 711/713/688 710/712/687
s 49
f 782/785/753 781/784/752 625/628/605
f 625/628/605 780/783/751 782/785/753
s 52
f 699/700/676 756/759/730 692/692/668
f 692/692/668 691/693/669 699/700/676
s 57
f 786/786/754 783/787/755 784/788/756
f 784/788/756 785/789/757 786/786/754
f 788/790/758 787/791/759 783/787/755
f 783/787/755 786/786/754 788/790/758
f 790/792/760 789/793/761 787/791/759
f 787/791/759 788/790/758 790/792/760
f 792/794/762 791/795/763 789/793/761
f 789/793/761 790/792/760 792/794/762
f 794/796/764 793/797/765 791/795/763
f 791/795/763 792/794/762 794/796/764
f 796/798/766 795/799/767 793/797/765
f 793/797/765 794/796/764 796/798/766
f 798/800/768 797/801/769 795/799/767
f 795/799/767 796/798/766 798/800/768
s 58
f 802/802/770 799/803/771 800/804/772
f 800/804/772 801/805/773 802/802/770
f 804/806/774 803/807/775 799/803/771
f 799/803/771 802/802/770 804/806/774
f 806/808/776 805/809/777 803/807/775
f 803/807/775 804/806/774 806/808/776
f 808/810/778 807/811/779 805/809/777
f 805/809/777 806/808/776 808/810/778
f 810/812/780 809/813/781 807/811/779
f 807/811/779 808/810/778 810/812/780
f 812/814/782 811/815/783 809/813/781
f 809/813/781 810/812/780 812/814/782
f 814/816/784 813/817/785 811/815/783
f 811/815/783 812/814/782 814/816/784
f 816/818/786 815/819/787 813/817/785
f 813/817/785 814/816/784 816/818/786
f 818/820/788 817/821/789 815/819/787
f 815/819/787 816/818/786 818/820/788
f 820/822/790 819/823/791 817/821/789
f 817/821/789 818/820/788 820/822/790
s 57
f 824/824/792 821/825/793 822/826/794
f 822/826/794 823/827/795 824/824/792
f 826/828/796 825/829/797 821/825/793
f 821/825/793 824/824/792 826/828/796
f 785/789/757 784/788/756 825/829/797
f 825/829/797 826/828/796 785/789/757
f 830/830/798 827/831/799 828/832/800
f 828/832/800 829/833/801 830/830/798
f 832/834/802 831/835/803 827/831/799
f 827/831/799 830/830/798 832/834/802
f 834/836/804 833/837/805 831/835/803
f 831/835/803 832/834/802 834/836/804
f 836/838/806 835/839/807 833/837/805
f 833/837/805 834/836/804 836/838/806
f 838/840/808 837/841/809 835/839/807
f 835/839/807 836/838/806 838/840/808
f 840/842/810 839/843/811 837/841/809
f 837/841/809 838/840/808 840/842/810
f 842/844/812 841/845/813 839/843/811
f 839/843/811 840/842/810 842/844/812
s 58
f 846/846/814 843/847/815 844/848/816
f 844/848/816 845/849/817 846/846/814
f 848/850/818 847/851/819 843/847/815
f 843/847/815 846/846/814 848/850/818
f 850/852/820 849/853/821 847/851/819
f 847/851/819 848/850/818 850/852/820
f 852/854/822 851/855/823 849/853/821
f 849/853/821 850/852/820 852/854/822
f 854/856/824 853/857/825 851/855/823
f 851/855/823 852/854/822 854/856/824
f 856/858/826 855/859/827 853/857/825
f 853/857/825 854/856/824 856/858/826
f 858/860/828 857/861/829 855/859/827
f 855/859/827 856/858/826 858/860/828
f 860/862/830 859/863/831 857/861/829
f 857/861/829 858/860/828 860/862/830
f 862/864/832 861/865/833 859/863/831
f 859/863/831 860/862/830 862/864/832
f 864/866/834 863/867/835 861/865/833
f 861/865/833 862/864/832 864/866/834
s 57
f 868/868/836 865/869/837 866/870/838
f 866/870/838 867/871/839 868/868/836
f 870/872/840 869/873/841 865/869/837
f 865/869/837 868/868/836 870/872/840
f 829/833/801 828/832/800 869/873/841
f 869/873/841 870/872/840 829/833/801
f 827/831/799 786/786/754 785/789/757
f 785/789/757 828/832/800 827/831/799
f 831/835/803 788/790/758 786/786/754
f 786/786/754 827/831/799 831/835/803
f 833/837/805 790/792/760 788/790/758
f 788/790/758 831/835/803 833/837/805
f 835/839/807 792/794/762 790/792/760
f 790/792/760 833/837/805 835/839/807
f 837/841/809 794/796/764 792/794/762
f 792/794/762 835/839/807 837/841/809
f 839/843/811 796/798/766 794/796/764
f 794/796/764 837/841/809 839/843/811
f 841/845/813 798/800/768 796/798/766
f 796/798/766 839/843/811 841/845/813
s 58
f 843/847/815 802/802/770 801/805/773
f 801/805/773 844/848/816 843/847/815
f 847/851/819 804/806/774 802/802/770
f 802/802/770 843/847/815 847/851/819
f 849/853/821 806/808/776 804/806/774
f 804/806/774 847/851/819 849/853/821
f 851/855/823 808/810/778 806/808/776
f 806/808/776 849/853/821 851/855/823
f 853/857/825 810/812/780 808/810/778
f 808/810/778 851/855/823 853/857/825
f 855/859/827 812/814/782 810/812/780
f 810/812/780 853/857/825 855/859/827
f 857/861/829 814/816/784 812/814/782
f 812/814/782 855/859/827 857/861/829
f 859/863/831 816/818/786 814/816/784
f 814/816/784 857/861/829 859/863/831
f 861/865/833 818/820/788 816/818/786
f 816/818/786 859/863/831 861/865/833
f 863/867/835 820/822/790 818/820/788
f 818/820/788 861/865/833 863/867/835
s 57
f 865/869/837 824/824/792 823/827/795
f 823/827/795 866/870/838 865/869/837
f 869/873/841 826/828/796 824/824/792
f 824/824/792 865/869/837 869/873/841
f 828/832/800 785/789/757 826/828/796
f 826/828/796 869/873/841 828/832/800
f 874/874/842 871/875/843 872/876/844
f 872/876/844 873/877/845 874/874/842
f 876/878/846 872/876/844 871/875/843
f 871/875/843 875/879/847 876/878/846
f 878/880/848 876/878/846 875/879/847
f 875/879/847 877/881/849 878/880/848
f 880/882/850 878/880/848 877/881/849
f 877/881/849 879/883/851 880/882/850
f 882/884/852 880/882/850 879/883/851
f 879/883/851 881/885/853 882/884/852
f 884/886/854 882/884/852 881/885/853
f 881/885/853 883/887/855 884/886/854
f 886/888/856 884/886/854 883/887/855
f 883/887/855 885/889/857 886/888/856
f 888/890/858 886/888/856 885/889/857
f 885/889/857 887/891/859 888/890/858
s 58
f 892/892/860 889/893/861 890/894/862
f 890/894/862 891/895/863 892/892/860
f 894/896/864 892/892/860 891/895/863
f 891/895/863 893/897/865 894/896/864
f 896/898/866 894/896/864 893/897/865
f 893/897/865 895/899/867 896/898/866
f 898/900/868 896/898/866 895/899/867
f 895/899/867 897/901/869 898/900/868
f 900/902/870 898/900/868 897/901/869
f 897/901/869 899/903/871 900/902/870
f 902/904/872 900/902/870 899/903/871
f 899/903/871 901/905/873 902/904/872
f 904/906/874 902/904/872 901/905/873
f 901/905/873 903/907/875 904/906/874
f 906/908/876 904/906/874 903/907/875
f 903/907/875 905/909/877 906/908/876
f 908/910/878 906/908/876 905/909/877
f 905/909/877 907/911/879 908/910/878
f 910/912/880 908/910/878 907/911/879
f 907/911/879 909/913/881 910/912/880
s 57
f 914/914/882 911/915/883 912/916/881
f 912/916/881 913/917/884 914/914/882
f 873/877/845 914/914/882 913/917/884
f 913/917/884 874/874/842 873/877/845
f 871/875/843 784/788/756 783/787/755
f 783/787/755 875/879/847 871/875/843
f 875/879/847 783/787/755 787/791/759
f 787/791/759 877/881/849 875/879/847
f 877/881/849 787/791/759 789/793/761
f 789/793/761 879/883/851 877/881/849
f 879/883/851 789/793/761 791/795/763
f 791/795/763 881/885/853 879/883/851
f 881/885/853 791/795/763 793/797/765
f 793/797/765 883/887/855 881/885/853
f 883/887/855 793/797/765 795/799/767
f 795/799/767 885/889/857 883/887/855
f 885/889/857 795/799/767 797/801/769
f 797/801/769 887/891/859 885/889/857
s 58
f 890/894/862 800/804/772 799/803/771
f 799/803/771 891/895/863 890/894/862
f 891/895/863 799/803/771 803/807/775
f 803/807/775 893/897/865 891/895/863
f 893/897/865 803/807/775 805/809/777
f 805/809/777 895/899/867 893/897/865
f 895/899/867 805/809/777 807/811/779
f 807/811/779 897/901/869 895/899/867
f 897/901/869 807/811/779 809/813/781
f 809/813/781 899/903/871 897/901/869
f 899/903/871 809/813/781 811/815/783
f 811/815/783 901/905/873 899/903/871
f 901/905/873 811/815/783 813/817/785
f 813/817/785 903/907/875 901/905/873
f 903/907/875 813/817/785 815/819/787
f 815/819/787 905/909/877 903/907/875
f 905/909/877 815/819/787 817/821/789
f 817/821/789 907/911/879 905/909/877
f 907/911/879 817/821/789 819/823/791
f 819/823/791 909/913/881 907/911/879
s 57
f 912/916/881 822/826/794 821/825/793
f 821/825/793 913/917/884 912/916/881
f 913/917/884 821/825/793 825/829/797
f 825/829/797 874/874/842 913/917/884
f 874/874/842 825/829/797 784/788/756
f 784/788/756 871/875/843 874/874/842
s 59
f 918/918/885 915/919/886 916/920/887
f 916/920/887 917/921/886 918/918/885
f 922/922/886 919/923/886 920/924/888
f 920/924/888 921/925/885 922/922/886
f 917/921/886 916/920/887 919/923/886
f 919/923/886 922/922/886 917/921/886
f 921/925/885 920/924/888 923/926/886
f 923/926/886 924/927/886 921/925/885
f 928/928/886 925/929/886 926/930/886
f 926/930/886 927/931/886 928/928/886
f 925/929/886 929/932/886 930/933/886
f 930/933/886 926/930/886 925/929/886
f 929/932/886 931/934/886 932/935/886
f 932/935/886 930/933/886 929/932/886
f 934/936/886 933/937/886 932/935/886
f 932/935/886 931/934/886 934/936/886
f 936/938/886 927/931/886 926/930/886
f 926/930/886 935/939/887 936/938/886
f 935/939/887 926/930/886 930/933/886
f 930/933/886 937/940/886 935/939/887
f 937/940/886 930/933/886 932/935/886
f 932/935/886 938/941/888 937/940/886
f 933/937/886 939/942/886 938/941/888
f 938/941/888 932/935/886 933/937/886
f 941/943/886 936/938/886 935/939/887
f 935/939/887 940/944/887 941/943/886
f 940/944/887 935/939/887 937/940/886
f 937/940/886 942/945/886 940/944/887
f 942/945/886 937/940/886 938/941/888
f 938/941/888 943/946/888 942/945/886
f 939/942/886 944/947/886 943/946/888
f 943/946/888 938/941/888 939/942/886
f 946/948/886 941/943/886 940/944/887
f 940/944/887 945/949/887 946/948/886
f 945/949/887 940/944/887 942/945/886
f 942/945/886 947/950/886 945/949/887
f 947/950/886 942/945/886 943/946/888
f 943/946/888 948/951/888 947/950/886
f 944/947/886 949/952/886 948/951/888
f 948/951/888 943/946/888 944/947/886
f 915/919/886 946/948/886 945/949/887
f 945/949/887 916/920/887 915/919/886
f 916/920/887 945/949/887 947/950/886
f 947/950/886 919/923/886 916/920/887
f 919/923/886 947/950/886 948/951/888
f 948/951/888 920/924/888 919/923/886
f 948/951/888 949/952/886 923/926/886
f 923/926/886 920/924/888 948/951/888
